replicate	universe	detection_yr	orbit_yr	char_yr	total_yr
0	0	3.135975	0.547122	2.780636	6.463733
0	1	3.135975	0.617066	3.474655	7.227696
0	2	3.135975	0.673788	4.037472	7.847235
0	3	3.135975	0.512348	2.806329	6.454652
0	4	3.135975	0.673788	4.037472	7.847235
0	5	3.135975	0.533003	2.640540	6.309518
0	6	3.135975	0.617066	3.474655	7.227696
0	7	3.135975	0.673788	4.037472	7.847235
0	8	3.135975	0.561288	2.921198	6.618462
0	9	3.135975	0.498457	2.827387	6.461818
0	10	3.135975	0.604360	3.348579	7.088914
0	11	3.135975	0.588320	3.242381	6.966676
0	12	3.135975	0.494655	2.260031	5.890661
0	13	3.135975	0.625332	3.556671	7.317978
0	14	3.135975	0.617066	3.474655	7.227696
0	15	3.135975	0.533037	2.640872	6.309883
0	16	3.135975	0.604360	3.348579	7.088914
0	17	3.135975	0.641152	3.713641	7.490768
0	18	3.135975	0.556914	2.877796	6.570685
0	19	3.135975	0.670587	4.005711	7.812272
0	20	3.135975	0.641152	3.713641	7.490768
0	21	3.135975	0.504052	2.353265	5.993291
0	22	3.135975	0.516441	2.476199	6.128614
0	23	3.135975	0.580171	3.108563	6.824709
0	24	3.135975	0.496084	2.274205	5.906263
0	25	3.135975	0.473985	2.054934	5.664894
0	26	3.135975	0.601080	3.316031	7.053086
0	27	3.135975	0.615011	3.454259	7.205245
0	28	3.135975	0.504052	2.353265	5.993291
0	29	3.135975	0.533003	2.640540	6.309518
0	30	3.135975	0.547969	2.789038	6.472982
0	31	3.135975	0.514454	2.456484	6.106913
0	32	3.135975	0.493962	2.253149	5.883086
0	33	3.135975	0.625332	3.556671	7.317978
0	34	3.135975	0.530962	2.620280	6.287216
0	35	3.135975	0.595791	3.263552	6.995318
0	36	3.135975	0.533037	2.640872	6.309883
0	37	3.135975	0.625332	3.556671	7.317978
0	38	3.135975	0.615378	3.669758	7.421111
0	39	3.135975	0.535682	2.667120	6.338777
0	40	3.135975	0.651054	3.811902	7.598931
0	41	3.135975	0.458044	2.426395	6.020414
0	42	3.135975	0.526761	2.578597	6.241332
0	43	3.135975	0.473653	2.051633	5.661261
0	44	3.135975	0.581549	3.122234	6.839757
0	45	3.135975	0.673788	4.037472	7.847235
0	46	3.135975	0.490486	2.218659	5.845119
0	47	3.135975	0.561288	2.921198	6.618462
0	48	3.135975	0.484891	2.163142	5.784008
0	49	3.135975	0.547969	2.789038	6.472982
0	50	3.135975	0.671495	4.067687	7.875157
0	51	3.135975	0.534090	2.651320	6.321385
0	52	3.135975	0.556568	2.874359	6.566902
0	53	3.135975	0.506109	2.373685	6.015769
0	54	3.135975	0.653793	3.839070	7.628838
0	55	3.135975	0.636905	3.671500	7.444379
0	56	3.135975	0.477287	2.670296	6.283558
0	57	3.135975	0.525783	2.568895	6.230652
0	58	3.135975	0.533003	2.640540	6.309518
0	59	3.135975	0.481550	2.765558	6.383083
0	60	3.135975	0.553369	2.842615	6.531959
0	61	3.135975	0.615011	3.454259	7.205245
0	62	3.135975	0.530962	2.620280	6.287216
0	63	3.135975	0.708314	4.380059	8.224348
0	64	3.135975	0.558597	2.894495	6.589067
0	65	3.135975	0.525783	2.568895	6.230652
0	66	3.135975	0.530962	2.620280	6.287216
0	67	3.135975	0.636905	3.671500	7.444379
0	68	3.135975	0.539817	3.078898	6.754690
0	69	3.135975	0.484891	2.163142	5.784008
0	70	3.135975	0.604360	3.348579	7.088914
0	71	3.135975	0.516441	2.476199	6.128614
0	72	3.135975	0.526761	2.578597	6.241332
0	73	3.135975	0.493962	2.253149	5.883086
0	74	3.135975	0.607771	3.382423	7.126170
0	75	3.135975	0.515813	2.469969	6.121757
0	76	3.135975	0.547122	2.780636	6.463733
0	77	3.135975	0.506109	2.373685	6.015769
0	78	3.135975	0.600201	3.307304	7.043479
0	79	3.135975	0.525783	2.568895	6.230652
0	80	3.135975	0.506109	2.373685	6.015769
0	81	3.135975	0.496084	2.274205	5.906263
0	82	3.135975	0.559646	2.904904	6.600525
0	83	3.135975	0.621076	3.514445	7.271496
0	84	3.135975	0.621076	3.514445	7.271496
0	85	3.135975	0.615782	3.461910	7.213667
0	86	3.135975	0.587409	3.180376	6.903760
0	87	3.135975	0.601080	3.316031	7.053086
0	88	3.135975	0.490486	2.218659	5.845119
0	89	3.135975	0.552083	3.041710	6.729767
0	90	3.135975	0.473653	2.051633	5.661261
0	91	3.135975	0.535682	2.667120	6.338777
0	92	3.135975	0.484891	2.163142	5.784008
0	93	3.135975	0.518184	2.493492	6.147650
0	94	3.135975	0.473985	2.054934	5.664894
0	95	3.135975	0.487994	2.193936	5.817905
0	96	3.135975	0.615011	3.454259	7.205245
0	97	3.135975	0.557618	2.884779	6.578372
0	98	3.135975	0.561288	2.921198	6.618462
0	99	3.135975	0.548885	2.798125	6.482985
1	0	3.128663	0.614892	3.611973	7.355529
1	1	3.128663	0.679886	4.097985	7.906534
1	2	3.128663	0.665841	3.958619	7.753123
1	3	3.128663	0.537127	2.681455	6.347245
1	4	3.128663	0.604365	3.348623	7.081651
1	5	3.128663	0.504378	2.356509	5.989551
1	6	3.128663	0.513019	3.024844	6.666526
1	7	3.128663	0.519882	2.510341	6.158886
1	8	3.128663	0.553193	2.840869	6.522725
1	9	3.128663	0.430007	1.618563	5.177234
1	10	3.128663	0.580397	3.110800	6.819860
1	11	3.128663	0.528656	2.597406	6.254726
1	12	3.128663	0.477481	2.089614	5.695758
1	13	3.128663	0.535129	2.661628	6.325420
1	14	3.128663	0.504378	2.356509	5.989551
1	15	3.128663	0.630467	3.925402	7.684532
1	16	3.128663	0.585290	3.159354	6.873308
1	17	3.128663	0.558204	2.890597	6.577465
1	18	3.128663	0.559346	2.901928	6.589938
1	19	3.128663	0.561181	3.343839	7.033683
1	20	3.128663	0.588654	3.192734	6.910051
1	21	3.128663	0.644613	3.747982	7.521258
1	22	3.128663	0.465121	1.966976	5.560760
1	23	3.128663	0.581333	3.120086	6.830082
1	24	3.128663	0.665841	3.958619	7.753123
1	25	3.128663	0.501356	2.326515	5.956534
1	26	3.128663	0.501356	2.326515	5.956534
1	27	3.128663	0.581690	3.123628	6.833981
1	28	3.128663	0.679886	4.097985	7.906534
1	29	3.128663	0.483732	2.151644	5.764040
1	30	3.128663	0.521222	2.523642	6.173528
1	31	3.128663	0.484348	2.157753	5.770764
1	32	3.128663	0.566101	2.968950	6.663714
1	33	3.128663	0.585290	3.159354	6.873308
1	34	3.128663	0.658232	3.883121	7.670017
1	35	3.128663	0.582738	3.134035	6.845436
1	36	3.128663	0.589174	3.197889	6.915726
1	37	3.128663	0.507452	2.387011	6.023127
1	38	3.128663	0.494001	2.253540	5.876204
1	39	3.128663	0.527980	2.590691	6.247334
1	40	3.128663	0.628699	3.590084	7.347447
1	41	3.128663	0.504505	2.357760	5.990928
1	42	3.128663	0.589174	3.197889	6.915726
1	43	3.128663	0.591820	3.224150	6.944634
1	44	3.128663	0.585290	3.159354	6.873308
1	45	3.128663	0.584659	3.153096	6.866418
1	46	3.128663	0.606359	3.368414	7.103436
1	47	3.128663	0.570901	3.016574	6.716138
1	48	3.128663	0.606359	3.368414	7.103436
1	49	3.128663	0.586465	3.171011	6.886139
1	50	3.128663	0.447881	1.795913	5.372457
1	51	3.128663	0.659978	3.900446	7.689087
1	52	3.128663	0.562327	2.931499	6.622489
1	53	3.128663	0.614892	3.611973	7.355529
1	54	3.128663	0.609946	3.404003	7.142612
1	55	3.128663	0.523667	2.547898	6.200228
1	56	3.128663	0.504378	2.356509	5.989551
1	57	3.128663	0.494001	2.253540	5.876204
1	58	3.128663	0.597229	3.277814	7.003706
1	59	3.128663	0.465121	1.966976	5.560760
1	60	3.128663	0.659978	3.900446	7.689087
1	61	3.128663	0.537127	2.681455	6.347245
1	62	3.128663	0.614892	3.611973	7.355529
1	63	3.128663	0.555628	2.865037	6.549328
1	64	3.128663	0.562327	2.931499	6.622489
1	65	3.128663	0.581322	3.119985	6.829970
1	66	3.128663	0.611493	3.419349	7.159505
1	67	3.128663	0.638717	3.689485	7.456866
1	68	3.128663	0.540458	2.714508	6.383629
1	69	3.128663	0.504505	2.357760	5.990928
1	70	3.128663	0.536146	3.148399	6.813209
1	71	3.128663	0.658232	3.883121	7.670017
1	72	3.128663	0.610632	3.463774	7.203070
1	73	3.128663	0.504505	2.357760	5.990928
1	74	3.128663	0.620670	3.669306	7.418640
1	75	3.128663	0.626031	3.563604	7.318298
1	76	3.128663	0.584659	3.153096	6.866418
1	77	3.128663	0.507452	2.387011	6.023127
1	78	3.128663	0.581690	3.123628	6.833981
1	79	3.128663	0.610632	3.463774	7.203070
1	80	3.128663	0.558204	2.890597	6.577465
1	81	3.128663	0.644925	3.751080	7.524668
1	82	3.128663	0.477481	2.089614	5.695758
1	83	3.128663	0.606359	3.368414	7.103436
1	84	3.128663	0.447881	1.795913	5.372457
1	85	3.128663	0.540458	2.714508	6.383629
1	86	3.128663	0.626031	3.563604	7.318298
1	87	3.128663	0.558204	2.890597	6.577465
1	88	3.128663	0.581690	3.123628	6.833981
1	89	3.128663	0.568502	2.992775	6.689940
1	90	3.128663	0.585465	3.161088	6.875216
1	91	3.128663	0.484348	2.157753	5.770764
1	92	3.128663	0.644925	3.751080	7.524668
1	93	3.128663	0.595738	3.263024	6.987425
1	94	3.128663	0.626031	3.563604	7.318298
1	95	3.128663	0.504505	2.357760	5.990928
1	96	3.128663	0.523667	2.547898	6.200228
1	97	3.128663	0.576066	3.067825	6.772554
1	98	3.128663	0.483732	2.151644	5.764040
1	99	3.128663	0.521222	2.523642	6.173528
2	0	3.174789	0.498146	2.771345	6.444281
2	1	3.174789	0.517969	2.491363	6.184121
2	2	3.174789	0.490746	2.221241	5.886776
2	3	3.174789	0.557592	2.884518	6.616899
2	4	3.174789	0.473128	2.046426	5.694343
2	5	3.174789	0.509057	2.402936	6.086782
2	6	3.174789	0.564749	2.955536	6.695074
2	7	3.174789	0.598342	3.288865	7.061997
2	8	3.174789	0.469368	2.009116	5.653273
2	9	3.174789	0.655504	3.856055	7.686349
2	10	3.174789	0.579798	3.104855	6.859442
2	11	3.174789	0.588838	3.194562	6.958189
2	12	3.174789	0.436835	1.686314	5.297938
2	13	3.174789	0.562596	2.934171	6.671556
2	14	3.174789	0.558107	2.889627	6.622523
2	15	3.174789	0.418259	1.501987	5.095035
2	16	3.174789	0.555563	2.864383	6.594734
2	17	3.174789	0.517384	2.485559	6.177732
2	18	3.174789	0.509325	2.405591	6.089705
2	19	3.174789	0.566445	2.972369	6.713604
2	20	3.174789	0.561661	2.924896	6.661346
2	21	3.174789	0.462676	1.942715	5.580180
2	22	3.174789	0.540121	2.711162	6.426072
2	23	3.174789	0.549897	3.072988	6.797674
2	24	3.174789	0.633293	3.635659	7.443741
2	25	3.174789	0.521824	2.529608	6.226221
2	26	3.174789	0.562596	2.934171	6.671556
2	27	3.174789	0.525753	2.568596	6.269138
2	28	3.174789	0.555563	2.864383	6.594734
2	29	3.174789	0.462676	1.942715	5.580180
2	30	3.174789	0.633293	3.635659	7.443741
2	31	3.174789	0.491252	2.226259	5.892299
2	32	3.174789	0.503405	2.346853	6.025047
2	33	3.174789	0.509325	2.405591	6.089705
2	34	3.174789	0.662358	3.924059	7.761205
2	35	3.174789	0.562596	2.934171	6.671556
2	36	3.174789	0.544647	2.756072	6.475508
2	37	3.174789	0.521507	2.526469	6.222766
2	38	3.174789	0.542855	2.738290	6.455934
2	39	3.174789	0.533028	2.640783	6.348599
2	40	3.174789	0.525408	2.565177	6.265374
2	41	3.174789	0.613257	3.436853	7.224899
2	42	3.174789	0.564749	2.955536	6.695074
2	43	3.174789	0.566445	2.972369	6.713604
2	44	3.174789	0.561435	2.922653	6.658877
2	45	3.174789	0.542292	2.732711	6.449793
2	46	3.174789	0.555563	2.864383	6.594734
2	47	3.174789	0.681983	4.118793	7.975565
2	48	3.174789	0.557592	2.884518	6.616899
2	49	3.174789	0.553854	2.847427	6.576070
2	50	3.174789	0.598342	3.288865	7.061997
2	51	3.174789	0.558107	2.889627	6.622523
2	52	3.174789	0.546928	2.778702	6.500419
2	53	3.174789	0.553854	2.847427	6.576070
2	54	3.174789	0.655504	3.856055	7.686349
2	55	3.174789	0.542292	2.732711	6.449793
2	56	3.174789	0.473128	2.046426	5.694343
2	57	3.174789	0.509057	2.402936	6.086782
2	58	3.174789	0.557023	2.878870	6.610681
2	59	3.174789	0.436835	1.686314	5.297938
2	60	3.174789	0.560627	2.914634	6.650050
2	61	3.174789	0.469368	2.009116	5.653273
2	62	3.174789	0.517969	2.491363	6.184121
2	63	3.174789	0.525408	2.565177	6.265374
2	64	3.174789	0.491252	2.226259	5.892299
2	65	3.174789	0.551464	2.823714	6.549967
2	66	3.174789	0.523216	2.702320	6.400326
2	67	3.174789	0.540121	2.711162	6.426072
2	68	3.174789	0.625727	3.560586	7.361102
2	69	3.174789	0.493583	2.249390	5.917762
2	70	3.174789	0.517969	2.491363	6.184121
2	71	3.174789	0.557592	2.884518	6.616899
2	72	3.174789	0.644853	3.909260	7.728902
2	73	3.174789	0.525753	2.568596	6.269138
2	74	3.174789	0.662623	3.926692	7.764105
2	75	3.174789	0.561661	2.924896	6.661346
2	76	3.174789	0.542634	3.000917	6.718340
2	77	3.174789	0.436835	1.686314	5.297938
2	78	3.174789	0.681983	4.118793	7.975565
2	79	3.174789	0.653478	3.994841	7.823108
2	80	3.174789	0.537409	2.684256	6.396454
2	81	3.174789	0.621133	3.515008	7.310930
2	82	3.174789	0.613257	3.436853	7.224899
2	83	3.174789	0.488598	2.199927	5.863314
2	84	3.174789	0.593723	3.243031	7.011543
2	85	3.174789	0.544002	2.749677	6.468468
2	86	3.174789	0.521507	2.526469	6.222766
2	87	3.174789	0.542292	2.732711	6.449793
2	88	3.174789	0.503405	2.346853	6.025047
2	89	3.174789	0.614175	3.551894	7.340858
2	90	3.174789	0.679472	4.093875	7.948136
2	91	3.174789	0.526045	2.889279	6.590113
2	92	3.174789	0.508726	2.399645	6.083160
2	93	3.174789	0.521507	2.526469	6.222766
2	94	3.174789	0.547410	2.783490	6.505689
2	95	3.174789	0.509057	2.402936	6.086782
2	96	3.174789	0.556326	2.871957	6.603072
2	97	3.174789	0.469368	2.009116	5.653273
2	98	3.174789	0.655504	3.856055	7.686349
2	99	3.174789	0.473128	2.046426	5.694343
3	0	3.059903	0.553243	2.841368	6.454514
3	1	3.059903	0.526976	2.580736	6.167615
3	2	3.059903	0.538965	2.699695	6.298563
3	3	3.059903	0.576632	3.073440	6.709974
3	4	3.059903	0.701509	4.312538	8.073950
3	5	3.059903	0.701509	4.312538	8.073950
3	6	3.059903	0.535388	2.664200	6.259490
3	7	3.059903	0.557529	2.883891	6.501322
3	8	3.059903	0.590537	3.423269	7.073708
3	9	3.059903	0.610145	3.405979	7.076026
3	10	3.059903	0.597757	3.283061	6.940720
3	11	3.059903	0.571920	3.026694	6.658517
3	12	3.059903	0.584197	3.148507	6.792606
3	13	3.059903	0.631686	3.619719	7.311308
3	14	3.059903	0.496841	2.281717	5.838460
3	15	3.059903	0.490069	2.214527	5.764499
3	16	3.059903	0.648004	3.940523	7.648429
3	17	3.059903	0.509532	2.407646	5.977081
3	18	3.059903	0.579968	3.106551	6.746422
3	19	3.059903	0.491278	2.226523	5.777704
3	20	3.059903	0.509532	2.407646	5.977081
3	21	3.059903	0.552578	3.205511	6.817991
3	22	3.059903	0.599503	3.300382	6.959787
3	23	3.059903	0.482191	2.136353	5.678446
3	24	3.059903	0.571920	3.026694	6.658517
3	25	3.059903	0.532952	2.640032	6.232886
3	26	3.059903	0.632208	3.624895	7.317006
3	27	3.059903	0.607137	3.376133	7.043173
3	28	3.059903	0.579968	3.106551	6.746422
3	29	3.059903	0.529469	2.605471	6.194843
3	30	3.059903	0.584037	3.146924	6.790863
3	31	3.059903	0.629044	3.593501	7.282447
3	32	3.059903	0.612330	3.533584	7.205816
3	33	3.059903	0.543917	2.748830	6.352650
3	34	3.059903	0.668772	3.987708	7.716383
3	35	3.059903	0.575872	3.065901	6.701675
3	36	3.059903	0.644140	3.743294	7.447336
3	37	3.059903	0.571920	3.026694	6.658517
3	38	3.059903	0.509532	2.407646	5.977081
3	39	3.059903	0.563173	2.939899	6.562975
3	40	3.059903	0.462183	1.937825	5.459911
3	41	3.059903	0.531488	3.102181	6.693572
3	42	3.059903	0.503943	2.352193	5.916039
3	43	3.059903	0.496841	2.281717	5.838460
3	44	3.059903	0.517980	2.491466	6.069348
3	45	3.059903	0.503943	2.352193	5.916039
3	46	3.059903	0.607137	3.376133	7.043173
3	47	3.059903	0.491278	2.226523	5.777704
3	48	3.059903	0.570139	3.273840	6.903882
3	49	3.059903	0.564611	2.954162	6.578675
3	50	3.059903	0.557529	2.883891	6.501322
3	51	3.059903	0.445471	1.771999	5.277373
3	52	3.059903	0.553177	2.840710	6.453789
3	53	3.059903	0.503943	2.352193	5.916039
3	54	3.059903	0.702909	4.326426	8.089237
3	55	3.059903	0.512834	2.440407	6.013143
3	56	3.059903	0.641084	3.712967	7.413953
3	57	3.059903	0.523759	2.548817	6.132479
3	58	3.059903	0.644140	3.743294	7.447336
3	59	3.059903	0.400482	2.014122	5.474506
3	60	3.059903	0.597541	3.280911	6.938354
3	61	3.059903	0.462183	1.937825	5.459911
3	62	3.059903	0.559707	2.905507	6.525116
3	63	3.059903	0.503943	2.352193	5.916039
3	64	3.059903	0.584037	3.146924	6.790863
3	65	3.059903	0.571920	3.026694	6.658517
3	66	3.059903	0.602004	3.325196	6.987102
3	67	3.059903	0.599503	3.300382	6.959787
3	68	3.059903	0.584197	3.148507	6.792606
3	69	3.059903	0.496841	2.281717	5.838460
3	70	3.059903	0.699452	4.292128	8.051483
3	71	3.059903	0.517980	2.491466	6.069348
3	72	3.059903	0.641084	3.712967	7.413953
3	73	3.059903	0.595532	3.366906	7.022340
3	74	3.059903	0.619003	3.493869	7.172774
3	75	3.059903	0.552148	2.830501	6.442551
3	76	3.059903	0.557529	2.883891	6.501322
3	77	3.059903	0.517192	2.483652	6.060747
3	78	3.059903	0.498043	2.293642	5.851588
3	79	3.059903	0.538965	2.699695	6.298563
3	80	3.059903	0.668772	3.987708	7.716383
3	81	3.059903	0.664545	3.945763	7.670210
3	82	3.059903	0.509532	2.407646	5.977081
3	83	3.059903	0.604400	3.348977	7.013280
3	84	3.059903	0.597645	3.281950	6.939498
3	85	3.059903	0.589353	3.305600	6.954856
3	86	3.059903	0.692794	4.226066	7.978763
3	87	3.059903	0.531922	2.629810	6.221634
3	88	3.059903	0.503943	2.352193	5.916039
3	89	3.059903	0.425770	1.576519	5.062192
3	90	3.059903	0.490069	2.214527	5.764499
3	91	3.059903	0.592683	3.232709	6.885295
3	92	3.059903	0.571920	3.026694	6.658517
3	93	3.059903	0.575593	3.063138	6.698634
3	94	3.059903	0.607137	3.376133	7.043173
3	95	3.059903	0.505944	2.372043	5.937889
3	96	3.059903	0.701509	4.312538	8.073950
3	97	3.059903	0.609823	3.402787	7.072513
3	98	3.059903	0.519880	2.986999	6.566782
3	99	3.059903	0.573253	3.039919	6.673075
4	0	3.281707	0.468614	2.001633	5.751953
4	1	3.281707	0.669548	3.995404	7.946659
4	2	3.281707	0.634630	3.648926	7.565263
4	3	3.281707	0.581221	3.118980	6.981909
4	4	3.281707	0.484708	2.161325	5.927740
4	5	3.281707	0.609631	3.400878	7.292216
4	6	3.281707	0.451533	1.832152	5.565392
4	7	3.281707	0.645933	3.761084	7.688725
4	8	3.281707	0.533104	2.641541	6.456353
4	9	3.281707	0.600491	3.310185	7.192384
4	10	3.281707	0.630145	3.604430	7.516283
4	11	3.281707	0.523692	2.548146	6.353545
4	12	3.281707	0.423663	2.191173	5.896543
4	13	3.281707	0.522708	2.538386	6.342802
4	14	3.281707	0.634630	3.648926	7.565263
4	15	3.281707	0.691713	4.321268	8.294689
4	16	3.281707	0.531556	2.626180	6.439443
4	17	3.281707	0.535911	2.669386	6.487004
4	18	3.281707	0.559417	2.902628	6.743752
4	19	3.281707	0.609631	3.400878	7.292216
4	20	3.281707	0.531556	2.626180	6.439443
4	21	3.281707	0.517010	2.481849	6.280567
4	22	3.281707	0.451533	1.832152	5.565392
4	23	3.281707	0.564200	2.950092	6.796000
4	24	3.281707	0.555465	2.863419	6.700592
4	25	3.281707	0.511888	2.431024	6.224619
4	26	3.281707	0.565244	2.960448	6.807400
4	27	3.281707	0.418526	1.504634	5.204867
4	28	3.281707	0.612618	3.430517	7.324843
4	29	3.281707	0.612618	3.430517	7.324843
4	30	3.281707	0.609375	3.504260	7.395342
4	31	3.281707	0.616619	3.470215	7.368541
4	32	3.281707	0.468614	2.001633	5.751953
4	33	3.281707	0.564200	2.950092	6.796000
4	34	3.281707	0.591974	3.225673	7.099354
4	35	3.281707	0.498443	2.297616	6.077767
4	36	3.281707	0.624549	3.654830	7.561086
4	37	3.281707	0.518641	2.498033	6.298382
4	38	3.281707	0.522708	2.538386	6.342802
4	39	3.281707	0.583635	3.142930	7.008272
4	40	3.281707	0.498835	2.301506	6.082048
4	41	3.281707	0.523692	2.548146	6.353545
4	42	3.281707	0.632257	3.731313	7.645277
4	43	3.281707	0.615993	3.464007	7.361707
4	44	3.281707	0.506354	2.376115	6.164176
4	45	3.281707	0.508114	2.817285	6.607106
4	46	3.281707	0.615993	3.464007	7.361707
4	47	3.281707	0.503540	2.348194	6.133442
4	48	3.281707	0.498835	2.301506	6.082048
4	49	3.281707	0.533104	2.641541	6.456353
4	50	3.281707	0.439350	2.399794	6.120851
4	51	3.281707	0.565244	2.960448	6.807400
4	52	3.281707	0.480532	2.119897	5.882137
4	53	3.281707	0.473838	2.053470	5.809016
4	54	3.281707	0.520452	2.516000	6.318160
4	55	3.281707	0.564200	2.950092	6.796000
4	56	3.281707	0.630145	3.604430	7.516283
4	57	3.281707	0.583635	3.142930	7.008272
4	58	3.281707	0.518641	2.498033	6.298382
4	59	3.281707	0.522708	2.538386	6.342802
4	60	3.281707	0.608466	3.389321	7.279494
4	61	3.281707	0.484708	2.161325	5.927740
4	62	3.281707	0.517010	2.481849	6.280567
4	63	3.281707	0.616619	3.470215	7.368541
4	64	3.281707	0.511061	2.422816	6.215584
4	65	3.281707	0.695577	4.253677	8.230961
4	66	3.281707	0.518641	2.498033	6.298382
4	67	3.281707	0.503540	2.348194	6.133442
4	68	3.281707	0.560377	3.071044	6.913128
4	69	3.281707	0.451533	1.832152	5.565392
4	70	3.281707	0.564200	2.950092	6.796000
4	71	3.281707	0.560339	2.911778	6.753825
4	72	3.281707	0.603616	3.341195	7.226518
4	73	3.281707	0.498443	2.297616	6.077767
4	74	3.281707	0.535318	2.875360	6.692385
4	75	3.281707	0.581221	3.118980	6.981909
4	76	3.281707	0.555898	2.867712	6.705317
4	77	3.281707	0.480532	2.119897	5.882137
4	78	3.281707	0.600634	3.311601	7.193942
4	79	3.281707	0.522708	2.538386	6.342802
4	80	3.281707	0.612618	3.430517	7.324843
4	81	3.281707	0.629882	3.601819	7.513409
4	82	3.281707	0.685600	4.154682	8.121989
4	83	3.281707	0.581221	3.118980	6.981909
4	84	3.281707	0.498835	2.301506	6.082048
4	85	3.281707	0.508258	2.395007	6.184972
4	86	3.281707	0.555263	2.861413	6.698384
4	87	3.281707	0.506354	2.376115	6.164176
4	88	3.281707	0.555465	2.863419	6.700592
4	89	3.281707	0.594196	3.247720	7.123623
4	90	3.281707	0.608466	3.389321	7.279494
4	91	3.281707	0.436504	1.683024	5.401235
4	92	3.281707	0.581221	3.118980	6.981909
4	93	3.281707	0.609578	3.400355	7.291641
4	94	3.281707	0.632257	3.731313	7.645277
4	95	3.281707	0.557183	2.880461	6.719351
4	96	3.281707	0.560339	2.911778	6.753825
4	97	3.281707	0.552032	2.829346	6.663085
4	98	3.281707	0.559417	2.902628	6.743752
4	99	3.281707	0.544207	2.751710	6.577625
5	0	3.268124	0.487836	2.192366	5.948327
5	1	3.268124	0.586633	3.172675	7.027432
5	2	3.268124	0.523046	2.541738	6.332908
5	3	3.268124	0.517998	2.491651	6.277773
5	4	3.268124	0.534988	2.978016	6.781128
5	5	3.268124	0.490375	2.217556	5.976055
5	6	3.268124	0.684687	4.198583	8.151394
5	7	3.268124	0.665299	3.953243	7.886666
5	8	3.268124	0.468610	2.001593	5.738327
5	9	3.268124	0.574888	3.320960	7.163973
5	10	3.268124	0.580185	3.108699	6.957008
5	11	3.268124	0.516985	2.481598	6.266707
5	12	3.268124	0.596582	3.271398	7.136104
5	13	3.268124	0.472782	2.042998	5.783905
5	14	3.268124	0.545906	2.768562	6.582592
5	15	3.268124	0.517998	2.491651	6.277773
5	16	3.268124	0.613786	3.600997	7.482907
5	17	3.268124	0.498619	2.299362	6.066105
5	18	3.268124	0.536404	2.674282	6.478810
5	19	3.268124	0.559704	2.905476	6.733305
5	20	3.268124	0.496140	2.274766	6.039031
5	21	3.268124	0.611751	3.421917	7.301793
5	22	3.268124	0.503008	2.342915	6.114048
5	23	3.268124	0.659140	3.892134	7.819398
5	24	3.268124	0.620740	3.511102	7.399966
5	25	3.268124	0.508437	2.396776	6.173337
5	26	3.268124	0.522308	2.534418	6.324851
5	27	3.268124	0.545906	2.768562	6.582592
5	28	3.268124	0.596582	3.271398	7.136104
5	29	3.268124	0.490375	2.217556	5.976055
5	30	3.268124	0.620740	3.511102	7.399966
5	31	3.268124	0.516985	2.481598	6.266707
5	32	3.268124	0.548594	2.795240	6.611959
5	33	3.268124	0.554585	2.854682	6.677391
5	34	3.268124	0.554018	3.166839	6.988982
5	35	3.268124	0.600841	3.313660	7.182625
5	36	3.268124	0.580185	3.108699	6.957008
5	37	3.268124	0.697851	4.276239	8.242214
5	38	3.268124	0.478365	2.098392	5.844881
5	39	3.268124	0.503008	2.342915	6.114048
5	40	3.268124	0.545173	2.761288	6.574585
5	41	3.268124	0.544150	2.751143	6.563417
5	42	3.268124	0.542241	2.732201	6.542566
5	43	3.268124	0.523046	2.541738	6.332908
5	44	3.268124	0.554585	2.854682	6.677391
5	45	3.268124	0.486609	2.180197	5.934930
5	46	3.268124	0.586088	3.167268	7.021480
5	47	3.268124	0.597875	3.284229	7.150228
5	48	3.268124	0.539210	2.702125	6.509459
5	49	3.268124	0.536404	2.674282	6.478810
5	50	3.268124	0.648200	3.889501	7.805825
5	51	3.268124	0.602722	3.332323	7.203169
5	52	3.268124	0.522308	2.534418	6.324851
5	53	3.268124	0.548594	2.795240	6.611959
5	54	3.268124	0.546593	2.775378	6.590095
5	55	3.268124	0.526387	2.574884	6.369395
5	56	3.268124	0.655089	3.851937	7.775151
5	57	3.268124	0.536409	2.674337	6.478871
5	58	3.268124	0.498147	2.294680	6.060952
5	59	3.268124	0.644866	3.750496	7.663487
5	60	3.268124	0.521676	2.528146	6.317947
5	61	3.268124	0.568012	2.987908	6.824044
5	62	3.268124	0.474281	2.057865	5.800269
5	63	3.268124	0.626830	3.571533	7.466487
5	64	3.268124	0.526387	2.574884	6.369395
5	65	3.268124	0.501783	2.330759	6.100667
5	66	3.268124	0.557394	2.882558	6.708076
5	67	3.268124	0.597373	3.279252	7.144750
5	68	3.268124	0.468610	2.001593	5.738327
5	69	3.268124	0.613786	3.600997	7.482907
5	70	3.268124	0.523046	2.541738	6.332908
5	71	3.268124	0.568012	2.987908	6.824044
5	72	3.268124	0.510384	2.416099	6.194607
5	73	3.268124	0.478365	2.098392	5.844881
5	74	3.268124	0.626830	3.571533	7.466487
5	75	3.268124	0.545788	2.767395	6.581308
5	76	3.268124	0.596434	3.269932	7.134490
5	77	3.268124	0.627537	3.578550	7.474212
5	78	3.268124	0.659140	3.892134	7.819398
5	79	3.268124	0.478365	2.098392	5.844881
5	80	3.268124	0.529642	2.607183	6.404949
5	81	3.268124	0.490235	2.216174	5.974534
5	82	3.268124	0.586633	3.172675	7.027432
5	83	3.268124	0.596582	3.271398	7.136104
5	84	3.268124	0.554585	2.854682	6.677391
5	85	3.268124	0.545906	2.768562	6.582592
5	86	3.268124	0.501783	2.330759	6.100667
5	87	3.268124	0.523046	2.541738	6.332908
5	88	3.268124	0.560072	2.909127	6.737323
5	89	3.268124	0.566795	3.293618	7.128538
5	90	3.268124	0.558974	3.216015	7.043113
5	91	3.268124	0.516985	2.481598	6.266707
5	92	3.268124	0.471001	2.025322	5.764447
5	93	3.268124	0.684687	4.198583	8.151394
5	94	3.268124	0.486609	2.180197	5.934930
5	95	3.268124	0.604176	3.346753	7.219054
5	96	3.268124	0.588194	3.188172	7.044490
5	97	3.268124	0.608324	3.387910	7.264359
5	98	3.268124	0.546593	2.775378	6.590095
5	99	3.268124	0.585784	3.164257	7.018166
6	0	3.189662	0.413950	1.459235	5.062846
6	1	3.189662	0.508586	2.398256	6.096503
6	2	3.189662	0.476977	2.084620	5.751259
6	3	3.189662	0.518401	2.495651	6.203714
6	4	3.189662	0.565982	2.967771	6.723414
6	5	3.189662	0.508910	2.401475	6.100047
6	6	3.189662	0.603813	3.343149	7.136623
6	7	3.189662	0.483616	2.150489	5.823766
6	8	3.189662	0.552057	2.829601	6.571320
6	9	3.189662	0.497561	2.288863	5.976086
6	10	3.189662	0.464835	1.964137	5.618634
6	11	3.189662	0.519618	2.507728	6.217009
6	12	3.189662	0.515423	2.466098	6.171182
6	13	3.189662	0.499949	2.312559	6.002170
6	14	3.189662	0.515423	2.466098	6.171182
6	15	3.189662	0.413950	1.459235	5.062846
6	16	3.189662	0.570180	3.009429	6.769271
6	17	3.189662	0.570180	3.009429	6.769271
6	18	3.189662	0.620500	3.508727	7.318889
6	19	3.189662	0.552566	2.834652	6.576880
6	20	3.189662	0.603218	3.496132	7.289011
6	21	3.189662	0.622018	3.523788	7.335468
6	22	3.189662	0.637355	3.675968	7.502984
6	23	3.189662	0.492201	2.712356	6.394220
6	24	3.189662	0.516597	2.477748	6.184006
6	25	3.189662	0.494520	2.258693	5.942875
6	26	3.189662	0.551401	3.087905	6.828968
6	27	3.189662	0.499457	2.307672	5.996790
6	28	3.189662	0.675753	4.056972	7.922386
6	29	3.189662	0.539115	2.701186	6.429963
6	30	3.189662	0.557575	2.884354	6.631591
6	31	3.189662	0.548193	2.791262	6.529117
6	32	3.189662	0.669124	3.991199	7.849985
6	33	3.189662	0.472186	2.037075	5.698923
6	34	3.189662	0.583216	3.138774	6.911651
6	35	3.189662	0.636350	3.665996	7.492008
6	36	3.189662	0.508586	2.398256	6.096503
6	37	3.189662	0.497561	2.288863	5.976086
6	38	3.189662	0.633076	3.633514	7.456253
6	39	3.189662	0.554245	3.275019	7.018926
6	40	3.189662	0.508910	2.401475	6.100047
6	41	3.189662	0.508586	2.398256	6.096503
6	42	3.189662	0.552057	2.829601	6.571320
6	43	3.189662	0.641414	3.716240	7.547315
6	44	3.189662	0.515423	2.466098	6.171182
6	45	3.189662	0.464835	1.964137	5.618634
6	46	3.189662	0.578355	3.196464	6.964480
6	47	3.189662	0.541736	2.727192	6.458590
6	48	3.189662	0.552057	2.829601	6.571320
6	49	3.189662	0.536545	2.675681	6.401888
6	50	3.189662	0.466916	1.984786	5.641364
6	51	3.189662	0.499457	2.307672	5.996790
6	52	3.189662	0.570180	3.009429	6.769271
6	53	3.189662	0.552057	2.829601	6.571320
6	54	3.189662	0.536545	2.675681	6.401888
6	55	3.189662	0.624127	3.544713	7.358502
6	56	3.189662	0.552851	3.102295	6.844807
6	57	3.189662	0.503857	2.351340	6.044859
6	58	3.189662	0.636350	3.665996	7.492008
6	59	3.189662	0.636350	3.665996	7.492008
6	60	3.189662	0.557575	2.884354	6.631591
6	61	3.189662	0.508586	2.398256	6.096503
6	62	3.189662	0.564636	2.954413	6.708710
6	63	3.189662	0.599941	3.304727	7.094329
6	64	3.189662	0.497561	2.288863	5.976086
6	65	3.189662	0.587441	3.180694	6.957796
6	66	3.189662	0.636350	3.665996	7.492008
6	67	3.189662	0.516597	2.477748	6.184006
6	68	3.189662	0.561453	2.922828	6.673942
6	69	3.189662	0.499457	2.307672	5.996790
6	70	3.189662	0.520567	2.517141	6.227370
6	71	3.189662	0.531478	2.625402	6.346541
6	72	3.189662	0.552566	2.834652	6.576880
6	73	3.189662	0.505601	2.368641	6.063904
6	74	3.189662	0.508910	2.401475	6.100047
6	75	3.189662	0.464835	1.964137	5.618634
6	76	3.189662	0.637983	3.682205	7.509850
6	77	3.189662	0.628427	3.587380	7.405469
6	78	3.189662	0.519618	2.507728	6.217009
6	79	3.189662	0.711771	4.414358	8.315790
6	80	3.189662	0.497561	2.288863	5.976086
6	81	3.189662	0.556514	2.926785	6.672960
6	82	3.189662	0.552851	3.102295	6.844807
6	83	3.189662	0.483616	2.150489	5.823766
6	84	3.189662	0.670240	4.055234	7.915135
6	85	3.189662	0.539115	2.701186	6.429963
6	86	3.189662	0.565982	2.967771	6.723414
6	87	3.189662	0.538399	3.117791	6.845852
6	88	3.189662	0.580016	3.107021	6.876699
6	89	3.189662	0.499185	2.304976	5.993822
6	90	3.189662	0.573748	3.044829	6.808238
6	91	3.189662	0.503857	2.351340	6.044859
6	92	3.189662	0.574138	3.048695	6.812494
6	93	3.189662	0.518864	2.500242	6.208768
6	94	3.189662	0.599941	3.304727	7.094329
6	95	3.189662	0.516597	2.477748	6.184006
6	96	3.189662	0.499185	2.304976	5.993822
6	97	3.189662	0.477923	2.094009	5.761594
6	98	3.189662	0.639179	3.694067	7.522908
6	99	3.189662	0.552704	2.836018	6.578383
7	0	3.220290	0.552400	2.833006	6.605696
7	1	3.220290	0.627619	3.579368	7.427277
7	2	3.220290	0.578408	3.091069	6.889767
7	3	3.220290	0.651979	4.032934	7.905203
7	4	3.220290	0.651129	3.812640	7.684059
7	5	3.220290	0.670085	4.053700	7.944075
7	6	3.220290	0.545855	2.821020	6.587164
7	7	3.220290	0.522515	2.536473	6.279278
7	8	3.220290	0.616104	3.465103	7.301497
7	9	3.220290	0.673847	4.038061	7.932198
7	10	3.220290	0.543423	2.743930	6.507643
7	11	3.220290	0.581460	3.492099	7.293849
7	12	3.220290	0.673847	4.038061	7.932198
7	13	3.220290	0.697936	4.277085	8.195310
7	14	3.220290	0.563050	2.938680	6.722019
7	15	3.220290	0.524974	2.560865	6.306129
7	16	3.220290	0.484998	2.164206	5.869493
7	17	3.220290	0.540050	2.710463	6.470803
7	18	3.220290	0.578408	3.091069	6.889767
7	19	3.220290	0.621492	3.518569	7.360351
7	20	3.220290	0.495260	2.266036	5.981586
7	21	3.220290	0.593865	3.244442	7.058597
7	22	3.220290	0.621492	3.518569	7.360351
7	23	3.220290	0.524974	2.560865	6.306129
7	24	3.220290	0.553682	2.845724	6.619696
7	25	3.220290	0.670600	4.005847	7.896737
7	26	3.220290	0.572286	3.030317	6.822892
7	27	3.220290	0.483973	2.154038	5.858301
7	28	3.220290	0.609349	3.451048	7.280687
7	29	3.220290	0.569274	3.000438	6.790002
7	30	3.220290	0.563941	2.947521	6.731752
7	31	3.220290	0.529959	2.610331	6.360580
7	32	3.220290	0.563050	2.938680	6.722019
7	33	3.220290	0.579046	3.097397	6.896732
7	34	3.220290	0.478608	2.100803	5.799701
7	35	3.220290	0.563356	2.994679	6.778325
7	36	3.220290	0.529603	2.606799	6.356692
7	37	3.220290	0.558327	2.891812	6.670429
7	38	3.220290	0.495946	2.908398	6.624633
7	39	3.220290	0.563941	2.947521	6.731752
7	40	3.220290	0.478608	2.100803	5.799701
7	41	3.220290	0.609349	3.451048	7.280687
7	42	3.220290	0.588381	3.190029	6.998700
7	43	3.220290	0.529959	2.610331	6.360580
7	44	3.220290	0.561920	2.927461	6.709670
7	45	3.220290	0.558327	2.891812	6.670429
7	46	3.220290	0.673847	4.038061	7.932198
7	47	3.220290	0.584779	3.154281	6.959349
7	48	3.220290	0.496486	2.278198	5.994973
7	49	3.220290	0.590995	3.215965	7.027249
7	50	3.220290	0.532265	2.633215	6.385770
7	51	3.220290	0.621492	3.518569	7.360351
7	52	3.220290	0.688671	4.238117	8.147077
7	53	3.220290	0.573176	3.039149	6.832614
7	54	3.220290	0.532265	2.633215	6.385770
7	55	3.220290	0.529959	2.610331	6.360580
7	56	3.220290	0.496486	2.278198	5.994973
7	57	3.220290	0.491149	2.225243	5.936682
7	58	3.220290	0.573286	3.040244	6.833820
7	59	3.220290	0.510925	2.421469	6.152683
7	60	3.220290	0.590995	3.215965	7.027249
7	61	3.220290	0.537878	2.688909	6.447077
7	62	3.220290	0.516011	2.471932	6.208232
7	63	3.220290	0.596021	3.265837	7.082148
7	64	3.220290	0.499202	2.305141	6.024632
7	65	3.220290	0.485407	2.168268	5.873965
7	66	3.220290	0.585974	3.166140	6.972403
7	67	3.220290	0.579046	3.097397	6.896732
7	68	3.220290	0.578408	3.091069	6.889767
7	69	3.220290	0.538291	2.693001	6.451581
7	70	3.220290	0.538291	2.693001	6.451581
7	71	3.220290	0.499122	2.304353	6.023765
7	72	3.220290	0.584779	3.154281	6.959349
7	73	3.220290	0.569274	3.000438	6.790002
7	74	3.220290	0.580196	3.108805	6.909290
7	75	3.220290	0.623690	3.540380	7.384360
7	76	3.220290	0.496486	2.278198	5.994973
7	77	3.220290	0.524974	2.560865	6.306129
7	78	3.220290	0.594443	3.250178	7.064911
7	79	3.220290	0.584843	3.154914	6.960046
7	80	3.220290	0.614017	3.444396	7.278702
7	81	3.220290	0.569274	3.000438	6.790002
7	82	3.220290	0.554998	2.858779	6.634067
7	83	3.220290	0.537878	2.688909	6.447077
7	84	3.220290	0.478608	2.100803	5.799701
7	85	3.220290	0.537811	2.688241	6.446341
7	86	3.220290	0.596021	3.265837	7.082148
7	87	3.220290	0.499202	2.305141	6.024632
7	88	3.220290	0.621795	3.521575	7.363660
7	89	3.220290	0.621795	3.521575	7.363660
7	90	3.220290	0.518424	2.495881	6.234595
7	91	3.220290	0.529603	2.606799	6.356692
7	92	3.220290	0.510925	2.421469	6.152683
7	93	3.220290	0.495260	2.266036	5.981586
7	94	3.220290	0.627619	3.579368	7.427277
7	95	3.220290	0.499202	2.305141	6.024632
7	96	3.220290	0.511371	2.425893	6.157553
7	97	3.220290	0.563941	2.947521	6.731752
7	98	3.220290	0.707090	4.367913	8.295293
7	99	3.220290	0.627619	3.579368	7.427277
8	0	3.032845	0.535216	2.662495	6.230555
8	1	3.032845	0.535216	2.662495	6.230555
8	2	3.032845	0.562892	2.937110	6.532846
8	3	3.032845	0.610351	3.408022	7.051218
8	4	3.032845	0.578808	3.095038	6.706691
8	5	3.032845	0.563226	2.940427	6.536498
8	6	3.032845	0.570250	3.010123	6.613218
8	7	3.032845	0.584435	3.150874	6.768154
8	8	3.032845	0.711512	4.411789	8.156145
8	9	3.032845	0.726512	4.560629	8.319986
8	10	3.032845	0.534090	2.651318	6.218252
8	11	3.032845	0.653969	3.840820	7.527633
8	12	3.032845	0.550882	2.817942	6.401669
8	13	3.032845	0.575402	3.061235	6.669482
8	14	3.032845	0.601872	3.323887	6.958603
8	15	3.032845	0.539449	2.704497	6.276790
8	16	3.032845	0.557398	2.882594	6.472837
8	17	3.032845	0.582563	3.132298	6.747706
8	18	3.032845	0.557398	2.882594	6.472837
8	19	3.032845	0.502008	2.332987	5.867840
8	20	3.032845	0.539741	2.707395	6.279981
8	21	3.032845	0.539741	2.707395	6.279981
8	22	3.032845	0.449657	1.813535	5.296037
8	23	3.032845	0.578808	3.095038	6.706691
8	24	3.032845	0.563226	2.940427	6.536498
8	25	3.032845	0.610175	3.406271	7.049290
8	26	3.032845	0.624916	3.552545	7.210305
8	27	3.032845	0.551397	2.823052	6.407294
8	28	3.032845	0.607705	3.381763	7.022312
8	29	3.032845	0.470437	2.602327	6.105609
8	30	3.032845	0.653969	3.840820	7.527633
8	31	3.032845	0.575402	3.061235	6.669482
8	32	3.032845	0.627600	3.579177	7.239622
8	33	3.032845	0.639548	3.697729	7.370122
8	34	3.032845	0.572588	3.033318	6.638750
8	35	3.032845	0.518608	2.497700	6.049152
8	36	3.032845	0.509875	2.411045	5.953764
8	37	3.032845	0.558494	3.052364	6.643703
8	38	3.032845	0.617852	3.482452	7.133148
8	39	3.032845	0.530387	2.614581	6.177813
8	40	3.032845	0.584435	3.150874	6.768154
8	41	3.032845	0.555497	2.863731	6.452072
8	42	3.032845	0.711512	4.411789	8.156145
8	43	3.032845	0.509875	2.411045	5.953764
8	44	3.032845	0.539449	2.704497	6.276790
8	45	3.032845	0.591811	3.224063	6.848719
8	46	3.032845	0.555559	2.864350	6.452754
8	47	3.032845	0.653969	3.840820	7.527633
8	48	3.032845	0.577007	3.183095	6.792946
8	49	3.032845	0.585902	3.165423	6.784169
8	50	3.032845	0.627600	3.579177	7.239622
8	51	3.032845	0.653969	3.840820	7.527633
8	52	3.032845	0.578808	3.095038	6.706691
8	53	3.032845	0.591811	3.224063	6.848719
8	54	3.032845	0.582563	3.132298	6.747706
8	55	3.032845	0.627789	3.581052	7.241686
8	56	3.032845	0.486228	2.176415	5.695488
8	57	3.032845	0.575402	3.061235	6.669482
8	58	3.032845	0.517747	2.489154	6.039746
8	59	3.032845	0.551852	2.827568	6.412265
8	60	3.032845	0.585902	3.165423	6.784169
8	61	3.032845	0.582487	3.131537	6.746868
8	62	3.032845	0.651054	3.811893	7.495791
8	63	3.032845	0.591811	3.224063	6.848719
8	64	3.032845	0.620080	3.504555	7.157480
8	65	3.032845	0.587251	3.231772	6.851868
8	66	3.032845	0.584435	3.150874	6.768154
8	67	3.032845	0.535216	2.662495	6.230555
8	68	3.032845	0.629188	3.594935	7.256967
8	69	3.032845	0.495433	2.267751	5.796029
8	70	3.032845	0.525809	2.569155	6.127808
8	71	3.032845	0.555559	2.864350	6.452754
8	72	3.032845	0.705704	4.354161	8.092710
8	73	3.032845	0.604527	3.615048	7.252419
8	74	3.032845	0.653969	3.840820	7.527633
8	75	3.032845	0.640703	3.762153	7.435701
8	76	3.032845	0.627600	3.579177	7.239622
8	77	3.032845	0.530105	2.611780	6.174729
8	78	3.032845	0.560101	2.909417	6.502363
8	79	3.032845	0.502008	2.332987	5.867840
8	80	3.032845	0.577879	3.085814	6.696537
8	81	3.032845	0.551397	2.823052	6.407294
8	82	3.032845	0.620080	3.504555	7.157480
8	83	3.032845	0.591811	3.224063	6.848719
8	84	3.032845	0.639548	3.697729	7.370122
8	85	3.032845	0.570250	3.010123	6.613218
8	86	3.032845	0.623775	3.541226	7.197846
8	87	3.032845	0.590476	3.210810	6.834130
8	88	3.032845	0.627600	3.579177	7.239622
8	89	3.032845	0.607141	3.588026	7.228011
8	90	3.032845	0.562077	2.929027	6.523949
8	91	3.032845	0.585902	3.165423	6.784169
8	92	3.032845	0.675353	4.053001	7.761199
8	93	3.032845	0.555559	2.864350	6.452754
8	94	3.032845	0.628933	3.645364	7.307142
8	95	3.032845	0.608640	3.391048	7.032533
8	96	3.032845	0.629188	3.594935	7.256967
8	97	3.032845	0.590168	3.472577	7.095590
8	98	3.032845	0.555559	2.864350	6.452754
8	99	3.032845	0.517747	2.489154	6.039746
9	0	3.264159	0.630979	3.612700	7.507839
9	1	3.264159	0.433420	1.652426	5.350005
9	2	3.264159	0.447966	1.796757	5.508883
9	3	3.264159	0.552999	2.838949	6.656108
9	4	3.264159	0.516295	2.474753	6.255207
9	5	3.264159	0.464546	1.961269	5.689974
9	6	3.264159	0.491935	2.233039	5.989133
9	7	3.264159	0.562717	2.935372	6.762248
9	8	3.264159	0.486277	2.176900	5.927337
9	9	3.264159	0.605442	3.359308	7.228909
9	10	3.264159	0.607622	3.539830	7.411611
9	11	3.264159	0.525032	2.561445	6.350636
9	12	3.264159	0.532891	2.639428	6.436479
9	13	3.264159	0.467313	2.465400	6.196872
9	14	3.264159	0.614101	3.445226	7.323486
9	15	3.264159	0.618418	3.488066	7.370643
9	16	3.264159	0.572090	3.028380	6.864630
9	17	3.264159	0.447966	1.796757	5.508883
9	18	3.264159	0.597447	3.279983	7.141590
9	19	3.264159	0.464884	1.964629	5.693673
9	20	3.264159	0.577375	3.292674	7.134208
9	21	3.264159	0.553401	2.842937	6.660497
9	22	3.264159	0.484251	2.156793	5.905203
9	23	3.264159	0.597447	3.279983	7.141590
9	24	3.264159	0.480820	2.122748	5.867727
9	25	3.264159	0.525032	2.561445	6.350636
9	26	3.264159	0.519694	2.508482	6.292336
9	27	3.264159	0.495389	2.267308	6.026856
9	28	3.264159	0.547431	2.995556	6.807147
9	29	3.264159	0.546893	2.778360	6.589412
9	30	3.264159	0.612976	3.434067	7.311202
9	31	3.264159	0.614101	3.445226	7.323486
9	32	3.264159	0.598485	3.290285	7.152930
9	33	3.264159	0.559631	2.904752	6.728542
9	34	3.264159	0.585628	3.162712	7.012500
9	35	3.264159	0.514210	2.454060	6.232429
9	36	3.264159	0.552999	2.838949	6.656108
9	37	3.264159	0.513588	2.447889	6.225636
9	38	3.264159	0.547003	2.779451	6.590613
9	39	3.264159	0.577529	3.188272	7.029961
9	40	3.264159	0.433420	1.652426	5.350005
9	41	3.264159	0.574405	3.157278	6.995842
9	42	3.264159	0.474893	2.063939	5.802992
9	43	3.264159	0.538459	2.694671	6.497289
9	44	3.264159	0.672984	4.029494	7.966637
9	45	3.264159	0.472716	2.042341	5.779217
9	46	3.264159	0.464884	1.964629	5.693673
9	47	3.264159	0.692670	4.224833	8.181662
9	48	3.264159	0.636297	3.665470	7.565926
9	49	3.264159	0.433420	1.652426	5.350005
9	50	3.264159	0.597447	3.279983	7.141590
9	51	3.264159	0.528265	2.593525	6.385950
9	52	3.264159	0.498612	2.299289	6.062060
9	53	3.264159	0.572090	3.028380	6.864630
9	54	3.264159	0.635718	3.712690	7.612568
9	55	3.264159	0.514210	2.454060	6.232429
9	56	3.264159	0.581458	3.121332	6.966949
9	57	3.264159	0.550135	2.810532	6.624827
9	58	3.264159	0.514210	2.454060	6.232429
9	59	3.264159	0.480820	2.122748	5.867727
9	60	3.264159	0.498561	2.298786	6.061506
9	61	3.264159	0.539754	2.707524	6.511438
9	62	3.264159	0.498612	2.299289	6.062060
9	63	3.264159	0.447966	1.796757	5.508883
9	64	3.264159	0.647162	3.773283	7.684605
9	65	3.264159	0.676939	4.068744	8.009843
9	66	3.264159	0.516295	2.474753	6.255207
9	67	3.264159	0.597447	3.279983	7.141590
9	68	3.264159	0.503898	2.351741	6.119798
9	69	3.264159	0.486277	2.176900	5.927337
9	70	3.264159	0.663716	3.937532	7.865407
9	71	3.264159	0.479461	2.109265	5.852886
9	72	3.264159	0.562717	2.935372	6.762248
9	73	3.264159	0.513588	2.447889	6.225636
9	74	3.264159	0.532891	2.639428	6.436479
9	75	3.264159	0.503898	2.351741	6.119798
9	76	3.264159	0.464546	1.961269	5.689974
9	77	3.264159	0.559631	2.904752	6.728542
9	78	3.264159	0.486277	2.176900	5.927337
9	79	3.264159	0.513588	2.447889	6.225636
9	80	3.264159	0.676939	4.068744	8.009843
9	81	3.264159	0.545817	2.873611	6.683587
9	82	3.264159	0.553383	2.842761	6.660304
9	83	3.264159	0.676939	4.068744	8.009843
9	84	3.264159	0.491737	2.231071	5.986967
9	85	3.264159	0.491737	2.231071	5.986967
9	86	3.264159	0.464884	1.964629	5.693673
9	87	3.264159	0.581458	3.121332	6.966949
9	88	3.264159	0.618418	3.488066	7.370643
9	89	3.264159	0.532891	2.639428	6.436479
9	90	3.264159	0.498561	2.298786	6.061506
9	91	3.264159	0.630979	3.612700	7.507839
9	92	3.264159	0.464546	1.961269	5.689974
9	93	3.264159	0.623933	3.542791	7.430883
9	94	3.264159	0.484251	2.156793	5.905203
9	95	3.264159	0.498612	2.299289	6.062060
9	96	3.264159	0.605442	3.359308	7.228909
9	97	3.264159	0.587927	3.185517	7.037603
9	98	3.264159	0.534375	2.654147	6.452681
9	99	3.264159	0.503898	2.351741	6.119798
10	0	3.262205	0.516538	2.477161	6.255904
10	1	3.262205	0.664716	3.947457	7.874378
10	2	3.262205	0.612874	3.433053	7.308132
10	3	3.262205	0.526029	2.571333	6.359567
10	4	3.262205	0.516049	2.472305	6.250559
10	5	3.262205	0.569409	3.001779	6.833393
10	6	3.262205	0.413529	1.455056	5.130790
10	7	3.262205	0.474037	2.055441	5.791683
10	8	3.262205	0.499224	2.676114	6.437544
10	9	3.262205	0.607761	3.382325	7.252292
10	10	3.262205	0.561232	2.920642	6.744079
10	11	3.262205	0.500607	2.319089	6.081902
10	12	3.262205	0.495510	2.268516	6.026231
10	13	3.262205	0.552607	2.835060	6.649873
10	14	3.262205	0.567565	2.983481	6.813252
10	15	3.262205	0.656646	3.867384	7.786235
10	16	3.262205	0.516733	2.479099	6.258038
10	17	3.262205	0.490705	2.220835	5.973745
10	18	3.262205	0.552607	2.835060	6.649873
10	19	3.262205	0.516538	2.477161	6.255904
10	20	3.262205	0.485096	2.165181	5.912482
10	21	3.262205	0.495376	2.267181	6.024762
10	22	3.262205	0.541770	2.727528	6.531504
10	23	3.262205	0.514602	2.457948	6.234755
10	24	3.262205	0.513065	2.442703	6.217974
10	25	3.262205	0.607761	3.382325	7.252292
10	26	3.262205	0.463698	1.952861	5.678765
10	27	3.262205	0.491831	2.232010	5.986046
10	28	3.262205	0.551735	2.985293	6.799233
10	29	3.262205	0.569409	3.001779	6.833393
10	30	3.262205	0.517514	2.486843	6.266562
10	31	3.262205	0.587966	3.291831	7.142002
10	32	3.262205	0.445437	1.771660	5.479302
10	33	3.262205	0.567652	2.984341	6.814198
10	34	3.262205	0.656646	3.867384	7.786235
10	35	3.262205	0.571380	3.021330	6.854915
10	36	3.262205	0.513997	2.451948	6.228150
10	37	3.262205	0.514602	2.457948	6.234755
10	38	3.262205	0.513065	2.442703	6.217974
10	39	3.262205	0.513065	2.442703	6.217974
10	40	3.262205	0.433051	1.648763	5.344020
10	41	3.262205	0.517514	2.486843	6.266562
10	42	3.262205	0.581637	3.123103	6.966945
10	43	3.262205	0.556156	3.188049	7.006410
10	44	3.262205	0.582505	3.131718	6.976429
10	45	3.262205	0.577292	3.079989	6.919486
10	46	3.262205	0.462222	1.938207	5.662634
10	47	3.262205	0.455393	1.870451	5.588049
10	48	3.262205	0.511866	2.430803	6.204875
10	49	3.262205	0.481838	2.132850	5.876893
10	50	3.262205	0.634546	3.648101	7.544853
10	51	3.262205	0.479072	2.105401	5.846678
10	52	3.262205	0.561232	2.920642	6.744079
10	53	3.262205	0.605394	3.358840	7.226439
10	54	3.262205	0.534668	2.657056	6.453929
10	55	3.262205	0.541185	2.721721	6.525112
10	56	3.262205	0.500607	2.319089	6.081902
10	57	3.262205	0.516538	2.477161	6.255904
10	58	3.262205	0.511866	2.430803	6.204875
10	59	3.262205	0.561232	2.920642	6.744079
10	60	3.262205	0.637607	3.784393	7.684205
10	61	3.262205	0.542471	2.734485	6.539162
10	62	3.262205	0.495510	2.268516	6.026231
10	63	3.262205	0.540200	2.711950	6.514356
10	64	3.262205	0.556894	2.877599	6.696699
10	65	3.262205	0.642997	3.731949	7.637151
10	66	3.262205	0.577292	3.079989	6.919486
10	67	3.262205	0.455393	1.870451	5.588049
10	68	3.262205	0.561232	2.920642	6.744079
10	69	3.262205	0.505922	2.689603	6.457730
10	70	3.262205	0.661577	4.022236	7.946018
10	71	3.262205	0.499224	2.676114	6.437544
10	72	3.262205	0.513997	2.451948	6.228150
10	73	3.262205	0.516049	2.472305	6.250559
10	74	3.262205	0.462222	1.938207	5.662634
10	75	3.262205	0.532324	2.633795	6.428324
10	76	3.262205	0.551112	2.820222	6.633539
10	77	3.262205	0.542471	2.734485	6.539162
10	78	3.262205	0.516538	2.477161	6.255904
10	79	3.262205	0.490705	2.220835	5.973745
10	80	3.262205	0.445437	1.771660	5.479302
10	81	3.262205	0.573855	3.204783	7.040843
10	82	3.262205	0.490705	2.220835	5.973745
10	83	3.262205	0.608125	3.544827	7.415158
10	84	3.262205	0.516049	2.472305	6.250559
10	85	3.262205	0.495510	2.268516	6.026231
10	86	3.262205	0.571380	3.021330	6.854915
10	87	3.262205	0.542471	2.734485	6.539162
10	88	3.262205	0.634546	3.648101	7.544853
10	89	3.262205	0.626029	3.563586	7.451820
10	90	3.262205	0.542471	2.734485	6.539162
10	91	3.262205	0.513065	2.442703	6.217974
10	92	3.262205	0.640584	3.708010	7.610799
10	93	3.262205	0.532950	2.640006	6.435161
10	94	3.262205	0.516538	2.477161	6.255904
10	95	3.262205	0.593034	3.236191	7.091430
10	96	3.262205	0.548915	2.798424	6.609544
10	97	3.262205	0.633893	3.641618	7.537716
10	98	3.262205	0.593034	3.236191	7.091430
10	99	3.262205	0.532950	2.640006	6.435161
11	0	3.257773	0.511921	2.431354	6.201048
11	1	3.257773	0.437161	1.689542	5.384476
11	2	3.257773	0.526494	2.575950	6.360217
11	3	3.257773	0.561430	2.922603	6.741806
11	4	3.257773	0.502457	2.337439	6.097669
11	5	3.257773	0.547764	2.787000	6.592537
11	6	3.257773	0.486170	2.175839	5.919782
11	7	3.257773	0.527628	2.587206	6.372607
11	8	3.257773	0.515161	2.463497	6.236430
11	9	3.257773	0.520832	2.519764	6.298369
11	10	3.257773	0.547764	2.787000	6.592537
11	11	3.257773	0.502756	2.340411	6.100940
11	12	3.257773	0.517914	2.490815	6.266502
11	13	3.257773	0.588731	3.193499	7.040004
11	14	3.257773	0.547562	2.784998	6.590333
11	15	3.257773	0.544719	2.756792	6.559284
11	16	3.257773	0.556920	2.877856	6.692550
11	17	3.257773	0.630791	3.610833	7.499397
11	18	3.257773	0.467393	1.989522	5.714689
11	19	3.257773	0.629710	3.600116	7.487599
11	20	3.257773	0.554768	2.856501	6.669042
11	21	3.257773	0.542349	2.733268	6.533390
11	22	3.257773	0.517914	2.490815	6.266502
11	23	3.257773	0.617187	3.687703	7.562663
11	24	3.257773	0.496987	2.283166	6.037926
11	25	3.257773	0.496987	2.283166	6.037926
11	26	3.257773	0.570756	3.015137	6.843666
11	27	3.257773	0.550809	2.817211	6.625793
11	28	3.257773	0.617187	3.687703	7.562663
11	29	3.257773	0.588011	3.186357	7.032141
11	30	3.257773	0.556920	2.877856	6.692550
11	31	3.257773	0.477502	2.089827	5.825102
11	32	3.257773	0.527628	2.587206	6.372607
11	33	3.257773	0.491327	2.227006	5.976106
11	34	3.257773	0.512629	2.438375	6.208777
11	35	3.257773	0.544719	2.756792	6.559284
11	36	3.257773	0.542349	2.733268	6.533390
11	37	3.257773	0.629710	3.600116	7.487599
11	38	3.257773	0.604695	3.351905	7.214373
11	39	3.257773	0.629710	3.600116	7.487599
11	40	3.257773	0.570293	3.010548	6.838614
11	41	3.257773	0.521146	2.522886	6.301805
11	42	3.257773	0.467393	1.989522	5.714689
11	43	3.257773	0.542349	2.733268	6.533390
11	44	3.257773	0.583016	3.136787	6.977576
11	45	3.257773	0.640083	3.703033	7.600888
11	46	3.257773	0.588731	3.193499	7.040004
11	47	3.257773	0.553056	2.839514	6.650343
11	48	3.257773	0.511921	2.431354	6.201048
11	49	3.257773	0.486170	2.175839	5.919782
11	50	3.257773	0.529910	2.609841	6.397524
11	51	3.257773	0.515135	2.463244	6.236153
11	52	3.257773	0.623374	3.590207	7.471354
11	53	3.257773	0.588731	3.193499	7.040004
11	54	3.257773	0.640083	3.703033	7.600888
11	55	3.257773	0.570293	3.010548	6.838614
11	56	3.257773	0.450411	1.821017	5.529201
11	57	3.257773	0.570293	3.010548	6.838614
11	58	3.257773	0.619884	3.502610	7.380267
11	59	3.257773	0.608277	3.387444	7.253494
11	60	3.257773	0.477502	2.089827	5.825102
11	61	3.257773	0.604695	3.351905	7.214373
11	62	3.257773	0.507676	2.389229	6.154678
11	63	3.257773	0.484273	2.157011	5.899056
11	64	3.257773	0.589574	3.360751	7.208098
11	65	3.257773	0.628424	3.587350	7.473547
11	66	3.257773	0.530345	2.614161	6.402278
11	67	3.257773	0.526494	2.575950	6.360217
11	68	3.257773	0.637425	3.676663	7.571861
11	69	3.257773	0.608277	3.387444	7.253494
11	70	3.257773	0.572162	3.029096	6.859031
11	71	3.257773	0.644866	3.750492	7.653130
11	72	3.257773	0.608277	3.387444	7.253494
11	73	3.257773	0.532700	2.955308	6.745781
11	74	3.257773	0.484273	2.157011	5.899056
11	75	3.257773	0.507676	2.389229	6.154678
11	76	3.257773	0.554768	2.856501	6.669042
11	77	3.257773	0.554747	2.856294	6.668815
11	78	3.257773	0.641513	3.823158	7.722445
11	79	3.257773	0.582354	3.395039	7.235165
11	80	3.257773	0.570621	3.013804	6.842198
11	81	3.257773	0.649166	3.952059	7.858998
11	82	3.257773	0.517914	2.490815	6.266502
11	83	3.257773	0.588731	3.193499	7.040004
11	84	3.257773	0.570621	3.013804	6.842198
11	85	3.257773	0.628424	3.587350	7.473547
11	86	3.257773	0.632366	3.626470	7.516609
11	87	3.257773	0.578430	3.091289	6.927492
11	88	3.257773	0.675446	4.106886	8.040104
11	89	3.257773	0.512003	2.432160	6.201936
11	90	3.257773	0.554768	2.856501	6.669042
11	91	3.257773	0.450411	1.821017	5.529201
11	92	3.257773	0.510570	2.682762	6.451104
11	93	3.257773	0.502457	2.337439	6.097669
11	94	3.257773	0.630791	3.610833	7.499397
11	95	3.257773	0.566234	2.970268	6.794275
11	96	3.257773	0.521146	2.522886	6.301805
11	97	3.257773	0.547764	2.787000	6.592537
11	98	3.257773	0.608277	3.387444	7.253494
11	99	3.257773	0.544719	2.756792	6.559284
12	0	3.038729	0.625723	3.560554	7.225007
12	1	3.038729	0.564724	2.955288	6.558741
12	2	3.038729	0.478813	2.102838	5.620380
12	3	3.038729	0.591827	3.224222	6.854778
12	4	3.038729	0.673405	4.033674	7.745809
12	5	3.038729	0.584876	3.155241	6.778846
12	6	3.038729	0.564724	2.955288	6.558741
12	7	3.038729	0.648274	3.784312	7.471315
12	8	3.038729	0.688459	4.183052	7.910241
12	9	3.038729	0.565418	2.962170	6.566318
12	10	3.038729	0.625196	3.555324	7.219250
12	11	3.038729	0.604086	3.345854	6.988669
12	12	3.038729	0.501024	2.905830	6.445584
12	13	3.038729	0.604086	3.345854	6.988669
12	14	3.038729	0.648423	3.785792	7.472945
12	15	3.038729	0.444703	1.764376	5.247808
12	16	3.038729	0.565418	2.962170	6.566318
12	17	3.038729	0.632978	3.632538	7.304245
12	18	3.038729	0.515979	2.471614	6.026322
12	19	3.038729	0.569456	3.002238	6.610423
12	20	3.038729	0.550056	2.809742	6.398527
12	21	3.038729	0.582295	3.129633	6.750658
12	22	3.038729	0.612114	3.637369	7.288212
12	23	3.038729	0.595861	3.264242	6.898832
12	24	3.038729	0.482789	2.142288	5.663807
12	25	3.038729	0.591390	3.219878	6.849997
12	26	3.038729	0.591827	3.224222	6.854778
12	27	3.038729	0.498851	2.301659	5.839239
12	28	3.038729	0.650556	3.806954	7.496239
12	29	3.038729	0.700128	4.298830	8.037687
12	30	3.038729	0.625196	3.555324	7.219250
12	31	3.038729	0.624135	3.544797	7.207662
12	32	3.038729	0.479518	2.109831	5.628078
12	33	3.038729	0.560164	2.910039	6.508933
12	34	3.038729	0.648423	3.785792	7.472945
12	35	3.038729	0.537788	2.688016	6.264533
12	36	3.038729	0.616083	3.623790	7.278602
12	37	3.038729	0.624135	3.544797	7.207662
12	38	3.038729	0.585357	3.160018	6.784104
12	39	3.038729	0.578696	3.093925	6.711351
12	40	3.038729	0.552034	2.829367	6.420130
12	41	3.038729	0.516744	2.479211	6.034684
12	42	3.038729	0.516744	2.479211	6.034684
12	43	3.038729	0.625196	3.555324	7.219250
12	44	3.038729	0.540859	2.718482	6.298070
12	45	3.038729	0.595861	3.264242	6.898832
12	46	3.038729	0.589894	3.205037	6.833661
12	47	3.038729	0.673405	4.033674	7.745809
12	48	3.038729	0.509552	2.407842	5.956123
12	49	3.038729	0.625196	3.555324	7.219250
12	50	3.038729	0.475094	2.065932	5.579756
12	51	3.038729	0.585357	3.160018	6.784104
12	52	3.038729	0.535125	2.661588	6.235442
12	53	3.038729	0.550056	2.809742	6.398527
12	54	3.038729	0.599255	3.297919	6.935903
12	55	3.038729	0.663368	4.040007	7.742104
12	56	3.038729	0.585357	3.160018	6.784104
12	57	3.038729	0.585357	3.160018	6.784104
12	58	3.038729	0.700128	4.298830	8.037687
12	59	3.038729	0.560164	2.910039	6.508933
12	60	3.038729	0.559891	3.013256	6.611876
12	61	3.038729	0.632424	3.627041	7.298195
12	62	3.038729	0.627755	3.739605	7.406090
12	63	3.038729	0.498851	2.301659	5.839239
12	64	3.038729	0.464797	2.493402	5.996929
12	65	3.038729	0.632424	3.627041	7.298195
12	66	3.038729	0.599255	3.297919	6.935903
12	67	3.038729	0.578333	3.090321	6.707384
12	68	3.038729	0.515979	2.471614	6.026322
12	69	3.038729	0.627755	3.739605	7.406090
12	70	3.038729	0.624135	3.544797	7.207662
12	71	3.038729	0.578696	3.093925	6.711351
12	72	3.038729	0.700128	4.298830	8.037687
12	73	3.038729	0.648274	3.784312	7.471315
12	74	3.038729	0.625723	3.560554	7.225007
12	75	3.038729	0.591390	3.219878	6.849997
12	76	3.038729	0.572002	3.027508	6.638240
12	77	3.038729	0.478813	2.102838	5.620380
12	78	3.038729	0.625196	3.555324	7.219250
12	79	3.038729	0.550056	2.809742	6.398527
12	80	3.038729	0.589919	3.205284	6.833932
12	81	3.038729	0.530049	2.611227	6.180005
12	82	3.038729	0.562255	2.930793	6.531778
12	83	3.038729	0.479518	2.109831	5.628078
12	84	3.038729	0.572002	3.027508	6.638240
12	85	3.038729	0.478813	2.102838	5.620380
12	86	3.038729	0.500910	2.322094	5.861734
12	87	3.038729	0.546647	2.987778	6.573155
12	88	3.038729	0.540859	2.718482	6.298070
12	89	3.038729	0.481338	2.127895	5.647963
12	90	3.038729	0.464797	2.493402	5.996929
12	91	3.038729	0.475094	2.065932	5.579756
12	92	3.038729	0.550056	2.809742	6.398527
12	93	3.038729	0.578333	3.090321	6.707384
12	94	3.038729	0.537788	2.688016	6.264533
12	95	3.038729	0.564724	2.955288	6.558741
12	96	3.038729	0.425084	1.569711	5.033525
12	97	3.038729	0.632978	3.632538	7.304245
12	98	3.038729	0.444703	1.764376	5.247808
12	99	3.038729	0.565418	2.962170	6.566318
13	0	3.245132	0.640393	3.706112	7.591637
13	1	3.245132	0.640393	3.706112	7.591637
13	2	3.245132	0.620185	3.505597	7.370913
13	3	3.245132	0.553578	2.844694	6.643404
13	4	3.245132	0.538617	2.696243	6.479991
13	5	3.245132	0.479782	2.112446	5.837359
13	6	3.245132	0.598041	3.285879	7.129052
13	7	3.245132	0.558502	2.893555	6.697189
13	8	3.245132	0.583243	3.139040	6.967414
13	9	3.245132	0.610415	3.620507	7.476053
13	10	3.245132	0.537809	3.058967	6.841907
13	11	3.245132	0.575665	3.063853	6.884650
13	12	3.245132	0.581819	3.124911	6.951861
13	13	3.245132	0.535771	2.668004	6.448907
13	14	3.245132	0.513411	2.446136	6.204679
13	15	3.245132	0.558502	2.893555	6.697189
13	16	3.245132	0.494758	2.261053	6.000943
13	17	3.245132	0.625566	3.558997	7.429695
13	18	3.245132	0.478189	2.096645	5.819965
13	19	3.245132	0.567942	2.987216	6.800290
13	20	3.245132	0.694006	4.291053	8.230191
13	21	3.245132	0.526222	2.573248	6.344602
13	22	3.245132	0.496088	2.274248	6.015468
13	23	3.245132	0.548301	2.792334	6.585767
13	24	3.245132	0.593523	3.241042	7.079696
13	25	3.245132	0.567957	2.987364	6.800453
13	26	3.245132	0.496088	2.274248	6.015468
13	27	3.245132	0.620185	3.505597	7.370913
13	28	3.245132	0.548301	2.792334	6.585767
13	29	3.245132	0.530452	2.615220	6.390803
13	30	3.245132	0.567827	2.986078	6.799037
13	31	3.245132	0.538617	2.696243	6.479991
13	32	3.245132	0.559802	3.171265	6.976198
13	33	3.245132	0.530452	2.615220	6.390803
13	34	3.245132	0.443701	1.754435	5.443267
13	35	3.245132	0.605013	3.355059	7.205204
13	36	3.245132	0.429957	1.618059	5.293148
13	37	3.245132	0.583243	3.139040	6.967414
13	38	3.245132	0.599857	3.303893	7.148882
13	39	3.245132	0.569360	3.001288	6.815780
13	40	3.245132	0.510945	2.421666	6.177743
13	41	3.245132	0.604657	3.351518	7.201306
13	42	3.245132	0.572138	3.028857	6.846127
13	43	3.245132	0.507605	2.388521	6.141258
13	44	3.245132	0.604487	3.349840	7.199459
13	45	3.245132	0.659498	3.895688	7.800318
13	46	3.245132	0.599204	3.297411	7.141746
13	47	3.245132	0.552891	2.837872	6.635894
13	48	3.245132	0.536929	2.679488	6.461549
13	49	3.245132	0.604487	3.349840	7.199459
13	50	3.245132	0.501898	2.331893	6.078922
13	51	3.245132	0.567957	2.987364	6.800453
13	52	3.245132	0.575665	3.063853	6.884650
13	53	3.245132	0.553578	2.844694	6.643404
13	54	3.245132	0.487902	2.193020	5.926053
13	55	3.245132	0.443701	1.754435	5.443267
13	56	3.245132	0.549739	2.806599	6.601469
13	57	3.245132	0.533758	2.648029	6.426919
13	58	3.245132	0.633312	3.847703	7.726146
13	59	3.245132	0.566171	2.969646	6.780948
13	60	3.245132	0.548301	2.792334	6.585767
13	61	3.245132	0.533157	3.012811	6.791100
13	62	3.245132	0.474221	2.692840	6.412193
13	63	3.245132	0.659498	3.895688	7.800318
13	64	3.245132	0.536929	2.679488	6.461549
13	65	3.245132	0.554826	2.857077	6.657035
13	66	3.245132	0.533758	2.648029	6.426919
13	67	3.245132	0.618503	3.488907	7.352542
13	68	3.245132	0.614187	3.657935	7.517253
13	69	3.245132	0.572138	3.028857	6.846127
13	70	3.245132	0.535771	2.668004	6.448907
13	71	3.245132	0.600551	3.310785	7.156468
13	72	3.245132	0.604165	3.346637	7.195933
13	73	3.245132	0.573753	3.044874	6.863758
13	74	3.245132	0.614187	3.657935	7.517253
13	75	3.245132	0.500887	2.321862	6.067881
13	76	3.245132	0.557646	2.885055	6.687833
13	77	3.245132	0.567957	2.987364	6.800453
13	78	3.245132	0.583243	3.139040	6.967414
13	79	3.245132	0.536929	2.679488	6.461549
13	80	3.245132	0.558502	2.893555	6.697189
13	81	3.245132	0.535771	2.668004	6.448907
13	82	3.245132	0.489099	2.204898	5.939129
13	83	3.245132	0.522840	2.539690	6.307661
13	84	3.245132	0.609478	3.558252	7.412862
13	85	3.245132	0.473965	2.054736	5.773833
13	86	3.245132	0.552891	2.837872	6.635894
13	87	3.245132	0.708914	4.386014	8.340059
13	88	3.245132	0.558502	2.893555	6.697189
13	89	3.245132	0.645001	3.751838	7.641970
13	90	3.245132	0.478189	2.096645	5.819965
13	91	3.245132	0.605013	3.355059	7.205204
13	92	3.245132	0.494758	2.261053	6.000943
13	93	3.245132	0.538617	2.696243	6.479991
13	94	3.245132	0.489099	2.204898	5.939129
13	95	3.245132	0.541675	2.726584	6.513391
13	96	3.245132	0.681257	4.111589	8.037978
13	97	3.245132	0.708914	4.386014	8.340059
13	98	3.245132	0.533758	2.648029	6.426919
13	99	3.245132	0.513411	2.446136	6.204679
14	0	3.156950	0.464699	1.962792	5.584442
14	1	3.156950	0.529082	2.601631	6.287663
14	2	3.156950	0.633325	3.635979	7.426254
14	3	3.156950	0.567529	2.983125	6.707605
14	4	3.156950	0.551113	2.820235	6.528299
14	5	3.156950	0.531406	2.624694	6.313050
14	6	3.156950	0.562775	2.935950	6.655675
14	7	3.156950	0.562233	2.930576	6.649759
14	8	3.156950	0.563434	2.942484	6.662868
14	9	3.156950	0.526704	2.578035	6.261690
14	10	3.156950	0.543784	2.747507	6.448241
14	11	3.156950	0.499038	2.303514	5.959502
14	12	3.156950	0.584173	3.148270	6.889393
14	13	3.156950	0.615784	3.461935	7.234670
14	14	3.156950	0.629578	3.757691	7.544220
14	15	3.156950	0.559781	2.906244	6.622975
14	16	3.156950	0.503754	2.350308	6.011012
14	17	3.156950	0.562775	2.935950	6.655675
14	18	3.156950	0.677037	4.069710	7.903697
14	19	3.156950	0.551113	2.820235	6.528299
14	20	3.156950	0.464699	1.962792	5.584442
14	21	3.156950	0.539564	2.705634	6.402148
14	22	3.156950	0.563843	2.946545	6.667338
14	23	3.156950	0.527977	2.590667	6.275594
14	24	3.156950	0.544421	2.753835	6.455206
14	25	3.156950	0.521929	2.530659	6.209538
14	26	3.156950	0.482735	2.141751	5.781437
14	27	3.156950	0.516263	2.474431	6.147644
14	28	3.156950	0.544421	2.753835	6.455206
14	29	3.156950	0.527903	2.589930	6.274783
14	30	3.156950	0.544421	2.753835	6.455206
14	31	3.156950	0.551113	2.820235	6.528299
14	32	3.156950	0.640963	3.711771	7.509685
14	33	3.156950	0.552999	2.838947	6.548896
14	34	3.156950	0.516263	2.474431	6.147644
14	35	3.156950	0.516263	2.474431	6.147644
14	36	3.156950	0.556243	2.871131	6.584324
14	37	3.156950	0.680412	4.103199	7.940561
14	38	3.156950	0.570023	3.325653	7.052627
14	39	3.156950	0.559395	3.167232	6.883578
14	40	3.156950	0.648611	3.787653	7.593214
14	41	3.156950	0.551113	2.820235	6.528299
14	42	3.156950	0.563951	2.947615	6.668516
14	43	3.156950	0.489578	2.209655	5.856184
14	44	3.156950	0.616469	3.468732	7.242151
14	45	3.156950	0.527903	2.589930	6.274783
14	46	3.156950	0.519473	2.506288	6.182712
14	47	3.156950	0.564652	2.954572	6.676174
14	48	3.156950	0.509123	2.403582	6.069655
14	49	3.156950	0.564652	2.954572	6.676174
14	50	3.156950	0.482735	2.141751	5.781437
14	51	3.156950	0.640963	3.711771	7.509685
14	52	3.156950	0.498654	2.299711	5.955315
14	53	3.156950	0.563434	2.942484	6.662868
14	54	3.156950	0.499038	2.303514	5.959502
14	55	3.156950	0.526704	2.578035	6.261690
14	56	3.156950	0.594353	3.249278	7.000581
14	57	3.156950	0.605105	3.355971	7.118026
14	58	3.156950	0.616316	3.467213	7.240480
14	59	3.156950	0.567529	2.983125	6.707605
14	60	3.156950	0.491493	2.228657	5.877101
14	61	3.156950	0.493518	2.248748	5.899216
14	62	3.156950	0.493518	2.248748	5.899216
14	63	3.156950	0.501765	2.330575	5.989290
14	64	3.156950	0.690048	4.198816	8.045815
14	65	3.156950	0.488903	2.202955	5.848809
14	66	3.156950	0.688044	4.231898	8.076892
14	67	3.156950	0.509123	2.403582	6.069655
14	68	3.156950	0.553564	2.844550	6.555064
14	69	3.156950	0.604844	3.353380	7.115175
14	70	3.156950	0.552999	2.838947	6.548896
14	71	3.156950	0.625166	3.555022	7.337138
14	72	3.156950	0.489578	2.209655	5.856184
14	73	3.156950	0.564652	2.954572	6.676174
14	74	3.156950	0.668321	4.036195	7.861467
14	75	3.156950	0.563434	2.942484	6.662868
14	76	3.156950	0.491493	2.228657	5.877101
14	77	3.156950	0.557099	3.250372	6.964421
14	78	3.156950	0.585973	3.219094	6.962017
14	79	3.156950	0.529082	2.601631	6.287663
14	80	3.156950	0.690048	4.198816	8.045815
14	81	3.156950	0.537909	2.689214	6.384073
14	82	3.156950	0.559395	3.167232	6.883578
14	83	3.156950	0.489578	2.209655	5.856184
14	84	3.156950	0.506817	2.380704	6.044471
14	85	3.156950	0.517751	2.489194	6.163895
14	86	3.156950	0.531406	2.624694	6.313050
14	87	3.156950	0.506817	2.380704	6.044471
14	88	3.156950	0.529082	2.601631	6.287663
14	89	3.156950	0.556207	2.870777	6.583934
14	90	3.156950	0.545795	2.767461	6.470205
14	91	3.156950	0.529082	2.601631	6.287663
14	92	3.156950	0.556207	2.870777	6.583934
14	93	3.156950	0.642836	3.836279	7.636066
14	94	3.156950	0.489578	2.209655	5.856184
14	95	3.156950	0.499038	2.303514	5.959502
14	96	3.156950	0.599026	3.507505	7.263482
14	97	3.156950	0.625166	3.555022	7.337138
14	98	3.156950	0.438393	1.701770	5.297113
14	99	3.156950	0.584173	3.148270	6.889393
15	0	3.225072	0.623956	3.543018	7.392047
15	1	3.225072	0.568456	2.992319	6.785847
15	2	3.225072	0.482337	2.137804	5.845213
15	3	3.225072	0.482055	2.135007	5.842134
15	4	3.225072	0.576635	3.073470	6.875177
15	5	3.225072	0.550781	3.240646	7.016498
15	6	3.225072	0.534752	2.657891	6.417715
15	7	3.225072	0.518432	2.495955	6.239459
15	8	3.225072	0.491560	2.229322	5.945954
15	9	3.225072	0.580599	3.112811	6.918482
15	10	3.225072	0.611918	3.423573	7.260563
15	11	3.225072	0.583892	3.145480	6.954444
15	12	3.225072	0.634579	3.648424	7.508075
15	13	3.225072	0.585081	3.157285	6.967438
15	14	3.225072	0.576560	3.072731	6.874363
15	15	3.225072	0.475765	2.072591	5.773428
15	16	3.225072	0.617649	3.480437	7.323158
15	17	3.225072	0.489496	2.208838	5.923406
15	18	3.225072	0.576635	3.073470	6.875177
15	19	3.225072	0.623956	3.543018	7.392047
15	20	3.225072	0.622188	3.525471	7.372730
15	21	3.225072	0.550502	2.814172	6.589746
15	22	3.225072	0.602723	3.332336	7.160132
15	23	3.225072	0.562072	2.928971	6.716115
15	24	3.225072	0.579546	3.102363	6.906981
15	25	3.225072	0.491560	2.229322	5.945954
15	26	3.225072	0.526616	2.577165	6.328854
15	27	3.225072	0.622188	3.525471	7.372730
15	28	3.225072	0.600508	3.310354	7.135934
15	29	3.225072	0.556461	3.191078	6.972611
15	30	3.225072	0.573844	3.151705	6.950620
15	31	3.225072	0.514076	2.452735	6.191884
15	32	3.225072	0.505189	2.364550	6.094811
15	33	3.225072	0.580281	3.109654	6.915007
15	34	3.225072	0.637108	3.673516	7.535696
15	35	3.225072	0.525190	2.563007	6.313268
15	36	3.225072	0.577779	3.084821	6.887672
15	37	3.225072	0.514076	2.452735	6.191884
15	38	3.225072	0.602684	3.331942	7.159697
15	39	3.225072	0.717228	4.468512	8.410813
15	40	3.225072	0.659589	3.896590	7.781252
15	41	3.225072	0.576962	3.076719	6.878753
15	42	3.225072	0.519340	2.504968	6.249380
15	43	3.225072	0.611918	3.423573	7.260563
15	44	3.225072	0.638423	3.686570	7.550066
15	45	3.225072	0.474451	2.589191	6.288714
15	46	3.225072	0.541856	2.728378	6.495306
15	47	3.225072	0.617649	3.480437	7.323158
15	48	3.225072	0.602684	3.331942	7.159697
15	49	3.225072	0.550502	2.814172	6.589746
15	50	3.225072	0.617649	3.480437	7.323158
15	51	3.225072	0.673418	4.298621	8.197111
15	52	3.225072	0.634579	3.648424	7.508075
15	53	3.225072	0.537553	2.897542	6.660167
15	54	3.225072	0.552842	2.837390	6.615305
15	55	3.225072	0.502568	2.338549	6.066189
15	56	3.225072	0.540161	2.711562	6.476796
15	57	3.225072	0.660819	3.908791	7.794683
15	58	3.225072	0.502703	2.339884	6.067660
15	59	3.225072	0.600508	3.310354	7.135934
15	60	3.225072	0.617253	3.476509	7.318834
15	61	3.225072	0.519340	2.504968	6.249380
15	62	3.225072	0.578046	3.087475	6.890593
15	63	3.225072	0.542015	2.729953	6.497039
15	64	3.225072	0.568456	2.992319	6.785847
15	65	3.225072	0.634579	3.648424	7.508075
15	66	3.225072	0.546960	2.779028	6.551060
15	67	3.225072	0.599786	3.409114	7.233971
15	68	3.225072	0.558409	2.892626	6.676107
15	69	3.225072	0.574569	3.052974	6.852615
15	70	3.225072	0.538812	2.698178	6.462063
15	71	3.225072	0.638423	3.686570	7.550066
15	72	3.225072	0.538812	2.698178	6.462063
15	73	3.225072	0.712477	4.421369	8.358918
15	74	3.225072	0.655444	3.908425	7.788941
15	75	3.225072	0.576962	3.076719	6.878753
15	76	3.225072	0.475765	2.072591	5.773428
15	77	3.225072	0.546960	2.779028	6.551060
15	78	3.225072	0.553333	2.842257	6.620662
15	79	3.225072	0.463579	1.951678	5.640329
15	80	3.225072	0.502703	2.339884	6.067660
15	81	3.225072	0.514076	2.452735	6.191884
15	82	3.225072	0.543402	2.743722	6.512197
15	83	3.225072	0.577779	3.084821	6.887672
15	84	3.225072	0.556461	3.191078	6.972611
15	85	3.225072	0.538812	2.698178	6.462063
15	86	3.225072	0.659589	3.896590	7.781252
15	87	3.225072	0.580599	3.112811	6.918482
15	88	3.225072	0.463579	1.951678	5.640329
15	89	3.225072	0.575888	3.066063	6.867023
15	90	3.225072	0.542968	2.739412	6.507452
15	91	3.225072	0.550781	3.240646	7.016498
15	92	3.225072	0.524290	2.554079	6.303441
15	93	3.225072	0.552842	2.837390	6.615305
15	94	3.225072	0.542015	2.729953	6.497039
15	95	3.225072	0.482337	2.137804	5.845213
15	96	3.225072	0.524290	2.554079	6.303441
15	97	3.225072	0.568456	2.992319	6.785847
15	98	3.225072	0.482055	2.135007	5.842134
15	99	3.225072	0.576635	3.073470	6.875177
16	0	3.161566	0.512594	2.438032	6.112192
16	1	3.161566	0.622302	3.526608	7.310477
16	2	3.161566	0.505672	2.369341	6.036579
16	3	3.161566	0.607666	3.381378	7.150610
16	4	3.161566	0.519411	2.505670	6.186648
16	5	3.161566	0.622302	3.526608	7.310477
16	6	3.161566	0.568456	2.992320	6.722343
16	7	3.161566	0.526602	2.577019	6.265187
16	8	3.161566	0.613967	3.602789	7.378322
16	9	3.161566	0.618137	3.485281	7.264985
16	10	3.161566	0.544516	2.754770	6.460852
16	11	3.161566	0.639848	3.700709	7.502123
16	12	3.161566	0.586200	3.168388	6.916155
16	13	3.161566	0.607711	3.381828	7.151105
16	14	3.161566	0.521712	2.528497	6.211775
16	15	3.161566	0.528506	2.595910	6.285982
16	16	3.161566	0.576324	3.070387	6.808278
16	17	3.161566	0.517655	2.488242	6.167463
16	18	3.161566	0.607711	3.381828	7.151105
16	19	3.161566	0.591925	3.225186	6.978677
16	20	3.161566	0.540775	2.717653	6.419994
16	21	3.161566	0.519411	2.505670	6.186648
16	22	3.161566	0.519411	2.505670	6.186648
16	23	3.161566	0.560174	2.910140	6.631880
16	24	3.161566	0.639848	3.700709	7.502123
16	25	3.161566	0.476415	2.079038	5.717019
16	26	3.161566	0.672820	4.027868	7.862254
16	27	3.161566	0.573202	3.092378	6.827147
16	28	3.161566	0.609371	3.398296	7.169233
16	29	3.161566	0.652597	3.827205	7.641368
16	30	3.161566	0.582848	3.188087	6.932501
16	31	3.161566	0.521712	2.528497	6.211775
16	32	3.161566	0.532990	2.640409	6.334965
16	33	3.161566	0.540775	2.717653	6.419994
16	34	3.161566	0.526602	2.577019	6.265187
16	35	3.161566	0.639848	3.700709	7.502123
16	36	3.161566	0.434653	1.664656	5.260875
16	37	3.161566	0.607666	3.381378	7.150610
16	38	3.161566	0.540775	2.717653	6.419994
16	39	3.161566	0.478374	2.098484	5.738425
16	40	3.161566	0.459839	1.914567	5.535973
16	41	3.161566	0.568456	2.992320	6.722343
16	42	3.161566	0.641345	3.715562	7.518474
16	43	3.161566	0.546887	2.778303	6.486757
16	44	3.161566	0.607711	3.381828	7.151105
16	45	3.161566	0.497989	2.293106	5.952661
16	46	3.161566	0.487050	2.184566	5.833182
16	47	3.161566	0.416415	1.483692	5.061673
16	48	3.161566	0.631449	3.617365	7.410380
16	49	3.161566	0.578768	3.094644	6.834979
16	50	3.161566	0.639848	3.700709	7.502123
16	51	3.161566	0.459839	1.914567	5.535973
16	52	3.161566	0.483831	2.152631	5.798029
16	53	3.161566	0.478374	2.098484	5.738425
16	54	3.161566	0.523468	2.545926	6.230961
16	55	3.161566	0.555308	2.861858	6.578732
16	56	3.161566	0.483831	2.152631	5.798029
16	57	3.161566	0.568456	2.992320	6.722343
16	58	3.161566	0.558830	2.896806	6.617202
16	59	3.161566	0.578479	3.091770	6.831815
16	60	3.161566	0.517655	2.488242	6.167463
16	61	3.161566	0.609371	3.398296	7.169233
16	62	3.161566	0.596269	3.268295	7.026131
16	63	3.161566	0.578768	3.094644	6.834979
16	64	3.161566	0.530174	2.930246	6.621986
16	65	3.161566	0.641345	3.715562	7.518474
16	66	3.161566	0.569270	3.000399	6.731236
16	67	3.161566	0.587798	3.343127	7.092491
16	68	3.161566	0.517655	2.488242	6.167463
16	69	3.161566	0.566143	2.969366	6.697075
16	70	3.161566	0.478374	2.098484	5.738425
16	71	3.161566	0.467492	2.520136	6.149194
16	72	3.161566	0.522328	2.534611	6.218505
16	73	3.161566	0.558830	2.896806	6.617202
16	74	3.161566	0.555308	2.861858	6.578732
16	75	3.161566	0.612442	3.428765	7.202773
16	76	3.161566	0.530174	2.930246	6.621986
16	77	3.161566	0.664456	3.944877	7.770899
16	78	3.161566	0.573202	3.092378	6.827147
16	79	3.161566	0.566143	2.969366	6.697075
16	80	3.161566	0.530399	2.614695	6.306660
16	81	3.161566	0.560174	2.910140	6.631880
16	82	3.161566	0.660201	3.902655	7.724422
16	83	3.161566	0.487050	2.184566	5.833182
16	84	3.161566	0.557356	2.882179	6.601101
16	85	3.161566	0.495667	2.270073	5.927307
16	86	3.161566	0.459839	1.914567	5.535973
16	87	3.161566	0.568456	2.992320	6.722343
16	88	3.161566	0.586445	3.170812	6.918823
16	89	3.161566	0.612442	3.428765	7.202773
16	90	3.161566	0.624209	3.545527	7.331302
16	91	3.161566	0.561316	2.921473	6.644355
16	92	3.161566	0.512594	2.438032	6.112192
16	93	3.161566	0.676873	4.174017	8.012457
16	94	3.161566	0.522328	2.534611	6.218505
16	95	3.161566	0.578096	3.140940	6.880603
16	96	3.161566	0.476415	2.079038	5.717019
16	97	3.161566	0.616839	3.472403	7.250808
16	98	3.161566	0.526167	2.572707	6.260441
16	99	3.161566	0.642002	3.722079	7.525648
17	0	3.231814	0.567786	2.985671	6.785271
17	1	3.231814	0.552065	2.829676	6.613555
17	2	3.231814	0.626789	3.571126	7.429728
17	3	3.231814	0.552564	3.258339	7.042717
17	4	3.231814	0.520330	2.514785	6.266928
17	5	3.231814	0.513878	2.450765	6.196457
17	6	3.231814	0.558887	2.897372	6.688073
17	7	3.231814	0.569900	3.006645	6.808359
17	8	3.231814	0.414750	1.467167	5.113730
17	9	3.231814	0.590550	3.211551	7.033915
17	10	3.231814	0.517087	2.482614	6.231515
17	11	3.231814	0.570925	3.334604	7.137343
17	12	3.231814	0.635921	3.661738	7.529472
17	13	3.231814	0.654891	3.849973	7.736678
17	14	3.231814	0.414750	1.467167	5.113730
17	15	3.231814	0.605187	3.356784	7.193785
17	16	3.231814	0.680031	4.099426	8.011271
17	17	3.231814	0.640538	3.866441	7.738793
17	18	3.231814	0.487711	2.191126	5.910651
17	19	3.231814	0.521936	2.530721	6.284470
17	20	3.231814	0.535063	2.660976	6.427853
17	21	3.231814	0.571964	3.186018	6.989796
17	22	3.231814	0.533349	2.643964	6.409127
17	23	3.231814	0.507286	2.385359	6.124458
17	24	3.231814	0.533349	2.643964	6.409127
17	25	3.231814	0.612499	3.482301	7.326614
17	26	3.231814	0.605187	3.356784	7.193785
17	27	3.231814	0.493075	2.244353	5.969242
17	28	3.231814	0.541999	2.729804	6.503617
17	29	3.231814	0.483360	2.147958	5.863132
17	30	3.231814	0.545870	2.768205	6.545889
17	31	3.231814	0.437551	1.693411	5.362776
17	32	3.231814	0.465978	1.975482	5.673274
17	33	3.231814	0.630235	3.605323	7.467372
17	34	3.231814	0.559178	2.900259	6.691251
17	35	3.231814	0.513878	2.450765	6.196457
17	36	3.231814	0.459421	1.910423	5.601658
17	37	3.231814	0.493075	2.244353	5.969242
17	38	3.231814	0.567786	2.985671	6.785271
17	39	3.231814	0.605577	3.625466	7.462856
17	40	3.231814	0.481917	2.133635	5.847366
17	41	3.231814	0.567786	2.985671	6.785271
17	42	3.231814	0.626789	3.571126	7.429728
17	43	3.231814	0.606571	3.370514	7.208899
17	44	3.231814	0.607236	3.377114	7.216164
17	45	3.231814	0.535063	2.660976	6.427853
17	46	3.231814	0.514627	2.458201	6.204641
17	47	3.231814	0.598631	3.291726	7.122170
17	48	3.231814	0.550825	2.817373	6.600011
17	49	3.231814	0.559178	2.900259	6.691251
17	50	3.231814	0.605187	3.356784	7.193785
17	51	3.231814	0.513447	2.446495	6.191756
17	52	3.231814	0.672832	4.027991	7.932637
17	53	3.231814	0.517087	2.482614	6.231515
17	54	3.231814	0.472647	2.041657	5.746118
17	55	3.231814	0.517515	2.486859	6.236188
17	56	3.231814	0.534592	2.656302	6.422708
17	57	3.231814	0.579086	3.097790	6.908689
17	58	3.231814	0.513447	2.446495	6.191756
17	59	3.231814	0.605187	3.356784	7.193785
17	60	3.231814	0.591536	3.221333	7.044683
17	61	3.231814	0.606940	3.374173	7.212927
17	62	3.231814	0.515095	2.462841	6.209749
17	63	3.231814	0.520330	2.514785	6.266928
17	64	3.231814	0.671058	4.010385	7.913257
17	65	3.231814	0.594977	3.414369	7.241160
17	66	3.231814	0.568660	2.994339	6.794812
17	67	3.231814	0.493075	2.244353	5.969242
17	68	3.231814	0.506042	2.373012	6.110867
17	69	3.231814	0.512092	2.433047	6.176953
17	70	3.231814	0.512788	2.439950	6.184551
17	71	3.231814	0.521936	2.530721	6.284470
17	72	3.231814	0.465978	1.975482	5.673274
17	73	3.231814	0.541999	2.729804	6.503617
17	74	3.231814	0.506042	2.373012	6.110867
17	75	3.231814	0.459421	1.910423	5.601658
17	76	3.231814	0.557681	2.885404	6.674898
17	77	3.231814	0.579086	3.097790	6.908689
17	78	3.231814	0.626789	3.571126	7.429728
17	79	3.231814	0.535063	2.660976	6.427853
17	80	3.231814	0.627851	3.634625	7.494290
17	81	3.231814	0.483360	2.147958	5.863132
17	82	3.231814	0.517087	2.482614	6.231515
17	83	3.231814	0.607009	3.374864	7.213687
17	84	3.231814	0.465978	1.975482	5.673274
17	85	3.231814	0.530887	2.619536	6.382236
17	86	3.231814	0.630235	3.605323	7.467372
17	87	3.231814	0.514627	2.458201	6.204641
17	88	3.231814	0.436823	2.268795	5.937432
17	89	3.231814	0.548163	2.790957	6.570933
17	90	3.231814	0.514627	2.458201	6.204641
17	91	3.231814	0.635921	3.661738	7.529472
17	92	3.231814	0.605577	3.625466	7.462856
17	93	3.231814	0.545870	2.768205	6.545889
17	94	3.231814	0.664163	3.941971	7.837948
17	95	3.231814	0.607009	3.374864	7.213687
17	96	3.231814	0.627425	3.577437	7.436675
17	97	3.231814	0.541999	2.729804	6.503617
17	98	3.231814	0.607009	3.374864	7.213687
17	99	3.231814	0.487711	2.191126	5.910651
18	0	3.276296	0.636448	3.719934	7.632678
18	1	3.276296	0.438355	1.701389	5.416040
18	2	3.276296	0.490249	2.216311	5.982856
18	3	3.276296	0.578445	3.091434	6.946176
18	4	3.276296	0.641118	3.713310	7.630724
18	5	3.276296	0.533986	2.650289	6.460571
18	6	3.276296	0.577181	3.078889	6.932366
18	7	3.276296	0.470556	2.020906	5.767759
18	8	3.276296	0.568917	2.996894	6.842108
18	9	3.276296	0.500116	2.631998	6.408411
18	10	3.276296	0.669746	3.997372	7.943414
18	11	3.276296	0.641118	3.713310	7.630724
18	12	3.276296	0.419143	1.510762	5.206202
18	13	3.276296	0.528128	2.592166	6.396591
18	14	3.276296	0.490249	2.216311	5.982856
18	15	3.276296	0.530971	2.620375	6.427642
18	16	3.276296	0.567539	2.983221	6.827057
18	17	3.276296	0.608273	3.387406	7.271975
18	18	3.276296	0.511663	2.428793	6.216752
18	19	3.276296	0.516495	2.476734	6.269525
18	20	3.276296	0.564724	2.955287	6.796307
18	21	3.276296	0.516495	2.476734	6.269525
18	22	3.276296	0.491024	2.806603	6.573924
18	23	3.276296	0.561333	2.921640	6.759269
18	24	3.276296	0.482139	2.135841	5.894277
18	25	3.276296	0.525407	2.565165	6.366868
18	26	3.276296	0.519814	2.509672	6.305783
18	27	3.276296	0.575122	3.058463	6.909881
18	28	3.276296	0.610765	3.412132	7.299193
18	29	3.276296	0.516495	2.476734	6.269525
18	30	3.276296	0.528128	2.592166	6.396591
18	31	3.276296	0.464036	1.956208	5.696540
18	32	3.276296	0.509285	2.405192	6.190773
18	33	3.276296	0.599981	3.305127	7.181405
18	34	3.276296	0.625733	3.560649	7.462679
18	35	3.276296	0.554859	3.175181	7.006336
18	36	3.276296	0.493195	2.245537	6.015027
18	37	3.276296	0.578445	3.091434	6.946176
18	38	3.276296	0.525896	2.570015	6.372207
18	39	3.276296	0.621552	3.519162	7.417011
18	40	3.276296	0.669746	3.997372	7.943414
18	41	3.276296	0.623675	3.540225	7.440196
18	42	3.276296	0.556255	2.871254	6.703806
18	43	3.276296	0.573693	3.044286	6.894276
18	44	3.276296	0.470556	2.020906	5.767759
18	45	3.276296	0.608434	3.388995	7.273725
18	46	3.276296	0.511663	2.428793	6.216752
18	47	3.276296	0.564724	2.955287	6.796307
18	48	3.276296	0.557911	3.152507	6.986715
18	49	3.276296	0.647138	3.826000	7.749434
18	50	3.276296	0.470286	2.018226	5.764808
18	51	3.276296	0.470286	2.018226	5.764808
18	52	3.276296	0.526326	2.574286	6.376909
18	53	3.276296	0.557554	2.884144	6.717994
18	54	3.276296	0.674607	4.045599	7.996502
18	55	3.276296	0.511667	2.428830	6.216794
18	56	3.276296	0.671613	4.015896	7.963806
18	57	3.276296	0.525896	2.570015	6.372207
18	58	3.276296	0.442574	2.325851	6.044721
18	59	3.276296	0.470286	2.018226	5.764808
18	60	3.276296	0.520955	2.520990	6.318241
18	61	3.276296	0.482139	2.135841	5.894277
18	62	3.276296	0.669746	3.997372	7.943414
18	63	3.276296	0.498288	2.296075	6.070659
18	64	3.276296	0.567664	2.984461	6.828421
18	65	3.276296	0.470556	2.020906	5.767759
18	66	3.276296	0.608434	3.388995	7.273725
18	67	3.276296	0.616782	3.471833	7.364911
18	68	3.276296	0.464036	1.956208	5.696540
18	69	3.276296	0.526326	2.574286	6.376909
18	70	3.276296	0.549932	2.808519	6.634748
18	71	3.276296	0.608273	3.387406	7.271975
18	72	3.276296	0.610765	3.412132	7.299193
18	73	3.276296	0.608273	3.387406	7.271975
18	74	3.276296	0.571934	3.026833	6.875064
18	75	3.276296	0.464036	1.956208	5.696540
18	76	3.276296	0.535208	2.821305	6.632809
18	77	3.276296	0.567539	2.983221	6.827057
18	78	3.276296	0.615002	3.454174	7.345473
18	79	3.276296	0.535364	2.663967	6.475627
18	80	3.276296	0.498288	2.296075	6.070659
18	81	3.276296	0.567664	2.984461	6.828421
18	82	3.276296	0.470286	2.018226	5.764808
18	83	3.276296	0.516495	2.476734	6.269525
18	84	3.276296	0.522481	2.536131	6.334908
18	85	3.276296	0.577181	3.078889	6.932366
18	86	3.276296	0.632814	3.630912	7.540022
18	87	3.276296	0.530971	2.620375	6.427642
18	88	3.276296	0.484711	2.638037	6.399045
18	89	3.276296	0.647535	3.829942	7.753773
18	90	3.276296	0.522481	2.536131	6.334908
18	91	3.276296	0.549422	2.803456	6.629175
18	92	3.276296	0.464036	1.956208	5.696540
18	93	3.276296	0.561333	2.921640	6.759269
18	94	3.276296	0.578445	3.091434	6.946176
18	95	3.276296	0.625733	3.560649	7.462679
18	96	3.276296	0.546746	2.776904	6.599947
18	97	3.276296	0.535364	2.663967	6.475627
18	98	3.276296	0.520955	2.520990	6.318241
18	99	3.276296	0.599981	3.305127	7.181405
19	0	3.165710	0.682302	4.121957	7.969969
19	1	3.165710	0.469941	2.014800	5.650450
19	2	3.165710	0.615291	3.457038	7.238039
19	3	3.165710	0.513076	2.442808	6.121593
19	4	3.165710	0.526663	2.577624	6.269996
19	5	3.165710	0.481021	2.124749	5.771481
19	6	3.165710	0.497617	2.289419	5.952746
19	7	3.165710	0.555580	2.864560	6.585850
19	8	3.165710	0.659583	3.949493	7.774787
19	9	3.165710	0.645427	3.756067	7.567204
19	10	3.165710	0.497617	2.289419	5.952746
19	11	3.165710	0.619408	3.497885	7.283003
19	12	3.165710	0.511392	2.426099	6.103201
19	13	3.165710	0.565740	2.965373	6.696823
19	14	3.165710	0.606009	3.364942	7.136662
19	15	3.165710	0.490201	2.215837	5.871748
19	16	3.165710	0.627185	3.680982	7.473876
19	17	3.165710	0.641824	3.720310	7.527844
19	18	3.165710	0.571257	3.020110	6.757077
19	19	3.165710	0.492110	2.234774	5.892594
19	20	3.165710	0.575669	3.063890	6.805269
19	21	3.165710	0.619408	3.497885	7.283003
19	22	3.165710	0.555580	2.864560	6.585850
19	23	3.165710	0.612515	3.429492	7.207716
19	24	3.165710	0.632582	3.628607	7.426899
19	25	3.165710	0.593757	3.243371	7.002839
19	26	3.165710	0.555580	2.864560	6.585850
19	27	3.165710	0.548858	2.797853	6.512421
19	28	3.165710	0.555580	2.864560	6.585850
19	29	3.165710	0.582969	3.136327	6.885006
19	30	3.165710	0.507174	2.596103	6.268987
19	31	3.165710	0.578658	3.093548	6.837916
19	32	3.165710	0.589652	3.202637	6.957999
19	33	3.165710	0.583848	3.356900	7.106458
19	34	3.165710	0.516873	2.480490	6.163073
19	35	3.165710	0.604339	3.348369	7.118418
19	36	3.165710	0.593757	3.243371	7.002839
19	37	3.165710	0.530253	2.613247	6.309209
19	38	3.165710	0.659583	3.949493	7.774787
19	39	3.165710	0.500254	2.315586	5.981550
19	40	3.165710	0.584572	3.152234	6.902516
19	41	3.165710	0.492110	2.234774	5.892594
19	42	3.165710	0.504887	2.361550	6.032147
19	43	3.165710	0.569337	3.001059	6.736106
19	44	3.165710	0.612515	3.429492	7.207716
19	45	3.165710	0.500254	2.315586	5.981550
19	46	3.165710	0.492110	2.234774	5.892594
19	47	3.165710	0.602112	3.326275	7.094097
19	48	3.165710	0.645427	3.756067	7.567204
19	49	3.165710	0.500254	2.315586	5.981550
19	50	3.165710	0.618955	3.493398	7.278064
19	51	3.165710	0.563759	3.051638	6.781107
19	52	3.165710	0.487168	2.185734	5.838612
19	53	3.165710	0.682302	4.121957	7.969969
19	54	3.165710	0.699723	4.294814	8.160247
19	55	3.165710	0.618955	3.493398	7.278064
19	56	3.165710	0.526663	2.577624	6.269996
19	57	3.165710	0.540706	2.716966	6.423382
19	58	3.165710	0.500254	2.315586	5.981550
19	59	3.165710	0.555809	3.131650	6.853169
19	60	3.165710	0.589214	3.198289	6.953212
19	61	3.165710	0.490201	2.215837	5.871748
19	62	3.165710	0.614205	3.446261	7.226175
19	63	3.165710	0.617021	3.474205	7.256936
19	64	3.165710	0.617021	3.474205	7.256936
19	65	3.165710	0.548858	2.797853	6.512421
19	66	3.165710	0.554836	2.857172	6.577718
19	67	3.165710	0.469941	2.014800	5.650450
19	68	3.165710	0.530889	2.619559	6.316158
19	69	3.165710	0.490201	2.215837	5.871748
19	70	3.165710	0.424612	2.200594	5.790916
19	71	3.165710	0.619408	3.497885	7.283003
19	72	3.165710	0.418757	1.506930	5.091397
19	73	3.165710	0.557804	2.886625	6.610139
19	74	3.165710	0.571172	3.019265	6.756146
19	75	3.165710	0.507761	2.390071	6.063542
19	76	3.165710	0.524025	2.551454	6.241189
19	77	3.165710	0.618955	3.493398	7.278064
19	78	3.165710	0.505788	2.847173	6.518671
19	79	3.165710	0.530253	2.613247	6.309209
19	80	3.165710	0.511392	2.426099	6.103201
19	81	3.165710	0.526142	2.572461	6.264314
19	82	3.165710	0.516873	2.480490	6.163073
19	83	3.165710	0.539678	2.706771	6.412159
19	84	3.165710	0.589214	3.198289	6.953212
19	85	3.165710	0.559240	2.900878	6.625828
19	86	3.165710	0.660571	3.906326	7.732606
19	87	3.165710	0.526142	2.572461	6.264314
19	88	3.165710	0.571172	3.019265	6.756146
19	89	3.165710	0.470699	2.022321	5.658729
19	90	3.165710	0.489252	2.206421	5.861383
19	91	3.165710	0.699723	4.294814	8.160247
19	92	3.165710	0.507761	2.390071	6.063542
19	93	3.165710	0.499010	2.303237	5.967956
19	94	3.165710	0.593713	3.401821	7.161244
19	95	3.165710	0.470699	2.022321	5.658729
19	96	3.165710	0.492110	2.234774	5.892594
19	97	3.165710	0.557068	2.879318	6.602096
19	98	3.165710	0.544160	2.751238	6.461108
19	99	3.165710	0.612515	3.429492	7.207716
20	0	3.273704	0.595502	3.260687	7.129893
20	1	3.273704	0.572423	3.031681	6.877807
20	2	3.273704	0.541279	2.722652	6.537634
20	3	3.273704	0.556639	2.875063	6.705406
20	4	3.273704	0.509454	2.406869	6.190027
20	5	3.273704	0.650791	3.809285	7.733780
20	6	3.273704	0.500100	2.314056	6.087860
20	7	3.273704	0.635208	3.654664	7.563576
20	8	3.273704	0.572293	3.030389	6.876386
20	9	3.273704	0.484618	2.160440	5.918762
20	10	3.273704	0.551822	2.827268	6.652794
20	11	3.273704	0.509454	2.406869	6.190027
20	12	3.273704	0.553578	2.844694	6.671976
20	13	3.273704	0.485807	2.172237	5.931749
20	14	3.273704	0.498245	2.295653	6.067603
20	15	3.273704	0.497194	2.285221	6.056119
20	16	3.273704	0.652789	3.829117	7.755611
20	17	3.273704	0.603820	3.343217	7.220740
20	18	3.273704	0.506079	2.373384	6.153167
20	19	3.273704	0.554320	2.852051	6.680075
20	20	3.273704	0.649823	3.799681	7.723208
20	21	3.273704	0.521729	2.528667	6.324100
20	22	3.273704	0.575303	3.060255	6.909262
20	23	3.273704	0.578802	3.253866	7.106372
20	24	3.273704	0.600813	3.313380	7.187896
20	25	3.273704	0.572423	3.031681	6.877807
20	26	3.273704	0.508152	2.393949	6.175805
20	27	3.273704	0.468046	1.996003	5.737753
20	28	3.273704	0.527188	2.582840	6.383732
20	29	3.273704	0.540808	2.717981	6.532493
20	30	3.273704	0.607304	3.536683	7.417692
20	31	3.273704	0.521829	2.529661	6.325193
20	32	3.273704	0.641337	3.715479	7.630519
20	33	3.273704	0.540808	2.717981	6.532493
20	34	3.273704	0.468046	1.996003	5.737753
20	35	3.273704	0.517632	2.488015	6.279350
20	36	3.273704	0.580067	3.107529	6.961300
20	37	3.273704	0.498269	2.295891	6.067864
20	38	3.273704	0.650541	3.806809	7.731054
20	39	3.273704	0.521729	2.528667	6.324100
20	40	3.273704	0.553578	2.844694	6.671976
20	41	3.273704	0.501727	2.330202	6.105633
20	42	3.273704	0.517632	2.488015	6.279350
20	43	3.273704	0.627808	3.581241	7.482753
20	44	3.273704	0.556399	2.872687	6.702791
20	45	3.273704	0.609294	3.450497	7.333495
20	46	3.273704	0.551822	2.827268	6.652794
20	47	3.273704	0.498245	2.295653	6.067603
20	48	3.273704	0.518876	2.500360	6.292940
20	49	3.273704	0.500023	2.578114	6.351841
20	50	3.273704	0.600813	3.313380	7.187896
20	51	3.273704	0.497194	2.285221	6.056119
20	52	3.273704	0.539084	2.700877	6.513665
20	53	3.273704	0.584422	3.150741	7.008867
20	54	3.273704	0.551822	2.827268	6.652794
20	55	3.273704	0.556399	2.872687	6.702791
20	56	3.273704	0.540808	2.717981	6.532493
20	57	3.273704	0.587628	3.288483	7.149815
20	58	3.273704	0.570895	3.016515	6.861114
20	59	3.273704	0.568664	3.206239	7.048607
20	60	3.273704	0.607304	3.536683	7.417692
20	61	3.273704	0.615634	3.460442	7.349780
20	62	3.273704	0.490896	2.222734	5.987334
20	63	3.273704	0.533389	2.644361	6.451454
20	64	3.273704	0.508152	2.393949	6.175805
20	65	3.273704	0.485807	2.172237	5.931749
20	66	3.273704	0.556639	2.875063	6.705406
20	67	3.273704	0.602749	3.332592	7.209045
20	68	3.273704	0.635208	3.654664	7.563576
20	69	3.273704	0.501727	2.330202	6.105633
20	70	3.273704	0.498245	2.295653	6.067603
20	71	3.273704	0.552695	2.835935	6.662334
20	72	3.273704	0.468046	1.996003	5.737753
20	73	3.273704	0.533389	2.644361	6.451454
20	74	3.273704	0.540808	2.717981	6.532493
20	75	3.273704	0.528795	2.598778	6.401277
20	76	3.273704	0.580067	3.107529	6.961300
20	77	3.273704	0.542921	2.738944	6.555568
20	78	3.273704	0.521829	2.529661	6.325193
20	79	3.273704	0.548922	2.798494	6.621120
20	80	3.273704	0.631612	3.777871	7.683186
20	81	3.273704	0.601561	3.320802	7.196067
20	82	3.273704	0.587992	3.186160	7.047855
20	83	3.273704	0.549808	2.807288	6.630800
20	84	3.273704	0.536059	2.670859	6.480622
20	85	3.273704	0.602749	3.332592	7.209045
20	86	3.273704	0.603820	3.343217	7.220740
20	87	3.273704	0.536059	2.670859	6.480622
20	88	3.273704	0.627808	3.581241	7.482753
20	89	3.273704	0.463552	2.481045	6.218300
20	90	3.273704	0.433098	1.649227	5.356029
20	91	3.273704	0.622510	3.634598	7.530812
20	92	3.273704	0.595470	3.260367	7.129541
20	93	3.273704	0.485807	2.172237	5.931749
20	94	3.273704	0.681525	4.114244	8.069472
20	95	3.273704	0.542921	2.738944	6.555568
20	96	3.273704	0.433098	1.649227	5.356029
20	97	3.273704	0.498269	2.295891	6.067864
20	98	3.273704	0.681525	4.114244	8.069472
20	99	3.273704	0.518876	2.500360	6.292940
21	0	3.106789	0.573181	3.039203	6.719174
21	1	3.106789	0.589323	3.199367	6.895478
21	2	3.106789	0.661091	3.911492	7.679372
21	3	3.106789	0.509984	2.835835	6.452608
21	4	3.106789	0.540915	2.719046	6.366750
21	5	3.106789	0.583645	3.143036	6.833471
21	6	3.106789	0.554310	2.851954	6.513053
21	7	3.106789	0.525188	2.562989	6.194966
21	8	3.106789	0.499484	2.307939	5.914212
21	9	3.106789	0.499484	2.307939	5.914212
21	10	3.106789	0.519012	2.501711	6.127513
21	11	3.106789	0.614558	3.449764	7.171111
21	12	3.106789	0.631870	3.621545	7.360205
21	13	3.106789	0.594571	3.251445	6.952805
21	14	3.106789	0.573181	3.039203	6.719174
21	15	3.106789	0.519012	2.501711	6.127513
21	16	3.106789	0.581500	3.121746	6.810035
21	17	3.106789	0.662027	4.079667	7.848483
21	18	3.106789	0.502602	2.338882	5.948273
21	19	3.106789	0.597043	3.275974	6.979807
21	20	3.106789	0.532554	2.636081	6.275425
21	21	3.106789	0.661091	3.911492	7.679372
21	22	3.106789	0.583645	3.143036	6.833471
21	23	3.106789	0.480983	2.124363	5.712135
21	24	3.106789	0.513727	2.449273	6.069790
21	25	3.106789	0.542685	2.736604	6.386078
21	26	3.106789	0.571310	3.020639	6.698739
21	27	3.106789	0.566946	2.977339	6.651075
21	28	3.106789	0.425246	1.571317	5.103352
21	29	3.106789	0.593100	3.236846	6.936735
21	30	3.106789	0.594571	3.251445	6.952805
21	31	3.106789	0.647905	3.780650	7.535344
21	32	3.106789	0.513665	2.448654	6.069108
21	33	3.106789	0.653430	3.835476	7.595696
21	34	3.106789	0.626684	3.570081	7.303554
21	35	3.106789	0.554310	2.851954	6.513053
21	36	3.106789	0.611703	3.421439	7.139932
21	37	3.106789	0.653430	3.835476	7.595696
21	38	3.106789	0.500274	2.315778	5.922841
21	39	3.106789	0.611703	3.421439	7.139932
21	40	3.106789	0.504827	2.360962	5.972578
21	41	3.106789	0.610103	3.405556	7.122448
21	42	3.106789	0.536298	3.149901	6.792988
21	43	3.106789	0.579593	3.102830	6.789213
21	44	3.106789	0.571310	3.020639	6.698739
21	45	3.106789	0.554821	2.857030	6.518641
21	46	3.106789	0.655378	3.854805	7.616973
21	47	3.106789	0.630478	3.607729	7.344996
21	48	3.106789	0.602138	3.538386	7.247313
21	49	3.106789	0.601971	3.324872	7.033633
21	50	3.106789	0.598557	3.290999	6.996346
21	51	3.106789	0.549638	3.123382	6.779810
21	52	3.106789	0.554821	2.857030	6.518641
21	53	3.106789	0.524738	2.558527	6.190054
21	54	3.106789	0.597357	3.279094	6.983240
21	55	3.106789	0.446470	1.781909	5.335168
21	56	3.106789	0.602138	3.538386	7.247313
21	57	3.106789	0.578377	3.090756	6.775922
21	58	3.106789	0.624664	3.550045	7.281499
21	59	3.106789	0.647905	3.780650	7.535344
21	60	3.106789	0.525188	2.562989	6.194966
21	61	3.106789	0.645016	4.016799	7.768604
21	62	3.106789	0.532554	2.636081	6.275425
21	63	3.106789	0.504827	2.360962	5.972578
21	64	3.106789	0.488381	2.197774	5.792944
21	65	3.106789	0.573181	3.039203	6.719174
21	66	3.106789	0.574078	3.048099	6.728965
21	67	3.106789	0.513727	2.449273	6.069790
21	68	3.106789	0.425246	1.571317	5.103352
21	69	3.106789	0.626684	3.570081	7.303554
21	70	3.106789	0.585213	3.158588	6.850591
21	71	3.106789	0.524738	2.558527	6.190054
21	72	3.106789	0.587597	3.182248	6.876634
21	73	3.106789	0.517950	2.491172	6.115911
21	74	3.106789	0.655378	3.854805	7.616973
21	75	3.106789	0.513727	2.449273	6.069790
21	76	3.106789	0.532554	2.636081	6.275425
21	77	3.106789	0.480983	2.124363	5.712135
21	78	3.106789	0.581500	3.121746	6.810035
21	79	3.106789	0.642321	3.725245	7.474355
21	80	3.106789	0.540915	2.719046	6.366750
21	81	3.106789	0.614558	3.449764	7.171111
21	82	3.106789	0.557586	3.149275	6.813650
21	83	3.106789	0.631870	3.621545	7.360205
21	84	3.106789	0.571310	3.020639	6.698739
21	85	3.106789	0.517012	2.481866	6.105667
21	86	3.106789	0.678506	4.084286	7.869581
21	87	3.106789	0.534287	3.182910	6.823986
21	88	3.106789	0.542685	2.736604	6.386078
21	89	3.106789	0.626684	3.570081	7.303554
21	90	3.106789	0.525087	2.561985	6.193861
21	91	3.106789	0.480983	2.124363	5.712135
21	92	3.106789	0.574040	3.047726	6.728556
21	93	3.106789	0.566946	2.977339	6.651075
21	94	3.106789	0.502602	2.338882	5.948273
21	95	3.106789	0.549618	2.805397	6.461804
21	96	3.106789	0.568975	2.997468	6.673233
21	97	3.106789	0.521326	2.524667	6.152782
21	98	3.106789	0.541155	3.039207	6.687152
21	99	3.106789	0.521326	2.524667	6.152782
22	0	3.263361	0.538797	2.698025	6.500183
22	1	3.263361	0.477963	2.094401	5.835725
22	2	3.263361	0.618782	3.650569	7.532712
22	3	3.263361	0.666306	4.016194	7.945861
22	4	3.263361	0.588200	3.188227	7.039788
22	5	3.263361	0.477314	2.087960	5.828634
22	6	3.263361	0.502229	2.335185	6.100776
22	7	3.263361	0.533840	2.648840	6.446041
22	8	3.263361	0.631312	3.827862	7.722535
22	9	3.263361	0.442561	1.743130	5.449052
22	10	3.263361	0.633071	3.633461	7.529893
22	11	3.263361	0.468996	2.005422	5.737778
22	12	3.263361	0.511409	2.426274	6.201045
22	13	3.263361	0.609211	3.396708	7.269280
22	14	3.263361	0.548540	2.794700	6.606601
22	15	3.263361	0.579394	3.100855	6.943610
22	16	3.263361	0.567060	2.978463	6.808884
22	17	3.263361	0.633831	3.641006	7.538198
22	18	3.263361	0.665312	4.059298	7.987971
22	19	3.263361	0.502229	2.335185	6.100776
22	20	3.263361	0.465124	1.967011	5.695496
22	21	3.263361	0.597291	3.278436	7.139088
22	22	3.263361	0.579394	3.100855	6.943610
22	23	3.263361	0.458251	1.898813	5.620425
22	24	3.263361	0.527282	2.583772	6.374415
22	25	3.263361	0.614402	3.448221	7.325984
22	26	3.263361	0.597291	3.278436	7.139088
22	27	3.263361	0.545654	2.766067	6.575082
22	28	3.263361	0.565173	2.959747	6.788282
22	29	3.263361	0.538047	2.690581	6.491988
22	30	3.263361	0.559085	2.899335	6.721781
22	31	3.263361	0.528426	2.595120	6.386907
22	32	3.263361	0.569523	3.002905	6.835788
22	33	3.263361	0.548953	3.063617	6.875931
22	34	3.263361	0.483375	2.148105	5.894841
22	35	3.263361	0.588619	3.192383	7.044362
22	36	3.263361	0.579394	3.100855	6.943610
22	37	3.263361	0.508904	2.401416	6.173681
22	38	3.263361	0.633071	3.633461	7.529893
22	39	3.263361	0.494773	2.261199	6.019333
22	40	3.263361	0.616961	3.473612	7.353934
22	41	3.263361	0.588200	3.188227	7.039788
22	42	3.263361	0.486743	2.181516	5.931620
22	43	3.263361	0.627925	3.582402	7.473688
22	44	3.263361	0.568893	2.996651	6.828904
22	45	3.263361	0.574845	3.055709	6.893914
22	46	3.263361	0.497524	2.288494	6.049379
22	47	3.263361	0.551128	2.820379	6.634868
22	48	3.263361	0.511409	2.426274	6.201045
22	49	3.263361	0.550101	2.810192	6.623654
22	50	3.263361	0.631803	3.620875	7.516038
22	51	3.263361	0.501335	2.326313	6.091009
22	52	3.263361	0.487296	2.187012	5.937670
22	53	3.263361	0.565173	2.959747	6.788282
22	54	3.263361	0.588200	3.188227	7.039788
22	55	3.263361	0.508904	2.401416	6.173681
22	56	3.263361	0.551128	2.820379	6.634868
22	57	3.263361	0.614402	3.448221	7.325984
22	58	3.263361	0.665050	3.950769	7.879179
22	59	3.263361	0.442561	1.743130	5.449052
22	60	3.263361	0.620630	3.562976	7.446967
22	61	3.263361	0.603792	3.342942	7.210095
22	62	3.263361	0.508904	2.401416	6.173681
22	63	3.263361	0.569244	3.000137	6.832742
22	64	3.263361	0.570433	3.011937	6.845731
22	65	3.263361	0.524003	2.551231	6.338595
22	66	3.263361	0.543862	2.748287	6.555510
22	67	3.263361	0.503182	2.344639	6.111182
22	68	3.263361	0.525001	2.561139	6.349501
22	69	3.263361	0.491865	2.232345	5.987571
22	70	3.263361	0.545654	2.766067	6.575082
22	71	3.263361	0.466600	1.981649	5.711609
22	72	3.263361	0.567060	2.978463	6.808884
22	73	3.263361	0.603792	3.342942	7.210095
22	74	3.263361	0.494048	2.254008	6.011418
22	75	3.263361	0.458251	1.898813	5.620425
22	76	3.263361	0.538267	2.692765	6.494393
22	77	3.263361	0.477963	2.094401	5.835725
22	78	3.263361	0.514785	2.459767	6.237913
22	79	3.263361	0.509616	2.408476	6.181453
22	80	3.263361	0.548337	2.792692	6.604390
22	81	3.263361	0.468996	2.005422	5.737778
22	82	3.263361	0.515195	2.463834	6.242390
22	83	3.263361	0.491865	2.232345	5.987571
22	84	3.263361	0.631803	3.620875	7.516038
22	85	3.263361	0.633831	3.641006	7.538198
22	86	3.263361	0.524003	2.551231	6.338595
22	87	3.263361	0.477963	2.094401	5.835725
22	88	3.263361	0.560725	3.180425	7.004511
22	89	3.263361	0.624270	3.599094	7.486724
22	90	3.263361	0.525001	2.561139	6.349501
22	91	3.263361	0.491865	2.232345	5.987571
22	92	3.263361	0.477314	2.087960	5.828634
22	93	3.263361	0.588200	3.188227	7.039788
22	94	3.263361	0.625152	3.554888	7.443401
22	95	3.263361	0.468996	2.005422	5.737778
22	96	3.263361	0.588200	3.188227	7.039788
22	97	3.263361	0.442561	1.743130	5.449052
22	98	3.263361	0.582710	3.133751	6.979821
22	99	3.263361	0.633831	3.641006	7.538198
23	0	3.047022	0.583394	3.140542	6.770958
23	1	3.047022	0.551028	2.819386	6.417435
23	2	3.047022	0.576968	3.076781	6.700772
23	3	3.047022	0.675809	4.057525	7.780356
23	4	3.047022	0.570424	3.011847	6.629293
23	5	3.047022	0.663045	3.930880	7.640947
23	6	3.047022	0.524123	2.552422	6.123567
23	7	3.047022	0.548925	2.798518	6.394465
23	8	3.047022	0.591955	3.225483	6.864460
23	9	3.047022	0.522589	2.537203	6.106814
23	10	3.047022	0.562889	2.937080	6.546992
23	11	3.047022	0.489212	2.206017	5.742252
23	12	3.047022	0.511185	2.424051	5.982258
23	13	3.047022	0.646972	3.771393	7.465388
23	14	3.047022	0.543350	2.743206	6.333578
23	15	3.047022	0.554108	2.849954	6.451084
23	16	3.047022	0.627557	3.578743	7.253322
23	17	3.047022	0.570124	3.008872	6.626018
23	18	3.047022	0.469374	2.485854	6.002250
23	19	3.047022	0.450424	1.821141	5.318587
23	20	3.047022	0.609089	3.448466	7.104578
23	21	3.047022	0.608693	3.391566	7.047281
23	22	3.047022	0.601421	3.637195	7.285639
23	23	3.047022	0.594624	3.463826	7.105472
23	24	3.047022	0.512402	2.436118	5.995542
23	25	3.047022	0.498455	2.297735	5.843212
23	26	3.047022	0.522589	2.537203	6.106814
23	27	3.047022	0.590433	3.210382	6.847837
23	28	3.047022	0.646972	3.771393	7.465388
23	29	3.047022	0.575068	3.057924	6.680015
23	30	3.047022	0.556094	2.869659	6.472776
23	31	3.047022	0.511185	2.424051	5.982258
23	32	3.047022	0.556094	2.869659	6.472776
23	33	3.047022	0.636880	3.671254	7.355156
23	34	3.047022	0.600008	3.305398	6.952429
23	35	3.047022	0.747365	4.767540	8.561927
23	36	3.047022	0.578846	3.095415	6.721284
23	37	3.047022	0.495137	2.264806	5.806965
23	38	3.047022	0.551503	2.824097	6.422622
23	39	3.047022	0.533927	2.649705	6.230654
23	40	3.047022	0.745262	4.746675	8.538960
23	41	3.047022	0.576968	3.076781	6.700772
23	42	3.047022	0.534493	2.655316	6.236831
23	43	3.047022	0.547610	2.785478	6.380111
23	44	3.047022	0.547610	2.785478	6.380111
23	45	3.047022	0.522589	2.537203	6.106814
23	46	3.047022	0.514939	2.461292	6.023253
23	47	3.047022	0.525204	2.563152	6.135378
23	48	3.047022	0.597219	3.277719	6.921960
23	49	3.047022	0.551028	2.819386	6.417435
23	50	3.047022	0.737470	4.669357	8.453849
23	51	3.047022	0.443845	2.391426	5.882293
23	52	3.047022	0.745262	4.746675	8.538960
23	53	3.047022	0.551503	2.824097	6.422622
23	54	3.047022	0.597852	3.284000	6.928874
23	55	3.047022	0.531609	2.626704	6.205335
23	56	3.047022	0.664105	3.941397	7.652524
23	57	3.047022	0.570124	3.008872	6.626018
23	58	3.047022	0.573562	3.042981	6.663565
23	59	3.047022	0.489818	2.688711	6.225551
23	60	3.047022	0.573562	3.042981	6.663565
23	61	3.047022	0.428909	1.607666	5.083598
23	62	3.047022	0.591955	3.225483	6.864460
23	63	3.047022	0.636393	3.666428	7.349844
23	64	3.047022	0.531609	2.626704	6.205335
23	65	3.047022	0.570424	3.011847	6.629293
23	66	3.047022	0.573562	3.042981	6.663565
23	67	3.047022	0.556328	2.871982	6.475333
23	68	3.047022	0.582150	3.128201	6.757373
23	69	3.047022	0.584182	3.254287	6.885491
23	70	3.047022	0.525204	2.563152	6.135378
23	71	3.047022	0.525204	2.563152	6.135378
23	72	3.047022	0.568413	2.991889	6.607324
23	73	3.047022	0.505490	2.367540	5.920052
23	74	3.047022	0.511185	2.424051	5.982258
23	75	3.047022	0.593825	3.244044	6.884891
23	76	3.047022	0.450424	1.821141	5.318587
23	77	3.047022	0.583394	3.140542	6.770958
23	78	3.047022	0.600008	3.305398	6.952429
23	79	3.047022	0.525454	2.565633	6.138109
23	80	3.047022	0.572632	3.033757	6.653411
23	81	3.047022	0.606264	3.367471	7.020757
23	82	3.047022	0.548925	2.798518	6.394465
23	83	3.047022	0.593825	3.244044	6.884891
23	84	3.047022	0.570124	3.008872	6.626018
23	85	3.047022	0.627502	3.631165	7.305690
23	86	3.047022	0.668232	3.982345	7.697600
23	87	3.047022	0.573562	3.042981	6.663565
23	88	3.047022	0.627557	3.578743	7.253322
23	89	3.047022	0.573562	3.042981	6.663565
23	90	3.047022	0.486119	2.652001	6.185142
23	91	3.047022	0.428909	1.607666	5.083598
23	92	3.047022	0.578846	3.095415	6.721284
23	93	3.047022	0.583394	3.140542	6.770958
23	94	3.047022	0.578846	3.095415	6.721284
23	95	3.047022	0.664105	3.941397	7.652524
23	96	3.047022	0.560790	3.022183	6.629996
23	97	3.047022	0.568833	2.996058	6.611913
23	98	3.047022	0.730848	4.603649	8.381519
23	99	3.047022	0.551503	2.824097	6.422622
24	0	3.200622	0.610083	3.405361	7.216066
24	1	3.200622	0.526955	2.580530	6.308107
24	2	3.200622	0.544045	2.750104	6.494771
24	3	3.200622	0.549597	2.805192	6.555411
24	4	3.200622	0.576862	3.075726	6.853210
24	5	3.200622	0.648722	3.788756	7.638100
24	6	3.200622	0.548730	2.796588	6.545940
24	7	3.200622	0.637444	3.676854	7.514920
24	8	3.200622	0.548730	2.796588	6.545940
24	9	3.200622	0.504387	2.356591	6.061600
24	10	3.200622	0.590944	3.215460	7.007027
24	11	3.200622	0.644560	3.747459	7.592641
24	12	3.200622	0.521994	2.531301	6.253917
24	13	3.200622	0.521994	2.531301	6.253917
24	14	3.200622	0.544045	2.750104	6.494771
24	15	3.200622	0.494748	2.260950	5.956320
24	16	3.200622	0.554980	2.858598	6.614200
24	17	3.200622	0.508117	2.393601	6.102340
24	18	3.200622	0.671258	4.171259	8.043139
24	19	3.200622	0.514369	2.455638	6.170629
24	20	3.200622	0.581011	3.116897	6.898530
24	21	3.200622	0.581011	3.116897	6.898530
24	22	3.200622	0.549318	2.802423	6.552364
24	23	3.200622	0.637444	3.676854	7.514920
24	24	3.200622	0.558290	2.891441	6.650353
24	25	3.200622	0.493738	2.250931	5.945292
24	26	3.200622	0.545746	2.766982	6.513350
24	27	3.200622	0.489658	2.210443	5.900723
24	28	3.200622	0.604872	3.353658	7.159153
24	29	3.200622	0.706714	4.364179	8.271515
24	30	3.200622	0.422148	2.387994	6.010764
24	31	3.200622	0.547477	2.837115	6.585214
24	32	3.200622	0.504387	2.356591	6.061600
24	33	3.200622	0.582469	3.131361	6.914452
24	34	3.200622	0.558364	3.209965	6.968951
24	35	3.200622	0.508117	2.393601	6.102340
24	36	3.200622	0.524695	2.558104	6.283421
24	37	3.200622	0.526955	2.580530	6.308107
24	38	3.200622	0.576862	3.075726	6.853210
24	39	3.200622	0.504387	2.356591	6.061600
24	40	3.200622	0.508117	2.393601	6.102340
24	41	3.200622	0.489658	2.210443	5.900723
24	42	3.200622	0.544115	2.750790	6.495527
24	43	3.200622	0.558290	2.891441	6.650353
24	44	3.200622	0.600080	3.359073	7.159775
24	45	3.200622	0.576862	3.075726	6.853210
24	46	3.200622	0.579631	3.103199	6.883452
24	47	3.200622	0.501870	2.331618	6.034110
24	48	3.200622	0.494748	2.260950	5.956320
24	49	3.200622	0.640146	3.703666	7.544434
24	50	3.200622	0.526955	2.580530	6.308107
24	51	3.200622	0.571548	3.022998	6.795168
24	52	3.200622	0.505065	2.363317	6.069004
24	53	3.200622	0.521994	2.531301	6.253917
24	54	3.200622	0.501870	2.331618	6.034110
24	55	3.200622	0.644560	3.747459	7.592641
24	56	3.200622	0.629131	3.594368	7.424122
24	57	3.200622	0.526955	2.580530	6.308107
24	58	3.200622	0.569375	3.001441	6.771439
24	59	3.200622	0.521994	2.531301	6.253917
24	60	3.200622	0.544776	2.757353	6.502751
24	61	3.200622	0.629131	3.594368	7.424122
24	62	3.200622	0.691483	4.266016	8.158121
24	63	3.200622	0.524695	2.558104	6.283421
24	64	3.200622	0.598822	3.293623	7.093067
24	65	3.200622	0.624182	3.863041	7.687845
24	66	3.200622	0.493738	2.250931	5.945292
24	67	3.200622	0.529657	2.607339	6.337618
24	68	3.200622	0.508117	2.393601	6.102340
24	69	3.200622	0.535723	3.038268	6.774613
24	70	3.200622	0.621722	3.520852	7.343196
24	71	3.200622	0.521994	2.531301	6.253917
24	72	3.200622	0.505065	2.363317	6.069004
24	73	3.200622	0.572208	3.029549	6.802380
24	74	3.200622	0.505065	2.363317	6.069004
24	75	3.200622	0.590944	3.215460	7.007027
24	76	3.200622	0.544115	2.750790	6.495527
24	77	3.200622	0.659879	4.111317	7.971818
24	78	3.200622	0.571548	3.022998	6.795168
24	79	3.200622	0.632223	3.625047	7.457892
24	80	3.200622	0.569375	3.001441	6.771439
24	81	3.200622	0.637444	3.676854	7.514920
24	82	3.200622	0.430521	1.623660	5.254803
24	83	3.200622	0.497157	2.284853	5.982632
24	84	3.200622	0.573796	3.045309	6.819728
24	85	3.200622	0.523119	2.542467	6.266208
24	86	3.200622	0.481344	2.127954	5.809921
24	87	3.200622	0.545746	2.766982	6.513350
24	88	3.200622	0.640146	3.703666	7.544434
24	89	3.200622	0.544776	2.757353	6.502751
24	90	3.200622	0.526955	2.580530	6.308107
24	91	3.200622	0.666335	3.963527	7.830484
24	92	3.200622	0.486159	2.493513	6.180295
24	93	3.200622	0.501870	2.331618	6.034110
24	94	3.200622	0.576862	3.075726	6.853210
24	95	3.200622	0.576862	3.075726	6.853210
24	96	3.200622	0.523119	2.542467	6.266208
24	97	3.200622	0.549597	2.805192	6.555411
24	98	3.200622	0.569375	3.001441	6.771439
24	99	3.200622	0.640146	3.703666	7.544434
25	0	3.254072	0.533828	2.648725	6.436626
25	1	3.254072	0.581271	3.119473	6.954816
25	2	3.254072	0.624653	3.602892	7.481618
25	3	3.254072	0.463104	1.946966	5.664143
25	4	3.254072	0.547810	3.211172	7.013055
25	5	3.254072	0.559907	2.907490	6.721469
25	6	3.254072	0.580411	3.110939	6.945422
25	7	3.254072	0.609006	3.394678	7.257757
25	8	3.254072	0.697712	4.274865	8.226650
25	9	3.254072	0.563242	2.940586	6.757900
25	10	3.254072	0.610135	3.405876	7.270083
25	11	3.254072	0.566448	2.972389	6.792909
25	12	3.254072	0.518095	2.492611	6.264778
25	13	3.254072	0.522782	2.539117	6.315971
25	14	3.254072	0.590184	3.207910	7.052166
25	15	3.254072	0.559907	2.907490	6.721469
25	16	3.254072	0.514168	2.453642	6.221882
25	17	3.254072	0.610135	3.405876	7.270083
25	18	3.254072	0.489854	2.212394	5.956321
25	19	3.254072	0.697712	4.274865	8.226650
25	20	3.254072	0.708265	4.379571	8.341909
25	21	3.254072	0.511667	2.428827	6.194566
25	22	3.254072	0.522782	2.539117	6.315971
25	23	3.254072	0.510016	2.412443	6.176531
25	24	3.254072	0.486362	2.177740	5.918174
25	25	3.254072	0.629949	3.708415	7.592437
25	26	3.254072	0.542842	2.738165	6.535080
25	27	3.254072	0.463104	1.946966	5.664143
25	28	3.254072	0.486362	2.177740	5.918174
25	29	3.254072	0.556124	3.028840	6.839036
25	30	3.254072	0.509555	2.407872	6.171500
25	31	3.254072	0.571987	3.027351	6.853410
25	32	3.254072	0.542842	2.738165	6.535080
25	33	3.254072	0.583395	3.140548	6.978015
25	34	3.254072	0.489854	2.212394	5.956321
25	35	3.254072	0.504205	2.354787	6.113065
25	36	3.254072	0.477435	2.512868	6.244376
25	37	3.254072	0.590932	3.215341	7.060346
25	38	3.254072	0.493425	2.247820	5.995318
25	39	3.254072	0.528869	2.599513	6.382454
25	40	3.254072	0.548522	2.794527	6.597122
25	41	3.254072	0.533646	2.646917	6.434635
25	42	3.254072	0.535723	2.667521	6.457316
25	43	3.254072	0.529565	2.606420	6.390057
25	44	3.254072	0.604184	3.346831	7.205088
25	45	3.254072	0.645044	3.752264	7.651381
25	46	3.254072	0.515142	2.728124	6.497339
25	47	3.254072	0.608972	3.394339	7.257384
25	48	3.254072	0.626540	3.568653	7.449265
25	49	3.254072	0.614040	3.444623	7.312735
25	50	3.254072	0.481303	2.127547	5.862923
25	51	3.254072	0.608972	3.394339	7.257384
25	52	3.254072	0.610135	3.405876	7.270083
25	53	3.254072	0.533018	2.640689	6.427780
25	54	3.254072	0.481303	2.127547	5.862923
25	55	3.254072	0.566448	2.972389	6.792909
25	56	3.254072	0.668232	3.982349	7.904654
25	57	3.254072	0.548522	2.794527	6.597122
25	58	3.254072	0.523360	2.544851	6.322284
25	59	3.254072	0.509555	2.407872	6.171500
25	60	3.254072	0.626540	3.568653	7.449265
25	61	3.254072	0.518095	2.492611	6.264778
25	62	3.254072	0.487514	2.189173	5.930760
25	63	3.254072	0.534254	2.652944	6.441270
25	64	3.254072	0.566773	3.346370	7.167216
25	65	3.254072	0.528869	2.599513	6.382454
25	66	3.254072	0.594119	3.246962	7.095153
25	67	3.254072	0.608972	3.394339	7.257384
25	68	3.254072	0.549873	2.807933	6.611879
25	69	3.254072	0.609006	3.394678	7.257757
25	70	3.254072	0.527931	2.590212	6.372216
25	71	3.254072	0.497216	2.285443	6.036732
25	72	3.254072	0.482236	2.136797	5.873106
25	73	3.254072	0.594119	3.246962	7.095153
25	74	3.254072	0.542077	2.730575	6.526725
25	75	3.254072	0.441779	1.735370	5.431222
25	76	3.254072	0.487514	2.189173	5.930760
25	77	3.254072	0.564757	2.955617	6.774446
25	78	3.254072	0.629949	3.708415	7.592437
25	79	3.254072	0.489854	2.212394	5.956321
25	80	3.254072	0.510016	2.412443	6.176531
25	81	3.254072	0.642703	3.729030	7.625806
25	82	3.254072	0.525169	2.562801	6.342042
25	83	3.254072	0.533828	2.648725	6.436626
25	84	3.254072	0.544202	2.751662	6.549937
25	85	3.254072	0.529565	2.606420	6.390057
25	86	3.254072	0.612652	3.430854	7.297578
25	87	3.254072	0.558624	2.894763	6.707459
25	88	3.254072	0.590932	3.215341	7.060346
25	89	3.254072	0.525871	2.569768	6.349712
25	90	3.254072	0.668232	3.982349	7.904654
25	91	3.254072	0.598821	3.558435	7.411329
25	92	3.254072	0.596290	3.268506	7.118869
25	93	3.254072	0.471161	2.026907	5.752140
25	94	3.254072	0.600132	3.465515	7.319720
25	95	3.254072	0.658203	3.882831	7.795106
25	96	3.254072	0.614040	3.444623	7.312735
25	97	3.254072	0.595398	3.259650	7.109121
25	98	3.254072	0.525871	2.569768	6.349712
25	99	3.254072	0.558624	2.894763	6.707459
26	0	3.135111	0.578321	3.090205	6.803637
26	1	3.135111	0.724174	4.537428	8.396713
26	2	3.135111	0.512657	2.438655	6.086424
26	3	3.135111	0.605135	3.356265	7.096511
26	4	3.135111	0.492247	2.236131	5.863489
26	5	3.135111	0.440631	1.723976	5.299718
26	6	3.135111	0.573808	3.045428	6.754347
26	7	3.135111	0.605135	3.356265	7.096511
26	8	3.135111	0.620481	3.508535	7.264127
26	9	3.135111	0.724174	4.537428	8.396713
26	10	3.135111	0.612858	3.432896	7.180865
26	11	3.135111	0.423536	1.554355	5.113002
26	12	3.135111	0.550476	2.813913	6.499500
26	13	3.135111	0.605395	3.358849	7.099356
26	14	3.135111	0.546525	2.774710	6.456346
26	15	3.135111	0.689578	4.194153	8.018842
26	16	3.135111	0.505940	2.372002	6.013053
26	17	3.135111	0.519808	2.509612	6.164532
26	18	3.135111	0.492651	2.240143	5.867905
26	19	3.135111	0.556756	3.246974	6.938841
26	20	3.135111	0.573871	3.046053	6.755036
26	21	3.135111	0.593739	3.243186	6.972036
26	22	3.135111	0.502321	2.336093	5.973525
26	23	3.135111	0.554951	2.858311	6.548372
26	24	3.135111	0.476406	2.078956	5.690474
26	25	3.135111	0.539796	2.707944	6.382852
26	26	3.135111	0.559228	2.900753	6.595092
26	27	3.135111	0.539796	2.707944	6.382852
26	28	3.135111	0.644183	3.743717	7.523011
26	29	3.135111	0.573163	3.197920	6.906195
26	30	3.135111	0.623864	3.542101	7.301076
26	31	3.135111	0.568555	2.993302	6.696968
26	32	3.135111	0.516954	2.481286	6.133351
26	33	3.135111	0.585195	3.158409	6.878715
26	34	3.135111	0.555720	2.865946	6.556778
26	35	3.135111	0.621723	3.626784	7.383618
26	36	3.135111	0.615603	3.460137	7.210851
26	37	3.135111	0.578321	3.090205	6.803637
26	38	3.135111	0.605720	3.415038	7.155870
26	39	3.135111	0.477926	2.094037	5.707075
26	40	3.135111	0.502321	2.336093	5.973525
26	41	3.135111	0.610412	3.408625	7.154149
26	42	3.135111	0.628632	3.589412	7.353155
26	43	3.135111	0.574714	3.266267	6.976092
26	44	3.135111	0.628857	3.591643	7.355611
26	45	3.135111	0.573871	3.046053	6.755036
26	46	3.135111	0.607393	3.378675	7.121180
26	47	3.135111	0.605395	3.358849	7.099356
26	48	3.135111	0.535187	2.662210	6.332508
26	49	3.135111	0.559349	2.901958	6.596419
26	50	3.135111	0.691657	4.214778	8.041546
26	51	3.135111	0.492590	2.239541	5.867242
26	52	3.135111	0.531605	2.626660	6.293376
26	53	3.135111	0.531605	2.626660	6.293376
26	54	3.135111	0.532994	2.640449	6.308554
26	55	3.135111	0.494481	2.258301	5.887893
26	56	3.135111	0.623864	3.542101	7.301076
26	57	3.135111	0.704706	4.344263	8.184081
26	58	3.135111	0.532994	2.640449	6.308554
26	59	3.135111	0.560324	2.911628	6.607063
26	60	3.135111	0.492590	2.239541	5.867242
26	61	3.135111	0.689578	4.194153	8.018842
26	62	3.135111	0.529817	2.608924	6.273852
26	63	3.135111	0.644183	3.743717	7.523011
26	64	3.135111	0.514232	2.825022	6.474365
26	65	3.135111	0.641316	3.715275	7.491702
26	66	3.135111	0.502321	2.336093	5.973525
26	67	3.135111	0.628857	3.591643	7.355611
26	68	3.135111	0.529817	2.608924	6.273852
26	69	3.135111	0.515685	2.468699	6.119495
26	70	3.135111	0.554951	2.858311	6.548372
26	71	3.135111	0.531605	2.626660	6.293376
26	72	3.135111	0.526805	2.579037	6.240953
26	73	3.135111	0.514232	2.825022	6.474365
26	74	3.135111	0.535028	2.660628	6.330767
26	75	3.135111	0.512657	2.438655	6.086424
26	76	3.135111	0.492247	2.236131	5.863489
26	77	3.135111	0.496834	2.281650	5.913595
26	78	3.135111	0.689578	4.194153	8.018842
26	79	3.135111	0.560356	2.911947	6.607414
26	80	3.135111	0.491173	2.225479	5.851763
26	81	3.135111	0.532994	2.640449	6.308554
26	82	3.135111	0.497546	2.712424	6.345081
26	83	3.135111	0.494481	2.258301	5.887893
26	84	3.135111	0.589801	3.415967	7.140880
26	85	3.135111	0.522021	2.531572	6.188705
26	86	3.135111	0.684637	4.145125	7.964873
26	87	3.135111	0.554951	2.858311	6.548372
26	88	3.135111	0.516954	2.481286	6.133351
26	89	3.135111	0.554951	2.858311	6.548372
26	90	3.135111	0.531573	2.785240	6.451924
26	91	3.135111	0.615603	3.460137	7.210851
26	92	3.135111	0.440631	1.723976	5.299718
26	93	3.135111	0.519808	2.509612	6.164532
26	94	3.135111	0.593739	3.243186	6.972036
26	95	3.135111	0.605135	3.356265	7.096511
26	96	3.135111	0.557260	2.881222	6.573593
26	97	3.135111	0.649401	3.795497	7.580009
26	98	3.135111	0.595798	3.263620	6.994530
26	99	3.135111	0.535028	2.660628	6.330767
27	0	3.171651	0.506900	2.381533	6.060084
27	1	3.171651	0.501793	2.330850	6.004294
27	2	3.171651	0.553683	2.845737	6.571071
27	3	3.171651	0.517236	2.484086	6.172973
27	4	3.171651	0.486018	2.174329	5.831998
27	5	3.171651	0.482925	2.143633	5.798209
27	6	3.171651	0.552265	2.831668	6.555584
27	7	3.171651	0.537154	2.681729	6.390534
27	8	3.171651	0.506100	2.373587	6.051338
27	9	3.171651	0.559224	3.112571	6.843446
27	10	3.171651	0.531446	2.625086	6.328183
27	11	3.171651	0.606170	3.366538	7.144359
27	12	3.171651	0.506638	2.378934	6.057223
27	13	3.171651	0.501793	2.330850	6.004294
27	14	3.171651	0.512183	2.433953	6.117787
27	15	3.171651	0.624232	3.704650	7.500533
27	16	3.171651	0.661465	3.915203	7.748319
27	17	3.171651	0.501765	2.330573	6.003989
27	18	3.171651	0.656587	3.866802	7.695041
27	19	3.171651	0.661465	3.915203	7.748319
27	20	3.171651	0.531446	2.625086	6.328183
27	21	3.171651	0.547200	2.781401	6.500252
27	22	3.171651	0.520753	2.518982	6.211385
27	23	3.171651	0.486018	2.174329	5.831998
27	24	3.171651	0.639827	3.700496	7.511974
27	25	3.171651	0.460818	1.924281	5.556750
27	26	3.171651	0.639827	3.700496	7.511974
27	27	3.171651	0.595920	3.264829	7.032400
27	28	3.171651	0.680185	4.100953	7.952789
27	29	3.171651	0.595862	3.264253	7.031766
27	30	3.171651	0.567078	2.978644	6.717373
27	31	3.171651	0.506638	2.378934	6.057223
27	32	3.171651	0.593662	3.242428	7.007741
27	33	3.171651	0.507583	2.864977	6.544211
27	34	3.171651	0.523853	2.549748	6.245252
27	35	3.171651	0.523853	2.549748	6.245252
27	36	3.171651	0.468849	2.003966	5.644465
27	37	3.171651	0.661465	3.915203	7.748319
27	38	3.171651	0.501765	2.330573	6.003989
27	39	3.171651	0.624232	3.704650	7.500533
27	40	3.171651	0.513857	2.450561	6.136069
27	41	3.171651	0.513248	2.444519	6.129418
27	42	3.171651	0.596513	3.270711	7.038874
27	43	3.171651	0.523853	2.549748	6.245252
27	44	3.171651	0.517236	2.484086	6.172973
27	45	3.171651	0.531003	2.726620	6.429274
27	46	3.171651	0.435406	1.672129	5.279185
27	47	3.171651	0.523853	2.549748	6.245252
27	48	3.171651	0.520753	2.518982	6.211385
27	49	3.171651	0.487506	2.189096	5.848254
27	50	3.171651	0.554245	2.851307	6.577202
27	51	3.171651	0.547200	2.781401	6.500252
27	52	3.171651	0.460818	1.924281	5.556750
27	53	3.171651	0.606170	3.366538	7.144359
27	54	3.171651	0.468849	2.003966	5.644465
27	55	3.171651	0.549500	2.804229	6.525379
27	56	3.171651	0.472356	2.038768	5.682774
27	57	3.171651	0.667645	3.976525	7.815821
27	58	3.171651	0.560390	2.912288	6.644330
27	59	3.171651	0.596513	3.270711	7.038874
27	60	3.171651	0.513248	2.444519	6.129418
27	61	3.171651	0.580086	3.107718	6.859455
27	62	3.171651	0.483205	2.146417	5.801273
27	63	3.171651	0.590930	3.215314	6.977895
27	64	3.171651	0.668381	3.983829	7.823861
27	65	3.171651	0.470783	2.023158	5.665592
27	66	3.171651	0.520674	2.518203	6.210527
27	67	3.171651	0.601202	3.317244	7.090098
27	68	3.171651	0.556682	3.193269	6.921601
27	69	3.171651	0.596513	3.270711	7.038874
27	70	3.171651	0.528916	2.599986	6.300554
27	71	3.171651	0.483205	2.146417	5.801273
27	72	3.171651	0.538810	2.698159	6.408621
27	73	3.171651	0.545762	3.084921	6.802334
27	74	3.171651	0.537154	2.681729	6.390534
27	75	3.171651	0.601185	3.317074	7.089910
27	76	3.171651	0.559224	3.112571	6.843446
27	77	3.171651	0.612028	3.424658	7.208336
27	78	3.171651	0.619151	3.495336	7.286138
27	79	3.171651	0.435406	1.672129	5.279185
27	80	3.171651	0.619151	3.495336	7.286138
27	81	3.171651	0.606170	3.366538	7.144359
27	82	3.171651	0.661465	3.915203	7.748319
27	83	3.171651	0.547135	2.780761	6.499547
27	84	3.171651	0.506900	2.381533	6.060084
27	85	3.171651	0.571520	3.022719	6.765890
27	86	3.171651	0.504186	2.354600	6.030437
27	87	3.171651	0.622518	3.581717	7.375886
27	88	3.171651	0.601202	3.317244	7.090098
27	89	3.171651	0.569042	2.998137	6.738831
27	90	3.171651	0.546686	2.776309	6.494646
27	91	3.171651	0.606170	3.366538	7.144359
27	92	3.171651	0.487506	2.189096	5.848254
27	93	3.171651	0.559224	3.112571	6.843446
27	94	3.171651	0.606170	3.366538	7.144359
27	95	3.171651	0.571224	3.019781	6.762656
27	96	3.171651	0.555984	2.868560	6.596195
27	97	3.171651	0.580086	3.107718	6.859455
27	98	3.171651	0.566117	2.969112	6.706881
27	99	3.171651	0.612028	3.424658	7.208336
28	0	3.073133	0.529948	2.610222	6.213303
28	1	3.073133	0.673709	4.036691	7.783533
28	2	3.073133	0.469995	2.015338	5.558466
28	3	3.073133	0.635375	3.656319	7.364827
28	4	3.073133	0.635375	3.656319	7.364827
28	5	3.073133	0.551547	2.824537	6.449217
28	6	3.073133	0.463323	1.949139	5.485596
28	7	3.073133	0.623791	3.541382	7.238306
28	8	3.073133	0.671883	4.018574	7.763590
28	9	3.073133	0.574981	3.057062	6.705176
28	10	3.073133	0.586681	3.385010	7.044824
28	11	3.073133	0.463323	1.949139	5.485596
28	12	3.073133	0.486073	2.174872	5.734078
28	13	3.073133	0.563092	2.939097	6.575323
28	14	3.073133	0.650735	3.861697	7.585565
28	15	3.073133	0.551957	2.828611	6.453702
28	16	3.073133	0.538647	2.696537	6.308316
28	17	3.073133	0.469995	2.015338	5.558466
28	18	3.073133	0.538647	2.696537	6.308316
28	19	3.073133	0.526203	2.573062	6.172397
28	20	3.073133	0.576473	3.071869	6.721475
28	21	3.073133	0.551445	2.823524	6.448101
28	22	3.073133	0.489333	2.207224	5.769690
28	23	3.073133	0.675889	4.058321	7.807343
28	24	3.073133	0.671883	4.018574	7.763590
28	25	3.073133	0.526203	2.573062	6.172397
28	26	3.073133	0.509809	2.410397	5.993339
28	27	3.073133	0.551445	2.823524	6.448101
28	28	3.073133	0.539007	3.123821	6.735961
28	29	3.073133	0.546223	2.771707	6.391063
28	30	3.073133	0.580688	3.113691	6.767512
28	31	3.073133	0.551957	2.828611	6.453702
28	32	3.073133	0.551957	2.828611	6.453702
28	33	3.073133	0.563092	2.939097	6.575323
28	34	3.073133	0.496933	2.282635	5.852702
28	35	3.073133	0.508385	2.396262	5.977780
28	36	3.073133	0.623689	3.540366	7.237188
28	37	3.073133	0.614177	3.445985	7.133295
28	38	3.073133	0.509809	2.410397	5.993339
28	39	3.073133	0.635375	3.656319	7.364827
28	40	3.073133	0.638203	3.843275	7.554611
28	41	3.073133	0.650956	3.810923	7.535012
28	42	3.073133	0.531748	2.628080	6.232961
28	43	3.073133	0.557579	3.043283	6.673995
28	44	3.073133	0.671883	4.018574	7.763590
28	45	3.073133	0.524638	2.557536	6.155307
28	46	3.073133	0.581838	3.125101	6.780072
28	47	3.073133	0.614177	3.445985	7.133295
28	48	3.073133	0.623689	3.540366	7.237188
28	49	3.073133	0.580688	3.113691	6.767512
28	50	3.073133	0.576473	3.071869	6.721475
28	51	3.073133	0.511255	2.424743	6.009131
28	52	3.073133	0.562218	2.930422	6.565773
28	53	3.073133	0.538647	2.696537	6.308316
28	54	3.073133	0.544329	2.752919	6.370381
28	55	3.073133	0.484753	2.161779	5.719666
28	56	3.073133	0.638203	3.843275	7.554611
28	57	3.073133	0.635375	3.656319	7.364827
28	58	3.073133	0.657722	3.878062	7.608917
28	59	3.073133	0.578003	3.087050	6.738186
28	60	3.073133	0.524137	2.552566	6.149836
28	61	3.073133	0.489017	2.204080	5.766230
28	62	3.073133	0.522358	2.534909	6.130400
28	63	3.073133	0.489017	2.204080	5.766230
28	64	3.073133	0.524638	2.557536	6.155307
28	65	3.073133	0.589079	3.196950	6.859162
28	66	3.073133	0.541044	2.720319	6.334496
28	67	3.073133	0.635375	3.656319	7.364827
28	68	3.073133	0.529948	2.610222	6.213303
28	69	3.073133	0.437334	1.691259	5.201726
28	70	3.073133	0.489017	2.204080	5.766230
28	71	3.073133	0.552178	2.830798	6.456108
28	72	3.073133	0.650956	3.810923	7.535012
28	73	3.073133	0.546011	2.769607	6.388751
28	74	3.073133	0.437334	1.691259	5.201726
28	75	3.073133	0.538647	2.696537	6.308316
28	76	3.073133	0.608031	3.385006	7.066171
28	77	3.073133	0.528476	2.595613	6.197222
28	78	3.073133	0.581838	3.125101	6.780072
28	79	3.073133	0.493931	2.252843	5.819907
28	80	3.073133	0.463323	1.949139	5.485596
28	81	3.073133	0.511255	2.424743	6.009131
28	82	3.073133	0.650735	3.861697	7.585565
28	83	3.073133	0.612466	3.481976	7.167576
28	84	3.073133	0.486073	2.174872	5.734078
28	85	3.073133	0.524137	2.552566	6.149836
28	86	3.073133	0.528476	2.595613	6.197222
28	87	3.073133	0.546011	2.769607	6.388751
28	88	3.073133	0.472279	2.038000	5.583411
28	89	3.073133	0.610249	3.407007	7.090389
28	90	3.073133	0.587060	3.176912	6.837104
28	91	3.073133	0.578708	3.094043	6.745883
28	92	3.073133	0.580550	3.112320	6.766002
28	93	3.073133	0.538647	2.696537	6.308316
28	94	3.073133	0.510595	2.418194	6.001922
28	95	3.073133	0.522358	2.534909	6.130400
28	96	3.073133	0.568631	3.099980	6.741743
28	97	3.073133	0.644339	3.798227	7.515699
28	98	3.073133	0.580688	3.113691	6.767512
28	99	3.073133	0.608031	3.385006	7.066171
29	0	3.222990	0.576873	3.075836	6.875699
29	1	3.222990	0.616462	3.468655	7.308108
29	2	3.222990	0.552587	2.834856	6.610433
29	3	3.222990	0.680990	4.108936	8.012916
29	4	3.222990	0.680990	4.108936	8.012916
29	5	3.222990	0.521796	2.529332	6.274118
29	6	3.222990	0.620291	3.506653	7.349934
29	7	3.222990	0.560758	2.915940	6.699689
29	8	3.222990	0.534002	2.650444	6.407436
29	9	3.222990	0.563881	2.946919	6.733790
29	10	3.222990	0.596199	3.267596	7.086785
29	11	3.222990	0.544966	2.759243	6.527200
29	12	3.222990	0.499266	2.305785	6.028041
29	13	3.222990	0.422082	1.539927	5.185000
29	14	3.222990	0.534002	2.650444	6.407436
29	15	3.222990	0.551720	2.826254	6.600964
29	16	3.222990	0.563962	2.947730	6.734683
29	17	3.222990	0.493555	2.249118	5.965664
29	18	3.222990	0.509399	2.406325	6.138715
29	19	3.222990	0.530647	2.617160	6.370797
29	20	3.222990	0.552668	2.835660	6.611319
29	21	3.222990	0.422082	1.539927	5.185000
29	22	3.222990	0.536837	2.678584	6.438412
29	23	3.222990	0.609336	3.397947	7.230273
29	24	3.222990	0.510198	2.414249	6.147437
29	25	3.222990	0.532060	2.896001	6.651052
29	26	3.222990	0.497521	2.288466	6.008977
29	27	3.222990	0.617709	3.481028	7.321727
29	28	3.222990	0.563881	2.946919	6.733790
29	29	3.222990	0.700157	4.352087	8.275234
29	30	3.222990	0.543588	2.745566	6.512144
29	31	3.222990	0.489645	2.210320	5.922955
29	32	3.222990	0.597094	3.276483	7.096568
29	33	3.222990	0.497521	2.288466	6.008977
29	34	3.222990	0.523995	2.551152	6.298137
29	35	3.222990	0.569204	2.999740	6.791935
29	36	3.222990	0.662622	3.926682	7.812294
29	37	3.222990	0.617920	3.589056	7.429966
29	38	3.222990	0.477511	2.089917	5.790419
29	39	3.222990	0.604398	3.348955	7.176343
29	40	3.222990	0.549059	2.799855	6.571905
29	41	3.222990	0.561917	2.927434	6.712342
29	42	3.222990	0.497607	2.289314	6.009911
29	43	3.222990	0.551720	2.826254	6.600964
29	44	3.222990	0.575614	3.063342	6.861947
29	45	3.222990	0.558703	2.895546	6.677240
29	46	3.222990	0.609336	3.397947	7.230273
29	47	3.222990	0.592965	3.235512	7.051468
29	48	3.222990	0.635121	3.812693	7.670805
29	49	3.222990	0.517942	2.491091	6.232023
29	50	3.222990	0.604398	3.348955	7.176343
29	51	3.222990	0.493555	2.249118	5.965664
29	52	3.222990	0.569204	2.999740	6.791935
29	53	3.222990	0.609336	3.397947	7.230273
29	54	3.222990	0.579485	3.419531	7.222006
29	55	3.222990	0.517942	2.491091	6.232023
29	56	3.222990	0.549059	2.799855	6.571905
29	57	3.222990	0.498619	2.776035	6.497645
29	58	3.222990	0.626050	3.563795	7.412836
29	59	3.222990	0.560758	2.915940	6.699689
29	60	3.222990	0.576873	3.075836	6.875699
29	61	3.222990	0.509399	2.406325	6.138715
29	62	3.222990	0.563962	2.947730	6.734683
29	63	3.222990	0.555768	2.866419	6.645177
29	64	3.222990	0.616462	3.468655	7.308108
29	65	3.222990	0.442868	1.746169	5.412028
29	66	3.222990	0.551720	2.826254	6.600964
29	67	3.222990	0.545101	2.760576	6.528668
29	68	3.222990	0.684501	4.302663	8.210154
29	69	3.222990	0.598810	3.293510	7.115311
29	70	3.222990	0.518317	2.494815	6.236122
29	71	3.222990	0.497607	2.289314	6.009911
29	72	3.222990	0.626050	3.563795	7.412836
29	73	3.222990	0.518317	2.494815	6.236122
29	74	3.222990	0.518317	2.494815	6.236122
29	75	3.222990	0.545101	2.760576	6.528668
29	76	3.222990	0.658858	3.889330	7.771179
29	77	3.222990	0.633320	3.635927	7.492237
29	78	3.222990	0.509399	2.406325	6.138715
29	79	3.222990	0.576436	3.230390	7.029816
29	80	3.222990	0.569204	2.999740	6.791935
29	81	3.222990	0.600071	3.306018	7.129079
29	82	3.222990	0.532434	2.634890	6.390314
29	83	3.222990	0.628402	3.587135	7.438528
29	84	3.222990	0.497607	2.289314	6.009911
29	85	3.222990	0.563962	2.947730	6.734683
29	86	3.222990	0.442868	1.746169	5.412028
29	87	3.222990	0.600071	3.306018	7.129079
29	88	3.222990	0.542945	2.739190	6.505125
29	89	3.222990	0.628402	3.587135	7.438528
29	90	3.222990	0.579431	3.471964	7.274386
29	91	3.222990	0.560379	2.912173	6.695543
29	92	3.222990	0.685189	4.150602	8.058781
29	93	3.222990	0.597616	3.334618	7.155225
29	94	3.222990	0.626705	3.570290	7.419984
29	95	3.222990	0.633320	3.635927	7.492237
29	96	3.222990	0.633053	3.633283	7.489326
29	97	3.222990	0.575340	3.060620	6.858950
29	98	3.222990	0.602932	3.334403	7.160325
29	99	3.222990	0.518317	2.494815	6.236122
30	0	3.381116	0.530595	2.987388	6.899099
30	1	3.381116	0.542747	2.737219	6.661082
30	2	3.381116	0.624723	3.550627	7.556466
30	3	3.381116	0.613445	3.438723	7.433284
30	4	3.381116	0.536567	2.675902	6.593585
30	5	3.381116	0.520244	2.513938	6.415299
30	6	3.381116	0.580324	3.110075	7.071515
30	7	3.381116	0.516752	2.479286	6.377154
30	8	3.381116	0.541301	2.722870	6.645288
30	9	3.381116	0.553257	2.841509	6.775882
30	10	3.381116	0.621478	3.730288	7.732883
30	11	3.381116	0.573723	3.044582	6.999421
30	12	3.381116	0.558560	2.894128	6.833804
30	13	3.381116	0.498648	2.299651	6.179416
30	14	3.381116	0.498648	2.299651	6.179416
30	15	3.381116	0.619816	3.501939	7.502871
30	16	3.381116	0.624723	3.550627	7.556466
30	17	3.381116	0.448037	1.797463	5.626617
30	18	3.381116	0.605361	3.517396	7.503873
30	19	3.381116	0.484939	2.163619	6.029674
30	20	3.381116	0.558560	2.894128	6.833804
30	21	3.381116	0.508283	2.395249	6.284648
30	22	3.381116	0.535402	2.664345	6.580863
30	23	3.381116	0.542747	2.737219	6.661082
30	24	3.381116	0.566013	2.968074	6.915203
30	25	3.381116	0.572766	3.193974	7.147856
30	26	3.381116	0.566013	2.968074	6.915203
30	27	3.381116	0.559182	2.900297	6.840595
30	28	3.381116	0.516752	2.479286	6.377154
30	29	3.381116	0.499595	2.309043	6.189754
30	30	3.381116	0.547608	2.785453	6.714178
30	31	3.381116	0.464966	1.965444	5.811527
30	32	3.381116	0.520210	2.513597	6.414923
30	33	3.381116	0.573723	3.044582	6.999421
30	34	3.381116	0.584696	3.471240	7.437052
30	35	3.381116	0.520210	2.513597	6.414923
30	36	3.381116	0.536567	2.675902	6.593585
30	37	3.381116	0.516752	2.479286	6.377154
30	38	3.381116	0.569596	3.003632	6.954344
30	39	3.381116	0.655129	3.852335	7.888581
30	40	3.381116	0.537934	2.689460	6.608510
30	41	3.381116	0.664106	3.941407	7.986629
30	42	3.381116	0.619816	3.501939	7.502871
30	43	3.381116	0.527479	2.585725	6.494320
30	44	3.381116	0.553875	2.847643	6.782635
30	45	3.381116	0.547608	2.785453	6.714178
30	46	3.381116	0.533987	2.650305	6.565408
30	47	3.381116	0.546621	2.775658	6.703395
30	48	3.381116	0.605361	3.517396	7.503873
30	49	3.381116	0.539668	2.706672	6.627457
30	50	3.381116	0.594544	3.251175	7.226835
30	51	3.381116	0.535402	2.664345	6.580863
30	52	3.381116	0.483726	2.151583	6.016425
30	53	3.381116	0.589191	3.198057	7.168364
30	54	3.381116	0.638748	3.689793	7.709658
30	55	3.381116	0.510992	2.422137	6.314246
30	56	3.381116	0.521541	2.526806	6.429464
30	57	3.381116	0.547608	2.785453	6.714178
30	58	3.381116	0.482114	2.135589	5.998820
30	59	3.381116	0.478453	2.099266	5.958835
30	60	3.381116	0.566013	2.968074	6.915203
30	61	3.381116	0.499595	2.309043	6.189754
30	62	3.381116	0.638748	3.689793	7.709658
30	63	3.381116	0.619673	3.606451	7.607241
30	64	3.381116	0.559182	2.900297	6.840595
30	65	3.381116	0.541301	2.722870	6.645288
30	66	3.381116	0.499595	2.309043	6.189754
30	67	3.381116	0.543953	2.749190	6.674259
30	68	3.381116	0.547608	2.785453	6.714178
30	69	3.381116	0.536567	2.675902	6.593585
30	70	3.381116	0.448037	1.797463	5.626617
30	71	3.381116	0.541543	2.725274	6.647934
30	72	3.381116	0.498860	2.301750	6.181726
30	73	3.381116	0.566847	2.976356	6.924320
30	74	3.381116	0.521541	2.526806	6.429464
30	75	3.381116	0.519772	2.509250	6.410139
30	76	3.381116	0.498860	2.301750	6.181726
30	77	3.381116	0.484939	2.163619	6.029674
30	78	3.381116	0.527479	2.585725	6.494320
30	79	3.381116	0.516663	2.796187	6.693967
30	80	3.381116	0.539668	2.706672	6.627457
30	81	3.381116	0.543953	2.749190	6.674259
30	82	3.381116	0.587016	3.176478	7.144610
30	83	3.381116	0.623672	3.540197	7.544985
30	84	3.381116	0.545284	2.762394	6.688795
30	85	3.381116	0.580324	3.110075	7.071515
30	86	3.381116	0.541543	2.725274	6.647934
30	87	3.381116	0.553257	2.841509	6.775882
30	88	3.381116	0.520244	2.513938	6.415299
30	89	3.381116	0.416088	1.480444	5.277648
30	90	3.381116	0.557039	3.143848	7.082003
30	91	3.381116	0.541543	2.725274	6.647934
30	92	3.381116	0.541543	2.725274	6.647934
30	93	3.381116	0.519772	2.509250	6.410139
30	94	3.381116	0.507278	2.385275	6.273669
30	95	3.381116	0.482114	2.135589	5.998820
30	96	3.381116	0.541543	2.725274	6.647934
30	97	3.381116	0.464966	1.965444	5.811527
30	98	3.381116	0.594544	3.251175	7.226835
30	99	3.381116	0.651631	3.870589	7.903337
31	0	3.131595	0.582598	3.132644	6.846837
31	1	3.131595	0.520175	2.513252	6.165021
31	2	3.131595	0.562356	2.931793	6.625744
31	3	3.131595	0.524775	2.558889	6.215259
31	4	3.131595	0.645849	3.760254	7.537698
31	5	3.131595	0.593091	3.236763	6.961449
31	6	3.131595	0.512443	2.436531	6.080569
31	7	3.131595	0.521825	2.529626	6.183046
31	8	3.131595	0.614124	3.445463	7.191182
31	9	3.131595	0.593091	3.236763	6.961449
31	10	3.131595	0.552700	2.835980	6.520274
31	11	3.131595	0.521825	2.529626	6.183046
31	12	3.131595	0.516342	2.475212	6.123149
31	13	3.131595	0.548999	2.799259	6.479853
31	14	3.131595	0.473979	2.054867	5.660440
31	15	3.131595	0.589119	3.197343	6.918057
31	16	3.131595	0.492962	2.243234	5.867791
31	17	3.131595	0.574311	3.050417	6.756323
31	18	3.131595	0.616340	3.467450	7.215385
31	19	3.131595	0.614124	3.445463	7.191182
31	20	3.131595	0.593091	3.236763	6.961449
31	21	3.131595	0.559324	2.901702	6.592620
31	22	3.131595	0.585115	3.157616	6.874325
31	23	3.131595	0.526916	2.739030	6.397541
31	24	3.131595	0.555883	2.867562	6.555039
31	25	3.131595	0.543336	2.743066	6.417997
31	26	3.131595	0.504856	2.361246	5.997696
31	27	3.131595	0.645849	3.760254	7.537698
31	28	3.131595	0.525989	2.570943	6.228527
31	29	3.131595	0.529829	2.609047	6.270471
31	30	3.131595	0.646815	3.769833	7.548242
31	31	3.131595	0.543336	2.743066	6.417997
31	32	3.131595	0.543336	2.743066	6.417997
31	33	3.131595	0.510936	2.421574	6.064104
31	34	3.131595	0.503501	2.347802	5.982898
31	35	3.131595	0.602397	3.329102	7.063094
31	36	3.131595	0.510429	2.416543	6.058567
31	37	3.131595	0.603283	3.337890	7.072768
31	38	3.131595	0.582598	3.132644	6.846837
31	39	3.131595	0.503795	2.350717	5.986107
31	40	3.131595	0.645849	3.760254	7.537698
31	41	3.131595	0.574311	3.050417	6.756323
31	42	3.131595	0.607270	3.483378	7.222242
31	43	3.131595	0.624447	3.547892	7.303934
31	44	3.131595	0.612078	3.425159	7.168832
31	45	3.131595	0.473979	2.054867	5.660440
31	46	3.131595	0.589119	3.197343	6.918057
31	47	3.131595	0.569516	3.002841	6.703952
31	48	3.131595	0.562799	2.936182	6.630575
31	49	3.131595	0.645849	3.760254	7.537698
31	50	3.131595	0.525989	2.570943	6.228527
31	51	3.131595	0.518798	2.499591	6.149984
31	52	3.131595	0.518798	2.499591	6.149984
31	53	3.131595	0.573117	3.038568	6.743280
31	54	3.131595	0.503795	2.350717	5.986107
31	55	3.131595	0.551775	2.826806	6.510176
31	56	3.131595	0.560513	2.913499	6.605607
31	57	3.131595	0.634931	3.651919	7.418445
31	58	3.131595	0.547826	2.787615	6.467036
31	59	3.131595	0.510936	2.421574	6.064104
31	60	3.131595	0.548999	2.799259	6.479853
31	61	3.131595	0.582598	3.132644	6.846837
31	62	3.131595	0.593091	3.236763	6.961449
31	63	3.131595	0.542999	2.739724	6.414318
31	64	3.131595	0.471526	2.030526	5.633646
31	65	3.131595	0.634931	3.651919	7.418445
31	66	3.131595	0.539610	2.864986	6.536191
31	67	3.131595	0.592796	3.233834	6.958224
31	68	3.131595	0.477224	2.457814	6.066633
31	69	3.131595	0.589119	3.197343	6.918057
31	70	3.131595	0.562793	2.936125	6.630513
31	71	3.131595	0.638028	3.841541	7.611164
31	72	3.131595	0.560513	2.913499	6.605607
31	73	3.131595	0.572649	3.033925	6.738169
31	74	3.131595	0.520175	2.513252	6.165021
31	75	3.131595	0.566989	2.977758	6.676341
31	76	3.131595	0.609056	3.395177	7.135828
31	77	3.131595	0.596279	3.427285	7.155159
31	78	3.131595	0.520175	2.513252	6.165021
31	79	3.131595	0.504856	2.361246	5.997696
31	80	3.131595	0.638028	3.841541	7.611164
31	81	3.131595	0.566989	2.977758	6.676341
31	82	3.131595	0.569516	3.002841	6.703952
31	83	3.131595	0.548999	2.799259	6.479853
31	84	3.131595	0.574311	3.050417	6.756323
31	85	3.131595	0.663731	4.096578	7.891904
31	86	3.131595	0.612078	3.425159	7.168832
31	87	3.131595	0.531800	3.052309	6.715704
31	88	3.131595	0.552700	2.835980	6.520274
31	89	3.131595	0.539802	2.707995	6.379391
31	90	3.131595	0.548999	2.799259	6.479853
31	91	3.131595	0.510269	2.838663	6.480526
31	92	3.131595	0.504856	2.361246	5.997696
31	93	3.131595	0.618116	3.485068	7.234779
31	94	3.131595	0.562799	2.936182	6.630575
31	95	3.131595	0.645849	3.760254	7.537698
31	96	3.131595	0.510429	2.416543	6.058567
31	97	3.131595	0.606919	3.373963	7.112476
31	98	3.131595	0.560513	2.913499	6.605607
31	99	3.131595	0.624447	3.547892	7.303934
32	0	2.993864	0.581513	3.121879	6.697256
32	1	2.993864	0.523618	2.547409	6.064890
32	2	2.993864	0.658685	3.887620	7.540170
32	3	2.993864	0.631377	3.616653	7.241894
32	4	2.993864	0.620678	3.510490	7.125032
32	5	2.993864	0.508053	2.392974	5.894892
32	6	2.993864	0.644628	3.748134	7.386626
32	7	2.993864	0.611080	3.415252	7.020195
32	8	2.993864	0.671122	4.011025	7.676011
32	9	2.993864	0.662673	3.927191	7.583729
32	10	2.993864	0.537748	2.687620	6.219232
32	11	2.993864	0.586420	3.170567	6.750851
32	12	2.993864	0.658685	3.887620	7.540170
32	13	2.993864	0.501787	2.595611	6.091261
32	14	2.993864	0.515499	2.466853	5.976216
32	15	2.993864	0.585826	3.376530	6.956220
32	16	2.993864	0.644628	3.748134	7.386626
32	17	2.993864	0.632534	3.628133	7.254531
32	18	2.993864	0.599132	3.296696	6.889692
32	19	2.993864	0.515499	2.466853	5.976216
32	20	2.993864	0.535235	2.927500	6.456599
32	21	2.993864	0.603622	3.341254	6.938740
32	22	2.993864	0.659714	3.897825	7.551403
32	23	2.993864	0.520668	2.518144	6.032676
32	24	2.993864	0.481122	2.125751	5.600738
32	25	2.993864	0.631377	3.616653	7.241894
32	26	2.993864	0.631377	3.616653	7.241894
32	27	2.993864	0.586420	3.170567	6.750851
32	28	2.993864	0.615728	3.461372	7.070964
32	29	2.993864	0.615519	3.618196	7.227580
32	30	2.993864	0.560091	2.909319	6.463274
32	31	2.993864	0.520668	2.518144	6.032676
32	32	2.993864	0.437949	1.697366	5.129179
32	33	2.993864	0.599132	3.296696	6.889692
32	34	2.993864	0.699420	4.291808	7.985092
32	35	2.993864	0.631377	3.616653	7.241894
32	36	2.993864	0.643310	3.735058	7.372232
32	37	2.993864	0.546230	2.771780	6.311874
32	38	2.993864	0.519099	2.502569	6.015532
32	39	2.993864	0.672801	4.027679	7.694344
32	40	2.993864	0.546230	2.771780	6.311874
32	41	2.993864	0.658685	3.887620	7.540170
32	42	2.993864	0.545977	3.140018	6.679859
32	43	2.993864	0.634039	3.643067	7.270970
32	44	2.993864	0.508053	2.392974	5.894892
32	45	2.993864	0.602874	3.333828	6.930566
32	46	2.993864	0.644628	3.748134	7.386626
32	47	2.993864	0.519099	2.502569	6.015532
32	48	2.993864	0.564913	2.957166	6.515944
32	49	2.993864	0.620678	3.510490	7.125032
32	50	2.993864	0.498438	2.668310	6.160612
32	51	2.993864	0.643310	3.735058	7.372232
32	52	2.993864	0.481122	2.125751	5.600738
32	53	2.993864	0.502515	3.026545	6.522924
32	54	2.993864	0.671122	4.011025	7.676011
32	55	2.993864	0.625605	3.559382	7.178852
32	56	2.993864	0.570494	3.383282	6.947640
32	57	2.993864	0.540177	2.711717	6.245758
32	58	2.993864	0.590330	3.209366	6.793560
32	59	2.993864	0.699420	4.291808	7.985092
32	60	2.993864	0.595068	3.256376	6.845308
32	61	2.993864	0.498581	2.298989	5.791434
32	62	2.993864	0.596174	3.267353	6.857392
32	63	2.993864	0.582623	3.132895	6.709382
32	64	2.993864	0.668781	3.987791	7.650435
32	65	2.993864	0.565119	2.959210	6.518193
32	66	2.993864	0.505188	2.364543	5.863596
32	67	2.993864	0.599132	3.296696	6.889692
32	68	2.993864	0.529512	2.605895	6.129271
32	69	2.993864	0.668781	3.987791	7.650435
32	70	2.993864	0.590330	3.209366	6.793560
32	71	2.993864	0.643884	3.740753	7.378501
32	72	2.993864	0.563026	3.362154	6.919044
32	73	2.993864	0.498581	2.298989	5.791434
32	74	2.993864	0.498581	2.298989	5.791434
32	75	2.993864	0.625605	3.559382	7.178852
32	76	2.993864	0.620678	3.510490	7.125032
32	77	2.993864	0.586420	3.170567	6.750851
32	78	2.993864	0.615728	3.461372	7.070964
32	79	2.993864	0.672801	4.027679	7.694344
32	80	2.993864	0.622532	3.528883	7.145278
32	81	2.993864	0.523618	2.547409	6.064890
32	82	2.993864	0.600725	3.312510	6.907099
32	83	2.993864	0.564913	2.957166	6.515944
32	84	2.993864	0.537748	2.687620	6.219232
32	85	2.993864	0.582623	3.132895	6.709382
32	86	2.993864	0.632534	3.628133	7.254531
32	87	2.993864	0.637874	3.681120	7.312859
32	88	2.993864	0.552796	2.889894	6.436554
32	89	2.993864	0.577312	3.080194	6.651371
32	90	2.993864	0.508053	2.392974	5.894892
32	91	2.993864	0.643310	3.735058	7.372232
32	92	2.993864	0.610809	3.412569	7.017243
32	93	2.993864	0.560091	2.909319	6.463274
32	94	2.993864	0.620678	3.510490	7.125032
32	95	2.993864	0.603622	3.341254	6.938740
32	96	2.993864	0.577312	3.080194	6.651371
32	97	2.993864	0.633218	3.634923	7.262006
32	98	2.993864	0.529512	2.605895	6.129271
32	99	2.993864	0.603622	3.341254	6.938740
33	0	3.180997	0.461139	1.927467	5.569603
33	1	3.180997	0.485699	2.171160	5.837855
33	2	3.180997	0.487616	2.190186	5.858799
33	3	3.180997	0.517978	2.491455	6.190431
33	4	3.180997	0.549945	3.020500	6.751442
33	5	3.180997	0.648407	3.785629	7.615032
33	6	3.180997	0.623919	3.542647	7.347563
33	7	3.180997	0.517978	2.491455	6.190431
33	8	3.180997	0.600898	3.314224	7.096119
33	9	3.180997	0.558636	2.894879	6.634512
33	10	3.180997	0.556540	2.874081	6.611617
33	11	3.180997	0.512028	2.432414	6.125439
33	12	3.180997	0.604881	3.353746	7.139624
33	13	3.180997	0.599375	3.299112	7.079484
33	14	3.180997	0.489748	2.211340	5.882085
33	15	3.180997	0.637433	3.676748	7.495178
33	16	3.180997	0.477053	2.085373	5.743423
33	17	3.180997	0.430616	1.624600	5.236213
33	18	3.180997	0.509818	2.410487	6.101302
33	19	3.180997	0.590610	3.371033	7.142640
33	20	3.180997	0.464668	1.962487	5.608152
33	21	3.180997	0.639535	3.697599	7.518130
33	22	3.180997	0.478594	2.100661	5.760252
33	23	3.180997	0.639535	3.697599	7.518130
33	24	3.180997	0.502753	2.340383	6.024133
33	25	3.180997	0.493965	2.253183	5.928145
33	26	3.180997	0.542375	2.733530	6.456902
33	27	3.180997	0.477053	2.085373	5.743423
33	28	3.180997	0.473766	2.052756	5.707518
33	29	3.180997	0.592865	3.234521	7.008383
33	30	3.180997	0.464668	1.962487	5.608152
33	31	3.180997	0.493965	2.253183	5.928145
33	32	3.180997	0.530672	2.617402	6.329070
33	33	3.180997	0.664178	3.942117	7.787291
33	34	3.180997	0.547153	3.151683	6.879833
33	35	3.180997	0.512028	2.432414	6.125439
33	36	3.180997	0.526333	2.574350	6.281680
33	37	3.180997	0.592865	3.234521	7.008383
33	38	3.180997	0.577976	3.086783	6.845757
33	39	3.180997	0.554345	2.852303	6.587645
33	40	3.180997	0.515022	2.462122	6.158141
33	41	3.180997	0.464668	1.962487	5.608152
33	42	3.180997	0.500575	2.318770	6.000342
33	43	3.180997	0.664178	3.942117	7.787291
33	44	3.180997	0.577729	3.084325	6.843050
33	45	3.180997	0.553751	3.005303	6.740051
33	46	3.180997	0.499542	2.308522	5.989061
33	47	3.180997	0.653888	3.840017	7.674901
33	48	3.180997	0.430616	1.624600	5.236213
33	49	3.180997	0.542375	2.733530	6.456902
33	50	3.180997	0.637433	3.676748	7.495178
33	51	3.180997	0.572680	3.246086	6.999763
33	52	3.180997	0.458295	1.899250	5.538542
33	53	3.180997	0.597537	3.333837	7.112370
33	54	3.180997	0.515022	2.462122	6.158141
33	55	3.180997	0.594591	3.251639	7.027226
33	56	3.180997	0.554345	2.852303	6.587645
33	57	3.180997	0.489748	2.211340	5.882085
33	58	3.180997	0.512028	2.432414	6.125439
33	59	3.180997	0.599375	3.299112	7.079484
33	60	3.180997	0.639535	3.697599	7.518130
33	61	3.180997	0.554345	2.852303	6.587645
33	62	3.180997	0.556540	2.874081	6.611617
33	63	3.180997	0.580366	3.110497	6.871860
33	64	3.180997	0.577976	3.086783	6.845757
33	65	3.180997	0.535168	2.662022	6.378187
33	66	3.180997	0.634434	3.646988	7.462419
33	67	3.180997	0.542375	2.733530	6.456902
33	68	3.180997	0.604881	3.353746	7.139624
33	69	3.180997	0.496478	2.278120	5.955595
33	70	3.180997	0.480294	2.117531	5.778821
33	71	3.180997	0.477053	2.085373	5.743423
33	72	3.180997	0.454542	1.862012	5.497551
33	73	3.180997	0.542375	2.733530	6.456902
33	74	3.180997	0.464668	1.962487	5.608152
33	75	3.180997	0.519355	2.505110	6.205462
33	76	3.180997	0.499542	2.308522	5.989061
33	77	3.180997	0.536311	2.673362	6.390670
33	78	3.180997	0.556540	2.874081	6.611617
33	79	3.180997	0.569680	3.110392	6.861069
33	80	3.180997	0.564142	3.161372	6.906511
33	81	3.180997	0.539476	2.704769	6.425242
33	82	3.180997	0.579327	3.100182	6.860505
33	83	3.180997	0.544765	2.757248	6.483010
33	84	3.180997	0.618560	3.489479	7.289037
33	85	3.180997	0.677862	4.077897	7.936756
33	86	3.180997	0.454542	1.862012	5.497551
33	87	3.180997	0.554857	3.228131	6.963985
33	88	3.180997	0.590610	3.371033	7.142640
33	89	3.180997	0.414836	1.468027	5.063860
33	90	3.180997	0.480294	2.117531	5.778821
33	91	3.180997	0.639535	3.697599	7.518130
33	92	3.180997	0.592865	3.234521	7.008383
33	93	3.180997	0.499542	2.308522	5.989061
33	94	3.180997	0.606156	3.366398	7.153550
33	95	3.180997	0.535168	2.662022	6.378187
33	96	3.180997	0.487616	2.190186	5.858799
33	97	3.180997	0.461139	1.927467	5.569603
33	98	3.180997	0.519355	2.505110	6.205462
33	99	3.180997	0.489748	2.211340	5.882085
34	0	3.109099	0.466444	1.980102	5.555645
34	1	3.109099	0.503765	2.350424	5.963288
34	2	3.109099	0.516259	2.474390	6.099747
34	3	3.109099	0.517541	2.487119	6.113759
34	4	3.109099	0.653982	3.840951	7.604032
34	5	3.109099	0.587287	3.179167	6.875553
34	6	3.109099	0.523547	2.546705	6.179351
34	7	3.109099	0.635656	3.659109	7.403864
34	8	3.109099	0.659479	3.895498	7.664076
34	9	3.109099	0.613077	3.435071	7.157247
34	10	3.109099	0.497197	2.285250	5.891545
34	11	3.109099	0.575258	3.059807	6.744164
34	12	3.109099	0.575379	3.061015	6.745493
34	13	3.109099	0.500343	2.316463	5.925905
34	14	3.109099	0.659479	3.895498	7.664076
34	15	3.109099	0.582027	3.285867	6.976993
34	16	3.109099	0.577503	3.082089	6.768690
34	17	3.109099	0.598872	3.453013	7.160983
34	18	3.109099	0.589061	3.196771	6.894931
34	19	3.109099	0.659479	3.895498	7.664076
34	20	3.109099	0.538602	2.696096	6.343797
34	21	3.109099	0.517541	2.487119	6.113759
34	22	3.109099	0.516259	2.474390	6.099747
34	23	3.109099	0.613077	3.435071	7.157247
34	24	3.109099	0.527500	2.850751	6.487350
34	25	3.109099	0.619687	3.500661	7.229447
34	26	3.109099	0.516259	2.474390	6.099747
34	27	3.109099	0.523397	2.545219	6.177715
34	28	3.109099	0.500343	2.316463	5.925905
34	29	3.109099	0.503710	2.349881	5.962690
34	30	3.109099	0.414968	1.469331	4.993397
34	31	3.109099	0.496790	2.281211	5.887099
34	32	3.109099	0.507783	2.390294	6.007176
34	33	3.109099	0.581810	3.124827	6.815736
34	34	3.109099	0.552529	2.834279	6.495906
34	35	3.109099	0.621453	3.518180	7.248731
34	36	3.109099	0.533676	2.647218	6.289993
34	37	3.109099	0.503710	2.349881	5.962690
34	38	3.109099	0.601717	3.375319	7.086135
34	39	3.109099	0.566199	2.969923	6.645220
34	40	3.109099	0.669705	3.996960	7.775764
34	41	3.109099	0.653982	3.840951	7.604032
34	42	3.109099	0.593575	3.241563	6.944237
34	43	3.109099	0.619687	3.500661	7.229447
34	44	3.109099	0.531070	2.621359	6.261528
34	45	3.109099	0.580247	3.162283	6.851629
34	46	3.109099	0.591921	3.331078	7.032098
34	47	3.109099	0.627756	3.580720	7.317574
34	48	3.109099	0.556478	2.873465	6.539041
34	49	3.109099	0.577775	3.084785	6.771659
34	50	3.109099	0.659479	3.895498	7.664076
34	51	3.109099	0.610818	3.412654	7.132571
34	52	3.109099	0.477687	2.091667	5.678453
34	53	3.109099	0.449318	1.810172	5.368589
34	54	3.109099	0.544018	2.749831	6.402948
34	55	3.109099	0.613077	3.435071	7.157247
34	56	3.109099	0.602102	3.326174	7.037375
34	57	3.109099	0.483737	2.151699	5.744535
34	58	3.109099	0.653982	3.840951	7.604032
34	59	3.109099	0.538602	2.696096	6.343797
34	60	3.109099	0.482087	2.135321	5.726507
34	61	3.109099	0.531134	2.621995	6.262228
34	62	3.109099	0.517541	2.487119	6.113759
34	63	3.109099	0.434589	1.664020	5.207708
34	64	3.109099	0.587287	3.179167	6.875553
34	65	3.109099	0.560307	2.911459	6.580864
34	66	3.109099	0.659479	3.895498	7.664076
34	67	3.109099	0.564905	2.957086	6.631090
34	68	3.109099	0.621453	3.518180	7.248731
34	69	3.109099	0.640394	3.706121	7.455613
34	70	3.109099	0.603670	3.341729	7.054497
34	71	3.109099	0.449318	1.810172	5.368589
34	72	3.109099	0.549306	2.802303	6.460708
34	73	3.109099	0.544018	2.749831	6.402948
34	74	3.109099	0.507800	2.390462	6.007361
34	75	3.109099	0.482940	2.620463	6.212502
34	76	3.109099	0.482087	2.135321	5.726507
34	77	3.109099	0.660609	3.959670	7.729377
34	78	3.109099	0.474516	2.060201	5.643816
34	79	3.109099	0.483737	2.151699	5.744535
34	80	3.109099	0.518418	2.495819	6.123336
34	81	3.109099	0.434589	1.664020	5.207708
34	82	3.109099	0.414968	1.469331	4.993397
34	83	3.109099	0.577775	3.084785	6.771659
34	84	3.109099	0.635656	3.659109	7.403864
34	85	3.109099	0.575379	3.061015	6.745493
34	86	3.109099	0.531134	2.621995	6.262228
34	87	3.109099	0.510696	2.948832	6.568626
34	88	3.109099	0.568603	3.205630	6.883332
34	89	3.109099	0.571384	3.021376	6.701860
34	90	3.109099	0.627756	3.580720	7.317574
34	91	3.109099	0.503765	2.350424	5.963288
34	92	3.109099	0.587287	3.179167	6.875553
34	93	3.109099	0.644817	3.750014	7.503930
34	94	3.109099	0.559398	2.902442	6.570938
34	95	3.109099	0.518418	2.495819	6.123336
34	96	3.109099	0.466444	1.980102	5.555645
34	97	3.109099	0.466444	1.980102	5.555645
34	98	3.109099	0.477687	2.091667	5.678453
34	99	3.109099	0.523547	2.546705	6.179351
35	0	3.202451	0.580753	3.114334	6.897537
35	1	3.202451	0.668773	3.987716	7.858940
35	2	3.202451	0.539315	2.703167	6.444932
35	3	3.202451	0.641660	3.718685	7.562796
35	4	3.202451	0.520850	2.519951	6.243251
35	5	3.202451	0.621412	3.517771	7.341634
35	6	3.202451	0.520850	2.519951	6.243251
35	7	3.202451	0.552680	2.835781	6.590911
35	8	3.202451	0.512879	2.440860	6.156190
35	9	3.202451	0.548092	2.790260	6.540803
35	10	3.202451	0.548092	2.790260	6.540803
35	11	3.202451	0.484852	2.162760	5.850062
35	12	3.202451	0.625961	3.562909	7.391320
35	13	3.202451	0.648716	3.841662	7.692828
35	14	3.202451	0.539315	2.703167	6.444932
35	15	3.202451	0.520900	2.520449	6.243800
35	16	3.202451	0.552680	2.835781	6.590911
35	17	3.202451	0.525025	2.561376	6.288852
35	18	3.202451	0.467347	1.989064	5.658862
35	19	3.202451	0.520255	2.514040	6.236746
35	20	3.202451	0.533436	2.644828	6.380715
35	21	3.202451	0.492179	2.235456	5.930085
35	22	3.202451	0.521385	2.525256	6.249091
35	23	3.202451	0.500716	2.320168	6.023335
35	24	3.202451	0.485673	2.170908	5.859031
35	25	3.202451	0.516009	2.471915	6.190375
35	26	3.202451	0.552680	2.835781	6.590911
35	27	3.202451	0.549766	2.806870	6.559087
35	28	3.202451	0.512879	2.440860	6.156190
35	29	3.202451	0.502880	2.341645	6.046975
35	30	3.202451	0.548092	2.790260	6.540803
35	31	3.202451	0.484011	2.154412	5.840874
35	32	3.202451	0.521385	2.525256	6.249091
35	33	3.202451	0.485673	2.170908	5.859031
35	34	3.202451	0.503675	2.349533	6.055659
35	35	3.202451	0.549766	2.806870	6.559087
35	36	3.202451	0.662426	3.924733	7.789609
35	37	3.202451	0.484011	2.154412	5.840874
35	38	3.202451	0.539558	2.917437	6.659446
35	39	3.202451	0.456411	2.463155	6.122017
35	40	3.202451	0.584422	3.150744	6.937617
35	41	3.202451	0.695052	4.248464	8.145967
35	42	3.202451	0.512879	2.440860	6.156190
35	43	3.202451	0.464951	1.965292	5.632693
35	44	3.202451	0.584422	3.150744	6.937617
35	45	3.202451	0.621412	3.517771	7.341634
35	46	3.202451	0.608670	3.391337	7.202458
35	47	3.202451	0.584422	3.150744	6.937617
35	48	3.202451	0.520255	2.514044	6.236749
35	49	3.202451	0.563679	2.944921	6.711051
35	50	3.202451	0.471965	2.034889	5.709304
35	51	3.202451	0.613792	3.654022	7.470265
35	52	3.202451	0.662426	3.924733	7.789609
35	53	3.202451	0.641660	3.718685	7.562796
35	54	3.202451	0.538965	2.699695	6.441111
35	55	3.202451	0.512879	2.440860	6.156190
35	56	3.202451	0.541645	2.726288	6.470384
35	57	3.202451	0.535010	2.925265	6.662725
35	58	3.202451	0.521182	2.523247	6.246880
35	59	3.202451	0.520900	2.520449	6.243800
35	60	3.202451	0.590642	3.265423	7.058516
35	61	3.202451	0.481224	2.126756	5.810431
35	62	3.202451	0.483676	2.151090	5.837217
35	63	3.202451	0.521182	2.523247	6.246880
35	64	3.202451	0.621412	3.517771	7.341634
35	65	3.202451	0.662426	3.924733	7.789609
35	66	3.202451	0.549766	2.806870	6.559087
35	67	3.202451	0.500716	2.320168	6.023335
35	68	3.202451	0.455227	2.557332	6.215010
35	69	3.202451	0.485258	2.166788	5.854497
35	70	3.202451	0.520255	2.514040	6.236746
35	71	3.202451	0.485673	2.170908	5.859031
35	72	3.202451	0.536230	2.672557	6.411238
35	73	3.202451	0.601154	3.316761	7.120365
35	74	3.202451	0.464951	1.965292	5.632693
35	75	3.202451	0.516009	2.471915	6.190375
35	76	3.202451	0.625961	3.562909	7.391320
35	77	3.202451	0.516009	2.471915	6.190375
35	78	3.202451	0.516009	2.471915	6.190375
35	79	3.202451	0.520168	2.513185	6.235804
35	80	3.202451	0.520168	2.513185	6.235804
35	81	3.202451	0.675143	4.050919	7.928512
35	82	3.202451	0.492179	2.235456	5.930085
35	83	3.202451	0.584422	3.150744	6.937617
35	84	3.202451	0.485258	2.166788	5.854497
35	85	3.202451	0.481224	2.126756	5.810431
35	86	3.202451	0.503675	2.349533	6.055659
35	87	3.202451	0.548092	2.790260	6.540803
35	88	3.202451	0.475264	2.067625	5.745340
35	89	3.202451	0.502880	2.341645	6.046975
35	90	3.202451	0.640088	3.703089	7.545628
35	91	3.202451	0.520900	2.520449	6.243800
35	92	3.202451	0.544425	2.806832	6.553708
35	93	3.202451	0.418522	1.504601	5.125574
35	94	3.202451	0.596828	3.273839	7.073118
35	95	3.202451	0.564490	3.217789	6.984730
35	96	3.202451	0.536230	2.672557	6.411238
35	97	3.202451	0.560179	2.910187	6.672816
35	98	3.202451	0.586563	3.330874	7.119887
35	99	3.202451	0.486221	2.176341	5.865012
36	0	3.193261	0.536079	2.671060	6.400400
36	1	3.193261	0.491992	2.233608	5.918862
36	2	3.193261	0.541318	3.252680	6.987259
36	3	3.193261	0.635477	3.657333	7.486070
36	4	3.193261	0.587801	3.184267	6.965329
36	5	3.193261	0.574941	3.056665	6.824867
36	6	3.193261	0.491992	2.233608	5.918862
36	7	3.193261	0.546143	3.194631	6.934036
36	8	3.193261	0.520354	2.515023	6.228637
36	9	3.193261	0.587801	3.184267	6.965329
36	10	3.193261	0.541733	3.097907	6.832901
36	11	3.193261	0.599742	3.302749	7.095752
36	12	3.193261	0.677429	4.073606	7.944296
36	13	3.193261	0.491992	2.233608	5.918862
36	14	3.193261	0.636208	3.664585	7.494053
36	15	3.193261	0.599742	3.302749	7.095752
36	16	3.193261	0.584521	3.151725	6.929507
36	17	3.193261	0.590055	3.206635	6.989951
36	18	3.193261	0.539401	2.704024	6.436686
36	19	3.193261	0.542419	2.733964	6.469643
36	20	3.193261	0.528910	2.599928	6.322099
36	21	3.193261	0.616679	3.470811	7.280751
36	22	3.193261	0.535000	2.660354	6.388615
36	23	3.193261	0.718563	4.481753	8.393577
36	24	3.193261	0.578214	3.089142	6.860616
36	25	3.193261	0.517343	2.485151	6.195755
36	26	3.193261	0.536079	2.671060	6.400400
36	27	3.193261	0.448965	1.806673	5.448899
36	28	3.193261	0.512430	2.860113	6.565805
36	29	3.193261	0.502317	2.336054	6.031632
36	30	3.193261	0.512430	2.860113	6.565805
36	31	3.193261	0.584521	3.151725	6.929507
36	32	3.193261	0.503186	2.344678	6.041125
36	33	3.193261	0.636208	3.664585	7.494053
36	34	3.193261	0.578698	3.199872	6.971831
36	35	3.193261	0.580747	3.114272	6.888280
36	36	3.193261	0.576294	3.070094	6.839650
36	37	3.193261	0.590055	3.206635	6.989951
36	38	3.193261	0.591950	3.490257	7.275469
36	39	3.193261	0.576294	3.070094	6.839650
36	40	3.193261	0.535000	2.660354	6.388615
36	41	3.193261	0.590055	3.206635	6.989951
36	42	3.193261	0.503328	2.346090	6.042679
36	43	3.193261	0.514601	2.457944	6.165806
36	44	3.193261	0.530974	2.620408	6.344643
36	45	3.193261	0.517343	2.485151	6.195755
36	46	3.193261	0.535978	2.670055	6.399294
36	47	3.193261	0.697240	4.270179	8.160681
36	48	3.193261	0.598891	3.294313	7.086465
36	49	3.193261	0.575455	3.061770	6.830486
36	50	3.193261	0.608131	3.385992	7.187384
36	51	3.193261	0.590098	3.207059	6.990418
36	52	3.193261	0.574941	3.056665	6.824867
36	53	3.193261	0.680231	4.101410	7.974903
36	54	3.193261	0.635477	3.657333	7.486070
36	55	3.193261	0.500180	2.314846	6.008287
36	56	3.193261	0.558982	2.898310	6.650552
36	57	3.193261	0.527705	2.587968	6.308934
36	58	3.193261	0.576214	3.069300	6.838775
36	59	3.193261	0.522952	2.540808	6.257021
36	60	3.193261	0.558768	2.896189	6.648218
36	61	3.193261	0.517393	2.485647	6.196301
36	62	3.193261	0.537214	2.682317	6.412792
36	63	3.193261	0.561336	2.921670	6.676267
36	64	3.193261	0.567188	2.979737	6.740186
36	65	3.193261	0.535978	2.670055	6.399294
36	66	3.193261	0.625621	3.559534	7.378416
36	67	3.193261	0.580747	3.114272	6.888280
36	68	3.193261	0.558982	2.898310	6.650552
36	69	3.193261	0.502317	2.336054	6.031632
36	70	3.193261	0.564784	2.955879	6.713924
36	71	3.193261	0.621343	3.517086	7.331689
36	72	3.193261	0.599742	3.302749	7.095752
36	73	3.193261	0.618892	3.651658	7.463811
36	74	3.193261	0.581044	3.117224	6.891529
36	75	3.193261	0.502317	2.336054	6.031632
36	76	3.193261	0.567188	2.979737	6.740186
36	77	3.193261	0.429172	1.610271	5.232704
36	78	3.193261	0.514601	2.457944	6.165806
36	79	3.193261	0.488717	2.201111	5.883089
36	80	3.193261	0.542419	2.733964	6.469643
36	81	3.193261	0.590055	3.206635	6.989951
36	82	3.193261	0.520354	2.515023	6.228637
36	83	3.193261	0.574941	3.056665	6.824867
36	84	3.193261	0.539401	2.704024	6.436686
36	85	3.193261	0.608131	3.385992	7.187384
36	86	3.193261	0.535000	2.660354	6.388615
36	87	3.193261	0.577201	3.237984	7.008446
36	88	3.193261	0.680231	4.101410	7.974903
36	89	3.193261	0.558982	2.898310	6.650552
36	90	3.193261	0.477574	2.090544	5.761379
36	91	3.193261	0.477574	2.090544	5.761379
36	92	3.193261	0.551843	3.092294	6.837398
36	93	3.193261	0.567188	2.979737	6.740186
36	94	3.193261	0.560433	2.912714	6.666408
36	95	3.193261	0.503328	2.346090	6.042679
36	96	3.193261	0.517343	2.485151	6.195755
36	97	3.193261	0.743168	4.725900	8.662329
36	98	3.193261	0.565539	2.963373	6.722173
36	99	3.193261	0.539401	2.704024	6.436686
37	0	3.243467	0.448095	1.798038	5.489599
37	1	3.243467	0.597133	3.276869	7.117469
37	2	3.243467	0.519972	2.511241	6.274680
37	3	3.243467	0.560119	2.909590	6.713175
37	4	3.243467	0.428968	1.608244	5.280678
37	5	3.243467	0.519623	2.507773	6.270863
37	6	3.243467	0.593372	3.239543	7.076381
37	7	3.243467	0.529720	2.607964	6.381151
37	8	3.243467	0.504714	2.359841	6.108021
37	9	3.243467	0.564073	2.948831	6.756371
37	10	3.243467	0.562043	2.928687	6.734197
37	11	3.243467	0.547798	2.787339	6.578604
37	12	3.243467	0.645479	3.756581	7.645526
37	13	3.243467	0.505332	2.365973	6.114772
37	14	3.243467	0.580236	3.109204	6.932907
37	15	3.243467	0.631826	3.621111	7.496404
37	16	3.243467	0.643800	3.739919	7.627186
37	17	3.243467	0.526303	2.574057	6.343827
37	18	3.243467	0.519623	2.507773	6.270863
37	19	3.243467	0.595839	3.264029	7.103334
37	20	3.243467	0.626412	3.567389	7.437268
37	21	3.243467	0.500681	2.319819	6.063966
37	22	3.243467	0.571234	3.019880	6.834580
37	23	3.243467	0.576466	3.071801	6.891734
37	24	3.243467	0.541200	2.721871	6.506537
37	25	3.243467	0.519246	2.504030	6.266743
37	26	3.243467	0.658784	3.888602	7.790853
37	27	3.243467	0.571234	3.019880	6.834580
37	28	3.243467	0.608663	3.391277	7.243407
37	29	3.243467	0.593856	3.403240	7.240563
37	30	3.243467	0.528985	2.600668	6.373119
37	31	3.243467	0.658846	3.995138	7.897450
37	32	3.243467	0.519246	2.504030	6.266743
37	33	3.243467	0.577979	3.086811	6.908256
37	34	3.243467	0.571583	3.023344	6.838393
37	35	3.243467	0.632445	3.627252	7.503164
37	36	3.243467	0.627391	3.577101	7.447958
37	37	3.243467	0.606864	3.479350	7.329680
37	38	3.243467	0.519246	2.504030	6.266743
37	39	3.243467	0.513269	2.444726	6.201462
37	40	3.243467	0.584082	3.147367	6.974915
37	41	3.243467	0.519623	2.507773	6.270863
37	42	3.243467	0.658784	3.888602	7.790853
37	43	3.243467	0.486941	2.183484	5.913891
37	44	3.243467	0.505332	2.365973	6.114772
37	45	3.243467	0.582634	3.133000	6.959101
37	46	3.243467	0.578045	3.087468	6.908980
37	47	3.243467	0.564073	2.948831	6.756371
37	48	3.243467	0.566594	2.973843	6.783903
37	49	3.243467	0.577979	3.086811	6.908256
37	50	3.243467	0.519812	2.509649	6.272927
37	51	3.243467	0.608189	3.386571	7.238227
37	52	3.243467	0.566742	2.975313	6.785522
37	53	3.243467	0.632842	3.737113	7.613422
37	54	3.243467	0.553819	2.847080	6.644365
37	55	3.243467	0.627391	3.577101	7.447958
37	56	3.243467	0.571234	3.019880	6.834580
37	57	3.243467	0.632445	3.627252	7.503164
37	58	3.243467	0.529720	2.607964	6.381151
37	59	3.243467	0.582634	3.133000	6.959101
37	60	3.243467	0.580236	3.109204	6.932907
37	61	3.243467	0.580204	3.108884	6.932554
37	62	3.243467	0.517369	2.485409	6.246244
37	63	3.243467	0.563013	2.938307	6.744787
37	64	3.243467	0.626684	3.781941	7.652092
37	65	3.243467	0.608189	3.386571	7.238227
37	66	3.243467	0.486941	2.183484	5.913891
37	67	3.243467	0.605869	3.363551	7.212887
37	68	3.243467	0.568067	2.988463	6.799997
37	69	3.243467	0.509998	2.412268	6.165733
37	70	3.243467	0.556761	2.876278	6.676506
37	71	3.243467	0.584082	3.147367	6.974915
37	72	3.243467	0.618251	3.486406	7.348123
37	73	3.243467	0.526303	2.574057	6.343827
37	74	3.243467	0.627391	3.577101	7.447958
37	75	3.243467	0.760241	4.895309	8.899017
37	76	3.243467	0.545145	3.078794	6.867405
37	77	3.243467	0.618889	3.704591	7.566946
37	78	3.243467	0.560774	2.916096	6.720336
37	79	3.243467	0.564136	2.949448	6.757051
37	80	3.243467	0.605869	3.363551	7.212887
37	81	3.243467	0.486941	2.183484	5.913891
37	82	3.243467	0.541200	2.721871	6.506537
37	83	3.243467	0.540577	3.033474	6.817518
37	84	3.243467	0.604204	3.347023	7.194694
37	85	3.243467	0.553819	2.847080	6.644365
37	86	3.243467	0.553819	2.847080	6.644365
37	87	3.243467	0.658784	3.888602	7.790853
37	88	3.243467	0.505332	2.365973	6.114772
37	89	3.243467	0.565216	2.960172	6.768855
37	90	3.243467	0.704396	4.341181	8.289043
37	91	3.243467	0.562667	2.934880	6.741013
37	92	3.243467	0.643800	3.739919	7.627186
37	93	3.243467	0.485417	2.168362	5.897246
37	94	3.243467	0.553819	2.847080	6.644365
37	95	3.243467	0.565301	2.961009	6.769776
37	96	3.243467	0.536628	2.676508	6.456602
37	97	3.243467	0.520765	2.836888	6.601119
37	98	3.243467	0.568502	2.992778	6.804747
37	99	3.243467	0.609106	3.395670	7.248243
38	0	3.183933	0.548924	2.798510	6.531367
38	1	3.183933	0.525270	2.563809	6.273012
38	2	3.183933	0.628147	3.637567	7.449647
38	3	3.183933	0.593993	3.245707	7.023633
38	4	3.183933	0.477985	2.094619	5.756537
38	5	3.183933	0.548924	2.798510	6.531367
38	6	3.183933	0.444056	1.757962	5.385951
38	7	3.183933	0.534267	2.653076	6.371276
38	8	3.183933	0.590643	3.212465	6.987041
38	9	3.183933	0.574513	3.052419	6.810865
38	10	3.183933	0.548479	2.794095	6.526507
38	11	3.183933	0.488227	2.196249	5.868410
38	12	3.183933	0.496536	2.278691	5.959160
38	13	3.183933	0.694612	4.244106	8.122652
38	14	3.183933	0.444056	1.757962	5.385951
38	15	3.183933	0.520435	2.515826	6.220194
38	16	3.183933	0.599370	3.563880	7.347183
38	17	3.183933	0.584170	3.148244	6.916347
38	18	3.183933	0.460458	1.920709	5.565100
38	19	3.183933	0.497852	2.291753	5.973538
38	20	3.183933	0.651197	3.813312	7.648442
38	21	3.183933	0.689493	4.193309	8.066735
38	22	3.183933	0.497852	2.291753	5.973538
38	23	3.183933	0.568647	2.994213	6.746793
38	24	3.183933	0.611972	3.424109	7.220015
38	25	3.183933	0.628147	3.637567	7.449647
38	26	3.183933	0.546681	2.776255	6.506869
38	27	3.183933	0.664860	3.948889	7.797682
38	28	3.183933	0.497852	2.291753	5.973538
38	29	3.183933	0.517784	2.489528	6.191246
38	30	3.183933	0.546681	2.776255	6.506869
38	31	3.183933	0.571951	3.026999	6.782883
38	32	3.183933	0.472270	2.037915	5.694119
38	33	3.183933	0.570308	3.010696	6.764937
38	34	3.183933	0.561109	2.919416	6.664458
38	35	3.183933	0.599370	3.563880	7.347183
38	36	3.183933	0.689493	4.193309	8.066735
38	37	3.183933	0.497852	2.291753	5.973538
38	38	3.183933	0.694612	4.244106	8.122652
38	39	3.183933	0.440644	2.359667	5.984244
38	40	3.183933	0.580540	3.112225	6.876699
38	41	3.183933	0.591760	3.223556	6.999250
38	42	3.183933	0.560436	2.912737	6.657105
38	43	3.183933	0.501376	2.750424	6.435732
38	44	3.183933	0.602826	3.333351	7.120109
38	45	3.183933	0.472270	2.037915	5.694119
38	46	3.183933	0.584170	3.148244	6.916347
38	47	3.183933	0.590558	3.211626	6.986117
38	48	3.183933	0.477985	2.094619	5.756537
38	49	3.183933	0.561109	2.919416	6.664458
38	50	3.183933	0.488227	2.196249	5.868410
38	51	3.183933	0.624532	3.548737	7.357202
38	52	3.183933	0.516095	2.472767	6.172795
38	53	3.183933	0.534267	2.653076	6.371276
38	54	3.183933	0.460458	1.920709	5.565100
38	55	3.183933	0.611564	3.737838	7.533334
38	56	3.183933	0.520435	2.515826	6.220194
38	57	3.183933	0.552343	2.832438	6.568714
38	58	3.183933	0.552343	2.832438	6.568714
38	59	3.183933	0.561109	2.919416	6.664458
38	60	3.183933	0.657841	3.879238	7.721011
38	61	3.183933	0.496536	2.278691	5.959160
38	62	3.183933	0.581028	3.117064	6.882025
38	63	3.183933	0.534267	2.653076	6.371276
38	64	3.183933	0.580540	3.112225	6.876699
38	65	3.183933	0.553350	2.842425	6.579707
38	66	3.183933	0.611972	3.424109	7.220015
38	67	3.183933	0.611972	3.424109	7.220015
38	68	3.183933	0.560866	2.917005	6.661804
38	69	3.183933	0.617970	3.483625	7.285529
38	70	3.183933	0.568647	2.994213	6.746793
38	71	3.183933	0.501730	2.330225	6.015887
38	72	3.183933	0.602826	3.333351	7.120109
38	73	3.183933	0.579061	3.097551	6.860546
38	74	3.183933	0.566874	2.976622	6.727429
38	75	3.183933	0.590643	3.212465	6.987041
38	76	3.183933	0.548924	2.798510	6.531367
38	77	3.183933	0.584116	3.147704	6.915752
38	78	3.183933	0.516095	2.472767	6.172795
38	79	3.183933	0.516095	2.472767	6.172795
38	80	3.183933	0.536952	2.891575	6.612460
38	81	3.183933	0.553350	2.842425	6.579707
38	82	3.183933	0.579061	3.097551	6.860546
38	83	3.183933	0.580540	3.112225	6.876699
38	84	3.183933	0.501730	2.330225	6.015887
38	85	3.183933	0.608312	3.387788	7.180033
38	86	3.183933	0.657841	3.879238	7.721011
38	87	3.183933	0.689493	4.193309	8.066735
38	88	3.183933	0.648252	3.784098	7.616283
38	89	3.183933	0.568647	2.994213	6.746793
38	90	3.183933	0.517784	2.489528	6.191246
38	91	3.183933	0.555117	2.859958	6.599007
38	92	3.183933	0.553350	2.842425	6.579707
38	93	3.183933	0.488227	2.196249	5.868410
38	94	3.183933	0.617877	3.535659	7.337469
38	95	3.183933	0.488227	2.196249	5.868410
38	96	3.183933	0.622544	3.529009	7.335486
38	97	3.183933	0.572262	3.030083	6.786277
38	98	3.183933	0.611972	3.424109	7.220015
38	99	3.183933	0.622544	3.529009	7.335486
39	0	3.123649	0.551766	2.826714	6.502129
39	1	3.123649	0.565881	3.072700	6.762231
39	2	3.123649	0.565709	2.965062	6.654421
39	3	3.123649	0.484999	2.164218	5.772866
39	4	3.123649	0.502226	2.335147	5.961021
39	5	3.123649	0.699229	4.289918	8.112797
39	6	3.123649	0.593999	3.245765	6.963413
39	7	3.123649	0.565433	2.962321	6.651403
39	8	3.123649	0.699229	4.289918	8.112797
39	9	3.123649	0.644468	3.746544	7.514661
39	10	3.123649	0.552865	2.837612	6.514126
39	11	3.123649	0.505486	2.367503	5.996638
39	12	3.123649	0.559244	2.900912	6.583805
39	13	3.123649	0.521945	2.530811	6.176405
39	14	3.123649	0.532199	2.632554	6.288402
39	15	3.123649	0.544885	2.758434	6.426968
39	16	3.123649	0.496342	2.276768	5.896759
39	17	3.123649	0.565433	2.962321	6.651403
39	18	3.123649	0.649696	3.798423	7.571769
39	19	3.123649	0.592735	3.233230	6.949615
39	20	3.123649	0.560947	2.917814	6.602411
39	21	3.123649	0.557664	2.885233	6.566545
39	22	3.123649	0.509613	2.408452	6.041714
39	23	3.123649	0.538504	2.906972	6.569125
39	24	3.123649	0.559244	2.900912	6.583805
39	25	3.123649	0.640550	3.707671	7.471871
39	26	3.123649	0.608618	3.390826	7.123094
39	27	3.123649	0.578255	3.089549	6.791453
39	28	3.123649	0.557664	2.885233	6.566545
39	29	3.123649	0.546198	2.771467	6.441314
39	30	3.123649	0.578255	3.089549	6.791453
39	31	3.123649	0.508870	2.401072	6.033591
39	32	3.123649	0.552865	2.837612	6.514126
39	33	3.123649	0.649696	3.798423	7.571769
39	34	3.123649	0.583351	3.140113	6.847112
39	35	3.123649	0.544234	2.751977	6.419860
39	36	3.123649	0.484999	2.164218	5.772866
39	37	3.123649	0.559077	2.899259	6.581986
39	38	3.123649	0.558905	2.897552	6.580106
39	39	3.123649	0.522051	2.531867	6.177567
39	40	3.123649	0.544885	2.758434	6.426968
39	41	3.123649	0.501838	2.649082	6.274568
39	42	3.123649	0.508870	2.401072	6.033591
39	43	3.123649	0.657163	3.872516	7.653328
39	44	3.123649	0.585255	3.159011	6.867916
39	45	3.123649	0.667323	4.079257	7.870229
39	46	3.123649	0.484999	2.164218	5.772866
39	47	3.123649	0.567066	2.978525	6.669240
39	48	3.123649	0.505486	2.367503	5.996638
39	49	3.123649	0.455962	1.876099	5.455710
39	50	3.123649	0.545869	3.085981	6.755499
39	51	3.123649	0.490099	2.214821	5.828569
39	52	3.123649	0.508870	2.401072	6.033591
39	53	3.123649	0.519351	2.505071	6.148071
39	54	3.123649	0.505486	2.367503	5.996638
39	55	3.123649	0.588699	3.193180	6.905528
39	56	3.123649	0.545869	3.085981	6.755499
39	57	3.123649	0.551766	2.826714	6.502129
39	58	3.123649	0.524679	2.557938	6.206265
39	59	3.123649	0.625203	3.555389	7.304240
39	60	3.123649	0.443712	2.337145	5.904506
39	61	3.123649	0.567072	2.978587	6.669308
39	62	3.123649	0.544234	2.751977	6.419860
39	63	3.123649	0.551487	2.823941	6.499077
39	64	3.123649	0.583351	3.140113	6.847112
39	65	3.123649	0.501923	2.332150	5.957722
39	66	3.123649	0.565433	2.962321	6.651403
39	67	3.123649	0.496342	2.276768	5.896759
39	68	3.123649	0.524679	2.557938	6.206265
39	69	3.123649	0.565059	3.170462	6.859169
39	70	3.123649	0.592666	3.444398	7.160713
39	71	3.123649	0.611838	3.422780	7.158267
39	72	3.123649	0.712211	4.418728	8.254588
39	73	3.123649	0.594870	3.254414	6.972933
39	74	3.123649	0.644468	3.746544	7.514661
39	75	3.123649	0.552865	2.837612	6.514126
39	76	3.123649	0.558905	2.897552	6.580106
39	77	3.123649	0.704853	4.398680	8.227182
39	78	3.123649	0.531115	2.621806	6.276571
39	79	3.123649	0.490099	2.214821	5.828569
39	80	3.123649	0.455962	1.876099	5.455710
39	81	3.123649	0.606096	3.365804	7.095549
39	82	3.123649	0.640550	3.707671	7.471871
39	83	3.123649	0.531115	2.621806	6.276571
39	84	3.123649	0.521945	2.530811	6.176405
39	85	3.123649	0.474106	2.056126	5.653881
39	86	3.123649	0.493829	2.251835	5.869314
39	87	3.123649	0.544999	2.759566	6.428214
39	88	3.123649	0.490099	2.214821	5.828569
39	89	3.123649	0.559244	2.900912	6.583805
39	90	3.123649	0.519351	2.505071	6.148071
39	91	3.123649	0.565709	2.965062	6.654421
39	92	3.123649	0.594870	3.254414	6.972933
39	93	3.123649	0.583351	3.140113	6.847112
39	94	3.123649	0.532199	2.632554	6.288402
39	95	3.123649	0.521395	2.525351	6.170395
39	96	3.123649	0.501923	2.332150	5.957722
39	97	3.123649	0.521945	2.530811	6.176405
39	98	3.123649	0.544999	2.759566	6.428214
39	99	3.123649	0.474106	2.056126	5.653881
40	0	3.417907	0.656105	3.862014	7.936026
40	1	3.417907	0.494026	2.253791	6.165725
40	2	3.417907	0.534029	2.650712	6.602648
40	3	3.417907	0.577225	3.079324	7.074456
40	4	3.417907	0.543779	2.747463	6.709149
40	5	3.417907	0.476818	2.083038	5.977762
40	6	3.417907	0.484310	2.157382	6.059599
40	7	3.417907	0.466646	1.982113	5.866667
40	8	3.417907	0.669748	3.997391	8.085047
40	9	3.417907	0.552375	2.832754	6.803036
40	10	3.417907	0.509981	2.412100	6.339988
40	11	3.417907	0.523246	2.543723	6.484876
40	12	3.417907	0.593876	3.244545	7.256327
40	13	3.417907	0.511708	2.905909	6.835524
40	14	3.417907	0.533601	2.646466	6.597974
40	15	3.417907	0.539198	2.702002	6.659107
40	16	3.417907	0.501828	2.331199	6.250933
40	17	3.417907	0.515776	2.469598	6.403281
40	18	3.417907	0.530061	2.611347	6.559316
40	19	3.417907	0.577225	3.079324	7.074456
40	20	3.417907	0.525830	2.569364	6.513101
40	21	3.417907	0.536710	2.995102	6.949719
40	22	3.417907	0.539198	2.702002	6.659107
40	23	3.417907	0.606898	3.373761	7.398566
40	24	3.417907	0.501266	2.325629	6.244802
40	25	3.417907	0.559036	2.898853	6.875797
40	26	3.417907	0.577225	3.079324	7.074456
40	27	3.417907	0.528370	2.594568	6.540846
40	28	3.417907	0.484310	2.157382	6.059599
40	29	3.417907	0.558291	2.891456	6.867654
40	30	3.417907	0.525830	2.569364	6.513101
40	31	3.417907	0.520095	2.512456	6.450458
40	32	3.417907	0.528531	2.596161	6.542599
40	33	3.417907	0.632461	3.627411	7.677780
40	34	3.417907	0.611278	3.417216	7.446401
40	35	3.417907	0.501828	2.331199	6.250933
40	36	3.417907	0.493966	2.253188	6.165061
40	37	3.417907	0.493231	2.245894	6.157032
40	38	3.417907	0.527577	2.586697	6.532182
40	39	3.417907	0.523246	2.543723	6.484876
40	40	3.417907	0.614482	3.607899	7.640288
40	41	3.417907	0.490132	2.215149	6.123189
40	42	3.417907	0.541376	2.723618	6.682901
40	43	3.417907	0.460264	1.918779	5.796949
40	44	3.417907	0.606898	3.373761	7.398566
40	45	3.417907	0.558441	2.892940	6.869288
40	46	3.417907	0.522755	2.538853	6.479516
40	47	3.417907	0.434979	1.667896	5.520782
40	48	3.417907	0.618801	3.491866	7.528574
40	49	3.417907	0.534029	2.650712	6.602648
40	50	3.417907	0.660376	3.904393	7.982676
40	51	3.417907	0.609291	3.397501	7.424698
40	52	3.417907	0.571761	3.025115	7.014783
40	53	3.417907	0.595642	3.262072	7.275622
40	54	3.417907	0.516470	2.476487	6.410864
40	55	3.417907	0.660376	3.904393	7.982676
40	56	3.417907	0.487681	2.190827	6.096415
40	57	3.417907	0.593876	3.244545	7.256327
40	58	3.417907	0.530061	2.611347	6.559316
40	59	3.417907	0.577225	3.079324	7.074456
40	60	3.417907	0.573557	3.042937	7.034402
40	61	3.417907	0.499357	2.306680	6.223944
40	62	3.417907	0.522755	2.538853	6.479516
40	63	3.417907	0.554792	2.856735	6.829434
40	64	3.417907	0.434979	1.667896	5.520782
40	65	3.417907	0.592306	3.493789	7.504002
40	66	3.417907	0.559036	2.898853	6.875797
40	67	3.417907	0.469467	2.010095	5.897469
40	68	3.417907	0.515776	2.469598	6.403281
40	69	3.417907	0.434979	1.667896	5.520782
40	70	3.417907	0.692429	4.222442	8.332778
40	71	3.417907	0.569855	3.006204	6.993967
40	72	3.417907	0.478755	2.102261	5.998923
40	73	3.417907	0.528531	2.596161	6.542599
40	74	3.417907	0.487802	2.192033	6.097743
40	75	3.417907	0.569855	3.006204	6.993967
40	76	3.417907	0.505883	2.742182	6.665972
40	77	3.417907	0.543779	2.747463	6.709149
40	78	3.417907	0.476818	2.083038	5.977762
40	79	3.417907	0.505883	2.742182	6.665972
40	80	3.417907	0.678573	4.084957	8.181437
40	81	3.417907	0.434979	1.667896	5.520782
40	82	3.417907	0.529427	2.605049	6.552383
40	83	3.417907	0.590886	3.320804	7.329596
40	84	3.417907	0.478755	2.102261	5.998923
40	85	3.417907	0.460264	1.918779	5.796949
40	86	3.417907	0.494026	2.253791	6.165725
40	87	3.417907	0.466646	1.982113	5.866667
40	88	3.417907	0.554792	2.856735	6.829434
40	89	3.417907	0.534029	2.650712	6.602648
40	90	3.417907	0.501266	2.325629	6.244802
40	91	3.417907	0.629920	3.655155	7.702981
40	92	3.417907	0.528477	2.595631	6.542015
40	93	3.417907	0.558441	2.892940	6.869288
40	94	3.417907	0.484310	2.157382	6.059599
40	95	3.417907	0.579134	3.098267	7.095307
40	96	3.417907	0.635384	3.762336	7.815627
40	97	3.417907	0.560671	2.915070	6.893648
40	98	3.417907	0.593876	3.244545	7.256327
40	99	3.417907	0.539198	2.702002	6.659107
41	0	3.061842	0.569099	2.998694	6.629635
41	1	3.061842	0.597484	3.333317	6.992643
41	2	3.061842	0.544539	2.755005	6.361387
41	3	3.061842	0.510413	2.416390	5.988646
41	4	3.061842	0.564206	2.950152	6.576200
41	5	3.061842	0.565527	2.963257	6.590627
41	6	3.061842	0.489838	2.212233	5.763913
41	7	3.061842	0.626095	3.564244	7.252182
41	8	3.061842	0.479442	2.109078	5.650362
41	9	3.061842	0.711338	4.410065	8.183245
41	10	3.061842	0.650604	3.807428	7.519874
41	11	3.061842	0.553331	2.842237	6.457409
41	12	3.061842	0.551733	2.826386	6.439961
41	13	3.061842	0.597771	3.283194	6.942807
41	14	3.061842	0.489838	2.212233	5.763913
41	15	3.061842	0.537843	2.688562	6.288247
41	16	3.061842	0.594655	3.358208	7.014706
41	17	3.061842	0.582433	3.131003	6.775278
41	18	3.061842	0.479212	2.583465	6.124519
41	19	3.061842	0.535443	2.664747	6.262032
41	20	3.061842	0.559246	2.900936	6.522025
41	21	3.061842	0.577342	3.080492	6.719676
41	22	3.061842	0.493561	2.884738	6.440141
41	23	3.061842	0.660887	3.909465	7.632194
41	24	3.061842	0.583130	3.137917	6.782889
41	25	3.061842	0.531639	2.626998	6.220478
41	26	3.061842	0.650604	3.807428	7.519874
41	27	3.061842	0.632028	3.623116	7.316986
41	28	3.061842	0.558025	3.206600	6.826468
41	29	3.061842	0.712843	4.425002	8.199688
41	30	3.061842	0.597771	3.283194	6.942807
41	31	3.061842	0.627305	3.576246	7.265393
41	32	3.061842	0.530813	2.618808	6.211463
41	33	3.061842	0.647885	3.780457	7.490185
41	34	3.061842	0.576718	3.074297	6.712857
41	35	3.061842	0.501471	2.327658	5.890971
41	36	3.061842	0.656255	3.863509	7.581607
41	37	3.061842	0.537843	2.688562	6.288247
41	38	3.061842	0.597771	3.283194	6.942807
41	39	3.061842	0.470124	2.016621	5.548587
41	40	3.061842	0.564206	2.950152	6.576200
41	41	3.061842	0.614255	3.446761	7.122858
41	42	3.061842	0.544607	2.755677	6.362126
41	43	3.061842	0.626337	3.566642	7.254821
41	44	3.061842	0.479442	2.109078	5.650362
41	45	3.061842	0.577342	3.080492	6.719676
41	46	3.061842	0.551733	2.826386	6.439961
41	47	3.061842	0.535443	2.664747	6.262032
41	48	3.061842	0.626095	3.564244	7.252182
41	49	3.061842	0.515411	2.465977	6.043229
41	50	3.061842	0.553564	3.109373	6.724779
41	51	3.061842	0.597484	3.333317	6.992643
41	52	3.061842	0.510413	2.416390	5.988646
41	53	3.061842	0.616265	3.466704	7.144811
41	54	3.061842	0.519392	2.982152	6.563386
41	55	3.061842	0.642454	3.726564	7.430860
41	56	3.061842	0.444301	1.760393	5.266536
41	57	3.061842	0.489507	2.208947	5.760296
41	58	3.061842	0.650604	3.807428	7.519874
41	59	3.061842	0.537843	2.688562	6.288247
41	60	3.061842	0.597771	3.283194	6.942807
41	61	3.061842	0.650604	3.807428	7.519874
41	62	3.061842	0.656255	3.863509	7.581607
41	63	3.061842	0.590828	3.214302	6.866971
41	64	3.061842	0.609833	3.402885	7.074560
41	65	3.061842	0.626337	3.566642	7.254821
41	66	3.061842	0.656255	3.863509	7.581607
41	67	3.061842	0.576718	3.074297	6.712857
41	68	3.061842	0.582433	3.131003	6.775278
41	69	3.061842	0.510413	2.416390	5.988646
41	70	3.061842	0.489838	2.212233	5.763913
41	71	3.061842	0.479442	2.109078	5.650362
41	72	3.061842	0.588987	3.196037	6.846866
41	73	3.061842	0.647885	3.780457	7.490185
41	74	3.061842	0.510413	2.416390	5.988646
41	75	3.061842	0.688089	4.285309	8.035240
41	76	3.061842	0.515411	2.465977	6.043229
41	77	3.061842	0.568148	2.989267	6.619257
41	78	3.061842	0.577342	3.080492	6.719676
41	79	3.061842	0.537843	2.688562	6.288247
41	80	3.061842	0.669901	3.998902	7.730645
41	81	3.061842	0.642454	3.726564	7.430860
41	82	3.061842	0.566975	2.977623	6.606440
41	83	3.061842	0.566472	2.972635	6.600949
41	84	3.061842	0.520601	2.517478	6.099921
41	85	3.061842	0.444301	1.760393	5.266536
41	86	3.061842	0.562285	2.931089	6.555217
41	87	3.061842	0.569545	3.003123	6.634510
41	88	3.061842	0.606740	3.372189	7.040771
41	89	3.061842	0.642776	3.729762	7.434380
41	90	3.061842	0.564206	2.950152	6.576200
41	91	3.061842	0.626337	3.566642	7.254821
41	92	3.061842	0.656255	3.863509	7.581607
41	93	3.061842	0.676450	4.063892	7.802185
41	94	3.061842	0.520601	2.517478	6.099921
41	95	3.061842	0.515411	2.465977	6.043229
41	96	3.061842	0.588987	3.196037	6.846866
41	97	3.061842	0.533437	2.909665	6.504945
41	98	3.061842	0.520601	2.517478	6.099921
41	99	3.061842	0.489507	2.208947	5.760296
42	0	3.188610	0.557597	2.884570	6.630777
42	1	3.188610	0.482482	2.139246	5.810339
42	2	3.188610	0.501555	2.328496	6.018661
42	3	3.188610	0.555486	2.863628	6.607724
42	4	3.188610	0.493787	2.251415	5.933812
42	5	3.188610	0.482482	2.139246	5.810339
42	6	3.188610	0.516700	2.955442	6.660752
42	7	3.188610	0.615184	3.561906	7.365701
42	8	3.188610	0.590634	3.212376	6.991619
42	9	3.188610	0.570725	3.014829	6.774164
42	10	3.188610	0.599092	3.455192	7.242894
42	11	3.188610	0.489799	2.211842	5.890251
42	12	3.188610	0.655333	3.854353	7.698296
42	13	3.188610	0.542470	2.734471	6.465551
42	14	3.188610	0.518653	2.498145	6.205408
42	15	3.188610	0.493787	2.251415	5.933812
42	16	3.188610	0.596172	3.373253	7.158035
42	17	3.188610	0.570572	3.013314	6.772496
42	18	3.188610	0.542780	2.737553	6.468944
42	19	3.188610	0.501555	2.328496	6.018661
42	20	3.188610	0.613716	3.441408	7.243734
42	21	3.188610	0.557908	2.887653	6.634171
42	22	3.188610	0.559869	2.907112	6.655591
42	23	3.188610	0.501555	2.328496	6.018661
42	24	3.188610	0.531019	3.097522	6.817151
42	25	3.188610	0.550179	2.810961	6.549750
42	26	3.188610	0.571267	3.020206	6.780083
42	27	3.188610	0.557908	2.887653	6.634171
42	28	3.188610	0.528463	2.595489	6.312563
42	29	3.188610	0.542361	2.733387	6.464358
42	30	3.188610	0.532931	2.639817	6.361358
42	31	3.188610	0.556354	2.872236	6.617200
42	32	3.188610	0.579285	3.099767	6.867662
42	33	3.188610	0.565573	2.963715	6.717899
42	34	3.188610	0.586946	3.175783	6.951339
42	35	3.188610	0.586946	3.175783	6.951339
42	36	3.188610	0.531248	2.623127	6.342985
42	37	3.188610	0.642140	3.935301	7.766051
42	38	3.188610	0.594532	3.251054	7.034195
42	39	3.188610	0.482950	2.143890	5.815450
42	40	3.188610	0.438578	1.703604	5.330792
42	41	3.188610	0.482950	2.143890	5.815450
42	42	3.188610	0.584876	3.155248	6.928734
42	43	3.188610	0.558172	2.890276	6.637058
42	44	3.188610	0.523044	2.541720	6.253375
42	45	3.188610	0.547326	2.782659	6.518595
42	46	3.188610	0.567631	2.984137	6.740379
42	47	3.188610	0.639371	3.695976	7.523958
42	48	3.188610	0.657351	3.874383	7.720345
42	49	3.188610	0.529786	2.608611	6.327007
42	50	3.188610	0.550179	2.810961	6.549750
42	51	3.188610	0.584876	3.155248	6.928734
42	52	3.188610	0.655333	3.854353	7.698296
42	53	3.188610	0.567631	2.984137	6.740379
42	54	3.188610	0.570725	3.014829	6.774164
42	55	3.188610	0.528463	2.595489	6.312563
42	56	3.188610	0.565573	2.963715	6.717899
42	57	3.188610	0.547358	3.047790	6.783758
42	58	3.188610	0.629630	3.599320	7.417560
42	59	3.188610	0.509809	2.887062	6.585481
42	60	3.188610	0.571263	3.020174	6.780047
42	61	3.188610	0.473236	2.047497	5.709343
42	62	3.188610	0.683023	4.182071	8.053704
42	63	3.188610	0.438578	1.703604	5.330792
42	64	3.188610	0.482950	2.143890	5.815450
42	65	3.188610	0.613716	3.441408	7.243734
42	66	3.188610	0.557908	2.887653	6.634171
42	67	3.188610	0.535201	2.662343	6.386154
42	68	3.188610	0.515334	2.465211	6.169155
42	69	3.188610	0.691232	4.210561	8.090402
42	70	3.188610	0.550179	2.810961	6.549750
42	71	3.188610	0.547301	2.782409	6.518320
42	72	3.188610	0.684315	4.141928	8.014853
42	73	3.188610	0.639371	3.695976	7.523958
42	74	3.188610	0.587158	3.177890	6.953659
42	75	3.188610	0.509149	2.403845	6.101604
42	76	3.188610	0.558172	2.890276	6.637058
42	77	3.188610	0.531248	2.623127	6.342985
42	78	3.188610	0.518653	2.498145	6.205408
42	79	3.188610	0.533083	2.641335	6.363028
42	80	3.188610	0.557908	2.887653	6.634171
42	81	3.188610	0.629630	3.599320	7.417560
42	82	3.188610	0.498193	2.295133	5.981936
42	83	3.188610	0.507447	2.651774	6.347831
42	84	3.188610	0.507055	2.383068	6.078733
42	85	3.188610	0.523044	2.541720	6.253375
42	86	3.188610	0.492847	2.242083	5.923540
42	87	3.188610	0.489799	2.211842	5.890251
42	88	3.188610	0.494416	2.257657	5.940684
42	89	3.188610	0.567631	2.984137	6.740379
42	90	3.188610	0.556882	2.877477	6.622969
42	91	3.188610	0.613716	3.441408	7.243734
42	92	3.188610	0.523044	2.541720	6.253375
42	93	3.188610	0.533083	2.641335	6.363028
42	94	3.188610	0.639371	3.695976	7.523958
42	95	3.188610	0.492847	2.242083	5.923540
42	96	3.188610	0.570572	3.013314	6.772496
42	97	3.188610	0.492847	2.242083	5.923540
42	98	3.188610	0.438578	1.703604	5.330792
42	99	3.188610	0.655333	3.854353	7.698296
43	0	3.156237	0.538339	2.693482	6.388058
43	1	3.156237	0.504055	2.353300	6.013592
43	2	3.156237	0.614726	3.451428	7.222391
43	3	3.156237	0.462020	1.936212	5.554470
43	4	3.156237	0.509754	2.409848	6.075839
43	5	3.156237	0.564177	2.949856	6.670270
43	6	3.156237	0.619706	3.500843	7.276786
43	7	3.156237	0.524226	2.553448	6.233911
43	8	3.156237	0.620491	3.508634	7.285362
43	9	3.156237	0.538339	2.693482	6.388058
43	10	3.156237	0.538725	2.697308	6.392269
43	11	3.156237	0.564177	2.949856	6.670270
43	12	3.156237	0.539128	2.701309	6.396673
43	13	3.156237	0.634905	3.651663	7.442806
43	14	3.156237	0.631610	3.830817	7.618664
43	15	3.156237	0.480360	2.118185	5.754782
43	16	3.156237	0.527463	2.585566	6.269266
43	17	3.156237	0.666516	3.965324	7.788077
43	18	3.156237	0.585879	3.165196	6.907312
43	19	3.156237	0.624375	3.547176	7.327788
43	20	3.156237	0.534652	2.656895	6.347784
43	21	3.156237	0.586674	3.173082	6.915993
43	22	3.156237	0.614726	3.451428	7.222391
43	23	3.156237	0.614726	3.451428	7.222391
43	24	3.156237	0.629933	3.602326	7.388497
43	25	3.156237	0.538725	2.697308	6.392269
43	26	3.156237	0.534652	2.656895	6.347784
43	27	3.156237	0.539517	2.705172	6.400926
43	28	3.156237	0.584265	3.149185	6.889687
43	29	3.156237	0.583761	3.144178	6.884175
43	30	3.156237	0.618667	3.490535	7.265439
43	31	3.156237	0.483776	2.628758	6.268772
43	32	3.156237	0.608882	3.393447	7.158566
43	33	3.156237	0.490908	2.222847	5.869992
43	34	3.156237	0.527463	2.585566	6.269266
43	35	3.156237	0.594354	3.249287	6.999878
43	36	3.156237	0.579196	3.098883	6.834316
43	37	3.156237	0.551010	2.978100	6.685346
43	38	3.156237	0.584977	3.474032	7.215246
43	39	3.156237	0.555886	2.867590	6.579712
43	40	3.156237	0.561851	2.926783	6.644871
43	41	3.156237	0.665576	3.955989	7.777802
43	42	3.156237	0.539128	2.701309	6.396673
43	43	3.156237	0.618667	3.490535	7.265439
43	44	3.156237	0.666482	3.964982	7.787701
43	45	3.156237	0.538486	2.694938	6.389660
43	46	3.156237	0.656787	3.868783	7.681807
43	47	3.156237	0.624375	3.547176	7.327788
43	48	3.156237	0.445338	1.770676	5.372251
43	49	3.156237	0.503746	2.350232	6.010215
43	50	3.156237	0.667608	3.976154	7.799999
43	51	3.156237	0.608882	3.393447	7.158566
43	52	3.156237	0.528724	2.598075	6.283036
43	53	3.156237	0.534652	2.656895	6.347784
43	54	3.156237	0.534652	2.656895	6.347784
43	55	3.156237	0.716298	4.459278	8.331813
43	56	3.156237	0.620491	3.508634	7.285362
43	57	3.156237	0.567227	2.980123	6.703587
43	58	3.156237	0.620491	3.508634	7.285362
43	59	3.156237	0.669829	3.998188	7.824254
43	60	3.156237	0.483776	2.628758	6.268772
43	61	3.156237	0.579196	3.098883	6.834316
43	62	3.156237	0.517200	2.483729	6.157166
43	63	3.156237	0.534652	2.656895	6.347784
43	64	3.156237	0.592965	3.553288	7.302490
43	65	3.156237	0.619696	3.500745	7.276678
43	66	3.156237	0.584265	3.149185	6.889687
43	67	3.156237	0.528730	3.021850	6.706818
43	68	3.156237	0.539517	2.705172	6.400926
43	69	3.156237	0.636722	3.669689	7.462648
43	70	3.156237	0.583761	3.144178	6.884175
43	71	3.156237	0.534652	2.656895	6.347784
43	72	3.156237	0.527463	2.585566	6.269266
43	73	3.156237	0.522438	2.535704	6.214379
43	74	3.156237	0.605545	3.360338	7.122120
43	75	3.156237	0.618212	3.538986	7.313435
43	76	3.156237	0.568571	2.993457	6.718265
43	77	3.156237	0.568685	2.994589	6.719511
43	78	3.156237	0.600230	3.413528	7.169995
43	79	3.156237	0.608882	3.393447	7.158566
43	80	3.156237	0.512053	2.432663	6.100954
43	81	3.156237	0.656787	3.868783	7.681807
43	82	3.156237	0.522438	2.535704	6.214379
43	83	3.156237	0.579196	3.098883	6.834316
43	84	3.156237	0.629933	3.602326	7.388497
43	85	3.156237	0.569148	2.999183	6.724568
43	86	3.156237	0.480360	2.118185	5.754782
43	87	3.156237	0.556443	2.873121	6.585801
43	88	3.156237	0.462020	1.936212	5.554470
43	89	3.156237	0.512053	2.432663	6.100954
43	90	3.156237	0.569849	3.006138	6.732224
43	91	3.156237	0.503179	2.344611	6.004028
43	92	3.156237	0.503179	2.344611	6.004028
43	93	3.156237	0.556443	2.873121	6.585801
43	94	3.156237	0.624375	3.547176	7.327788
43	95	3.156237	0.517200	2.483729	6.157166
43	96	3.156237	0.636722	3.669689	7.462648
43	97	3.156237	0.571419	3.286533	7.014189
43	98	3.156237	0.503746	2.350232	6.010215
43	99	3.156237	0.507387	2.386366	6.049990
44	0	3.064809	0.524020	2.551403	6.140232
44	1	3.064809	0.566776	2.975647	6.607232
44	2	3.064809	0.647577	3.777393	7.489779
44	3	3.064809	0.681659	4.115576	7.862044
44	4	3.064809	0.535207	2.662409	6.262426
44	5	3.064809	0.580188	3.108728	6.753725
44	6	3.064809	0.608180	3.386481	7.059470
44	7	3.064809	0.524926	2.560397	6.150133
44	8	3.064809	0.524020	2.551403	6.140232
44	9	3.064809	0.632491	3.627701	7.325001
44	10	3.064809	0.517087	2.482611	6.064508
44	11	3.064809	0.624704	3.550443	7.239957
44	12	3.064809	0.533007	2.640576	6.238392
44	13	3.064809	0.573866	3.045997	6.684672
44	14	3.064809	0.569393	3.001613	6.635815
44	15	3.064809	0.547498	3.155113	6.767421
44	16	3.064809	0.534256	2.652970	6.252035
44	17	3.064809	0.575977	3.066945	6.707731
44	18	3.064809	0.534733	2.657698	6.257240
44	19	3.064809	0.534311	2.653517	6.252637
44	20	3.064809	0.534160	2.652021	6.250990
44	21	3.064809	0.512886	2.440925	6.018620
44	22	3.064809	0.531106	2.621712	6.217628
44	23	3.064809	0.499290	2.306016	5.870115
44	24	3.064809	0.531106	2.621712	6.217628
44	25	3.064809	0.485910	2.173253	5.723972
44	26	3.064809	0.608372	3.441353	7.114535
44	27	3.064809	0.571881	3.026298	6.662988
44	28	3.064809	0.524020	2.551403	6.140232
44	29	3.064809	0.444314	1.760517	5.269640
44	30	3.064809	0.556091	3.240372	6.861272
44	31	3.064809	0.699787	4.295450	8.060047
44	32	3.064809	0.647577	3.777393	7.489779
44	33	3.064809	0.689107	4.189476	7.943392
44	34	3.064809	0.512886	2.440925	6.018620
44	35	3.064809	0.635662	3.818061	7.518532
44	36	3.064809	0.584767	3.154164	6.803740
44	37	3.064809	0.499679	2.309878	5.874367
44	38	3.064809	0.534160	2.652021	6.250990
44	39	3.064809	0.631081	3.613717	7.309607
44	40	3.064809	0.485910	2.173253	5.723972
44	41	3.064809	0.569393	3.001613	6.635815
44	42	3.064809	0.575977	3.066945	6.707731
44	43	3.064809	0.534256	2.652970	6.252035
44	44	3.064809	0.622009	3.523697	7.210516
44	45	3.064809	0.648522	3.786778	7.500110
44	46	3.064809	0.567404	3.193735	6.825948
44	47	3.064809	0.608372	3.441353	7.114535
44	48	3.064809	0.572971	3.037119	6.674899
44	49	3.064809	0.681659	4.115576	7.862044
44	50	3.064809	0.448417	2.383828	5.897054
44	51	3.064809	0.648522	3.786778	7.500110
44	52	3.064809	0.580188	3.108728	6.753725
44	53	3.064809	0.579193	3.098861	6.742864
44	54	3.064809	0.644107	3.742970	7.451887
44	55	3.064809	0.681659	4.115576	7.862044
44	56	3.064809	0.567946	2.987262	6.620018
44	57	3.064809	0.647736	3.990832	7.703377
44	58	3.064809	0.512886	2.440925	6.018620
44	59	3.064809	0.534256	2.652970	6.252035
44	60	3.064809	0.469833	2.013729	5.548371
44	61	3.064809	0.644107	3.742970	7.451887
44	62	3.064809	0.523810	2.549315	6.137934
44	63	3.064809	0.631081	3.613717	7.309607
44	64	3.064809	0.529519	2.605965	6.200293
44	65	3.064809	0.610356	3.408071	7.083237
44	66	3.064809	0.529519	2.605965	6.200293
44	67	3.064809	0.565962	2.967569	6.598340
44	68	3.064809	0.481356	2.128071	5.674237
44	69	3.064809	0.565962	2.967569	6.598340
44	70	3.064809	0.624704	3.550443	7.239957
44	71	3.064809	0.573866	3.045997	6.684672
44	72	3.064809	0.617065	3.474636	7.156510
44	73	3.064809	0.565962	2.967569	6.598340
44	74	3.064809	0.617849	3.535385	7.218043
44	75	3.064809	0.704347	4.340693	8.109849
44	76	3.064809	0.608180	3.386481	7.059470
44	77	3.064809	0.514414	2.456091	6.035315
44	78	3.064809	0.624704	3.550443	7.239957
44	79	3.064809	0.553315	2.842083	6.460208
44	80	3.064809	0.505581	2.368444	5.938834
44	81	3.064809	0.534733	2.657698	6.257240
44	82	3.064809	0.503996	2.935317	6.504122
44	83	3.064809	0.627608	3.579255	7.271673
44	84	3.064809	0.521071	2.522142	6.108022
44	85	3.064809	0.531106	2.621712	6.217628
44	86	3.064809	0.481356	2.128071	5.674237
44	87	3.064809	0.629492	3.597953	7.292255
44	88	3.064809	0.469833	2.013729	5.548371
44	89	3.064809	0.606999	3.374765	7.046574
44	90	3.064809	0.567946	2.987262	6.620018
44	91	3.064809	0.534160	2.652021	6.250990
44	92	3.064809	0.632491	3.627701	7.325001
44	93	3.064809	0.573866	3.045997	6.684672
44	94	3.064809	0.550872	2.817837	6.433518
44	95	3.064809	0.565962	2.967569	6.598340
44	96	3.064809	0.469833	2.013729	5.548371
44	97	3.064809	0.533007	2.640576	6.238392
44	98	3.064809	0.627608	3.579255	7.271673
44	99	3.064809	0.598993	3.295323	6.959126
45	0	3.218992	0.476488	2.079764	5.775244
45	1	3.218992	0.539385	2.809791	6.568169
45	2	3.218992	0.537569	2.685847	6.442408
45	3	3.218992	0.600148	3.306782	7.125922
45	4	3.218992	0.564338	2.951459	6.734789
45	5	3.218992	0.567640	2.984222	6.770854
45	6	3.218992	0.611971	3.424099	7.255062
45	7	3.218992	0.499235	2.305476	6.023703
45	8	3.218992	0.555958	2.868304	6.643254
45	9	3.218992	0.582573	3.132395	6.933960
45	10	3.218992	0.602931	3.334399	7.156322
45	11	3.218992	0.628992	3.592984	7.440967
45	12	3.218992	0.537685	2.686989	6.443666
45	13	3.218992	0.537685	2.686989	6.443666
45	14	3.218992	0.626040	3.563692	7.408724
45	15	3.218992	0.447149	1.788650	5.454791
45	16	3.218992	0.512035	2.432477	6.163503
45	17	3.218992	0.672181	4.127462	8.018636
45	18	3.218992	0.599076	3.296141	7.114209
45	19	3.218992	0.607502	3.379749	7.206243
45	20	3.218992	0.600148	3.306782	7.125922
45	21	3.218992	0.512035	2.432477	6.163503
45	22	3.218992	0.622554	3.529105	7.370650
45	23	3.218992	0.643352	3.735478	7.597822
45	24	3.218992	0.571923	3.026723	6.817638
45	25	3.218992	0.567195	2.979810	6.765998
45	26	3.218992	0.526072	2.571762	6.316826
45	27	3.218992	0.549528	3.281177	7.049697
45	28	3.218992	0.506343	2.640820	6.366155
45	29	3.218992	0.499583	2.308928	6.027503
45	30	3.218992	0.637486	3.677269	7.533747
45	31	3.218992	0.499235	2.305476	6.023703
45	32	3.218992	0.501220	2.325166	6.045378
45	33	3.218992	0.567195	2.979810	6.765998
45	34	3.218992	0.675062	4.050118	7.944172
45	35	3.218992	0.530616	2.616856	6.366465
45	36	3.218992	0.583184	3.138453	6.940628
45	37	3.218992	0.697898	4.276704	8.193593
45	38	3.218992	0.537569	2.685847	6.442408
45	39	3.218992	0.568152	2.989299	6.776442
45	40	3.218992	0.490032	2.214154	5.923178
45	41	3.218992	0.609844	3.402988	7.231824
45	42	3.218992	0.591765	3.435457	7.246214
45	43	3.218992	0.575373	3.060949	6.855314
45	44	3.218992	0.487175	2.768410	6.474578
45	45	3.218992	0.613090	3.435198	7.267280
45	46	3.218992	0.481948	2.133944	5.834884
45	47	3.218992	0.567195	2.979810	6.765998
45	48	3.218992	0.667710	3.977169	7.863871
45	49	3.218992	0.537569	2.685847	6.442408
45	50	3.218992	0.587761	3.183873	6.990626
45	51	3.218992	0.549346	2.802703	6.571041
45	52	3.218992	0.696622	4.317013	8.232627
45	53	3.218992	0.602931	3.334399	7.156322
45	54	3.218992	0.530616	2.616856	6.366465
45	55	3.218992	0.523423	2.545481	6.287896
45	56	3.218992	0.493082	2.244422	5.956496
45	57	3.218992	0.715163	4.448020	8.382175
45	58	3.218992	0.546485	2.774312	6.539789
45	59	3.218992	0.600148	3.306782	7.125922
45	60	3.218992	0.635791	3.660451	7.515234
45	61	3.218992	0.507110	2.383609	6.109711
45	62	3.218992	0.584487	3.310277	7.113756
45	63	3.218992	0.505288	2.365533	6.089812
45	64	3.218992	0.499235	2.305476	6.023703
45	65	3.218992	0.530616	2.616856	6.366465
45	66	3.218992	0.499583	2.308928	6.027503
45	67	3.218992	0.635791	3.660451	7.515234
45	68	3.218992	0.534189	2.652304	6.405485
45	69	3.218992	0.601714	3.375286	7.195992
45	70	3.218992	0.537569	2.685847	6.442408
45	71	3.218992	0.583184	3.138453	6.940628
45	72	3.218992	0.643352	3.735478	7.597822
45	73	3.218992	0.649061	3.792117	7.660170
45	74	3.218992	0.675062	4.050118	7.944172
45	75	3.218992	0.607502	3.379749	7.206243
45	76	3.218992	0.537569	2.685847	6.442408
45	77	3.218992	0.512035	2.432477	6.163503
45	78	3.218992	0.635341	3.655982	7.510315
45	79	3.218992	0.481948	2.133944	5.834884
45	80	3.218992	0.523423	2.545481	6.287896
45	81	3.218992	0.480716	2.121713	5.821421
45	82	3.218992	0.567195	2.979810	6.765998
45	83	3.218992	0.600148	3.306782	7.125922
45	84	3.218992	0.447149	1.788650	5.454791
45	85	3.218992	0.559993	2.908349	6.687334
45	86	3.218992	0.591593	3.221899	7.032484
45	87	3.218992	0.481948	2.133944	5.834884
45	88	3.218992	0.590795	3.213974	7.023761
45	89	3.218992	0.637486	3.677269	7.533747
45	90	3.218992	0.573492	3.254141	7.046625
45	91	3.218992	0.538463	2.694712	6.452167
45	92	3.218992	0.476488	2.079764	5.775244
45	93	3.218992	0.538463	2.694712	6.452167
45	94	3.218992	0.587761	3.183873	6.990626
45	95	3.218992	0.447149	1.788650	5.454791
45	96	3.218992	0.607502	3.379749	7.206243
45	97	3.218992	0.499583	2.308928	6.027503
45	98	3.218992	0.574870	3.055962	6.849824
45	99	3.218992	0.607502	3.379749	7.206243
46	0	3.189874	0.525729	2.568363	6.283966
46	1	3.189874	0.555296	2.861743	6.606913
46	2	3.189874	0.641774	3.719817	7.551465
46	3	3.189874	0.602218	3.327318	7.119409
46	4	3.189874	0.578631	3.305132	7.073636
46	5	3.189874	0.523153	2.542798	6.255825
46	6	3.189874	0.549998	2.809171	6.549042
46	7	3.189874	0.615856	3.462642	7.268371
46	8	3.189874	0.549998	2.809171	6.549042
46	9	3.189874	0.631293	3.615819	7.436986
46	10	3.189874	0.592535	3.231244	7.013653
46	11	3.189874	0.530166	2.612381	6.332420
46	12	3.189874	0.495588	2.269288	5.954750
46	13	3.189874	0.566858	2.976465	6.733197
46	14	3.189874	0.495588	2.269288	5.954750
46	15	3.189874	0.574165	3.048969	6.813008
46	16	3.189874	0.529613	2.606898	6.326385
46	17	3.189874	0.519409	2.505655	6.214938
46	18	3.189874	0.491608	2.229793	5.911274
46	19	3.189874	0.563008	2.938258	6.691139
46	20	3.189874	0.486311	2.177235	5.853420
46	21	3.189874	0.553020	2.839153	6.582046
46	22	3.189874	0.473056	2.575347	6.238277
46	23	3.189874	0.529613	2.606898	6.326385
46	24	3.189874	0.574165	3.048969	6.813008
46	25	3.189874	0.526093	2.783830	6.499797
46	26	3.189874	0.497964	2.292861	5.980698
46	27	3.189874	0.506753	2.380074	6.076701
46	28	3.189874	0.563972	2.947826	6.701672
46	29	3.189874	0.665269	3.952947	7.808090
46	30	3.189874	0.638294	3.685281	7.513449
46	31	3.189874	0.491608	2.229793	5.911274
46	32	3.189874	0.475559	2.070546	5.735979
46	33	3.189874	0.503514	2.347928	6.041315
46	34	3.189874	0.530166	2.612381	6.332420
46	35	3.189874	0.533962	2.650051	6.373887
46	36	3.189874	0.486311	2.177235	5.853420
46	37	3.189874	0.511468	2.426859	6.128202
46	38	3.189874	0.511468	2.426859	6.128202
46	39	3.189874	0.631293	3.615819	7.436986
46	40	3.189874	0.538383	2.799842	6.528098
46	41	3.189874	0.641774	3.719817	7.551465
46	42	3.189874	0.576363	3.070771	6.837007
46	43	3.189874	0.598684	3.292252	7.080809
46	44	3.189874	0.503514	2.347928	6.041315
46	45	3.189874	0.472640	2.041580	5.704093
46	46	3.189874	0.615856	3.462642	7.268371
46	47	3.189874	0.530166	2.612381	6.332420
46	48	3.189874	0.475184	2.066830	5.731888
46	49	3.189874	0.555296	2.861743	6.606913
46	50	3.189874	0.580122	3.108078	6.878074
46	51	3.189874	0.503514	2.347928	6.041315
46	52	3.189874	0.574850	3.055765	6.820489
46	53	3.189874	0.475184	2.066830	5.731888
46	54	3.189874	0.612425	3.428602	7.230900
46	55	3.189874	0.486311	2.177235	5.853420
46	56	3.189874	0.558920	2.897702	6.646496
46	57	3.189874	0.592535	3.231244	7.013653
46	58	3.189874	0.563972	2.947826	6.701672
46	59	3.189874	0.500355	2.316587	6.006816
46	60	3.189874	0.549310	2.802346	6.541530
46	61	3.189874	0.574850	3.055765	6.820489
46	62	3.189874	0.533962	2.650051	6.373887
46	63	3.189874	0.629190	3.700883	7.519947
46	64	3.189874	0.441436	1.731965	5.363275
46	65	3.189874	0.475559	2.070546	5.735979
46	66	3.189874	0.506753	2.380074	6.076701
46	67	3.189874	0.615856	3.462642	7.268371
46	68	3.189874	0.576363	3.070771	6.837007
46	69	3.189874	0.559649	2.904934	6.654456
46	70	3.189874	0.526113	2.572170	6.288157
46	71	3.189874	0.549310	2.802346	6.541530
46	72	3.189874	0.713508	4.431595	8.334977
46	73	3.189874	0.528073	2.591621	6.309568
46	74	3.189874	0.441436	1.731965	5.363275
46	75	3.189874	0.569443	3.002115	6.761432
46	76	3.189874	0.500393	2.316959	6.007226
46	77	3.189874	0.529613	2.606898	6.326385
46	78	3.189874	0.573992	3.047249	6.811114
46	79	3.189874	0.580122	3.108078	6.878074
46	80	3.189874	0.497964	2.292861	5.980698
46	81	3.189874	0.511468	2.426859	6.128202
46	82	3.189874	0.641774	3.719817	7.551465
46	83	3.189874	0.549998	2.809171	6.549042
46	84	3.189874	0.552540	2.834394	6.576808
46	85	3.189874	0.529613	2.606898	6.326385
46	86	3.189874	0.638294	3.685281	7.513449
46	87	3.189874	0.666943	4.128444	7.985261
46	88	3.189874	0.549310	2.802346	6.541530
46	89	3.189874	0.610775	3.624079	7.424727
46	90	3.189874	0.529613	2.606898	6.326385
46	91	3.189874	0.486311	2.177235	5.853420
46	92	3.189874	0.535541	2.930540	6.655955
46	93	3.189874	0.550238	2.811554	6.551666
46	94	3.189874	0.584492	3.151438	6.925804
46	95	3.189874	0.585848	3.164888	6.940610
46	96	3.189874	0.601353	3.371699	7.162925
46	97	3.189874	0.486311	2.177235	5.853420
46	98	3.189874	0.629190	3.700883	7.519947
46	99	3.189874	0.676701	4.066380	7.932955
47	0	3.274621	0.507964	2.392091	6.174677
47	1	3.274621	0.555515	2.863908	6.694044
47	2	3.274621	0.586590	3.172251	7.033462
47	3	3.274621	0.600490	3.310172	7.185283
47	4	3.274621	0.617221	3.476193	7.368036
47	5	3.274621	0.469641	2.011828	5.756090
47	6	3.274621	0.489287	2.206764	5.970672
47	7	3.274621	0.499492	2.308022	6.082136
47	8	3.274621	0.494347	2.256967	6.025935
47	9	3.274621	0.562363	2.931859	6.768843
47	10	3.274621	0.600490	3.310172	7.185283
47	11	3.274621	0.592632	3.232202	7.099455
47	12	3.274621	0.629970	3.602689	7.507280
47	13	3.274621	0.519094	2.926229	6.719944
47	14	3.274621	0.513040	2.760237	6.547898
47	15	3.274621	0.633941	3.642096	7.550658
47	16	3.274621	0.488988	2.203798	5.967408
47	17	3.274621	0.592632	3.232202	7.099455
47	18	3.274621	0.633941	3.642096	7.550658
47	19	3.274621	0.610384	3.408352	7.293358
47	20	3.274621	0.545330	2.762852	6.582803
47	21	3.274621	0.684160	4.140393	8.099174
47	22	3.274621	0.684160	4.140393	8.099174
47	23	3.274621	0.580683	3.113639	6.968943
47	24	3.274621	0.582854	3.135179	6.992653
47	25	3.274621	0.629970	3.602689	7.507280
47	26	3.274621	0.578092	3.087927	6.940640
47	27	3.274621	0.559976	2.908172	6.742768
47	28	3.274621	0.542524	2.735010	6.552155
47	29	3.274621	0.559976	2.908172	6.742768
47	30	3.274621	0.487569	2.189719	5.951909
47	31	3.274621	0.553634	2.845243	6.673498
47	32	3.274621	0.542524	2.735010	6.552155
47	33	3.274621	0.591952	3.490280	7.356853
47	34	3.274621	0.683262	4.131480	8.089363
47	35	3.274621	0.673063	4.030283	7.977967
47	36	3.274621	0.542524	2.735010	6.552155
47	37	3.274621	0.608472	3.389374	7.272467
47	38	3.274621	0.578831	3.095262	6.948715
47	39	3.274621	0.533893	2.649367	6.457881
47	40	3.274621	0.514504	2.456982	6.246107
47	41	3.274621	0.542249	3.050057	6.866927
47	42	3.274621	0.469641	2.011828	5.756090
47	43	3.274621	0.469830	2.013701	5.758152
47	44	3.274621	0.530983	2.620497	6.426102
47	45	3.274621	0.491982	2.233501	6.000104
47	46	3.274621	0.529300	3.080464	6.884385
47	47	3.274621	0.542651	2.736266	6.553538
47	48	3.274621	0.578831	3.095262	6.948715
47	49	3.274621	0.489287	2.206764	5.970672
47	50	3.274621	0.555515	2.863908	6.694044
47	51	3.274621	0.469830	2.013701	5.758152
47	52	3.274621	0.629970	3.602689	7.507280
47	53	3.274621	0.607156	3.588170	7.469946
47	54	3.274621	0.493335	2.246927	6.014883
47	55	3.274621	0.610384	3.408352	7.293358
47	56	3.274621	0.499492	2.308022	6.082136
47	57	3.274621	0.605667	3.467473	7.347762
47	58	3.274621	0.673063	4.030283	7.977967
47	59	3.274621	0.575441	3.061625	6.911688
47	60	3.274621	0.644802	3.749857	7.669280
47	61	3.274621	0.499492	2.308022	6.082136
47	62	3.274621	0.549889	2.808086	6.632596
47	63	3.274621	0.562411	2.932341	6.769373
47	64	3.274621	0.553634	2.845243	6.673498
47	65	3.274621	0.439388	1.711645	5.425655
47	66	3.274621	0.509232	2.404665	6.188518
47	67	3.274621	0.507053	2.383049	6.164723
47	68	3.274621	0.523424	2.545493	6.343539
47	69	3.274621	0.506981	2.382328	6.163930
47	70	3.274621	0.487569	2.189719	5.951909
47	71	3.274621	0.542249	3.050057	6.866927
47	72	3.274621	0.504271	2.355446	6.134339
47	73	3.274621	0.549889	2.808086	6.632596
47	74	3.274621	0.507053	2.383049	6.164723
47	75	3.274621	0.469641	2.011828	5.756090
47	76	3.274621	0.609756	3.402117	7.286495
47	77	3.274621	0.491982	2.233501	6.000104
47	78	3.274621	0.555515	2.863908	6.694044
47	79	3.274621	0.519535	2.506898	6.301054
47	80	3.274621	0.489036	2.204273	5.967930
47	81	3.274621	0.480036	2.114970	5.869627
47	82	3.274621	0.553634	2.845243	6.673498
47	83	3.274621	0.514504	2.456982	6.246107
47	84	3.274621	0.580643	3.113247	6.968512
47	85	3.274621	0.587370	3.179990	7.041981
47	86	3.274621	0.508601	2.398406	6.181628
47	87	3.274621	0.592632	3.232202	7.099455
47	88	3.274621	0.504271	2.355446	6.134339
47	89	3.274621	0.504271	2.355446	6.134339
47	90	3.274621	0.567057	2.978436	6.820115
47	91	3.274621	0.545330	2.762852	6.582803
47	92	3.274621	0.509232	2.404665	6.188518
47	93	3.274621	0.545330	2.762852	6.582803
47	94	3.274621	0.555515	2.863908	6.694044
47	95	3.274621	0.533893	2.649367	6.457881
47	96	3.274621	0.461000	2.296830	6.032451
47	97	3.274621	0.586590	3.172251	7.033462
47	98	3.274621	0.617221	3.476193	7.368036
47	99	3.274621	0.514504	2.456982	6.246107
48	0	3.226645	0.534884	2.659204	6.420733
48	1	3.226645	0.574520	3.052487	6.853652
48	2	3.226645	0.595212	3.310769	7.132626
48	3	3.226645	0.534884	2.659204	6.420733
48	4	3.226645	0.530352	2.614235	6.371232
48	5	3.226645	0.475325	2.068225	5.770195
48	6	3.226645	0.475703	2.071980	5.774328
48	7	3.226645	0.511635	2.428508	6.166787
48	8	3.226645	0.606585	3.476582	7.309812
48	9	3.226645	0.420894	1.528136	5.175675
48	10	3.226645	0.507322	2.385720	6.119688
48	11	3.226645	0.490329	2.217099	5.934072
48	12	3.226645	0.470965	2.024968	5.722578
48	13	3.226645	0.720209	4.551046	8.497900
48	14	3.226645	0.607630	3.381020	7.215295
48	15	3.226645	0.585823	3.164645	6.977113
48	16	3.226645	0.511635	2.428508	6.166787
48	17	3.226645	0.531730	2.627909	6.386284
48	18	3.226645	0.583606	3.142649	6.952900
48	19	3.226645	0.565682	2.964791	6.757118
48	20	3.226645	0.577032	3.077416	6.881093
48	21	3.226645	0.559164	2.900114	6.685922
48	22	3.226645	0.554587	2.854703	6.635935
48	23	3.226645	0.420894	1.528136	5.175675
48	24	3.226645	0.535160	2.661944	6.423749
48	25	3.226645	0.565103	2.959047	6.750795
48	26	3.226645	0.491758	2.231281	5.949684
48	27	3.226645	0.475325	2.068225	5.770195
48	28	3.226645	0.516205	2.473857	6.216707
48	29	3.226645	0.685590	4.154578	8.066812
48	30	3.226645	0.555483	2.863591	6.645718
48	31	3.226645	0.574520	3.052487	6.853652
48	32	3.226645	0.516205	2.473857	6.216707
48	33	3.226645	0.577032	3.077416	6.881093
48	34	3.226645	0.541307	2.722936	6.490889
48	35	3.226645	0.531730	2.627909	6.386284
48	36	3.226645	0.554587	2.854703	6.635935
48	37	3.226645	0.630995	3.612866	7.470507
48	38	3.226645	0.624025	3.543701	7.394371
48	39	3.226645	0.542134	2.731136	6.499915
48	40	3.226645	0.585823	3.164645	6.977113
48	41	3.226645	0.542134	2.731136	6.499915
48	42	3.226645	0.580712	3.113924	6.921280
48	43	3.226645	0.542715	2.736908	6.506269
48	44	3.226645	0.511635	2.428508	6.166787
48	45	3.226645	0.610918	3.413645	7.251207
48	46	3.226645	0.532691	2.637444	6.396780
48	47	3.226645	0.550859	2.817709	6.595212
48	48	3.226645	0.610918	3.413645	7.251207
48	49	3.226645	0.623249	3.535998	7.385891
48	50	3.226645	0.555483	2.863591	6.645718
48	51	3.226645	0.663175	3.932168	7.821988
48	52	3.226645	0.624025	3.543701	7.394371
48	53	3.226645	0.420894	1.528136	5.175675
48	54	3.226645	0.643662	3.738548	7.608855
48	55	3.226645	0.599437	3.458624	7.284706
48	56	3.226645	0.506944	2.381967	6.115556
48	57	3.226645	0.638016	3.841423	7.706084
48	58	3.226645	0.516205	2.473857	6.216707
48	59	3.226645	0.638626	3.688579	7.553850
48	60	3.226645	0.525081	2.561928	6.313653
48	61	3.226645	0.530352	2.614235	6.371232
48	62	3.226645	0.552047	2.829498	6.608190
48	63	3.226645	0.608108	3.385765	7.220517
48	64	3.226645	0.663175	3.932168	7.821988
48	65	3.226645	0.679284	4.092007	7.997936
48	66	3.226645	0.530352	2.614235	6.371232
48	67	3.226645	0.607653	3.381251	7.215549
48	68	3.226645	0.616769	3.471704	7.315118
48	69	3.226645	0.507322	2.385720	6.119688
48	70	3.226645	0.619448	3.498286	7.344379
48	71	3.226645	0.507322	2.385720	6.119688
48	72	3.226645	0.565103	2.959047	6.750795
48	73	3.226645	0.585823	3.164645	6.977113
48	74	3.226645	0.498684	2.882608	6.607937
48	75	3.226645	0.638659	3.688912	7.554216
48	76	3.226645	0.606874	3.585372	7.418890
48	77	3.226645	0.563696	2.945085	6.735425
48	78	3.226645	0.506925	2.381774	6.115344
48	79	3.226645	0.565103	2.959047	6.750795
48	80	3.226645	0.532691	2.637444	6.396780
48	81	3.226645	0.542300	2.732785	6.501729
48	82	3.226645	0.549327	2.802513	6.578485
48	83	3.226645	0.542715	2.736908	6.506269
48	84	3.226645	0.470965	2.024968	5.722578
48	85	3.226645	0.550859	2.817709	6.595212
48	86	3.226645	0.475325	2.068225	5.770195
48	87	3.226645	0.534413	3.025270	6.786327
48	88	3.226645	0.549327	2.802513	6.578485
48	89	3.226645	0.494385	2.257347	5.978377
48	90	3.226645	0.491758	2.231281	5.949684
48	91	3.226645	0.475703	2.071980	5.774328
48	92	3.226645	0.506925	2.381774	6.115344
48	93	3.226645	0.557526	2.883863	6.668034
48	94	3.226645	0.474770	2.062724	5.764139
48	95	3.226645	0.517381	2.485526	6.229552
48	96	3.226645	0.647383	3.934365	7.808393
48	97	3.226645	0.531730	2.627909	6.386284
48	98	3.226645	0.420894	1.528136	5.175675
48	99	3.226645	0.561393	2.922238	6.710277
49	0	3.018021	0.553573	2.844644	6.416238
49	1	3.018021	0.452500	2.530270	6.000790
49	2	3.018021	0.607564	3.380363	7.005948
49	3	3.018021	0.656784	3.868750	7.543554
49	4	3.018021	0.547114	2.780554	6.345690
49	5	3.018021	0.607564	3.380363	7.005948
49	6	3.018021	0.621097	3.514644	7.153762
49	7	3.018021	0.542162	2.731417	6.291600
49	8	3.018021	0.642231	3.724351	7.384604
49	9	3.018021	0.521925	2.530611	6.070556
49	10	3.018021	0.497807	2.450198	5.966026
49	11	3.018021	0.656784	3.868750	7.543554
49	12	3.018021	0.584641	3.152916	6.755579
49	13	3.018021	0.607564	3.380363	7.005948
49	14	3.018021	0.642231	3.724351	7.384604
49	15	3.018021	0.573961	3.046943	6.638925
49	16	3.018021	0.521428	2.525688	6.065137
49	17	3.018021	0.534594	2.656322	6.208937
49	18	3.018021	0.547485	2.784237	6.349743
49	19	3.018021	0.667307	3.973163	7.658491
49	20	3.018021	0.519082	2.502409	6.039513
49	21	3.018021	0.475894	2.073876	5.567792
49	22	3.018021	0.553573	2.844644	6.416238
49	23	3.018021	0.555524	2.969928	6.543474
49	24	3.018021	0.535728	2.667575	6.221325
49	25	3.018021	0.521428	2.525688	6.065137
49	26	3.018021	0.625787	3.561184	7.204992
49	27	3.018021	0.499378	2.306896	5.824296
49	28	3.018021	0.666500	3.965162	7.649684
49	29	3.018021	0.519652	2.508056	6.045729
49	30	3.018021	0.504793	2.360626	5.883441
49	31	3.018021	0.534594	2.656322	6.208937
49	32	3.018021	0.570468	3.012286	6.600775
49	33	3.018021	0.545072	2.813250	6.376343
49	34	3.018021	0.570468	3.012286	6.600775
49	35	3.018021	0.502931	2.342148	5.863100
49	36	3.018021	0.570468	3.012286	6.600775
49	37	3.018021	0.615542	3.459525	7.093087
49	38	3.018021	0.580496	3.111788	6.710305
49	39	3.018021	0.571516	3.022682	6.612219
49	40	3.018021	0.487013	2.184204	5.689239
49	41	3.018021	0.535728	2.667575	6.221325
49	42	3.018021	0.502931	2.342148	5.863100
49	43	3.018021	0.524586	2.557021	6.099628
49	44	3.018021	0.650391	3.805315	7.473727
49	45	3.018021	0.541997	2.729776	6.289794
49	46	3.018021	0.714527	4.441712	8.174261
49	47	3.018021	0.671853	4.018273	7.708147
49	48	3.018021	0.621097	3.514644	7.153762
49	49	3.018021	0.537214	3.158989	6.714224
49	50	3.018021	0.446712	1.784310	5.249042
49	51	3.018021	0.562184	2.930084	6.510289
49	52	3.018021	0.480155	2.116155	5.614331
49	53	3.018021	0.542632	2.736077	6.296730
49	54	3.018021	0.623839	3.541855	7.183716
49	55	3.018021	0.547114	2.780554	6.345690
49	56	3.018021	0.542632	2.736077	6.296730
49	57	3.018021	0.542162	2.731417	6.291600
49	58	3.018021	0.535472	2.665036	6.218529
49	59	3.018021	0.615542	3.459525	7.093087
49	60	3.018021	0.623839	3.541855	7.183716
49	61	3.018021	0.517585	2.487549	6.023155
49	62	3.018021	0.562184	2.930084	6.510289
49	63	3.018021	0.695177	4.249705	7.962903
49	64	3.018021	0.542632	2.736077	6.296730
49	65	3.018021	0.621097	3.514644	7.153762
49	66	3.018021	0.667865	3.978699	7.664585
49	67	3.018021	0.535472	2.665036	6.218529
49	68	3.018021	0.617446	3.478420	7.113887
49	69	3.018021	0.671853	4.018273	7.708147
49	70	3.018021	0.689475	4.299062	8.006558
49	71	3.018021	0.579515	3.102056	6.699592
49	72	3.018021	0.656784	3.868750	7.543554
49	73	3.018021	0.650391	3.805315	7.473727
49	74	3.018021	0.389855	1.961646	5.369522
49	75	3.018021	0.519082	2.502409	6.039513
49	76	3.018021	0.525284	3.040613	6.583918
49	77	3.018021	0.615542	3.459525	7.093087
49	78	3.018021	0.576259	3.069741	6.664021
49	79	3.018021	0.520548	2.516953	6.055522
49	80	3.018021	0.603553	3.340572	6.962146
49	81	3.018021	0.603553	3.340572	6.962146
49	82	3.018021	0.572806	3.035485	6.626313
49	83	3.018021	0.573961	3.046943	6.638925
49	84	3.018021	0.547485	2.784237	6.349743
49	85	3.018021	0.527900	2.589897	6.135818
49	86	3.018021	0.584641	3.152916	6.755579
49	87	3.018021	0.567016	2.978034	6.563072
49	88	3.018021	0.615542	3.459525	7.093087
49	89	3.018021	0.533241	2.642900	6.194162
49	90	3.018021	0.568169	3.042436	6.628626
49	91	3.018021	0.521925	2.530611	6.070556
49	92	3.018021	0.633541	3.638126	7.289688
49	93	3.018021	0.426879	1.587516	5.032416
49	94	3.018021	0.637945	3.681827	7.337793
49	95	3.018021	0.667865	3.978699	7.664585
49	96	3.018021	0.475894	2.073876	5.567792
49	97	3.018021	0.504793	2.360626	5.883441
49	98	3.018021	0.553573	2.844644	6.416238
49	99	3.018021	0.495114	2.529403	6.042539
