replicate	universe	detection_yr	orbit_yr	char_yr	total_yr
0	0	2.371233	0.486260	2.176728	5.034221
0	1	2.371233	0.470254	2.017906	4.859393
0	2	2.371233	0.527563	2.586560	5.485356
0	3	2.371233	0.538325	2.905196	5.814754
0	4	2.371233	0.527563	2.586560	5.485356
0	5	2.371233	0.569281	3.000503	5.941016
0	6	2.371233	0.470254	2.017906	4.859393
0	7	2.371233	0.527563	2.586560	5.485356
0	8	2.371233	0.535904	2.669323	5.576460
0	9	2.371233	0.534833	2.658698	5.564764
0	10	2.371233	0.425292	1.571771	4.368295
0	11	2.371233	0.507977	2.392220	5.271431
0	12	2.371233	0.625148	3.554849	6.551230
0	13	2.371233	0.554430	2.853148	5.778811
0	14	2.371233	0.470254	2.017906	4.859393
0	15	2.371233	0.509653	2.408843	5.289729
0	16	2.371233	0.425292	1.571771	4.368295
0	17	2.371233	0.476009	2.075011	4.922253
0	18	2.371233	0.449135	2.285033	5.105401
0	19	2.371233	0.575534	3.168474	6.115240
0	20	2.371233	0.476009	2.075011	4.922253
0	21	2.371233	0.486463	2.178740	5.036435
0	22	2.371233	0.511740	2.429555	5.312528
0	23	2.371233	0.618334	3.487238	6.476805
0	24	2.371233	0.559672	2.905162	5.836067
0	25	2.371233	0.563633	2.944466	5.879332
0	26	2.371233	0.535023	2.660584	5.566840
0	27	2.371233	0.529076	2.601567	5.501876
0	28	2.371233	0.486463	2.178740	5.036435
0	29	2.371233	0.569281	3.000503	5.941016
0	30	2.371233	0.557974	2.888314	5.817521
0	31	2.371233	0.561639	2.924672	5.857544
0	32	2.371233	0.432038	1.638712	4.441983
0	33	2.371233	0.554430	2.853148	5.778811
0	34	2.371233	0.571327	3.020809	5.963369
0	35	2.371233	0.507478	2.387269	5.265981
0	36	2.371233	0.509653	2.408843	5.289729
0	37	2.371233	0.554430	2.853148	5.778811
0	38	2.371233	0.540114	2.711096	5.622444
0	39	2.371233	0.503885	2.351616	5.226735
0	40	2.371233	0.582623	3.132887	6.086742
0	41	2.371233	0.507692	2.389387	5.268312
0	42	2.371233	0.535550	2.665806	5.572588
0	43	2.371233	0.478869	2.103396	4.953498
0	44	2.371233	0.528085	2.591738	5.491056
0	45	2.371233	0.527563	2.586560	5.485356
0	46	2.371233	0.578272	3.248608	6.198113
0	47	2.371233	0.535904	2.669323	5.576460
0	48	2.371233	0.505540	2.368035	5.244808
0	49	2.371233	0.557974	2.888314	5.817521
0	50	2.371233	0.513251	2.444543	5.329026
0	51	2.371233	0.522640	2.537712	5.431585
0	52	2.371233	0.565617	2.964144	5.900994
0	53	2.371233	0.455579	1.872299	4.699111
0	54	2.371233	0.551068	2.819783	5.742084
0	55	2.371233	0.550070	3.021736	5.943039
0	56	2.371233	0.523853	2.814559	5.709645
0	57	2.371233	0.575512	3.062334	6.009079
0	58	2.371233	0.569281	3.000503	5.941016
0	59	2.371233	0.560623	2.914592	5.846448
0	60	2.371233	0.574348	3.050779	5.996359
0	61	2.371233	0.529076	2.601567	5.501876
0	62	2.371233	0.571327	3.020809	5.963369
0	63	2.371233	0.488755	2.201489	5.061477
0	64	2.371233	0.593645	3.242255	6.207132
0	65	2.371233	0.575512	3.062334	6.009079
0	66	2.371233	0.571327	3.020809	5.963369
0	67	2.371233	0.550070	3.021736	5.943039
0	68	2.371233	0.596301	3.268607	6.236140
0	69	2.371233	0.505540	2.368035	5.244808
0	70	2.371233	0.425292	1.571771	4.368295
0	71	2.371233	0.511740	2.429555	5.312528
0	72	2.371233	0.535550	2.665806	5.572588
0	73	2.371233	0.432038	1.638712	4.441983
0	74	2.371233	0.601618	3.321367	6.294217
0	75	2.371233	0.527018	2.581152	5.479403
0	76	2.371233	0.486260	2.176728	5.034221
0	77	2.371233	0.455579	1.872299	4.699111
0	78	2.371233	0.554771	2.856526	5.782529
0	79	2.371233	0.575512	3.062334	6.009079
0	80	2.371233	0.455579	1.872299	4.699111
0	81	2.371233	0.559672	2.905162	5.836067
0	82	2.371233	0.527488	2.585817	5.484538
0	83	2.371233	0.439048	1.708267	4.518548
0	84	2.371233	0.439048	1.708267	4.518548
0	85	2.371233	0.568099	3.094704	6.034036
0	86	2.371233	0.500723	2.320237	5.192193
0	87	2.371233	0.535023	2.660584	5.566840
0	88	2.371233	0.578272	3.248608	6.198113
0	89	2.371233	0.547106	2.780472	5.698811
0	90	2.371233	0.478869	2.103396	4.953498
0	91	2.371233	0.503885	2.351616	5.226735
0	92	2.371233	0.505540	2.368035	5.244808
0	93	2.371233	0.552370	2.885669	5.809272
0	94	2.371233	0.563633	2.944466	5.879332
0	95	2.371233	0.417198	1.491460	4.279890
0	96	2.371233	0.529076	2.601567	5.501876
0	97	2.371233	0.545089	2.760463	5.676786
0	98	2.371233	0.535904	2.669323	5.576460
0	99	2.371233	0.532552	2.636060	5.539844
1	0	2.148407	0.482975	2.144129	4.775511
1	1	2.148407	0.487878	2.192780	4.829065
1	2	2.148407	0.485714	2.171314	4.805436
1	3	2.148407	0.580697	3.113784	5.842889
1	4	2.148407	0.514668	2.458607	5.121682
1	5	2.148407	0.578917	3.096114	5.823438
1	6	2.148407	0.580470	3.111524	5.840401
1	7	2.148407	0.612571	3.430052	6.191030
1	8	2.148407	0.585783	3.217213	5.951404
1	9	2.148407	0.448857	1.805595	4.402859
1	10	2.148407	0.613107	3.435365	6.196879
1	11	2.148407	0.573606	3.043415	5.765428
1	12	2.148407	0.414392	1.463618	4.026418
1	13	2.148407	0.519120	2.502785	5.170312
1	14	2.148407	0.578917	3.096114	5.823438
1	15	2.148407	0.615938	3.463461	6.227807
1	16	2.148407	0.536675	2.676970	5.362053
1	17	2.148407	0.565285	2.960853	5.674545
1	18	2.148407	0.581060	3.117377	5.846844
1	19	2.148407	0.537037	2.680564	5.366008
1	20	2.148407	0.631946	3.622300	6.402653
1	21	2.148407	0.571674	3.024244	5.744325
1	22	2.148407	0.481175	2.126277	4.755860
1	23	2.148407	0.539197	2.701994	5.389598
1	24	2.148407	0.485714	2.171314	4.805436
1	25	2.148407	0.597357	3.437977	6.183741
1	26	2.148407	0.597357	3.437977	6.183741
1	27	2.148407	0.564640	2.954452	5.667498
1	28	2.148407	0.487878	2.192780	4.829065
1	29	2.148407	0.484252	2.156800	4.789458
1	30	2.148407	0.461177	1.927842	4.537426
1	31	2.148407	0.569186	2.999563	5.717156
1	32	2.148407	0.569376	3.213301	5.931084
1	33	2.148407	0.536675	2.676970	5.362053
1	34	2.148407	0.572117	3.028646	5.749170
1	35	2.148407	0.522948	2.540766	5.212122
1	36	2.148407	0.532115	2.684693	5.365216
1	37	2.148407	0.577514	3.082200	5.808122
1	38	2.148407	0.469885	2.014244	4.632536
1	39	2.148407	0.532968	2.640187	5.321562
1	40	2.148407	0.521316	2.524574	5.194297
1	41	2.148407	0.431909	1.637431	4.217747
1	42	2.148407	0.532115	2.684693	5.365216
1	43	2.148407	0.499451	2.625401	5.273260
1	44	2.148407	0.536675	2.676970	5.362053
1	45	2.148407	0.546424	2.773707	5.468538
1	46	2.148407	0.507527	2.387755	5.043689
1	47	2.148407	0.592928	3.235139	5.976474
1	48	2.148407	0.507527	2.387755	5.043689
1	49	2.148407	0.492287	2.236531	4.877225
1	50	2.148407	0.575495	3.062161	5.786063
1	51	2.148407	0.480578	2.120347	4.749332
1	52	2.148407	0.452060	1.837384	4.437852
1	53	2.148407	0.482975	2.144129	4.775511
1	54	2.148407	0.595281	3.258494	6.002183
1	55	2.148407	0.506420	2.376769	5.031596
1	56	2.148407	0.578917	3.096114	5.823438
1	57	2.148407	0.469885	2.014244	4.632536
1	58	2.148407	0.477816	2.092945	4.719168
1	59	2.148407	0.481175	2.126277	4.755860
1	60	2.148407	0.480578	2.120347	4.749332
1	61	2.148407	0.580697	3.113784	5.842889
1	62	2.148407	0.482975	2.144129	4.775511
1	63	2.148407	0.535996	2.670237	5.354640
1	64	2.148407	0.452060	1.837384	4.437852
1	65	2.148407	0.546507	2.774532	5.469447
1	66	2.148407	0.488423	2.568934	5.205764
1	67	2.148407	0.538195	2.692050	5.378651
1	68	2.148407	0.604818	3.353124	6.106350
1	69	2.148407	0.431909	1.637431	4.217747
1	70	2.148407	0.459900	2.444809	5.053116
1	71	2.148407	0.572117	3.028646	5.749170
1	72	2.148407	0.541729	2.727122	5.417259
1	73	2.148407	0.431909	1.637431	4.217747
1	74	2.148407	0.508150	2.764674	5.421230
1	75	2.148407	0.582632	3.132977	5.864016
1	76	2.148407	0.546424	2.773707	5.468538
1	77	2.148407	0.577514	3.082200	5.808122
1	78	2.148407	0.564640	2.954452	5.667498
1	79	2.148407	0.541729	2.727122	5.417259
1	80	2.148407	0.565285	2.960853	5.674545
1	81	2.148407	0.509930	2.411594	5.069931
1	82	2.148407	0.414392	1.463618	4.026418
1	83	2.148407	0.507527	2.387755	5.043689
1	84	2.148407	0.575495	3.062161	5.786063
1	85	2.148407	0.604818	3.353124	6.106350
1	86	2.148407	0.582632	3.132977	5.864016
1	87	2.148407	0.565285	2.960853	5.674545
1	88	2.148407	0.564640	2.954452	5.667498
1	89	2.148407	0.514209	2.454054	5.116671
1	90	2.148407	0.567573	2.983556	5.699537
1	91	2.148407	0.569186	2.999563	5.717156
1	92	2.148407	0.509930	2.411594	5.069931
1	93	2.148407	0.616251	3.466563	6.231222
1	94	2.148407	0.582632	3.132977	5.864016
1	95	2.148407	0.431909	1.637431	4.217747
1	96	2.148407	0.506420	2.376769	5.031596
1	97	2.148407	0.666936	3.969490	6.784834
1	98	2.148407	0.484252	2.156800	4.789458
1	99	2.148407	0.461177	1.927842	4.537426
2	0	2.166294	0.545584	2.977221	5.689099
2	1	2.166294	0.547040	2.779817	5.493150
2	2	2.166294	0.528716	2.809849	5.504858
2	3	2.166294	0.491008	2.223837	4.881138
2	4	2.166294	0.554433	2.853178	5.573905
2	5	2.166294	0.527284	2.583792	5.277370
2	6	2.166294	0.537052	2.786635	5.489981
2	7	2.166294	0.532172	2.632286	5.330752
2	8	2.166294	0.470257	2.017935	4.654486
2	9	2.166294	0.475674	2.071690	4.713657
2	10	2.166294	0.584994	3.156419	5.907707
2	11	2.166294	0.549829	2.807491	5.523613
2	12	2.166294	0.553157	2.840515	5.559966
2	13	2.166294	0.569110	2.998806	5.734210
2	14	2.166294	0.488004	2.194033	4.848331
2	15	2.166294	0.446121	1.778451	4.390866
2	16	2.166294	0.435956	1.677587	4.279836
2	17	2.166294	0.610265	3.407170	6.183729
2	18	2.166294	0.541282	2.722686	5.430262
2	19	2.166294	0.538496	2.695042	5.399832
2	20	2.166294	0.489441	2.208288	4.864022
2	21	2.166294	0.408963	1.409750	3.985007
2	22	2.166294	0.556496	2.873644	5.596434
2	23	2.166294	0.560616	2.914522	5.641431
2	24	2.166294	0.472218	2.037394	4.675906
2	25	2.166294	0.587560	3.181875	5.935729
2	26	2.166294	0.569110	2.998806	5.734210
2	27	2.166294	0.598741	3.292818	6.057853
2	28	2.166294	0.435956	1.677587	4.279836
2	29	2.166294	0.408963	1.409750	3.985007
2	30	2.166294	0.472218	2.037394	4.675906
2	31	2.166294	0.529010	2.600915	5.296218
2	32	2.166294	0.451850	1.835294	4.453437
2	33	2.166294	0.541282	2.722686	5.430262
2	34	2.166294	0.471940	2.034635	4.672868
2	35	2.166294	0.569110	2.998806	5.734210
2	36	2.166294	0.486589	2.179991	4.832874
2	37	2.166294	0.491076	2.224516	4.881886
2	38	2.166294	0.609123	3.395832	6.171249
2	39	2.166294	0.523435	2.545599	5.235328
2	40	2.166294	0.539043	2.700470	5.405807
2	41	2.166294	0.594650	3.252225	6.013168
2	42	2.166294	0.537052	2.786635	5.489981
2	43	2.166294	0.538496	2.695042	5.399832
2	44	2.166294	0.462252	1.938509	4.567054
2	45	2.166294	0.549123	2.800486	5.515903
2	46	2.166294	0.435956	1.677587	4.279836
2	47	2.166294	0.551175	2.820848	5.538316
2	48	2.166294	0.491008	2.223837	4.881138
2	49	2.166294	0.617395	3.477912	6.261601
2	50	2.166294	0.532172	2.632286	5.330752
2	51	2.166294	0.488004	2.194033	4.848331
2	52	2.166294	0.597668	3.282174	6.046135
2	53	2.166294	0.617395	3.477912	6.261601
2	54	2.166294	0.475674	2.071690	4.713657
2	55	2.166294	0.549123	2.800486	5.515903
2	56	2.166294	0.554433	2.853178	5.573905
2	57	2.166294	0.527284	2.583792	5.277370
2	58	2.166294	0.532350	2.634054	5.332698
2	59	2.166294	0.553157	2.840515	5.559966
2	60	2.166294	0.498834	2.301499	4.966627
2	61	2.166294	0.470257	2.017935	4.654486
2	62	2.166294	0.547040	2.779817	5.493150
2	63	2.166294	0.539043	2.700470	5.405807
2	64	2.166294	0.529010	2.600915	5.296218
2	65	2.166294	0.612528	3.429627	6.208449
2	66	2.166294	0.526185	2.572887	5.265367
2	67	2.166294	0.556496	2.873644	5.596434
2	68	2.166294	0.513253	2.656419	5.335965
2	69	2.166294	0.428862	1.607201	4.202357
2	70	2.166294	0.547040	2.779817	5.493150
2	71	2.166294	0.491008	2.223837	4.881138
2	72	2.166294	0.494221	2.255719	4.916233
2	73	2.166294	0.598741	3.292818	6.057853
2	74	2.166294	0.534032	2.650744	5.351070
2	75	2.166294	0.489441	2.208288	4.864022
2	76	2.166294	0.538568	2.695754	5.400616
2	77	2.166294	0.553157	2.840515	5.559966
2	78	2.166294	0.551175	2.820848	5.538316
2	79	2.166294	0.595851	3.264149	6.026295
2	80	2.166294	0.529378	2.869385	5.565057
2	81	2.166294	0.547936	2.788710	5.502940
2	82	2.166294	0.594650	3.252225	6.013168
2	83	2.166294	0.541245	3.040101	5.747640
2	84	2.166294	0.475200	2.066985	4.708479
2	85	2.166294	0.546895	2.778377	5.491565
2	86	2.166294	0.491076	2.224516	4.881886
2	87	2.166294	0.549123	2.800486	5.515903
2	88	2.166294	0.451850	1.835294	4.453437
2	89	2.166294	0.519681	2.508346	5.194321
2	90	2.166294	0.567308	3.139823	5.873426
2	91	2.166294	0.390771	2.076661	4.633726
2	92	2.166294	0.495154	2.794621	5.456069
2	93	2.166294	0.491076	2.224516	4.881886
2	94	2.166294	0.580205	3.108893	5.855392
2	95	2.166294	0.527284	2.583792	5.277370
2	96	2.166294	0.487277	2.186816	4.840387
2	97	2.166294	0.470257	2.017935	4.654486
2	98	2.166294	0.475674	2.071690	4.713657
2	99	2.166294	0.554433	2.853178	5.573905
3	0	2.256077	0.577090	3.077987	5.911154
3	1	2.256077	0.538760	3.015444	5.810281
3	2	2.256077	0.531050	2.621162	5.408289
3	3	2.256077	0.556315	2.871854	5.684246
3	4	2.256077	0.511422	2.426398	5.193897
3	5	2.256077	0.511422	2.426398	5.193897
3	6	2.256077	0.513592	2.447935	5.217604
3	7	2.256077	0.479275	2.107425	4.842777
3	8	2.256077	0.416157	2.222625	4.894859
3	9	2.256077	0.518420	2.495841	5.270338
3	10	2.256077	0.485157	2.165779	4.907013
3	11	2.256077	0.480833	2.122879	4.859789
3	12	2.256077	0.572667	3.245958	6.074702
3	13	2.256077	0.500686	2.319870	5.076633
3	14	2.256077	0.485737	2.171541	4.913355
3	15	2.256077	0.455752	1.874014	4.585843
3	16	2.256077	0.566720	3.081016	5.903812
3	17	2.256077	0.515762	2.469462	5.241301
3	18	2.256077	0.507173	2.384236	5.147486
3	19	2.256077	0.488768	2.201619	4.946464
3	20	2.256077	0.515762	2.469462	5.241301
3	21	2.256077	0.513414	2.446160	5.215651
3	22	2.256077	0.477470	2.089514	4.823061
3	23	2.256077	0.554896	2.857771	5.668744
3	24	2.256077	0.480833	2.122879	4.859789
3	25	2.256077	0.564130	2.949397	5.769604
3	26	2.256077	0.598949	3.294889	6.149915
3	27	2.256077	0.535104	2.661385	5.452565
3	28	2.256077	0.507173	2.384236	5.147486
3	29	2.256077	0.544457	2.754184	5.554718
3	30	2.256077	0.431408	1.632460	4.319945
3	31	2.256077	0.553965	2.848530	5.658572
3	32	2.256077	0.561793	2.926201	5.744071
3	33	2.256077	0.573854	3.045882	5.875813
3	34	2.256077	0.460180	1.917953	4.634210
3	35	2.256077	0.527834	2.959997	5.743908
3	36	2.256077	0.544351	2.753137	5.553564
3	37	2.256077	0.480833	2.122879	4.859789
3	38	2.256077	0.515762	2.469462	5.241301
3	39	2.256077	0.635759	3.660132	6.551967
3	40	2.256077	0.465691	1.972636	4.694404
3	41	2.256077	0.564393	2.952003	5.772473
3	42	2.256077	0.514572	2.457652	5.228300
3	43	2.256077	0.485737	2.171541	4.913355
3	44	2.256077	0.485492	2.169111	4.910680
3	45	2.256077	0.514572	2.457652	5.228300
3	46	2.256077	0.535104	2.661385	5.452565
3	47	2.256077	0.488768	2.201619	4.946464
3	48	2.256077	0.575794	3.171059	6.002930
3	49	2.256077	0.585784	3.164256	6.006117
3	50	2.256077	0.479275	2.107425	4.842777
3	51	2.256077	0.550684	3.027835	5.834596
3	52	2.256077	0.520762	2.519076	5.295915
3	53	2.256077	0.514572	2.457652	5.228300
3	54	2.256077	0.481825	2.132718	4.870619
3	55	2.256077	0.488741	2.201350	4.946168
3	56	2.256077	0.561355	2.921855	5.739286
3	57	2.256077	0.534013	2.650553	5.440642
3	58	2.256077	0.544351	2.753137	5.553564
3	59	2.256077	0.480446	2.119042	4.855565
3	60	2.256077	0.542576	2.735520	5.534173
3	61	2.256077	0.465691	1.972636	4.694404
3	62	2.256077	0.585673	3.163152	6.004902
3	63	2.256077	0.514572	2.457652	5.228300
3	64	2.256077	0.431408	1.632460	4.319945
3	65	2.256077	0.480833	2.122879	4.859789
3	66	2.256077	0.524195	2.553138	5.333410
3	67	2.256077	0.477470	2.089514	4.823061
3	68	2.256077	0.572667	3.245958	6.074702
3	69	2.256077	0.485737	2.171541	4.913355
3	70	2.256077	0.475994	2.074860	4.806930
3	71	2.256077	0.485492	2.169111	4.910680
3	72	2.256077	0.561355	2.921855	5.739286
3	73	2.256077	0.491879	2.232481	4.980437
3	74	2.256077	0.597272	3.278242	6.131591
3	75	2.256077	0.578155	3.194485	6.028717
3	76	2.256077	0.479275	2.107425	4.842777
3	77	2.256077	0.422616	1.545222	4.223915
3	78	2.256077	0.579804	3.104918	5.940798
3	79	2.256077	0.531050	2.621162	5.408289
3	80	2.256077	0.460180	1.917953	4.634210
3	81	2.256077	0.571888	3.132301	5.960266
3	82	2.256077	0.515762	2.469462	5.241301
3	83	2.256077	0.448481	1.801869	4.506427
3	84	2.256077	0.480872	2.123270	4.860219
3	85	2.256077	0.508076	2.393197	5.157349
3	86	2.256077	0.483317	2.147524	4.886918
3	87	2.256077	0.512118	2.433302	5.201496
3	88	2.256077	0.514572	2.457652	5.228300
3	89	2.256077	0.439497	1.712727	4.408301
3	90	2.256077	0.455752	1.874014	4.585843
3	91	2.256077	0.481945	2.133916	4.871938
3	92	2.256077	0.480833	2.122879	4.859789
3	93	2.256077	0.495946	2.272842	5.024865
3	94	2.256077	0.535104	2.661385	5.452565
3	95	2.256077	0.579504	3.101938	5.937519
3	96	2.256077	0.511422	2.426398	5.193897
3	97	2.256077	0.606928	3.374061	6.237067
3	98	2.256077	0.519211	2.503688	5.278976
3	99	2.256077	0.562374	2.931973	5.750424
4	0	2.276456	0.551059	2.819697	5.647212
4	1	2.276456	0.496156	2.274922	5.047535
4	2	2.276456	0.474144	2.056504	4.807104
4	3	2.276456	0.552741	2.836386	5.665583
4	4	2.276456	0.503979	2.352541	5.132975
4	5	2.276456	0.503983	2.723333	5.503772
4	6	2.276456	0.477710	2.091891	4.846057
4	7	2.276456	0.541988	2.729690	5.548134
4	8	2.276456	0.505291	2.365560	5.147306
4	9	2.276456	0.471249	2.027785	4.775491
4	10	2.276456	0.549432	2.803554	5.629442
4	11	2.276456	0.551974	3.093592	5.922022
4	12	2.276456	0.492684	2.240466	5.009605
4	13	2.276456	0.535555	2.665861	5.477873
4	14	2.276456	0.474144	2.056504	4.807104
4	15	2.276456	0.484947	2.163702	4.925105
4	16	2.276456	0.581994	3.126654	5.985104
4	17	2.276456	0.596501	3.376520	6.249477
4	18	2.276456	0.488565	2.199595	4.964616
4	19	2.276456	0.503983	2.723333	5.503772
4	20	2.276456	0.581994	3.126654	5.985104
4	21	2.276456	0.534718	2.657553	5.468727
4	22	2.276456	0.477710	2.091891	4.846057
4	23	2.276456	0.560241	2.910809	5.747507
4	24	2.276456	0.610133	3.405859	6.292448
4	25	2.276456	0.568278	3.149439	5.994172
4	26	2.276456	0.584331	3.149840	6.010628
4	27	2.276456	0.449386	1.810850	4.536693
4	28	2.276456	0.552867	2.837639	5.666962
4	29	2.276456	0.552867	2.837639	5.666962
4	30	2.276456	0.532446	2.635006	5.443907
4	31	2.276456	0.531936	2.629944	5.438335
4	32	2.276456	0.551059	2.819697	5.647212
4	33	2.276456	0.560241	2.910809	5.747507
4	34	2.276456	0.448312	1.800185	4.524953
4	35	2.276456	0.488903	2.202952	4.968310
4	36	2.276456	0.517271	2.484439	5.278166
4	37	2.276456	0.505015	2.362824	5.144295
4	38	2.276456	0.535555	2.665861	5.477873
4	39	2.276456	0.503709	2.349868	5.130033
4	40	2.276456	0.496521	2.278544	5.051521
4	41	2.276456	0.551974	3.093592	5.922022
4	42	2.276456	0.504936	2.362045	5.143437
4	43	2.276456	0.587734	3.183604	6.047794
4	44	2.276456	0.541597	2.725811	5.543864
4	45	2.276456	0.509650	2.885493	5.671600
4	46	2.276456	0.587734	3.183604	6.047794
4	47	2.276456	0.504122	2.353969	5.134547
4	48	2.276456	0.496521	2.278544	5.051521
4	49	2.276456	0.505291	2.365560	5.147306
4	50	2.276456	0.569350	3.001188	5.846994
4	51	2.276456	0.584331	3.149840	6.010628
4	52	2.276456	0.508000	2.392443	5.176899
4	53	2.276456	0.583860	3.145166	6.005482
4	54	2.276456	0.564574	2.953799	5.794829
4	55	2.276456	0.560241	2.910809	5.747507
4	56	2.276456	0.549432	2.803554	5.629442
4	57	2.276456	0.503709	2.349868	5.130033
4	58	2.276456	0.505015	2.362824	5.144295
4	59	2.276456	0.535555	2.665861	5.477873
4	60	2.276456	0.598460	3.290028	6.164944
4	61	2.276456	0.503979	2.352541	5.132975
4	62	2.276456	0.534718	2.657553	5.468727
4	63	2.276456	0.531936	2.629944	5.438335
4	64	2.276456	0.537405	3.054958	5.868818
4	65	2.276456	0.496677	2.280094	5.053227
4	66	2.276456	0.505015	2.362824	5.144295
4	67	2.276456	0.504122	2.353969	5.134547
4	68	2.276456	0.556738	2.876048	5.709242
4	69	2.276456	0.477710	2.091891	4.846057
4	70	2.276456	0.560241	2.910809	5.747507
4	71	2.276456	0.527993	2.590829	5.395279
4	72	2.276456	0.613584	3.440097	6.330137
4	73	2.276456	0.488903	2.202952	4.968310
4	74	2.276456	0.502678	2.339640	5.118774
4	75	2.276456	0.552741	2.836386	5.665583
4	76	2.276456	0.526304	2.574066	5.376826
4	77	2.276456	0.508000	2.392443	5.176899
4	78	2.276456	0.490100	2.797436	5.563993
4	79	2.276456	0.535555	2.665861	5.477873
4	80	2.276456	0.552867	2.837639	5.666962
4	81	2.276456	0.540908	2.718975	5.536339
4	82	2.276456	0.436052	1.678536	4.391043
4	83	2.276456	0.552741	2.836386	5.665583
4	84	2.276456	0.496521	2.278544	5.051521
4	85	2.276456	0.561933	2.927593	5.765982
4	86	2.276456	0.626808	3.571317	6.474581
4	87	2.276456	0.541597	2.725811	5.543864
4	88	2.276456	0.610133	3.405859	6.292448
4	89	2.276456	0.547778	2.787141	5.611375
4	90	2.276456	0.598460	3.290028	6.164944
4	91	2.276456	0.544977	3.024164	5.845597
4	92	2.276456	0.552741	2.836386	5.665583
4	93	2.276456	0.563020	2.938383	5.777860
4	94	2.276456	0.504936	2.362045	5.143437
4	95	2.276456	0.588074	3.186977	6.051507
4	96	2.276456	0.527993	2.590829	5.395279
4	97	2.276456	0.489715	2.211009	4.977179
4	98	2.276456	0.488565	2.199595	4.964616
4	99	2.276456	0.529781	2.608564	5.414801
5	0	2.276340	0.512473	2.436823	5.225636
5	1	2.276340	0.544253	2.752160	5.572753
5	2	2.276340	0.570211	3.009731	5.856283
5	3	2.276340	0.498501	2.298185	5.073026
5	4	2.276340	0.613430	3.438574	6.328345
5	5	2.276340	0.529685	2.607611	5.413637
5	6	2.276340	0.543852	2.748188	5.568381
5	7	2.276340	0.494699	2.260465	5.031504
5	8	2.276340	0.472401	2.039216	4.787958
5	9	2.276340	0.515786	2.946375	5.738501
5	10	2.276340	0.526852	2.579501	5.382693
5	11	2.276340	0.545753	2.767046	5.589139
5	12	2.276340	0.497713	2.290375	5.064429
5	13	2.276340	0.578463	3.091613	5.946416
5	14	2.276340	0.541032	2.720205	5.537577
5	15	2.276340	0.498501	2.298185	5.073026
5	16	2.276340	0.512021	2.432344	5.220705
5	17	2.276340	0.517648	2.488174	5.282162
5	18	2.276340	0.483367	2.148019	4.907726
5	19	2.276340	0.559973	2.908150	5.744464
5	20	2.276340	0.588850	3.194683	6.059873
5	21	2.276340	0.506988	2.382402	5.165730
5	22	2.276340	0.497646	2.289704	5.063691
5	23	2.276340	0.477328	2.088105	4.841773
5	24	2.276340	0.528957	2.600389	5.405687
5	25	2.276340	0.542105	2.730848	5.549293
5	26	2.276340	0.584650	3.152999	6.013989
5	27	2.276340	0.541032	2.720205	5.537577
5	28	2.276340	0.497713	2.290375	5.064429
5	29	2.276340	0.529685	2.607611	5.413637
5	30	2.276340	0.528957	2.600389	5.405687
5	31	2.276340	0.545753	2.767046	5.589139
5	32	2.276340	0.468475	2.000257	4.745073
5	33	2.276340	0.486755	2.181642	4.944738
5	34	2.276340	0.481237	2.126889	4.884466
5	35	2.276340	0.483027	2.515392	5.274759
5	36	2.276340	0.526852	2.579501	5.382693
5	37	2.276340	0.584219	3.148729	6.009288
5	38	2.276340	0.464449	1.960311	4.701101
5	39	2.276340	0.497646	2.289704	5.063691
5	40	2.276340	0.515028	2.462183	5.253552
5	41	2.276340	0.584874	3.155228	6.016442
5	42	2.276340	0.513236	2.444400	5.233976
5	43	2.276340	0.570211	3.009731	5.856283
5	44	2.276340	0.486755	2.181642	4.944738
5	45	2.276340	0.569090	3.157501	6.002931
5	46	2.276340	0.439995	1.717665	4.434000
5	47	2.276340	0.503157	2.874026	5.653523
5	48	2.276340	0.636646	3.721899	6.634886
5	49	2.276340	0.483367	2.148019	4.907726
5	50	2.276340	0.426057	1.579363	4.281760
5	51	2.276340	0.559144	2.899923	5.735408
5	52	2.276340	0.584650	3.152999	6.013989
5	53	2.276340	0.468475	2.000257	4.745073
5	54	2.276340	0.607843	3.383135	6.267318
5	55	2.276340	0.572698	3.034407	5.883445
5	56	2.276340	0.468700	2.002490	4.747530
5	57	2.276340	0.571628	3.076760	5.924728
5	58	2.276340	0.546900	2.937323	5.760564
5	59	2.276340	0.515140	2.463291	5.254772
5	60	2.276340	0.596136	3.266969	6.139445
5	61	2.276340	0.561751	2.925784	5.763875
5	62	2.276340	0.415927	1.478851	4.171118
5	63	2.276340	0.610639	3.410877	6.297857
5	64	2.276340	0.572698	3.034407	5.883445
5	65	2.276340	0.498601	2.299184	5.074125
5	66	2.276340	0.462075	1.936754	4.675169
5	67	2.276340	0.530178	2.612500	5.419018
5	68	2.276340	0.472401	2.039216	4.787958
5	69	2.276340	0.512021	2.432344	5.220705
5	70	2.276340	0.570211	3.009731	5.856283
5	71	2.276340	0.561751	2.925784	5.763875
5	72	2.276340	0.526476	2.575775	5.378592
5	73	2.276340	0.464449	1.960311	4.701101
5	74	2.276340	0.610639	3.410877	6.297857
5	75	2.276340	0.516681	2.902287	5.695308
5	76	2.276340	0.543139	2.741109	5.560588
5	77	2.276340	0.533272	2.643210	5.452823
5	78	2.276340	0.477328	2.088105	4.841773
5	79	2.276340	0.464449	1.960311	4.701101
5	80	2.276340	0.583469	3.141284	6.001093
5	81	2.276340	0.488705	2.677663	5.442708
5	82	2.276340	0.544253	2.752160	5.572753
5	83	2.276340	0.497713	2.290375	5.064429
5	84	2.276340	0.486755	2.181642	4.944738
5	85	2.276340	0.541032	2.720205	5.537577
5	86	2.276340	0.498601	2.299184	5.074125
5	87	2.276340	0.570211	3.009731	5.856283
5	88	2.276340	0.554697	2.855797	5.686834
5	89	2.276340	0.607034	3.375106	6.258480
5	90	2.276340	0.517263	2.484357	5.277961
5	91	2.276340	0.545753	2.767046	5.589139
5	92	2.276340	0.505000	2.362674	5.144014
5	93	2.276340	0.543852	2.748188	5.568381
5	94	2.276340	0.569090	3.157501	6.002931
5	95	2.276340	0.540221	2.712155	5.528716
5	96	2.276340	0.552013	2.829165	5.657519
5	97	2.276340	0.570236	3.009984	5.856561
5	98	2.276340	0.607843	3.383135	6.267318
5	99	2.276340	0.479029	2.104979	4.860348
6	0	2.246187	0.439659	1.714332	4.400178
6	1	2.246187	0.550364	2.812805	5.609356
6	2	2.246187	0.478853	2.103237	4.828278
6	3	2.246187	0.596154	3.267151	6.109492
6	4	2.246187	0.539852	2.708492	5.494531
6	5	2.246187	0.514772	2.459640	5.220599
6	6	2.246187	0.513901	2.450994	5.211082
6	7	2.246187	0.612670	3.536963	6.395820
6	8	2.246187	0.456175	1.878211	4.580573
6	9	2.246187	0.514358	2.455535	5.216081
6	10	2.246187	0.536994	2.680134	5.463315
6	11	2.246187	0.574660	3.053880	5.874727
6	12	2.246187	0.486000	2.174150	4.906337
6	13	2.246187	0.509396	2.618147	5.373729
6	14	2.246187	0.486000	2.174150	4.906337
6	15	2.246187	0.439659	1.714332	4.400178
6	16	2.246187	0.484072	2.155022	4.885282
6	17	2.246187	0.484072	2.155022	4.885282
6	18	2.246187	0.508602	2.398415	5.153203
6	19	2.246187	0.512258	2.434690	5.193134
6	20	2.246187	0.508081	2.393246	5.147514
6	21	2.246187	0.511203	2.424227	5.181617
6	22	2.246187	0.558043	2.888997	5.693227
6	23	2.246187	0.501400	2.326958	5.074545
6	24	2.246187	0.567884	2.986639	5.800710
6	25	2.246187	0.512564	2.437735	5.196486
6	26	2.246187	0.638496	3.740259	6.624942
6	27	2.246187	0.496354	2.276888	5.019429
6	28	2.246187	0.489462	2.208502	4.944151
6	29	2.246187	0.486264	2.176766	4.909217
6	30	2.246187	0.528394	2.594804	5.369385
6	31	2.246187	0.478222	2.626613	5.351023
6	32	2.246187	0.553225	2.841189	5.640600
6	33	2.246187	0.588457	3.190779	6.025423
6	34	2.246187	0.536202	2.831171	5.613561
6	35	2.246187	0.492333	2.236989	4.975509
6	36	2.246187	0.550364	2.812805	5.609356
6	37	2.246187	0.514358	2.455535	5.216081
6	38	2.246187	0.474130	2.056368	4.776685
6	39	2.246187	0.564883	2.956869	5.767939
6	40	2.246187	0.514772	2.459640	5.220599
6	41	2.246187	0.550364	2.812805	5.609356
6	42	2.246187	0.456175	1.878211	4.580573
6	43	2.246187	0.530996	2.620626	5.397809
6	44	2.246187	0.486000	2.174150	4.906337
6	45	2.246187	0.536994	2.680134	5.463315
6	46	2.246187	0.622616	3.529719	6.398522
6	47	2.246187	0.529745	2.608211	5.384143
6	48	2.246187	0.456175	1.878211	4.580573
6	49	2.246187	0.543097	2.740692	5.529976
6	50	2.246187	0.484561	2.159867	4.890615
6	51	2.246187	0.496354	2.276888	5.019429
6	52	2.246187	0.484072	2.155022	4.885282
6	53	2.246187	0.456175	1.878211	4.580573
6	54	2.246187	0.543097	2.740692	5.529976
6	55	2.246187	0.430739	1.625822	4.302748
6	56	2.246187	0.471656	2.031823	4.749666
6	57	2.246187	0.530692	2.617605	5.394484
6	58	2.246187	0.492333	2.236989	4.975509
6	59	2.246187	0.492333	2.236989	4.975509
6	60	2.246187	0.528394	2.594804	5.369385
6	61	2.246187	0.550364	2.812805	5.609356
6	62	2.246187	0.593413	3.239953	6.079552
6	63	2.246187	0.417489	1.494345	4.158021
6	64	2.246187	0.514358	2.455535	5.216081
6	65	2.246187	0.502090	2.333802	5.082079
6	66	2.246187	0.492333	2.236989	4.975509
6	67	2.246187	0.567884	2.986639	5.800710
6	68	2.246187	0.600919	3.314428	6.161534
6	69	2.246187	0.496354	2.276888	5.019429
6	70	2.246187	0.575895	3.066136	5.888219
6	71	2.246187	0.609368	3.398266	6.253821
6	72	2.246187	0.512258	2.434690	5.193134
6	73	2.246187	0.510557	2.841523	5.598267
6	74	2.246187	0.514772	2.459640	5.220599
6	75	2.246187	0.536994	2.680134	5.463315
6	76	2.246187	0.596093	3.319509	6.161788
6	77	2.246187	0.456415	2.516156	5.218758
6	78	2.246187	0.574660	3.053880	5.874727
6	79	2.246187	0.482062	2.135073	4.863322
6	80	2.246187	0.514358	2.455535	5.216081
6	81	2.246187	0.596269	3.268297	6.110753
6	82	2.246187	0.471656	2.031823	4.749666
6	83	2.246187	0.612670	3.536963	6.395820
6	84	2.246187	0.480570	2.120268	4.847025
6	85	2.246187	0.486264	2.176766	4.909217
6	86	2.246187	0.539852	2.708492	5.494531
6	87	2.246187	0.548672	2.901942	5.696801
6	88	2.246187	0.535945	2.669731	5.451863
6	89	2.246187	0.490566	2.219452	4.956205
6	90	2.246187	0.473809	2.053186	4.773182
6	91	2.246187	0.530692	2.617605	5.394484
6	92	2.246187	0.461017	1.926255	4.633459
6	93	2.246187	0.571606	3.023577	5.841370
6	94	2.246187	0.417489	1.494345	4.158021
6	95	2.246187	0.567884	2.986639	5.800710
6	96	2.246187	0.490566	2.219452	4.956205
6	97	2.246187	0.407245	1.392706	4.046138
6	98	2.246187	0.531369	2.624324	5.401880
6	99	2.246187	0.454360	1.860199	4.560746
7	0	2.098655	0.505095	2.363616	4.967366
7	1	2.098655	0.608275	3.387422	6.094352
7	2	2.098655	0.532262	2.633185	5.264102
7	3	2.098655	0.594981	3.255514	5.949150
7	4	2.098655	0.549981	2.809002	5.457638
7	5	2.098655	0.523933	2.550535	5.173122
7	6	2.098655	0.515563	2.467489	5.081707
7	7	2.098655	0.544589	2.755494	5.398738
7	8	2.098655	0.587369	3.285915	5.971939
7	9	2.098655	0.480286	2.117448	4.696389
7	10	2.098655	0.536312	2.938184	5.573150
7	11	2.098655	0.539301	2.703031	5.340987
7	12	2.098655	0.480286	2.117448	4.696389
7	13	2.098655	0.505733	2.369953	4.974342
7	14	2.098655	0.497425	2.287514	4.883594
7	15	2.098655	0.574876	3.056023	5.729554
7	16	2.098655	0.422125	1.540347	4.061127
7	17	2.098655	0.515825	2.470090	5.084570
7	18	2.098655	0.532262	2.633185	5.264102
7	19	2.098655	0.565735	2.965318	5.629708
7	20	2.098655	0.582605	3.291606	5.972867
7	21	2.098655	0.490521	2.589756	5.178932
7	22	2.098655	0.565735	2.965318	5.629708
7	23	2.098655	0.574876	3.056023	5.729554
7	24	2.098655	0.568019	3.199841	5.866515
7	25	2.098655	0.439430	1.712058	4.250143
7	26	2.098655	0.608002	3.384714	6.091371
7	27	2.098655	0.508052	2.392955	4.999662
7	28	2.098655	0.591135	3.217349	5.907139
7	29	2.098655	0.490026	2.214096	4.802777
7	30	2.098655	0.486454	2.178656	4.763766
7	31	2.098655	0.553704	2.845940	5.498299
7	32	2.098655	0.497425	2.287514	4.883594
7	33	2.098655	0.585098	3.157451	5.841204
7	34	2.098655	0.475897	2.073899	4.648450
7	35	2.098655	0.616075	3.464816	6.179546
7	36	2.098655	0.558638	2.894898	5.552190
7	37	2.098655	0.477942	2.094195	4.670792
7	38	2.098655	0.582061	3.127317	5.808033
7	39	2.098655	0.486454	2.178656	4.763766
7	40	2.098655	0.475897	2.073899	4.648450
7	41	2.098655	0.591135	3.217349	5.907139
7	42	2.098655	0.582272	3.129404	5.810331
7	43	2.098655	0.553704	2.845940	5.498299
7	44	2.098655	0.493825	2.728468	5.320948
7	45	2.098655	0.477942	2.094195	4.670792
7	46	2.098655	0.480286	2.117448	4.696389
7	47	2.098655	0.562874	2.936933	5.598462
7	48	2.098655	0.617667	3.480618	6.196940
7	49	2.098655	0.497787	2.291104	4.887546
7	50	2.098655	0.597840	3.283882	5.980377
7	51	2.098655	0.565735	2.965318	5.629708
7	52	2.098655	0.586234	3.168720	5.853609
7	53	2.098655	0.628026	3.583400	6.310080
7	54	2.098655	0.597840	3.283882	5.980377
7	55	2.098655	0.553704	2.845940	5.498299
7	56	2.098655	0.617667	3.480618	6.196940
7	57	2.098655	0.476774	2.082600	4.658028
7	58	2.098655	0.488258	2.196557	4.783471
7	59	2.098655	0.490018	2.214017	4.802690
7	60	2.098655	0.497787	2.291104	4.887546
7	61	2.098655	0.590874	3.320693	6.010223
7	62	2.098655	0.591223	3.218221	5.908099
7	63	2.098655	0.509641	2.408728	5.017024
7	64	2.098655	0.429768	1.616188	4.144611
7	65	2.098655	0.579945	3.106315	5.784915
7	66	2.098655	0.648401	3.785575	6.532631
7	67	2.098655	0.585098	3.157451	5.841204
7	68	2.098655	0.532262	2.633185	5.264102
7	69	2.098655	0.555731	2.866057	5.520443
7	70	2.098655	0.555731	2.866057	5.520443
7	71	2.098655	0.526862	2.579607	5.205124
7	72	2.098655	0.562874	2.936933	5.598462
7	73	2.098655	0.490026	2.214096	4.802777
7	74	2.098655	0.507332	2.385820	4.991808
7	75	2.098655	0.528235	2.593225	5.220115
7	76	2.098655	0.617667	3.480618	6.196940
7	77	2.098655	0.574876	3.056023	5.729554
7	78	2.098655	0.502756	2.340409	4.941820
7	79	2.098655	0.549737	2.806580	5.454972
7	80	2.098655	0.559895	2.907373	5.565923
7	81	2.098655	0.490026	2.214096	4.802777
7	82	2.098655	0.576021	3.067378	5.742053
7	83	2.098655	0.590874	3.320693	6.010223
7	84	2.098655	0.475897	2.073899	4.648450
7	85	2.098655	0.549016	2.799422	5.447092
7	86	2.098655	0.509641	2.408728	5.017024
7	87	2.098655	0.429768	1.616188	4.144611
7	88	2.098655	0.505976	2.372363	4.976994
7	89	2.098655	0.505976	2.372363	4.976994
7	90	2.098655	0.590069	3.206777	5.895502
7	91	2.098655	0.558638	2.894898	5.552190
7	92	2.098655	0.490018	2.214017	4.802690
7	93	2.098655	0.582605	3.291606	5.972867
7	94	2.098655	0.608275	3.387422	6.094352
7	95	2.098655	0.429768	1.616188	4.144611
7	96	2.098655	0.575831	3.171423	5.845908
7	97	2.098655	0.486454	2.178656	4.763766
7	98	2.098655	0.494351	2.257012	4.850018
7	99	2.098655	0.608275	3.387422	6.094352
8	0	2.242011	0.488847	2.202394	4.933251
8	1	2.242011	0.488847	2.202394	4.933251
8	2	2.242011	0.567627	2.984095	5.793733
8	3	2.242011	0.484603	2.160284	4.886897
8	4	2.242011	0.555481	2.863574	5.661066
8	5	2.242011	0.548895	2.798228	5.589134
8	6	2.242011	0.553568	2.844592	5.640171
8	7	2.242011	0.522018	2.531535	5.295564
8	8	2.242011	0.548188	2.791205	5.581404
8	9	2.242011	0.493761	2.251158	4.986930
8	10	2.242011	0.552281	2.937751	5.732042
8	11	2.242011	0.465784	1.973556	4.681351
8	12	2.242011	0.625213	3.555487	6.422711
8	13	2.242011	0.457905	1.895376	4.595291
8	14	2.242011	0.594422	3.249971	6.086404
8	15	2.242011	0.505080	2.734220	5.481311
8	16	2.242011	0.468906	2.004539	4.715456
8	17	2.242011	0.490387	2.217677	4.950074
8	18	2.242011	0.468906	2.004539	4.715456
8	19	2.242011	0.425016	1.569030	4.236056
8	20	2.242011	0.490050	2.214332	4.946392
8	21	2.242011	0.490050	2.214332	4.946392
8	22	2.242011	0.609238	3.396981	6.248230
8	23	2.242011	0.555481	2.863574	5.661066
8	24	2.242011	0.548895	2.798228	5.589134
8	25	2.242011	0.436590	1.683873	4.362474
8	26	2.242011	0.438059	2.386984	5.067054
8	27	2.242011	0.597669	3.282182	6.121861
8	28	2.242011	0.543859	2.748257	5.534127
8	29	2.242011	0.552716	3.047994	5.842721
8	30	2.242011	0.465784	1.973556	4.681351
8	31	2.242011	0.457905	1.895376	4.595291
8	32	2.242011	0.562885	2.937037	5.741932
8	33	2.242011	0.529470	2.605484	5.376965
8	34	2.242011	0.452711	1.843834	4.538556
8	35	2.242011	0.495675	2.270147	5.007832
8	36	2.242011	0.528565	2.596505	5.367081
8	37	2.242011	0.626044	3.563731	6.431785
8	38	2.242011	0.559603	2.904480	5.706094
8	39	2.242011	0.412708	2.029506	4.684224
8	40	2.242011	0.522018	2.531535	5.295564
8	41	2.242011	0.618428	3.488161	6.348600
8	42	2.242011	0.548188	2.791205	5.581404
8	43	2.242011	0.528565	2.596505	5.367081
8	44	2.242011	0.505080	2.734220	5.481311
8	45	2.242011	0.481148	2.126000	4.849158
8	46	2.242011	0.485825	2.172409	4.900245
8	47	2.242011	0.465784	1.973556	4.681351
8	48	2.242011	0.512520	2.437290	5.191820
8	49	2.242011	0.521574	2.527136	5.290722
8	50	2.242011	0.562885	2.937037	5.741932
8	51	2.242011	0.465784	1.973556	4.681351
8	52	2.242011	0.555481	2.863574	5.661066
8	53	2.242011	0.481148	2.126000	4.849158
8	54	2.242011	0.490387	2.217677	4.950074
8	55	2.242011	0.581206	3.171794	5.995011
8	56	2.242011	0.564481	2.952872	5.759363
8	57	2.242011	0.457905	1.895376	4.595291
8	58	2.242011	0.496847	2.281777	5.020634
8	59	2.242011	0.596879	3.274347	6.113237
8	60	2.242011	0.521574	2.527136	5.290722
8	61	2.242011	0.588154	3.187767	6.017931
8	62	2.242011	0.528886	2.599686	5.370583
8	63	2.242011	0.481148	2.126000	4.849158
8	64	2.242011	0.506446	2.377026	5.125483
8	65	2.242011	0.498969	2.302837	5.043817
8	66	2.242011	0.522018	2.531535	5.295564
8	67	2.242011	0.488847	2.202394	4.933251
8	68	2.242011	0.497282	2.286095	5.025387
8	69	2.242011	0.501430	2.327248	5.070689
8	70	2.242011	0.517350	2.644113	5.403474
8	71	2.242011	0.485825	2.172409	4.900245
8	72	2.242011	0.487906	2.193059	4.922975
8	73	2.242011	0.567068	2.978544	5.787622
8	74	2.242011	0.465784	1.973556	4.681351
8	75	2.242011	0.543472	2.744418	5.529901
8	76	2.242011	0.562885	2.937037	5.741932
8	77	2.242011	0.543524	2.744927	5.530461
8	78	2.242011	0.463152	1.947442	4.652606
8	79	2.242011	0.425016	1.569030	4.236056
8	80	2.242011	0.581032	3.117105	5.940148
8	81	2.242011	0.597669	3.282182	6.121861
8	82	2.242011	0.506446	2.377026	5.125483
8	83	2.242011	0.481148	2.126000	4.849158
8	84	2.242011	0.529470	2.605484	5.376965
8	85	2.242011	0.553568	2.844592	5.640171
8	86	2.242011	0.512797	2.440045	5.194853
8	87	2.242011	0.497596	2.289214	5.028821
8	88	2.242011	0.562885	2.937037	5.741932
8	89	2.242011	0.468921	2.004685	4.715617
8	90	2.242011	0.552201	2.831028	5.625240
8	91	2.242011	0.521574	2.527136	5.290722
8	92	2.242011	0.576593	3.178988	5.997592
8	93	2.242011	0.485825	2.172409	4.900245
8	94	2.242011	0.550091	2.810088	5.602190
8	95	2.242011	0.487968	2.193675	4.923654
8	96	2.242011	0.497282	2.286095	5.025387
8	97	2.242011	0.599672	3.407987	6.249669
8	98	2.242011	0.485825	2.172409	4.900245
8	99	2.242011	0.496847	2.281777	5.020634
9	0	2.182436	0.487553	2.189563	4.859552
9	1	2.182436	0.560659	2.914950	5.658045
9	2	2.182436	0.478644	2.101161	4.762241
9	3	2.182436	0.468668	2.002177	4.653281
9	4	2.182436	0.505877	2.371381	5.059694
9	5	2.182436	0.554281	2.851668	5.588385
9	6	2.182436	0.432383	1.642131	4.256950
9	7	2.182436	0.585162	3.158080	5.925678
9	8	2.182436	0.533784	2.648290	5.364510
9	9	2.182436	0.597552	3.281021	6.061009
9	10	2.182436	0.433930	1.657483	4.273849
9	11	2.182436	0.587147	3.177776	5.947358
9	12	2.182436	0.472885	2.044019	4.699340
9	13	2.182436	0.496032	2.273690	4.952157
9	14	2.182436	0.532736	2.637884	5.353056
9	15	2.182436	0.647566	3.777290	6.607292
9	16	2.182436	0.510129	2.413565	5.106130
9	17	2.182436	0.478644	2.101161	4.762241
9	18	2.182436	0.567352	2.981365	5.731152
9	19	2.182436	0.476134	2.076250	4.734820
9	20	2.182436	0.444367	1.761047	4.387850
9	21	2.182436	0.510568	2.417930	5.110934
9	22	2.182436	0.573277	3.146078	5.901790
9	23	2.182436	0.567352	2.981365	5.731152
9	24	2.182436	0.538642	2.961310	5.682388
9	25	2.182436	0.587147	3.177776	5.947358
9	26	2.182436	0.594778	3.253495	6.030708
9	27	2.182436	0.505028	2.627775	5.315239
9	28	2.182436	0.508238	2.659624	5.350298
9	29	2.182436	0.514493	2.456866	5.153794
9	30	2.182436	0.553828	2.847175	5.583440
9	31	2.182436	0.532736	2.637884	5.353056
9	32	2.182436	0.567445	2.982283	5.732163
9	33	2.182436	0.597546	3.280968	6.060950
9	34	2.182436	0.558256	2.891113	5.631805
9	35	2.182436	0.576075	3.067921	5.826432
9	36	2.182436	0.468668	2.002177	4.653281
9	37	2.182436	0.505918	2.371787	5.060141
9	38	2.182436	0.567060	3.084398	5.833895
9	39	2.182436	0.567759	2.985402	5.735597
9	40	2.182436	0.560659	2.914950	5.658045
9	41	2.182436	0.486382	2.707580	5.376398
9	42	2.182436	0.482746	2.141863	4.807045
9	43	2.182436	0.629492	3.597947	6.409875
9	44	2.182436	0.488492	2.198875	4.869803
9	45	2.182436	0.413986	1.459594	4.056017
9	46	2.182436	0.476134	2.076250	4.734820
9	47	2.182436	0.489589	2.209758	4.881782
9	48	2.182436	0.517616	2.487856	5.187907
9	49	2.182436	0.560659	2.914950	5.658045
9	50	2.182436	0.567352	2.981365	5.731152
9	51	2.182436	0.542522	2.734989	5.459946
9	52	2.182436	0.500401	2.317044	4.999881
9	53	2.182436	0.510129	2.413565	5.106130
9	54	2.182436	0.546062	2.770116	5.498614
9	55	2.182436	0.576075	3.067921	5.826432
9	56	2.182436	0.553260	2.841538	5.577234
9	57	2.182436	0.506983	2.382353	5.071772
9	58	2.182436	0.576075	3.067921	5.826432
9	59	2.182436	0.538642	2.961310	5.682388
9	60	2.182436	0.465116	1.966930	4.614482
9	61	2.182436	0.595963	3.265260	6.043660
9	62	2.182436	0.500401	2.317044	4.999881
9	63	2.182436	0.478644	2.101161	4.762241
9	64	2.182436	0.501375	2.326709	5.010520
9	65	2.182436	0.533027	2.640773	5.356236
9	66	2.182436	0.505877	2.371381	5.059694
9	67	2.182436	0.567352	2.981365	5.731152
9	68	2.182436	0.535315	2.663476	5.381227
9	69	2.182436	0.533784	2.648290	5.364510
9	70	2.182436	0.492793	2.665263	5.340492
9	71	2.182436	0.617919	3.483113	6.283468
9	72	2.182436	0.585162	3.158080	5.925678
9	73	2.182436	0.505918	2.371787	5.060141
9	74	2.182436	0.472885	2.044019	4.699340
9	75	2.182436	0.535315	2.663476	5.381227
9	76	2.182436	0.554281	2.851668	5.588385
9	77	2.182436	0.597546	3.280968	6.060950
9	78	2.182436	0.533784	2.648290	5.364510
9	79	2.182436	0.505918	2.371787	5.060141
9	80	2.182436	0.533027	2.640773	5.356236
9	81	2.182436	0.534253	2.652942	5.369631
9	82	2.182436	0.595450	3.260167	6.038053
9	83	2.182436	0.533027	2.640773	5.356236
9	84	2.182436	0.541881	2.728627	5.452944
9	85	2.182436	0.541881	2.728627	5.452944
9	86	2.182436	0.476134	2.076250	4.734820
9	87	2.182436	0.553260	2.841538	5.577234
9	88	2.182436	0.647566	3.777290	6.607292
9	89	2.182436	0.472885	2.044019	4.699340
9	90	2.182436	0.465116	1.966930	4.614482
9	91	2.182436	0.487553	2.189563	4.859552
9	92	2.182436	0.554281	2.851668	5.588385
9	93	2.182436	0.546628	2.775734	5.504798
9	94	2.182436	0.573277	3.146078	5.901790
9	95	2.182436	0.500401	2.317044	4.999881
9	96	2.182436	0.597552	3.281021	6.061009
9	97	2.182436	0.514607	2.458000	5.155042
9	98	2.182436	0.533278	2.908080	5.623793
9	99	2.182436	0.535315	2.663476	5.381227
10	0	2.271884	0.541375	2.723611	5.536871
10	1	2.271884	0.477970	2.094471	4.844326
10	2	2.271884	0.497172	2.285004	5.054060
10	3	2.271884	0.481838	2.132854	4.886576
10	4	2.271884	0.544858	2.758165	5.574907
10	5	2.271884	0.476375	2.078645	4.826904
10	6	2.271884	0.437407	1.691987	4.401278
10	7	2.271884	0.576851	3.075620	5.924356
10	8	2.271884	0.465414	1.969882	4.707180
10	9	2.271884	0.601232	3.317539	6.190655
10	10	2.271884	0.469968	2.015072	4.756925
10	11	2.271884	0.516269	2.474496	5.262650
10	12	2.271884	0.480034	2.114949	4.866867
10	13	2.271884	0.426922	1.587952	4.286759
10	14	2.271884	0.479628	2.110926	4.862439
10	15	2.271884	0.464744	1.963233	4.699861
10	16	2.271884	0.505622	2.368852	5.146359
10	17	2.271884	0.478483	2.099559	4.849926
10	18	2.271884	0.426922	1.587952	4.286759
10	19	2.271884	0.541375	2.723611	5.536871
10	20	2.271884	0.506630	2.378850	5.157365
10	21	2.271884	0.548862	2.797902	5.618648
10	22	2.271884	0.477128	2.086116	4.835129
10	23	2.271884	0.484172	2.156012	4.912068
10	24	2.271884	0.586357	3.169939	6.028180
10	25	2.271884	0.601232	3.317539	6.190655
10	26	2.271884	0.577159	3.078676	5.927719
10	27	2.271884	0.530352	2.614231	5.416467
10	28	2.271884	0.541442	3.095017	5.908344
10	29	2.271884	0.476375	2.078645	4.826904
10	30	2.271884	0.491470	2.228429	4.991784
10	31	2.271884	0.428699	1.605575	4.306158
10	32	2.271884	0.465740	1.973118	4.710742
10	33	2.271884	0.592408	3.229978	6.094270
10	34	2.271884	0.464744	1.963233	4.699861
10	35	2.271884	0.478613	2.100856	4.851353
10	36	2.271884	0.570683	3.014415	5.856983
10	37	2.271884	0.484172	2.156012	4.912068
10	38	2.271884	0.586357	3.169939	6.028180
10	39	2.271884	0.586357	3.169939	6.028180
10	40	2.271884	0.584023	3.199744	6.055651
10	41	2.271884	0.491470	2.228429	4.991784
10	42	2.271884	0.482461	2.139028	4.893373
10	43	2.271884	0.518724	2.763667	5.554274
10	44	2.271884	0.458960	1.905845	4.636689
10	45	2.271884	0.490385	2.217664	4.979933
10	46	2.271884	0.538363	2.693716	5.503963
10	47	2.271884	0.400912	1.329864	4.002660
10	48	2.271884	0.557721	2.885805	5.715411
10	49	2.271884	0.432289	2.223801	4.927974
10	50	2.271884	0.461590	1.931944	4.665419
10	51	2.271884	0.467980	1.995344	4.735209
10	52	2.271884	0.469968	2.015072	4.756925
10	53	2.271884	0.545867	2.927068	5.744819
10	54	2.271884	0.561195	2.920272	5.753352
10	55	2.271884	0.492598	2.239619	5.004101
10	56	2.271884	0.516269	2.474496	5.262650
10	57	2.271884	0.541375	2.723611	5.536871
10	58	2.271884	0.557721	2.885805	5.715411
10	59	2.271884	0.469968	2.015072	4.756925
10	60	2.271884	0.516833	2.480088	5.268806
10	61	2.271884	0.494776	2.261229	5.027889
10	62	2.271884	0.480034	2.114949	4.866867
10	63	2.271884	0.556365	2.872347	5.700596
10	64	2.271884	0.445978	1.777032	4.494895
10	65	2.271884	0.590933	3.268309	6.131126
10	66	2.271884	0.490385	2.217664	4.979933
10	67	2.271884	0.400912	1.329864	4.002660
10	68	2.271884	0.469968	2.015072	4.756925
10	69	2.271884	0.446887	2.209758	4.928530
10	70	2.271884	0.543813	2.747796	5.563493
10	71	2.271884	0.465414	1.969882	4.707180
10	72	2.271884	0.570683	3.014415	5.856983
10	73	2.271884	0.544858	2.758165	5.574907
10	74	2.271884	0.538363	2.693716	5.503963
10	75	2.271884	0.586619	3.278471	6.136975
10	76	2.271884	0.478707	2.101786	4.852377
10	77	2.271884	0.494776	2.261229	5.027889
10	78	2.271884	0.541375	2.723611	5.536871
10	79	2.271884	0.478483	2.099559	4.849926
10	80	2.271884	0.465740	1.973118	4.710742
10	81	2.271884	0.555359	3.021258	5.848502
10	82	2.271884	0.478483	2.099559	4.849926
10	83	2.271884	0.458847	1.904725	4.635457
10	84	2.271884	0.544858	2.758165	5.574907
10	85	2.271884	0.480034	2.114949	4.866867
10	86	2.271884	0.478613	2.100856	4.851353
10	87	2.271884	0.494776	2.261229	5.027889
10	88	2.271884	0.461590	1.931944	4.665419
10	89	2.271884	0.531721	2.627813	5.431418
10	90	2.271884	0.494776	2.261229	5.027889
10	91	2.271884	0.586357	3.169939	6.028180
10	92	2.271884	0.525362	2.564723	5.361970
10	93	2.271884	0.533769	2.648135	5.453788
10	94	2.271884	0.541375	2.723611	5.536871
10	95	2.271884	0.412535	1.445188	4.129606
10	96	2.271884	0.445875	1.776005	4.493764
10	97	2.271884	0.580929	3.169046	6.021859
10	98	2.271884	0.412535	1.445188	4.129606
10	99	2.271884	0.533769	2.648135	5.453788
11	0	2.160108	0.546311	2.772588	5.479007
11	1	2.160108	0.494875	2.579992	5.234975
11	2	2.160108	0.540487	2.714794	5.415389
11	3	2.160108	0.506618	2.378730	5.045455
11	4	2.160108	0.495250	2.265934	4.921292
11	5	2.160108	0.477269	2.087511	4.724887
11	6	2.160108	0.581953	3.285138	6.027199
11	7	2.160108	0.567979	2.987587	5.715674
11	8	2.160108	0.549717	2.806385	5.516211
11	9	2.160108	0.567590	2.983727	5.711425
11	10	2.160108	0.477269	2.087511	4.724887
11	11	2.160108	0.577971	3.086736	5.824815
11	12	2.160108	0.566801	2.975893	5.702802
11	13	2.160108	0.431905	1.637387	4.229399
11	14	2.160108	0.507543	2.387912	5.055563
11	15	2.160108	0.540681	2.716719	5.417508
11	16	2.160108	0.461573	1.931771	4.553452
11	17	2.160108	0.522416	2.535485	5.218009
11	18	2.160108	0.558222	2.890772	5.609101
11	19	2.160108	0.466323	1.978900	4.605331
11	20	2.160108	0.552017	2.829199	5.541323
11	21	2.160108	0.472904	2.044208	4.677220
11	22	2.160108	0.566801	2.975893	5.702802
11	23	2.160108	0.543038	2.740110	5.443255
11	24	2.160108	0.479919	2.113809	4.753836
11	25	2.160108	0.479919	2.113809	4.753836
11	26	2.160108	0.500482	2.317848	4.978438
11	27	2.160108	0.614886	3.453017	6.228010
11	28	2.160108	0.543038	2.740110	5.443255
11	29	2.160108	0.512184	2.433960	5.106252
11	30	2.160108	0.461573	1.931771	4.553452
11	31	2.160108	0.461617	1.932211	4.553936
11	32	2.160108	0.567979	2.987587	5.715674
11	33	2.160108	0.574688	3.160081	5.894877
11	34	2.160108	0.488766	2.201591	4.850465
11	35	2.160108	0.540681	2.716719	5.417508
11	36	2.160108	0.472904	2.044208	4.677220
11	37	2.160108	0.466323	1.978900	4.605331
11	38	2.160108	0.552574	2.887696	5.600378
11	39	2.160108	0.466323	1.978900	4.605331
11	40	2.160108	0.481749	2.131970	4.773827
11	41	2.160108	0.592147	3.227391	5.979645
11	42	2.160108	0.558222	2.890772	5.609101
11	43	2.160108	0.472904	2.044208	4.677220
11	44	2.160108	0.553490	2.843814	5.557411
11	45	2.160108	0.473138	2.046525	4.679771
11	46	2.160108	0.431905	1.637387	4.229399
11	47	2.160108	0.509178	2.404131	5.073417
11	48	2.160108	0.546311	2.772588	5.479007
11	49	2.160108	0.581953	3.285138	6.027199
11	50	2.160108	0.601595	3.321139	6.082842
11	51	2.160108	0.539079	2.700823	5.400009
11	52	2.160108	0.538472	2.694802	5.393381
11	53	2.160108	0.431905	1.637387	4.229399
11	54	2.160108	0.473138	2.046525	4.679771
11	55	2.160108	0.481749	2.131970	4.773827
11	56	2.160108	0.472123	2.036458	4.668689
11	57	2.160108	0.481749	2.131970	4.773827
11	58	2.160108	0.505087	2.734282	5.399477
11	59	2.160108	0.580470	3.111526	5.852103
11	60	2.160108	0.461617	1.932211	4.553936
11	61	2.160108	0.552574	2.887696	5.600378
11	62	2.160108	0.507568	2.388158	5.055834
11	63	2.160108	0.595288	3.364483	6.119879
11	64	2.160108	0.414024	2.254420	4.828552
11	65	2.160108	0.563880	2.946909	5.670897
11	66	2.160108	0.640583	3.707999	6.508690
11	67	2.160108	0.540487	2.714794	5.415389
11	68	2.160108	0.527095	2.581918	5.269121
11	69	2.160108	0.580470	3.111526	5.852103
11	70	2.160108	0.613672	3.440978	6.214758
11	71	2.160108	0.493757	2.251120	4.904986
11	72	2.160108	0.580470	3.111526	5.852103
11	73	2.160108	0.472439	2.039587	4.672134
11	74	2.160108	0.595288	3.364483	6.119879
11	75	2.160108	0.507568	2.388158	5.055834
11	76	2.160108	0.552017	2.829199	5.541323
11	77	2.160108	0.449834	1.815291	4.425233
11	78	2.160108	0.425944	1.578242	4.164293
11	79	2.160108	0.525265	2.563751	5.249124
11	80	2.160108	0.581281	3.119573	5.860961
11	81	2.160108	0.621807	3.521697	6.303612
11	82	2.160108	0.566801	2.975893	5.702802
11	83	2.160108	0.431905	1.637387	4.229399
11	84	2.160108	0.581281	3.119573	5.860961
11	85	2.160108	0.563880	2.946909	5.670897
11	86	2.160108	0.495906	2.272437	4.928451
11	87	2.160108	0.579509	3.101995	5.841612
11	88	2.160108	0.483668	2.151005	4.794781
11	89	2.160108	0.517804	2.489723	5.167635
11	90	2.160108	0.552017	2.829199	5.541323
11	91	2.160108	0.472123	2.036458	4.668689
11	92	2.160108	0.578474	3.091725	5.830307
11	93	2.160108	0.495250	2.265934	4.921292
11	94	2.160108	0.522416	2.535485	5.218009
11	95	2.160108	0.528290	2.593767	5.282165
11	96	2.160108	0.592147	3.227391	5.979645
11	97	2.160108	0.477269	2.087511	4.724887
11	98	2.160108	0.580470	3.111526	5.852103
11	99	2.160108	0.540681	2.716719	5.417508
12	0	2.090594	0.520128	2.512780	5.123501
12	1	2.090594	0.476202	2.076932	4.643728
12	2	2.090594	0.570226	3.009885	5.670705
12	3	2.090594	0.518127	2.492927	5.101647
12	4	2.090594	0.489817	2.212018	4.792429
12	5	2.090594	0.625627	3.559602	6.275823
12	6	2.090594	0.476202	2.076932	4.643728
12	7	2.090594	0.557533	2.883935	5.532062
12	8	2.090594	0.527746	2.853188	5.471528
12	9	2.090594	0.549333	2.802573	5.442500
12	10	2.090594	0.589958	3.205668	5.886220
12	11	2.090594	0.560716	2.915521	5.566831
12	12	2.090594	0.564177	3.002824	5.657595
12	13	2.090594	0.560716	2.915521	5.566831
12	14	2.090594	0.548002	2.789363	5.427958
12	15	2.090594	0.602150	3.326650	6.019394
12	16	2.090594	0.549333	2.802573	5.442500
12	17	2.090594	0.518744	2.499054	5.108393
12	18	2.090594	0.532527	2.635810	5.258931
12	19	2.090594	0.533153	2.642024	5.265771
12	20	2.090594	0.491480	2.228523	4.810597
12	21	2.090594	0.592533	3.337148	6.020275
12	22	2.090594	0.624631	3.549716	6.264941
12	23	2.090594	0.517553	2.487232	5.095378
12	24	2.090594	0.517917	2.490848	5.099360
12	25	2.090594	0.566808	2.975962	5.633364
12	26	2.090594	0.518127	2.492927	5.101647
12	27	2.090594	0.608208	3.386758	6.085560
12	28	2.090594	0.512583	2.437919	5.041096
12	29	2.090594	0.546428	2.773745	5.410767
12	30	2.090594	0.589958	3.205668	5.886220
12	31	2.090594	0.592574	3.231629	5.914797
12	32	2.090594	0.504538	2.358096	4.953229
12	33	2.090594	0.573946	3.046795	5.711335
12	34	2.090594	0.548002	2.789363	5.427958
12	35	2.090594	0.524361	2.554787	5.169742
12	36	2.090594	0.492779	2.241409	4.824782
12	37	2.090594	0.592574	3.231629	5.914797
12	38	2.090594	0.537955	2.689671	5.318219
12	39	2.090594	0.548591	2.795203	5.434388
12	40	2.090594	0.574831	3.055572	5.720996
12	41	2.090594	0.519207	2.503645	5.113446
12	42	2.090594	0.519207	2.503645	5.113446
12	43	2.090594	0.589958	3.205668	5.886220
12	44	2.090594	0.590853	3.320476	6.001923
12	45	2.090594	0.517553	2.487232	5.095378
12	46	2.090594	0.602976	3.334846	6.028417
12	47	2.090594	0.489817	2.212018	4.792429
12	48	2.090594	0.445171	1.769026	4.304791
12	49	2.090594	0.589958	3.205668	5.886220
12	50	2.090594	0.419383	1.513146	4.023123
12	51	2.090594	0.537955	2.689671	5.318219
12	52	2.090594	0.540098	2.710937	5.341629
12	53	2.090594	0.491480	2.228523	4.810597
12	54	2.090594	0.516509	2.476871	5.083973
12	55	2.090594	0.506337	2.375942	4.972873
12	56	2.090594	0.537955	2.689671	5.318219
12	57	2.090594	0.537955	2.689671	5.318219
12	58	2.090594	0.546428	2.773745	5.410767
12	59	2.090594	0.573946	3.046795	5.711335
12	60	2.090594	0.454421	2.549335	5.094350
12	61	2.090594	0.596236	3.320929	6.007759
12	62	2.090594	0.528447	2.595326	5.214366
12	63	2.090594	0.608208	3.386758	6.085560
12	64	2.090594	0.492889	2.242509	4.825993
12	65	2.090594	0.596236	3.320929	6.007759
12	66	2.090594	0.516509	2.476871	5.083973
12	67	2.090594	0.517251	2.484241	5.092087
12	68	2.090594	0.532527	2.635810	5.258931
12	69	2.090594	0.528447	2.595326	5.214366
12	70	2.090594	0.592574	3.231629	5.914797
12	71	2.090594	0.548591	2.795203	5.434388
12	72	2.090594	0.546428	2.773745	5.410767
12	73	2.090594	0.557533	2.883935	5.532062
12	74	2.090594	0.520128	2.512780	5.123501
12	75	2.090594	0.566808	2.975962	5.633364
12	76	2.090594	0.642691	3.728912	6.462197
12	77	2.090594	0.570226	3.009885	5.670705
12	78	2.090594	0.589958	3.205668	5.886220
12	79	2.090594	0.491480	2.228523	4.810597
12	80	2.090594	0.612336	3.533642	6.236571
12	81	2.090594	0.571052	3.018080	5.679727
12	82	2.090594	0.473174	2.470591	5.034359
12	83	2.090594	0.504538	2.358096	4.953229
12	84	2.090594	0.642691	3.728912	6.462197
12	85	2.090594	0.570226	3.009885	5.670705
12	86	2.090594	0.501307	2.326032	4.917933
12	87	2.090594	0.538691	2.696975	5.326260
12	88	2.090594	0.590853	3.320476	6.001923
12	89	2.090594	0.622636	3.529915	6.243145
12	90	2.090594	0.492889	2.242509	4.825993
12	91	2.090594	0.419383	1.513146	4.023123
12	92	2.090594	0.491480	2.228523	4.810597
12	93	2.090594	0.517251	2.484241	5.092087
12	94	2.090594	0.524361	2.554787	5.169742
12	95	2.090594	0.476202	2.076932	4.643728
12	96	2.090594	0.459628	1.912477	4.462700
12	97	2.090594	0.518744	2.499054	5.108393
12	98	2.090594	0.602150	3.326650	6.019394
12	99	2.090594	0.549333	2.802573	5.442500
13	0	2.270230	0.460596	1.922074	4.652899
13	1	2.270230	0.460596	1.922074	4.652899
13	2	2.270230	0.494879	2.262254	5.027363
13	3	2.270230	0.466580	1.981451	4.718261
13	4	2.270230	0.553590	2.844809	5.668629
13	5	2.270230	0.557835	2.886929	5.714994
13	6	2.270230	0.571677	3.024281	5.866188
13	7	2.270230	0.582236	3.129055	5.981521
13	8	2.270230	0.512901	2.441072	5.224202
13	9	2.270230	0.422797	1.547022	4.240049
13	10	2.270230	0.568557	3.099251	5.938038
13	11	2.270230	0.596709	3.431551	6.298489
13	12	2.270230	0.528179	2.592665	5.391074
13	13	2.270230	0.536372	2.673967	5.480569
13	14	2.270230	0.450865	1.825520	4.546615
13	15	2.270230	0.582236	3.129055	5.981521
13	16	2.270230	0.494804	2.261502	5.026535
13	17	2.270230	0.503745	2.350222	5.124197
13	18	2.270230	0.467481	1.990393	4.728104
13	19	2.270230	0.615438	3.458493	6.344160
13	20	2.270230	0.580724	3.114051	5.965005
13	21	2.270230	0.569444	3.002118	5.841791
13	22	2.270230	0.585071	3.316074	6.171375
13	23	2.270230	0.470372	2.019082	4.759684
13	24	2.270230	0.515836	2.470200	5.256266
13	25	2.270230	0.525936	2.570411	5.366577
13	26	2.270230	0.585071	3.316074	6.171375
13	27	2.270230	0.494879	2.262254	5.027363
13	28	2.270230	0.470372	2.019082	4.759684
13	29	2.270230	0.523088	2.542153	5.335471
13	30	2.270230	0.443785	1.755271	4.469286
13	31	2.270230	0.553590	2.844809	5.668629
13	32	2.270230	0.542820	2.896835	5.709884
13	33	2.270230	0.523088	2.542153	5.335471
13	34	2.270230	0.547704	2.786402	5.604335
13	35	2.270230	0.519690	2.508439	5.298359
13	36	2.270230	0.443260	1.750064	4.463554
13	37	2.270230	0.512901	2.441072	5.224202
13	38	2.270230	0.442850	1.745992	4.459071
13	39	2.270230	0.496866	2.281965	5.049060
13	40	2.270230	0.586896	3.175290	6.032416
13	41	2.270230	0.553553	2.844441	5.668224
13	42	2.270230	0.520529	2.516764	5.307523
13	43	2.270230	0.590903	3.215048	6.076180
13	44	2.270230	0.537042	2.680612	5.487883
13	45	2.270230	0.473948	2.054562	4.798740
13	46	2.270230	0.533280	2.643283	5.446792
13	47	2.270230	0.551823	2.827275	5.649328
13	48	2.270230	0.559655	2.904990	5.734874
13	49	2.270230	0.537042	2.680612	5.487883
13	50	2.270230	0.504814	2.784545	5.559589
13	51	2.270230	0.525936	2.570411	5.366577
13	52	2.270230	0.596709	3.431551	6.298489
13	53	2.270230	0.466580	1.981451	4.718261
13	54	2.270230	0.406982	1.390092	4.067304
13	55	2.270230	0.547704	2.786402	5.604335
13	56	2.270230	0.606963	3.427365	6.304557
13	57	2.270230	0.496816	2.281467	5.048513
13	58	2.270230	0.587598	3.182253	6.040081
13	59	2.270230	0.587255	3.178847	6.036331
13	60	2.270230	0.470372	2.019082	4.759684
13	61	2.270230	0.547231	2.993568	5.811029
13	62	2.270230	0.568080	2.988585	5.826894
13	63	2.270230	0.473948	2.054562	4.798740
13	64	2.270230	0.559655	2.904990	5.734874
13	65	2.270230	0.619633	3.500119	6.389981
13	66	2.270230	0.496816	2.281467	5.048513
13	67	2.270230	0.497562	2.288869	5.056660
13	68	2.270230	0.473321	2.048345	4.791896
13	69	2.270230	0.520529	2.516764	5.307523
13	70	2.270230	0.536372	2.673967	5.480569
13	71	2.270230	0.489086	2.204768	4.964084
13	72	2.270230	0.606491	3.369718	6.246438
13	73	2.270230	0.585485	3.161288	6.017003
13	74	2.270230	0.473321	2.048345	4.791896
13	75	2.270230	0.427355	1.592247	4.289832
13	76	2.270230	0.520235	2.513847	5.304311
13	77	2.270230	0.525936	2.570411	5.366577
13	78	2.270230	0.512901	2.441072	5.224202
13	79	2.270230	0.559655	2.904990	5.734874
13	80	2.270230	0.582236	3.129055	5.981521
13	81	2.270230	0.536372	2.673967	5.480569
13	82	2.270230	0.494221	2.255722	5.020173
13	83	2.270230	0.557768	2.886264	5.714261
13	84	2.270230	0.431333	1.631714	4.333276
13	85	2.270230	0.494940	2.262852	5.028021
13	86	2.270230	0.551823	2.827275	5.649328
13	87	2.270230	0.521798	2.529357	5.321385
13	88	2.270230	0.582236	3.129055	5.981521
13	89	2.270230	0.529578	2.606553	5.406361
13	90	2.270230	0.467481	1.990393	4.728104
13	91	2.270230	0.519690	2.508439	5.298359
13	92	2.270230	0.494804	2.261502	5.026535
13	93	2.270230	0.553590	2.844809	5.668629
13	94	2.270230	0.494221	2.255722	5.020173
13	95	2.270230	0.534781	2.658181	5.463192
13	96	2.270230	0.502253	2.335421	5.107904
13	97	2.270230	0.521798	2.529357	5.321385
13	98	2.270230	0.496816	2.281467	5.048513
13	99	2.270230	0.450865	1.825520	4.546615
14	0	2.152444	0.411886	1.438753	4.003083
14	1	2.152444	0.565981	2.967762	5.686187
14	2	2.152444	0.559985	2.908269	5.620698
14	3	2.152444	0.503365	2.346455	5.002263
14	4	2.152444	0.465214	1.967897	4.585555
14	5	2.152444	0.507525	2.387733	5.047702
14	6	2.152444	0.491117	2.224927	4.868488
14	7	2.152444	0.512470	2.436795	5.101708
14	8	2.152444	0.559405	2.902513	5.614362
14	9	2.152444	0.514933	2.831987	5.499364
14	10	2.152444	0.563311	2.941268	5.657022
14	11	2.152444	0.533287	2.643356	5.329087
14	12	2.152444	0.505877	2.371382	5.029703
14	13	2.152444	0.577871	3.085741	5.816056
14	14	2.152444	0.594947	3.255172	6.002562
14	15	2.152444	0.495425	2.267664	4.915532
14	16	2.152444	0.501615	2.805757	5.459815
14	17	2.152444	0.491117	2.224927	4.868488
14	18	2.152444	0.497363	2.286902	4.936709
14	19	2.152444	0.465214	1.967897	4.585555
14	20	2.152444	0.411886	1.438753	4.003083
14	21	2.152444	0.591983	3.225765	5.970192
14	22	2.152444	0.493205	2.457495	5.103144
14	23	2.152444	0.526995	2.580926	5.260365
14	24	2.152444	0.448594	1.802987	4.404025
14	25	2.152444	0.558091	2.942440	5.652975
14	26	2.152444	0.503103	2.343854	4.999401
14	27	2.152444	0.572354	3.031001	5.755799
14	28	2.152444	0.448594	1.802987	4.404025
14	29	2.152444	0.601332	3.318534	6.072310
14	30	2.152444	0.448594	1.802987	4.404025
14	31	2.152444	0.465214	1.967897	4.585555
14	32	2.152444	0.476663	2.081507	4.710614
14	33	2.152444	0.612573	3.430069	6.195085
14	34	2.152444	0.572354	3.031001	5.755799
14	35	2.152444	0.572354	3.031001	5.755799
14	36	2.152444	0.506062	2.373211	5.031716
14	37	2.152444	0.511506	2.745015	5.408965
14	38	2.152444	0.495992	2.273295	4.921730
14	39	2.152444	0.481606	2.130549	4.764598
14	40	2.152444	0.554456	2.853401	5.560301
14	41	2.152444	0.465214	1.967897	4.585555
14	42	2.152444	0.577870	3.085729	5.816043
14	43	2.152444	0.601410	3.319303	6.073156
14	44	2.152444	0.523952	2.550728	5.227124
14	45	2.152444	0.601332	3.318534	6.072310
14	46	2.152444	0.583927	3.145833	5.882205
14	47	2.152444	0.529718	2.607942	5.290104
14	48	2.152444	0.506043	2.373022	5.031508
14	49	2.152444	0.529718	2.607942	5.290104
14	50	2.152444	0.503103	2.343854	4.999401
14	51	2.152444	0.476663	2.081507	4.710614
14	52	2.152444	0.617218	3.476162	6.245824
14	53	2.152444	0.559405	2.902513	5.614362
14	54	2.152444	0.533287	2.643356	5.329087
14	55	2.152444	0.514933	2.831987	5.499364
14	56	2.152444	0.502186	2.334750	4.989379
14	57	2.152444	0.469573	2.011156	4.633173
14	58	2.152444	0.553510	2.844016	5.549969
14	59	2.152444	0.503365	2.346455	5.002263
14	60	2.152444	0.430552	1.623965	4.206960
14	61	2.152444	0.534555	2.655931	5.342930
14	62	2.152444	0.534555	2.655931	5.342930
14	63	2.152444	0.518263	2.494282	5.164989
14	64	2.152444	0.554601	2.854847	5.561892
14	65	2.152444	0.493097	2.244568	4.890108
14	66	2.152444	0.496211	2.593254	5.241909
14	67	2.152444	0.506043	2.373022	5.031508
14	68	2.152444	0.451083	2.251392	4.854918
14	69	2.152444	0.441864	1.736208	4.330516
14	70	2.152444	0.612573	3.430069	6.195085
14	71	2.152444	0.534692	2.657296	5.344432
14	72	2.152444	0.601410	3.319303	6.073156
14	73	2.152444	0.529718	2.607942	5.290104
14	74	2.152444	0.437340	1.691317	4.281101
14	75	2.152444	0.559405	2.902513	5.614362
14	76	2.152444	0.430552	1.623965	4.206960
14	77	2.152444	0.527965	2.590546	5.270955
14	78	2.152444	0.564410	2.952175	5.669029
14	79	2.152444	0.565981	2.967762	5.686187
14	80	2.152444	0.554601	2.854847	5.561892
14	81	2.152444	0.523403	2.545277	5.221123
14	82	2.152444	0.481606	2.130549	4.764598
14	83	2.152444	0.601410	3.319303	6.073156
14	84	2.152444	0.500288	2.315922	4.968654
14	85	2.152444	0.581567	3.122416	5.856427
14	86	2.152444	0.507525	2.387733	5.047702
14	87	2.152444	0.500288	2.315922	4.968654
14	88	2.152444	0.565981	2.967762	5.686187
14	89	2.152444	0.496709	2.280405	4.929557
14	90	2.152444	0.613629	3.440549	6.206622
14	91	2.152444	0.565981	2.967762	5.686187
14	92	2.152444	0.496709	2.280405	4.929557
14	93	2.152444	0.465830	2.503649	5.121923
14	94	2.152444	0.601410	3.319303	6.073156
14	95	2.152444	0.533287	2.643356	5.329087
14	96	2.152444	0.428699	1.605583	4.186726
14	97	2.152444	0.534692	2.657296	5.344432
14	98	2.152444	0.554879	3.069460	5.776783
14	99	2.152444	0.505877	2.371382	5.029703
15	0	2.254789	0.524731	2.558461	5.337981
15	1	2.254789	0.508244	2.394866	5.157898
15	2	2.254789	0.539210	2.702124	5.496123
15	3	2.254789	0.468553	2.001029	4.724370
15	4	2.254789	0.624451	3.600895	6.480135
15	5	2.254789	0.533578	2.646239	5.434605
15	6	2.254789	0.552460	2.833596	5.640845
15	7	2.254789	0.548791	2.797194	5.600774
15	8	2.254789	0.458522	1.901498	4.614808
15	9	2.254789	0.512526	2.437348	5.204663
15	10	2.254789	0.515740	2.469240	5.239769
15	11	2.254789	0.613049	3.434796	6.302634
15	12	2.254789	0.561012	2.918451	5.734251
15	13	2.254789	0.500667	2.319684	5.075140
15	14	2.254789	0.596075	3.266368	6.117232
15	15	2.254789	0.405134	1.371757	4.031680
15	16	2.254789	0.416119	1.480758	4.151666
15	17	2.254789	0.574682	3.054097	5.883568
15	18	2.254789	0.624451	3.600895	6.480135
15	19	2.254789	0.524731	2.558461	5.337981
15	20	2.254789	0.560481	2.913189	5.728459
15	21	2.254789	0.486755	2.181640	4.923184
15	22	2.254789	0.533872	2.649158	5.437819
15	23	2.254789	0.595519	3.260846	6.111153
15	24	2.254789	0.560633	2.914697	5.730119
15	25	2.254789	0.458522	1.901498	4.614808
15	26	2.254789	0.564827	3.221131	6.040747
15	27	2.254789	0.560481	2.913189	5.728459
15	28	2.254789	0.485199	2.166205	4.906193
15	29	2.254789	0.472814	2.043311	4.770914
15	30	2.254789	0.624620	3.549605	6.429013
15	31	2.254789	0.466526	1.980915	4.702229
15	32	2.254789	0.531083	2.621489	5.407361
15	33	2.254789	0.446750	1.784693	4.486232
15	34	2.254789	0.516246	2.474269	5.245304
15	35	2.254789	0.564847	2.956511	5.776147
15	36	2.254789	0.457738	1.893721	4.606248
15	37	2.254789	0.466526	1.980915	4.702229
15	38	2.254789	0.479375	2.108413	4.842577
15	39	2.254789	0.477418	2.088997	4.821205
15	40	2.254789	0.463596	1.951845	4.670229
15	41	2.254789	0.540500	2.714925	5.510214
15	42	2.254789	0.447071	1.787879	4.489739
15	43	2.254789	0.515740	2.469240	5.239769
15	44	2.254789	0.458981	1.906056	4.619826
15	45	2.254789	0.587447	3.339651	6.181887
15	46	2.254789	0.586401	3.170379	6.011569
15	47	2.254789	0.416119	1.480758	4.151666
15	48	2.254789	0.479375	2.108413	4.842577
15	49	2.254789	0.486755	2.181640	4.923184
15	50	2.254789	0.416119	1.480758	4.151666
15	51	2.254789	0.548877	2.956941	5.760607
15	52	2.254789	0.561012	2.918451	5.734251
15	53	2.254789	0.514843	2.460345	5.229977
15	54	2.254789	0.558577	2.894298	5.707664
15	55	2.254789	0.556908	2.877734	5.689431
15	56	2.254789	0.571474	3.022260	5.848522
15	57	2.254789	0.554816	3.015866	5.825471
15	58	2.254789	0.585528	3.161716	6.002032
15	59	2.254789	0.485199	2.166205	4.906193
15	60	2.254789	0.545816	2.767677	5.568282
15	61	2.254789	0.447071	1.787879	4.489739
15	62	2.254789	0.572045	3.027931	5.854765
15	63	2.254789	0.569483	3.002506	5.826778
15	64	2.254789	0.508244	2.394866	5.157898
15	65	2.254789	0.561012	2.918451	5.734251
15	66	2.254789	0.501133	2.695054	5.450976
15	67	2.254789	0.503177	2.344588	5.102553
15	68	2.254789	0.582914	3.135779	5.973481
15	69	2.254789	0.542925	2.738986	5.536700
15	70	2.254789	0.484620	2.160451	4.899859
15	71	2.254789	0.458981	1.906056	4.619826
15	72	2.254789	0.484620	2.160451	4.899859
15	73	2.254789	0.484248	2.156769	4.895806
15	74	2.254789	0.511324	2.425429	5.191542
15	75	2.254789	0.540500	2.714925	5.510214
15	76	2.254789	0.405134	1.371757	4.031680
15	77	2.254789	0.501133	2.695054	5.450976
15	78	2.254789	0.543894	3.013419	5.812102
15	79	2.254789	0.468730	2.002788	4.726307
15	80	2.254789	0.585528	3.161716	6.002032
15	81	2.254789	0.466526	1.980915	4.702229
15	82	2.254789	0.572975	3.037161	5.864925
15	83	2.254789	0.457738	1.893721	4.606248
15	84	2.254789	0.472814	2.043311	4.770914
15	85	2.254789	0.484620	2.160451	4.899859
15	86	2.254789	0.463596	1.951845	4.670229
15	87	2.254789	0.512526	2.437348	5.204663
15	88	2.254789	0.468730	2.002788	4.726307
15	89	2.254789	0.536572	2.675949	5.467310
15	90	2.254789	0.506340	2.375974	5.137103
15	91	2.254789	0.533578	2.646239	5.434605
15	92	2.254789	0.529932	2.610063	5.394784
15	93	2.254789	0.558577	2.894298	5.707664
15	94	2.254789	0.569483	3.002506	5.826778
15	95	2.254789	0.539210	2.702124	5.496123
15	96	2.254789	0.529932	2.610063	5.394784
15	97	2.254789	0.508244	2.394866	5.157898
15	98	2.254789	0.468553	2.001029	4.724370
15	99	2.254789	0.624451	3.600895	6.480135
16	0	2.116342	0.552647	2.835450	5.504440
16	1	2.116342	0.540396	2.713891	5.370629
16	2	2.116342	0.568429	2.992046	5.676817
16	3	2.116342	0.468686	2.002356	4.587384
16	4	2.116342	0.542338	2.733163	5.391843
16	5	2.116342	0.540396	2.713891	5.370629
16	6	2.116342	0.489673	2.210595	4.816611
16	7	2.116342	0.516691	2.478678	5.111711
16	8	2.116342	0.597368	3.279200	5.992910
16	9	2.116342	0.615019	3.454339	6.185701
16	10	2.116342	0.461290	1.928963	4.506596
16	11	2.116342	0.482779	2.142190	4.741312
16	12	2.116342	0.549943	2.861588	5.527874
16	13	2.116342	0.601211	3.317334	6.034887
16	14	2.116342	0.576119	3.121318	5.813779
16	15	2.116342	0.602646	3.331564	6.050552
16	16	2.116342	0.522842	2.539716	5.178901
16	17	2.116342	0.496507	2.278407	4.891256
16	18	2.116342	0.601211	3.317334	6.034887
16	19	2.116342	0.558335	2.891894	5.566572
16	20	2.116342	0.479288	2.107550	4.703180
16	21	2.116342	0.542338	2.733163	5.391843
16	22	2.116342	0.542338	2.733163	5.391843
16	23	2.116342	0.505431	2.366956	4.988730
16	24	2.116342	0.482779	2.142190	4.741312
16	25	2.116342	0.472917	2.044337	4.633597
16	26	2.116342	0.499146	2.304585	4.920073
16	27	2.116342	0.539907	2.709042	5.365292
16	28	2.116342	0.603697	3.341996	6.062035
16	29	2.116342	0.602742	3.438447	6.157531
16	30	2.116342	0.557343	2.882050	5.555735
16	31	2.116342	0.576119	3.121318	5.813779
16	32	2.116342	0.566894	3.135709	5.818945
16	33	2.116342	0.479288	2.107550	4.703180
16	34	2.116342	0.516691	2.478678	5.111711
16	35	2.116342	0.482779	2.142190	4.741312
16	36	2.116342	0.493265	2.616985	5.226593
16	37	2.116342	0.468686	2.002356	4.587384
16	38	2.116342	0.479288	2.107550	4.703180
16	39	2.116342	0.503710	2.349881	4.969934
16	40	2.116342	0.412136	1.441236	3.969714
16	41	2.116342	0.489673	2.210595	4.816611
16	42	2.116342	0.477139	2.086223	4.679705
16	43	2.116342	0.581134	3.329966	6.027442
16	44	2.116342	0.601211	3.317334	6.034887
16	45	2.116342	0.615517	3.459283	6.191142
16	46	2.116342	0.559485	2.903306	5.579134
16	47	2.116342	0.458650	1.902772	4.477764
16	48	2.116342	0.546928	2.778705	5.441975
16	49	2.116342	0.505678	2.369404	4.991425
16	50	2.116342	0.482779	2.142190	4.741312
16	51	2.116342	0.412136	1.441236	3.969714
16	52	2.116342	0.579306	3.099980	5.795629
16	53	2.116342	0.503710	2.349881	4.969934
16	54	2.116342	0.548721	2.796500	5.461563
16	55	2.116342	0.466706	1.982705	4.565754
16	56	2.116342	0.579306	3.099980	5.795629
16	57	2.116342	0.489673	2.210595	4.816611
16	58	2.116342	0.492222	2.235887	4.844452
16	59	2.116342	0.461052	2.615130	5.192524
16	60	2.116342	0.496507	2.278407	4.891256
16	61	2.116342	0.603697	3.341996	6.062035
16	62	2.116342	0.527766	2.588571	5.232679
16	63	2.116342	0.505678	2.369404	4.991425
16	64	2.116342	0.518869	2.500294	5.135506
16	65	2.116342	0.477139	2.086223	4.679705
16	66	2.116342	0.589985	3.205942	5.912270
16	67	2.116342	0.519173	2.503304	5.138819
16	68	2.116342	0.496507	2.278407	4.891256
16	69	2.116342	0.596652	3.272095	5.985089
16	70	2.116342	0.503710	2.349881	4.969934
16	71	2.116342	0.530539	2.880910	5.527792
16	72	2.116342	0.607959	3.384287	6.108589
16	73	2.116342	0.492222	2.235887	4.844452
16	74	2.116342	0.466706	1.982705	4.565754
16	75	2.116342	0.437766	1.695542	4.249650
16	76	2.116342	0.518869	2.500294	5.135506
16	77	2.116342	0.432675	1.645035	4.194053
16	78	2.116342	0.539907	2.709042	5.365292
16	79	2.116342	0.596652	3.272095	5.985089
16	80	2.116342	0.521476	2.526161	5.163979
16	81	2.116342	0.505431	2.366956	4.988730
16	82	2.116342	0.493015	2.243750	4.853107
16	83	2.116342	0.559485	2.903306	5.579134
16	84	2.116342	0.504939	2.362066	4.983347
16	85	2.116342	0.533529	3.069467	5.719338
16	86	2.116342	0.412136	1.441236	3.969714
16	87	2.116342	0.489673	2.210595	4.816611
16	88	2.116342	0.629550	3.598527	6.344419
16	89	2.116342	0.437766	1.695542	4.249650
16	90	2.116342	0.564867	2.956708	5.637917
16	91	2.116342	0.496111	2.274479	4.886933
16	92	2.116342	0.552647	2.835450	5.504440
16	93	2.116342	0.595824	3.263879	5.976046
16	94	2.116342	0.607959	3.384287	6.108589
16	95	2.116342	0.530569	2.616388	5.263299
16	96	2.116342	0.472917	2.044337	4.633597
16	97	2.116342	0.548663	2.795920	5.460925
16	98	2.116342	0.534096	2.651385	5.301824
16	99	2.116342	0.555959	2.868317	5.540618
17	0	2.235969	0.486757	2.181658	4.904384
17	1	2.235969	0.510589	2.418132	5.164690
17	2	2.235969	0.470649	2.021832	4.728451
17	3	2.235969	0.587809	3.184345	6.008122
17	4	2.235969	0.503017	2.342995	5.081981
17	5	2.235969	0.556955	2.878197	5.671121
17	6	2.235969	0.565661	2.964588	5.766218
17	7	2.235969	0.489390	2.207790	4.933149
17	8	2.235969	0.444653	1.763884	4.444506
17	9	2.235969	0.440350	1.721185	4.397504
17	10	2.235969	0.493744	2.250990	4.980703
17	11	2.235969	0.574034	3.047669	5.857673
17	12	2.235969	0.474821	2.063227	4.774017
17	13	2.235969	0.566148	3.075340	5.877457
17	14	2.235969	0.444653	1.763884	4.444506
17	15	2.235969	0.547467	2.784056	5.567492
17	16	2.235969	0.603064	3.335716	6.174749
17	17	2.235969	0.608327	3.387941	6.232237
17	18	2.235969	0.551775	2.826797	5.614541
17	19	2.235969	0.445466	2.301585	4.983020
17	20	2.235969	0.490398	2.217788	4.944155
17	21	2.235969	0.558088	2.889439	5.683496
17	22	2.235969	0.481791	2.132386	4.850146
17	23	2.235969	0.533820	2.701609	5.471399
17	24	2.235969	0.481791	2.132386	4.850146
17	25	2.235969	0.498324	2.561253	5.295546
17	26	2.235969	0.547467	2.784056	5.567492
17	27	2.235969	0.529675	2.607510	5.373153
17	28	2.235969	0.593985	3.245627	6.075580
17	29	2.235969	0.570202	3.009644	5.815815
17	30	2.235969	0.480226	2.116857	4.833052
17	31	2.235969	0.558568	3.053100	5.847638
17	32	2.235969	0.549783	2.807035	5.592787
17	33	2.235969	0.480050	2.115109	4.831127
17	34	2.235969	0.497620	2.289448	5.023037
17	35	2.235969	0.556955	2.878197	5.671121
17	36	2.235969	0.410519	1.425193	4.071681
17	37	2.235969	0.529675	2.607510	5.373153
17	38	2.235969	0.486757	2.181658	4.904384
17	39	2.235969	0.538907	2.699122	5.473998
17	40	2.235969	0.509261	2.404954	5.150183
17	41	2.235969	0.486757	2.181658	4.904384
17	42	2.235969	0.470649	2.021832	4.728451
17	43	2.235969	0.564866	2.956697	5.757532
17	44	2.235969	0.476368	2.078577	4.790914
17	45	2.235969	0.490398	2.217788	4.944155
17	46	2.235969	0.493812	2.251663	4.981444
17	47	2.235969	0.554215	2.851016	5.641200
17	48	2.235969	0.544552	2.914022	5.694542
17	49	2.235969	0.497620	2.289448	5.023037
17	50	2.235969	0.547467	2.784056	5.567492
17	51	2.235969	0.531831	2.628906	5.396705
17	52	2.235969	0.491981	2.233499	4.961449
17	53	2.235969	0.493744	2.250990	4.980703
17	54	2.235969	0.564440	2.952470	5.752879
17	55	2.235969	0.585739	3.216769	6.038477
17	56	2.235969	0.534716	2.657530	5.428214
17	57	2.235969	0.532223	2.632797	5.400989
17	58	2.235969	0.531831	2.628906	5.396705
17	59	2.235969	0.547467	2.784056	5.567492
17	60	2.235969	0.481939	2.451638	5.169546
17	61	2.235969	0.559960	2.908016	5.703945
17	62	2.235969	0.505414	2.366784	5.108166
17	63	2.235969	0.503017	2.342995	5.081981
17	64	2.235969	0.506930	2.381824	5.124723
17	65	2.235969	0.400343	2.118673	4.754984
17	66	2.235969	0.587218	3.178488	6.001675
17	67	2.235969	0.529675	2.607510	5.373153
17	68	2.235969	0.508972	2.402087	5.147027
17	69	2.235969	0.556129	2.870001	5.662099
17	70	2.235969	0.525479	2.565879	5.327326
17	71	2.235969	0.445466	2.301585	4.983020
17	72	2.235969	0.549783	2.807035	5.592787
17	73	2.235969	0.593985	3.245627	6.075580
17	74	2.235969	0.508972	2.402087	5.147027
17	75	2.235969	0.410519	1.425193	4.071681
17	76	2.235969	0.475148	2.066470	4.777587
17	77	2.235969	0.532223	2.632797	5.400989
17	78	2.235969	0.470649	2.021832	4.728451
17	79	2.235969	0.490398	2.217788	4.944155
17	80	2.235969	0.427342	1.592113	4.255424
17	81	2.235969	0.570202	3.009644	5.815815
17	82	2.235969	0.493744	2.250990	4.980703
17	83	2.235969	0.603217	3.337238	6.176424
17	84	2.235969	0.549783	2.807035	5.592787
17	85	2.235969	0.591890	3.224838	6.052696
17	86	2.235969	0.480050	2.115109	4.831127
17	87	2.235969	0.493812	2.251663	4.981444
17	88	2.235969	0.487148	2.185543	4.908660
17	89	2.235969	0.549892	2.808118	5.593979
17	90	2.235969	0.493812	2.251663	4.981444
17	91	2.235969	0.474821	2.063227	4.774017
17	92	2.235969	0.538907	2.699122	5.473998
17	93	2.235969	0.480226	2.116857	4.833052
17	94	2.235969	0.475332	2.068298	4.779599
17	95	2.235969	0.603217	3.337238	6.176424
17	96	2.235969	0.527544	2.586366	5.349879
17	97	2.235969	0.593985	3.245627	6.075580
17	98	2.235969	0.603217	3.337238	6.176424
17	99	2.235969	0.551775	2.826797	5.614541
18	0	2.199535	0.561922	2.927483	5.688941
18	1	2.199535	0.480148	2.539791	5.219475
18	2	2.199535	0.589605	3.202172	5.991312
18	3	2.199535	0.494901	2.262466	4.956903
18	4	2.199535	0.474536	2.060394	4.734465
18	5	2.199535	0.513216	2.444201	5.156952
18	6	2.199535	0.498279	2.295984	4.993798
18	7	2.199535	0.551298	2.822067	5.572901
18	8	2.199535	0.513584	2.447847	5.160966
18	9	2.199535	0.581354	3.120296	5.901186
18	10	2.199535	0.526136	2.572401	5.298072
18	11	2.199535	0.474536	2.060394	4.734465
18	12	2.199535	0.452558	1.842317	4.494410
18	13	2.199535	0.584454	3.151061	5.935050
18	14	2.199535	0.589605	3.202172	5.991312
18	15	2.199535	0.574233	3.049644	5.823413
18	16	2.199535	0.565558	2.963568	5.728662
18	17	2.199535	0.575203	3.059261	5.833999
18	18	2.199535	0.535489	2.665208	5.400233
18	19	2.199535	0.523955	2.550759	5.274249
18	20	2.199535	0.538860	2.698655	5.437051
18	21	2.199535	0.523955	2.550759	5.274249
18	22	2.199535	0.567050	2.978364	5.744949
18	23	2.199535	0.550119	2.810365	5.560019
18	24	2.199535	0.502331	2.336195	5.038061
18	25	2.199535	0.508869	2.401063	5.109467
18	26	2.199535	0.514548	2.457413	5.171496
18	27	2.199535	0.593901	3.244800	6.038237
18	28	2.199535	0.579818	3.105062	5.884416
18	29	2.199535	0.523955	2.550759	5.274249
18	30	2.199535	0.584454	3.151061	5.935050
18	31	2.199535	0.411305	1.432986	4.043826
18	32	2.199535	0.469473	2.592765	5.261774
18	33	2.199535	0.562254	2.930783	5.692573
18	34	2.199535	0.567736	2.985176	5.752447
18	35	2.199535	0.596153	3.426035	6.221724
18	36	2.199535	0.427232	2.279548	4.906315
18	37	2.199535	0.494901	2.262466	4.956903
18	38	2.199535	0.592113	3.227051	6.018699
18	39	2.199535	0.519420	2.505755	5.224710
18	40	2.199535	0.526136	2.572401	5.298072
18	41	2.199535	0.550879	2.817911	5.568325
18	42	2.199535	0.580358	3.110415	5.890308
18	43	2.199535	0.588657	3.298693	6.086885
18	44	2.199535	0.551298	2.822067	5.572901
18	45	2.199535	0.581476	3.121513	5.902525
18	46	2.199535	0.535489	2.665208	5.400233
18	47	2.199535	0.538860	2.698655	5.437051
18	48	2.199535	0.424066	2.195175	4.818777
18	49	2.199535	0.428239	1.601012	4.228786
18	50	2.199535	0.545743	2.766945	5.512223
18	51	2.199535	0.545743	2.766945	5.512223
18	52	2.199535	0.490517	2.642683	5.332736
18	53	2.199535	0.579878	3.105650	5.885063
18	54	2.199535	0.491083	2.224590	4.915209
18	55	2.199535	0.497123	2.284518	4.981176
18	56	2.199535	0.533980	2.650235	5.383751
18	57	2.199535	0.592113	3.227051	6.018699
18	58	2.199535	0.498261	2.295807	4.993603
18	59	2.199535	0.545743	2.766945	5.512223
18	60	2.199535	0.567444	2.982280	5.749259
18	61	2.199535	0.502331	2.336195	5.038061
18	62	2.199535	0.526136	2.572401	5.298072
18	63	2.199535	0.534454	2.654936	5.388926
18	64	2.199535	0.558581	2.947295	5.705411
18	65	2.199535	0.551298	2.822067	5.572901
18	66	2.199535	0.581476	3.121513	5.902525
18	67	2.199535	0.561843	2.926705	5.688084
18	68	2.199535	0.411305	1.432986	4.043826
18	69	2.199535	0.490517	2.642683	5.332736
18	70	2.199535	0.590023	3.206316	5.995874
18	71	2.199535	0.575203	3.059261	5.833999
18	72	2.199535	0.579818	3.105062	5.884416
18	73	2.199535	0.575203	3.059261	5.833999
18	74	2.199535	0.511891	2.431054	5.142481
18	75	2.199535	0.411305	1.432986	4.043826
18	76	2.199535	0.623128	3.534805	6.357469
18	77	2.199535	0.565558	2.963568	5.728662
18	78	2.199535	0.528844	2.599267	5.327647
18	79	2.199535	0.497028	2.283575	4.980139
18	80	2.199535	0.534454	2.654936	5.388926
18	81	2.199535	0.558581	2.947295	5.705411
18	82	2.199535	0.545743	2.766945	5.512223
18	83	2.199535	0.523955	2.550759	5.274249
18	84	2.199535	0.575233	3.059559	5.834327
18	85	2.199535	0.498279	2.295984	4.993798
18	86	2.199535	0.436924	1.687194	4.323653
18	87	2.199535	0.574233	3.049644	5.823413
18	88	2.199535	0.530243	2.613147	5.342925
18	89	2.199535	0.610664	3.411129	6.221329
18	90	2.199535	0.575233	3.059559	5.834327
18	91	2.199535	0.591262	3.218613	6.009411
18	92	2.199535	0.411305	1.432986	4.043826
18	93	2.199535	0.550119	2.810365	5.560019
18	94	2.199535	0.494901	2.262466	4.956903
18	95	2.199535	0.567736	2.985176	5.752447
18	96	2.199535	0.536756	2.677773	5.414064
18	97	2.199535	0.497028	2.283575	4.980139
18	98	2.199535	0.567444	2.982280	5.749259
18	99	2.199535	0.562254	2.930783	5.692573
19	0	2.117398	0.532506	2.635601	5.285505
19	1	2.117398	0.547537	2.784751	5.449686
19	2	2.117398	0.519082	2.502404	5.138884
19	3	2.117398	0.507647	2.388941	5.013986
19	4	2.117398	0.618776	3.491620	6.227794
19	5	2.117398	0.610348	3.407987	6.135733
19	6	2.117398	0.527554	2.586465	5.231416
19	7	2.117398	0.638401	3.686351	6.442150
19	8	2.117398	0.505019	2.362862	4.985279
19	9	2.117398	0.473810	2.053189	4.644397
19	10	2.117398	0.527554	2.586465	5.231416
19	11	2.117398	0.528986	2.600680	5.247064
19	12	2.117398	0.534345	2.653854	5.305597
19	13	2.117398	0.489813	2.529770	5.136982
19	14	2.117398	0.546432	2.773781	5.437610
19	15	2.117398	0.424707	1.565974	4.108079
19	16	2.117398	0.465004	1.965812	4.548213
19	17	2.117398	0.544764	3.022054	5.684216
19	18	2.117398	0.590561	3.264616	5.972574
19	19	2.117398	0.523445	2.545697	5.186540
19	20	2.117398	0.538683	2.696899	5.352980
19	21	2.117398	0.528986	2.600680	5.247064
19	22	2.117398	0.638401	3.686351	6.442150
19	23	2.117398	0.588903	3.195205	5.901506
19	24	2.117398	0.544219	2.751824	5.413441
19	25	2.117398	0.526540	2.576409	5.220348
19	26	2.117398	0.638401	3.686351	6.442150
19	27	2.117398	0.480795	2.122498	4.720690
19	28	2.117398	0.638401	3.686351	6.442150
19	29	2.117398	0.479536	2.110013	4.706948
19	30	2.117398	0.512108	2.433207	5.062713
19	31	2.117398	0.495226	2.265692	4.878315
19	32	2.117398	0.649500	3.796476	6.563374
19	33	2.117398	0.379639	1.966201	4.463238
19	34	2.117398	0.542508	2.734845	5.394751
19	35	2.117398	0.527555	2.586483	5.231437
19	36	2.117398	0.526540	2.576409	5.220348
19	37	2.117398	0.499271	2.305829	4.922497
19	38	2.117398	0.505019	2.362862	4.985279
19	39	2.117398	0.489389	2.207776	4.814562
19	40	2.117398	0.515058	2.727298	5.359755
19	41	2.117398	0.523445	2.545697	5.186540
19	42	2.117398	0.544152	3.068942	5.730492
19	43	2.117398	0.570078	3.008415	5.695891
19	44	2.117398	0.588903	3.195205	5.901506
19	45	2.117398	0.489389	2.207776	4.814562
19	46	2.117398	0.523445	2.545697	5.186540
19	47	2.117398	0.444360	1.760973	4.322731
19	48	2.117398	0.473810	2.053189	4.644397
19	49	2.117398	0.489389	2.207776	4.814562
19	50	2.117398	0.543040	2.740126	5.400564
19	51	2.117398	0.503455	2.347349	4.968202
19	52	2.117398	0.488426	2.198222	4.804046
19	53	2.117398	0.532506	2.635601	5.285505
19	54	2.117398	0.542431	2.734086	5.393915
19	55	2.117398	0.543040	2.740126	5.400564
19	56	2.117398	0.618776	3.491620	6.227794
19	57	2.117398	0.597086	3.276400	5.990884
19	58	2.117398	0.489389	2.207776	4.814562
19	59	2.117398	0.486843	2.447336	5.051577
19	60	2.117398	0.539380	2.703816	5.360595
19	61	2.117398	0.424707	1.565974	4.108079
19	62	2.117398	0.537075	2.680936	5.335408
19	63	2.117398	0.499770	2.310780	4.927948
19	64	2.117398	0.499770	2.310780	4.927948
19	65	2.117398	0.480795	2.122498	4.720690
19	66	2.117398	0.452839	1.845108	4.415345
19	67	2.117398	0.547537	2.784751	5.449686
19	68	2.117398	0.501751	2.648220	5.267369
19	69	2.117398	0.424707	1.565974	4.108079
19	70	2.117398	0.489530	2.209173	4.816100
19	71	2.117398	0.528986	2.600680	5.247064
19	72	2.117398	0.441808	1.735651	4.294856
19	73	2.117398	0.605015	3.355079	6.077492
19	74	2.117398	0.539124	2.701276	5.357799
19	75	2.117398	0.502412	2.337002	4.956812
19	76	2.117398	0.568271	2.990485	5.676154
19	77	2.117398	0.543040	2.740126	5.400564
19	78	2.117398	0.455445	2.241712	4.814555
19	79	2.117398	0.499271	2.305829	4.922497
19	80	2.117398	0.534345	2.653854	5.305597
19	81	2.117398	0.575424	3.061454	5.754275
19	82	2.117398	0.542508	2.734845	5.394751
19	83	2.117398	0.575324	3.060469	5.753192
19	84	2.117398	0.539380	2.703816	5.360595
19	85	2.117398	0.578377	3.090759	5.786533
19	86	2.117398	0.423991	1.558867	4.100256
19	87	2.117398	0.575424	3.061454	5.754275
19	88	2.117398	0.539124	2.701276	5.357799
19	89	2.117398	0.565155	2.959562	5.642115
19	90	2.117398	0.523659	2.547819	5.188876
19	91	2.117398	0.542431	2.734086	5.393915
19	92	2.117398	0.502412	2.337002	4.956812
19	93	2.117398	0.515627	2.468127	5.101152
19	94	2.117398	0.548723	2.796520	5.462641
19	95	2.117398	0.565155	2.959562	5.642115
19	96	2.117398	0.523445	2.545697	5.186540
19	97	2.117398	0.514107	2.453038	5.084543
19	98	2.117398	0.571950	3.026985	5.716333
19	99	2.117398	0.588903	3.195205	5.901506
20	0	2.190001	0.609098	3.395591	6.194690
20	1	2.190001	0.504018	2.352936	5.046955
20	2	2.190001	0.465002	1.965795	4.620798
20	3	2.190001	0.498533	2.298512	4.987046
20	4	2.190001	0.534317	2.653579	5.377897
20	5	2.190001	0.547023	2.779650	5.516673
20	6	2.190001	0.541752	2.939201	5.670953
20	7	2.190001	0.477363	2.088444	4.755808
20	8	2.190001	0.497362	2.286892	4.974254
20	9	2.190001	0.518987	2.501463	5.210451
20	10	2.190001	0.491773	2.231433	4.913207
20	11	2.190001	0.534317	2.653579	5.377897
20	12	2.190001	0.491170	2.225444	4.906614
20	13	2.190001	0.528170	2.592583	5.310754
20	14	2.190001	0.494226	2.255770	4.939997
20	15	2.190001	0.500315	2.316186	5.006501
20	16	2.190001	0.427291	1.591614	4.208906
20	17	2.190001	0.586226	3.168642	5.944869
20	18	2.190001	0.476995	2.084792	4.751787
20	19	2.190001	0.609968	3.404226	6.204195
20	20	2.190001	0.577005	3.077149	5.844154
20	21	2.190001	0.579765	3.104529	5.874294
20	22	2.190001	0.457035	2.257488	4.904524
20	23	2.190001	0.584834	3.313716	6.088550
20	24	2.190001	0.434656	1.664685	4.289342
20	25	2.190001	0.504018	2.352936	5.046955
20	26	2.190001	0.552168	2.830696	5.572864
20	27	2.190001	0.553182	2.840758	5.583940
20	28	2.190001	0.572831	3.141653	5.904484
20	29	2.190001	0.527304	2.583984	5.301288
20	30	2.190001	0.478334	2.098087	4.766422
20	31	2.190001	0.497675	2.289996	4.977671
20	32	2.190001	0.556062	2.869335	5.615397
20	33	2.190001	0.527304	2.583984	5.301288
20	34	2.190001	0.553182	2.840758	5.583940
20	35	2.190001	0.587565	3.181928	5.959493
20	36	2.190001	0.562842	2.936616	5.689459
20	37	2.190001	0.496337	2.276715	4.963053
20	38	2.190001	0.550495	2.814097	5.554593
20	39	2.190001	0.579765	3.104529	5.874294
20	40	2.190001	0.491170	2.225444	4.906614
20	41	2.190001	0.505835	2.370958	5.066793
20	42	2.190001	0.587565	3.181928	5.959493
20	43	2.190001	0.478608	2.100803	4.769411
20	44	2.190001	0.439069	1.708480	4.337550
20	45	2.190001	0.511093	2.423132	5.124225
20	46	2.190001	0.491773	2.231433	4.913207
20	47	2.190001	0.494226	2.255770	4.939997
20	48	2.190001	0.491936	2.233053	4.914989
20	49	2.190001	0.570944	3.017004	5.777948
20	50	2.190001	0.434656	1.664685	4.289342
20	51	2.190001	0.500315	2.316186	5.006501
20	52	2.190001	0.505697	2.369591	5.065289
20	53	2.190001	0.628457	3.587680	6.406138
20	54	2.190001	0.491773	2.231433	4.913207
20	55	2.190001	0.439069	1.708480	4.337550
20	56	2.190001	0.527304	2.583984	5.301288
20	57	2.190001	0.547873	2.788081	5.525954
20	58	2.190001	0.604580	3.456688	6.251269
20	59	2.190001	0.469431	2.009744	4.669176
20	60	2.190001	0.478334	2.098087	4.766422
20	61	2.190001	0.564601	2.954063	5.708664
20	62	2.190001	0.558106	2.995549	5.743655
20	63	2.190001	0.562308	2.931318	5.683627
20	64	2.190001	0.552168	2.830696	5.572864
20	65	2.190001	0.528170	2.592583	5.310754
20	66	2.190001	0.498533	2.298512	4.987046
20	67	2.190001	0.520354	2.832808	5.543162
20	68	2.190001	0.477363	2.088444	4.755808
20	69	2.190001	0.505835	2.370958	5.066793
20	70	2.190001	0.494226	2.255770	4.939997
20	71	2.190001	0.596295	3.268548	6.054844
20	72	2.190001	0.553182	2.840758	5.583940
20	73	2.190001	0.562308	2.931318	5.683627
20	74	2.190001	0.527304	2.583984	5.301288
20	75	2.190001	0.655450	3.855516	6.700967
20	76	2.190001	0.562842	2.936616	5.689459
20	77	2.190001	0.556617	2.874849	5.621467
20	78	2.190001	0.497675	2.289996	4.977671
20	79	2.190001	0.532558	2.636117	5.358676
20	80	2.190001	0.591592	3.221886	6.003478
20	81	2.190001	0.486318	2.389164	5.065483
20	82	2.190001	0.535254	2.662876	5.388131
20	83	2.190001	0.453549	1.852149	4.495698
20	84	2.190001	0.562855	2.936738	5.689593
20	85	2.190001	0.520354	2.832808	5.543162
20	86	2.190001	0.586226	3.168642	5.944869
20	87	2.190001	0.562855	2.936738	5.689593
20	88	2.190001	0.478608	2.100803	4.769411
20	89	2.190001	0.489554	2.209417	4.888972
20	90	2.190001	0.601590	3.321086	6.112676
20	91	2.190001	0.552338	2.938312	5.680651
20	92	2.190001	0.605886	3.363715	6.159601
20	93	2.190001	0.528170	2.592583	5.310754
20	94	2.190001	0.555986	2.868581	5.614568
20	95	2.190001	0.556617	2.874849	5.621467
20	96	2.190001	0.601590	3.321086	6.112676
20	97	2.190001	0.496337	2.276715	4.963053
20	98	2.190001	0.555986	2.868581	5.614568
20	99	2.190001	0.491936	2.233053	4.914989
21	0	2.284258	0.522623	2.537538	5.344419
21	1	2.284258	0.564512	2.953180	5.801950
21	2	2.284258	0.468010	1.995644	4.747912
21	3	2.284258	0.430610	1.624539	4.339407
21	4	2.284258	0.485564	2.169821	4.939643
21	5	2.284258	0.493137	2.244962	5.022356
21	6	2.284258	0.495781	2.271197	5.051236
21	7	2.284258	0.528873	2.599552	5.412683
21	8	2.284258	0.622520	3.581727	6.488505
21	9	2.284258	0.622520	3.581727	6.488505
21	10	2.284258	0.447688	1.794000	4.525946
21	11	2.284258	0.518368	2.495318	5.297944
21	12	2.284258	0.521760	2.528980	5.334998
21	13	2.284258	0.434598	1.664114	4.382970
21	14	2.284258	0.522623	2.537538	5.344419
21	15	2.284258	0.447688	1.794000	4.525946
21	16	2.284258	0.516352	2.475315	5.275925
21	17	2.284258	0.474808	2.063100	4.822166
21	18	2.284258	0.576859	3.128663	5.989780
21	19	2.284258	0.470318	2.018539	4.773115
21	20	2.284258	0.485156	2.165774	4.935188
21	21	2.284258	0.468010	1.995644	4.747912
21	22	2.284258	0.493137	2.244962	5.022356
21	23	2.284258	0.536283	2.673085	5.493626
21	24	2.284258	0.466814	1.983774	4.734846
21	25	2.284258	0.533635	2.646806	5.464699
21	26	2.284258	0.504096	2.353710	5.142064
21	27	2.284258	0.472554	2.040734	4.797547
21	28	2.284258	0.439293	1.710703	4.434255
21	29	2.284258	0.610135	3.458840	6.353233
21	30	2.284258	0.434598	1.664114	4.382970
21	31	2.284258	0.575899	3.066172	5.926329
21	32	2.284258	0.502355	2.336434	5.123047
21	33	2.284258	0.552930	2.838263	5.675451
21	34	2.284258	0.542737	2.737120	5.564114
21	35	2.284258	0.495781	2.271197	5.051236
21	36	2.284258	0.483949	2.153798	4.922005
21	37	2.284258	0.552930	2.838263	5.675451
21	38	2.284258	0.512402	2.436122	5.232782
21	39	2.284258	0.483949	2.153798	4.922005
21	40	2.284258	0.542244	2.732229	5.558731
21	41	2.284258	0.534856	2.711884	5.530998
21	42	2.284258	0.572315	3.030608	5.887181
21	43	2.284258	0.448890	1.805924	4.539071
21	44	2.284258	0.504096	2.353710	5.142064
21	45	2.284258	0.474118	2.056247	4.814622
21	46	2.284258	0.473577	2.050881	4.808716
21	47	2.284258	0.522079	2.532143	5.338480
21	48	2.284258	0.496044	2.273814	5.054116
21	49	2.284258	0.575713	3.064327	5.924298
21	50	2.284258	0.496943	2.282735	5.063936
21	51	2.284258	0.556549	3.086023	5.926830
21	52	2.284258	0.474118	2.056247	4.814622
21	53	2.284258	0.533236	2.642846	5.460340
21	54	2.284258	0.597784	3.283328	6.165370
21	55	2.284258	0.607515	3.379878	6.271650
21	56	2.284258	0.496044	2.273814	5.054116
21	57	2.284258	0.510676	2.418998	5.213932
21	58	2.284258	0.475519	2.070152	4.829929
21	59	2.284258	0.575899	3.066172	5.926329
21	60	2.284258	0.528873	2.599552	5.412683
21	61	2.284258	0.594830	3.254019	6.133108
21	62	2.284258	0.485156	2.165774	4.935188
21	63	2.284258	0.542244	2.732229	5.558731
21	64	2.284258	0.407636	1.396580	4.088473
21	65	2.284258	0.522623	2.537538	5.344419
21	66	2.284258	0.586428	3.170648	6.041334
21	67	2.284258	0.466814	1.983774	4.734846
21	68	2.284258	0.439293	1.710703	4.434255
21	69	2.284258	0.542737	2.737120	5.564114
21	70	2.284258	0.594047	3.246243	6.124548
21	71	2.284258	0.533236	2.642846	5.460340
21	72	2.284258	0.561855	2.926816	5.772929
21	73	2.284258	0.535749	2.667786	5.487793
21	74	2.284258	0.473577	2.050881	4.808716
21	75	2.284258	0.466814	1.983774	4.734846
21	76	2.284258	0.485156	2.165774	4.935188
21	77	2.284258	0.536283	2.673085	5.493626
21	78	2.284258	0.516352	2.475315	5.275925
21	79	2.284258	0.511947	2.643458	5.439663
21	80	2.284258	0.485564	2.169821	4.939643
21	81	2.284258	0.518368	2.495318	5.297944
21	82	2.284258	0.532433	2.634879	5.451570
21	83	2.284258	0.521760	2.528980	5.334998
21	84	2.284258	0.504096	2.353710	5.142064
21	85	2.284258	0.425439	1.573230	4.282927
21	86	2.284258	0.634180	3.644462	6.562900
21	87	2.284258	0.565791	2.965879	5.815928
21	88	2.284258	0.533635	2.646806	5.464699
21	89	2.284258	0.542737	2.737120	5.564114
21	90	2.284258	0.555523	2.863993	5.703774
21	91	2.284258	0.536283	2.673085	5.493626
21	92	2.284258	0.492268	2.713018	5.489544
21	93	2.284258	0.472554	2.040734	4.797547
21	94	2.284258	0.576859	3.128663	5.989780
21	95	2.284258	0.560887	2.917210	5.762355
21	96	2.284258	0.534494	2.655328	5.474080
21	97	2.284258	0.491846	2.232159	5.008263
21	98	2.284258	0.405120	2.166072	4.855450
21	99	2.284258	0.491846	2.232159	5.008263
22	0	2.269396	0.572640	3.033835	5.875871
22	1	2.269396	0.585177	3.158231	6.012804
22	2	2.269396	0.534853	2.658893	5.463143
22	3	2.269396	0.577645	3.083494	5.930535
22	4	2.269396	0.550549	2.814637	5.634582
22	5	2.269396	0.544861	2.864128	5.678385
22	6	2.269396	0.514346	2.455411	5.239153
22	7	2.269396	0.496576	2.279089	5.045061
22	8	2.269396	0.558462	2.893151	5.721009
22	9	2.269396	0.464184	1.957684	4.691264
22	10	2.269396	0.465293	1.968682	4.703371
22	11	2.269396	0.454389	1.860484	4.584269
22	12	2.269396	0.479464	2.109294	4.858154
22	13	2.269396	0.541870	2.728518	5.539784
22	14	2.269396	0.488151	2.725127	5.482674
22	15	2.269396	0.412818	1.447997	4.130211
22	16	2.269396	0.495020	2.263649	5.028065
22	17	2.269396	0.465156	1.967321	4.701873
22	18	2.269396	0.590562	3.211670	6.071629
22	19	2.269396	0.514346	2.455411	5.239153
22	20	2.269396	0.403364	1.354190	4.026949
22	21	2.269396	0.489161	2.205513	4.964070
22	22	2.269396	0.412818	1.447997	4.130211
22	23	2.269396	0.537367	2.683842	5.490605
22	24	2.269396	0.610110	3.405635	6.285142
22	25	2.269396	0.459926	1.915428	4.644750
22	26	2.269396	0.489161	2.205513	4.964070
22	27	2.269396	0.430598	1.624421	4.324415
22	28	2.269396	0.478361	2.098346	4.846103
22	29	2.269396	0.447166	1.788817	4.505379
22	30	2.269396	0.483901	2.365173	5.118469
22	31	2.269396	0.579251	3.099432	5.948079
22	32	2.269396	0.468120	1.996730	4.734246
22	33	2.269396	0.495494	2.692065	5.456955
22	34	2.269396	0.527512	2.586052	5.382960
22	35	2.269396	0.618480	3.488686	6.376562
22	36	2.269396	0.412818	1.447997	4.130211
22	37	2.269396	0.603877	3.396743	6.270016
22	38	2.269396	0.465293	1.968682	4.703371
22	39	2.269396	0.538233	2.692435	5.500064
22	40	2.269396	0.520000	2.511515	5.300911
22	41	2.269396	0.550549	2.814637	5.634582
22	42	2.269396	0.503831	2.351078	5.124305
22	43	2.269396	0.457439	1.890754	4.617589
22	44	2.269396	0.494437	2.257867	5.021701
22	45	2.269396	0.534874	2.659096	5.463366
22	46	2.269396	0.551508	2.824155	5.645059
22	47	2.269396	0.555966	2.868386	5.693748
22	48	2.269396	0.479464	2.109294	4.858154
22	49	2.269396	0.483011	2.144494	4.896902
22	50	2.269396	0.492972	2.243329	5.005697
22	51	2.269396	0.508447	2.396877	5.174720
22	52	2.269396	0.421899	1.538111	4.229407
22	53	2.269396	0.478361	2.098346	4.846103
22	54	2.269396	0.550549	2.814637	5.634582
22	55	2.269396	0.603877	3.396743	6.270016
22	56	2.269396	0.555966	2.868386	5.693748
22	57	2.269396	0.459926	1.915428	4.644750
22	58	2.269396	0.474319	2.058240	4.801955
22	59	2.269396	0.464184	1.957684	4.691264
22	60	2.269396	0.538414	2.694225	5.502035
22	61	2.269396	0.543757	2.747242	5.560395
22	62	2.269396	0.603877	3.396743	6.270016
22	63	2.269396	0.510230	2.414566	5.194192
22	64	2.269396	0.591639	3.222353	6.083389
22	65	2.269396	0.471714	2.032395	4.773505
22	66	2.269396	0.590421	3.210265	6.070082
22	67	2.269396	0.561576	2.924047	5.755019
22	68	2.269396	0.460030	1.916459	4.645885
22	69	2.269396	0.482073	2.135180	4.886649
22	70	2.269396	0.430598	1.624421	4.324415
22	71	2.269396	0.581581	3.122551	5.973528
22	72	2.269396	0.495020	2.263649	5.028065
22	73	2.269396	0.543757	2.747242	5.560395
22	74	2.269396	0.531097	2.727555	5.528048
22	75	2.269396	0.537367	2.683842	5.490605
22	76	2.269396	0.446848	1.785659	4.501902
22	77	2.269396	0.585177	3.158231	6.012804
22	78	2.269396	0.575875	3.065938	5.911209
22	79	2.269396	0.550244	2.811614	5.631254
22	80	2.269396	0.583873	3.145290	5.998559
22	81	2.269396	0.454389	1.860484	4.584269
22	82	2.269396	0.530183	2.612552	5.412131
22	83	2.269396	0.482073	2.135180	4.886649
22	84	2.269396	0.492972	2.243329	5.005697
22	85	2.269396	0.465156	1.967321	4.701873
22	86	2.269396	0.471714	2.032395	4.773505
22	87	2.269396	0.585177	3.158231	6.012804
22	88	2.269396	0.562865	2.989805	5.822066
22	89	2.269396	0.521579	2.527181	5.318156
22	90	2.269396	0.460030	1.916459	4.645885
22	91	2.269396	0.482073	2.135180	4.886649
22	92	2.269396	0.544861	2.864128	5.678385
22	93	2.269396	0.550549	2.814637	5.634582
22	94	2.269396	0.602467	3.329796	6.201660
22	95	2.269396	0.454389	1.860484	4.584269
22	96	2.269396	0.550549	2.814637	5.634582
22	97	2.269396	0.464184	1.957684	4.691264
22	98	2.269396	0.538875	2.698800	5.507071
22	99	2.269396	0.465156	1.967321	4.701873
23	0	2.312272	0.479251	2.107181	4.898704
23	1	2.312272	0.560985	3.130038	6.003295
23	2	2.312272	0.544489	2.754509	5.611270
23	3	2.312272	0.479389	2.426333	5.217994
23	4	2.312272	0.545051	2.760086	5.617410
23	5	2.312272	0.631891	3.621750	6.565912
23	6	2.312272	0.583697	3.143545	6.039513
23	7	2.312272	0.532200	2.632571	5.477043
23	8	2.312272	0.457984	1.896161	4.666417
23	9	2.312272	0.485689	2.171066	4.969027
23	10	2.312272	0.517835	2.490035	5.320142
23	11	2.312272	0.474297	2.058029	4.844598
23	12	2.312272	0.532416	2.634710	5.479398
23	13	2.312272	0.417324	1.492713	4.222309
23	14	2.312272	0.509725	2.409558	5.231554
23	15	2.312272	0.492345	2.607857	5.412474
23	16	2.312272	0.535218	2.662516	5.510007
23	17	2.312272	0.469637	2.011783	4.793692
23	18	2.312272	0.541031	2.720192	5.573494
23	19	2.312272	0.548567	2.794975	5.655814
23	20	2.312272	0.502994	2.342774	5.158040
23	21	2.312272	0.502423	2.337101	5.151796
23	22	2.312272	0.634977	3.652373	6.599622
23	23	2.312272	0.439005	2.343408	5.094686
23	24	2.312272	0.422960	1.548635	4.283867
23	25	2.312272	0.408142	1.401603	4.122017
23	26	2.312272	0.485689	2.171066	4.969027
23	27	2.312272	0.494092	2.254440	5.060803
23	28	2.312272	0.417324	1.492713	4.222309
23	29	2.312272	0.562568	3.039821	5.914661
23	30	2.312272	0.560376	2.912140	5.784787
23	31	2.312272	0.532416	2.634710	5.479398
23	32	2.312272	0.560376	2.912140	5.784787
23	33	2.312272	0.536447	2.674707	5.523425
23	34	2.312272	0.525302	2.564124	5.401698
23	35	2.312272	0.482257	2.137011	4.931541
23	36	2.312272	0.503537	2.348157	5.163966
23	37	2.312272	0.583854	3.145108	6.041234
23	38	2.312272	0.551356	2.822645	5.686273
23	39	2.312272	0.543665	2.746331	5.602268
23	40	2.312272	0.532496	2.635501	5.480268
23	41	2.312272	0.544489	2.754509	5.611270
23	42	2.312272	0.566467	2.972584	5.851323
23	43	2.312272	0.602235	3.327488	6.241994
23	44	2.312272	0.602235	3.327488	6.241994
23	45	2.312272	0.485689	2.171066	4.969027
23	46	2.312272	0.584515	3.151667	6.048454
23	47	2.312272	0.487971	2.193706	4.993949
23	48	2.312272	0.452658	1.843310	4.608240
23	49	2.312272	0.560985	3.130038	6.003295
23	50	2.312272	0.482581	2.140226	4.935080
23	51	2.312272	0.478375	2.098492	4.889139
23	52	2.312272	0.532496	2.635501	5.480268
23	53	2.312272	0.551356	2.822645	5.686273
23	54	2.312272	0.632061	3.623438	6.567770
23	55	2.312272	0.527681	2.587726	5.427679
23	56	2.312272	0.549466	2.803888	5.665625
23	57	2.312272	0.469637	2.011783	4.793692
23	58	2.312272	0.519511	2.506667	5.338450
23	59	2.312272	0.520891	2.679244	5.512407
23	60	2.312272	0.519511	2.506667	5.338450
23	61	2.312272	0.438990	1.707692	4.458954
23	62	2.312272	0.457984	1.896161	4.666417
23	63	2.312272	0.441673	1.734309	4.488254
23	64	2.312272	0.527681	2.587726	5.427679
23	65	2.312272	0.545051	2.760086	5.617410
23	66	2.312272	0.519511	2.506667	5.338450
23	67	2.312272	0.573547	3.042836	5.928655
23	68	2.312272	0.585294	3.159389	6.056955
23	69	2.312272	0.597952	3.284991	6.195215
23	70	2.312272	0.487971	2.193706	4.993949
23	71	2.312272	0.487971	2.193706	4.993949
23	72	2.312272	0.587884	3.185089	6.085245
23	73	2.312272	0.501727	2.806878	5.620877
23	74	2.312272	0.532416	2.634710	5.479398
23	75	2.312272	0.551955	2.828588	5.692815
23	76	2.312272	0.548567	2.794975	5.655814
23	77	2.312272	0.479251	2.107181	4.898704
23	78	2.312272	0.525302	2.564124	5.401698
23	79	2.312272	0.550044	3.127405	5.989720
23	80	2.312272	0.482693	2.141333	4.936297
23	81	2.312272	0.453408	1.850756	4.616436
23	82	2.312272	0.532200	2.632571	5.477043
23	83	2.312272	0.551955	2.828588	5.692815
23	84	2.312272	0.469637	2.011783	4.793692
23	85	2.312272	0.426442	2.271716	5.010430
23	86	2.312272	0.543963	2.749288	5.605524
23	87	2.312272	0.519511	2.506667	5.338450
23	88	2.312272	0.535218	2.662516	5.510007
23	89	2.312272	0.519511	2.506667	5.338450
23	90	2.312272	0.506684	2.379390	5.198347
23	91	2.312272	0.438990	1.707692	4.458954
23	92	2.312272	0.503537	2.348157	5.163966
23	93	2.312272	0.479251	2.107181	4.898704
23	94	2.312272	0.503537	2.348157	5.163966
23	95	2.312272	0.549466	2.803888	5.665625
23	96	2.312272	0.572739	3.034815	5.919826
23	97	2.312272	0.576997	3.077069	5.966339
23	98	2.312272	0.496532	2.278657	5.087461
23	99	2.312272	0.551356	2.822645	5.686273
24	0	2.251942	0.577991	3.192860	6.022793
24	1	2.251942	0.513244	2.444479	5.209665
24	2	2.251942	0.613336	3.437637	6.302915
24	3	2.251942	0.487900	2.193002	4.932844
24	4	2.251942	0.510720	2.419430	5.182092
24	5	2.251942	0.533280	2.643288	5.428510
24	6	2.251942	0.556757	2.876233	5.684932
24	7	2.251942	0.557961	2.888183	5.698086
24	8	2.251942	0.556757	2.876233	5.684932
24	9	2.251942	0.546018	2.769681	5.567641
24	10	2.251942	0.484555	2.159814	4.896311
24	11	2.251942	0.429578	1.614301	4.295821
24	12	2.251942	0.491228	2.226022	4.969192
24	13	2.251942	0.491228	2.226022	4.969192
24	14	2.251942	0.613336	3.437637	6.302915
24	15	2.251942	0.489334	2.207231	4.948507
24	16	2.251942	0.501539	2.328337	5.081818
24	17	2.251942	0.515196	2.463843	5.230980
24	18	2.251942	0.568395	2.991710	5.812047
24	19	2.251942	0.591086	3.216864	6.059892
24	20	2.251942	0.454458	1.861177	4.567578
24	21	2.251942	0.454458	1.861177	4.567578
24	22	2.251942	0.504975	2.680210	5.437127
24	23	2.251942	0.557961	2.888183	5.698086
24	24	2.251942	0.470940	2.024717	4.747599
24	25	2.251942	0.458541	1.901685	4.612168
24	26	2.251942	0.521805	2.529419	5.303166
24	27	2.251942	0.569277	3.000463	5.821682
24	28	2.251942	0.574535	3.052640	5.879118
24	29	2.251942	0.521981	2.531171	5.305094
24	30	2.251942	0.548164	2.790969	5.591075
24	31	2.251942	0.569600	3.003669	5.825211
24	32	2.251942	0.546018	2.769681	5.567641
24	33	2.251942	0.528029	2.750073	5.530044
24	34	2.251942	0.483710	2.734025	5.469677
24	35	2.251942	0.515196	2.463843	5.230980
24	36	2.251942	0.444555	1.762908	4.459404
24	37	2.251942	0.513244	2.444479	5.209665
24	38	2.251942	0.510720	2.419430	5.182092
24	39	2.251942	0.546018	2.769681	5.567641
24	40	2.251942	0.515196	2.463843	5.230980
24	41	2.251942	0.569277	3.000463	5.821682
24	42	2.251942	0.481253	2.127045	4.860239
24	43	2.251942	0.470940	2.024717	4.747599
24	44	2.251942	0.484800	2.162237	4.898979
24	45	2.251942	0.510720	2.419430	5.182092
24	46	2.251942	0.573919	3.046525	5.872386
24	47	2.251942	0.599951	3.304829	6.156722
24	48	2.251942	0.489334	2.207231	4.948507
24	49	2.251942	0.573528	3.042645	5.868115
24	50	2.251942	0.513244	2.444479	5.209665
24	51	2.251942	0.461456	1.930606	4.644004
24	52	2.251942	0.420100	1.520252	4.192294
24	53	2.251942	0.491228	2.226022	4.969192
24	54	2.251942	0.599951	3.304829	6.156722
24	55	2.251942	0.429578	1.614301	4.295821
24	56	2.251942	0.564923	2.957263	5.774128
24	57	2.251942	0.513244	2.444479	5.209665
24	58	2.251942	0.517434	2.486048	5.255424
24	59	2.251942	0.491228	2.226022	4.969192
24	60	2.251942	0.490700	2.591532	5.334174
24	61	2.251942	0.564923	2.957263	5.774128
24	62	2.251942	0.550415	2.972200	5.774557
24	63	2.251942	0.444555	1.762908	4.459404
24	64	2.251942	0.536337	2.673617	5.461896
24	65	2.251942	0.578208	3.089086	5.919236
24	66	2.251942	0.458541	1.901685	4.612168
24	67	2.251942	0.540899	3.036669	5.829511
24	68	2.251942	0.515196	2.463843	5.230980
24	69	2.251942	0.464773	2.334274	5.050990
24	70	2.251942	0.485490	2.169084	4.906516
24	71	2.251942	0.491228	2.226022	4.969192
24	72	2.251942	0.420100	1.520252	4.192294
24	73	2.251942	0.603860	3.343612	6.199414
24	74	2.251942	0.420100	1.520252	4.192294
24	75	2.251942	0.484555	2.159814	4.896311
24	76	2.251942	0.481253	2.127045	4.860239
24	77	2.251942	0.474450	2.059547	4.785939
24	78	2.251942	0.461456	1.930606	4.644004
24	79	2.251942	0.594157	3.247334	6.093433
24	80	2.251942	0.517434	2.486048	5.255424
24	81	2.251942	0.557961	2.888183	5.698086
24	82	2.251942	0.436682	1.684789	4.373412
24	83	2.251942	0.405931	1.379661	4.037534
24	84	2.251942	0.598046	3.285926	6.135914
24	85	2.251942	0.486885	2.182927	4.921754
24	86	2.251942	0.498452	2.297707	5.048101
24	87	2.251942	0.521805	2.529419	5.303166
24	88	2.251942	0.573528	3.042645	5.868115
24	89	2.251942	0.490700	2.591532	5.334174
24	90	2.251942	0.513244	2.444479	5.209665
24	91	2.251942	0.592499	3.336812	6.181253
24	92	2.251942	0.509711	2.409426	5.171079
24	93	2.251942	0.599951	3.304829	6.156722
24	94	2.251942	0.510720	2.419430	5.182092
24	95	2.251942	0.510720	2.419430	5.182092
24	96	2.251942	0.486885	2.182927	4.921754
24	97	2.251942	0.487900	2.193002	4.932844
24	98	2.251942	0.517434	2.486048	5.255424
24	99	2.251942	0.573528	3.042645	5.868115
25	0	2.263721	0.482988	2.144263	4.890972
25	1	2.263721	0.478428	2.099013	4.841162
25	2	2.263721	0.553572	2.844627	5.661920
25	3	2.263721	0.405218	1.372594	4.041533
25	4	2.263721	0.555679	2.865535	5.684935
25	5	2.263721	0.456996	1.886357	4.607073
25	6	2.263721	0.558509	2.893620	5.715850
25	7	2.263721	0.570055	3.008186	5.841963
25	8	2.263721	0.525577	2.566853	5.356151
25	9	2.263721	0.576286	3.070012	5.910019
25	10	2.263721	0.459096	1.907189	4.630006
25	11	2.263721	0.569741	3.005068	5.838530
25	12	2.263721	0.526123	2.572272	5.362116
25	13	2.263721	0.561122	2.919549	5.744392
25	14	2.263721	0.520625	2.517714	5.302060
25	15	2.263721	0.456996	1.886357	4.607073
25	16	2.263721	0.514349	2.455439	5.233509
25	17	2.263721	0.459096	1.907189	4.630006
25	18	2.263721	0.422224	1.541334	4.227279
25	19	2.263721	0.525577	2.566853	5.356151
25	20	2.263721	0.573521	3.201472	6.038715
25	21	2.263721	0.542931	2.739051	5.545704
25	22	2.263721	0.561122	2.919549	5.744392
25	23	2.263721	0.449470	1.811677	4.524868
25	24	2.263721	0.609470	3.452244	6.325435
25	25	2.263721	0.471568	2.030949	4.766238
25	26	2.263721	0.541627	2.726105	5.531453
25	27	2.263721	0.405218	1.372594	4.041533
25	28	2.263721	0.609470	3.452244	6.325435
25	29	2.263721	0.575531	3.062517	5.901769
25	30	2.263721	0.526043	2.571476	5.361240
25	31	2.263721	0.636571	3.668190	6.568482
25	32	2.263721	0.541627	2.726105	5.531453
25	33	2.263721	0.531140	2.622052	5.416913
25	34	2.263721	0.422224	1.541334	4.227279
25	35	2.263721	0.490260	2.216422	4.970403
25	36	2.263721	0.568048	2.988271	5.820040
25	37	2.263721	0.496550	2.278829	5.039100
25	38	2.263721	0.507654	2.759752	5.531126
25	39	2.263721	0.574048	3.047803	5.885572
25	40	2.263721	0.475204	2.067022	4.805947
25	41	2.263721	0.528347	2.594332	5.386400
25	42	2.263721	0.516078	2.472601	5.252401
25	43	2.263721	0.532894	2.639453	5.436067
25	44	2.263721	0.502859	2.341432	5.108012
25	45	2.263721	0.534912	2.659474	5.458107
25	46	2.263721	0.540776	2.717668	5.522165
25	47	2.263721	0.558799	2.896501	5.719021
25	48	2.263721	0.546801	2.777449	5.587971
25	49	2.263721	0.429925	1.617747	4.311393
25	50	2.263721	0.492519	2.238836	4.995076
25	51	2.263721	0.558799	2.896501	5.719021
25	52	2.263721	0.459096	1.907189	4.630006
25	53	2.263721	0.512259	2.434704	5.210684
25	54	2.263721	0.492519	2.238836	4.995076
25	55	2.263721	0.569741	3.005068	5.838530
25	56	2.263721	0.493728	2.250825	5.008274
25	57	2.263721	0.475204	2.067022	4.805947
25	58	2.263721	0.591177	3.217772	6.072670
25	59	2.263721	0.526043	2.571476	5.361240
25	60	2.263721	0.546801	2.777449	5.587971
25	61	2.263721	0.526123	2.572272	5.362116
25	62	2.263721	0.555238	2.861167	5.680126
25	63	2.263721	0.507113	2.383644	5.154478
25	64	2.263721	0.596496	3.270546	6.130763
25	65	2.263721	0.574048	3.047803	5.885572
25	66	2.263721	0.525258	2.563684	5.352663
25	67	2.263721	0.558799	2.896501	5.719021
25	68	2.263721	0.501819	2.331117	5.096657
25	69	2.263721	0.570055	3.008186	5.841963
25	70	2.263721	0.530214	2.877681	5.671616
25	71	2.263721	0.502607	2.338930	5.105257
25	72	2.263721	0.570293	3.010545	5.844559
25	73	2.263721	0.525258	2.563684	5.352663
25	74	2.263721	0.539802	2.707999	5.511522
25	75	2.263721	0.557846	3.045928	5.867495
25	76	2.263721	0.555238	2.861167	5.680126
25	77	2.263721	0.585194	3.158402	6.007317
25	78	2.263721	0.471568	2.030949	4.766238
25	79	2.263721	0.422224	1.541334	4.227279
25	80	2.263721	0.449470	1.811677	4.524868
25	81	2.263721	0.422571	1.544770	4.231061
25	82	2.263721	0.452699	2.267434	4.983855
25	83	2.263721	0.482988	2.144263	4.890972
25	84	2.263721	0.601035	3.315587	6.180343
25	85	2.263721	0.532894	2.639453	5.436067
25	86	2.263721	0.539992	2.709888	5.513602
25	87	2.263721	0.588552	3.350612	6.202885
25	88	2.263721	0.496550	2.278829	5.039100
25	89	2.263721	0.559166	2.900137	5.723023
25	90	2.263721	0.493728	2.250825	5.008274
25	91	2.263721	0.594265	3.248404	6.106389
25	92	2.263721	0.518532	2.496947	5.279200
25	93	2.263721	0.560555	2.913923	5.738200
25	94	2.263721	0.481630	2.660420	5.405770
25	95	2.263721	0.635391	3.656477	6.555589
25	96	2.263721	0.429925	1.617747	4.311393
25	97	2.263721	0.441540	1.732993	4.438254
25	98	2.263721	0.559166	2.900137	5.723023
25	99	2.263721	0.588552	3.350612	6.202885
26	0	2.306679	0.483077	2.145150	4.934906
26	1	2.306679	0.514938	2.461283	5.282899
26	2	2.306679	0.442357	1.741104	4.490140
26	3	2.306679	0.411210	1.432049	4.149938
26	4	2.306679	0.650110	3.802528	6.759317
26	5	2.306679	0.546063	2.770123	5.622865
26	6	2.306679	0.475651	2.071460	4.853790
26	7	2.306679	0.411210	1.432049	4.149938
26	8	2.306679	0.481321	2.127726	4.915726
26	9	2.306679	0.514938	2.461283	5.282899
26	10	2.306679	0.530225	2.612976	5.449880
26	11	2.306679	0.433973	1.657912	4.398564
26	12	2.306679	0.552318	2.832184	5.691181
26	13	2.306679	0.509218	2.404529	5.220426
26	14	2.306679	0.492679	2.240417	5.039775
26	15	2.306679	0.503944	2.352193	5.162816
26	16	2.306679	0.521632	2.898452	5.726762
26	17	2.306679	0.524676	2.557907	5.389261
26	18	2.306679	0.588498	3.244144	6.139320
26	19	2.306679	0.507035	2.382868	5.196581
26	20	2.306679	0.521254	2.523958	5.351891
26	21	2.306679	0.508909	2.401463	5.217051
26	22	2.306679	0.511890	2.431047	5.249616
26	23	2.306679	0.449085	1.807857	4.563621
26	24	2.306679	0.558018	2.888745	5.753441
26	25	2.306679	0.475759	2.072534	4.854972
26	26	2.306679	0.617663	3.480576	6.404917
26	27	2.306679	0.475759	2.072534	4.854972
26	28	2.306679	0.520843	2.519883	5.347405
26	29	2.306679	0.526860	2.579581	5.413120
26	30	2.306679	0.514901	2.460922	5.282502
26	31	2.306679	0.502134	2.334237	5.143050
26	32	2.306679	0.488222	2.196198	4.991099
26	33	2.306679	0.586539	3.171751	6.064969
26	34	2.306679	0.487940	2.193395	4.988013
26	35	2.306679	0.503482	2.347618	5.157779
26	36	2.306679	0.561264	2.920958	5.788901
26	37	2.306679	0.483077	2.145150	4.934906
26	38	2.306679	0.522927	2.540561	5.370167
26	39	2.306679	0.403762	1.358140	4.068580
26	40	2.306679	0.511890	2.431047	5.249616
26	41	2.306679	0.599275	3.298117	6.204070
26	42	2.306679	0.494544	2.258924	5.060146
26	43	2.306679	0.642480	3.779785	6.728943
26	44	2.306679	0.424912	1.568002	4.299592
26	45	2.306679	0.521254	2.523958	5.351891
26	46	2.306679	0.473890	2.053991	4.834560
26	47	2.306679	0.509218	2.404529	5.220426
26	48	2.306679	0.602407	3.329197	6.238283
26	49	2.306679	0.578706	3.094021	5.979405
26	50	2.306679	0.483230	2.146662	4.936570
26	51	2.306679	0.544838	2.757965	5.609481
26	52	2.306679	0.542220	2.731991	5.580890
26	53	2.306679	0.542220	2.731991	5.580890
26	54	2.306679	0.540864	2.718540	5.566083
26	55	2.306679	0.418214	1.501543	4.226435
26	56	2.306679	0.514901	2.460922	5.282502
26	57	2.306679	0.467243	1.988032	4.761954
26	58	2.306679	0.540864	2.718540	5.566083
26	59	2.306679	0.493132	2.244921	5.044732
26	60	2.306679	0.544838	2.757965	5.609481
26	61	2.306679	0.503944	2.352193	5.162816
26	62	2.306679	0.565972	2.967672	5.840322
26	63	2.306679	0.520843	2.519883	5.347405
26	64	2.306679	0.464279	1.958624	4.729582
26	65	2.306679	0.514261	2.613456	5.434395
26	66	2.306679	0.511890	2.431047	5.249616
26	67	2.306679	0.424912	1.568002	4.299592
26	68	2.306679	0.565972	2.967672	5.840322
26	69	2.306679	0.532255	2.633109	5.472043
26	70	2.306679	0.449085	1.807857	4.563621
26	71	2.306679	0.542220	2.731991	5.580890
26	72	2.306679	0.511106	2.423266	5.241051
26	73	2.306679	0.464279	1.958624	4.729582
26	74	2.306679	0.567549	3.142205	6.016433
26	75	2.306679	0.442357	1.741104	4.490140
26	76	2.306679	0.650110	3.802528	6.759317
26	77	2.306679	0.546123	2.876642	5.729443
26	78	2.306679	0.503944	2.352193	5.162816
26	79	2.306679	0.522927	2.752413	5.582018
26	80	2.306679	0.468098	1.996516	4.771293
26	81	2.306679	0.540864	2.718540	5.566083
26	82	2.306679	0.433039	2.284206	5.023923
26	83	2.306679	0.418214	1.501543	4.226435
26	84	2.306679	0.495937	2.272746	5.075362
26	85	2.306679	0.546121	2.770702	5.623502
26	86	2.306679	0.606273	3.367555	6.280506
26	87	2.306679	0.449085	1.807857	4.563621
26	88	2.306679	0.488222	2.196198	4.991099
26	89	2.306679	0.449085	1.807857	4.563621
26	90	2.306679	0.576323	3.070382	5.953384
26	91	2.306679	0.561264	2.920958	5.788901
26	92	2.306679	0.546063	2.770123	5.622865
26	93	2.306679	0.524676	2.557907	5.389261
26	94	2.306679	0.508909	2.401463	5.217051
26	95	2.306679	0.411210	1.432049	4.149938
26	96	2.306679	0.539974	2.709709	5.556362
26	97	2.306679	0.590900	3.215019	6.112598
26	98	2.306679	0.505941	2.848685	5.661304
26	99	2.306679	0.567549	3.142205	6.016433
27	0	2.228564	0.534960	2.659954	5.423479
27	1	2.228564	0.494632	2.259797	4.982993
27	2	2.228564	0.596866	3.274220	6.099650
27	3	2.228564	0.561577	2.924059	5.714200
27	4	2.228564	0.631393	3.669772	6.529729
27	5	2.228564	0.476859	2.083443	4.788866
27	6	2.228564	0.506044	2.373034	5.107643
27	7	2.228564	0.556966	2.878304	5.663834
27	8	2.228564	0.564698	3.219850	6.013113
27	9	2.228564	0.472292	2.038136	4.738992
27	10	2.228564	0.535318	2.663502	5.427384
27	11	2.228564	0.460849	1.924590	4.614003
27	12	2.228564	0.448809	1.805124	4.482498
27	13	2.228564	0.494632	2.259797	4.982993
27	14	2.228564	0.519810	2.509631	5.258006
27	15	2.228564	0.539833	2.708306	5.476703
27	16	2.228564	0.513813	2.450122	5.192499
27	17	2.228564	0.491478	2.228500	4.948542
27	18	2.228564	0.531728	2.945669	5.705961
27	19	2.228564	0.513813	2.450122	5.192499
27	20	2.228564	0.535318	2.663502	5.427384
27	21	2.228564	0.460060	1.916760	4.605385
27	22	2.228564	0.531623	2.626842	5.387029
27	23	2.228564	0.631393	3.669772	6.529729
27	24	2.228564	0.472459	2.039785	4.740808
27	25	2.228564	0.406513	1.385436	4.020513
27	26	2.228564	0.472459	2.039785	4.740808
27	27	2.228564	0.540302	2.712958	5.481824
27	28	2.228564	0.483440	2.148743	4.860747
27	29	2.228564	0.621426	3.517912	6.367902
27	30	2.228564	0.496552	2.278855	5.003972
27	31	2.228564	0.448809	1.805124	4.482498
27	32	2.228564	0.550727	2.816398	5.595689
27	33	2.228564	0.540071	2.710666	5.479301
27	34	2.228564	0.554010	2.848978	5.631553
27	35	2.228564	0.554010	2.848978	5.631553
27	36	2.228564	0.542288	2.732669	5.503521
27	37	2.228564	0.513813	2.450122	5.192499
27	38	2.228564	0.491478	2.228500	4.948542
27	39	2.228564	0.539833	2.708306	5.476703
27	40	2.228564	0.544637	2.755977	5.529179
27	41	2.228564	0.520782	2.519268	5.268614
27	42	2.228564	0.556610	2.874781	5.659956
27	43	2.228564	0.554010	2.848978	5.631553
27	44	2.228564	0.561577	2.924059	5.714200
27	45	2.228564	0.471037	2.449385	5.148986
27	46	2.228564	0.566563	2.973535	5.768662
27	47	2.228564	0.554010	2.848978	5.631553
27	48	2.228564	0.531623	2.626842	5.387029
27	49	2.228564	0.424169	1.560628	4.213361
27	50	2.228564	0.450814	1.825020	4.504399
27	51	2.228564	0.460060	1.916760	4.605385
27	52	2.228564	0.406513	1.385436	4.020513
27	53	2.228564	0.460849	1.924590	4.614003
27	54	2.228564	0.542288	2.732669	5.503521
27	55	2.228564	0.397555	2.091006	4.717125
27	56	2.228564	0.482047	2.134930	4.845541
27	57	2.228564	0.489590	2.209772	4.927926
27	58	2.228564	0.596896	3.274513	6.099973
27	59	2.228564	0.556610	2.874781	5.659956
27	60	2.228564	0.520782	2.519268	5.268614
27	61	2.228564	0.490262	2.216438	4.935264
27	62	2.228564	0.495552	2.268925	4.993041
27	63	2.228564	0.436719	1.685155	4.350438
27	64	2.228564	0.471543	2.030696	4.730803
27	65	2.228564	0.588862	3.194795	6.012221
27	66	2.228564	0.519044	2.502023	5.249631
27	67	2.228564	0.559447	2.902925	5.690936
27	68	2.228564	0.582131	3.128005	5.938700
27	69	2.228564	0.556610	2.874781	5.659956
27	70	2.228564	0.560383	2.912215	5.701163
27	71	2.228564	0.495552	2.268925	4.993041
27	72	2.228564	0.588807	3.247212	6.064583
27	73	2.228564	0.431586	1.634229	4.294379
27	74	2.228564	0.556966	2.878304	5.663834
27	75	2.228564	0.634978	3.652386	6.515929
27	76	2.228564	0.472292	2.038136	4.738992
27	77	2.228564	0.563277	3.152783	5.944624
27	78	2.228564	0.550247	2.811645	5.590456
27	79	2.228564	0.566563	2.973535	5.768662
27	80	2.228564	0.550247	2.811645	5.590456
27	81	2.228564	0.460849	1.924590	4.614003
27	82	2.228564	0.513813	2.450122	5.192499
27	83	2.228564	0.522075	2.532107	5.282747
27	84	2.228564	0.534960	2.659954	5.423479
27	85	2.228564	0.610598	3.410471	6.249634
27	86	2.228564	0.546092	2.770411	5.545067
27	87	2.228564	0.536179	2.672051	5.436795
27	88	2.228564	0.559447	2.902925	5.690936
27	89	2.228564	0.479742	2.112054	4.820361
27	90	2.228564	0.526795	2.578937	5.334296
27	91	2.228564	0.460849	1.924590	4.614003
27	92	2.228564	0.424169	1.560628	4.213361
27	93	2.228564	0.472292	2.038136	4.738992
27	94	2.228564	0.460849	1.924590	4.614003
27	95	2.228564	0.439591	2.349220	5.017376
27	96	2.228564	0.591299	3.218976	6.038839
27	97	2.228564	0.490262	2.216438	4.935264
27	98	2.228564	0.513601	2.448022	5.190187
27	99	2.228564	0.563277	3.152783	5.944624
28	0	2.237105	0.504929	2.361973	5.104007
28	1	2.237105	0.482430	2.138721	4.858255
28	2	2.237105	0.472903	2.044193	4.754201
28	3	2.237105	0.473353	2.048662	4.759120
28	4	2.237105	0.473353	2.048662	4.759120
28	5	2.237105	0.590963	3.215645	6.043713
28	6	2.237105	0.409708	1.417142	4.063955
28	7	2.237105	0.558250	2.891051	5.686406
28	8	2.237105	0.522133	2.532675	5.291913
28	9	2.237105	0.469969	2.544723	5.251797
28	10	2.237105	0.578140	3.088413	5.903658
28	11	2.237105	0.409708	1.417142	4.063955
28	12	2.237105	0.593592	3.347658	6.178355
28	13	2.237105	0.574479	3.052079	5.863663
28	14	2.237105	0.514022	2.452195	5.203321
28	15	2.237105	0.462147	1.937467	4.636718
28	16	2.237105	0.551146	2.820563	5.608814
28	17	2.237105	0.472903	2.044193	4.754201
28	18	2.237105	0.551146	2.820563	5.608814
28	19	2.237105	0.604505	3.350014	6.191624
28	20	2.237105	0.499176	2.304886	5.041166
28	21	2.237105	0.481506	2.129554	4.848164
28	22	2.237105	0.483610	2.150436	4.871152
28	23	2.237105	0.431735	1.635701	4.304540
28	24	2.237105	0.522133	2.532675	5.291913
28	25	2.237105	0.604505	3.350014	6.191624
28	26	2.237105	0.534411	2.654503	5.426018
28	27	2.237105	0.481506	2.129554	4.848164
28	28	2.237105	0.589225	3.198399	6.024728
28	29	2.237105	0.532288	2.951224	5.720617
28	30	2.237105	0.536555	2.675782	5.449442
28	31	2.237105	0.462147	1.937467	4.636718
28	32	2.237105	0.462147	1.937467	4.636718
28	33	2.237105	0.574479	3.052079	5.863663
28	34	2.237105	0.463564	2.481161	5.181830
28	35	2.237105	0.589911	3.205202	6.032217
28	36	2.237105	0.500401	2.317041	5.054546
28	37	2.237105	0.583996	3.146512	5.967613
28	38	2.237105	0.534411	2.654503	5.426018
28	39	2.237105	0.473353	2.048662	4.759120
28	40	2.237105	0.554176	2.850627	5.641908
28	41	2.237105	0.476525	2.080135	4.793765
28	42	2.237105	0.600934	3.314586	6.152625
28	43	2.237105	0.553744	2.846334	5.637183
28	44	2.237105	0.522133	2.532675	5.291913
28	45	2.237105	0.552676	2.835743	5.625525
28	46	2.237105	0.496741	2.280724	5.014570
28	47	2.237105	0.583996	3.146512	5.967613
28	48	2.237105	0.500401	2.317041	5.054546
28	49	2.237105	0.536555	2.675782	5.449442
28	50	2.237105	0.499176	2.304886	5.041166
28	51	2.237105	0.533594	2.646403	5.417102
28	52	2.237105	0.625933	3.615595	6.478633
28	53	2.237105	0.551146	2.820563	5.608814
28	54	2.237105	0.518345	2.495097	5.250547
28	55	2.237105	0.555715	3.024784	5.817603
28	56	2.237105	0.554176	2.850627	5.641908
28	57	2.237105	0.473353	2.048662	4.759120
28	58	2.237105	0.584974	3.262150	6.084229
28	59	2.237105	0.610832	3.412794	6.260731
28	60	2.237105	0.588560	3.191801	6.017466
28	61	2.237105	0.580234	3.109190	5.926530
28	62	2.237105	0.525862	2.569679	5.332645
28	63	2.237105	0.580234	3.109190	5.926530
28	64	2.237105	0.552676	2.835743	5.625525
28	65	2.237105	0.515257	2.464448	5.216809
28	66	2.237105	0.531937	2.629959	5.399001
28	67	2.237105	0.473353	2.048662	4.759120
28	68	2.237105	0.504929	2.361973	5.104007
28	69	2.237105	0.566800	2.975886	5.779791
28	70	2.237105	0.580234	3.109190	5.926530
28	71	2.237105	0.501248	2.325447	5.063800
28	72	2.237105	0.476525	2.080135	4.793765
28	73	2.237105	0.494896	2.262423	4.994424
28	74	2.237105	0.566800	2.975886	5.779791
28	75	2.237105	0.551146	2.820563	5.608814
28	76	2.237105	0.570686	3.014447	5.822238
28	77	2.237105	0.548890	2.798174	5.584169
28	78	2.237105	0.496741	2.280724	5.014570
28	79	2.237105	0.521610	2.527486	5.286201
28	80	2.237105	0.409708	1.417142	4.063955
28	81	2.237105	0.533594	2.646403	5.417102
28	82	2.237105	0.514022	2.452195	5.203321
28	83	2.237105	0.557575	2.884350	5.679030
28	84	2.237105	0.593592	3.347658	6.178355
28	85	2.237105	0.588560	3.191801	6.017466
28	86	2.237105	0.548890	2.798174	5.584169
28	87	2.237105	0.494896	2.262423	4.994424
28	88	2.237105	0.490248	2.216301	4.943654
28	89	2.237105	0.476543	2.715876	5.429524
28	90	2.237105	0.500845	2.321443	5.059393
28	91	2.237105	0.548120	2.790536	5.575761
28	92	2.237105	0.569746	3.005122	5.811973
28	93	2.237105	0.551146	2.820563	5.608814
28	94	2.237105	0.531348	2.624111	5.392563
28	95	2.237105	0.525862	2.569679	5.332645
28	96	2.237105	0.553638	2.845286	5.636029
28	97	2.237105	0.465235	1.968104	4.670444
28	98	2.237105	0.536555	2.675782	5.449442
28	99	2.237105	0.570686	3.014447	5.822238
29	0	2.221109	0.574381	3.051114	5.846604
29	1	2.221109	0.567274	2.980589	5.768972
29	2	2.221109	0.586950	3.175824	5.983883
29	3	2.221109	0.509075	2.403113	5.133297
29	4	2.221109	0.509075	2.403113	5.133297
29	5	2.221109	0.554703	2.855854	5.631666
29	6	2.221109	0.509803	2.410335	5.141247
29	7	2.221109	0.560497	2.913350	5.694957
29	8	2.221109	0.498949	2.673381	5.393439
29	9	2.221109	0.466916	1.984786	4.672811
29	10	2.221109	0.491832	2.232017	4.944958
29	11	2.221109	0.624471	3.548130	6.393711
29	12	2.221109	0.518106	2.492720	5.231935
29	13	2.221109	0.443101	1.748486	4.412696
29	14	2.221109	0.498949	2.673381	5.393439
29	15	2.221109	0.444890	1.766234	4.432233
29	16	2.221109	0.511109	2.423297	5.155516
29	17	2.221109	0.499869	2.311766	5.032745
29	18	2.221109	0.491925	2.232943	4.945977
29	19	2.221109	0.520276	2.726110	5.467495
29	20	2.221109	0.484163	2.155918	4.861190
29	21	2.221109	0.443101	1.748486	4.412696
29	22	2.221109	0.504747	2.360169	5.086026
29	23	2.221109	0.420556	1.524784	4.166449
29	24	2.221109	0.559280	3.219050	5.999439
29	25	2.221109	0.576657	3.073691	5.871456
29	26	2.221109	0.557296	2.987515	5.765920
29	27	2.221109	0.537940	2.689528	5.448577
29	28	2.221109	0.466916	1.984786	4.672811
29	29	2.221109	0.480128	2.115886	4.817123
29	30	2.221109	0.586005	3.166446	5.973560
29	31	2.221109	0.492138	2.235058	4.948305
29	32	2.221109	0.382888	1.998440	4.602437
29	33	2.221109	0.557296	2.987515	5.765920
29	34	2.221109	0.548154	2.790874	5.560137
29	35	2.221109	0.436169	1.679706	4.336984
29	36	2.221109	0.553102	2.839969	5.614180
29	37	2.221109	0.523979	2.550999	5.296088
29	38	2.221109	0.599374	3.299103	6.119587
29	39	2.221109	0.521677	2.528158	5.270945
29	40	2.221109	0.564412	2.952190	5.737711
29	41	2.221109	0.569181	2.999516	5.789807
29	42	2.221109	0.426330	1.582076	4.229515
29	43	2.221109	0.444890	1.766234	4.432233
29	44	2.221109	0.606518	3.369993	6.197620
29	45	2.221109	0.504085	2.353600	5.078795
29	46	2.221109	0.420556	1.524784	4.166449
29	47	2.221109	0.566112	2.969062	5.756283
29	48	2.221109	0.569965	3.007290	5.798364
29	49	2.221109	0.532851	2.639028	5.392988
29	50	2.221109	0.521677	2.528158	5.270945
29	51	2.221109	0.499869	2.311766	5.032745
29	52	2.221109	0.436169	1.679706	4.336984
29	53	2.221109	0.420556	1.524784	4.166449
29	54	2.221109	0.578277	3.089772	5.889158
29	55	2.221109	0.532851	2.639028	5.392988
29	56	2.221109	0.564412	2.952190	5.737711
29	57	2.221109	0.491225	2.225998	4.938333
29	58	2.221109	0.588637	3.192561	6.002307
29	59	2.221109	0.560497	2.913350	5.694957
29	60	2.221109	0.574381	3.051114	5.846604
29	61	2.221109	0.491925	2.232943	4.945977
29	62	2.221109	0.511109	2.423297	5.155516
29	63	2.221109	0.540923	3.036903	5.798935
29	64	2.221109	0.567274	2.980589	5.768972
29	65	2.221109	0.565222	2.960225	5.746555
29	66	2.221109	0.444890	1.766234	4.432233
29	67	2.221109	0.563640	2.944530	5.729279
29	68	2.221109	0.596138	3.266998	6.084245
29	69	2.221109	0.554585	2.854685	5.630379
29	70	2.221109	0.524236	2.553550	5.298895
29	71	2.221109	0.426330	1.582076	4.229515
29	72	2.221109	0.588637	3.192561	6.002307
29	73	2.221109	0.524236	2.553550	5.298895
29	74	2.221109	0.524236	2.553550	5.298895
29	75	2.221109	0.563640	2.944530	5.729279
29	76	2.221109	0.534368	2.654084	5.409561
29	77	2.221109	0.434287	1.661023	4.316418
29	78	2.221109	0.491925	2.232943	4.945977
29	79	2.221109	0.537566	2.685808	5.444483
29	80	2.221109	0.436169	1.679706	4.336984
29	81	2.221109	0.494480	2.258288	4.973876
29	82	2.221109	0.514510	2.457035	5.192654
29	83	2.221109	0.464433	1.960150	4.645692
29	84	2.221109	0.426330	1.582076	4.229515
29	85	2.221109	0.511109	2.423297	5.155516
29	86	2.221109	0.565222	2.960225	5.746555
29	87	2.221109	0.494480	2.258288	4.973876
29	88	2.221109	0.563733	3.104349	5.889192
29	89	2.221109	0.464433	1.960150	4.645692
29	90	2.221109	0.577844	3.085466	5.884418
29	91	2.221109	0.595092	3.256610	6.072811
29	92	2.221109	0.366122	1.885046	4.472278
29	93	2.221109	0.563378	2.941936	5.726423
29	94	2.221109	0.500332	2.316362	5.037804
29	95	2.221109	0.434287	1.661023	4.316418
29	96	2.221109	0.521341	2.524823	5.267273
29	97	2.221109	0.511571	2.427874	5.160553
29	98	2.221109	0.637046	3.672900	6.531055
29	99	2.221109	0.524236	2.553550	5.298895
30	0	2.166915	0.540310	2.713041	5.420266
30	1	2.166915	0.546099	2.770482	5.483496
30	2	2.166915	0.465770	1.973415	4.606099
30	3	2.166915	0.562911	2.937296	5.667122
30	4	2.166915	0.441439	1.731994	4.340347
30	5	2.166915	0.591185	3.217850	5.975950
30	6	2.166915	0.530212	2.612845	5.309972
30	7	2.166915	0.575374	3.060961	5.803250
30	8	2.166915	0.593751	3.243313	6.003979
30	9	2.166915	0.523322	2.544475	5.234712
30	10	2.166915	0.581345	3.173177	5.921437
30	11	2.166915	0.491907	2.232759	4.891580
30	12	2.166915	0.560493	2.913307	5.640715
30	13	2.166915	0.451200	1.828842	4.446956
30	14	2.166915	0.451200	1.828842	4.446956
30	15	2.166915	0.521559	2.526980	5.215453
30	16	2.166915	0.465770	1.973415	4.606099
30	17	2.166915	0.473670	2.051809	4.692394
30	18	2.166915	0.472508	2.040274	4.679696
30	19	2.166915	0.424249	1.561424	4.152588
30	20	2.166915	0.560493	2.913307	5.640715
30	21	2.166915	0.512677	2.438856	5.118448
30	22	2.166915	0.489669	2.210553	4.867136
30	23	2.166915	0.546099	2.770482	5.483496
30	24	2.166915	0.479857	2.113198	4.759970
30	25	2.166915	0.511942	2.431562	5.110419
30	26	2.166915	0.479857	2.113198	4.759970
30	27	2.166915	0.542230	2.732087	5.441231
30	28	2.166915	0.575374	3.060961	5.803250
30	29	2.166915	0.497692	2.290159	4.954766
30	30	2.166915	0.617443	3.478395	6.262754
30	31	2.166915	0.470917	2.024488	4.662319
30	32	2.166915	0.457172	2.364779	4.988866
30	33	2.166915	0.491907	2.232759	4.891580
30	34	2.166915	0.506587	2.590278	5.263780
30	35	2.166915	0.457172	2.364779	4.988866
30	36	2.166915	0.441439	1.731994	4.340347
30	37	2.166915	0.575374	3.060961	5.803250
30	38	2.166915	0.493026	2.243860	4.903800
30	39	2.166915	0.463734	1.953219	4.583869
30	40	2.166915	0.475404	2.439755	5.082073
30	41	2.166915	0.492087	2.234543	4.893545
30	42	2.166915	0.521559	2.526980	5.215453
30	43	2.166915	0.489522	2.209100	4.865538
30	44	2.166915	0.526929	2.580265	5.274108
30	45	2.166915	0.617443	3.478395	6.262754
30	46	2.166915	0.600504	3.469207	6.236626
30	47	2.166915	0.505752	2.370134	5.042801
30	48	2.166915	0.472508	2.040274	4.679696
30	49	2.166915	0.467081	1.986423	4.620419
30	50	2.166915	0.565432	2.962317	5.694665
30	51	2.166915	0.489669	2.210553	4.867136
30	52	2.166915	0.498662	2.723495	5.389071
30	53	2.166915	0.474834	2.063356	4.705105
30	54	2.166915	0.474559	2.060626	4.702100
30	55	2.166915	0.480664	2.491947	5.139525
30	56	2.166915	0.543301	2.742719	5.452935
30	57	2.166915	0.617443	3.478395	6.262754
30	58	2.166915	0.562171	2.929952	5.659038
30	59	2.166915	0.472649	2.041677	4.681241
30	60	2.166915	0.479857	2.113198	4.759970
30	61	2.166915	0.497692	2.290159	4.954766
30	62	2.166915	0.474559	2.060626	4.702100
30	63	2.166915	0.533598	2.646436	5.346948
30	64	2.166915	0.542230	2.732087	5.441231
30	65	2.166915	0.593751	3.243313	6.003979
30	66	2.166915	0.497692	2.290159	4.954766
30	67	2.166915	0.473606	2.051174	4.691695
30	68	2.166915	0.617443	3.478395	6.262754
30	69	2.166915	0.441439	1.731994	4.340347
30	70	2.166915	0.473670	2.051809	4.692394
30	71	2.166915	0.522024	2.531598	5.220537
30	72	2.166915	0.491606	2.229771	4.888291
30	73	2.166915	0.594809	3.253807	6.015531
30	74	2.166915	0.543301	2.742719	5.452935
30	75	2.166915	0.580713	3.113934	5.861561
30	76	2.166915	0.491606	2.229771	4.888291
30	77	2.166915	0.424249	1.561424	4.152588
30	78	2.166915	0.489522	2.209100	4.865538
30	79	2.166915	0.533408	2.644556	5.344879
30	80	2.166915	0.467081	1.986423	4.620419
30	81	2.166915	0.473606	2.051174	4.691695
30	82	2.166915	0.493412	2.247696	4.908023
30	83	2.166915	0.433292	1.651155	4.251362
30	84	2.166915	0.508585	2.398250	5.073750
30	85	2.166915	0.530212	2.612845	5.309972
30	86	2.166915	0.522024	2.531598	5.220537
30	87	2.166915	0.523322	2.544475	5.234712
30	88	2.166915	0.591185	3.217850	5.975950
30	89	2.166915	0.448231	1.799387	4.414533
30	90	2.166915	0.553912	3.059861	5.780688
30	91	2.166915	0.522024	2.531598	5.220537
30	92	2.166915	0.522024	2.531598	5.220537
30	93	2.166915	0.580713	3.113934	5.861561
30	94	2.166915	0.468218	2.580306	5.215438
30	95	2.166915	0.562171	2.929952	5.659038
30	96	2.166915	0.522024	2.531598	5.220537
30	97	2.166915	0.470917	2.024488	4.662319
30	98	2.166915	0.565432	2.962317	5.694665
30	99	2.166915	0.628840	3.591474	6.387228
31	0	2.200212	0.500822	2.321224	5.022258
31	1	2.200212	0.491473	2.228451	4.920135
31	2	2.200212	0.509318	2.405525	5.115055
31	3	2.200212	0.513344	2.445472	5.159028
31	4	2.200212	0.477644	2.091236	4.769092
31	5	2.200212	0.592403	3.229928	6.022543
31	6	2.200212	0.591086	3.216861	6.008158
31	7	2.200212	0.574237	3.049681	5.824130
31	8	2.200212	0.502672	2.339579	5.042463
31	9	2.200212	0.592403	3.229928	6.022543
31	10	2.200212	0.470053	2.015917	4.686182
31	11	2.200212	0.574237	3.049681	5.824130
31	12	2.200212	0.487227	2.186321	4.873759
31	13	2.200212	0.526523	2.576237	5.302971
31	14	2.200212	0.580856	3.115357	5.896424
31	15	2.200212	0.546492	2.774376	5.521080
31	16	2.200212	0.506996	2.859153	5.566360
31	17	2.200212	0.484098	2.155274	4.839584
31	18	2.200212	0.503884	2.510498	5.214595
31	19	2.200212	0.502672	2.339579	5.042463
31	20	2.200212	0.592403	3.229928	6.022543
31	21	2.200212	0.607096	3.375720	6.183027
31	22	2.200212	0.511656	2.428717	5.140584
31	23	2.200212	0.606132	3.366156	6.172499
31	24	2.200212	0.600081	3.306121	6.106415
31	25	2.200212	0.552705	2.836028	5.588945
31	26	2.200212	0.494341	2.256908	4.951460
31	27	2.200212	0.477644	2.091236	4.769092
31	28	2.200212	0.493965	2.253181	4.947358
31	29	2.200212	0.520395	2.515431	5.236038
31	30	2.200212	0.577584	3.188822	5.966618
31	31	2.200212	0.552705	2.836028	5.588945
31	32	2.200212	0.552705	2.836028	5.588945
31	33	2.200212	0.537320	2.683373	5.420905
31	34	2.200212	0.518137	2.493030	5.211379
31	35	2.200212	0.475826	2.073193	4.749231
31	36	2.200212	0.512356	2.435667	5.148235
31	37	2.200212	0.487859	2.192598	4.880670
31	38	2.200212	0.500822	2.321224	5.022258
31	39	2.200212	0.454305	1.859654	4.514170
31	40	2.200212	0.477644	2.091236	4.769092
31	41	2.200212	0.484098	2.155274	4.839584
31	42	2.200212	0.555071	3.018393	5.773676
31	43	2.200212	0.530180	2.612522	5.342914
31	44	2.200212	0.422000	1.539108	4.161320
31	45	2.200212	0.580856	3.115357	5.896424
31	46	2.200212	0.546492	2.774376	5.521080
31	47	2.200212	0.588998	3.196149	5.985359
31	48	2.200212	0.483771	2.152029	4.836011
31	49	2.200212	0.477644	2.091236	4.769092
31	50	2.200212	0.493965	2.253181	4.947358
31	51	2.200212	0.526289	2.573917	5.300418
31	52	2.200212	0.526289	2.573917	5.300418
31	53	2.200212	0.553152	2.840465	5.593829
31	54	2.200212	0.454305	1.859654	4.514170
31	55	2.200212	0.445324	2.300181	4.945718
31	56	2.200212	0.524877	2.559907	5.284996
31	57	2.200212	0.599039	3.295781	6.095032
31	58	2.200212	0.567753	3.144234	5.912199
31	59	2.200212	0.537320	2.683373	5.420905
31	60	2.200212	0.526523	2.576237	5.302971
31	61	2.200212	0.500822	2.321224	5.022258
31	62	2.200212	0.592403	3.229928	6.022543
31	63	2.200212	0.592339	3.229301	6.021852
31	64	2.200212	0.511610	2.428260	5.140082
31	65	2.200212	0.599039	3.295781	6.095032
31	66	2.200212	0.491523	2.228953	4.920688
31	67	2.200212	0.630873	3.611652	6.442737
31	68	2.200212	0.542458	2.734358	5.477028
31	69	2.200212	0.546492	2.774376	5.521080
31	70	2.200212	0.583796	3.144532	5.928540
31	71	2.200212	0.540119	2.711145	5.451476
31	72	2.200212	0.524877	2.559907	5.284996
31	73	2.200212	0.596627	3.271842	6.068681
31	74	2.200212	0.491473	2.228451	4.920135
31	75	2.200212	0.538607	2.802074	5.540893
31	76	2.200212	0.563391	2.942064	5.705667
31	77	2.200212	0.436140	1.679411	4.315763
31	78	2.200212	0.491473	2.228451	4.920135
31	79	2.200212	0.494341	2.256908	4.951460
31	80	2.200212	0.540119	2.711145	5.451476
31	81	2.200212	0.538607	2.802074	5.540893
31	82	2.200212	0.588998	3.196149	5.985359
31	83	2.200212	0.526523	2.576237	5.302971
31	84	2.200212	0.484098	2.155274	4.839584
31	85	2.200212	0.537266	2.841732	5.579210
31	86	2.200212	0.422000	1.539108	4.161320
31	87	2.200212	0.569663	3.004291	5.774165
31	88	2.200212	0.470053	2.015917	4.686182
31	89	2.200212	0.496525	2.755255	5.451992
31	90	2.200212	0.526523	2.576237	5.302971
31	91	2.200212	0.524066	2.551857	5.276135
31	92	2.200212	0.494341	2.256908	4.951460
31	93	2.200212	0.554468	2.853518	5.608197
31	94	2.200212	0.483771	2.152029	4.836011
31	95	2.200212	0.477644	2.091236	4.769092
31	96	2.200212	0.512356	2.435667	5.148235
31	97	2.200212	0.443121	1.748681	4.392013
31	98	2.200212	0.524877	2.559907	5.284996
31	99	2.200212	0.530180	2.612522	5.342914
32	0	2.145145	0.507661	2.389081	5.041887
32	1	2.145145	0.554781	2.856633	5.556560
32	2	2.145145	0.557853	2.887111	5.590109
32	3	2.145145	0.494846	2.261924	4.901916
32	4	2.145145	0.484150	2.155791	4.785087
32	5	2.145145	0.492187	2.235535	4.872867
32	6	2.145145	0.589263	3.251744	5.986153
32	7	2.145145	0.622340	3.526979	6.294464
32	8	2.145145	0.586099	3.167386	5.898631
32	9	2.145145	0.528577	2.596617	5.270340
32	10	2.145145	0.446909	1.786268	4.378322
32	11	2.145145	0.532858	2.639097	5.317101
32	12	2.145145	0.557853	2.887111	5.590109
32	13	2.145145	0.589657	3.202690	5.937493
32	14	2.145145	0.640149	3.703692	6.488986
32	15	2.145145	0.558352	2.892062	5.595559
32	16	2.145145	0.589263	3.251744	5.986153
32	17	2.145145	0.497367	2.286943	4.929456
32	18	2.145145	0.523331	2.544567	5.213044
32	19	2.145145	0.640149	3.703692	6.488986
32	20	2.145145	0.637401	3.676427	6.458973
32	21	2.145145	0.550542	2.814570	5.510258
32	22	2.145145	0.532180	2.632369	5.309694
32	23	2.145145	0.493006	2.243668	4.881820
32	24	2.145145	0.468563	2.001126	4.614834
32	25	2.145145	0.494846	2.261924	4.901916
32	26	2.145145	0.494846	2.261924	4.901916
32	27	2.145145	0.532858	2.639097	5.317101
32	28	2.145145	0.529997	2.610711	5.285854
32	29	2.145145	0.524066	2.551856	5.221067
32	30	2.145145	0.555995	2.868672	5.569812
32	31	2.145145	0.493006	2.243668	4.881820
32	32	2.145145	0.442341	1.740940	4.328426
32	33	2.145145	0.523331	2.544567	5.213044
32	34	2.145145	0.542771	2.737458	5.425375
32	35	2.145145	0.494846	2.261924	4.901916
32	36	2.145145	0.415980	1.479377	4.040503
32	37	2.145145	0.527783	2.588739	5.261667
32	38	2.145145	0.590986	3.268840	6.004972
32	39	2.145145	0.458810	1.904360	4.508316
32	40	2.145145	0.527783	2.588739	5.261667
32	41	2.145145	0.557853	2.887111	5.590109
32	42	2.145145	0.429692	1.615436	4.190274
32	43	2.145145	0.595822	3.369780	6.110747
32	44	2.145145	0.492187	2.235535	4.872867
32	45	2.145145	0.448216	1.799233	4.392594
32	46	2.145145	0.589263	3.251744	5.986153
32	47	2.145145	0.590986	3.268840	6.004972
32	48	2.145145	0.532527	2.635812	5.313484
32	49	2.145145	0.484150	2.155791	4.785087
32	50	2.145145	0.438117	2.334591	4.917853
32	51	2.145145	0.415980	1.479377	4.040503
32	52	2.145145	0.468563	2.001126	4.614834
32	53	2.145145	0.480542	2.119991	4.745678
32	54	2.145145	0.586099	3.167386	5.898631
32	55	2.145145	0.478764	2.102345	4.726254
32	56	2.145145	0.575834	3.118493	5.839473
32	57	2.145145	0.578149	3.141462	5.864756
32	58	2.145145	0.467410	1.989690	4.602245
32	59	2.145145	0.542771	2.737458	5.425375
32	60	2.145145	0.592165	3.227571	5.964881
32	61	2.145145	0.463811	1.953983	4.562940
32	62	2.145145	0.509448	2.724593	5.379187
32	63	2.145145	0.568605	2.993798	5.707548
32	64	2.145145	0.528435	2.595207	5.268787
32	65	2.145145	0.587908	3.185327	5.918380
32	66	2.145145	0.583684	3.143421	5.872250
32	67	2.145145	0.523331	2.544567	5.213044
32	68	2.145145	0.544182	2.751458	5.440785
32	69	2.145145	0.528435	2.595207	5.268787
32	70	2.145145	0.467410	1.989690	4.602245
32	71	2.145145	0.514225	2.454211	5.113581
32	72	2.145145	0.489263	2.206523	4.840932
32	73	2.145145	0.463811	1.953983	4.562940
32	74	2.145145	0.463811	1.953983	4.562940
32	75	2.145145	0.478764	2.102345	4.726254
32	76	2.145145	0.484150	2.155791	4.785087
32	77	2.145145	0.532858	2.639097	5.317101
32	78	2.145145	0.529997	2.610711	5.285854
32	79	2.145145	0.458810	1.904360	4.508316
32	80	2.145145	0.539872	2.708691	5.393708
32	81	2.145145	0.554781	2.856633	5.556560
32	82	2.145145	0.592952	3.235378	5.973475
32	83	2.145145	0.532527	2.635812	5.313484
32	84	2.145145	0.446909	1.786268	4.378322
32	85	2.145145	0.568605	2.993798	5.707548
32	86	2.145145	0.497367	2.286943	4.929456
32	87	2.145145	0.487104	2.185102	4.817351
32	88	2.145145	0.542828	2.738029	5.426003
32	89	2.145145	0.472637	2.041556	4.659338
32	90	2.145145	0.492187	2.235535	4.872867
32	91	2.145145	0.415980	1.479377	4.040503
32	92	2.145145	0.572436	3.031808	5.749389
32	93	2.145145	0.555995	2.868672	5.569812
32	94	2.145145	0.484150	2.155791	4.785087
32	95	2.145145	0.550542	2.814570	5.510258
32	96	2.145145	0.472637	2.041556	4.659338
32	97	2.145145	0.467678	1.992344	4.605167
32	98	2.145145	0.544182	2.751458	5.440785
32	99	2.145145	0.550542	2.814570	5.510258
33	0	2.189693	0.472248	2.037691	4.699632
33	1	2.189693	0.428063	1.599271	4.217027
33	2	2.189693	0.545184	2.761398	5.496274
33	3	2.189693	0.540434	2.714273	5.444400
33	4	2.189693	0.438358	1.701423	4.329475
33	5	2.189693	0.535263	2.662959	5.387914
33	6	2.189693	0.529408	2.604864	5.323965
33	7	2.189693	0.540434	2.714273	5.444400
33	8	2.189693	0.589242	3.198567	5.977502
33	9	2.189693	0.612307	3.480393	6.282393
33	10	2.189693	0.518565	2.497277	5.205535
33	11	2.189693	0.578930	3.255142	6.023765
33	12	2.189693	0.606062	3.365462	6.161216
33	13	2.189693	0.603152	3.336589	6.129434
33	14	2.189693	0.492226	2.235931	4.917850
33	15	2.189693	0.477179	2.086619	4.753491
33	16	2.189693	0.600423	3.309510	6.099626
33	17	2.189693	0.558626	2.894776	5.643094
33	18	2.189693	0.445970	2.253621	4.889283
33	19	2.189693	0.478293	2.097673	4.765659
33	20	2.189693	0.550440	2.813558	5.553691
33	21	2.189693	0.520564	2.517115	5.227372
33	22	2.189693	0.515606	2.467913	5.173211
33	23	2.189693	0.520564	2.517115	5.227372
33	24	2.189693	0.595677	3.262416	6.047785
33	25	2.189693	0.454667	1.863250	4.507610
33	26	2.189693	0.436377	1.681763	4.307833
33	27	2.189693	0.600423	3.309510	6.099626
33	28	2.189693	0.585694	3.163365	5.938752
33	29	2.189693	0.556800	2.876661	5.623153
33	30	2.189693	0.550440	2.813558	5.553691
33	31	2.189693	0.454667	1.863250	4.507610
33	32	2.189693	0.554020	2.849077	5.592789
33	33	2.189693	0.542446	2.734234	5.466372
33	34	2.189693	0.522028	2.531641	5.243363
33	35	2.189693	0.578930	3.255142	6.023765
33	36	2.189693	0.575778	3.117932	5.883402
33	37	2.189693	0.556800	2.876661	5.623153
33	38	2.189693	0.574103	3.048355	5.812151
33	39	2.189693	0.561169	2.920016	5.670878
33	40	2.189693	0.572956	3.036969	5.799617
33	41	2.189693	0.550440	2.813558	5.553691
33	42	2.189693	0.537247	2.682646	5.409586
33	43	2.189693	0.542446	2.734234	5.466372
33	44	2.189693	0.493292	2.246504	4.929489
33	45	2.189693	0.557294	2.881568	5.628555
33	46	2.189693	0.525605	2.567129	5.282427
33	47	2.189693	0.515166	2.463551	5.168410
33	48	2.189693	0.558626	2.894776	5.643094
33	49	2.189693	0.436377	1.681763	4.307833
33	50	2.189693	0.477179	2.086619	4.753491
33	51	2.189693	0.480780	2.122358	4.792831
33	52	2.189693	0.486575	2.179853	4.856120
33	53	2.189693	0.568197	2.989749	5.747639
33	54	2.189693	0.572956	3.036969	5.799617
33	55	2.189693	0.494837	2.261830	4.946359
33	56	2.189693	0.561169	2.920016	5.670878
33	57	2.189693	0.492226	2.235931	4.917850
33	58	2.189693	0.578930	3.255142	6.023765
33	59	2.189693	0.603152	3.336589	6.129434
33	60	2.189693	0.520564	2.517115	5.227372
33	61	2.189693	0.561169	2.920016	5.670878
33	62	2.189693	0.518565	2.497277	5.205535
33	63	2.189693	0.507493	2.387413	5.084598
33	64	2.189693	0.574103	3.048355	5.812151
33	65	2.189693	0.555060	2.859401	5.604155
33	66	2.189693	0.494131	2.254831	4.938656
33	67	2.189693	0.436377	1.681763	4.307833
33	68	2.189693	0.606062	3.365462	6.161216
33	69	2.189693	0.521424	2.790466	5.501584
33	70	2.189693	0.574317	3.262329	6.026339
33	71	2.189693	0.600423	3.309510	6.099626
33	72	2.189693	0.409320	1.413296	4.012310
33	73	2.189693	0.436377	1.681763	4.307833
33	74	2.189693	0.550440	2.813558	5.553691
33	75	2.189693	0.501716	2.330088	5.021497
33	76	2.189693	0.525605	2.567129	5.282427
33	77	2.189693	0.527362	2.584566	5.301621
33	78	2.189693	0.518565	2.497277	5.205535
33	79	2.189693	0.543339	2.743097	5.476129
33	80	2.189693	0.495418	2.797240	5.482352
33	81	2.189693	0.497301	2.286286	4.973280
33	82	2.189693	0.555480	2.863568	5.608742
33	83	2.189693	0.591461	3.220588	6.001742
33	84	2.189693	0.510891	2.421133	5.121717
33	85	2.189693	0.485819	2.172353	4.847865
33	86	2.189693	0.409320	1.413296	4.012310
33	87	2.189693	0.509359	2.405925	5.104976
33	88	2.189693	0.478293	2.097673	4.765659
33	89	2.189693	0.448425	1.801310	4.439427
33	90	2.189693	0.574317	3.262329	6.026339
33	91	2.189693	0.520564	2.517115	5.227372
33	92	2.189693	0.556800	2.876661	5.623153
33	93	2.189693	0.525605	2.567129	5.282427
33	94	2.189693	0.539434	2.704346	5.433473
33	95	2.189693	0.555060	2.859401	5.604155
33	96	2.189693	0.545184	2.761398	5.496274
33	97	2.189693	0.472248	2.037691	4.699632
33	98	2.189693	0.501716	2.330088	5.021497
33	99	2.189693	0.492226	2.235931	4.917850
34	0	2.312791	0.481071	2.125243	4.919105
34	1	2.312791	0.515363	2.465503	5.293656
34	2	2.312791	0.581325	3.120008	6.014124
34	3	2.312791	0.501975	2.332657	5.147423
34	4	2.312791	0.511909	2.431233	5.255933
34	5	2.312791	0.555983	3.080410	5.949184
34	6	2.312791	0.555687	2.865623	5.734101
34	7	2.312791	0.486444	2.178557	4.977792
34	8	2.312791	0.531916	2.629750	5.474457
34	9	2.312791	0.541759	2.727420	5.581969
34	10	2.312791	0.435315	1.671225	4.419331
34	11	2.312791	0.540533	2.715254	5.568578
34	12	2.312791	0.503771	2.350482	5.167043
34	13	2.312791	0.460133	1.917487	4.690411
34	14	2.312791	0.531916	2.629750	5.474457
34	15	2.312791	0.554127	2.850141	5.717059
34	16	2.312791	0.491114	2.224895	5.028800
34	17	2.312791	0.473233	2.047472	4.833496
34	18	2.312791	0.564922	2.957256	5.834969
34	19	2.312791	0.531916	2.629750	5.474457
34	20	2.312791	0.499725	2.310334	5.122850
34	21	2.312791	0.501975	2.332657	5.147423
34	22	2.312791	0.581325	3.120008	6.014124
34	23	2.312791	0.541759	2.727420	5.581969
34	24	2.312791	0.576709	3.074213	5.963713
34	25	2.312791	0.571295	3.020485	5.904570
34	26	2.312791	0.581325	3.120008	6.014124
34	27	2.312791	0.581898	3.178659	6.073347
34	28	2.312791	0.460133	1.917487	4.690411
34	29	2.312791	0.507190	2.384407	5.204388
34	30	2.312791	0.450092	1.817850	4.580732
34	31	2.312791	0.540333	3.084015	5.937139
34	32	2.312791	0.557682	3.097269	5.967742
34	33	2.312791	0.559606	2.904505	5.776902
34	34	2.312791	0.618586	3.489736	6.421113
34	35	2.312791	0.441487	1.732470	4.486748
34	36	2.312791	0.517553	2.487235	5.317579
34	37	2.312791	0.507190	2.384407	5.204388
34	38	2.312791	0.553185	2.840792	5.706768
34	39	2.312791	0.578094	3.087955	5.978840
34	40	2.312791	0.623885	3.542316	6.478992
34	41	2.312791	0.511909	2.431233	5.255933
34	42	2.312791	0.453901	1.855645	4.622336
34	43	2.312791	0.571295	3.020485	5.904570
34	44	2.312791	0.624274	3.546171	6.483236
34	45	2.312791	0.642583	3.727842	6.683215
34	46	2.312791	0.566062	2.968560	5.847413
34	47	2.312791	0.490328	2.217093	5.020211
34	48	2.312791	0.505240	2.735808	5.553839
34	49	2.312791	0.514441	2.456353	5.283585
34	50	2.312791	0.531916	2.629750	5.474457
34	51	2.312791	0.514697	2.458898	5.286385
34	52	2.312791	0.471277	2.028059	4.812126
34	53	2.312791	0.486116	2.175301	4.974207
34	54	2.312791	0.486404	2.178160	4.977355
34	55	2.312791	0.541759	2.727420	5.581969
34	56	2.312791	0.548524	2.794547	5.655862
34	57	2.312791	0.580039	3.107248	6.000078
34	58	2.312791	0.511909	2.431233	5.255933
34	59	2.312791	0.499725	2.310334	5.122850
34	60	2.312791	0.510297	2.415237	5.238325
34	61	2.312791	0.504414	2.356865	5.174069
34	62	2.312791	0.501975	2.332657	5.147423
34	63	2.312791	0.572193	3.029403	5.914387
34	64	2.312791	0.555983	3.080410	5.949184
34	65	2.312791	0.598392	3.289356	6.200538
34	66	2.312791	0.531916	2.629750	5.474457
34	67	2.312791	0.470502	2.020368	4.803660
34	68	2.312791	0.441487	1.732470	4.486748
34	69	2.312791	0.566592	3.185680	6.065063
34	70	2.312791	0.565748	2.965445	5.843983
34	71	2.312791	0.486116	2.175301	4.974207
34	72	2.312791	0.612138	3.425749	6.350677
34	73	2.312791	0.486404	2.178160	4.977355
34	74	2.312791	0.597497	3.280481	6.190769
34	75	2.312791	0.497737	2.290606	5.101134
34	76	2.312791	0.510297	2.415237	5.238325
34	77	2.312791	0.502145	2.334346	5.149281
34	78	2.312791	0.418592	1.505289	4.236671
34	79	2.312791	0.580039	3.107248	6.000078
34	80	2.312791	0.515714	2.468983	5.297487
34	81	2.312791	0.572193	3.029403	5.914387
34	82	2.312791	0.450092	1.817850	4.580732
34	83	2.312791	0.514441	2.456353	5.283585
34	84	2.312791	0.486444	2.178557	4.977792
34	85	2.312791	0.503771	2.350482	5.167043
34	86	2.312791	0.504414	2.356865	5.174069
34	87	2.312791	0.591322	3.219211	6.123324
34	88	2.312791	0.552537	3.152143	6.017471
34	89	2.312791	0.527231	2.583264	5.423286
34	90	2.312791	0.490328	2.217093	5.020211
34	91	2.312791	0.515363	2.465503	5.293656
34	92	2.312791	0.555983	3.080410	5.949184
34	93	2.312791	0.532130	2.631874	5.476795
34	94	2.312791	0.497611	2.818995	5.629396
34	95	2.312791	0.515714	2.468983	5.297487
34	96	2.312791	0.481071	2.125243	4.919105
34	97	2.312791	0.481071	2.125243	4.919105
34	98	2.312791	0.471277	2.028059	4.812126
34	99	2.312791	0.555687	2.865623	5.734101
35	0	2.236756	0.430242	1.620892	4.287891
35	1	2.236756	0.564969	2.957719	5.759444
35	2	2.236756	0.436064	1.678661	4.351481
35	3	2.236756	0.464683	1.962633	4.664072
35	4	2.236756	0.580994	3.169694	5.987444
35	5	2.236756	0.461985	1.935858	4.634598
35	6	2.236756	0.580994	3.169694	5.987444
35	7	2.236756	0.451035	1.827208	4.514999
35	8	2.236756	0.526316	2.574183	5.337255
35	9	2.236756	0.605839	3.363252	6.205847
35	10	2.236756	0.605839	3.363252	6.205847
35	11	2.236756	0.498943	2.302572	5.038270
35	12	2.236756	0.520805	2.519505	5.277067
35	13	2.236756	0.416754	1.487054	4.140564
35	14	2.236756	0.436064	1.678661	4.351481
35	15	2.236756	0.544118	2.750827	5.531702
35	16	2.236756	0.451035	1.827208	4.514999
35	17	2.236756	0.569547	3.003145	5.809448
35	18	2.236756	0.479963	2.114244	4.830963
35	19	2.236756	0.519627	2.507814	5.264198
35	20	2.236756	0.584114	3.147683	5.968552
35	21	2.236756	0.518605	2.497673	5.253034
35	22	2.236756	0.530400	2.614706	5.381862
35	23	2.236756	0.445730	1.774570	4.457056
35	24	2.236756	0.526768	2.578673	5.342198
35	25	2.236756	0.478932	2.104013	4.819701
35	26	2.236756	0.451035	1.827208	4.514999
35	27	2.236756	0.473968	2.054765	4.765490
35	28	2.236756	0.526316	2.574183	5.337255
35	29	2.236756	0.484860	2.162842	4.884459
35	30	2.236756	0.605839	3.363252	6.205847
35	31	2.236756	0.531375	2.889200	5.657331
35	32	2.236756	0.530400	2.614706	5.381862
35	33	2.236756	0.526768	2.578673	5.342198
35	34	2.236756	0.531403	2.624655	5.392814
35	35	2.236756	0.473968	2.054765	4.765490
35	36	2.236756	0.506656	2.379110	5.122522
35	37	2.236756	0.531375	2.889200	5.657331
35	38	2.236756	0.518043	2.492097	5.246896
35	39	2.236756	0.553674	2.951574	5.742004
35	40	2.236756	0.425271	1.571566	4.233593
35	41	2.236756	0.462528	1.941247	4.640531
35	42	2.236756	0.526316	2.574183	5.337255
35	43	2.236756	0.537982	2.689939	5.464676
35	44	2.236756	0.425271	1.571566	4.233593
35	45	2.236756	0.461985	1.935858	4.634598
35	46	2.236756	0.510701	2.419246	5.166703
35	47	2.236756	0.425271	1.571566	4.233593
35	48	2.236756	0.505311	2.365764	5.107832
35	49	2.236756	0.583753	3.144104	5.964613
35	50	2.236756	0.408017	1.400367	4.045140
35	51	2.236756	0.599843	3.303753	6.140352
35	52	2.236756	0.506656	2.379110	5.122522
35	53	2.236756	0.464683	1.962633	4.664072
35	54	2.236756	0.572507	3.032513	5.841776
35	55	2.236756	0.526316	2.574183	5.337255
35	56	2.236756	0.592168	3.227601	6.056525
35	57	2.236756	0.534277	2.653175	5.424208
35	58	2.236756	0.491144	2.225193	4.953094
35	59	2.236756	0.544118	2.750827	5.531702
35	60	2.236756	0.508186	2.394290	5.139233
35	61	2.236756	0.554277	3.010518	5.801551
35	62	2.236756	0.586540	3.171757	5.995053
35	63	2.236756	0.491144	2.225193	4.953094
35	64	2.236756	0.461985	1.935858	4.634598
35	65	2.236756	0.506656	2.379110	5.122522
35	66	2.236756	0.473968	2.054765	4.765490
35	67	2.236756	0.445730	1.774570	4.457056
35	68	2.236756	0.535526	2.665574	5.437857
35	69	2.236756	0.419386	1.513170	4.169312
35	70	2.236756	0.519627	2.507814	5.264198
35	71	2.236756	0.526768	2.578673	5.342198
35	72	2.236756	0.470980	2.025109	4.732845
35	73	2.236756	0.630622	3.609164	6.476542
35	74	2.236756	0.537982	2.689939	5.464676
35	75	2.236756	0.478932	2.104013	4.819701
35	76	2.236756	0.520805	2.519505	5.277067
35	77	2.236756	0.478932	2.104013	4.819701
35	78	2.236756	0.478932	2.104013	4.819701
35	79	2.236756	0.557115	2.879788	5.673659
35	80	2.236756	0.557115	2.879788	5.673659
35	81	2.236756	0.477126	2.086100	4.799982
35	82	2.236756	0.518605	2.497673	5.253034
35	83	2.236756	0.425271	1.571566	4.233593
35	84	2.236756	0.419386	1.513170	4.169312
35	85	2.236756	0.554277	3.010518	5.801551
35	86	2.236756	0.531403	2.624655	5.392814
35	87	2.236756	0.605839	3.363252	6.205847
35	88	2.236756	0.473697	2.052076	4.762530
35	89	2.236756	0.484860	2.162842	4.884459
35	90	2.236756	0.536993	2.944950	5.718700
35	91	2.236756	0.544118	2.750827	5.531702
35	92	2.236756	0.504350	2.356230	5.097336
35	93	2.236756	0.436980	1.687751	4.361488
35	94	2.236756	0.497883	2.609840	5.344480
35	95	2.236756	0.351212	1.790062	4.378030
35	96	2.236756	0.470980	2.025109	4.732845
35	97	2.236756	0.599964	3.304959	6.141679
35	98	2.236756	0.499344	2.306550	5.042649
35	99	2.236756	0.577774	3.084781	5.899311
36	0	2.257335	0.533397	2.644443	5.435175
36	1	2.257335	0.466267	1.978351	4.701953
36	2	2.257335	0.572552	3.085920	5.915807
36	3	2.257335	0.501779	2.330719	5.089833
36	4	2.257335	0.441693	1.734512	4.433540
36	5	2.257335	0.488982	2.203741	4.950058
36	6	2.257335	0.466267	1.978351	4.701953
36	7	2.257335	0.512274	2.434853	5.204462
36	8	2.257335	0.500046	2.313524	5.070905
36	9	2.257335	0.441693	1.734512	4.433540
36	10	2.257335	0.556790	3.088417	5.902542
36	11	2.257335	0.540684	2.716754	5.514773
36	12	2.257335	0.537438	2.684546	5.479319
36	13	2.257335	0.466267	1.978351	4.701953
36	14	2.257335	0.570533	3.012926	5.840794
36	15	2.257335	0.540684	2.716754	5.514773
36	16	2.257335	0.566931	2.977186	5.801452
36	17	2.257335	0.523114	2.542409	5.322857
36	18	2.257335	0.495640	2.269804	5.022779
36	19	2.257335	0.587727	3.183532	6.028594
36	20	2.257335	0.508505	2.397457	5.163297
36	21	2.257335	0.558393	2.892469	5.708197
36	22	2.257335	0.552386	2.832865	5.642586
36	23	2.257335	0.487887	2.192868	4.938089
36	24	2.257335	0.459201	1.908240	4.624776
36	25	2.257335	0.496173	2.275094	5.028602
36	26	2.257335	0.533397	2.644443	5.435175
36	27	2.257335	0.555554	3.129115	5.942004
36	28	2.257335	0.479374	2.108401	4.845109
36	29	2.257335	0.563424	2.942388	5.763147
36	30	2.257335	0.479374	2.108401	4.845109
36	31	2.257335	0.566931	2.977186	5.801452
36	32	2.257335	0.516802	2.479778	5.253915
36	33	2.257335	0.570533	3.012926	5.840794
36	34	2.257335	0.623390	3.537400	6.418125
36	35	2.257335	0.485279	2.166992	4.909605
36	36	2.257335	0.525614	2.567217	5.350166
36	37	2.257335	0.523114	2.542409	5.322857
36	38	2.257335	0.524410	2.555277	5.337022
36	39	2.257335	0.525614	2.567217	5.350166
36	40	2.257335	0.552386	2.832865	5.642586
36	41	2.257335	0.523114	2.542409	5.322857
36	42	2.257335	0.429544	1.613959	4.300838
36	43	2.257335	0.498064	2.293856	5.049255
36	44	2.257335	0.527602	2.586948	5.371886
36	45	2.257335	0.496173	2.275094	5.028602
36	46	2.257335	0.575549	3.062700	5.895584
36	47	2.257335	0.431921	1.637545	4.326800
36	48	2.257335	0.613416	3.438431	6.309181
36	49	2.257335	0.594180	3.247564	6.099079
36	50	2.257335	0.498638	2.299549	5.055522
36	51	2.257335	0.561489	2.923187	5.742011
36	52	2.257335	0.488982	2.203741	4.950058
36	53	2.257335	0.609757	3.402123	6.269214
36	54	2.257335	0.501779	2.330719	5.089833
36	55	2.257335	0.454717	2.446343	5.158394
36	56	2.257335	0.492031	2.233992	4.983358
36	57	2.257335	0.546726	2.935594	5.739655
36	58	2.257335	0.601253	3.317750	6.176338
36	59	2.257335	0.579749	3.104369	5.941452
36	60	2.257335	0.651835	3.819651	6.728821
36	61	2.257335	0.524941	3.037219	5.819495
36	62	2.257335	0.574911	3.056364	5.888609
36	63	2.257335	0.524246	2.553643	5.335224
36	64	2.257335	0.465004	1.965814	4.688152
36	65	2.257335	0.575549	3.062700	5.895584
36	66	2.257335	0.581620	3.122936	5.961891
36	67	2.257335	0.485279	2.166992	4.909605
36	68	2.257335	0.492031	2.233992	4.983358
36	69	2.257335	0.563424	2.942388	5.763147
36	70	2.257335	0.497486	2.288118	5.042938
36	71	2.257335	0.537339	2.683555	5.478229
36	72	2.257335	0.540684	2.716754	5.514773
36	73	2.257335	0.389454	2.063587	4.710375
36	74	2.257335	0.410916	2.170618	4.838869
36	75	2.257335	0.563424	2.942388	5.763147
36	76	2.257335	0.465004	1.965814	4.688152
36	77	2.257335	0.449060	1.807608	4.514002
36	78	2.257335	0.498064	2.293856	5.049255
36	79	2.257335	0.584599	3.152499	5.994433
36	80	2.257335	0.587727	3.183532	6.028594
36	81	2.257335	0.523114	2.542409	5.322857
36	82	2.257335	0.500046	2.313524	5.070905
36	83	2.257335	0.488982	2.203741	4.950058
36	84	2.257335	0.495640	2.269804	5.022779
36	85	2.257335	0.498638	2.299549	5.055522
36	86	2.257335	0.552386	2.832865	5.642586
36	87	2.257335	0.548325	2.792565	5.598224
36	88	2.257335	0.609757	3.402123	6.269214
36	89	2.257335	0.492031	2.233992	4.983358
36	90	2.257335	0.411629	1.436201	4.105165
36	91	2.257335	0.411629	1.436201	4.105165
36	92	2.257335	0.542336	2.733141	5.532812
36	93	2.257335	0.465004	1.965814	4.688152
36	94	2.257335	0.557740	3.097839	5.912914
36	95	2.257335	0.429544	1.613959	4.300838
36	96	2.257335	0.496173	2.275094	5.028602
36	97	2.257335	0.605842	3.363280	6.226457
36	98	2.257335	0.583106	3.243614	6.084055
36	99	2.257335	0.495640	2.269804	5.022779
37	0	2.183688	0.532538	2.953702	5.669928
37	1	2.183688	0.507893	2.391380	5.082961
37	2	2.183688	0.560581	2.914178	5.658446
37	3	2.183688	0.488548	2.199435	4.871671
37	4	2.183688	0.445832	1.775580	4.405100
37	5	2.183688	0.501383	2.326786	5.011856
37	6	2.183688	0.493159	2.245186	4.922033
37	7	2.183688	0.544508	2.754690	5.482885
37	8	2.183688	0.428590	1.604496	4.216773
37	9	2.183688	0.552390	2.832904	5.568982
37	10	2.183688	0.498032	2.293532	4.975251
37	11	2.183688	0.579917	3.106042	5.869646
37	12	2.183688	0.511563	2.427797	5.123048
37	13	2.183688	0.540248	2.712429	5.436366
37	14	2.183688	0.581796	3.336537	6.102021
37	15	2.183688	0.587398	3.180270	5.951356
37	16	2.183688	0.529286	2.603649	5.316623
37	17	2.183688	0.532751	2.638032	5.354471
37	18	2.183688	0.501383	2.326786	5.011856
37	19	2.183688	0.488456	2.198522	4.870666
37	20	2.183688	0.482920	2.461370	5.127978
37	21	2.183688	0.507483	2.387310	5.078481
37	22	2.183688	0.510205	2.414322	5.108215
37	23	2.183688	0.513910	2.451082	5.148679
37	24	2.183688	0.587941	3.185656	5.957285
37	25	2.183688	0.493734	2.250892	4.928314
37	26	2.183688	0.472225	2.037468	4.693381
37	27	2.183688	0.510205	2.414322	5.108215
37	28	2.183688	0.539917	2.709137	5.432742
37	29	2.183688	0.433780	1.655996	4.273464
37	30	2.183688	0.520093	2.512441	5.216223
37	31	2.183688	0.605635	3.361223	6.150546
37	32	2.183688	0.493734	2.250892	4.928314
37	33	2.183688	0.461330	1.929365	4.574384
37	34	2.183688	0.586011	3.166505	5.936204
37	35	2.183688	0.421621	1.535351	4.140661
37	36	2.183688	0.553635	2.845256	5.582579
37	37	2.183688	0.560135	2.909752	5.653575
37	38	2.183688	0.493734	2.250892	4.928314
37	39	2.183688	0.592488	3.230773	6.006948
37	40	2.183688	0.577313	3.080202	5.841203
37	41	2.183688	0.501383	2.326786	5.011856
37	42	2.183688	0.472225	2.037468	4.693381
37	43	2.183688	0.549191	2.801165	5.534045
37	44	2.183688	0.540248	2.712429	5.436366
37	45	2.183688	0.438158	1.699433	4.321278
37	46	2.183688	0.589463	3.200763	5.973914
37	47	2.183688	0.552390	2.832904	5.568982
37	48	2.183688	0.589988	3.205965	5.979640
37	49	2.183688	0.461330	1.929365	4.574384
37	50	2.183688	0.475719	2.072137	4.731544
37	51	2.183688	0.493750	2.251051	4.928489
37	52	2.183688	0.448558	1.802632	4.434877
37	53	2.183688	0.512482	2.436916	5.133086
37	54	2.183688	0.548820	2.797478	5.529986
37	55	2.183688	0.553635	2.845256	5.582579
37	56	2.183688	0.510205	2.414322	5.108215
37	57	2.183688	0.421621	1.535351	4.140661
37	58	2.183688	0.544508	2.754690	5.482885
37	59	2.183688	0.438158	1.699433	4.321278
37	60	2.183688	0.581796	3.336537	6.102021
37	61	2.183688	0.543282	2.742533	5.469503
37	62	2.183688	0.507418	2.386672	5.077778
37	63	2.183688	0.470406	2.549059	5.203153
37	64	2.183688	0.542906	2.738801	5.465395
37	65	2.183688	0.493750	2.251051	4.928489
37	66	2.183688	0.549191	2.801165	5.534045
37	67	2.183688	0.525633	2.567408	5.276729
37	68	2.183688	0.584326	3.149786	5.917799
37	69	2.183688	0.571772	3.290040	6.045499
37	70	2.183688	0.580460	3.270317	6.034465
37	71	2.183688	0.577313	3.080202	5.841203
37	72	2.183688	0.498645	2.458514	5.140847
37	73	2.183688	0.532751	2.638032	5.354471
37	74	2.183688	0.553635	2.845256	5.582579
37	75	2.183688	0.601085	3.316076	6.100849
37	76	2.183688	0.636608	3.668555	6.488851
37	77	2.183688	0.472833	2.043498	4.700019
37	78	2.183688	0.491224	2.649690	5.324601
37	79	2.183688	0.517509	2.486799	5.187996
37	80	2.183688	0.525633	2.567408	5.276729
37	81	2.183688	0.549191	2.801165	5.534045
37	82	2.183688	0.587941	3.185656	5.957285
37	83	2.183688	0.427219	2.279424	4.890331
37	84	2.183688	0.498385	2.297036	4.979108
37	85	2.183688	0.548820	2.797478	5.529986
37	86	2.183688	0.548820	2.797478	5.529986
37	87	2.183688	0.472225	2.037468	4.693381
37	88	2.183688	0.540248	2.712429	5.436366
37	89	2.183688	0.651769	3.818987	6.654443
37	90	2.183688	0.483354	2.147893	4.814935
37	91	2.183688	0.461220	1.928273	4.573181
37	92	2.183688	0.529286	2.603649	5.316623
37	93	2.183688	0.410045	1.420481	4.014213
37	94	2.183688	0.548820	2.797478	5.529986
37	95	2.183688	0.513135	2.443396	5.140219
37	96	2.183688	0.548017	2.789509	5.521214
37	97	2.183688	0.568460	2.992359	5.744507
37	98	2.183688	0.616702	3.471035	6.271425
37	99	2.183688	0.543004	2.739771	5.466463
38	0	2.206902	0.486529	2.179396	4.872827
38	1	2.206902	0.505163	2.364295	5.076360
38	2	2.206902	0.633268	3.635413	6.475583
38	3	2.206902	0.492353	2.237182	4.936437
38	4	2.206902	0.599582	3.301165	6.107649
38	5	2.206902	0.486529	2.179396	4.872827
38	6	2.206902	0.588638	3.192577	5.988117
38	7	2.206902	0.503417	2.346966	5.057285
38	8	2.206902	0.540149	2.711442	5.458494
38	9	2.206902	0.543299	2.742698	5.492899
38	10	2.206902	0.606728	3.372071	6.185701
38	11	2.206902	0.472168	2.036901	4.715971
38	12	2.206902	0.542234	3.049918	5.799055
38	13	2.206902	0.518211	2.493765	5.218878
38	14	2.206902	0.588638	3.192577	5.988117
38	15	2.206902	0.550882	2.817944	5.575728
38	16	2.206902	0.489497	2.208852	4.905252
38	17	2.206902	0.509047	2.402837	5.118787
38	18	2.206902	0.483874	2.153055	4.843832
38	19	2.206902	0.567613	2.983950	5.758465
38	20	2.206902	0.553165	3.105407	5.865474
38	21	2.206902	0.535329	2.663613	5.405844
38	22	2.206902	0.567613	2.983950	5.758465
38	23	2.206902	0.549305	2.802294	5.558502
38	24	2.206902	0.428690	1.605492	4.241084
38	25	2.206902	0.633268	3.635413	6.475583
38	26	2.206902	0.555316	3.126755	5.888973
38	27	2.206902	0.565557	2.963551	5.736010
38	28	2.206902	0.567613	2.983950	5.758465
38	29	2.206902	0.521081	2.522239	5.250222
38	30	2.206902	0.555316	3.126755	5.888973
38	31	2.206902	0.519875	2.510272	5.237049
38	32	2.206902	0.416182	1.481379	4.104463
38	33	2.206902	0.546456	2.774020	5.527378
38	34	2.206902	0.471768	2.032936	4.711607
38	35	2.206902	0.489497	2.208852	4.905252
38	36	2.206902	0.535329	2.663613	5.405844
38	37	2.206902	0.567613	2.983950	5.758465
38	38	2.206902	0.518211	2.493765	5.218878
38	39	2.206902	0.497839	2.291623	4.996364
38	40	2.206902	0.572102	3.028499	5.807503
38	41	2.206902	0.644695	3.748799	6.600396
38	42	2.206902	0.612921	3.433524	6.253348
38	43	2.206902	0.405398	2.221791	4.834091
38	44	2.206902	0.555273	2.861515	5.623691
38	45	2.206902	0.416182	1.481379	4.104463
38	46	2.206902	0.509047	2.402837	5.118787
38	47	2.206902	0.469549	2.010910	4.687361
38	48	2.206902	0.599582	3.301165	6.107649
38	49	2.206902	0.471768	2.032936	4.711607
38	50	2.206902	0.472168	2.036901	4.715971
38	51	2.206902	0.586530	3.171660	5.965092
38	52	2.206902	0.535060	2.660943	5.402905
38	53	2.206902	0.503417	2.346966	5.057285
38	54	2.206902	0.483874	2.153055	4.843832
38	55	2.206902	0.579388	3.100791	5.887082
38	56	2.206902	0.550882	2.817944	5.575728
38	57	2.206902	0.511632	2.428485	5.147019
38	58	2.206902	0.511632	2.428485	5.147019
38	59	2.206902	0.471768	2.032936	4.711607
38	60	2.206902	0.487536	2.189388	4.883826
38	61	2.206902	0.542234	3.049918	5.799055
38	62	2.206902	0.620084	3.504596	6.331583
38	63	2.206902	0.503417	2.346966	5.057285
38	64	2.206902	0.572102	3.028499	5.807503
38	65	2.206902	0.498672	2.299883	5.005456
38	66	2.206902	0.428690	1.605492	4.241084
38	67	2.206902	0.428690	1.605492	4.241084
38	68	2.206902	0.558744	3.160770	5.926417
38	69	2.206902	0.572630	3.033732	5.813264
38	70	2.206902	0.549305	2.802294	5.558502
38	71	2.206902	0.570614	3.013731	5.791247
38	72	2.206902	0.555273	2.861515	5.623691
38	73	2.206902	0.540183	2.711776	5.458861
38	74	2.206902	0.490067	2.214503	4.911472
38	75	2.206902	0.540149	2.711442	5.458494
38	76	2.206902	0.486529	2.179396	4.872827
38	77	2.206902	0.513989	2.451866	5.172757
38	78	2.206902	0.535060	2.660943	5.402905
38	79	2.206902	0.535060	2.660943	5.402905
38	80	2.206902	0.436772	2.427175	5.070850
38	81	2.206902	0.498672	2.299883	5.005456
38	82	2.206902	0.540183	2.711776	5.458861
38	83	2.206902	0.572102	3.028499	5.807503
38	84	2.206902	0.570614	3.013731	5.791247
38	85	2.206902	0.610037	3.404904	6.221843
38	86	2.206902	0.487536	2.189388	4.883826
38	87	2.206902	0.535329	2.663613	5.405844
38	88	2.206902	0.565461	2.962598	5.734961
38	89	2.206902	0.549305	2.802294	5.558502
38	90	2.206902	0.521081	2.522239	5.250222
38	91	2.206902	0.523836	2.549578	5.280316
38	92	2.206902	0.498672	2.299883	5.005456
38	93	2.206902	0.472168	2.036901	4.715971
38	94	2.206902	0.412788	2.030304	4.649995
38	95	2.206902	0.472168	2.036901	4.715971
38	96	2.206902	0.585860	3.165008	5.957770
38	97	2.206902	0.562723	3.094329	5.863954
38	98	2.206902	0.428690	1.605492	4.241084
38	99	2.206902	0.585860	3.165008	5.957770
39	0	2.345780	0.435689	1.674939	4.456409
39	1	2.345780	0.432163	2.275515	5.053458
39	2	2.345780	0.453384	1.850517	4.649681
39	3	2.345780	0.487747	2.191488	5.025016
39	4	2.345780	0.424026	1.559217	4.329023
39	5	2.345780	0.526459	2.575603	5.447842
39	6	2.345780	0.613981	3.444039	6.403800
39	7	2.345780	0.480010	2.114710	4.940500
39	8	2.345780	0.526459	2.575603	5.447842
39	9	2.345780	0.459391	1.910119	4.715290
39	10	2.345780	0.525059	2.561716	5.432556
39	11	2.345780	0.480776	2.122318	4.948874
39	12	2.345780	0.497565	2.288907	5.132253
39	13	2.345780	0.479819	2.112819	4.938419
39	14	2.345780	0.550349	2.812655	5.708785
39	15	2.345780	0.547998	2.789328	5.683106
39	16	2.345780	0.519005	2.501643	5.366428
39	17	2.345780	0.480010	2.114710	4.940500
39	18	2.345780	0.468869	2.004171	4.818820
39	19	2.345780	0.523156	2.542830	5.411766
39	20	2.345780	0.510816	2.420387	5.276983
39	21	2.345780	0.461042	1.926500	4.733321
39	22	2.345780	0.556792	2.982512	5.885084
39	23	2.345780	0.520032	2.511827	5.377638
39	24	2.345780	0.497565	2.288907	5.132253
39	25	2.345780	0.551654	3.037455	5.934889
39	26	2.345780	0.525361	2.776566	5.647708
39	27	2.345780	0.519729	2.508822	5.374331
39	28	2.345780	0.461042	1.926500	4.733321
39	29	2.345780	0.613964	3.443875	6.403620
39	30	2.345780	0.519729	2.508822	5.374331
39	31	2.345780	0.482361	2.138039	4.966180
39	32	2.345780	0.525059	2.561716	5.432556
39	33	2.345780	0.468869	2.004171	4.818820
39	34	2.345780	0.479636	2.110999	4.936415
39	35	2.345780	0.540551	2.715436	5.601767
39	36	2.345780	0.487747	2.191488	5.025016
39	37	2.345780	0.455970	1.876178	4.677928
39	38	2.345780	0.544585	2.755457	5.645821
39	39	2.345780	0.505760	2.370216	5.221756
39	40	2.345780	0.547998	2.789328	5.683106
39	41	2.345780	0.555332	2.862092	5.763204
39	42	2.345780	0.482361	2.138039	4.966180
39	43	2.345780	0.604349	3.454396	6.404525
39	44	2.345780	0.574143	3.207637	6.127560
39	45	2.345780	0.575183	3.217956	6.138918
39	46	2.345780	0.487747	2.191488	5.025016
39	47	2.345780	0.512985	2.441904	5.300669
39	48	2.345780	0.480776	2.122318	4.948874
39	49	2.345780	0.464989	1.965668	4.776437
39	50	2.345780	0.491415	2.227880	5.065076
39	51	2.345780	0.584041	3.146957	6.076778
39	52	2.345780	0.482361	2.138039	4.966180
39	53	2.345780	0.531119	2.621844	5.498743
39	54	2.345780	0.480776	2.122318	4.948874
39	55	2.345780	0.495717	2.270566	5.112063
39	56	2.345780	0.491415	2.227880	5.065076
39	57	2.345780	0.435689	1.674939	4.456409
39	58	2.345780	0.511972	2.431852	5.289604
39	59	2.345780	0.528682	2.650628	5.525090
39	60	2.345780	0.483403	2.148383	4.977566
39	61	2.345780	0.488357	2.197532	5.031669
39	62	2.345780	0.540551	2.715436	5.601767
39	63	2.345780	0.581187	3.118638	6.045604
39	64	2.345780	0.479636	2.110999	4.936415
39	65	2.345780	0.520890	2.520341	5.387011
39	66	2.345780	0.480010	2.114710	4.940500
39	67	2.345780	0.519005	2.501643	5.366428
39	68	2.345780	0.511972	2.431852	5.289604
39	69	2.345780	0.496347	2.276819	5.118947
39	70	2.345780	0.586740	3.173742	6.106263
39	71	2.345780	0.535655	2.666853	5.548288
39	72	2.345780	0.418633	1.505705	4.270118
39	73	2.345780	0.480395	2.118537	4.944713
39	74	2.345780	0.459391	1.910119	4.715290
39	75	2.345780	0.525059	2.561716	5.432556
39	76	2.345780	0.544585	2.755457	5.645821
39	77	2.345780	0.492152	2.235191	5.073123
39	78	2.345780	0.552817	2.837141	5.735738
39	79	2.345780	0.584041	3.146957	6.076778
39	80	2.345780	0.464989	1.965668	4.776437
39	81	2.345780	0.595130	3.256986	6.197896
39	82	2.345780	0.551654	3.037455	5.934889
39	83	2.345780	0.552817	2.837141	5.735738
39	84	2.345780	0.479819	2.112819	4.938419
39	85	2.345780	0.529981	2.610547	5.486308
39	86	2.345780	0.469864	2.014039	4.829683
39	87	2.345780	0.471984	2.035077	4.852841
39	88	2.345780	0.584041	3.146957	6.076778
39	89	2.345780	0.497565	2.288907	5.132253
39	90	2.345780	0.531119	2.621844	5.498743
39	91	2.345780	0.453384	1.850517	4.649681
39	92	2.345780	0.480395	2.118537	4.944713
39	93	2.345780	0.479636	2.110999	4.936415
39	94	2.345780	0.550349	2.812655	5.708785
39	95	2.345780	0.472625	2.412183	5.230588
39	96	2.345780	0.520890	2.520341	5.387011
39	97	2.345780	0.479819	2.112819	4.938419
39	98	2.345780	0.471984	2.035077	4.852841
39	99	2.345780	0.529981	2.610547	5.486308
40	0	2.171396	0.528628	2.597122	5.297145
40	1	2.171396	0.539262	2.702645	5.413303
40	2	2.171396	0.475145	2.066435	4.712975
40	3	2.171396	0.507179	2.384297	5.062871
40	4	2.171396	0.569570	3.003376	5.744343
40	5	2.171396	0.472078	2.036007	4.679480
40	6	2.171396	0.566975	2.977619	5.715990
40	7	2.171396	0.568939	2.997111	5.737446
40	8	2.171396	0.536278	2.937851	5.645524
40	9	2.171396	0.498250	2.295702	4.965348
40	10	2.171396	0.554258	2.851435	5.577088
40	11	2.171396	0.595679	3.262440	6.029515
40	12	2.171396	0.426165	1.580433	4.177993
40	13	2.171396	0.586050	3.166898	5.924344
40	14	2.171396	0.573940	3.046732	5.792068
40	15	2.171396	0.559842	2.906843	5.638080
40	16	2.171396	0.514443	2.456371	5.142209
40	17	2.171396	0.508496	2.397370	5.077262
40	18	2.171396	0.501019	2.323172	4.995586
40	19	2.171396	0.507179	2.384297	5.062871
40	20	2.171396	0.579819	3.105069	5.856283
40	21	2.171396	0.558867	3.056063	5.786325
40	22	2.171396	0.559842	2.906843	5.638080
40	23	2.171396	0.602160	3.326745	6.100301
40	24	2.171396	0.516561	2.477395	5.165352
40	25	2.171396	0.577213	3.079212	5.827821
40	26	2.171396	0.507179	2.384297	5.062871
40	27	2.171396	0.587629	3.182565	5.941590
40	28	2.171396	0.566975	2.977619	5.715990
40	29	2.171396	0.564529	3.112247	5.848172
40	30	2.171396	0.579819	3.105069	5.856283
40	31	2.171396	0.520581	2.517280	5.209257
40	32	2.171396	0.513531	2.447323	5.132250
40	33	2.171396	0.543337	2.743074	5.457806
40	34	2.171396	0.528110	2.591990	5.291496
40	35	2.171396	0.514443	2.456371	5.142209
40	36	2.171396	0.585788	3.164293	5.921476
40	37	2.171396	0.434976	1.667862	4.274233
40	38	2.171396	0.527065	2.581618	5.280079
40	39	2.171396	0.595679	3.262440	6.029515
40	40	2.171396	0.608470	3.389359	6.169225
40	41	2.171396	0.526683	2.577828	5.275907
40	42	2.171396	0.573774	3.203982	5.949152
40	43	2.171396	0.414140	1.461120	4.046656
40	44	2.171396	0.602160	3.326745	6.100301
40	45	2.171396	0.504209	2.354832	5.030437
40	46	2.171396	0.615553	3.459638	6.246587
40	47	2.171396	0.564056	2.948658	5.684110
40	48	2.171396	0.574517	3.052455	5.798367
40	49	2.171396	0.475145	2.066435	4.712975
40	50	2.171396	0.519151	2.503092	5.193638
40	51	2.171396	0.557470	2.883309	5.612174
40	52	2.171396	0.529666	3.084102	5.785164
40	53	2.171396	0.575642	3.063619	5.810657
40	54	2.171396	0.568690	2.994643	5.734729
40	55	2.171396	0.519151	2.503092	5.193638
40	56	2.171396	0.630909	3.612009	6.414314
40	57	2.171396	0.426165	1.580433	4.177993
40	58	2.171396	0.501019	2.323172	4.995586
40	59	2.171396	0.507179	2.384297	5.062871
40	60	2.171396	0.663836	3.938731	6.773964
40	61	2.171396	0.546229	2.983625	5.701250
40	62	2.171396	0.615553	3.459638	6.246587
40	63	2.171396	0.495171	2.265152	4.931720
40	64	2.171396	0.564056	2.948658	5.684110
40	65	2.171396	0.563935	2.947462	5.682793
40	66	2.171396	0.577213	3.079212	5.827821
40	67	2.171396	0.503943	2.352189	5.027528
40	68	2.171396	0.508496	2.397370	5.077262
40	69	2.171396	0.564056	2.948658	5.684110
40	70	2.171396	0.489844	2.212295	4.873535
40	71	2.171396	0.536238	2.672633	5.380267
40	72	2.171396	0.507460	2.387081	5.065936
40	73	2.171396	0.513531	2.447323	5.132250
40	74	2.171396	0.514727	2.882898	5.569021
40	75	2.171396	0.536238	2.672633	5.380267
40	76	2.171396	0.483956	2.153870	4.809222
40	77	2.171396	0.569570	3.003376	5.744343
40	78	2.171396	0.472078	2.036007	4.679480
40	79	2.171396	0.483956	2.153870	4.809222
40	80	2.171396	0.500813	2.321127	4.993335
40	81	2.171396	0.564056	2.948658	5.684110
40	82	2.171396	0.540044	2.710401	5.421841
40	83	2.171396	0.543515	2.903728	5.618638
40	84	2.171396	0.507460	2.387081	5.065936
40	85	2.171396	0.414140	1.461120	4.046656
40	86	2.171396	0.539262	2.702645	5.413303
40	87	2.171396	0.568939	2.997111	5.737446
40	88	2.171396	0.495171	2.265152	4.931720
40	89	2.171396	0.475145	2.066435	4.712975
40	90	2.171396	0.516561	2.477395	5.165352
40	91	2.171396	0.443228	1.749744	4.364367
40	92	2.171396	0.543597	3.116398	5.831391
40	93	2.171396	0.504209	2.354832	5.030437
40	94	2.171396	0.566975	2.977619	5.715990
40	95	2.171396	0.603540	3.340441	6.115376
40	96	2.171396	0.355771	1.835297	4.362463
40	97	2.171396	0.493322	2.246797	4.911514
40	98	2.171396	0.426165	1.580433	4.177993
40	99	2.171396	0.559842	2.906843	5.638080
41	0	2.344873	0.553227	2.841212	5.739313
41	1	2.344873	0.528156	2.592442	5.465471
41	2	2.344873	0.519205	2.503630	5.367708
41	3	2.344873	0.471854	2.033787	4.850515
41	4	2.344873	0.514020	2.452181	5.311074
41	5	2.344873	0.596406	3.269649	6.210928
41	6	2.344873	0.498646	2.299633	5.143152
41	7	2.344873	0.565798	2.965940	5.876611
41	8	2.344873	0.544847	2.758054	5.647774
41	9	2.344873	0.492200	2.235664	5.072737
41	10	2.344873	0.468422	1.999735	4.813031
41	11	2.344873	0.581130	3.118074	6.044077
41	12	2.344873	0.497909	2.292319	5.135101
41	13	2.344873	0.500295	2.315991	5.161159
41	14	2.344873	0.498646	2.299633	5.143152
41	15	2.344873	0.568272	2.990490	5.903635
41	16	2.344873	0.496566	2.278994	5.120434
41	17	2.344873	0.565266	3.225485	6.135625
41	18	2.344873	0.426051	2.267832	5.038756
41	19	2.344873	0.534137	2.651784	5.530794
41	20	2.344873	0.631046	3.613368	6.589287
41	21	2.344873	0.566548	2.973384	5.884805
41	22	2.344873	0.574044	3.047761	5.966678
41	23	2.344873	0.541416	2.724014	5.610303
41	24	2.344873	0.496564	2.278966	5.120403
41	25	2.344873	0.577036	3.077452	5.999361
41	26	2.344873	0.468422	1.999735	4.813031
41	27	2.344873	0.568045	2.988240	5.901158
41	28	2.344873	0.524069	2.922630	5.791572
41	29	2.344873	0.481747	2.131944	4.958564
41	30	2.344873	0.500295	2.315991	5.161159
41	31	2.344873	0.546483	2.774296	5.665653
41	32	2.344873	0.580511	3.111933	6.037317
41	33	2.344873	0.577722	3.084264	6.006859
41	34	2.344873	0.491591	2.229626	5.066091
41	35	2.344873	0.447857	2.378274	5.171004
41	36	2.344873	0.475346	2.068438	4.888657
41	37	2.344873	0.568272	2.990490	5.903635
41	38	2.344873	0.500295	2.315991	5.161159
41	39	2.344873	0.483893	2.153242	4.982009
41	40	2.344873	0.514020	2.452181	5.311074
41	41	2.344873	0.643263	3.734593	6.722729
41	42	2.344873	0.511694	2.693915	5.550482
41	43	2.344873	0.464347	1.959302	4.768522
41	44	2.344873	0.544847	2.758054	5.647774
41	45	2.344873	0.566548	2.973384	5.884805
41	46	2.344873	0.497909	2.292319	5.135101
41	47	2.344873	0.534137	2.651784	5.530794
41	48	2.344873	0.565798	2.965940	5.876611
41	49	2.344873	0.494408	2.257580	5.096862
41	50	2.344873	0.569774	3.005392	5.920039
41	51	2.344873	0.528156	2.592442	5.465471
41	52	2.344873	0.471854	2.033787	4.850515
41	53	2.344873	0.483409	2.678077	5.506359
41	54	2.344873	0.522244	2.533776	5.400893
41	55	2.344873	0.420921	1.528405	4.294199
41	56	2.344873	0.580637	3.113181	6.038691
41	57	2.344873	0.465833	1.974039	4.784745
41	58	2.344873	0.468422	1.999735	4.813031
41	59	2.344873	0.568272	2.990490	5.903635
41	60	2.344873	0.500295	2.315991	5.161159
41	61	2.344873	0.468422	1.999735	4.813031
41	62	2.344873	0.475346	2.068438	4.888657
41	63	2.344873	0.571989	3.027377	5.944240
41	64	2.344873	0.438612	1.703944	4.487430
41	65	2.344873	0.464347	1.959302	4.768522
41	66	2.344873	0.475346	2.068438	4.888657
41	67	2.344873	0.491591	2.229626	5.066091
41	68	2.344873	0.565266	3.225485	6.135625
41	69	2.344873	0.471854	2.033787	4.850515
41	70	2.344873	0.498646	2.299633	5.143152
41	71	2.344873	0.544847	2.758054	5.647774
41	72	2.344873	0.498069	2.293903	5.136845
41	73	2.344873	0.577722	3.084264	6.006859
41	74	2.344873	0.471854	2.033787	4.850515
41	75	2.344873	0.586515	3.171514	6.102902
41	76	2.344873	0.494408	2.257580	5.096862
41	77	2.344873	0.505879	2.742140	5.592892
41	78	2.344873	0.566548	2.973384	5.884805
41	79	2.344873	0.568272	2.990490	5.903635
41	80	2.344873	0.543420	2.743895	5.632188
41	81	2.344873	0.420921	1.528405	4.294199
41	82	2.344873	0.484039	2.154690	4.983602
41	83	2.344873	0.609123	3.448800	6.402796
41	84	2.344873	0.525154	2.562655	5.432682
41	85	2.344873	0.580637	3.113181	6.038691
41	86	2.344873	0.519201	2.503585	5.367660
41	87	2.344873	0.514990	2.461802	5.321665
41	88	2.344873	0.493604	2.249599	5.088077
41	89	2.344873	0.535991	2.776112	5.656976
41	90	2.344873	0.514020	2.452181	5.311074
41	91	2.344873	0.464347	1.959302	4.768522
41	92	2.344873	0.475346	2.068438	4.888657
41	93	2.344873	0.514783	2.459746	5.319402
41	94	2.344873	0.525154	2.562655	5.432682
41	95	2.344873	0.494408	2.257580	5.096862
41	96	2.344873	0.498069	2.293903	5.136845
41	97	2.344873	0.600895	3.314199	6.259968
41	98	2.344873	0.525154	2.562655	5.432682
41	99	2.344873	0.465833	1.974039	4.784745
42	0	2.213588	0.492759	2.241219	4.947567
42	1	2.213588	0.462684	1.942793	4.619065
42	2	2.213588	0.465400	1.969746	4.648734
42	3	2.213588	0.598206	3.287511	6.099305
42	4	2.213588	0.524793	2.559071	5.297452
42	5	2.213588	0.462684	1.942793	4.619065
42	6	2.213588	0.444309	2.184177	4.842074
42	7	2.213588	0.532833	2.638845	5.385266
42	8	2.213588	0.476226	2.077164	4.766978
42	9	2.213588	0.558612	2.894645	5.666846
42	10	2.213588	0.503161	2.344425	5.061174
42	11	2.213588	0.633894	3.641629	6.489112
42	12	2.213588	0.469728	2.012688	4.696004
42	13	2.213588	0.496431	2.595432	5.305452
42	14	2.213588	0.544553	2.755145	5.513287
42	15	2.213588	0.524793	2.559071	5.297452
42	16	2.213588	0.513556	2.659430	5.386574
42	17	2.213588	0.489647	2.210335	4.913570
42	18	2.213588	0.546800	2.936330	5.696719
42	19	2.213588	0.465400	1.969746	4.648734
42	20	2.213588	0.458197	1.898272	4.570057
42	21	2.213588	0.613132	3.435612	6.262332
42	22	2.213588	0.505947	2.372074	5.091610
42	23	2.213588	0.465400	1.969746	4.648734
42	24	2.213588	0.562218	2.930421	5.706227
42	25	2.213588	0.587214	3.178442	5.979244
42	26	2.213588	0.488284	2.196813	4.898685
42	27	2.213588	0.613132	3.435612	6.262332
42	28	2.213588	0.534655	2.656932	5.405176
42	29	2.213588	0.579894	3.105814	5.899297
42	30	2.213588	0.501988	2.332791	5.048367
42	31	2.213588	0.513471	2.446734	5.173794
42	32	2.213588	0.626119	3.564476	6.404183
42	33	2.213588	0.433379	1.652014	4.298981
42	34	2.213588	0.488099	2.194976	4.896663
42	35	2.213588	0.488099	2.194976	4.896663
42	36	2.213588	0.486902	2.183100	4.883591
42	37	2.213588	0.562020	2.928458	5.704066
42	38	2.213588	0.542097	2.730768	5.486453
42	39	2.213588	0.491363	2.227361	4.932312
42	40	2.213588	0.543845	2.748116	5.505550
42	41	2.213588	0.491363	2.227361	4.932312
42	42	2.213588	0.519140	2.502977	5.235705
42	43	2.213588	0.532937	2.639883	5.386408
42	44	2.213588	0.555265	2.861433	5.630287
42	45	2.213588	0.521068	2.522107	5.256762
42	46	2.213588	0.561391	2.922221	5.697200
42	47	2.213588	0.467379	1.989378	4.670346
42	48	2.213588	0.538975	2.699793	5.452357
42	49	2.213588	0.536147	2.671735	5.421471
42	50	2.213588	0.587214	3.178442	5.979244
42	51	2.213588	0.519140	2.502977	5.235705
42	52	2.213588	0.469728	2.012688	4.696004
42	53	2.213588	0.561391	2.922221	5.697200
42	54	2.213588	0.558612	2.894645	5.666846
42	55	2.213588	0.534655	2.656932	5.405176
42	56	2.213588	0.433379	1.652014	4.298981
42	57	2.213588	0.429191	1.610464	4.253244
42	58	2.213588	0.521653	2.792731	5.527972
42	59	2.213588	0.506727	2.379815	5.100131
42	60	2.213588	0.496697	2.280291	4.990576
42	61	2.213588	0.548065	2.789987	5.551640
42	62	2.213588	0.420568	1.524902	4.159058
42	63	2.213588	0.543845	2.748116	5.505550
42	64	2.213588	0.491363	2.227361	4.932312
42	65	2.213588	0.458197	1.898272	4.570057
42	66	2.213588	0.613132	3.435612	6.262332
42	67	2.213588	0.532257	2.739059	5.484904
42	68	2.213588	0.544759	2.757190	5.515538
42	69	2.213588	0.477857	2.093349	4.784795
42	70	2.213588	0.587214	3.178442	5.979244
42	71	2.213588	0.450158	1.818507	4.482254
42	72	2.213588	0.525416	2.777114	5.516119
42	73	2.213588	0.467379	1.989378	4.670346
42	74	2.213588	0.592944	3.235297	6.041830
42	75	2.213588	0.559791	2.906339	5.679719
42	76	2.213588	0.532937	2.639883	5.386408
42	77	2.213588	0.486902	2.183100	4.883591
42	78	2.213588	0.544553	2.755145	5.513287
42	79	2.213588	0.550299	2.812153	5.576041
42	80	2.213588	0.613132	3.435612	6.262332
42	81	2.213588	0.521653	2.792731	5.527972
42	82	2.213588	0.484460	2.158866	4.856914
42	83	2.213588	0.500243	2.315472	5.029304
42	84	2.213588	0.532018	2.789653	5.535259
42	85	2.213588	0.555265	2.861433	5.630287
42	86	2.213588	0.530946	2.620125	5.364659
42	87	2.213588	0.633894	3.641629	6.489112
42	88	2.213588	0.408907	1.409194	4.031690
42	89	2.213588	0.561391	2.922221	5.697200
42	90	2.213588	0.480980	2.124333	4.818901
42	91	2.213588	0.458197	1.898272	4.570057
42	92	2.213588	0.555265	2.861433	5.630287
42	93	2.213588	0.550299	2.812153	5.576041
42	94	2.213588	0.467379	1.989378	4.670346
42	95	2.213588	0.530946	2.620125	5.364659
42	96	2.213588	0.489647	2.210335	4.913570
42	97	2.213588	0.530946	2.620125	5.364659
42	98	2.213588	0.543845	2.748116	5.505550
42	99	2.213588	0.469728	2.012688	4.696004
43	0	2.203128	0.514216	2.454127	5.171471
43	1	2.203128	0.560408	3.230242	5.993778
43	2	2.203128	0.441796	1.735531	4.380454
43	3	2.203128	0.484513	2.159397	4.847038
43	4	2.203128	0.609088	3.395485	6.207701
43	5	2.203128	0.579860	3.105471	5.888458
43	6	2.203128	0.570649	3.014078	5.787854
43	7	2.203128	0.582284	3.129530	5.914943
43	8	2.203128	0.582510	3.131765	5.917403
43	9	2.203128	0.514216	2.454127	5.171471
43	10	2.203128	0.565019	2.958213	5.726360
43	11	2.203128	0.579860	3.105471	5.888458
43	12	2.203128	0.504789	2.360584	5.068501
43	13	2.203128	0.549752	2.806729	5.559609
43	14	2.203128	0.490567	2.219467	4.913161
43	15	2.203128	0.487294	2.186987	4.877409
43	16	2.203128	0.558324	2.891785	5.653237
43	17	2.203128	0.512109	2.433214	5.148451
43	18	2.203128	0.500994	2.322924	5.027046
43	19	2.203128	0.567596	2.983789	5.754513
43	20	2.203128	0.511893	2.431073	5.146093
43	21	2.203128	0.475175	2.066735	4.745037
43	22	2.203128	0.441796	1.735531	4.380454
43	23	2.203128	0.441796	1.735531	4.380454
43	24	2.203128	0.430185	1.620327	4.253640
43	25	2.203128	0.565019	2.958213	5.726360
43	26	2.203128	0.511893	2.431073	5.146093
43	27	2.203128	0.554605	3.119701	5.877434
43	28	2.203128	0.557386	2.882478	5.642992
43	29	2.203128	0.447410	1.791244	4.441782
43	30	2.203128	0.546219	2.771671	5.521018
43	31	2.203128	0.487718	2.191196	4.882042
43	32	2.203128	0.566375	2.971666	5.741168
43	33	2.203128	0.638925	3.691544	6.533597
43	34	2.203128	0.558324	2.891785	5.653237
43	35	2.203128	0.650631	3.807700	6.661459
43	36	2.203128	0.593335	3.239182	6.035644
43	37	2.203128	0.525988	2.570930	5.300046
43	38	2.203128	0.531938	2.629969	5.365035
43	39	2.203128	0.586135	3.167741	5.957005
43	40	2.203128	0.466342	1.979091	4.648561
43	41	2.203128	0.565638	2.964359	5.733125
43	42	2.203128	0.504789	2.360584	5.068501
43	43	2.203128	0.546219	2.771671	5.521018
43	44	2.203128	0.527882	2.589727	5.320737
43	45	2.203128	0.559060	2.899086	5.661274
43	46	2.203128	0.550894	2.818058	5.572079
43	47	2.203128	0.567596	2.983789	5.754513
43	48	2.203128	0.544893	3.076293	5.824313
43	49	2.203128	0.542979	2.739523	5.485630
43	50	2.203128	0.658003	3.880848	6.741978
43	51	2.203128	0.566375	2.971666	5.741168
43	52	2.203128	0.586911	3.175436	5.965475
43	53	2.203128	0.511893	2.431073	5.146093
43	54	2.203128	0.511893	2.431073	5.146093
43	55	2.203128	0.596465	3.429131	6.228724
43	56	2.203128	0.582510	3.131765	5.917403
43	57	2.203128	0.538699	2.961876	5.703703
43	58	2.203128	0.582510	3.131765	5.917403
43	59	2.203128	0.544459	2.754204	5.501791
43	60	2.203128	0.487718	2.191196	4.882042
43	61	2.203128	0.593335	3.239182	6.035644
43	62	2.203128	0.508586	2.398256	5.109969
43	63	2.203128	0.511893	2.431073	5.146093
43	64	2.203128	0.601617	3.321355	6.126099
43	65	2.203128	0.511655	2.428714	5.143497
43	66	2.203128	0.557386	2.882478	5.642992
43	67	2.203128	0.479693	2.111567	4.794388
43	68	2.203128	0.554605	3.119701	5.877434
43	69	2.203128	0.515307	2.464949	5.183384
43	70	2.203128	0.447410	1.791244	4.441782
43	71	2.203128	0.511893	2.431073	5.146093
43	72	2.203128	0.558324	2.891785	5.653237
43	73	2.203128	0.546512	2.774581	5.524221
43	74	2.203128	0.548901	2.798284	5.550312
43	75	2.203128	0.574743	3.054697	5.832568
43	76	2.203128	0.555975	3.133299	5.892402
43	77	2.203128	0.544082	2.750466	5.497675
43	78	2.203128	0.567819	2.986001	5.756948
43	79	2.203128	0.566375	2.971666	5.741168
43	80	2.203128	0.501940	2.332317	5.037385
43	81	2.203128	0.550894	2.818058	5.572079
43	82	2.203128	0.546512	2.774581	5.524221
43	83	2.203128	0.593335	3.239182	6.035644
43	84	2.203128	0.430185	1.620327	4.253640
43	85	2.203128	0.603637	3.341404	6.148168
43	86	2.203128	0.487294	2.186987	4.877409
43	87	2.203128	0.493770	2.251249	4.948147
43	88	2.203128	0.484513	2.159397	4.847038
43	89	2.203128	0.501940	2.332317	5.037385
43	90	2.203128	0.615734	3.461438	6.280300
43	91	2.203128	0.566253	2.970459	5.739839
43	92	2.203128	0.566253	2.970459	5.739839
43	93	2.203128	0.493770	2.251249	4.948147
43	94	2.203128	0.567596	2.983789	5.754513
43	95	2.203128	0.508586	2.398256	5.109969
43	96	2.203128	0.515307	2.464949	5.183384
43	97	2.203128	0.423529	2.295769	4.922426
43	98	2.203128	0.542979	2.739523	5.485630
43	99	2.203128	0.436338	1.681380	4.320846
44	0	2.243356	0.523957	2.550781	5.318095
44	1	2.243356	0.513841	2.450399	5.207596
44	2	2.243356	0.538615	2.696223	5.478194
44	3	2.243356	0.504284	2.355571	5.103211
44	4	2.243356	0.517785	2.489535	5.250676
44	5	2.243356	0.493023	2.243839	4.980218
44	6	2.243356	0.508379	2.396202	5.147937
44	7	2.243356	0.444256	2.236621	4.924233
44	8	2.243356	0.523957	2.550781	5.318095
44	9	2.243356	0.534026	2.650691	5.428073
44	10	2.243356	0.455382	2.505909	5.204648
44	11	2.243356	0.576014	3.067315	5.886685
44	12	2.243356	0.515384	2.836457	5.595197
44	13	2.243356	0.568250	2.990270	5.801875
44	14	2.243356	0.463978	1.955640	4.662974
44	15	2.243356	0.514664	2.458572	5.216592
44	16	2.243356	0.586920	3.175532	6.005808
44	17	2.243356	0.532874	2.639252	5.415481
44	18	2.243356	0.579616	3.103057	5.926029
44	19	2.243356	0.582771	3.134354	5.960481
44	20	2.243356	0.503344	2.346248	5.092948
44	21	2.243356	0.526122	2.572264	5.341742
44	22	2.243356	0.494112	2.254642	4.992110
44	23	2.243356	0.468931	2.534415	5.246701
44	24	2.243356	0.494112	2.254642	4.992110
44	25	2.243356	0.470566	2.021006	4.734928
44	26	2.243356	0.530566	2.616354	5.390276
44	27	2.243356	0.484506	2.159325	4.887187
44	28	2.243356	0.523957	2.550781	5.318095
44	29	2.243356	0.566398	3.236721	6.046475
44	30	2.243356	0.471328	2.028567	4.743251
44	31	2.243356	0.621294	3.516606	6.381256
44	32	2.243356	0.538615	2.696223	5.478194
44	33	2.243356	0.494984	2.263292	5.001632
44	34	2.243356	0.526122	2.572264	5.341742
44	35	2.243356	0.592596	3.231846	6.067798
44	36	2.243356	0.571005	3.017607	5.831968
44	37	2.243356	0.516766	2.479428	5.239550
44	38	2.243356	0.503344	2.346248	5.092948
44	39	2.243356	0.501817	2.331096	5.076270
44	40	2.243356	0.470566	2.021006	4.734928
44	41	2.243356	0.463978	1.955640	4.662974
44	42	2.243356	0.532874	2.639252	5.415481
44	43	2.243356	0.586920	3.175532	6.005808
44	44	2.243356	0.502693	2.339784	5.085833
44	45	2.243356	0.621520	3.518850	6.383727
44	46	2.243356	0.439921	1.716926	4.400203
44	47	2.243356	0.530566	2.616354	5.390276
44	48	2.243356	0.604919	3.354122	6.202397
44	49	2.243356	0.504284	2.355571	5.103211
44	50	2.243356	0.490869	2.222461	4.956685
44	51	2.243356	0.621520	3.518850	6.383727
44	52	2.243356	0.493023	2.243839	4.980218
44	53	2.243356	0.452653	1.843266	4.539275
44	54	2.243356	0.423892	1.557883	4.225131
44	55	2.243356	0.504284	2.355571	5.103211
44	56	2.243356	0.490395	2.217760	4.951511
44	57	2.243356	0.594483	3.303532	6.141370
44	58	2.243356	0.526122	2.572264	5.341742
44	59	2.243356	0.586920	3.175532	6.005808
44	60	2.243356	0.410735	1.427329	4.081420
44	61	2.243356	0.423892	1.557883	4.225131
44	62	2.243356	0.544597	2.755578	5.543530
44	63	2.243356	0.501817	2.331096	5.076270
44	64	2.243356	0.557391	2.882527	5.683274
44	65	2.243356	0.528562	2.596471	5.368389
44	66	2.243356	0.557391	2.882527	5.683274
44	67	2.243356	0.553624	2.845146	5.642125
44	68	2.243356	0.557000	2.878644	5.679000
44	69	2.243356	0.553624	2.845146	5.642125
44	70	2.243356	0.576014	3.067315	5.886685
44	71	2.243356	0.568250	2.990270	5.801875
44	72	2.243356	0.517394	2.485660	5.246410
44	73	2.243356	0.553624	2.845146	5.642125
44	74	2.243356	0.524498	2.556142	5.323996
44	75	2.243356	0.486174	2.175872	4.905402
44	76	2.243356	0.508379	2.396202	5.147937
44	77	2.243356	0.599673	3.302070	6.145099
44	78	2.243356	0.576014	3.067315	5.886685
44	79	2.243356	0.537785	3.005764	5.786904
44	80	2.243356	0.430680	1.625236	4.299271
44	81	2.243356	0.579616	3.103057	5.926029
44	82	2.243356	0.537582	2.844863	5.625801
44	83	2.243356	0.560137	2.909775	5.713268
44	84	2.243356	0.489306	2.206954	4.939616
44	85	2.243356	0.494112	2.254642	4.992110
44	86	2.243356	0.557000	2.878644	5.679000
44	87	2.243356	0.528790	2.598730	5.370876
44	88	2.243356	0.410735	1.427329	4.081420
44	89	2.243356	0.549499	2.804220	5.597076
44	90	2.243356	0.490395	2.217760	4.951511
44	91	2.243356	0.503344	2.346248	5.092948
44	92	2.243356	0.534026	2.650691	5.428073
44	93	2.243356	0.568250	2.990270	5.801875
44	94	2.243356	0.574261	3.049923	5.867540
44	95	2.243356	0.553624	2.845146	5.642125
44	96	2.243356	0.410735	1.427329	4.081420
44	97	2.243356	0.515384	2.836457	5.595197
44	98	2.243356	0.560137	2.909775	5.713268
44	99	2.243356	0.467527	1.990847	4.701730
45	0	2.176067	0.414351	1.463211	4.053629
45	1	2.176067	0.597189	3.330384	6.103640
45	2	2.176067	0.534036	2.650788	5.360891
45	3	2.176067	0.543366	2.743366	5.462799
45	4	2.176067	0.520070	2.512206	5.208343
45	5	2.176067	0.542603	2.735792	5.454462
45	6	2.176067	0.444988	1.767202	4.388257
45	7	2.176067	0.504981	2.362486	5.043533
45	8	2.176067	0.560120	3.174428	5.910615
45	9	2.176067	0.472613	2.570952	5.219632
45	10	2.176067	0.511992	2.432057	5.120116
45	11	2.176067	0.513960	2.716398	5.406424
45	12	2.176067	0.568074	2.988529	5.732670
45	13	2.176067	0.568074	2.988529	5.732670
45	14	2.176067	0.551159	2.873655	5.600881
45	15	2.176067	0.569547	3.003147	5.748761
45	16	2.176067	0.536679	2.677007	5.389753
45	17	2.176067	0.579428	3.101192	5.856688
45	18	2.176067	0.490461	2.218412	4.884940
45	19	2.176067	0.559004	2.898533	5.633605
45	20	2.176067	0.543366	2.743366	5.462799
45	21	2.176067	0.536679	2.677007	5.389753
45	22	2.176067	0.552362	2.885594	5.614023
45	23	2.176067	0.581626	3.122995	5.880687
45	24	2.176067	0.478543	2.100158	4.754768
45	25	2.176067	0.536246	2.672715	5.385028
45	26	2.176067	0.590682	3.212854	5.979603
45	27	2.176067	0.613196	3.436254	6.225517
45	28	2.176067	0.524537	2.556527	5.257131
45	29	2.176067	0.612730	3.431628	6.220425
45	30	2.176067	0.427384	1.592528	4.195978
45	31	2.176067	0.504981	2.362486	5.043533
45	32	2.176067	0.530959	2.620250	5.327276
45	33	2.176067	0.536246	2.672715	5.385028
45	34	2.176067	0.489711	2.210967	4.876745
45	35	2.176067	0.576173	3.068888	5.821128
45	36	2.176067	0.575301	3.060234	5.811602
45	37	2.176067	0.503542	2.348213	5.027823
45	38	2.176067	0.534036	2.650788	5.360891
45	39	2.176067	0.505086	2.363525	5.044677
45	40	2.176067	0.595344	3.259112	6.030523
45	41	2.176067	0.553774	2.846640	5.576482
45	42	2.176067	0.514570	2.457630	5.148266
45	43	2.176067	0.560101	2.909417	5.645584
45	44	2.176067	0.566247	2.970401	5.712715
45	45	2.176067	0.398781	2.103173	4.678021
45	46	2.176067	0.552328	2.832288	5.560683
45	47	2.176067	0.536246	2.672715	5.385028
45	48	2.176067	0.476764	2.082508	4.735339
45	49	2.176067	0.534036	2.650788	5.360891
45	50	2.176067	0.557185	2.880481	5.613733
45	51	2.176067	0.583522	3.141815	5.901404
45	52	2.176067	0.486935	2.183425	4.846427
45	53	2.176067	0.511992	2.432057	5.120116
45	54	2.176067	0.576173	3.068888	5.821128
45	55	2.176067	0.518920	2.500796	5.195783
45	56	2.176067	0.490560	2.219397	4.886024
45	57	2.176067	0.500258	2.315626	4.991951
45	58	2.176067	0.609918	3.456687	6.242671
45	59	2.176067	0.543366	2.743366	5.462799
45	60	2.176067	0.599354	3.298907	6.074328
45	61	2.176067	0.592812	3.339917	6.108795
45	62	2.176067	0.574996	3.057208	5.808271
45	63	2.176067	0.437686	1.694757	4.308511
45	64	2.176067	0.504981	2.362486	5.043533
45	65	2.176067	0.576173	3.068888	5.821128
45	66	2.176067	0.612730	3.431628	6.220425
45	67	2.176067	0.599354	3.298907	6.074328
45	68	2.176067	0.532537	2.635909	5.344512
45	69	2.176067	0.527832	2.589231	5.293130
45	70	2.176067	0.534036	2.650788	5.360891
45	71	2.176067	0.575301	3.060234	5.811602
45	72	2.176067	0.581626	3.122995	5.880687
45	73	2.176067	0.552907	2.838033	5.567007
45	74	2.176067	0.489711	2.210967	4.876745
45	75	2.176067	0.559004	2.898533	5.633605
45	76	2.176067	0.534036	2.650788	5.360891
45	77	2.176067	0.536679	2.677007	5.389753
45	78	2.176067	0.568615	2.993894	5.738575
45	79	2.176067	0.552328	2.832288	5.560683
45	80	2.176067	0.518920	2.500796	5.195783
45	81	2.176067	0.494929	2.262750	4.933746
45	82	2.176067	0.536246	2.672715	5.385028
45	83	2.176067	0.543366	2.743366	5.462799
45	84	2.176067	0.569547	3.003147	5.748761
45	85	2.176067	0.521440	2.525805	5.223313
45	86	2.176067	0.516843	2.480184	5.173093
45	87	2.176067	0.552328	2.832288	5.560683
45	88	2.176067	0.555210	3.125702	5.856979
45	89	2.176067	0.427384	1.592528	4.195978
45	90	2.176067	0.535583	2.666139	5.377789
45	91	2.176067	0.593250	3.238334	6.007651
45	92	2.176067	0.414351	1.463211	4.053629
45	93	2.176067	0.593250	3.238334	6.007651
45	94	2.176067	0.557185	2.880481	5.613733
45	95	2.176067	0.569547	3.003147	5.748761
45	96	2.176067	0.559004	2.898533	5.633605
45	97	2.176067	0.612730	3.431628	6.220425
45	98	2.176067	0.593876	3.244551	6.014494
45	99	2.176067	0.559004	2.898533	5.633605
46	0	2.349455	0.560591	2.914276	5.824322
46	1	2.349455	0.591707	3.223029	6.164191
46	2	2.349455	0.463388	1.949777	4.762620
46	3	2.349455	0.513157	2.443617	5.306229
46	4	2.349455	0.428489	1.603495	4.381439
46	5	2.349455	0.555623	2.864982	5.770059
46	6	2.349455	0.536193	2.672189	5.557836
46	7	2.349455	0.530007	2.610804	5.490265
46	8	2.349455	0.536193	2.672189	5.557836
46	9	2.349455	0.561388	2.922183	5.833025
46	10	2.349455	0.510031	2.412601	5.272087
46	11	2.349455	0.520594	2.782223	5.652271
46	12	2.349455	0.420290	1.522140	4.291884
46	13	2.349455	0.467839	1.993943	4.811236
46	14	2.349455	0.420290	1.522140	4.291884
46	15	2.349455	0.575069	3.057935	5.982458
46	16	2.349455	0.480457	2.119150	4.949062
46	17	2.349455	0.499435	2.307457	5.156347
46	18	2.349455	0.577831	3.138307	6.065592
46	19	2.349455	0.549910	2.914226	5.813591
46	20	2.349455	0.484761	2.161850	4.996065
46	21	2.349455	0.476313	2.078034	4.903802
46	22	2.349455	0.474742	2.062441	4.886638
46	23	2.349455	0.480457	2.119150	4.949062
46	24	2.349455	0.575069	3.057935	5.982458
46	25	2.349455	0.566155	2.969486	5.885096
46	26	2.349455	0.514334	2.455297	5.319086
46	27	2.349455	0.471638	2.031645	4.852738
46	28	2.349455	0.458076	1.897071	4.704601
46	29	2.349455	0.497261	2.285884	5.132599
46	30	2.349455	0.492549	2.239135	5.081139
46	31	2.349455	0.577831	3.138307	6.065592
46	32	2.349455	0.532358	2.634140	5.515953
46	33	2.349455	0.515534	2.467200	5.332189
46	34	2.349455	0.520594	2.782223	5.652271
46	35	2.349455	0.520674	2.518205	5.388334
46	36	2.349455	0.484761	2.161850	4.996065
46	37	2.349455	0.490375	2.217558	5.057388
46	38	2.349455	0.490375	2.217558	5.057388
46	39	2.349455	0.561388	2.922183	5.833025
46	40	2.349455	0.578507	3.092045	6.020007
46	41	2.349455	0.463388	1.949777	4.762620
46	42	2.349455	0.482889	2.143283	4.975627
46	43	2.349455	0.479230	2.106971	4.935656
46	44	2.349455	0.515534	2.467200	5.332189
46	45	2.349455	0.487611	2.190131	5.027196
46	46	2.349455	0.530007	2.610804	5.490265
46	47	2.349455	0.520594	2.782223	5.652271
46	48	2.349455	0.461683	1.932864	4.744002
46	49	2.349455	0.591707	3.223029	6.164191
46	50	2.349455	0.526059	2.571632	5.447146
46	51	2.349455	0.515534	2.467200	5.332189
46	52	2.349455	0.431262	1.631007	4.411723
46	53	2.349455	0.461683	1.932864	4.744002
46	54	2.349455	0.530740	2.776975	5.657170
46	55	2.349455	0.484761	2.161850	4.996065
46	56	2.349455	0.506762	2.380160	5.236376
46	57	2.349455	0.510031	2.412601	5.272087
46	58	2.349455	0.458076	1.897071	4.704601
46	59	2.349455	0.557063	3.144090	6.050608
46	60	2.349455	0.436126	1.679273	4.464853
46	61	2.349455	0.431262	1.631007	4.411723
46	62	2.349455	0.520674	2.518205	5.388334
46	63	2.349455	0.579957	3.106433	6.035844
46	64	2.349455	0.546454	2.774001	5.669909
46	65	2.349455	0.532358	2.634140	5.515953
46	66	2.349455	0.471638	2.031645	4.852738
46	67	2.349455	0.530007	2.610804	5.490265
46	68	2.349455	0.482889	2.143283	4.975627
46	69	2.349455	0.545791	2.926316	5.821562
46	70	2.349455	0.536823	2.678438	5.564715
46	71	2.349455	0.436126	1.679273	4.464853
46	72	2.349455	0.488444	2.198403	5.036302
46	73	2.349455	0.531329	2.623929	5.504713
46	74	2.349455	0.546454	2.774001	5.669909
46	75	2.349455	0.584988	3.156360	6.090802
46	76	2.349455	0.605053	3.355454	6.309962
46	77	2.349455	0.480457	2.119150	4.949062
46	78	2.349455	0.489699	2.210857	5.050011
46	79	2.349455	0.526059	2.571632	5.447146
46	80	2.349455	0.514334	2.455297	5.319086
46	81	2.349455	0.490375	2.217558	5.057388
46	82	2.349455	0.463388	1.949777	4.762620
46	83	2.349455	0.536193	2.672189	5.557836
46	84	2.349455	0.507262	2.385119	5.241835
46	85	2.349455	0.480457	2.119150	4.949062
46	86	2.349455	0.492549	2.239135	5.081139
46	87	2.349455	0.581836	3.125086	6.056377
46	88	2.349455	0.436126	1.679273	4.464853
46	89	2.349455	0.457307	1.889441	4.696203
46	90	2.349455	0.480457	2.119150	4.949062
46	91	2.349455	0.484761	2.161850	4.996065
46	92	2.349455	0.552068	2.829705	5.731227
46	93	2.349455	0.595481	3.260474	6.205409
46	94	2.349455	0.542793	2.737677	5.629925
46	95	2.349455	0.490983	2.700270	5.540708
46	96	2.349455	0.502890	2.341739	5.194083
46	97	2.349455	0.484761	2.161850	4.996065
46	98	2.349455	0.579957	3.106433	6.035844
46	99	2.349455	0.420167	1.520925	4.290547
47	0	2.269343	0.544994	2.759520	5.573858
47	1	2.269343	0.525592	2.567003	5.361938
47	2	2.269343	0.497225	2.285524	5.052092
47	3	2.269343	0.557276	2.881380	5.707999
47	4	2.269343	0.502232	2.335211	5.106786
47	5	2.269343	0.547320	2.782594	5.599257
47	6	2.269343	0.594577	3.251499	6.115419
47	7	2.269343	0.473548	2.050595	4.793487
47	8	2.269343	0.619206	3.495889	6.384439
47	9	2.269343	0.581254	3.119306	5.969904
47	10	2.269343	0.557276	2.881380	5.707999
47	11	2.269343	0.434478	1.662918	4.366739
47	12	2.269343	0.474981	2.064809	4.809133
47	13	2.269343	0.474790	2.062914	4.807047
47	14	2.269343	0.477606	2.355675	5.102625
47	15	2.269343	0.470916	2.024475	4.764734
47	16	2.269343	0.508652	2.398916	5.176912
47	17	2.269343	0.434478	1.662918	4.366739
47	18	2.269343	0.470916	2.024475	4.764734
47	19	2.269343	0.576769	3.074800	5.920912
47	20	2.269343	0.476160	2.076514	4.822018
47	21	2.269343	0.541758	2.727407	5.538509
47	22	2.269343	0.541758	2.727407	5.538509
47	23	2.269343	0.488341	2.197380	4.955065
47	24	2.269343	0.644722	3.749063	6.663128
47	25	2.269343	0.474981	2.064809	4.809133
47	26	2.269343	0.511670	2.640711	5.421725
47	27	2.269343	0.462999	1.945920	4.678262
47	28	2.269343	0.446076	1.778007	4.493426
47	29	2.269343	0.462999	1.945920	4.678262
47	30	2.269343	0.569317	3.000865	5.839526
47	31	2.269343	0.512855	2.440614	5.222812
47	32	2.269343	0.446076	1.778007	4.493426
47	33	2.269343	0.532614	2.636675	5.438632
47	34	2.269343	0.485776	2.171931	4.927051
47	35	2.269343	0.507523	2.387708	5.164575
47	36	2.269343	0.446076	1.778007	4.493426
47	37	2.269343	0.439703	1.714767	4.423814
47	38	2.269343	0.500968	2.322672	5.092984
47	39	2.269343	0.496468	2.278020	5.043832
47	40	2.269343	0.541910	2.728916	5.540170
47	41	2.269343	0.479201	2.106687	4.855232
47	42	2.269343	0.547320	2.782594	5.599257
47	43	2.269343	0.476514	2.080029	4.825887
47	44	2.269343	0.540701	2.716924	5.526969
47	45	2.269343	0.527994	2.590839	5.388176
47	46	2.269343	0.569818	3.005835	5.844996
47	47	2.269343	0.543903	2.960545	5.773791
47	48	2.269343	0.500968	2.322672	5.092984
47	49	2.269343	0.594577	3.251499	6.115419
47	50	2.269343	0.525592	2.567003	5.361938
47	51	2.269343	0.476514	2.080029	4.825887
47	52	2.269343	0.474981	2.064809	4.809133
47	53	2.269343	0.380852	1.978240	4.628435
47	54	2.269343	0.510865	2.420867	5.201075
47	55	2.269343	0.576769	3.074800	5.920912
47	56	2.269343	0.473548	2.050595	4.793487
47	57	2.269343	0.520666	2.518118	5.308127
47	58	2.269343	0.507523	2.387708	5.164575
47	59	2.269343	0.593881	3.244596	6.107820
47	60	2.269343	0.576403	3.283028	6.128775
47	61	2.269343	0.473548	2.050595	4.793487
47	62	2.269343	0.567643	2.984254	5.821241
47	63	2.269343	0.590429	3.210345	6.070117
47	64	2.269343	0.512855	2.440614	5.222812
47	65	2.269343	0.526059	2.836455	5.631858
47	66	2.269343	0.540604	2.715956	5.525903
47	67	2.269343	0.497233	2.285607	5.052183
47	68	2.269343	0.564152	2.949614	5.783109
47	69	2.269343	0.549680	2.964903	5.783926
47	70	2.269343	0.569317	3.000865	5.839526
47	71	2.269343	0.479201	2.106687	4.855232
47	72	2.269343	0.495134	2.264784	5.029262
47	73	2.269343	0.567643	2.984254	5.821241
47	74	2.269343	0.497233	2.285607	5.052183
47	75	2.269343	0.547320	2.782594	5.599257
47	76	2.269343	0.548977	2.799036	5.617356
47	77	2.269343	0.527994	2.590839	5.388176
47	78	2.269343	0.525592	2.567003	5.361938
47	79	2.269343	0.569190	2.999604	5.838137
47	80	2.269343	0.578708	3.358864	6.206915
47	81	2.269343	0.414741	1.467086	4.151170
47	82	2.269343	0.512855	2.440614	5.222812
47	83	2.269343	0.541910	2.728916	5.540170
47	84	2.269343	0.615053	3.454676	6.339073
47	85	2.269343	0.516875	2.480508	5.266727
47	86	2.269343	0.517995	2.915325	5.702663
47	87	2.269343	0.434478	1.662918	4.366739
47	88	2.269343	0.495134	2.264784	5.029262
47	89	2.269343	0.495134	2.264784	5.029262
47	90	2.269343	0.592860	3.234464	6.096667
47	91	2.269343	0.476160	2.076514	4.822018
47	92	2.269343	0.540604	2.715956	5.525903
47	93	2.269343	0.476160	2.076514	4.822018
47	94	2.269343	0.525592	2.567003	5.361938
47	95	2.269343	0.496468	2.278020	5.043832
47	96	2.269343	0.559534	2.903792	5.732670
47	97	2.269343	0.497225	2.285524	5.052092
47	98	2.269343	0.502232	2.335211	5.106786
47	99	2.269343	0.541910	2.728916	5.540170
48	0	2.295033	0.553057	2.839521	5.687610
48	1	2.295033	0.469296	2.008405	4.772734
48	2	2.295033	0.523503	2.969981	5.788517
48	3	2.295033	0.553057	2.839521	5.687610
48	4	2.295033	0.616420	3.468246	6.379699
48	5	2.295033	0.457076	1.887150	4.639259
48	6	2.295033	0.530632	2.617014	5.442679
48	7	2.295033	0.486997	2.184039	4.966069
48	8	2.295033	0.551350	2.822582	5.668965
48	9	2.295033	0.434197	1.660135	4.389365
48	10	2.295033	0.478453	2.099267	4.872752
48	11	2.295033	0.502154	2.334436	5.131622
48	12	2.295033	0.400894	1.329685	4.025611
48	13	2.295033	0.573933	3.046664	5.915629
48	14	2.295033	0.496404	2.542202	5.333638
48	15	2.295033	0.477245	2.087272	4.859550
48	16	2.295033	0.486997	2.184039	4.966069
48	17	2.295033	0.519976	2.511274	5.326282
48	18	2.295033	0.506165	2.374231	5.175428
48	19	2.295033	0.556242	2.871127	5.722401
48	20	2.295033	0.511865	2.430798	5.237695
48	21	2.295033	0.559555	2.904002	5.758589
48	22	2.295033	0.466186	1.977540	4.738758
48	23	2.295033	0.434197	1.660135	4.389365
48	24	2.295033	0.505762	2.370236	5.171030
48	25	2.295033	0.477792	2.092701	4.865525
48	26	2.295033	0.584109	3.200595	6.079736
48	27	2.295033	0.457076	1.887150	4.639259
48	28	2.295033	0.510229	2.414556	5.219817
48	29	2.295033	0.472353	2.038734	4.806119
48	30	2.295033	0.591135	3.217353	6.103521
48	31	2.295033	0.469296	2.008405	4.772734
48	32	2.295033	0.510229	2.414556	5.219817
48	33	2.295033	0.511865	2.430798	5.237695
48	34	2.295033	0.567792	2.985734	5.848559
48	35	2.295033	0.519976	2.511274	5.326282
48	36	2.295033	0.466186	1.977540	4.738758
48	37	2.295033	0.595520	3.260864	6.151417
48	38	2.295033	0.553058	2.839528	5.687618
48	39	2.295033	0.552608	2.835063	5.682703
48	40	2.295033	0.477245	2.087272	4.859550
48	41	2.295033	0.552608	2.835063	5.682703
48	42	2.295033	0.513351	2.445537	5.253920
48	43	2.295033	0.479681	2.111445	4.886158
48	44	2.295033	0.486997	2.184039	4.966069
48	45	2.295033	0.509599	2.408309	5.212940
48	46	2.295033	0.479160	2.106276	4.880468
48	47	2.295033	0.462777	1.943718	4.701527
48	48	2.295033	0.509599	2.408309	5.212940
48	49	2.295033	0.438717	1.704986	4.438736
48	50	2.295033	0.591135	3.217353	6.103521
48	51	2.295033	0.463446	1.950356	4.708834
48	52	2.295033	0.553058	2.839528	5.687618
48	53	2.295033	0.434197	1.660135	4.389365
48	54	2.295033	0.535107	2.714381	5.544521
48	55	2.295033	0.476936	2.507920	5.279888
48	56	2.295033	0.422410	1.543178	4.260620
48	57	2.295033	0.416222	1.481775	4.193029
48	58	2.295033	0.510229	2.414556	5.219817
48	59	2.295033	0.524804	2.559184	5.379021
48	60	2.295033	0.523241	2.543672	5.361946
48	61	2.295033	0.616420	3.468246	6.379699
48	62	2.295033	0.574856	3.055821	5.925709
48	63	2.295033	0.540583	2.715749	5.551365
48	64	2.295033	0.463446	1.950356	4.708834
48	65	2.295033	0.519959	2.511105	5.326096
48	66	2.295033	0.616420	3.468246	6.379699
48	67	2.295033	0.456112	1.877586	4.628730
48	68	2.295033	0.514942	2.461330	5.271304
48	69	2.295033	0.478453	2.099267	4.872752
48	70	2.295033	0.524483	2.555998	5.375514
48	71	2.295033	0.478453	2.099267	4.872752
48	72	2.295033	0.477792	2.092701	4.865525
48	73	2.295033	0.477245	2.087272	4.859550
48	74	2.295033	0.540562	2.715545	5.551140
48	75	2.295033	0.510829	2.420514	5.226376
48	76	2.295033	0.608470	3.389360	6.292863
48	77	2.295033	0.441859	1.736159	4.473050
48	78	2.295033	0.472607	2.041261	4.808901
48	79	2.295033	0.477792	2.092701	4.865525
48	80	2.295033	0.479160	2.106276	4.880468
48	81	2.295033	0.588346	3.348572	6.231951
48	82	2.295033	0.549075	2.800012	5.644120
48	83	2.295033	0.479681	2.111445	4.886158
48	84	2.295033	0.400894	1.329685	4.025611
48	85	2.295033	0.462777	1.943718	4.701527
48	86	2.295033	0.457076	1.887150	4.639259
48	87	2.295033	0.475811	2.073048	4.843891
48	88	2.295033	0.549075	2.800012	5.644120
48	89	2.295033	0.496870	2.652751	5.444654
48	90	2.295033	0.584109	3.200595	6.079736
48	91	2.295033	0.530632	2.617014	5.442679
48	92	2.295033	0.472607	2.041261	4.808901
48	93	2.295033	0.561071	2.919039	5.775142
48	94	2.295033	0.477944	2.094217	4.867194
48	95	2.295033	0.537303	2.683202	5.515538
48	96	2.295033	0.523378	2.545031	5.363442
48	97	2.295033	0.519976	2.511274	5.326282
48	98	2.295033	0.434197	1.660135	4.389365
48	99	2.295033	0.585253	3.158982	6.039267
49	0	2.347305	0.473630	2.051407	4.872342
49	1	2.347305	0.566528	2.973193	5.887026
49	2	2.347305	0.539388	2.703892	5.590586
49	3	2.347305	0.467364	1.989232	4.803901
49	4	2.347305	0.537200	2.947001	5.831506
49	5	2.347305	0.539388	2.703892	5.590586
49	6	2.347305	0.419704	1.516328	4.283338
49	7	2.347305	0.542549	2.735258	5.625113
49	8	2.347305	0.463386	1.949759	4.760450
49	9	2.347305	0.451128	1.828134	4.626567
49	10	2.347305	0.520704	2.730353	5.598362
49	11	2.347305	0.467364	1.989232	4.803901
49	12	2.347305	0.465817	1.973888	4.787010
49	13	2.347305	0.539388	2.703892	5.590586
49	14	2.347305	0.463386	1.949759	4.760450
49	15	2.347305	0.465855	1.974257	4.787417
49	16	2.347305	0.504109	2.353838	5.205252
49	17	2.347305	0.565631	2.964289	5.877225
49	18	2.347305	0.594229	3.248054	6.189588
49	19	2.347305	0.600282	3.414036	6.361623
49	20	2.347305	0.493358	2.247157	5.087820
49	21	2.347305	0.408386	1.404020	4.159711
49	22	2.347305	0.473630	2.051407	4.872342
49	23	2.347305	0.513480	2.446817	5.307602
49	24	2.347305	0.563080	2.938975	5.849361
49	25	2.347305	0.504109	2.353838	5.205252
49	26	2.347305	0.573647	3.043827	5.964780
49	27	2.347305	0.474841	2.063419	4.885564
49	28	2.347305	0.505086	2.363533	5.215925
49	29	2.347305	0.548823	2.797512	5.693641
49	30	2.347305	0.562031	2.928568	5.837904
49	31	2.347305	0.565631	2.964289	5.877225
49	32	2.347305	0.529568	2.606450	5.483323
49	33	2.347305	0.569593	3.003603	5.920501
49	34	2.347305	0.529568	2.606450	5.483323
49	35	2.347305	0.498212	2.295325	5.140842
49	36	2.347305	0.529568	2.606450	5.483323
49	37	2.347305	0.432665	1.644933	4.424903
49	38	2.347305	0.561157	2.919895	5.828357
49	39	2.347305	0.580672	3.113535	6.041512
49	40	2.347305	0.579076	3.097694	6.024075
49	41	2.347305	0.563080	2.938975	5.849361
49	42	2.347305	0.498212	2.295325	5.140842
49	43	2.347305	0.562391	2.932138	5.841834
49	44	2.347305	0.558095	2.889511	5.794911
49	45	2.347305	0.518257	2.494220	5.359782
49	46	2.347305	0.492283	2.236496	5.076085
49	47	2.347305	0.474026	2.055337	4.876668
49	48	2.347305	0.419704	1.516328	4.283338
49	49	2.347305	0.619385	3.497661	6.464351
49	50	2.347305	0.616503	3.522028	6.485837
49	51	2.347305	0.468608	2.001579	4.817493
49	52	2.347305	0.486553	2.179635	5.013493
49	53	2.347305	0.566782	2.975713	5.889801
49	54	2.347305	0.569776	3.005420	5.922501
49	55	2.347305	0.537200	2.947001	5.831506
49	56	2.347305	0.566782	2.975713	5.889801
49	57	2.347305	0.542549	2.735258	5.625113
49	58	2.347305	0.539335	2.703365	5.590005
49	59	2.347305	0.432665	1.644933	4.424903
49	60	2.347305	0.569776	3.005420	5.922501
49	61	2.347305	0.587122	3.177530	6.111957
49	62	2.347305	0.468608	2.001579	4.817493
49	63	2.347305	0.533069	2.641192	5.521566
49	64	2.347305	0.566782	2.975713	5.889801
49	65	2.347305	0.419704	1.516328	4.283338
49	66	2.347305	0.539960	2.709569	5.596835
49	67	2.347305	0.539335	2.703365	5.590005
49	68	2.347305	0.437794	1.695821	4.480920
49	69	2.347305	0.474026	2.055337	4.876668
49	70	2.347305	0.480437	2.118954	4.946697
49	71	2.347305	0.455184	1.868376	4.670865
49	72	2.347305	0.467364	1.989232	4.803901
49	73	2.347305	0.558095	2.889511	5.794911
49	74	2.347305	0.535102	2.661360	5.543767
49	75	2.347305	0.493358	2.247157	5.087820
49	76	2.347305	0.535692	2.667215	5.550211
49	77	2.347305	0.432665	1.644933	4.424903
49	78	2.347305	0.588174	3.240930	6.176409
49	79	2.347305	0.478283	2.097573	4.923161
49	80	2.347305	0.596578	3.483211	6.427093
49	81	2.347305	0.596578	3.483211	6.427093
49	82	2.347305	0.533885	2.649285	5.530475
49	83	2.347305	0.465855	1.974257	4.787417
49	84	2.347305	0.594229	3.248054	6.189588
49	85	2.347305	0.538086	2.690973	5.576364
49	86	2.347305	0.465817	1.973888	4.787010
49	87	2.347305	0.566473	3.131530	6.045308
49	88	2.347305	0.432665	1.644933	4.424903
49	89	2.347305	0.508714	2.823240	5.679260
49	90	2.347305	0.527960	2.590498	5.465763
49	91	2.347305	0.451128	1.828134	4.626567
49	92	2.347305	0.542096	2.730766	5.620168
49	93	2.347305	0.450958	1.826448	4.624711
49	94	2.347305	0.547558	2.784961	5.679824
49	95	2.347305	0.539960	2.709569	5.596835
49	96	2.347305	0.408386	1.404020	4.159711
49	97	2.347305	0.562031	2.928568	5.837904
49	98	2.347305	0.473630	2.051407	4.872342
49	99	2.347305	0.512348	2.435586	5.295239
50	0	2.360142	0.530312	2.613831	5.504284
50	1	2.360142	0.400033	1.321136	4.081311
50	2	2.360142	0.582253	3.129220	6.071615
50	3	2.360142	0.424185	1.560789	4.345116
50	4	2.360142	0.509314	2.405478	5.274933
50	5	2.360142	0.468692	2.002411	4.831245
50	6	2.360142	0.508860	2.400976	5.269977
50	7	2.360142	0.436457	1.682559	4.479158
50	8	2.360142	0.465866	1.974367	4.800374
50	9	2.360142	0.535670	2.666996	5.562807
50	10	2.360142	0.463279	1.948697	4.772117
50	11	2.360142	0.561135	3.025601	5.946878
50	12	2.360142	0.509892	2.411220	5.281254
50	13	2.360142	0.513177	2.443810	5.317128
50	14	2.360142	0.540081	2.710771	5.610994
50	15	2.360142	0.535524	2.665547	5.561212
50	16	2.360142	0.509892	2.411220	5.281254
50	17	2.360142	0.527578	2.586707	5.474426
50	18	2.360142	0.519759	2.509122	5.389022
50	19	2.360142	0.441287	1.730479	4.531907
50	20	2.360142	0.514555	2.457482	5.332178
50	21	2.360142	0.587049	3.176803	6.123993
50	22	2.360142	0.521003	2.521462	5.402607
50	23	2.360142	0.455781	1.874297	4.690219
50	24	2.360142	0.400033	1.321136	4.081311
50	25	2.360142	0.537296	2.842029	5.739467
50	26	2.360142	0.520587	2.517343	5.398072
50	27	2.360142	0.466293	1.978608	4.805043
50	28	2.360142	0.553036	2.945237	5.858414
50	29	2.360142	0.563335	3.206327	6.129804
50	30	2.360142	0.642313	3.725168	6.727623
50	31	2.360142	0.519960	2.881864	5.761966
50	32	2.360142	0.637366	3.676078	6.673586
50	33	2.360142	0.466293	1.978608	4.805043
50	34	2.360142	0.547718	2.786549	5.694409
50	35	2.360142	0.527578	2.586707	5.474426
50	36	2.360142	0.455018	1.866727	4.681886
50	37	2.360142	0.521051	2.521938	5.403131
50	38	2.360142	0.451783	1.834626	4.646550
50	39	2.360142	0.642313	3.725168	6.727623
50	40	2.360142	0.419747	1.516750	4.296638
50	41	2.360142	0.521003	2.521462	5.402607
50	42	2.360142	0.472016	2.035389	4.867546
50	43	2.360142	0.451783	1.834626	4.646550
50	44	2.360142	0.573470	3.042067	5.975678
50	45	2.360142	0.451783	1.834626	4.646550
50	46	2.360142	0.560042	2.908827	5.829010
50	47	2.360142	0.540081	2.710771	5.610994
50	48	2.360142	0.520587	2.517343	5.398072
50	49	2.360142	0.530312	2.613831	5.504284
50	50	2.360142	0.487250	2.186557	5.033949
50	51	2.360142	0.474678	2.061810	4.896630
50	52	2.360142	0.480334	2.117925	4.958401
50	53	2.360142	0.561135	3.025601	5.946878
50	54	2.360142	0.509892	2.411220	5.281254
50	55	2.360142	0.545991	2.769407	5.675540
50	56	2.360142	0.573470	3.042067	5.975678
50	57	2.360142	0.514885	2.460757	5.335784
50	58	2.360142	0.552989	3.050700	5.963830
50	59	2.360142	0.455781	1.874297	4.690219
50	60	2.360142	0.517347	2.485194	5.362683
50	61	2.360142	0.451783	1.834626	4.646550
50	62	2.360142	0.509314	2.405478	5.274933
50	63	2.360142	0.462297	1.938951	4.761389
50	64	2.360142	0.540081	2.710771	5.610994
50	65	2.360142	0.484375	2.158028	5.002544
50	66	2.360142	0.414696	1.466638	4.241476
50	67	2.360142	0.462297	1.938951	4.761389
50	68	2.360142	0.535524	2.665547	5.561212
50	69	2.360142	0.465866	1.974367	4.800374
50	70	2.360142	0.500205	2.315101	5.175448
50	71	2.360142	0.521051	2.521938	5.403131
50	72	2.360142	0.455018	1.866727	4.681886
50	73	2.360142	0.577432	3.134343	6.071917
50	74	2.360142	0.493460	2.248166	5.101767
50	75	2.360142	0.514555	2.457482	5.332178
50	76	2.360142	0.484375	2.158028	5.002544
50	77	2.360142	0.527588	2.586806	5.474536
50	78	2.360142	0.494853	2.261989	5.116984
50	79	2.360142	0.455018	1.866727	4.681886
50	80	2.360142	0.474678	2.061810	4.896630
50	81	2.360142	0.560042	2.908827	5.829010
50	82	2.360142	0.614146	3.498643	6.472931
50	83	2.360142	0.519727	2.508802	5.388670
50	84	2.360142	0.509892	2.411220	5.281254
50	85	2.360142	0.479295	2.107619	4.947055
50	86	2.360142	0.513126	2.443311	5.316579
50	87	2.360142	0.487250	2.186557	5.033949
50	88	2.360142	0.564051	2.948613	5.872806
50	89	2.360142	0.545991	2.769407	5.675540
50	90	2.360142	0.561152	2.919847	5.841141
50	91	2.360142	0.527269	2.583639	5.471050
50	92	2.360142	0.509892	2.411220	5.281254
50	93	2.360142	0.513126	2.443311	5.316579
50	94	2.360142	0.520587	2.517343	5.398072
50	95	2.360142	0.545991	2.769407	5.675540
50	96	2.360142	0.474623	2.061265	4.896030
50	97	2.360142	0.508231	2.394739	5.263112
50	98	2.360142	0.545991	2.769407	5.675540
50	99	2.360142	0.550416	2.813316	5.723873
51	0	2.305519	0.579229	3.152182	6.036930
51	1	2.305519	0.570312	3.010735	5.886566
51	2	2.305519	0.612264	3.479962	6.397745
51	3	2.305519	0.483854	2.152856	4.942229
51	4	2.305519	0.493069	2.244287	5.042874
51	5	2.305519	0.498201	2.771882	5.575602
51	6	2.305519	0.493069	2.244287	5.042874
51	7	2.305519	0.530633	2.934803	5.770955
51	8	2.305519	0.496684	2.280161	5.082364
51	9	2.305519	0.549621	2.805432	5.660573
51	10	2.305519	0.501605	2.646775	5.453900
51	11	2.305519	0.485024	2.164461	4.955004
51	12	2.305519	0.442544	1.742953	4.491015
51	13	2.305519	0.486973	2.183800	4.976292
51	14	2.305519	0.546723	2.776675	5.628918
51	15	2.305519	0.531146	2.622107	5.458772
51	16	2.305519	0.486297	2.177092	4.968908
51	17	2.305519	0.509271	2.405060	5.219850
51	18	2.305519	0.501619	2.329125	5.136263
51	19	2.305519	0.481439	2.128896	4.915854
51	20	2.305519	0.464412	1.959942	4.729873
51	21	2.305519	0.534372	2.813011	5.652902
51	22	2.305519	0.607847	3.383177	6.296543
51	23	2.305519	0.596174	3.267352	6.169045
51	24	2.305519	0.421063	2.112411	4.838993
51	25	2.305519	0.486973	2.183800	4.976292
51	26	2.305519	0.414658	1.466262	4.186439
51	27	2.305519	0.543160	2.741321	5.590000
51	28	2.305519	0.482553	2.139943	4.928014
51	29	2.305519	0.442544	1.742953	4.491015
51	30	2.305519	0.462706	1.943010	4.711234
51	31	2.305519	0.610231	3.406835	6.322586
51	32	2.305519	0.607847	3.383177	6.296543
51	33	2.305519	0.568870	2.996422	5.870810
51	34	2.305519	0.481571	2.130207	4.917297
51	35	2.305519	0.529300	2.603792	5.438611
51	36	2.305519	0.484606	2.160318	4.950443
51	37	2.305519	0.535571	2.666012	5.507102
51	38	2.305519	0.517375	2.485465	5.308359
51	39	2.305519	0.517375	2.485465	5.308359
51	40	2.305519	0.529300	2.603792	5.438611
51	41	2.305519	0.486297	2.177092	4.968908
51	42	2.305519	0.545717	2.766694	5.617930
51	43	2.305519	0.484606	2.160318	4.950443
51	44	2.305519	0.478497	2.099699	4.883714
51	45	2.305519	0.574822	3.055485	5.935826
51	46	2.305519	0.536265	2.672904	5.514688
51	47	2.305519	0.462206	1.938051	4.705776
51	48	2.305519	0.481571	2.130207	4.917297
51	49	2.305519	0.509271	2.405060	5.219850
51	50	2.305519	0.521782	2.529192	5.356493
51	51	2.305519	0.543160	2.741321	5.590000
51	52	2.305519	0.563075	3.150781	6.019375
51	53	2.305519	0.433217	1.650409	4.389145
51	54	2.305519	0.486973	2.183800	4.976292
51	55	2.305519	0.529300	2.603792	5.438611
51	56	2.305519	0.490509	2.218893	5.014922
51	57	2.305519	0.481571	2.130207	4.917297
51	58	2.305519	0.485024	2.164461	4.955004
51	59	2.305519	0.478661	2.101328	4.885508
51	60	2.305519	0.499740	2.310480	5.115739
51	61	2.305519	0.525431	2.565401	5.396351
51	62	2.305519	0.486297	2.177092	4.968908
51	63	2.305519	0.565636	2.964342	5.835497
51	64	2.305519	0.462706	1.943010	4.711234
51	65	2.305519	0.517375	2.485465	5.308359
51	66	2.305519	0.472314	2.038346	4.816178
51	67	2.305519	0.533078	2.641279	5.479876
51	68	2.305519	0.468902	2.004497	4.778918
51	69	2.305519	0.533078	2.641279	5.479876
51	70	2.305519	0.509271	2.405060	5.219850
51	71	2.305519	0.589669	3.202806	6.097995
51	72	2.305519	0.476678	2.081649	4.863846
51	73	2.305519	0.483854	2.152856	4.942229
51	74	2.305519	0.555874	2.867473	5.728866
51	75	2.305519	0.443473	1.752177	4.501169
51	76	2.305519	0.481571	2.130207	4.917297
51	77	2.305519	0.490509	2.218893	5.014922
51	78	2.305519	0.492363	2.237284	5.035166
51	79	2.305519	0.588013	3.186370	6.079901
51	80	2.305519	0.561915	2.927419	5.794853
51	81	2.305519	0.588013	3.186370	6.079901
51	82	2.305519	0.532150	2.632068	5.469737
51	83	2.305519	0.472314	2.038346	4.816178
51	84	2.305519	0.532150	2.632068	5.469737
51	85	2.305519	0.492531	2.768592	5.566642
51	86	2.305519	0.464412	1.959942	4.729873
51	87	2.305519	0.492363	2.237284	5.035166
51	88	2.305519	0.588013	3.186370	6.079901
51	89	2.305519	0.442544	1.742953	4.491015
51	90	2.305519	0.484606	2.160318	4.950443
51	91	2.305519	0.414658	1.466262	4.186439
51	92	2.305519	0.464412	1.959942	4.729873
51	93	2.305519	0.482553	2.139943	4.928014
51	94	2.305519	0.572961	3.037018	5.915498
51	95	2.305519	0.521376	2.525168	5.352063
51	96	2.305519	0.482553	2.139943	4.928014
51	97	2.305519	0.535571	2.666012	5.507102
51	98	2.305519	0.481571	2.130207	4.917297
51	99	2.305519	0.462206	1.938051	4.705776
52	0	2.265881	0.606063	3.365477	6.237421
52	1	2.265881	0.565250	2.960511	5.791642
52	2	2.265881	0.530118	2.611914	5.407913
52	3	2.265881	0.519406	2.505623	5.290910
52	4	2.265881	0.571269	3.020233	5.857383
52	5	2.265881	0.516678	2.478553	5.261112
52	6	2.265881	0.513376	2.445791	5.225049
52	7	2.265881	0.499236	2.305482	5.070599
52	8	2.265881	0.568971	2.997426	5.832278
52	9	2.265881	0.562596	2.934171	5.762648
52	10	2.265881	0.592362	3.229529	6.087773
52	11	2.265881	0.537262	2.682800	5.485944
52	12	2.265881	0.426990	1.588622	4.281494
52	13	2.265881	0.536059	2.670857	5.472797
52	14	2.265881	0.568971	2.997426	5.832278
52	15	2.265881	0.604730	3.352246	6.222857
52	16	2.265881	0.578600	3.092969	5.937450
52	17	2.265881	0.571363	3.021165	5.858409
52	18	2.265881	0.546491	2.774368	5.586739
52	19	2.265881	0.549935	3.232258	6.048075
52	20	2.265881	0.589567	3.201797	6.057245
52	21	2.265881	0.480382	2.118408	4.864671
52	22	2.265881	0.556479	2.873476	5.695836
52	23	2.265881	0.499236	2.305482	5.070599
52	24	2.265881	0.576413	3.177199	6.019493
52	25	2.265881	0.574668	3.053955	5.894504
52	26	2.265881	0.480382	2.118408	4.864671
52	27	2.265881	0.474610	2.061128	4.801619
52	28	2.265881	0.543973	2.749389	5.559243
52	29	2.265881	0.516678	2.478553	5.261112
52	30	2.265881	0.563947	2.947582	5.777411
52	31	2.265881	0.465290	1.968657	4.699829
52	32	2.265881	0.571363	3.021165	5.858409
52	33	2.265881	0.489597	2.209844	4.965322
52	34	2.265881	0.526104	2.572082	5.364067
52	35	2.265881	0.564838	2.956416	5.787135
52	36	2.265881	0.474610	2.061128	4.801619
52	37	2.265881	0.542984	2.739574	5.548439
52	38	2.265881	0.426990	1.588622	4.281494
52	39	2.265881	0.526104	2.572082	5.364067
52	40	2.265881	0.519406	2.505623	5.290910
52	41	2.265881	0.477836	2.093145	4.836863
52	42	2.265881	0.526104	2.572082	5.364067
52	43	2.265881	0.554717	3.120815	5.941414
52	44	2.265881	0.571363	3.021165	5.858409
52	45	2.265881	0.502646	2.339322	5.107850
52	46	2.265881	0.543366	2.743364	5.552611
52	47	2.265881	0.497147	2.284758	5.047787
52	48	2.265881	0.477836	2.093145	4.836863
52	49	2.265881	0.536617	2.941217	5.743716
52	50	2.265881	0.426990	1.588622	4.281494
52	51	2.265881	0.500916	2.322151	5.088947
52	52	2.265881	0.502646	2.339322	5.107850
52	53	2.265881	0.601029	3.315527	6.182437
52	54	2.265881	0.480382	2.118408	4.864671
52	55	2.265881	0.561623	2.924514	5.752018
52	56	2.265881	0.530118	2.611914	5.407913
52	57	2.265881	0.502650	2.339361	5.107892
52	58	2.265881	0.511058	2.687609	5.464548
52	59	2.265881	0.500155	2.314597	5.080633
52	60	2.265881	0.493913	2.252665	5.012459
52	61	2.265881	0.621638	3.572983	6.460502
52	62	2.265881	0.574668	3.053955	5.894504
52	63	2.265881	0.500214	2.315184	5.081279
52	64	2.265881	0.568971	2.997426	5.832278
52	65	2.265881	0.589908	3.205176	6.060965
52	66	2.265881	0.497147	2.284758	5.047787
52	67	2.265881	0.475854	2.073472	4.815207
52	68	2.265881	0.552948	2.838444	5.657273
52	69	2.265881	0.519406	2.505623	5.290910
52	70	2.265881	0.498395	2.297143	5.061419
52	71	2.265881	0.510559	2.417838	5.194278
52	72	2.265881	0.446952	1.786698	4.499532
52	73	2.265881	0.465290	1.968657	4.699829
52	74	2.265881	0.475905	2.073981	4.815768
52	75	2.265881	0.494362	2.257125	5.017368
52	76	2.265881	0.494362	2.257125	5.017368
52	77	2.265881	0.493913	2.252665	5.012459
52	78	2.265881	0.611562	3.420038	6.297481
52	79	2.265881	0.499057	2.727420	5.492358
52	80	2.265881	0.475854	2.073472	4.815207
52	81	2.265881	0.471523	2.030504	4.767908
52	82	2.265881	0.556479	2.873476	5.695836
52	83	2.265881	0.502646	2.339322	5.107850
52	84	2.265881	0.543366	2.743364	5.552611
52	85	2.265881	0.569595	3.003619	5.839095
52	86	2.265881	0.574668	3.053955	5.894504
52	87	2.265881	0.500916	2.322151	5.088947
52	88	2.265881	0.516678	2.478553	5.261112
52	89	2.265881	0.501900	2.755629	5.523410
52	90	2.265881	0.427400	1.592687	4.285968
52	91	2.265881	0.552948	2.838444	5.657273
52	92	2.265881	0.475854	2.073472	4.815207
52	93	2.265881	0.441906	1.736622	4.444409
52	94	2.265881	0.499057	2.727420	5.492358
52	95	2.265881	0.561623	2.924514	5.752018
52	96	2.265881	0.635120	3.706753	6.607753
52	97	2.265881	0.476649	2.081363	4.823893
52	98	2.265881	0.484868	2.162917	4.913667
52	99	2.265881	0.457746	1.893802	4.617430
53	0	2.330953	0.537864	2.688769	5.557587
53	1	2.330953	0.619377	3.497581	6.447912
53	2	2.330953	0.544900	3.023398	5.899251
53	3	2.330953	0.540926	2.719153	5.591032
53	4	2.330953	0.475053	2.065526	4.871532
53	5	2.330953	0.486910	2.183180	5.001044
53	6	2.330953	0.486910	2.183180	5.001044
53	7	2.330953	0.530964	2.620300	5.482217
53	8	2.330953	0.490346	2.217268	5.038567
53	9	2.330953	0.555197	2.860758	5.746908
53	10	2.330953	0.460395	1.920084	4.711433
53	11	2.330953	0.527108	2.582044	5.440106
53	12	2.330953	0.466009	1.975789	4.772751
53	13	2.330953	0.475053	2.065526	4.871532
53	14	2.330953	0.406752	1.387806	4.125511
53	15	2.330953	0.522999	2.541271	5.395223
53	16	2.330953	0.470545	2.020800	4.822298
53	17	2.330953	0.631217	3.615063	6.577233
53	18	2.330953	0.597168	3.277209	6.205330
53	19	2.330953	0.566969	2.977565	5.875488
53	20	2.330953	0.498461	2.297798	5.127213
53	21	2.330953	0.559305	2.901517	5.791775
53	22	2.330953	0.567312	2.980964	5.879229
53	23	2.330953	0.448016	2.379857	5.158827
53	24	2.330953	0.535874	2.669027	5.535855
53	25	2.330953	0.540201	2.711956	5.583111
53	26	2.330953	0.555792	3.078519	5.965265
53	27	2.330953	0.535874	2.669027	5.535855
53	28	2.330953	0.511199	2.794931	5.637083
53	29	2.330953	0.516554	2.477320	5.324828
53	30	2.330953	0.573452	3.041891	5.946297
53	31	2.330953	0.515517	2.467030	5.313500
53	32	2.330953	0.522729	2.538591	5.392274
53	33	2.330953	0.546689	2.776340	5.653983
53	34	2.330953	0.431622	1.634583	4.397159
53	35	2.330953	0.522729	2.538591	5.392274
53	36	2.330953	0.520657	2.518032	5.369642
53	37	2.330953	0.545526	3.029610	5.906089
53	38	2.330953	0.490346	2.217268	5.038567
53	39	2.330953	0.504604	2.358746	5.194304
53	40	2.330953	0.486910	2.183180	5.001044
53	41	2.330953	0.484487	2.159132	4.974572
53	42	2.330953	0.555197	2.860758	5.746908
53	43	2.330953	0.527890	2.589798	5.448641
53	44	2.330953	0.537864	2.688769	5.557587
53	45	2.330953	0.470545	2.020800	4.822298
53	46	2.330953	0.591920	3.331065	6.253938
53	47	2.330953	0.520295	2.514446	5.365695
53	48	2.330953	0.481777	2.132243	4.944973
53	49	2.330953	0.522729	2.538591	5.392274
53	50	2.330953	0.509768	2.409991	5.250713
53	51	2.330953	0.522999	2.541271	5.395223
53	52	2.330953	0.440516	1.722831	4.494300
53	53	2.330953	0.470545	2.020800	4.822298
53	54	2.330953	0.453218	1.848873	4.633045
53	55	2.330953	0.525623	2.567309	5.423886
53	56	2.330953	0.475053	2.065526	4.871532
53	57	2.330953	0.461173	1.927801	4.719927
53	58	2.330953	0.546689	2.776340	5.653983
53	59	2.330953	0.631217	3.615063	6.577233
53	60	2.330953	0.493243	2.246014	5.070210
53	61	2.330953	0.500484	2.317866	5.149304
53	62	2.330953	0.528944	2.600258	5.460155
53	63	2.330953	0.422199	1.541088	4.294241
53	64	2.330953	0.496823	2.281543	5.109319
53	65	2.330953	0.483771	2.152027	4.966751
53	66	2.330953	0.533262	2.643106	5.507322
53	67	2.330953	0.461173	1.927801	4.719927
53	68	2.330953	0.427765	1.596308	4.355026
53	69	2.330953	0.467640	1.991973	4.790567
53	70	2.330953	0.466009	1.975789	4.772751
53	71	2.330953	0.460395	1.920084	4.711433
53	72	2.330953	0.593378	3.239611	6.163943
53	73	2.330953	0.498461	2.297798	5.127213
53	74	2.330953	0.591920	3.331065	6.253938
53	75	2.330953	0.566969	2.977565	5.875488
53	76	2.330953	0.557460	2.883208	5.771622
53	77	2.330953	0.598870	3.294102	6.223926
53	78	2.330953	0.527890	2.589798	5.448641
53	79	2.330953	0.470545	2.020800	4.822298
53	80	2.330953	0.474098	2.056051	4.861102
53	81	2.330953	0.527118	2.582143	5.440214
53	82	2.330953	0.576536	3.072491	5.979981
53	83	2.330953	0.571699	3.024502	5.927155
53	84	2.330953	0.509768	2.409991	5.250713
53	85	2.330953	0.571699	3.024502	5.927155
53	86	2.330953	0.396024	1.916924	4.643901
53	87	2.330953	0.470545	2.020800	4.822298
53	88	2.330953	0.557460	2.883208	5.771622
53	89	2.330953	0.470545	2.020800	4.822298
53	90	2.330953	0.569751	3.005173	5.905878
53	91	2.330953	0.597168	3.277209	6.205330
53	92	2.330953	0.469978	2.015169	4.816100
53	93	2.330953	0.548049	3.001687	5.880689
53	94	2.330953	0.509768	2.409991	5.250713
53	95	2.330953	0.474098	2.056051	4.861102
53	96	2.330953	0.571997	3.027458	5.930409
53	97	2.330953	0.440516	1.722831	4.494300
53	98	2.330953	0.585242	3.158878	6.075074
53	99	2.330953	0.504725	2.359943	5.195621
54	0	2.178693	0.545730	2.766818	5.491241
54	1	2.178693	0.465508	1.970816	4.615017
54	2	2.178693	0.577801	3.085049	5.841543
54	3	2.178693	0.472239	2.037604	4.688536
54	4	2.178693	0.496841	2.281717	4.957251
54	5	2.178693	0.473006	2.045214	4.696913
54	6	2.178693	0.486362	2.177737	4.842792
54	7	2.178693	0.504718	2.359881	5.043292
54	8	2.178693	0.488575	2.199697	4.866965
54	9	2.178693	0.476459	2.079476	4.734627
54	10	2.178693	0.585364	3.160089	5.924146
54	11	2.178693	0.497527	2.288529	4.964749
54	12	2.178693	0.478036	2.095122	4.751851
54	13	2.178693	0.492347	2.237127	4.908167
54	14	2.178693	0.408356	1.403722	3.990771
54	15	2.178693	0.541020	2.720086	5.439799
54	16	2.178693	0.517640	2.488098	5.184431
54	17	2.178693	0.563342	2.941576	5.683611
54	18	2.178693	0.635948	3.662006	6.476647
54	19	2.178693	0.533457	2.856895	5.569045
54	20	2.178693	0.443810	1.755523	4.378027
54	21	2.178693	0.593109	3.236939	6.008742
54	22	2.178693	0.451344	2.148055	4.778092
54	23	2.178693	0.593109	3.236939	6.008742
54	24	2.178693	0.519073	2.502318	5.200084
54	25	2.178693	0.482893	2.143320	4.804906
54	26	2.178693	0.580520	3.112023	5.871235
54	27	2.178693	0.443810	1.755523	4.378027
54	28	2.178693	0.482893	2.143320	4.804906
54	29	2.178693	0.549466	2.803887	5.532045
54	30	2.178693	0.543362	2.743326	5.465381
54	31	2.178693	0.550912	2.818240	5.547845
54	32	2.178693	0.512722	2.439294	5.130708
54	33	2.178693	0.443810	1.755523	4.378027
54	34	2.178693	0.596953	3.328044	6.103690
54	35	2.178693	0.518596	2.497580	5.194869
54	36	2.178693	0.473825	2.053344	4.705862
54	37	2.178693	0.552471	2.833710	5.564874
54	38	2.178693	0.483199	2.146357	4.808249
54	39	2.178693	0.492347	2.237127	4.908167
54	40	2.178693	0.518596	2.497580	5.194869
54	41	2.178693	0.478036	2.095122	4.751851
54	42	2.178693	0.634002	3.642702	6.455397
54	43	2.178693	0.487821	2.192222	4.858736
54	44	2.178693	0.469992	2.015311	4.663996
54	45	2.178693	0.652753	3.828752	6.660197
54	46	2.178693	0.552471	2.833710	5.564874
54	47	2.178693	0.512022	2.432350	5.123064
54	48	2.178693	0.473825	2.053344	4.705862
54	49	2.178693	0.564481	2.952880	5.696054
54	50	2.178693	0.564481	2.952880	5.696054
54	51	2.178693	0.426053	1.579325	4.184071
54	52	2.178693	0.557999	2.888563	5.625255
54	53	2.178693	0.536575	2.675976	5.391244
54	54	2.178693	0.599801	3.303335	6.081829
54	55	2.178693	0.552471	2.833710	5.564874
54	56	2.178693	0.472239	2.037604	4.688536
54	57	2.178693	0.503777	2.350545	5.033015
54	58	2.178693	0.507963	2.392073	5.078729
54	59	2.178693	0.426053	1.579325	4.184071
54	60	2.178693	0.473006	2.045214	4.696913
54	61	2.178693	0.565849	2.966452	5.710994
54	62	2.178693	0.460900	1.925096	4.564689
54	63	2.178693	0.503777	2.350545	5.033015
54	64	2.178693	0.519073	2.502318	5.200084
54	65	2.178693	0.408356	1.403722	3.990771
54	66	2.178693	0.500302	2.316060	4.995055
54	67	2.178693	0.509169	2.404043	5.091905
54	68	2.178693	0.543362	2.743326	5.465381
54	69	2.178693	0.652753	3.828752	6.660197
54	70	2.178693	0.480163	2.116227	4.775083
54	71	2.178693	0.523454	2.545784	5.247930
54	72	2.178693	0.593109	3.236939	6.008742
54	73	2.178693	0.520698	2.730298	5.429689
54	74	2.178693	0.612437	3.428721	6.219851
54	75	2.178693	0.492347	2.237127	4.908167
54	76	2.178693	0.482893	2.143320	4.804906
54	77	2.178693	0.520698	2.730298	5.429689
54	78	2.178693	0.577801	3.085049	5.841543
54	79	2.178693	0.559442	3.061769	5.799904
54	80	2.178693	0.652753	3.828752	6.660197
54	81	2.178693	0.548503	2.794333	5.521528
54	82	2.178693	0.519262	2.769005	5.466959
54	83	2.178693	0.599801	3.303335	6.081829
54	84	2.178693	0.519073	2.502318	5.200084
54	85	2.178693	0.580520	3.112023	5.871235
54	86	2.178693	0.391437	1.977339	4.547469
54	87	2.178693	0.525396	2.565052	5.269141
54	88	2.178693	0.460900	1.925096	4.564689
54	89	2.178693	0.497527	2.288529	4.964749
54	90	2.178693	0.482893	2.143320	4.804906
54	91	2.178693	0.434821	1.666321	4.279834
54	92	2.178693	0.517733	2.489021	5.185447
54	93	2.178693	0.465508	1.970816	4.615017
54	94	2.178693	0.590064	3.206728	5.975486
54	95	2.178693	0.523508	2.917063	5.619264
54	96	2.178693	0.541020	2.720086	5.439799
54	97	2.178693	0.557999	2.888563	5.625255
54	98	2.178693	0.536575	2.675976	5.391244
54	99	2.178693	0.527456	2.585498	5.291647
55	0	2.305353	0.555309	2.967799	5.828461
55	1	2.305353	0.523475	2.545994	5.374821
55	2	2.305353	0.497215	2.285432	5.088000
55	3	2.305353	0.578171	3.088717	5.972241
55	4	2.305353	0.538779	2.697844	5.541975
55	5	2.305353	0.430362	1.622086	4.357801
55	6	2.305353	0.577289	3.079960	5.962601
55	7	2.305353	0.467247	1.988077	4.760677
55	8	2.305353	0.407557	1.395800	4.108710
55	9	2.305353	0.481162	2.126143	4.912658
55	10	2.305353	0.562182	3.035996	5.903531
55	11	2.305353	0.476417	2.079059	4.860829
55	12	2.305353	0.567026	2.978129	5.850508
55	13	2.305353	0.521336	2.524768	5.351457
55	14	2.305353	0.585460	3.161043	6.051856
55	15	2.305353	0.462345	1.939434	4.707132
55	16	2.305353	0.517105	2.482792	5.305250
55	17	2.305353	0.414833	1.467996	4.188182
55	18	2.305353	0.574681	3.054083	5.934117
55	19	2.305353	0.586383	3.276128	6.167863
55	20	2.305353	0.467247	1.988077	4.760677
55	21	2.305353	0.480549	2.120061	4.905962
55	22	2.305353	0.498538	2.298553	5.102443
55	23	2.305353	0.461193	1.927996	4.694542
55	24	2.305353	0.557278	2.881404	5.744035
55	25	2.305353	0.577422	3.081283	5.964057
55	26	2.305353	0.448200	1.799074	4.552626
55	27	2.305353	0.529826	2.609009	5.444187
55	28	2.305353	0.430362	1.622086	4.357801
55	29	2.305353	0.467247	1.988077	4.760677
55	30	2.305353	0.495707	2.270462	5.071521
55	31	2.305353	0.472664	2.041819	4.819835
55	32	2.305353	0.535954	2.881676	5.722983
55	33	2.305353	0.567026	2.978129	5.850508
55	34	2.305353	0.456247	1.878922	4.640522
55	35	2.305353	0.557348	2.882096	5.744796
55	36	2.305353	0.414833	1.467996	4.188182
55	37	2.305353	0.542701	2.736766	5.584820
55	38	2.305353	0.492235	2.236019	5.033607
55	39	2.305353	0.487681	2.190829	4.983863
55	40	2.305353	0.568746	2.995199	5.869298
55	41	2.305353	0.437981	1.697682	4.441016
55	42	2.305353	0.562650	2.934705	5.802707
55	43	2.305353	0.540319	2.713128	5.558799
55	44	2.305353	0.525245	2.775411	5.606009
55	45	2.305353	0.585460	3.161043	6.051856
55	46	2.305353	0.489996	2.213803	5.009152
55	47	2.305353	0.467964	1.995190	4.768507
55	48	2.305353	0.397388	1.294893	3.997633
55	49	2.305353	0.578458	3.091563	5.975374
55	50	2.305353	0.562182	3.035996	5.903531
55	51	2.305353	0.557278	2.881404	5.744035
55	52	2.305353	0.472664	2.041819	4.819835
55	53	2.305353	0.535954	2.881676	5.722983
55	54	2.305353	0.480549	2.120061	4.905962
55	55	2.305353	0.462345	1.939434	4.707132
55	56	2.305353	0.462345	1.939434	4.707132
55	57	2.305353	0.397388	1.294893	3.997633
55	58	2.305353	0.534643	2.656809	5.496804
55	59	2.305353	0.542701	2.736766	5.584820
55	60	2.305353	0.549034	2.799603	5.653990
55	61	2.305353	0.554026	2.849136	5.708515
55	62	2.305353	0.476417	2.079059	4.860829
55	63	2.305353	0.602692	3.332027	6.240072
55	64	2.305353	0.535954	2.881676	5.722983
55	65	2.305353	0.469101	2.006469	4.780923
55	66	2.305353	0.599829	3.303621	6.208803
55	67	2.305353	0.534643	2.656809	5.496804
55	68	2.305353	0.407557	1.395800	4.108710
55	69	2.305353	0.573998	3.047314	5.926665
55	70	2.305353	0.498538	2.298553	5.102443
55	71	2.305353	0.451391	1.830740	4.587483
55	72	2.305353	0.432144	1.639758	4.377255
55	73	2.305353	0.487325	2.187296	4.979974
55	74	2.305353	0.425112	1.569992	4.300457
55	75	2.305353	0.452482	1.841567	4.599402
55	76	2.305353	0.602692	3.332027	6.240072
55	77	2.305353	0.407557	1.395800	4.108710
55	78	2.305353	0.456247	1.878922	4.640522
55	79	2.305353	0.465163	1.967392	4.737908
55	80	2.305353	0.521698	2.528366	5.355418
55	81	2.305353	0.585460	3.161043	6.051856
55	82	2.305353	0.461193	1.927996	4.694542
55	83	2.305353	0.448200	1.799074	4.552626
55	84	2.305353	0.538779	2.697844	5.541975
55	85	2.305353	0.517105	2.482792	5.305250
55	86	2.305353	0.498538	2.298553	5.102443
55	87	2.305353	0.504052	2.353267	5.162671
55	88	2.305353	0.534152	2.651940	5.491445
55	89	2.305353	0.467964	1.995190	4.768507
55	90	2.305353	0.602692	3.332027	6.240072
55	91	2.305353	0.577422	3.081283	5.964057
55	92	2.305353	0.451391	1.830740	4.587483
55	93	2.305353	0.437981	1.697682	4.441016
55	94	2.305353	0.430362	1.622086	4.357801
55	95	2.305353	0.513210	2.444138	5.262700
55	96	2.305353	0.463599	1.951872	4.720823
55	97	2.305353	0.525598	2.567063	5.398014
55	98	2.305353	0.534152	2.651940	5.491445
55	99	2.305353	0.515071	2.462606	5.283030
56	0	2.165441	0.530384	2.614549	5.310374
56	1	2.165441	0.504980	2.362483	5.032904
56	2	2.165441	0.554473	3.065429	5.785343
56	3	2.165441	0.484174	2.685670	5.335285
56	4	2.165441	0.528075	2.591641	5.285157
56	5	2.165441	0.564406	2.952135	5.681982
56	6	2.165441	0.495412	2.267541	4.928394
56	7	2.165441	0.549201	2.801256	5.515897
56	8	2.165441	0.546877	2.778202	5.490520
56	9	2.165441	0.609657	3.401140	6.176238
56	10	2.165441	0.600260	3.307891	6.073591
56	11	2.165441	0.421872	1.537842	4.125155
56	12	2.165441	0.609657	3.401140	6.176238
56	13	2.165441	0.603388	3.338928	6.107756
56	14	2.165441	0.565653	2.964509	5.695603
56	15	2.165441	0.553731	2.846214	5.565386
56	16	2.165441	0.508970	2.402073	5.076485
56	17	2.165441	0.546877	2.778202	5.490520
56	18	2.165441	0.610504	3.409536	6.185481
56	19	2.165441	0.564406	2.952135	5.681982
56	20	2.165441	0.492422	2.237867	4.895729
56	21	2.165441	0.479085	2.105535	4.750061
56	22	2.165441	0.473723	2.052332	4.691496
56	23	2.165441	0.476129	2.076209	4.717779
56	24	2.165441	0.513183	2.602764	5.281388
56	25	2.165441	0.554621	3.066897	5.786959
56	26	2.165441	0.496613	2.279454	4.941507
56	27	2.165441	0.489565	2.209524	4.864530
56	28	2.165441	0.435401	1.672081	4.272922
56	29	2.165441	0.544970	2.759275	5.469685
56	30	2.165441	0.487729	2.509083	5.162252
56	31	2.165441	0.528075	2.591641	5.285157
56	32	2.165441	0.508970	2.402073	5.076485
56	33	2.165441	0.496613	2.279454	4.941507
56	34	2.165441	0.574844	3.055699	5.795983
56	35	2.165441	0.583872	3.145288	5.894601
56	36	2.165441	0.528075	2.591641	5.285157
56	37	2.165441	0.528933	2.600147	5.294520
56	38	2.165441	0.603388	3.338928	6.107756
56	39	2.165441	0.565653	2.964509	5.695603
56	40	2.165441	0.480968	2.124216	4.770624
56	41	2.165441	0.589438	3.200508	5.955387
56	42	2.165441	0.512093	2.433052	5.110585
56	43	2.165441	0.564406	2.952135	5.681982
56	44	2.165441	0.470780	2.023124	4.659344
56	45	2.165441	0.503774	2.350514	5.019729
56	46	2.165441	0.541723	2.727056	5.434220
56	47	2.165441	0.470780	2.023124	4.659344
56	48	2.165441	0.465527	1.971001	4.601968
56	49	2.165441	0.548650	2.901724	5.615815
56	50	2.165441	0.596430	3.269890	6.031760
56	51	2.165441	0.507668	2.389146	5.062255
56	52	2.165441	0.479085	2.105535	4.750061
56	53	2.165441	0.535204	2.662371	5.363015
56	54	2.165441	0.573625	3.043608	5.782674
56	55	2.165441	0.584459	3.151113	5.901013
56	56	2.165441	0.564406	2.952135	5.681982
56	57	2.165441	0.500786	2.638643	5.304870
56	58	2.165441	0.522349	2.534826	5.222616
56	59	2.165441	0.603388	3.338928	6.107756
56	60	2.165441	0.593802	3.243811	6.003054
56	61	2.165441	0.530384	2.614549	5.310374
56	62	2.165441	0.531883	2.629427	5.326751
56	63	2.165441	0.481027	2.124804	4.771272
56	64	2.165441	0.421872	1.537842	4.125155
56	65	2.165441	0.503150	2.344317	5.012907
56	66	2.165441	0.479085	2.105535	4.750061
56	67	2.165441	0.495553	2.268939	4.929933
56	68	2.165441	0.495412	2.267541	4.928394
56	69	2.165441	0.616447	3.468511	6.250399
56	70	2.165441	0.445975	1.777001	4.388417
56	71	2.165441	0.549201	2.801256	5.515897
56	72	2.165441	0.465527	1.971001	4.601968
56	73	2.165441	0.440555	1.723217	4.329212
56	74	2.165441	0.507650	2.388972	5.062063
56	75	2.165441	0.520877	2.520218	5.206535
56	76	2.165441	0.503774	2.350514	5.019729
56	77	2.165441	0.505248	2.365136	5.035824
56	78	2.165441	0.593802	3.243811	6.003054
56	79	2.165441	0.556558	2.874260	5.596258
56	80	2.165441	0.603388	3.338928	6.107756
56	81	2.165441	0.507650	2.388972	5.062063
56	82	2.165441	0.586585	3.278127	6.030152
56	83	2.165441	0.505248	2.365136	5.035824
56	84	2.165441	0.537218	2.682362	5.385021
56	85	2.165441	0.404362	2.158550	4.728352
56	86	2.165441	0.553731	2.846214	5.565386
56	87	2.165441	0.476129	2.076209	4.717779
56	88	2.165441	0.595651	3.262163	6.023255
56	89	2.165441	0.553348	2.842407	5.561195
56	90	2.165441	0.552668	2.835664	5.553773
56	91	2.165441	0.473723	2.052332	4.691496
56	92	2.165441	0.535204	2.662371	5.363015
56	93	2.165441	0.474605	2.061087	4.701133
56	94	2.165441	0.592963	3.235489	5.993893
56	95	2.165441	0.476129	2.076209	4.717779
56	96	2.165441	0.445975	1.777001	4.388417
56	97	2.165441	0.600946	3.420629	6.187015
56	98	2.165441	0.484368	2.157960	4.807769
56	99	2.165441	0.573625	3.043608	5.782674
57	0	2.221014	0.498043	2.293645	5.012702
57	1	2.221014	0.576378	3.176850	5.974242
57	2	2.221014	0.450621	1.823102	4.494738
57	3	2.221014	0.506736	2.379903	5.107653
57	4	2.221014	0.449821	1.815162	4.485998
57	5	2.221014	0.549119	3.065262	5.835394
57	6	2.221014	0.489912	2.212961	4.923887
57	7	2.221014	0.474097	2.056040	4.751151
57	8	2.221014	0.607896	3.383662	6.212572
57	9	2.221014	0.469664	2.012052	4.702730
57	10	2.221014	0.565293	2.960937	5.747245
57	11	2.221014	0.506236	2.374939	5.102189
57	12	2.221014	0.545319	2.762742	5.529076
57	13	2.221014	0.474130	2.056371	4.751516
57	14	2.221014	0.471339	2.028670	4.721023
57	15	2.221014	0.577474	3.081800	5.880288
57	16	2.221014	0.614571	3.449890	6.285475
57	17	2.221014	0.489912	2.212961	4.923887
57	18	2.221014	0.585962	3.166019	5.972995
57	19	2.221014	0.560270	2.911088	5.692372
57	20	2.221014	0.473278	2.047914	4.742206
57	21	2.221014	0.545781	2.767321	5.534116
57	22	2.221014	0.576477	3.071903	5.869394
57	23	2.221014	0.541646	2.726296	5.488957
57	24	2.221014	0.552078	2.829804	5.602896
57	25	2.221014	0.497173	2.285018	5.003206
57	26	2.221014	0.512144	2.433564	5.166723
57	27	2.221014	0.501593	2.328871	5.051479
57	28	2.221014	0.523573	2.546965	5.291552
57	29	2.221014	0.549994	3.020988	5.791997
57	30	2.221014	0.539761	2.707590	5.468366
57	31	2.221014	0.653493	3.836100	6.710607
57	32	2.221014	0.442401	1.741541	4.404956
57	33	2.221014	0.444900	2.084112	4.750026
57	34	2.221014	0.508133	2.393766	5.122914
57	35	2.221014	0.643914	3.741052	6.605981
57	36	2.221014	0.579203	3.257851	6.058068
57	37	2.221014	0.614571	3.449890	6.285475
57	38	2.221014	0.504638	2.359089	5.084741
57	39	2.221014	0.497173	2.285018	5.003206
57	40	2.221014	0.586472	3.171086	5.978572
57	41	2.221014	0.504638	2.359089	5.084741
57	42	2.221014	0.485864	2.172802	4.879680
57	43	2.221014	0.552696	2.835943	5.609653
57	44	2.221014	0.528201	2.592886	5.342101
57	45	2.221014	0.498043	2.293645	5.012702
57	46	2.221014	0.450621	1.823102	4.494738
57	47	2.221014	0.600408	3.309359	6.130781
57	48	2.221014	0.478349	2.098235	4.797598
57	49	2.221014	0.560270	2.911088	5.692372
57	50	2.221014	0.555918	3.185694	5.962627
57	51	2.221014	0.442401	1.741541	4.404956
57	52	2.221014	0.491885	2.232543	4.945442
57	53	2.221014	0.586472	3.171086	5.978572
57	54	2.221014	0.495370	2.267123	4.983507
57	55	2.221014	0.545781	2.767321	5.534116
57	56	2.221014	0.542444	2.734210	5.497668
57	57	2.221014	0.469664	2.012052	4.702730
57	58	2.221014	0.646940	3.771074	6.639028
57	59	2.221014	0.506736	2.379903	5.107653
57	60	2.221014	0.546333	2.984654	5.752001
57	61	2.221014	0.498043	2.293645	5.012702
57	62	2.221014	0.576477	3.071903	5.869394
57	63	2.221014	0.437961	1.697487	4.356462
57	64	2.221014	0.567260	2.980452	5.768726
57	65	2.221014	0.542444	2.734210	5.497668
57	66	2.221014	0.474097	2.056040	4.751151
57	67	2.221014	0.601974	3.324906	6.147895
57	68	2.221014	0.471339	2.028670	4.721023
57	69	2.221014	0.545319	2.762742	5.529076
57	70	2.221014	0.472612	2.041303	4.734929
57	71	2.221014	0.485864	2.172802	4.879680
57	72	2.221014	0.507799	2.390448	5.119261
57	73	2.221014	0.498043	2.293645	5.012702
57	74	2.221014	0.501593	2.328871	5.051479
57	75	2.221014	0.489912	2.212961	4.923887
57	76	2.221014	0.614571	3.449890	6.285475
57	77	2.221014	0.478349	2.098235	4.797598
57	78	2.221014	0.586472	3.171086	5.978572
57	79	2.221014	0.506736	2.379903	5.107653
57	80	2.221014	0.497173	2.285018	5.003206
57	81	2.221014	0.507799	2.390448	5.119261
57	82	2.221014	0.561375	3.186880	5.969270
57	83	2.221014	0.525442	2.565513	5.311969
57	84	2.221014	0.558273	2.891280	5.670567
57	85	2.221014	0.565293	2.960937	5.747245
57	86	2.221014	0.498043	2.293645	5.012702
57	87	2.221014	0.545781	2.767321	5.534116
57	88	2.221014	0.541646	2.726296	5.488957
57	89	2.221014	0.473278	2.047914	4.742206
57	90	2.221014	0.571477	3.022290	5.814781
57	91	2.221014	0.415637	1.475968	4.112619
57	92	2.221014	0.582968	3.136313	5.940296
57	93	2.221014	0.555918	3.185694	5.962627
57	94	2.221014	0.582968	3.136313	5.940296
57	95	2.221014	0.521935	2.530719	5.273668
57	96	2.221014	0.560270	2.911088	5.692372
57	97	2.221014	0.403093	2.145962	4.770069
57	98	2.221014	0.473278	2.047914	4.742206
57	99	2.221014	0.512060	2.432734	5.165808
58	0	2.246544	0.514510	2.457041	5.218095
58	1	2.246544	0.523765	2.548876	5.319186
58	2	2.246544	0.538783	2.697892	5.483220
58	3	2.246544	0.469379	2.009229	4.725153
58	4	2.246544	0.553010	2.839058	5.638613
58	5	2.246544	0.601176	3.316987	6.164708
58	6	2.246544	0.551150	2.820597	5.618291
58	7	2.246544	0.494488	2.258375	4.999408
58	8	2.246544	0.489537	2.527027	5.263109
58	9	2.246544	0.514510	2.457041	5.218095
58	10	2.246544	0.430619	1.624632	4.301795
58	11	2.246544	0.465119	1.966956	4.678619
58	12	2.246544	0.483659	2.150920	4.881123
58	13	2.246544	0.468342	1.998941	4.713828
58	14	2.246544	0.494903	2.262484	5.003931
58	15	2.246544	0.508992	2.402286	5.157822
58	16	2.246544	0.569638	3.004051	5.820234
58	17	2.246544	0.554311	2.851967	5.652822
58	18	2.246544	0.548786	2.797148	5.592479
58	19	2.246544	0.553010	2.839058	5.638613
58	20	2.246544	0.451115	2.410607	5.108267
58	21	2.246544	0.486440	2.178513	4.911497
58	22	2.246544	0.522335	2.534685	5.303565
58	23	2.246544	0.556433	2.978951	5.781929
58	24	2.246544	0.514510	2.457041	5.218095
58	25	2.246544	0.440436	1.722044	4.409025
58	26	2.246544	0.494488	2.258375	4.999408
58	27	2.246544	0.489314	2.207033	4.942891
58	28	2.246544	0.576543	3.072565	5.895653
58	29	2.246544	0.483659	2.150920	4.881123
58	30	2.246544	0.405845	1.378815	4.031205
58	31	2.246544	0.540617	2.716089	5.503251
58	32	2.246544	0.486440	2.178513	4.911497
58	33	2.246544	0.417882	1.498247	4.162673
58	34	2.246544	0.538783	2.697892	5.483220
58	35	2.246544	0.539128	2.701308	5.486980
58	36	2.246544	0.581637	3.282002	6.110184
58	37	2.246544	0.472894	2.044102	4.763540
58	38	2.246544	0.476901	2.083866	4.807312
58	39	2.246544	0.468342	1.998941	4.713828
58	40	2.246544	0.489498	2.208857	4.944900
58	41	2.246544	0.538783	2.697892	5.483220
58	42	2.246544	0.425676	1.575580	4.247800
58	43	2.246544	0.457776	1.894100	4.598421
58	44	2.246544	0.472894	2.044102	4.763540
58	45	2.246544	0.655904	3.860019	6.762467
58	46	2.246544	0.615283	3.456960	6.318787
58	47	2.246544	0.586882	3.175149	6.008576
58	48	2.246544	0.515459	2.466460	5.228464
58	49	2.246544	0.519996	2.511470	5.278011
58	50	2.246544	0.600304	3.361298	6.208147
58	51	2.246544	0.538783	2.697892	5.483220
58	52	2.246544	0.417882	1.498247	4.162673
58	53	2.246544	0.607391	3.378649	6.232585
58	54	2.246544	0.440436	1.722044	4.409025
58	55	2.246544	0.496331	2.276657	5.019533
58	56	2.246544	0.519996	2.511470	5.278011
58	57	2.246544	0.405845	1.378815	4.031205
58	58	2.246544	0.511848	2.748408	5.506800
58	59	2.246544	0.468342	1.998941	4.713828
58	60	2.246544	0.442741	1.744910	4.434195
58	61	2.246544	0.524814	2.559283	5.330642
58	62	2.246544	0.553010	2.839058	5.638613
58	63	2.246544	0.500989	2.322880	5.070414
58	64	2.246544	0.515459	2.466460	5.228464
58	65	2.246544	0.515467	2.466538	5.228550
58	66	2.246544	0.572691	3.034338	5.853573
58	67	2.246544	0.405845	1.378815	4.031205
58	68	2.246544	0.494044	2.253963	4.994551
58	69	2.246544	0.540617	2.716089	5.503251
58	70	2.246544	0.551634	2.931334	5.729513
58	71	2.246544	0.490642	2.220209	4.957396
58	72	2.246544	0.483659	2.150920	4.881123
58	73	2.246544	0.519996	2.511470	5.278011
58	74	2.246544	0.504367	2.356392	5.107303
58	75	2.246544	0.592283	3.228743	6.067570
58	76	2.246544	0.555483	2.863597	5.665624
58	77	2.246544	0.584938	3.155858	5.987340
58	78	2.246544	0.523765	2.548876	5.319186
58	79	2.246544	0.523900	2.550214	5.320659
58	80	2.246544	0.457776	1.894100	4.598421
58	81	2.246544	0.494697	2.260445	5.001687
58	82	2.246544	0.510653	2.418770	5.175967
58	83	2.246544	0.564769	2.955735	5.767049
58	84	2.246544	0.526111	2.572150	5.344805
58	85	2.246544	0.522335	2.534685	5.303565
58	86	2.246544	0.584938	3.155858	5.987340
58	87	2.246544	0.539128	2.701308	5.486980
58	88	2.246544	0.655904	3.860019	6.762467
58	89	2.246544	0.490642	2.220209	4.957396
58	90	2.246544	0.490642	2.220209	4.957396
58	91	2.246544	0.607391	3.378649	6.232585
58	92	2.246544	0.572691	3.034338	5.853573
58	93	2.246544	0.494697	2.260445	5.001687
58	94	2.246544	0.542139	2.731191	5.519875
58	95	2.246544	0.544241	3.016864	5.807649
58	96	2.246544	0.584938	3.155858	5.987340
58	97	2.246544	0.440436	1.722044	4.409025
58	98	2.246544	0.544241	3.016864	5.807649
58	99	2.246544	0.465119	1.966956	4.678619
59	0	2.195573	0.521354	2.524945	5.241872
59	1	2.195573	0.531405	2.624677	5.351654
59	2	2.195573	0.580830	3.221024	5.997427
59	3	2.195573	0.491276	2.226497	4.913346
59	4	2.195573	0.467670	1.992268	4.655511
59	5	2.195573	0.500322	2.316257	5.012152
59	6	2.195573	0.496158	2.274942	4.966673
59	7	2.195573	0.546028	2.769775	5.511376
59	8	2.195573	0.552812	2.837086	5.585471
59	9	2.195573	0.431227	1.630666	4.257466
59	10	2.195573	0.460690	1.923006	4.579268
59	11	2.195573	0.602507	3.330189	6.128269
59	12	2.195573	0.548273	2.792052	5.535898
59	13	2.195573	0.531405	2.624677	5.351654
59	14	2.195573	0.523070	2.541979	5.260622
59	15	2.195573	0.495165	2.265092	4.955831
59	16	2.195573	0.460690	1.923006	4.579268
59	17	2.195573	0.548273	2.792052	5.535898
59	18	2.195573	0.495165	2.265092	4.955831
59	19	2.195573	0.517170	2.483432	5.196175
59	20	2.195573	0.544893	2.758515	5.498981
59	21	2.195573	0.531032	2.620982	5.347588
59	22	2.195573	0.473431	2.049434	4.718438
59	23	2.195573	0.469506	2.010483	4.675562
59	24	2.195573	0.553391	2.842833	5.591797
59	25	2.195573	0.553481	2.843731	5.592785
59	26	2.195573	0.487622	2.508027	5.191223
59	27	2.195573	0.481856	2.133032	4.810461
59	28	2.195573	0.460690	1.923006	4.579268
59	29	2.195573	0.486859	2.182673	4.865105
59	30	2.195573	0.574145	3.048770	5.818489
59	31	2.195573	0.574145	3.048770	5.818489
59	32	2.195573	0.449444	1.811426	4.456444
59	33	2.195573	0.563824	2.946358	5.705755
59	34	2.195573	0.609013	3.447712	6.252299
59	35	2.195573	0.583505	3.141643	5.920722
59	36	2.195573	0.541769	2.727519	5.464861
59	37	2.195573	0.481933	2.133794	4.811300
59	38	2.195573	0.522333	2.534665	5.252571
59	39	2.195573	0.469506	2.010483	4.675562
59	40	2.195573	0.481602	2.130507	4.807682
59	41	2.195573	0.543547	2.851086	5.590206
59	42	2.195573	0.531032	2.620982	5.347588
59	43	2.195573	0.464327	1.959094	4.618994
59	44	2.195573	0.467670	1.992268	4.655511
59	45	2.195573	0.431579	1.634152	4.261304
59	46	2.195573	0.486859	2.182673	4.865105
59	47	2.195573	0.581595	3.122695	5.899863
59	48	2.195573	0.619622	3.500011	6.315206
59	49	2.195573	0.588838	3.194559	5.978970
59	50	2.195573	0.546028	2.769775	5.511376
59	51	2.195573	0.531910	2.629695	5.357178
59	52	2.195573	0.576769	3.233697	6.006039
59	53	2.195573	0.491276	2.226497	4.913346
59	54	2.195573	0.446467	1.781884	4.423924
59	55	2.195573	0.610845	3.412919	6.219337
59	56	2.195573	0.391880	2.087664	4.675117
59	57	2.195573	0.435499	1.673054	4.304126
59	58	2.195573	0.610845	3.412919	6.219337
59	59	2.195573	0.526610	2.577100	5.299283
59	60	2.195573	0.460690	1.923006	4.579268
59	61	2.195573	0.581595	3.122695	5.899863
59	62	2.195573	0.593864	3.350361	6.139798
59	63	2.195573	0.531405	2.624677	5.351654
59	64	2.195573	0.481856	2.133032	4.810461
59	65	2.195573	0.526610	2.577100	5.299283
59	66	2.195573	0.579409	3.100997	5.875979
59	67	2.195573	0.522333	2.534665	5.252571
59	68	2.195573	0.504580	2.358508	5.058661
59	69	2.195573	0.610845	3.412919	6.219337
59	70	2.195573	0.523136	2.542628	5.261337
59	71	2.195573	0.464327	1.959094	4.618994
59	72	2.195573	0.610845	3.412919	6.219337
59	73	2.195573	0.553481	2.843731	5.592785
59	74	2.195573	0.464327	1.959094	4.618994
59	75	2.195573	0.487752	2.191532	4.874857
59	76	2.195573	0.576234	3.069494	5.841301
59	77	2.195573	0.588838	3.194559	5.978970
59	78	2.195573	0.568799	2.995723	5.760095
59	79	2.195573	0.464327	1.959094	4.618994
59	80	2.195573	0.482175	2.136196	4.813944
59	81	2.195573	0.481856	2.133032	4.810461
59	82	2.195573	0.501841	2.649114	5.346528
59	83	2.195573	0.469506	2.010483	4.675562
59	84	2.195573	0.531032	2.620982	5.347588
59	85	2.195573	0.495390	2.267322	4.958286
59	86	2.195573	0.547874	2.788090	5.531537
59	87	2.195573	0.495390	2.267322	4.958286
59	88	2.195573	0.531910	2.629695	5.357178
59	89	2.195573	0.500823	2.797899	5.494295
59	90	2.195573	0.435499	1.673054	4.304126
59	91	2.195573	0.446467	1.781884	4.423924
59	92	2.195573	0.473431	2.049434	4.718438
59	93	2.195573	0.431227	1.630666	4.257466
59	94	2.195573	0.460690	1.923006	4.579268
59	95	2.195573	0.481856	2.133032	4.810461
59	96	2.195573	0.546028	2.769775	5.511376
59	97	2.195573	0.446467	1.781884	4.423924
59	98	2.195573	0.523070	2.541979	5.260622
59	99	2.195573	0.531032	2.620982	5.347588
60	0	2.094398	0.517015	2.481891	5.093304
60	1	2.094398	0.546000	2.769503	5.409901
60	2	2.094398	0.519253	2.504098	5.117748
60	3	2.094398	0.523460	3.022523	5.640381
60	4	2.094398	0.577726	3.084296	5.756420
60	5	2.094398	0.522992	2.541201	5.158591
60	6	2.094398	0.550298	2.812148	5.456844
60	7	2.094398	0.530186	2.612583	5.237168
60	8	2.094398	0.506735	2.379890	4.981024
60	9	2.094398	0.557288	2.881503	5.533189
60	10	2.094398	0.577726	3.084296	5.756420
60	11	2.094398	0.551225	2.821345	5.466968
60	12	2.094398	0.494781	2.261277	4.850456
60	13	2.094398	0.560452	3.124750	5.779600
60	14	2.094398	0.483970	2.154007	4.732376
60	15	2.094398	0.557288	2.881503	5.533189
60	16	2.094398	0.506735	2.379890	4.981024
60	17	2.094398	0.592873	3.234599	5.921871
60	18	2.094398	0.550793	2.817053	5.462244
60	19	2.094398	0.506735	2.379890	4.981024
60	20	2.094398	0.452323	1.839989	4.386710
60	21	2.094398	0.497026	2.283554	4.874978
60	22	2.094398	0.602102	3.326167	6.022667
60	23	2.094398	0.558305	2.891596	5.544299
60	24	2.094398	0.551225	2.821345	5.466968
60	25	2.094398	0.572038	3.027860	5.694296
60	26	2.094398	0.548783	2.797109	5.440290
60	27	2.094398	0.590378	3.315769	6.000546
60	28	2.094398	0.590454	3.210590	5.895442
60	29	2.094398	0.551225	2.821345	5.466968
60	30	2.094398	0.621081	3.514491	6.229970
60	31	2.094398	0.506735	2.379890	4.981024
60	32	2.094398	0.562325	2.931480	5.588202
60	33	2.094398	0.522423	2.535553	5.152374
60	34	2.094398	0.582374	3.130424	5.807197
60	35	2.094398	0.550298	2.812148	5.456844
60	36	2.094398	0.610026	3.404800	6.109224
60	37	2.094398	0.558305	2.891596	5.544299
60	38	2.094398	0.594973	3.255433	5.944805
60	39	2.094398	0.623735	3.540822	6.258955
60	40	2.094398	0.593765	3.243446	5.931609
60	41	2.094398	0.513732	2.449315	5.057445
60	42	2.094398	0.578999	3.096936	5.770334
60	43	2.094398	0.488608	2.200024	4.783030
60	44	2.094398	0.625103	3.554394	6.273895
60	45	2.094398	0.452323	1.839989	4.386710
60	46	2.094398	0.578999	3.096936	5.770334
60	47	2.094398	0.589856	3.204658	5.888913
60	48	2.094398	0.521676	2.528143	5.144217
60	49	2.094398	0.479796	2.695192	5.269387
60	50	2.094398	0.587516	3.181438	5.863352
60	51	2.094398	0.593932	3.245100	5.933429
60	52	2.094398	0.649532	3.796793	6.540723
60	53	2.094398	0.541842	2.728241	5.364481
60	54	2.094398	0.548553	2.900763	5.543714
60	55	2.094398	0.572038	3.027860	5.694296
60	56	2.094398	0.527066	3.058299	5.679763
60	57	2.094398	0.494781	2.261277	4.850456
60	58	2.094398	0.519253	2.504098	5.117748
60	59	2.094398	0.452323	1.839989	4.386710
60	60	2.094398	0.530186	2.612583	5.237168
60	61	2.094398	0.578999	3.096936	5.770334
60	62	2.094398	0.483970	2.154007	4.732376
60	63	2.094398	0.571402	3.021549	5.687349
60	64	2.094398	0.513732	2.449315	5.057445
60	65	2.094398	0.550793	2.817053	5.462244
60	66	2.094398	0.578999	3.096936	5.770334
60	67	2.094398	0.491668	2.760026	5.346092
60	68	2.094398	0.550298	2.812148	5.456844
60	69	2.094398	0.501791	2.860475	5.456664
60	70	2.094398	0.550793	2.817053	5.462244
60	71	2.094398	0.557346	2.882082	5.533827
60	72	2.094398	0.545888	2.768386	5.408672
60	73	2.094398	0.562325	2.931480	5.588202
60	74	2.094398	0.454398	2.390219	4.939015
60	75	2.094398	0.584261	3.149144	5.827803
60	76	2.094398	0.521676	2.528143	5.144217
60	77	2.094398	0.582374	3.130424	5.807197
60	78	2.094398	0.589856	3.204658	5.888913
60	79	2.094398	0.593932	3.245100	5.933429
60	80	2.094398	0.577726	3.084296	5.756420
60	81	2.094398	0.527066	3.058299	5.679763
60	82	2.094398	0.456724	1.883655	4.434777
60	83	2.094398	0.568143	2.989212	5.651753
60	84	2.094398	0.497026	2.283554	4.874978
60	85	2.094398	0.550793	2.817053	5.462244
60	86	2.094398	0.468124	1.996775	4.559297
60	87	2.094398	0.452323	1.839989	4.386710
60	88	2.094398	0.623735	3.540822	6.258955
60	89	2.094398	0.621081	3.514491	6.229970
60	90	2.094398	0.594973	3.255433	5.944805
60	91	2.094398	0.653011	3.831320	6.578730
60	92	2.094398	0.649532	3.796793	6.540723
60	93	2.094398	0.452323	1.839989	4.386710
60	94	2.094398	0.610026	3.404800	6.109224
60	95	2.094398	0.494781	2.261277	4.850456
60	96	2.094398	0.577726	3.084296	5.756420
60	97	2.094398	0.521676	2.528143	5.144217
60	98	2.094398	0.562240	2.930643	5.587282
60	99	2.094398	0.550793	2.817053	5.462244
61	0	2.285733	0.572207	3.029540	5.887480
61	1	2.285733	0.597403	3.279543	6.162679
61	2	2.285733	0.467179	1.987399	4.740311
61	3	2.285733	0.553509	2.844011	5.683254
61	4	2.285733	0.518985	2.501440	5.306158
61	5	2.285733	0.482416	2.138586	4.906735
61	6	2.285733	0.500350	2.316535	5.102618
61	7	2.285733	0.439055	1.708341	4.433130
61	8	2.285733	0.517050	2.482239	5.285022
61	9	2.285733	0.455449	1.871003	4.612185
61	10	2.285733	0.517050	2.482239	5.285022
61	11	2.285733	0.566375	2.971668	5.823776
61	12	2.285733	0.523493	2.546169	5.355394
61	13	2.285733	0.509192	2.404270	5.199196
61	14	2.285733	0.489550	2.209375	4.984658
61	15	2.285733	0.463643	1.952311	4.701687
61	16	2.285733	0.530262	2.613337	5.429332
61	17	2.285733	0.453436	2.380675	5.119844
61	18	2.285733	0.544167	2.751313	5.581213
61	19	2.285733	0.543664	2.746318	5.575715
61	20	2.285733	0.597403	3.279543	6.162679
61	21	2.285733	0.468521	2.000716	4.754971
61	22	2.285733	0.547665	2.838983	5.672381
61	23	2.285733	0.487294	2.186988	4.960015
61	24	2.285733	0.482416	2.138586	4.906735
61	25	2.285733	0.488747	2.201402	4.975881
61	26	2.285733	0.573500	3.042369	5.901602
61	27	2.285733	0.542196	2.996572	5.824501
61	28	2.285733	0.472417	2.039371	4.797521
61	29	2.285733	0.532542	2.635963	5.454239
61	30	2.285733	0.471547	2.030739	4.788019
61	31	2.285733	0.439055	1.708341	4.433130
61	32	2.285733	0.472417	2.039371	4.797521
61	33	2.285733	0.515232	2.781984	5.582949
61	34	2.285733	0.496292	2.276273	5.058298
61	35	2.285733	0.578244	3.089442	5.953419
61	36	2.285733	0.418200	1.501401	4.205333
61	37	2.285733	0.467179	1.987399	4.740311
61	38	2.285733	0.532542	2.635963	5.454239
61	39	2.285733	0.530262	2.613337	5.429332
61	40	2.285733	0.488747	2.201402	4.975881
61	41	2.285733	0.494784	2.261307	5.041824
61	42	2.285733	0.523493	2.546169	5.355394
61	43	2.285733	0.526477	2.575780	5.387990
61	44	2.285733	0.489361	2.207496	4.982590
61	45	2.285733	0.552928	2.891202	5.729862
61	46	2.285733	0.489361	2.207496	4.982590
61	47	2.285733	0.585769	3.164105	6.035607
61	48	2.285733	0.509192	2.404270	5.199196
61	49	2.285733	0.509192	2.404270	5.199196
61	50	2.285733	0.601130	3.369488	6.256351
61	51	2.285733	0.523493	2.546169	5.355394
61	52	2.285733	0.424896	1.567848	4.278478
61	53	2.285733	0.426657	1.585315	4.297705
61	54	2.285733	0.523493	2.546169	5.355394
61	55	2.285733	0.511742	2.429578	5.227054
61	56	2.285733	0.605173	3.356644	6.247550
61	57	2.285733	0.489221	2.206113	4.981068
61	58	2.285733	0.521849	2.529857	5.337439
61	59	2.285733	0.585769	3.164105	6.035607
61	60	2.285733	0.565942	2.967378	5.819054
61	61	2.285733	0.588734	3.193525	6.067992
61	62	2.285733	0.553509	2.844011	5.683254
61	63	2.285733	0.455449	1.871003	4.612185
61	64	2.285733	0.530262	2.613337	5.429332
61	65	2.285733	0.477829	2.093076	4.856639
61	66	2.285733	0.584421	3.150727	6.020880
61	67	2.285733	0.544167	2.751313	5.581213
61	68	2.285733	0.443986	1.757267	4.486986
61	69	2.285733	0.565287	2.960874	5.811894
61	70	2.285733	0.544167	2.751313	5.581213
61	71	2.285733	0.439055	1.708341	4.433130
61	72	2.285733	0.426657	1.585315	4.297705
61	73	2.285733	0.472417	2.039371	4.797521
61	74	2.285733	0.553302	2.894919	5.733954
61	75	2.285733	0.520120	2.936414	5.742267
61	76	2.285733	0.426657	1.585315	4.297705
61	77	2.285733	0.475368	2.068655	4.829756
61	78	2.285733	0.553509	2.844011	5.683254
61	79	2.285733	0.610978	3.414241	6.310952
61	80	2.285733	0.563470	2.942844	5.792047
61	81	2.285733	0.484123	2.155524	4.925381
61	82	2.285733	0.526477	2.575780	5.387990
61	83	2.285733	0.482416	2.138586	4.906735
61	84	2.285733	0.610978	3.414241	6.310952
61	85	2.285733	0.598571	3.291135	6.175439
61	86	2.285733	0.403381	1.354364	4.043479
61	87	2.285733	0.433958	1.657760	4.377451
61	88	2.285733	0.528178	2.592664	5.406575
61	89	2.285733	0.496292	2.276273	5.058298
61	90	2.285733	0.544725	2.756846	5.587303
61	91	2.285733	0.526477	2.575780	5.387990
61	92	2.285733	0.463643	1.952311	4.701687
61	93	2.285733	0.526264	2.573663	5.385660
61	94	2.285733	0.542196	2.996572	5.824501
61	95	2.285733	0.594127	3.247042	6.126902
61	96	2.285733	0.475368	2.068655	4.829756
61	97	2.285733	0.488747	2.201402	4.975881
61	98	2.285733	0.484123	2.155524	4.925381
61	99	2.285733	0.418200	1.501401	4.205333
62	0	2.359389	0.456933	1.885730	4.702052
62	1	2.359389	0.542367	2.733448	5.635203
62	2	2.359389	0.449721	1.814169	4.623279
62	3	2.359389	0.483933	2.153643	4.996965
62	4	2.359389	0.482435	2.138774	4.980597
62	5	2.359389	0.534783	2.658194	5.552366
62	6	2.359389	0.481993	2.134391	4.975773
62	7	2.359389	0.584752	3.154019	6.098160
62	8	2.359389	0.549195	2.801198	5.709782
62	9	2.359389	0.509581	2.408128	5.277098
62	10	2.359389	0.478520	2.099932	4.937841
62	11	2.359389	0.415553	1.475139	4.250081
62	12	2.359389	0.549195	2.801198	5.709782
62	13	2.359389	0.539248	2.702503	5.601140
62	14	2.359389	0.463097	1.946890	4.769375
62	15	2.359389	0.574566	3.264798	6.198753
62	16	2.359389	0.544976	2.971194	5.875559
62	17	2.359389	0.547745	2.786817	5.693951
62	18	2.359389	0.535832	2.668608	5.563829
62	19	2.359389	0.510717	2.419399	5.289504
62	20	2.359389	0.510717	2.419399	5.289504
62	21	2.359389	0.539248	2.702503	5.601140
62	22	2.359389	0.513444	2.446463	5.319296
62	23	2.359389	0.481993	2.134391	4.975773
62	24	2.359389	0.479818	2.112810	4.952017
62	25	2.359389	0.449721	1.814169	4.623279
62	26	2.359389	0.599933	3.357612	6.316934
62	27	2.359389	0.528862	2.599443	5.487693
62	28	2.359389	0.547599	2.785362	5.692349
62	29	2.359389	0.505522	2.367853	5.232764
62	30	2.359389	0.403491	1.355452	4.118332
62	31	2.359389	0.420512	1.524343	4.304243
62	32	2.359389	0.624992	3.553295	6.537676
62	33	2.359389	0.589638	3.202492	6.151519
62	34	2.359389	0.554926	2.858070	5.772385
62	35	2.359389	0.536141	2.671676	5.567206
62	36	2.359389	0.523642	2.547655	5.430686
62	37	2.359389	0.479818	2.112810	4.952017
62	38	2.359389	0.424078	1.559726	4.343193
62	39	2.359389	0.493408	2.247652	5.100449
62	40	2.359389	0.472381	2.039011	4.870781
62	41	2.359389	0.523642	2.547655	5.430686
62	42	2.359389	0.573059	3.037987	5.970435
62	43	2.359389	0.519399	2.505549	5.384337
62	44	2.359389	0.441464	1.732243	4.533097
62	45	2.359389	0.537871	2.688836	5.586096
62	46	2.359389	0.547745	2.786817	5.693951
62	47	2.359389	0.483933	2.153643	4.996965
62	48	2.359389	0.525418	2.565274	5.450081
62	49	2.359389	0.456894	1.885344	4.701627
62	50	2.359389	0.479818	2.112810	4.952017
62	51	2.359389	0.567185	2.979703	5.906276
62	52	2.359389	0.573907	3.046404	5.979700
62	53	2.359389	0.424078	1.559726	4.343193
62	54	2.359389	0.624992	3.553295	6.537676
62	55	2.359389	0.519399	2.505549	5.384337
62	56	2.359389	0.436192	1.679925	4.475505
62	57	2.359389	0.488414	2.198106	5.045909
62	58	2.359389	0.487985	2.193843	5.041217
62	59	2.359389	0.535349	2.663817	5.558555
62	60	2.359389	0.441464	1.732243	4.533097
62	61	2.359389	0.509581	2.408128	5.277098
62	62	2.359389	0.424078	1.559726	4.343193
62	63	2.359389	0.584752	3.154019	6.098160
62	64	2.359389	0.440195	2.355216	5.154801
62	65	2.359389	0.463282	1.948726	4.771396
62	66	2.359389	0.523642	2.547655	5.430686
62	67	2.359389	0.515500	2.466860	5.341748
62	68	2.359389	0.535942	2.669703	5.565035
62	69	2.359389	0.488414	2.198106	5.045909
62	70	2.359389	0.593656	3.295326	6.248371
62	71	2.359389	0.513444	2.446463	5.319296
62	72	2.359389	0.494426	2.257755	5.111570
62	73	2.359389	0.535942	2.669703	5.565035
62	74	2.359389	0.624992	3.553295	6.537676
62	75	2.359389	0.514713	2.723873	5.597975
62	76	2.359389	0.467319	1.988783	4.815491
62	77	2.359389	0.535349	2.663817	5.558555
62	78	2.359389	0.480331	2.435682	5.275403
62	79	2.359389	0.456894	1.885344	4.701627
62	80	2.359389	0.478664	2.101359	4.939412
62	81	2.359389	0.467319	1.988783	4.815491
62	82	2.359389	0.535832	2.668608	5.563829
62	83	2.359389	0.547745	2.786817	5.693951
62	84	2.359389	0.449721	1.814169	4.623279
62	85	2.359389	0.546564	2.775093	5.681046
62	86	2.359389	0.488414	2.198106	5.045909
62	87	2.359389	0.546564	2.775093	5.681046
62	88	2.359389	0.510717	2.419399	5.289504
62	89	2.359389	0.463097	1.946890	4.769375
62	90	2.359389	0.456894	1.885344	4.701627
62	91	2.359389	0.483097	2.145348	4.987834
62	92	2.359389	0.456894	1.885344	4.701627
62	93	2.359389	0.463097	1.946890	4.769375
62	94	2.359389	0.554926	2.858070	5.772385
62	95	2.359389	0.535349	2.663817	5.558555
62	96	2.359389	0.504305	2.673561	5.537255
62	97	2.359389	0.496627	2.279592	5.135607
62	98	2.359389	0.496609	2.279418	5.135416
62	99	2.359389	0.463282	1.948726	4.771396
63	0	2.360291	0.597403	3.438433	6.396127
63	1	2.360291	0.560408	2.912464	5.833164
63	2	2.360291	0.496530	2.278635	5.135457
63	3	2.360291	0.564629	2.954347	5.879268
63	4	2.360291	0.518448	2.496113	5.374852
63	5	2.360291	0.467143	1.987040	4.814474
63	6	2.360291	0.519521	2.506763	5.386576
63	7	2.360291	0.481342	2.127932	4.969566
63	8	2.360291	0.499989	2.312952	5.173232
63	9	2.360291	0.423695	1.555925	4.339912
63	10	2.360291	0.471801	2.033258	4.865350
63	11	2.360291	0.425147	1.570335	4.355773
63	12	2.360291	0.538022	2.796260	5.694573
63	13	2.360291	0.446020	1.777445	4.583756
63	14	2.360291	0.423695	1.555925	4.339912
63	15	2.360291	0.482777	2.142170	4.985238
63	16	2.360291	0.538022	2.796260	5.694573
63	17	2.360291	0.574582	3.053108	5.987982
63	18	2.360291	0.464961	1.965392	4.790644
63	19	2.360291	0.520550	2.516972	5.397814
63	20	2.360291	0.545146	2.761022	5.666459
63	21	2.360291	0.471044	2.025747	4.857082
63	22	2.360291	0.440710	1.724763	4.525764
63	23	2.360291	0.588727	3.193457	6.142476
63	24	2.360291	0.446020	1.777445	4.583756
63	25	2.360291	0.608867	3.393297	6.362455
63	26	2.360291	0.432683	1.645113	4.438088
63	27	2.360291	0.488534	2.199295	5.048121
63	28	2.360291	0.527019	2.581163	5.468474
63	29	2.360291	0.597403	3.438433	6.396127
63	30	2.360291	0.520550	2.516972	5.397814
63	31	2.360291	0.477201	2.086836	4.924328
63	32	2.360291	0.516283	2.474628	5.351202
63	33	2.360291	0.510032	2.465568	5.335891
63	34	2.360291	0.496621	2.279533	5.136445
63	35	2.360291	0.471044	2.025747	4.857082
63	36	2.360291	0.548521	2.794511	5.703323
63	37	2.360291	0.600315	3.308442	6.269048
63	38	2.360291	0.523192	2.543188	5.426671
63	39	2.360291	0.538075	2.955680	5.854046
63	40	2.360291	0.594719	3.464766	6.419776
63	41	2.360291	0.567516	2.982991	5.910798
63	42	2.360291	0.496530	2.278635	5.135457
63	43	2.360291	0.527019	2.581163	5.468474
63	44	2.360291	0.488534	2.199295	5.048121
63	45	2.360291	0.513162	2.443663	5.317117
63	46	2.360291	0.569881	3.006459	5.936631
63	47	2.360291	0.504959	2.362272	5.227523
63	48	2.360291	0.538075	2.955680	5.854046
63	49	2.360291	0.554102	2.849890	5.764284
63	50	2.360291	0.467143	1.987040	4.814474
63	51	2.360291	0.527019	2.581163	5.468474
63	52	2.360291	0.548521	2.794511	5.703323
63	53	2.360291	0.496530	2.278635	5.135457
63	54	2.360291	0.559627	2.904715	5.824634
63	55	2.360291	0.527019	2.581163	5.468474
63	56	2.360291	0.464961	1.965392	4.790644
63	57	2.360291	0.608356	3.388224	6.356872
63	58	2.360291	0.505626	2.368892	5.234810
63	59	2.360291	0.432683	1.645113	4.438088
63	60	2.360291	0.480482	2.119399	4.960172
63	61	2.360291	0.569881	3.006459	5.936631
63	62	2.360291	0.496621	2.279533	5.136445
63	63	2.360291	0.439762	1.715348	4.515400
63	64	2.360291	0.564629	2.954347	5.879268
63	65	2.360291	0.551757	2.826619	5.738667
63	66	2.360291	0.582752	3.134169	6.077212
63	67	2.360291	0.504959	2.362272	5.227523
63	68	2.360291	0.564629	2.954347	5.879268
63	69	2.360291	0.471044	2.025747	4.857082
63	70	2.360291	0.583498	3.141574	6.085364
63	71	2.360291	0.531495	2.784468	5.676255
63	72	2.360291	0.471044	2.025747	4.857082
63	73	2.360291	0.506259	2.798878	5.665428
63	74	2.360291	0.496621	2.279533	5.136445
63	75	2.360291	0.432683	1.645113	4.438088
63	76	2.360291	0.554102	2.849890	5.764284
63	77	2.360291	0.555420	2.862967	5.778678
63	78	2.360291	0.488534	2.199295	5.048121
63	79	2.360291	0.440710	1.724763	4.525764
63	80	2.360291	0.533992	2.650346	5.544629
63	81	2.360291	0.518448	2.496113	5.374852
63	82	2.360291	0.548143	2.790759	5.699193
63	83	2.360291	0.611034	3.414799	6.386125
63	84	2.360291	0.548143	2.790759	5.699193
63	85	2.360291	0.506038	2.372974	5.239303
63	86	2.360291	0.446020	1.777445	4.583756
63	87	2.360291	0.410706	1.427045	4.198043
63	88	2.360291	0.471044	2.025747	4.857082
63	89	2.360291	0.528620	2.597051	5.485962
63	90	2.360291	0.563263	2.940787	5.864341
63	91	2.360291	0.555420	2.862967	5.778678
63	92	2.360291	0.482777	2.142170	4.985238
63	93	2.360291	0.481463	2.129127	4.970881
63	94	2.360291	0.468164	1.997174	4.825629
63	95	2.360291	0.525793	2.568996	5.455081
63	96	2.360291	0.504959	2.362272	5.227523
63	97	2.360291	0.477201	2.086836	4.924328
63	98	2.360291	0.554102	2.849890	5.764284
63	99	2.360291	0.499627	2.309366	5.169285
64	0	2.246509	0.494130	2.254818	4.995458
64	1	2.246509	0.436271	1.680710	4.363490
64	2	2.246509	0.501883	2.331746	5.080138
64	3	2.246509	0.608161	3.386289	6.240959
64	4	2.246509	0.474437	2.059418	4.780365
64	5	2.246509	0.550425	2.813406	5.610341
64	6	2.246509	0.583454	3.141140	5.971104
64	7	2.246509	0.505276	2.365419	5.117204
64	8	2.246509	0.478533	2.100055	4.825097
64	9	2.246509	0.604028	3.345282	6.195820
64	10	2.246509	0.502688	2.339739	5.088937
64	11	2.246509	0.496505	2.278388	5.021403
64	12	2.246509	0.543938	2.749035	5.539482
64	13	2.246509	0.533982	2.650247	5.430738
64	14	2.246509	0.557212	3.039639	5.843360
64	15	2.246509	0.478533	2.100055	4.825097
64	16	2.246509	0.547628	2.785651	5.579789
64	17	2.246509	0.608245	3.387123	6.241877
64	18	2.246509	0.561381	2.922121	5.730012
64	19	2.246509	0.565612	2.964096	5.776217
64	20	2.246509	0.539427	2.704279	5.490216
64	21	2.246509	0.493266	2.246249	4.986025
64	22	2.246509	0.496242	2.275776	5.018528
64	23	2.246509	0.443397	1.751422	4.441328
64	24	2.246509	0.502114	2.334042	5.082666
64	25	2.246509	0.533657	2.647028	5.427195
64	26	2.246509	0.464806	1.963850	4.675165
64	27	2.246509	0.531314	2.623782	5.401606
64	28	2.246509	0.409407	1.414151	4.070067
64	29	2.246509	0.545488	2.764421	5.556419
64	30	2.246509	0.496505	2.278388	5.021403
64	31	2.246509	0.486049	2.651307	5.383865
64	32	2.246509	0.494130	2.254818	4.995458
64	33	2.246509	0.554803	2.856850	5.658163
64	34	2.246509	0.485916	2.173311	4.905736
64	35	2.246509	0.604028	3.345282	6.195820
64	36	2.246509	0.533657	2.647028	5.427195
64	37	2.246509	0.554803	2.856850	5.658163
64	38	2.246509	0.554803	2.856850	5.658163
64	39	2.246509	0.436478	1.682769	4.365757
64	40	2.246509	0.472839	2.043555	4.762903
64	41	2.246509	0.493266	2.246249	4.986025
64	42	2.246509	0.494130	2.254818	4.995458
64	43	2.246509	0.494467	2.258158	4.999134
64	44	2.246509	0.525329	2.564392	5.336230
64	45	2.246509	0.533982	2.650247	5.430738
64	46	2.246509	0.626355	3.566818	6.439683
64	47	2.246509	0.474437	2.059418	4.780365
64	48	2.246509	0.421768	1.536803	4.205080
64	49	2.246509	0.537796	2.688093	5.472399
64	50	2.246509	0.562000	2.928254	5.736763
64	51	2.246509	0.533982	2.650247	5.430738
64	52	2.246509	0.613218	3.436472	6.296200
64	53	2.246509	0.515519	2.467046	5.229074
64	54	2.246509	0.579237	3.258185	6.083932
64	55	2.246509	0.525329	2.564392	5.336230
64	56	2.246509	0.520061	2.512115	5.278685
64	57	2.246509	0.554108	3.061810	5.862428
64	58	2.246509	0.494467	2.258158	4.999134
64	59	2.246509	0.421768	1.536803	4.205080
64	60	2.246509	0.545388	2.763425	5.555322
64	61	2.246509	0.436478	1.682769	4.365757
64	62	2.246509	0.533982	2.650247	5.430738
64	63	2.246509	0.537796	2.688093	5.472399
64	64	2.246509	0.599753	3.302865	6.149128
64	65	2.246509	0.582464	3.184273	6.013246
64	66	2.246509	0.525129	2.721301	5.492940
64	67	2.246509	0.464806	1.963850	4.675165
64	68	2.246509	0.502114	2.334042	5.082666
64	69	2.246509	0.566766	2.975552	5.788828
64	70	2.246509	0.502688	2.339739	5.088937
64	71	2.246509	0.502114	2.334042	5.082666
64	72	2.246509	0.547628	2.785651	5.579789
64	73	2.246509	0.436478	1.682769	4.365757
64	74	2.246509	0.565612	2.964096	5.776217
64	75	2.246509	0.562000	2.928254	5.736763
64	76	2.246509	0.478533	2.100055	4.825097
64	77	2.246509	0.502476	2.337634	5.086619
64	78	2.246509	0.445260	1.769905	4.461675
64	79	2.246509	0.489617	2.210039	4.946165
64	80	2.246509	0.464806	1.963850	4.675165
64	81	2.246509	0.539427	2.704279	5.490216
64	82	2.246509	0.606075	3.418554	6.271138
64	83	2.246509	0.443397	1.751422	4.441328
64	84	2.246509	0.519457	2.506124	5.272090
64	85	2.246509	0.409407	1.414151	4.070067
64	86	2.246509	0.581173	3.118505	5.946188
64	87	2.246509	0.493266	2.246249	4.986025
64	88	2.246509	0.531314	2.623782	5.401606
64	89	2.246509	0.585363	3.160079	5.991951
64	90	2.246509	0.545388	2.763425	5.555322
64	91	2.246509	0.502688	2.339739	5.088937
64	92	2.246509	0.474437	2.059418	4.780365
64	93	2.246509	0.565612	2.964096	5.776217
64	94	2.246509	0.648309	3.837623	6.732441
64	95	2.246509	0.445260	1.769905	4.461675
64	96	2.246509	0.496242	2.275776	5.018528
64	97	2.246509	0.563197	2.940138	5.749845
64	98	2.246509	0.525329	2.564392	5.336230
64	99	2.246509	0.507303	2.703310	5.457122
65	0	2.232314	0.479442	2.109080	4.820837
65	1	2.232314	0.509725	2.621411	5.363450
65	2	2.232314	0.590228	3.261316	6.083859
65	3	2.232314	0.528690	2.597738	5.358742
65	4	2.232314	0.591644	3.222403	6.046361
65	5	2.232314	0.486378	2.177898	4.896590
65	6	2.232314	0.572873	3.195038	6.000225
65	7	2.232314	0.472118	2.036407	4.740839
65	8	2.232314	0.472118	2.036407	4.740839
65	9	2.232314	0.572543	3.032868	5.837724
65	10	2.232314	0.523699	2.548221	5.304234
65	11	2.232314	0.556334	2.872033	5.660681
65	12	2.232314	0.533466	2.645134	5.410914
65	13	2.232314	0.494282	2.256328	4.982924
65	14	2.232314	0.569287	3.212419	6.014020
65	15	2.232314	0.486378	2.177898	4.896590
65	16	2.232314	0.533466	2.645134	5.410914
65	17	2.232314	0.528447	2.595325	5.356085
65	18	2.232314	0.495508	2.268491	4.996313
65	19	2.232314	0.567306	2.980906	5.780526
65	20	2.232314	0.535566	2.665964	5.433844
65	21	2.232314	0.465880	1.974505	4.672698
65	22	2.232314	0.572873	3.195038	6.000225
65	23	2.232314	0.526237	2.573400	5.331951
65	24	2.232314	0.556235	2.871056	5.659605
65	25	2.232314	0.486378	2.177898	4.896590
65	26	2.232314	0.568399	2.991755	5.792468
65	27	2.232314	0.523534	2.546581	5.302429
65	28	2.232314	0.569287	3.212419	6.014020
65	29	2.232314	0.494320	2.256704	4.983338
65	30	2.232314	0.552290	2.831915	5.616520
65	31	2.232314	0.471370	2.028980	4.732664
65	32	2.232314	0.501928	2.332192	5.066434
65	33	2.232314	0.528447	2.595325	5.356085
65	34	2.232314	0.535566	2.665964	5.433844
65	35	2.232314	0.540658	2.716491	5.489463
65	36	2.232314	0.559004	2.898527	5.689845
65	37	2.232314	0.495508	2.268491	4.996313
65	38	2.232314	0.576473	3.071872	5.880659
65	39	2.232314	0.498599	2.299163	5.030076
65	40	2.232314	0.535566	2.665964	5.433844
65	41	2.232314	0.542654	2.736299	5.511267
65	42	2.232314	0.563505	2.943195	5.739014
65	43	2.232314	0.558540	2.893931	5.684786
65	44	2.232314	0.561658	2.924862	5.718834
65	45	2.232314	0.501928	2.332192	5.066434
65	46	2.232314	0.476371	2.078604	4.787289
65	47	2.232314	0.563835	2.946469	5.742619
65	48	2.232314	0.458254	1.898842	4.589411
65	49	2.232314	0.494320	2.256704	4.983338
65	50	2.232314	0.464347	1.959292	4.655953
65	51	2.232314	0.447870	1.795801	4.475985
65	52	2.232314	0.561744	2.925722	5.719781
65	53	2.232314	0.528690	2.597738	5.358742
65	54	2.232314	0.531797	2.628573	5.392685
65	55	2.232314	0.481168	2.126204	4.839686
65	56	2.232314	0.488004	2.194038	4.914357
65	57	2.232314	0.558698	2.895491	5.686502
65	58	2.232314	0.502526	2.338131	5.072972
65	59	2.232314	0.572873	3.195038	6.000225
65	60	2.232314	0.528846	2.599289	5.360449
65	61	2.232314	0.596916	3.274708	6.103938
65	62	2.232314	0.528690	2.597738	5.358742
65	63	2.232314	0.596301	3.268611	6.097226
65	64	2.232314	0.532654	2.637071	5.402039
65	65	2.232314	0.507621	2.388678	5.128613
65	66	2.232314	0.572543	3.032868	5.837724
65	67	2.232314	0.496209	2.275450	5.003974
65	68	2.232314	0.556334	2.872033	5.660681
65	69	2.232314	0.544131	2.750953	5.527398
65	70	2.232314	0.546304	2.825482	5.604101
65	71	2.232314	0.530400	2.614708	5.377422
65	72	2.232314	0.581087	3.117645	5.931046
65	73	2.232314	0.564911	2.957146	5.754371
65	74	2.232314	0.471370	2.028980	4.732664
65	75	2.232314	0.571624	3.023753	5.827691
65	76	2.232314	0.482338	2.137817	4.852470
65	77	2.232314	0.574583	3.053118	5.860015
65	78	2.232314	0.498599	2.299163	5.030076
65	79	2.232314	0.581087	3.117645	5.931046
65	80	2.232314	0.514924	2.461150	5.208389
65	81	2.232314	0.556235	2.871056	5.659605
65	82	2.232314	0.513055	2.442598	5.187967
65	83	2.232314	0.526237	2.573400	5.331951
65	84	2.232314	0.614821	3.452376	6.299511
65	85	2.232314	0.559004	2.898527	5.689845
65	86	2.232314	0.508872	2.401094	5.142280
65	87	2.232314	0.523699	2.548221	5.304234
65	88	2.232314	0.479442	2.109080	4.820837
65	89	2.232314	0.612959	3.433901	6.279174
65	90	2.232314	0.597421	3.279720	6.109454
65	91	2.232314	0.563505	2.943195	5.739014
65	92	2.232314	0.598309	3.288539	6.119163
65	93	2.232314	0.500141	2.314464	5.046919
65	94	2.232314	0.513138	2.443429	5.188881
65	95	2.232314	0.463414	2.532638	5.228366
65	96	2.232314	0.480251	2.117106	4.829671
65	97	2.232314	0.558698	2.895491	5.686502
65	98	2.232314	0.496209	2.275450	5.003974
65	99	2.232314	0.580957	3.169324	5.982595
66	0	2.315312	0.514868	2.460592	5.290772
66	1	2.315312	0.549565	2.804872	5.669749
66	2	2.315312	0.491142	2.225174	5.031628
66	3	2.315312	0.518905	2.500646	5.334863
66	4	2.315312	0.440931	1.726952	4.483195
66	5	2.315312	0.448439	1.801445	4.565195
66	6	2.315312	0.540548	2.715398	5.571258
66	7	2.315312	0.474355	2.058600	4.848267
66	8	2.315312	0.510862	2.632698	5.458871
66	9	2.315312	0.514868	2.460592	5.290772
66	10	2.315312	0.540548	2.715398	5.571258
66	11	2.315312	0.556232	2.871029	5.742573
66	12	2.315312	0.473144	2.046582	4.835037
66	13	2.315312	0.469685	2.594867	5.379864
66	14	2.315312	0.518905	2.500646	5.334863
66	15	2.315312	0.493318	2.246758	5.055387
66	16	2.315312	0.545879	2.768298	5.629489
66	17	2.315312	0.501707	2.700752	5.517771
66	18	2.315312	0.442293	2.376028	5.133632
66	19	2.315312	0.539259	2.967429	5.822000
66	20	2.315312	0.484689	2.161145	4.961146
66	21	2.315312	0.458234	1.898643	4.672189
66	22	2.315312	0.498183	2.295035	5.108530
66	23	2.315312	0.490989	2.223653	5.029954
66	24	2.315312	0.520158	2.513078	5.348547
66	25	2.315312	0.637421	3.676625	6.629358
66	26	2.315312	0.493318	2.246758	5.055387
66	27	2.315312	0.519482	2.506372	5.341165
66	28	2.315312	0.508528	2.397686	5.221527
66	29	2.315312	0.562912	2.937311	5.815535
66	30	2.315312	0.471861	2.033850	4.821023
66	31	2.315312	0.474355	2.058600	4.848267
66	32	2.315312	0.510011	2.412397	5.237719
66	33	2.315312	0.520428	2.515760	5.351500
66	34	2.315312	0.473144	2.046582	4.835037
66	35	2.315312	0.486186	2.175999	4.977497
66	36	2.315312	0.578524	3.092222	5.986059
66	37	2.315312	0.561213	3.026377	5.902902
66	38	2.315312	0.491681	2.230519	5.037512
66	39	2.315312	0.562912	2.937311	5.815535
66	40	2.315312	0.519482	2.506372	5.341165
66	41	2.315312	0.431026	1.628672	4.375010
66	42	2.315312	0.587224	3.178542	6.081078
66	43	2.315312	0.508528	2.397686	5.221527
66	44	2.315312	0.440931	1.726952	4.483195
66	45	2.315312	0.473144	2.046582	4.835037
66	46	2.315312	0.468728	2.002765	4.786805
66	47	2.315312	0.562912	2.937311	5.815535
66	48	2.315312	0.508528	2.397686	5.221527
66	49	2.315312	0.518905	2.500646	5.334863
66	50	2.315312	0.545879	2.768298	5.629489
66	51	2.315312	0.520158	2.513078	5.348547
66	52	2.315312	0.530175	2.612479	5.457966
66	53	2.315312	0.650485	3.806254	6.772051
66	54	2.315312	0.559357	2.902036	5.776705
66	55	2.315312	0.514868	2.460592	5.290772
66	56	2.315312	0.502893	2.341767	5.159971
66	57	2.315312	0.561213	3.026377	5.902902
66	58	2.315312	0.555271	2.861489	5.732071
66	59	2.315312	0.650485	3.806254	6.772051
66	60	2.315312	0.458234	1.898643	4.672189
66	61	2.315312	0.479210	2.106773	4.901294
66	62	2.315312	0.564871	2.956747	5.836930
66	63	2.315312	0.471861	2.033850	4.821023
66	64	2.315312	0.448439	1.801445	4.565195
66	65	2.315312	0.604772	3.352660	6.272744
66	66	2.315312	0.493928	2.252812	5.062052
66	67	2.315312	0.466569	1.981340	4.763220
66	68	2.315312	0.508528	2.397686	5.221527
66	69	2.315312	0.564871	2.956747	5.836930
66	70	2.315312	0.624665	3.550049	6.490025
66	71	2.315312	0.522943	2.540714	5.378968
66	72	2.315312	0.572267	3.083097	5.970676
66	73	2.315312	0.549565	2.804872	5.669749
66	74	2.315312	0.608412	3.388779	6.312502
66	75	2.315312	0.528880	2.599627	5.443819
66	76	2.315312	0.598903	3.294430	6.208645
66	77	2.315312	0.578524	3.092222	5.986059
66	78	2.315312	0.440931	1.726952	4.483195
66	79	2.315312	0.555271	2.861489	5.732071
66	80	2.315312	0.574807	3.055339	5.945458
66	81	2.315312	0.493928	2.252812	5.062052
66	82	2.315312	0.476587	2.080747	4.872645
66	83	2.315312	0.534634	2.656715	5.506660
66	84	2.315312	0.439938	1.717096	4.472346
66	85	2.315312	0.520158	2.513078	5.348547
66	86	2.315312	0.512690	2.438982	5.266984
66	87	2.315312	0.525372	2.935568	5.776252
66	88	2.315312	0.518905	2.500646	5.334863
66	89	2.315312	0.521360	2.525005	5.361677
66	90	2.315312	0.512690	2.438982	5.266984
66	91	2.315312	0.490989	2.223653	5.029954
66	92	2.315312	0.601482	3.320018	6.236812
66	93	2.315312	0.514868	2.460592	5.290772
66	94	2.315312	0.439938	1.717096	4.472346
66	95	2.315312	0.508263	2.395057	5.218632
66	96	2.315312	0.502101	2.333915	5.151328
66	97	2.315312	0.512690	2.438982	5.266984
66	98	2.315312	0.551292	3.033860	5.900463
66	99	2.315312	0.476587	2.080747	4.872645
67	0	2.252211	0.570100	3.008635	5.830947
67	1	2.252211	0.507003	2.382551	5.141765
67	2	2.252211	0.503373	2.346533	5.102117
67	3	2.252211	0.571620	3.023714	5.847546
67	4	2.252211	0.569750	3.005155	5.827116
67	5	2.252211	0.482860	2.142993	4.878064
67	6	2.252211	0.555021	2.859013	5.666246
67	7	2.252211	0.505700	2.369619	5.127530
67	8	2.252211	0.512206	2.434174	5.198591
67	9	2.252211	0.482860	2.142993	4.878064
67	10	2.252211	0.442933	1.746820	4.441965
67	11	2.252211	0.549496	2.804183	5.605890
67	12	2.252211	0.605665	3.361525	6.219401
67	13	2.252211	0.528947	2.600294	5.381453
67	14	2.252211	0.507003	2.382551	5.141765
67	15	2.252211	0.541845	2.728271	5.522327
67	16	2.252211	0.488980	2.468539	5.209730
67	17	2.252211	0.483400	2.148348	4.883959
67	18	2.252211	0.525701	2.568083	5.345995
67	19	2.252211	0.555021	2.859013	5.666246
67	20	2.252211	0.570100	3.008635	5.830947
67	21	2.252211	0.523174	2.543009	5.318395
67	22	2.252211	0.561360	2.921908	5.735479
67	23	2.252211	0.551469	3.088583	5.892264
67	24	2.252211	0.518462	2.496257	5.266930
67	25	2.252211	0.541845	2.728271	5.522327
67	26	2.252211	0.561360	2.921908	5.735479
67	27	2.252211	0.442933	1.746820	4.441965
67	28	2.252211	0.483705	2.151372	4.887288
67	29	2.252211	0.532064	2.631215	5.415490
67	30	2.252211	0.550019	2.809374	5.611604
67	31	2.252211	0.504951	2.362192	5.119355
67	32	2.252211	0.547492	3.049125	5.848828
67	33	2.252211	0.571620	3.023714	5.847546
67	34	2.252211	0.536536	2.675593	5.464341
67	35	2.252211	0.484386	2.158138	4.894736
67	36	2.252211	0.494160	2.255117	5.001488
67	37	2.252211	0.540077	2.710728	5.503016
67	38	2.252211	0.532064	2.631215	5.415490
67	39	2.252211	0.484386	2.158138	4.894736
67	40	2.252211	0.583943	3.145989	5.982143
67	41	2.252211	0.561360	2.921908	5.735479
67	42	2.252211	0.552693	2.888874	5.693778
67	43	2.252211	0.541845	2.728271	5.522327
67	44	2.252211	0.549279	2.802032	5.603522
67	45	2.252211	0.472598	2.041166	4.765975
67	46	2.252211	0.599994	3.305254	6.157459
67	47	2.252211	0.583943	3.145989	5.982143
67	48	2.252211	0.532064	2.631215	5.415490
67	49	2.252211	0.484386	2.158138	4.894736
67	50	2.252211	0.532064	2.631215	5.415490
67	51	2.252211	0.577112	3.078212	5.907536
67	52	2.252211	0.579162	3.098546	5.929919
67	53	2.252211	0.531540	2.626017	5.409768
67	54	2.252211	0.505700	2.369619	5.127530
67	55	2.252211	0.599836	3.303684	6.155731
67	56	2.252211	0.562317	3.196226	6.010755
67	57	2.252211	0.579162	3.098546	5.929919
67	58	2.252211	0.507003	2.382551	5.141765
67	59	2.252211	0.432912	1.647379	4.332502
67	60	2.252211	0.458849	2.381415	5.092475
67	61	2.252211	0.480013	2.114742	4.846966
67	62	2.252211	0.577112	3.078212	5.907536
67	63	2.252211	0.443024	1.747719	4.442955
67	64	2.252211	0.550019	2.809374	5.611604
67	65	2.252211	0.551469	3.088583	5.892264
67	66	2.252211	0.551310	2.822192	5.625714
67	67	2.252211	0.418063	1.500047	4.170322
67	68	2.252211	0.480013	2.114742	4.846966
67	69	2.252211	0.541845	2.728271	5.522327
67	70	2.252211	0.472598	2.041166	4.765975
67	71	2.252211	0.432912	1.647379	4.332502
67	72	2.252211	0.599836	3.303684	6.155731
67	73	2.252211	0.606741	3.372206	6.231159
67	74	2.252211	0.583943	3.145989	5.982143
67	75	2.252211	0.442933	1.746820	4.441965
67	76	2.252211	0.536536	2.675593	5.464341
67	77	2.252211	0.488980	2.468539	5.209730
67	78	2.252211	0.594055	3.352249	6.198516
67	79	2.252211	0.503373	2.346533	5.102117
67	80	2.252211	0.551469	3.088583	5.892264
67	81	2.252211	0.504951	2.362192	5.119355
67	82	2.252211	0.507003	2.382551	5.141765
67	83	2.252211	0.606741	3.372206	6.231159
67	84	2.252211	0.472598	2.041166	4.765975
67	85	2.252211	0.541845	2.728271	5.522327
67	86	2.252211	0.651030	3.811663	6.714905
67	87	2.252211	0.464535	1.961165	4.677912
67	88	2.252211	0.504983	2.362508	5.119703
67	89	2.252211	0.509261	2.404959	5.166432
67	90	2.252211	0.505700	2.369619	5.127530
67	91	2.252211	0.585307	3.159527	5.997046
67	92	2.252211	0.509261	2.404959	5.166432
67	93	2.252211	0.586246	3.168838	6.007296
67	94	2.252211	0.494160	2.255117	5.001488
67	95	2.252211	0.494160	2.255117	5.001488
67	96	2.252211	0.504983	2.362508	5.119703
67	97	2.252211	0.569750	3.005155	5.827116
67	98	2.252211	0.492179	2.235457	4.979847
67	99	2.252211	0.487564	2.189666	4.929441
68	0	2.262915	0.513338	2.445413	5.221666
68	1	2.262915	0.532656	2.637094	5.432665
68	2	2.262915	0.509289	2.405237	5.177440
68	3	2.262915	0.438912	1.706922	4.408750
68	4	2.262915	0.519559	2.666034	5.448508
68	5	2.262915	0.453203	1.848721	4.564839
68	6	2.262915	0.510477	2.840729	5.614120
68	7	2.262915	0.457992	1.896240	4.617147
68	8	2.262915	0.460818	1.924276	4.648009
68	9	2.262915	0.513593	2.447942	5.224449
68	10	2.262915	0.542866	2.738405	5.544186
68	11	2.262915	0.520305	2.514544	5.297764
68	12	2.262915	0.488366	2.197621	4.948901
68	13	2.262915	0.598715	3.292559	6.154188
68	14	2.262915	0.560813	2.916485	5.740213
68	15	2.262915	0.466553	1.981184	4.710651
68	16	2.262915	0.484687	2.161119	4.908720
68	17	2.262915	0.508262	2.395048	5.166225
68	18	2.262915	0.570165	3.009274	5.842354
68	19	2.262915	0.438330	1.701141	4.402385
68	20	2.262915	0.542866	2.738405	5.544186
68	21	2.262915	0.460818	1.924276	4.648009
68	22	2.262915	0.495339	2.266811	5.025064
68	23	2.262915	0.513338	2.445413	5.221666
68	24	2.262915	0.470772	2.023045	4.756731
68	25	2.262915	0.484687	2.161119	4.908720
68	26	2.262915	0.536068	2.882805	5.681788
68	27	2.262915	0.545417	2.763713	5.572044
68	28	2.262915	0.488430	2.198264	4.949609
68	29	2.262915	0.527148	2.582440	5.372503
68	30	2.262915	0.465423	1.969978	4.698316
68	31	2.262915	0.489127	2.205176	4.957218
68	32	2.262915	0.531934	2.894750	5.689599
68	33	2.262915	0.488366	2.197621	4.948901
68	34	2.262915	0.458414	1.900426	4.621755
68	35	2.262915	0.542032	2.730128	5.535074
68	36	2.262915	0.441654	2.157834	4.862402
68	37	2.262915	0.572641	3.033841	5.869397
68	38	2.262915	0.458414	1.900426	4.621755
68	39	2.262915	0.601053	3.315761	6.179728
68	40	2.262915	0.466553	1.981184	4.710651
68	41	2.262915	0.587714	3.183402	6.034030
68	42	2.262915	0.465423	1.969978	4.698316
68	43	2.262915	0.593582	3.294600	6.151097
68	44	2.262915	0.526329	2.574310	5.363553
68	45	2.262915	0.484687	2.161119	4.908720
68	46	2.262915	0.484687	2.161119	4.908720
68	47	2.262915	0.542180	2.731595	5.536689
68	48	2.262915	0.583285	3.139459	5.985659
68	49	2.262915	0.592447	3.230368	6.085729
68	50	2.262915	0.604886	3.406759	6.274560
68	51	2.262915	0.603363	3.338684	6.204962
68	52	2.262915	0.564986	3.116777	5.944678
68	53	2.262915	0.581538	3.122120	5.966572
68	54	2.262915	0.570165	3.009274	5.842354
68	55	2.262915	0.532656	2.637094	5.432665
68	56	2.262915	0.466553	1.981184	4.710651
68	57	2.262915	0.528307	2.593938	5.385159
68	58	2.262915	0.556517	2.873855	5.693287
68	59	2.262915	0.497790	2.291137	5.051842
68	60	2.262915	0.583285	3.139459	5.985659
68	61	2.262915	0.587714	3.183402	6.034030
68	62	2.262915	0.467475	1.990339	4.720729
68	63	2.262915	0.531704	2.627651	5.422270
68	64	2.262915	0.572641	3.033841	5.869397
68	65	2.262915	0.583285	3.139459	5.985659
68	66	2.262915	0.596262	3.268225	6.127402
68	67	2.262915	0.470772	2.023045	4.756731
68	68	2.262915	0.480096	2.115571	4.858582
68	69	2.262915	0.593582	3.294600	6.151097
68	70	2.262915	0.465423	1.969978	4.698316
68	71	2.262915	0.532656	2.637094	5.432665
68	72	2.262915	0.548696	2.796254	5.607866
68	73	2.262915	0.465423	1.969978	4.698316
68	74	2.262915	0.466553	1.981184	4.710651
68	75	2.262915	0.467475	1.990339	4.720729
68	76	2.262915	0.496851	2.281815	5.041580
68	77	2.262915	0.489819	2.212044	4.964778
68	78	2.262915	0.624838	3.551773	6.439526
68	79	2.262915	0.519744	2.508973	5.291631
68	80	2.262915	0.520305	2.514544	5.297764
68	81	2.262915	0.556517	2.873855	5.693287
68	82	2.262915	0.519744	2.508973	5.291631
68	83	2.262915	0.502882	2.341661	5.107458
68	84	2.262915	0.433563	1.653846	4.350324
68	85	2.262915	0.438912	1.706922	4.408750
68	86	2.262915	0.519521	2.506758	5.289193
68	87	2.262915	0.487516	2.189190	4.939620
68	88	2.262915	0.528307	2.593938	5.385159
68	89	2.262915	0.438330	1.701141	4.402385
68	90	2.262915	0.466376	1.979429	4.708720
68	91	2.262915	0.480959	2.124127	4.868000
68	92	2.262915	0.457992	1.896240	4.617147
68	93	2.262915	0.553240	2.841338	5.657493
68	94	2.262915	0.489339	2.207279	4.959533
68	95	2.262915	0.530868	2.619354	5.413137
68	96	2.262915	0.497646	2.713418	5.473979
68	97	2.262915	0.504142	2.354161	5.121217
68	98	2.262915	0.480096	2.115571	4.858582
68	99	2.262915	0.553240	2.841338	5.657493
69	0	2.176921	0.547102	2.780430	5.504452
69	1	2.176921	0.445382	1.771117	4.393420
69	2	2.176921	0.616613	3.470158	6.263692
69	3	2.176921	0.581487	3.227541	5.985949
69	4	2.176921	0.504803	2.360719	5.042442
69	5	2.176921	0.445382	1.771117	4.393420
69	6	2.176921	0.536306	2.673308	5.386535
69	7	2.176921	0.579570	3.102599	5.859090
69	8	2.176921	0.499773	2.310813	4.987507
69	9	2.176921	0.529702	2.607785	5.314408
69	10	2.176921	0.582353	3.130213	5.889487
69	11	2.176921	0.607126	3.376019	6.160066
69	12	2.176921	0.567556	2.983385	5.727862
69	13	2.176921	0.569977	3.007411	5.754308
69	14	2.176921	0.487395	2.187993	4.852309
69	15	2.176921	0.607126	3.376019	6.160066
69	16	2.176921	0.419787	1.517154	4.113863
69	17	2.176921	0.479096	2.105642	4.761659
69	18	2.176921	0.548558	2.794877	5.520355
69	19	2.176921	0.496842	2.281729	4.955492
69	20	2.176921	0.496744	2.280759	4.954425
69	21	2.176921	0.575080	3.058048	5.810049
69	22	2.176921	0.527069	2.581656	5.285646
69	23	2.176921	0.524789	2.559030	5.260739
69	24	2.176921	0.508469	2.397099	5.082489
69	25	2.176921	0.559954	2.907958	5.644833
69	26	2.176921	0.524789	2.559030	5.260739
69	27	2.176921	0.571588	3.023394	5.771903
69	28	2.176921	0.476702	2.081891	4.735514
69	29	2.176921	0.524467	2.555840	5.257228
69	30	2.176921	0.489725	2.211114	4.877760
69	31	2.176921	0.569977	3.007411	5.754308
69	32	2.176921	0.577993	3.192881	5.947796
69	33	2.176921	0.517013	2.481878	5.175812
69	34	2.176921	0.462185	1.937848	4.576955
69	35	2.176921	0.473146	2.046604	4.696671
69	36	2.176921	0.603170	3.336772	6.116863
69	37	2.176921	0.462185	1.937848	4.576955
69	38	2.176921	0.433702	1.655219	4.265842
69	39	2.176921	0.514269	2.454649	5.145839
69	40	2.176921	0.559331	2.901774	5.638026
69	41	2.176921	0.487395	2.187993	4.852309
69	42	2.176921	0.476702	2.081891	4.735514
69	43	2.176921	0.585092	3.157394	5.919407
69	44	2.176921	0.419787	1.517154	4.113863
69	45	2.176921	0.462185	1.937848	4.576955
69	46	2.176921	0.552999	2.838946	5.568866
69	47	2.176921	0.559954	2.907958	5.644833
69	48	2.176921	0.603170	3.336772	6.116863
69	49	2.176921	0.582801	3.240582	6.000303
69	50	2.176921	0.585092	3.157394	5.919407
69	51	2.176921	0.515655	2.786186	5.478762
69	52	2.176921	0.524789	2.559030	5.260739
69	53	2.176921	0.552999	2.838946	5.568866
69	54	2.176921	0.570998	3.017543	5.765463
69	55	2.176921	0.490222	2.216041	4.883184
69	56	2.176921	0.471897	2.034215	4.683033
69	57	2.176921	0.432386	1.642162	4.251469
69	58	2.176921	0.514269	2.454649	5.145839
69	59	2.176921	0.560397	3.018282	5.755600
69	60	2.176921	0.606677	3.371564	6.155161
69	61	2.176921	0.552999	2.838946	5.568866
69	62	2.176921	0.500509	2.318113	4.995543
69	63	2.176921	0.516806	2.479819	5.173546
69	64	2.176921	0.554948	3.017176	5.749045
69	65	2.176921	0.496842	2.281729	4.955492
69	66	2.176921	0.549165	2.800906	5.526992
69	67	2.176921	0.463263	2.372247	5.012431
69	68	2.176921	0.471860	2.457557	5.106338
69	69	2.176921	0.471897	2.034215	4.683033
69	70	2.176921	0.490222	2.216041	4.883184
69	71	2.176921	0.489725	2.211114	4.877760
69	72	2.176921	0.419787	1.517154	4.113863
69	73	2.176921	0.483977	2.154076	4.814974
69	74	2.176921	0.543008	2.739811	5.459740
69	75	2.176921	0.559954	2.907958	5.644833
69	76	2.176921	0.512619	2.438280	5.127820
69	77	2.176921	0.567556	2.983385	5.727862
69	78	2.176921	0.575080	3.058048	5.810049
69	79	2.176921	0.595226	3.257947	6.030094
69	80	2.176921	0.508469	2.397099	5.082489
69	81	2.176921	0.523940	2.550606	5.251467
69	82	2.176921	0.559954	2.907958	5.644833
69	83	2.176921	0.613853	3.442767	6.233540
69	84	2.176921	0.593153	3.237371	6.007445
69	85	2.176921	0.484157	2.155867	4.816945
69	86	2.176921	0.496744	2.280759	4.954425
69	87	2.176921	0.490222	2.216041	4.883184
69	88	2.176921	0.433933	2.346038	4.956891
69	89	2.176921	0.487395	2.187993	4.852309
69	90	2.176921	0.559037	2.951820	5.687777
69	91	2.176921	0.490222	2.216041	4.883184
69	92	2.176921	0.533761	2.648057	5.358739
69	93	2.176921	0.603170	3.336772	6.116863
69	94	2.176921	0.473146	2.046604	4.696671
69	95	2.176921	0.514269	2.454649	5.145839
69	96	2.176921	0.547510	2.784477	5.508908
69	97	2.176921	0.548558	2.794877	5.520355
69	98	2.176921	0.515396	2.465834	5.158151
69	99	2.176921	0.504803	2.360719	5.042442
70	0	2.215797	0.474407	2.059119	4.749322
70	1	2.215797	0.452950	1.846211	4.514958
70	2	2.215797	0.536345	2.673700	5.425842
70	3	2.215797	0.547307	2.782469	5.545572
70	4	2.215797	0.527788	2.588794	5.332379
70	5	2.215797	0.546144	2.770925	5.532865
70	6	2.215797	0.538489	2.694976	5.449262
70	7	2.215797	0.527788	2.588794	5.332379
70	8	2.215797	0.477673	2.091522	4.784991
70	9	2.215797	0.584704	3.153536	5.954036
70	10	2.215797	0.606494	3.528644	6.350934
70	11	2.215797	0.603325	3.338310	6.157432
70	12	2.215797	0.481368	2.128183	4.825347
70	13	2.215797	0.493269	2.246277	4.955343
70	14	2.215797	0.469967	2.491732	5.177495
70	15	2.215797	0.569272	3.053377	5.838445
70	16	2.215797	0.481368	2.128183	4.825347
70	17	2.215797	0.565620	2.964181	5.745598
70	18	2.215797	0.576119	3.068358	5.860274
70	19	2.215797	0.558030	2.888870	5.662697
70	20	2.215797	0.473316	2.048293	4.737406
70	21	2.215797	0.591524	3.221211	6.028532
70	22	2.215797	0.425001	1.568888	4.209685
70	23	2.215797	0.496787	2.281181	4.993764
70	24	2.215797	0.562592	2.934137	5.712525
70	25	2.215797	0.555060	2.859399	5.630255
70	26	2.215797	0.477673	2.091522	4.784991
70	27	2.215797	0.467479	1.990375	4.673650
70	28	2.215797	0.516074	2.472558	5.204428
70	29	2.215797	0.518651	2.498127	5.232574
70	30	2.215797	0.489638	2.210250	4.915685
70	31	2.215797	0.546144	2.770925	5.532865
70	32	2.215797	0.544564	3.178958	5.939318
70	33	2.215797	0.493269	2.246277	4.955343
70	34	2.215797	0.536345	2.673700	5.425842
70	35	2.215797	0.508835	2.400725	5.125356
70	36	2.215797	0.500471	2.317733	5.034000
70	37	2.215797	0.595344	3.259114	6.070255
70	38	2.215797	0.508835	2.400725	5.125356
70	39	2.215797	0.584704	3.153536	5.954036
70	40	2.215797	0.597004	3.328554	6.141355
70	41	2.215797	0.547307	2.782469	5.545572
70	42	2.215797	0.475647	2.071422	4.762866
70	43	2.215797	0.491329	2.227024	4.934149
70	44	2.215797	0.586946	3.281713	6.084455
70	45	2.215797	0.431236	1.630750	4.277782
70	46	2.215797	0.467479	1.990375	4.673650
70	47	2.215797	0.486927	2.183348	4.886072
70	48	2.215797	0.425001	1.568888	4.209685
70	49	2.215797	0.475647	2.071422	4.762866
70	50	2.215797	0.566912	3.029963	5.812672
70	51	2.215797	0.414724	1.466908	4.097428
70	52	2.215797	0.504559	2.358300	5.078655
70	53	2.215797	0.500471	2.317733	5.034000
70	54	2.215797	0.591524	3.221211	6.028532
70	55	2.215797	0.513292	2.444950	5.174038
70	56	2.215797	0.580626	3.113073	5.909495
70	57	2.215797	0.467479	1.990375	4.673650
70	58	2.215797	0.483792	2.152245	4.851834
70	59	2.215797	0.593292	3.238757	6.047846
70	60	2.215797	0.579038	3.097316	5.892151
70	61	2.215797	0.469967	2.491732	5.177495
70	62	2.215797	0.565620	2.964181	5.745598
70	63	2.215797	0.540869	2.718584	5.475249
70	64	2.215797	0.499638	2.309471	5.024905
70	65	2.215797	0.443622	2.230324	4.889743
70	66	2.215797	0.481368	2.128183	4.825347
70	67	2.215797	0.590371	3.209774	6.015942
70	68	2.215797	0.477140	2.086238	4.779175
70	69	2.215797	0.474407	2.059119	4.749322
70	70	2.215797	0.452950	1.846211	4.514958
70	71	2.215797	0.477140	2.086238	4.779175
70	72	2.215797	0.586417	3.170540	5.972754
70	73	2.215797	0.516074	2.472558	5.204428
70	74	2.215797	0.527024	2.581206	5.324026
70	75	2.215797	0.557862	2.887203	5.660862
70	76	2.215797	0.563294	2.941096	5.720186
70	77	2.215797	0.493269	2.246277	4.955343
70	78	2.215797	0.481368	2.128183	4.825347
70	79	2.215797	0.531929	2.894697	5.642423
70	80	2.215797	0.565080	2.958821	5.739698
70	81	2.215797	0.524684	2.557993	5.298474
70	82	2.215797	0.524531	2.556477	5.296805
70	83	2.215797	0.576119	3.068358	5.860274
70	84	2.215797	0.528336	2.594223	5.338355
70	85	2.215797	0.563294	2.941096	5.720186
70	86	2.215797	0.481368	2.128183	4.825347
70	87	2.215797	0.490491	2.218711	4.924998
70	88	2.215797	0.610013	3.404664	6.230473
70	89	2.215797	0.520216	2.513653	5.249666
70	90	2.215797	0.599668	3.302022	6.117487
70	91	2.215797	0.496787	2.281181	4.993764
70	92	2.215797	0.477140	2.086238	4.779175
70	93	2.215797	0.473316	2.048293	4.737406
70	94	2.215797	0.590371	3.209774	6.015942
70	95	2.215797	0.452950	1.846211	4.514958
70	96	2.215797	0.528336	2.594223	5.338355
70	97	2.215797	0.527788	2.588794	5.332379
70	98	2.215797	0.491329	2.227024	4.934149
70	99	2.215797	0.503192	2.344735	5.063723
71	0	2.292937	0.509338	2.405719	5.207994
71	1	2.292937	0.537710	3.005026	5.835673
71	2	2.292937	0.544311	2.752738	5.589986
71	3	2.292937	0.541276	2.722629	5.556842
71	4	2.292937	0.493249	2.246077	5.032264
71	5	2.292937	0.475671	2.071663	4.840271
71	6	2.292937	0.456201	1.878470	4.627609
71	7	2.292937	0.514459	2.456538	5.263934
71	8	2.292937	0.514459	2.456538	5.263934
71	9	2.292937	0.473945	2.054537	4.821419
71	10	2.292937	0.557377	2.882390	5.732705
71	11	2.292937	0.562259	2.930829	5.786025
71	12	2.292937	0.546323	2.772703	5.611964
71	13	2.292937	0.590560	3.317571	6.201069
71	14	2.292937	0.462380	1.939782	4.695100
71	15	2.292937	0.472076	2.035991	4.801004
71	16	2.292937	0.562259	2.930829	5.786025
71	17	2.292937	0.531156	2.622207	5.446300
71	18	2.292937	0.560902	2.917360	5.771200
71	19	2.292937	0.580408	3.110912	5.984257
71	20	2.292937	0.473945	2.054537	4.821419
71	21	2.292937	0.470419	2.019547	4.782904
71	22	2.292937	0.514328	2.455237	5.262502
71	23	2.292937	0.584802	3.154513	6.032253
71	24	2.292937	0.475671	2.071663	4.840271
71	25	2.292937	0.580408	3.110912	5.984257
71	26	2.292937	0.511041	2.422622	5.226601
71	27	2.292937	0.506892	2.381447	5.181277
71	28	2.292937	0.458960	1.905841	4.657738
71	29	2.292937	0.535433	2.664652	5.493023
71	30	2.292937	0.500506	2.318086	5.111530
71	31	2.292937	0.479763	2.112261	4.884962
71	32	2.292937	0.535433	2.664652	5.493023
71	33	2.292937	0.583335	3.245887	6.122160
71	34	2.292937	0.465668	1.972401	4.731006
71	35	2.292937	0.495487	2.268285	5.056709
71	36	2.292937	0.594838	3.254090	6.141865
71	37	2.292937	0.525164	2.562751	5.380852
71	38	2.292937	0.602462	3.329746	6.225146
71	39	2.292937	0.554317	2.852023	5.699278
71	40	2.292937	0.511041	2.422622	5.226601
71	41	2.292937	0.427710	1.595768	4.316416
71	42	2.292937	0.519486	2.506411	5.318834
71	43	2.292937	0.543775	2.747420	5.584132
71	44	2.292937	0.514328	2.455237	5.262502
71	45	2.292937	0.494109	2.731282	5.518328
71	46	2.292937	0.552098	2.830005	5.675041
71	47	2.292937	0.511041	2.422622	5.226601
71	48	2.292937	0.599194	3.297315	6.189446
71	49	2.292937	0.469214	2.007591	4.769743
71	50	2.292937	0.507836	2.390820	5.191594
71	51	2.292937	0.484679	2.161037	4.938653
71	52	2.292937	0.465275	1.968507	4.726720
71	53	2.292937	0.492138	2.235054	5.020129
71	54	2.292937	0.489175	2.205648	4.987760
71	55	2.292937	0.522891	2.540201	5.356029
71	56	2.292937	0.543066	2.740386	5.576389
71	57	2.292937	0.486815	2.182231	4.961983
71	58	2.292937	0.456201	1.878470	4.627609
71	59	2.292937	0.532153	2.632106	5.457197
71	60	2.292937	0.465668	1.972401	4.731006
71	61	2.292937	0.526938	2.580352	5.400227
71	62	2.292937	0.436721	1.685182	4.414841
71	63	2.292937	0.470419	2.019547	4.782904
71	64	2.292937	0.492138	2.235054	5.020129
71	65	2.292937	0.405301	1.373411	4.071649
71	66	2.292937	0.474770	2.062715	4.830422
71	67	2.292937	0.546323	2.772703	5.611964
71	68	2.292937	0.532153	2.632106	5.457197
71	69	2.292937	0.519778	2.509311	5.322026
71	70	2.292937	0.624715	3.550553	6.468205
71	71	2.292937	0.590560	3.317571	6.201069
71	72	2.292937	0.528392	2.912566	5.733895
71	73	2.292937	0.560450	2.912877	5.766264
71	74	2.292937	0.514459	2.456538	5.263934
71	75	2.292937	0.542080	2.730604	5.565621
71	76	2.292937	0.526938	2.580352	5.400227
71	77	2.292937	0.497802	2.291254	5.081993
71	78	2.292937	0.493249	2.246077	5.032264
71	79	2.292937	0.545665	2.978034	5.816637
71	80	2.292937	0.549109	2.959240	5.801287
71	81	2.292937	0.519778	2.509311	5.322026
71	82	2.292937	0.575309	3.060319	5.928566
71	83	2.292937	0.557377	2.882390	5.732705
71	84	2.292937	0.483603	2.150368	4.926908
71	85	2.292937	0.559528	2.903727	5.756191
71	86	2.292937	0.588020	3.186442	6.067399
71	87	2.292937	0.462380	1.939782	4.695100
71	88	2.292937	0.546486	2.986174	5.825597
71	89	2.292937	0.507836	2.390820	5.191594
71	90	2.292937	0.484679	2.161037	4.938653
71	91	2.292937	0.557377	2.882390	5.732705
71	92	2.292937	0.554317	2.852023	5.699278
71	93	2.292937	0.436721	1.685182	4.414841
71	94	2.292937	0.465668	1.972401	4.731006
71	95	2.292937	0.486815	2.182231	4.961983
71	96	2.292937	0.543066	2.740386	5.576389
71	97	2.292937	0.546486	2.986174	5.825597
71	98	2.292937	0.427710	1.595768	4.316416
71	99	2.292937	0.431836	1.636705	4.361479
72	0	2.273402	0.520586	2.517330	5.311319
72	1	2.273402	0.531436	2.624989	5.429827
72	2	2.273402	0.545885	2.768358	5.587645
72	3	2.273402	0.479394	2.108598	4.861394
72	4	2.273402	0.541441	2.724265	5.539109
72	5	2.273402	0.513569	2.447706	5.234678
72	6	2.273402	0.462227	1.938259	4.673888
72	7	2.273402	0.628779	3.590876	6.493057
72	8	2.273402	0.483935	2.153655	4.910992
72	9	2.273402	0.560856	2.916908	5.751166
72	10	2.273402	0.463779	2.536259	5.273440
72	11	2.273402	0.539523	2.705228	5.518153
72	12	2.273402	0.407618	1.396408	4.077429
72	13	2.273402	0.460987	1.925954	4.660343
72	14	2.273402	0.465248	1.968240	4.706891
72	15	2.273402	0.517821	2.489898	5.281121
72	16	2.273402	0.429505	1.613576	4.316483
72	17	2.273402	0.546521	2.774670	5.594593
72	18	2.273402	0.555639	2.865145	5.694187
72	19	2.273402	0.429505	1.613576	4.316483
72	20	2.273402	0.595718	3.262830	6.131951
72	21	2.273402	0.531451	2.625136	5.429989
72	22	2.273402	0.577462	3.081682	5.932547
72	23	2.273402	0.531816	2.628755	5.433973
72	24	2.273402	0.513569	2.447706	5.234678
72	25	2.273402	0.582809	3.187696	6.043907
72	26	2.273402	0.577462	3.081682	5.932547
72	27	2.273402	0.479394	2.108598	4.861394
72	28	2.273402	0.527341	2.584356	5.385100
72	29	2.273402	0.482564	2.140051	4.896017
72	30	2.273402	0.520586	2.517330	5.311319
72	31	2.273402	0.517821	2.489898	5.281121
72	32	2.273402	0.516044	2.472262	5.261708
72	33	2.273402	0.470967	2.024980	4.769349
72	34	2.273402	0.531436	2.624989	5.429827
72	35	2.273402	0.470226	2.017632	4.761260
72	36	2.273402	0.533728	2.647734	5.454865
72	37	2.273402	0.541441	2.724265	5.539109
72	38	2.273402	0.584614	3.152643	6.010659
72	39	2.273402	0.576045	3.067616	5.917063
72	40	2.273402	0.567767	3.091406	5.932575
72	41	2.273402	0.606574	3.370540	6.250516
72	42	2.273402	0.517846	2.490143	5.281391
72	43	2.273402	0.491127	2.225025	4.989555
72	44	2.273402	0.539643	2.706418	5.519463
72	45	2.273402	0.531816	2.628755	5.433973
72	46	2.273402	0.462227	1.938259	4.673888
72	47	2.273402	0.466102	1.976715	4.716220
72	48	2.273402	0.483935	2.153655	4.910992
72	49	2.273402	0.491127	2.225025	4.989555
72	50	2.273402	0.479394	2.108598	4.861394
72	51	2.273402	0.580755	3.167315	6.021472
72	52	2.273402	0.515258	2.464464	5.253125
72	53	2.273402	0.485285	2.167050	4.925737
72	54	2.273402	0.488310	2.197069	4.958781
72	55	2.273402	0.470967	2.024980	4.769349
72	56	2.273402	0.472364	2.038844	4.784610
72	57	2.273402	0.483935	2.153655	4.910992
72	58	2.273402	0.508764	2.400020	5.182186
72	59	2.273402	0.584335	3.308772	6.166509
72	60	2.273402	0.561595	2.924244	5.759242
72	61	2.273402	0.561555	2.976810	5.811767
72	62	2.273402	0.506854	2.381068	5.161324
72	63	2.273402	0.505802	2.370636	5.149841
72	64	2.273402	0.441652	1.734104	4.449158
72	65	2.273402	0.458581	1.902082	4.634065
72	66	2.273402	0.537436	2.790446	5.601284
72	67	2.273402	0.617399	3.477954	6.368755
72	68	2.273402	0.584335	3.308772	6.166509
72	69	2.273402	0.555639	2.865145	5.694187
72	70	2.273402	0.466102	1.976715	4.716220
72	71	2.273402	0.577536	3.082419	5.933358
72	72	2.273402	0.506945	2.381973	5.162321
72	73	2.273402	0.513249	2.709343	5.495994
72	74	2.273402	0.568033	2.988123	5.829558
72	75	2.273402	0.448826	1.805287	4.527515
72	76	2.273402	0.483833	2.152650	4.909886
72	77	2.273402	0.517846	2.490143	5.281391
72	78	2.273402	0.556900	2.877657	5.707959
72	79	2.273402	0.472364	2.038844	4.784610
72	80	2.273402	0.483935	2.153655	4.910992
72	81	2.273402	0.460987	1.925954	4.660343
72	82	2.273402	0.560603	3.073288	5.907294
72	83	2.273402	0.549255	2.801800	5.624457
72	84	2.273402	0.517846	2.490143	5.281391
72	85	2.273402	0.577462	3.081682	5.932547
72	86	2.273402	0.545885	2.768358	5.587645
72	87	2.273402	0.510690	2.419131	5.203223
72	88	2.273402	0.527445	2.585385	5.386232
72	89	2.273402	0.466102	1.976715	4.716220
72	90	2.273402	0.628779	3.590876	6.493057
72	91	2.273402	0.617399	3.477954	6.368755
72	92	2.273402	0.531816	2.628755	5.433973
72	93	2.273402	0.520586	2.517330	5.311319
72	94	2.273402	0.517846	2.490143	5.281391
72	95	2.273402	0.480689	2.121454	4.875546
72	96	2.273402	0.509982	2.412108	5.195492
72	97	2.273402	0.584614	3.152643	6.010659
72	98	2.273402	0.474947	2.064479	4.812829
72	99	2.273402	0.631359	3.616472	6.521233
73	0	2.273200	0.574268	3.049985	5.897453
73	1	2.273200	0.528918	2.600004	5.402122
73	2	2.273200	0.535432	2.664641	5.473274
73	3	2.273200	0.499048	2.303620	5.075869
73	4	2.273200	0.608254	3.387218	6.268672
73	5	2.273200	0.553613	2.845037	5.671850
73	6	2.273200	0.500521	2.318233	5.091954
73	7	2.273200	0.491281	2.226547	4.991028
73	8	2.273200	0.567337	2.981211	5.821748
73	9	2.273200	0.535432	2.664641	5.473274
73	10	2.273200	0.617508	3.479037	6.369745
73	11	2.273200	0.458997	2.329926	5.062123
73	12	2.273200	0.533244	3.013676	5.820121
73	13	2.273200	0.482397	2.138399	4.893996
73	14	2.273200	0.429216	1.610711	4.313128
73	15	2.273200	0.472619	2.041374	4.787193
73	16	2.273200	0.546255	2.772031	5.591487
73	17	2.273200	0.533244	3.013676	5.820121
73	18	2.273200	0.546255	2.772031	5.591487
73	19	2.273200	0.540691	2.716818	5.530708
73	20	2.273200	0.573649	3.043844	5.890693
73	21	2.273200	0.540166	2.764572	5.577938
73	22	2.273200	0.482397	2.138399	4.893996
73	23	2.273200	0.516988	2.799410	5.589598
73	24	2.273200	0.496147	2.274836	5.044184
73	25	2.273200	0.553613	2.845037	5.671850
73	26	2.273200	0.541855	2.728370	5.543425
73	27	2.273200	0.524319	2.554367	5.351886
73	28	2.273200	0.437887	1.696747	4.407834
73	29	2.273200	0.531448	2.625110	5.429759
73	30	2.273200	0.528708	2.597919	5.399828
73	31	2.273200	0.442434	1.741861	4.457494
73	32	2.273200	0.496147	2.274836	5.044184
73	33	2.273200	0.583126	3.137879	5.994205
73	34	2.273200	0.557965	2.888218	5.719383
73	35	2.273200	0.524319	2.554367	5.351886
73	36	2.273200	0.472619	2.041374	4.787193
73	37	2.273200	0.565811	2.966070	5.805080
73	38	2.273200	0.430201	1.620481	4.323881
73	39	2.273200	0.555669	2.865435	5.694304
73	40	2.273200	0.499048	2.303620	5.075869
73	41	2.273200	0.455944	1.875917	4.605061
73	42	2.273200	0.492388	2.237532	5.003120
73	43	2.273200	0.558071	2.889276	5.720547
73	44	2.273200	0.594342	3.249175	6.116717
73	45	2.273200	0.580285	3.109690	5.963175
73	46	2.273200	0.498139	2.294599	5.065939
73	47	2.273200	0.524219	2.871158	5.668577
73	48	2.273200	0.477256	2.087385	4.837841
73	49	2.273200	0.553790	2.846794	5.673785
73	50	2.273200	0.511909	2.431232	5.216341
73	51	2.273200	0.472619	2.041374	4.787193
73	52	2.273200	0.503730	2.350077	5.127007
73	53	2.273200	0.500411	2.317144	5.090755
73	54	2.273200	0.499048	2.303620	5.075869
73	55	2.273200	0.566657	3.186320	6.026177
73	56	2.273200	0.482788	2.142277	4.898265
73	57	2.273200	0.496147	2.274836	5.044184
73	58	2.273200	0.496147	2.274836	5.044184
73	59	2.273200	0.591068	3.216685	6.080953
73	60	2.273200	0.499662	2.309707	5.082569
73	61	2.273200	0.486459	2.178704	4.938363
73	62	2.273200	0.540082	2.710782	5.524065
73	63	2.273200	0.461229	2.405031	5.139460
73	64	2.273200	0.531448	2.625110	5.429759
73	65	2.273200	0.477256	2.087385	4.837841
73	66	2.273200	0.482397	2.138399	4.893996
73	67	2.273200	0.498139	2.294599	5.065939
73	68	2.273200	0.608254	3.387218	6.268672
73	69	2.273200	0.544513	2.754743	5.572456
73	70	2.273200	0.492388	2.237532	5.003120
73	71	2.273200	0.541855	2.728370	5.543425
73	72	2.273200	0.449734	1.814304	4.537239
73	73	2.273200	0.412241	1.442272	4.127713
73	74	2.273200	0.535432	2.664641	5.473274
73	75	2.273200	0.511186	2.424057	5.208443
73	76	2.273200	0.500521	2.318233	5.091954
73	77	2.273200	0.500411	2.317144	5.090755
73	78	2.273200	0.526842	2.579404	5.379446
73	79	2.273200	0.539066	2.700694	5.512960
73	80	2.273200	0.499048	2.303620	5.075869
73	81	2.273200	0.487610	2.190122	4.950932
73	82	2.273200	0.412241	1.442272	4.127713
73	83	2.273200	0.531448	2.625110	5.429759
73	84	2.273200	0.437887	1.696747	4.407834
73	85	2.273200	0.546255	2.772031	5.591487
73	86	2.273200	0.430201	1.620481	4.323881
73	87	2.273200	0.566657	3.186320	6.026177
73	88	2.273200	0.574268	3.049985	5.897453
73	89	2.273200	0.565646	2.964440	5.803286
73	90	2.273200	0.589502	3.201149	6.063851
73	91	2.273200	0.592427	3.230167	6.095794
73	92	2.273200	0.499662	2.309707	5.082569
73	93	2.273200	0.636057	3.663086	6.572343
73	94	2.273200	0.563818	2.946295	5.783313
73	95	2.273200	0.566971	2.977580	5.817751
73	96	2.273200	0.495230	2.583511	5.351941
73	97	2.273200	0.553613	2.845037	5.671850
73	98	2.273200	0.565646	2.964440	5.803286
73	99	2.273200	0.580285	3.109690	5.963175
74	0	2.316958	0.577588	3.082930	5.977476
74	1	2.316958	0.467164	1.987251	4.771372
74	2	2.316958	0.504687	2.359569	5.181214
74	3	2.316958	0.522765	2.538948	5.378670
74	4	2.316958	0.486205	2.176185	4.979348
74	5	2.316958	0.509630	2.408618	5.235206
74	6	2.316958	0.499390	2.571833	5.388181
74	7	2.316958	0.511469	2.426869	5.255296
74	8	2.316958	0.493572	2.249282	5.059811
74	9	2.316958	0.583653	3.143110	6.043721
74	10	2.316958	0.561324	2.921548	5.799829
74	11	2.316958	0.496516	2.278493	5.091966
74	12	2.316958	0.503340	2.346202	5.166499
74	13	2.316958	0.430692	1.625358	4.373008
74	14	2.316958	0.588335	3.189568	6.094861
74	15	2.316958	0.557644	2.885036	5.759637
74	16	2.316958	0.439614	1.713881	4.470453
74	17	2.316958	0.421285	1.532013	4.270255
74	18	2.316958	0.564291	2.950989	5.832237
74	19	2.316958	0.541038	2.720264	5.578260
74	20	2.316958	0.561324	2.921548	5.799829
74	21	2.316958	0.525000	2.561123	5.403081
74	22	2.316958	0.583653	3.143110	6.043721
74	23	2.316958	0.486571	2.179816	4.983345
74	24	2.316958	0.530569	2.828242	5.675769
74	25	2.316958	0.535130	2.661641	5.513728
74	26	2.316958	0.522765	2.538948	5.378670
74	27	2.316958	0.562969	3.043802	5.923728
74	28	2.316958	0.559099	2.899474	5.775531
74	29	2.316958	0.522765	2.538948	5.378670
74	30	2.316958	0.553693	2.845835	5.716486
74	31	2.316958	0.478687	2.101587	4.897232
74	32	2.316958	0.564291	2.950989	5.832237
74	33	2.316958	0.496516	2.278493	5.091966
74	34	2.316958	0.582831	3.134950	6.034739
74	35	2.316958	0.543411	2.743811	5.604179
74	36	2.316958	0.478687	2.101587	4.897232
74	37	2.316958	0.567630	3.143018	6.027606
74	38	2.316958	0.556260	2.871306	5.744524
74	39	2.316958	0.566069	3.127528	6.010555
74	40	2.316958	0.493553	2.249091	5.059601
74	41	2.316958	0.449802	2.450537	5.217297
74	42	2.316958	0.543411	2.743811	5.604179
74	43	2.316958	0.572959	3.036995	5.926911
74	44	2.316958	0.471221	2.027508	4.815687
74	45	2.316958	0.545256	2.762118	5.624332
74	46	2.316958	0.430692	1.625358	4.373008
74	47	2.316958	0.497099	2.284281	5.098338
74	48	2.316958	0.503621	2.348990	5.169569
74	49	2.316958	0.470859	2.023909	4.811725
74	50	2.316958	0.524516	2.556320	5.397793
74	51	2.316958	0.504687	2.359569	5.181214
74	52	2.316958	0.439614	1.713881	4.470453
74	53	2.316958	0.504687	2.359569	5.181214
74	54	2.316958	0.629929	3.602289	6.549176
74	55	2.316958	0.440525	1.722926	4.480409
74	56	2.316958	0.503340	2.346202	5.166499
74	57	2.316958	0.566069	3.127528	6.010555
74	58	2.316958	0.482188	2.136326	4.935472
74	59	2.316958	0.552527	2.940194	5.809680
74	60	2.316958	0.493572	2.249282	5.059811
74	61	2.316958	0.488068	2.194667	4.999692
74	62	2.316958	0.489308	2.206970	5.013235
74	63	2.316958	0.470859	2.023909	4.811725
74	64	2.316958	0.497560	2.288850	5.103368
74	65	2.316958	0.440525	1.722926	4.480409
74	66	2.316958	0.580417	3.111004	6.008379
74	67	2.316958	0.423554	1.554529	4.295041
74	68	2.316958	0.489538	2.209253	5.015748
74	69	2.316958	0.547902	2.788369	5.653229
74	70	2.316958	0.551674	2.825797	5.694428
74	71	2.316958	0.486871	2.182794	4.986623
74	72	2.316958	0.489308	2.206970	5.013235
74	73	2.316958	0.463134	1.947260	4.727351
74	74	2.316958	0.553693	2.845835	5.716486
74	75	2.316958	0.580417	3.111004	6.008379
74	76	2.316958	0.559357	2.902038	5.778353
74	77	2.316958	0.556260	2.871306	5.744524
74	78	2.316958	0.439614	1.713881	4.470453
74	79	2.316958	0.557644	2.885036	5.759637
74	80	2.316958	0.488068	2.194667	4.999692
74	81	2.316958	0.557644	2.885036	5.759637
74	82	2.316958	0.547902	2.788369	5.653229
74	83	2.316958	0.500046	2.313521	5.130525
74	84	2.316958	0.588136	3.187598	6.092692
74	85	2.316958	0.588136	3.187598	6.092692
74	86	2.316958	0.506411	2.800390	5.623759
74	87	2.316958	0.596608	3.271655	6.185221
74	88	2.316958	0.489538	2.209253	5.015748
74	89	2.316958	0.486205	2.176185	4.979348
74	90	2.316958	0.583653	3.143110	6.043721
74	91	2.316958	0.521923	2.530599	5.369480
74	92	2.316958	0.582116	3.127856	6.026929
74	93	2.316958	0.521512	2.526512	5.364981
74	94	2.316958	0.564463	2.952701	5.834122
74	95	2.316958	0.564463	2.952701	5.834122
74	96	2.316958	0.478687	2.101587	4.897232
74	97	2.316958	0.606678	3.424537	6.348173
74	98	2.316958	0.493553	2.249091	5.059601
74	99	2.316958	0.524516	2.556320	5.397793
75	0	2.150767	0.498700	2.300168	4.949635
75	1	2.150767	0.546988	2.779303	5.477058
75	2	2.150767	0.573198	3.039367	5.763332
75	3	2.150767	0.548932	2.798587	5.498285
75	4	2.150767	0.563165	2.939820	5.653752
75	5	2.150767	0.529046	2.707199	5.387011
75	6	2.150767	0.526475	2.575763	5.253005
75	7	2.150767	0.573198	3.039367	5.763332
75	8	2.150767	0.609967	3.404208	6.164942
75	9	2.150767	0.546988	2.779303	5.477058
75	10	2.150767	0.569919	3.006831	5.727517
75	11	2.150767	0.548932	2.798587	5.498285
75	12	2.150767	0.546988	2.779303	5.477058
75	13	2.150767	0.585664	3.163063	5.899493
75	14	2.150767	0.573198	3.039367	5.763332
75	15	2.150767	0.440739	1.725046	4.316552
75	16	2.150767	0.513583	2.977482	5.641832
75	17	2.150767	0.569919	3.006831	5.727517
75	18	2.150767	0.536449	2.674733	5.361949
75	19	2.150767	0.558080	2.889359	5.598205
75	20	2.150767	0.548932	2.798587	5.498285
75	21	2.150767	0.571740	3.289721	6.012227
75	22	2.150767	0.572259	3.135981	5.859007
75	23	2.150767	0.420722	1.526430	4.097919
75	24	2.150767	0.605963	3.364478	6.121207
75	25	2.150767	0.570909	3.016656	5.738332
75	26	2.150767	0.528658	2.597421	5.276846
75	27	2.150767	0.547818	2.787540	5.486125
75	28	2.150767	0.564013	2.948231	5.663011
75	29	2.150767	0.590128	3.207357	5.948252
75	30	2.150767	0.576578	3.072905	5.800249
75	31	2.150767	0.544467	2.754286	5.449519
75	32	2.150767	0.420722	1.526430	4.097919
75	33	2.150767	0.563165	2.939820	5.653752
75	34	2.150767	0.498700	2.300168	4.949635
75	35	2.150767	0.576578	3.072905	5.800249
75	36	2.150767	0.447668	1.793795	4.392229
75	37	2.150767	0.491186	2.225604	4.867556
75	38	2.150767	0.530432	2.615025	5.296223
75	39	2.150767	0.523684	2.548069	5.222519
75	40	2.150767	0.641658	3.718664	6.511088
75	41	2.150767	0.523684	2.548069	5.222519
75	42	2.150767	0.604440	3.349375	6.104582
75	43	2.150767	0.580988	3.116662	5.848417
75	44	2.150767	0.497813	2.291361	4.939941
75	45	2.150767	0.573569	3.043049	5.767384
75	46	2.150767	0.548932	2.798587	5.498285
75	47	2.150767	0.523022	2.541497	5.215286
75	48	2.150767	0.491186	2.225604	4.867556
75	49	2.150767	0.547138	2.780795	5.478701
75	50	2.150767	0.652057	3.821853	6.624677
75	51	2.150767	0.434511	1.663244	4.248522
75	52	2.150767	0.563165	2.939820	5.653752
75	53	2.150767	0.491186	2.225604	4.867556
75	54	2.150767	0.574254	3.049845	5.774865
75	55	2.150767	0.581404	3.279683	6.011854
75	56	2.150767	0.521846	2.529826	5.202438
75	57	2.150767	0.523902	2.550229	5.224897
75	58	2.150767	0.501475	2.327700	4.979942
75	59	2.150767	0.527058	3.005254	5.683079
75	60	2.150767	0.560014	2.908550	5.619331
75	61	2.150767	0.523902	2.550229	5.224897
75	62	2.150767	0.536449	2.674733	5.361949
75	63	2.150767	0.454442	2.496583	5.101792
75	64	2.150767	0.536449	2.674733	5.361949
75	65	2.150767	0.447668	1.793795	4.392229
75	66	2.150767	0.452695	1.843678	4.447139
75	67	2.150767	0.547138	2.780795	5.478701
75	68	2.150767	0.490191	2.215736	4.856694
75	69	2.150767	0.499421	2.307315	4.957502
75	70	2.150767	0.604440	3.349375	6.104582
75	71	2.150767	0.500478	2.317808	4.969053
75	72	2.150767	0.420722	1.526430	4.097919
75	73	2.150767	0.605963	3.364478	6.121207
75	74	2.150767	0.596119	3.266801	6.013686
75	75	2.150767	0.573198	3.039367	5.763332
75	76	2.150767	0.490191	2.215736	4.856694
75	77	2.150767	0.652057	3.821853	6.624677
75	78	2.150767	0.563165	2.939820	5.653752
75	79	2.150767	0.497813	2.291361	4.939941
75	80	2.150767	0.490191	2.215736	4.856694
75	81	2.150767	0.528658	2.597421	5.276846
75	82	2.150767	0.434511	1.663244	4.248522
75	83	2.150767	0.585664	3.163063	5.899493
75	84	2.150767	0.564013	2.948231	5.663011
75	85	2.150767	0.641658	3.718664	6.511088
75	86	2.150767	0.576578	3.072905	5.800249
75	87	2.150767	0.452695	1.843678	4.447139
75	88	2.150767	0.511250	2.424688	5.086704
75	89	2.150767	0.487393	2.611676	5.249835
75	90	2.150767	0.587949	3.185742	5.924458
75	91	2.150767	0.569919	3.006831	5.727517
75	92	2.150767	0.460822	1.924324	4.535913
75	93	2.150767	0.460822	1.924324	4.535913
75	94	2.150767	0.544467	2.754286	5.449519
75	95	2.150767	0.446380	2.363625	4.960772
75	96	2.150767	0.507301	2.809221	5.467289
75	97	2.150767	0.526295	2.573979	5.251042
75	98	2.150767	0.609967	3.404208	6.164942
75	99	2.150767	0.459097	1.907208	4.517072
76	0	2.312513	0.462343	1.939409	4.714265
76	1	2.312513	0.512567	2.437758	5.262838
76	2	2.312513	0.424986	1.568739	4.306238
76	3	2.312513	0.466221	1.977890	4.756624
76	4	2.312513	0.529856	2.609307	5.451676
76	5	2.312513	0.588245	3.188675	6.089433
76	6	2.312513	0.468777	2.003254	4.784544
76	7	2.312513	0.617154	3.475528	6.405195
76	8	2.312513	0.501876	2.331683	5.146072
76	9	2.312513	0.465949	1.975196	4.753659
76	10	2.312513	0.454457	1.861168	4.628138
76	11	2.312513	0.477409	2.088905	4.878827
76	12	2.312513	0.468777	2.003254	4.784544
76	13	2.312513	0.569955	3.007195	5.889663
76	14	2.312513	0.550994	2.819057	5.682564
76	15	2.312513	0.532494	2.635487	5.480495
76	16	2.312513	0.466221	1.977890	4.756624
76	17	2.312513	0.535225	2.662580	5.510318
76	18	2.312513	0.484421	2.158478	4.955412
76	19	2.312513	0.566862	2.976503	5.855878
76	20	2.312513	0.524201	2.553197	5.389911
76	21	2.312513	0.471491	2.030180	4.814184
76	22	2.312513	0.566862	2.976503	5.855878
76	23	2.312513	0.535225	2.662580	5.510318
76	24	2.312513	0.462343	1.939409	4.714265
76	25	2.312513	0.583763	3.144204	6.040481
76	26	2.312513	0.557598	2.884581	5.754692
76	27	2.312513	0.507589	2.388361	5.208463
76	28	2.312513	0.479008	2.104766	4.896287
76	29	2.312513	0.523173	2.543001	5.378688
76	30	2.312513	0.500362	2.316658	5.129534
76	31	2.312513	0.471052	2.025829	4.809394
76	32	2.312513	0.502508	2.761660	5.576681
76	33	2.312513	0.466221	1.977890	4.756624
76	34	2.312513	0.604403	3.349002	6.265918
76	35	2.312513	0.550994	2.819057	5.682564
76	36	2.312513	0.511918	2.431320	5.255751
76	37	2.312513	0.572628	3.192603	6.077744
76	38	2.312513	0.463025	2.528782	5.304321
76	39	2.312513	0.532494	2.635487	5.480495
76	40	2.312513	0.587368	3.179975	6.079857
76	41	2.312513	0.527305	2.584000	5.423819
76	42	2.312513	0.550786	2.816991	5.680290
76	43	2.312513	0.478678	2.101499	4.892691
76	44	2.312513	0.535225	2.662580	5.510318
76	45	2.312513	0.477409	2.088905	4.878827
76	46	2.312513	0.531724	2.627841	5.472078
76	47	2.312513	0.477409	2.088905	4.878827
76	48	2.312513	0.483223	2.146593	4.942329
76	49	2.312513	0.479008	2.104766	4.896287
76	50	2.312513	0.530245	2.613170	5.455928
76	51	2.312513	0.502261	2.335502	5.150277
76	52	2.312513	0.545210	2.920552	5.778276
76	53	2.312513	0.531724	2.627841	5.472078
76	54	2.312513	0.529856	2.609307	5.451676
76	55	2.312513	0.531724	2.627841	5.472078
76	56	2.312513	0.554613	2.854958	5.722084
76	57	2.312513	0.508714	2.399532	5.220759
76	58	2.312513	0.409298	1.413070	4.134882
76	59	2.312513	0.519503	2.718433	5.550449
76	60	2.312513	0.611368	3.418110	6.341991
76	61	2.312513	0.484421	2.158478	4.955412
76	62	2.312513	0.493292	2.246500	5.052305
76	63	2.312513	0.570680	3.014388	5.897581
76	64	2.312513	0.516509	2.476875	5.305897
76	65	2.312513	0.547136	3.045590	5.905240
76	66	2.312513	0.550786	2.816991	5.680290
76	67	2.312513	0.584736	3.206821	6.104070
76	68	2.312513	0.583763	3.144204	6.040481
76	69	2.312513	0.510179	2.414063	5.236755
76	70	2.312513	0.581311	3.172834	6.066658
76	71	2.312513	0.512567	2.437758	5.262838
76	72	2.312513	0.582085	3.127552	6.022150
76	73	2.312513	0.484675	2.160997	4.958185
76	74	2.312513	0.500362	2.316658	5.129534
76	75	2.312513	0.611368	3.418110	6.341991
76	76	2.312513	0.550994	2.819057	5.682564
76	77	2.312513	0.440189	2.302189	5.054892
76	78	2.312513	0.479008	2.104766	4.896287
76	79	2.312513	0.557313	2.881756	5.751583
76	80	2.312513	0.550994	2.819057	5.682564
76	81	2.312513	0.559703	2.905463	5.777679
76	82	2.312513	0.544953	2.759112	5.616578
76	83	2.312513	0.471491	2.030180	4.814184
76	84	2.312513	0.550786	2.816991	5.680290
76	85	2.312513	0.538344	3.011316	5.862173
76	86	2.312513	0.524201	2.553197	5.389911
76	87	2.312513	0.551737	2.826428	5.690679
76	88	2.312513	0.484421	2.158478	4.955412
76	89	2.312513	0.550786	2.816991	5.680290
76	90	2.312513	0.478679	2.101510	4.892703
76	91	2.312513	0.535225	2.662580	5.510318
76	92	2.312513	0.559703	2.905463	5.777679
76	93	2.312513	0.543986	2.749518	5.606017
76	94	2.312513	0.642658	3.728592	6.683764
76	95	2.312513	0.504875	2.361434	5.178823
76	96	2.312513	0.462343	1.939409	4.714265
76	97	2.312513	0.444749	1.764835	4.522097
76	98	2.312513	0.570680	3.014388	5.897581
76	99	2.312513	0.420477	1.523995	4.256985
77	0	2.219805	0.546394	2.773405	5.539604
77	1	2.219805	0.504953	2.362213	5.086971
77	2	2.219805	0.575730	3.382276	6.177811
77	3	2.219805	0.494477	2.258266	4.972548
77	4	2.219805	0.496255	2.275904	4.991964
77	5	2.219805	0.443578	2.071003	4.734386
77	6	2.219805	0.582532	3.131983	5.934320
77	7	2.219805	0.467709	1.992652	4.680166
77	8	2.219805	0.491641	2.230119	4.941565
77	9	2.219805	0.491641	2.230119	4.941565
77	10	2.219805	0.466364	1.979310	4.665480
77	11	2.219805	0.478490	2.099635	4.797931
77	12	2.219805	0.525925	2.570304	5.316034
77	13	2.219805	0.563161	2.939777	5.722743
77	14	2.219805	0.478490	2.099635	4.797931
77	15	2.219805	0.514542	2.457360	5.191707
77	16	2.219805	0.541109	2.720971	5.481885
77	17	2.219805	0.496255	2.275904	4.991964
77	18	2.219805	0.595678	3.262433	6.077917
77	19	2.219805	0.487828	2.192283	4.899916
77	20	2.219805	0.429305	1.611589	4.260699
77	21	2.219805	0.554051	2.849385	5.623241
77	22	2.219805	0.607113	3.375893	6.202812
77	23	2.219805	0.624636	3.549760	6.394201
77	24	2.219805	0.654439	3.845481	6.719725
77	25	2.219805	0.507414	2.810339	5.537558
77	26	2.219805	0.539892	2.708892	5.468590
77	27	2.219805	0.591581	3.221772	6.033158
77	28	2.219805	0.570889	3.016463	5.807158
77	29	2.219805	0.468364	1.999160	4.687329
77	30	2.219805	0.479477	2.109426	4.808708
77	31	2.219805	0.524973	2.560857	5.305635
77	32	2.219805	0.478490	2.099635	4.797931
77	33	2.219805	0.474394	2.058989	4.753188
77	34	2.219805	0.460174	1.917892	4.597871
77	35	2.219805	0.485404	2.168236	4.873446
77	36	2.219805	0.604363	3.348610	6.172779
77	37	2.219805	0.504575	2.358459	5.082839
77	38	2.219805	0.485404	2.168236	4.873446
77	39	2.219805	0.572906	3.036478	5.829189
77	40	2.219805	0.573935	3.099647	5.893387
77	41	2.219805	0.548636	2.795655	5.564096
77	42	2.219805	0.551133	2.820429	5.591367
77	43	2.219805	0.443681	2.389798	5.053284
77	44	2.219805	0.588698	3.193174	6.001678
77	45	2.219805	0.542641	2.736173	5.498619
77	46	2.219805	0.474394	2.058989	4.753188
77	47	2.219805	0.554051	2.849385	5.623241
77	48	2.219805	0.483620	2.150536	4.853962
77	49	2.219805	0.465607	1.971797	4.657209
77	50	2.219805	0.487828	2.192283	4.899916
77	51	2.219805	0.524064	2.551841	5.295711
77	52	2.219805	0.471581	2.031074	4.722460
77	53	2.219805	0.588180	3.293960	6.101945
77	54	2.219805	0.424634	2.253771	4.898210
77	55	2.219805	0.491641	2.230119	4.941565
77	56	2.219805	0.507706	2.389528	5.117040
77	57	2.219805	0.524711	2.558262	5.302779
77	58	2.219805	0.493433	2.247902	4.961140
77	59	2.219805	0.503093	2.343759	5.066658
77	60	2.219805	0.494477	2.258266	4.972548
77	61	2.219805	0.629491	3.597935	6.447231
77	62	2.219805	0.525925	2.570304	5.316034
77	63	2.219805	0.399519	2.110495	4.729819
77	64	2.219805	0.563161	2.939777	5.722743
77	65	2.219805	0.496255	2.275904	4.991964
77	66	2.219805	0.479477	2.109426	4.808708
77	67	2.219805	0.546394	2.773405	5.539604
77	68	2.219805	0.570889	3.016463	5.807158
77	69	2.219805	0.583503	3.141622	5.944931
77	70	2.219805	0.595490	3.419450	6.234745
77	71	2.219805	0.554051	2.849385	5.623241
77	72	2.219805	0.584227	3.148807	5.952839
77	73	2.219805	0.542641	2.736173	5.498619
77	74	2.219805	0.507706	2.389528	5.117040
77	75	2.219805	0.468364	1.999160	4.687329
77	76	2.219805	0.525925	2.570304	5.316034
77	77	2.219805	0.546394	2.773405	5.539604
77	78	2.219805	0.563161	2.939777	5.722743
77	79	2.219805	0.542641	2.736173	5.498619
77	80	2.219805	0.554051	2.849385	5.623241
77	81	2.219805	0.554053	2.849403	5.623262
77	82	2.219805	0.491257	2.226313	4.937376
77	83	2.219805	0.474921	2.064213	4.758939
77	84	2.219805	0.468364	1.999160	4.687329
77	85	2.219805	0.493433	2.247902	4.961140
77	86	2.219805	0.469884	2.014235	4.703924
77	87	2.219805	0.524064	2.551841	5.295711
77	88	2.219805	0.474394	2.058989	4.753188
77	89	2.219805	0.471581	2.031074	4.722460
77	90	2.219805	0.474921	2.064213	4.758939
77	91	2.219805	0.551382	2.822906	5.594093
77	92	2.219805	0.439927	1.716991	4.376723
77	93	2.219805	0.532751	2.638035	5.390591
77	94	2.219805	0.466364	1.979310	4.665480
77	95	2.219805	0.570889	3.016463	5.807158
77	96	2.219805	0.473353	2.048664	4.741823
77	97	2.219805	0.469884	2.014235	4.703924
77	98	2.219805	0.539892	2.708892	5.468590
77	99	2.219805	0.573935	3.099647	5.893387
78	0	2.249997	0.496565	2.278981	5.025543
78	1	2.249997	0.422746	1.546514	4.219257
78	2	2.249997	0.488716	2.201099	4.939812
78	3	2.249997	0.526549	2.576499	5.353045
78	4	2.249997	0.544420	2.753817	5.548233
78	5	2.249997	0.499474	2.307846	5.057318
78	6	2.249997	0.522883	2.540118	5.312997
78	7	2.249997	0.522883	2.540118	5.312997
78	8	2.249997	0.500479	2.317816	5.068292
78	9	2.249997	0.538637	2.696439	5.485073
78	10	2.249997	0.557268	2.881307	5.688572
78	11	2.249997	0.462359	2.522177	5.234533
78	12	2.249997	0.505118	2.363844	5.118959
78	13	2.249997	0.501599	2.328928	5.080524
78	14	2.249997	0.620930	3.565954	6.436881
78	15	2.249997	0.499798	2.311061	5.060857
78	16	2.249997	0.583026	3.189855	6.022879
78	17	2.249997	0.548760	2.796887	5.595645
78	18	2.249997	0.541959	2.729398	5.521354
78	19	2.249997	0.538637	2.696439	5.485073
78	20	2.249997	0.522883	2.540118	5.312997
78	21	2.249997	0.499798	2.311061	5.060857
78	22	2.249997	0.591885	3.277755	6.119636
78	23	2.249997	0.506949	2.382018	5.138964
78	24	2.249997	0.514773	2.459653	5.224423
78	25	2.249997	0.561072	2.919048	5.730117
78	26	2.249997	0.518790	2.499510	5.268298
78	27	2.249997	0.498162	2.294823	5.042981
78	28	2.249997	0.498162	2.294823	5.042981
78	29	2.249997	0.447579	1.792912	4.490488
78	30	2.249997	0.593225	3.238085	6.081307
78	31	2.249997	0.488716	2.201099	4.939812
78	32	2.249997	0.579810	3.104975	5.934782
78	33	2.249997	0.588763	3.193813	6.032573
78	34	2.249997	0.586356	3.169931	6.006284
78	35	2.249997	0.520774	2.519197	5.289969
78	36	2.249997	0.568037	2.988161	5.806195
78	37	2.249997	0.442330	1.740833	4.433160
78	38	2.249997	0.524661	2.557764	5.332423
78	39	2.249997	0.447579	1.792912	4.490488
78	40	2.249997	0.514773	2.459653	5.224423
78	41	2.249997	0.434484	1.662983	4.347465
78	42	2.249997	0.506102	2.373614	5.129714
78	43	2.249997	0.470553	2.020874	4.741424
78	44	2.249997	0.499474	2.307846	5.057318
78	45	2.249997	0.442330	1.740833	4.433160
78	46	2.249997	0.487275	2.186800	4.924072
78	47	2.249997	0.544055	2.750195	5.544247
78	48	2.249997	0.457797	1.894300	4.602093
78	49	2.249997	0.498162	2.294823	5.042981
78	50	2.249997	0.558137	2.889931	5.698065
78	51	2.249997	0.475931	2.074244	4.800172
78	52	2.249997	0.553519	3.002994	5.806510
78	53	2.249997	0.457797	1.894300	4.602093
78	54	2.249997	0.408689	1.407032	4.065718
78	55	2.249997	0.473368	2.048809	4.772175
78	56	2.249997	0.495257	2.266004	5.011258
78	57	2.249997	0.585320	3.159653	5.994970
78	58	2.249997	0.521739	2.528764	5.300500
78	59	2.249997	0.570238	3.010001	5.830236
78	60	2.249997	0.523947	2.550678	5.324622
78	61	2.249997	0.457797	1.894300	4.602093
78	62	2.249997	0.548760	2.796887	5.595645
78	63	2.249997	0.499392	2.307030	5.056419
78	64	2.249997	0.457797	1.894300	4.602093
78	65	2.249997	0.541959	2.729398	5.521354
78	66	2.249997	0.470720	2.022534	4.743252
78	67	2.249997	0.524661	2.557764	5.332423
78	68	2.249997	0.599121	3.296593	6.145711
78	69	2.249997	0.475931	2.074244	4.800172
78	70	2.249997	0.518790	2.499510	5.268298
78	71	2.249997	0.518332	2.547930	5.316260
78	72	2.249997	0.532321	2.792657	5.574975
78	73	2.249997	0.549139	2.800642	5.599778
78	74	2.249997	0.561072	2.919048	5.730117
78	75	2.249997	0.558137	2.889931	5.698065
78	76	2.249997	0.589671	3.202820	6.042487
78	77	2.249997	0.447579	1.792912	4.490488
78	78	2.249997	0.523947	2.550678	5.324622
78	79	2.249997	0.507979	2.392233	5.150209
78	80	2.249997	0.588763	3.193813	6.032573
78	81	2.249997	0.575528	3.062486	5.888010
78	82	2.249997	0.589671	3.202820	6.042487
78	83	2.249997	0.563280	2.940962	5.754240
78	84	2.249997	0.627136	3.627536	6.504669
78	85	2.249997	0.524131	2.552503	5.326631
78	86	2.249997	0.620930	3.565954	6.436881
78	87	2.249997	0.475931	2.074244	4.800172
78	88	2.249997	0.523947	2.550678	5.324622
78	89	2.249997	0.561072	2.919048	5.730117
78	90	2.249997	0.542493	2.734697	5.527186
78	91	2.249997	0.620902	3.512712	6.383610
78	92	2.249997	0.465305	2.498445	5.213747
78	93	2.249997	0.442330	1.740833	4.433160
78	94	2.249997	0.474112	2.056189	4.780298
78	95	2.249997	0.457797	1.894300	4.602093
78	96	2.249997	0.487027	2.184336	4.921360
78	97	2.249997	0.528376	2.594627	5.373001
78	98	2.249997	0.488716	2.201099	4.939812
78	99	2.249997	0.557268	2.881307	5.688572
79	0	2.218788	0.571897	3.026462	5.817147
79	1	2.218788	0.565319	2.961191	5.745298
79	2	2.218788	0.524283	2.554011	5.297082
79	3	2.218788	0.537101	2.681196	5.437085
79	4	2.218788	0.463142	1.947343	4.629274
79	5	2.218788	0.569920	3.006845	5.795553
79	6	2.218788	0.492505	2.238698	4.949992
79	7	2.218788	0.571336	3.020899	5.811023
79	8	2.218788	0.572104	3.028516	5.819408
79	9	2.218788	0.489756	2.211417	4.919961
79	10	2.218788	0.548387	2.793184	5.560359
79	11	2.218788	0.578946	3.096404	5.894138
79	12	2.218788	0.557595	2.884549	5.660932
79	13	2.218788	0.546757	2.777008	5.542553
79	14	2.218788	0.547907	3.053236	5.819930
79	15	2.218788	0.493647	2.250021	4.962456
79	16	2.218788	0.542016	2.729963	5.490767
79	17	2.218788	0.565319	2.961191	5.745298
79	18	2.218788	0.567970	2.987500	5.774258
79	19	2.218788	0.524848	2.559615	5.303251
79	20	2.218788	0.492505	2.238698	4.949992
79	21	2.218788	0.615057	3.454713	6.288558
79	22	2.218788	0.567804	2.985848	5.772440
79	23	2.218788	0.488284	2.196815	4.903888
79	24	2.218788	0.588651	3.192703	6.000142
79	25	2.218788	0.483705	2.151375	4.853868
79	26	2.218788	0.571897	3.026462	5.817147
79	27	2.218788	0.493647	2.250021	4.962456
79	28	2.218788	0.493647	2.250021	4.962456
79	29	2.218788	0.513082	2.442875	5.174745
79	30	2.218788	0.476702	2.081885	4.777374
79	31	2.218788	0.560697	2.915326	5.694810
79	32	2.218788	0.593502	3.293799	6.106089
79	33	2.218788	0.512751	2.439582	5.171121
79	34	2.218788	0.463142	1.947343	4.629274
79	35	2.218788	0.513082	2.442875	5.174745
79	36	2.218788	0.571897	3.026462	5.817147
79	37	2.218788	0.565319	2.961191	5.745298
79	38	2.218788	0.567804	2.985848	5.772440
79	39	2.218788	0.553371	3.054497	5.826656
79	40	2.218788	0.566688	3.027739	5.813215
79	41	2.218788	0.551353	2.822609	5.592750
79	42	2.218788	0.567804	2.985848	5.772440
79	43	2.218788	0.531163	2.622277	5.372228
79	44	2.218788	0.477105	2.085892	4.781785
79	45	2.218788	0.524283	2.554011	5.297082
79	46	2.218788	0.492505	2.238698	4.949992
79	47	2.218788	0.488284	2.196815	4.903888
79	48	2.218788	0.534568	2.814958	5.568314
79	49	2.218788	0.545507	2.923500	5.687795
79	50	2.218788	0.586264	3.380875	6.185927
79	51	2.218788	0.513174	2.443780	5.175742
79	52	2.218788	0.434735	1.665470	4.318993
79	53	2.218788	0.542016	2.729963	5.490767
79	54	2.218788	0.499674	2.733538	5.452000
79	55	2.218788	0.488284	2.196815	4.903888
79	56	2.218788	0.491421	2.227942	4.938152
79	57	2.218788	0.482418	2.138606	4.839812
79	58	2.218788	0.513082	2.442875	5.174745
79	59	2.218788	0.526094	2.571981	5.316863
79	60	2.218788	0.625529	3.558623	6.402940
79	61	2.218788	0.447385	1.790988	4.457160
79	62	2.218788	0.474003	2.055109	4.747900
79	63	2.218788	0.474003	2.055109	4.747900
79	64	2.218788	0.550609	2.815236	5.584633
79	65	2.218788	0.607044	3.375212	6.201045
79	66	2.218788	0.488983	2.203745	4.911515
79	67	2.218788	0.488983	2.203745	4.911515
79	68	2.218788	0.492505	2.238698	4.949992
79	69	2.218788	0.414094	1.460660	4.093542
79	70	2.218788	0.369908	1.922606	4.511302
79	71	2.218788	0.478516	2.099890	4.797194
79	72	2.218788	0.607044	3.375212	6.201045
79	73	2.218788	0.521875	2.530115	5.270777
79	74	2.218788	0.492505	2.238698	4.949992
79	75	2.218788	0.567970	2.987500	5.774258
79	76	2.218788	0.523524	2.546484	5.288796
79	77	2.218788	0.476702	2.081885	4.777374
79	78	2.218788	0.569920	3.006845	5.795553
79	79	2.218788	0.546757	2.777008	5.542553
79	80	2.218788	0.586264	3.380875	6.185927
79	81	2.218788	0.607044	3.375212	6.201045
79	82	2.218788	0.475645	2.071404	4.765838
79	83	2.218788	0.566328	2.971207	5.756324
79	84	2.218788	0.465662	1.972344	4.656794
79	85	2.218788	0.503958	2.352333	5.075079
79	86	2.218788	0.550609	2.815236	5.584633
79	87	2.218788	0.478516	2.099890	4.797194
79	88	2.218788	0.608211	3.386789	6.213788
79	89	2.218788	0.482418	2.138606	4.839812
79	90	2.218788	0.439873	1.716453	4.375114
79	91	2.218788	0.535772	2.668012	5.422572
79	92	2.218788	0.526848	2.579460	5.325096
79	93	2.218788	0.516581	2.477590	5.212959
79	94	2.218788	0.556706	2.875729	5.651223
79	95	2.218788	0.556706	2.875729	5.651223
79	96	2.218788	0.583904	3.145598	5.948290
79	97	2.218788	0.486767	2.181756	4.887311
79	98	2.218788	0.483705	2.151375	4.853868
79	99	2.218788	0.578946	3.096404	5.894138
80	0	2.088443	0.520006	2.511577	5.120025
80	1	2.088443	0.503452	2.347321	4.939216
80	2	2.088443	0.488691	2.200854	4.777988
80	3	2.088443	0.572892	3.036339	5.697674
80	4	2.088443	0.554445	2.853299	5.496187
80	5	2.088443	0.538078	2.690895	5.317416
80	6	2.088443	0.540319	2.713133	5.341895
80	7	2.088443	0.582638	3.133043	5.804124
80	8	2.088443	0.538078	2.690895	5.317416
80	9	2.088443	0.534048	2.650900	5.273391
80	10	2.088443	0.556029	2.869010	5.513481
80	11	2.088443	0.513345	2.445475	5.047262
80	12	2.088443	0.596995	3.275494	5.960931
80	13	2.088443	0.513345	2.445475	5.047262
80	14	2.088443	0.511093	2.423134	5.022669
80	15	2.088443	0.587030	3.176619	5.852092
80	16	2.088443	0.509649	2.408809	5.006901
80	17	2.088443	0.447695	1.794066	4.330204
80	18	2.088443	0.601515	3.479235	6.169193
80	19	2.088443	0.501546	2.328406	4.918395
80	20	2.088443	0.587030	3.176619	5.852092
80	21	2.088443	0.509649	2.408809	5.006901
80	22	2.088443	0.621287	3.516539	6.226269
80	23	2.088443	0.511093	2.423134	5.022669
80	24	2.088443	0.504173	2.354467	4.947083
80	25	2.088443	0.505633	2.368956	4.963032
80	26	2.088443	0.580894	3.115734	5.785070
80	27	2.088443	0.540023	3.027979	5.656445
80	28	2.088443	0.454803	1.864597	4.407843
80	29	2.088443	0.474403	2.535756	5.098602
80	30	2.088443	0.491852	2.232218	4.812513
80	31	2.088443	0.559029	2.898779	5.546250
80	32	2.088443	0.601618	3.321364	6.011425
80	33	2.088443	0.474403	2.535756	5.098602
80	34	2.088443	0.561414	2.922445	5.572302
80	35	2.088443	0.418266	1.502058	4.008767
80	36	2.088443	0.503452	2.347321	4.939216
80	37	2.088443	0.540319	2.713133	5.341895
80	38	2.088443	0.530313	2.613844	5.232600
80	39	2.088443	0.530313	2.613844	5.232600
80	40	2.088443	0.539479	2.916650	5.544572
80	41	2.088443	0.564297	2.951051	5.603791
80	42	2.088443	0.534925	2.871466	5.494834
80	43	2.088443	0.540319	2.713133	5.341895
80	44	2.088443	0.601618	3.321364	6.011425
80	45	2.088443	0.540319	2.713133	5.341895
80	46	2.088443	0.585399	3.160434	5.834275
80	47	2.088443	0.457936	2.478281	5.024659
80	48	2.088443	0.491852	2.232218	4.812513
80	49	2.088443	0.548503	2.794339	5.431285
80	50	2.088443	0.540319	2.713133	5.341895
80	51	2.088443	0.636768	3.670143	6.395354
80	52	2.088443	0.596995	3.275494	5.960931
80	53	2.088443	0.587030	3.176619	5.852092
80	54	2.088443	0.542454	3.052097	5.682994
80	55	2.088443	0.602727	3.332377	6.023548
80	56	2.088443	0.504173	2.354467	4.947083
80	57	2.088443	0.560901	2.917358	5.566702
80	58	2.088443	0.504173	2.354467	4.947083
80	59	2.088443	0.612711	3.431443	6.132597
80	60	2.088443	0.580894	3.115734	5.785070
80	61	2.088443	0.554445	2.853299	5.496187
80	62	2.088443	0.585399	3.160434	5.834275
80	63	2.088443	0.579292	3.099844	5.767579
80	64	2.088443	0.447695	1.794066	4.330204
80	65	2.088443	0.501546	2.328406	4.918395
80	66	2.088443	0.502363	2.336506	4.927312
80	67	2.088443	0.504753	2.360223	4.953418
80	68	2.088443	0.584789	3.154386	5.827618
80	69	2.088443	0.560901	2.917358	5.566702
80	70	2.088443	0.597870	3.284184	5.970497
80	71	2.088443	0.636768	3.670143	6.395354
80	72	2.088443	0.587030	3.176619	5.852092
80	73	2.088443	0.503452	2.347321	4.939216
80	74	2.088443	0.505633	2.368956	4.963032
80	75	2.088443	0.612711	3.431443	6.132597
80	76	2.088443	0.582638	3.133043	5.804124
80	77	2.088443	0.538078	2.690895	5.317416
80	78	2.088443	0.489711	2.210971	4.789125
80	79	2.088443	0.512613	2.438217	5.039272
80	80	2.088443	0.530313	2.613844	5.232600
80	81	2.088443	0.542454	3.052097	5.682994
80	82	2.088443	0.534048	2.650900	5.273391
80	83	2.088443	0.522529	2.801429	5.412401
80	84	2.088443	0.554557	2.854406	5.497406
80	85	2.088443	0.520006	2.511577	5.120025
80	86	2.088443	0.538078	2.690895	5.317416
80	87	2.088443	0.504173	2.354467	4.947083
80	88	2.088443	0.515057	2.462464	5.065964
80	89	2.088443	0.515057	2.462464	5.065964
80	90	2.088443	0.550499	2.814144	5.453086
80	91	2.088443	0.536420	2.674444	5.299306
80	92	2.088443	0.597870	3.284184	5.970497
80	93	2.088443	0.517284	2.484562	5.090288
80	94	2.088443	0.627331	3.576502	6.292275
80	95	2.088443	0.534048	2.650900	5.273391
80	96	2.088443	0.476278	2.077687	4.642408
80	97	2.088443	0.495181	2.265251	4.848875
80	98	2.088443	0.534717	2.657539	5.280698
80	99	2.088443	0.512452	2.436619	5.037513
81	0	2.219471	0.410544	2.166925	4.796940
81	1	2.219471	0.559569	2.904140	5.683180
81	2	2.219471	0.533761	2.648056	5.401288
81	3	2.219471	0.548289	2.792210	5.559970
81	4	2.219471	0.561621	2.924501	5.705594
81	5	2.219471	0.492019	2.233873	4.945363
81	6	2.219471	0.504087	2.353621	5.077179
81	7	2.219471	0.581368	3.173403	5.974243
81	8	2.219471	0.494543	2.258913	4.972927
81	9	2.219471	0.629520	3.598224	6.447215
81	10	2.219471	0.476949	2.084344	4.780764
81	11	2.219471	0.561694	2.925218	5.706383
81	12	2.219471	0.491294	2.226680	4.937445
81	13	2.219471	0.520934	2.520783	5.261188
81	14	2.219471	0.531801	2.628613	5.379885
81	15	2.219471	0.525614	2.567217	5.312301
81	16	2.219471	0.561061	3.130793	5.911325
81	17	2.219471	0.591423	3.220213	6.031108
81	18	2.219471	0.525614	2.567217	5.312301
81	19	2.219471	0.580496	3.111785	5.911751
81	20	2.219471	0.529634	2.607104	5.356209
81	21	2.219471	0.591423	3.220213	6.031108
81	22	2.219471	0.533329	2.643776	5.396576
81	23	2.219471	0.451974	2.154311	4.825756
81	24	2.219471	0.578856	3.095508	5.893834
81	25	2.219471	0.531801	2.628613	5.379885
81	26	2.219471	0.491294	2.226680	4.937445
81	27	2.219471	0.579290	3.099816	5.898577
81	28	2.219471	0.566785	3.081663	5.867919
81	29	2.219471	0.481381	2.128321	4.829174
81	30	2.219471	0.524689	2.558036	5.302196
81	31	2.219471	0.501149	2.324464	5.045084
81	32	2.219471	0.595800	3.263641	6.078912
81	33	2.219471	0.510017	2.412459	5.141947
81	34	2.219471	0.519907	2.510592	5.249970
81	35	2.219471	0.591541	3.221379	6.032391
81	36	2.219471	0.561694	2.925218	5.706383
81	37	2.219471	0.645233	3.754137	6.618841
81	38	2.219471	0.515983	2.471655	5.207109
81	39	2.219471	0.502794	2.340789	5.063054
81	40	2.219471	0.504087	2.353621	5.077179
81	41	2.219471	0.499214	2.305265	5.023950
81	42	2.219471	0.502794	2.340789	5.063054
81	43	2.219471	0.533761	2.648056	5.401288
81	44	2.219471	0.636598	3.721426	6.577495
81	45	2.219471	0.475383	2.068799	4.763652
81	46	2.219471	0.559569	2.904140	5.683180
81	47	2.219471	0.501149	2.324464	5.045084
81	48	2.219471	0.579290	3.099816	5.898577
81	49	2.219471	0.475181	2.066798	4.761451
81	50	2.219471	0.505118	2.787558	5.512147
81	51	2.219471	0.595438	3.260051	6.074960
81	52	2.219471	0.501149	2.324464	5.045084
81	53	2.219471	0.481381	2.128321	4.829174
81	54	2.219471	0.529634	2.607104	5.356209
81	55	2.219471	0.529634	2.607104	5.356209
81	56	2.219471	0.475181	2.066798	4.761451
81	57	2.219471	0.499497	2.308075	5.027043
81	58	2.219471	0.579290	3.099816	5.898577
81	59	2.219471	0.593201	3.237850	6.050522
81	60	2.219471	0.542299	2.732779	5.494549
81	61	2.219471	0.498205	2.295253	5.012929
81	62	2.219471	0.591541	3.221379	6.032391
81	63	2.219471	0.525614	2.567217	5.312301
81	64	2.219471	0.531801	2.628613	5.379885
81	65	2.219471	0.591462	3.220592	6.031524
81	66	2.219471	0.476949	2.084344	4.780764
81	67	2.219471	0.604685	3.351799	6.175955
81	68	2.219471	0.476949	2.084344	4.780764
81	69	2.219471	0.499497	2.308075	5.027043
81	70	2.219471	0.533761	2.648056	5.401288
81	71	2.219471	0.567153	2.979388	5.766012
81	72	2.219471	0.591423	3.220213	6.031108
81	73	2.219471	0.559569	2.904140	5.683180
81	74	2.219471	0.481381	2.128321	4.829174
81	75	2.219471	0.542299	2.732779	5.494549
81	76	2.219471	0.607291	3.377656	6.204418
81	77	2.219471	0.501149	2.324464	5.045084
81	78	2.219471	0.448877	1.805791	4.474139
81	79	2.219471	0.542299	2.732779	5.494549
81	80	2.219471	0.475181	2.066798	4.761451
81	81	2.219471	0.580496	3.111785	5.911751
81	82	2.219471	0.578856	3.095508	5.893834
81	83	2.219471	0.498205	2.295253	5.012929
81	84	2.219471	0.528928	2.600102	5.348501
81	85	2.219471	0.593201	3.237850	6.050522
81	86	2.219471	0.509318	2.405517	5.134306
81	87	2.219471	0.547538	2.784762	5.551772
81	88	2.219471	0.575534	3.062551	5.857557
81	89	2.219471	0.488026	2.776856	5.484354
81	90	2.219471	0.501149	2.324464	5.045084
81	91	2.219471	0.518315	2.494797	5.232583
81	92	2.219471	0.541482	2.883561	5.644514
81	93	2.219471	0.547538	2.784762	5.551772
81	94	2.219471	0.509318	2.405517	5.134306
81	95	2.219471	0.494543	2.258913	4.972927
81	96	2.219471	0.528928	2.600102	5.348501
81	97	2.219471	0.488377	2.727370	5.435218
81	98	2.219471	0.494543	2.258913	4.972927
81	99	2.219471	0.573850	3.045841	5.839162
82	0	2.339779	0.543260	2.742309	5.625347
82	1	2.339779	0.566129	2.969232	5.875139
82	2	2.339779	0.487886	2.192865	5.020530
82	3	2.339779	0.601144	3.316669	6.257592
82	4	2.339779	0.540208	2.712026	5.592013
82	5	2.339779	0.541449	2.724345	5.605572
82	6	2.339779	0.477320	2.088022	4.905121
82	7	2.339779	0.523700	2.548229	5.411708
82	8	2.339779	0.400089	1.321697	4.061564
82	9	2.339779	0.510458	2.787576	5.637812
82	10	2.339779	0.481223	2.126753	4.947754
82	11	2.339779	0.487105	2.185113	5.011996
82	12	2.339779	0.523700	2.548229	5.411708
82	13	2.339779	0.563841	2.946530	5.850149
82	14	2.339779	0.509879	2.411088	5.260745
82	15	2.339779	0.410600	1.425991	4.176369
82	16	2.339779	0.554619	2.855023	5.749421
82	17	2.339779	0.509879	2.411088	5.260745
82	18	2.339779	0.491404	2.227773	5.058956
82	19	2.339779	0.489185	2.470575	5.299539
82	20	2.339779	0.526233	2.573363	5.439375
82	21	2.339779	0.468662	2.002110	4.810550
82	22	2.339779	0.536377	2.674010	5.550165
82	23	2.339779	0.433317	1.651398	4.424493
82	24	2.339779	0.509924	2.411536	5.261239
82	25	2.339779	0.466420	1.979868	4.786067
82	26	2.339779	0.497436	2.287626	5.124841
82	27	2.339779	0.466420	1.979868	4.786067
82	28	2.339779	0.535072	2.819958	5.694809
82	29	2.339779	0.487886	2.192865	5.020530
82	30	2.339779	0.523700	2.548229	5.411708
82	31	2.339779	0.509924	2.411536	5.261239
82	32	2.339779	0.487105	2.185113	5.011996
82	33	2.339779	0.475917	2.074104	4.889799
82	34	2.339779	0.549482	2.804052	5.693313
82	35	2.339779	0.475917	2.074104	4.889799
82	36	2.339779	0.487886	2.192865	5.020530
82	37	2.339779	0.466110	1.976794	4.782683
82	38	2.339779	0.464944	1.965219	4.769942
82	39	2.339779	0.519534	2.506887	5.366199
82	40	2.339779	0.469835	2.013754	4.823368
82	41	2.339779	0.549482	2.804052	5.693313
82	42	2.339779	0.613671	3.440964	6.394414
82	43	2.339779	0.595546	3.367049	6.302374
82	44	2.339779	0.589796	3.362959	6.292534
82	45	2.339779	0.400089	1.321697	4.061564
82	46	2.339779	0.459876	1.914938	4.714593
82	47	2.339779	0.540208	2.712026	5.592013
82	48	2.339779	0.578252	3.089517	6.007547
82	49	2.339779	0.523700	2.548229	5.411708
82	50	2.339779	0.566129	2.969232	5.875139
82	51	2.339779	0.483813	2.152446	4.976037
82	52	2.339779	0.497436	2.287626	5.124841
82	53	2.339779	0.588166	3.187889	6.115834
82	54	2.339779	0.482530	2.139714	4.962022
82	55	2.339779	0.509924	2.411536	5.261239
82	56	2.339779	0.410600	1.425991	4.176369
82	57	2.339779	0.526233	2.573363	5.439375
82	58	2.339779	0.515023	2.462131	5.316932
82	59	2.339779	0.588166	3.187889	6.115834
82	60	2.339779	0.501430	2.327255	5.168464
82	61	2.339779	0.478002	2.094793	4.912574
82	62	2.339779	0.535072	2.819958	5.694809
82	63	2.339779	0.515023	2.462131	5.316932
82	64	2.339779	0.595937	3.265003	6.200719
82	65	2.339779	0.464944	1.965219	4.769942
82	66	2.339779	0.501505	2.327994	5.169277
82	67	2.339779	0.509879	2.411088	5.260745
82	68	2.339779	0.561078	2.919113	5.819969
82	69	2.339779	0.503530	2.348094	5.191403
82	70	2.339779	0.475917	2.074104	4.889799
82	71	2.339779	0.491404	2.227773	5.058956
82	72	2.339779	0.533326	2.908557	5.781661
82	73	2.339779	0.481223	2.126753	4.947754
82	74	2.339779	0.573790	3.045242	5.958810
82	75	2.339779	0.479651	2.111148	4.930577
82	76	2.339779	0.589796	3.362959	6.292534
82	77	2.339779	0.563311	2.941262	5.844351
82	78	2.339779	0.596559	3.271169	6.207507
82	79	2.339779	0.489244	2.206334	5.035357
82	80	2.339779	0.540821	2.718106	5.598705
82	81	2.339779	0.478310	2.097847	4.915935
82	82	2.339779	0.597437	3.279883	6.217098
82	83	2.339779	0.482530	2.139714	4.962022
82	84	2.339779	0.459876	1.914938	4.714593
82	85	2.339779	0.468118	1.996711	4.804607
82	86	2.339779	0.546638	3.093616	5.980033
82	87	2.339779	0.419804	1.517321	4.276904
82	88	2.339779	0.497436	2.287626	5.124841
82	89	2.339779	0.487886	2.192865	5.020530
82	90	2.339779	0.536490	2.675138	5.551407
82	91	2.339779	0.433317	1.651398	4.424493
82	92	2.339779	0.552279	2.831803	5.723861
82	93	2.339779	0.540821	2.718106	5.598705
82	94	2.339779	0.543260	2.742309	5.625347
82	95	2.339779	0.488975	2.203668	5.032421
82	96	2.339779	0.509879	2.411088	5.260745
82	97	2.339779	0.542076	2.836488	5.718343
82	98	2.339779	0.541449	2.724345	5.605572
82	99	2.339779	0.475917	2.074104	4.889799
83	0	2.191044	0.497033	2.283623	4.971700
83	1	2.191044	0.603306	3.338116	6.132466
83	2	2.191044	0.589789	3.204000	5.984833
83	3	2.191044	0.507670	2.389169	5.087883
83	4	2.191044	0.630309	3.606050	6.427403
83	5	2.191044	0.516926	2.481017	5.188987
83	6	2.191044	0.520454	2.516021	5.227519
83	7	2.191044	0.592678	3.338588	6.122310
83	8	2.191044	0.581500	3.121752	5.894296
83	9	2.191044	0.469947	2.014860	4.675851
83	10	2.191044	0.547819	2.787545	5.526408
83	11	2.191044	0.561610	2.924387	5.677040
83	12	2.191044	0.436471	1.682698	4.310213
83	13	2.191044	0.516982	2.481564	5.189590
83	14	2.191044	0.568486	3.098546	5.858077
83	15	2.191044	0.510971	2.421927	5.123943
83	16	2.191044	0.497398	2.287247	4.975689
83	17	2.191044	0.486186	2.175999	4.853229
83	18	2.191044	0.559102	2.899505	5.649651
83	19	2.191044	0.470547	2.020813	4.682404
83	20	2.191044	0.433565	1.653866	4.278475
83	21	2.191044	0.498139	2.294594	4.983777
83	22	2.191044	0.443853	1.755941	4.390837
83	23	2.191044	0.525639	2.567463	5.284145
83	24	2.191044	0.578370	3.090692	5.860106
83	25	2.191044	0.516926	2.481017	5.188987
83	26	2.191044	0.470547	2.020813	4.682404
83	27	2.191044	0.510587	2.418109	5.119739
83	28	2.191044	0.501400	2.326957	5.019401
83	29	2.191044	0.550780	2.816924	5.558747
83	30	2.191044	0.558225	2.890801	5.640070
83	31	2.191044	0.539302	2.703038	5.433384
83	32	2.191044	0.579107	3.097998	5.868149
83	33	2.191044	0.498139	2.294594	4.983777
83	34	2.191044	0.516982	2.481564	5.189590
83	35	2.191044	0.568486	3.098546	5.858077
83	36	2.191044	0.558225	2.890801	5.640070
83	37	2.191044	0.497398	2.287247	4.975689
83	38	2.191044	0.589789	3.204000	5.984833
83	39	2.191044	0.520454	2.516021	5.227519
83	40	2.191044	0.581500	3.121752	5.894296
83	41	2.191044	0.512928	2.441345	5.145317
83	42	2.191044	0.549774	2.806951	5.547769
83	43	2.191044	0.512055	2.432678	5.135777
83	44	2.191044	0.511534	2.427509	5.130087
83	45	2.191044	0.516982	2.481564	5.189590
83	46	2.191044	0.498139	2.294594	4.983777
83	47	2.191044	0.589789	3.204000	5.984833
83	48	2.191044	0.602967	3.334755	6.128766
83	49	2.191044	0.470547	2.020813	4.682404
83	50	2.191044	0.560464	2.913018	5.664526
83	51	2.191044	0.528928	2.600105	5.320077
83	52	2.191044	0.520454	2.516021	5.227519
83	53	2.191044	0.559102	2.899505	5.649651
83	54	2.191044	0.459473	2.334644	4.985161
83	55	2.191044	0.602967	3.334755	6.128766
83	56	2.191044	0.436471	1.682698	4.310213
83	57	2.191044	0.549774	2.806951	5.547769
83	58	2.191044	0.566416	3.130965	5.888425
83	59	2.191044	0.607274	3.377490	6.175808
83	60	2.191044	0.545265	2.762201	5.498510
83	61	2.191044	0.547819	2.787545	5.526408
83	62	2.191044	0.512055	2.432678	5.135777
83	63	2.191044	0.485434	2.168528	4.845005
83	64	2.191044	0.626305	3.566322	6.383670
83	65	2.191044	0.607274	3.377490	6.175808
83	66	2.191044	0.468947	2.004942	4.664933
83	67	2.191044	0.545091	2.760481	5.496616
83	68	2.191044	0.581491	3.174618	5.947152
83	69	2.191044	0.457985	1.896170	4.545198
83	70	2.191044	0.573566	3.043026	5.807637
83	71	2.191044	0.479621	2.110856	4.781522
83	72	2.191044	0.468947	2.004942	4.664933
83	73	2.191044	0.491177	2.490334	5.172554
83	74	2.191044	0.520454	2.516021	5.227519
83	75	2.191044	0.498139	2.294594	4.983777
83	76	2.191044	0.560464	2.913018	5.664526
83	77	2.191044	0.602967	3.334755	6.128766
83	78	2.191044	0.469947	2.014860	4.675851
83	79	2.191044	0.443853	1.755941	4.390837
83	80	2.191044	0.539142	2.701454	5.431641
83	81	2.191044	0.428232	1.600945	4.220221
83	82	2.191044	0.492253	2.236191	4.919488
83	83	2.191044	0.561610	2.924387	5.677040
83	84	2.191044	0.496411	2.277454	4.964910
83	85	2.191044	0.552562	2.834608	5.578214
83	86	2.191044	0.543907	2.748729	5.483680
83	87	2.191044	0.512055	2.432678	5.135777
83	88	2.191044	0.443568	2.441646	5.076258
83	89	2.191044	0.516926	2.481017	5.188987
83	90	2.191044	0.486186	2.175999	4.853229
83	91	2.191044	0.552562	2.834608	5.578214
83	92	2.191044	0.510000	2.412291	5.113336
83	93	2.191044	0.560823	3.022507	5.774374
83	94	2.191044	0.552562	2.834608	5.578214
83	95	2.191044	0.556531	2.873990	5.621564
83	96	2.191044	0.566107	3.021976	5.779127
83	97	2.191044	0.516926	2.481017	5.188987
83	98	2.191044	0.486186	2.175999	4.853229
83	99	2.191044	0.486186	2.175999	4.853229
84	0	2.244469	0.551797	2.827021	5.623287
84	1	2.244469	0.551102	2.820120	5.615691
84	2	2.244469	0.493159	2.245184	4.982812
84	3	2.244469	0.423084	1.549869	4.217422
84	4	2.244469	0.468991	2.005374	4.718833
84	5	2.244469	0.569782	3.217327	6.031577
84	6	2.244469	0.560660	2.914965	5.720094
84	7	2.244469	0.483361	2.147960	4.875790
84	8	2.244469	0.544126	2.750909	5.539504
84	9	2.244469	0.645174	3.753557	6.643201
84	10	2.244469	0.434412	1.662272	4.341153
84	11	2.244469	0.537040	2.680595	5.462104
84	12	2.244469	0.503681	2.614405	5.362555
84	13	2.244469	0.508944	2.401815	5.155229
84	14	2.244469	0.549635	2.964459	5.758563
84	15	2.244469	0.579099	3.097928	5.921496
84	16	2.244469	0.545473	2.764272	5.554214
84	17	2.244469	0.533006	2.640568	5.418043
84	18	2.244469	0.603265	3.337710	6.185444
84	19	2.244469	0.553537	2.844282	5.642288
84	20	2.244469	0.565726	3.124118	5.934312
84	21	2.244469	0.550011	2.809297	5.603777
84	22	2.244469	0.517173	2.854212	5.615855
84	23	2.244469	0.508930	2.401667	5.155066
84	24	2.244469	0.430351	1.621968	4.296787
84	25	2.244469	0.517072	2.482463	5.244004
84	26	2.244469	0.459412	1.910332	4.614213
84	27	2.244469	0.456055	1.877017	4.577541
84	28	2.244469	0.541575	2.725593	5.511637
84	29	2.244469	0.533687	2.647321	5.425477
84	30	2.244469	0.553722	2.846119	5.644310
84	31	2.244469	0.523552	2.546762	5.314784
84	32	2.244469	0.553443	2.843348	5.641260
84	33	2.244469	0.590679	3.212827	6.047975
84	34	2.244469	0.487805	2.192058	4.924332
84	35	2.244469	0.487434	2.188380	4.920283
84	36	2.244469	0.456055	1.877017	4.577541
84	37	2.244469	0.559284	2.901307	5.705060
84	38	2.244469	0.555556	2.864322	5.664348
84	39	2.244469	0.489591	2.209785	4.943845
84	40	2.244469	0.543426	2.743960	5.531855
84	41	2.244469	0.590679	3.212827	6.047975
84	42	2.244469	0.555556	2.864322	5.664348
84	43	2.244469	0.533006	2.640568	5.418043
84	44	2.244469	0.545473	2.764272	5.554214
84	45	2.244469	0.471226	2.027558	4.743254
84	46	2.244469	0.553673	3.004528	5.802670
84	47	2.244469	0.489591	2.209785	4.943845
84	48	2.244469	0.533711	2.647563	5.425744
84	49	2.244469	0.603265	3.337710	6.185444
84	50	2.244469	0.583566	3.142251	5.970286
84	51	2.244469	0.587289	3.179186	6.010943
84	52	2.244469	0.533006	2.640568	5.418043
84	53	2.244469	0.515879	2.470626	5.230974
84	54	2.244469	0.560404	2.912427	5.717300
84	55	2.244469	0.489834	2.212188	4.946490
84	56	2.244469	0.472929	2.044449	4.761847
84	57	2.244469	0.565447	2.962466	5.772382
84	58	2.244469	0.553443	2.843348	5.641260
84	59	2.244469	0.405452	1.374913	4.024834
84	60	2.244469	0.550011	2.809297	5.603777
84	61	2.244469	0.508835	2.718514	5.471818
84	62	2.244469	0.456055	1.877017	4.577541
84	63	2.244469	0.472929	2.044449	4.761847
84	64	2.244469	0.541575	2.725593	5.511637
84	65	2.244469	0.536657	2.676788	5.457914
84	66	2.244469	0.489404	2.207921	4.941793
84	67	2.244469	0.520153	2.513033	5.277655
84	68	2.244469	0.564061	2.948706	5.757235
84	69	2.244469	0.614733	3.504467	6.363669
84	70	2.244469	0.614284	3.447050	6.305803
84	71	2.244469	0.590679	3.212827	6.047975
84	72	2.244469	0.544126	2.750909	5.539504
84	73	2.244469	0.560660	2.914965	5.720094
84	74	2.244469	0.487333	2.187377	4.919179
84	75	2.244469	0.550011	2.809297	5.603777
84	76	2.244469	0.504910	2.361783	5.111161
84	77	2.244469	0.564061	2.948706	5.757235
84	78	2.244469	0.523552	2.546762	5.314784
84	79	2.244469	0.564405	2.952126	5.761000
84	80	2.244469	0.522285	2.534186	5.300940
84	81	2.244469	0.468991	2.005374	4.718833
84	82	2.244469	0.493159	2.245184	4.982812
84	83	2.244469	0.405452	1.374913	4.024834
84	84	2.244469	0.480819	2.122742	4.848031
84	85	2.244469	0.564061	2.948706	5.757235
84	86	2.244469	0.530878	2.619450	5.394796
84	87	2.244469	0.423084	1.549869	4.217422
84	88	2.244469	0.553443	2.843348	5.641260
84	89	2.244469	0.518174	2.758217	5.520861
84	90	2.244469	0.487333	2.187377	4.919179
84	91	2.244469	0.545046	2.760032	5.549547
84	92	2.244469	0.480919	2.123736	4.849124
84	93	2.244469	0.483361	2.147960	4.875790
84	94	2.244469	0.427849	1.597145	4.269463
84	95	2.244469	0.541575	2.725593	5.511637
84	96	2.244469	0.550011	2.809297	5.603777
84	97	2.244469	0.468991	2.005374	4.718833
84	98	2.244469	0.529573	2.871317	5.645359
84	99	2.244469	0.459412	1.910332	4.614213
85	0	2.170262	0.548777	2.797050	5.516089
85	1	2.170262	0.600210	3.307394	6.077865
85	2	2.170262	0.528017	2.591064	5.289343
85	3	2.170262	0.578882	3.095769	5.844913
85	4	2.170262	0.579031	3.097247	5.846540
85	5	2.170262	0.444707	1.764416	4.379385
85	6	2.170262	0.476368	2.078574	4.725204
85	7	2.170262	0.481002	2.124558	4.775822
85	8	2.170262	0.540237	2.712320	5.422820
85	9	2.170262	0.560878	2.917125	5.648265
85	10	2.170262	0.512997	2.442031	5.125290
85	11	2.170262	0.528017	2.591064	5.289343
85	12	2.170262	0.444707	1.764416	4.379385
85	13	2.170262	0.574562	3.052908	5.797733
85	14	2.170262	0.439228	1.710056	4.319547
85	15	2.170262	0.484739	2.161634	4.816635
85	16	2.170262	0.574709	3.054361	5.799332
85	17	2.170262	0.472556	2.040754	4.683573
85	18	2.170262	0.501043	2.641200	5.312505
85	19	2.170262	0.505860	2.794919	5.471041
85	20	2.170262	0.547821	2.787567	5.505650
85	21	2.170262	0.535495	2.665267	5.371024
85	22	2.170262	0.512997	2.442031	5.125290
85	23	2.170262	0.479005	2.104745	4.754012
85	24	2.170262	0.540237	2.712320	5.422820
85	25	2.170262	0.532561	2.900969	5.603792
85	26	2.170262	0.578882	3.095769	5.844913
85	27	2.170262	0.486563	2.179740	4.836566
85	28	2.170262	0.536950	2.679703	5.386916
85	29	2.170262	0.521511	2.526508	5.218281
85	30	2.170262	0.528017	2.591064	5.289343
85	31	2.170262	0.487747	2.191487	4.849496
85	32	2.170262	0.546659	2.776038	5.492959
85	33	2.170262	0.546659	2.776038	5.492959
85	34	2.170262	0.435976	1.677786	4.284024
85	35	2.170262	0.505470	2.632163	5.307896
85	36	2.170262	0.588464	3.190851	5.949577
85	37	2.170262	0.585671	3.163130	5.919063
85	38	2.170262	0.568412	3.203741	5.942415
85	39	2.170262	0.508050	2.922573	5.600884
85	40	2.170262	0.574562	3.052908	5.797733
85	41	2.170262	0.439825	1.715973	4.326059
85	42	2.170262	0.439228	1.710056	4.319547
85	43	2.170262	0.627997	3.583111	6.381369
85	44	2.170262	0.553002	2.838979	5.562243
85	45	2.170262	0.575680	3.064002	5.809945
85	46	2.170262	0.589019	3.196352	5.955633
85	47	2.170262	0.506999	2.382509	5.059770
85	48	2.170262	0.437465	2.328128	4.935855
85	49	2.170262	0.481002	2.124558	4.775822
85	50	2.170262	0.579031	3.097247	5.846540
85	51	2.170262	0.538460	2.694685	5.403407
85	52	2.170262	0.607231	3.377060	6.154552
85	53	2.170262	0.571414	3.021667	5.763343
85	54	2.170262	0.460468	1.920804	4.551533
85	55	2.170262	0.544695	2.756549	5.471506
85	56	2.170262	0.484739	2.161634	4.816635
85	57	2.170262	0.601162	3.316847	6.088272
85	58	2.170262	0.628814	3.591222	6.390298
85	59	2.170262	0.628814	3.591222	6.390298
85	60	2.170262	0.516357	2.475371	5.161991
85	61	2.170262	0.585671	3.163130	5.919063
85	62	2.170262	0.508652	2.398914	5.077829
85	63	2.170262	0.504552	2.358232	5.033047
85	64	2.170262	0.502505	2.337923	5.010690
85	65	2.170262	0.574562	3.052908	5.797733
85	66	2.170262	0.575680	3.064002	5.809945
85	67	2.170262	0.578406	3.091048	5.839717
85	68	2.170262	0.593471	3.240534	6.004267
85	69	2.170262	0.528017	2.591064	5.289343
85	70	2.170262	0.439228	1.710056	4.319547
85	71	2.170262	0.502813	2.340973	5.014048
85	72	2.170262	0.607091	3.375677	6.153031
85	73	2.170262	0.469726	2.012672	4.652661
85	74	2.170262	0.574397	3.051266	5.795925
85	75	2.170262	0.505901	2.371619	5.047783
85	76	2.170262	0.535495	2.665267	5.371024
85	77	2.170262	0.479005	2.104745	4.754012
85	78	2.170262	0.538460	2.694685	5.403407
85	79	2.170262	0.545227	2.761825	5.477314
85	80	2.170262	0.502505	2.337923	5.010690
85	81	2.170262	0.557533	3.095793	5.823588
85	82	2.170262	0.505901	2.371619	5.047783
85	83	2.170262	0.548777	2.797050	5.516089
85	84	2.170262	0.544695	2.756549	5.471506
85	85	2.170262	0.540237	2.712320	5.422820
85	86	2.170262	0.559150	2.899976	5.629387
85	87	2.170262	0.510299	2.415258	5.095819
85	88	2.170262	0.615563	3.565661	6.351485
85	89	2.170262	0.506999	2.382509	5.059770
85	90	2.170262	0.574709	3.054361	5.799332
85	91	2.170262	0.510299	2.415258	5.095819
85	92	2.170262	0.508652	2.398914	5.077829
85	93	2.170262	0.559150	2.899976	5.629387
85	94	2.170262	0.600210	3.307394	6.077865
85	95	2.170262	0.469726	2.012672	4.652661
85	96	2.170262	0.603695	3.341975	6.115932
85	97	2.170262	0.548895	2.851188	5.570346
85	98	2.170262	0.589019	3.196352	5.955633
85	99	2.170262	0.487747	2.191487	4.849496
86	0	2.270211	0.502220	2.335095	5.107526
86	1	2.270211	0.508001	2.763203	5.541415
86	2	2.270211	0.559616	2.904608	5.734435
86	3	2.270211	0.517202	2.483748	5.271161
86	4	2.270211	0.477463	2.089440	4.837114
86	5	2.270211	0.449230	1.809301	4.528742
86	6	2.270211	0.547041	2.779828	5.597080
86	7	2.270211	0.517202	2.483748	5.271161
86	8	2.270211	0.466826	1.983890	4.720926
86	9	2.270211	0.518489	2.496525	5.285226
86	10	2.270211	0.547041	2.779828	5.597080
86	11	2.270211	0.547041	2.779828	5.597080
86	12	2.270211	0.524226	2.553450	5.347887
86	13	2.270211	0.577012	3.077215	5.924438
86	14	2.270211	0.497817	2.291401	5.059428
86	15	2.270211	0.590405	3.210112	6.070728
86	16	2.270211	0.518343	2.918785	5.707339
86	17	2.270211	0.517202	2.483748	5.271161
86	18	2.270211	0.533658	2.647034	5.450903
86	19	2.270211	0.508831	2.400688	5.179730
86	20	2.270211	0.472075	2.035975	4.778260
86	21	2.270211	0.576041	3.120546	5.966798
86	22	2.270211	0.524325	2.554429	5.348965
86	23	2.270211	0.496459	2.277931	5.044601
86	24	2.270211	0.572228	3.029748	5.872186
86	25	2.270211	0.436660	1.684572	4.391443
86	26	2.270211	0.594610	3.251836	6.116658
86	27	2.270211	0.636451	3.667003	6.573665
86	28	2.270211	0.489973	2.213566	4.973749
86	29	2.270211	0.461125	1.927323	4.658658
86	30	2.270211	0.472075	2.035975	4.778260
86	31	2.270211	0.535790	2.668192	5.474193
86	32	2.270211	0.534455	2.972727	5.777392
86	33	2.270211	0.547041	2.779828	5.597080
86	34	2.270211	0.582607	3.132728	5.985545
86	35	2.270211	0.559616	2.904608	5.734435
86	36	2.270211	0.407402	1.394260	4.071872
86	37	2.270211	0.580710	3.113906	5.964826
86	38	2.270211	0.544893	2.811481	5.626585
86	39	2.270211	0.489582	2.209694	4.969487
86	40	2.270211	0.496436	2.277705	5.044352
86	41	2.270211	0.470174	2.017120	4.757505
86	42	2.270211	0.586218	3.168566	6.024995
86	43	2.270211	0.517202	2.483748	5.271161
86	44	2.270211	0.491679	2.230503	4.992393
86	45	2.270211	0.519161	2.503190	5.292562
86	46	2.270211	0.496459	2.277931	5.044601
86	47	2.270211	0.477463	2.089440	4.837114
86	48	2.270211	0.481633	2.130819	4.882663
86	49	2.270211	0.489153	2.205433	4.964797
86	50	2.270211	0.593839	3.244182	6.108232
86	51	2.270211	0.576041	3.120546	5.966798
86	52	2.270211	0.489973	2.213566	4.973749
86	53	2.270211	0.559915	2.907571	5.737697
86	54	2.270211	0.472075	2.035975	4.778260
86	55	2.270211	0.501792	2.330847	5.102850
86	56	2.270211	0.533658	2.647034	5.450903
86	57	2.270211	0.600567	3.310940	6.181718
86	58	2.270211	0.478222	2.096976	4.845410
86	59	2.270211	0.407402	1.394260	4.071872
86	60	2.270211	0.470174	2.017120	4.757505
86	61	2.270211	0.441214	1.729761	4.441186
86	62	2.270211	0.476314	2.078039	4.824563
86	63	2.270211	0.441214	1.729761	4.441186
86	64	2.270211	0.524226	2.553450	5.347887
86	65	2.270211	0.477171	2.086540	4.833921
86	66	2.270211	0.491392	2.227654	4.989256
86	67	2.270211	0.535790	2.668192	5.474193
86	68	2.270211	0.506483	2.377390	5.154083
86	69	2.270211	0.593874	3.244533	6.108619
86	70	2.270211	0.517202	2.483748	5.271161
86	71	2.270211	0.518489	2.496525	5.285226
86	72	2.270211	0.562953	2.937714	5.770877
86	73	2.270211	0.489582	2.209694	4.969487
86	74	2.270211	0.475766	2.072600	4.818576
86	75	2.270211	0.532751	2.638037	5.440998
86	76	2.270211	0.453344	2.485684	5.209238
86	77	2.270211	0.558965	2.898146	5.727321
86	78	2.270211	0.558965	2.898146	5.727321
86	79	2.270211	0.494121	2.254728	5.019059
86	80	2.270211	0.476178	2.606324	5.352712
86	81	2.270211	0.436660	1.684572	4.391443
86	82	2.270211	0.593874	3.244533	6.108619
86	83	2.270211	0.489153	2.205433	4.964797
86	84	2.270211	0.527484	2.585770	5.383465
86	85	2.270211	0.519161	2.503190	5.292562
86	86	2.270211	0.623346	3.536969	6.430527
86	87	2.270211	0.562953	2.937714	5.770877
86	88	2.270211	0.491679	2.230503	4.992393
86	89	2.270211	0.489973	2.213566	4.973749
86	90	2.270211	0.479240	2.107071	4.856522
86	91	2.270211	0.491392	2.227654	4.989256
86	92	2.270211	0.538770	2.962578	5.771559
86	93	2.270211	0.529218	2.602980	5.402409
86	94	2.270211	0.493671	2.250261	5.014142
86	95	2.270211	0.534214	2.652556	5.456981
86	96	2.270211	0.551399	2.981958	5.803567
86	97	2.270211	0.471838	2.033631	4.775680
86	98	2.270211	0.496436	2.277705	5.044352
86	99	2.270211	0.475766	2.072600	4.818576
87	0	2.168259	0.485535	2.169536	4.823329
87	1	2.168259	0.571734	3.024849	5.764842
87	2	2.168259	0.647864	3.780245	6.596367
87	3	2.168259	0.541326	2.987938	5.697523
87	4	2.168259	0.639343	3.695698	6.503300
87	5	2.168259	0.545654	2.766066	5.479979
87	6	2.168259	0.557023	2.878877	5.604159
87	7	2.168259	0.502494	2.337815	5.008569
87	8	2.168259	0.550452	3.078491	5.797202
87	9	2.168259	0.589558	3.201700	5.959517
87	10	2.168259	0.492917	2.242782	4.903958
87	11	2.168259	0.446744	1.784635	4.399638
87	12	2.168259	0.563695	2.945073	5.677026
87	13	2.168259	0.506914	2.381665	5.056837
87	14	2.168259	0.411540	1.435315	4.015114
87	15	2.168259	0.544280	2.752435	5.464974
87	16	2.168259	0.589780	3.203906	5.961945
87	17	2.168259	0.470173	2.017105	4.655536
87	18	2.168259	0.506309	2.375663	5.050230
87	19	2.168259	0.493655	2.250109	4.912023
87	20	2.168259	0.492066	2.234342	4.894667
87	21	2.168259	0.576002	3.067189	5.811449
87	22	2.168259	0.483850	2.470595	5.122703
87	23	2.168259	0.517115	2.482883	5.168256
87	24	2.168259	0.602700	3.332107	6.103066
87	25	2.168259	0.536812	2.678334	5.383405
87	26	2.168259	0.571623	3.023744	5.763626
87	27	2.168259	0.541326	2.987938	5.697523
87	28	2.168259	0.571734	3.024849	5.764842
87	29	2.168259	0.545654	2.766066	5.479979
87	30	2.168259	0.592122	3.227140	5.987520
87	31	2.168259	0.550151	2.810689	5.529099
87	32	2.168259	0.537774	2.687872	5.393905
87	33	2.168259	0.494560	2.629831	5.292649
87	34	2.168259	0.566853	2.976409	5.711521
87	35	2.168259	0.500339	2.316430	4.985028
87	36	2.168259	0.433932	1.657509	4.259700
87	37	2.168259	0.574921	3.056465	5.799645
87	38	2.168259	0.541501	2.724861	5.434621
87	39	2.168259	0.576002	3.067189	5.811449
87	40	2.168259	0.521989	2.531253	5.221501
87	41	2.168259	0.499581	2.308905	4.976745
87	42	2.168259	0.503141	2.344234	5.015634
87	43	2.168259	0.529333	2.604119	5.301711
87	44	2.168259	0.576002	3.067189	5.811449
87	45	2.168259	0.506309	2.375663	5.050230
87	46	2.168259	0.540650	2.716413	5.425321
87	47	2.168259	0.428266	1.601286	4.197810
87	48	2.168259	0.428266	1.601286	4.197810
87	49	2.168259	0.566107	2.969012	5.703378
87	50	2.168259	0.647864	3.780245	6.596367
87	51	2.168259	0.544062	2.750272	5.462593
87	52	2.168259	0.461806	1.934082	4.564147
87	53	2.168259	0.516229	2.474094	5.158581
87	54	2.168259	0.433932	1.657509	4.259700
87	55	2.168259	0.516229	2.474094	5.158581
87	56	2.168259	0.433932	1.657509	4.259700
87	57	2.168259	0.503141	2.344234	5.015634
87	58	2.168259	0.563695	2.945073	5.677026
87	59	2.168259	0.479213	2.106809	4.754281
87	60	2.168259	0.506914	2.381665	5.056837
87	61	2.168259	0.453531	2.328651	4.950441
87	62	2.168259	0.541501	2.724861	5.434621
87	63	2.168259	0.611845	3.528775	6.308878
87	64	2.168259	0.493655	2.250109	4.912023
87	65	2.168259	0.516229	2.474094	5.158581
87	66	2.168259	0.593992	3.245704	6.007955
87	67	2.168259	0.537774	2.687872	5.393905
87	68	2.168259	0.574921	3.056465	5.799645
87	69	2.168259	0.557266	2.881283	5.606807
87	70	2.168259	0.541501	2.724861	5.434621
87	71	2.168259	0.571734	3.024849	5.764842
87	72	2.168259	0.477331	2.088128	4.733717
87	73	2.168259	0.564646	2.954510	5.687414
87	74	2.168259	0.494560	2.629831	5.292649
87	75	2.168259	0.544280	2.752435	5.464974
87	76	2.168259	0.564646	2.954510	5.687414
87	77	2.168259	0.589780	3.203906	5.961945
87	78	2.168259	0.487366	2.187699	4.843324
87	79	2.168259	0.501247	2.325435	4.994941
87	80	2.168259	0.566853	2.976409	5.711521
87	81	2.168259	0.611845	3.528775	6.308878
87	82	2.168259	0.596841	3.273969	6.039069
87	83	2.168259	0.647864	3.780245	6.596367
87	84	2.168259	0.502494	2.337815	5.008569
87	85	2.168259	0.485307	2.167270	4.820836
87	86	2.168259	0.452704	1.843769	4.464732
87	87	2.168259	0.531412	2.624751	5.324421
87	88	2.168259	0.615330	3.457424	6.241013
87	89	2.168259	0.487005	2.184124	4.839388
87	90	2.168259	0.514053	2.452507	5.134819
87	91	2.168259	0.485307	2.167270	4.820836
87	92	2.168259	0.561522	2.923515	5.653295
87	93	2.168259	0.487366	2.187699	4.843324
87	94	2.168259	0.541501	2.724861	5.434621
87	95	2.168259	0.425239	1.571247	4.164744
87	96	2.168259	0.470173	2.017105	4.655536
87	97	2.168259	0.578740	3.200292	5.947291
87	98	2.168259	0.536812	2.678334	5.383405
87	99	2.168259	0.571481	3.022336	5.762075
88	0	2.298218	0.540446	2.873278	5.711942
88	1	2.298218	0.566892	2.976803	5.841913
88	2	2.298218	0.453255	1.849240	4.600714
88	3	2.298218	0.522324	2.534575	5.355117
88	4	2.298218	0.467168	1.987286	4.752672
88	5	2.298218	0.555303	2.861805	5.715326
88	6	2.298218	0.634973	3.652331	6.585521
88	7	2.298218	0.535082	2.873023	5.706324
88	8	2.298218	0.485534	2.169523	4.953275
88	9	2.298218	0.499105	2.304181	5.101503
88	10	2.298218	0.501418	2.327137	5.126774
88	11	2.298218	0.467168	1.987286	4.752672
88	12	2.298218	0.482519	2.139612	4.920350
88	13	2.298218	0.467168	1.987286	4.752672
88	14	2.298218	0.611714	3.421547	6.331479
88	15	2.298218	0.462052	1.936520	4.696790
88	16	2.298218	0.571895	3.026439	5.896551
88	17	2.298218	0.576802	3.286987	6.162007
88	18	2.298218	0.549508	2.804305	5.652031
88	19	2.298218	0.565033	2.958352	5.821603
88	20	2.298218	0.485534	2.169523	4.953275
88	21	2.298218	0.515806	2.469901	5.283925
88	22	2.298218	0.536909	2.679290	5.514417
88	23	2.298218	0.486244	2.176566	4.961028
88	24	2.298218	0.464347	1.959299	4.721864
88	25	2.298218	0.506169	2.374277	5.178664
88	26	2.298218	0.472258	2.037797	4.808273
88	27	2.298218	0.565033	2.958352	5.821603
88	28	2.298218	0.509760	2.409912	5.217891
88	29	2.298218	0.453255	1.849240	4.600714
88	30	2.298218	0.457439	1.890750	4.646407
88	31	2.298218	0.582873	3.135370	6.016461
88	32	2.298218	0.466215	1.977834	4.742267
88	33	2.298218	0.504214	2.354881	5.157313
88	34	2.298218	0.428139	2.288548	5.014905
88	35	2.298218	0.419788	1.517163	4.235169
88	36	2.298218	0.486244	2.176566	4.961028
88	37	2.298218	0.535378	2.875954	5.709550
88	38	2.298218	0.521975	2.531115	5.351308
88	39	2.298218	0.524874	2.930619	5.753711
88	40	2.298218	0.546305	2.772523	5.617046
88	41	2.298218	0.486244	2.176566	4.961028
88	42	2.298218	0.513335	2.445382	5.256935
88	43	2.298218	0.589847	3.204570	6.092635
88	44	2.298218	0.464347	1.959299	4.721864
88	45	2.298218	0.486244	2.176566	4.961028
88	46	2.298218	0.482519	2.139612	4.920350
88	47	2.298218	0.495900	2.272378	5.066495
88	48	2.298218	0.565033	2.958352	5.821603
88	49	2.298218	0.493236	2.245945	5.037399
88	50	2.298218	0.469026	2.005725	4.772969
88	51	2.298218	0.484269	2.156972	4.939459
88	52	2.298218	0.557710	2.885689	5.741617
88	53	2.298218	0.543251	2.742222	5.583691
88	54	2.298218	0.519807	2.509601	5.327627
88	55	2.298218	0.593780	3.349528	6.241527
88	56	2.298218	0.575284	3.060071	5.933574
88	57	2.298218	0.509760	2.409912	5.217891
88	58	2.298218	0.453255	1.849240	4.600714
88	59	2.298218	0.453255	1.849240	4.600714
88	60	2.298218	0.486244	2.176566	4.961028
88	61	2.298218	0.552228	2.831300	5.681747
88	62	2.298218	0.516005	2.471874	5.286097
88	63	2.298218	0.438431	1.702149	4.438799
88	64	2.298218	0.516005	2.471874	5.286097
88	65	2.298218	0.573690	3.044256	5.916164
88	66	2.298218	0.457439	1.890750	4.646407
88	67	2.298218	0.501379	2.326744	5.126341
88	68	2.298218	0.589847	3.204570	6.092635
88	69	2.298218	0.466215	1.977834	4.742267
88	70	2.298218	0.551771	2.826765	5.676754
88	71	2.298218	0.571069	3.018249	5.887536
88	72	2.298218	0.576802	3.286987	6.162007
88	73	2.298218	0.467168	1.987286	4.752672
88	74	2.298218	0.634973	3.652331	6.585521
88	75	2.298218	0.540222	2.712170	5.550610
88	76	2.298218	0.516005	2.471874	5.286097
88	77	2.298218	0.484269	2.156972	4.939459
88	78	2.298218	0.506483	2.695173	5.499874
88	79	2.298218	0.509760	2.409912	5.217891
88	80	2.298218	0.509855	2.516774	5.324847
88	81	2.298218	0.469026	2.005725	4.772969
88	82	2.298218	0.479467	2.109329	4.887014
88	83	2.298218	0.567941	2.987206	5.853365
88	84	2.298218	0.464347	1.959299	4.721864
88	85	2.298218	0.490371	2.217522	5.006111
88	86	2.298218	0.462052	1.936520	4.696790
88	87	2.298218	0.576690	3.074024	5.948932
88	88	2.298218	0.466215	1.977834	4.742267
88	89	2.298218	0.566892	2.976803	5.841913
88	90	2.298218	0.504214	2.354881	5.157313
88	91	2.298218	0.543251	2.742222	5.583691
88	92	2.298218	0.474181	2.056879	4.829279
88	93	2.298218	0.442866	1.746151	4.487235
88	94	2.298218	0.442866	1.746151	4.487235
88	95	2.298218	0.593051	3.236366	6.127636
88	96	2.298218	0.576690	3.074024	5.948932
88	97	2.298218	0.442866	1.746151	4.487235
88	98	2.298218	0.627456	3.577748	6.503422
88	99	2.298218	0.551771	2.826765	5.676754
89	0	2.183082	0.549518	2.804404	5.537003
89	1	2.183082	0.546346	2.984783	5.714211
89	2	2.183082	0.563449	2.942634	5.689164
89	3	2.183082	0.406097	2.122800	4.711978
89	4	2.183082	0.543479	2.744481	5.471041
89	5	2.183082	0.490603	2.219819	4.893503
89	6	2.183082	0.541990	2.729710	5.454781
89	7	2.183082	0.425843	1.577241	4.186166
89	8	2.183082	0.476491	2.079800	4.739373
89	9	2.183082	0.518129	2.492949	5.194160
89	10	2.183082	0.521124	2.522667	5.226872
89	11	2.183082	0.577443	3.081492	5.842016
89	12	2.183082	0.493047	2.244070	4.920198
89	13	2.183082	0.501654	2.329474	5.014210
89	14	2.183082	0.490059	2.214424	4.887564
89	15	2.183082	0.473746	2.052554	4.709381
89	16	2.183082	0.560698	2.915338	5.659117
89	17	2.183082	0.539196	2.701987	5.424265
89	18	2.183082	0.503863	2.351395	5.038340
89	19	2.183082	0.531365	2.677248	5.391695
89	20	2.183082	0.425843	1.577241	4.186166
89	21	2.183082	0.483470	2.149050	4.815602
89	22	2.183082	0.490603	2.219819	4.893503
89	23	2.183082	0.502923	2.342069	5.028074
89	24	2.183082	0.552235	2.831364	5.566681
89	25	2.183082	0.483470	2.149050	4.815602
89	26	2.183082	0.563449	2.942634	5.689164
89	27	2.183082	0.571355	3.021082	5.775519
89	28	2.183082	0.420041	1.519671	4.122794
89	29	2.183082	0.560326	2.911648	5.655056
89	30	2.183082	0.502923	2.342069	5.028074
89	31	2.183082	0.546728	2.935610	5.665419
89	32	2.183082	0.561595	2.924236	5.668912
89	33	2.183082	0.483674	2.151071	4.817827
89	34	2.183082	0.518129	2.492949	5.194160
89	35	2.183082	0.597160	3.277137	6.057379
89	36	2.183082	0.420041	1.519671	4.122794
89	37	2.183082	0.479775	2.112380	4.775237
89	38	2.183082	0.445832	1.775582	4.404496
89	39	2.183082	0.636531	3.667797	6.487410
89	40	2.183082	0.433769	1.655886	4.272737
89	41	2.183082	0.625637	3.559700	6.368418
89	42	2.183082	0.505243	2.365091	5.053415
89	43	2.183082	0.518129	2.492949	5.194160
89	44	2.183082	0.495670	2.270102	4.948854
89	45	2.183082	0.541990	2.729710	5.454781
89	46	2.183082	0.512598	2.438068	5.133747
89	47	2.183082	0.559860	2.907023	5.649964
89	48	2.183082	0.597160	3.277137	6.057379
89	49	2.183082	0.490059	2.214424	4.887564
89	50	2.183082	0.561595	2.924236	5.668912
89	51	2.183082	0.480798	2.122529	4.786408
89	52	2.183082	0.495031	2.263756	4.941868
89	53	2.183082	0.473746	2.052554	4.709381
89	54	2.183082	0.554386	2.852704	5.590171
89	55	2.183082	0.585658	3.215966	5.984706
89	56	2.183082	0.501654	2.329474	5.014210
89	57	2.183082	0.552987	2.838830	5.574899
89	58	2.183082	0.559860	2.907023	5.649964
89	59	2.183082	0.549518	2.804404	5.537003
89	60	2.183082	0.495670	2.270102	4.948854
89	61	2.183082	0.561595	2.924236	5.668912
89	62	2.183082	0.483470	2.149050	4.815602
89	63	2.183082	0.497532	2.288578	4.969191
89	64	2.183082	0.554386	2.852704	5.590171
89	65	2.183082	0.420041	1.519671	4.122794
89	66	2.183082	0.611879	3.529106	6.324066
89	67	2.183082	0.577443	3.081492	5.842016
89	68	2.183082	0.597160	3.277137	6.057379
89	69	2.183082	0.425843	1.577241	4.186166
89	70	2.183082	0.479775	2.112380	4.775237
89	71	2.183082	0.592311	3.229022	6.004414
89	72	2.183082	0.549518	2.804404	5.537003
89	73	2.183082	0.495670	2.270102	4.948854
89	74	2.183082	0.552987	2.838830	5.574899
89	75	2.183082	0.560203	2.910429	5.653713
89	76	2.183082	0.495031	2.263756	4.941868
89	77	2.183082	0.543479	2.744481	5.471041
89	78	2.183082	0.542407	2.733851	5.459340
89	79	2.183082	0.597160	3.277137	6.057379
89	80	2.183082	0.587748	3.183742	5.954571
89	81	2.183082	0.476491	2.079800	4.739373
89	82	2.183082	0.531045	2.621110	5.335236
89	83	2.183082	0.539196	2.701987	5.424265
89	84	2.183082	0.567931	3.251931	6.002944
89	85	2.183082	0.490603	2.219819	4.893503
89	86	2.183082	0.518129	2.492949	5.194160
89	87	2.183082	0.614021	3.497401	6.294503
89	88	2.183082	0.554386	2.852704	5.590171
89	89	2.183082	0.531045	2.621110	5.335236
89	90	2.183082	0.594585	3.251582	6.029249
89	91	2.183082	0.561595	2.924236	5.668912
89	92	2.183082	0.503863	2.351395	5.038340
89	93	2.183082	0.594585	3.251582	6.029249
89	94	2.183082	0.544232	2.751956	5.479269
89	95	2.183082	0.480798	2.122529	4.786408
89	96	2.183082	0.501013	2.693862	5.377957
89	97	2.183082	0.433769	1.655886	4.272737
89	98	2.183082	0.486682	2.604622	5.274385
89	99	2.183082	0.549518	2.804404	5.537003
90	0	2.343185	0.495700	2.270397	5.109282
90	1	2.343185	0.601731	3.375449	6.320364
90	2	2.343185	0.492993	2.243533	5.079711
90	3	2.343185	0.545174	2.761302	5.649661
90	4	2.343185	0.494106	2.254576	5.091867
90	5	2.343185	0.541288	2.722742	5.607215
90	6	2.343185	0.501967	2.332577	5.177729
90	7	2.343185	0.559011	2.898602	5.800798
90	8	2.343185	0.512719	2.704087	5.559991
90	9	2.343185	0.523791	2.549126	5.416102
90	10	2.343185	0.500068	2.313734	5.156987
90	11	2.343185	0.528826	2.599092	5.471104
90	12	2.343185	0.601731	3.375449	6.320364
90	13	2.343185	0.533964	2.650069	5.527218
90	14	2.343185	0.587651	3.182783	6.113620
90	15	2.343185	0.501967	2.332577	5.177729
90	16	2.343185	0.491679	2.230495	5.065359
90	17	2.343185	0.556989	2.878539	5.778714
90	18	2.343185	0.537881	2.688940	5.570007
90	19	2.343185	0.559011	2.898602	5.800798
90	20	2.343185	0.624606	3.549467	6.517258
90	21	2.343185	0.494106	2.254576	5.091867
90	22	2.343185	0.488620	2.464961	5.296766
90	23	2.343185	0.608179	3.386466	6.337830
90	24	2.343185	0.579943	3.106301	6.029429
90	25	2.343185	0.541473	2.883475	5.768134
90	26	2.343185	0.545174	2.761302	5.649661
90	27	2.343185	0.539977	2.709740	5.592902
90	28	2.343185	0.524712	2.558272	5.426170
90	29	2.343185	0.504030	2.353053	5.200269
90	30	2.343185	0.534848	2.658845	5.536879
90	31	2.343185	0.485309	2.167288	4.995782
90	32	2.343185	0.579943	3.106301	6.029429
90	33	2.343185	0.496313	2.276483	5.115982
90	34	2.343185	0.544168	2.751316	5.638669
90	35	2.343185	0.490733	2.221110	5.055029
90	36	2.343185	0.475604	2.070994	4.889783
90	37	2.343185	0.482221	2.136656	4.962063
90	38	2.343185	0.500068	2.313734	5.156987
90	39	2.343185	0.432965	1.647910	4.424060
90	40	2.343185	0.432965	1.647910	4.424060
90	41	2.343185	0.494941	2.262867	5.100993
90	42	2.343185	0.491767	2.813971	5.648923
90	43	2.343185	0.526184	2.572876	5.442246
90	44	2.343185	0.561275	2.921063	5.825523
90	45	2.343185	0.482221	2.136656	4.962063
90	46	2.343185	0.467819	1.993746	4.804751
90	47	2.343185	0.516871	2.639362	5.499419
90	48	2.343185	0.550836	2.817485	5.711506
90	49	2.343185	0.489105	2.204955	5.037245
90	50	2.343185	0.504030	2.353053	5.200269
90	51	2.343185	0.538686	3.014706	5.896577
90	52	2.343185	0.437309	1.691012	4.471506
90	53	2.343185	0.576607	3.073194	5.992986
90	54	2.343185	0.537243	2.682606	5.563034
90	55	2.343185	0.516871	2.639362	5.499419
90	56	2.343185	0.565450	2.962494	5.871130
90	57	2.343185	0.501989	2.332796	5.177970
90	58	2.343185	0.528826	2.599092	5.471104
90	59	2.343185	0.495700	2.270397	5.109282
90	60	2.343185	0.500068	2.313734	5.156987
90	61	2.343185	0.537243	2.682606	5.563034
90	62	2.343185	0.601526	3.320451	6.265162
90	63	2.343185	0.556989	2.878539	5.778714
90	64	2.343185	0.569486	3.002534	5.915205
90	65	2.343185	0.461950	1.935510	4.740645
90	66	2.343185	0.499612	2.309213	5.152010
90	67	2.343185	0.539977	2.709740	5.592902
90	68	2.343185	0.562375	2.931985	5.837546
90	69	2.343185	0.489105	2.204955	5.037245
90	70	2.343185	0.526184	2.572876	5.442246
90	71	2.343185	0.576607	3.073194	5.992986
90	72	2.343185	0.562375	2.931985	5.837546
90	73	2.343185	0.488880	2.202728	5.034794
90	74	2.343185	0.425654	1.575363	4.344202
90	75	2.343185	0.425654	1.575363	4.344202
90	76	2.343185	0.461950	1.935510	4.740645
90	77	2.343185	0.407965	1.399847	4.150998
90	78	2.343185	0.544168	2.751316	5.638669
90	79	2.343185	0.570224	3.009860	5.923269
90	80	2.343185	0.489105	2.204955	5.037245
90	81	2.343185	0.494941	2.262867	5.100993
90	82	2.343185	0.467819	1.993746	4.804751
90	83	2.343185	0.475604	2.070994	4.889783
90	84	2.343185	0.461281	1.928873	4.733339
90	85	2.343185	0.561275	2.921063	5.825523
90	86	2.343185	0.529214	2.602945	5.475344
90	87	2.343185	0.537881	2.688940	5.570007
90	88	2.343185	0.561275	2.921063	5.825523
90	89	2.343185	0.499612	2.309213	5.152010
90	90	2.343185	0.565450	2.962494	5.871130
90	91	2.343185	0.461281	1.928873	4.733339
90	92	2.343185	0.524712	2.558272	5.426170
90	93	2.343185	0.523791	2.549126	5.416102
90	94	2.343185	0.576607	3.073194	5.992986
90	95	2.343185	0.584638	3.152889	6.080713
90	96	2.343185	0.620624	3.509960	6.473770
90	97	2.343185	0.482221	2.136656	4.962063
90	98	2.343185	0.407965	1.399847	4.150998
90	99	2.343185	0.562909	3.096174	6.002268
91	0	2.146042	0.593785	3.243643	5.983469
91	1	2.146042	0.484797	2.162210	4.793049
91	2	2.146042	0.492048	2.234164	4.872254
91	3	2.146042	0.499092	2.304057	4.949191
91	4	2.146042	0.552095	2.829973	5.528109
91	5	2.146042	0.574202	3.049329	5.769572
91	6	2.146042	0.544939	2.758968	5.449948
91	7	2.146042	0.490191	2.215731	4.851964
91	8	2.146042	0.496298	2.276330	4.918669
91	9	2.146042	0.413488	1.454646	4.014175
91	10	2.146042	0.537833	2.688463	5.372338
91	11	2.146042	0.537833	2.688463	5.372338
91	12	2.146042	0.530724	2.829782	5.506548
91	13	2.146042	0.429627	1.614791	4.190460
91	14	2.146042	0.561625	2.924537	5.632204
91	15	2.146042	0.561625	2.924537	5.632204
91	16	2.146042	0.582382	3.130504	5.858928
91	17	2.146042	0.421415	2.062944	4.630401
91	18	2.146042	0.579526	3.102158	5.827725
91	19	2.146042	0.608602	3.390662	6.145305
91	20	2.146042	0.478262	2.627001	5.251304
91	21	2.146042	0.555350	2.862269	5.563661
91	22	2.146042	0.555350	2.862269	5.563661
91	23	2.146042	0.538537	2.695449	5.380028
91	24	2.146042	0.506821	2.380747	5.033609
91	25	2.146042	0.450822	1.825099	4.421963
91	26	2.146042	0.495214	2.265570	4.906825
91	27	2.146042	0.521613	2.527517	5.195172
91	28	2.146042	0.558250	3.049940	5.754232
91	29	2.146042	0.558251	2.891058	5.595351
91	30	2.146042	0.593785	3.243643	5.983469
91	31	2.146042	0.492082	2.234502	4.872627
91	32	2.146042	0.586647	3.331707	6.064395
91	33	2.146042	0.521576	2.527155	5.194773
91	34	2.146042	0.506624	2.378787	5.031452
91	35	2.146042	0.451115	1.828005	4.425162
91	36	2.146042	0.516074	2.472553	5.134669
91	37	2.146042	0.451971	2.419101	5.017114
91	38	2.146042	0.498494	2.298117	4.942652
91	39	2.146042	0.558251	2.891058	5.595351
91	40	2.146042	0.532090	2.631480	5.309612
91	41	2.146042	0.544939	2.758968	5.449948
91	42	2.146042	0.541257	2.722432	5.409730
91	43	2.146042	0.499092	2.304057	4.949191
91	44	2.146042	0.597134	3.276877	6.020053
91	45	2.146042	0.559516	2.903610	5.609168
91	46	2.146042	0.537047	2.680659	5.363747
91	47	2.146042	0.582382	3.130504	5.858928
91	48	2.146042	0.544400	2.753623	5.444065
91	49	2.146042	0.537047	2.680659	5.363747
91	50	2.146042	0.550140	2.810574	5.506755
91	51	2.146042	0.574500	3.052288	5.772829
91	52	2.146042	0.507994	2.392382	5.046417
91	53	2.146042	0.499092	2.304057	4.949191
91	54	2.146042	0.594055	3.246324	5.986420
91	55	2.146042	0.532090	2.631480	5.309612
91	56	2.146042	0.537047	2.680659	5.363747
91	57	2.146042	0.496298	2.276330	4.918669
91	58	2.146042	0.550140	2.810574	5.506755
91	59	2.146042	0.492874	2.242358	4.881274
91	60	2.146042	0.496102	2.274387	4.916531
91	61	2.146042	0.499092	2.304057	4.949191
91	62	2.146042	0.498494	2.298117	4.942652
91	63	2.146042	0.552095	2.829973	5.528109
91	64	2.146042	0.614587	3.450052	6.210680
91	65	2.146042	0.550140	2.810574	5.506755
91	66	2.146042	0.527472	2.585652	5.259166
91	67	2.146042	0.541482	2.724667	5.412190
91	68	2.146042	0.500213	2.315175	4.961430
91	69	2.146042	0.506821	2.380747	5.033609
91	70	2.146042	0.555350	2.862269	5.563661
91	71	2.146042	0.484797	2.162210	4.793049
91	72	2.146042	0.532090	2.631480	5.309612
91	73	2.146042	0.496298	2.276330	4.918669
91	74	2.146042	0.594055	3.246324	5.986420
91	75	2.146042	0.579526	3.102158	5.827725
91	76	2.146042	0.498494	2.298117	4.942652
91	77	2.146042	0.413488	1.454646	4.014175
91	78	2.146042	0.532000	2.630580	5.308621
91	79	2.146042	0.475066	2.065658	4.686766
91	80	2.146042	0.593785	3.243643	5.983469
91	81	2.146042	0.504402	2.356743	5.007186
91	82	2.146042	0.616793	3.471947	6.234782
91	83	2.146042	0.544400	2.753623	5.444065
91	84	2.146042	0.560120	2.909601	5.615762
91	85	2.146042	0.600035	3.358622	6.104698
91	86	2.146042	0.516074	2.472553	5.134669
91	87	2.146042	0.579526	3.102158	5.827725
91	88	2.146042	0.473666	2.687329	5.307037
91	89	2.146042	0.597134	3.276877	6.020053
91	90	2.146042	0.450822	1.825099	4.421963
91	91	2.146042	0.574500	3.052288	5.772829
91	92	2.146042	0.584261	3.149140	5.879442
91	93	2.146042	0.543051	2.740237	5.429329
91	94	2.146042	0.614587	3.450052	6.210680
91	95	2.146042	0.548297	2.898222	5.592561
91	96	2.146042	0.527614	2.587069	5.260725
91	97	2.146042	0.543051	2.740237	5.429329
91	98	2.146042	0.450822	1.825099	4.421963
91	99	2.146042	0.584261	3.149140	5.879442
92	0	2.359957	0.565220	2.960211	5.885389
92	1	2.359957	0.478593	2.100650	4.939200
92	2	2.359957	0.565735	2.965315	5.891007
92	3	2.359957	0.484418	2.158453	5.002829
92	4	2.359957	0.428217	1.600795	4.388969
92	5	2.359957	0.463443	1.950332	4.773733
92	6	2.359957	0.563931	2.947416	5.871304
92	7	2.359957	0.544215	2.751790	5.655963
92	8	2.359957	0.570433	3.011939	5.942329
92	9	2.359957	0.568784	2.995574	5.924315
92	10	2.359957	0.528338	2.594250	5.482545
92	11	2.359957	0.602035	3.325511	6.287504
92	12	2.359957	0.563931	2.947416	5.871304
92	13	2.359957	0.554441	3.118076	6.032475
92	14	2.359957	0.512509	2.543113	5.415580
92	15	2.359957	0.570433	3.011939	5.942329
92	16	2.359957	0.452484	1.841584	4.654025
92	17	2.359957	0.551923	2.828271	5.740151
92	18	2.359957	0.482647	2.140879	4.983484
92	19	2.359957	0.504037	2.353120	5.217114
92	20	2.359957	0.499254	2.305664	5.164876
92	21	2.359957	0.504037	2.353120	5.217114
92	22	2.359957	0.477490	2.089710	4.927158
92	23	2.359957	0.463443	1.950332	4.773733
92	24	2.359957	0.443447	1.751914	4.555318
92	25	2.359957	0.562035	2.928608	5.850600
92	26	2.359957	0.542032	2.730125	5.632114
92	27	2.359957	0.527825	2.589159	5.476941
92	28	2.359957	0.470078	2.016168	4.846204
92	29	2.359957	0.544215	2.751790	5.655963
92	30	2.359957	0.528338	2.594250	5.482545
92	31	2.359957	0.522022	2.743435	5.625414
92	32	2.359957	0.536396	2.674203	5.570556
92	33	2.359957	0.578769	3.094653	6.033380
92	34	2.359957	0.569234	3.000040	5.929231
92	35	2.359957	0.503998	2.352737	5.216693
92	36	2.359957	0.489779	2.211644	5.061380
92	37	2.359957	0.493286	2.246442	5.099685
92	38	2.359957	0.567769	2.985505	5.913232
92	39	2.359957	0.535243	2.662765	5.557966
92	40	2.359957	0.462743	1.943385	4.766086
92	41	2.359957	0.546906	3.149235	6.056098
92	42	2.359957	0.493085	2.244452	5.097495
92	43	2.359957	0.513696	2.448966	5.322619
92	44	2.359957	0.491607	2.600526	5.452090
92	45	2.359957	0.524256	2.553744	5.437958
92	46	2.359957	0.527825	2.589159	5.476941
92	47	2.359957	0.569234	3.000040	5.929231
92	48	2.359957	0.564054	2.948640	5.872652
92	49	2.359957	0.567769	2.985505	5.913232
92	50	2.359957	0.470078	2.016168	4.846204
92	51	2.359957	0.556331	2.872012	5.788301
92	52	2.359957	0.568363	3.044356	5.972676
92	53	2.359957	0.517414	2.485856	5.363228
92	54	2.359957	0.569234	3.000040	5.929231
92	55	2.359957	0.536125	2.989295	5.885377
92	56	2.359957	0.554441	3.118076	6.032475
92	57	2.359957	0.496581	2.279137	5.135675
92	58	2.359957	0.549550	2.804728	5.714236
92	59	2.359957	0.581395	3.120710	6.062063
92	60	2.359957	0.571119	3.018742	5.949819
92	61	2.359957	0.426665	1.585400	4.372023
92	62	2.359957	0.463443	1.950332	4.773733
92	63	2.359957	0.594628	3.516834	6.471419
92	64	2.359957	0.524786	2.559003	5.443747
92	65	2.359957	0.426665	1.585400	4.372023
92	66	2.359957	0.551923	2.828271	5.740151
92	67	2.359957	0.452484	1.841584	4.654025
92	68	2.359957	0.602035	3.325511	6.287504
92	69	2.359957	0.481760	2.132082	4.973800
92	70	2.359957	0.517139	2.483129	5.360226
92	71	2.359957	0.426665	1.585400	4.372023
92	72	2.359957	0.426665	1.585400	4.372023
92	73	2.359957	0.499254	2.305664	5.164876
92	74	2.359957	0.507788	2.390340	5.258086
92	75	2.359957	0.563931	2.947416	5.871304
92	76	2.359957	0.501303	2.325989	5.187249
92	77	2.359957	0.477379	2.088608	4.925945
92	78	2.359957	0.493085	2.244452	5.097495
92	79	2.359957	0.496581	2.279137	5.135675
92	80	2.359957	0.535243	2.662765	5.557966
92	81	2.359957	0.605997	3.364824	6.330779
92	82	2.359957	0.477379	2.088608	4.925945
92	83	2.359957	0.544215	2.751790	5.655963
92	84	2.359957	0.571432	3.286664	6.218053
92	85	2.359957	0.565220	2.960211	5.885389
92	86	2.359957	0.614461	3.448804	6.423223
92	87	2.359957	0.522232	2.533661	5.415851
92	88	2.359957	0.567769	2.985505	5.913232
92	89	2.359957	0.623732	3.540793	6.524482
92	90	2.359957	0.489779	2.211644	5.061380
92	91	2.359957	0.552329	2.832301	5.744588
92	92	2.359957	0.552329	2.832301	5.744588
92	93	2.359957	0.501303	2.325989	5.187249
92	94	2.359957	0.496581	2.279137	5.135675
92	95	2.359957	0.527825	2.589159	5.476941
92	96	2.359957	0.478593	2.100650	4.939200
92	97	2.359957	0.508390	2.396311	5.264658
92	98	2.359957	0.522232	2.533661	5.415851
92	99	2.359957	0.565220	2.960211	5.885389
93	0	2.222129	0.574432	3.051619	5.848179
93	1	2.222129	0.606270	3.367528	6.195926
93	2	2.222129	0.543644	2.746117	5.511889
93	3	2.222129	0.584037	3.146917	5.953083
93	4	2.222129	0.545567	3.135947	5.903642
93	5	2.222129	0.530478	2.615486	5.368093
93	6	2.222129	0.611050	3.520885	6.354063
93	7	2.222129	0.543644	2.746117	5.511889
93	8	2.222129	0.522329	2.534619	5.279076
93	9	2.222129	0.549460	2.803827	5.575416
93	10	2.222129	0.522329	2.534619	5.279076
93	11	2.222129	0.550075	2.809935	5.582139
93	12	2.222129	0.460504	1.921165	4.603798
93	13	2.222129	0.570476	3.012359	5.804963
93	14	2.222129	0.577959	3.086612	5.886700
93	15	2.222129	0.536350	2.673746	5.432225
93	16	2.222129	0.522922	2.540503	5.285553
93	17	2.222129	0.506748	2.380023	5.108900
93	18	2.222129	0.570171	3.009340	5.801640
93	19	2.222129	0.451911	1.835901	4.509941
93	20	2.222129	0.509779	2.410092	5.141999
93	21	2.222129	0.477665	2.091441	4.791234
93	22	2.222129	0.444655	1.763902	4.430685
93	23	2.222129	0.584037	3.146917	5.953083
93	24	2.222129	0.574432	3.051619	5.848179
93	25	2.222129	0.507572	2.388196	5.117896
93	26	2.222129	0.507572	2.388196	5.117896
93	27	2.222129	0.437791	1.695791	4.355710
93	28	2.222129	0.493475	2.248322	4.963926
93	29	2.222129	0.517387	2.644481	5.383997
93	30	2.222129	0.551840	2.827449	5.601418
93	31	2.222129	0.606270	3.367528	6.195926
93	32	2.222129	0.562598	3.146047	5.930773
93	33	2.222129	0.444655	1.763902	4.430685
93	34	2.222129	0.437791	1.695791	4.355710
93	35	2.222129	0.513484	2.764644	5.500257
93	36	2.222129	0.536667	2.676893	5.435689
93	37	2.222129	0.502894	2.341781	5.066804
93	38	2.222129	0.527399	2.584930	5.334457
93	39	2.222129	0.477972	2.094488	4.794588
93	40	2.222129	0.523798	2.549199	5.295126
93	41	2.222129	0.535224	2.662575	5.419928
93	42	2.222129	0.515085	2.462744	5.199958
93	43	2.222129	0.527399	2.584930	5.334457
93	44	2.222129	0.568015	2.987945	5.778089
93	45	2.222129	0.572764	3.088024	5.882916
93	46	2.222129	0.427837	1.597024	4.246990
93	47	2.222129	0.437791	1.695791	4.355710
93	48	2.222129	0.427837	1.597024	4.246990
93	49	2.222129	0.512100	2.433129	5.167357
93	50	2.222129	0.555472	3.075340	5.852941
93	51	2.222129	0.499838	2.311458	5.033424
93	52	2.222129	0.502894	2.341781	5.066804
93	53	2.222129	0.437791	1.695791	4.355710
93	54	2.222129	0.413081	1.450612	4.085822
93	55	2.222129	0.523798	2.549199	5.295126
93	56	2.222129	0.583229	3.138904	5.944262
93	57	2.222129	0.444655	1.763902	4.430685
93	58	2.222129	0.440389	1.721569	4.384086
93	59	2.222129	0.611050	3.520885	6.354063
93	60	2.222129	0.550075	2.809935	5.582139
93	61	2.222129	0.543644	2.746117	5.511889
93	62	2.222129	0.607373	3.378477	6.207979
93	63	2.222129	0.616220	3.466252	6.304600
93	64	2.222129	0.521121	2.522641	5.265891
93	65	2.222129	0.477972	2.094488	4.794588
93	66	2.222129	0.576423	3.071368	5.869919
93	67	2.222129	0.567886	2.986658	5.776672
93	68	2.222129	0.577959	3.086612	5.886700
93	69	2.222129	0.498793	2.301085	5.022006
93	70	2.222129	0.523798	2.549199	5.295126
93	71	2.222129	0.487052	2.184591	4.893772
93	72	2.222129	0.513484	2.764644	5.500257
93	73	2.222129	0.623263	3.536145	6.381537
93	74	2.222129	0.491000	2.223757	4.936885
93	75	2.222129	0.532819	2.850568	5.605516
93	76	2.222129	0.444655	1.763902	4.430685
93	77	2.222129	0.590840	3.214419	6.027387
93	78	2.222129	0.583229	3.138904	5.944262
93	79	2.222129	0.498793	2.301085	5.022006
93	80	2.222129	0.595419	3.259862	6.077409
93	81	2.222129	0.567886	2.986658	5.776672
93	82	2.222129	0.499838	2.311458	5.033424
93	83	2.222129	0.444655	1.763902	4.430685
93	84	2.222129	0.616220	3.466252	6.304600
93	85	2.222129	0.451911	1.835901	4.509941
93	86	2.222129	0.570476	3.012359	5.804963
93	87	2.222129	0.571383	3.021358	5.814869
93	88	2.222129	0.522329	2.534619	5.279076
93	89	2.222129	0.552397	2.832971	5.607496
93	90	2.222129	0.583229	3.138904	5.944262
93	91	2.222129	0.427837	1.597024	4.246990
93	92	2.222129	0.552397	2.832971	5.607496
93	93	2.222129	0.576423	3.071368	5.869919
93	94	2.222129	0.499838	2.311458	5.033424
93	95	2.222129	0.522606	2.537368	5.282102
93	96	2.222129	0.536350	2.673746	5.432225
93	97	2.222129	0.490059	2.214428	4.926616
93	98	2.222129	0.451911	1.835901	4.509941
93	99	2.222129	0.487052	2.184591	4.893772
94	0	2.207332	0.447343	1.790573	4.445248
94	1	2.207332	0.539000	2.700042	5.446374
94	2	2.207332	0.529506	2.605841	5.342679
94	3	2.207332	0.463142	1.947336	4.617809
94	4	2.207332	0.538252	2.692617	5.438201
94	5	2.207332	0.459174	1.907972	4.574478
94	6	2.207332	0.593150	3.237349	6.037831
94	7	2.207332	0.550336	2.812523	5.570191
94	8	2.207332	0.549314	2.802384	5.559030
94	9	2.207332	0.481090	2.125431	4.813854
94	10	2.207332	0.424902	1.567907	4.200141
94	11	2.207332	0.424902	1.567907	4.200141
94	12	2.207332	0.470711	2.022448	4.700491
94	13	2.207332	0.571245	3.072952	5.851528
94	14	2.207332	0.483299	2.147352	4.837984
94	15	2.207332	0.511469	2.744649	5.463450
94	16	2.207332	0.481090	2.125431	4.813854
94	17	2.207332	0.525622	2.567296	5.300249
94	18	2.207332	0.447343	1.790573	4.445248
94	19	2.207332	0.441111	2.364298	5.012741
94	20	2.207332	0.550235	2.811520	5.569087
94	21	2.207332	0.544153	2.751177	5.502662
94	22	2.207332	0.424902	1.567907	4.200141
94	23	2.207332	0.604702	3.351970	6.164004
94	24	2.207332	0.594402	3.249769	6.051504
94	25	2.207332	0.507072	2.383238	5.097642
94	26	2.207332	0.550336	2.812523	5.570191
94	27	2.207332	0.600290	3.308189	6.115811
94	28	2.207332	0.543516	2.744856	5.495704
94	29	2.207332	0.541774	2.727571	5.476678
94	30	2.207332	0.416416	1.483698	4.107446
94	31	2.207332	0.501307	2.326035	5.034675
94	32	2.207332	0.535410	2.664418	5.407159
94	33	2.207332	0.525622	2.567296	5.300249
94	34	2.207332	0.504182	2.354561	5.066076
94	35	2.207332	0.506643	2.378982	5.092957
94	36	2.207332	0.479308	2.107747	4.794387
94	37	2.207332	0.432863	1.646893	4.287087
94	38	2.207332	0.483299	2.147352	4.837984
94	39	2.207332	0.447343	1.790573	4.445248
94	40	2.207332	0.331179	1.644249	4.182760
94	41	2.207332	0.604045	3.345449	6.156826
94	42	2.207332	0.571169	3.019237	5.797738
94	43	2.207332	0.496303	2.858986	5.562621
94	44	2.207332	0.603999	3.344990	6.156321
94	45	2.207332	0.504981	2.362489	5.074802
94	46	2.207332	0.466810	1.983740	4.657883
94	47	2.207332	0.500237	2.315416	5.022985
94	48	2.207332	0.481090	2.125431	4.813854
94	49	2.207332	0.571169	3.019237	5.797738
94	50	2.207332	0.578606	3.093032	5.878970
94	51	2.207332	0.506643	2.378982	5.092957
94	52	2.207332	0.499568	2.626563	5.333463
94	53	2.207332	0.525622	2.567296	5.300249
94	54	2.207332	0.550235	2.811520	5.569087
94	55	2.207332	0.506768	2.380220	5.094320
94	56	2.207332	0.573723	3.044585	5.825640
94	57	2.207332	0.584395	3.150473	5.942200
94	58	2.207332	0.538157	2.691677	5.437166
94	59	2.207332	0.452018	1.836964	4.496315
94	60	2.207332	0.544153	2.751177	5.502662
94	61	2.207332	0.506643	2.378982	5.092957
94	62	2.207332	0.531991	2.630495	5.369818
94	63	2.207332	0.506768	2.380220	5.094320
94	64	2.207332	0.581229	3.172018	5.960578
94	65	2.207332	0.599826	3.303591	6.110750
94	66	2.207332	0.557599	2.884590	5.649521
94	67	2.207332	0.543516	2.744856	5.495704
94	68	2.207332	0.483299	2.147352	4.837984
94	69	2.207332	0.571245	3.072952	5.851528
94	70	2.207332	0.561479	3.187909	5.956720
94	71	2.207332	0.543355	2.743255	5.493942
94	72	2.207332	0.628740	3.590482	6.426553
94	73	2.207332	0.614243	3.499601	6.321175
94	74	2.207332	0.533345	2.643928	5.384605
94	75	2.207332	0.505292	2.365577	5.078202
94	76	2.207332	0.504981	2.362489	5.074802
94	77	2.207332	0.442497	1.742494	4.392323
94	78	2.207332	0.550235	2.811520	5.569087
94	79	2.207332	0.478237	2.097118	4.782686
94	80	2.207332	0.504182	2.354561	5.066076
94	81	2.207332	0.490746	2.221243	4.919321
94	82	2.207332	0.564180	2.949888	5.721400
94	83	2.207332	0.616293	3.466980	6.290605
94	84	2.207332	0.549314	2.802384	5.559030
94	85	2.207332	0.604702	3.351970	6.164004
94	86	2.207332	0.539000	2.700042	5.446374
94	87	2.207332	0.479308	2.107747	4.794387
94	88	2.207332	0.580659	3.113401	5.901392
94	89	2.207332	0.573723	3.044585	5.825640
94	90	2.207332	0.477188	2.086712	4.771232
94	91	2.207332	0.529506	2.605841	5.342679
94	92	2.207332	0.508845	2.400824	5.117001
94	93	2.207332	0.478237	2.097118	4.782686
94	94	2.207332	0.470711	2.022448	4.700491
94	95	2.207332	0.593150	3.237349	6.037831
94	96	2.207332	0.541774	2.727571	5.476678
94	97	2.207332	0.573723	3.044585	5.825640
94	98	2.207332	0.550336	2.812523	5.570191
94	99	2.207332	0.466810	1.983740	4.657883
95	0	2.233388	0.435852	1.676554	4.345794
95	1	2.233388	0.539460	2.704604	5.477452
95	2	2.233388	0.523288	2.544144	5.300820
95	3	2.233388	0.626621	3.569464	6.429473
95	4	2.233388	0.531397	2.624597	5.389382
95	5	2.233388	0.513450	2.446525	5.193364
95	6	2.233388	0.535597	2.666278	5.435263
95	7	2.233388	0.475457	2.069537	4.778382
95	8	2.233388	0.553573	2.844639	5.631600
95	9	2.233388	0.475230	2.067280	4.775898
95	10	2.233388	0.559501	2.903467	5.696356
95	11	2.233388	0.525111	2.562227	5.320726
95	12	2.233388	0.559501	2.903467	5.696356
95	13	2.233388	0.557625	2.884852	5.675865
95	14	2.233388	0.571605	3.023562	5.828555
95	15	2.233388	0.490016	2.214001	4.937406
95	16	2.233388	0.593434	3.240166	6.066988
95	17	2.233388	0.469703	2.012446	4.715538
95	18	2.233388	0.537507	2.685232	5.456127
95	19	2.233388	0.523288	2.544144	5.300820
95	20	2.233388	0.529505	2.605829	5.368722
95	21	2.233388	0.495866	2.272048	5.001302
95	22	2.233388	0.529505	2.605829	5.368722
95	23	2.233388	0.469703	2.012446	4.715538
95	24	2.233388	0.456161	1.878073	4.567622
95	25	2.233388	0.476725	2.082121	4.792234
95	26	2.233388	0.570475	3.012351	5.816214
95	27	2.233388	0.587593	3.182209	6.003190
95	28	2.233388	0.476725	2.082121	4.792234
95	29	2.233388	0.595668	3.262330	6.091385
95	30	2.233388	0.528556	2.596414	5.358359
95	31	2.233388	0.493086	2.244463	4.970938
95	32	2.233388	0.475457	2.069537	4.778382
95	33	2.233388	0.536881	2.731980	5.502249
95	34	2.233388	0.550008	2.809263	5.592659
95	35	2.233388	0.469703	2.012446	4.715538
95	36	2.233388	0.550008	2.809263	5.592659
95	37	2.233388	0.529290	2.603689	5.366367
95	38	2.233388	0.496613	2.279461	5.009462
95	39	2.233388	0.496613	2.279461	5.009462
95	40	2.233388	0.469703	2.012446	4.715538
95	41	2.233388	0.587176	3.178069	5.998633
95	42	2.233388	0.410344	1.423454	4.067187
95	43	2.233388	0.529290	2.603689	5.366367
95	44	2.233388	0.493086	2.244463	4.970938
95	45	2.233388	0.428086	1.599499	4.260974
95	46	2.233388	0.604944	3.354371	6.192703
95	47	2.233388	0.490016	2.214001	4.937406
95	48	2.233388	0.493086	2.244463	4.970938
95	49	2.233388	0.428086	1.599499	4.260974
95	50	2.233388	0.584703	3.153534	5.971625
95	51	2.233388	0.480119	2.592473	5.305980
95	52	2.233388	0.508518	2.397584	5.139490
95	53	2.233388	0.435852	1.676554	4.345794
95	54	2.233388	0.513450	2.446525	5.193364
95	55	2.233388	0.566267	2.970601	5.770256
95	56	2.233388	0.527764	2.588553	5.349705
95	57	2.233388	0.575575	3.062953	5.871916
95	58	2.233388	0.542648	2.736236	5.512272
95	59	2.233388	0.543714	2.746819	5.523921
95	60	2.233388	0.410344	1.423454	4.067187
95	61	2.233388	0.566267	2.970601	5.770256
95	62	2.233388	0.513450	2.446525	5.193364
95	63	2.233388	0.620045	3.504206	6.357639
95	64	2.233388	0.501652	2.329458	5.064498
95	65	2.233388	0.531397	2.624597	5.389382
95	66	2.233388	0.475457	2.069537	4.778382
95	67	2.233388	0.512883	2.440896	5.187167
95	68	2.233388	0.568412	3.150772	5.952572
95	69	2.233388	0.531397	2.624597	5.389382
95	70	2.233388	0.451573	1.832551	4.517512
95	71	2.233388	0.567805	3.144754	5.945947
95	72	2.233388	0.501652	2.329458	5.064498
95	73	2.233388	0.567805	3.144754	5.945947
95	74	2.233388	0.442773	2.433757	5.109917
95	75	2.233388	0.575867	3.065854	5.875109
95	76	2.233388	0.543714	2.746819	5.523921
95	77	2.233388	0.523288	2.544144	5.300820
95	78	2.233388	0.575867	3.065854	5.875109
95	79	2.233388	0.528556	2.596414	5.358359
95	80	2.233388	0.528556	2.596414	5.358359
95	81	2.233388	0.582056	3.127266	5.942710
95	82	2.233388	0.523951	2.815536	5.572874
95	83	2.233388	0.601817	3.323344	6.158549
95	84	2.233388	0.509848	2.781526	5.524762
95	85	2.233388	0.509848	2.781526	5.524762
95	86	2.233388	0.543012	2.898744	5.675145
95	87	2.233388	0.451573	1.832551	4.517512
95	88	2.233388	0.587176	3.178069	5.998633
95	89	2.233388	0.451573	1.832551	4.517512
95	90	2.233388	0.509193	2.404284	5.146865
95	91	2.233388	0.532655	2.637080	5.403123
95	92	2.233388	0.475644	2.071390	4.780421
95	93	2.233388	0.539460	2.704604	5.477452
95	94	2.233388	0.553573	2.844639	5.631600
95	95	2.233388	0.576365	3.070793	5.880546
95	96	2.233388	0.475644	2.071390	4.780421
95	97	2.233388	0.529948	2.610227	5.373563
95	98	2.233388	0.476725	2.082121	4.792234
95	99	2.233388	0.605943	3.364282	6.203612
96	0	2.137514	0.474573	2.060767	4.672855
96	1	2.137514	0.488491	2.198866	4.824871
96	2	2.137514	0.608388	3.388548	6.134450
96	3	2.137514	0.471829	2.033535	4.642878
96	4	2.137514	0.558564	2.894168	5.590246
96	5	2.137514	0.475046	2.065458	4.678018
96	6	2.137514	0.474573	2.060767	4.672855
96	7	2.137514	0.550383	2.812985	5.500882
96	8	2.137514	0.594894	3.254654	5.987062
96	9	2.137514	0.481950	2.133959	4.753423
96	10	2.137514	0.563257	2.940732	5.641503
96	11	2.137514	0.484293	2.157210	4.779017
96	12	2.137514	0.470354	2.018901	4.626769
96	13	2.137514	0.650134	3.802767	6.590415
96	14	2.137514	0.522540	2.536720	5.196774
96	15	2.137514	0.475526	2.070218	4.683258
96	16	2.137514	0.407116	1.391425	3.936055
96	17	2.137514	0.428822	1.606804	4.173141
96	18	2.137514	0.543768	2.747348	5.428629
96	19	2.137514	0.463112	2.317792	4.918418
96	20	2.137514	0.522121	2.532559	5.192194
96	21	2.137514	0.507248	2.384982	5.029744
96	22	2.137514	0.488301	2.196979	4.822794
96	23	2.137514	0.611891	3.423301	6.172706
96	24	2.137514	0.512487	2.436967	5.086968
96	25	2.137514	0.512487	2.436967	5.086968
96	26	2.137514	0.480572	2.120291	4.738378
96	27	2.137514	0.464016	2.432684	5.034213
96	28	2.137514	0.555784	2.866584	5.559883
96	29	2.137514	0.554579	2.854626	5.546720
96	30	2.137514	0.554628	2.855110	5.547252
96	31	2.137514	0.470354	2.018901	4.626769
96	32	2.137514	0.488491	2.198866	4.824871
96	33	2.137514	0.650134	3.802767	6.590415
96	34	2.137514	0.550383	2.812985	5.500882
96	35	2.137514	0.498501	2.298187	4.934202
96	36	2.137514	0.567654	2.984361	5.689529
96	37	2.137514	0.522540	2.536720	5.196774
96	38	2.137514	0.436331	1.681305	4.255149
96	39	2.137514	0.526917	2.633109	5.297540
96	40	2.137514	0.522100	2.532351	5.191965
96	41	2.137514	0.527711	2.588024	5.253249
96	42	2.137514	0.533165	2.801035	5.471714
96	43	2.137514	0.539304	2.703060	5.379878
96	44	2.137514	0.547987	2.789212	5.474713
96	45	2.137514	0.597470	3.280212	6.015196
96	46	2.137514	0.481950	2.133959	4.753423
96	47	2.137514	0.471829	2.033535	4.642878
96	48	2.137514	0.475526	2.070218	4.683258
96	49	2.137514	0.484995	2.481958	5.104467
96	50	2.137514	0.518365	2.866039	5.521918
96	51	2.137514	0.583626	3.142847	5.863988
96	52	2.137514	0.573692	3.044274	5.755480
96	53	2.137514	0.603976	3.344766	6.086256
96	54	2.137514	0.480572	2.120291	4.738378
96	55	2.137514	0.473305	2.048186	4.659005
96	56	2.137514	0.635510	3.657664	6.430688
96	57	2.137514	0.555784	2.866584	5.559883
96	58	2.137514	0.436331	1.681305	4.255149
96	59	2.137514	0.484293	2.157210	4.779017
96	60	2.137514	0.650134	3.802767	6.590415
96	61	2.137514	0.567654	2.984361	5.689529
96	62	2.137514	0.581757	3.124293	5.843564
96	63	2.137514	0.539304	2.703060	5.379878
96	64	2.137514	0.555784	2.866584	5.559883
96	65	2.137514	0.498501	2.298187	4.934202
96	66	2.137514	0.611891	3.423301	6.172706
96	67	2.137514	0.476863	2.083491	4.697869
96	68	2.137514	0.522540	2.536720	5.196774
96	69	2.137514	0.514569	2.457623	5.109706
96	70	2.137514	0.516811	2.479866	5.134191
96	71	2.137514	0.488301	2.196979	4.822794
96	72	2.137514	0.544822	2.757805	5.440141
96	73	2.137514	0.582370	3.130385	5.850269
96	74	2.137514	0.582765	3.293191	6.013470
96	75	2.137514	0.481950	2.133959	4.753423
96	76	2.137514	0.498501	2.298187	4.934202
96	77	2.137514	0.422645	2.234036	4.794195
96	78	2.137514	0.543307	2.954631	5.635452
96	79	2.137514	0.568510	2.992853	5.698877
96	80	2.137514	0.512487	2.436967	5.086968
96	81	2.137514	0.407116	1.391425	3.936055
96	82	2.137514	0.556859	2.877244	5.571617
96	83	2.137514	0.471979	2.035026	4.644519
96	84	2.137514	0.494288	2.256386	4.888188
96	85	2.137514	0.488301	2.196979	4.822794
96	86	2.137514	0.470354	2.018901	4.626769
96	87	2.137514	0.471979	2.035026	4.644519
96	88	2.137514	0.581757	3.124293	5.843564
96	89	2.137514	0.488491	2.198866	4.824871
96	90	2.137514	0.476863	2.083491	4.697869
96	91	2.137514	0.484995	2.481958	5.104467
96	92	2.137514	0.568510	2.992853	5.698877
96	93	2.137514	0.578346	3.090450	5.806310
96	94	2.137514	0.496017	2.273544	4.907075
96	95	2.137514	0.495677	2.270167	4.903358
96	96	2.137514	0.513526	2.447274	5.098314
96	97	2.137514	0.488491	2.198866	4.824871
96	98	2.137514	0.488491	2.198866	4.824871
96	99	2.137514	0.507201	2.384520	5.029236
97	0	2.176811	0.424195	1.560891	4.161898
97	1	2.176811	0.539935	2.709319	5.426065
97	2	2.176811	0.549098	2.800243	5.526153
97	3	2.176811	0.506550	2.642872	5.326232
97	4	2.176811	0.562753	2.935729	5.675293
97	5	2.176811	0.544933	2.758913	5.480658
97	6	2.176811	0.484186	2.579861	5.240858
97	7	2.176811	0.612815	3.432471	6.222098
97	8	2.176811	0.534127	2.651693	5.362631
97	9	2.176811	0.479907	2.113691	4.770409
97	10	2.176811	0.534127	2.651693	5.362631
97	11	2.176811	0.478573	2.100459	4.755844
97	12	2.176811	0.584865	3.155140	5.916816
97	13	2.176811	0.549008	2.799344	5.525163
97	14	2.176811	0.432855	1.646814	4.256480
97	15	2.176811	0.489661	2.210478	4.876950
97	16	2.176811	0.493943	2.252959	4.923712
97	17	2.176811	0.471421	2.029492	4.677724
97	18	2.176811	0.478573	2.100459	4.755844
97	19	2.176811	0.547566	2.785039	5.509416
97	20	2.176811	0.560849	2.916843	5.654503
97	21	2.176811	0.625818	3.561494	6.364123
97	22	2.176811	0.566580	2.973708	5.717099
97	23	2.176811	0.547566	2.785039	5.509416
97	24	2.176811	0.549098	2.800243	5.526153
97	25	2.176811	0.432855	1.646814	4.256480
97	26	2.176811	0.560849	2.916843	5.654503
97	27	2.176811	0.544933	2.758913	5.480658
97	28	2.176811	0.621210	3.568731	6.366752
97	29	2.176811	0.480051	2.115123	4.771986
97	30	2.176811	0.484071	2.155008	4.815890
97	31	2.176811	0.506907	2.487526	5.171245
97	32	2.176811	0.545449	2.764029	5.486289
97	33	2.176811	0.522515	2.536473	5.235800
97	34	2.176811	0.479907	2.113691	4.770409
97	35	2.176811	0.539211	2.702130	5.418152
97	36	2.176811	0.639627	3.698512	6.514950
97	37	2.176811	0.556342	2.872119	5.605273
97	38	2.176811	0.487731	2.191320	4.855862
97	39	2.176811	0.589360	3.358627	6.124798
97	40	2.176811	0.490422	2.218029	4.885262
97	41	2.176811	0.469955	2.014941	4.661707
97	42	2.176811	0.493943	2.252959	4.923712
97	43	2.176811	0.578528	3.092262	5.847602
97	44	2.176811	0.562753	2.935729	5.675293
97	45	2.176811	0.578528	3.092262	5.847602
97	46	2.176811	0.549098	2.800243	5.526153
97	47	2.176811	0.539211	2.702130	5.418152
97	48	2.176811	0.578528	3.092262	5.847602
97	49	2.176811	0.437194	1.689871	4.303876
97	50	2.176811	0.526347	2.574489	5.277646
97	51	2.176811	0.452821	1.844931	4.474564
97	52	2.176811	0.527480	2.585738	5.290029
97	53	2.176811	0.639627	3.698512	6.514950
97	54	2.176811	0.553512	2.844036	5.574359
97	55	2.176811	0.553512	2.844036	5.574359
97	56	2.176811	0.427737	1.596030	4.200577
97	57	2.176811	0.467670	1.992270	4.636751
97	58	2.176811	0.534127	2.651693	5.362631
97	59	2.176811	0.489661	2.210478	4.876950
97	60	2.176811	0.528900	2.864640	5.570351
97	61	2.176811	0.515885	2.470685	5.163381
97	62	2.176811	0.530755	2.618232	5.325798
97	63	2.176811	0.492549	2.239129	4.908489
97	64	2.176811	0.530755	2.618232	5.325798
97	65	2.176811	0.528900	2.864640	5.570351
97	66	2.176811	0.562753	2.935729	5.675293
97	67	2.176811	0.487786	2.403728	5.068325
97	68	2.176811	0.545449	2.764029	5.486289
97	69	2.176811	0.556342	2.872119	5.605273
97	70	2.176811	0.639627	3.698512	6.514950
97	71	2.176811	0.489661	2.210478	4.876950
97	72	2.176811	0.537657	2.686716	5.401184
97	73	2.176811	0.469955	2.014941	4.661707
97	74	2.176811	0.480987	2.124408	4.782206
97	75	2.176811	0.471421	2.029492	4.677724
97	76	2.176811	0.594847	3.254181	6.025838
97	77	2.176811	0.522776	2.539055	5.238641
97	78	2.176811	0.594847	3.254181	6.025838
97	79	2.176811	0.493943	2.252959	4.923712
97	80	2.176811	0.557304	2.881660	5.615775
97	81	2.176811	0.544933	2.758913	5.480658
97	82	2.176811	0.639627	3.698512	6.514950
97	83	2.176811	0.488808	2.202014	4.867633
97	84	2.176811	0.547566	2.785039	5.509416
97	85	2.176811	0.553512	2.844036	5.574359
97	86	2.176811	0.589360	3.358627	6.124798
97	87	2.176811	0.623175	3.535266	6.335252
97	88	2.176811	0.467670	1.992270	4.636751
97	89	2.176811	0.484071	2.155008	4.815890
97	90	2.176811	0.583234	3.138951	5.898995
97	91	2.176811	0.540405	2.713980	5.431196
97	92	2.176811	0.517748	2.489169	5.183729
97	93	2.176811	0.525236	2.563465	5.265512
97	94	2.176811	0.490422	2.218029	4.885262
97	95	2.176811	0.527480	2.585738	5.290029
97	96	2.176811	0.545449	2.764029	5.486289
97	97	2.176811	0.514578	2.457713	5.149102
97	98	2.176811	0.487786	2.403728	5.068325
97	99	2.176811	0.493354	2.247117	4.917281
98	0	2.141233	0.476972	2.084569	4.702774
98	1	2.141233	0.541718	2.727008	5.409959
98	2	2.141233	0.505606	2.368686	5.015525
98	3	2.141233	0.501062	2.323599	4.965894
98	4	2.141233	0.517360	2.485317	5.143910
98	5	2.141233	0.525811	2.569169	5.236213
98	6	2.141233	0.520252	2.831792	5.493276
98	7	2.141233	0.564708	2.955132	5.661073
98	8	2.141233	0.533555	2.646009	5.320797
98	9	2.141233	0.501782	2.330742	4.973757
98	10	2.141233	0.554864	2.857455	5.553552
98	11	2.141233	0.489858	2.212434	4.843526
98	12	2.141233	0.489858	2.212434	4.843526
98	13	2.141233	0.501062	2.323599	4.965894
98	14	2.141233	0.564708	2.955132	5.661073
98	15	2.141233	0.487663	2.190650	4.819546
98	16	2.141233	0.607722	3.381932	6.130887
98	17	2.141233	0.449783	1.814785	4.405801
98	18	2.141233	0.501062	2.323599	4.965894
98	19	2.141233	0.501782	2.330742	4.973757
98	20	2.141233	0.532124	2.843674	5.517031
98	21	2.141233	0.541718	2.727008	5.409959
98	22	2.141233	0.465824	1.973953	4.581011
98	23	2.141233	0.503888	2.351647	4.996769
98	24	2.141233	0.482853	2.142921	4.767008
98	25	2.141233	0.549591	3.069949	5.760773
98	26	2.141233	0.505545	2.368084	5.014863
98	27	2.141233	0.465824	1.973953	4.581011
98	28	2.141233	0.575825	3.065436	5.782494
98	29	2.141233	0.544411	2.753735	5.439380
98	30	2.141233	0.579112	3.098053	5.818399
98	31	2.141233	0.478798	2.102688	4.722720
98	32	2.141233	0.500991	2.322892	4.965116
98	33	2.141233	0.433144	1.649681	4.224058
98	34	2.141233	0.496439	2.277731	4.915403
98	35	2.141233	0.460778	2.506481	5.108491
98	36	2.141233	0.566868	2.976563	5.684664
98	37	2.141233	0.524097	2.552171	5.217502
98	38	2.141233	0.505606	2.368686	5.015525
98	39	2.141233	0.437817	1.696054	4.275104
98	40	2.141233	0.496439	2.277731	4.915403
98	41	2.141233	0.505545	2.368084	5.014863
98	42	2.141233	0.505545	2.368084	5.014863
98	43	2.141233	0.476972	2.084569	4.702774
98	44	2.141233	0.552780	3.101593	5.795606
98	45	2.141233	0.465824	1.973953	4.581011
98	46	2.141233	0.548871	2.797986	5.488090
98	47	2.141233	0.498360	2.720502	5.360095
98	48	2.141233	0.482853	2.142921	4.767008
98	49	2.141233	0.578069	3.087708	5.807011
98	50	2.141233	0.476972	2.084569	4.702774
98	51	2.141233	0.548523	2.794531	5.484287
98	52	2.141233	0.586672	3.173069	5.900974
98	53	2.141233	0.616917	3.473170	6.231320
98	54	2.141233	0.431182	1.630221	4.202637
98	55	2.141233	0.476972	2.084569	4.702774
98	56	2.141233	0.613144	3.435731	6.190108
98	57	2.141233	0.472688	2.042062	4.655983
98	58	2.141233	0.514267	2.454632	5.110132
98	59	2.141233	0.530726	2.617938	5.289896
98	60	2.141233	0.578069	3.087708	5.807011
98	61	2.141233	0.500991	2.322892	4.965116
98	62	2.141233	0.481556	2.130052	4.752841
98	63	2.141233	0.578069	3.087708	5.807011
98	64	2.141233	0.548307	2.951283	5.640823
98	65	2.141233	0.489858	2.212434	4.843526
98	66	2.141233	0.554864	2.857455	5.553552
98	67	2.141233	0.544411	2.753735	5.439380
98	68	2.141233	0.575825	3.065436	5.782494
98	69	2.141233	0.383475	1.792410	4.317119
98	70	2.141233	0.594676	3.252483	5.988391
98	71	2.141233	0.487663	2.190650	4.819546
98	72	2.141233	0.415263	1.472261	4.028758
98	73	2.141233	0.554864	2.857455	5.553552
98	74	2.141233	0.597746	3.282947	6.021926
98	75	2.141233	0.598084	3.286302	6.025619
98	76	2.141233	0.563775	2.945876	5.650884
98	77	2.141233	0.541085	2.720726	5.403044
98	78	2.141233	0.481556	2.130052	4.752841
98	79	2.141233	0.597746	3.282947	6.021926
98	80	2.141233	0.592723	3.233112	5.967069
98	81	2.141233	0.541085	2.720726	5.403044
98	82	2.141233	0.584506	3.151570	5.877309
98	83	2.141233	0.572828	3.035704	5.749765
98	84	2.141233	0.498360	2.720502	5.360095
98	85	2.141233	0.494374	2.257245	4.892852
98	86	2.141233	0.597746	3.282947	6.021926
98	87	2.141233	0.489858	2.212434	4.843526
98	88	2.141233	0.529547	2.606246	5.277027
98	89	2.141233	0.566020	2.968144	5.675397
98	90	2.141233	0.533555	2.646009	5.320797
98	91	2.141233	0.529547	2.606246	5.277027
98	92	2.141233	0.538217	2.692276	5.371727
98	93	2.141233	0.465824	1.973953	4.581011
98	94	2.141233	0.496439	2.277731	4.915403
98	95	2.141233	0.618673	3.490597	6.250504
98	96	2.141233	0.487549	2.613231	5.242013
98	97	2.141233	0.604888	3.353815	6.099936
98	98	2.141233	0.618673	3.490597	6.250504
98	99	2.141233	0.479843	2.113060	4.734136
99	0	2.276257	0.569287	3.159455	6.004998
99	1	2.276257	0.434114	1.659309	4.369680
99	2	2.276257	0.578736	3.094321	5.949314
99	3	2.276257	0.510750	2.419730	5.206737
99	4	2.276257	0.484875	2.162986	4.924118
99	5	2.276257	0.455625	1.872751	4.604632
99	6	2.276257	0.504432	2.357041	5.137730
99	7	2.276257	0.567932	2.987116	5.831304
99	8	2.276257	0.480413	2.118709	4.875378
99	9	2.276257	0.537268	2.682852	5.496376
99	10	2.276257	0.490875	2.222517	4.989649
99	11	2.276257	0.555685	2.865596	5.697538
99	12	2.276257	0.523081	2.542085	5.341423
99	13	2.276257	0.480241	2.117001	4.873499
99	14	2.276257	0.497172	2.285007	5.058436
99	15	2.276257	0.587993	3.345065	6.209314
99	16	2.276257	0.565012	2.958144	5.799412
99	17	2.276257	0.484051	2.154814	4.915122
99	18	2.276257	0.501889	2.331805	5.109950
99	19	2.276257	0.465871	1.974424	4.716552
99	20	2.276257	0.514762	2.459545	5.250564
99	21	2.276257	0.534217	2.652583	5.463057
99	22	2.276257	0.534461	2.655005	5.465723
99	23	2.276257	0.434114	1.659309	4.369680
99	24	2.276257	0.529259	2.603389	5.408905
99	25	2.276257	0.583987	3.252353	6.112597
99	26	2.276257	0.524481	2.555978	5.356716
99	27	2.276257	0.517001	2.481755	5.275012
99	28	2.276257	0.510750	2.419730	5.206737
99	29	2.276257	0.434114	1.659309	4.369680
99	30	2.276257	0.538915	2.699201	5.514373
99	31	2.276257	0.488469	2.198645	4.963370
99	32	2.276257	0.526714	2.789985	5.592955
99	33	2.276257	0.448255	1.799624	4.524135
99	34	2.276257	0.553475	2.843671	5.673403
99	35	2.276257	0.541683	2.726662	5.544602
99	36	2.276257	0.580963	3.116417	5.973637
99	37	2.276257	0.529259	2.603389	5.408905
99	38	2.276257	0.615411	3.458232	6.349900
99	39	2.276257	0.523081	2.542085	5.341423
99	40	2.276257	0.425054	1.569416	4.270727
99	41	2.276257	0.480241	2.117001	4.873499
99	42	2.276257	0.457150	1.887885	4.621292
99	43	2.276257	0.489349	2.207380	4.972986
99	44	2.276257	0.584592	3.152424	6.013273
99	45	2.276257	0.463150	1.947416	4.686822
99	46	2.276257	0.555623	2.864986	5.696866
99	47	2.276257	0.587993	3.345065	6.209314
99	48	2.276257	0.490255	2.216371	4.982883
99	49	2.276257	0.625391	3.557251	6.458899
99	50	2.276257	0.486956	2.183630	4.946842
99	51	2.276257	0.514636	2.458292	5.249185
99	52	2.276257	0.471952	2.034757	4.782966
99	53	2.276257	0.501889	2.331805	5.109950
99	54	2.276257	0.486956	2.183630	4.946842
99	55	2.276257	0.492753	2.241155	5.010165
99	56	2.276257	0.490255	2.216371	4.982883
99	57	2.276257	0.517733	2.489017	5.283007
99	58	2.276257	0.552499	2.833986	5.662742
99	59	2.276257	0.545133	2.760900	5.582290
99	60	2.276257	0.537757	2.687711	5.501725
99	61	2.276257	0.581830	3.125021	5.983107
99	62	2.276257	0.472588	2.041072	4.789918
99	63	2.276257	0.575106	3.058299	5.909661
99	64	2.276257	0.625391	3.557251	6.458899
99	65	2.276257	0.545133	2.760900	5.582290
99	66	2.276257	0.465871	1.974424	4.716552
99	67	2.276257	0.553475	2.843671	5.673403
99	68	2.276257	0.569287	3.159455	6.004998
99	69	2.276257	0.499349	2.306600	5.082206
99	70	2.276257	0.605333	3.358232	6.239821
99	71	2.276257	0.547203	2.781440	5.604900
99	72	2.276257	0.517001	2.481755	5.275012
99	73	2.276257	0.534461	2.655005	5.465723
99	74	2.276257	0.488469	2.198645	4.963370
99	75	2.276257	0.538831	2.698361	5.513449
99	76	2.276257	0.524047	2.551674	5.351978
99	77	2.276257	0.455625	1.872751	4.604632
99	78	2.276257	0.420548	1.524697	4.221501
99	79	2.276257	0.601653	3.321720	6.199630
99	80	2.276257	0.492033	2.551795	5.320084
99	81	2.276257	0.483166	2.146032	4.905455
99	82	2.276257	0.495869	2.272074	5.044199
99	83	2.276257	0.583987	3.252353	6.112597
99	84	2.276257	0.538831	2.698361	5.513449
99	85	2.276257	0.463150	1.947416	4.686822
99	86	2.276257	0.457150	1.887885	4.621292
99	87	2.276257	0.425054	1.569416	4.270727
99	88	2.276257	0.463150	1.947416	4.686822
99	89	2.276257	0.514636	2.458292	5.249185
99	90	2.276257	0.543713	2.746803	5.566772
99	91	2.276257	0.513652	2.448522	5.238430
99	92	2.276257	0.488375	2.197716	4.962348
99	93	2.276257	0.537268	2.682852	5.496376
99	94	2.276257	0.547203	2.781440	5.604900
99	95	2.276257	0.484875	2.162986	4.924118
99	96	2.276257	0.480241	2.117001	4.873499
99	97	2.276257	0.527438	2.585318	5.389013
99	98	2.276257	0.412033	2.128742	4.817032
99	99	2.276257	0.488375	2.197716	4.962348
