replicate	universe	detection_yr	orbit_yr	char_yr	total_yr
0	0	2.440256	0.499144	2.304569	5.243969
0	1	2.440256	0.481357	2.128074	5.049687
0	2	2.440256	0.543775	2.747418	5.731449
0	3	2.440256	0.552362	3.044482	6.037101
0	4	2.440256	0.543775	2.747418	5.731449
0	5	2.440256	0.586767	3.174011	6.201034
0	6	2.440256	0.481357	2.128074	5.049687
0	7	2.440256	0.543775	2.747418	5.731449
0	8	2.440256	0.551410	2.823184	5.814851
0	9	2.440256	0.541333	2.723188	5.704777
0	10	2.440256	0.434312	1.661271	4.535839
0	11	2.440256	0.521600	2.527388	5.489244
0	12	2.440256	0.648122	3.782805	6.871183
0	13	2.440256	0.570381	3.011420	6.022057
0	14	2.440256	0.481357	2.128074	5.049687
0	15	2.440256	0.521245	2.523869	5.485371
0	16	2.440256	0.434312	1.661271	4.535839
0	17	2.440256	0.488130	2.195282	5.123668
0	18	2.440256	0.483581	2.573851	5.497688
0	19	2.440256	0.569598	3.162546	6.172401
0	20	2.440256	0.488130	2.195282	5.123668
0	21	2.440256	0.497878	2.292006	5.230141
0	22	2.440256	0.525868	2.569735	5.535859
0	23	2.440256	0.619385	3.550625	6.610266
0	24	2.440256	0.575196	3.059192	6.074644
0	25	2.440256	0.580960	3.116390	6.137606
0	26	2.440256	0.549555	2.804778	5.794590
0	27	2.440256	0.543503	2.744719	5.728478
0	28	2.440256	0.497878	2.292006	5.230141
0	29	2.440256	0.586767	3.174011	6.201034
0	30	2.440256	0.574018	3.047506	6.061780
0	31	2.440256	0.575781	3.065002	6.081039
0	32	2.440256	0.439952	1.717236	4.597444
0	33	2.440256	0.570381	3.011420	6.022057
0	34	2.440256	0.589623	3.202348	6.232228
0	35	2.440256	0.519281	2.504378	5.463915
0	36	2.440256	0.521245	2.523869	5.485371
0	37	2.440256	0.570381	3.011420	6.022057
0	38	2.440256	0.562809	2.936282	5.939347
0	39	2.440256	0.516660	2.478372	5.435288
0	40	2.440256	0.591408	3.220055	6.251719
0	41	2.440256	0.520296	2.514447	5.474999
0	42	2.440256	0.546419	2.773659	5.760334
0	43	2.440256	0.492068	2.234362	5.166687
0	44	2.440256	0.539614	2.706131	5.686001
0	45	2.440256	0.543775	2.747418	5.731449
0	46	2.440256	0.622671	3.636199	6.699127
0	47	2.440256	0.551410	2.823184	5.814851
0	48	2.440256	0.518506	2.496692	5.455455
0	49	2.440256	0.574018	3.047506	6.061780
0	50	2.440256	0.524694	2.558090	5.523040
0	51	2.440256	0.535629	2.666589	5.642474
0	52	2.440256	0.581446	3.121210	6.142912
0	53	2.440256	0.465970	1.975402	4.881628
0	54	2.440256	0.560421	2.912595	5.913273
0	55	2.440256	0.566549	3.185252	6.192057
0	56	2.440256	0.560607	3.126292	6.127156
0	57	2.440256	0.594513	3.250867	6.285636
0	58	2.440256	0.586767	3.174011	6.201034
0	59	2.440256	0.576157	3.068728	6.085141
0	60	2.440256	0.589965	3.205738	6.235959
0	61	2.440256	0.543503	2.744719	5.728478
0	62	2.440256	0.589623	3.202348	6.232228
0	63	2.440256	0.500415	2.317186	5.257858
0	64	2.440256	0.610064	3.405175	6.455496
0	65	2.440256	0.594513	3.250867	6.285636
0	66	2.440256	0.589623	3.202348	6.232228
0	67	2.440256	0.566549	3.185252	6.192057
0	68	2.440256	0.618490	3.488784	6.547531
0	69	2.440256	0.518506	2.496692	5.455455
0	70	2.440256	0.434312	1.661271	4.535839
0	71	2.440256	0.525868	2.569735	5.535859
0	72	2.440256	0.546419	2.773659	5.760334
0	73	2.440256	0.439952	1.717236	4.597444
0	74	2.440256	0.606466	3.369471	6.416193
0	75	2.440256	0.540454	2.714467	5.695177
0	76	2.440256	0.499144	2.304569	5.243969
0	77	2.440256	0.465970	1.975402	4.881628
0	78	2.440256	0.570472	3.012318	6.023046
0	79	2.440256	0.594513	3.250867	6.285636
0	80	2.440256	0.465970	1.975402	4.881628
0	81	2.440256	0.575196	3.059192	6.074644
0	82	2.440256	0.540831	2.718205	5.699292
0	83	2.440256	0.448056	1.797649	4.685961
0	84	2.440256	0.448056	1.797649	4.685961
0	85	2.440256	0.534271	2.864970	5.839497
0	86	2.440256	0.505825	2.370860	5.316941
0	87	2.440256	0.549555	2.804778	5.794590
0	88	2.440256	0.622671	3.636199	6.699127
0	89	2.440256	0.560221	2.910607	5.911084
0	90	2.440256	0.492068	2.234362	5.166687
0	91	2.440256	0.516660	2.478372	5.435288
0	92	2.440256	0.518506	2.496692	5.455455
0	93	2.440256	0.596831	3.273873	6.310961
0	94	2.440256	0.580960	3.116390	6.137606
0	95	2.440256	0.425032	1.569196	4.434485
0	96	2.440256	0.543503	2.744719	5.728478
0	97	2.440256	0.559467	2.903120	5.902843
0	98	2.440256	0.551410	2.823184	5.814851
0	99	2.440256	0.551317	2.822256	5.813829
1	0	2.229792	0.494578	2.259268	4.983639
1	1	2.229792	0.500473	2.317757	5.048022
1	2	2.229792	0.497723	2.290466	5.017981
1	3	2.229792	0.596962	3.275171	6.101926
1	4	2.229792	0.527238	2.583328	5.340358
1	5	2.229792	0.597996	3.285433	6.113222
1	6	2.229792	0.597411	3.279621	6.106825
1	7	2.229792	0.624463	3.548051	6.402307
1	8	2.229792	0.587426	3.286475	6.103694
1	9	2.229792	0.458433	1.900612	4.588837
1	10	2.229792	0.634799	3.650603	6.515194
1	11	2.229792	0.590111	3.207191	6.027095
1	12	2.229792	0.422724	1.546288	4.198804
1	13	2.229792	0.533395	2.644423	5.407610
1	14	2.229792	0.597996	3.285433	6.113222
1	15	2.229792	0.632866	3.631430	6.494089
1	16	2.229792	0.549299	2.802236	5.581328
1	17	2.229792	0.584696	3.153459	5.967947
1	18	2.229792	0.599692	3.302261	6.131746
1	19	2.229792	0.550226	2.811430	5.591448
1	20	2.229792	0.651679	3.818095	6.699566
1	21	2.229792	0.588463	3.190834	6.009089
1	22	2.229792	0.492974	2.243350	4.966116
1	23	2.229792	0.552210	2.831114	5.613116
1	24	2.229792	0.497723	2.290466	5.017981
1	25	2.229792	0.546093	3.088207	5.864093
1	26	2.229792	0.546093	3.088207	5.864093
1	27	2.229792	0.580371	3.110548	5.920711
1	28	2.229792	0.500473	2.317757	5.048022
1	29	2.229792	0.498644	2.299609	5.028046
1	30	2.229792	0.472006	2.035294	4.737092
1	31	2.229792	0.588430	3.190506	6.008728
1	32	2.229792	0.608354	3.547096	6.385242
1	33	2.229792	0.549299	2.802236	5.581328
1	34	2.229792	0.586645	3.172803	5.989241
1	35	2.229792	0.538025	2.690367	5.458184
1	36	2.229792	0.547955	2.841858	5.619606
1	37	2.229792	0.593849	3.244281	6.067923
1	38	2.229792	0.480606	2.120625	4.831023
1	39	2.229792	0.546911	2.778542	5.555246
1	40	2.229792	0.534980	2.660157	5.424930
1	41	2.229792	0.440794	1.725588	4.396174
1	42	2.229792	0.547955	2.841858	5.619606
1	43	2.229792	0.539253	2.967369	5.736414
1	44	2.229792	0.549299	2.802236	5.581328
1	45	2.229792	0.565622	2.964196	5.759610
1	46	2.229792	0.519429	2.505844	5.255065
1	47	2.229792	0.610920	3.413670	6.254383
1	48	2.229792	0.519429	2.505844	5.255065
1	49	2.229792	0.503860	2.351363	5.085015
1	50	2.229792	0.594449	3.250237	6.074478
1	51	2.229792	0.493806	2.251608	4.975207
1	52	2.229792	0.463512	1.951009	4.644314
1	53	2.229792	0.494578	2.259268	4.983639
1	54	2.229792	0.611203	3.416479	6.257475
1	55	2.229792	0.520917	2.520610	5.271319
1	56	2.229792	0.597996	3.285433	6.113222
1	57	2.229792	0.480606	2.120625	4.831023
1	58	2.229792	0.493467	2.248243	4.971503
1	59	2.229792	0.492974	2.243350	4.966116
1	60	2.229792	0.493806	2.251608	4.975207
1	61	2.229792	0.596962	3.275171	6.101926
1	62	2.229792	0.494578	2.259268	4.983639
1	63	2.229792	0.552107	2.830098	5.611998
1	64	2.229792	0.463512	1.951009	4.644314
1	65	2.229792	0.549788	2.807084	5.586665
1	66	2.229792	0.506603	2.749330	5.485726
1	67	2.229792	0.554422	2.853069	5.637284
1	68	2.229792	0.625530	3.558638	6.413960
1	69	2.229792	0.440794	1.725588	4.396174
1	70	2.229792	0.495777	2.747837	5.473407
1	71	2.229792	0.586645	3.172803	5.989241
1	72	2.229792	0.557619	2.884786	5.672198
1	73	2.229792	0.440794	1.725588	4.396174
1	74	2.229792	0.601131	3.528393	6.359317
1	75	2.229792	0.600133	3.306630	6.136555
1	76	2.229792	0.565622	2.964196	5.759610
1	77	2.229792	0.593849	3.244281	6.067923
1	78	2.229792	0.580371	3.110548	5.920711
1	79	2.229792	0.557619	2.884786	5.672198
1	80	2.229792	0.584696	3.153459	5.967947
1	81	2.229792	0.522733	2.538637	5.291162
1	82	2.229792	0.422724	1.546288	4.198804
1	83	2.229792	0.519429	2.505844	5.255065
1	84	2.229792	0.594449	3.250237	6.074478
1	85	2.229792	0.625530	3.558638	6.413960
1	86	2.229792	0.600133	3.306630	6.136555
1	87	2.229792	0.584696	3.153459	5.967947
1	88	2.229792	0.580371	3.110548	5.920711
1	89	2.229792	0.527817	2.589082	5.346692
1	90	2.229792	0.583424	3.140841	5.954057
1	91	2.229792	0.588430	3.190506	6.008728
1	92	2.229792	0.522733	2.538637	5.291162
1	93	2.229792	0.640778	3.709932	6.580502
1	94	2.229792	0.600133	3.306630	6.136555
1	95	2.229792	0.440794	1.725588	4.396174
1	96	2.229792	0.520917	2.520610	5.271319
1	97	2.229792	0.686090	4.159541	7.075423
1	98	2.229792	0.498644	2.299609	5.028046
1	99	2.229792	0.472006	2.035294	4.737092
2	0	2.117766	0.503817	2.774645	5.396228
2	1	2.117766	0.571831	3.025810	5.715407
2	2	2.117766	0.504109	2.671615	5.293490
2	3	2.117766	0.512836	2.440427	5.071029
2	4	2.117766	0.589843	3.204535	5.912145
2	5	2.117766	0.557125	2.879888	5.554780
2	6	2.117766	0.603140	3.336472	6.057379
2	7	2.117766	0.555182	2.860609	5.533557
2	8	2.117766	0.492529	2.238934	4.849230
2	9	2.117766	0.492681	2.240442	4.850889
2	10	2.117766	0.617338	3.477354	6.212458
2	11	2.117766	0.551668	2.878708	5.548143
2	12	2.117766	0.579934	3.106211	5.803911
2	13	2.117766	0.601035	3.315580	6.034381
2	14	2.117766	0.506819	2.380730	5.005315
2	15	2.117766	0.460214	1.918289	4.496270
2	16	2.117766	0.450517	1.822072	4.390355
2	17	2.117766	0.642274	3.724773	6.484813
2	18	2.117766	0.565063	2.958654	5.641483
2	19	2.117766	0.562732	2.935525	5.616024
2	20	2.117766	0.513351	2.445536	5.076653
2	21	2.117766	0.421578	1.534925	4.074269
2	22	2.117766	0.586029	3.166685	5.870480
2	23	2.117766	0.606710	3.371897	6.096373
2	24	2.117766	0.491709	2.230796	4.840271
2	25	2.117766	0.635904	3.661576	6.415247
2	26	2.117766	0.601035	3.315580	6.034381
2	27	2.117766	0.627540	3.578582	6.323889
2	28	2.117766	0.450517	1.822072	4.390355
2	29	2.117766	0.421578	1.534925	4.074269
2	30	2.117766	0.491709	2.230796	4.840271
2	31	2.117766	0.565761	2.965576	5.649103
2	32	2.117766	0.467919	1.994736	4.580421
2	33	2.117766	0.565063	2.958654	5.641483
2	34	2.117766	0.490618	2.219971	4.828355
2	35	2.117766	0.601035	3.315580	6.034381
2	36	2.117766	0.506513	2.377686	5.001965
2	37	2.117766	0.512212	2.434234	5.064212
2	38	2.117766	0.623176	3.588244	6.329186
2	39	2.117766	0.559171	2.900190	5.577127
2	40	2.117766	0.567284	2.980690	5.665741
2	41	2.117766	0.620330	3.507038	6.245134
2	42	2.117766	0.603140	3.336472	6.057379
2	43	2.117766	0.562732	2.935525	5.616024
2	44	2.117766	0.493170	2.245297	4.856234
2	45	2.117766	0.574578	3.053067	5.745411
2	46	2.117766	0.450517	1.822072	4.390355
2	47	2.117766	0.575253	3.059757	5.752776
2	48	2.117766	0.512836	2.440427	5.071029
2	49	2.117766	0.670607	4.005915	6.794289
2	50	2.117766	0.555182	2.860609	5.533557
2	51	2.117766	0.506819	2.380730	5.005315
2	52	2.117766	0.627276	3.575960	6.321002
2	53	2.117766	0.670607	4.005915	6.794289
2	54	2.117766	0.492681	2.240442	4.850889
2	55	2.117766	0.574578	3.053067	5.745411
2	56	2.117766	0.589843	3.204535	5.912145
2	57	2.117766	0.557125	2.879888	5.554780
2	58	2.117766	0.574706	3.054336	5.746808
2	59	2.117766	0.579934	3.106211	5.803911
2	60	2.117766	0.518270	2.494348	5.130384
2	61	2.117766	0.492529	2.238934	4.849230
2	62	2.117766	0.571831	3.025810	5.715407
2	63	2.117766	0.567284	2.980690	5.665741
2	64	2.117766	0.565761	2.965576	5.649103
2	65	2.117766	0.674699	4.046519	6.838984
2	66	2.117766	0.546797	2.777409	5.441972
2	67	2.117766	0.586029	3.166685	5.870480
2	68	2.117766	0.488424	2.515980	5.122170
2	69	2.117766	0.441357	1.731182	4.290306
2	70	2.117766	0.571831	3.025810	5.715407
2	71	2.117766	0.512836	2.440427	5.071029
2	72	2.117766	0.516420	2.475993	5.110179
2	73	2.117766	0.627540	3.578582	6.323889
2	74	2.117766	0.555892	2.867653	5.541312
2	75	2.117766	0.513351	2.445536	5.076653
2	76	2.117766	0.580122	3.108074	5.805962
2	77	2.117766	0.579934	3.106211	5.803911
2	78	2.117766	0.575253	3.059757	5.752776
2	79	2.117766	0.624302	3.546446	6.288514
2	80	2.117766	0.558155	3.154923	5.830844
2	81	2.117766	0.582113	3.127833	5.827713
2	82	2.117766	0.620330	3.507038	6.245134
2	83	2.117766	0.552914	3.208848	5.879528
2	84	2.117766	0.494606	2.259542	4.871915
2	85	2.117766	0.570591	3.013499	5.701856
2	86	2.117766	0.512212	2.434234	5.064212
2	87	2.117766	0.574578	3.053067	5.745411
2	88	2.117766	0.467919	1.994736	4.580421
2	89	2.117766	0.542966	2.739393	5.400126
2	90	2.117766	0.551258	3.086491	5.755515
2	91	2.117766	0.350709	1.838037	4.306512
2	92	2.117766	0.534797	3.135010	5.787573
2	93	2.117766	0.512212	2.434234	5.064212
2	94	2.117766	0.612011	3.424497	6.154274
2	95	2.117766	0.557125	2.879888	5.554780
2	96	2.117766	0.518710	2.498716	5.135192
2	97	2.117766	0.492529	2.238934	4.849230
2	98	2.117766	0.492681	2.240442	4.850889
2	99	2.117766	0.589843	3.204535	5.912145
3	0	2.354841	0.593266	3.238494	6.186601
3	1	2.354841	0.630168	3.710580	6.695589
3	2	2.354841	0.540034	2.710297	5.605172
3	3	2.354841	0.569934	3.006989	5.931765
3	4	2.354841	0.527503	2.585961	5.468305
3	5	2.354841	0.527503	2.585961	5.468305
3	6	2.354841	0.524262	2.553803	5.432906
3	7	2.354841	0.488845	2.202375	5.046060
3	8	2.354841	0.425014	2.310504	5.090359
3	9	2.354841	0.532164	2.632207	5.519212
3	10	2.354841	0.494446	2.257955	5.107242
3	11	2.354841	0.491175	2.225495	5.071511
3	12	2.354841	0.588087	3.398963	6.341891
3	13	2.354841	0.512160	2.433725	5.300727
3	14	2.354841	0.496605	2.279372	5.130818
3	15	2.354841	0.463803	1.953898	4.772542
3	16	2.354841	0.557523	3.042726	5.955090
3	17	2.354841	0.527687	2.587793	5.470321
3	18	2.354841	0.518689	2.498502	5.372032
3	19	2.354841	0.499277	2.305892	5.160010
3	20	2.354841	0.527687	2.587793	5.470321
3	21	2.354841	0.524255	2.553739	5.432835
3	22	2.354841	0.488940	2.203324	5.047106
3	23	2.354841	0.569611	3.003778	5.928230
3	24	2.354841	0.491175	2.225495	5.071511
3	25	2.354841	0.577959	3.086607	6.019407
3	26	2.354841	0.612617	3.430511	6.397969
3	27	2.354841	0.549387	2.803110	5.707338
3	28	2.354841	0.518689	2.498502	5.372032
3	29	2.354841	0.556506	2.873743	5.785090
3	30	2.354841	0.439072	1.708510	4.502424
3	31	2.354841	0.566700	2.974892	5.896432
3	32	2.354841	0.565598	2.963962	5.884401
3	33	2.354841	0.588503	3.191235	6.134579
3	34	2.354841	0.470100	2.016382	4.841324
3	35	2.354841	0.540328	3.083966	5.979136
3	36	2.354841	0.552329	2.832294	5.739463
3	37	2.354841	0.491175	2.225495	5.071511
3	38	2.354841	0.527687	2.587793	5.470321
3	39	2.354841	0.654906	3.850114	6.859861
3	40	2.354841	0.474518	2.060217	4.889576
3	41	2.354841	0.575525	3.062464	5.992831
3	42	2.354841	0.526975	2.580722	5.462538
3	43	2.354841	0.496605	2.279372	5.130818
3	44	2.354841	0.496341	2.276758	5.127940
3	45	2.354841	0.526975	2.580722	5.462538
3	46	2.354841	0.549387	2.803110	5.707338
3	47	2.354841	0.499277	2.305892	5.160010
3	48	2.354841	0.605202	3.409896	6.369939
3	49	2.354841	0.600277	3.308062	6.263180
3	50	2.354841	0.488845	2.202375	5.046060
3	51	2.354841	0.600955	3.420717	6.376513
3	52	2.354841	0.531043	2.621083	5.506967
3	53	2.354841	0.526975	2.580722	5.462538
3	54	2.354841	0.491572	2.229437	5.075850
3	55	2.354841	0.494907	2.262527	5.112275
3	56	2.354841	0.576328	3.070427	6.001596
3	57	2.354841	0.545717	2.766695	5.667253
3	58	2.354841	0.552329	2.832294	5.739463
3	59	2.354841	0.489052	2.204433	5.048326
3	60	2.354841	0.559661	2.905048	5.819550
3	61	2.354841	0.474518	2.060217	4.889576
3	62	2.354841	0.599697	3.302308	6.256846
3	63	2.354841	0.526975	2.580722	5.462538
3	64	2.354841	0.439072	1.708510	4.502424
3	65	2.354841	0.491175	2.225495	5.071511
3	66	2.354841	0.528262	2.593491	5.476594
3	67	2.354841	0.488940	2.203324	5.047106
3	68	2.354841	0.588087	3.398963	6.341891
3	69	2.354841	0.496605	2.279372	5.130818
3	70	2.354841	0.489213	2.206029	5.050083
3	71	2.354841	0.496341	2.276758	5.127940
3	72	2.354841	0.576328	3.070427	6.001596
3	73	2.354841	0.501647	2.329404	5.185892
3	74	2.354841	0.609517	3.399745	6.364103
3	75	2.354841	0.594115	3.352847	6.301803
3	76	2.354841	0.488845	2.202375	5.046060
3	77	2.354841	0.429400	1.612534	4.396776
3	78	2.354841	0.592786	3.233737	6.181365
3	79	2.354841	0.540034	2.710297	5.605172
3	80	2.354841	0.470100	2.016382	4.841324
3	81	2.354841	0.592118	3.333034	6.279993
3	82	2.354841	0.527687	2.587793	5.470321
3	83	2.354841	0.456266	1.879116	4.690224
3	84	2.354841	0.490241	2.216233	5.061316
3	85	2.354841	0.519224	2.503816	5.377881
3	86	2.354841	0.492747	2.241092	5.088680
3	87	2.354841	0.524392	2.555098	5.434331
3	88	2.354841	0.526975	2.580722	5.462538
3	89	2.354841	0.446691	1.784110	4.585643
3	90	2.354841	0.463803	1.953898	4.772542
3	91	2.354841	0.491892	2.232613	5.079347
3	92	2.354841	0.491175	2.225495	5.071511
3	93	2.354841	0.507018	2.382698	5.244557
3	94	2.354841	0.549387	2.803110	5.707338
3	95	2.354841	0.594879	3.254499	6.204219
3	96	2.354841	0.527503	2.585961	5.468305
3	97	2.354841	0.623166	3.535176	6.513182
3	98	2.354841	0.517600	2.487703	5.360145
3	99	2.354841	0.577838	3.085407	6.018086
4	0	2.353233	0.564556	2.953622	5.871411
4	1	2.353233	0.505233	2.364989	5.223455
4	2	2.353233	0.483692	2.151248	4.988172
4	3	2.353233	0.566386	2.971779	5.891398
4	4	2.353233	0.514859	2.460503	5.328595
4	5	2.353233	0.514885	2.831503	5.699621
4	6	2.353233	0.486588	2.179986	5.019807
4	7	2.353233	0.552967	2.838626	5.744826
4	8	2.353233	0.516117	2.472987	5.342336
4	9	2.353233	0.479250	2.107175	4.939658
4	10	2.353233	0.561140	2.919724	5.834096
4	11	2.353233	0.563298	3.205958	6.122489
4	12	2.353233	0.503118	2.344004	5.200355
4	13	2.353233	0.548521	2.794517	5.696271
4	14	2.353233	0.483692	2.151248	4.988172
4	15	2.353233	0.494421	2.257704	5.105357
4	16	2.353233	0.595966	3.265286	6.214485
4	17	2.353233	0.577181	3.237781	6.168194
4	18	2.353233	0.499702	2.310103	5.163037
4	19	2.353233	0.514885	2.831503	5.699621
4	20	2.353233	0.595966	3.265286	6.214485
4	21	2.353233	0.542272	2.732511	5.628016
4	22	2.353233	0.486588	2.179986	5.019807
4	23	2.353233	0.578060	3.087613	6.018905
4	24	2.353233	0.626432	3.567588	6.547253
4	25	2.353233	0.650881	3.810185	6.814299
4	26	2.353233	0.597861	3.284093	6.235187
4	27	2.353233	0.456562	1.882051	4.691846
4	28	2.353233	0.565529	2.963270	5.882032
4	29	2.353233	0.565529	2.963270	5.882032
4	30	2.353233	0.543823	2.747894	5.644950
4	31	2.353233	0.543540	2.745090	5.641863
4	32	2.353233	0.564556	2.953622	5.871411
4	33	2.353233	0.578060	3.087613	6.018905
4	34	2.353233	0.456121	1.877677	4.687031
4	35	2.353233	0.497787	2.291105	5.142124
4	36	2.353233	0.526554	2.576543	5.456329
4	37	2.353233	0.514598	2.457910	5.325741
4	38	2.353233	0.548521	2.794517	5.696271
4	39	2.353233	0.514623	2.458160	5.326016
4	40	2.353233	0.507108	2.383589	5.243929
4	41	2.353233	0.563298	3.205958	6.122489
4	42	2.353233	0.515282	2.464697	5.333211
4	43	2.353233	0.602242	3.327558	6.283032
4	44	2.353233	0.553452	2.843437	5.750122
4	45	2.353233	0.549426	3.227205	6.129864
4	46	2.353233	0.602242	3.327558	6.283032
4	47	2.353233	0.518035	2.492014	5.363282
4	48	2.353233	0.507108	2.383589	5.243929
4	49	2.353233	0.516117	2.472987	5.342336
4	50	2.353233	0.565904	3.019964	5.939101
4	51	2.353233	0.597861	3.284093	6.235187
4	52	2.353233	0.518453	2.496168	5.367854
4	53	2.353233	0.596840	3.273955	6.224027
4	54	2.353233	0.574067	3.047997	5.975297
4	55	2.353233	0.578060	3.087613	6.018905
4	56	2.353233	0.561140	2.919724	5.834096
4	57	2.353233	0.514623	2.458160	5.326016
4	58	2.353233	0.514598	2.457910	5.325741
4	59	2.353233	0.548521	2.794517	5.696271
4	60	2.353233	0.621927	3.522888	6.498048
4	61	2.353233	0.514859	2.460503	5.328595
4	62	2.353233	0.542272	2.732511	5.628016
4	63	2.353233	0.543540	2.745090	5.641863
4	64	2.353233	0.584999	3.421285	6.359516
4	65	2.353233	0.506611	2.378661	5.238505
4	66	2.353233	0.514598	2.457910	5.325741
4	67	2.353233	0.518035	2.492014	5.363282
4	68	2.353233	0.568877	2.996500	5.918610
4	69	2.353233	0.486588	2.179986	5.019807
4	70	2.353233	0.578060	3.087613	6.018905
4	71	2.353233	0.539144	2.701473	5.593850
4	72	2.353233	0.625646	3.559782	6.538660
4	73	2.353233	0.497787	2.291105	5.142124
4	74	2.353233	0.512361	2.435719	5.301313
4	75	2.353233	0.566386	2.971779	5.891398
4	76	2.353233	0.531338	2.624018	5.508589
4	77	2.353233	0.518453	2.496168	5.367854
4	78	2.353233	0.486721	2.816872	5.656826
4	79	2.353233	0.548521	2.794517	5.696271
4	80	2.353233	0.565529	2.963270	5.882032
4	81	2.353233	0.551720	2.826259	5.731211
4	82	2.353233	0.440285	1.720540	4.514057
4	83	2.353233	0.566386	2.971779	5.891398
4	84	2.353233	0.507108	2.383589	5.243929
4	85	2.353233	0.574365	3.050947	5.978544
4	86	2.353233	0.640144	3.703645	6.697022
4	87	2.353233	0.553452	2.843437	5.750122
4	88	2.353233	0.626432	3.567588	6.547253
4	89	2.353233	0.561608	2.924372	5.839213
4	90	2.353233	0.621927	3.522888	6.498048
4	91	2.353233	0.557339	3.146833	6.057405
4	92	2.353233	0.566386	2.971779	5.891398
4	93	2.353233	0.575563	3.062839	5.991635
4	94	2.353233	0.515282	2.464697	5.333211
4	95	2.353233	0.600539	3.310666	6.264438
4	96	2.353233	0.539144	2.701473	5.593850
4	97	2.353233	0.499184	2.304967	5.157384
4	98	2.353233	0.499702	2.310103	5.163037
4	99	2.353233	0.545105	2.760623	5.658961
5	0	2.327644	0.519657	2.508110	5.355411
5	1	2.327644	0.553386	2.842784	5.723813
5	2	2.327644	0.579603	3.102924	6.010171
5	3	2.327644	0.506387	2.376439	5.210470
5	4	2.327644	0.633179	3.634530	6.595353
5	5	2.327644	0.539413	2.704136	5.571193
5	6	2.327644	0.553596	2.844868	5.726108
5	7	2.327644	0.504608	2.358787	5.191039
5	8	2.327644	0.480739	2.121949	4.930332
5	9	2.327644	0.479399	2.691253	5.498296
5	10	2.327644	0.535974	2.670015	5.533633
5	11	2.327644	0.559426	2.902723	5.789793
5	12	2.327644	0.506131	2.373894	5.207669
5	13	2.327644	0.597181	3.277340	6.202165
5	14	2.327644	0.551093	2.820032	5.698768
5	15	2.327644	0.506387	2.376439	5.210470
5	16	2.327644	0.520262	2.514114	5.362020
5	17	2.327644	0.526753	2.578522	5.432920
5	18	2.327644	0.490945	2.223219	5.041809
5	19	2.327644	0.570183	3.009453	5.907280
5	20	2.327644	0.598850	3.293901	6.220395
5	21	2.327644	0.515689	2.468741	5.312074
5	22	2.327644	0.506054	2.373134	5.206832
5	23	2.327644	0.484940	2.163636	4.976220
5	24	2.327644	0.536888	2.679081	5.543613
5	25	2.327644	0.551275	2.821844	5.700763
5	26	2.327644	0.595172	3.257405	6.180221
5	27	2.327644	0.551093	2.820032	5.698768
5	28	2.327644	0.506131	2.373894	5.207669
5	29	2.327644	0.539413	2.704136	5.571193
5	30	2.327644	0.536888	2.679081	5.543613
5	31	2.327644	0.559426	2.902723	5.789793
5	32	2.327644	0.475553	2.070493	4.873690
5	33	2.327644	0.494560	2.259083	5.081287
5	34	2.327644	0.488001	2.194008	5.009653
5	35	2.327644	0.535622	2.931344	5.794610
5	36	2.327644	0.535974	2.670015	5.533633
5	37	2.327644	0.585813	3.164548	6.078005
5	38	2.327644	0.470820	2.023523	4.821987
5	39	2.327644	0.506054	2.373134	5.206832
5	40	2.327644	0.527811	2.589015	5.444470
5	41	2.327644	0.594839	3.254105	6.176588
5	42	2.327644	0.521122	2.522650	5.371416
5	43	2.327644	0.579603	3.102924	6.010171
5	44	2.327644	0.494560	2.259083	5.081287
5	45	2.327644	0.583124	3.296755	6.207523
5	46	2.327644	0.445944	1.776694	4.550282
5	47	2.327644	0.512435	2.966083	5.806161
5	48	2.327644	0.624454	3.653883	6.605981
5	49	2.327644	0.490945	2.223219	5.041809
5	50	2.327644	0.431672	1.635083	4.394400
5	51	2.327644	0.568817	2.995903	5.892364
5	52	2.327644	0.595172	3.257405	6.180221
5	53	2.327644	0.475553	2.070493	4.873690
5	54	2.327644	0.620878	3.512475	6.460997
5	55	2.327644	0.583437	3.140969	6.052050
5	56	2.327644	0.475778	2.072719	4.876141
5	57	2.327644	0.607637	3.381095	6.316377
5	58	2.327644	0.557022	3.037759	5.922425
5	59	2.327644	0.522965	2.540933	5.391542
5	60	2.327644	0.610038	3.404917	6.342599
5	61	2.327644	0.571341	3.020945	5.919930
5	62	2.327644	0.421023	1.529410	4.278077
5	63	2.327644	0.622558	3.529150	6.479353
5	64	2.327644	0.583437	3.140969	6.052050
5	65	2.327644	0.504208	2.354816	5.186668
5	66	2.327644	0.468941	2.004881	4.801466
5	67	2.327644	0.539266	2.702676	5.569586
5	68	2.327644	0.480739	2.121949	4.930332
5	69	2.327644	0.520262	2.514114	5.362020
5	70	2.327644	0.579603	3.102924	6.010171
5	71	2.327644	0.571341	3.020945	5.919930
5	72	2.327644	0.535868	2.668966	5.532478
5	73	2.327644	0.470820	2.023523	4.821987
5	74	2.327644	0.622558	3.529150	6.479353
5	75	2.327644	0.525725	2.992025	5.845394
5	76	2.327644	0.547969	2.789034	5.664647
5	77	2.327644	0.541657	2.726406	5.595707
5	78	2.327644	0.484940	2.163636	4.976220
5	79	2.327644	0.470820	2.023523	4.821987
5	80	2.327644	0.593818	3.243968	6.165430
5	81	2.327644	0.498242	2.772294	5.598180
5	82	2.327644	0.553386	2.842784	5.723813
5	83	2.327644	0.506131	2.373894	5.207669
5	84	2.327644	0.494560	2.259083	5.081287
5	85	2.327644	0.551093	2.820032	5.698768
5	86	2.327644	0.504208	2.354816	5.186668
5	87	2.327644	0.579603	3.102924	6.010171
5	88	2.327644	0.564969	2.957720	5.850333
5	89	2.327644	0.617516	3.479119	6.424279
5	90	2.327644	0.526244	2.573469	5.427356
5	91	2.327644	0.559426	2.902723	5.789793
5	92	2.327644	0.512798	2.440049	5.280491
5	93	2.327644	0.553596	2.844868	5.726108
5	94	2.327644	0.583124	3.296755	6.207523
5	95	2.327644	0.549555	2.804778	5.681977
5	96	2.327644	0.561618	2.924466	5.813727
5	97	2.327644	0.575763	3.064825	5.968232
5	98	2.327644	0.620878	3.512475	6.460997
5	99	2.327644	0.485986	2.174012	4.987642
6	0	2.291410	0.450752	1.824402	4.566564
6	1	2.291410	0.571954	3.027026	5.890390
6	2	2.291410	0.491793	2.231632	5.014834
6	3	2.291410	0.616360	3.467650	6.375420
6	4	2.291410	0.561811	2.926386	5.779607
6	5	2.291410	0.532899	2.639506	5.463815
6	6	2.291410	0.540339	2.713324	5.545073
6	7	2.291410	0.606065	3.524384	6.421858
6	8	2.291410	0.468990	2.005364	4.765764
6	9	2.291410	0.534192	2.652335	5.477937
6	10	2.291410	0.558058	2.889141	5.738609
6	11	2.291410	0.598784	3.293253	6.183447
6	12	2.291410	0.502973	2.342567	5.136950
6	13	2.291410	0.516367	2.740284	5.548061
6	14	2.291410	0.502973	2.342567	5.136950
6	15	2.291410	0.450752	1.824402	4.566564
6	16	2.291410	0.501038	2.323359	5.115806
6	17	2.291410	0.501038	2.323359	5.115806
6	18	2.291410	0.525100	2.562116	5.378626
6	19	2.291410	0.532206	2.632626	5.456241
6	20	2.291410	0.528558	2.596430	5.416397
6	21	2.291410	0.536083	2.671097	5.498589
6	22	2.291410	0.578632	3.093294	5.963336
6	23	2.291410	0.518024	2.491903	5.301336
6	24	2.291410	0.590071	3.206792	6.088273
6	25	2.291410	0.529297	2.603762	5.424469
6	26	2.291410	0.681485	4.113845	7.086739
6	27	2.291410	0.514840	2.460315	5.266565
6	28	2.291410	0.503584	2.348626	5.143620
6	29	2.291410	0.500576	2.318783	5.110769
6	30	2.291410	0.547604	2.785419	5.624434
6	31	2.291410	0.495391	2.796965	5.583766
6	32	2.291410	0.574671	3.053991	5.920072
6	33	2.291410	0.611301	3.417450	6.320161
6	34	2.291410	0.528106	2.803796	5.623311
6	35	2.291410	0.508681	2.399199	5.199290
6	36	2.291410	0.571954	3.027026	5.890390
6	37	2.291410	0.534192	2.652335	5.477937
6	38	2.291410	0.485543	2.169613	4.946565
6	39	2.291410	0.584869	3.155178	6.031457
6	40	2.291410	0.532899	2.639506	5.463815
6	41	2.291410	0.571954	3.027026	5.890390
6	42	2.291410	0.468990	2.005364	4.765764
6	43	2.291410	0.548045	2.789792	5.629247
6	44	2.291410	0.502973	2.342567	5.136950
6	45	2.291410	0.558058	2.889141	5.738609
6	46	2.291410	0.649590	3.797374	6.738374
6	47	2.291410	0.546366	2.773133	5.610909
6	48	2.291410	0.468990	2.005364	4.765764
6	49	2.291410	0.563478	2.942922	5.797809
6	50	2.291410	0.497310	2.286375	5.075095
6	51	2.291410	0.514840	2.460315	5.266565
6	52	2.291410	0.501038	2.323359	5.115806
6	53	2.291410	0.468990	2.005364	4.765764
6	54	2.291410	0.563478	2.942922	5.797809
6	55	2.291410	0.442167	1.739217	4.472794
6	56	2.291410	0.487143	2.185492	4.964045
6	57	2.291410	0.550246	2.811625	5.653280
6	58	2.291410	0.508681	2.399199	5.199290
6	59	2.291410	0.508681	2.399199	5.199290
6	60	2.291410	0.547604	2.785419	5.624434
6	61	2.291410	0.571954	3.027026	5.890390
6	62	2.291410	0.615830	3.462384	6.369623
6	63	2.291410	0.429142	1.609975	4.330527
6	64	2.291410	0.534192	2.652335	5.477937
6	65	2.291410	0.516998	2.481727	5.290135
6	66	2.291410	0.508681	2.399199	5.199290
6	67	2.291410	0.590071	3.206792	6.088273
6	68	2.291410	0.623903	3.542491	6.457803
6	69	2.291410	0.514840	2.460315	5.266565
6	70	2.291410	0.596461	3.270194	6.158064
6	71	2.291410	0.596945	3.380924	6.269278
6	72	2.291410	0.532206	2.632626	5.456241
6	73	2.291410	0.504747	2.836840	5.632997
6	74	2.291410	0.532899	2.639506	5.463815
6	75	2.291410	0.558058	2.889141	5.738609
6	76	2.291410	0.623188	3.588364	6.502962
6	77	2.291410	0.429517	2.408156	5.129083
6	78	2.291410	0.598784	3.293253	6.183447
6	79	2.291410	0.497598	2.289234	5.078242
6	80	2.291410	0.534192	2.652335	5.477937
6	81	2.291410	0.619816	3.501936	6.413161
6	82	2.291410	0.487143	2.185492	4.964045
6	83	2.291410	0.606065	3.524384	6.421858
6	84	2.291410	0.496113	2.274498	5.062021
6	85	2.291410	0.500576	2.318783	5.110769
6	86	2.291410	0.561811	2.926386	5.779607
6	87	2.291410	0.544613	2.914623	5.750645
6	88	2.291410	0.554378	2.852633	5.698421
6	89	2.291410	0.507388	2.386375	5.185173
6	90	2.291410	0.488335	2.197323	4.977068
6	91	2.291410	0.550246	2.811625	5.653280
6	92	2.291410	0.475025	2.065251	4.831686
6	93	2.291410	0.595521	3.260876	6.147807
6	94	2.291410	0.429142	1.609975	4.330527
6	95	2.291410	0.590071	3.206792	6.088273
6	96	2.291410	0.507388	2.386375	5.185173
6	97	2.291410	0.417735	1.496792	4.205937
6	98	2.291410	0.554316	2.852014	5.697739
6	99	2.291410	0.469835	2.013748	4.774993
7	0	2.135127	0.513105	2.443093	5.091325
7	1	2.135127	0.619965	3.503421	6.258513
7	2	2.135127	0.540742	2.717327	5.393196
7	3	2.135127	0.600288	3.308168	6.043582
7	4	2.135127	0.558893	2.897426	5.591445
7	5	2.135127	0.531655	2.627164	5.293947
7	6	2.135127	0.522597	2.537285	5.195009
7	7	2.135127	0.553241	2.841346	5.529714
7	8	2.135127	0.619869	3.555423	6.310418
7	9	2.135127	0.486877	2.182852	4.804856
7	10	2.135127	0.569400	3.213543	5.918070
7	11	2.135127	0.548563	2.794935	5.478625
7	12	2.135127	0.486877	2.182852	4.804856
7	13	2.135127	0.512672	2.438803	5.086602
7	14	2.135127	0.504101	2.353753	4.992980
7	15	2.135127	0.585379	3.160238	5.880744
7	16	2.135127	0.427078	1.589499	4.151704
7	17	2.135127	0.523919	2.550399	5.209444
7	18	2.135127	0.540742	2.717327	5.393196
7	19	2.135127	0.580900	3.115793	5.831820
7	20	2.135127	0.618008	3.589929	6.343064
7	21	2.135127	0.498800	2.671907	5.305835
7	22	2.135127	0.580900	3.115793	5.831820
7	23	2.135127	0.585379	3.160238	5.880744
7	24	2.135127	0.578750	3.306319	6.020196
7	25	2.135127	0.445101	1.768328	4.348556
7	26	2.135127	0.619851	3.502287	6.257265
7	27	2.135127	0.515290	2.464781	5.115198
7	28	2.135127	0.601622	3.321408	6.058156
7	29	2.135127	0.497660	2.289843	4.922629
7	30	2.135127	0.494995	2.263404	4.893525
7	31	2.135127	0.563338	2.941532	5.639997
7	32	2.135127	0.504101	2.353753	4.992980
7	33	2.135127	0.595328	3.258951	5.989405
7	34	2.135127	0.484049	2.154787	4.773962
7	35	2.135127	0.639200	3.694281	6.468608
7	36	2.135127	0.568048	2.988268	5.691442
7	37	2.135127	0.484819	2.162428	4.782373
7	38	2.135127	0.590980	3.215815	5.941921
7	39	2.135127	0.494995	2.263404	4.893525
7	40	2.135127	0.484049	2.154787	4.773962
7	41	2.135127	0.601622	3.321408	6.058156
7	42	2.135127	0.592747	3.233347	5.961221
7	43	2.135127	0.563338	2.941532	5.639997
7	44	2.135127	0.477156	2.616032	5.228315
7	45	2.135127	0.484819	2.162428	4.782373
7	46	2.135127	0.486877	2.182852	4.804856
7	47	2.135127	0.577575	3.082802	5.795504
7	48	2.135127	0.628427	3.587382	6.350936
7	49	2.135127	0.506495	2.377506	5.019127
7	50	2.135127	0.605439	3.359285	6.099851
7	51	2.135127	0.580900	3.115793	5.831820
7	52	2.135127	0.597080	3.276336	6.008543
7	53	2.135127	0.638464	3.686973	6.460564
7	54	2.135127	0.605439	3.359285	6.099851
7	55	2.135127	0.563338	2.941532	5.639997
7	56	2.135127	0.628427	3.587382	6.350936
7	57	2.135127	0.482935	2.143741	4.761803
7	58	2.135127	0.495451	2.267929	4.898507
7	59	2.135127	0.496512	2.278457	4.910096
7	60	2.135127	0.506495	2.377506	5.019127
7	61	2.135127	0.599849	3.409742	6.144718
7	62	2.135127	0.602149	3.326635	6.063911
7	63	2.135127	0.518068	2.492347	5.145542
7	64	2.135127	0.434972	1.667820	4.237918
7	65	2.135127	0.590789	3.213917	5.939833
7	66	2.135127	0.661063	3.911212	6.707402
7	67	2.135127	0.595328	3.258951	5.989405
7	68	2.135127	0.540742	2.717327	5.393196
7	69	2.135127	0.564939	2.957424	5.657490
7	70	2.135127	0.564939	2.957424	5.657490
7	71	2.135127	0.533521	2.645681	5.314329
7	72	2.135127	0.577575	3.082802	5.795504
7	73	2.135127	0.497660	2.289843	4.922629
7	74	2.135127	0.515038	2.462279	5.112444
7	75	2.135127	0.535784	2.668129	5.339039
7	76	2.135127	0.628427	3.587382	6.350936
7	77	2.135127	0.585379	3.160238	5.880744
7	78	2.135127	0.509512	2.407444	5.052082
7	79	2.135127	0.558043	2.889000	5.582170
7	80	2.135127	0.582257	3.129259	5.846642
7	81	2.135127	0.497660	2.289843	4.922629
7	82	2.135127	0.587693	3.183196	5.906016
7	83	2.135127	0.599849	3.409742	6.144718
7	84	2.135127	0.484049	2.154787	4.773962
7	85	2.135127	0.558492	2.893455	5.587074
7	86	2.135127	0.518068	2.492347	5.145542
7	87	2.135127	0.434972	1.667820	4.237918
7	88	2.135127	0.514371	2.455656	5.105153
7	89	2.135127	0.514371	2.455656	5.105153
7	90	2.135127	0.606276	3.367584	6.108986
7	91	2.135127	0.568048	2.988268	5.691442
7	92	2.135127	0.496512	2.278457	4.910096
7	93	2.135127	0.618008	3.589929	6.343064
7	94	2.135127	0.619965	3.503421	6.258513
7	95	2.135127	0.434972	1.667820	4.237918
7	96	2.135127	0.610034	3.457839	6.202999
7	97	2.135127	0.494995	2.263404	4.893525
7	98	2.135127	0.501559	2.328537	4.965223
7	99	2.135127	0.619965	3.503421	6.258513
8	0	2.297243	0.499116	2.304290	5.100649
8	1	2.297243	0.499116	2.304290	5.100649
8	2	2.297243	0.580548	3.112304	5.990095
8	3	2.297243	0.488133	2.195312	4.980687
8	4	2.297243	0.567352	2.981364	5.845958
8	5	2.297243	0.561730	2.925578	5.784550
8	6	2.297243	0.568164	2.989419	5.854825
8	7	2.297243	0.533301	2.643493	5.474037
8	8	2.297243	0.560279	2.911180	5.768701
8	9	2.297243	0.509588	2.408205	5.215035
8	10	2.297243	0.587279	3.232058	6.116580
8	11	2.297243	0.475827	2.073209	4.846279
8	12	2.297243	0.640514	3.707315	6.645072
8	13	2.297243	0.466315	1.978825	4.742383
8	14	2.297243	0.608711	3.391752	6.297705
8	15	2.297243	0.503231	2.715870	5.516343
8	16	2.297243	0.478314	2.097881	4.873437
8	17	2.297243	0.501360	2.326563	5.125166
8	18	2.297243	0.478314	2.097881	4.873437
8	19	2.297243	0.431858	1.636923	4.366024
8	20	2.297243	0.501168	2.324656	5.123067
8	21	2.297243	0.501168	2.324656	5.123067
8	22	2.297243	0.624829	3.551676	6.473747
8	23	2.297243	0.567352	2.981364	5.845958
8	24	2.297243	0.561730	2.925578	5.784550
8	25	2.297243	0.444391	1.761288	4.502922
8	26	2.297243	0.466732	2.618532	5.382507
8	27	2.297243	0.611020	3.414665	6.322928
8	28	2.297243	0.565725	2.965221	5.828189
8	29	2.297243	0.590932	3.374225	6.262400
8	30	2.297243	0.475827	2.073209	4.846279
8	31	2.297243	0.466315	1.978825	4.742383
8	32	2.297243	0.578077	3.087781	5.963101
8	33	2.297243	0.541640	2.726235	5.565118
8	34	2.297243	0.461694	1.932976	4.691912
8	35	2.297243	0.507292	2.385421	5.189956
8	36	2.297243	0.540500	2.714930	5.552673
8	37	2.297243	0.646758	3.769266	6.713266
8	38	2.297243	0.573101	3.038408	5.908752
8	39	2.297243	0.422093	2.122631	4.841966
8	40	2.297243	0.533301	2.643493	5.474037
8	41	2.297243	0.634014	3.642820	6.574077
8	42	2.297243	0.560279	2.911180	5.768701
8	43	2.297243	0.540500	2.714930	5.552673
8	44	2.297243	0.503231	2.715870	5.516343
8	45	2.297243	0.492776	2.241388	5.031407
8	46	2.297243	0.495290	2.266327	5.058860
8	47	2.297243	0.475827	2.073209	4.846279
8	48	2.297243	0.524672	2.557871	5.379785
8	49	2.297243	0.533594	2.646399	5.477235
8	50	2.297243	0.578077	3.087781	5.963101
8	51	2.297243	0.475827	2.073209	4.846279
8	52	2.297243	0.567352	2.981364	5.845958
8	53	2.297243	0.492776	2.241388	5.031407
8	54	2.297243	0.501360	2.326563	5.125166
8	55	2.297243	0.571962	3.133034	6.002239
8	56	2.297243	0.579111	3.098039	5.974392
8	57	2.297243	0.466315	1.978825	4.742383
8	58	2.297243	0.507490	2.387382	5.192115
8	59	2.297243	0.609953	3.404068	6.311263
8	60	2.297243	0.533594	2.646399	5.477235
8	61	2.297243	0.602322	3.328356	6.227921
8	62	2.297243	0.540405	2.713983	5.551631
8	63	2.297243	0.492776	2.241388	5.031407
8	64	2.297243	0.516032	2.472144	5.285419
8	65	2.297243	0.509376	2.406101	5.212719
8	66	2.297243	0.533301	2.643493	5.474037
8	67	2.297243	0.499116	2.304290	5.100649
8	68	2.297243	0.508163	2.394061	5.199467
8	69	2.297243	0.514988	2.461779	5.274009
8	70	2.297243	0.543796	2.853560	5.694599
8	71	2.297243	0.495290	2.266327	5.058860
8	72	2.297243	0.497167	2.284955	5.079364
8	73	2.297243	0.581122	3.117992	5.996356
8	74	2.297243	0.475827	2.073209	4.846279
8	75	2.297243	0.557130	2.879931	5.734303
8	76	2.297243	0.578077	3.087781	5.963101
8	77	2.297243	0.552911	2.838074	5.688227
8	78	2.297243	0.473057	2.045718	4.816018
8	79	2.297243	0.431858	1.636923	4.366024
8	80	2.297243	0.595190	3.257582	6.150014
8	81	2.297243	0.611020	3.414665	6.322928
8	82	2.297243	0.516032	2.472144	5.285419
8	83	2.297243	0.492776	2.241388	5.031407
8	84	2.297243	0.541640	2.726235	5.565118
8	85	2.297243	0.568164	2.989419	5.854825
8	86	2.297243	0.523253	2.543792	5.364288
8	87	2.297243	0.506928	2.381807	5.185977
8	88	2.297243	0.578077	3.087781	5.963101
8	89	2.297243	0.478629	2.101009	4.876880
8	90	2.297243	0.565774	2.965708	5.828725
8	91	2.297243	0.533594	2.646399	5.477235
8	92	2.297243	0.589917	3.311190	6.198349
8	93	2.297243	0.495290	2.266327	5.058860
8	94	2.297243	0.563279	2.940953	5.801475
8	95	2.297243	0.498051	2.293724	5.089017
8	96	2.297243	0.508163	2.394061	5.199467
8	97	2.297243	0.636076	3.716244	6.649563
8	98	2.297243	0.495290	2.266327	5.058860
8	99	2.297243	0.507490	2.387382	5.192115
9	0	2.244732	0.489153	2.205434	4.939318
9	1	2.244732	0.570975	3.017318	5.833025
9	2	2.244732	0.485281	2.167013	4.897026
9	3	2.244732	0.474588	2.060909	4.780228
9	4	2.244732	0.513834	2.450328	5.208893
9	5	2.244732	0.564875	2.956785	5.766392
9	6	2.244732	0.437184	1.689768	4.371683
9	7	2.244732	0.601332	3.318526	6.164589
9	8	2.244732	0.543163	2.741347	5.529242
9	9	2.244732	0.608421	3.388871	6.242024
9	10	2.244732	0.439689	1.714630	4.399051
9	11	2.244732	0.598016	3.285628	6.128376
9	12	2.244732	0.479746	2.112091	4.836568
9	13	2.244732	0.502892	2.341762	5.089386
9	14	2.244732	0.541332	2.723184	5.509248
9	15	2.244732	0.658809	3.888850	6.792391
9	16	2.244732	0.518566	2.497284	5.260582
9	17	2.244732	0.485281	2.167013	4.897026
9	18	2.244732	0.577092	3.078005	5.899828
9	19	2.244732	0.484216	2.156447	4.885395
9	20	2.244732	0.450047	1.817405	4.512184
9	21	2.244732	0.518114	2.492797	5.255642
9	22	2.244732	0.534838	2.870594	5.650163
9	23	2.244732	0.577092	3.078005	5.899828
9	24	2.244732	0.548076	3.054912	5.847719
9	25	2.244732	0.598016	3.285628	6.128376
9	26	2.244732	0.604954	3.354471	6.204157
9	27	2.244732	0.513941	2.716215	5.474888
9	28	2.244732	0.516582	2.742418	5.503732
9	29	2.244732	0.524142	2.552609	5.321483
9	30	2.244732	0.562615	2.934361	5.741708
9	31	2.244732	0.541332	2.723184	5.509248
9	32	2.244732	0.574765	3.054922	5.874419
9	33	2.244732	0.607931	3.384011	6.236674
9	34	2.244732	0.567967	2.987466	5.800165
9	35	2.244732	0.590550	3.211549	6.046831
9	36	2.244732	0.474588	2.060909	4.780228
9	37	2.244732	0.513169	2.443736	5.201637
9	38	2.244732	0.597673	3.335187	6.177592
9	39	2.244732	0.577389	3.080959	5.903080
9	40	2.244732	0.570975	3.017318	5.833025
9	41	2.244732	0.518384	2.972154	5.735270
9	42	2.244732	0.488884	2.202762	4.936378
9	43	2.244732	0.640345	3.705635	6.590712
9	44	2.244732	0.495623	2.269635	5.009990
9	45	2.244732	0.418878	1.508127	4.171736
9	46	2.244732	0.484216	2.156447	4.885395
9	47	2.244732	0.497373	2.286996	5.029100
9	48	2.244732	0.524665	2.557799	5.327195
9	49	2.244732	0.570975	3.017318	5.833025
9	50	2.244732	0.577092	3.078005	5.899828
9	51	2.244732	0.551021	2.819317	5.615070
9	52	2.244732	0.508810	2.400485	5.154028
9	53	2.244732	0.518566	2.497284	5.260582
9	54	2.244732	0.554810	2.856918	5.656460
9	55	2.244732	0.590550	3.211549	6.046831
9	56	2.244732	0.561858	2.926848	5.733438
9	57	2.244732	0.514960	2.461508	5.221200
9	58	2.244732	0.590550	3.211549	6.046831
9	59	2.244732	0.548076	3.054912	5.847719
9	60	2.244732	0.467795	1.993507	4.706034
9	61	2.244732	0.599564	3.300984	6.145280
9	62	2.244732	0.508810	2.400485	5.154028
9	63	2.244732	0.485281	2.167013	4.897026
9	64	2.244732	0.501006	2.323044	5.068782
9	65	2.244732	0.546450	2.773963	5.565145
9	66	2.244732	0.513834	2.450328	5.208893
9	67	2.244732	0.577092	3.078005	5.899828
9	68	2.244732	0.540882	2.718713	5.504327
9	69	2.244732	0.543163	2.741347	5.529242
9	70	2.244732	0.536835	2.996338	5.777904
9	71	2.244732	0.628589	3.588987	6.462307
9	72	2.244732	0.601332	3.318526	6.164589
9	73	2.244732	0.513169	2.443736	5.201637
9	74	2.244732	0.479746	2.112091	4.836568
9	75	2.244732	0.540882	2.718713	5.504327
9	76	2.244732	0.564875	2.956785	5.766392
9	77	2.244732	0.607931	3.384011	6.236674
9	78	2.244732	0.543163	2.741347	5.529242
9	79	2.244732	0.513169	2.443736	5.201637
9	80	2.244732	0.546450	2.773963	5.565145
9	81	2.244732	0.541402	2.723875	5.510009
9	82	2.244732	0.605844	3.363304	6.213880
9	83	2.244732	0.546450	2.773963	5.565145
9	84	2.244732	0.550598	2.815118	5.610447
9	85	2.244732	0.550598	2.815118	5.610447
9	86	2.244732	0.484216	2.156447	4.885395
9	87	2.244732	0.561858	2.926848	5.733438
9	88	2.244732	0.658809	3.888850	6.792391
9	89	2.244732	0.479746	2.112091	4.836568
9	90	2.244732	0.467795	1.993507	4.706034
9	91	2.244732	0.489153	2.205434	4.939318
9	92	2.244732	0.564875	2.956785	5.766392
9	93	2.244732	0.554497	2.853811	5.653040
9	94	2.244732	0.534838	2.870594	5.650163
9	95	2.244732	0.508810	2.400485	5.154028
9	96	2.244732	0.608421	3.388871	6.242024
9	97	2.244732	0.521990	2.531263	5.297986
9	98	2.244732	0.543048	3.005027	5.792807
9	99	2.244732	0.540882	2.718713	5.504327
10	0	2.364803	0.558316	2.891701	5.814819
10	1	2.364803	0.486524	2.179347	5.030674
10	2	2.364803	0.508140	2.393838	5.266781
10	3	2.364803	0.493856	2.252105	5.110764
10	4	2.364803	0.561362	2.921929	5.848094
10	5	2.364803	0.488483	2.198785	5.052071
10	6	2.364803	0.445540	1.772682	4.583025
10	7	2.364803	0.581775	3.124475	6.071053
10	8	2.364803	0.476330	2.078198	4.919331
10	9	2.364803	0.623894	3.542405	6.531102
10	10	2.364803	0.483024	2.144618	4.992444
10	11	2.364803	0.529946	2.610205	5.504954
10	12	2.364803	0.492473	2.238374	5.095650
10	13	2.364803	0.435354	1.671615	4.471772
10	14	2.364803	0.489669	2.210551	5.065022
10	15	2.364803	0.476655	2.081427	4.922885
10	16	2.364803	0.519510	2.506650	5.390962
10	17	2.364803	0.490741	2.221190	5.076734
10	18	2.364803	0.435354	1.671615	4.471772
10	19	2.364803	0.558316	2.891701	5.814819
10	20	2.364803	0.520260	2.514098	5.399161
10	21	2.364803	0.564154	2.949636	5.878594
10	22	2.364803	0.489223	2.206134	5.060160
10	23	2.364803	0.495654	2.269936	5.130392
10	24	2.364803	0.603526	3.340305	6.308634
10	25	2.364803	0.623894	3.542405	6.531102
10	26	2.364803	0.593771	3.243508	6.202082
10	27	2.364803	0.545654	2.766061	5.676518
10	28	2.364803	0.558723	3.266491	6.190017
10	29	2.364803	0.488483	2.198785	5.052071
10	30	2.364803	0.502557	2.338432	5.205791
10	31	2.364803	0.437207	1.689999	4.492009
10	32	2.364803	0.476133	2.076240	4.917176
10	33	2.364803	0.610466	3.409166	6.384435
10	34	2.364803	0.476655	2.081427	4.922885
10	35	2.364803	0.491270	2.226443	5.082516
10	36	2.364803	0.586602	3.172370	6.123775
10	37	2.364803	0.495654	2.269936	5.130392
10	38	2.364803	0.603526	3.340305	6.308634
10	39	2.364803	0.603526	3.340305	6.308634
10	40	2.364803	0.621668	3.520311	6.506782
10	41	2.364803	0.502557	2.338432	5.205791
10	42	2.364803	0.493374	2.247320	5.105497
10	43	2.364803	0.536176	2.936836	5.837815
10	44	2.364803	0.468523	2.000738	4.834064
10	45	2.364803	0.500761	2.320613	5.186177
10	46	2.364803	0.553683	2.845731	5.764217
10	47	2.364803	0.408432	1.404477	4.177711
10	48	2.364803	0.574479	3.052078	5.991360
10	49	2.364803	0.509568	2.831716	5.706087
10	50	2.364803	0.471857	2.033815	4.870475
10	51	2.364803	0.472049	2.035722	4.872574
10	52	2.364803	0.483024	2.144618	4.992444
10	53	2.364803	0.545308	2.974485	5.884595
10	54	2.364803	0.576268	3.069834	6.010905
10	55	2.364803	0.504367	2.356391	5.225560
10	56	2.364803	0.529946	2.610205	5.504954
10	57	2.364803	0.558316	2.891701	5.814819
10	58	2.364803	0.574479	3.052078	5.991360
10	59	2.364803	0.483024	2.144618	4.992444
10	60	2.364803	0.528810	2.598930	5.492542
10	61	2.364803	0.509672	2.409031	5.283506
10	62	2.364803	0.492473	2.238374	5.095650
10	63	2.364803	0.554863	2.857446	5.777113
10	64	2.364803	0.455704	1.873538	4.694045
10	65	2.364803	0.621539	3.519038	6.505381
10	66	2.364803	0.500761	2.320613	5.186177
10	67	2.364803	0.408432	1.404477	4.177711
10	68	2.364803	0.483024	2.144618	4.992444
10	69	2.364803	0.458162	2.321632	5.144596
10	70	2.364803	0.557967	2.888240	5.811009
10	71	2.364803	0.476330	2.078198	4.919331
10	72	2.364803	0.586602	3.172370	6.123775
10	73	2.364803	0.561362	2.921929	5.848094
10	74	2.364803	0.553683	2.845731	5.764217
10	75	2.364803	0.559666	3.116957	6.041426
10	76	2.364803	0.490132	2.215146	5.070081
10	77	2.364803	0.509672	2.409031	5.283506
10	78	2.364803	0.558316	2.891701	5.814819
10	79	2.364803	0.490741	2.221190	5.076734
10	80	2.364803	0.476133	2.076240	4.917176
10	81	2.364803	0.594305	3.354738	6.313846
10	82	2.364803	0.490741	2.221190	5.076734
10	83	2.364803	0.469501	2.010438	4.844742
10	84	2.364803	0.561362	2.921929	5.848094
10	85	2.364803	0.492473	2.238374	5.095650
10	86	2.364803	0.491270	2.226443	5.082516
10	87	2.364803	0.509672	2.409031	5.283506
10	88	2.364803	0.471857	2.033815	4.870475
10	89	2.364803	0.531022	2.673840	5.569664
10	90	2.364803	0.509672	2.409031	5.283506
10	91	2.364803	0.603526	3.340305	6.308634
10	92	2.364803	0.538008	2.690201	5.593012
10	93	2.364803	0.548465	2.793956	5.707224
10	94	2.364803	0.558316	2.891701	5.814819
10	95	2.364803	0.420682	1.526032	4.311517
10	96	2.364803	0.456666	1.883077	4.704546
10	97	2.364803	0.595704	3.315652	6.276159
10	98	2.364803	0.420682	1.526032	4.311517
10	99	2.364803	0.548465	2.793956	5.707224
11	0	2.346443	0.559521	2.903662	5.809626
11	1	2.346443	0.581675	3.229409	6.157528
11	2	2.346443	0.548874	2.798015	5.693333
11	3	2.346443	0.516305	2.474850	5.337599
11	4	2.346443	0.506686	2.379403	5.232532
11	5	2.346443	0.488936	2.203285	5.038665
11	6	2.346443	0.619200	3.601752	6.567395
11	7	2.346443	0.582605	3.132711	6.061759
11	8	2.346443	0.560944	2.917783	5.825171
11	9	2.346443	0.580375	3.110586	6.037404
11	10	2.346443	0.488936	2.203285	5.038665
11	11	2.346443	0.591435	3.220329	6.158207
11	12	2.346443	0.580402	3.110853	6.037699
11	13	2.346443	0.439549	1.713238	4.499230
11	14	2.346443	0.514823	2.460145	5.321411
11	15	2.346443	0.550408	2.813237	5.710088
11	16	2.346443	0.468764	2.003124	4.818331
11	17	2.346443	0.533825	2.648691	5.528960
11	18	2.346443	0.570569	3.013281	5.930293
11	19	2.346443	0.476663	2.081506	4.904613
11	20	2.346443	0.564507	2.953133	5.864083
11	21	2.346443	0.482576	2.140170	4.969189
11	22	2.346443	0.580402	3.110853	6.037699
11	23	2.346443	0.555542	2.864183	5.766169
11	24	2.346443	0.488916	2.203080	5.038439
11	25	2.346443	0.488916	2.203080	5.038439
11	26	2.346443	0.510266	2.414928	5.271637
11	27	2.346443	0.622197	3.525568	6.494209
11	28	2.346443	0.555542	2.864183	5.766169
11	29	2.346443	0.521851	2.529885	5.398180
11	30	2.346443	0.468764	2.003124	4.818331
11	31	2.346443	0.470081	2.016196	4.832721
11	32	2.346443	0.582605	3.132711	6.061759
11	33	2.346443	0.582566	3.238249	6.167258
11	34	2.346443	0.500729	2.320297	5.167469
11	35	2.346443	0.550408	2.813237	5.710088
11	36	2.346443	0.482576	2.140170	4.969189
11	37	2.346443	0.476663	2.081506	4.904613
11	38	2.346443	0.565417	3.015131	5.926991
11	39	2.346443	0.476663	2.081506	4.904613
11	40	2.346443	0.493748	2.251029	5.091220
11	41	2.346443	0.600428	3.309564	6.256436
11	42	2.346443	0.570569	3.013281	5.930293
11	43	2.346443	0.482576	2.140170	4.969189
11	44	2.346443	0.567353	2.981374	5.895171
11	45	2.346443	0.483064	2.145016	4.974523
11	46	2.346443	0.439549	1.713238	4.499230
11	47	2.346443	0.519141	2.502989	5.368573
11	48	2.346443	0.559521	2.903662	5.809626
11	49	2.346443	0.619200	3.601752	6.567395
11	50	2.346443	0.604351	3.348482	6.299276
11	51	2.346443	0.551538	2.824448	5.722429
11	52	2.346443	0.548290	2.792219	5.686952
11	53	2.346443	0.439549	1.713238	4.499230
11	54	2.346443	0.483064	2.145016	4.974523
11	55	2.346443	0.493748	2.251029	5.091220
11	56	2.346443	0.481391	2.128413	4.956247
11	57	2.346443	0.493748	2.251029	5.091220
11	58	2.346443	0.518001	2.862429	5.726874
11	59	2.346443	0.597363	3.279153	6.222959
11	60	2.346443	0.470081	2.016196	4.832721
11	61	2.346443	0.565417	3.015131	5.926991
11	62	2.346443	0.516888	2.480634	5.343966
11	63	2.346443	0.610744	3.517848	6.475035
11	64	2.346443	0.418888	2.302682	5.068013
11	65	2.346443	0.575165	3.058890	5.980499
11	66	2.346443	0.663200	3.932418	6.942062
11	67	2.346443	0.548874	2.798015	5.693333
11	68	2.346443	0.532633	2.636865	5.515941
11	69	2.346443	0.597363	3.279153	6.222959
11	70	2.346443	0.626649	3.569743	6.542836
11	71	2.346443	0.503986	2.352610	5.203039
11	72	2.346443	0.597363	3.279153	6.222959
11	73	2.346443	0.482775	2.142148	4.971366
11	74	2.346443	0.610744	3.517848	6.475035
11	75	2.346443	0.516888	2.480634	5.343966
11	76	2.346443	0.564507	2.953133	5.864083
11	77	2.346443	0.458947	1.905720	4.711111
11	78	2.346443	0.433525	1.653462	4.433430
11	79	2.346443	0.536742	2.677632	5.560817
11	80	2.346443	0.586402	3.170386	6.103231
11	81	2.346443	0.618661	3.490481	6.455586
11	82	2.346443	0.580402	3.110853	6.037699
11	83	2.346443	0.439549	1.713238	4.499230
11	84	2.346443	0.586402	3.170386	6.103231
11	85	2.346443	0.575165	3.058890	5.980499
11	86	2.346443	0.506289	2.375464	5.228196
11	87	2.346443	0.596111	3.266724	6.209278
11	88	2.346443	0.493491	2.248474	5.088408
11	89	2.346443	0.527233	2.583282	5.456958
11	90	2.346443	0.564507	2.953133	5.864083
11	91	2.346443	0.481391	2.128413	4.956247
11	92	2.346443	0.577206	3.079139	6.002789
11	93	2.346443	0.506686	2.379403	5.232532
11	94	2.346443	0.533825	2.648691	5.528960
11	95	2.346443	0.525698	2.568057	5.440199
11	96	2.346443	0.600428	3.309564	6.256436
11	97	2.346443	0.488936	2.203285	5.038665
11	98	2.346443	0.597363	3.279153	6.222959
11	99	2.346443	0.550408	2.813237	5.710088
12	0	2.142011	0.529399	2.604773	5.276183
12	1	2.142011	0.485597	2.170153	4.797762
12	2	2.142011	0.583596	3.142541	5.868148
12	3	2.142011	0.528033	2.591222	5.261266
12	4	2.142011	0.498389	2.297079	4.937479
12	5	2.142011	0.638148	3.683834	6.463993
12	6	2.142011	0.485597	2.170153	4.797762
12	7	2.142011	0.569229	2.999993	5.711233
12	8	2.142011	0.563511	3.155104	5.860626
12	9	2.142011	0.561143	2.919755	5.622909
12	10	2.142011	0.604110	3.346094	6.092215
12	11	2.142011	0.572462	3.032069	5.746543
12	12	2.142011	0.523255	2.755671	5.420937
12	13	2.142011	0.572462	3.032069	5.746543
12	14	2.142011	0.558816	2.896665	5.597493
12	15	2.142011	0.627850	3.581658	6.351519
12	16	2.142011	0.561143	2.919755	5.622909
12	17	2.142011	0.529254	2.603339	5.274605
12	18	2.142011	0.542964	2.739378	5.424353
12	19	2.142011	0.543647	2.746153	5.431812
12	20	2.142011	0.501597	2.328907	4.972515
12	21	2.142011	0.583779	3.303254	6.029044
12	22	2.142011	0.639137	3.693652	6.474800
12	23	2.142011	0.535169	2.662026	5.339206
12	24	2.142011	0.527583	2.586756	5.256350
12	25	2.142011	0.576926	3.076363	5.795301
12	26	2.142011	0.528033	2.591222	5.261266
12	27	2.142011	0.621121	3.514883	6.278015
12	28	2.142011	0.520943	2.520869	5.183823
12	29	2.142011	0.558630	2.894820	5.595461
12	30	2.142011	0.604110	3.346094	6.092215
12	31	2.142011	0.610120	3.405729	6.157860
12	32	2.142011	0.515400	2.465871	5.123283
12	33	2.142011	0.587340	3.179699	5.909050
12	34	2.142011	0.558816	2.896665	5.597493
12	35	2.142011	0.534736	2.657731	5.334478
12	36	2.142011	0.502066	2.333565	4.977642
12	37	2.142011	0.610120	3.405729	6.157860
12	38	2.142011	0.550363	2.812796	5.505170
12	39	2.142011	0.560060	2.909014	5.611086
12	40	2.142011	0.587687	3.183143	5.912842
12	41	2.142011	0.528810	2.598926	5.269747
12	42	2.142011	0.528810	2.598926	5.269747
12	43	2.142011	0.604110	3.346094	6.092215
12	44	2.142011	0.581948	3.285082	6.009041
12	45	2.142011	0.535169	2.662026	5.339206
12	46	2.142011	0.617075	3.474744	6.233830
12	47	2.142011	0.498389	2.297079	4.937479
12	48	2.142011	0.451864	1.835429	4.429304
12	49	2.142011	0.604110	3.346094	6.092215
12	50	2.142011	0.425806	1.576873	4.144690
12	51	2.142011	0.550363	2.812796	5.505170
12	52	2.142011	0.557039	2.879034	5.578084
12	53	2.142011	0.501597	2.328907	4.972515
12	54	2.142011	0.530373	2.614440	5.286824
12	55	2.142011	0.515844	2.470273	5.128128
12	56	2.142011	0.550363	2.812796	5.505170
12	57	2.142011	0.550363	2.812796	5.505170
12	58	2.142011	0.558630	2.894820	5.595461
12	59	2.142011	0.587340	3.179699	5.909050
12	60	2.142011	0.488367	2.833196	5.463574
12	61	2.142011	0.632517	3.627960	6.402488
12	62	2.142011	0.537965	2.689773	5.369749
12	63	2.142011	0.621121	3.514883	6.278015
12	64	2.142011	0.501508	2.328027	4.971547
12	65	2.142011	0.632517	3.627960	6.402488
12	66	2.142011	0.530373	2.614440	5.286824
12	67	2.142011	0.528755	2.598385	5.269151
12	68	2.142011	0.542964	2.739378	5.424353
12	69	2.142011	0.537965	2.689773	5.369749
12	70	2.142011	0.610120	3.405729	6.157860
12	71	2.142011	0.560060	2.909014	5.611086
12	72	2.142011	0.558630	2.894820	5.595461
12	73	2.142011	0.569229	2.999993	5.711233
12	74	2.142011	0.529399	2.604773	5.276183
12	75	2.142011	0.576926	3.076363	5.795301
12	76	2.142011	0.658911	3.889860	6.690782
12	77	2.142011	0.583596	3.142541	5.868148
12	78	2.142011	0.604110	3.346094	6.092215
12	79	2.142011	0.501597	2.328907	4.972515
12	80	2.142011	0.623561	3.645021	6.410593
12	81	2.142011	0.563549	2.996597	5.702158
12	82	2.142011	0.434035	2.241127	4.817173
12	83	2.142011	0.515400	2.465871	5.123283
12	84	2.142011	0.658911	3.889860	6.690782
12	85	2.142011	0.583596	3.142541	5.868148
12	86	2.142011	0.509757	2.409882	5.061650
12	87	2.142011	0.548259	2.791914	5.482184
12	88	2.142011	0.581948	3.285082	6.009041
12	89	2.142011	0.635950	3.662031	6.439992
12	90	2.142011	0.501508	2.328027	4.971547
12	91	2.142011	0.425806	1.576873	4.144690
12	92	2.142011	0.501597	2.328907	4.972515
12	93	2.142011	0.528755	2.598385	5.269151
12	94	2.142011	0.534736	2.657731	5.334478
12	95	2.142011	0.485597	2.170153	4.797762
12	96	2.142011	0.466848	1.984118	4.592977
12	97	2.142011	0.529254	2.603339	5.274605
12	98	2.142011	0.627850	3.581658	6.351519
12	99	2.142011	0.561143	2.919755	5.622909
13	0	2.336035	0.471725	2.032501	4.840260
13	1	2.336035	0.471725	2.032501	4.840260
13	2	2.336035	0.508129	2.393726	5.237890
13	3	2.336035	0.477710	2.091892	4.905637
13	4	2.336035	0.571597	3.023488	5.931121
13	5	2.336035	0.579676	3.103650	6.019361
13	6	2.336035	0.587228	3.178586	6.101849
13	7	2.336035	0.602615	3.331258	6.269908
13	8	2.336035	0.528324	2.594109	5.458468
13	9	2.336035	0.431593	1.634295	4.401923
13	10	2.336035	0.578357	3.196485	6.110876
13	11	2.336035	0.633058	3.739259	6.708352
13	12	2.336035	0.533491	2.645373	5.514899
13	13	2.336035	0.552045	2.829484	5.717565
13	14	2.336035	0.461218	1.928254	4.725507
13	15	2.336035	0.602615	3.331258	6.269908
13	16	2.336035	0.508398	2.396389	5.240822
13	17	2.336035	0.517227	2.483995	5.337256
13	18	2.336035	0.480685	2.121411	4.938131
13	19	2.336035	0.634045	3.643128	6.613209
13	20	2.336035	0.587693	3.183196	6.106924
13	21	2.336035	0.583764	3.144211	6.064010
13	22	2.336035	0.628315	3.692200	6.656551
13	23	2.336035	0.483367	2.148020	4.967422
13	24	2.336035	0.530907	2.619735	5.486677
13	25	2.336035	0.542124	2.731037	5.609195
13	26	2.336035	0.628315	3.692200	6.656551
13	27	2.336035	0.508129	2.393726	5.237890
13	28	2.336035	0.483367	2.148020	4.967422
13	29	2.336035	0.537449	2.684650	5.558134
13	30	2.336035	0.454680	1.863381	4.654096
13	31	2.336035	0.571597	3.023488	5.931121
13	32	2.336035	0.559460	3.061943	5.957438
13	33	2.336035	0.537449	2.684650	5.558134
13	34	2.336035	0.564662	2.954670	5.855367
13	35	2.336035	0.536948	2.679684	5.552668
13	36	2.336035	0.451979	1.836573	4.624586
13	37	2.336035	0.528324	2.594109	5.458468
13	38	2.336035	0.452580	1.842542	4.631157
13	39	2.336035	0.509567	2.407994	5.253596
13	40	2.336035	0.604027	3.345274	6.285336
13	41	2.336035	0.569682	3.004487	5.910204
13	42	2.336035	0.534740	2.657768	5.528543
13	43	2.336035	0.606998	3.374748	6.317781
13	44	2.336035	0.551813	2.827179	5.715027
13	45	2.336035	0.483283	2.147187	4.966505
13	46	2.336035	0.540165	2.711603	5.587803
13	47	2.336035	0.570378	3.011388	5.917801
13	48	2.336035	0.577871	3.085742	5.999648
13	49	2.336035	0.551813	2.827179	5.715027
13	50	2.336035	0.502140	2.810976	5.649151
13	51	2.336035	0.542124	2.731037	5.609195
13	52	2.336035	0.633058	3.739259	6.708352
13	53	2.336035	0.477710	2.091892	4.905637
13	54	2.336035	0.414917	1.468830	4.219782
13	55	2.336035	0.564662	2.954670	5.855367
13	56	2.336035	0.644829	3.750127	6.730991
13	57	2.336035	0.508731	2.399701	5.244467
13	58	2.336035	0.604700	3.351949	6.292684
13	59	2.336035	0.588888	3.195060	6.119983
13	60	2.336035	0.483367	2.148020	4.967422
13	61	2.336035	0.563414	3.154141	6.053590
13	62	2.336035	0.580653	3.166307	6.082995
13	63	2.336035	0.483283	2.147187	4.966505
13	64	2.336035	0.577871	3.085742	5.999648
13	65	2.336035	0.646486	3.766572	6.749093
13	66	2.336035	0.508731	2.399701	5.244467
13	67	2.336035	0.509588	2.408197	5.253819
13	68	2.336035	0.486331	2.177435	4.999801
13	69	2.336035	0.534740	2.657768	5.528543
13	70	2.336035	0.552045	2.829484	5.717565
13	71	2.336035	0.501384	2.326799	5.164219
13	72	2.336035	0.620797	3.511668	6.468499
13	73	2.336035	0.606100	3.365846	6.307981
13	74	2.336035	0.486331	2.177435	4.999801
13	75	2.336035	0.435259	1.670667	4.441960
13	76	2.336035	0.532930	2.639814	5.508779
13	77	2.336035	0.542124	2.731037	5.609195
13	78	2.336035	0.528324	2.594109	5.458468
13	79	2.336035	0.577871	3.085742	5.999648
13	80	2.336035	0.602615	3.331258	6.269908
13	81	2.336035	0.552045	2.829484	5.717565
13	82	2.336035	0.507257	2.385073	5.228366
13	83	2.336035	0.555768	2.919388	5.811192
13	84	2.336035	0.440580	1.723466	4.500081
13	85	2.336035	0.507437	2.386854	5.230326
13	86	2.336035	0.570378	3.011388	5.917801
13	87	2.336035	0.537811	2.688244	5.562090
13	88	2.336035	0.602615	3.331258	6.269908
13	89	2.336035	0.543481	2.744499	5.624015
13	90	2.336035	0.480685	2.121411	4.938131
13	91	2.336035	0.536948	2.679684	5.552668
13	92	2.336035	0.508398	2.396389	5.240822
13	93	2.336035	0.571597	3.023488	5.931121
13	94	2.336035	0.507257	2.385073	5.228366
13	95	2.336035	0.547524	2.784618	5.668177
13	96	2.336035	0.513438	2.446407	5.295880
13	97	2.336035	0.537811	2.688244	5.562090
13	98	2.336035	0.508731	2.399701	5.244467
13	99	2.336035	0.461218	1.928254	4.725507
14	0	2.230588	0.422066	1.539768	4.192422
14	1	2.230588	0.589008	3.196248	6.015844
14	2	2.230588	0.581295	3.119712	5.931595
14	3	2.230588	0.524460	2.555770	5.310817
14	4	2.230588	0.480497	2.119550	4.830635
14	5	2.230588	0.525613	2.567211	5.323412
14	6	2.230588	0.508797	2.400355	5.139740
14	7	2.230588	0.512990	2.441957	5.185535
14	8	2.230588	0.578893	3.095880	5.905360
14	9	2.230588	0.517076	2.853244	5.600907
14	10	2.230588	0.585619	3.162618	5.978824
14	11	2.230588	0.551722	2.826271	5.608580
14	12	2.230588	0.523240	2.543665	5.297492
14	13	2.230588	0.602632	3.331430	6.164649
14	14	2.230588	0.629603	3.599054	6.459245
14	15	2.230588	0.519292	2.504493	5.254373
14	16	2.230588	0.520400	2.992151	5.743138
14	17	2.230588	0.508797	2.400355	5.139740
14	18	2.230588	0.512922	2.441278	5.184788
14	19	2.230588	0.480497	2.119550	4.830635
14	20	2.230588	0.422066	1.539768	4.192422
14	21	2.230588	0.608615	3.390800	6.230003
14	22	2.230588	0.572062	3.028101	5.830751
14	23	2.230588	0.544489	2.754507	5.529584
14	24	2.230588	0.462629	1.942249	4.635465
14	25	2.230588	0.593497	3.240791	6.064875
14	26	2.230588	0.520169	2.513187	5.263944
14	27	2.230588	0.594507	3.250807	6.075901
14	28	2.230588	0.462629	1.942249	4.635465
14	29	2.230588	0.572737	3.193692	5.997017
14	30	2.230588	0.462629	1.942249	4.635465
14	31	2.230588	0.480497	2.119550	4.830635
14	32	2.230588	0.489649	2.210359	4.930596
14	33	2.230588	0.639068	3.692965	6.562621
14	34	2.230588	0.594507	3.250807	6.075901
14	35	2.230588	0.594507	3.250807	6.075901
14	36	2.230588	0.527033	2.581298	5.338919
14	37	2.230588	0.555241	3.126010	5.911839
14	38	2.230588	0.511665	2.428813	5.171065
14	39	2.230588	0.495330	2.266729	4.992647
14	40	2.230588	0.577889	3.085913	5.894389
14	41	2.230588	0.480497	2.119550	4.830635
14	42	2.230588	0.622975	3.533284	6.386847
14	43	2.230588	0.626763	3.570867	6.428218
14	44	2.230588	0.533709	2.647538	5.411834
14	45	2.230588	0.572737	3.193692	5.997017
14	46	2.230588	0.605316	3.358066	6.193970
14	47	2.230588	0.548807	2.797355	5.576750
14	48	2.230588	0.534928	2.659636	5.425151
14	49	2.230588	0.548807	2.797355	5.576750
14	50	2.230588	0.520169	2.513187	5.263944
14	51	2.230588	0.489649	2.210359	4.930596
14	52	2.230588	0.647968	3.781275	6.659830
14	53	2.230588	0.578893	3.095880	5.905360
14	54	2.230588	0.551722	2.826271	5.608580
14	55	2.230588	0.517076	2.853244	5.600907
14	56	2.230588	0.518268	2.494326	5.243182
14	57	2.230588	0.483627	2.150607	4.864821
14	58	2.230588	0.570675	3.014340	5.815602
14	59	2.230588	0.524460	2.555770	5.310817
14	60	2.230588	0.440967	1.727309	4.398864
14	61	2.230588	0.560686	2.915216	5.706489
14	62	2.230588	0.560686	2.915216	5.706489
14	63	2.230588	0.537406	2.684223	5.452217
14	64	2.230588	0.574453	3.051826	5.856866
14	65	2.230588	0.498995	2.303087	5.032670
14	66	2.230588	0.513327	2.763087	5.507002
14	67	2.230588	0.534928	2.659636	5.425151
14	68	2.230588	0.467693	2.416204	5.114484
14	69	2.230588	0.454320	1.859805	4.544713
14	70	2.230588	0.639068	3.692965	6.562621
14	71	2.230588	0.552794	2.836907	5.620289
14	72	2.230588	0.626763	3.570867	6.428218
14	73	2.230588	0.548807	2.797355	5.576750
14	74	2.230588	0.449201	1.809010	4.488798
14	75	2.230588	0.578893	3.095880	5.905360
14	76	2.230588	0.440967	1.727309	4.398864
14	77	2.230588	0.546540	2.774857	5.551984
14	78	2.230588	0.596484	3.270429	6.097501
14	79	2.230588	0.589008	3.196248	6.015844
14	80	2.230588	0.574453	3.051826	5.856866
14	81	2.230588	0.543510	2.744791	5.518889
14	82	2.230588	0.495330	2.266729	4.992647
14	83	2.230588	0.626763	3.570867	6.428218
14	84	2.230588	0.517879	2.490469	5.238936
14	85	2.230588	0.601495	3.320148	6.152230
14	86	2.230588	0.525613	2.567211	5.323412
14	87	2.230588	0.517879	2.490469	5.238936
14	88	2.230588	0.589008	3.196248	6.015844
14	89	2.230588	0.511004	2.422251	5.163842
14	90	2.230588	0.639095	3.693238	6.562921
14	91	2.230588	0.589008	3.196248	6.015844
14	92	2.230588	0.511004	2.422251	5.163842
14	93	2.230588	0.491293	2.756308	5.478189
14	94	2.230588	0.626763	3.570867	6.428218
14	95	2.230588	0.551722	2.826271	5.608580
14	96	2.230588	0.439999	1.717703	4.388289
14	97	2.230588	0.552794	2.836907	5.620289
14	98	2.230588	0.595693	3.421464	6.247745
14	99	2.230588	0.523240	2.543665	5.297492
15	0	2.372931	0.530276	2.613481	5.516688
15	1	2.372931	0.519199	2.503567	5.395696
15	2	2.372931	0.551275	2.821841	5.746047
15	3	2.372931	0.475363	2.068600	4.916893
15	4	2.372931	0.608121	3.491821	6.472872
15	5	2.372931	0.545571	2.765238	5.683739
15	6	2.372931	0.561517	2.923464	5.857911
15	7	2.372931	0.557066	2.879298	5.809294
15	8	2.372931	0.465907	1.974779	4.813617
15	9	2.372931	0.524012	2.551321	5.448264
15	10	2.372931	0.527387	2.584814	5.485131
15	11	2.372931	0.615106	3.455205	6.443241
15	12	2.372931	0.575093	3.058172	6.006196
15	13	2.372931	0.509292	2.405260	5.287482
15	14	2.372931	0.604600	3.350954	6.328484
15	15	2.372931	0.411118	1.431133	4.215181
15	16	2.372931	0.422840	1.547440	4.343210
15	17	2.372931	0.588008	3.186323	6.147262
15	18	2.372931	0.608121	3.491821	6.472872
15	19	2.372931	0.530276	2.613481	5.516688
15	20	2.372931	0.568601	2.993757	5.935289
15	21	2.372931	0.496296	2.276307	5.145533
15	22	2.372931	0.532534	2.635881	5.541345
15	23	2.372931	0.602074	3.325891	6.300896
15	24	2.372931	0.574302	3.050321	5.997553
15	25	2.372931	0.465907	1.974779	4.813617
15	26	2.372931	0.554020	3.166856	6.093806
15	27	2.372931	0.568601	2.993757	5.935289
15	28	2.372931	0.495821	2.271601	5.140353
15	29	2.372931	0.480736	2.121917	4.975584
15	30	2.372931	0.639876	3.700986	6.713793
15	31	2.372931	0.475249	2.067472	4.915651
15	32	2.372931	0.541802	2.727845	5.642578
15	33	2.372931	0.455094	1.867486	4.695511
15	34	2.372931	0.527319	2.584135	5.484384
15	35	2.372931	0.576158	3.068739	6.017828
15	36	2.372931	0.465368	1.969432	4.807730
15	37	2.372931	0.475249	2.067472	4.915651
15	38	2.372931	0.488430	2.198257	5.059617
15	39	2.372931	0.486843	2.182514	5.042287
15	40	2.372931	0.472689	2.042074	4.887694
15	41	2.372931	0.540950	2.719395	5.633276
15	42	2.372931	0.454652	1.863095	4.690678
15	43	2.372931	0.527387	2.584814	5.485131
15	44	2.372931	0.467239	1.987996	4.828166
15	45	2.372931	0.663992	3.940274	6.977197
15	46	2.372931	0.597805	3.283531	6.254266
15	47	2.372931	0.422840	1.547440	4.343210
15	48	2.372931	0.488430	2.198257	5.059617
15	49	2.372931	0.496296	2.276307	5.145533
15	50	2.372931	0.422840	1.547440	4.343210
15	51	2.372931	0.572444	3.137815	6.083189
15	52	2.372931	0.575093	3.058172	6.006196
15	53	2.372931	0.523025	2.541526	5.437481
15	54	2.372931	0.572068	3.028156	5.973154
15	55	2.372931	0.569210	2.999801	5.941941
15	56	2.372931	0.584165	3.148188	6.105283
15	57	2.372931	0.624907	3.552450	6.550287
15	58	2.372931	0.556020	2.974848	5.903798
15	59	2.372931	0.495821	2.271601	5.140353
15	60	2.372931	0.557551	2.884109	5.814590
15	61	2.372931	0.454652	1.863095	4.690678
15	62	2.372931	0.590194	3.208013	6.171137
15	63	2.372931	0.583557	3.142157	6.098645
15	64	2.372931	0.519199	2.503567	5.395696
15	65	2.372931	0.575093	3.058172	6.006196
15	66	2.372931	0.523097	2.860022	5.756050
15	67	2.372931	0.512069	2.432821	5.317821
15	68	2.372931	0.596106	3.266671	6.235707
15	69	2.372931	0.555081	2.859605	5.787617
15	70	2.372931	0.494767	2.261143	5.128841
15	71	2.372931	0.467239	1.987996	4.828166
15	72	2.372931	0.494767	2.261143	5.128841
15	73	2.372931	0.492619	2.239823	5.105372
15	74	2.372931	0.519949	2.511006	5.403885
15	75	2.372931	0.540950	2.719395	5.633276
15	76	2.372931	0.411118	1.431133	4.215181
15	77	2.372931	0.523097	2.860022	5.756050
15	78	2.372931	0.566017	3.179970	6.118917
15	79	2.372931	0.476822	2.083084	4.932837
15	80	2.372931	0.556020	2.974848	5.903798
15	81	2.372931	0.475249	2.067472	4.915651
15	82	2.372931	0.582302	3.129703	6.084935
15	83	2.372931	0.465368	1.969432	4.807730
15	84	2.372931	0.480736	2.121917	4.975584
15	85	2.372931	0.494767	2.261143	5.128841
15	86	2.372931	0.472689	2.042074	4.887694
15	87	2.372931	0.524012	2.551321	5.448264
15	88	2.372931	0.476822	2.083084	4.932837
15	89	2.372931	0.535312	2.663448	5.571691
15	90	2.372931	0.517374	2.485458	5.375762
15	91	2.372931	0.545571	2.765238	5.683739
15	92	2.372931	0.540928	2.719173	5.633032
15	93	2.372931	0.572068	3.028156	5.973154
15	94	2.372931	0.583557	3.142157	6.098645
15	95	2.372931	0.551275	2.821841	5.746047
15	96	2.372931	0.540928	2.719173	5.633032
15	97	2.372931	0.519199	2.503567	5.395696
15	98	2.372931	0.475363	2.068600	4.916893
15	99	2.372931	0.608121	3.491821	6.472872
16	0	2.177833	0.567145	2.979310	5.724289
16	1	2.177833	0.554183	2.850692	5.582708
16	2	2.177833	0.560943	2.970730	5.709506
16	3	2.177833	0.478827	2.102979	4.759640
16	4	2.177833	0.556206	2.870767	5.604807
16	5	2.177833	0.554183	2.850692	5.582708
16	6	2.177833	0.502527	2.338134	5.018494
16	7	2.177833	0.528526	2.596115	5.302475
16	8	2.177833	0.613730	3.441552	6.233116
16	9	2.177833	0.629430	3.597338	6.404601
16	10	2.177833	0.471404	2.029325	4.678562
16	11	2.177833	0.494637	2.259847	4.932317
16	12	2.177833	0.562370	2.984895	5.725098
16	13	2.177833	0.618914	3.492988	6.289735
16	14	2.177833	0.572366	3.137048	5.887248
16	15	2.177833	0.617539	3.479343	6.274715
16	16	2.177833	0.536323	2.673484	5.387640
16	17	2.177833	0.508703	2.399419	5.085955
16	18	2.177833	0.618914	3.492988	6.289735
16	19	2.177833	0.572144	3.028916	5.778893
16	20	2.177833	0.489667	2.210540	4.878040
16	21	2.177833	0.556206	2.870767	5.604807
16	22	2.177833	0.556206	2.870767	5.604807
16	23	2.177833	0.517880	2.490480	5.186193
16	24	2.177833	0.494637	2.259847	4.932317
16	25	2.177833	0.482010	2.134556	4.794399
16	26	2.177833	0.509380	2.406140	5.093354
16	27	2.177833	0.553123	2.840177	5.571133
16	28	2.177833	0.629084	3.593901	6.400819
16	29	2.177833	0.667380	3.973890	6.819103
16	30	2.177833	0.572366	3.031117	5.781317
16	31	2.177833	0.572366	3.137048	5.887248
16	32	2.177833	0.560892	3.129124	5.867850
16	33	2.177833	0.489667	2.210540	4.878040
16	34	2.177833	0.528526	2.596115	5.302475
16	35	2.177833	0.494637	2.259847	4.932317
16	36	2.177833	0.529872	2.927250	5.634956
16	37	2.177833	0.478827	2.102979	4.759640
16	38	2.177833	0.489667	2.210540	4.878040
16	39	2.177833	0.515552	2.467378	5.160764
16	40	2.177833	0.419279	1.512112	4.109225
16	41	2.177833	0.502527	2.338134	5.018494
16	42	2.177833	0.487372	2.187767	4.852973
16	43	2.177833	0.573759	3.309755	6.061347
16	44	2.177833	0.618914	3.492988	6.289735
16	45	2.177833	0.632735	3.630125	6.440693
16	46	2.177833	0.576541	3.072537	5.826911
16	47	2.177833	0.466948	1.985104	4.629885
16	48	2.177833	0.559598	2.904424	5.641855
16	49	2.177833	0.518354	2.495183	5.191370
16	50	2.177833	0.494637	2.259847	4.932317
16	51	2.177833	0.419279	1.512112	4.109225
16	52	2.177833	0.594757	3.253292	6.025882
16	53	2.177833	0.515552	2.467378	5.160764
16	54	2.177833	0.561737	2.925647	5.665217
16	55	2.177833	0.476084	2.075761	4.729679
16	56	2.177833	0.594757	3.253292	6.025882
16	57	2.177833	0.502527	2.338134	5.018494
16	58	2.177833	0.503556	2.348351	5.029740
16	59	2.177833	0.520029	3.094403	5.792266
16	60	2.177833	0.508703	2.399419	5.085955
16	61	2.177833	0.629084	3.593901	6.400819
16	62	2.177833	0.539211	2.702134	5.419178
16	63	2.177833	0.518354	2.495183	5.191370
16	64	2.177833	0.530308	2.613799	5.321941
16	65	2.177833	0.487372	2.187767	4.852973
16	66	2.177833	0.608393	3.388589	6.174815
16	67	2.177833	0.530386	2.614565	5.322784
16	68	2.177833	0.508703	2.399419	5.085955
16	69	2.177833	0.612925	3.433559	6.224317
16	70	2.177833	0.515552	2.467378	5.160764
16	71	2.177833	0.543904	3.013520	5.735258
16	72	2.177833	0.618566	3.489534	6.285933
16	73	2.177833	0.503556	2.348351	5.029740
16	74	2.177833	0.476084	2.075761	4.729679
16	75	2.177833	0.446021	1.777462	4.401317
16	76	2.177833	0.530308	2.613799	5.321941
16	77	2.177833	0.441096	1.728586	4.347515
16	78	2.177833	0.553123	2.840177	5.571133
16	79	2.177833	0.612925	3.433559	6.224317
16	80	2.177833	0.531641	2.627024	5.336499
16	81	2.177833	0.517880	2.490480	5.186193
16	82	2.177833	0.504305	2.355784	5.037922
16	83	2.177833	0.576541	3.072537	5.826911
16	84	2.177833	0.516587	2.477644	5.172064
16	85	2.177833	0.547598	3.209068	5.934499
16	86	2.177833	0.419279	1.512112	4.109225
16	87	2.177833	0.502527	2.338134	5.018494
16	88	2.177833	0.646542	3.767124	6.591499
16	89	2.177833	0.446021	1.777462	4.401317
16	90	2.177833	0.586343	3.169803	5.933980
16	91	2.177833	0.507131	2.383822	5.068786
16	92	2.177833	0.567145	2.979310	5.724289
16	93	2.177833	0.614706	3.451234	6.243773
16	94	2.177833	0.618566	3.489534	6.285933
16	95	2.177833	0.541214	2.722012	5.441059
16	96	2.177833	0.482010	2.134556	4.794399
16	97	2.177833	0.562342	2.931653	5.671829
16	98	2.177833	0.547480	2.784183	5.509496
16	99	2.177833	0.572743	3.034858	5.785435
17	0	2.222246	0.499798	2.311062	5.033106
17	1	2.222246	0.522538	2.536697	5.281481
17	2	2.222246	0.481926	2.133727	4.837899
17	3	2.222246	0.603808	3.343099	6.169153
17	4	2.222246	0.514033	2.452309	5.188588
17	5	2.222246	0.571620	3.023710	5.817576
17	6	2.222246	0.585514	3.161575	5.969335
17	7	2.222246	0.498656	2.299730	5.020632
17	8	2.222246	0.452828	1.845002	4.520077
17	9	2.222246	0.449113	1.808139	4.479499
17	10	2.222246	0.506112	2.373709	5.102067
17	11	2.222246	0.587927	3.185517	5.995690
17	12	2.222246	0.485198	2.166189	4.873633
17	13	2.222246	0.596395	3.375470	6.194111
17	14	2.222246	0.452828	1.845002	4.520077
17	15	2.222246	0.562092	2.929174	5.713512
17	16	2.222246	0.606748	3.425237	6.254232
17	17	2.222246	0.626481	3.568068	6.416794
17	18	2.222246	0.566134	2.969282	5.757663
17	19	2.222246	0.468039	2.472601	5.162886
17	20	2.222246	0.500969	2.322679	5.045894
17	21	2.222246	0.567868	2.986482	5.776596
17	22	2.222246	0.497843	2.291656	5.011745
17	23	2.222246	0.568413	2.991895	5.782555
17	24	2.222246	0.497843	2.291656	5.011745
17	25	2.222246	0.510441	2.681486	5.414174
17	26	2.222246	0.562092	2.929174	5.713512
17	27	2.222246	0.542905	2.738791	5.503943
17	28	2.222246	0.611911	3.423502	6.257659
17	29	2.222246	0.586764	3.173979	5.982989
17	30	2.222246	0.495995	2.273325	4.991566
17	31	2.222246	0.581105	3.276720	6.080072
17	32	2.222246	0.565381	2.961803	5.749430
17	33	2.222246	0.489928	2.213129	4.925303
17	34	2.222246	0.509816	2.410466	5.142528
17	35	2.222246	0.571620	3.023710	5.817576
17	36	2.222246	0.417761	1.497046	4.137053
17	37	2.222246	0.542905	2.738791	5.503943
17	38	2.222246	0.499798	2.311062	5.033106
17	39	2.222246	0.557624	2.884837	5.664708
17	40	2.222246	0.530291	2.613621	5.366158
17	41	2.222246	0.499798	2.311062	5.033106
17	42	2.222246	0.481926	2.133727	4.837899
17	43	2.222246	0.575725	3.064441	5.862412
17	44	2.222246	0.487936	2.193355	4.903537
17	45	2.222246	0.500969	2.322679	5.045894
17	46	2.222246	0.505315	2.365801	5.093362
17	47	2.222246	0.574340	3.050705	5.847291
17	48	2.222246	0.563626	3.103285	5.889158
17	49	2.222246	0.509816	2.410466	5.142528
17	50	2.222246	0.562092	2.929174	5.713512
17	51	2.222246	0.565074	2.958763	5.746083
17	52	2.222246	0.507270	2.385199	5.114715
17	53	2.222246	0.506112	2.373709	5.102067
17	54	2.222246	0.581463	3.121383	5.925093
17	55	2.222246	0.574238	3.208577	6.005061
17	56	2.222246	0.548292	2.792241	5.562779
17	57	2.222246	0.545535	2.764888	5.532670
17	58	2.222246	0.565074	2.958763	5.746083
17	59	2.222246	0.562092	2.929174	5.713512
17	60	2.222246	0.532752	2.902867	5.657866
17	61	2.222246	0.576267	3.069818	5.868331
17	62	2.222246	0.515925	2.471080	5.209251
17	63	2.222246	0.514033	2.452309	5.188588
17	64	2.222246	0.517703	2.488722	5.228672
17	65	2.222246	0.327454	1.607291	4.156992
17	66	2.222246	0.612951	3.433821	6.269019
17	67	2.222246	0.542905	2.738791	5.503943
17	68	2.222246	0.522058	2.531937	5.276242
17	69	2.222246	0.569519	3.002871	5.794636
17	70	2.222246	0.537842	2.688547	5.448635
17	71	2.222246	0.468039	2.472601	5.162886
17	72	2.222246	0.565381	2.961803	5.749430
17	73	2.222246	0.611911	3.423502	6.257659
17	74	2.222246	0.522058	2.531937	5.276242
17	75	2.222246	0.417761	1.497046	4.137053
17	76	2.222246	0.485415	2.168346	4.876008
17	77	2.222246	0.545535	2.764888	5.532670
17	78	2.222246	0.481926	2.133727	4.837899
17	79	2.222246	0.500969	2.322679	5.045894
17	80	2.222246	0.436512	1.683109	4.341867
17	81	2.222246	0.586764	3.173979	5.982989
17	82	2.222246	0.506112	2.373709	5.102067
17	83	2.222246	0.623379	3.537297	6.382922
17	84	2.222246	0.565381	2.961803	5.749430
17	85	2.222246	0.620935	3.513043	6.356224
17	86	2.222246	0.489928	2.213129	4.925303
17	87	2.222246	0.505315	2.365801	5.093362
17	88	2.222246	0.497356	2.286833	5.006436
17	89	2.222246	0.548599	2.795290	5.566135
17	90	2.222246	0.505315	2.365801	5.093362
17	91	2.222246	0.485198	2.166189	4.873633
17	92	2.222246	0.557624	2.884837	5.664708
17	93	2.222246	0.495995	2.273325	4.991566
17	94	2.222246	0.486102	2.175162	4.883510
17	95	2.222246	0.623379	3.537297	6.382922
17	96	2.222246	0.540461	2.714534	5.477241
17	97	2.222246	0.611911	3.423502	6.257659
17	98	2.222246	0.623379	3.537297	6.382922
17	99	2.222246	0.566134	2.969282	5.757663
18	0	2.247153	0.586309	3.169461	6.002922
18	1	2.247153	0.521286	2.895016	5.663455
18	2	2.247153	0.619863	3.502406	6.369422
18	3	2.247153	0.509248	2.404824	5.161224
18	4	2.247153	0.487092	2.184983	4.919228
18	5	2.247153	0.524886	2.559999	5.332038
18	6	2.247153	0.512822	2.440289	5.200264
18	7	2.247153	0.569266	3.000356	5.816775
18	8	2.247153	0.531179	2.622440	5.400772
18	9	2.247153	0.586181	3.221157	6.054490
18	10	2.247153	0.542280	2.732590	5.522023
18	11	2.247153	0.487092	2.184983	4.919228
18	12	2.247153	0.462253	1.938522	4.647928
18	13	2.247153	0.606637	3.371167	6.224957
18	14	2.247153	0.619863	3.502406	6.369422
18	15	2.247153	0.593232	3.238160	6.078545
18	16	2.247153	0.581793	3.124657	5.953603
18	17	2.247153	0.592365	3.229553	6.069071
18	18	2.247153	0.550720	2.816335	5.614208
18	19	2.247153	0.538359	2.693680	5.479191
18	20	2.247153	0.568647	2.994219	5.810019
18	21	2.247153	0.538359	2.693680	5.479191
18	22	2.247153	0.582662	3.133280	5.963095
18	23	2.247153	0.566658	2.974477	5.788288
18	24	2.247153	0.515893	2.470763	5.233808
18	25	2.247153	0.526033	2.571372	5.344558
18	26	2.247153	0.527897	2.589876	5.364925
18	27	2.247153	0.613760	3.441850	6.302763
18	28	2.247153	0.596993	3.275477	6.119623
18	29	2.247153	0.538359	2.693680	5.479191
18	30	2.247153	0.606637	3.371167	6.224957
18	31	2.247153	0.419485	1.514155	4.180793
18	32	2.247153	0.516722	2.955657	5.719531
18	33	2.247153	0.579439	3.101296	5.927888
18	34	2.247153	0.585740	3.163819	5.996711
18	35	2.247153	0.593630	3.453965	6.294748
18	36	2.247153	0.462295	2.574504	5.283952
18	37	2.247153	0.509248	2.404824	5.161224
18	38	2.247153	0.610047	3.405001	6.262200
18	39	2.247153	0.532746	2.637984	5.417882
18	40	2.247153	0.542280	2.732590	5.522023
18	41	2.247153	0.565688	2.964856	5.777697
18	42	2.247153	0.598498	3.290411	6.136061
18	43	2.247153	0.625996	3.616221	6.489370
18	44	2.247153	0.569266	3.000356	5.816775
18	45	2.247153	0.612673	3.431059	6.290885
18	46	2.247153	0.550720	2.816335	5.614208
18	47	2.247153	0.568647	2.994219	5.810019
18	48	2.247153	0.425451	2.261878	4.934482
18	49	2.247153	0.437354	1.691455	4.375962
18	50	2.247153	0.563375	2.941903	5.752431
18	51	2.247153	0.563375	2.941903	5.752431
18	52	2.247153	0.516277	2.845323	5.608753
18	53	2.247153	0.602931	3.334401	6.184485
18	54	2.247153	0.503672	2.349496	5.100321
18	55	2.247153	0.511307	2.425254	5.183713
18	56	2.247153	0.545281	2.762362	5.554795
18	57	2.247153	0.610047	3.405001	6.262200
18	58	2.247153	0.510514	2.417388	5.175055
18	59	2.247153	0.563375	2.941903	5.752431
18	60	2.247153	0.583535	3.141942	5.972630
18	61	2.247153	0.515893	2.470763	5.233808
18	62	2.247153	0.542280	2.732590	5.522023
18	63	2.247153	0.549432	2.803558	5.600143
18	64	2.247153	0.602978	3.334864	6.184994
18	65	2.247153	0.569266	3.000356	5.816775
18	66	2.247153	0.612673	3.431059	6.290885
18	67	2.247153	0.578961	3.096551	5.922665
18	68	2.247153	0.419485	1.514155	4.180793
18	69	2.247153	0.516277	2.845323	5.608753
18	70	2.247153	0.604247	3.347458	6.198858
18	71	2.247153	0.592365	3.229553	6.069071
18	72	2.247153	0.596993	3.275477	6.119623
18	73	2.247153	0.592365	3.229553	6.069071
18	74	2.247153	0.528680	2.597643	5.373476
18	75	2.247153	0.419485	1.514155	4.180793
18	76	2.247153	0.657828	3.879107	6.784088
18	77	2.247153	0.581793	3.124657	5.953603
18	78	2.247153	0.544885	2.758440	5.550478
18	79	2.247153	0.510330	2.415564	5.173046
18	80	2.247153	0.549432	2.803558	5.600143
18	81	2.247153	0.602978	3.334864	6.184994
18	82	2.247153	0.563375	2.941903	5.752431
18	83	2.247153	0.538359	2.693680	5.479191
18	84	2.247153	0.592523	3.231120	6.070795
18	85	2.247153	0.512822	2.440289	5.200264
18	86	2.247153	0.446256	1.779792	4.473201
18	87	2.247153	0.593232	3.238160	6.078545
18	88	2.247153	0.544335	2.752974	5.544461
18	89	2.247153	0.631288	3.615767	6.494207
18	90	2.247153	0.592523	3.231120	6.070795
18	91	2.247153	0.608806	3.392694	6.248652
18	92	2.247153	0.419485	1.514155	4.180793
18	93	2.247153	0.566658	2.974477	5.788288
18	94	2.247153	0.509248	2.404824	5.161224
18	95	2.247153	0.585740	3.163819	5.996711
18	96	2.247153	0.549932	2.808518	5.605603
18	97	2.247153	0.510330	2.415564	5.173046
18	98	2.247153	0.583535	3.141942	5.972630
18	99	2.247153	0.579439	3.101296	5.927888
19	0	2.190405	0.548804	2.797323	5.536531
19	1	2.190405	0.567824	2.986045	5.744273
19	2	2.190405	0.535174	2.662081	5.387660
19	3	2.190405	0.522315	2.534485	5.247204
19	4	2.190405	0.609223	3.449796	6.249424
19	5	2.190405	0.629120	3.594257	6.413782
19	6	2.190405	0.542681	2.736570	5.469656
19	7	2.190405	0.660594	3.906556	6.757554
19	8	2.190405	0.518366	2.495299	5.204070
19	9	2.190405	0.486538	2.179489	4.856432
19	10	2.190405	0.542681	2.736570	5.469656
19	11	2.190405	0.544680	2.756404	5.491489
19	12	2.190405	0.549235	2.801597	5.541237
19	13	2.190405	0.498386	2.614836	5.303627
19	14	2.190405	0.562057	2.928826	5.681288
19	15	2.190405	0.433673	1.654929	4.279006
19	16	2.190405	0.476806	2.082921	4.750131
19	17	2.190405	0.547505	3.102213	5.840122
19	18	2.190405	0.629838	3.601381	6.421624
19	19	2.190405	0.539475	2.704753	5.434632
19	20	2.190405	0.554099	2.849865	5.594368
19	21	2.190405	0.544680	2.756404	5.491489
19	22	2.190405	0.660594	3.906556	6.757554
19	23	2.190405	0.609084	3.395447	6.194936
19	24	2.190405	0.552385	2.832851	5.575641
19	25	2.190405	0.540624	2.716155	5.447184
19	26	2.190405	0.660594	3.906556	6.757554
19	27	2.190405	0.492737	2.241001	4.924143
19	28	2.190405	0.660594	3.906556	6.757554
19	29	2.190405	0.492070	2.234380	4.916854
19	30	2.190405	0.524205	2.553233	5.267842
19	31	2.190405	0.496125	2.274615	4.961145
19	32	2.190405	0.671617	4.015936	6.877958
19	33	2.190405	0.376127	1.984313	4.550844
19	34	2.190405	0.560023	2.908644	5.659071
19	35	2.190405	0.543214	2.741855	5.475474
19	36	2.190405	0.540624	2.716155	5.447184
19	37	2.190405	0.511346	2.425640	5.127390
19	38	2.190405	0.518366	2.495299	5.204070
19	39	2.190405	0.503293	2.345738	5.039436
19	40	2.190405	0.500067	2.684475	5.374947
19	41	2.190405	0.539475	2.704753	5.434632
19	42	2.190405	0.538819	3.068992	5.798215
19	43	2.190405	0.582582	3.132482	5.905468
19	44	2.190405	0.609084	3.395447	6.194936
19	45	2.190405	0.503293	2.345738	5.039436
19	46	2.190405	0.539475	2.704753	5.434632
19	47	2.190405	0.454545	1.862041	4.506991
19	48	2.190405	0.486538	2.179489	4.856432
19	49	2.190405	0.503293	2.345738	5.039436
19	50	2.190405	0.559769	2.906117	5.656290
19	51	2.190405	0.516186	2.473673	5.180263
19	52	2.190405	0.498746	2.300620	4.989770
19	53	2.190405	0.548804	2.797323	5.536531
19	54	2.190405	0.563587	2.944005	5.697996
19	55	2.190405	0.559769	2.906117	5.656290
19	56	2.190405	0.609223	3.449796	6.249424
19	57	2.190405	0.615918	3.463258	6.269581
19	58	2.190405	0.503293	2.345738	5.039436
19	59	2.190405	0.520302	2.726369	5.437075
19	60	2.190405	0.554682	2.855648	5.600734
19	61	2.190405	0.433673	1.654929	4.279006
19	62	2.190405	0.532338	2.633940	5.356683
19	63	2.190405	0.511411	2.426289	5.128104
19	64	2.190405	0.511411	2.426289	5.128104
19	65	2.190405	0.492737	2.241001	4.924143
19	66	2.190405	0.464486	1.960672	4.615563
19	67	2.190405	0.567824	2.986045	5.744273
19	68	2.190405	0.543797	3.012459	5.746661
19	69	2.190405	0.433673	1.654929	4.279006
19	70	2.190405	0.501368	2.326640	5.018413
19	71	2.190405	0.544680	2.756404	5.491489
19	72	2.190405	0.450677	1.823660	4.464742
19	73	2.190405	0.623045	3.533981	6.347430
19	74	2.190405	0.554566	2.854496	5.599467
19	75	2.190405	0.517973	2.491399	5.199776
19	76	2.190405	0.592421	3.230109	6.012934
19	77	2.190405	0.559769	2.906117	5.656290
19	78	2.190405	0.488927	2.520974	5.200305
19	79	2.190405	0.511346	2.425640	5.127390
19	80	2.190405	0.549235	2.801597	5.541237
19	81	2.190405	0.594937	3.255076	6.040418
19	82	2.190405	0.560023	2.908644	5.659071
19	83	2.190405	0.591531	3.221277	6.003212
19	84	2.190405	0.554682	2.855648	5.600734
19	85	2.190405	0.603451	3.339552	6.133407
19	86	2.190405	0.433342	1.651646	4.275392
19	87	2.190405	0.594937	3.255076	6.040418
19	88	2.190405	0.554566	2.854496	5.599467
19	89	2.190405	0.582654	3.133203	5.906262
19	90	2.190405	0.537904	2.689168	5.417476
19	91	2.190405	0.563587	2.944005	5.697996
19	92	2.190405	0.517973	2.491399	5.199776
19	93	2.190405	0.529907	2.609816	5.330128
19	94	2.190405	0.564511	2.953176	5.708091
19	95	2.190405	0.582654	3.133203	5.906262
19	96	2.190405	0.539475	2.704753	5.434632
19	97	2.190405	0.527110	2.582063	5.299578
19	98	2.190405	0.590144	3.207519	5.988067
19	99	2.190405	0.609084	3.395447	6.194936
20	0	2.228405	0.623862	3.542080	6.394347
20	1	2.228405	0.516305	2.474854	5.219565
20	2	2.228405	0.474272	2.057774	4.760450
20	3	2.228405	0.510290	2.415168	5.153863
20	4	2.228405	0.546348	2.772952	5.547704
20	5	2.228405	0.556247	2.871179	5.655831
20	6	2.228405	0.536706	2.942094	5.707205
20	7	2.228405	0.487303	2.187080	4.902788
20	8	2.228405	0.507855	2.391007	5.127267
20	9	2.228405	0.541051	2.720388	5.489844
20	10	2.228405	0.502395	2.336825	5.067625
20	11	2.228405	0.546348	2.772952	5.547704
20	12	2.228405	0.501256	2.325528	5.055189
20	13	2.228405	0.541880	2.728615	5.498900
20	14	2.228405	0.506242	2.374996	5.109643
20	15	2.228405	0.512307	2.435179	5.175891
20	16	2.228405	0.435052	1.668613	4.332069
20	17	2.228405	0.600589	3.311159	6.140153
20	18	2.228405	0.488720	2.201142	4.918267
20	19	2.228405	0.631289	3.615775	6.475468
20	20	2.228405	0.593553	3.241347	6.063305
20	21	2.228405	0.595036	3.256057	6.079498
20	22	2.228405	0.486170	2.493618	5.208193
20	23	2.228405	0.672567	4.025359	6.926330
20	24	2.228405	0.442710	1.744604	4.415719
20	25	2.228405	0.516305	2.474854	5.219565
20	26	2.228405	0.565594	2.963920	5.757919
20	27	2.228405	0.569196	2.999663	5.797263
20	28	2.228405	0.587512	3.287334	6.103251
20	29	2.228405	0.539957	2.709533	5.477895
20	30	2.228405	0.489841	2.212266	4.930512
20	31	2.228405	0.509170	2.404055	5.141630
20	32	2.228405	0.570080	3.008431	5.806915
20	33	2.228405	0.539957	2.709533	5.477895
20	34	2.228405	0.569196	2.999663	5.797263
20	35	2.228405	0.602096	3.326114	6.156615
20	36	2.228405	0.578092	3.087933	5.894430
20	37	2.228405	0.508186	2.394293	5.130884
20	38	2.228405	0.565220	2.960206	5.753831
20	39	2.228405	0.595036	3.256057	6.079498
20	40	2.228405	0.501256	2.325528	5.055189
20	41	2.228405	0.518984	2.501430	5.248818
20	42	2.228405	0.602096	3.326114	6.156615
20	43	2.228405	0.488056	2.194554	4.911015
20	44	2.228405	0.447454	1.791674	4.467532
20	45	2.228405	0.521493	2.526329	5.276227
20	46	2.228405	0.502395	2.336825	5.067625
20	47	2.228405	0.506242	2.374996	5.109643
20	48	2.228405	0.503771	2.350477	5.082652
20	49	2.228405	0.591411	3.220086	6.039902
20	50	2.228405	0.442710	1.744604	4.415719
20	51	2.228405	0.512307	2.435179	5.175891
20	52	2.228405	0.519071	2.502299	5.249775
20	53	2.228405	0.646510	3.766810	6.641724
20	54	2.228405	0.502395	2.336825	5.067625
20	55	2.228405	0.447454	1.791674	4.467532
20	56	2.228405	0.539957	2.709533	5.477895
20	57	2.228405	0.559663	2.905069	5.693137
20	58	2.228405	0.618219	3.592019	6.438642
20	59	2.228405	0.479746	2.112095	4.820246
20	60	2.228405	0.489841	2.212266	4.930512
20	61	2.228405	0.583041	3.137039	5.948484
20	62	2.228405	0.583206	3.244605	6.056217
20	63	2.228405	0.580351	3.110345	5.919100
20	64	2.228405	0.565594	2.963920	5.757919
20	65	2.228405	0.541880	2.728615	5.498900
20	66	2.228405	0.510290	2.415168	5.153863
20	67	2.228405	0.493578	2.673052	5.395034
20	68	2.228405	0.487303	2.187080	4.902788
20	69	2.228405	0.518984	2.501430	5.248818
20	70	2.228405	0.506242	2.374996	5.109643
20	71	2.228405	0.620551	3.509234	6.358190
20	72	2.228405	0.569196	2.999663	5.797263
20	73	2.228405	0.580351	3.110345	5.919100
20	74	2.228405	0.539957	2.709533	5.477895
20	75	2.228405	0.602427	3.488289	6.319121
20	76	2.228405	0.578092	3.087933	5.894430
20	77	2.228405	0.571941	3.026895	5.827241
20	78	2.228405	0.509170	2.404055	5.141630
20	79	2.228405	0.540740	2.717310	5.486455
20	80	2.228405	0.606109	3.365933	6.200447
20	81	2.228405	0.497672	2.501814	5.227891
20	82	2.228405	0.550130	2.810482	5.589017
20	83	2.228405	0.463183	1.947749	4.639337
20	84	2.228405	0.579634	3.103233	5.911272
20	85	2.228405	0.493578	2.673052	5.395034
20	86	2.228405	0.600589	3.311159	6.140153
20	87	2.228405	0.579634	3.103233	5.911272
20	88	2.228405	0.488056	2.194554	4.911015
20	89	2.228405	0.499811	2.311184	5.039399
20	90	2.228405	0.613606	3.440324	6.282335
20	91	2.228405	0.543920	2.907749	5.680073
20	92	2.228405	0.624324	3.546667	6.399395
20	93	2.228405	0.541880	2.728615	5.498900
20	94	2.228405	0.575104	3.058280	5.861788
20	95	2.228405	0.571941	3.026895	5.827241
20	96	2.228405	0.613606	3.440324	6.282335
20	97	2.228405	0.508186	2.394293	5.130884
20	98	2.228405	0.575104	3.058280	5.861788
20	99	2.228405	0.503771	2.350477	5.082652
21	0	2.370031	0.537986	2.689983	5.598000
21	1	2.370031	0.584937	3.155851	6.110819
21	2	2.370031	0.479972	2.114334	4.964337
21	3	2.370031	0.440128	1.718983	4.529142
21	4	2.370031	0.499884	2.311913	5.181829
21	5	2.370031	0.505907	2.371675	5.247613
21	6	2.370031	0.508485	2.397260	5.275777
21	7	2.370031	0.548900	2.798274	5.717205
21	8	2.370031	0.642981	3.784755	6.797767
21	9	2.370031	0.642981	3.784755	6.797767
21	10	2.370031	0.458543	1.901710	4.730285
21	11	2.370031	0.534066	2.651086	5.555184
21	12	2.370031	0.536446	2.674696	5.581173
21	13	2.370031	0.444700	1.764346	4.579077
21	14	2.370031	0.537986	2.689983	5.598000
21	15	2.370031	0.458543	1.901710	4.730285
21	16	2.370031	0.531481	2.625438	5.526951
21	17	2.370031	0.487737	2.191389	5.049158
21	18	2.370031	0.578547	3.198377	6.146956
21	19	2.370031	0.486612	2.180221	5.036864
21	20	2.370031	0.499323	2.306349	5.175704
21	21	2.370031	0.479972	2.114334	4.964337
21	22	2.370031	0.505907	2.371675	5.247613
21	23	2.370031	0.554194	2.850808	5.775033
21	24	2.370031	0.479416	2.108817	4.958264
21	25	2.370031	0.550200	2.811175	5.731406
21	26	2.370031	0.521412	2.525523	5.416966
21	27	2.370031	0.484633	2.160581	5.015245
21	28	2.370031	0.448710	1.804135	4.622876
21	29	2.370031	0.644416	3.746032	6.760479
21	30	2.370031	0.444700	1.764346	4.579077
21	31	2.370031	0.594103	3.246796	6.210930
21	32	2.370031	0.522237	2.533708	5.425976
21	33	2.370031	0.564372	2.951791	5.886194
21	34	2.370031	0.560271	2.911104	5.841406
21	35	2.370031	0.508485	2.397260	5.275777
21	36	2.370031	0.498037	2.293581	5.161649
21	37	2.370031	0.564372	2.951791	5.886194
21	38	2.370031	0.527460	2.585531	5.483022
21	39	2.370031	0.498037	2.293581	5.161649
21	40	2.370031	0.558972	2.898213	5.827216
21	41	2.370031	0.574775	3.055022	5.999828
21	42	2.370031	0.589705	3.203166	6.162902
21	43	2.370031	0.459109	1.907327	4.736467
21	44	2.370031	0.521412	2.525523	5.416966
21	45	2.370031	0.487956	2.193556	5.051543
21	46	2.370031	0.484951	2.163739	5.018722
21	47	2.370031	0.529433	2.605117	5.504582
21	48	2.370031	0.509882	2.411119	5.291032
21	49	2.370031	0.592580	3.231694	6.194305
21	50	2.370031	0.510227	2.414538	5.294796
21	51	2.370031	0.629472	3.703679	6.703182
21	52	2.370031	0.487956	2.193556	5.051543
21	53	2.370031	0.548757	2.796858	5.715647
21	54	2.370031	0.624830	3.551690	6.546551
21	55	2.370031	0.639811	3.700336	6.710178
21	56	2.370031	0.509882	2.411119	5.291032
21	57	2.370031	0.524281	2.553988	5.448300
21	58	2.370031	0.486508	2.179188	5.035727
21	59	2.370031	0.594103	3.246796	6.210930
21	60	2.370031	0.548900	2.798274	5.717205
21	61	2.370031	0.612436	3.428708	6.411175
21	62	2.370031	0.499323	2.306349	5.175704
21	63	2.370031	0.558972	2.898213	5.827216
21	64	2.370031	0.416056	1.480131	4.266218
21	65	2.370031	0.537986	2.689983	5.598000
21	66	2.370031	0.607301	3.377754	6.355086
21	67	2.370031	0.479416	2.108817	4.958264
21	68	2.370031	0.448710	1.804135	4.622876
21	69	2.370031	0.560271	2.911104	5.841406
21	70	2.370031	0.612959	3.433897	6.416887
21	71	2.370031	0.548757	2.796858	5.715647
21	72	2.370031	0.579324	3.100156	6.049511
21	73	2.370031	0.552822	2.837195	5.760049
21	74	2.370031	0.484951	2.163739	5.018722
21	75	2.370031	0.479416	2.108817	4.958264
21	76	2.370031	0.499323	2.306349	5.175704
21	77	2.370031	0.554194	2.850808	5.775033
21	78	2.370031	0.531481	2.625438	5.526951
21	79	2.370031	0.543224	2.900849	5.814105
21	80	2.370031	0.499884	2.311913	5.181829
21	81	2.370031	0.534066	2.651086	5.555184
21	82	2.370031	0.547128	2.780687	5.697846
21	83	2.370031	0.536446	2.674696	5.581173
21	84	2.370031	0.521412	2.525523	5.416966
21	85	2.370031	0.434082	1.658991	4.463104
21	86	2.370031	0.630891	3.664796	6.665719
21	87	2.370031	0.582780	3.134446	6.087257
21	88	2.370031	0.550200	2.811175	5.731406
21	89	2.370031	0.560271	2.911104	5.841406
21	90	2.370031	0.572940	3.036814	5.979786
21	91	2.370031	0.554194	2.850808	5.775033
21	92	2.370031	0.480824	2.652429	5.503284
21	93	2.370031	0.484633	2.160581	5.015245
21	94	2.370031	0.578547	3.198377	6.146956
21	95	2.370031	0.580641	3.113226	6.063899
21	96	2.370031	0.557066	2.879304	5.806402
21	97	2.370031	0.506196	2.374548	5.250776
21	98	2.370031	0.379381	2.016603	4.766015
21	99	2.370031	0.506196	2.374548	5.250776
22	0	2.314528	0.583150	3.138124	6.035801
22	1	2.314528	0.602027	3.325423	6.241977
22	2	2.314528	0.544074	2.750386	5.608987
22	3	2.314528	0.591353	3.219513	6.125393
22	4	2.314528	0.567598	2.983801	5.865926
22	5	2.314528	0.560973	3.023991	5.899491
22	6	2.314528	0.527392	2.584860	5.426779
22	7	2.314528	0.507991	2.392351	5.214869
22	8	2.314528	0.570043	3.008068	5.892638
22	9	2.314528	0.474208	2.057147	4.845883
22	10	2.314528	0.476020	2.075121	4.865669
22	11	2.314528	0.463355	1.949451	4.727333
22	12	2.314528	0.491800	2.231699	5.038027
22	13	2.314528	0.558739	2.895898	5.769164
22	14	2.314528	0.501748	2.860043	5.676318
22	15	2.314528	0.420831	1.527513	4.262872
22	16	2.314528	0.505447	2.367112	5.187087
22	17	2.314528	0.476256	2.077461	4.868245
22	18	2.314528	0.587059	3.282831	6.184418
22	19	2.314528	0.527392	2.584860	5.426779
22	20	2.314528	0.410765	1.427632	4.152925
22	21	2.314528	0.501193	2.324898	5.140618
22	22	2.314528	0.420831	1.527513	4.262872
22	23	2.314528	0.558373	2.892272	5.765173
22	24	2.314528	0.625960	3.562903	6.503391
22	25	2.314528	0.470427	2.019622	4.804576
22	26	2.314528	0.501193	2.324898	5.140618
22	27	2.314528	0.438973	1.707522	4.461022
22	28	2.314528	0.494878	2.262236	5.071641
22	29	2.314528	0.456967	1.886069	4.657564
22	30	2.314528	0.447445	2.109368	4.871340
22	31	2.314528	0.595279	3.258467	6.168273
22	32	2.314528	0.478364	2.098379	4.891270
22	33	2.314528	0.511198	2.847881	5.673607
22	34	2.314528	0.541856	2.728379	5.584763
22	35	2.314528	0.637154	3.673974	6.625656
22	36	2.314528	0.420831	1.527513	4.262872
22	37	2.314528	0.596137	3.372912	6.283576
22	38	2.314528	0.476020	2.075121	4.865669
22	39	2.314528	0.555340	2.862174	5.732042
22	40	2.314528	0.529956	2.610303	5.454787
22	41	2.314528	0.567598	2.983801	5.865926
22	42	2.314528	0.516243	2.474237	5.305008
22	43	2.314528	0.467483	1.990417	4.772428
22	44	2.314528	0.505332	2.365974	5.185834
22	45	2.314528	0.547397	2.783362	5.645287
22	46	2.314528	0.564920	2.957234	5.836682
22	47	2.314528	0.571985	3.027337	5.913850
22	48	2.314528	0.491800	2.231699	5.038027
22	49	2.314528	0.494254	2.256045	5.064826
22	50	2.314528	0.508381	2.396227	5.219136
22	51	2.314528	0.525305	2.564153	5.403986
22	52	2.314528	0.429312	1.611659	4.355498
22	53	2.314528	0.494878	2.262236	5.071641
22	54	2.314528	0.567598	2.983801	5.865926
22	55	2.314528	0.596137	3.372912	6.283576
22	56	2.314528	0.571985	3.027337	5.913850
22	57	2.314528	0.470427	2.019622	4.804576
22	58	2.314528	0.484287	2.157151	4.955965
22	59	2.314528	0.474208	2.057147	4.845883
22	60	2.314528	0.552099	2.830014	5.696640
22	61	2.314528	0.558594	2.894466	5.767588
22	62	2.314528	0.596137	3.372912	6.283576
22	63	2.314528	0.523135	2.542616	5.380278
22	64	2.314528	0.606855	3.373329	6.294712
22	65	2.314528	0.483884	2.153150	4.951562
22	66	2.314528	0.607678	3.381500	6.303705
22	67	2.314528	0.577983	3.086854	5.979365
22	68	2.314528	0.472014	2.035378	4.821920
22	69	2.314528	0.494087	2.254396	5.063011
22	70	2.314528	0.438973	1.707522	4.461022
22	71	2.314528	0.594691	3.252635	6.161854
22	72	2.314528	0.505447	2.367112	5.187087
22	73	2.314528	0.558594	2.894466	5.767588
22	74	2.314528	0.545567	2.871132	5.731227
22	75	2.314528	0.558373	2.892272	5.765173
22	76	2.314528	0.457029	1.886687	4.658244
22	77	2.314528	0.602027	3.325423	6.241977
22	78	2.314528	0.602667	3.331776	6.248971
22	79	2.314528	0.575062	3.057864	5.947454
22	80	2.314528	0.592643	3.232310	6.139480
22	81	2.314528	0.463355	1.949451	4.727333
22	82	2.314528	0.544270	2.752330	5.611127
22	83	2.314528	0.494087	2.254396	5.063011
22	84	2.314528	0.508381	2.396227	5.219136
22	85	2.314528	0.476256	2.077461	4.868245
22	86	2.314528	0.483884	2.153150	4.951562
22	87	2.314528	0.602027	3.325423	6.241977
22	88	2.314528	0.603887	3.343887	6.262302
22	89	2.314528	0.533438	2.644857	5.492823
22	90	2.314528	0.472014	2.035378	4.821920
22	91	2.314528	0.494087	2.254396	5.063011
22	92	2.314528	0.560973	3.023991	5.899491
22	93	2.314528	0.567598	2.983801	5.865926
22	94	2.314528	0.622753	3.531080	6.468360
22	95	2.314528	0.463355	1.949451	4.727333
22	96	2.314528	0.567598	2.983801	5.865926
22	97	2.314528	0.474208	2.057147	4.845883
22	98	2.314528	0.552862	2.837587	5.704976
22	99	2.314528	0.476256	2.077461	4.868245
23	0	2.444664	0.488691	2.200850	5.134204
23	1	2.444664	0.624735	3.603710	6.673108
23	2	2.444664	0.550640	2.815539	5.810842
23	3	2.444664	0.489015	2.521843	5.455522
23	4	2.444664	0.557859	2.887171	5.889694
23	5	2.444664	0.628535	3.588449	6.661648
23	6	2.444664	0.593344	3.239272	6.277281
23	7	2.444664	0.543946	2.749121	5.737732
23	8	2.444664	0.465798	1.973699	4.884161
23	9	2.444664	0.495860	2.271982	5.212505
23	10	2.444664	0.520333	2.514820	5.479817
23	11	2.444664	0.482757	2.141968	5.069389
23	12	2.444664	0.544251	2.752146	5.741062
23	13	2.444664	0.424085	1.559798	4.428547
23	14	2.444664	0.519646	2.507997	5.472307
23	15	2.444664	0.504097	2.724460	5.673221
23	16	2.444664	0.546558	2.775040	5.766263
23	17	2.444664	0.478284	2.097583	5.020530
23	18	2.444664	0.555181	2.860598	5.860443
23	19	2.444664	0.561640	2.924688	5.930992
23	20	2.444664	0.513800	2.449996	5.408460
23	21	2.444664	0.513016	2.442212	5.399891
23	22	2.444664	0.643621	3.738138	6.826423
23	23	2.444664	0.447869	2.431363	5.323896
23	24	2.444664	0.429346	1.612004	4.486014
23	25	2.444664	0.414309	1.462798	4.321771
23	26	2.444664	0.495860	2.271982	5.212505
23	27	2.444664	0.503810	2.350872	5.299347
23	28	2.444664	0.424085	1.559798	4.428547
23	29	2.444664	0.575231	3.165470	6.185365
23	30	2.444664	0.573471	3.042082	6.060217
23	31	2.444664	0.544251	2.752146	5.741062
23	32	2.444664	0.573471	3.042082	6.060217
23	33	2.444664	0.547154	2.780952	5.772770
23	34	2.444664	0.537106	2.681246	5.663015
23	35	2.444664	0.490735	2.221132	5.156531
23	36	2.444664	0.515884	2.470670	5.431218
23	37	2.444664	0.591154	3.217540	6.253358
23	38	2.444664	0.565233	2.960337	5.970233
23	39	2.444664	0.554782	2.856637	5.856083
23	40	2.444664	0.539982	2.709782	5.694428
23	41	2.444664	0.550640	2.815539	5.810842
23	42	2.444664	0.576555	3.072679	6.093898
23	43	2.444664	0.603891	3.343927	6.392483
23	44	2.444664	0.603891	3.343927	6.392483
23	45	2.444664	0.495860	2.271982	5.212505
23	46	2.444664	0.578783	3.094784	6.118230
23	47	2.444664	0.498644	2.299606	5.242913
23	48	2.444664	0.461515	1.931199	4.837378
23	49	2.444664	0.624735	3.603710	6.673108
23	50	2.444664	0.492000	2.233686	5.170350
23	51	2.444664	0.486441	2.178526	5.109631
23	52	2.444664	0.539982	2.709782	5.694428
23	53	2.444664	0.565233	2.960337	5.970233
23	54	2.444664	0.637458	3.676993	6.759115
23	55	2.444664	0.539295	2.702966	5.686925
23	56	2.444664	0.556389	2.872584	5.873637
23	57	2.444664	0.478284	2.097583	5.020530
23	58	2.444664	0.530636	2.617052	5.592353
23	59	2.444664	0.532568	2.795107	5.772338
23	60	2.444664	0.530636	2.617052	5.592353
23	61	2.444664	0.445698	1.774254	4.664616
23	62	2.444664	0.465798	1.973699	4.884161
23	63	2.444664	0.449063	1.807645	4.701372
23	64	2.444664	0.539295	2.702966	5.686925
23	65	2.444664	0.557859	2.887171	5.889694
23	66	2.444664	0.530636	2.617052	5.592353
23	67	2.444664	0.589906	3.205151	6.239721
23	68	2.444664	0.610527	3.409772	6.464963
23	69	2.444664	0.613558	3.439846	6.498068
23	70	2.444664	0.498644	2.299606	5.242913
23	71	2.444664	0.498644	2.299606	5.242913
23	72	2.444664	0.600930	3.314545	6.360140
23	73	2.444664	0.549686	3.176816	6.171166
23	74	2.444664	0.544251	2.752146	5.741062
23	75	2.444664	0.562506	2.933282	5.940452
23	76	2.444664	0.561640	2.924688	5.930992
23	77	2.444664	0.488691	2.200850	5.134204
23	78	2.444664	0.537106	2.681246	5.663015
23	79	2.444664	0.545993	3.087214	6.077872
23	80	2.444664	0.491151	2.225258	5.161072
23	81	2.444664	0.462169	1.937683	4.844516
23	82	2.444664	0.543946	2.749121	5.737732
23	83	2.444664	0.562506	2.933282	5.940452
23	84	2.444664	0.478284	2.097583	5.020530
23	85	2.444664	0.459515	2.546918	5.451097
23	86	2.444664	0.556611	2.874789	5.876064
23	87	2.444664	0.530636	2.617052	5.592353
23	88	2.444664	0.546558	2.775040	5.766263
23	89	2.444664	0.530636	2.617052	5.592353
23	90	2.444664	0.517216	2.483885	5.445764
23	91	2.444664	0.445698	1.774254	4.664616
23	92	2.444664	0.515884	2.470670	5.431218
23	93	2.444664	0.488691	2.200850	5.134204
23	94	2.444664	0.515884	2.470670	5.431218
23	95	2.444664	0.556389	2.872584	5.873637
23	96	2.444664	0.587267	3.178972	6.210903
23	97	2.444664	0.589959	3.205679	6.240302
23	98	2.444664	0.506920	2.381727	5.333310
23	99	2.444664	0.565233	2.960337	5.970233
24	0	2.381035	0.624475	3.548170	6.553680
24	1	2.381035	0.529452	2.605297	5.515783
24	2	2.381035	0.626006	3.563362	6.570403
24	3	2.381035	0.501680	2.329738	5.212453
24	4	2.381035	0.528330	2.594167	5.503532
24	5	2.381035	0.550665	2.815788	5.747487
24	6	2.381035	0.576169	3.068850	6.026054
24	7	2.381035	0.577135	3.078435	6.036605
24	8	2.381035	0.576169	3.068850	6.026054
24	9	2.381035	0.564485	2.952920	5.898440
24	10	2.381035	0.499238	2.305502	5.185774
24	11	2.381035	0.438962	1.707412	4.527409
24	12	2.381035	0.507330	2.385800	5.274165
24	13	2.381035	0.507330	2.385800	5.274165
24	14	2.381035	0.626006	3.563362	6.570403
24	15	2.381035	0.503679	2.349573	5.234287
24	16	2.381035	0.514214	2.454101	5.349350
24	17	2.381035	0.531720	2.627809	5.540564
24	18	2.381035	0.586154	3.167928	6.135117
24	19	2.381035	0.586985	3.229138	6.197157
24	20	2.381035	0.465487	1.970609	4.817130
24	21	2.381035	0.465487	1.970609	4.817130
24	22	2.381035	0.498194	2.665885	5.545113
24	23	2.381035	0.577135	3.078435	6.036605
24	24	2.381035	0.484858	2.162820	5.028713
24	25	2.381035	0.469400	2.009434	4.859868
24	26	2.381035	0.539451	2.704515	5.625000
24	27	2.381035	0.581049	3.117268	6.079352
24	28	2.381035	0.580581	3.112630	6.074245
24	29	2.381035	0.537509	2.685249	5.603792
24	30	2.381035	0.564045	2.948548	5.893627
24	31	2.381035	0.587263	3.178926	6.147223
24	32	2.381035	0.564485	2.952920	5.898440
24	33	2.381035	0.550878	2.976793	5.908705
24	34	2.381035	0.477548	2.725850	5.584432
24	35	2.381035	0.531720	2.627809	5.540564
24	36	2.381035	0.455654	1.873041	4.709730
24	37	2.381035	0.529452	2.605297	5.515783
24	38	2.381035	0.528330	2.594167	5.503532
24	39	2.381035	0.564485	2.952920	5.898440
24	40	2.381035	0.531720	2.627809	5.540564
24	41	2.381035	0.581049	3.117268	6.079352
24	42	2.381035	0.496085	2.274219	5.151339
24	43	2.381035	0.484858	2.162820	5.028713
24	44	2.381035	0.497993	2.293148	5.172175
24	45	2.381035	0.528330	2.594167	5.503532
24	46	2.381035	0.594982	3.255526	6.231543
24	47	2.381035	0.618476	3.488638	6.488148
24	48	2.381035	0.503679	2.349573	5.234287
24	49	2.381035	0.594520	3.250939	6.226494
24	50	2.381035	0.529452	2.605297	5.515783
24	51	2.381035	0.473629	2.051395	4.906058
24	52	2.381035	0.429334	1.611880	4.422248
24	53	2.381035	0.507330	2.385800	5.274165
24	54	2.381035	0.618476	3.488638	6.488148
24	55	2.381035	0.438962	1.707412	4.527409
24	56	2.381035	0.583592	3.142506	6.107132
24	57	2.381035	0.529452	2.605297	5.515783
24	58	2.381035	0.533688	2.647333	5.562055
24	59	2.381035	0.507330	2.385800	5.274165
24	60	2.381035	0.537186	2.946863	5.865084
24	61	2.381035	0.583592	3.142506	6.107132
24	62	2.381035	0.565954	3.126380	6.073368
24	63	2.381035	0.455654	1.873041	4.709730
24	64	2.381035	0.551657	2.825630	5.758322
24	65	2.381035	0.595485	3.260513	6.237033
24	66	2.381035	0.469400	2.009434	4.859868
24	67	2.381035	0.553597	3.162661	6.097293
24	68	2.381035	0.531720	2.627809	5.540564
24	69	2.381035	0.503796	2.668508	5.553338
24	70	2.381035	0.499399	2.307100	5.187534
24	71	2.381035	0.507330	2.385800	5.274165
24	72	2.381035	0.429334	1.611880	4.422248
24	73	2.381035	0.625861	3.561921	6.568816
24	74	2.381035	0.429334	1.611880	4.422248
24	75	2.381035	0.499238	2.305502	5.185774
24	76	2.381035	0.496085	2.274219	5.151339
24	77	2.381035	0.484433	2.158603	5.024071
24	78	2.381035	0.473629	2.051395	4.906058
24	79	2.381035	0.608626	3.390906	6.380567
24	80	2.381035	0.533688	2.647333	5.562055
24	81	2.381035	0.577135	3.078435	6.036605
24	82	2.381035	0.446199	1.779226	4.606460
24	83	2.381035	0.414951	1.469170	4.265156
24	84	2.381035	0.610766	3.412140	6.403940
24	85	2.381035	0.498601	2.299186	5.178822
24	86	2.381035	0.505570	2.368335	5.254940
24	87	2.381035	0.539451	2.704515	5.625000
24	88	2.381035	0.594520	3.250939	6.226494
24	89	2.381035	0.537186	2.946863	5.865084
24	90	2.381035	0.529452	2.605297	5.515783
24	91	2.381035	0.609472	3.505230	6.495737
24	92	2.381035	0.521853	2.529901	5.432788
24	93	2.381035	0.618476	3.488638	6.488148
24	94	2.381035	0.528330	2.594167	5.503532
24	95	2.381035	0.528330	2.594167	5.503532
24	96	2.381035	0.498601	2.299186	5.178822
24	97	2.381035	0.501680	2.329738	5.212453
24	98	2.381035	0.533688	2.647333	5.562055
24	99	2.381035	0.594520	3.250939	6.226494
25	0	2.382180	0.490584	2.219638	5.092403
25	1	2.382180	0.478421	2.098951	4.959553
25	2	2.382180	0.556031	2.869035	5.807247
25	3	2.382180	0.409932	1.419366	4.211479
25	4	2.382180	0.559069	2.899177	5.840427
25	5	2.382180	0.462930	1.945233	4.790343
25	6	2.382180	0.566413	2.972049	5.920643
25	7	2.382180	0.579964	3.106505	6.068650
25	8	2.382180	0.534362	2.654024	5.570567
25	9	2.382180	0.586748	3.173817	6.142746
25	10	2.382180	0.465553	1.971267	4.819001
25	11	2.382180	0.579598	3.102873	6.064652
25	12	2.382180	0.534658	2.656956	5.573794
25	13	2.382180	0.570951	3.017080	5.970212
25	14	2.382180	0.529381	2.604596	5.516158
25	15	2.382180	0.462930	1.945233	4.790343
25	16	2.382180	0.522214	2.533479	5.437873
25	17	2.382180	0.465553	1.971267	4.819001
25	18	2.382180	0.427192	1.590631	4.400004
25	19	2.382180	0.534362	2.654024	5.570567
25	20	2.382180	0.598422	3.395581	6.376183
25	21	2.382180	0.551883	2.827869	5.761932
25	22	2.382180	0.570951	3.017080	5.970212
25	23	2.382180	0.453110	1.847799	4.683089
25	24	2.382180	0.611654	3.473919	6.467754
25	25	2.382180	0.479116	2.105846	4.967143
25	26	2.382180	0.551158	2.820680	5.754019
25	27	2.382180	0.409932	1.419366	4.211479
25	28	2.382180	0.611654	3.473919	6.467754
25	29	2.382180	0.586739	3.173731	6.142650
25	30	2.382180	0.534444	2.654830	5.571454
25	31	2.382180	0.648936	3.790880	6.821996
25	32	2.382180	0.551158	2.820680	5.754019
25	33	2.382180	0.539695	2.706940	5.628815
25	34	2.382180	0.427192	1.590631	4.400004
25	35	2.382180	0.498414	2.297331	5.177926
25	36	2.382180	0.578128	3.088293	6.048602
25	37	2.382180	0.502067	2.333572	5.217819
25	38	2.382180	0.537884	3.006753	5.926818
25	39	2.382180	0.582178	3.128475	6.092833
25	40	2.382180	0.478581	2.100536	4.961298
25	41	2.382180	0.521251	2.523930	5.427362
25	42	2.382180	0.524804	2.559179	5.466164
25	43	2.382180	0.541008	2.719965	5.643153
25	44	2.382180	0.510484	2.417086	5.309750
25	45	2.382180	0.536352	2.673766	5.592299
25	46	2.382180	0.548991	2.799182	5.730354
25	47	2.382180	0.571643	3.023946	5.977770
25	48	2.382180	0.550665	2.815792	5.748638
25	49	2.382180	0.435203	1.670113	4.487496
25	50	2.382180	0.500054	2.313596	5.195830
25	51	2.382180	0.571643	3.023946	5.977770
25	52	2.382180	0.465553	1.971267	4.819001
25	53	2.382180	0.519371	2.505273	5.406824
25	54	2.382180	0.500054	2.313596	5.195830
25	55	2.382180	0.579598	3.102873	6.064652
25	56	2.382180	0.501452	2.327468	5.211100
25	57	2.382180	0.478581	2.100536	4.961298
25	58	2.382180	0.601779	3.322971	6.306930
25	59	2.382180	0.534444	2.654830	5.571454
25	60	2.382180	0.550665	2.815792	5.748638
25	61	2.382180	0.534658	2.656956	5.573794
25	62	2.382180	0.559691	2.905350	5.847222
25	63	2.382180	0.515033	2.462227	5.359440
25	64	2.382180	0.598827	3.293675	6.274682
25	65	2.382180	0.582178	3.128475	6.092833
25	66	2.382180	0.531969	2.630274	5.544423
25	67	2.382180	0.571643	3.023946	5.977770
25	68	2.382180	0.508731	2.399696	5.290607
25	69	2.382180	0.579964	3.106505	6.068650
25	70	2.382180	0.558775	3.108117	6.049073
25	71	2.382180	0.510581	2.418055	5.310816
25	72	2.382180	0.579488	3.101784	6.063452
25	73	2.382180	0.531969	2.630274	5.544423
25	74	2.382180	0.550769	2.816818	5.749767
25	75	2.382180	0.567780	3.144499	6.094460
25	76	2.382180	0.559691	2.905350	5.847222
25	77	2.382180	0.582580	3.132464	6.097225
25	78	2.382180	0.479116	2.105846	4.967143
25	79	2.382180	0.427192	1.590631	4.400004
25	80	2.382180	0.453110	1.847799	4.683089
25	81	2.382180	0.427819	1.596844	4.406843
25	82	2.382180	0.476741	2.453026	5.311948
25	83	2.382180	0.490584	2.219638	5.092403
25	84	2.382180	0.600120	3.306508	6.288808
25	85	2.382180	0.541008	2.719965	5.643153
25	86	2.382180	0.551824	2.827292	5.761297
25	87	2.382180	0.643738	3.792266	6.818184
25	88	2.382180	0.502067	2.333572	5.217819
25	89	2.382180	0.569945	3.007091	5.959216
25	90	2.382180	0.501452	2.327468	5.211100
25	91	2.382180	0.604267	3.347650	6.334097
25	92	2.382180	0.527110	2.582066	5.491357
25	93	2.382180	0.571520	3.022720	5.976420
25	94	2.382180	0.492886	2.772115	5.647182
25	95	2.382180	0.642285	3.724886	6.749352
25	96	2.382180	0.435203	1.670113	4.487496
25	97	2.382180	0.447182	1.788980	4.618343
25	98	2.382180	0.569945	3.007091	5.959216
25	99	2.382180	0.643738	3.792266	6.818184
26	0	2.334811	0.488284	2.196815	5.019910
26	1	2.334811	0.521979	2.531148	5.387937
26	2	2.334811	0.447080	1.787963	4.569854
26	3	2.334811	0.415151	1.471147	4.221109
26	4	2.334811	0.621200	3.621594	6.577604
26	5	2.334811	0.554033	2.849206	5.738050
26	6	2.334811	0.481004	2.124572	4.940387
26	7	2.334811	0.415151	1.471147	4.221109
26	8	2.334811	0.486688	2.180978	5.002477
26	9	2.334811	0.521979	2.531148	5.387937
26	10	2.334811	0.537083	2.681023	5.552917
26	11	2.334811	0.437837	1.696250	4.468898
26	12	2.334811	0.564973	2.957757	5.857541
26	13	2.334811	0.515848	2.470317	5.320976
26	14	2.334811	0.498277	2.295972	5.129060
26	15	2.334811	0.513055	2.442601	5.290466
26	16	2.334811	0.528598	2.967578	5.830987
26	17	2.334811	0.531728	2.627882	5.494421
26	18	2.334811	0.622705	3.530609	6.488125
26	19	2.334811	0.513118	2.443224	5.291152
26	20	2.334811	0.528317	2.594038	5.457165
26	21	2.334811	0.515491	2.466768	5.317070
26	22	2.334811	0.518292	2.494570	5.347673
26	23	2.334811	0.454359	1.860189	4.649358
26	24	2.334811	0.566476	2.972669	5.873956
26	25	2.334811	0.481454	2.129040	4.945304
26	26	2.334811	0.625352	3.556871	6.517034
26	27	2.334811	0.481454	2.129040	4.945304
26	28	2.334811	0.527726	2.588179	5.450716
26	29	2.334811	0.532814	2.638656	5.506280
26	30	2.334811	0.521146	2.522883	5.378839
26	31	2.334811	0.508380	2.396214	5.239405
26	32	2.334811	0.494847	2.261937	5.091596
26	33	2.334811	0.594246	3.248222	6.177279
26	34	2.334811	0.493634	2.249898	5.078343
26	35	2.334811	0.508910	2.401472	5.245192
26	36	2.334811	0.565568	2.963667	5.864046
26	37	2.334811	0.488284	2.196815	5.019910
26	38	2.334811	0.530483	2.615529	5.480822
26	39	2.334811	0.407250	1.392752	4.134812
26	40	2.334811	0.518292	2.494570	5.347673
26	41	2.334811	0.612770	3.432029	6.379610
26	42	2.334811	0.500729	2.320299	5.155839
26	43	2.334811	0.652267	3.876900	6.863978
26	44	2.334811	0.428860	1.607181	4.370853
26	45	2.334811	0.528317	2.594038	5.457165
26	46	2.334811	0.478712	2.101837	4.915360
26	47	2.334811	0.515848	2.470317	5.320976
26	48	2.334811	0.610674	3.411222	6.356706
26	49	2.334811	0.587025	3.176571	6.098407
26	50	2.334811	0.488189	2.195869	5.018869
26	51	2.334811	0.552483	2.833826	5.721120
26	52	2.334811	0.550529	2.814434	5.699774
26	53	2.334811	0.550529	2.814434	5.699774
26	54	2.334811	0.550762	2.816752	5.702325
26	55	2.334811	0.421862	1.537737	4.294410
26	56	2.334811	0.521146	2.522883	5.378839
26	57	2.334811	0.472634	2.041528	4.848973
26	58	2.334811	0.550762	2.816752	5.702325
26	59	2.334811	0.498449	2.297676	5.130936
26	60	2.334811	0.552483	2.833826	5.721120
26	61	2.334811	0.513055	2.442601	5.290466
26	62	2.334811	0.574452	3.051814	5.961076
26	63	2.334811	0.527726	2.588179	5.450716
26	64	2.334811	0.469314	2.008584	4.812709
26	65	2.334811	0.521236	2.682673	5.538720
26	66	2.334811	0.518292	2.494570	5.347673
26	67	2.334811	0.428860	1.607181	4.370853
26	68	2.334811	0.574452	3.051814	5.961076
26	69	2.334811	0.537078	2.680968	5.552856
26	70	2.334811	0.454359	1.860189	4.649358
26	71	2.334811	0.550529	2.814434	5.699774
26	72	2.334811	0.517157	2.483309	5.335277
26	73	2.334811	0.469314	2.008584	4.812709
26	74	2.334811	0.637946	3.681838	6.654595
26	75	2.334811	0.447080	1.787963	4.569854
26	76	2.334811	0.621200	3.621594	6.577604
26	77	2.334811	0.553701	2.951837	5.840349
26	78	2.334811	0.513055	2.442601	5.290466
26	79	2.334811	0.512908	2.705961	5.553680
26	80	2.334811	0.472609	2.041277	4.848696
26	81	2.334811	0.550762	2.816752	5.702325
26	82	2.334811	0.451159	2.464002	5.249971
26	83	2.334811	0.421862	1.537737	4.294410
26	84	2.334811	0.502088	2.333786	5.170685
26	85	2.334811	0.552746	2.836433	5.723989
26	86	2.334811	0.615384	3.457961	6.408156
26	87	2.334811	0.454359	1.860189	4.649358
26	88	2.334811	0.494847	2.261937	5.091596
26	89	2.334811	0.454359	1.860189	4.649358
26	90	2.334811	0.582811	3.134753	6.052375
26	91	2.334811	0.565568	2.963667	5.864046
26	92	2.334811	0.554033	2.849206	5.738050
26	93	2.334811	0.531728	2.627882	5.494421
26	94	2.334811	0.515491	2.466768	5.317070
26	95	2.334811	0.415151	1.471147	4.221109
26	96	2.334811	0.547195	2.781354	5.663360
26	97	2.334811	0.598634	3.291758	6.225202
26	98	2.334811	0.495461	2.797663	5.627935
26	99	2.334811	0.637946	3.681838	6.654595
27	0	2.304632	0.553827	2.847164	5.705623
27	1	2.304632	0.511572	2.427882	5.244086
27	2	2.304632	0.610000	3.404538	6.319171
27	3	2.304632	0.582076	3.127462	6.014170
27	4	2.304632	0.656413	3.918032	6.879076
27	5	2.304632	0.488255	2.196523	4.989410
27	6	2.304632	0.523136	2.542634	5.370402
27	7	2.304632	0.579036	3.097297	5.980965
27	8	2.304632	0.563803	3.263936	6.132371
27	9	2.304632	0.486210	2.176235	4.967078
27	10	2.304632	0.554817	2.856989	5.716439
27	11	2.304632	0.475035	2.065353	4.845020
27	12	2.304632	0.461782	1.933842	4.700256
27	13	2.304632	0.511572	2.427882	5.244086
27	14	2.304632	0.538611	2.696180	5.539423
27	15	2.304632	0.559957	2.907991	5.772580
27	16	2.304632	0.534548	2.655863	5.495043
27	17	2.304632	0.508558	2.397981	5.211171
27	18	2.304632	0.489325	2.683815	5.477773
27	19	2.304632	0.534548	2.655863	5.495043
27	20	2.304632	0.554817	2.856989	5.716439
27	21	2.304632	0.474664	2.061669	4.840965
27	22	2.304632	0.551020	2.819309	5.674961
27	23	2.304632	0.656413	3.918032	6.879076
27	24	2.304632	0.486581	2.179916	4.971130
27	25	2.304632	0.416607	1.485594	4.206833
27	26	2.304632	0.486581	2.179916	4.971130
27	27	2.304632	0.550889	2.818013	5.673534
27	28	2.304632	0.498253	2.295728	5.098613
27	29	2.304632	0.633706	3.639761	6.578099
27	30	2.304632	0.512036	2.432492	5.249161
27	31	2.304632	0.461782	1.933842	4.700256
27	32	2.304632	0.570851	3.016084	5.891567
27	33	2.304632	0.563441	2.942562	5.810636
27	34	2.304632	0.576812	3.075229	5.956673
27	35	2.304632	0.576812	3.075229	5.956673
27	36	2.304632	0.563404	2.942191	5.810227
27	37	2.304632	0.534548	2.655863	5.495043
27	38	2.304632	0.508558	2.397981	5.211171
27	39	2.304632	0.559957	2.907991	5.772580
27	40	2.304632	0.558149	2.890049	5.752831
27	41	2.304632	0.538947	2.699516	5.543095
27	42	2.304632	0.580776	3.114565	5.999973
27	43	2.304632	0.576812	3.075229	5.956673
27	44	2.304632	0.582076	3.127462	6.014170
27	45	2.304632	0.507095	2.754211	5.565939
27	46	2.304632	0.589948	3.205576	6.100156
27	47	2.304632	0.576812	3.075229	5.956673
27	48	2.304632	0.551020	2.819309	5.674961
27	49	2.304632	0.434666	1.664787	4.404086
27	50	2.304632	0.465305	1.968803	4.738740
27	51	2.304632	0.474664	2.061669	4.840965
27	52	2.304632	0.416607	1.485594	4.206833
27	53	2.304632	0.475035	2.065353	4.845020
27	54	2.304632	0.563404	2.942191	5.810227
27	55	2.304632	0.430929	2.369200	5.104761
27	56	2.304632	0.496649	2.279809	5.081090
27	57	2.304632	0.504568	2.358395	5.167595
27	58	2.304632	0.628834	3.591416	6.524882
27	59	2.304632	0.580776	3.114565	5.999973
27	60	2.304632	0.538947	2.699516	5.543095
27	61	2.304632	0.506964	2.382160	5.193756
27	62	2.304632	0.512407	2.436176	5.253215
27	63	2.304632	0.448362	1.800690	4.553685
27	64	2.304632	0.486685	2.180941	4.972258
27	65	2.304632	0.612678	3.431108	6.348418
27	66	2.304632	0.537192	2.682100	5.523924
27	67	2.304632	0.581383	3.120590	6.006605
27	68	2.304632	0.605378	3.358679	6.268690
27	69	2.304632	0.580776	3.114565	5.999973
27	70	2.304632	0.584123	3.147777	6.036532
27	71	2.304632	0.512407	2.436176	5.253215
27	72	2.304632	0.616282	3.519838	6.440753
27	73	2.304632	0.442973	1.747210	4.494815
27	74	2.304632	0.579036	3.097297	5.980965
27	75	2.304632	0.660353	3.904169	6.869154
27	76	2.304632	0.486210	2.176235	4.967078
27	77	2.304632	0.522734	2.909390	5.736756
27	78	2.304632	0.573542	3.042786	5.920960
27	79	2.304632	0.589948	3.205576	6.100156
27	80	2.304632	0.573542	3.042786	5.920960
27	81	2.304632	0.475035	2.065353	4.845020
27	82	2.304632	0.534548	2.655863	5.495043
27	83	2.304632	0.538963	2.699677	5.543272
27	84	2.304632	0.553827	2.847164	5.705623
27	85	2.304632	0.642486	3.726881	6.674000
27	86	2.304632	0.567911	2.986913	5.859456
27	87	2.304632	0.550730	2.816429	5.671790
27	88	2.304632	0.581383	3.120590	6.006605
27	89	2.304632	0.500975	2.322740	5.128347
27	90	2.304632	0.536942	2.679624	5.521198
27	91	2.304632	0.475035	2.065353	4.845020
27	92	2.304632	0.434666	1.664787	4.404086
27	93	2.304632	0.486210	2.176235	4.967078
27	94	2.304632	0.475035	2.065353	4.845020
27	95	2.304632	0.456805	2.520027	5.281464
27	96	2.304632	0.622844	3.531981	6.459456
27	97	2.304632	0.506964	2.382160	5.193756
27	98	2.304632	0.525342	2.564515	5.394489
27	99	2.304632	0.522734	2.909390	5.736756
28	0	2.156132	0.526846	2.579441	5.262419
28	1	2.156132	0.519812	2.509645	5.185589
28	2	2.156132	0.501301	2.325968	4.983401
28	3	2.156132	0.492438	2.238029	4.886599
28	4	2.156132	0.492438	2.238029	4.886599
28	5	2.156132	0.623273	3.536242	6.315647
28	6	2.156132	0.422817	1.547215	4.126165
28	7	2.156132	0.559334	3.007737	5.723204
28	8	2.156132	0.550582	2.814967	5.521682
28	9	2.156132	0.515420	2.942745	5.614298
28	10	2.156132	0.638012	3.682488	6.476632
28	11	2.156132	0.422817	1.547215	4.126165
28	12	2.156132	0.595606	3.473565	6.225303
28	13	2.156132	0.617011	3.474107	6.247250
28	14	2.156132	0.533924	2.649673	5.339729
28	15	2.156132	0.481610	2.130587	4.768330
28	16	2.156132	0.581365	3.120404	5.857902
28	17	2.156132	0.501301	2.325968	4.983401
28	18	2.156132	0.581365	3.120404	5.857902
28	19	2.156132	0.634648	3.649113	6.439893
28	20	2.156132	0.522171	2.533051	5.211354
28	21	2.156132	0.504672	2.359421	5.020225
28	22	2.156132	0.500801	2.321015	4.977948
28	23	2.156132	0.446788	1.785067	4.387987
28	24	2.156132	0.550582	2.814967	5.521682
28	25	2.156132	0.634648	3.649113	6.439893
28	26	2.156132	0.558135	2.889909	5.604177
28	27	2.156132	0.504672	2.359421	5.020225
28	28	2.156132	0.635504	3.657603	6.449240
28	29	2.156132	0.518447	2.972776	5.647355
28	30	2.156132	0.564311	2.951191	5.671634
28	31	2.156132	0.481610	2.130587	4.768330
28	32	2.156132	0.481610	2.130587	4.768330
28	33	2.156132	0.617011	3.474107	6.247250
28	34	2.156132	0.464281	2.541243	5.161657
28	35	2.156132	0.615018	3.454326	6.225476
28	36	2.156132	0.522571	2.537023	5.215726
28	37	2.156132	0.633390	3.636623	6.426145
28	38	2.156132	0.558135	2.889909	5.604177
28	39	2.156132	0.492438	2.238029	4.886599
28	40	2.156132	0.590648	3.212516	5.959296
28	41	2.156132	0.496810	2.281414	4.934356
28	42	2.156132	0.645013	3.751960	6.553106
28	43	2.156132	0.589930	3.205392	5.951454
28	44	2.156132	0.550582	2.814967	5.521682
28	45	2.156132	0.596834	3.273898	6.026864
28	46	2.156132	0.527286	2.583806	5.267224
28	47	2.156132	0.633390	3.636623	6.426145
28	48	2.156132	0.522571	2.537023	5.215726
28	49	2.156132	0.564311	2.951191	5.671634
28	50	2.156132	0.522171	2.533051	5.211354
28	51	2.156132	0.564129	2.949384	5.669645
28	52	2.156132	0.562321	3.249230	5.967683
28	53	2.156132	0.581365	3.120404	5.857902
28	54	2.156132	0.541313	2.722989	5.420434
28	55	2.156132	0.547298	3.047193	5.750623
28	56	2.156132	0.590648	3.212516	5.959296
28	57	2.156132	0.492438	2.238029	4.886599
28	58	2.156132	0.538662	3.014474	5.709269
28	59	2.156132	0.657525	3.876103	6.689760
28	60	2.156132	0.620000	3.503761	6.279893
28	61	2.156132	0.616958	3.473578	6.246669
28	62	2.156132	0.565561	2.963596	5.685290
28	63	2.156132	0.616958	3.473578	6.246669
28	64	2.156132	0.596834	3.273898	6.026864
28	65	2.156132	0.545131	2.760872	5.462135
28	66	2.156132	0.571814	3.025641	5.753588
28	67	2.156132	0.492438	2.238029	4.886599
28	68	2.156132	0.526846	2.579441	5.262419
28	69	2.156132	0.596266	3.268262	6.020661
28	70	2.156132	0.616958	3.473578	6.246669
28	71	2.156132	0.530668	2.617366	5.304166
28	72	2.156132	0.496810	2.281414	4.934356
28	73	2.156132	0.516854	2.480295	5.153281
28	74	2.156132	0.596266	3.268262	6.020661
28	75	2.156132	0.581365	3.120404	5.857902
28	76	2.156132	0.606533	3.370142	6.132808
28	77	2.156132	0.576267	3.069819	5.802218
28	78	2.156132	0.527286	2.583806	5.267224
28	79	2.156132	0.549482	2.804053	5.509667
28	80	2.156132	0.422817	1.547215	4.126165
28	81	2.156132	0.564129	2.949384	5.669645
28	82	2.156132	0.533924	2.649673	5.339729
28	83	2.156132	0.591024	3.216245	5.963401
28	84	2.156132	0.595606	3.473565	6.225303
28	85	2.156132	0.620000	3.503761	6.279893
28	86	2.156132	0.576267	3.069819	5.802218
28	87	2.156132	0.516854	2.480295	5.153281
28	88	2.156132	0.505787	2.370489	5.032409
28	89	2.156132	0.499939	2.948020	5.604091
28	90	2.156132	0.520865	2.520099	5.197096
28	91	2.156132	0.574549	3.052773	5.783454
28	92	2.156132	0.595670	3.262353	6.014156
28	93	2.156132	0.581365	3.120404	5.857902
28	94	2.156132	0.556699	2.875662	5.588493
28	95	2.156132	0.565561	2.963596	5.685290
28	96	2.156132	0.579703	3.103913	5.839748
28	97	2.156132	0.485476	2.168949	4.810558
28	98	2.156132	0.564311	2.951191	5.671634
28	99	2.156132	0.606533	3.370142	6.132808
29	0	2.358180	0.589780	3.203904	6.151863
29	1	2.358180	0.573898	3.046316	5.978393
29	2	2.358180	0.602513	3.330247	6.290940
29	3	2.358180	0.521060	2.522032	5.401272
29	4	2.358180	0.521060	2.522032	5.401272
29	5	2.358180	0.569748	3.005136	5.933063
29	6	2.358180	0.524400	2.555174	5.437754
29	7	2.358180	0.568758	2.995318	5.922256
29	8	2.358180	0.570491	3.224365	6.153035
29	9	2.358180	0.477295	2.087770	4.923245
29	10	2.358180	0.499687	2.309961	5.167828
29	11	2.358180	0.644814	3.749981	6.752975
29	12	2.358180	0.528916	2.599987	5.487083
29	13	2.358180	0.451237	1.829210	4.638626
29	14	2.358180	0.570491	3.224365	6.153035
29	15	2.358180	0.454945	1.866002	4.679127
29	16	2.358180	0.526045	2.571492	5.455716
29	17	2.358180	0.512357	2.435679	5.306216
29	18	2.358180	0.504123	2.353977	5.216280
29	19	2.358180	0.550387	2.971922	5.880489
29	20	2.358180	0.494849	2.261956	5.114985
29	21	2.358180	0.451237	1.829210	4.638626
29	22	2.358180	0.512307	2.435185	5.305672
29	23	2.358180	0.428886	1.607432	4.394498
29	24	2.358180	0.597144	3.541795	6.497119
29	25	2.358180	0.585887	3.165279	6.109346
29	26	2.358180	0.569254	3.106163	6.033597
29	27	2.358180	0.551800	2.827049	5.737029
29	28	2.358180	0.477295	2.087770	4.923245
29	29	2.358180	0.491011	2.223869	5.073060
29	30	2.358180	0.598814	3.293550	6.250545
29	31	2.358180	0.498135	2.294563	5.150878
29	32	2.358180	0.472281	2.673586	5.504047
29	33	2.358180	0.569254	3.106163	6.033597
29	34	2.358180	0.562619	2.934398	5.855196
29	35	2.358180	0.444653	1.763887	4.566721
29	36	2.358180	0.571740	3.024909	5.954829
29	37	2.358180	0.517954	2.491209	5.367343
29	38	2.358180	0.615990	3.463974	6.438144
29	39	2.358180	0.536707	2.677291	5.572178
29	40	2.358180	0.581265	3.119415	6.058860
29	41	2.358180	0.581005	3.116835	6.056019
29	42	2.358180	0.434203	1.660196	4.452580
29	43	2.358180	0.454945	1.866002	4.679127
29	44	2.358180	0.622440	3.527970	6.508589
29	45	2.358180	0.515266	2.464542	5.337988
29	46	2.358180	0.428886	1.607432	4.394498
29	47	2.358180	0.578850	3.095456	6.032486
29	48	2.358180	0.585555	3.161988	6.105723
29	49	2.358180	0.545976	2.769256	5.673411
29	50	2.358180	0.536707	2.677291	5.572178
29	51	2.358180	0.512357	2.435679	5.306216
29	52	2.358180	0.444653	1.763887	4.566721
29	53	2.358180	0.428886	1.607432	4.394498
29	54	2.358180	0.593378	3.239604	6.191162
29	55	2.358180	0.545976	2.769256	5.673411
29	56	2.358180	0.581265	3.119415	6.058860
29	57	2.358180	0.497772	2.290961	5.146913
29	58	2.358180	0.605961	3.364464	6.328606
29	59	2.358180	0.568758	2.995318	5.922256
29	60	2.358180	0.589780	3.203904	6.151863
29	61	2.358180	0.504123	2.353977	5.216280
29	62	2.358180	0.526045	2.571492	5.455716
29	63	2.358180	0.527499	2.956672	5.842351
29	64	2.358180	0.573898	3.046316	5.978393
29	65	2.358180	0.581354	3.120301	6.059835
29	66	2.358180	0.454945	1.866002	4.679127
29	67	2.358180	0.579949	3.106357	6.044486
29	68	2.358180	0.589672	3.255794	6.203645
29	69	2.358180	0.569265	3.000341	5.927786
29	70	2.358180	0.537886	2.688986	5.585052
29	71	2.358180	0.434203	1.660196	4.452580
29	72	2.358180	0.605961	3.364464	6.328606
29	73	2.358180	0.537886	2.688986	5.585052
29	74	2.358180	0.537886	2.688986	5.585052
29	75	2.358180	0.579949	3.106357	6.044486
29	76	2.358180	0.547168	2.781091	5.686440
29	77	2.358180	0.442666	1.744167	4.545013
29	78	2.358180	0.504123	2.353977	5.216280
29	79	2.358180	0.548223	2.791552	5.697955
29	80	2.358180	0.444653	1.763887	4.566721
29	81	2.358180	0.506537	2.377924	5.242641
29	82	2.358180	0.527926	2.590156	5.476262
29	83	2.358180	0.474673	2.061756	4.894609
29	84	2.358180	0.434203	1.660196	4.452580
29	85	2.358180	0.526045	2.571492	5.455716
29	86	2.358180	0.581354	3.120301	6.059835
29	87	2.358180	0.506537	2.377924	5.242641
29	88	2.358180	0.646700	3.768690	6.773569
29	89	2.358180	0.474673	2.061756	4.894609
29	90	2.358180	0.593736	3.243156	6.195072
29	91	2.358180	0.603327	3.338321	6.299828
29	92	2.358180	0.458831	2.540126	5.357137
29	93	2.358180	0.576427	3.071413	6.006020
29	94	2.358180	0.513164	2.443685	5.315029
29	95	2.358180	0.442666	1.744167	4.545013
29	96	2.358180	0.528898	2.599803	5.486881
29	97	2.358180	0.524571	2.556866	5.439616
29	98	2.358180	0.654398	3.845077	6.857654
29	99	2.358180	0.537886	2.688986	5.585052
30	0	2.283719	0.539944	2.709411	5.533073
30	1	2.283719	0.556614	2.874815	5.715148
30	2	2.283719	0.474146	2.056530	4.814395
30	3	2.283719	0.574674	3.054021	5.912414
30	4	2.283719	0.448987	1.806889	4.539594
30	5	2.283719	0.600207	3.307368	6.191293
30	6	2.283719	0.534420	2.654600	5.472739
30	7	2.283719	0.587419	3.180484	6.051622
30	8	2.283719	0.607628	3.381006	6.272352
30	9	2.283719	0.533122	2.641712	5.458552
30	10	2.283719	0.605894	3.363801	6.253414
30	11	2.283719	0.501317	2.326135	5.111171
30	12	2.283719	0.567239	2.980244	5.831202
30	13	2.283719	0.458276	1.899059	4.641053
30	14	2.283719	0.458276	1.899059	4.641053
30	15	2.283719	0.531259	2.623234	5.438212
30	16	2.283719	0.474146	2.056530	4.814395
30	17	2.283719	0.481315	2.127667	4.892701
30	18	2.283719	0.479957	2.114184	4.877859
30	19	2.283719	0.429995	1.618437	4.332150
30	20	2.283719	0.567239	2.980244	5.831202
30	21	2.283719	0.515370	2.465571	5.264659
30	22	2.283719	0.497096	2.284247	5.065061
30	23	2.283719	0.556614	2.874815	5.715148
30	24	2.283719	0.489516	2.209033	4.982267
30	25	2.283719	0.520039	2.511904	5.315662
30	26	2.283719	0.489516	2.209033	4.982267
30	27	2.283719	0.549732	2.806532	5.639982
30	28	2.283719	0.587419	3.180484	6.051622
30	29	2.283719	0.507629	2.388760	5.180108
30	30	2.283719	0.632791	3.630678	6.547187
30	31	2.283719	0.480029	2.114904	4.878652
30	32	2.283719	0.476967	2.508231	5.268917
30	33	2.283719	0.501317	2.326135	5.111171
30	34	2.283719	0.530112	2.770746	5.584577
30	35	2.283719	0.476967	2.508231	5.268917
30	36	2.283719	0.448987	1.806889	4.539594
30	37	2.283719	0.587419	3.180484	6.051622
30	38	2.283719	0.501207	2.325040	5.109966
30	39	2.283719	0.471326	2.028542	4.783586
30	40	2.283719	0.463634	2.375927	5.123279
30	41	2.283719	0.500320	2.316239	5.100278
30	42	2.283719	0.531259	2.623234	5.438212
30	43	2.283719	0.498240	2.295603	5.077562
30	44	2.283719	0.525700	2.568075	5.377494
30	45	2.283719	0.632791	3.630678	6.547187
30	46	2.283719	0.635316	3.761662	6.680696
30	47	2.283719	0.514916	2.461068	5.259703
30	48	2.283719	0.479957	2.114184	4.877859
30	49	2.283719	0.474695	2.061974	4.820387
30	50	2.283719	0.576754	3.074659	5.935132
30	51	2.283719	0.497096	2.284247	5.065061
30	52	2.283719	0.590982	3.427687	6.302387
30	53	2.283719	0.483377	2.148122	4.915217
30	54	2.283719	0.482807	2.142465	4.908991
30	55	2.283719	0.511605	2.745992	5.541315
30	56	2.283719	0.550062	2.809800	5.643580
30	57	2.283719	0.632791	3.630678	6.547187
30	58	2.283719	0.573768	3.045029	5.902516
30	59	2.283719	0.479670	2.111344	4.874733
30	60	2.283719	0.489516	2.209033	4.982267
30	61	2.283719	0.507629	2.388760	5.180108
30	62	2.283719	0.482807	2.142465	4.908991
30	63	2.283719	0.540085	2.710804	5.534607
30	64	2.283719	0.549732	2.806532	5.639982
30	65	2.283719	0.607628	3.381006	6.272352
30	66	2.283719	0.507629	2.388760	5.180108
30	67	2.283719	0.475067	2.065663	4.824448
30	68	2.283719	0.632791	3.630678	6.547187
30	69	2.283719	0.448987	1.806889	4.539594
30	70	2.283719	0.481315	2.127667	4.892701
30	71	2.283719	0.532054	2.631124	5.446897
30	72	2.283719	0.500765	2.320657	5.105141
30	73	2.283719	0.606887	3.373649	6.264254
30	74	2.283719	0.550062	2.809800	5.643580
30	75	2.283719	0.592190	3.227815	6.103723
30	76	2.283719	0.500765	2.320657	5.105141
30	77	2.283719	0.429995	1.618437	4.332150
30	78	2.283719	0.498240	2.295603	5.077562
30	79	2.283719	0.542543	2.735201	5.561463
30	80	2.283719	0.474695	2.061974	4.820387
30	81	2.283719	0.475067	2.065663	4.824448
30	82	2.283719	0.502160	2.334496	5.120375
30	83	2.283719	0.439618	1.713923	4.437259
30	84	2.283719	0.516456	2.476353	5.276528
30	85	2.283719	0.534420	2.654600	5.472739
30	86	2.283719	0.532054	2.631124	5.446897
30	87	2.283719	0.533122	2.641712	5.458552
30	88	2.283719	0.600207	3.307368	6.191293
30	89	2.283719	0.454496	1.861554	4.599769
30	90	2.283719	0.590842	3.373332	6.247892
30	91	2.283719	0.532054	2.631124	5.446897
30	92	2.283719	0.532054	2.631124	5.446897
30	93	2.283719	0.592190	3.227815	6.103723
30	94	2.283719	0.473202	2.629760	5.386680
30	95	2.283719	0.573768	3.045029	5.902516
30	96	2.283719	0.532054	2.631124	5.446897
30	97	2.283719	0.480029	2.114904	4.878652
30	98	2.283719	0.576754	3.074659	5.935132
30	99	2.283719	0.587827	3.290452	6.161998
31	0	2.291379	0.509551	2.407838	5.208768
31	1	2.291379	0.501336	2.326319	5.119033
31	2	2.291379	0.517867	2.490350	5.299595
31	3	2.291379	0.523403	2.545282	5.360064
31	4	2.291379	0.487960	2.193601	4.972940
31	5	2.291379	0.609116	3.395768	6.296262
31	6	2.291379	0.607105	3.375812	6.274295
31	7	2.291379	0.587306	3.179359	6.058044
31	8	2.291379	0.513448	2.446498	5.251324
31	9	2.291379	0.609116	3.395768	6.296262
31	10	2.291379	0.479129	2.105968	4.876475
31	11	2.291379	0.587306	3.179359	6.058044
31	12	2.291379	0.497956	2.292786	5.082121
31	13	2.291379	0.537894	2.689065	5.518337
31	14	2.291379	0.595712	3.262763	6.149853
31	15	2.291379	0.559368	2.902141	5.752887
31	16	2.291379	0.532272	3.056993	5.880643
31	17	2.291379	0.495293	2.266356	5.053028
31	18	2.291379	0.535263	2.768891	5.595532
31	19	2.291379	0.513448	2.446498	5.251324
31	20	2.291379	0.609116	3.395768	6.296262
31	21	2.291379	0.618416	3.488049	6.397843
31	22	2.291379	0.520500	2.516477	5.328356
31	23	2.291379	0.622369	3.527273	6.441020
31	24	2.291379	0.605748	3.362350	6.259476
31	25	2.291379	0.565782	2.965784	5.822944
31	26	2.291379	0.505447	2.367111	5.163936
31	27	2.291379	0.487960	2.193601	4.972940
31	28	2.291379	0.504471	2.357431	5.153282
31	29	2.291379	0.526086	2.571899	5.389363
31	30	2.291379	0.594334	3.355018	6.240731
31	31	2.291379	0.565782	2.965784	5.822944
31	32	2.291379	0.565782	2.965784	5.822944
31	33	2.291379	0.548985	2.799116	5.639480
31	34	2.291379	0.528504	2.595894	5.415776
31	35	2.291379	0.480695	2.121511	4.893585
31	36	2.291379	0.523936	2.550568	5.365883
31	37	2.291379	0.497513	2.288385	5.077276
31	38	2.291379	0.509551	2.407838	5.208768
31	39	2.291379	0.462492	1.940889	4.694760
31	40	2.291379	0.487960	2.193601	4.972940
31	41	2.291379	0.495293	2.266356	5.053028
31	42	2.291379	0.556395	3.031535	5.879309
31	43	2.291379	0.541705	2.726884	5.559967
31	44	2.291379	0.428957	1.608136	4.328471
31	45	2.291379	0.595712	3.262763	6.149853
31	46	2.291379	0.559368	2.902141	5.752887
31	47	2.291379	0.594583	3.251566	6.137527
31	48	2.291379	0.494676	2.260240	5.046295
31	49	2.291379	0.487960	2.193601	4.972940
31	50	2.291379	0.504471	2.357431	5.153282
31	51	2.291379	0.537281	2.682980	5.511639
31	52	2.291379	0.537281	2.682980	5.511639
31	53	2.291379	0.570222	3.009840	5.871441
31	54	2.291379	0.462492	1.940889	4.694760
31	55	2.291379	0.472445	2.516324	5.280148
31	56	2.291379	0.535747	2.667762	5.494887
31	57	2.291379	0.613746	3.441709	6.346834
31	58	2.291379	0.596612	3.377625	6.265615
31	59	2.291379	0.548985	2.799116	5.639480
31	60	2.291379	0.537894	2.689065	5.518337
31	61	2.291379	0.509551	2.407838	5.208768
31	62	2.291379	0.609116	3.395768	6.296262
31	63	2.291379	0.596572	3.271296	6.159246
31	64	2.291379	0.521957	2.530931	5.344266
31	65	2.291379	0.613746	3.441709	6.346834
31	66	2.291379	0.501178	2.324751	5.117308
31	67	2.291379	0.646780	3.769490	6.707649
31	68	2.291379	0.549963	2.808823	5.650165
31	69	2.291379	0.559368	2.902141	5.752887
31	70	2.291379	0.597212	3.277652	6.166243
31	71	2.291379	0.552985	2.838803	5.683166
31	72	2.291379	0.535747	2.667762	5.494887
31	73	2.291379	0.608112	3.385803	6.285294
31	74	2.291379	0.501336	2.326319	5.119033
31	75	2.291379	0.577865	3.138646	6.007890
31	76	2.291379	0.573365	3.041029	5.905773
31	77	2.291379	0.443360	1.751057	4.485796
31	78	2.291379	0.501336	2.326319	5.119033
31	79	2.291379	0.505447	2.367111	5.163936
31	80	2.291379	0.552985	2.838803	5.683166
31	81	2.291379	0.577865	3.138646	6.007890
31	82	2.291379	0.594583	3.251566	6.137527
31	83	2.291379	0.537894	2.689065	5.518337
31	84	2.291379	0.495293	2.266356	5.053028
31	85	2.291379	0.548648	2.954665	5.794692
31	86	2.291379	0.428957	1.608136	4.328471
31	87	2.291379	0.582114	3.127838	6.001330
31	88	2.291379	0.479129	2.105968	4.876475
31	89	2.291379	0.489429	2.737814	5.518623
31	90	2.291379	0.537894	2.689065	5.518337
31	91	2.291379	0.527721	2.588129	5.407229
31	92	2.291379	0.505447	2.367111	5.163936
31	93	2.291379	0.566737	2.975259	5.833375
31	94	2.291379	0.494676	2.260240	5.046295
31	95	2.291379	0.487960	2.193601	4.972940
31	96	2.291379	0.523936	2.550568	5.365883
31	97	2.291379	0.450812	1.825000	4.567191
31	98	2.291379	0.535747	2.667762	5.494887
31	99	2.291379	0.541705	2.726884	5.559967
32	0	2.233595	0.520410	2.515580	5.269584
32	1	2.233595	0.575155	3.058786	5.867536
32	2	2.233595	0.573667	3.044023	5.851284
32	3	2.233595	0.505484	2.367482	5.106561
32	4	2.233595	0.497503	2.288287	5.019384
32	5	2.233595	0.504789	2.360583	5.098967
32	6	2.233595	0.608753	3.445134	6.287482
32	7	2.233595	0.635457	3.657138	6.526189
32	8	2.233595	0.620412	3.507851	6.361857
32	9	2.233595	0.540163	2.711582	5.485339
32	10	2.233595	0.456820	1.884610	4.575025
32	11	2.233595	0.548268	2.791999	5.573861
32	12	2.233595	0.573667	3.044023	5.851284
32	13	2.233595	0.597455	3.280058	6.111107
32	14	2.233595	0.642454	3.779524	6.655572
32	15	2.233595	0.569334	3.001030	5.803959
32	16	2.233595	0.608753	3.445134	6.287482
32	17	2.233595	0.510631	2.418549	5.162775
32	18	2.233595	0.537679	2.686932	5.458206
32	19	2.233595	0.642454	3.779524	6.655572
32	20	2.233595	0.662348	3.923962	6.819904
32	21	2.233595	0.565071	2.958733	5.757398
32	22	2.233595	0.542667	2.736423	5.512684
32	23	2.233595	0.506189	2.374474	5.114258
32	24	2.233595	0.479147	2.106146	4.818887
32	25	2.233595	0.505484	2.367482	5.106561
32	26	2.233595	0.505484	2.367482	5.106561
32	27	2.233595	0.548268	2.791999	5.573861
32	28	2.233595	0.549445	2.803682	5.586721
32	29	2.233595	0.536951	2.679712	5.450257
32	30	2.233595	0.572727	3.034696	5.841017
32	31	2.233595	0.506189	2.374474	5.114258
32	32	2.233595	0.451044	1.827295	4.511933
32	33	2.233595	0.537679	2.686932	5.458206
32	34	2.233595	0.555129	2.860082	5.648806
32	35	2.233595	0.505484	2.367482	5.106561
32	36	2.233595	0.424768	1.566579	4.224942
32	37	2.233595	0.541622	2.726063	5.501280
32	38	2.233595	0.585110	3.263496	6.082201
32	39	2.233595	0.469610	2.011523	4.714729
32	40	2.233595	0.541622	2.726063	5.501280
32	41	2.233595	0.573667	3.044023	5.851284
32	42	2.233595	0.438522	1.703044	4.375160
32	43	2.233595	0.604071	3.451638	6.289304
32	44	2.233595	0.504789	2.360583	5.098967
32	45	2.233595	0.459084	1.907072	4.599751
32	46	2.233595	0.608753	3.445134	6.287482
32	47	2.233595	0.585110	3.263496	6.082201
32	48	2.233595	0.547932	2.788673	5.570200
32	49	2.233595	0.497503	2.288287	5.019384
32	50	2.233595	0.519776	2.985960	5.739330
32	51	2.233595	0.424768	1.566579	4.224942
32	52	2.233595	0.479147	2.106146	4.818887
32	53	2.233595	0.492917	2.242786	4.969298
32	54	2.233595	0.620412	3.507851	6.361857
32	55	2.233595	0.490821	2.221981	4.946396
32	56	2.233595	0.598622	3.291642	6.123859
32	57	2.233595	0.634497	3.647612	6.515703
32	58	2.233595	0.478635	2.101071	4.813300
32	59	2.233595	0.555129	2.860082	5.648806
32	60	2.233595	0.592150	3.227421	6.053165
32	61	2.233595	0.476746	2.082322	4.792662
32	62	2.233595	0.525602	2.884881	5.644077
32	63	2.233595	0.580319	3.110026	5.923940
32	64	2.233595	0.542854	2.738279	5.514727
32	65	2.233595	0.605296	3.357867	6.196758
32	66	2.233595	0.612074	3.425114	6.270782
32	67	2.233595	0.537679	2.686932	5.458206
32	68	2.233595	0.560099	2.909399	5.703093
32	69	2.233595	0.542854	2.738279	5.514727
32	70	2.233595	0.478635	2.101071	4.813300
32	71	2.233595	0.521650	2.527890	5.283135
32	72	2.233595	0.501091	2.323887	5.058572
32	73	2.233595	0.476746	2.082322	4.792662
32	74	2.233595	0.476746	2.082322	4.792662
32	75	2.233595	0.490821	2.221981	4.946396
32	76	2.233595	0.497503	2.288287	5.019384
32	77	2.233595	0.548268	2.791999	5.573861
32	78	2.233595	0.549445	2.803682	5.586721
32	79	2.233595	0.469610	2.011523	4.714729
32	80	2.233595	0.550617	2.815315	5.599528
32	81	2.233595	0.575155	3.058786	5.867536
32	82	2.233595	0.619622	3.500012	6.353228
32	83	2.233595	0.547932	2.788673	5.570200
32	84	2.233595	0.456820	1.884610	4.575025
32	85	2.233595	0.580319	3.110026	5.923940
32	86	2.233595	0.510631	2.418549	5.162775
32	87	2.233595	0.499220	2.305326	5.038140
32	88	2.233595	0.543953	2.749187	5.526734
32	89	2.233595	0.485494	2.169130	4.888218
32	90	2.233595	0.504789	2.360583	5.098967
32	91	2.233595	0.424768	1.566579	4.224942
32	92	2.233595	0.596353	3.269126	6.099074
32	93	2.233595	0.572727	3.034696	5.841017
32	94	2.233595	0.497503	2.288287	5.019384
32	95	2.233595	0.565071	2.958733	5.757398
32	96	2.233595	0.485494	2.169130	4.888218
32	97	2.233595	0.478219	2.096943	4.808757
32	98	2.233595	0.560099	2.909399	5.703093
32	99	2.233595	0.565071	2.958733	5.757398
33	0	2.195663	0.489945	2.213296	4.898904
33	1	2.195663	0.438678	1.704596	4.338936
33	2	2.195663	0.565247	2.960473	5.721382
33	3	2.195663	0.560729	2.915652	5.672044
33	4	2.195663	0.450753	1.824412	4.470828
33	5	2.195663	0.566627	2.974167	5.736457
33	6	2.195663	0.540558	2.715496	5.451716
33	7	2.195663	0.560729	2.915652	5.672044
33	8	2.195663	0.605545	3.360332	6.161539
33	9	2.195663	0.635009	3.758614	6.589285
33	10	2.195663	0.539201	2.702031	5.436894
33	11	2.195663	0.584357	3.361949	6.141968
33	12	2.195663	0.631774	3.620592	6.448028
33	13	2.195663	0.632665	3.629435	6.457763
33	14	2.195663	0.509907	2.411365	5.116934
33	15	2.195663	0.493312	2.246707	4.935682
33	16	2.195663	0.626055	3.563841	6.385558
33	17	2.195663	0.589468	3.200806	5.985936
33	18	2.195663	0.485670	2.594588	5.275921
33	19	2.195663	0.495651	2.269916	4.961230
33	20	2.195663	0.571797	3.025468	5.792928
33	21	2.195663	0.542944	2.739176	5.477783
33	22	2.195663	0.537920	2.689329	5.422912
33	23	2.195663	0.542944	2.739176	5.477783
33	24	2.195663	0.627175	3.574962	6.397800
33	25	2.195663	0.468286	1.998386	4.662335
33	26	2.195663	0.448714	1.804183	4.448561
33	27	2.195663	0.626055	3.563841	6.385558
33	28	2.195663	0.610346	3.407970	6.213978
33	29	2.195663	0.582805	3.134700	5.913168
33	30	2.195663	0.571797	3.025468	5.792928
33	31	2.195663	0.468286	1.998386	4.662335
33	32	2.195663	0.574751	3.054778	5.825191
33	33	2.195663	0.562250	2.930736	5.688648
33	34	2.195663	0.539171	2.701738	5.436571
33	35	2.195663	0.584357	3.361949	6.141968
33	36	2.195663	0.626329	3.566564	6.388556
33	37	2.195663	0.582805	3.134700	5.913168
33	38	2.195663	0.599279	3.298164	6.093106
33	39	2.195663	0.585215	3.158609	5.939486
33	40	2.195663	0.599973	3.305047	6.100683
33	41	2.195663	0.571797	3.025468	5.792928
33	42	2.195663	0.558117	2.889734	5.643514
33	43	2.195663	0.562250	2.930736	5.688648
33	44	2.195663	0.510346	2.415726	5.121735
33	45	2.195663	0.595295	3.258632	6.049590
33	46	2.195663	0.547616	2.785534	5.528813
33	47	2.195663	0.530813	2.618805	5.345281
33	48	2.195663	0.589468	3.200806	5.985936
33	49	2.195663	0.448714	1.804183	4.448561
33	50	2.195663	0.493312	2.246707	4.935682
33	51	2.195663	0.491074	2.224497	4.911234
33	52	2.195663	0.502132	2.334223	5.032018
33	53	2.195663	0.596921	3.274766	6.067350
33	54	2.195663	0.599973	3.305047	6.100683
33	55	2.195663	0.511441	2.426587	5.133691
33	56	2.195663	0.585215	3.158609	5.939486
33	57	2.195663	0.509907	2.411365	5.116934
33	58	2.195663	0.584357	3.361949	6.141968
33	59	2.195663	0.632665	3.629435	6.457763
33	60	2.195663	0.542944	2.739176	5.477783
33	61	2.195663	0.585215	3.158609	5.939486
33	62	2.195663	0.539201	2.702031	5.436894
33	63	2.195663	0.522732	2.538626	5.257021
33	64	2.195663	0.599279	3.298164	6.093106
33	65	2.195663	0.579376	3.100669	5.875708
33	66	2.195663	0.509001	2.402373	5.107036
33	67	2.195663	0.448714	1.804183	4.448561
33	68	2.195663	0.631774	3.620592	6.448028
33	69	2.195663	0.528865	2.917256	5.641783
33	70	2.195663	0.545344	3.080775	5.821782
33	71	2.195663	0.626055	3.563841	6.385558
33	72	2.195663	0.419803	1.517312	4.132778
33	73	2.195663	0.448714	1.804183	4.448561
33	74	2.195663	0.571797	3.025468	5.792928
33	75	2.195663	0.517159	2.483320	5.196141
33	76	2.195663	0.547616	2.785534	5.528813
33	77	2.195663	0.522605	2.590329	5.308597
33	78	2.195663	0.539201	2.702031	5.436894
33	79	2.195663	0.567549	2.983318	5.746529
33	80	2.195663	0.435946	2.418985	5.050594
33	81	2.195663	0.519367	2.505232	5.220262
33	82	2.195663	0.557794	2.886528	5.639985
33	83	2.195663	0.616942	3.473421	6.286026
33	84	2.195663	0.529607	2.606843	5.332113
33	85	2.195663	0.502591	2.338773	5.037026
33	86	2.195663	0.419803	1.517312	4.132778
33	87	2.195663	0.531589	2.626510	5.353762
33	88	2.195663	0.495651	2.269916	4.961230
33	89	2.195663	0.460350	1.919634	4.575647
33	90	2.195663	0.545344	3.080775	5.821782
33	91	2.195663	0.542944	2.739176	5.477783
33	92	2.195663	0.582805	3.134700	5.913168
33	93	2.195663	0.547616	2.785534	5.528813
33	94	2.195663	0.560795	2.916306	5.672764
33	95	2.195663	0.579376	3.100669	5.875708
33	96	2.195663	0.565247	2.960473	5.721382
33	97	2.195663	0.489945	2.213296	4.898904
33	98	2.195663	0.517159	2.483320	5.196141
33	99	2.195663	0.509907	2.411365	5.116934
34	0	2.375299	0.487714	2.191152	5.054165
34	1	2.375299	0.522476	2.536079	5.433854
34	2	2.375299	0.590251	3.208581	6.174131
34	3	2.375299	0.508665	2.399044	5.283008
34	4	2.375299	0.518395	2.495584	5.389278
34	5	2.375299	0.579057	3.256402	6.210758
34	6	2.375299	0.563537	2.943511	5.882347
34	7	2.375299	0.492473	2.238377	5.106149
34	8	2.375299	0.540038	2.710339	5.625676
34	9	2.375299	0.549495	2.804176	5.728970
34	10	2.375299	0.439263	1.710402	4.524964
34	11	2.375299	0.538813	2.698190	5.612303
34	12	2.375299	0.510760	2.419833	5.305892
34	13	2.375299	0.465222	1.967975	4.808496
34	14	2.375299	0.540038	2.710339	5.625676
34	15	2.375299	0.559703	2.905467	5.840469
34	16	2.375299	0.496736	2.280674	5.152708
34	17	2.375299	0.478796	2.102668	4.956762
34	18	2.375299	0.572446	3.031913	5.979658
34	19	2.375299	0.540038	2.710339	5.625676
34	20	2.375299	0.505342	2.366074	5.246715
34	21	2.375299	0.508665	2.399044	5.283008
34	22	2.375299	0.590251	3.208581	6.174131
34	23	2.375299	0.549495	2.804176	5.728970
34	24	2.375299	0.584852	3.155008	6.115159
34	25	2.375299	0.579596	3.102859	6.057755
34	26	2.375299	0.590251	3.208581	6.174131
34	27	2.375299	0.611160	3.416051	6.402510
34	28	2.375299	0.465222	1.967975	4.808496
34	29	2.375299	0.513897	2.450956	5.340152
34	30	2.375299	0.454516	1.861753	4.691568
34	31	2.375299	0.573096	3.356137	6.304531
34	32	2.375299	0.561455	3.134704	6.071457
34	33	2.375299	0.563797	2.946088	5.885184
34	34	2.375299	0.628240	3.585525	6.589064
34	35	2.375299	0.445996	1.777211	4.598506
34	36	2.375299	0.523301	2.544271	5.442871
34	37	2.375299	0.513897	2.450956	5.340152
34	38	2.375299	0.561276	2.921078	5.857653
34	39	2.375299	0.586468	3.171041	6.132808
34	40	2.375299	0.627063	3.573851	6.576213
34	41	2.375299	0.518395	2.495584	5.389278
34	42	2.375299	0.458772	1.903976	4.738047
34	43	2.375299	0.579596	3.102859	6.057755
34	44	2.375299	0.615896	3.516004	6.507198
34	45	2.375299	0.652585	3.827088	6.854971
34	46	2.375299	0.573506	3.042432	5.991237
34	47	2.375299	0.491971	2.233393	5.100662
34	48	2.375299	0.512806	2.810879	5.698984
34	49	2.375299	0.521387	2.525276	5.421962
34	50	2.375299	0.540038	2.710339	5.625676
34	51	2.375299	0.520826	2.519707	5.415832
34	52	2.375299	0.476266	2.077561	4.929126
34	53	2.375299	0.488153	2.195515	5.058967
34	54	2.375299	0.492075	2.234432	5.101806
34	55	2.375299	0.549495	2.804176	5.728970
34	56	2.375299	0.556508	2.873761	5.805567
34	57	2.375299	0.588182	3.188049	6.151529
34	58	2.375299	0.518395	2.495584	5.389278
34	59	2.375299	0.505342	2.366074	5.246715
34	60	2.375299	0.516713	2.478895	5.370907
34	61	2.375299	0.510897	2.421188	5.307384
34	62	2.375299	0.508665	2.399044	5.283008
34	63	2.375299	0.580994	3.116723	6.073015
34	64	2.375299	0.579057	3.256402	6.210758
34	65	2.375299	0.609196	3.396558	6.381053
34	66	2.375299	0.540038	2.710339	5.625676
34	67	2.375299	0.476351	2.078410	4.930061
34	68	2.375299	0.445996	1.777211	4.598506
34	69	2.375299	0.574808	3.267199	6.217306
34	70	2.375299	0.573361	3.040990	5.989651
34	71	2.375299	0.488153	2.195515	5.058967
34	72	2.375299	0.621067	3.514347	6.510713
34	73	2.375299	0.492075	2.234432	5.101806
34	74	2.375299	0.616106	3.465127	6.456532
34	75	2.375299	0.503375	2.346555	5.225230
34	76	2.375299	0.516713	2.478895	5.370907
34	77	2.375299	0.507717	2.389632	5.272648
34	78	2.375299	0.422543	1.544496	4.342338
34	79	2.375299	0.588182	3.188049	6.151529
34	80	2.375299	0.522196	2.533306	5.430801
34	81	2.375299	0.580994	3.116723	6.073015
34	82	2.375299	0.454516	1.861753	4.691568
34	83	2.375299	0.521387	2.525276	5.421962
34	84	2.375299	0.492473	2.238377	5.106149
34	85	2.375299	0.510760	2.419833	5.305892
34	86	2.375299	0.510897	2.421188	5.307384
34	87	2.375299	0.599000	3.295395	6.269694
34	88	2.375299	0.543383	3.114275	6.032957
34	89	2.375299	0.531038	2.621038	5.527375
34	90	2.375299	0.491971	2.233393	5.100662
34	91	2.375299	0.522476	2.536079	5.433854
34	92	2.375299	0.579057	3.256402	6.210758
34	93	2.375299	0.539096	2.700996	5.615391
34	94	2.375299	0.504826	2.890589	5.770714
34	95	2.375299	0.522196	2.533306	5.430801
34	96	2.375299	0.487714	2.191152	5.054165
34	97	2.375299	0.487714	2.191152	5.054165
34	98	2.375299	0.476266	2.077561	4.929126
34	99	2.375299	0.563537	2.943511	5.882347
35	0	2.336053	0.440730	1.724956	4.501740
35	1	2.336053	0.585080	3.157271	6.078405
35	2	2.336053	0.447273	1.789879	4.573205
35	3	2.336053	0.475912	2.074050	4.886015
35	4	2.336053	0.623958	3.543033	6.503044
35	5	2.336053	0.476388	2.078776	4.891217
35	6	2.336053	0.623958	3.543033	6.503044
35	7	2.336053	0.462383	1.939812	4.738249
35	8	2.336053	0.544043	2.750084	5.630181
35	9	2.336053	0.629975	3.602736	6.568764
35	10	2.336053	0.629975	3.602736	6.568764
35	11	2.336053	0.513032	2.442373	5.291459
35	12	2.336053	0.537006	2.680252	5.553310
35	13	2.336053	0.426751	1.586247	4.349051
35	14	2.336053	0.447273	1.789879	4.573205
35	15	2.336053	0.564109	2.949181	5.849343
35	16	2.336053	0.462383	1.939812	4.738249
35	17	2.336053	0.589015	3.196315	6.121383
35	18	2.336053	0.493366	2.247233	5.076652
35	19	2.336053	0.536240	2.672656	5.544949
35	20	2.336053	0.598182	3.287279	6.221514
35	21	2.336053	0.534404	2.654437	5.524894
35	22	2.336053	0.547933	2.788680	5.672666
35	23	2.336053	0.456853	1.884933	4.677839
35	24	2.336053	0.544155	2.751193	5.631401
35	25	2.336053	0.494281	2.256314	5.086648
35	26	2.336053	0.462383	1.939812	4.738249
35	27	2.336053	0.487719	2.191206	5.014979
35	28	2.336053	0.544043	2.750084	5.630181
35	29	2.336053	0.499770	2.310777	5.146600
35	30	2.336053	0.629975	3.602736	6.568764
35	31	2.336053	0.550634	3.080298	5.966985
35	32	2.336053	0.547933	2.788680	5.672666
35	33	2.336053	0.544155	2.751193	5.631401
35	34	2.336053	0.545314	2.762693	5.644060
35	35	2.336053	0.487719	2.191206	5.014979
35	36	2.336053	0.524438	2.555547	5.416038
35	37	2.336053	0.550634	3.080298	5.966985
35	38	2.336053	0.533585	2.646313	5.515952
35	39	2.336053	0.593198	3.290784	6.220035
35	40	2.336053	0.435453	1.672591	4.444097
35	41	2.336053	0.476110	2.076018	4.888181
35	42	2.336053	0.544043	2.750084	5.630181
35	43	2.336053	0.555543	2.864190	5.755787
35	44	2.336053	0.435453	1.672591	4.444097
35	45	2.336053	0.476388	2.078776	4.891217
35	46	2.336053	0.526280	2.573824	5.436157
35	47	2.336053	0.435453	1.672591	4.444097
35	48	2.336053	0.522814	2.539435	5.398303
35	49	2.336053	0.604121	3.346201	6.286374
35	50	2.336053	0.417011	1.489610	4.242674
35	51	2.336053	0.608908	3.446668	6.391629
35	52	2.336053	0.524438	2.555547	5.416038
35	53	2.336053	0.475912	2.074050	4.886015
35	54	2.336053	0.591781	3.223760	6.151594
35	55	2.336053	0.544043	2.750084	5.630181
35	56	2.336053	0.602944	3.334523	6.273520
35	57	2.336053	0.550877	2.817894	5.704824
35	58	2.336053	0.500151	2.314563	5.150767
35	59	2.336053	0.564109	2.949181	5.849343
35	60	2.336053	0.523614	2.547370	5.407036
35	61	2.336053	0.574214	3.208340	6.118607
35	62	2.336053	0.592731	3.233192	6.161977
35	63	2.336053	0.500151	2.314563	5.150767
35	64	2.336053	0.476388	2.078776	4.891217
35	65	2.336053	0.524438	2.555547	5.416038
35	66	2.336053	0.487719	2.191206	5.014979
35	67	2.336053	0.456853	1.884933	4.677839
35	68	2.336053	0.574114	3.048465	5.958632
35	69	2.336053	0.428689	1.605480	4.370222
35	70	2.336053	0.536240	2.672656	5.544949
35	71	2.336053	0.544155	2.751193	5.631401
35	72	2.336053	0.485140	2.165612	4.986805
35	73	2.336053	0.631102	3.613925	6.581080
35	74	2.336053	0.555543	2.864190	5.755787
35	75	2.336053	0.494281	2.256314	5.086648
35	76	2.336053	0.537006	2.680252	5.553310
35	77	2.336053	0.494281	2.256314	5.086648
35	78	2.336053	0.494281	2.256314	5.086648
35	79	2.336053	0.578129	3.088300	6.002483
35	80	2.336053	0.578129	3.088300	6.002483
35	81	2.336053	0.489862	2.212467	5.038382
35	82	2.336053	0.534404	2.654437	5.524894
35	83	2.336053	0.435453	1.672591	4.444097
35	84	2.336053	0.428689	1.605480	4.370222
35	85	2.336053	0.574214	3.208340	6.118607
35	86	2.336053	0.545314	2.762693	5.644060
35	87	2.336053	0.629975	3.602736	6.568764
35	88	2.336053	0.485884	2.172996	4.994933
35	89	2.336053	0.499770	2.310777	5.146600
35	90	2.336053	0.568644	3.206038	6.110735
35	91	2.336053	0.564109	2.949181	5.849343
35	92	2.336053	0.517431	2.486025	5.339510
35	93	2.336053	0.450179	1.818720	4.604953
35	94	2.336053	0.461476	2.354516	5.152045
35	95	2.336053	0.421465	2.328253	5.085771
35	96	2.336053	0.485140	2.165612	4.986805
35	97	2.336053	0.619905	3.502819	6.458776
35	98	2.336053	0.512322	2.435324	5.283699
35	99	2.336053	0.571599	3.129430	6.037082
36	0	2.299735	0.545634	2.765869	5.611238
36	1	2.299735	0.475178	2.066771	4.841684
36	2	2.299735	0.585757	3.216950	6.102442
36	3	2.299735	0.513429	2.446316	5.259480
36	4	2.299735	0.450014	1.817074	4.566822
36	5	2.299735	0.499901	2.312077	5.111712
36	6	2.299735	0.475178	2.066771	4.841684
36	7	2.299735	0.524590	2.557063	5.381388
36	8	2.299735	0.511801	2.430159	5.241695
36	9	2.299735	0.450014	1.817074	4.566822
36	10	2.299735	0.570319	3.222661	6.092715
36	11	2.299735	0.554150	2.850363	5.704248
36	12	2.299735	0.553086	2.839805	5.692625
36	13	2.299735	0.475178	2.066771	4.841684
36	14	2.299735	0.584952	3.156004	6.040691
36	15	2.299735	0.554150	2.850363	5.704248
36	16	2.299735	0.579941	3.106274	5.985950
36	17	2.299735	0.536648	2.676705	5.513088
36	18	2.299735	0.507382	2.386315	5.193432
36	19	2.299735	0.602271	3.327845	6.229850
36	20	2.299735	0.520387	2.515357	5.335479
36	21	2.299735	0.571491	3.022434	5.893659
36	22	2.299735	0.566164	2.969579	5.835477
36	23	2.299735	0.504134	2.354083	5.157951
36	24	2.299735	0.478520	2.099933	4.878188
36	25	2.299735	0.507733	2.389792	5.197259
36	26	2.299735	0.545634	2.765869	5.611238
36	27	2.299735	0.611405	3.577366	6.488505
36	28	2.299735	0.488809	2.202017	4.990561
36	29	2.299735	0.578789	3.094851	5.973375
36	30	2.299735	0.488809	2.202017	4.990561
36	31	2.299735	0.579941	3.106274	5.985950
36	32	2.299735	0.528443	2.595289	5.423467
36	33	2.299735	0.584952	3.156004	6.040691
36	34	2.299735	0.640990	3.712040	6.652765
36	35	2.299735	0.500843	2.321433	5.122011
36	36	2.299735	0.539002	2.700063	5.538800
36	37	2.299735	0.536648	2.676705	5.513088
36	38	2.299735	0.535221	2.662549	5.497505
36	39	2.299735	0.539002	2.700063	5.538800
36	40	2.299735	0.566164	2.969579	5.835477
36	41	2.299735	0.536648	2.676705	5.513088
36	42	2.299735	0.436606	1.684035	4.420375
36	43	2.299735	0.509085	2.403206	5.212025
36	44	2.299735	0.540558	2.715496	5.555788
36	45	2.299735	0.507733	2.389792	5.197259
36	46	2.299735	0.589330	3.199442	6.088507
36	47	2.299735	0.439969	1.717404	4.457107
36	48	2.299735	0.630443	3.607384	6.537562
36	49	2.299735	0.607495	3.379679	6.286908
36	50	2.299735	0.510137	2.413649	5.223520
36	51	2.299735	0.587143	3.177745	6.064623
36	52	2.299735	0.499901	2.312077	5.111712
36	53	2.299735	0.627126	3.574472	6.501333
36	54	2.299735	0.513429	2.446316	5.259480
36	55	2.299735	0.482284	2.666916	5.448935
36	56	2.299735	0.502052	2.333424	5.135211
36	57	2.299735	0.560989	3.077120	5.937844
36	58	2.299735	0.617278	3.476754	6.393767
36	59	2.299735	0.587930	3.185550	6.073215
36	60	2.299735	0.675514	4.054606	7.029855
36	61	2.299735	0.536127	3.148208	5.984070
36	62	2.299735	0.588518	3.191385	6.079638
36	63	2.299735	0.540780	2.717702	5.558217
36	64	2.299735	0.475217	2.067152	4.842103
36	65	2.299735	0.589330	3.199442	6.088507
36	66	2.299735	0.598178	3.287238	6.185151
36	67	2.299735	0.500843	2.321433	5.122011
36	68	2.299735	0.502052	2.333424	5.135211
36	69	2.299735	0.578789	3.094851	5.973375
36	70	2.299735	0.508939	2.401761	5.210435
36	71	2.299735	0.550528	2.814432	5.664695
36	72	2.299735	0.554150	2.850363	5.704248
36	73	2.299735	0.373049	1.953777	4.626561
36	74	2.299735	0.470066	2.651610	5.421411
36	75	2.299735	0.578789	3.094851	5.973375
36	76	2.299735	0.475217	2.067152	4.842103
36	77	2.299735	0.456649	1.882913	4.639296
36	78	2.299735	0.509085	2.403206	5.212025
36	79	2.299735	0.600178	3.307075	6.206988
36	80	2.299735	0.602271	3.327845	6.229850
36	81	2.299735	0.536648	2.676705	5.513088
36	82	2.299735	0.511801	2.430159	5.241695
36	83	2.299735	0.499901	2.312077	5.111712
36	84	2.299735	0.507382	2.386315	5.193432
36	85	2.299735	0.510137	2.413649	5.223520
36	86	2.299735	0.566164	2.969579	5.835477
36	87	2.299735	0.560926	2.917603	5.778264
36	88	2.299735	0.627126	3.574472	6.501333
36	89	2.299735	0.502052	2.333424	5.135211
36	90	2.299735	0.418505	1.504433	4.222673
36	91	2.299735	0.418505	1.504433	4.222673
36	92	2.299735	0.553925	2.848131	5.701790
36	93	2.299735	0.475217	2.067152	4.842103
36	94	2.299735	0.555476	3.128347	5.983558
36	95	2.299735	0.436606	1.684035	4.420375
36	96	2.299735	0.507733	2.389792	5.197259
36	97	2.299735	0.619240	3.496219	6.415193
36	98	2.299735	0.614037	3.550522	6.464293
36	99	2.299735	0.507382	2.386315	5.193432
37	0	2.309560	0.545861	3.085899	5.941320
37	1	2.309560	0.521056	2.521988	5.352604
37	2	2.309560	0.574707	3.054347	5.938615
37	3	2.309560	0.499652	2.309609	5.118821
37	4	2.309560	0.453701	1.853659	4.616921
37	5	2.309560	0.514684	2.458761	5.283005
37	6	2.309560	0.501868	2.331600	5.143028
37	7	2.309560	0.558521	2.893740	5.761822
37	8	2.309560	0.435816	1.676199	4.421576
37	9	2.309560	0.567369	2.981532	5.858461
37	10	2.309560	0.510173	2.414003	5.233736
37	11	2.309560	0.594126	3.247027	6.150713
37	12	2.309560	0.515323	2.465108	5.289992
37	13	2.309560	0.553476	2.843679	5.706716
37	14	2.309560	0.614778	3.610842	6.535181
37	15	2.309560	0.603204	3.337109	6.249873
37	16	2.309560	0.542313	2.732910	5.584783
37	17	2.309560	0.544527	2.754888	5.608975
37	18	2.309560	0.514684	2.458761	5.283005
37	19	2.309560	0.499232	2.305446	5.114238
37	20	2.309560	0.499088	2.621798	5.430447
37	21	2.309560	0.518255	2.494197	5.322012
37	22	2.309560	0.524976	2.560893	5.395429
37	23	2.309560	0.520626	2.517725	5.347911
37	24	2.309560	0.603731	3.342339	6.255631
37	25	2.309560	0.506453	2.377092	5.193105
37	26	2.309560	0.482439	2.138815	4.930814
37	27	2.309560	0.524976	2.560893	5.395429
37	28	2.309560	0.540735	2.717252	5.567547
37	29	2.309560	0.442066	1.738212	4.489838
37	30	2.309560	0.532427	2.634820	5.476807
37	31	2.309560	0.609092	3.395525	6.314177
37	32	2.309560	0.506453	2.377092	5.193105
37	33	2.309560	0.470640	2.021744	4.801944
37	34	2.309560	0.601936	3.324521	6.236017
37	35	2.309560	0.429605	1.614568	4.353734
37	36	2.309560	0.564030	2.948405	5.821996
37	37	2.309560	0.575199	3.059231	5.943991
37	38	2.309560	0.506453	2.377092	5.193105
37	39	2.309560	0.605184	3.356747	6.271491
37	40	2.309560	0.592739	3.233266	6.135565
37	41	2.309560	0.514684	2.458761	5.283005
37	42	2.309560	0.482439	2.138815	4.930814
37	43	2.309560	0.563722	2.945348	5.818631
37	44	2.309560	0.553476	2.843679	5.706716
37	45	2.309560	0.446783	1.785021	4.541365
37	46	2.309560	0.602830	3.333390	6.245780
37	47	2.309560	0.567369	2.981532	5.858461
37	48	2.309560	0.605721	3.362082	6.277364
37	49	2.309560	0.470640	2.021744	4.801944
37	50	2.309560	0.487783	2.191839	4.989182
37	51	2.309560	0.505673	2.369359	5.184593
37	52	2.309560	0.458284	1.899139	4.666984
37	53	2.309560	0.522978	2.541063	5.373601
37	54	2.309560	0.565282	2.960826	5.835668
37	55	2.309560	0.564030	2.948405	5.821996
37	56	2.309560	0.524976	2.560893	5.395429
37	57	2.309560	0.429605	1.614568	4.353734
37	58	2.309560	0.558521	2.893740	5.761822
37	59	2.309560	0.446783	1.785021	4.541365
37	60	2.309560	0.614778	3.610842	6.535181
37	61	2.309560	0.556983	2.878478	5.745021
37	62	2.309560	0.519471	2.506262	5.335293
37	63	2.309560	0.461170	2.510372	5.281102
37	64	2.309560	0.554866	2.857476	5.721902
37	65	2.309560	0.505673	2.369359	5.184593
37	66	2.309560	0.563722	2.945348	5.818631
37	67	2.309560	0.540110	2.711053	5.560724
37	68	2.309560	0.599333	3.298695	6.207588
37	69	2.309560	0.564349	3.269354	6.143264
37	70	2.309560	0.655937	3.860353	6.825851
37	71	2.309560	0.592739	3.233266	6.135565
37	72	2.309560	0.534627	2.762583	5.606770
37	73	2.309560	0.544527	2.754888	5.608975
37	74	2.309560	0.564030	2.948405	5.821996
37	75	2.309560	0.611106	3.415509	6.336175
37	76	2.309560	0.654707	3.848144	6.812412
37	77	2.309560	0.483749	2.151813	4.945122
37	78	2.309560	0.504079	2.777249	5.590889
37	79	2.309560	0.529252	2.603316	5.442128
37	80	2.309560	0.540110	2.711053	5.560724
37	81	2.309560	0.563722	2.945348	5.818631
37	82	2.309560	0.603731	3.342339	6.255631
37	83	2.309560	0.462830	2.579810	5.352200
37	84	2.309560	0.509623	2.408546	5.227730
37	85	2.309560	0.565282	2.960826	5.835668
37	86	2.309560	0.565282	2.960826	5.835668
37	87	2.309560	0.482439	2.138815	4.930814
37	88	2.309560	0.553476	2.843679	5.706716
37	89	2.309560	0.638911	3.744371	6.692842
37	90	2.309560	0.493256	2.246150	5.048967
37	91	2.309560	0.471064	2.025950	4.806575
37	92	2.309560	0.542313	2.732910	5.584783
37	93	2.309560	0.417644	1.495890	4.223094
37	94	2.309560	0.565282	2.960826	5.835668
37	95	2.309560	0.523304	2.544293	5.377157
37	96	2.309560	0.560951	2.917849	5.788360
37	97	2.309560	0.575860	3.065786	5.951206
37	98	2.309560	0.623858	3.542042	6.475460
37	99	2.309560	0.550396	2.813116	5.673073
38	0	2.342266	0.489487	2.208745	5.040497
38	1	2.342266	0.504459	2.357309	5.204034
38	2	2.342266	0.635519	3.657749	6.635534
38	3	2.342266	0.494950	2.262957	5.100173
38	4	2.342266	0.591836	3.224305	6.158407
38	5	2.342266	0.489487	2.208745	5.040497
38	6	2.342266	0.592625	3.232139	6.167030
38	7	2.342266	0.506463	2.377193	5.225922
38	8	2.342266	0.542281	2.732594	5.617141
38	9	2.342266	0.546272	2.772199	5.660737
38	10	2.342266	0.609980	3.404341	6.356587
38	11	2.342266	0.474480	2.059845	4.876592
38	12	2.342266	0.538836	3.016191	5.897293
38	13	2.342266	0.521101	2.522436	5.385803
38	14	2.342266	0.592625	3.232139	6.167030
38	15	2.342266	0.554012	2.848994	5.745271
38	16	2.342266	0.492459	2.238239	5.072964
38	17	2.342266	0.511756	2.429715	5.283738
38	18	2.342266	0.486358	2.177699	5.006323
38	19	2.342266	0.571519	3.022709	5.936493
38	20	2.342266	0.582623	3.344743	6.269632
38	21	2.342266	0.538953	2.699570	5.580789
38	22	2.342266	0.571519	3.022709	5.936493
38	23	2.342266	0.550507	2.814220	5.706993
38	24	2.342266	0.430750	1.625926	4.398942
38	25	2.342266	0.635519	3.657749	6.635534
38	26	2.342266	0.619701	3.606728	6.568695
38	27	2.342266	0.566060	2.968543	5.876868
38	28	2.342266	0.571519	3.022709	5.936493
38	29	2.342266	0.517763	2.489319	5.349349
38	30	2.342266	0.619701	3.606728	6.568695
38	31	2.342266	0.516397	2.475765	5.334428
38	32	2.342266	0.417967	1.499087	4.259320
38	33	2.342266	0.538261	2.692710	5.573237
38	34	2.342266	0.474417	2.059220	4.875904
38	35	2.342266	0.492459	2.238239	5.072964
38	36	2.342266	0.538953	2.699570	5.580789
38	37	2.342266	0.571519	3.022709	5.936493
38	38	2.342266	0.521101	2.522436	5.385803
38	39	2.342266	0.500323	2.316268	5.158857
38	40	2.342266	0.575433	3.061544	5.979242
38	41	2.342266	0.629884	3.601840	6.573990
38	42	2.342266	0.616850	3.472506	6.431622
38	43	2.342266	0.457106	2.575978	5.375350
38	44	2.342266	0.558511	2.893641	5.794418
38	45	2.342266	0.417967	1.499087	4.259320
38	46	2.342266	0.511756	2.429715	5.283738
38	47	2.342266	0.472091	2.036138	4.850495
38	48	2.342266	0.591836	3.224305	6.158407
38	49	2.342266	0.474417	2.059220	4.875904
38	50	2.342266	0.474480	2.059845	4.876592
38	51	2.342266	0.565674	2.964710	5.872649
38	52	2.342266	0.538474	2.694819	5.575559
38	53	2.342266	0.506463	2.377193	5.225922
38	54	2.342266	0.486358	2.177699	5.006323
38	55	2.342266	0.582946	3.136099	6.061311
38	56	2.342266	0.554012	2.848994	5.745271
38	57	2.342266	0.514346	2.455412	5.312024
38	58	2.342266	0.514346	2.455412	5.312024
38	59	2.342266	0.474417	2.059220	4.875904
38	60	2.342266	0.490253	2.216351	5.048871
38	61	2.342266	0.538836	3.016191	5.897293
38	62	2.342266	0.614417	3.448370	6.405053
38	63	2.342266	0.506463	2.377193	5.225922
38	64	2.342266	0.575433	3.061544	5.979242
38	65	2.342266	0.501268	2.325648	5.169182
38	66	2.342266	0.430750	1.625926	4.398942
38	67	2.342266	0.430750	1.625926	4.398942
38	68	2.342266	0.586993	3.388106	6.317365
38	69	2.342266	0.552938	2.838340	5.733544
38	70	2.342266	0.550507	2.814220	5.706993
38	71	2.342266	0.574190	3.049214	5.965670
38	72	2.342266	0.558511	2.893641	5.794418
38	73	2.342266	0.538458	2.694662	5.575386
38	74	2.342266	0.481212	2.126640	4.950118
38	75	2.342266	0.542281	2.732594	5.617141
38	76	2.342266	0.489487	2.208745	5.040497
38	77	2.342266	0.499972	2.312785	5.155023
38	78	2.342266	0.538474	2.694819	5.575559
38	79	2.342266	0.538474	2.694819	5.575559
38	80	2.342266	0.459366	2.598406	5.400038
38	81	2.342266	0.501268	2.325648	5.169182
38	82	2.342266	0.538458	2.694662	5.575386
38	83	2.342266	0.575433	3.061544	5.979242
38	84	2.342266	0.574190	3.049214	5.965670
38	85	2.342266	0.612881	3.433124	6.388271
38	86	2.342266	0.490253	2.216351	5.048871
38	87	2.342266	0.538953	2.699570	5.580789
38	88	2.342266	0.558454	2.893076	5.793796
38	89	2.342266	0.550507	2.814220	5.706993
38	90	2.342266	0.517763	2.489319	5.349349
38	91	2.342266	0.526656	2.577559	5.446481
38	92	2.342266	0.501268	2.325648	5.169182
38	93	2.342266	0.474480	2.059845	4.876592
38	94	2.342266	0.474151	2.480286	5.296703
38	95	2.342266	0.474480	2.059845	4.876592
38	96	2.342266	0.581014	3.116921	6.040201
38	97	2.342266	0.589985	3.311871	6.244122
38	98	2.342266	0.430750	1.625926	4.398942
38	99	2.342266	0.581014	3.116921	6.040201
39	0	2.439283	0.445108	1.768394	4.652784
39	1	2.439283	0.486827	2.711991	5.638101
39	2	2.439283	0.462101	1.937016	4.838400
39	3	2.439283	0.499002	2.303162	5.241447
39	4	2.439283	0.430127	1.619750	4.489160
39	5	2.439283	0.539172	2.701746	5.680201
39	6	2.439283	0.631784	3.620688	6.691754
39	7	2.439283	0.490904	2.222810	5.152998
39	8	2.439283	0.539172	2.701746	5.680201
39	9	2.439283	0.469841	2.013807	4.922930
39	10	2.439283	0.539113	2.701162	5.679558
39	11	2.439283	0.492189	2.235560	5.167032
39	12	2.439283	0.511430	2.426474	5.377187
39	13	2.439283	0.491153	2.225280	5.155716
39	14	2.439283	0.565042	2.958445	5.962770
39	15	2.439283	0.563591	2.944050	5.946925
39	16	2.439283	0.532512	2.635660	5.607455
39	17	2.439283	0.490904	2.222810	5.152998
39	18	2.439283	0.478222	2.096968	5.014473
39	19	2.439283	0.536126	2.671527	5.646936
39	20	2.439283	0.521449	2.525888	5.486620
39	21	2.439283	0.470669	2.022032	4.931984
39	22	2.439283	0.582521	3.184846	6.206651
39	23	2.439283	0.530691	2.617592	5.587566
39	24	2.439283	0.511430	2.426474	5.377187
39	25	2.439283	0.517267	2.802179	5.758730
39	26	2.439283	0.526839	2.791230	5.757352
39	27	2.439283	0.531217	2.622818	5.593319
39	28	2.439283	0.470669	2.022032	4.931984
39	29	2.439283	0.623015	3.586639	6.648937
39	30	2.439283	0.531217	2.622818	5.593319
39	31	2.439283	0.493943	2.252959	5.186184
39	32	2.439283	0.539113	2.701162	5.679558
39	33	2.439283	0.478222	2.096968	5.014473
39	34	2.439283	0.491375	2.227479	5.158137
39	35	2.439283	0.556338	2.872075	5.867696
39	36	2.439283	0.499002	2.303162	5.241447
39	37	2.439283	0.464977	1.965551	4.869811
39	38	2.439283	0.558841	2.896909	5.895032
39	39	2.439283	0.517547	2.487176	5.444006
39	40	2.439283	0.563591	2.944050	5.946925
39	41	2.439283	0.568956	2.997276	6.005515
39	42	2.439283	0.493943	2.252959	5.186184
39	43	2.439283	0.573625	3.255466	6.268374
39	44	2.439283	0.604180	3.452718	6.496181
39	45	2.439283	0.597426	3.385699	6.422408
39	46	2.439283	0.499002	2.303162	5.241447
39	47	2.439283	0.524769	2.558832	5.522884
39	48	2.439283	0.492189	2.235560	5.167032
39	49	2.439283	0.474287	2.057925	4.971495
39	50	2.439283	0.502536	2.338231	5.280050
39	51	2.439283	0.600369	3.308978	6.348631
39	52	2.439283	0.493943	2.252959	5.186184
39	53	2.439283	0.544732	2.756912	5.740927
39	54	2.439283	0.492189	2.235560	5.167032
39	55	2.439283	0.514954	2.461441	5.415677
39	56	2.439283	0.502536	2.338231	5.280050
39	57	2.439283	0.445108	1.768394	4.652784
39	58	2.439283	0.523911	2.550320	5.513514
39	59	2.439283	0.562686	2.935066	5.937035
39	60	2.439283	0.495588	2.269282	5.204153
39	61	2.439283	0.499591	2.309010	5.247885
39	62	2.439283	0.556338	2.872075	5.867696
39	63	2.439283	0.597255	3.278076	6.314614
39	64	2.439283	0.491375	2.227479	5.158137
39	65	2.439283	0.533249	2.642975	5.615507
39	66	2.439283	0.490904	2.222810	5.152998
39	67	2.439283	0.532512	2.635660	5.607455
39	68	2.439283	0.523911	2.550320	5.513514
39	69	2.439283	0.505537	2.368007	5.312828
39	70	2.439283	0.596534	3.270922	6.306739
39	71	2.439283	0.545224	2.761802	5.746309
39	72	2.439283	0.426696	1.585704	4.451683
39	73	2.439283	0.491702	2.230723	5.161707
39	74	2.439283	0.469841	2.013807	4.922930
39	75	2.439283	0.539113	2.701162	5.679558
39	76	2.439283	0.558841	2.896909	5.895032
39	77	2.439283	0.502478	2.337647	5.279408
39	78	2.439283	0.568625	2.993997	6.001905
39	79	2.439283	0.600369	3.308978	6.348631
39	80	2.439283	0.474287	2.057925	4.971495
39	81	2.439283	0.611959	3.423977	6.475219
39	82	2.439283	0.517267	2.802179	5.758730
39	83	2.439283	0.568625	2.993997	6.001905
39	84	2.439283	0.491153	2.225280	5.155716
39	85	2.439283	0.545326	2.762808	5.747417
39	86	2.439283	0.478748	2.102189	5.020219
39	87	2.439283	0.482853	2.142918	5.065053
39	88	2.439283	0.600369	3.308978	6.348631
39	89	2.439283	0.511430	2.426474	5.377187
39	90	2.439283	0.544732	2.756912	5.740927
39	91	2.439283	0.462101	1.937016	4.838400
39	92	2.439283	0.491702	2.230723	5.161707
39	93	2.439283	0.491375	2.227479	5.158137
39	94	2.439283	0.565042	2.958445	5.962770
39	95	2.439283	0.485403	2.538967	5.463653
39	96	2.439283	0.533249	2.642975	5.615507
39	97	2.439283	0.491153	2.225280	5.155716
39	98	2.439283	0.482853	2.142918	5.065053
39	99	2.439283	0.545326	2.762808	5.747417
40	0	2.282471	0.539735	2.707333	5.529539
40	1	2.282471	0.552719	2.836173	5.671363
40	2	2.282471	0.486162	2.175756	4.944390
40	3	2.282471	0.517930	2.490971	5.291372
40	4	2.282471	0.585450	3.160943	6.028865
40	5	2.282471	0.481803	2.132502	4.896776
40	6	2.282471	0.583520	3.141792	6.007783
40	7	2.282471	0.585675	3.163175	6.031321
40	8	2.282471	0.549200	3.066067	5.897738
40	9	2.282471	0.506903	2.381555	5.170928
40	10	2.282471	0.568623	2.993975	5.845069
40	11	2.282471	0.608919	3.393816	6.285207
40	12	2.282471	0.434994	1.668041	4.385506
40	13	2.282471	0.602111	3.326263	6.210846
40	14	2.282471	0.590425	3.210310	6.083207
40	15	2.282471	0.575557	3.062776	5.920804
40	16	2.282471	0.528961	2.600428	5.411860
40	17	2.282471	0.521281	2.524229	5.327981
40	18	2.282471	0.513580	2.447816	5.243867
40	19	2.282471	0.517930	2.490971	5.291372
40	20	2.282471	0.597595	3.281450	6.161516
40	21	2.282471	0.580859	3.274278	6.137608
40	22	2.282471	0.575557	3.062776	5.920804
40	23	2.282471	0.614632	3.450497	6.347600
40	24	2.282471	0.529824	2.608991	5.421286
40	25	2.282471	0.592318	3.229090	6.103879
40	26	2.282471	0.517930	2.490971	5.291372
40	27	2.282471	0.603160	3.336668	6.222299
40	28	2.282471	0.583520	3.141792	6.007783
40	29	2.282471	0.632590	3.628689	6.543750
40	30	2.282471	0.597595	3.281450	6.161516
40	31	2.282471	0.532752	2.638045	5.453268
40	32	2.282471	0.524821	2.559353	5.366645
40	33	2.282471	0.556513	2.873817	5.712802
40	34	2.282471	0.544356	2.753182	5.580008
40	35	2.282471	0.528961	2.600428	5.411860
40	36	2.282471	0.600852	3.313766	6.197088
40	37	2.282471	0.442715	1.744650	4.469836
40	38	2.282471	0.539357	2.703588	5.525417
40	39	2.282471	0.608919	3.393816	6.285207
40	40	2.282471	0.624246	3.545899	6.452617
40	41	2.282471	0.539059	2.700630	5.522160
40	42	2.282471	0.575825	3.277294	6.135590
40	43	2.282471	0.421656	1.535696	4.239823
40	44	2.282471	0.614632	3.450497	6.347600
40	45	2.282471	0.515892	2.470750	5.269113
40	46	2.282471	0.629563	3.598657	6.510691
40	47	2.282471	0.580626	3.113072	5.976169
40	48	2.282471	0.584672	3.153226	6.020369
40	49	2.282471	0.486162	2.175756	4.944390
40	50	2.282471	0.531120	2.621856	5.435448
40	51	2.282471	0.560827	2.916615	5.759913
40	52	2.282471	0.545026	3.236504	6.064001
40	53	2.282471	0.595541	3.261071	6.139083
40	54	2.282471	0.583212	3.138736	6.004419
40	55	2.282471	0.531120	2.621856	5.435448
40	56	2.282471	0.576585	3.231868	6.090924
40	57	2.282471	0.434994	1.668041	4.385506
40	58	2.282471	0.513580	2.447816	5.243867
40	59	2.282471	0.517930	2.490971	5.291372
40	60	2.282471	0.668577	3.985767	6.936815
40	61	2.282471	0.582271	3.288287	6.153029
40	62	2.282471	0.629563	3.598657	6.510691
40	63	2.282471	0.507327	2.385766	5.175565
40	64	2.282471	0.580626	3.113072	5.976169
40	65	2.282471	0.556379	2.872480	5.711330
40	66	2.282471	0.592318	3.229090	6.103879
40	67	2.282471	0.515391	2.465778	5.263639
40	68	2.282471	0.521281	2.524229	5.327981
40	69	2.282471	0.580626	3.113072	5.976169
40	70	2.282471	0.501712	2.330050	5.114233
40	71	2.282471	0.549708	2.806288	5.638466
40	72	2.282471	0.520421	2.515694	5.318587
40	73	2.282471	0.524821	2.559353	5.366645
40	74	2.282471	0.528006	3.014662	5.825139
40	75	2.282471	0.549708	2.806288	5.638466
40	76	2.282471	0.494385	2.257349	5.034205
40	77	2.282471	0.585450	3.160943	6.028865
40	78	2.282471	0.481803	2.132502	4.896776
40	79	2.282471	0.494385	2.257349	5.034205
40	80	2.282471	0.511834	2.430484	5.224789
40	81	2.282471	0.580626	3.113072	5.976169
40	82	2.282471	0.543146	2.741180	5.566797
40	83	2.282471	0.582382	3.236424	6.101277
40	84	2.282471	0.520421	2.515694	5.318587
40	85	2.282471	0.421656	1.535696	4.239823
40	86	2.282471	0.552719	2.836173	5.671363
40	87	2.282471	0.585675	3.163175	6.031321
40	88	2.282471	0.507327	2.385766	5.175565
40	89	2.282471	0.486162	2.175756	4.944390
40	90	2.282471	0.529824	2.608991	5.421286
40	91	2.282471	0.452232	1.839081	4.573784
40	92	2.282471	0.577633	3.401163	6.261267
40	93	2.282471	0.515892	2.470750	5.269113
40	94	2.282471	0.583520	3.141792	6.007783
40	95	2.282471	0.620982	3.513506	6.416959
40	96	2.282471	0.360540	1.882621	4.525633
40	97	2.282471	0.504390	2.356619	5.143480
40	98	2.282471	0.434994	1.668041	4.385506
40	99	2.282471	0.575557	3.062776	5.920804
41	0	2.395656	0.571925	3.026736	5.994317
41	1	2.395656	0.541253	2.722395	5.659304
41	2	2.395656	0.531450	2.625125	5.552231
41	3	2.395656	0.482787	2.142267	5.020711
41	4	2.395656	0.528619	2.597038	5.521314
41	5	2.395656	0.613050	3.434803	6.443510
41	6	2.395656	0.510713	2.419365	5.325735
41	7	2.395656	0.582924	3.135874	6.114454
41	8	2.395656	0.561045	2.918783	5.875485
41	9	2.395656	0.506051	2.373106	5.274813
41	10	2.395656	0.479702	2.111659	4.987018
41	11	2.395656	0.596993	3.275477	6.268126
41	12	2.395656	0.510077	2.413049	5.318782
41	13	2.395656	0.510496	2.417207	5.323359
41	14	2.395656	0.510713	2.419365	5.325735
41	15	2.395656	0.584090	3.147444	6.127190
41	16	2.395656	0.509077	2.403130	5.307863
41	17	2.395656	0.587190	3.443027	6.425873
41	18	2.395656	0.395674	2.072345	4.863675
41	19	2.395656	0.546971	2.779130	5.721757
41	20	2.395656	0.627842	3.634541	6.658040
41	21	2.395656	0.582126	3.127957	6.105739
41	22	2.395656	0.588548	3.191679	6.175883
41	23	2.395656	0.554092	2.849789	5.799537
41	24	2.395656	0.511449	2.426667	5.333772
41	25	2.395656	0.594559	3.251326	6.241541
41	26	2.395656	0.479702	2.111659	4.987018
41	27	2.395656	0.581967	3.126381	6.104005
41	28	2.395656	0.516605	2.901533	5.813793
41	29	2.395656	0.496602	2.279348	5.171606
41	30	2.395656	0.510496	2.417207	5.323359
41	31	2.395656	0.564736	2.955405	5.915797
41	32	2.395656	0.588018	3.186427	6.170101
41	33	2.395656	0.602127	3.326422	6.324206
41	34	2.395656	0.501790	2.330828	5.228274
41	35	2.395656	0.471571	2.560610	5.427837
41	36	2.395656	0.485715	2.171321	5.052692
41	37	2.395656	0.584090	3.147444	6.127190
41	38	2.395656	0.510496	2.417207	5.323359
41	39	2.395656	0.494319	2.256697	5.146672
41	40	2.395656	0.528619	2.597038	5.521314
41	41	2.395656	0.661574	3.916280	6.973510
41	42	2.395656	0.547271	2.993965	5.936892
41	43	2.395656	0.474684	2.061869	4.932209
41	44	2.395656	0.561045	2.918783	5.875485
41	45	2.395656	0.582126	3.127957	6.105739
41	46	2.395656	0.510077	2.413049	5.318782
41	47	2.395656	0.546971	2.779130	5.721757
41	48	2.395656	0.582924	3.135874	6.114454
41	49	2.395656	0.507363	2.386128	5.289147
41	50	2.395656	0.584224	3.148778	6.128658
41	51	2.395656	0.541253	2.722395	5.659304
41	52	2.395656	0.482787	2.142267	5.020711
41	53	2.395656	0.510128	2.890237	5.796022
41	54	2.395656	0.534978	2.660135	5.590769
41	55	2.395656	0.429260	1.611147	4.436063
41	56	2.395656	0.598558	3.291003	6.285218
41	57	2.395656	0.475085	2.065850	4.936591
41	58	2.395656	0.479702	2.111659	4.987018
41	59	2.395656	0.584090	3.147444	6.127190
41	60	2.395656	0.510496	2.417207	5.323359
41	61	2.395656	0.479702	2.111659	4.987018
41	62	2.395656	0.485715	2.171321	5.052692
41	63	2.395656	0.587639	3.182663	6.165959
41	64	2.395656	0.447418	1.791315	4.634389
41	65	2.395656	0.474684	2.061869	4.932209
41	66	2.395656	0.485715	2.171321	5.052692
41	67	2.395656	0.501790	2.330828	5.228274
41	68	2.395656	0.587190	3.443027	6.425873
41	69	2.395656	0.482787	2.142267	5.020711
41	70	2.395656	0.510713	2.419365	5.325735
41	71	2.395656	0.561045	2.918783	5.875485
41	72	2.395656	0.509399	2.406327	5.311382
41	73	2.395656	0.602127	3.326422	6.324206
41	74	2.395656	0.482787	2.142267	5.020711
41	75	2.395656	0.600968	3.314918	6.311542
41	76	2.395656	0.507363	2.386128	5.289147
41	77	2.395656	0.520464	2.886862	5.802982
41	78	2.395656	0.582126	3.127957	6.105739
41	79	2.395656	0.584090	3.147444	6.127190
41	80	2.395656	0.553571	2.844622	5.793849
41	81	2.395656	0.429260	1.611147	4.436063
41	82	2.395656	0.494950	2.262955	5.153561
41	83	2.395656	0.576270	3.281704	6.253630
41	84	2.395656	0.539362	2.703636	5.638655
41	85	2.395656	0.598558	3.291003	6.285218
41	86	2.395656	0.529747	2.608226	5.533629
41	87	2.395656	0.526009	2.571143	5.492809
41	88	2.395656	0.504742	2.360116	5.260515
41	89	2.395656	0.585879	3.165194	6.146729
41	90	2.395656	0.528619	2.597038	5.521314
41	91	2.395656	0.474684	2.061869	4.932209
41	92	2.395656	0.485715	2.171321	5.052692
41	93	2.395656	0.527934	2.590243	5.513834
41	94	2.395656	0.539362	2.703636	5.638655
41	95	2.395656	0.507363	2.386128	5.289147
41	96	2.395656	0.509399	2.406327	5.311382
41	97	2.395656	0.615157	3.455711	6.466525
41	98	2.395656	0.539362	2.703636	5.638655
41	99	2.395656	0.475085	2.065850	4.936591
42	0	2.323224	0.502942	2.342253	5.168418
42	1	2.323224	0.470443	2.019783	4.813449
42	2	2.323224	0.474768	2.062700	4.860692
42	3	2.323224	0.609715	3.401708	6.334647
42	4	2.323224	0.536944	2.679640	5.539807
42	5	2.323224	0.470443	2.019783	4.813449
42	6	2.323224	0.513430	2.711137	5.547790
42	7	2.323224	0.544437	2.753991	5.621651
42	8	2.323224	0.485324	2.167441	4.975989
42	9	2.323224	0.570493	3.012532	5.906249
42	10	2.323224	0.508993	2.402292	5.234508
42	11	2.323224	0.648650	3.788040	6.759913
42	12	2.323224	0.478221	2.096957	4.898402
42	13	2.323224	0.549013	3.011255	5.883492
42	14	2.323224	0.554166	2.850528	5.727918
42	15	2.323224	0.536944	2.679640	5.539807
42	16	2.323224	0.551841	2.986347	5.861411
42	17	2.323224	0.497340	2.286672	5.107236
42	18	2.323224	0.585318	3.265558	6.174099
42	19	2.323224	0.474768	2.062700	4.860692
42	20	2.323224	0.466784	1.983477	4.773485
42	21	2.323224	0.630889	3.611807	6.565919
42	22	2.323224	0.517076	2.482497	5.322796
42	23	2.323224	0.474768	2.062700	4.860692
42	24	2.323224	0.575895	3.066136	5.965255
42	25	2.323224	0.602832	3.333419	6.259475
42	26	2.323224	0.496874	2.282046	5.102143
42	27	2.323224	0.630889	3.611807	6.565919
42	28	2.323224	0.543203	2.741741	5.608168
42	29	2.323224	0.592954	3.235404	6.151582
42	30	2.323224	0.513435	2.446370	5.283028
42	31	2.323224	0.523874	2.549957	5.397055
42	32	2.323224	0.634310	3.645758	6.603292
42	33	2.323224	0.440687	1.724528	4.488439
42	34	2.323224	0.498643	2.299599	5.121466
42	35	2.323224	0.498643	2.299599	5.121466
42	36	2.323224	0.496901	2.282312	5.102437
42	37	2.323224	0.573747	3.044818	5.941788
42	38	2.323224	0.553022	2.839175	5.715421
42	39	2.323224	0.501490	2.327846	5.152560
42	40	2.323224	0.557132	2.879961	5.760317
42	41	2.323224	0.501490	2.327846	5.152560
42	42	2.323224	0.531251	2.623151	5.477625
42	43	2.323224	0.544735	2.756950	5.624909
42	44	2.323224	0.569882	3.006470	5.899576
42	45	2.323224	0.521267	2.524086	5.368577
42	46	2.323224	0.571132	3.018875	5.913231
42	47	2.323224	0.475029	2.065285	4.863537
42	48	2.323224	0.550004	2.809224	5.682451
42	49	2.323224	0.547760	2.786960	5.657944
42	50	2.323224	0.602832	3.333419	6.259475
42	51	2.323224	0.531251	2.623151	5.477625
42	52	2.323224	0.478221	2.096957	4.898402
42	53	2.323224	0.571132	3.018875	5.913231
42	54	2.323224	0.570493	3.012532	5.906249
42	55	2.323224	0.543203	2.741741	5.608168
42	56	2.323224	0.440687	1.724528	4.488439
42	57	2.323224	0.436209	1.680099	4.439531
42	58	2.323224	0.534111	2.916351	5.773685
42	59	2.323224	0.517626	2.487954	5.328803
42	60	2.323224	0.506977	2.382291	5.212492
42	61	2.323224	0.561700	2.925280	5.810204
42	62	2.323224	0.427692	1.595583	4.346498
42	63	2.323224	0.557132	2.879961	5.760317
42	64	2.323224	0.501490	2.327846	5.152560
42	65	2.323224	0.466784	1.983477	4.773485
42	66	2.323224	0.630889	3.611807	6.565919
42	67	2.323224	0.562839	2.989548	5.875611
42	68	2.323224	0.556529	2.873970	5.753722
42	69	2.323224	0.480755	2.122109	4.926088
42	70	2.323224	0.602832	3.333419	6.259475
42	71	2.323224	0.458987	1.906116	4.688327
42	72	2.323224	0.586098	3.273295	6.182617
42	73	2.323224	0.475029	2.065285	4.863537
42	74	2.323224	0.614170	3.445915	6.383309
42	75	2.323224	0.557105	2.879685	5.760014
42	76	2.323224	0.544735	2.756950	5.624909
42	77	2.323224	0.496901	2.282312	5.102437
42	78	2.323224	0.554166	2.850528	5.727918
42	79	2.323224	0.564167	2.949762	5.837152
42	80	2.323224	0.630889	3.611807	6.565919
42	81	2.323224	0.534111	2.916351	5.773685
42	82	2.323224	0.495003	2.263479	5.081705
42	83	2.323224	0.509679	2.409100	5.242003
42	84	2.323224	0.545693	2.925345	5.794262
42	85	2.323224	0.569882	3.006470	5.899576
42	86	2.323224	0.542963	2.739359	5.605545
42	87	2.323224	0.648650	3.788040	6.759913
42	88	2.323224	0.412294	1.442796	4.178313
42	89	2.323224	0.571132	3.018875	5.913231
42	90	2.323224	0.490187	2.215691	5.029101
42	91	2.323224	0.466784	1.983477	4.773485
42	92	2.323224	0.569882	3.006470	5.899576
42	93	2.323224	0.564167	2.949762	5.837152
42	94	2.323224	0.475029	2.065285	4.863537
42	95	2.323224	0.542963	2.739359	5.605545
42	96	2.323224	0.497340	2.286672	5.107236
42	97	2.323224	0.542963	2.739359	5.605545
42	98	2.323224	0.557132	2.879961	5.760317
42	99	2.323224	0.478221	2.096957	4.898402
43	0	2.232107	0.527313	2.584080	5.343500
43	1	2.232107	0.554261	3.222210	6.008578
43	2	2.232107	0.451088	1.827738	4.510933
43	3	2.232107	0.495593	2.269337	4.997038
43	4	2.232107	0.626125	3.564538	6.422770
43	5	2.232107	0.600053	3.305841	6.138001
43	6	2.232107	0.587666	3.182926	6.002699
43	7	2.232107	0.599424	3.299601	6.131132
43	8	2.232107	0.601511	3.320310	6.153929
43	9	2.232107	0.527313	2.584080	5.343500
43	10	2.232107	0.582222	3.128914	5.943244
43	11	2.232107	0.600053	3.305841	6.138001
43	12	2.232107	0.521027	2.521708	5.274843
43	13	2.232107	0.565320	2.961197	5.758623
43	14	2.232107	0.503367	2.346476	5.081950
43	15	2.232107	0.501067	2.323649	5.056822
43	16	2.232107	0.573838	3.045720	5.851665
43	17	2.232107	0.522896	2.540251	5.295254
43	18	2.232107	0.512723	2.439303	5.184133
43	19	2.232107	0.589356	3.199697	6.021160
43	20	2.232107	0.523991	2.551110	5.307207
43	21	2.232107	0.486293	2.177053	4.895452
43	22	2.232107	0.451088	1.827738	4.510933
43	23	2.232107	0.451088	1.827738	4.510933
43	24	2.232107	0.439218	1.709949	4.381274
43	25	2.232107	0.582222	3.128914	5.943244
43	26	2.232107	0.523991	2.551110	5.307207
43	27	2.232107	0.593481	3.452481	6.278069
43	28	2.232107	0.573274	3.040128	5.845509
43	29	2.232107	0.457195	1.888327	4.577628
43	30	2.232107	0.560696	2.915317	5.708120
43	31	2.232107	0.498497	2.298146	5.028750
43	32	2.232107	0.583501	3.141605	5.957213
43	33	2.232107	0.656441	3.865353	6.753902
43	34	2.232107	0.573838	3.045720	5.851665
43	35	2.232107	0.677582	4.075121	6.984810
43	36	2.232107	0.609822	3.402773	6.244702
43	37	2.232107	0.542913	2.738872	5.513892
43	38	2.232107	0.543873	2.748389	5.524369
43	39	2.232107	0.603658	3.341607	6.177372
43	40	2.232107	0.485964	2.173796	4.891868
43	41	2.232107	0.581923	3.125944	5.939974
43	42	2.232107	0.521027	2.521708	5.274843
43	43	2.232107	0.560696	2.915317	5.708120
43	44	2.232107	0.540738	2.717285	5.490130
43	45	2.232107	0.579296	3.099875	5.911277
43	46	2.232107	0.569471	3.002388	5.803966
43	47	2.232107	0.589356	3.199697	6.021160
43	48	2.232107	0.559958	3.225781	6.017846
43	49	2.232107	0.564598	2.954036	5.750741
43	50	2.232107	0.622518	3.634676	6.489301
43	51	2.232107	0.583501	3.141605	5.957213
43	52	2.232107	0.604437	3.349336	6.185879
43	53	2.232107	0.523991	2.551110	5.307207
43	54	2.232107	0.523991	2.551110	5.307207
43	55	2.232107	0.605114	3.514948	6.352169
43	56	2.232107	0.601511	3.320310	6.153929
43	57	2.232107	0.555633	3.129898	5.917638
43	58	2.232107	0.601511	3.320310	6.153929
43	59	2.232107	0.559085	2.899332	5.690523
43	60	2.232107	0.498497	2.298146	5.028750
43	61	2.232107	0.609822	3.402773	6.244702
43	62	2.232107	0.526428	2.575295	5.333830
43	63	2.232107	0.523991	2.551110	5.307207
43	64	2.232107	0.619992	3.503683	6.355782
43	65	2.232107	0.523470	2.545944	5.301521
43	66	2.232107	0.573274	3.040128	5.845509
43	67	2.232107	0.491717	2.230872	4.954696
43	68	2.232107	0.593481	3.452481	6.278069
43	69	2.232107	0.529185	2.602653	5.363945
43	70	2.232107	0.457195	1.888327	4.577628
43	71	2.232107	0.523991	2.551110	5.307207
43	72	2.232107	0.573838	3.045720	5.851665
43	73	2.232107	0.560941	2.917747	5.710795
43	74	2.232107	0.554705	2.855870	5.642681
43	75	2.232107	0.595142	3.257108	6.084356
43	76	2.232107	0.556726	3.193709	5.982542
43	77	2.232107	0.558732	2.895834	5.686674
43	78	2.232107	0.587539	3.181665	6.001311
43	79	2.232107	0.583501	3.141605	5.957213
43	80	2.232107	0.513145	2.443490	5.188742
43	81	2.232107	0.569471	3.002388	5.803966
43	82	2.232107	0.560941	2.917747	5.710795
43	83	2.232107	0.609822	3.402773	6.244702
43	84	2.232107	0.439218	1.709949	4.381274
43	85	2.232107	0.622763	3.531177	6.386047
43	86	2.232107	0.501067	2.323649	5.056822
43	87	2.232107	0.509294	2.405280	5.146680
43	88	2.232107	0.495593	2.269337	4.997038
43	89	2.232107	0.513145	2.443490	5.188742
43	90	2.232107	0.633961	3.642296	6.508365
43	91	2.232107	0.583904	3.145605	5.961616
43	92	2.232107	0.583904	3.145605	5.961616
43	93	2.232107	0.509294	2.405280	5.146680
43	94	2.232107	0.589356	3.199697	6.021160
43	95	2.232107	0.526428	2.575295	5.333830
43	96	2.232107	0.529185	2.602653	5.363945
43	97	2.232107	0.435186	2.411441	5.078735
43	98	2.232107	0.564598	2.954036	5.750741
43	99	2.232107	0.444489	1.762252	4.438847
44	0	2.354931	0.537204	2.682216	5.574351
44	1	2.354931	0.526992	2.580895	5.462818
44	2	2.354931	0.553163	2.840572	5.748666
44	3	2.354931	0.513888	2.450863	5.319682
44	4	2.354931	0.532292	2.633484	5.520708
44	5	2.354931	0.504186	2.354601	5.213718
44	6	2.354931	0.515008	2.461977	5.331916
44	7	2.354931	0.456420	2.357317	5.168668
44	8	2.354931	0.537204	2.682216	5.574351
44	9	2.354931	0.548293	2.792256	5.695481
44	10	2.354931	0.493367	2.829850	5.678148
44	11	2.354931	0.593747	3.243273	6.191952
44	12	2.354931	0.584338	3.361767	6.301037
44	13	2.354931	0.585553	3.161959	6.102443
44	14	2.354931	0.474014	2.055222	4.884167
44	15	2.354931	0.512060	2.432725	5.299716
44	16	2.354931	0.601980	3.324956	6.281866
44	17	2.354931	0.543776	2.747430	5.646138
44	18	2.354931	0.598048	3.285947	6.238927
44	19	2.354931	0.598838	3.293781	6.247550
44	20	2.354931	0.515035	2.462248	5.332214
44	21	2.354931	0.541111	2.720986	5.617028
44	22	2.354931	0.507236	2.384866	5.247034
44	23	2.354931	0.481462	2.658759	5.495152
44	24	2.354931	0.507236	2.384866	5.247034
44	25	2.354931	0.480189	2.116485	4.951605
44	26	2.354931	0.543892	2.748585	5.647409
44	27	2.354931	0.495986	2.273236	5.124153
44	28	2.354931	0.537204	2.682216	5.574351
44	29	2.354931	0.596147	3.478937	6.430015
44	30	2.354931	0.482766	2.142059	4.979756
44	31	2.354931	0.640178	3.703976	6.699085
44	32	2.354931	0.553163	2.840572	5.748666
44	33	2.354931	0.505752	2.370140	5.230824
44	34	2.354931	0.541111	2.720986	5.617028
44	35	2.354931	0.600107	3.306373	6.261411
44	36	2.354931	0.587896	3.185213	6.128040
44	37	2.354931	0.529661	2.607374	5.491966
44	38	2.354931	0.515035	2.462248	5.332214
44	39	2.354931	0.515331	2.465183	5.335445
44	40	2.354931	0.480189	2.116485	4.951605
44	41	2.354931	0.474014	2.055222	4.884167
44	42	2.354931	0.543776	2.747430	5.646138
44	43	2.354931	0.601980	3.324956	6.281866
44	44	2.354931	0.514654	2.458467	5.328052
44	45	2.354931	0.637629	3.678690	6.671251
44	46	2.354931	0.449056	1.807568	4.611554
44	47	2.354931	0.543892	2.748585	5.647409
44	48	2.354931	0.621122	3.514901	6.490955
44	49	2.354931	0.513888	2.450863	5.319682
44	50	2.354931	0.501582	2.328766	5.185280
44	51	2.354931	0.637629	3.678690	6.671251
44	52	2.354931	0.504186	2.354601	5.213718
44	53	2.354931	0.463572	1.951607	4.770110
44	54	2.354931	0.432498	1.643276	4.430705
44	55	2.354931	0.513888	2.450863	5.319682
44	56	2.354931	0.502722	2.340072	5.197726
44	57	2.354931	0.609764	3.455157	6.419852
44	58	2.354931	0.541111	2.720986	5.617028
44	59	2.354931	0.601980	3.324956	6.281866
44	60	2.354931	0.418420	1.503584	4.276935
44	61	2.354931	0.432498	1.643276	4.430705
44	62	2.354931	0.560517	2.913547	5.828996
44	63	2.354931	0.515331	2.465183	5.335445
44	64	2.354931	0.572953	3.036941	5.964825
44	65	2.354931	0.535135	2.661695	5.551762
44	66	2.354931	0.572953	3.036941	5.964825
44	67	2.354931	0.568740	2.995137	5.918808
44	68	2.354931	0.573313	3.040511	5.968756
44	69	2.354931	0.568740	2.995137	5.918808
44	70	2.354931	0.593747	3.243273	6.191952
44	71	2.354931	0.585553	3.161959	6.102443
44	72	2.354931	0.529680	2.607559	5.492170
44	73	2.354931	0.568740	2.995137	5.918808
44	74	2.354931	0.538044	2.690555	5.583530
44	75	2.354931	0.502932	2.342159	5.200022
44	76	2.354931	0.515008	2.461977	5.331916
44	77	2.354931	0.609854	3.403093	6.367878
44	78	2.354931	0.593747	3.243273	6.191952
44	79	2.354931	0.511577	2.851646	5.718154
44	80	2.354931	0.438420	1.702032	4.495383
44	81	2.354931	0.598048	3.285947	6.238927
44	82	2.354931	0.537424	2.896255	5.788610
44	83	2.354931	0.577783	3.084870	6.017585
44	84	2.354931	0.502600	2.338858	5.196389
44	85	2.354931	0.507236	2.384866	5.247034
44	86	2.354931	0.573313	3.040511	5.968756
44	87	2.354931	0.543134	2.741060	5.639126
44	88	2.354931	0.418420	1.503584	4.276935
44	89	2.354931	0.556739	2.876053	5.787723
44	90	2.354931	0.502722	2.340072	5.197726
44	91	2.354931	0.515035	2.462248	5.332214
44	92	2.354931	0.548293	2.792256	5.695481
44	93	2.354931	0.585553	3.161959	6.102443
44	94	2.354931	0.589821	3.204310	6.149062
44	95	2.354931	0.568740	2.995137	5.918808
44	96	2.354931	0.418420	1.503584	4.276935
44	97	2.354931	0.584338	3.361767	6.301037
44	98	2.354931	0.577783	3.084870	6.017585
44	99	2.354931	0.476562	2.080496	4.911989
45	0	2.257849	0.420845	1.527647	4.206341
45	1	2.257849	0.612146	3.478801	6.348796
45	2	2.257849	0.546810	2.777537	5.582196
45	3	2.257849	0.556163	2.870339	5.684350
45	4	2.257849	0.531719	2.627797	5.417365
45	5	2.257849	0.544811	2.757701	5.560361
45	6	2.257849	0.452843	1.845149	4.555841
45	7	2.257849	0.515794	2.469781	5.243423
45	8	2.257849	0.553018	3.156919	5.967786
45	9	2.257849	0.503508	2.824548	5.585904
45	10	2.257849	0.523469	2.545933	5.327250
45	11	2.257849	0.581648	3.282110	6.121606
45	12	2.257849	0.581500	3.121744	5.961092
45	13	2.257849	0.581500	3.121744	5.961092
45	14	2.257849	0.592317	3.229080	6.079246
45	15	2.257849	0.582269	3.129377	5.969495
45	16	2.257849	0.548535	2.794652	5.601035
45	17	2.257849	0.593128	3.237124	6.088100
45	18	2.257849	0.500131	2.314364	5.072344
45	19	2.257849	0.573121	3.038608	5.869577
45	20	2.257849	0.556163	2.870339	5.684350
45	21	2.257849	0.548535	2.794652	5.601035
45	22	2.257849	0.569314	3.000830	5.827993
45	23	2.257849	0.574152	3.101798	5.933798
45	24	2.257849	0.487920	2.193203	4.938972
45	25	2.257849	0.550101	2.810193	5.618143
45	26	2.257849	0.604544	3.350403	6.212796
45	27	2.257849	0.625721	3.560532	6.444102
45	28	2.257849	0.534617	2.656554	5.449020
45	29	2.257849	0.628599	3.589083	6.475530
45	30	2.257849	0.434648	1.664605	4.357101
45	31	2.257849	0.515794	2.469781	5.243423
45	32	2.257849	0.542055	2.730351	5.530254
45	33	2.257849	0.550101	2.810193	5.618143
45	34	2.257849	0.499202	2.305146	5.062196
45	35	2.257849	0.590349	3.209556	6.057754
45	36	2.257849	0.588001	3.186258	6.032108
45	37	2.257849	0.512874	2.440811	5.211534
45	38	2.257849	0.546810	2.777537	5.582196
45	39	2.257849	0.512545	2.437544	5.207937
45	40	2.257849	0.609402	3.398604	6.265854
45	41	2.257849	0.557589	2.884491	5.699929
45	42	2.257849	0.524477	2.555933	5.338258
45	43	2.257849	0.571815	3.025644	5.855308
45	44	2.257849	0.584564	3.152147	5.994560
45	45	2.257849	0.477315	2.723538	5.458702
45	46	2.257849	0.566250	2.970431	5.794530
45	47	2.257849	0.550101	2.810193	5.618143
45	48	2.257849	0.486446	2.178569	4.922863
45	49	2.257849	0.546810	2.777537	5.582196
45	50	2.257849	0.566619	2.974089	5.798556
45	51	2.257849	0.599687	3.302209	6.159745
45	52	2.257849	0.497322	2.286488	5.041658
45	53	2.257849	0.523469	2.545933	5.327250
45	54	2.257849	0.590349	3.209556	6.057754
45	55	2.257849	0.530024	2.610976	5.398848
45	56	2.257849	0.498278	2.295980	5.052107
45	57	2.257849	0.509969	2.411984	5.179802
45	58	2.257849	0.623970	3.596120	6.477938
45	59	2.257849	0.556163	2.870339	5.684350
45	60	2.257849	0.615095	3.455092	6.328035
45	61	2.257849	0.658420	3.884983	6.801251
45	62	2.257849	0.587786	3.184117	6.029751
45	63	2.257849	0.444584	1.763195	4.465627
45	64	2.257849	0.515794	2.469781	5.243423
45	65	2.257849	0.590349	3.209556	6.057754
45	66	2.257849	0.628599	3.589083	6.475530
45	67	2.257849	0.615095	3.455092	6.328035
45	68	2.257849	0.543473	2.744422	5.545743
45	69	2.257849	0.537671	2.686853	5.482372
45	70	2.257849	0.546810	2.777537	5.582196
45	71	2.257849	0.588001	3.186258	6.032108
45	72	2.257849	0.574152	3.101798	5.933798
45	73	2.257849	0.564949	2.957523	5.780321
45	74	2.257849	0.499202	2.305146	5.062196
45	75	2.257849	0.573121	3.038608	5.869577
45	76	2.257849	0.546810	2.777537	5.582196
45	77	2.257849	0.548535	2.794652	5.601035
45	78	2.257849	0.586502	3.171380	6.015731
45	79	2.257849	0.566250	2.970431	5.794530
45	80	2.257849	0.530024	2.610976	5.398848
45	81	2.257849	0.508172	2.394147	5.160167
45	82	2.257849	0.550101	2.810193	5.618143
45	83	2.257849	0.556163	2.870339	5.684350
45	84	2.257849	0.582269	3.129377	5.969495
45	85	2.257849	0.532664	2.637168	5.427680
45	86	2.257849	0.526974	2.580713	5.365535
45	87	2.257849	0.566250	2.970431	5.794530
45	88	2.257849	0.586801	3.386198	6.230847
45	89	2.257849	0.434648	1.664605	4.357101
45	90	2.257849	0.550800	2.817125	5.625774
45	91	2.257849	0.606588	3.370683	6.235120
45	92	2.257849	0.420845	1.527647	4.206341
45	93	2.257849	0.606588	3.370683	6.235120
45	94	2.257849	0.566619	2.974089	5.798556
45	95	2.257849	0.582269	3.129377	5.969495
45	96	2.257849	0.573121	3.038608	5.869577
45	97	2.257849	0.628599	3.589083	6.475530
45	98	2.257849	0.613477	3.439038	6.310363
45	99	2.257849	0.573121	3.038608	5.869577
46	0	2.466502	0.566467	2.972584	6.005554
46	1	2.466502	0.595660	3.262249	6.324411
46	2	2.466502	0.468426	1.999771	4.934699
46	3	2.466502	0.505422	2.366864	5.338789
46	4	2.466502	0.430678	1.625212	4.522391
46	5	2.466502	0.561926	2.927521	5.955949
46	6	2.466502	0.542687	2.736624	5.745813
46	7	2.466502	0.536958	2.679775	5.683235
46	8	2.466502	0.542687	2.736624	5.745813
46	9	2.466502	0.567813	2.985935	6.020250
46	10	2.466502	0.516063	2.472447	5.455012
46	11	2.466502	0.550267	3.023694	6.040463
46	12	2.466502	0.423540	1.554394	4.444437
46	13	2.466502	0.472262	2.037829	4.976593
46	14	2.466502	0.423540	1.554394	4.444437
46	15	2.466502	0.573221	3.039599	6.079323
46	16	2.466502	0.485906	2.173221	5.125629
46	17	2.466502	0.504788	2.360573	5.331863
46	18	2.466502	0.584811	3.207566	6.258880
46	19	2.466502	0.590518	3.211230	6.268251
46	20	2.466502	0.490029	2.214126	5.170658
46	21	2.466502	0.477352	2.088341	5.032196
46	22	2.466502	0.478822	2.102927	5.048252
46	23	2.466502	0.485906	2.173221	5.125629
46	24	2.466502	0.573221	3.039599	6.079323
46	25	2.466502	0.573454	3.041914	6.081871
46	26	2.466502	0.520268	2.514178	5.500949
46	27	2.466502	0.471930	2.034541	4.972974
46	28	2.466502	0.462441	1.940387	4.869330
46	29	2.466502	0.501570	2.328640	5.296712
46	30	2.466502	0.497894	2.292165	5.256561
46	31	2.466502	0.584811	3.207566	6.258880
46	32	2.466502	0.539304	2.703062	5.708869
46	33	2.466502	0.521237	2.523792	5.511531
46	34	2.466502	0.550267	3.023694	6.040463
46	35	2.466502	0.526569	2.576699	5.569771
46	36	2.466502	0.490029	2.214126	5.170658
46	37	2.466502	0.496251	2.275868	5.238622
46	38	2.466502	0.496251	2.275868	5.238622
46	39	2.466502	0.567813	2.985935	6.020250
46	40	2.466502	0.584525	3.151762	6.202789
46	41	2.466502	0.468426	1.999771	4.934699
46	42	2.466502	0.484312	2.157401	5.108215
46	43	2.466502	0.483409	2.148435	5.098346
46	44	2.466502	0.521237	2.523792	5.511531
46	45	2.466502	0.492399	2.237639	5.196540
46	46	2.466502	0.536958	2.679775	5.683235
46	47	2.466502	0.550267	3.023694	6.040463
46	48	2.466502	0.466794	1.983579	4.916876
46	49	2.466502	0.595660	3.262249	6.324411
46	50	2.466502	0.531949	2.630074	5.628525
46	51	2.466502	0.521237	2.523792	5.511531
46	52	2.466502	0.434927	1.667373	4.568802
46	53	2.466502	0.466794	1.983579	4.916876
46	54	2.466502	0.580729	3.167058	6.214289
46	55	2.466502	0.490029	2.214126	5.170658
46	56	2.466502	0.511905	2.431187	5.409594
46	57	2.466502	0.516063	2.472447	5.455012
46	58	2.466502	0.462441	1.940387	4.869330
46	59	2.466502	0.577311	3.292037	6.335850
46	60	2.466502	0.440507	1.722748	4.629758
46	61	2.466502	0.434927	1.667373	4.568802
46	62	2.466502	0.526569	2.576699	5.569771
46	63	2.466502	0.587686	3.183131	6.237320
46	64	2.466502	0.553467	2.843595	5.863565
46	65	2.466502	0.539304	2.703062	5.708869
46	66	2.466502	0.471930	2.034541	4.972974
46	67	2.466502	0.536958	2.679775	5.683235
46	68	2.466502	0.484312	2.157401	5.108215
46	69	2.466502	0.552970	2.997553	6.017026
46	70	2.466502	0.542785	2.737595	5.746882
46	71	2.466502	0.440507	1.722748	4.629758
46	72	2.466502	0.492850	2.242123	5.201476
46	73	2.466502	0.535430	2.664622	5.666554
46	74	2.466502	0.553467	2.843595	5.863565
46	75	2.466502	0.590926	3.215279	6.272707
46	76	2.466502	0.592108	3.279968	6.338578
46	77	2.466502	0.485906	2.173221	5.125629
46	78	2.466502	0.483724	2.151560	5.101786
46	79	2.466502	0.531949	2.630074	5.628525
46	80	2.466502	0.520268	2.514178	5.500949
46	81	2.466502	0.496251	2.275868	5.238622
46	82	2.466502	0.468426	1.999771	4.934699
46	83	2.466502	0.542687	2.736624	5.745813
46	84	2.466502	0.510779	2.420021	5.397303
46	85	2.466502	0.485906	2.173221	5.125629
46	86	2.466502	0.497894	2.292165	5.256561
46	87	2.466502	0.587930	3.185551	6.239983
46	88	2.466502	0.440507	1.722748	4.629758
46	89	2.466502	0.461612	1.932157	4.860272
46	90	2.466502	0.485906	2.173221	5.125629
46	91	2.466502	0.490029	2.214126	5.170658
46	92	2.466502	0.558045	2.889016	5.913564
46	93	2.466502	0.600637	3.311638	6.378777
46	94	2.466502	0.520757	2.519023	5.506282
46	95	2.466502	0.486893	2.712643	5.666038
46	96	2.466502	0.508349	2.395907	5.370758
46	97	2.466502	0.490029	2.214126	5.170658
46	98	2.466502	0.587686	3.183131	6.237320
46	99	2.466502	0.422000	1.539106	4.427608
47	0	2.352585	0.556595	2.874630	5.783810
47	1	2.352585	0.537394	2.684109	5.574088
47	2	2.352585	0.507929	2.391742	5.252256
47	3	2.352585	0.571033	3.017886	5.941504
47	4	2.352585	0.512892	2.440982	5.306459
47	5	2.352585	0.560755	2.915905	5.829244
47	6	2.352585	0.613278	3.437060	6.402922
47	7	2.352585	0.482736	2.141766	4.977087
47	8	2.352585	0.627406	3.577252	6.557243
47	9	2.352585	0.589090	3.197059	6.138734
47	10	2.352585	0.571033	3.017886	5.941504
47	11	2.352585	0.441530	1.732894	4.527008
47	12	2.352585	0.485151	2.165727	5.003464
47	13	2.352585	0.484188	2.156171	4.992944
47	14	2.352585	0.492909	2.507519	5.353013
47	15	2.352585	0.480517	2.119744	4.952846
47	16	2.352585	0.518726	2.498870	5.370181
47	17	2.352585	0.441530	1.732894	4.527008
47	18	2.352585	0.480517	2.119744	4.952846
47	19	2.352585	0.589263	3.198780	6.140628
47	20	2.352585	0.485081	2.165030	5.002696
47	21	2.352585	0.552780	2.836775	5.742140
47	22	2.352585	0.552780	2.836775	5.742140
47	23	2.352585	0.497494	2.288194	5.138273
47	24	2.352585	0.671451	4.014282	7.038317
47	25	2.352585	0.485151	2.165727	5.003464
47	26	2.352585	0.523614	2.759230	5.635429
47	27	2.352585	0.471015	2.025462	4.849062
47	28	2.352585	0.454636	1.862941	4.670162
47	29	2.352585	0.471015	2.025462	4.849062
47	30	2.352585	0.582649	3.133146	6.068380
47	31	2.352585	0.525570	2.566785	5.444940
47	32	2.352585	0.454636	1.862941	4.670162
47	33	2.352585	0.533462	2.645090	5.531137
47	34	2.352585	0.493826	2.251803	5.098214
47	35	2.352585	0.517455	2.486258	5.356298
47	36	2.352585	0.454636	1.862941	4.670162
47	37	2.352585	0.447131	1.788467	4.588182
47	38	2.352585	0.510345	2.415714	5.278644
47	39	2.352585	0.506482	2.377383	5.236450
47	40	2.352585	0.554066	2.849530	5.756181
47	41	2.352585	0.487410	2.188135	5.028130
47	42	2.352585	0.560755	2.915905	5.829244
47	43	2.352585	0.486962	2.183690	5.023236
47	44	2.352585	0.539661	2.706603	5.598850
47	45	2.352585	0.539995	2.709910	5.602490
47	46	2.352585	0.564637	3.007388	5.924611
47	47	2.352585	0.624763	3.603984	6.581331
47	48	2.352585	0.510345	2.415714	5.278644
47	49	2.352585	0.613278	3.437060	6.402922
47	50	2.352585	0.537394	2.684109	5.574088
47	51	2.352585	0.486962	2.183690	5.023236
47	52	2.352585	0.485151	2.165727	5.003464
47	53	2.352585	0.352985	1.807655	4.513225
47	54	2.352585	0.520947	2.520912	5.394444
47	55	2.352585	0.589263	3.198780	6.140628
47	56	2.352585	0.482736	2.141766	4.977087
47	57	2.352585	0.530204	2.612768	5.495557
47	58	2.352585	0.517455	2.486258	5.356298
47	59	2.352585	0.596137	3.266982	6.215704
47	60	2.352585	0.602386	3.487875	6.442846
47	61	2.352585	0.482736	2.141766	4.977087
47	62	2.352585	0.580250	3.109344	6.042179
47	63	2.352585	0.611078	3.415235	6.378898
47	64	2.352585	0.525570	2.566785	5.444940
47	65	2.352585	0.560756	3.127772	6.041113
47	66	2.352585	0.551605	2.825114	5.729304
47	67	2.352585	0.507730	2.389763	5.250078
47	68	2.352585	0.575467	3.061885	5.989937
47	69	2.352585	0.579700	3.209810	6.142094
47	70	2.352585	0.582649	3.133146	6.068380
47	71	2.352585	0.487410	2.188135	5.028130
47	72	2.352585	0.505779	2.370402	5.228766
47	73	2.352585	0.580250	3.109344	6.042179
47	74	2.352585	0.507730	2.389763	5.250078
47	75	2.352585	0.560755	2.915905	5.829244
47	76	2.352585	0.560441	2.912792	5.825818
47	77	2.352585	0.539995	2.709910	5.602490
47	78	2.352585	0.537394	2.684109	5.574088
47	79	2.352585	0.580962	3.116414	6.049961
47	80	2.352585	0.591469	3.485488	6.429542
47	81	2.352585	0.421014	1.529326	4.302926
47	82	2.352585	0.525570	2.566785	5.444940
47	83	2.352585	0.554066	2.849530	5.756181
47	84	2.352585	0.619971	3.503478	6.476034
47	85	2.352585	0.528355	2.594412	5.475352
47	86	2.352585	0.529668	3.031154	5.913407
47	87	2.352585	0.441530	1.732894	4.527008
47	88	2.352585	0.505779	2.370402	5.228766
47	89	2.352585	0.505779	2.370402	5.228766
47	90	2.352585	0.608763	3.392268	6.353616
47	91	2.352585	0.485081	2.165030	5.002696
47	92	2.352585	0.551605	2.825114	5.729304
47	93	2.352585	0.485081	2.165030	5.002696
47	94	2.352585	0.537394	2.684109	5.574088
47	95	2.352585	0.506482	2.377383	5.236450
47	96	2.352585	0.571620	3.023714	5.947919
47	97	2.352585	0.507929	2.391742	5.252256
47	98	2.352585	0.512892	2.440982	5.306459
47	99	2.352585	0.554066	2.849530	5.756181
48	0	2.331668	0.572525	3.032692	5.936886
48	1	2.331668	0.483792	2.152241	4.967702
48	2	2.331668	0.542103	3.154544	6.028316
48	3	2.331668	0.572525	3.032692	5.936886
48	4	2.331668	0.595498	3.366571	6.293737
48	5	2.331668	0.470685	2.022181	4.824534
48	6	2.331668	0.548148	2.790814	5.670631
48	7	2.331668	0.502330	2.336184	5.170183
48	8	2.331668	0.568396	2.991723	5.891787
48	9	2.331668	0.443181	1.749277	4.524126
48	10	2.331668	0.492046	2.234142	5.057856
48	11	2.331668	0.515853	2.470367	5.317888
48	12	2.331668	0.409215	1.412250	4.153134
48	13	2.331668	0.588204	3.188264	6.108136
48	14	2.331668	0.534095	2.863227	5.728990
48	15	2.331668	0.491228	2.226022	5.048918
48	16	2.331668	0.502330	2.336184	5.170183
48	17	2.331668	0.536053	2.670797	5.538518
48	18	2.331668	0.517933	2.491006	5.340607
48	19	2.331668	0.586356	3.169932	6.087957
48	20	2.331668	0.531239	2.623036	5.485944
48	21	2.331668	0.582897	3.135606	6.050171
48	22	2.331668	0.481035	2.124885	4.937589
48	23	2.331668	0.443181	1.749277	4.524126
48	24	2.331668	0.519430	2.505861	5.356959
48	25	2.331668	0.490768	2.221457	5.043893
48	26	2.331668	0.626890	3.572127	6.530685
48	27	2.331668	0.470685	2.022181	4.824534
48	28	2.331668	0.525404	2.565132	5.422203
48	29	2.331668	0.481652	2.131006	4.944327
48	30	2.331668	0.616888	3.472885	6.421441
48	31	2.331668	0.483792	2.152241	4.967702
48	32	2.331668	0.525404	2.565132	5.422203
48	33	2.331668	0.531239	2.623036	5.485944
48	34	2.331668	0.590083	3.206911	6.128663
48	35	2.331668	0.536053	2.670797	5.538518
48	36	2.331668	0.481035	2.124885	4.937589
48	37	2.331668	0.614905	3.453210	6.399783
48	38	2.331668	0.570561	3.013207	5.915437
48	39	2.331668	0.570356	3.011173	5.913197
48	40	2.331668	0.491228	2.226022	5.048918
48	41	2.331668	0.570356	3.011173	5.913197
48	42	2.331668	0.526458	2.575598	5.433725
48	43	2.331668	0.492855	2.242168	5.066691
48	44	2.331668	0.502330	2.336184	5.170183
48	45	2.331668	0.524973	2.560862	5.417503
48	46	2.331668	0.493197	2.245560	5.070425
48	47	2.331668	0.474290	2.057958	4.863916
48	48	2.331668	0.524973	2.560862	5.417503
48	49	2.331668	0.448346	1.800531	4.580546
48	50	2.331668	0.616888	3.472885	6.421441
48	51	2.331668	0.475761	2.072552	4.879982
48	52	2.331668	0.570561	3.013207	5.915437
48	53	2.331668	0.443181	1.749277	4.524126
48	54	2.331668	0.551836	2.880373	5.763878
48	55	2.331668	0.498910	2.725961	5.556539
48	56	2.331668	0.431272	1.631108	4.394048
48	57	2.331668	0.425671	1.575538	4.332877
48	58	2.331668	0.525404	2.565132	5.422203
48	59	2.331668	0.538566	2.695735	5.565969
48	60	2.331668	0.540443	2.714358	5.586469
48	61	2.331668	0.595498	3.366571	6.293737
48	62	2.331668	0.586989	3.229173	6.147830
48	63	2.331668	0.556568	2.874360	5.762597
48	64	2.331668	0.475761	2.072552	4.879982
48	65	2.331668	0.534421	2.654610	5.520699
48	66	2.331668	0.595498	3.366571	6.293737
48	67	2.331668	0.467283	1.988425	4.787376
48	68	2.331668	0.522014	2.531495	5.385177
48	69	2.331668	0.492046	2.234142	5.057856
48	70	2.331668	0.534868	2.659042	5.525578
48	71	2.331668	0.492046	2.234142	5.057856
48	72	2.331668	0.490768	2.221457	5.043893
48	73	2.331668	0.491228	2.226022	5.048918
48	74	2.331668	0.568787	2.995598	5.896053
48	75	2.331668	0.518605	2.497667	5.347940
48	76	2.331668	0.626836	3.571591	6.530095
48	77	2.331668	0.460801	1.924108	4.716577
48	78	2.331668	0.486793	2.182019	5.000480
48	79	2.331668	0.490768	2.221457	5.043893
48	80	2.331668	0.493197	2.245560	5.070425
48	81	2.331668	0.563051	3.203509	6.098228
48	82	2.331668	0.567982	2.987612	5.887262
48	83	2.331668	0.492855	2.242168	5.066691
48	84	2.331668	0.409215	1.412250	4.153134
48	85	2.331668	0.474290	2.057958	4.863916
48	86	2.331668	0.470685	2.022181	4.824534
48	87	2.331668	0.484605	2.160305	4.976578
48	88	2.331668	0.567982	2.987612	5.887262
48	89	2.331668	0.519522	2.877519	5.728709
48	90	2.331668	0.626890	3.572127	6.530685
48	91	2.331668	0.548148	2.790814	5.670631
48	92	2.331668	0.486793	2.182019	5.000480
48	93	2.331668	0.580986	3.116651	6.029306
48	94	2.331668	0.489748	2.211334	5.032750
48	95	2.331668	0.553297	2.841906	5.726872
48	96	2.331668	0.562539	2.933610	5.827817
48	97	2.331668	0.536053	2.670797	5.538518
48	98	2.331668	0.443181	1.749277	4.524126
48	99	2.331668	0.602684	3.331946	6.266298
49	0	2.419939	0.483389	2.148241	5.051569
49	1	2.419939	0.578110	3.088108	6.086157
49	2	2.419939	0.550585	2.814996	5.785521
49	3	2.419939	0.476493	2.079818	4.976251
49	4	2.419939	0.570886	3.228285	6.219110
49	5	2.419939	0.550585	2.814996	5.785521
49	6	2.419939	0.426503	1.583795	4.430237
49	7	2.419939	0.557864	2.887215	5.865018
49	8	2.419939	0.471744	2.032690	4.924373
49	9	2.419939	0.458771	1.903968	4.782678
49	10	2.419939	0.532472	2.847126	5.799538
49	11	2.419939	0.476493	2.079818	4.976251
49	12	2.419939	0.470036	2.015746	4.905721
49	13	2.419939	0.550585	2.814996	5.785521
49	14	2.419939	0.471744	2.032690	4.924373
49	15	2.419939	0.474325	2.058305	4.952570
49	16	2.419939	0.514475	2.456696	5.391110
49	17	2.419939	0.577987	3.086889	6.084815
49	18	2.419939	0.606698	3.371773	6.398410
49	19	2.419939	0.644954	3.804331	6.869224
49	20	2.419939	0.503495	2.347743	5.271177
49	21	2.419939	0.414288	1.462588	4.296816
49	22	2.419939	0.483389	2.148241	5.051569
49	23	2.419939	0.522036	2.531713	5.473688
49	24	2.419939	0.576035	3.067516	6.063490
49	25	2.419939	0.514475	2.456696	5.391110
49	26	2.419939	0.587684	3.183106	6.190729
49	27	2.419939	0.482610	2.140513	5.043062
49	28	2.419939	0.515747	2.469317	5.405003
49	29	2.419939	0.560271	2.911106	5.891317
49	30	2.419939	0.577859	3.085616	6.083414
49	31	2.419939	0.577987	3.086889	6.084815
49	32	2.419939	0.540460	2.714533	5.674932
49	33	2.419939	0.581063	3.117412	6.118414
49	34	2.419939	0.540460	2.714533	5.674932
49	35	2.419939	0.508421	2.396620	5.324980
49	36	2.419939	0.540460	2.714533	5.674932
49	37	2.419939	0.439423	1.711986	4.571348
49	38	2.419939	0.573714	3.044495	6.038148
49	39	2.419939	0.593434	3.240162	6.253535
49	40	2.419939	0.589946	3.205552	6.215437
49	41	2.419939	0.576035	3.067516	6.063490
49	42	2.419939	0.508421	2.396620	5.324980
49	43	2.419939	0.573112	3.038514	6.031565
49	44	2.419939	0.568541	2.993163	5.981644
49	45	2.419939	0.528210	2.592975	5.541124
49	46	2.419939	0.497095	2.284238	5.201273
49	47	2.419939	0.482452	2.138945	5.041336
49	48	2.419939	0.426503	1.583795	4.430237
49	49	2.419939	0.629918	3.602174	6.652031
49	50	2.419939	0.601994	3.431025	6.452958
49	51	2.419939	0.477086	2.085696	4.982721
49	52	2.419939	0.495221	2.265642	5.180802
49	53	2.419939	0.579679	3.103678	6.103296
49	54	2.419939	0.582698	3.133630	6.136267
49	55	2.419939	0.570886	3.228285	6.219110
49	56	2.419939	0.579679	3.103678	6.103296
49	57	2.419939	0.557864	2.887215	5.865018
49	58	2.419939	0.551155	2.820647	5.791741
49	59	2.419939	0.439423	1.711986	4.571348
49	60	2.419939	0.582698	3.133630	6.136267
49	61	2.419939	0.599408	3.299436	6.318783
49	62	2.419939	0.477086	2.085696	4.982721
49	63	2.419939	0.543273	2.742441	5.705653
49	64	2.419939	0.579679	3.103678	6.103296
49	65	2.419939	0.426503	1.583795	4.430237
49	66	2.419939	0.551657	2.825628	5.797224
49	67	2.419939	0.551155	2.820647	5.791741
49	68	2.419939	0.444912	1.766449	4.631300
49	69	2.419939	0.482452	2.138945	5.041336
49	70	2.419939	0.489801	2.211867	5.121608
49	71	2.419939	0.463882	1.954684	4.838506
49	72	2.419939	0.476493	2.079818	4.976251
49	73	2.419939	0.568541	2.993163	5.981644
49	74	2.419939	0.545851	2.768020	5.733810
49	75	2.419939	0.503495	2.347743	5.271177
49	76	2.419939	0.533235	2.642838	5.596012
49	77	2.419939	0.439423	1.711986	4.571348
49	78	2.419939	0.600741	3.365633	6.386313
49	79	2.419939	0.489756	2.211414	5.121109
49	80	2.419939	0.611478	3.631059	6.662476
49	81	2.419939	0.611478	3.631059	6.662476
49	82	2.419939	0.544588	2.755490	5.720018
49	83	2.419939	0.474325	2.058305	4.952570
49	84	2.419939	0.606698	3.371773	6.398410
49	85	2.419939	0.548930	2.798568	5.767436
49	86	2.419939	0.470036	2.015746	4.905721
49	87	2.419939	0.580571	3.271416	6.271926
49	88	2.419939	0.439423	1.711986	4.571348
49	89	2.419939	0.520053	2.935748	5.875740
49	90	2.419939	0.538798	2.698036	5.656773
49	91	2.419939	0.458771	1.903968	4.782678
49	92	2.419939	0.553362	2.842550	5.815852
49	93	2.419939	0.457933	1.895651	4.773523
49	94	2.419939	0.560480	2.913179	5.893599
49	95	2.419939	0.551657	2.825628	5.797224
49	96	2.419939	0.414288	1.462588	4.296816
49	97	2.419939	0.577859	3.085616	6.083414
49	98	2.419939	0.483389	2.148241	5.051569
49	99	2.419939	0.521895	2.530316	5.472150
