replicate	universe	detection_yr	orbit_yr	char_yr	total_yr
100	0	3.483436	0.613961	3.443840	7.541237
100	1	3.483436	0.600419	3.309466	7.393321
100	2	3.483436	0.644493	3.746793	7.874723
100	3	3.483436	0.583829	3.144856	7.212122
100	4	3.483436	0.613961	3.443840	7.541237
100	5	3.483436	0.536720	2.677415	6.697572
100	6	3.483436	0.547696	2.786325	6.817457
100	7	3.483436	0.587679	3.183063	7.254179
100	8	3.483436	0.555726	2.866002	6.905164
100	9	3.483436	0.581474	3.386305	7.451215
100	10	3.483436	0.752051	4.814040	9.049527
100	11	3.483436	0.636061	3.663129	7.782627
100	12	3.483436	0.581700	3.123735	7.188872
100	13	3.483436	0.514790	2.459813	6.458039
100	14	3.483436	0.583829	3.144856	7.212122
100	15	3.483436	0.609531	3.399880	7.492847
100	16	3.483436	0.568063	2.988417	7.039916
100	17	3.483436	0.514790	2.459813	6.458039
100	18	3.483436	0.499236	2.305482	6.288154
100	19	3.483436	0.628383	3.586943	7.698762
100	20	3.483436	0.546865	3.095861	7.126162
100	21	3.483436	0.474561	2.060650	6.018648
100	22	3.483436	0.614866	3.717641	7.815944
100	23	3.483436	0.668472	3.984731	8.136640
100	24	3.483436	0.604930	3.619047	7.707413
100	25	3.483436	0.534736	2.657732	6.675905
100	26	3.483436	0.511300	2.425187	6.419923
100	27	3.483436	0.561456	3.240648	7.285541
100	28	3.483436	0.511300	2.425187	6.419923
100	29	3.483436	0.566050	2.968447	7.017934
100	30	3.483436	0.654419	3.845284	7.983140
100	31	3.483436	0.505552	2.368151	6.357140
100	32	3.483436	0.628000	3.583140	7.694576
100	33	3.483436	0.434851	1.666622	5.584910
100	34	3.483436	0.636061	3.663129	7.782627
100	35	3.483436	0.518168	2.493331	6.494935
100	36	3.483436	0.549956	2.808751	6.842144
100	37	3.483436	0.600419	3.309466	7.393321
100	38	3.483436	0.629545	3.598478	7.711460
100	39	3.483436	0.654419	3.845284	7.983140
100	40	3.483436	0.585271	3.159168	7.227875
100	41	3.483436	0.637731	3.679697	7.800864
100	42	3.483436	0.633966	3.642346	7.759749
100	43	3.483436	0.682778	4.126681	8.292896
100	44	3.483436	0.613961	3.443840	7.541237
100	45	3.483436	0.515708	2.468926	6.468070
100	46	3.483436	0.727135	4.566812	8.777384
100	47	3.483436	0.770449	5.049555	9.303441
100	48	3.483436	0.547696	2.786325	6.817457
100	49	3.483436	0.592141	3.227333	7.302911
100	50	3.483436	0.732464	4.619691	8.835592
100	51	3.483436	0.609531	3.399880	7.492847
100	52	3.483436	0.519051	2.502098	6.504585
100	53	3.483436	0.566050	2.968447	7.017934
100	54	3.483436	0.494916	2.262619	6.240972
100	55	3.483436	0.588559	3.191788	7.263783
100	56	3.483436	0.633268	3.635414	7.752118
100	57	3.483436	0.644493	3.746793	7.874723
100	58	3.483436	0.553133	2.840271	6.876841
100	59	3.483436	0.534736	2.657732	6.675905
100	60	3.483436	0.568188	2.989659	7.041284
100	61	3.483436	0.565403	2.962028	7.010868
100	62	3.483436	0.654419	3.845284	7.983140
100	63	3.483436	0.585652	3.162948	7.232037
100	64	3.483436	0.599572	3.301066	7.384074
100	65	3.483436	0.519051	2.502098	6.504585
100	66	3.483436	0.519051	2.502098	6.504585
100	67	3.483436	0.569851	3.429871	7.483158
100	68	3.483436	0.548786	2.797139	6.829362
100	69	3.483436	0.553133	2.840271	6.876841
100	70	3.483436	0.568063	2.988417	7.039916
100	71	3.483436	0.555726	2.866002	6.905164
100	72	3.483436	0.628383	3.586943	7.698762
100	73	3.483436	0.581206	3.118827	7.183470
100	74	3.483436	0.505418	2.366829	6.355684
100	75	3.483436	0.547696	2.786325	6.817457
100	76	3.483436	0.494916	2.262619	6.240972
100	77	3.483436	0.569851	3.429871	7.483158
100	78	3.483436	0.499236	2.305482	6.288154
100	79	3.483436	0.628383	3.586943	7.698762
100	80	3.483436	0.636061	3.663129	7.782627
100	81	3.483436	0.654419	3.845284	7.983140
100	82	3.483436	0.499236	2.305482	6.288154
100	83	3.483436	0.515708	2.468926	6.468070
100	84	3.483436	0.548786	2.797139	6.829362
100	85	3.483436	0.474561	2.060650	6.018648
100	86	3.483436	0.630316	3.659091	7.772843
100	87	3.483436	0.591666	3.222621	7.297724
100	88	3.483436	0.636061	3.663129	7.782627
100	89	3.483436	0.591666	3.222621	7.297724
100	90	3.483436	0.582960	3.136238	7.202634
100	91	3.483436	0.632218	3.624994	7.740648
100	92	3.483436	0.548786	2.797139	6.829362
100	93	3.483436	0.566050	2.968447	7.017934
100	94	3.483436	0.591666	3.222621	7.297724
100	95	3.483436	0.537529	3.109157	7.130122
100	96	3.483436	0.514790	2.459813	6.458039
100	97	3.483436	0.682778	4.126681	8.292896
100	98	3.483436	0.568188	2.989659	7.041284
100	99	3.483436	0.603657	3.341600	7.428693
101	0	3.377665	0.491332	2.227059	6.096056
101	1	3.377665	0.518278	2.494423	6.390365
101	2	3.377665	0.535201	2.662342	6.575207
101	3	3.377665	0.506284	2.375413	6.259362
101	4	3.377665	0.518578	2.497400	6.393642
101	5	3.377665	0.531884	2.629431	6.538979
101	6	3.377665	0.541037	2.720251	6.638952
101	7	3.377665	0.686165	4.160290	8.224120
101	8	3.377665	0.684488	4.143649	8.205802
101	9	3.377665	0.689653	4.194897	8.262215
101	10	3.377665	0.643244	3.734400	7.755308
101	11	3.377665	0.518278	2.494423	6.390365
101	12	3.377665	0.631807	3.620923	7.630395
101	13	3.377665	0.720520	4.501174	8.599359
101	14	3.377665	0.643244	3.734400	7.755308
101	15	3.377665	0.518278	2.494423	6.390365
101	16	3.377665	0.595690	3.262548	7.235903
101	17	3.377665	0.658673	3.940462	7.976800
101	18	3.377665	0.516590	2.477676	6.371930
101	19	3.377665	0.541037	2.720251	6.638952
101	20	3.377665	0.570985	3.017408	6.966057
101	21	3.377665	0.563545	2.943591	6.884800
101	22	3.377665	0.516590	2.477676	6.371930
101	23	3.377665	0.684488	4.143649	8.205802
101	24	3.377665	0.578180	3.088801	7.044645
101	25	3.377665	0.689653	4.194897	8.262215
101	26	3.377665	0.630953	3.612440	7.621057
101	27	3.377665	0.520666	2.518125	6.416456
101	28	3.377665	0.595690	3.262548	7.235903
101	29	3.377665	0.446515	1.782356	5.606535
101	30	3.377665	0.624934	3.552724	7.555323
101	31	3.377665	0.550586	2.815002	6.743253
101	32	3.377665	0.519422	2.505783	6.402870
101	33	3.377665	0.605933	3.364181	7.347778
101	34	3.377665	0.602428	3.329404	7.309497
101	35	3.377665	0.576147	3.068635	7.022447
101	36	3.377665	0.579691	3.103802	7.061158
101	37	3.377665	0.617266	3.476637	7.471567
101	38	3.377665	0.601389	3.319097	7.298150
101	39	3.377665	0.575112	3.058366	7.011143
101	40	3.377665	0.689653	4.194897	8.262215
101	41	3.377665	0.597822	3.283698	7.259184
101	42	3.377665	0.523870	2.814735	6.716269
101	43	3.377665	0.535864	2.668929	6.582458
101	44	3.377665	0.610229	3.406814	7.394708
101	45	3.377665	0.540739	2.717296	6.635699
101	46	3.377665	0.570985	3.017408	6.966057
101	47	3.377665	0.600324	3.308524	7.286512
101	48	3.377665	0.624080	3.544245	7.545989
101	49	3.377665	0.502528	2.338148	6.218340
101	50	3.377665	0.726160	4.557139	8.660964
101	51	3.377665	0.491332	2.227059	6.096056
101	52	3.377665	0.625531	3.664570	7.667765
101	53	3.377665	0.612133	3.425703	7.415500
101	54	3.377665	0.642871	3.783668	7.804204
101	55	3.377665	0.541709	2.726921	6.646295
101	56	3.377665	0.508121	2.393641	6.279426
101	57	3.377665	0.518610	2.921431	6.817706
101	58	3.377665	0.586094	3.379187	7.342945
101	59	3.377665	0.519007	2.501657	6.398328
101	60	3.377665	0.613250	3.436786	7.427700
101	61	3.377665	0.535201	2.662342	6.575207
101	62	3.377665	0.532766	2.638187	6.548618
101	63	3.377665	0.577440	3.081462	7.036567
101	64	3.377665	0.624080	3.544245	7.545989
101	65	3.377665	0.491332	2.227059	6.096056
101	66	3.377665	0.589274	3.198881	7.165819
101	67	3.377665	0.536222	3.096186	7.010072
101	68	3.377665	0.602428	3.329404	7.309497
101	69	3.377665	0.579691	3.103802	7.061158
101	70	3.377665	0.577440	3.081462	7.036567
101	71	3.377665	0.618513	3.489008	7.485186
101	72	3.377665	0.502528	2.338148	6.218340
101	73	3.377665	0.472686	2.042041	5.892392
101	74	3.377665	0.535864	2.668929	6.582458
101	75	3.377665	0.630953	3.612440	7.621057
101	76	3.377665	0.595690	3.262548	7.235903
101	77	3.377665	0.585759	3.375862	7.339285
101	78	3.377665	0.618513	3.489008	7.485186
101	79	3.377665	0.518278	2.494423	6.390365
101	80	3.377665	0.631807	3.620923	7.630395
101	81	3.377665	0.486962	2.183692	6.048319
101	82	3.377665	0.664744	3.947736	7.990144
101	83	3.377665	0.649434	3.795820	7.822918
101	84	3.377665	0.502551	2.338375	6.218590
101	85	3.377665	0.658673	3.940462	7.976800
101	86	3.377665	0.593255	3.238387	7.209307
101	87	3.377665	0.684488	4.143649	8.205802
101	88	3.377665	0.631807	3.620923	7.630395
101	89	3.377665	0.573967	3.047004	6.998636
101	90	3.377665	0.541709	2.726921	6.646295
101	91	3.377665	0.595690	3.262548	7.235903
101	92	3.377665	0.491332	2.227059	6.096056
101	93	3.377665	0.520666	2.518125	6.416456
101	94	3.377665	0.563927	2.947379	6.888970
101	95	3.377665	0.568933	2.997052	6.943650
101	96	3.377665	0.658673	3.940462	7.976800
101	97	3.377665	0.550821	2.817334	6.745819
101	98	3.377665	0.516829	2.480050	6.374544
101	99	3.377665	0.684488	4.143649	8.205802
102	0	3.367513	0.435892	1.676951	5.480355
102	1	3.367513	0.637328	3.675705	7.680546
102	2	3.367513	0.515943	2.471257	6.354712
102	3	3.367513	0.694821	4.246175	8.308509
102	4	3.367513	0.641489	3.716991	7.725993
102	5	3.367513	0.553263	2.841570	6.762346
102	6	3.367513	0.601400	3.319207	7.288120
102	7	3.367513	0.658856	3.889313	7.915682
102	8	3.367513	0.583457	3.141162	7.092131
102	9	3.367513	0.733219	4.627184	8.727916
102	10	3.367513	0.694821	4.246175	8.308509
102	11	3.367513	0.659680	3.897490	7.924682
102	12	3.367513	0.589442	3.200556	7.157511
102	13	3.367513	0.640848	3.710627	7.718987
102	14	3.367513	0.549014	2.799401	6.715927
102	15	3.367513	0.552473	2.833730	6.753715
102	16	3.367513	0.538949	2.699538	6.606000
102	17	3.367513	0.619831	3.502085	7.489429
102	18	3.367513	0.591343	3.219416	7.178272
102	19	3.367513	0.479234	2.530719	6.377465
102	20	3.367513	0.603096	3.336031	7.306639
102	21	3.367513	0.607807	3.382783	7.358103
102	22	3.367513	0.523068	2.541959	6.432540
102	23	3.367513	0.536879	2.679000	6.583392
102	24	3.367513	0.634587	3.648508	7.650608
102	25	3.367513	0.552473	2.833730	6.753715
102	26	3.367513	0.493243	2.246016	6.106771
102	27	3.367513	0.599593	3.301278	7.268384
102	28	3.367513	0.660937	3.909965	7.938415
102	29	3.367513	0.659680	3.897490	7.924682
102	30	3.367513	0.611464	3.419069	7.398046
102	31	3.367513	0.641711	3.719190	7.728413
102	32	3.367513	0.584743	3.312816	7.265071
102	33	3.367513	0.528733	2.598169	6.494415
102	34	3.367513	0.544365	2.753278	6.665156
102	35	3.367513	0.641086	3.712986	7.721585
102	36	3.367513	0.702230	4.319688	8.389431
102	37	3.367513	0.509843	2.410735	6.288091
102	38	3.367513	0.523068	2.541959	6.432540
102	39	3.367513	0.668604	3.986039	8.022156
102	40	3.367513	0.514620	2.458129	6.340261
102	41	3.367513	0.595281	3.258492	7.221286
102	42	3.367513	0.514620	2.458129	6.340261
102	43	3.367513	0.696179	4.312613	8.376304
102	44	3.367513	0.619831	3.502085	7.489429
102	45	3.367513	0.595694	3.262586	7.225793
102	46	3.367513	0.498690	2.300062	6.166264
102	47	3.367513	0.593880	3.244590	7.205982
102	48	3.367513	0.529446	2.605246	6.502205
102	49	3.367513	0.593985	3.245628	7.207125
102	50	3.367513	0.565662	2.964598	6.897773
102	51	3.367513	0.515943	2.471257	6.354712
102	52	3.367513	0.597472	3.280235	7.245220
102	53	3.367513	0.625945	3.827571	7.821029
102	54	3.367513	0.565981	3.285539	7.219033
102	55	3.367513	0.565981	3.285539	7.219033
102	56	3.367513	0.507195	2.384461	6.259169
102	57	3.367513	0.498690	2.300062	6.166264
102	58	3.367513	0.658856	3.889313	7.915682
102	59	3.367513	0.599098	3.296364	7.262974
102	60	3.367513	0.428835	2.401388	6.197735
102	61	3.367513	0.565315	2.961149	6.893976
102	62	3.367513	0.634717	3.649789	7.652018
102	63	3.367513	0.666849	3.968627	8.002989
102	64	3.367513	0.493243	2.246016	6.106771
102	65	3.367513	0.538949	2.699538	6.606000
102	66	3.367513	0.565662	2.964598	6.897773
102	67	3.367513	0.519971	2.511226	6.398710
102	68	3.367513	0.660937	3.909965	7.938415
102	69	3.367513	0.519971	2.511226	6.398710
102	70	3.367513	0.686921	4.220754	8.275188
102	71	3.367513	0.519971	2.511226	6.398710
102	72	3.367513	0.603096	3.336031	7.306639
102	73	3.367513	0.605493	3.359815	7.332821
102	74	3.367513	0.659680	3.897490	7.924682
102	75	3.367513	0.637328	3.675705	7.680546
102	76	3.367513	0.666849	3.968627	8.002989
102	77	3.367513	0.631791	3.620764	7.620068
102	78	3.367513	0.690242	4.200739	8.258494
102	79	3.367513	0.592552	3.231411	7.191476
102	80	3.367513	0.507195	2.384461	6.259169
102	81	3.367513	0.658256	4.042253	8.068022
102	82	3.367513	0.552473	2.833730	6.753715
102	83	3.367513	0.680910	4.108146	8.156569
102	84	3.367513	0.593985	3.245628	7.207125
102	85	3.367513	0.610790	3.412378	7.390681
102	86	3.367513	0.528733	2.598169	6.494415
102	87	3.367513	0.634717	3.649789	7.652018
102	88	3.367513	0.514139	2.453359	6.335011
102	89	3.367513	0.589442	3.200556	7.157511
102	90	3.367513	0.617695	3.480895	7.466103
102	91	3.367513	0.519971	2.511226	6.398710
102	92	3.367513	0.617695	3.480895	7.466103
102	93	3.367513	0.435892	1.676951	5.480355
102	94	3.367513	0.605493	3.359815	7.332821
102	95	3.367513	0.498690	2.300062	6.166264
102	96	3.367513	0.514620	2.458129	6.340261
102	97	3.367513	0.536879	2.679000	6.583392
102	98	3.367513	0.696179	4.312613	8.376304
102	99	3.367513	0.562643	2.934640	6.864795
103	0	3.271494	0.588602	3.192217	7.052313
103	1	3.271494	0.539011	2.700146	6.510651
103	2	3.271494	0.602940	3.334489	7.208924
103	3	3.271494	0.495333	2.266757	6.033584
103	4	3.271494	0.677066	4.070003	8.018564
103	5	3.271494	0.474934	2.064344	5.810772
103	6	3.271494	0.659052	3.891262	7.821808
103	7	3.271494	0.474934	2.064344	5.810772
103	8	3.271494	0.608493	3.389587	7.269575
103	9	3.271494	0.661633	3.916865	7.849992
103	10	3.271494	0.599792	3.303247	7.174533
103	11	3.271494	0.504114	2.353881	6.129489
103	12	3.271494	0.669156	3.991513	7.932164
103	13	3.271494	0.635137	3.653958	7.560589
103	14	3.271494	0.590723	3.531046	7.393263
103	15	3.271494	0.535907	2.669348	6.476749
103	16	3.271494	0.745603	4.750064	8.767161
103	17	3.271494	0.676838	4.067741	8.016074
103	18	3.271494	0.584089	3.147433	7.003016
103	19	3.271494	0.681992	4.118877	8.072363
103	20	3.271494	0.500207	2.315118	6.086819
103	21	3.271494	0.643631	3.791208	7.706334
103	22	3.271494	0.495333	2.266757	6.033584
103	23	3.271494	0.557733	2.885918	6.715145
103	24	3.271494	0.659052	3.891262	7.821808
103	25	3.271494	0.588602	3.192217	7.052313
103	26	3.271494	0.592278	3.228694	7.092467
103	27	3.271494	0.544767	2.757262	6.573523
103	28	3.271494	0.437229	1.690222	5.398945
103	29	3.271494	0.608493	3.389587	7.269575
103	30	3.271494	0.676838	4.067741	8.016074
103	31	3.271494	0.588602	3.192217	7.052313
103	32	3.271494	0.557733	2.885918	6.715145
103	33	3.271494	0.519430	2.505861	6.296786
103	34	3.271494	0.592278	3.228694	7.092467
103	35	3.271494	0.544360	2.753227	6.569081
103	36	3.271494	0.504165	2.354387	6.130046
103	37	3.271494	0.579199	3.098916	6.949609
103	38	3.271494	0.504165	2.354387	6.130046
103	39	3.271494	0.594835	3.254059	7.120388
103	40	3.271494	0.525132	2.562432	6.359058
103	41	3.271494	0.516570	2.477476	6.265540
103	42	3.271494	0.529918	2.609925	6.411337
103	43	3.271494	0.555770	2.866444	6.693708
103	44	3.271494	0.575923	3.066414	6.913832
103	45	3.271494	0.664130	3.941643	7.877268
103	46	3.271494	0.634338	3.646031	7.551863
103	47	3.271494	0.590723	3.531046	7.393263
103	48	3.271494	0.555770	2.866444	6.693708
103	49	3.271494	0.657105	3.871937	7.800537
103	50	3.271494	0.525132	2.562432	6.359058
103	51	3.271494	0.700136	4.298911	8.270541
103	52	3.271494	0.534825	2.658615	6.464935
103	53	3.271494	0.700136	4.298911	8.270541
103	54	3.271494	0.701764	4.315066	8.288325
103	55	3.271494	0.524729	2.558437	6.354661
103	56	3.271494	0.500207	2.315118	6.086819
103	57	3.271494	0.529918	2.609925	6.411337
103	58	3.271494	0.564376	2.951840	6.787710
103	59	3.271494	0.598761	3.293015	7.163270
103	60	3.271494	0.664130	3.941643	7.877268
103	61	3.271494	0.611751	3.421914	7.305160
103	62	3.271494	0.610184	3.565258	7.446936
103	63	3.271494	0.681992	4.118877	8.072363
103	64	3.271494	0.592055	3.226481	7.090031
103	65	3.271494	0.635137	3.653958	7.560589
103	66	3.271494	0.599792	3.303247	7.174533
103	67	3.271494	0.677066	4.070003	8.018564
103	68	3.271494	0.504114	2.353881	6.129489
103	69	3.271494	0.598549	3.290920	7.160964
103	70	3.271494	0.535907	2.669348	6.476749
103	71	3.271494	0.583965	3.146210	7.001670
103	72	3.271494	0.512421	2.436308	6.220223
103	73	3.271494	0.681992	4.118877	8.072363
103	74	3.271494	0.592278	3.228694	7.092467
103	75	3.271494	0.620822	3.511917	7.404233
103	76	3.271494	0.704648	4.449614	8.425757
103	77	3.271494	0.538541	2.695482	6.505517
103	78	3.271494	0.598549	3.290920	7.160964
103	79	3.271494	0.477748	2.621905	6.371147
103	80	3.271494	0.519430	2.505861	6.296786
103	81	3.271494	0.661633	3.916865	7.849992
103	82	3.271494	0.566205	2.969981	6.807681
103	83	3.271494	0.539011	2.700146	6.510651
103	84	3.271494	0.551490	2.823971	6.646955
103	85	3.271494	0.620691	3.563588	7.455774
103	86	3.271494	0.519430	2.505861	6.296786
103	87	3.271494	0.544767	2.757262	6.573523
103	88	3.271494	0.512421	2.436308	6.220223
103	89	3.271494	0.677066	4.070003	8.018564
103	90	3.271494	0.524156	2.552756	6.348406
103	91	3.271494	0.576361	3.070751	6.918606
103	92	3.271494	0.544767	2.757262	6.573523
103	93	3.271494	0.669156	3.991513	7.932164
103	94	3.271494	0.544721	3.180517	6.996732
103	95	3.271494	0.649266	3.794159	7.714919
103	96	3.271494	0.611380	3.788979	7.671853
103	97	3.271494	0.583965	3.146210	7.001670
103	98	3.271494	0.584291	3.149438	7.005223
103	99	3.271494	0.529918	2.609925	6.411337
104	0	3.463743	0.616811	3.472117	7.552670
104	1	3.463743	0.605891	3.363763	7.433396
104	2	3.463743	0.611197	3.416418	7.491357
104	3	3.463743	0.610226	3.406778	7.480746
104	4	3.463743	0.499311	2.306230	6.269284
104	5	3.463743	0.755307	4.846345	9.065394
104	6	3.463743	0.573293	3.040317	7.077353
104	7	3.463743	0.622596	3.794343	7.880682
104	8	3.463743	0.596805	3.273614	7.334161
104	9	3.463743	0.437166	1.689596	5.590505
104	10	3.463743	0.605518	3.730816	7.800076
104	11	3.463743	0.459405	1.910256	5.833403
104	12	3.463743	0.565007	2.958099	6.986849
104	13	3.463743	0.514824	2.936830	6.915397
104	14	3.463743	0.755307	4.846345	9.065394
104	15	3.463743	0.562908	2.937269	6.963920
104	16	3.463743	0.556187	2.870580	6.890509
104	17	3.463743	0.587647	3.182742	7.234131
104	18	3.463743	0.748177	4.775601	8.987520
104	19	3.463743	0.605891	3.363763	7.433396
104	20	3.463743	0.573293	3.040317	7.077353
104	21	3.463743	0.610226	3.406778	7.480746
104	22	3.463743	0.587647	3.182742	7.234131
104	23	3.463743	0.609992	3.404458	7.478192
104	24	3.463743	0.508774	2.400124	6.372641
104	25	3.463743	0.517973	2.491406	6.473122
104	26	3.463743	0.644829	3.750128	7.858700
104	27	3.463743	0.587647	3.182742	7.234131
104	28	3.463743	0.592484	3.230739	7.286965
104	29	3.463743	0.495917	2.272554	6.232214
104	30	3.463743	0.661393	3.914486	8.039622
104	31	3.463743	0.595192	3.257604	7.316539
104	32	3.463743	0.520355	2.515038	6.499136
104	33	3.463743	0.528354	2.594408	6.586505
104	34	3.463743	0.561559	2.923878	6.949179
104	35	3.463743	0.596513	3.270716	7.330972
104	36	3.463743	0.572964	3.037050	7.073756
104	37	3.463743	0.573293	3.040317	7.077353
104	38	3.463743	0.459405	1.910256	5.833403
104	39	3.463743	0.556187	2.870580	6.890509
104	40	3.463743	0.553133	2.840276	6.857151
104	41	3.463743	0.586230	3.486460	7.536432
104	42	3.463743	0.562487	2.933090	6.959320
104	43	3.463743	0.611197	3.416418	7.491357
104	44	3.463743	0.644829	3.750128	7.858700
104	45	3.463743	0.602795	3.333045	7.399582
104	46	3.463743	0.610226	3.406778	7.480746
104	47	3.463743	0.632722	3.682964	7.779429
104	48	3.463743	0.520355	2.515038	6.499136
104	49	3.463743	0.459405	1.910256	5.833403
104	50	3.463743	0.644829	3.750128	7.858700
104	51	3.463743	0.508774	2.400124	6.372641
104	52	3.463743	0.539001	2.700048	6.702791
104	53	3.463743	0.753843	4.831817	9.049402
104	54	3.463743	0.537048	2.680677	6.681468
104	55	3.463743	0.522841	2.539702	6.526286
104	56	3.463743	0.499572	2.308821	6.272136
104	57	3.463743	0.499572	2.308821	6.272136
104	58	3.463743	0.563641	2.944541	6.971925
104	59	3.463743	0.687984	4.178335	8.330062
104	60	3.463743	0.558529	2.893819	6.916090
104	61	3.463743	0.602795	3.333045	7.399582
104	62	3.463743	0.616811	3.472117	7.552670
104	63	3.463743	0.537048	2.680677	6.681468
104	64	3.463743	0.617557	3.479527	7.560827
104	65	3.463743	0.561559	2.923878	6.949179
104	66	3.463743	0.596805	3.273614	7.334161
104	67	3.463743	0.605602	3.360903	7.430248
104	68	3.463743	0.692718	4.331232	8.487693
104	69	3.463743	0.519352	2.505080	6.488174
104	70	3.463743	0.616811	3.472117	7.552670
104	71	3.463743	0.562487	2.933090	6.959320
104	72	3.463743	0.722483	4.520648	8.706873
104	73	3.463743	0.591964	3.225573	7.281280
104	74	3.463743	0.661393	3.914486	8.039622
104	75	3.463743	0.499311	2.306230	6.269284
104	76	3.463743	0.573293	3.040317	7.077353
104	77	3.463743	0.602795	3.333045	7.399582
104	78	3.463743	0.563641	2.944541	6.971925
104	79	3.463743	0.565007	2.958099	6.986849
104	80	3.463743	0.592484	3.230739	7.286965
104	81	3.463743	0.576418	3.071322	7.111482
104	82	3.463743	0.694223	4.293207	8.451172
104	83	3.463743	0.644829	3.750128	7.858700
104	84	3.463743	0.626192	3.565204	7.655139
104	85	3.463743	0.499572	2.308821	6.272136
104	86	3.463743	0.565007	2.958099	6.986849
104	87	3.463743	0.584810	3.631265	7.679818
104	88	3.463743	0.657755	3.878393	7.999891
104	89	3.463743	0.513290	2.444934	6.421966
104	90	3.463743	0.616208	3.519103	7.599054
104	91	3.463743	0.437166	1.689596	5.590505
104	92	3.463743	0.565692	2.964896	6.994331
104	93	3.463743	0.499572	2.308821	6.272136
104	94	3.463743	0.562908	2.937269	6.963920
104	95	3.463743	0.507252	2.861695	6.832690
104	96	3.463743	0.565692	2.964896	6.994331
104	97	3.463743	0.583101	3.137636	7.184480
104	98	3.463743	0.517973	2.491406	6.473122
104	99	3.463743	0.687984	4.178335	8.330062
105	0	3.487999	0.482759	2.141987	6.112744
105	1	3.487999	0.530417	2.614880	6.633296
105	2	3.487999	0.574777	3.055036	7.117811
105	3	3.487999	0.530999	3.044364	7.063362
105	4	3.487999	0.683494	4.133779	8.305272
105	5	3.487999	0.558841	2.896913	6.943752
105	6	3.487999	0.628322	3.586340	7.702660
105	7	3.487999	0.634772	3.650336	7.773106
105	8	3.487999	0.642003	3.722089	7.852091
105	9	3.487999	0.503497	2.347760	6.339255
105	10	3.487999	0.499734	2.310420	6.298153
105	11	3.487999	0.516852	2.480282	6.485134
105	12	3.487999	0.534495	2.655338	6.677831
105	13	3.487999	0.447147	1.788627	5.723773
105	14	3.487999	0.577961	3.086629	7.152588
105	15	3.487999	0.594921	3.254920	7.337840
105	16	3.487999	0.616744	3.471455	7.576198
105	17	3.487999	0.559586	2.904306	6.951891
105	18	3.487999	0.665490	3.955138	8.108626
105	19	3.487999	0.536412	2.674363	6.698773
105	20	3.487999	0.464226	1.958096	5.910321
105	21	3.487999	0.657447	3.875327	8.020773
105	22	3.487999	0.594921	3.254920	7.337840
105	23	3.487999	0.657447	3.875327	8.020773
105	24	3.487999	0.594921	3.254920	7.337840
105	25	3.487999	0.659854	3.899213	8.047066
105	26	3.487999	0.500430	2.317333	6.305762
105	27	3.487999	0.572760	3.035024	7.095783
105	28	3.487999	0.536412	2.674363	6.698773
105	29	3.487999	0.625466	3.558004	7.671469
105	30	3.487999	0.628322	3.586340	7.702660
105	31	3.487999	0.482759	2.141987	6.112744
105	32	3.487999	0.516559	2.477371	6.481928
105	33	3.487999	0.618676	3.490622	7.597296
105	34	3.487999	0.572091	3.028390	7.088480
105	35	3.487999	0.618676	3.490622	7.597296
105	36	3.487999	0.499734	2.310420	6.298153
105	37	3.487999	0.611176	3.416203	7.515377
105	38	3.487999	0.464226	1.958096	5.910321
105	39	3.487999	0.542308	2.732863	6.763170
105	40	3.487999	0.564220	2.950291	7.002510
105	41	3.487999	0.500430	2.317333	6.305762
105	42	3.487999	0.624989	3.712159	7.825147
105	43	3.487999	0.658576	4.098390	8.244965
105	44	3.487999	0.447147	1.788627	5.723773
105	45	3.487999	0.600060	3.305912	7.393971
105	46	3.487999	0.567890	2.986698	7.042586
105	47	3.487999	0.574777	3.055036	7.117811
105	48	3.487999	0.579755	3.104434	7.172188
105	49	3.487999	0.632756	3.630332	7.751086
105	50	3.487999	0.580871	3.380323	7.449193
105	51	3.487999	0.541988	2.729690	6.759677
105	52	3.487999	0.632756	3.630332	7.751086
105	53	3.487999	0.620818	3.511875	7.620692
105	54	3.487999	0.628322	3.586340	7.702660
105	55	3.487999	0.618728	3.491144	7.597871
105	56	3.487999	0.541931	2.729121	6.759050
105	57	3.487999	0.657447	3.875327	8.020773
105	58	3.487999	0.658135	3.882163	8.028297
105	59	3.487999	0.621352	3.517183	7.626534
105	60	3.487999	0.597196	3.277493	7.362688
105	61	3.487999	0.594921	3.254920	7.337840
105	62	3.487999	0.656539	4.025209	8.169747
105	63	3.487999	0.671222	4.012018	8.171239
105	64	3.487999	0.471555	2.454530	6.414084
105	65	3.487999	0.542308	2.732863	6.763170
105	66	3.487999	0.641581	3.717906	7.847486
105	67	3.487999	0.530417	2.614880	6.633296
105	68	3.487999	0.729465	4.589932	8.807396
105	69	3.487999	0.577961	3.086629	7.152588
105	70	3.487999	0.574777	3.055036	7.117811
105	71	3.487999	0.621352	3.517183	7.626534
105	72	3.487999	0.671222	4.012018	8.171239
105	73	3.487999	0.621352	3.517183	7.626534
105	74	3.487999	0.501217	2.325138	6.314353
105	75	3.487999	0.540658	2.716492	6.745148
105	76	3.487999	0.516559	2.477371	6.481928
105	77	3.487999	0.618676	3.490622	7.597296
105	78	3.487999	0.566299	2.970914	7.025212
105	79	3.487999	0.577120	3.078287	7.143406
105	80	3.487999	0.577120	3.078287	7.143406
105	81	3.487999	0.589464	3.200769	7.278231
105	82	3.487999	0.557371	2.882327	6.927696
105	83	3.487999	0.581584	3.228507	7.298089
105	84	3.487999	0.671222	4.012018	8.171239
105	85	3.487999	0.503497	2.347760	6.339255
105	86	3.487999	0.634772	3.650336	7.773106
105	87	3.487999	0.558841	2.896913	6.943752
105	88	3.487999	0.618676	3.490622	7.597296
105	89	3.487999	0.464226	1.958096	5.910321
105	90	3.487999	0.575945	3.066626	7.130570
105	91	3.487999	0.513236	2.444400	6.445635
105	92	3.487999	0.559586	2.904306	6.951891
105	93	3.487999	0.541988	2.729690	6.759677
105	94	3.487999	0.632756	3.630332	7.751086
105	95	3.487999	0.574777	3.055036	7.117811
105	96	3.487999	0.611176	3.416203	7.515377
105	97	3.487999	0.624305	3.652404	7.764707
105	98	3.487999	0.516559	2.477371	6.481928
105	99	3.487999	0.604419	3.349163	7.441581
106	0	3.407780	0.519593	2.507480	6.434854
106	1	3.407780	0.578535	3.092323	7.078638
106	2	3.407780	0.482718	2.141582	6.032080
106	3	3.407780	0.499175	2.304882	6.211837
106	4	3.407780	0.524338	2.554560	6.486679
106	5	3.407780	0.580846	3.115258	7.103885
106	6	3.407780	0.574190	3.049211	7.031181
106	7	3.407780	0.647274	3.774391	7.829445
106	8	3.407780	0.649789	3.799347	7.856916
106	9	3.407780	0.574190	3.049211	7.031181
106	10	3.407780	0.740369	4.698124	8.846274
106	11	3.407780	0.620902	3.512711	7.541394
106	12	3.407780	0.687978	4.178279	8.274037
106	13	3.407780	0.460080	1.916959	5.784820
106	14	3.407780	0.534150	2.651916	6.593846
106	15	3.407780	0.603823	3.396213	7.407817
106	16	3.407780	0.422870	1.547743	5.378394
106	17	3.407780	0.482718	2.141582	6.032080
106	18	3.407780	0.591535	3.221315	7.220630
106	19	3.407780	0.620902	3.512711	7.541394
106	20	3.407780	0.561129	2.919619	6.888529
106	21	3.407780	0.512858	2.440645	6.361284
106	22	3.407780	0.559844	2.906863	6.874487
106	23	3.407780	0.487824	2.192245	6.087849
106	24	3.407780	0.534150	2.651916	6.593846
106	25	3.407780	0.534407	2.654467	6.596655
106	26	3.407780	0.638962	3.797844	7.844587
106	27	3.407780	0.536439	2.674633	6.618852
106	28	3.407780	0.511385	2.426029	6.345194
106	29	3.407780	0.649789	3.799347	7.856916
106	30	3.407780	0.563173	2.939897	6.910850
106	31	3.407780	0.624895	3.711228	7.743903
106	32	3.407780	0.524544	2.556606	6.488931
106	33	3.407780	0.558155	2.890108	6.856044
106	34	3.407780	0.629412	3.597154	7.634346
106	35	3.407780	0.629412	3.597154	7.634346
106	36	3.407780	0.604091	3.345907	7.357779
106	37	3.407780	0.591535	3.221315	7.220630
106	38	3.407780	0.576031	3.067479	7.051291
106	39	3.407780	0.548448	2.793785	6.750013
106	40	3.407780	0.617024	3.474234	7.499039
106	41	3.407780	0.638315	3.685498	7.731594
106	42	3.407780	0.536439	2.674633	6.618852
106	43	3.407780	0.649789	3.799347	7.856916
106	44	3.407780	0.535853	2.668820	6.612454
106	45	3.407780	0.460080	1.916959	5.784820
106	46	3.407780	0.554471	2.853557	6.815809
106	47	3.407780	0.577464	3.081699	7.066943
106	48	3.407780	0.553036	2.839317	6.800134
106	49	3.407780	0.528347	2.594339	6.530467
106	50	3.407780	0.578535	3.092323	7.078638
106	51	3.407780	0.647274	3.774391	7.829445
106	52	3.407780	0.511385	2.426029	6.345194
106	53	3.407780	0.535853	2.668820	6.612454
106	54	3.407780	0.687978	4.178279	8.274037
106	55	3.407780	0.534150	2.651916	6.593846
106	56	3.407780	0.607532	3.485977	7.501290
106	57	3.407780	0.699136	4.341952	8.448868
106	58	3.407780	0.578165	3.088655	7.074600
106	59	3.407780	0.549080	2.800059	6.756920
106	60	3.407780	0.521083	2.522264	6.451128
106	61	3.407780	0.562197	2.930215	6.900193
106	62	3.407780	0.505841	2.371018	6.284639
106	63	3.407780	0.647274	3.774391	7.829445
106	64	3.407780	0.524544	2.556606	6.488931
106	65	3.407780	0.674258	4.148066	8.230104
106	66	3.407780	0.620902	3.512711	7.541394
106	67	3.407780	0.628050	3.583637	7.619467
106	68	3.407780	0.598260	3.499900	7.505940
106	69	3.407780	0.640109	3.703292	7.751181
106	70	3.407780	0.422870	1.547743	5.378394
106	71	3.407780	0.674258	4.148066	8.230104
106	72	3.407780	0.638962	3.797844	7.844587
106	73	3.407780	0.534407	2.654467	6.596655
106	74	3.407780	0.524544	2.556606	6.488931
106	75	3.407780	0.599574	3.301090	7.308445
106	76	3.407780	0.617024	3.474234	7.499039
106	77	3.407780	0.583715	3.143722	7.135217
106	78	3.407780	0.511385	2.426029	6.345194
106	79	3.407780	0.553208	2.841016	6.802004
106	80	3.407780	0.565038	2.958398	6.931216
106	81	3.407780	0.688895	4.187377	8.284053
106	82	3.407780	0.553208	2.841016	6.802004
106	83	3.407780	0.580846	3.115258	7.103885
106	84	3.407780	0.680466	4.156705	8.244952
106	85	3.407780	0.537944	2.689564	6.635288
106	86	3.407780	0.710158	4.398357	8.516296
106	87	3.407780	0.665847	3.958679	8.032306
106	88	3.407780	0.580378	3.110613	7.098771
106	89	3.407780	0.487824	2.192245	6.087849
106	90	3.407780	0.591658	3.222539	7.221978
106	91	3.407780	0.514943	2.461332	6.384055
106	92	3.407780	0.649793	3.799388	7.856961
106	93	3.407780	0.591376	3.219745	7.218902
106	94	3.407780	0.628050	3.583637	7.619467
106	95	3.407780	0.508314	2.395559	6.311653
106	96	3.407780	0.567292	2.980773	6.955846
106	97	3.407780	0.480288	2.117469	6.005537
106	98	3.407780	0.576031	3.067479	7.051291
106	99	3.407780	0.524041	2.551607	6.483428
107	0	3.356690	0.551255	2.821638	6.729583
107	1	3.356690	0.606019	3.365037	7.327746
107	2	3.356690	0.593359	3.239414	7.189463
107	3	3.356690	0.645602	3.757800	7.760092
107	4	3.356690	0.620632	3.562996	7.540318
107	5	3.356690	0.700884	4.306338	8.363913
107	6	3.356690	0.576522	3.072355	7.005567
107	7	3.356690	0.731248	4.607626	8.695564
107	8	3.356690	0.551255	2.821638	6.729583
107	9	3.356690	0.606179	3.366627	7.329496
107	10	3.356690	0.635046	3.653058	7.644794
107	11	3.356690	0.584297	3.149505	7.090492
107	12	3.356690	0.606019	3.365037	7.327746
107	13	3.356690	0.564147	2.949561	6.870398
107	14	3.356690	0.635157	3.654159	7.646005
107	15	3.356690	0.628455	3.587662	7.572807
107	16	3.356690	0.648549	3.787040	7.792279
107	17	3.356690	0.568311	2.990876	6.915877
107	18	3.356690	0.535096	2.661304	6.553091
107	19	3.356690	0.564609	2.954147	6.875446
107	20	3.356690	0.612396	3.428313	7.397398
107	21	3.356690	0.606179	3.366627	7.329496
107	22	3.356690	0.562467	3.197707	7.116863
107	23	3.356690	0.718775	4.642751	8.718216
107	24	3.356690	0.628509	3.588194	7.573393
107	25	3.356690	0.650484	4.071056	8.078230
107	26	3.356690	0.618504	3.488917	7.464111
107	27	3.356690	0.666009	3.960291	7.982990
107	28	3.356690	0.661548	3.916021	7.934259
107	29	3.356690	0.606179	3.366627	7.329496
107	30	3.356690	0.648549	3.787040	7.792279
107	31	3.356690	0.520445	2.515931	6.393066
107	32	3.356690	0.565931	3.285047	7.207668
107	33	3.356690	0.564545	2.953512	6.874747
107	34	3.356690	0.635046	3.653058	7.644794
107	35	3.356690	0.700884	4.306338	8.363913
107	36	3.356690	0.550165	2.810826	6.717681
107	37	3.356690	0.689650	4.194867	8.241207
107	38	3.356690	0.608039	3.385085	7.349814
107	39	3.356690	0.630600	3.608938	7.596228
107	40	3.356690	0.503693	2.349707	6.210090
107	41	3.356690	0.607020	3.374971	7.338681
107	42	3.356690	0.508863	2.401010	6.266563
107	43	3.356690	0.602987	3.334950	7.294626
107	44	3.356690	0.657055	3.871447	7.885192
107	45	3.356690	0.635046	3.653058	7.644794
107	46	3.356690	0.550165	2.810826	6.717681
107	47	3.356690	0.588383	3.190047	7.135120
107	48	3.356690	0.546129	2.770777	6.673596
107	49	3.356690	0.509943	2.411727	6.278361
107	50	3.356690	0.612396	3.428313	7.397398
107	51	3.356690	0.631367	3.616551	7.604608
107	52	3.356690	0.564147	2.949561	6.870398
107	53	3.356690	0.649833	4.064603	8.071126
107	54	3.356690	0.540483	2.714753	6.611926
107	55	3.356690	0.508863	2.401010	6.266563
107	56	3.356690	0.628509	3.588194	7.573393
107	57	3.356690	0.546196	2.771442	6.674328
107	58	3.356690	0.611655	3.420963	7.389308
107	59	3.356690	0.628455	3.587662	7.572807
107	60	3.356690	0.645602	3.757800	7.760092
107	61	3.356690	0.564545	2.953512	6.874747
107	62	3.356690	0.550165	2.810826	6.717681
107	63	3.356690	0.650484	4.071056	8.078230
107	64	3.356690	0.602987	3.334950	7.294626
107	65	3.356690	0.648549	3.787040	7.792279
107	66	3.356690	0.562140	2.929651	6.848482
107	67	3.356690	0.590892	3.214938	7.162520
107	68	3.356690	0.625306	3.556408	7.538404
107	69	3.356690	0.615675	3.672708	7.645073
107	70	3.356690	0.661548	3.916021	7.934259
107	71	3.356690	0.661548	3.916021	7.934259
107	72	3.356690	0.582315	3.129836	7.068841
107	73	3.356690	0.602987	3.334950	7.294626
107	74	3.356690	0.598282	3.288266	7.243238
107	75	3.356690	0.627056	3.573778	7.557524
107	76	3.356690	0.557515	3.360431	7.274636
107	77	3.356690	0.535096	2.661304	6.553091
107	78	3.356690	0.713011	4.426661	8.496362
107	79	3.356690	0.596840	3.273959	7.227489
107	80	3.356690	0.564609	2.954147	6.875446
107	81	3.356690	0.520445	2.515931	6.393066
107	82	3.356690	0.601038	3.580429	7.538157
107	83	3.356690	0.666009	3.960291	7.982990
107	84	3.356690	0.669763	3.997536	8.023989
107	85	3.356690	0.628509	3.588194	7.573393
107	86	3.356690	0.564545	2.953512	6.874747
107	87	3.356690	0.533753	2.647982	6.538426
107	88	3.356690	0.596537	3.270952	7.224179
107	89	3.356690	0.498307	2.296260	6.151257
107	90	3.356690	0.606179	3.366627	7.329496
107	91	3.356690	0.650100	3.802427	7.809217
107	92	3.356690	0.540483	2.714753	6.611926
107	93	3.356690	0.669763	3.997536	8.023989
107	94	3.356690	0.498307	2.296260	6.151257
107	95	3.356690	0.606179	3.366627	7.329496
107	96	3.356690	0.588383	3.190047	7.135120
107	97	3.356690	0.551255	2.821638	6.729583
107	98	3.356690	0.590892	3.214938	7.162520
107	99	3.356690	0.585047	3.156943	7.098680
108	0	3.252872	0.492025	2.233933	5.978830
108	1	3.252872	0.603130	3.336373	7.192375
108	2	3.252872	0.439593	1.713672	5.406137
108	3	3.252872	0.678405	4.083285	8.014561
108	4	3.252872	0.580232	3.109162	6.942266
108	5	3.252872	0.606191	3.366740	7.225802
108	6	3.252872	0.679925	4.098370	8.031167
108	7	3.252872	0.680962	4.108664	8.042498
108	8	3.252872	0.617525	3.638093	7.508489
108	9	3.252872	0.569279	3.000487	6.822638
108	10	3.252872	0.521258	2.523999	6.298129
108	11	3.252872	0.580232	3.109162	6.942266
108	12	3.252872	0.604753	3.352471	7.210096
108	13	3.252872	0.522057	2.690813	6.465741
108	14	3.252872	0.617770	3.481638	7.352280
108	15	3.252872	0.562952	2.937709	6.753534
108	16	3.252872	0.650374	3.805146	7.708391
108	17	3.252872	0.545475	2.764291	6.562638
108	18	3.252872	0.529270	2.603491	6.385632
108	19	3.252872	0.608994	3.394554	7.256420
108	20	3.252872	0.599938	3.304698	7.157508
108	21	3.252872	0.606191	3.366740	7.225802
108	22	3.252872	0.518790	2.499511	6.271173
108	23	3.252872	0.634206	3.697685	7.584763
108	24	3.252872	0.648380	3.785368	7.686620
108	25	3.252872	0.566929	2.977163	6.796963
108	26	3.252872	0.552283	2.831841	6.636996
108	27	3.252872	0.608174	3.386420	7.247465
108	28	3.252872	0.766572	4.958123	8.977567
108	29	3.252872	0.603462	3.445593	7.301927
108	30	3.252872	0.539335	2.703366	6.495573
108	31	3.252872	0.543106	2.740781	6.536758
108	32	3.252872	0.580232	3.109162	6.942266
108	33	3.252872	0.605469	3.359577	7.217917
108	34	3.252872	0.566952	2.977394	6.797217
108	35	3.252872	0.626576	3.569017	7.448466
108	36	3.252872	0.580446	3.111292	6.944610
108	37	3.252872	0.610148	3.406008	7.269028
108	38	3.252872	0.615043	3.454577	7.322492
108	39	3.252872	0.653040	3.831603	7.737515
108	40	3.252872	0.608994	3.394554	7.256420
108	41	3.252872	0.803211	5.321673	9.377756
108	42	3.252872	0.572207	3.453246	7.278324
108	43	3.252872	0.725960	4.555153	8.533985
108	44	3.252872	0.608994	3.394554	7.256420
108	45	3.252872	0.606191	3.366740	7.225802
108	46	3.252872	0.626576	3.569017	7.448466
108	47	3.252872	0.678405	4.083285	8.014561
108	48	3.252872	0.731622	4.611335	8.595829
108	49	3.252872	0.731622	4.611335	8.595829
108	50	3.252872	0.599454	3.299894	7.152219
108	51	3.252872	0.539335	2.703366	6.495573
108	52	3.252872	0.580232	3.109162	6.942266
108	53	3.252872	0.599454	3.299894	7.152219
108	54	3.252872	0.608304	3.387713	7.248889
108	55	3.252872	0.580446	3.111292	6.944610
108	56	3.252872	0.650374	3.805146	7.708391
108	57	3.252872	0.566929	2.977163	6.796963
108	58	3.252872	0.626576	3.569017	7.448466
108	59	3.252872	0.524066	2.869644	6.646582
108	60	3.252872	0.719586	4.544865	8.517323
108	61	3.252872	0.546121	2.770703	6.569697
108	62	3.252872	0.526434	2.575359	6.354665
108	63	3.252872	0.557331	2.881930	6.692133
108	64	3.252872	0.608994	3.394554	7.256420
108	65	3.252872	0.731622	4.611335	8.595829
108	66	3.252872	0.521258	2.523999	6.298129
108	67	3.252872	0.650374	3.805146	7.708391
108	68	3.252872	0.567790	3.356454	7.177116
108	69	3.252872	0.679925	4.098370	8.031167
108	70	3.252872	0.521258	2.523999	6.298129
108	71	3.252872	0.526434	2.575359	6.354665
108	72	3.252872	0.508832	2.400701	6.162405
108	73	3.252872	0.617770	3.481638	7.352280
108	74	3.252872	0.529270	2.603491	6.385632
108	75	3.252872	0.520253	2.514022	6.287146
108	76	3.252872	0.607380	3.484474	7.344726
108	77	3.252872	0.678405	4.083285	8.014561
108	78	3.252872	0.566952	2.977394	6.797217
108	79	3.252872	0.562952	2.937709	6.753534
108	80	3.252872	0.623452	3.538017	7.414341
108	81	3.252872	0.600712	3.312381	7.165965
108	82	3.252872	0.508832	2.400701	6.162405
108	83	3.252872	0.611338	3.417820	7.282030
108	84	3.252872	0.608994	3.394554	7.256420
108	85	3.252872	0.508832	2.400701	6.162405
108	86	3.252872	0.590985	3.215861	7.059717
108	87	3.252872	0.545657	2.766091	6.564619
108	88	3.252872	0.570930	3.387609	7.211411
108	89	3.252872	0.653040	3.831603	7.737515
108	90	3.252872	0.545475	2.764291	6.562638
108	91	3.252872	0.648405	3.785612	7.686888
108	92	3.252872	0.604011	3.345117	7.202000
108	93	3.252872	0.612179	3.426160	7.291211
108	94	3.252872	0.626841	3.571643	7.451355
108	95	3.252872	0.439593	1.713672	5.406137
108	96	3.252872	0.526167	2.572710	6.351750
108	97	3.252872	0.614841	3.452578	7.320291
108	98	3.252872	0.566952	2.977394	6.797217
108	99	3.252872	0.680962	4.108664	8.042498
109	0	3.515373	0.550910	2.818221	6.884504
109	1	3.515373	0.549926	3.073271	7.138570
109	2	3.515373	0.493231	2.245898	6.254502
109	3	3.515373	0.643986	3.741763	7.901122
109	4	3.515373	0.540488	2.714807	6.770669
109	5	3.515373	0.543456	2.744257	6.803086
109	6	3.515373	0.693761	4.235657	8.444791
109	7	3.515373	0.665377	3.954016	8.134766
109	8	3.515373	0.573458	3.041955	7.130787
109	9	3.515373	0.570740	3.014977	7.101090
109	10	3.515373	0.566500	2.972913	7.054787
109	11	3.515373	0.539317	2.703187	6.757877
109	12	3.515373	0.622991	3.533439	7.671803
109	13	3.515373	0.567376	2.981603	7.064352
109	14	3.515373	0.698388	4.281573	8.495335
109	15	3.515373	0.482910	2.143484	6.141767
109	16	3.515373	0.537053	2.680723	6.733149
109	17	3.515373	0.504530	2.358009	6.377912
109	18	3.515373	0.579095	3.097884	7.192352
109	19	3.515373	0.573458	3.041955	7.130787
109	20	3.515373	0.560190	2.910298	6.985861
109	21	3.515373	0.573458	3.041955	7.130787
109	22	3.515373	0.561342	2.921729	6.998444
109	23	3.515373	0.534130	2.651721	6.701225
109	24	3.515373	0.520977	2.521208	6.557559
109	25	3.515373	0.640086	3.703067	7.858526
109	26	3.515373	0.622991	3.533439	7.671803
109	27	3.515373	0.546986	2.779279	6.841638
109	28	3.515373	0.663658	3.936959	8.115990
109	29	3.515373	0.573412	3.041490	7.130275
109	30	3.515373	0.504530	2.358009	6.377912
109	31	3.515373	0.701315	4.310612	8.527300
109	32	3.515373	0.537053	2.680723	6.733149
109	33	3.515373	0.552717	2.836150	6.904240
109	34	3.515373	0.540488	2.714807	6.770669
109	35	3.515373	0.615424	3.458356	7.589153
109	36	3.515373	0.519633	2.507868	6.542874
109	37	3.515373	0.493231	2.245898	6.254502
109	38	3.515373	0.594598	3.251712	7.361683
109	39	3.515373	0.631125	3.614156	7.760655
109	40	3.515373	0.640086	3.703067	7.858526
109	41	3.515373	0.538020	2.690313	6.743706
109	42	3.515373	0.566492	2.972833	7.054698
109	43	3.515373	0.570740	3.014977	7.101090
109	44	3.515373	0.520977	2.521208	6.557559
109	45	3.515373	0.631125	3.614156	7.760655
109	46	3.515373	0.465143	1.967197	5.947714
109	47	3.515373	0.488569	2.199643	6.203585
109	48	3.515373	0.711237	4.514993	8.741603
109	49	3.515373	0.510407	2.945968	6.971748
109	50	3.515373	0.550910	2.818221	6.884504
109	51	3.515373	0.622991	3.533439	7.671803
109	52	3.515373	0.595751	3.263152	7.374276
109	53	3.515373	0.579095	3.097884	7.192352
109	54	3.515373	0.601664	3.321827	7.438864
109	55	3.515373	0.484373	2.158000	6.157746
109	56	3.515373	0.561355	2.921859	6.998587
109	57	3.515373	0.579095	3.097884	7.192352
109	58	3.515373	0.573458	3.041955	7.130787
109	59	3.515373	0.575601	3.486921	7.577894
109	60	3.515373	0.701987	4.370241	8.587601
109	61	3.515373	0.545703	2.766548	6.827624
109	62	3.515373	0.568640	2.994147	7.078160
109	63	3.515373	0.647316	3.774811	7.937500
109	64	3.515373	0.488569	2.199643	6.203585
109	65	3.515373	0.590390	3.368848	7.474611
109	66	3.515373	0.601664	3.321827	7.438864
109	67	3.515373	0.544982	2.759393	6.819748
109	68	3.515373	0.583327	3.139873	7.238573
109	69	3.515373	0.647316	3.774811	7.937500
109	70	3.515373	0.556309	3.083644	7.155326
109	71	3.515373	0.655196	3.852997	8.023566
109	72	3.515373	0.527093	2.581893	6.624359
109	73	3.515373	0.519633	2.507868	6.542874
109	74	3.515373	0.543456	2.744257	6.803086
109	75	3.515373	0.560190	2.910298	6.985861
109	76	3.515373	0.524166	2.976565	7.016105
109	77	3.515373	0.552717	2.836150	6.904240
109	78	3.515373	0.548209	2.791419	6.855001
109	79	3.515373	0.567376	2.981603	7.064352
109	80	3.515373	0.667523	3.975311	8.158207
109	81	3.515373	0.568640	2.994147	7.078160
109	82	3.515373	0.578974	3.361498	7.455845
109	83	3.515373	0.663658	3.936959	8.115990
109	84	3.515373	0.578974	3.361498	7.455845
109	85	3.515373	0.515412	2.465992	6.496778
109	86	3.515373	0.465143	1.967197	5.947714
109	87	3.515373	0.501379	2.326744	6.343496
109	88	3.515373	0.482910	2.143484	6.141767
109	89	3.515373	0.544982	2.759393	6.819748
109	90	3.515373	0.561355	2.921859	6.998587
109	91	3.515373	0.555169	2.860481	6.931024
109	92	3.515373	0.612116	3.425538	7.553027
109	93	3.515373	0.631125	3.614156	7.760655
109	94	3.515373	0.539317	2.703187	6.757877
109	95	3.515373	0.671684	4.016602	8.203659
109	96	3.515373	0.643986	3.741763	7.901122
109	97	3.515373	0.560190	2.910298	6.985861
109	98	3.515373	0.583327	3.139873	7.238573
109	99	3.515373	0.601664	3.321827	7.438864
110	0	3.445867	0.442762	1.745119	5.633748
110	1	3.445867	0.704526	4.342476	8.492870
110	2	3.445867	0.591610	3.222062	7.259539
110	3	3.445867	0.523933	2.550538	6.520338
110	4	3.445867	0.671035	4.010160	8.127062
110	5	3.445867	0.499961	2.312673	6.258500
110	6	3.445867	0.521204	2.523456	6.490527
110	7	3.445867	0.609388	3.398465	7.453720
110	8	3.445867	0.526427	2.575283	6.547577
110	9	3.445867	0.552123	2.830251	6.828241
110	10	3.445867	0.511969	2.431830	6.389666
110	11	3.445867	0.523855	2.549769	6.519492
110	12	3.445867	0.600114	3.306445	7.352426
110	13	3.445867	0.576866	3.075771	7.098504
110	14	3.445867	0.485322	2.167419	6.098608
110	15	3.445867	0.749163	4.891309	9.086339
110	16	3.445867	0.560647	2.914837	6.921352
110	17	3.445867	0.560647	2.914837	6.921352
110	18	3.445867	0.523933	2.550538	6.520338
110	19	3.445867	0.671035	4.010160	8.127062
110	20	3.445867	0.628621	3.589310	7.663798
110	21	3.445867	0.543045	2.740181	6.729094
110	22	3.445867	0.625985	3.563152	7.635005
110	23	3.445867	0.598082	3.286281	7.330230
110	24	3.445867	0.568215	3.360678	7.374761
110	25	3.445867	0.543556	3.274889	7.264312
110	26	3.445867	0.529323	2.604024	6.579215
110	27	3.445867	0.548475	2.794059	6.788401
110	28	3.445867	0.511969	2.431830	6.389666
110	29	3.445867	0.629838	3.601384	7.677090
110	30	3.445867	0.575074	3.057990	7.078932
110	31	3.445867	0.611831	3.422702	7.480400
110	32	3.445867	0.632724	3.630016	7.708607
110	33	3.445867	0.619225	3.496076	7.561169
110	34	3.445867	0.607613	3.380857	7.434337
110	35	3.445867	0.642505	3.727068	7.815441
110	36	3.445867	0.543045	2.740181	6.729094
110	37	3.445867	0.499961	2.312673	6.258500
110	38	3.445867	0.629838	3.601384	7.677090
110	39	3.445867	0.525158	2.562691	6.533716
110	40	3.445867	0.565515	2.963138	6.974520
110	41	3.445867	0.609730	3.401857	7.457453
110	42	3.445867	0.730460	4.599804	8.776132
110	43	3.445867	0.704526	4.342476	8.492870
110	44	3.445867	0.507881	2.391262	6.345011
110	45	3.445867	0.609388	3.398465	7.453720
110	46	3.445867	0.586562	3.171974	7.204403
110	47	3.445867	0.551324	2.822328	6.819519
110	48	3.445867	0.708953	4.386401	8.541221
110	49	3.445867	0.629775	3.812610	7.888252
110	50	3.445867	0.597125	3.276789	7.319782
110	51	3.445867	0.591610	3.222062	7.259539
110	52	3.445867	0.708953	4.386401	8.541221
110	53	3.445867	0.523933	2.550538	6.520338
110	54	3.445867	0.499961	2.312673	6.258500
110	55	3.445867	0.611831	3.422702	7.480400
110	56	3.445867	0.526427	2.575283	6.547577
110	57	3.445867	0.602557	3.595502	7.643926
110	58	3.445867	0.567007	2.977939	6.990813
110	59	3.445867	0.522287	2.534209	6.502364
110	60	3.445867	0.552826	2.837233	6.835927
110	61	3.445867	0.593903	3.244819	7.284589
110	62	3.445867	0.655110	3.905102	8.006078
110	63	3.445867	0.548475	2.794059	6.788401
110	64	3.445867	0.529323	2.604024	6.579215
110	65	3.445867	0.543045	2.740181	6.729094
110	66	3.445867	0.567007	2.977939	6.990813
110	67	3.445867	0.613879	3.548958	7.608704
110	68	3.445867	0.526427	2.575283	6.547577
110	69	3.445867	0.535559	2.665895	6.647321
110	70	3.445867	0.576866	3.075771	7.098504
110	71	3.445867	0.546602	2.775470	6.767939
110	72	3.445867	0.594067	3.246446	7.286380
110	73	3.445867	0.626329	3.831380	7.903576
110	74	3.445867	0.546602	2.775470	6.767939
110	75	3.445867	0.526427	2.575283	6.547577
110	76	3.445867	0.619225	3.496076	7.561169
110	77	3.445867	0.609388	3.398465	7.453720
110	78	3.445867	0.634023	3.642904	7.722793
110	79	3.445867	0.611831	3.422702	7.480400
110	80	3.445867	0.628621	3.589310	7.663798
110	81	3.445867	0.522287	2.534209	6.502364
110	82	3.445867	0.628621	3.589310	7.663798
110	83	3.445867	0.567007	2.977939	6.990813
110	84	3.445867	0.625985	3.563152	7.635005
110	85	3.445867	0.594067	3.246446	7.286380
110	86	3.445867	0.675155	4.051039	8.172061
110	87	3.445867	0.642691	3.728918	7.817477
110	88	3.445867	0.626329	3.831380	7.903576
110	89	3.445867	0.622205	3.525642	7.593714
110	90	3.445867	0.609388	3.398465	7.453720
110	91	3.445867	0.594067	3.246446	7.286380
110	92	3.445867	0.522648	2.961500	6.930016
110	93	3.445867	0.485322	2.167419	6.098608
110	94	3.445867	0.615610	3.460202	7.521679
110	95	3.445867	0.675155	4.051039	8.172061
110	96	3.445867	0.464666	1.962466	5.872999
110	97	3.445867	0.544226	2.751892	6.741985
110	98	3.445867	0.576866	3.075771	7.098504
110	99	3.445867	0.573426	3.041632	7.060925
111	0	3.420389	0.727780	4.573206	8.721375
111	1	3.420389	0.578508	3.092056	7.090953
111	2	3.420389	0.493620	2.249762	6.163772
111	3	3.420389	0.679778	4.096906	8.197073
111	4	3.420389	0.537569	2.685846	6.643804
111	5	3.420389	0.555709	2.865837	6.841935
111	6	3.420389	0.602532	3.330441	7.353363
111	7	3.420389	0.571608	3.023595	7.015593
111	8	3.420389	0.606728	3.636890	7.664007
111	9	3.420389	0.604745	3.352400	7.377535
111	10	3.420389	0.605828	3.363144	7.389362
111	11	3.420389	0.621366	3.517320	7.559075
111	12	3.420389	0.517294	2.961333	6.899016
111	13	3.420389	0.644268	3.903451	7.968108
111	14	3.420389	0.526829	2.579274	6.526492
111	15	3.420389	0.540594	2.715862	6.676846
111	16	3.420389	0.523260	2.543865	6.487515
111	17	3.420389	0.591302	3.219009	7.230701
111	18	3.420389	0.454453	1.861123	5.735965
111	19	3.420389	0.757866	4.871744	9.050000
111	20	3.420389	0.705367	4.403783	8.529539
111	21	3.420389	0.582131	3.128012	7.130533
111	22	3.420389	0.628876	3.591831	7.641096
111	23	3.420389	0.574904	3.056303	7.051597
111	24	3.420389	0.493620	2.249762	6.163772
111	25	3.420389	0.531337	2.624006	6.575732
111	26	3.420389	0.513534	2.447359	6.381283
111	27	3.420389	0.589600	3.202118	7.212107
111	28	3.420389	0.588706	3.458067	7.467162
111	29	3.420389	0.589855	3.204645	7.214889
111	30	3.420389	0.644268	3.903451	7.968108
111	31	3.420389	0.625410	3.610403	7.656202
111	32	3.420389	0.658789	3.888646	7.967824
111	33	3.420389	0.496787	2.281186	6.198363
111	34	3.420389	0.636373	3.666226	7.722989
111	35	3.420389	0.526109	2.572126	6.518624
111	36	3.420389	0.555528	2.864041	6.839958
111	37	3.420389	0.565045	2.958469	6.943903
111	38	3.420389	0.639231	3.694579	7.754199
111	39	3.420389	0.454453	1.861123	5.735965
111	40	3.420389	0.658789	3.888646	7.967824
111	41	3.420389	0.555473	2.863490	6.839352
111	42	3.420389	0.541663	3.097215	7.059268
111	43	3.420389	0.578508	3.092056	7.090953
111	44	3.420389	0.523260	2.543865	6.487515
111	45	3.420389	0.511658	2.428739	6.360786
111	46	3.420389	0.571608	3.023595	7.015593
111	47	3.420389	0.597925	3.284727	7.303041
111	48	3.420389	0.523260	2.543865	6.487515
111	49	3.420389	0.595331	3.258987	7.274708
111	50	3.420389	0.513534	2.447359	6.381283
111	51	3.420389	0.585316	3.159608	7.165313
111	52	3.420389	0.589855	3.204645	7.214889
111	53	3.420389	0.531337	2.624006	6.575732
111	54	3.420389	0.571608	3.023595	7.015593
111	55	3.420389	0.606258	3.367412	7.394060
111	56	3.420389	0.621366	3.517320	7.559075
111	57	3.420389	0.591302	3.219009	7.230701
111	58	3.420389	0.710811	4.404832	8.536032
111	59	3.420389	0.592837	3.234238	7.247464
111	60	3.420389	0.576515	3.072281	7.069186
111	61	3.420389	0.493620	2.249762	6.163772
111	62	3.420389	0.473405	2.049170	5.942964
111	63	3.420389	0.473405	2.049170	5.942964
111	64	3.420389	0.528767	2.598501	6.547657
111	65	3.420389	0.630424	3.766087	7.816901
111	66	3.420389	0.597925	3.284727	7.303041
111	67	3.420389	0.566410	2.972018	6.958817
111	68	3.420389	0.592837	3.234238	7.247464
111	69	3.420389	0.526829	2.579274	6.526492
111	70	3.420389	0.568820	2.995932	6.985142
111	71	3.420389	0.512791	2.439985	6.373165
111	72	3.420389	0.640036	3.702574	7.763000
111	73	3.420389	0.537569	2.685846	6.643804
111	74	3.420389	0.689482	4.193198	8.303069
111	75	3.420389	0.555880	2.867535	6.843804
111	76	3.420389	0.552498	2.833975	6.806862
111	77	3.420389	0.555528	2.864041	6.839958
111	78	3.420389	0.643291	3.734871	7.798551
111	79	3.420389	0.555709	2.865837	6.841935
111	80	3.420389	0.601031	3.315543	7.336963
111	81	3.420389	0.576515	3.072281	7.069186
111	82	3.420389	0.585316	3.159608	7.165313
111	83	3.420389	0.473405	2.049170	5.942964
111	84	3.420389	0.689482	4.193198	8.303069
111	85	3.420389	0.621366	3.517320	7.559075
111	86	3.420389	0.577520	3.082255	7.080165
111	87	3.420389	0.595737	3.263011	7.279137
111	88	3.420389	0.532775	2.638270	6.591434
111	89	3.420389	0.532775	2.638270	6.591434
111	90	3.420389	0.473405	2.049170	5.942964
111	91	3.420389	0.605828	3.363144	7.389362
111	92	3.420389	0.589855	3.204645	7.214889
111	93	3.420389	0.705367	4.403783	8.529539
111	94	3.420389	0.576515	3.072281	7.069186
111	95	3.420389	0.566410	2.972018	6.958817
111	96	3.420389	0.537994	2.690057	6.648440
111	97	3.420389	0.555473	2.863490	6.839352
111	98	3.420389	0.526829	2.579274	6.526492
111	99	3.420389	0.595331	3.258987	7.274708
112	0	3.552193	0.550844	2.817561	6.920597
112	1	3.552193	0.550844	2.817561	6.920597
112	2	3.552193	0.605435	3.359242	7.516870
112	3	3.552193	0.628203	3.849975	8.030370
112	4	3.552193	0.600822	3.313466	7.466480
112	5	3.552193	0.559803	2.906461	7.018457
112	6	3.552193	0.566760	2.975490	7.094443
112	7	3.552193	0.543340	2.743102	6.838635
112	8	3.552193	0.673128	4.030928	8.256249
112	9	3.552193	0.469898	2.014376	6.036467
112	10	3.552193	0.562182	2.930061	7.044435
112	11	3.552193	0.605435	3.359242	7.516870
112	12	3.552193	0.677321	4.072536	8.302050
112	13	3.552193	0.692031	4.218495	8.462719
112	14	3.552193	0.488927	2.203189	6.244309
112	15	3.552193	0.507011	2.382635	6.441839
112	16	3.552193	0.640559	3.707761	7.900513
112	17	3.552193	0.526938	2.580352	6.659483
112	18	3.552193	0.725371	4.549309	8.826873
112	19	3.552193	0.532545	2.635988	6.720726
112	20	3.552193	0.518751	2.499118	6.570061
112	21	3.552193	0.699529	4.345856	8.597578
112	22	3.552193	0.517606	2.805543	6.875342
112	23	3.552193	0.563495	2.943093	7.058781
112	24	3.552193	0.643255	3.734512	7.929960
112	25	3.552193	0.555957	3.292010	7.400160
112	26	3.552193	0.566760	2.975490	7.094443
112	27	3.552193	0.590866	3.426533	7.569591
112	28	3.552193	0.586720	3.173542	7.312455
112	29	3.552193	0.651731	3.818612	8.022536
112	30	3.552193	0.563495	2.943093	7.058781
112	31	3.552193	0.559554	3.221768	7.333515
112	32	3.552193	0.560629	2.914655	7.027476
112	33	3.552193	0.643255	3.734512	7.929960
112	34	3.552193	0.522277	2.534111	6.608581
112	35	3.552193	0.554308	2.851933	6.958433
112	36	3.552193	0.619920	3.502966	7.675078
112	37	3.552193	0.597623	3.281729	7.431544
112	38	3.552193	0.651731	3.818612	8.022536
112	39	3.552193	0.652751	3.828731	8.033675
112	40	3.552193	0.549752	2.806729	6.908674
112	41	3.552193	0.596603	3.271602	7.420397
112	42	3.552193	0.451692	1.833725	5.837610
112	43	3.552193	0.505847	2.371079	6.429118
112	44	3.552193	0.675113	4.103583	8.330888
112	45	3.552193	0.431427	1.632649	5.616269
112	46	3.552193	0.488927	2.203189	6.244309
112	47	3.552193	0.550050	2.809685	6.911928
112	48	3.552193	0.534634	2.656719	6.743546
112	49	3.552193	0.635458	3.657149	7.844800
112	50	3.552193	0.643255	3.734512	7.929960
112	51	3.552193	0.505847	2.371079	6.429118
112	52	3.552193	0.566582	2.973728	7.092503
112	53	3.552193	0.700662	4.304137	8.556992
112	54	3.552193	0.562182	2.930061	7.044435
112	55	3.552193	0.569339	3.001080	7.122611
112	56	3.552193	0.508226	2.394684	6.455103
112	57	3.552193	0.586720	3.173542	7.312455
112	58	3.552193	0.699529	4.345856	8.597578
112	59	3.552193	0.618578	3.489651	7.660422
112	60	3.552193	0.505847	2.371079	6.429118
112	61	3.552193	0.628021	3.583352	7.763566
112	62	3.552193	0.506299	2.375561	6.434053
112	63	3.552193	0.521084	2.522271	6.595548
112	64	3.552193	0.608152	3.386200	7.546545
112	65	3.552193	0.506299	2.375561	6.434053
112	66	3.552193	0.635025	3.652849	7.840067
112	67	3.552193	0.615446	3.723394	7.891033
112	68	3.552193	0.550346	2.812617	6.915155
112	69	3.552193	0.566111	2.969048	7.087351
112	70	3.552193	0.596603	3.271602	7.420397
112	71	3.552193	0.566760	2.975490	7.094443
112	72	3.552193	0.608146	3.386143	7.546482
112	73	3.552193	0.569339	3.001080	7.122611
112	74	3.552193	0.560572	2.914085	7.026850
112	75	3.552193	0.560572	2.914085	7.026850
112	76	3.552193	0.505847	2.371079	6.429118
112	77	3.552193	0.597205	3.277577	7.426975
112	78	3.552193	0.550132	2.810502	6.912827
112	79	3.552193	0.612225	3.426614	7.591031
112	80	3.552193	0.549752	2.806729	6.908674
112	81	3.552193	0.488927	2.203189	6.244309
112	82	3.552193	0.608152	3.386200	7.546545
112	83	3.552193	0.532545	2.635988	6.720726
112	84	3.552193	0.628021	3.583352	7.763566
112	85	3.552193	0.569339	3.001080	7.122611
112	86	3.552193	0.543340	2.743102	6.838635
112	87	3.552193	0.712116	4.417786	8.682094
112	88	3.552193	0.550050	2.809685	6.911928
112	89	3.552193	0.526938	2.580352	6.659483
112	90	3.552193	0.522277	2.534111	6.608581
112	91	3.552193	0.543340	2.743102	6.838635
112	92	3.552193	0.502912	2.341955	6.397060
112	93	3.552193	0.469898	2.014376	6.036467
112	94	3.552193	0.488927	2.203189	6.244309
112	95	3.552193	0.528426	3.018830	7.099448
112	96	3.552193	0.560629	2.914655	7.027476
112	97	3.552193	0.490953	2.223293	6.266438
112	98	3.552193	0.532545	2.635988	6.720726
112	99	3.552193	0.550346	2.812617	6.915155
113	0	3.387351	0.506748	2.380023	6.274122
113	1	3.387351	0.533602	2.646478	6.567430
113	2	3.387351	0.594263	3.248392	7.230006
113	3	3.387351	0.508258	2.395003	6.290611
113	4	3.387351	0.495437	2.267787	6.150575
113	5	3.387351	0.559677	2.905210	6.852238
113	6	3.387351	0.492534	2.238978	6.118862
113	7	3.387351	0.661578	3.916324	7.965253
113	8	3.387351	0.594637	3.252099	7.234087
113	9	3.387351	0.556842	2.877076	6.821269
113	10	3.387351	0.533602	2.646478	6.567430
113	11	3.387351	0.577907	3.086101	7.051359
113	12	3.387351	0.499190	2.305027	6.191568
113	13	3.387351	0.571058	3.018137	6.976546
113	14	3.387351	0.509924	2.411534	6.308808
113	15	3.387351	0.660770	3.908302	7.956422
113	16	3.387351	0.552097	2.829993	6.769440
113	17	3.387351	0.454546	1.862045	5.703942
113	18	3.387351	0.615278	3.721728	7.724356
113	19	3.387351	0.644805	3.749887	7.782043
113	20	3.387351	0.655421	3.855230	7.898002
113	21	3.387351	0.557600	2.884595	6.829546
113	22	3.387351	0.557861	3.204975	7.150187
113	23	3.387351	0.598380	3.289244	7.274975
113	24	3.387351	0.594263	3.248392	7.230006
113	25	3.387351	0.499190	2.305027	6.191568
113	26	3.387351	0.632347	3.626272	7.645970
113	27	3.387351	0.629095	3.594014	7.610460
113	28	3.387351	0.594637	3.252099	7.234087
113	29	3.387351	0.572517	3.032614	6.992482
113	30	3.387351	0.662199	3.975444	8.024994
113	31	3.387351	0.483793	2.152245	6.023389
113	32	3.387351	0.674823	4.047742	8.109915
113	33	3.387351	0.488777	2.201706	6.077834
113	34	3.387351	0.620557	3.509293	7.517201
113	35	3.387351	0.519978	2.511292	6.418620
113	36	3.387351	0.488777	2.201706	6.077834
113	37	3.387351	0.551986	2.828898	6.768235
113	38	3.387351	0.592100	3.226923	7.206374
113	39	3.387351	0.434127	1.659438	5.480916
113	40	3.387351	0.551986	2.828898	6.768235
113	41	3.387351	0.612885	3.433164	7.433399
113	42	3.387351	0.511296	2.425146	6.323792
113	43	3.387351	0.556842	2.877076	6.821269
113	44	3.387351	0.725391	4.549508	8.662250
113	45	3.387351	0.647905	3.780648	7.815904
113	46	3.387351	0.585447	3.425735	7.398533
113	47	3.387351	0.616558	3.469614	7.473523
113	48	3.387351	0.662199	3.975444	8.024994
113	49	3.387351	0.519978	2.511292	6.418620
113	50	3.387351	0.572517	3.032614	6.992482
113	51	3.387351	0.592100	3.226923	7.206374
113	52	3.387351	0.632347	3.626272	7.645970
113	53	3.387351	0.689646	4.194823	8.271819
113	54	3.387351	0.499190	2.305027	6.191568
113	55	3.387351	0.647004	3.771712	7.806067
113	56	3.387351	0.572517	3.032614	6.992482
113	57	3.387351	0.495437	2.267787	6.150575
113	58	3.387351	0.580089	3.107745	7.075184
113	59	3.387351	0.483793	2.152245	6.023389
113	60	3.387351	0.511296	2.425146	6.323792
113	61	3.387351	0.647004	3.771712	7.806067
113	62	3.387351	0.590960	3.374502	7.352812
113	63	3.387351	0.644805	3.749887	7.782043
113	64	3.387351	0.648567	3.787221	7.823139
113	65	3.387351	0.598380	3.289244	7.274975
113	66	3.387351	0.674823	4.047742	8.109915
113	67	3.387351	0.551986	2.828898	6.768235
113	68	3.387351	0.627121	3.574420	7.588892
113	69	3.387351	0.701221	4.468568	8.557139
113	70	3.387351	0.578449	3.303332	7.269132
113	71	3.387351	0.647905	3.780648	7.815904
113	72	3.387351	0.510625	2.418491	6.316467
113	73	3.387351	0.545586	2.765390	6.698327
113	74	3.387351	0.615278	3.721728	7.724356
113	75	3.387351	0.631025	3.613156	7.631532
113	76	3.387351	0.662199	3.975444	8.024994
113	77	3.387351	0.620557	3.509293	7.517201
113	78	3.387351	0.648567	3.787221	7.823139
113	79	3.387351	0.584755	3.154048	7.126154
113	80	3.387351	0.580089	3.107745	7.075184
113	81	3.387351	0.655421	3.855230	7.898002
113	82	3.387351	0.532382	2.634376	6.554109
113	83	3.387351	0.647004	3.771712	7.806067
113	84	3.387351	0.585725	3.163669	7.136745
113	85	3.387351	0.633664	3.639344	7.660359
113	86	3.387351	0.510625	2.418491	6.316467
113	87	3.387351	0.593615	3.241962	7.222928
113	88	3.387351	0.661578	3.916324	7.965253
113	89	3.387351	0.627583	3.579006	7.593940
113	90	3.387351	0.725003	4.545661	8.658015
113	91	3.387351	0.728626	4.581608	8.697585
113	92	3.387351	0.567128	2.979145	6.933624
113	93	3.387351	0.660770	3.908302	7.956422
113	94	3.387351	0.519978	2.511292	6.418620
113	95	3.387351	0.537426	2.684420	6.609197
113	96	3.387351	0.499190	2.305027	6.191568
113	97	3.387351	0.506748	2.380023	6.274122
113	98	3.387351	0.567128	2.979145	6.933624
113	99	3.387351	0.540261	2.712554	6.640165
114	0	3.341577	0.622084	3.524441	7.488101
114	1	3.341577	0.540044	2.710397	6.592018
114	2	3.341577	0.613585	3.440114	7.395276
114	3	3.341577	0.610597	3.410460	7.362633
114	4	3.341577	0.657471	3.875571	7.874619
114	5	3.341577	0.622084	3.524441	7.488101
114	6	3.341577	0.569218	2.999884	6.910679
114	7	3.341577	0.584757	3.154065	7.080399
114	8	3.341577	0.535799	2.668275	6.545651
114	9	3.341577	0.615176	3.455898	7.412651
114	10	3.341577	0.570005	3.007691	6.919273
114	11	3.341577	0.561318	2.921492	6.824386
114	12	3.341577	0.513210	2.444144	6.298931
114	13	3.341577	0.703568	4.332965	8.378110
114	14	3.341577	0.611229	3.416732	7.369537
114	15	3.341577	0.550465	2.813803	6.705845
114	16	3.341577	0.600440	3.309681	7.251698
114	17	3.341577	0.580838	3.115176	7.037591
114	18	3.341577	0.498123	2.294440	6.134140
114	19	3.341577	0.524683	2.557981	6.424241
114	20	3.341577	0.629467	3.597701	7.568745
114	21	3.341577	0.566271	3.235452	7.143299
114	22	3.341577	0.566747	3.293148	7.201472
114	23	3.341577	0.529793	2.608683	6.480053
114	24	3.341577	0.569218	2.999884	6.910679
114	25	3.341577	0.613585	3.440114	7.395276
114	26	3.341577	0.537362	2.683786	6.562725
114	27	3.341577	0.563654	2.944668	6.849899
114	28	3.341577	0.575152	3.058763	6.975492
114	29	3.341577	0.561318	2.921492	6.824386
114	30	3.341577	0.535799	2.668275	6.545651
114	31	3.341577	0.563210	3.258046	7.162832
114	32	3.341577	0.600440	3.309681	7.251698
114	33	3.341577	0.572296	3.030419	6.944292
114	34	3.341577	0.513210	2.444144	6.298931
114	35	3.341577	0.714146	4.437930	8.493653
114	36	3.341577	0.540363	2.713568	6.595508
114	37	3.341577	0.540044	2.710397	6.592018
114	38	3.341577	0.590121	3.525075	7.456773
114	39	3.341577	0.575152	3.058763	6.975492
114	40	3.341577	0.582712	3.133776	7.058065
114	41	3.341577	0.512161	2.433728	6.287465
114	42	3.341577	0.584757	3.154065	7.080399
114	43	3.341577	0.541468	2.724535	6.607580
114	44	3.341577	0.570005	3.007691	6.919273
114	45	3.341577	0.535799	2.668275	6.545651
114	46	3.341577	0.527505	2.585980	6.455061
114	47	3.341577	0.607036	3.481060	7.429674
114	48	3.341577	0.580838	3.115176	7.037591
114	49	3.341577	0.424953	1.568409	5.334939
114	50	3.341577	0.671731	4.017066	8.030374
114	51	3.341577	0.540363	2.713568	6.595508
114	52	3.341577	0.629467	3.597701	7.568745
114	53	3.341577	0.703568	4.332965	8.378110
114	54	3.341577	0.575152	3.058763	6.975492
114	55	3.341577	0.537362	2.683786	6.562725
114	56	3.341577	0.570005	3.007691	6.919273
114	57	3.341577	0.565459	2.962581	6.869617
114	58	3.341577	0.540044	2.710397	6.592018
114	59	3.341577	0.578964	3.096579	7.017120
114	60	3.341577	0.582712	3.133776	7.058065
114	61	3.341577	0.594252	3.354208	7.290037
114	62	3.341577	0.490848	2.222252	6.054676
114	63	3.341577	0.541468	2.724535	6.607580
114	64	3.341577	0.580838	3.115176	7.037591
114	65	3.341577	0.541468	2.724535	6.607580
114	66	3.341577	0.671731	4.017066	8.030374
114	67	3.341577	0.490848	2.222252	6.054676
114	68	3.341577	0.671731	4.017066	8.030374
114	69	3.341577	0.671731	4.017066	8.030374
114	70	3.341577	0.518639	2.498007	6.358222
114	71	3.341577	0.510424	2.416493	6.268494
114	72	3.341577	0.601343	3.318640	7.261559
114	73	3.341577	0.510424	2.416493	6.268494
114	74	3.341577	0.578964	3.096579	7.017120
114	75	3.341577	0.676269	4.062094	8.079940
114	76	3.341577	0.537589	2.686037	6.565203
114	77	3.341577	0.566271	3.235452	7.143299
114	78	3.341577	0.696188	4.259741	8.297506
114	79	3.341577	0.540044	2.710397	6.592018
114	80	3.341577	0.518639	2.498007	6.358222
114	81	3.341577	0.498123	2.294440	6.134140
114	82	3.341577	0.490848	2.222252	6.054676
114	83	3.341577	0.591461	3.379480	7.312518
114	84	3.341577	0.518639	2.498007	6.358222
114	85	3.341577	0.572448	3.031932	6.945957
114	86	3.341577	0.611229	3.416732	7.369537
114	87	3.341577	0.424953	1.568409	5.334939
114	88	3.341577	0.622084	3.524441	7.488101
114	89	3.341577	0.446069	1.777932	5.565577
114	90	3.341577	0.610597	3.410460	7.362633
114	91	3.341577	0.547791	2.787272	6.676640
114	92	3.341577	0.580124	3.425879	7.347580
114	93	3.341577	0.671731	4.017066	8.030374
114	94	3.341577	0.703568	4.332965	8.378110
114	95	3.341577	0.620938	3.513073	7.475588
114	96	3.341577	0.697423	4.324959	8.363959
114	97	3.341577	0.524683	2.557981	6.424241
114	98	3.341577	0.580838	3.115176	7.037591
114	99	3.341577	0.537362	2.683786	6.562725
115	0	3.483325	0.534872	3.029827	7.048024
115	1	3.483325	0.614169	3.445910	7.543404
115	2	3.483325	0.477403	2.088844	6.049572
115	3	3.483325	0.643355	3.788464	7.915143
115	4	3.483325	0.682468	4.123604	8.289396
115	5	3.483325	0.446578	1.782982	5.712884
115	6	3.483325	0.515523	2.467088	6.465935
115	7	3.483325	0.629015	3.593218	7.705558
115	8	3.483325	0.430056	1.619040	5.532420
115	9	3.483325	0.617599	3.479939	7.580863
115	10	3.483325	0.498420	2.297388	6.279133
115	11	3.483325	0.593340	3.239226	7.315890
115	12	3.483325	0.538744	2.697503	6.719572
115	13	3.483325	0.500734	2.320346	6.304404
115	14	3.483325	0.682178	4.120722	8.286225
115	15	3.483325	0.669460	4.206381	8.359166
115	16	3.483325	0.498420	2.297388	6.279133
115	17	3.483325	0.664832	3.948613	8.096770
115	18	3.483325	0.516083	2.472650	6.472058
115	19	3.483325	0.590306	3.209127	7.282758
115	20	3.483325	0.496510	2.278439	6.258274
115	21	3.483325	0.556372	2.872419	6.912116
115	22	3.483325	0.607732	3.382032	7.473089
115	23	3.483325	0.673979	4.039375	8.196680
115	24	3.483325	0.577704	3.084086	7.145115
115	25	3.483325	0.529488	2.605661	6.618474
115	26	3.483325	0.591924	3.225185	7.300434
115	27	3.483325	0.553333	2.842264	6.878922
115	28	3.483325	0.525681	2.567888	6.576894
115	29	3.483325	0.505111	2.363777	6.352213
115	30	3.483325	0.620166	3.505408	7.608898
115	31	3.483325	0.564468	2.952747	7.000540
115	32	3.483325	0.582908	3.135720	7.201953
115	33	3.483325	0.577704	3.084086	7.145115
115	34	3.483325	0.519759	2.509120	6.512203
115	35	3.483325	0.538744	2.697503	6.719572
115	36	3.483325	0.667181	3.971917	8.122423
115	37	3.483325	0.538744	2.697503	6.719572
115	38	3.483325	0.559034	2.898828	6.941187
115	39	3.483325	0.616486	3.627784	7.727594
115	40	3.483325	0.541905	2.728863	6.754093
115	41	3.483325	0.553333	2.842264	6.878922
115	42	3.483325	0.575541	3.062617	7.121482
115	43	3.483325	0.540965	2.719540	6.743830
115	44	3.483325	0.657329	3.874156	8.014810
115	45	3.483325	0.652341	3.824666	7.960331
115	46	3.483325	0.529488	2.605661	6.618474
115	47	3.483325	0.559034	2.898828	6.941187
115	48	3.483325	0.582908	3.135720	7.201953
115	49	3.483325	0.617599	3.479939	7.580863
115	50	3.483325	0.486745	2.181537	6.151606
115	51	3.483325	0.607732	3.382032	7.473089
115	52	3.483325	0.584406	3.150582	7.218312
115	53	3.483325	0.652341	3.824666	7.960331
115	54	3.483325	0.505111	2.363777	6.352213
115	55	3.483325	0.541259	2.722461	6.747045
115	56	3.483325	0.643355	3.788464	7.915143
115	57	3.483325	0.493539	2.248956	6.225820
115	58	3.483325	0.584406	3.150582	7.218312
115	59	3.483325	0.640219	3.704388	7.827932
115	60	3.483325	0.486745	2.181537	6.151606
115	61	3.483325	0.582908	3.135720	7.201953
115	62	3.483325	0.519759	2.509120	6.512203
115	63	3.483325	0.617599	3.479939	7.580863
115	64	3.483325	0.553333	2.842264	6.878922
115	65	3.483325	0.615641	3.513475	7.612440
115	66	3.483325	0.573542	3.042781	7.099647
115	67	3.483325	0.545455	2.764095	6.792875
115	68	3.483325	0.521958	2.530941	6.536224
115	69	3.483325	0.657329	3.874156	8.014810
115	70	3.483325	0.605585	3.360733	7.449643
115	71	3.483325	0.538744	2.697503	6.719572
115	72	3.483325	0.491227	2.808619	6.783171
115	73	3.483325	0.540962	2.719507	6.743793
115	74	3.483325	0.619789	3.766493	7.869607
115	75	3.483325	0.605585	3.360733	7.449643
115	76	3.483325	0.573542	3.042781	7.099647
115	77	3.483325	0.520152	2.513020	6.516497
115	78	3.483325	0.629323	3.649236	7.761884
115	79	3.483325	0.578186	3.088865	7.150376
115	80	3.483325	0.518691	2.498524	6.500539
115	81	3.483325	0.498420	2.297388	6.279133
115	82	3.483325	0.652341	3.824666	7.960331
115	83	3.483325	0.620166	3.505408	7.608898
115	84	3.483325	0.558436	2.892895	6.934656
115	85	3.483325	0.540962	2.719507	6.743793
115	86	3.483325	0.540965	2.719540	6.743830
115	87	3.483325	0.541259	2.722461	6.747045
115	88	3.483325	0.541905	2.728863	6.754093
115	89	3.483325	0.667181	3.971917	8.122423
115	90	3.483325	0.558436	2.892895	6.934656
115	91	3.483325	0.652341	3.824666	7.960331
115	92	3.483325	0.521958	2.530941	6.536224
115	93	3.483325	0.548633	2.795629	6.827587
115	94	3.483325	0.644449	4.011180	8.138954
115	95	3.483325	0.553333	2.842264	6.878922
115	96	3.483325	0.599181	3.297184	7.379690
115	97	3.483325	0.672691	4.026592	8.182608
115	98	3.483325	0.573542	3.042781	7.099647
115	99	3.483325	0.548633	2.795629	6.827587
116	0	3.381369	0.610132	3.405849	7.397350
116	1	3.381369	0.619480	3.498606	7.499455
116	2	3.381369	0.618586	3.489737	7.489692
116	3	3.381369	0.520833	2.519782	6.421985
116	4	3.381369	0.550876	2.817877	6.750122
116	5	3.381369	0.610132	3.405849	7.397350
116	6	3.381369	0.499860	2.311673	6.192903
116	7	3.381369	0.517018	2.481922	6.380310
116	8	3.381369	0.635193	3.707481	7.724044
116	9	3.381369	0.597694	3.282433	7.261496
116	10	3.381369	0.658311	3.883902	7.923583
116	11	3.381369	0.562555	2.933767	6.877691
116	12	3.381369	0.652994	3.831148	7.865511
116	13	3.381369	0.593813	3.243927	7.219110
116	14	3.381369	0.644598	3.747833	7.773800
116	15	3.381369	0.550262	2.811788	6.743419
116	16	3.381369	0.687084	4.169407	8.237860
116	17	3.381369	0.632980	3.632554	7.646903
116	18	3.381369	0.435961	1.677641	5.494972
116	19	3.381369	0.680510	4.104174	8.166054
116	20	3.381369	0.506996	2.382483	6.270848
116	21	3.381369	0.541128	2.721156	6.643653
116	22	3.381369	0.583583	3.142418	7.107371
116	23	3.381369	0.506996	2.382483	6.270848
116	24	3.381369	0.693210	4.230192	8.304771
116	25	3.381369	0.532828	2.638802	6.553000
116	26	3.381369	0.633189	3.634631	7.649190
116	27	3.381369	0.552610	2.835082	6.769061
116	28	3.381369	0.611793	3.422329	7.415491
116	29	3.381369	0.658311	3.883902	7.923583
116	30	3.381369	0.661524	3.915790	7.958684
116	31	3.381369	0.586831	3.174643	7.142843
116	32	3.381369	0.542915	3.109633	7.033918
116	33	3.381369	0.605943	3.364279	7.351591
116	34	3.381369	0.633189	3.634631	7.649190
116	35	3.381369	0.520833	2.519782	6.421985
116	36	3.381369	0.680510	4.104174	8.166054
116	37	3.381369	0.719046	4.539514	8.639930
116	38	3.381369	0.603242	3.337478	7.322089
116	39	3.381369	0.593635	3.718832	7.693836
116	40	3.381369	0.493379	2.247371	6.122120
116	41	3.381369	0.435961	1.677641	5.494972
116	42	3.381369	0.577161	3.396473	7.355003
116	43	3.381369	0.550876	2.817877	6.750122
116	44	3.381369	0.515389	2.465757	6.362515
116	45	3.381369	0.633208	3.634816	7.649393
116	46	3.381369	0.619480	3.498606	7.499455
116	47	3.381369	0.541128	2.721156	6.643653
116	48	3.381369	0.698338	4.281076	8.360784
116	49	3.381369	0.631325	3.616135	7.628829
116	50	3.381369	0.642298	3.725019	7.748687
116	51	3.381369	0.515389	2.465757	6.362515
116	52	3.381369	0.658311	3.883902	7.923583
116	53	3.381369	0.600587	3.311135	7.293092
116	54	3.381369	0.642298	3.725019	7.748687
116	55	3.381369	0.593588	3.241692	7.216650
116	56	3.381369	0.536789	2.678099	6.596257
116	57	3.381369	0.597461	3.650869	7.629699
116	58	3.381369	0.529126	2.602071	6.512567
116	59	3.381369	0.598444	3.289878	7.269692
116	60	3.381369	0.532828	2.638802	6.553000
116	61	3.381369	0.515389	2.465757	6.362515
116	62	3.381369	0.649559	3.797066	7.827994
116	63	3.381369	0.541382	2.723675	6.646427
116	64	3.381369	0.435961	1.677641	5.494972
116	65	3.381369	0.598444	3.289878	7.269692
116	66	3.381369	0.652994	3.831148	7.865511
116	67	3.381369	0.610132	3.405849	7.397350
116	68	3.381369	0.608022	3.596770	7.586162
116	69	3.381369	0.644598	3.747833	7.773800
116	70	3.381369	0.506996	2.382483	6.270848
116	71	3.381369	0.627214	3.575344	7.583927
116	72	3.381369	0.497370	2.286972	6.165712
116	73	3.381369	0.598444	3.289878	7.269692
116	74	3.381369	0.552610	2.835082	6.769061
116	75	3.381369	0.586831	3.174643	7.142843
116	76	3.381369	0.600587	3.311135	7.293092
116	77	3.381369	0.734352	4.638421	8.754143
116	78	3.381369	0.652994	3.831148	7.865511
116	79	3.381369	0.645857	3.760326	7.787552
116	80	3.381369	0.650837	3.809747	7.841954
116	81	3.381369	0.543853	2.748197	6.673419
116	82	3.381369	0.621765	3.521279	7.524414
116	83	3.381369	0.601860	3.323766	7.306995
116	84	3.381369	0.587385	3.180143	7.148898
116	85	3.381369	0.497370	2.286972	6.165712
116	86	3.381369	0.546466	3.197828	7.125663
116	87	3.381369	0.611793	3.422329	7.415491
116	88	3.381369	0.619480	3.498606	7.499455
116	89	3.381369	0.661358	4.073029	8.115756
116	90	3.381369	0.633208	3.634816	7.649393
116	91	3.381369	0.593588	3.241692	7.216650
116	92	3.381369	0.687084	4.169407	8.237860
116	93	3.381369	0.614427	3.448468	7.444264
116	94	3.381369	0.698338	4.281076	8.360784
116	95	3.381369	0.517018	2.481922	6.380310
116	96	3.381369	0.592937	3.235231	7.209537
116	97	3.381369	0.543853	2.748197	6.673419
116	98	3.381369	0.536506	3.151971	7.069846
116	99	3.381369	0.603242	3.337478	7.322089
117	0	3.220707	0.649089	3.951290	7.821086
117	1	3.220707	0.512418	2.436282	6.169407
117	2	3.220707	0.651522	3.816545	7.688775
117	3	3.220707	0.667193	3.972040	7.859941
117	4	3.220707	0.482657	2.140976	5.844340
117	5	3.220707	0.600098	3.306290	7.127095
117	6	3.220707	0.581229	3.224982	7.026917
117	7	3.220707	0.556727	2.875934	6.653368
117	8	3.220707	0.631145	3.614346	7.466198
117	9	3.220707	0.601941	3.324572	7.147220
117	10	3.220707	0.601941	3.324572	7.147220
117	11	3.220707	0.593691	3.242715	7.057114
117	12	3.220707	0.611299	3.417423	7.249429
117	13	3.220707	0.553356	2.842489	6.616552
117	14	3.220707	0.611299	3.417423	7.249429
117	15	3.220707	0.611299	3.417423	7.249429
117	16	3.220707	0.587695	3.553962	7.362364
117	17	3.220707	0.617590	3.479848	7.318145
117	18	3.220707	0.518963	2.924931	6.664601
117	19	3.220707	0.651522	3.816545	7.688775
117	20	3.220707	0.612709	3.431419	7.264835
117	21	3.220707	0.555648	2.865229	6.641583
117	22	3.220707	0.664764	3.947936	7.833408
117	23	3.220707	0.711827	4.573808	8.506342
117	24	3.220707	0.510724	2.419474	6.150906
117	25	3.220707	0.650038	3.801820	7.672566
117	26	3.220707	0.578643	3.093404	6.892754
117	27	3.220707	0.635576	3.658315	7.514598
117	28	3.220707	0.664764	3.947936	7.833408
117	29	3.220707	0.651522	3.816545	7.688775
117	30	3.220707	0.575802	3.065213	6.861722
117	31	3.220707	0.513613	2.448137	6.182457
117	32	3.220707	0.555166	2.860451	6.636324
117	33	3.220707	0.650038	3.801820	7.672566
117	34	3.220707	0.486819	2.182272	5.889798
117	35	3.220707	0.667692	3.976990	7.865389
117	36	3.220707	0.706000	4.357098	8.283805
117	37	3.220707	0.689211	4.190505	8.100423
117	38	3.220707	0.518963	2.924931	6.664601
117	39	3.220707	0.582802	3.134665	6.938174
117	40	3.220707	0.664764	3.947936	7.833408
117	41	3.220707	0.434080	1.658977	5.313765
117	42	3.220707	0.680693	4.105991	8.007391
117	43	3.220707	0.632602	3.628803	7.482111
117	44	3.220707	0.704703	4.344232	8.269642
117	45	3.220707	0.649089	3.951290	7.821086
117	46	3.220707	0.551860	2.827641	6.600207
117	47	3.220707	0.651522	3.816545	7.688775
117	48	3.220707	0.600098	3.306290	7.127095
117	49	3.220707	0.592100	3.226928	7.039735
117	50	3.220707	0.542513	2.734904	6.498124
117	51	3.220707	0.531410	2.624729	6.376846
117	52	3.220707	0.454538	1.861966	5.537211
117	53	3.220707	0.680693	4.105991	8.007391
117	54	3.220707	0.597095	3.276489	7.094291
117	55	3.220707	0.591237	3.218363	7.030308
117	56	3.220707	0.667847	3.978528	7.867082
117	57	3.220707	0.691000	4.208262	8.119969
117	58	3.220707	0.667692	3.976990	7.865389
117	59	3.220707	0.575802	3.065213	6.861722
117	60	3.220707	0.540298	2.712920	6.473925
117	61	3.220707	0.599259	3.297964	7.117931
117	62	3.220707	0.555648	2.865229	6.641583
117	63	3.220707	0.551860	2.827641	6.600207
117	64	3.220707	0.555166	2.860451	6.636324
117	65	3.220707	0.651522	3.816545	7.688775
117	66	3.220707	0.597234	3.277866	7.095807
117	67	3.220707	0.667193	3.972040	7.859941
117	68	3.220707	0.502685	2.339707	6.063099
117	69	3.220707	0.564566	2.953715	6.738988
117	70	3.220707	0.589207	3.198218	7.008132
117	71	3.220707	0.531410	2.624729	6.376846
117	72	3.220707	0.704703	4.344232	8.269642
117	73	3.220707	0.601124	3.316470	7.138301
117	74	3.220707	0.577440	3.081467	6.879615
117	75	3.220707	0.480094	2.804079	6.504880
117	76	3.220707	0.614196	3.446171	7.281074
117	77	3.220707	0.631145	3.614346	7.466198
117	78	3.220707	0.491714	2.230850	5.943272
117	79	3.220707	0.701905	4.316470	8.239082
117	80	3.220707	0.599208	3.403380	7.223295
117	81	3.220707	0.512418	2.436282	6.169407
117	82	3.220707	0.556727	2.875934	6.653368
117	83	3.220707	0.635826	3.660799	7.517333
117	84	3.220707	0.564566	2.953715	6.738988
117	85	3.220707	0.704703	4.344232	8.269642
117	86	3.220707	0.534500	2.655390	6.410597
117	87	3.220707	0.555648	2.865229	6.641583
117	88	3.220707	0.514408	2.456023	6.191138
117	89	3.220707	0.486819	2.182272	5.889798
117	90	3.220707	0.563383	2.941985	6.726075
117	91	3.220707	0.689211	4.190505	8.100423
117	92	3.220707	0.672176	4.021483	7.914366
117	93	3.220707	0.654214	3.843257	7.718179
117	94	3.220707	0.599034	3.295726	7.115467
117	95	3.220707	0.491714	2.230850	5.943272
117	96	3.220707	0.665544	4.008641	7.894892
117	97	3.220707	0.556727	2.875934	6.653368
117	98	3.220707	0.600098	3.306290	7.127095
117	99	3.220707	0.597095	3.276489	7.094291
118	0	3.449441	0.553824	2.847129	6.850393
118	1	3.449441	0.523089	2.542162	6.514691
118	2	3.449441	0.501220	2.325172	6.275833
118	3	3.449441	0.637102	3.673461	7.760004
118	4	3.449441	0.587419	3.180480	7.217340
118	5	3.449441	0.584687	3.153366	7.187493
118	6	3.449441	0.577837	3.085402	7.112680
118	7	3.449441	0.593274	3.238579	7.281294
118	8	3.449441	0.632481	3.627605	7.709527
118	9	3.449441	0.498257	2.772438	6.720136
118	10	3.449441	0.494381	2.257308	6.201130
118	11	3.449441	0.528501	2.595866	6.573808
118	12	3.449441	0.544539	2.755006	6.748987
118	13	3.449441	0.510242	2.414694	6.374377
118	14	3.449441	0.572081	3.028283	7.049804
118	15	3.449441	0.549044	2.799703	6.798187
118	16	3.449441	0.488677	2.200714	6.138832
118	17	3.449441	0.659830	3.898976	8.008247
118	18	3.449441	0.584687	3.153366	7.187493
118	19	3.449441	0.673615	4.035757	8.158813
118	20	3.449441	0.637102	3.673461	7.760004
118	21	3.449441	0.688986	4.188276	8.326703
118	22	3.449441	0.649145	3.792957	7.891543
118	23	3.449441	0.571020	3.017757	7.038217
118	24	3.449441	0.551160	2.820700	6.821301
118	25	3.449441	0.636261	3.824001	7.909702
118	26	3.449441	0.594626	3.516807	7.560874
118	27	3.449441	0.449891	1.815857	5.715189
118	28	3.449441	0.623325	3.589721	7.662487
118	29	3.449441	0.619696	3.500750	7.569887
118	30	3.449441	0.715057	4.446971	8.611469
118	31	3.449441	0.501220	2.325172	6.275833
118	32	3.449441	0.689141	4.242776	8.381358
118	33	3.449441	0.644264	3.744524	7.838229
118	34	3.449441	0.553824	2.847129	6.850393
118	35	3.449441	0.632481	3.627605	7.709527
118	36	3.449441	0.536718	2.677403	6.663562
118	37	3.449441	0.501220	2.325172	6.275833
118	38	3.449441	0.522132	2.532666	6.504239
118	39	3.449441	0.669458	3.994512	8.113411
118	40	3.449441	0.561187	3.185015	7.195643
118	41	3.449441	0.540512	2.715049	6.705002
118	42	3.449441	0.597889	3.284367	7.331696
118	43	3.449441	0.595374	3.259408	7.304222
118	44	3.449441	0.584728	3.153778	7.187947
118	45	3.449441	0.538409	2.694178	6.682028
118	46	3.449441	0.556775	2.876412	6.882628
118	47	3.449441	0.594687	3.252600	7.296729
118	48	3.449441	0.572212	3.029583	7.051236
118	49	3.449441	0.522024	2.531599	6.503064
118	50	3.449441	0.548996	2.799226	6.797663
118	51	3.449441	0.577837	3.085402	7.112680
118	52	3.449441	0.648836	3.789890	7.888167
118	53	3.449441	0.522024	2.531599	6.503064
118	54	3.449441	0.567503	2.982860	6.999803
118	55	3.449441	0.578501	3.091992	7.119934
118	56	3.449441	0.556775	2.876412	6.882628
118	57	3.449441	0.630924	3.718081	7.798446
118	58	3.449441	0.586454	3.170906	7.206801
118	59	3.449441	0.536327	2.673517	6.659285
118	60	3.449441	0.597889	3.284367	7.331696
118	61	3.449441	0.518632	2.497936	6.466008
118	62	3.449441	0.673615	4.035757	8.158813
118	63	3.449441	0.475200	2.066983	5.991624
118	64	3.449441	0.634800	3.756544	7.840784
118	65	3.449441	0.549044	2.799703	6.798187
118	66	3.449441	0.544539	2.755006	6.748987
118	67	3.449441	0.564794	2.955984	6.970219
118	68	3.449441	0.571462	3.022141	7.043044
118	69	3.449441	0.567503	2.982860	6.999803
118	70	3.449441	0.532946	2.639968	6.622354
118	71	3.449441	0.689141	4.242776	8.381358
118	72	3.449441	0.648836	3.789890	7.888167
118	73	3.449441	0.571020	3.017757	7.038217
118	74	3.449441	0.506185	2.374435	6.330061
118	75	3.449441	0.644264	3.744524	7.838229
118	76	3.449441	0.741136	4.705731	8.896307
118	77	3.449441	0.704577	4.342982	8.497000
118	78	3.449441	0.594687	3.252600	7.296729
118	79	3.449441	0.673615	4.035757	8.158813
118	80	3.449441	0.584728	3.153778	7.187947
118	81	3.449441	0.494066	2.254179	6.197685
118	82	3.449441	0.593898	3.244771	7.288111
118	83	3.449441	0.494066	2.254179	6.197685
118	84	3.449441	0.540512	2.715049	6.705002
118	85	3.449441	0.597889	3.284367	7.331696
118	86	3.449441	0.570095	3.008581	7.028117
118	87	3.449441	0.540512	2.715049	6.705002
118	88	3.449441	0.632481	3.627605	7.709527
118	89	3.449441	0.632481	3.627605	7.709527
118	90	3.449441	0.494066	2.254179	6.197685
118	91	3.449441	0.593969	3.245468	7.288878
118	92	3.449441	0.596743	3.643738	7.689922
118	93	3.449441	0.494066	2.254179	6.197685
118	94	3.449441	0.522132	2.532666	6.504239
118	95	3.449441	0.536327	2.673517	6.659285
118	96	3.449441	0.536327	2.673517	6.659285
118	97	3.449441	0.577837	3.085402	7.112680
118	98	3.449441	0.561232	2.920637	6.931309
118	99	3.449441	0.587419	3.180480	7.217340
119	0	3.495262	0.646628	3.767978	7.909868
119	1	3.495262	0.487654	2.190560	6.173476
119	2	3.495262	0.704174	4.338979	8.538414
119	3	3.495262	0.523126	2.542533	6.560921
119	4	3.495262	0.560644	2.914808	6.970715
119	5	3.495262	0.514923	2.461140	6.471326
119	6	3.495262	0.538469	2.694770	6.728500
119	7	3.495262	0.602290	3.328039	7.425591
119	8	3.495262	0.565334	3.279122	7.339717
119	9	3.495262	0.511893	2.431075	6.438231
119	10	3.495262	0.511748	2.429637	6.436647
119	11	3.495262	0.664844	3.948724	8.108830
119	12	3.495262	0.704174	4.338979	8.538414
119	13	3.495262	0.487654	2.190560	6.173476
119	14	3.495262	0.567535	3.142071	7.204868
119	15	3.495262	0.488384	2.197802	6.181448
119	16	3.495262	0.610483	3.409331	7.515076
119	17	3.495262	0.612646	3.430798	7.538707
119	18	3.495262	0.430568	1.624127	5.549957
119	19	3.495262	0.560644	2.914808	6.970715
119	20	3.495262	0.561337	2.921677	6.978276
119	21	3.495262	0.535731	3.144276	7.175269
119	22	3.495262	0.704174	4.338979	8.538414
119	23	3.495262	0.497060	2.283888	6.276210
119	24	3.495262	0.589352	3.199656	7.284270
119	25	3.495262	0.641088	3.713007	7.849357
119	26	3.495262	0.585942	3.165821	7.247025
119	27	3.495262	0.577567	3.082718	7.155547
119	28	3.495262	0.612646	3.430798	7.538707
119	29	3.495262	0.450770	1.824583	5.770615
119	30	3.495262	0.666268	4.068782	8.230312
119	31	3.495262	0.652624	3.827477	7.975363
119	32	3.495262	0.652398	3.825230	7.972890
119	33	3.495262	0.646628	3.767978	7.909868
119	34	3.495262	0.488065	2.194635	6.177962
119	35	3.495262	0.488384	2.197802	6.181448
119	36	3.495262	0.488065	2.194635	6.177962
119	37	3.495262	0.560644	2.914808	6.970715
119	38	3.495262	0.666268	4.068782	8.230312
119	39	3.495262	0.641088	3.713007	7.849357
119	40	3.495262	0.522176	2.533103	6.550541
119	41	3.495262	0.567452	2.982353	7.045067
119	42	3.495262	0.550865	2.817767	6.863893
119	43	3.495262	0.531022	2.620878	6.647162
119	44	3.495262	0.642483	3.726854	7.864599
119	45	3.495262	0.646044	3.762187	7.903493
119	46	3.495262	0.647469	3.776329	7.919060
119	47	3.495262	0.609866	3.509135	7.614263
119	48	3.495262	0.522176	2.533103	6.550541
119	49	3.495262	0.577567	3.082718	7.155547
119	50	3.495262	0.522176	2.533103	6.550541
119	51	3.495262	0.565334	3.279122	7.339717
119	52	3.495262	0.589352	3.199656	7.284270
119	53	3.495262	0.511748	2.429637	6.436647
119	54	3.495262	0.626523	3.568491	7.690276
119	55	3.495262	0.626367	3.566940	7.688569
119	56	3.495262	0.612646	3.430798	7.538707
119	57	3.495262	0.503889	2.351655	6.350807
119	58	3.495262	0.506795	2.380491	6.382549
119	59	3.495262	0.642483	3.726854	7.864599
119	60	3.495262	0.624866	3.552051	7.672179
119	61	3.495262	0.531022	2.620878	6.647162
119	62	3.495262	0.636820	3.670657	7.802739
119	63	3.495262	0.567452	2.982353	7.045067
119	64	3.495262	0.636820	3.670657	7.802739
119	65	3.495262	0.547730	3.051480	7.094471
119	66	3.495262	0.642483	3.726854	7.864599
119	67	3.495262	0.507497	2.387456	6.390216
119	68	3.495262	0.523126	2.542533	6.560921
119	69	3.495262	0.619654	3.500331	7.615247
119	70	3.495262	0.632007	3.622908	7.750177
119	71	3.495262	0.557184	2.880474	6.932920
119	72	3.495262	0.604970	3.354633	7.454865
119	73	3.495262	0.504566	2.358367	6.358195
119	74	3.495262	0.683741	4.136239	8.315242
119	75	3.495262	0.686768	4.166271	8.348301
119	76	3.495262	0.505066	2.363331	6.363658
119	77	3.495262	0.526984	2.580816	6.603062
119	78	3.495262	0.578579	3.092766	7.166607
119	79	3.495262	0.526984	2.580816	6.603062
119	80	3.495262	0.641088	3.713007	7.849357
119	81	3.495262	0.585942	3.165821	7.247025
119	82	3.495262	0.597450	3.280010	7.372722
119	83	3.495262	0.486105	2.175188	6.156555
119	84	3.495262	0.664844	3.948724	8.108830
119	85	3.495262	0.450770	1.824583	5.770615
119	86	3.495262	0.494700	2.260478	6.250440
119	87	3.495262	0.639141	3.852583	7.986986
119	88	3.495262	0.550865	2.817767	6.863893
119	89	3.495262	0.511893	2.431075	6.438231
119	90	3.495262	0.642483	3.726854	7.864599
119	91	3.495262	0.627598	3.791006	7.913865
119	92	3.495262	0.505066	2.363331	6.363658
119	93	3.495262	0.592544	3.231336	7.319142
119	94	3.495262	0.497060	2.283888	6.276210
119	95	3.495262	0.647469	3.776329	7.919060
119	96	3.495262	0.585535	3.161782	7.242579
119	97	3.495262	0.664677	3.947074	8.107013
119	98	3.495262	0.561337	2.921677	6.978276
119	99	3.495262	0.504566	2.358367	6.358195
120	0	3.470550	0.518407	2.495706	6.484663
120	1	3.470550	0.576855	3.075657	7.123062
120	2	3.470550	0.593912	3.244901	7.309363
120	3	3.470550	0.536062	2.670885	6.677497
120	4	3.470550	0.583697	3.143552	7.197800
120	5	3.470550	0.536087	2.671140	6.677777
120	6	3.470550	0.570938	3.228806	7.270294
120	7	3.470550	0.537807	2.688200	6.696556
120	8	3.470550	0.509362	2.405961	6.385873
120	9	3.470550	0.565939	2.967342	7.003831
120	10	3.470550	0.559786	2.906289	6.936624
120	11	3.470550	0.513488	2.446894	6.430932
120	12	3.470550	0.563295	2.941112	6.974957
120	13	3.470550	0.501366	2.909222	6.881138
120	14	3.470550	0.575201	3.059244	7.104994
120	15	3.470550	0.600137	3.306678	7.377365
120	16	3.470550	0.518787	2.499474	6.488810
120	17	3.470550	0.432239	1.640702	5.543490
120	18	3.470550	0.627130	3.574509	7.672189
120	19	3.470550	0.621993	3.629471	7.722015
120	20	3.470550	0.501230	2.325273	6.297053
120	21	3.470550	0.515996	2.471783	6.458329
120	22	3.470550	0.510685	2.419086	6.400321
120	23	3.470550	0.637371	3.676123	7.784043
120	24	3.470550	0.711456	4.411235	8.593241
120	25	3.470550	0.621993	3.629471	7.722015
120	26	3.470550	0.636141	3.663919	7.770610
120	27	3.470550	0.597562	3.598909	7.667021
120	28	3.470550	0.653415	3.835325	7.959290
120	29	3.470550	0.499293	2.306044	6.275886
120	30	3.470550	0.559605	2.904490	6.934645
120	31	3.470550	0.653415	3.835325	7.959290
120	32	3.470550	0.492230	2.235967	6.198747
120	33	3.470550	0.576457	3.071709	7.118716
120	34	3.470550	0.536087	2.671140	6.677777
120	35	3.470550	0.600137	3.306678	7.377365
120	36	3.470550	0.529323	2.604017	6.603890
120	37	3.470550	0.565924	3.284975	7.321449
120	38	3.470550	0.518919	2.500786	6.490255
120	39	3.470550	0.583697	3.143552	7.197800
120	40	3.470550	0.463126	1.947177	5.880853
120	41	3.470550	0.624870	3.552084	7.647503
120	42	3.470550	0.711234	4.409034	8.590817
120	43	3.470550	0.567192	2.979774	7.017516
120	44	3.470550	0.513488	2.446894	6.430932
120	45	3.470550	0.578670	3.411447	7.460666
120	46	3.470550	0.700459	4.302114	8.473122
120	47	3.470550	0.499293	2.306044	6.275886
120	48	3.470550	0.584974	3.156215	7.211739
120	49	3.470550	0.463126	1.947177	5.880853
120	50	3.470550	0.501230	2.325273	6.297053
120	51	3.470550	0.510685	2.419086	6.400321
120	52	3.470550	0.637371	3.676123	7.784043
120	53	3.470550	0.534238	2.652787	6.657574
120	54	3.470550	0.572748	3.034910	7.078208
120	55	3.470550	0.482115	2.135602	6.088267
120	56	3.470550	0.482115	2.135602	6.088267
120	57	3.470550	0.593649	3.242300	7.306499
120	58	3.470550	0.576457	3.071709	7.118716
120	59	3.470550	0.536062	2.670885	6.677497
120	60	3.470550	0.565939	2.967342	7.003831
120	61	3.470550	0.576855	3.075657	7.123062
120	62	3.470550	0.482115	2.135602	6.088267
120	63	3.470550	0.518407	2.495706	6.484663
120	64	3.470550	0.513488	2.446894	6.430932
120	65	3.470550	0.568168	2.989459	7.028176
120	66	3.470550	0.696035	4.258223	8.424808
120	67	3.470550	0.643567	3.737609	7.851726
120	68	3.470550	0.510685	2.419086	6.400321
120	69	3.470550	0.550798	2.817104	6.838451
120	70	3.470550	0.518787	2.499474	6.488810
120	71	3.470550	0.536263	2.672879	6.679691
120	72	3.470550	0.536263	2.672879	6.679691
120	73	3.470550	0.707624	4.373216	8.551390
120	74	3.470550	0.505973	2.372334	6.348858
120	75	3.470550	0.596079	3.266409	7.333038
120	76	3.470550	0.499293	2.306044	6.275886
120	77	3.470550	0.706646	4.363509	8.540705
120	78	3.470550	0.611406	3.418486	7.500441
120	79	3.470550	0.624785	3.551248	7.646583
120	80	3.470550	0.636141	3.663919	7.770610
120	81	3.470550	0.599449	3.564662	7.634661
120	82	3.470550	0.615131	3.455452	7.541133
120	83	3.470550	0.615131	3.455452	7.541133
120	84	3.470550	0.522584	2.537152	6.530285
120	85	3.470550	0.518663	2.498247	6.487459
120	86	3.470550	0.492230	2.235967	6.198747
120	87	3.470550	0.513488	2.446894	6.430932
120	88	3.470550	0.711234	4.409034	8.590817
120	89	3.470550	0.555265	3.126249	7.152064
120	90	3.470550	0.556540	2.874081	6.901170
120	91	3.470550	0.584974	3.156215	7.211739
120	92	3.470550	0.707624	4.373216	8.551390
120	93	3.470550	0.653415	3.835325	7.959290
120	94	3.470550	0.621993	3.629471	7.722015
120	95	3.470550	0.611406	3.418486	7.500441
120	96	3.470550	0.567192	2.979774	7.017516
120	97	3.470550	0.611406	3.418486	7.500441
120	98	3.470550	0.556787	2.876535	6.903872
120	99	3.470550	0.567192	2.979774	7.017516
121	0	3.286236	0.575477	3.061981	6.923694
121	1	3.286236	0.573611	3.043468	6.903315
121	2	3.286236	0.639021	3.745463	7.670719
121	3	3.286236	0.562363	2.931857	6.780455
121	4	3.286236	0.586407	3.170434	7.043076
121	5	3.286236	0.617444	3.478406	7.382086
121	6	3.286236	0.586318	3.169555	7.042108
121	7	3.286236	0.611006	3.467486	7.364728
121	8	3.286236	0.586318	3.169555	7.042108
121	9	3.286236	0.609946	3.404002	7.300183
121	10	3.286236	0.508044	2.392883	6.187163
121	11	3.286236	0.594574	3.251477	7.132287
121	12	3.286236	0.508044	2.392883	6.187163
121	13	3.286236	0.620663	3.510347	7.417246
121	14	3.286236	0.597055	3.276090	7.159380
121	15	3.286236	0.586633	3.172675	7.045544
121	16	3.286236	0.592907	3.234933	7.114076
121	17	3.286236	0.586407	3.170434	7.043076
121	18	3.286236	0.562880	3.360697	7.209812
121	19	3.286236	0.515995	2.471777	6.274008
121	20	3.286236	0.623719	3.540664	7.450618
121	21	3.286236	0.688308	4.181549	8.156092
121	22	3.286236	0.538838	2.698438	6.523512
121	23	3.286236	0.536208	2.672335	6.494778
121	24	3.286236	0.499630	2.309388	6.095254
121	25	3.286236	0.590947	3.215488	7.092671
121	26	3.286236	0.688308	4.181549	8.156092
121	27	3.286236	0.658423	3.885015	7.829673
121	28	3.286236	0.674734	4.046864	8.007833
121	29	3.286236	0.538838	2.698438	6.523512
121	30	3.286236	0.604235	3.347340	7.237811
121	31	3.286236	0.536208	2.672335	6.494778
121	32	3.286236	0.604235	3.347340	7.237811
121	33	3.286236	0.652946	3.830672	7.769854
121	34	3.286236	0.701001	4.307500	8.294737
121	35	3.286236	0.737929	4.673910	8.698074
121	36	3.286236	0.650721	3.808590	7.745546
121	37	3.286236	0.586318	3.169555	7.042108
121	38	3.286236	0.652946	3.830672	7.769854
121	39	3.286236	0.461043	1.926512	5.673791
121	40	3.286236	0.597055	3.276090	7.159380
121	41	3.286236	0.499630	2.309388	6.095254
121	42	3.286236	0.636448	3.666970	7.589654
121	43	3.286236	0.543937	2.749030	6.579203
121	44	3.286236	0.557289	2.881513	6.725038
121	45	3.286236	0.517817	2.489848	6.293900
121	46	3.286236	0.563755	2.945677	6.795668
121	47	3.286236	0.528597	2.596818	6.411650
121	48	3.286236	0.601386	3.319071	7.206693
121	49	3.286236	0.532462	2.635172	6.453869
121	50	3.286236	0.601386	3.319071	7.206693
121	51	3.286236	0.516911	2.480864	6.284010
121	52	3.286236	0.492824	2.241859	6.020919
121	53	3.286236	0.594067	3.246447	7.126750
121	54	3.286236	0.557445	2.883059	6.726739
121	55	3.286236	0.586633	3.172675	7.045544
121	56	3.286236	0.535578	2.666090	6.487904
121	57	3.286236	0.597055	3.276090	7.159380
121	58	3.286236	0.688308	4.181549	8.156092
121	59	3.286236	0.517817	2.489848	6.293900
121	60	3.286236	0.573611	3.043468	6.903315
121	61	3.286236	0.549095	3.170952	7.006283
121	62	3.286236	0.508044	2.392883	6.187163
121	63	3.286236	0.594390	3.249644	7.130269
121	64	3.286236	0.595682	3.262466	7.144383
121	65	3.286236	0.492824	2.241859	6.020919
121	66	3.286236	0.573611	3.043468	6.903315
121	67	3.286236	0.614031	3.444536	7.344802
121	68	3.286236	0.658423	3.885015	7.829673
121	69	3.286236	0.641514	3.717233	7.644983
121	70	3.286236	0.617444	3.478406	7.382086
121	71	3.286236	0.594390	3.249644	7.130269
121	72	3.286236	0.514999	2.461888	6.263123
121	73	3.286236	0.593209	3.237932	7.117377
121	74	3.286236	0.674734	4.046864	8.007833
121	75	3.286236	0.686741	4.166005	8.138982
121	76	3.286236	0.610239	3.406915	7.303390
121	77	3.286236	0.516911	2.480864	6.284010
121	78	3.286236	0.543937	2.749030	6.579203
121	79	3.286236	0.599592	3.301269	7.187097
121	80	3.286236	0.593066	3.236512	7.115814
121	81	3.286236	0.715543	4.504754	8.506533
121	82	3.286236	0.674734	4.046864	8.007833
121	83	3.286236	0.601386	3.319071	7.206693
121	84	3.286236	0.620663	3.510347	7.417246
121	85	3.286236	0.620663	3.510347	7.417246
121	86	3.286236	0.742577	4.772993	8.801805
121	87	3.286236	0.696204	4.365829	8.348269
121	88	3.286236	0.594390	3.249644	7.130269
121	89	3.286236	0.613168	3.541898	7.441301
121	90	3.286236	0.535578	2.666090	6.487904
121	91	3.286236	0.597055	3.276090	7.159380
121	92	3.286236	0.562363	2.931857	6.780455
121	93	3.286236	0.538838	2.698438	6.523512
121	94	3.286236	0.612714	3.431472	7.330422
121	95	3.286236	0.599592	3.301269	7.187097
121	96	3.286236	0.586318	3.169555	7.042108
121	97	3.286236	0.595258	3.576043	7.457536
121	98	3.286236	0.617444	3.478406	7.382086
121	99	3.286236	0.667547	4.028516	7.982299
122	0	3.459157	0.505289	2.365545	6.329992
122	1	3.459157	0.534990	2.660248	6.654394
122	2	3.459157	0.558945	2.897950	6.916053
122	3	3.459157	0.544343	2.753058	6.756559
122	4	3.459157	0.505222	2.364881	6.329260
122	5	3.459157	0.653791	3.892019	8.004968
122	6	3.459157	0.574182	3.313958	7.347298
122	7	3.459157	0.545182	2.761383	6.765722
122	8	3.459157	0.572964	3.037047	7.069168
122	9	3.459157	0.606796	3.372750	7.438704
122	10	3.459157	0.544064	2.750288	6.753509
122	11	3.459157	0.588826	3.194440	7.242423
122	12	3.459157	0.581327	3.120033	7.160517
122	13	3.459157	0.574502	3.052308	7.085967
122	14	3.459157	0.536284	3.096804	7.092245
122	15	3.459157	0.505222	2.364881	6.329260
122	16	3.459157	0.597727	3.282764	7.339649
122	17	3.459157	0.597727	3.282764	7.339649
122	18	3.459157	0.488603	2.199977	6.147738
122	19	3.459157	0.508359	2.396004	6.363520
122	20	3.459157	0.515213	2.464010	6.438380
122	21	3.459157	0.544343	2.753058	6.756559
122	22	3.459157	0.562773	2.935930	6.957860
122	23	3.459157	0.653791	3.892019	8.004968
122	24	3.459157	0.534990	2.660248	6.654394
122	25	3.459157	0.548858	2.797857	6.805872
122	26	3.459157	0.560832	2.916665	6.936654
122	27	3.459157	0.593499	3.240812	7.293469
122	28	3.459157	0.617423	3.478190	7.554770
122	29	3.459157	0.585946	3.165867	7.210971
122	30	3.459157	0.574502	3.052308	7.085967
122	31	3.459157	0.664873	3.949016	8.073047
122	32	3.459157	0.544064	2.750288	6.753509
122	33	3.459157	0.651615	3.817460	7.928232
122	34	3.459157	0.647048	3.772147	7.878352
122	35	3.459157	0.585946	3.165867	7.210971
122	36	3.459157	0.523518	2.546422	6.529097
122	37	3.459157	0.585946	3.165867	7.210971
122	38	3.459157	0.538104	2.691149	6.688411
122	39	3.459157	0.534990	2.660248	6.654394
122	40	3.459157	0.552544	2.834428	6.846129
122	41	3.459157	0.493951	2.253044	6.206153
122	42	3.459157	0.523979	2.550993	6.534130
122	43	3.459157	0.448453	1.801584	5.709194
122	44	3.459157	0.520307	2.514560	6.494024
122	45	3.459157	0.538264	2.692739	6.690160
122	46	3.459157	0.690643	4.204716	8.354516
122	47	3.459157	0.581327	3.120033	7.160517
122	48	3.459157	0.508359	2.396004	6.363520
122	49	3.459157	0.617961	3.483532	7.560651
122	50	3.459157	0.640393	3.706110	7.805660
122	51	3.459157	0.505289	2.365545	6.329992
122	52	3.459157	0.557820	2.886785	6.903762
122	53	3.459157	0.565279	2.960798	6.985234
122	54	3.459157	0.678550	4.084726	8.222433
122	55	3.459157	0.646955	3.877151	7.983263
122	56	3.459157	0.619520	3.499001	7.577678
122	57	3.459157	0.523979	2.550993	6.534130
122	58	3.459157	0.588826	3.194440	7.242423
122	59	3.459157	0.576970	3.076797	7.112924
122	60	3.459157	0.671023	4.010041	8.140221
122	61	3.459157	0.524549	2.556649	6.540356
122	62	3.459157	0.627306	3.682186	7.768650
122	63	3.459157	0.565279	2.960798	6.985234
122	64	3.459157	0.567876	2.986561	7.013594
122	65	3.459157	0.505289	2.365545	6.329992
122	66	3.459157	0.575681	3.064012	7.098851
122	67	3.459157	0.674987	4.049368	8.183512
122	68	3.459157	0.571906	3.026546	7.057609
122	69	3.459157	0.571906	3.026546	7.057609
122	70	3.459157	0.523518	2.546422	6.529097
122	71	3.459157	0.545182	2.761383	6.765722
122	72	3.459157	0.640393	3.706110	7.805660
122	73	3.459157	0.504228	2.355014	6.318399
122	74	3.459157	0.571425	3.021779	7.052362
122	75	3.459157	0.565279	2.960798	6.985234
122	76	3.459157	0.588030	3.186540	7.233727
122	77	3.459157	0.493951	2.253044	6.206153
122	78	3.459157	0.630770	3.822481	7.912408
122	79	3.459157	0.534990	2.660248	6.654394
122	80	3.459157	0.553593	3.056691	7.069441
122	81	3.459157	0.583267	3.139285	7.181710
122	82	3.459157	0.595592	3.261579	7.316329
122	83	3.459157	0.597727	3.282764	7.339649
122	84	3.459157	0.574502	3.052308	7.085967
122	85	3.459157	0.505222	2.364881	6.329260
122	86	3.459157	0.534990	2.660248	6.654394
122	87	3.459157	0.560832	2.916665	6.936654
122	88	3.459157	0.664873	3.949016	8.073047
122	89	3.459157	0.726752	4.615974	8.801883
122	90	3.459157	0.525880	2.569854	6.554891
122	91	3.459157	0.622946	3.532991	7.615094
122	92	3.459157	0.651615	3.817460	7.928232
122	93	3.459157	0.489884	2.212683	6.161724
122	94	3.459157	0.695895	4.256835	8.411887
122	95	3.459157	0.667742	3.977487	8.104387
122	96	3.459157	0.623962	3.543077	7.626197
122	97	3.459157	0.651615	3.817460	7.928232
122	98	3.459157	0.489884	2.212683	6.161724
122	99	3.459157	0.653791	3.892019	8.004968
123	0	3.339500	0.605584	3.360725	7.305809
123	1	3.339500	0.516663	2.478407	6.334570
123	2	3.339500	0.586236	3.168738	7.094473
123	3	3.339500	0.556334	2.872040	6.767874
123	4	3.339500	0.614068	3.444900	7.398467
123	5	3.339500	0.563972	2.947829	6.851301
123	6	3.339500	0.514006	2.452040	6.305545
123	7	3.339500	0.521775	2.529128	6.390402
123	8	3.339500	0.633463	3.796241	7.769204
123	9	3.339500	0.586236	3.168738	7.094473
123	10	3.339500	0.580227	3.109117	7.028844
123	11	3.339500	0.607448	3.379215	7.326163
123	12	3.339500	0.456711	1.883529	5.679740
123	13	3.339500	0.645956	3.761308	7.746763
123	14	3.339500	0.720603	4.501993	8.562095
123	15	3.339500	0.625135	3.554720	7.519355
123	16	3.339500	0.521054	2.521976	6.382529
123	17	3.339500	0.682134	4.120290	8.141924
123	18	3.339500	0.543581	2.745494	6.628574
123	19	3.339500	0.574101	3.048327	6.961927
123	20	3.339500	0.644546	3.747317	7.731362
123	21	3.339500	0.724804	4.543682	8.607986
123	22	3.339500	0.594670	3.252424	7.186593
123	23	3.339500	0.685802	4.156686	8.181987
123	24	3.339500	0.564060	2.948700	6.852259
123	25	3.339500	0.489889	2.212736	6.042124
123	26	3.339500	0.568470	2.992458	6.900428
123	27	3.339500	0.561930	2.927567	6.828997
123	28	3.339500	0.521054	2.521976	6.382529
123	29	3.339500	0.603345	3.338509	7.281354
123	30	3.339500	0.594670	3.252424	7.186593
123	31	3.339500	0.580227	3.109117	7.028844
123	32	3.339500	0.498122	2.929995	6.767617
123	33	3.339500	0.614068	3.444900	7.398467
123	34	3.339500	0.644992	3.751749	7.736240
123	35	3.339500	0.645956	3.761308	7.746763
123	36	3.339500	0.665650	3.956724	7.961873
123	37	3.339500	0.614431	3.448509	7.402440
123	38	3.339500	0.649734	3.851760	7.840993
123	39	3.339500	0.537536	2.685514	6.562549
123	40	3.339500	0.576997	3.077069	6.993566
123	41	3.339500	0.556334	2.872040	6.767874
123	42	3.339500	0.755924	4.852472	8.947896
123	43	3.339500	0.625135	3.554720	7.519355
123	44	3.339500	0.594670	3.252424	7.186593
123	45	3.339500	0.724804	4.543682	8.607986
123	46	3.339500	0.575901	3.066192	6.981593
123	47	3.339500	0.576495	3.336909	7.252904
123	48	3.339500	0.548556	2.900786	6.788841
123	49	3.339500	0.685802	4.156686	8.181987
123	50	3.339500	0.534694	2.657320	6.531514
123	51	3.339500	0.595135	3.257038	7.191673
123	52	3.339500	0.580227	3.109117	7.028844
123	53	3.339500	0.556334	2.872040	6.767874
123	54	3.339500	0.613775	3.441999	7.395273
123	55	3.339500	0.665379	3.954035	7.958914
123	56	3.339500	0.489889	2.212736	6.042124
123	57	3.339500	0.614068	3.444900	7.398467
123	58	3.339500	0.737703	4.671672	8.748874
123	59	3.339500	0.576997	3.077069	6.993566
123	60	3.339500	0.724804	4.543682	8.607986
123	61	3.339500	0.513430	2.446324	6.299254
123	62	3.339500	0.637873	3.840002	7.817374
123	63	3.339500	0.584894	3.155424	7.079817
123	64	3.339500	0.665379	3.954035	7.958914
123	65	3.339500	0.551174	2.820834	6.711508
123	66	3.339500	0.514006	2.452040	6.305545
123	67	3.339500	0.657970	3.880517	7.877987
123	68	3.339500	0.623939	3.542851	7.506289
123	69	3.339500	0.637873	3.840002	7.817374
123	70	3.339500	0.537536	2.685514	6.562549
123	71	3.339500	0.617868	3.482607	7.439974
123	72	3.339500	0.657970	3.880517	7.877987
123	73	3.339500	0.636550	3.667983	7.644033
123	74	3.339500	0.665650	3.956724	7.961873
123	75	3.339500	0.569286	3.000559	6.909345
123	76	3.339500	0.560127	2.909675	6.809302
123	77	3.339500	0.645956	3.761308	7.746763
123	78	3.339500	0.646266	3.870311	7.856076
123	79	3.339500	0.568470	2.992458	6.900428
123	80	3.339500	0.509685	2.409160	6.258344
123	81	3.339500	0.568470	2.992458	6.900428
123	82	3.339500	0.591427	3.220246	7.151173
123	83	3.339500	0.649734	3.851760	7.840993
123	84	3.339500	0.564227	2.950361	6.854088
123	85	3.339500	0.534694	2.657320	6.531514
123	86	3.339500	0.561930	2.927567	6.828997
123	87	3.339500	0.601470	3.319901	7.260870
123	88	3.339500	0.564227	2.950361	6.854088
123	89	3.339500	0.682134	4.120290	8.141924
123	90	3.339500	0.617868	3.482607	7.439974
123	91	3.339500	0.534694	2.657320	6.531514
123	92	3.339500	0.586236	3.168738	7.094473
123	93	3.339500	0.575901	3.066192	6.981593
123	94	3.339500	0.456711	1.883529	5.679740
123	95	3.339500	0.534694	2.657320	6.531514
123	96	3.339500	0.545747	2.766987	6.652234
123	97	3.339500	0.560094	3.015276	6.914870
123	98	3.339500	0.657970	3.880517	7.877987
123	99	3.339500	0.603345	3.338509	7.281354
124	0	3.321417	0.514081	2.452785	6.288283
124	1	3.321417	0.668586	3.985855	7.975858
124	2	3.321417	0.506597	2.378524	6.206538
124	3	3.321417	0.514081	2.452785	6.288283
124	4	3.321417	0.551811	2.827154	6.700381
124	5	3.321417	0.528809	2.598917	6.449142
124	6	3.321417	0.617304	3.477010	7.415731
124	7	3.321417	0.616362	3.467670	7.405449
124	8	3.321417	0.643502	3.736958	7.701876
124	9	3.321417	0.639575	3.698000	7.658993
124	10	3.321417	0.532812	2.638640	6.492869
124	11	3.321417	0.533040	2.640907	6.495364
124	12	3.321417	0.552177	2.830795	6.704389
124	13	3.321417	0.431882	1.637163	5.390461
124	14	3.321417	0.489601	2.209877	6.020894
124	15	3.321417	0.597977	3.285242	7.204636
124	16	3.321417	0.574259	3.049901	6.945576
124	17	3.321417	0.534363	2.654027	6.509807
124	18	3.321417	0.612993	3.434238	7.368648
124	19	3.321417	0.642563	3.727645	7.691625
124	20	3.321417	0.549943	2.808627	6.679987
124	21	3.321417	0.598223	3.287682	7.207322
124	22	3.321417	0.533490	3.016113	6.871020
124	23	3.321417	0.528065	2.591534	6.441015
124	24	3.321417	0.680494	4.104019	8.105930
124	25	3.321417	0.601470	3.319898	7.242785
124	26	3.321417	0.552177	2.830795	6.704389
124	27	3.321417	0.643502	3.736958	7.701876
124	28	3.321417	0.574259	3.049901	6.945576
124	29	3.321417	0.623596	3.592408	7.537421
124	30	3.321417	0.490388	2.217689	6.029493
124	31	3.321417	0.588657	3.192765	7.102839
124	32	3.321417	0.626688	3.570127	7.518232
124	33	3.321417	0.548404	2.793355	6.663175
124	34	3.321417	0.575774	3.064934	6.962125
124	35	3.321417	0.639575	3.698000	7.658993
124	36	3.321417	0.573758	3.044927	6.940102
124	37	3.321417	0.577349	3.080559	6.979325
124	38	3.321417	0.490388	2.217689	6.029493
124	39	3.321417	0.577481	3.187799	7.086697
124	40	3.321417	0.639528	3.856423	7.817368
124	41	3.321417	0.511106	2.952899	6.785422
124	42	3.321417	0.585013	3.156604	7.063033
124	43	3.321417	0.657363	4.033393	8.012173
124	44	3.321417	0.528106	2.591944	6.441467
124	45	3.321417	0.629324	3.596279	7.547019
124	46	3.321417	0.629324	3.596279	7.547019
124	47	3.321417	0.574259	3.049901	6.945576
124	48	3.321417	0.633212	3.634858	7.589486
124	49	3.321417	0.528065	2.591534	6.441015
124	50	3.321417	0.513633	2.448339	6.283388
124	51	3.321417	0.710776	4.404490	8.436683
124	52	3.321417	0.592001	3.490762	7.404180
124	53	3.321417	0.643502	3.736958	7.701876
124	54	3.321417	0.528106	2.591944	6.441467
124	55	3.321417	0.551811	2.827154	6.700381
124	56	3.321417	0.489601	2.209877	6.020894
124	57	3.321417	0.626688	3.570127	7.518232
124	58	3.321417	0.710776	4.404490	8.436683
124	59	3.321417	0.528065	2.591534	6.441015
124	60	3.321417	0.510916	2.421379	6.253712
124	61	3.321417	0.618983	3.493670	7.434070
124	62	3.321417	0.626688	3.570127	7.518232
124	63	3.321417	0.713754	4.539964	8.575134
124	64	3.321417	0.608872	3.393349	7.323638
124	65	3.321417	0.732905	4.729992	8.784314
124	66	3.321417	0.629324	3.596279	7.547019
124	67	3.321417	0.613921	3.443448	7.378786
124	68	3.321417	0.639575	3.698000	7.658993
124	69	3.321417	0.599849	3.303818	7.225084
124	70	3.321417	0.570264	3.010262	6.901944
124	71	3.321417	0.506597	2.378524	6.206538
124	72	3.321417	0.748177	4.775604	8.845199
124	73	3.321417	0.527520	2.586135	6.435072
124	74	3.321417	0.643502	3.736958	7.701876
124	75	3.321417	0.732547	4.620514	8.674478
124	76	3.321417	0.506597	2.378524	6.206538
124	77	3.321417	0.565631	2.964284	6.851332
124	78	3.321417	0.565631	2.964284	6.851332
124	79	3.321417	0.601470	3.319898	7.242785
124	80	3.321417	0.613921	3.443448	7.378786
124	81	3.321417	0.567464	2.982480	6.871361
124	82	3.321417	0.552177	2.830795	6.704389
124	83	3.321417	0.548404	2.793355	6.663175
124	84	3.321417	0.544716	2.968611	6.834743
124	85	3.321417	0.588657	3.192765	7.102839
124	86	3.321417	0.593424	3.240059	7.154900
124	87	3.321417	0.528106	2.591944	6.441467
124	88	3.321417	0.485506	2.169249	5.976172
124	89	3.321417	0.553636	2.845267	6.720319
124	90	3.321417	0.680494	4.104019	8.105930
124	91	3.321417	0.549943	2.808627	6.679987
124	92	3.321417	0.674536	4.044897	8.040849
124	93	3.321417	0.664109	3.941439	7.926965
124	94	3.321417	0.553636	2.845267	6.720319
124	95	3.321417	0.509710	2.409415	6.240542
124	96	3.321417	0.510916	2.421379	6.253712
124	97	3.321417	0.592610	3.231985	7.146012
124	98	3.321417	0.608872	3.393349	7.323638
124	99	3.321417	0.592610	3.231985	7.146012
125	0	3.285895	0.552976	2.838716	6.677586
125	1	3.285895	0.455142	1.867960	5.608997
125	2	3.285895	0.657780	3.878636	7.822311
125	3	3.285895	0.579195	3.098877	6.963967
125	4	3.285895	0.620613	3.509844	7.416351
125	5	3.285895	0.613840	3.442642	7.342377
125	6	3.285895	0.675786	4.057300	8.018981
125	7	3.285895	0.494600	2.259484	6.039980
125	8	3.285895	0.653809	3.839233	7.778936
125	9	3.285895	0.675786	4.057300	8.018981
125	10	3.285895	0.588828	3.194455	7.069178
125	11	3.285895	0.612651	3.430842	7.329388
125	12	3.285895	0.742845	4.722690	8.751429
125	13	3.285895	0.547782	2.787179	6.620856
125	14	3.285895	0.522779	2.539087	6.347760
125	15	3.285895	0.515351	2.465383	6.266629
125	16	3.285895	0.579195	3.098877	6.963967
125	17	3.285895	0.676568	4.065065	8.027528
125	18	3.285895	0.556923	2.877881	6.720699
125	19	3.285895	0.554368	2.852527	6.692789
125	20	3.285895	0.553241	2.841350	6.680486
125	21	3.285895	0.594655	3.358209	7.238760
125	22	3.285895	0.652685	3.828079	7.766659
125	23	3.285895	0.664714	3.947436	7.898045
125	24	3.285895	0.595951	3.265139	7.146986
125	25	3.285895	0.560691	2.915273	6.761859
125	26	3.285895	0.511645	2.428612	6.226152
125	27	3.285895	0.653809	3.839233	7.778936
125	28	3.285895	0.675786	4.057300	8.018981
125	29	3.285895	0.493691	2.250459	6.030045
125	30	3.285895	0.552976	2.838716	6.677586
125	31	3.285895	0.623220	3.535718	7.444833
125	32	3.285895	0.679420	4.093359	8.058674
125	33	3.285895	0.644437	3.799207	7.729539
125	34	3.285895	0.553241	2.841350	6.680486
125	35	3.285895	0.511645	2.428612	6.226152
125	36	3.285895	0.554368	2.852527	6.692789
125	37	3.285895	0.704791	4.345106	8.335792
125	38	3.285895	0.642396	3.725988	7.654279
125	39	3.285895	0.503283	2.345639	6.134817
125	40	3.285895	0.599994	3.305252	7.191140
125	41	3.285895	0.675786	4.057300	8.018981
125	42	3.285895	0.522521	3.013202	6.821618
125	43	3.285895	0.522437	2.535693	6.344025
125	44	3.285895	0.676704	4.119369	8.081967
125	45	3.285895	0.583974	3.146293	7.016161
125	46	3.285895	0.657780	3.878636	7.822311
125	47	3.285895	0.676568	4.065065	8.027528
125	48	3.285895	0.533297	2.643451	6.462643
125	49	3.285895	0.560691	2.915273	6.761859
125	50	3.285895	0.513779	2.449781	6.249454
125	51	3.285895	0.642396	3.725988	7.654279
125	52	3.285895	0.598357	3.289007	7.173259
125	53	3.285895	0.474279	2.057851	5.818025
125	54	3.285895	0.676568	4.065065	8.027528
125	55	3.285895	0.474279	2.057851	5.818025
125	56	3.285895	0.552608	3.258779	7.097283
125	57	3.285895	0.644437	3.799207	7.729539
125	58	3.285895	0.518704	2.498657	6.303256
125	59	3.285895	0.623220	3.535718	7.444833
125	60	3.285895	0.556923	2.877881	6.720699
125	61	3.285895	0.494600	2.259484	6.039980
125	62	3.285895	0.612651	3.430842	7.329388
125	63	3.285895	0.515351	2.465383	6.266629
125	64	3.285895	0.613840	3.442642	7.342377
125	65	3.285895	0.679420	4.093359	8.058674
125	66	3.285895	0.610871	3.572076	7.468843
125	67	3.285895	0.494600	2.259484	6.039980
125	68	3.285895	0.543856	2.748224	6.577975
125	69	3.285895	0.595951	3.265139	7.146986
125	70	3.285895	0.576250	3.069655	6.931801
125	71	3.285895	0.707218	4.475114	8.468227
125	72	3.285895	0.623326	3.536764	7.445985
125	73	3.285895	0.493691	2.250459	6.030045
125	74	3.285895	0.642396	3.725988	7.654279
125	75	3.285895	0.742845	4.722690	8.751429
125	76	3.285895	0.669758	3.997487	7.953140
125	77	3.285895	0.543856	2.748224	6.577975
125	78	3.285895	0.556923	2.877881	6.720699
125	79	3.285895	0.584080	3.147347	7.017322
125	80	3.285895	0.583974	3.146293	7.016161
125	81	3.285895	0.599994	3.305252	7.191140
125	82	3.285895	0.676568	4.065065	8.027528
125	83	3.285895	0.474279	2.057851	5.818025
125	84	3.285895	0.554125	3.061975	6.901995
125	85	3.285895	0.623226	3.535778	7.444899
125	86	3.285895	0.676568	4.065065	8.027528
125	87	3.285895	0.509957	2.411861	6.207713
125	88	3.285895	0.628095	3.584091	7.498082
125	89	3.285895	0.757935	4.872419	8.916249
125	90	3.285895	0.554368	2.852527	6.692789
125	91	3.285895	0.518704	2.498657	6.303256
125	92	3.285895	0.528303	2.593897	6.408094
125	93	3.285895	0.631916	3.727926	7.645737
125	94	3.285895	0.543856	2.748224	6.577975
125	95	3.285895	0.612651	3.430842	7.329388
125	96	3.285895	0.578856	3.095516	6.960267
125	97	3.285895	0.625439	3.557735	7.469070
125	98	3.285895	0.636782	3.670283	7.592960
125	99	3.285895	0.556923	2.877881	6.720699
126	0	3.241603	0.586297	3.169343	6.997243
126	1	3.241603	0.635426	3.815721	7.692750
126	2	3.241603	0.628010	3.583246	7.452860
126	3	3.241603	0.678053	4.079796	7.999453
126	4	3.241603	0.646307	3.764800	7.652711
126	5	3.241603	0.471546	2.030732	5.743882
126	6	3.241603	0.599735	3.302680	7.144017
126	7	3.241603	0.737673	4.671373	8.650649
126	8	3.241603	0.678652	4.085739	8.005994
126	9	3.241603	0.609506	3.399637	7.250746
126	10	3.241603	0.572236	3.029830	6.843669
126	11	3.241603	0.657882	3.879646	7.779131
126	12	3.241603	0.605525	3.360138	7.207266
126	13	3.241603	0.569039	2.998101	6.808743
126	14	3.241603	0.614160	3.445818	7.301581
126	15	3.241603	0.524417	2.555341	6.321361
126	16	3.241603	0.614160	3.445818	7.301581
126	17	3.241603	0.636318	3.665674	7.543595
126	18	3.241603	0.646307	3.764800	7.652711
126	19	3.241603	0.599159	3.296965	7.137727
126	20	3.241603	0.680452	4.103603	8.025659
126	21	3.241603	0.599159	3.296965	7.137727
126	22	3.241603	0.515345	2.465326	6.222275
126	23	3.241603	0.543080	2.740525	6.525208
126	24	3.241603	0.618733	3.491196	7.351532
126	25	3.241603	0.593844	3.244231	7.079678
126	26	3.241603	0.508005	2.392497	6.142105
126	27	3.241603	0.725954	4.555094	8.522651
126	28	3.241603	0.507154	2.384045	6.132801
126	29	3.241603	0.709310	4.442909	8.393822
126	30	3.241603	0.695075	4.248693	8.185371
126	31	3.241603	0.605525	3.360138	7.207266
126	32	3.241603	0.551920	2.828238	6.621761
126	33	3.241603	0.608095	3.597495	7.447194
126	34	3.241603	0.524417	2.555341	6.321361
126	35	3.241603	0.508005	2.392497	6.142105
126	36	3.241603	0.737673	4.671373	8.650649
126	37	3.241603	0.551920	2.828238	6.621761
126	38	3.241603	0.669864	3.998541	7.910008
126	39	3.241603	0.682749	4.126394	8.050746
126	40	3.241603	0.610737	3.676675	7.529016
126	41	3.241603	0.471546	2.030732	5.743882
126	42	3.241603	0.587566	3.181935	7.011104
126	43	3.241603	0.593844	3.244231	7.079678
126	44	3.241603	0.582620	3.132858	6.957081
126	45	3.241603	0.407914	2.140835	5.790352
126	46	3.241603	0.523900	2.550211	6.315714
126	47	3.241603	0.565770	2.965666	6.773039
126	48	3.241603	0.668694	3.986925	7.897222
126	49	3.241603	0.431271	1.631104	5.303978
126	50	3.241603	0.564614	2.954192	6.760408
126	51	3.241603	0.586297	3.169343	6.997243
126	52	3.241603	0.696889	4.319659	8.258151
126	53	3.241603	0.571815	3.025650	6.839068
126	54	3.241603	0.618733	3.491196	7.351532
126	55	3.241603	0.452990	1.846603	5.541196
126	56	3.241603	0.531412	2.624748	6.397762
126	57	3.241603	0.581906	3.125774	6.949283
126	58	3.241603	0.572405	3.031506	6.845514
126	59	3.241603	0.604617	3.351128	7.197348
126	60	3.241603	0.552337	2.832378	6.626318
126	61	3.241603	0.518202	3.023312	6.783117
126	62	3.241603	0.531412	2.624748	6.397762
126	63	3.241603	0.592829	3.340091	7.174524
126	64	3.241603	0.572236	3.029830	6.843669
126	65	3.241603	0.542202	2.731808	6.515613
126	66	3.241603	0.695075	4.248693	8.185371
126	67	3.241603	0.657882	3.879646	7.779131
126	68	3.241603	0.565770	2.965666	6.773039
126	69	3.241603	0.431271	1.631104	5.303978
126	70	3.241603	0.490719	2.220974	5.953297
126	71	3.241603	0.678652	4.085739	8.005994
126	72	3.241603	0.508005	2.392497	6.142105
126	73	3.241603	0.514117	2.453138	6.208858
126	74	3.241603	0.552337	2.832378	6.626318
126	75	3.241603	0.588226	3.188488	7.018318
126	76	3.241603	0.564614	2.954192	6.760408
126	77	3.241603	0.609506	3.399637	7.250746
126	78	3.241603	0.614269	3.446900	7.302772
126	79	3.241603	0.583911	3.145666	6.971180
126	80	3.241603	0.610737	3.676675	7.529016
126	81	3.241603	0.595676	3.262409	7.099688
126	82	3.241603	0.564614	2.954192	6.760408
126	83	3.241603	0.585570	3.162136	6.989309
126	84	3.241603	0.471546	2.030732	5.743882
126	85	3.241603	0.668694	3.986925	7.897222
126	86	3.241603	0.635593	3.658490	7.535687
126	87	3.241603	0.490719	2.220974	5.953297
126	88	3.241603	0.515445	2.466319	6.223367
126	89	3.241603	0.576995	3.077046	6.895644
126	90	3.241603	0.646307	3.764800	7.652711
126	91	3.241603	0.586297	3.169343	6.997243
126	92	3.241603	0.695075	4.248693	8.185371
126	93	3.241603	0.515345	2.465326	6.222275
126	94	3.241603	0.621947	3.576051	7.439602
126	95	3.241603	0.669864	3.998541	7.910008
126	96	3.241603	0.680452	4.103603	8.025659
126	97	3.241603	0.569039	2.998101	6.808743
126	98	3.241603	0.581906	3.125774	6.949283
126	99	3.241603	0.542202	2.731808	6.515613
127	0	3.293461	0.683853	4.137345	8.114659
127	1	3.293461	0.631571	3.671543	7.596576
127	2	3.293461	0.541037	2.720253	6.554751
127	3	3.293461	0.518897	2.977243	6.789601
127	4	3.293461	0.509251	2.404853	6.207565
127	5	3.293461	0.607693	3.381644	7.282798
127	6	3.293461	0.576476	3.071901	6.941838
127	7	3.293461	0.673632	4.035929	8.003022
127	8	3.293461	0.690156	4.252846	8.236463
127	9	3.293461	0.614152	3.445734	7.353347
127	10	3.293461	0.597689	3.282382	7.173532
127	11	3.293461	0.662559	3.926054	7.882075
127	12	3.293461	0.734008	4.635011	8.662480
127	13	3.293461	0.597689	3.282382	7.173532
127	14	3.293461	0.531353	2.624159	6.448973
127	15	3.293461	0.652222	3.823486	7.769169
127	16	3.293461	0.508967	2.402043	6.204472
127	17	3.293461	0.655506	3.856071	7.805038
127	18	3.293461	0.550765	2.816779	6.661006
127	19	3.293461	0.545125	2.760818	6.599404
127	20	3.293461	0.652222	3.823486	7.769169
127	21	3.293461	0.554527	2.854113	6.702102
127	22	3.293461	0.580872	3.115515	6.989848
127	23	3.293461	0.594988	3.255585	7.144035
127	24	3.293461	0.614152	3.445734	7.353347
127	25	3.293461	0.589548	3.201607	7.084617
127	26	3.293461	0.516823	2.479989	6.290273
127	27	3.293461	0.674271	4.042266	8.009998
127	28	3.293461	0.530218	2.612904	6.436584
127	29	3.293461	0.640930	3.711440	7.645832
127	30	3.293461	0.532024	3.001570	6.827056
127	31	3.293461	0.662559	3.926054	7.882075
127	32	3.293461	0.598343	3.288873	7.180677
127	33	3.293461	0.508967	2.402043	6.204472
127	34	3.293461	0.589841	3.204512	7.087815
127	35	3.293461	0.632705	3.629825	7.555991
127	36	3.293461	0.575100	3.058240	6.926801
127	37	3.293461	0.508967	2.402043	6.204472
127	38	3.293461	0.533230	2.642791	6.469483
127	39	3.293461	0.594401	3.249761	7.137624
127	40	3.293461	0.734008	4.635011	8.662480
127	41	3.293461	0.485969	2.173840	5.953270
127	42	3.293461	0.643753	3.739454	7.676668
127	43	3.293461	0.530781	2.618490	6.442733
127	44	3.293461	0.537639	2.686535	6.517635
127	45	3.293461	0.589799	3.204093	7.087353
127	46	3.293461	0.487838	2.510174	6.291473
127	47	3.293461	0.556737	2.876039	6.726238
127	48	3.293461	0.608649	3.391135	7.293245
127	49	3.293461	0.492026	2.233946	6.019434
127	50	3.293461	0.602197	3.538969	7.434627
127	51	3.293461	0.492026	2.233946	6.019434
127	52	3.293461	0.516823	2.479989	6.290273
127	53	3.293461	0.658059	3.881403	7.832923
127	54	3.293461	0.657049	3.871384	7.821894
127	55	3.293461	0.485969	2.173840	5.953270
127	56	3.293461	0.541037	2.720253	6.554751
127	57	3.293461	0.594716	3.252878	7.141055
127	58	3.293461	0.541797	2.727792	6.563050
127	59	3.293461	0.682284	4.280666	8.256411
127	60	3.293461	0.566381	3.077660	6.937502
127	61	3.293461	0.545125	2.760818	6.599404
127	62	3.293461	0.604168	3.346670	7.244300
127	63	3.293461	0.640930	3.711440	7.645832
127	64	3.293461	0.674271	4.042266	8.009998
127	65	3.293461	0.662559	3.926054	7.882075
127	66	3.293461	0.543969	2.749345	6.586776
127	67	3.293461	0.658059	3.881403	7.832923
127	68	3.293461	0.545125	2.760818	6.599404
127	69	3.293461	0.664885	4.108030	8.066376
127	70	3.293461	0.594401	3.249761	7.137624
127	71	3.293461	0.587543	3.181705	7.062709
127	72	3.293461	0.581688	3.123611	6.998760
127	73	3.293461	0.501861	2.331530	6.126853
127	74	3.293461	0.734008	4.635011	8.662480
127	75	3.293461	0.553581	3.162505	7.009548
127	76	3.293461	0.594988	3.255585	7.144035
127	77	3.293461	0.556737	2.876039	6.726238
127	78	3.293461	0.524581	2.556973	6.375015
127	79	3.293461	0.746081	4.754800	8.794342
127	80	3.293461	0.622844	3.531988	7.448294
127	81	3.293461	0.643753	3.739454	7.676668
127	82	3.293461	0.606745	3.372240	7.272446
127	83	3.293461	0.554527	2.854113	6.702102
127	84	3.293461	0.516823	2.479989	6.290273
127	85	3.293461	0.560361	2.911998	6.765820
127	86	3.293461	0.674271	4.042266	8.009998
127	87	3.293461	0.509251	2.404853	6.207565
127	88	3.293461	0.745304	4.747093	8.785859
127	89	3.293461	0.541037	2.720253	6.554751
127	90	3.293461	0.533230	2.642791	6.469483
127	91	3.293461	0.594716	3.252878	7.141055
127	92	3.293461	0.514368	2.455632	6.263462
127	93	3.293461	0.683853	4.137345	8.114659
127	94	3.293461	0.551841	2.827453	6.672756
127	95	3.293461	0.568269	2.990459	6.852189
127	96	3.293461	0.662559	3.926054	7.882075
127	97	3.293461	0.648714	3.788677	7.730853
127	98	3.293461	0.598343	3.288873	7.180677
127	99	3.293461	0.640930	3.711440	7.645832
128	0	3.333981	0.603880	3.343818	7.281679
128	1	3.333981	0.678271	4.081961	8.094213
128	2	3.333981	0.544791	2.757499	6.636271
128	3	3.333981	0.590411	3.210169	7.134561
128	4	3.333981	0.732331	4.618368	8.684680
128	5	3.333981	0.584033	3.146882	7.064896
128	6	3.333981	0.579179	3.098716	7.011876
128	7	3.333981	0.753079	4.824242	8.911302
128	8	3.333981	0.521873	2.530101	6.385955
128	9	3.333981	0.564746	2.955507	6.854233
128	10	3.333981	0.525894	2.569999	6.429874
128	11	3.333981	0.656966	3.870560	7.861506
128	12	3.333981	0.730188	4.597106	8.661275
128	13	3.333981	0.504718	2.359874	6.198573
128	14	3.333981	0.521873	2.530101	6.385955
128	15	3.333981	0.609782	3.402380	7.346144
128	16	3.333981	0.542567	2.735439	6.611987
128	17	3.333981	0.663627	3.936653	7.934261
128	18	3.333981	0.616377	3.467811	7.418168
128	19	3.333981	0.646176	3.922385	7.902541
128	20	3.333981	0.663627	3.936653	7.934261
128	21	3.333981	0.616377	3.467811	7.418168
128	22	3.333981	0.643242	3.734381	7.711603
128	23	3.333981	0.655028	3.851324	7.840333
128	24	3.333981	0.544822	2.757813	6.636616
128	25	3.333981	0.534655	2.656928	6.525564
128	26	3.333981	0.662646	3.979878	7.976504
128	27	3.333981	0.667318	3.973275	7.974574
128	28	3.333981	0.596379	3.269386	7.199746
128	29	3.333981	0.517678	2.488471	6.340130
128	30	3.333981	0.564074	2.948835	6.846889
128	31	3.333981	0.645042	3.752246	7.731269
128	32	3.333981	0.576283	3.069978	6.980241
128	33	3.333981	0.517678	2.488471	6.340130
128	34	3.333981	0.576283	3.069978	6.980241
128	35	3.333981	0.588919	3.195367	7.118267
128	36	3.333981	0.601327	3.318482	7.253789
128	37	3.333981	0.713563	4.432139	8.479682
128	38	3.333981	0.559469	3.062035	6.955485
128	39	3.333981	0.593952	3.245301	7.173233
128	40	3.333981	0.641258	3.979510	7.954748
128	41	3.333981	0.595509	3.260754	7.190244
128	42	3.333981	0.539097	2.701007	6.574085
128	43	3.333981	0.664345	3.943781	7.942108
128	44	3.333981	0.678271	4.081961	8.094213
128	45	3.333981	0.616377	3.467811	7.418168
128	46	3.333981	0.660596	3.906577	7.901154
128	47	3.333981	0.516178	2.473595	6.323754
128	48	3.333981	0.608407	3.388733	7.331121
128	49	3.333981	0.690601	4.204307	8.228889
128	50	3.333981	0.544791	2.757499	6.636271
128	51	3.333981	0.609782	3.402380	7.346144
128	52	3.333981	0.586178	3.168163	7.088322
128	53	3.333981	0.525042	2.561541	6.420564
128	54	3.333981	0.607758	3.382290	7.324029
128	55	3.333981	0.609782	3.402380	7.346144
128	56	3.333981	0.645042	3.752246	7.731269
128	57	3.333981	0.576283	3.069978	6.980241
128	58	3.333981	0.567782	2.985627	6.887390
128	59	3.333981	0.539097	2.701007	6.574085
128	60	3.333981	0.607758	3.382290	7.324029
128	61	3.333981	0.516617	2.477949	6.328547
128	62	3.333981	0.690601	4.204307	8.228889
128	63	3.333981	0.615647	3.513539	7.463167
128	64	3.333981	0.641258	3.979510	7.954748
128	65	3.333981	0.502470	2.761278	6.597728
128	66	3.333981	0.534655	2.656928	6.525564
128	67	3.333981	0.764409	4.936663	9.035053
128	68	3.333981	0.583665	3.143228	7.060874
128	69	3.333981	0.436981	1.687754	5.458716
128	70	3.333981	0.568902	3.314528	7.217411
128	71	3.333981	0.774721	5.038984	9.147685
128	72	3.333981	0.588873	3.194902	7.117755
128	73	3.333981	0.564074	2.948835	6.846889
128	74	3.333981	0.459475	1.910955	5.704411
128	75	3.333981	0.516178	2.473595	6.323754
128	76	3.333981	0.539097	2.701007	6.574085
128	77	3.333981	0.660596	3.906577	7.901154
128	78	3.333981	0.544791	2.757499	6.636271
128	79	3.333981	0.593463	3.399339	7.326782
128	80	3.333981	0.633295	3.635687	7.602963
128	81	3.333981	0.567299	2.980841	6.882121
128	82	3.333981	0.479433	2.108991	5.922405
128	83	3.333981	0.614739	3.451563	7.400283
128	84	3.333981	0.609737	3.401932	7.345650
128	85	3.333981	0.436981	1.687754	5.458716
128	86	3.333981	0.516178	2.473595	6.323754
128	87	3.333981	0.557002	2.878670	6.769653
128	88	3.333981	0.525042	2.561541	6.420564
128	89	3.333981	0.479433	2.108991	5.922405
128	90	3.333981	0.516178	2.473595	6.323754
128	91	3.333981	0.567782	2.985627	6.887390
128	92	3.333981	0.510517	2.417415	6.261913
128	93	3.333981	0.603880	3.343818	7.281679
128	94	3.333981	0.608407	3.388733	7.331121
128	95	3.333981	0.667318	3.973275	7.974574
128	96	3.333981	0.471693	2.614788	6.420462
128	97	3.333981	0.525042	2.561541	6.420564
128	98	3.333981	0.645042	3.752246	7.731269
128	99	3.333981	0.663627	3.936653	7.934261
129	0	3.412458	0.643889	3.740807	7.797154
129	1	3.412458	0.519108	2.502659	6.434225
129	2	3.412458	0.522476	2.536081	6.471015
129	3	3.412458	0.578150	3.088511	7.079120
129	4	3.412458	0.598562	3.291043	7.302063
129	5	3.412458	0.484115	2.155450	6.052023
129	6	3.412458	0.647166	3.879241	7.938865
129	7	3.412458	0.581499	3.121740	7.115697
129	8	3.412458	0.505821	2.370827	6.289106
129	9	3.412458	0.588078	3.187016	7.187551
129	10	3.412458	0.663282	3.933226	8.008966
129	11	3.412458	0.484115	2.155450	6.052023
129	12	3.412458	0.617155	3.475532	7.505144
129	13	3.412458	0.517594	2.487645	6.417697
129	14	3.412458	0.546782	2.777263	6.736503
129	15	3.412458	0.664453	3.997810	8.074720
129	16	3.412458	0.587537	3.181646	7.181641
129	17	3.412458	0.641956	3.721626	7.776040
129	18	3.412458	0.578676	3.093726	7.084859
129	19	3.412458	0.545042	2.759995	6.717495
129	20	3.412458	0.605632	3.414157	7.432246
129	21	3.412458	0.587969	3.185933	7.186360
129	22	3.412458	0.502565	2.338514	6.253536
129	23	3.412458	0.528171	2.592591	6.533219
129	24	3.412458	0.517594	2.487645	6.417697
129	25	3.412458	0.660089	3.901544	7.974090
129	26	3.412458	0.581499	3.121740	7.115697
129	27	3.412458	0.544943	2.759008	6.716409
129	28	3.412458	0.717775	4.473940	8.604173
129	29	3.412458	0.508933	2.401699	6.323089
129	30	3.412458	0.538213	2.692237	6.642908
129	31	3.412458	0.617155	3.475532	7.505144
129	32	3.412458	0.532692	2.849310	6.794460
129	33	3.412458	0.581499	3.121740	7.115697
129	34	3.412458	0.516300	2.474799	6.403556
129	35	3.412458	0.502565	2.338514	6.253536
129	36	3.412458	0.554341	2.852262	6.819061
129	37	3.412458	0.665787	3.958086	8.036331
129	38	3.412458	0.547961	2.788959	6.749378
129	39	3.412458	0.508933	2.401699	6.323089
129	40	3.412458	0.605632	3.414157	7.432246
129	41	3.412458	0.665787	3.958086	8.036331
129	42	3.412458	0.662343	3.923910	7.998710
129	43	3.412458	0.614335	3.447550	7.474342
129	44	3.412458	0.685092	4.202604	8.300153
129	45	3.412458	0.582375	3.130430	7.125262
129	46	3.412458	0.598562	3.291043	7.302063
129	47	3.412458	0.662343	3.923910	7.998710
129	48	3.412458	0.663282	3.933226	8.008966
129	49	3.412458	0.608260	3.387277	7.407995
129	50	3.412458	0.608908	3.393700	7.415065
129	51	3.412458	0.505821	2.370827	6.289106
129	52	3.412458	0.484115	2.155450	6.052023
129	53	3.412458	0.637101	3.673453	7.723012
129	54	3.412458	0.502565	2.338514	6.253536
129	55	3.412458	0.587969	3.185933	7.186360
129	56	3.412458	0.505794	2.370559	6.288811
129	57	3.412458	0.573807	3.045412	7.031677
129	58	3.412458	0.608260	3.387277	7.407995
129	59	3.412458	0.554341	2.852262	6.819061
129	60	3.412458	0.486505	2.179161	6.078124
129	61	3.412458	0.578150	3.088511	7.079120
129	62	3.412458	0.578150	3.088511	7.079120
129	63	3.412458	0.641956	3.721626	7.776040
129	64	3.412458	0.645237	3.754178	7.811873
129	65	3.412458	0.598562	3.291043	7.302063
129	66	3.412458	0.617155	3.475532	7.505144
129	67	3.412458	0.659575	3.896449	7.968482
129	68	3.412458	0.522476	2.536081	6.471015
129	69	3.412458	0.504068	2.353429	6.269955
129	70	3.412458	0.558629	2.894813	6.865900
129	71	3.412458	0.508933	2.401699	6.323089
129	72	3.412458	0.611168	3.416126	7.439751
129	73	3.412458	0.673394	4.086532	8.172384
129	74	3.412458	0.622780	3.531351	7.566588
129	75	3.412458	0.620444	3.508171	7.541073
129	76	3.412458	0.578150	3.088511	7.079120
129	77	3.412458	0.582375	3.130430	7.125262
129	78	3.412458	0.546782	2.777263	6.736503
129	79	3.412458	0.547961	2.788959	6.749378
129	80	3.412458	0.500521	2.318238	6.231218
129	81	3.412458	0.522684	2.538144	6.473286
129	82	3.412458	0.505794	2.370559	6.288811
129	83	3.412458	0.568171	3.254305	7.234934
129	84	3.412458	0.545042	2.759995	6.717495
129	85	3.412458	0.643889	3.740807	7.797154
129	86	3.412458	0.522684	2.538144	6.473286
129	87	3.412458	0.581499	3.121740	7.115697
129	88	3.412458	0.505557	2.368205	6.286220
129	89	3.412458	0.660089	3.901544	7.974090
129	90	3.412458	0.517594	2.487645	6.417697
129	91	3.412458	0.570999	3.017550	7.001007
129	92	3.412458	0.558629	2.894813	6.865900
129	93	3.412458	0.578150	3.088511	7.079120
129	94	3.412458	0.685092	4.202604	8.300153
129	95	3.412458	0.544943	2.759008	6.716409
129	96	3.412458	0.643015	3.732133	7.787606
129	97	3.412458	0.603506	3.340099	7.356063
129	98	3.412458	0.614293	3.447131	7.473882
129	99	3.412458	0.542610	2.841786	6.796853
130	0	3.313608	0.673138	4.031028	8.017774
130	1	3.313608	0.442550	1.743015	5.499172
130	2	3.313608	0.655964	3.860620	7.830192
130	3	3.313608	0.585753	3.163947	7.063308
130	4	3.313608	0.645219	3.754000	7.712827
130	5	3.313608	0.694387	4.241864	8.249858
130	6	3.313608	0.671742	4.017171	8.002521
130	7	3.313608	0.516444	2.476225	6.306276
130	8	3.313608	0.578599	3.092967	6.985174
130	9	3.313608	0.671742	4.017171	8.002521
130	10	3.313608	0.614861	3.452777	7.381246
130	11	3.313608	0.645219	3.754000	7.712827
130	12	3.313608	0.519333	2.504896	6.337837
130	13	3.313608	0.567598	2.983808	6.865014
130	14	3.313608	0.608143	3.386112	7.307863
130	15	3.313608	0.754167	4.835037	8.902812
130	16	3.313608	0.629312	3.860979	7.803899
130	17	3.313608	0.516444	2.476225	6.306276
130	18	3.313608	0.610225	3.406767	7.330600
130	19	3.313608	0.671426	4.014041	7.999075
130	20	3.313608	0.615959	3.463663	7.393229
130	21	3.313608	0.586521	3.171567	7.071695
130	22	3.313608	0.500660	2.319617	6.133885
130	23	3.313608	0.595928	3.264907	7.174442
130	24	3.313608	0.573725	3.415350	7.302684
130	25	3.313608	0.671426	4.014041	7.999075
130	26	3.313608	0.658439	3.885174	7.857221
130	27	3.313608	0.585276	3.159213	7.058097
130	28	3.313608	0.578599	3.092967	6.985174
130	29	3.313608	0.633962	3.642299	7.589869
130	30	3.313608	0.582310	3.129783	7.025700
130	31	3.313608	0.546187	2.771354	6.631149
130	32	3.313608	0.614861	3.452777	7.381246
130	33	3.313608	0.538583	3.013686	6.865877
130	34	3.313608	0.608143	3.386112	7.307863
130	35	3.313608	0.635238	3.813850	7.762696
130	36	3.313608	0.582310	3.129783	7.025700
130	37	3.313608	0.505041	2.363084	6.181732
130	38	3.313608	0.500660	2.319617	6.133885
130	39	3.313608	0.741642	4.710754	8.766003
130	40	3.313608	0.544661	2.756209	6.614478
130	41	3.313608	0.610225	3.406767	7.330600
130	42	3.313608	0.612918	3.433493	7.360019
130	43	3.313608	0.505041	2.363084	6.181732
130	44	3.313608	0.629373	3.596771	7.539752
130	45	3.313608	0.623659	3.540067	7.477333
130	46	3.313608	0.545119	2.760758	6.619485
130	47	3.313608	0.509017	2.402538	6.225163
130	48	3.313608	0.595928	3.264907	7.174442
130	49	3.313608	0.696696	4.264781	8.275085
130	50	3.313608	0.649273	4.059043	8.021924
130	51	3.313608	0.596642	3.271995	7.182245
130	52	3.313608	0.618971	3.493552	7.426131
130	53	3.313608	0.516444	2.476225	6.306276
130	54	3.313608	0.655964	3.860620	7.830192
130	55	3.313608	0.591604	3.592748	7.497960
130	56	3.313608	0.595145	3.257144	7.165897
130	57	3.313608	0.670990	4.009714	7.994311
130	58	3.313608	0.652916	3.830371	7.796894
130	59	3.313608	0.564161	2.949699	6.827468
130	60	3.313608	0.479689	2.111528	5.904824
130	61	3.313608	0.460835	1.924453	5.698896
130	62	3.313608	0.656527	3.972132	7.942267
130	63	3.313608	0.468817	2.639219	6.421644
130	64	3.313608	0.618971	3.493552	7.426131
130	65	3.313608	0.618971	3.493552	7.426131
130	66	3.313608	0.606331	3.368136	7.288075
130	67	3.313608	0.612918	3.433493	7.360019
130	68	3.313608	0.569117	2.998878	6.881603
130	69	3.313608	0.585753	3.163947	7.063308
130	70	3.313608	0.695165	4.461444	8.470216
130	71	3.313608	0.567598	2.983808	6.865014
130	72	3.313608	0.710643	4.403171	8.427422
130	73	3.313608	0.605801	3.362870	7.282278
130	74	3.313608	0.588112	3.187355	7.089074
130	75	3.313608	0.567598	2.983808	6.865014
130	76	3.313608	0.582310	3.129783	7.025700
130	77	3.313608	0.585753	3.163947	7.063308
130	78	3.313608	0.582310	3.129783	7.025700
130	79	3.313608	0.539112	2.701151	6.553871
130	80	3.313608	0.505041	2.363084	6.181732
130	81	3.313608	0.545119	2.760758	6.619485
130	82	3.313608	0.566386	2.971776	6.851769
130	83	3.313608	0.734287	4.637780	8.685675
130	84	3.313608	0.583278	3.139389	7.036275
130	85	3.313608	0.597015	3.275691	7.186314
130	86	3.313608	0.500660	2.319617	6.133885
130	87	3.313608	0.516444	2.476225	6.306276
130	88	3.313608	0.633426	3.689942	7.636976
130	89	3.313608	0.531575	2.626369	6.471552
130	90	3.313608	0.647498	3.776616	7.737722
130	91	3.313608	0.545119	2.760758	6.619485
130	92	3.313608	0.673138	4.031028	8.017774
130	93	3.313608	0.655964	3.860620	7.830192
130	94	3.313608	0.479689	2.111528	5.904824
130	95	3.313608	0.500660	2.319617	6.133885
130	96	3.313608	0.589134	3.197495	7.100237
130	97	3.313608	0.606331	3.368136	7.288075
130	98	3.313608	0.607121	3.375969	7.296697
130	99	3.313608	0.610225	3.406767	7.330600
131	0	3.208754	0.670595	4.005797	7.885147
131	1	3.208754	0.724507	4.540730	8.473991
131	2	3.208754	0.575662	3.063817	6.848232
131	3	3.208754	0.612385	3.640056	7.461194
131	4	3.208754	0.549464	2.803869	6.562087
131	5	3.208754	0.564283	2.950910	6.723947
131	6	3.208754	0.680746	4.106511	7.996011
131	7	3.208754	0.542448	2.734249	6.485451
131	8	3.208754	0.510595	2.418190	6.137539
131	9	3.208754	0.612914	3.433458	7.255126
131	10	3.208754	0.641495	3.875937	7.726186
131	11	3.208754	0.626195	3.565234	7.400183
131	12	3.208754	0.618610	3.489973	7.317338
131	13	3.208754	0.578085	3.087867	6.874706
131	14	3.208754	0.612017	3.424553	7.245324
131	15	3.208754	0.594427	3.250014	7.053195
131	16	3.208754	0.465441	1.970156	5.644351
131	17	3.208754	0.701790	4.315321	8.225865
131	18	3.208754	0.563957	2.947679	6.720391
131	19	3.208754	0.510595	2.418190	6.137539
131	20	3.208754	0.540743	2.717340	6.466837
131	21	3.208754	0.527325	2.584197	6.320276
131	22	3.208754	0.560585	2.914222	6.683561
131	23	3.208754	0.563993	2.948037	6.720785
131	24	3.208754	0.542315	2.732932	6.484000
131	25	3.208754	0.602722	3.332322	7.143798
131	26	3.208754	0.662902	3.929455	7.801110
131	27	3.208754	0.700286	4.406328	8.315368
131	28	3.208754	0.619111	3.494942	7.322807
131	29	3.208754	0.660643	3.907042	7.776439
131	30	3.208754	0.665547	3.955700	7.830000
131	31	3.208754	0.701790	4.315321	8.225865
131	32	3.208754	0.670595	4.005797	7.885147
131	33	3.208754	0.569325	3.000939	6.779018
131	34	3.208754	0.630172	3.604700	7.443627
131	35	3.208754	0.630172	3.604700	7.443627
131	36	3.208754	0.650079	3.802226	7.661059
131	37	3.208754	0.543114	3.058640	6.810508
131	38	3.208754	0.575662	3.063817	6.848232
131	39	3.208754	0.540937	2.719266	6.468958
131	40	3.208754	0.578085	3.087867	6.874706
131	41	3.208754	0.602722	3.332322	7.143798
131	42	3.208754	0.578085	3.087867	6.874706
131	43	3.208754	0.570679	3.014375	6.793808
131	44	3.208754	0.563226	3.205244	6.977224
131	45	3.208754	0.675893	4.058365	7.943012
131	46	3.208754	0.662902	3.929455	7.801110
131	47	3.208754	0.595480	3.260467	7.064701
131	48	3.208754	0.624464	3.548058	7.381276
131	49	3.208754	0.563957	2.947679	6.720391
131	50	3.208754	0.557140	2.880039	6.645934
131	51	3.208754	0.579724	3.104123	6.892601
131	52	3.208754	0.540743	2.717340	6.466837
131	53	3.208754	0.507404	2.386528	6.102686
131	54	3.208754	0.693568	4.233746	8.136068
131	55	3.208754	0.570679	3.014375	6.793808
131	56	3.208754	0.665547	3.955700	7.830000
131	57	3.208754	0.524222	2.553405	6.286381
131	58	3.208754	0.569325	3.000939	6.779018
131	59	3.208754	0.429004	2.456024	6.093782
131	60	3.208754	0.564283	2.950910	6.723947
131	61	3.208754	0.524222	2.553405	6.286381
131	62	3.208754	0.512409	2.436192	6.157355
131	63	3.208754	0.675893	4.058365	7.943012
131	64	3.208754	0.571957	3.080018	6.860729
131	65	3.208754	0.612385	3.640056	7.461194
131	66	3.208754	0.614132	3.445542	7.268428
131	67	3.208754	0.605427	3.359163	7.173344
131	68	3.208754	0.507404	2.386528	6.102686
131	69	3.208754	0.503402	2.346823	6.058979
131	70	3.208754	0.564283	2.950910	6.723947
131	71	3.208754	0.626195	3.565234	7.400183
131	72	3.208754	0.527325	2.584197	6.320276
131	73	3.208754	0.736016	4.654933	8.599703
131	74	3.208754	0.680746	4.106511	7.996011
131	75	3.208754	0.563993	2.948037	6.720785
131	76	3.208754	0.601585	3.321042	7.131381
131	77	3.208754	0.604872	3.353653	7.167278
131	78	3.208754	0.634660	3.649228	7.492643
131	79	3.208754	0.693568	4.233746	8.136068
131	80	3.208754	0.594427	3.250014	7.053195
131	81	3.208754	0.707456	4.371544	8.287754
131	82	3.208754	0.524222	2.553405	6.286381
131	83	3.208754	0.662919	4.088517	7.960190
131	84	3.208754	0.707456	4.371544	8.287754
131	85	3.208754	0.524276	2.553942	6.286972
131	86	3.208754	0.618610	3.489973	7.317338
131	87	3.208754	0.571987	3.027353	6.808094
131	88	3.208754	0.632537	3.628162	7.469453
131	89	3.208754	0.639231	3.694581	7.542566
131	90	3.208754	0.587256	3.178863	6.974873
131	91	3.208754	0.570679	3.014375	6.793808
131	92	3.208754	0.602722	3.332322	7.143798
131	93	3.208754	0.560585	2.914222	6.683561
131	94	3.208754	0.602722	3.332322	7.143798
131	95	3.208754	0.619139	3.865969	7.693862
131	96	3.208754	0.665547	3.955700	7.830000
131	97	3.208754	0.578085	3.087867	6.874706
131	98	3.208754	0.602722	3.332322	7.143798
131	99	3.208754	0.503402	2.346823	6.058979
132	0	3.145552	0.532709	2.637618	6.315879
132	1	3.145552	0.545826	2.767769	6.459147
132	2	3.145552	0.588259	3.188816	6.922627
132	3	3.145552	0.508646	2.398856	6.053054
132	4	3.145552	0.535629	2.666594	6.347775
132	5	3.145552	0.595201	3.257700	6.998454
132	6	3.145552	0.535629	2.666594	6.347775
132	7	3.145552	0.523549	3.023399	6.692500
132	8	3.145552	0.532758	2.638110	6.316420
132	9	3.145552	0.444761	1.764950	5.355263
132	10	3.145552	0.423870	2.246195	5.815618
132	11	3.145552	0.727990	4.575290	8.448831
132	12	3.145552	0.713688	4.433380	8.292620
132	13	3.145552	0.639596	3.698203	7.483350
132	14	3.145552	0.545826	2.767769	6.459147
132	15	3.145552	0.631865	3.621495	7.398912
132	16	3.145552	0.577994	3.086956	6.810502
132	17	3.145552	0.489825	2.212106	5.847484
132	18	3.145552	0.685935	4.158002	7.989489
132	19	3.145552	0.630961	3.612521	7.389034
132	20	3.145552	0.608555	3.390198	7.144305
132	21	3.145552	0.636506	3.667546	7.449604
132	22	3.145552	0.644480	3.746671	7.536704
132	23	3.145552	0.532758	2.638110	6.316420
132	24	3.145552	0.532758	2.638110	6.316420
132	25	3.145552	0.607207	3.376825	7.129585
132	26	3.145552	0.525713	2.568205	6.239470
132	27	3.145552	0.525713	2.568205	6.239470
132	28	3.145552	0.597128	3.276812	7.019491
132	29	3.145552	0.615782	3.461909	7.223242
132	30	3.145552	0.538390	3.223626	6.907568
132	31	3.145552	0.574135	3.048669	6.768356
132	32	3.145552	0.506946	2.381988	6.034486
132	33	3.145552	0.504403	2.356748	6.006702
132	34	3.145552	0.549393	2.803167	6.498112
132	35	3.145552	0.545826	2.767769	6.459147
132	36	3.145552	0.535629	2.666594	6.347775
132	37	3.145552	0.644480	3.746671	7.536704
132	38	3.145552	0.682676	4.125670	7.953899
132	39	3.145552	0.641515	3.717248	7.504315
132	40	3.145552	0.579395	3.100860	6.825807
132	41	3.145552	0.508646	2.398856	6.053054
132	42	3.145552	0.595201	3.257700	6.998454
132	43	3.145552	0.682676	4.125670	7.953899
132	44	3.145552	0.595201	3.257700	6.998454
132	45	3.145552	0.682676	4.125670	7.953899
132	46	3.145552	0.579395	3.100860	6.825807
132	47	3.145552	0.540796	2.717858	6.404205
132	48	3.145552	0.574135	3.048669	6.768356
132	49	3.145552	0.756808	4.861245	8.763606
132	50	3.145552	0.737822	4.672855	8.556229
132	51	3.145552	0.571258	3.020121	6.736931
132	52	3.145552	0.544236	3.175705	6.865493
132	53	3.145552	0.636506	3.667546	7.449604
132	54	3.145552	0.559958	3.225778	6.931288
132	55	3.145552	0.697148	4.269263	8.111963
132	56	3.145552	0.635333	3.655901	7.436786
132	57	3.145552	0.685935	4.158002	7.989489
132	58	3.145552	0.620729	3.511000	7.277281
132	59	3.145552	0.620310	3.506840	7.272702
132	60	3.145552	0.595201	3.257700	6.998454
132	61	3.145552	0.620729	3.511000	7.277281
132	62	3.145552	0.682676	4.125670	7.953899
132	63	3.145552	0.675100	4.050497	7.871150
132	64	3.145552	0.633043	3.633180	7.411775
132	65	3.145552	0.586802	3.492137	7.224491
132	66	3.145552	0.549393	2.803167	6.498112
132	67	3.145552	0.506946	2.381988	6.034486
132	68	3.145552	0.620310	3.506840	7.272702
132	69	3.145552	0.697148	4.269263	8.111963
132	70	3.145552	0.549393	2.803167	6.498112
132	71	3.145552	0.639596	3.698203	7.483350
132	72	3.145552	0.540796	2.717858	6.404205
132	73	3.145552	0.535629	2.666594	6.347775
132	74	3.145552	0.508646	2.398856	6.053054
132	75	3.145552	0.626643	3.993393	7.765588
132	76	3.145552	0.508646	2.398856	6.053054
132	77	3.145552	0.613634	3.440596	7.199782
132	78	3.145552	0.788554	5.176245	9.110352
132	79	3.145552	0.577994	3.086956	6.810502
132	80	3.145552	0.593750	3.349224	7.088526
132	81	3.145552	0.571258	3.020121	6.736931
132	82	3.145552	0.597241	3.330901	7.073694
132	83	3.145552	0.658243	3.883230	7.687025
132	84	3.145552	0.574135	3.048669	6.768356
132	85	3.145552	0.727990	4.575290	8.448831
132	86	3.145552	0.489825	2.212106	5.847484
132	87	3.145552	0.639510	3.697355	7.482418
132	88	3.145552	0.527395	2.584895	6.257843
132	89	3.145552	0.639596	3.698203	7.483350
132	90	3.145552	0.506946	2.381988	6.034486
132	91	3.145552	0.674439	4.043930	7.863921
132	92	3.145552	0.540796	2.717858	6.404205
132	93	3.145552	0.504403	2.356748	6.006702
132	94	3.145552	0.508646	2.398856	6.053054
132	95	3.145552	0.597128	3.276812	7.019491
132	96	3.145552	0.525713	2.568205	6.239470
132	97	3.145552	0.595201	3.257700	6.998454
132	98	3.145552	0.608472	3.654193	7.408216
132	99	3.145552	0.604184	3.346825	7.096561
133	0	3.420387	0.435093	1.669021	5.524501
133	1	3.420387	0.602715	3.332250	7.355353
133	2	3.420387	0.605273	3.357638	7.383298
133	3	3.420387	0.496345	2.276800	6.193532
133	4	3.420387	0.601679	3.321975	7.344042
133	5	3.420387	0.627798	3.581139	7.629324
133	6	3.420387	0.591796	3.223907	7.236090
133	7	3.420387	0.590372	3.209782	7.220541
133	8	3.420387	0.637261	3.675034	7.732682
133	9	3.420387	0.555304	3.020711	6.996403
133	10	3.420387	0.591796	3.223907	7.236090
133	11	3.420387	0.601679	3.321975	7.344042
133	12	3.420387	0.663602	3.936406	8.020396
133	13	3.420387	0.536312	2.673366	6.630065
133	14	3.420387	0.521836	2.529730	6.471953
133	15	3.420387	0.542330	2.733086	6.695804
133	16	3.420387	0.521728	2.528664	6.470780
133	17	3.420387	0.519830	2.509825	6.450043
133	18	3.420387	0.600092	3.306225	7.326704
133	19	3.420387	0.592313	3.599785	7.612486
133	20	3.420387	0.517248	2.484206	6.421841
133	21	3.420387	0.725074	4.546364	8.691826
133	22	3.420387	0.639073	3.693012	7.752472
133	23	3.420387	0.506079	2.373383	6.299850
133	24	3.420387	0.677857	4.077851	8.176095
133	25	3.420387	0.658672	3.887490	7.966550
133	26	3.420387	0.659831	3.898983	7.979200
133	27	3.420387	0.605273	3.357638	7.383298
133	28	3.420387	0.513432	2.446346	6.380166
133	29	3.420387	0.649031	3.897752	7.967171
133	30	3.420387	0.567777	2.985579	6.973743
133	31	3.420387	0.551769	2.826738	6.798894
133	32	3.420387	0.653292	3.834102	7.907781
133	33	3.420387	0.536717	2.677390	6.634495
133	34	3.420387	0.587807	3.184333	7.192528
133	35	3.420387	0.692628	4.383309	8.496325
133	36	3.420387	0.603491	3.339956	7.363835
133	37	3.420387	0.551769	2.826738	6.798894
133	38	3.420387	0.596872	3.274276	7.291535
133	39	3.420387	0.617569	3.479643	7.517600
133	40	3.420387	0.542330	2.733086	6.695804
133	41	3.420387	0.435093	1.669021	5.524501
133	42	3.420387	0.505714	2.369760	6.295861
133	43	3.420387	0.568146	2.989242	6.977775
133	44	3.420387	0.521728	2.528664	6.470780
133	45	3.420387	0.513432	2.446346	6.380166
133	46	3.420387	0.506079	2.373383	6.299850
133	47	3.420387	0.562079	3.246821	7.229287
133	48	3.420387	0.603830	3.343318	7.367536
133	49	3.420387	0.521836	2.529730	6.471953
133	50	3.420387	0.697398	4.271750	8.389536
133	51	3.420387	0.598721	3.292625	7.311733
133	52	3.420387	0.517248	2.484206	6.421841
133	53	3.420387	0.583546	3.142047	7.145981
133	54	3.420387	0.547304	2.782439	6.750130
133	55	3.420387	0.581547	3.545922	7.547856
133	56	3.420387	0.570887	3.016436	7.007710
133	57	3.420387	0.496345	2.276800	6.193532
133	58	3.420387	0.617569	3.479643	7.517600
133	59	3.420387	0.718985	4.485944	8.625316
133	60	3.420387	0.639073	3.693012	7.752472
133	61	3.420387	0.583546	3.142047	7.145981
133	62	3.420387	0.521836	2.529730	6.471953
133	63	3.420387	0.603830	3.343318	7.367536
133	64	3.420387	0.565525	2.963235	6.949147
133	65	3.420387	0.579448	3.101389	7.101224
133	66	3.420387	0.567777	2.985579	6.973743
133	67	3.420387	0.521728	2.528664	6.470780
133	68	3.420387	0.599826	3.303585	7.323799
133	69	3.420387	0.610147	3.405995	7.436529
133	70	3.420387	0.488180	2.619485	6.528052
133	71	3.420387	0.547304	2.782439	6.750130
133	72	3.420387	0.537420	2.684366	6.642174
133	73	3.420387	0.602715	3.332250	7.355353
133	74	3.420387	0.554345	2.852301	6.827033
133	75	3.420387	0.505714	2.369760	6.295861
133	76	3.420387	0.651426	3.815592	7.887406
133	77	3.420387	0.435093	1.669021	5.524501
133	78	3.420387	0.571455	3.022080	7.013923
133	79	3.420387	0.617569	3.479643	7.517600
133	80	3.420387	0.536312	2.673366	6.630065
133	81	3.420387	0.636738	3.881699	7.938824
133	82	3.420387	0.435093	1.669021	5.524501
133	83	3.420387	0.697398	4.271750	8.389536
133	84	3.420387	0.592985	3.235706	7.249078
133	85	3.420387	0.677857	4.077851	8.176095
133	86	3.420387	0.681357	4.112583	8.214327
133	87	3.420387	0.598721	3.292625	7.311733
133	88	3.420387	0.571455	3.022080	7.013923
133	89	3.420387	0.627851	3.581661	7.629899
133	90	3.420387	0.663602	3.936406	8.020396
133	91	3.420387	0.569527	3.320726	7.310641
133	92	3.420387	0.659831	3.898983	7.979200
133	93	3.420387	0.521728	2.528664	6.470780
133	94	3.420387	0.554345	2.852301	6.827033
133	95	3.420387	0.609141	3.660830	7.690358
133	96	3.420387	0.605273	3.357638	7.383298
133	97	3.420387	0.538447	2.694550	6.653384
133	98	3.420387	0.591277	3.218763	7.230428
133	99	3.420387	0.521836	2.529730	6.471953
134	0	3.380324	0.554434	2.853190	6.787948
134	1	3.380324	0.703759	4.334866	8.418949
134	2	3.380324	0.581497	3.121722	7.083544
134	3	3.380324	0.569637	3.004032	6.953993
134	4	3.380324	0.508902	2.401398	6.290624
134	5	3.380324	0.581077	3.117547	7.078948
134	6	3.380324	0.672524	4.024935	8.077783
134	7	3.380324	0.546661	2.776060	6.703045
134	8	3.380324	0.484976	2.163990	6.029290
134	9	3.380324	0.608484	3.389497	7.378305
134	10	3.380324	0.601262	3.317836	7.299423
134	11	3.380324	0.661706	3.917595	7.959626
134	12	3.380324	0.494429	2.257787	6.132540
134	13	3.380324	0.565361	2.961606	6.907291
134	14	3.380324	0.638122	3.683575	7.702020
134	15	3.380324	0.587931	3.185560	7.153816
134	16	3.380324	0.646687	3.980424	8.007436
134	17	3.380324	0.572498	3.032421	6.985242
134	18	3.380324	0.514711	2.459038	6.354074
134	19	3.380324	0.578855	3.095501	7.054680
134	20	3.380324	0.661706	3.917595	7.959626
134	21	3.380324	0.722445	4.520275	8.623044
134	22	3.380324	0.572498	3.032421	6.985242
134	23	3.380324	0.572498	3.032421	6.985242
134	24	3.380324	0.600849	3.684481	7.665653
134	25	3.380324	0.750382	4.797476	8.928182
134	26	3.380324	0.656080	3.914734	7.951138
134	27	3.380324	0.678249	4.081735	8.140308
134	28	3.380324	0.608484	3.389497	7.378305
134	29	3.380324	0.615744	3.461533	7.457601
134	30	3.380324	0.514525	2.457193	6.352042
134	31	3.380324	0.564549	2.953548	6.898421
134	32	3.380324	0.641108	3.713210	7.734643
134	33	3.380324	0.581077	3.117547	7.078948
134	34	3.380324	0.638302	3.685367	7.703994
134	35	3.380324	0.548038	2.789722	6.718085
134	36	3.380324	0.543625	2.745932	6.669881
134	37	3.380324	0.572250	3.029962	6.982535
134	38	3.380324	0.544959	2.759166	6.684449
134	39	3.380324	0.639758	3.911669	7.931751
134	40	3.380324	0.551876	2.827802	6.760002
134	41	3.380324	0.505793	2.370547	6.256665
134	42	3.380324	0.494429	2.257787	6.132540
134	43	3.380324	0.592064	3.226572	7.198960
134	44	3.380324	0.466265	1.978328	5.824917
134	45	3.380324	0.620356	3.507293	7.507973
134	46	3.380324	0.484976	2.163990	6.029290
134	47	3.380324	0.656080	3.914734	7.951138
134	48	3.380324	0.546661	2.776060	6.703045
134	49	3.380324	0.618577	3.489645	7.488547
134	50	3.380324	0.505764	2.370259	6.256347
134	51	3.380324	0.656373	4.023571	8.060268
134	52	3.380324	0.515748	2.469322	6.365394
134	53	3.380324	0.554841	3.069077	7.004242
134	54	3.380324	0.608484	3.389497	7.378305
134	55	3.380324	0.581497	3.121722	7.083544
134	56	3.380324	0.592064	3.226572	7.198960
134	57	3.380324	0.466265	1.978328	5.824917
134	58	3.380324	0.607219	3.376943	7.364486
134	59	3.380324	0.558907	2.897565	6.836796
134	60	3.380324	0.641547	3.770529	7.792401
134	61	3.380324	0.565361	2.961606	6.907291
134	62	3.380324	0.587384	3.180128	7.147836
134	63	3.380324	0.514525	2.457193	6.352042
134	64	3.380324	0.620356	3.507293	7.507973
134	65	3.380324	0.571063	3.018187	6.969574
134	66	3.380324	0.610167	3.406194	7.396685
134	67	3.380324	0.610167	3.406194	7.396685
134	68	3.380324	0.587384	3.180128	7.147836
134	69	3.380324	0.548038	2.789722	6.718085
134	70	3.380324	0.551876	2.827802	6.760002
134	71	3.380324	0.638302	3.685367	7.703994
134	72	3.380324	0.750382	4.797476	8.928182
134	73	3.380324	0.505793	2.370547	6.256665
134	74	3.380324	0.554434	2.853190	6.787948
134	75	3.380324	0.569352	3.001212	6.950888
134	76	3.380324	0.684085	4.245576	8.309986
134	77	3.380324	0.569637	3.004032	6.953993
134	78	3.380324	0.505764	2.370259	6.256347
134	79	3.380324	0.587931	3.185560	7.153816
134	80	3.380324	0.579472	3.101623	7.061419
134	81	3.380324	0.548038	2.789722	6.718085
134	82	3.380324	0.667835	3.978410	8.026569
134	83	3.380324	0.563317	2.941329	6.884970
134	84	3.380324	0.548038	2.789722	6.718085
134	85	3.380324	0.554248	2.851335	6.785907
134	86	3.380324	0.503318	2.345984	6.229626
134	87	3.380324	0.615744	3.461533	7.457601
134	88	3.380324	0.656080	3.914734	7.951138
134	89	3.380324	0.508902	2.401398	6.290624
134	90	3.380324	0.601262	3.317836	7.299423
134	91	3.380324	0.646034	3.762086	7.788444
134	92	3.380324	0.563317	2.941329	6.884970
134	93	3.380324	0.722445	4.520275	8.623044
134	94	3.380324	0.641108	3.713210	7.734643
134	95	3.380324	0.552954	2.838496	6.771774
134	96	3.380324	0.581077	3.117547	7.078948
134	97	3.380324	0.615744	3.461533	7.457601
134	98	3.380324	0.678249	4.081735	8.140308
134	99	3.380324	0.505764	2.370259	6.256347
135	0	3.174546	0.503178	2.344594	6.022318
135	1	3.174546	0.586576	3.172118	6.933240
135	2	3.174546	0.685899	4.157650	8.018096
135	3	3.174546	0.496508	2.278416	5.949471
135	4	3.174546	0.653831	3.839451	7.667829
135	5	3.174546	0.528447	2.595326	6.298319
135	6	3.174546	0.608869	3.393316	7.176731
135	7	3.174546	0.552753	2.836502	6.563801
135	8	3.174546	0.671463	4.014406	7.860416
135	9	3.174546	0.552753	2.836502	6.563801
135	10	3.174546	0.553205	2.840992	6.568744
135	11	3.174546	0.587813	3.184386	6.946746
135	12	3.174546	0.541087	3.038531	6.754165
135	13	3.174546	0.661766	4.183004	8.019316
135	14	3.174546	0.721389	4.509794	8.405730
135	15	3.174546	0.532001	2.630592	6.337139
135	16	3.174546	0.583288	3.139488	6.897322
135	17	3.174546	0.768010	4.972393	8.914949
135	18	3.174546	0.603240	3.337465	7.115252
135	19	3.174546	0.685592	4.260533	8.120672
135	20	3.174546	0.560164	2.910042	6.644752
135	21	3.174546	0.538778	2.697837	6.411161
135	22	3.174546	0.574054	3.047868	6.796469
135	23	3.174546	0.619029	3.494130	7.287705
135	24	3.174546	0.664250	3.942839	7.781636
135	25	3.174546	0.533936	2.649797	6.358280
135	26	3.174546	0.652282	3.824085	7.650914
135	27	3.174546	0.510625	2.418489	6.103660
135	28	3.174546	0.521600	2.527387	6.223533
135	29	3.174546	0.566431	2.972222	6.713199
135	30	3.174546	0.544769	3.022102	6.741417
135	31	3.174546	0.533504	2.645509	6.353559
135	32	3.174546	0.584176	3.148296	6.907018
135	33	3.174546	0.619029	3.494130	7.287705
135	34	3.174546	0.662542	3.925890	7.762979
135	35	3.174546	0.567996	2.987752	6.730294
135	36	3.174546	0.681572	4.114712	7.970830
135	37	3.174546	0.567996	2.987752	6.730294
135	38	3.174546	0.713621	4.432721	8.320889
135	39	3.174546	0.487820	2.192204	5.854570
135	40	3.174546	0.589230	3.198452	6.962229
135	41	3.174546	0.573732	3.044665	6.792943
135	42	3.174546	0.662542	3.925890	7.762979
135	43	3.174546	0.508837	2.400748	6.084131
135	44	3.174546	0.753551	4.881888	8.809986
135	45	3.174546	0.566983	3.136590	6.878118
135	46	3.174546	0.611164	3.416086	7.201796
135	47	3.174546	0.596793	3.273492	7.044831
135	48	3.174546	0.653831	3.839451	7.667829
135	49	3.174546	0.656662	4.026431	7.857640
135	50	3.174546	0.662542	3.925890	7.762979
135	51	3.174546	0.618287	3.486770	7.279604
135	52	3.174546	0.664250	3.942839	7.781636
135	53	3.174546	0.538778	2.697837	6.411161
135	54	3.174546	0.510291	2.415179	6.100016
135	55	3.174546	0.574054	3.047868	6.796469
135	56	3.174546	0.528447	2.595326	6.298319
135	57	3.174546	0.586376	3.170126	6.931048
135	58	3.174546	0.435463	1.672698	5.282708
135	59	3.174546	0.546204	2.771527	6.492278
135	60	3.174546	0.527547	2.586400	6.288494
135	61	3.174546	0.603240	3.337465	7.115252
135	62	3.174546	0.681572	4.114712	7.970830
135	63	3.174546	0.626981	3.573032	7.374560
135	64	3.174546	0.618287	3.486770	7.279604
135	65	3.174546	0.497379	2.287059	5.958984
135	66	3.174546	0.608869	3.393316	7.176731
135	67	3.174546	0.551613	3.248905	6.975064
135	68	3.174546	0.604242	3.347402	7.126190
135	69	3.174546	0.532001	2.630592	6.337139
135	70	3.174546	0.503178	2.344594	6.022318
135	71	3.174546	0.521774	3.058755	6.755076
135	72	3.174546	0.528447	2.595326	6.298319
135	73	3.174546	0.510625	2.418489	6.103660
135	74	3.174546	0.557539	2.883996	6.616082
135	75	3.174546	0.604067	3.345668	7.124281
135	76	3.174546	0.685899	4.157650	8.018096
135	77	3.174546	0.671463	4.014406	7.860416
135	78	3.174546	0.573119	3.038589	6.786255
135	79	3.174546	0.574054	3.047868	6.796469
135	80	3.174546	0.528447	2.595326	6.298319
135	81	3.174546	0.604067	3.345668	7.124281
135	82	3.174546	0.560164	2.910042	6.644752
135	83	3.174546	0.573732	3.044665	6.792943
135	84	3.174546	0.552753	2.836502	6.563801
135	85	3.174546	0.527547	2.586400	6.288494
135	86	3.174546	0.546204	2.771527	6.492278
135	87	3.174546	0.653831	3.839451	7.667829
135	88	3.174546	0.557539	2.883996	6.616082
135	89	3.174546	0.721389	4.509794	8.405730
135	90	3.174546	0.608869	3.393316	7.176731
135	91	3.174546	0.721389	4.509794	8.405730
135	92	3.174546	0.566431	2.972222	6.713199
135	93	3.174546	0.510291	2.415179	6.100016
135	94	3.174546	0.619029	3.494130	7.287705
135	95	3.174546	0.510625	2.418489	6.103660
135	96	3.174546	0.581819	3.283800	7.040165
135	97	3.174546	0.510291	2.415179	6.100016
135	98	3.174546	0.652282	3.824085	7.650914
135	99	3.174546	0.533504	2.645509	6.353559
136	0	3.392934	0.576085	3.438766	7.407785
136	1	3.392934	0.661635	3.916888	7.971457
136	2	3.392934	0.561036	2.918693	6.872663
136	3	3.392934	0.563385	2.941998	6.898317
136	4	3.392934	0.510017	2.412462	6.315413
136	5	3.392934	0.533873	2.649166	6.575972
136	6	3.392934	0.542439	2.734163	6.669535
136	7	3.392934	0.613992	3.444147	7.451072
136	8	3.392934	0.599569	3.301036	7.293538
136	9	3.392934	0.523964	2.550849	6.467747
136	10	3.392934	0.489213	2.206026	6.088173
136	11	3.392934	0.564795	2.955988	6.913717
136	12	3.392934	0.613992	3.444147	7.451072
136	13	3.392934	0.537668	2.686822	6.617423
136	14	3.392934	0.539728	3.236904	7.169566
136	15	3.392934	0.578356	3.090550	7.061840
136	16	3.392934	0.533512	2.645591	6.572037
136	17	3.392934	0.552260	2.831615	6.776809
136	18	3.392934	0.483940	2.153708	6.030581
136	19	3.392934	0.576178	3.068941	7.038053
136	20	3.392934	0.515312	2.464997	6.373243
136	21	3.392934	0.513643	2.448434	6.355011
136	22	3.392934	0.646875	3.770435	7.810245
136	23	3.392934	0.510017	2.412462	6.315413
136	24	3.392934	0.545926	2.768767	6.707627
136	25	3.392934	0.564795	2.955988	6.913717
136	26	3.392934	0.576178	3.068941	7.038053
136	27	3.392934	0.723459	4.530338	8.646731
136	28	3.392934	0.591938	3.225318	7.210190
136	29	3.392934	0.523964	2.550849	6.467747
136	30	3.392934	0.560460	3.230760	7.184154
136	31	3.392934	0.716658	4.462854	8.572446
136	32	3.392934	0.564733	2.955380	6.913047
136	33	3.392934	0.650511	3.806513	7.849959
136	34	3.392934	0.510699	2.419228	6.322861
136	35	3.392934	0.431620	1.634564	5.459118
136	36	3.392934	0.526066	2.571700	6.490700
136	37	3.392934	0.716658	4.462854	8.572446
136	38	3.392934	0.707838	4.534230	8.635002
136	39	3.392934	0.729819	4.593439	8.716191
136	40	3.392934	0.453269	1.849371	5.695573
136	41	3.392934	0.650511	3.806513	7.849959
136	42	3.392934	0.542439	2.734163	6.669535
136	43	3.392934	0.507695	2.389422	6.290051
136	44	3.392934	0.597157	3.277104	7.267195
136	45	3.392934	0.559943	2.907843	6.860720
136	46	3.392934	0.533873	2.649166	6.575972
136	47	3.392934	0.626379	3.567060	7.586373
136	48	3.392934	0.489213	2.206026	6.088173
136	49	3.392934	0.556906	2.877717	6.827558
136	50	3.392934	0.510699	2.419228	6.322861
136	51	3.392934	0.565750	3.124356	7.083039
136	52	3.392934	0.612435	3.640554	7.645923
136	53	3.392934	0.488187	2.195853	6.076974
136	54	3.392934	0.581041	3.117190	7.091165
136	55	3.392934	0.626239	3.565675	7.584848
136	56	3.392934	0.620250	3.506244	7.519428
136	57	3.392934	0.587038	3.176703	7.156675
136	58	3.392934	0.558781	2.896318	6.848033
136	59	3.392934	0.646875	3.770435	7.810245
136	60	3.392934	0.523964	2.550849	6.467747
136	61	3.392934	0.498591	2.299084	6.190609
136	62	3.392934	0.685345	4.152152	8.230431
136	63	3.392934	0.566482	2.972728	6.932143
136	64	3.392934	0.542510	2.734873	6.670317
136	65	3.392934	0.630029	3.603280	7.626243
136	66	3.392934	0.506411	2.376673	6.276018
136	67	3.392934	0.606468	3.422460	7.421862
136	68	3.392934	0.498591	2.299084	6.190609
136	69	3.392934	0.563385	2.941998	6.898317
136	70	3.392934	0.606468	3.422460	7.421862
136	71	3.392934	0.510017	2.412462	6.315413
136	72	3.392934	0.585277	3.159225	7.137436
136	73	3.392934	0.660803	3.908631	7.962368
136	74	3.392934	0.615384	3.457960	7.466278
136	75	3.392934	0.523964	2.550849	6.467747
136	76	3.392934	0.542439	2.734163	6.669535
136	77	3.392934	0.578356	3.090550	7.061840
136	78	3.392934	0.483089	2.145265	6.021288
136	79	3.392934	0.716658	4.462854	8.572446
136	80	3.392934	0.637165	3.674088	7.704187
136	81	3.392934	0.685345	4.152152	8.230431
136	82	3.392934	0.559943	2.907843	6.860720
136	83	3.392934	0.506411	2.376673	6.276018
136	84	3.392934	0.660803	3.908631	7.962368
136	85	3.392934	0.578356	3.090550	7.061840
136	86	3.392934	0.741692	4.711248	8.845873
136	87	3.392934	0.560460	3.230760	7.184154
136	88	3.392934	0.552260	2.831615	6.776809
136	89	3.392934	0.552260	2.831615	6.776809
136	90	3.392934	0.537668	2.686822	6.617423
136	91	3.392934	0.597157	3.277104	7.267195
136	92	3.392934	0.488187	2.195853	6.076974
136	93	3.392934	0.545926	2.768767	6.707627
136	94	3.392934	0.537668	2.686822	6.617423
136	95	3.392934	0.626379	3.567060	7.586373
136	96	3.392934	0.695749	4.255382	8.344065
136	97	3.392934	0.483089	2.145265	6.021288
136	98	3.392934	0.620213	3.770699	7.783846
136	99	3.392934	0.513643	2.448434	6.355011
137	0	3.261101	0.550442	2.813572	6.625115
137	1	3.261101	0.531959	2.630178	6.423238
137	2	3.261101	0.707238	4.369387	8.337727
137	3	3.261101	0.707238	4.369387	8.337727
137	4	3.261101	0.594508	3.250823	7.106433
137	5	3.261101	0.628839	3.591469	7.481409
137	6	3.261101	0.515920	2.471027	6.248048
137	7	3.261101	0.590667	3.212704	7.064472
137	8	3.261101	0.567716	2.984971	6.813788
137	9	3.261101	0.638399	3.686330	7.585831
137	10	3.261101	0.664268	3.943010	7.868379
137	11	3.261101	0.579596	3.102853	6.943550
137	12	3.261101	0.511501	2.427182	6.199785
137	13	3.261101	0.697884	4.276568	8.235554
137	14	3.261101	0.615185	3.455989	7.332275
137	15	3.261101	0.527168	2.582636	6.370905
137	16	3.261101	0.707238	4.369387	8.337727
137	17	3.261101	0.567453	2.982364	6.810918
137	18	3.261101	0.580089	3.319604	7.160795
137	19	3.261101	0.638399	3.686330	7.585831
137	20	3.261101	0.534235	2.652765	6.448101
137	21	3.261101	0.619548	3.499281	7.379931
137	22	3.261101	0.559130	3.270526	7.090757
137	23	3.261101	0.491259	2.226330	5.978690
137	24	3.261101	0.550442	2.813572	6.625115
137	25	3.261101	0.555799	2.866727	6.683626
137	26	3.261101	0.492095	2.234631	5.987828
137	27	3.261101	0.511476	2.426933	6.199510
137	28	3.261101	0.707238	4.369387	8.337727
137	29	3.261101	0.594508	3.250823	7.106433
137	30	3.261101	0.534235	2.652765	6.448101
137	31	3.261101	0.491259	2.226330	5.978690
137	32	3.261101	0.585152	3.157983	7.004236
137	33	3.261101	0.664268	3.943010	7.868379
137	34	3.261101	0.576503	3.072168	6.909773
137	35	3.261101	0.527168	2.582636	6.370905
137	36	3.261101	0.619548	3.499281	7.379931
137	37	3.261101	0.590667	3.212704	7.064472
137	38	3.261101	0.673241	4.032046	7.966388
137	39	3.261101	0.590667	3.212704	7.064472
137	40	3.261101	0.511501	2.427182	6.199785
137	41	3.261101	0.663020	3.930634	7.854756
137	42	3.261101	0.578260	3.089602	6.928964
137	43	3.261101	0.574123	3.048549	6.883773
137	44	3.261101	0.606717	3.371960	7.239778
137	45	3.261101	0.558685	2.895371	6.715157
137	46	3.261101	0.534935	2.659704	6.455740
137	47	3.261101	0.453380	1.850482	5.564963
137	48	3.261101	0.638399	3.686330	7.585831
137	49	3.261101	0.628888	3.750848	7.640838
137	50	3.261101	0.628839	3.591469	7.481409
137	51	3.261101	0.569687	3.163426	6.994214
137	52	3.261101	0.472043	2.035658	5.768802
137	53	3.261101	0.638771	3.690015	7.589886
137	54	3.261101	0.555799	2.866727	6.683626
137	55	3.261101	0.688191	4.180392	8.129685
137	56	3.261101	0.628839	3.591469	7.481409
137	57	3.261101	0.527168	2.582636	6.370905
137	58	3.261101	0.491259	2.226330	5.978690
137	59	3.261101	0.640327	3.811388	7.712817
137	60	3.261101	0.707238	4.369387	8.337727
137	61	3.261101	0.453380	1.850482	5.564963
137	62	3.261101	0.552547	2.834465	6.648114
137	63	3.261101	0.570103	3.008659	6.839863
137	64	3.261101	0.567453	2.982364	6.810918
137	65	3.261101	0.509252	2.404862	6.175215
137	66	3.261101	0.509252	2.404862	6.175215
137	67	3.261101	0.677932	4.078594	8.017627
137	68	3.261101	0.578392	3.090907	6.930401
137	69	3.261101	0.576683	3.073948	6.911732
137	70	3.261101	0.492095	2.234631	5.987828
137	71	3.261101	0.576503	3.072168	6.909773
137	72	3.261101	0.531959	2.630178	6.423238
137	73	3.261101	0.576683	3.073948	6.911732
137	74	3.261101	0.472043	2.035658	5.768802
137	75	3.261101	0.594508	3.250823	7.106433
137	76	3.261101	0.711233	4.409021	8.381355
137	77	3.261101	0.600721	3.312470	7.174292
137	78	3.261101	0.677932	4.078594	8.017627
137	79	3.261101	0.567131	3.243991	7.072223
137	80	3.261101	0.609926	3.509736	7.380764
137	81	3.261101	0.509473	2.407055	6.177629
137	82	3.261101	0.515920	2.471027	6.248048
137	83	3.261101	0.629707	3.600083	7.490891
137	84	3.261101	0.568450	3.204114	7.033666
137	85	3.261101	0.552547	2.834465	6.648114
137	86	3.261101	0.453380	1.850482	5.564963
137	87	3.261101	0.745570	4.749732	8.756403
137	88	3.261101	0.578392	3.090907	6.930401
137	89	3.261101	0.630369	3.606646	7.498116
137	90	3.261101	0.536629	2.676514	6.474244
137	91	3.261101	0.600721	3.312470	7.174292
137	92	3.261101	0.636525	3.667736	7.565362
137	93	3.261101	0.638771	3.690015	7.589886
137	94	3.261101	0.650958	3.810947	7.723007
137	95	3.261101	0.561530	3.347308	7.169939
137	96	3.261101	0.563361	2.941768	6.766231
137	97	3.261101	0.647586	3.936378	7.845065
137	98	3.261101	0.553632	2.845232	6.659965
137	99	3.261101	0.558685	2.895371	6.715157
138	0	3.168911	0.613072	3.435021	7.217004
138	1	3.168911	0.679577	4.094922	7.943410
138	2	3.168911	0.531211	2.622752	6.322874
138	3	3.168911	0.592029	3.226221	6.987162
138	4	3.168911	0.684277	4.141553	7.994741
138	5	3.168911	0.604725	3.352200	7.125837
138	6	3.168911	0.597475	3.280255	7.046641
138	7	3.168911	0.623489	3.538379	7.330779
138	8	3.168911	0.573333	3.040715	6.782960
138	9	3.168911	0.703157	4.328885	8.200952
138	10	3.168911	0.635639	3.658938	7.463488
138	11	3.168911	0.618778	3.491636	7.279325
138	12	3.168911	0.616302	3.520030	7.305243
138	13	3.168911	0.647070	3.772365	7.588347
138	14	3.168911	0.594615	3.251881	7.015407
138	15	3.168911	0.684277	4.141553	7.994741
138	16	3.168911	0.586307	3.275377	7.030596
138	17	3.168911	0.604725	3.352200	7.125837
138	18	3.168911	0.666699	3.967137	7.802748
138	19	3.168911	0.538152	2.691623	6.398686
138	20	3.168911	0.679577	4.094922	7.943410
138	21	3.168911	0.454555	1.862133	5.485600
138	22	3.168911	0.578698	3.093945	6.841555
138	23	3.168911	0.598047	3.285933	7.052891
138	24	3.168911	0.611041	3.520800	7.300753
138	25	3.168911	0.657352	3.874386	7.700649
138	26	3.168911	0.589377	3.199908	6.958197
138	27	3.168911	0.583170	3.138314	6.890395
138	28	3.168911	0.594615	3.251881	7.015407
138	29	3.168911	0.612967	3.433977	7.215855
138	30	3.168911	0.494868	2.262142	5.925922
138	31	3.168911	0.626284	3.936864	7.732059
138	32	3.168911	0.600108	3.412310	7.181330
138	33	3.168911	0.684545	4.144208	7.997664
138	34	3.168911	0.684545	4.144208	7.997664
138	35	3.168911	0.542235	2.732138	6.443284
138	36	3.168911	0.666699	3.967137	7.802748
138	37	3.168911	0.552630	2.835286	6.556827
138	38	3.168911	0.567588	2.983707	6.720206
138	39	3.168911	0.531211	2.622752	6.322874
138	40	3.168911	0.589377	3.199908	6.958197
138	41	3.168911	0.547304	2.782435	6.498650
138	42	3.168911	0.588518	3.191387	6.948817
138	43	3.168911	0.578698	3.093945	6.841555
138	44	3.168911	0.697040	4.268196	8.134148
138	45	3.168911	0.547304	2.782435	6.498650
138	46	3.168911	0.578698	3.093945	6.841555
138	47	3.168911	0.526997	2.580939	6.276847
138	48	3.168911	0.624103	3.544478	7.337493
138	49	3.168911	0.591797	3.223918	6.984626
138	50	3.168911	0.547304	2.782435	6.498650
138	51	3.168911	0.482678	2.141186	5.792775
138	52	3.168911	0.454555	1.862133	5.485600
138	53	3.168911	0.524491	2.556072	6.249474
138	54	3.168911	0.556655	2.875219	6.600786
138	55	3.168911	0.556655	2.875219	6.600786
138	56	3.168911	0.598047	3.285933	7.052891
138	57	3.168911	0.612967	3.433977	7.215855
138	58	3.168911	0.594615	3.251881	7.015407
138	59	3.168911	0.622458	3.528155	7.319525
138	60	3.168911	0.608546	3.390110	7.167568
138	61	3.168911	0.578698	3.093945	6.841555
138	62	3.168911	0.454555	1.862133	5.485600
138	63	3.168911	0.542773	2.737479	6.449164
138	64	3.168911	0.526997	2.580939	6.276847
138	65	3.168911	0.728556	4.580911	8.478378
138	66	3.168911	0.719342	4.489480	8.377733
138	67	3.168911	0.508802	2.400399	6.078112
138	68	3.168911	0.625170	3.555068	7.349150
138	69	3.168911	0.517788	2.489564	6.176263
138	70	3.168911	0.679577	4.094922	7.943410
138	71	3.168911	0.538152	2.691623	6.398686
138	72	3.168911	0.612967	3.433977	7.215855
138	73	3.168911	0.573333	3.040715	6.782960
138	74	3.168911	0.713902	4.435510	8.318323
138	75	3.168911	0.591797	3.223918	6.984626
138	76	3.168911	0.531211	2.622752	6.322874
138	77	3.168911	0.454555	1.862133	5.485600
138	78	3.168911	0.688157	4.180047	8.037115
138	79	3.168911	0.625170	3.555068	7.349150
138	80	3.168911	0.574090	3.048217	6.791218
138	81	3.168911	0.734943	4.644286	8.548141
138	82	3.168911	0.531211	2.622752	6.322874
138	83	3.168911	0.623731	3.699678	7.492320
138	84	3.168911	0.589377	3.199908	6.958197
138	85	3.168911	0.589269	3.463651	7.221831
138	86	3.168911	0.508452	2.396932	6.074296
138	87	3.168911	0.526997	2.580939	6.276847
138	88	3.168911	0.494868	2.262142	5.925922
138	89	3.168911	0.600180	3.307101	7.076193
138	90	3.168911	0.509994	2.835940	6.514846
138	91	3.168911	0.734943	4.644286	8.548141
138	92	3.168911	0.647070	3.772365	7.588347
138	93	3.168911	0.584663	3.153130	6.906704
138	94	3.168911	0.554127	2.850141	6.573180
138	95	3.168911	0.517788	2.489564	6.176263
138	96	3.168911	0.616302	3.520030	7.305243
138	97	3.168911	0.588515	3.403204	7.160630
138	98	3.168911	0.554127	2.850141	6.573180
138	99	3.168911	0.674177	4.041333	7.884422
139	0	3.347462	0.588808	3.194264	7.130534
139	1	3.347462	0.624580	3.549208	7.521249
139	2	3.347462	0.652864	3.829852	7.830178
139	3	3.347462	0.548740	2.796685	6.692886
139	4	3.347462	0.581540	3.175106	7.104108
139	5	3.347462	0.550585	2.814997	6.713044
139	6	3.347462	0.698660	4.284270	8.330392
139	7	3.347462	0.684422	4.142987	8.174871
139	8	3.347462	0.491689	2.230597	6.069748
139	9	3.347462	0.493265	2.246235	6.086961
139	10	3.347462	0.542932	2.739061	6.629455
139	11	3.347462	0.532246	2.633029	6.512738
139	12	3.347462	0.616470	3.468737	7.432669
139	13	3.347462	0.698660	4.284270	8.330392
139	14	3.347462	0.616470	3.468737	7.432669
139	15	3.347462	0.698660	4.284270	8.330392
139	16	3.347462	0.544916	2.758742	6.651120
139	17	3.347462	0.493265	2.246235	6.086961
139	18	3.347462	0.547593	2.785308	6.680363
139	19	3.347462	0.649858	3.800029	7.797349
139	20	3.347462	0.616470	3.468737	7.432669
139	21	3.347462	0.612499	3.641195	7.601156
139	22	3.347462	0.690674	4.205030	8.243166
139	23	3.347462	0.563076	2.938936	6.849474
139	24	3.347462	0.565993	2.967879	6.881334
139	25	3.347462	0.594782	3.253540	7.195784
139	26	3.347462	0.575878	3.330786	7.254126
139	27	3.347462	0.706939	4.366413	8.420813
139	28	3.347462	0.688518	4.183629	8.219608
139	29	3.347462	0.536550	2.675734	6.559746
139	30	3.347462	0.450830	1.825176	5.623468
139	31	3.347462	0.573341	3.040789	6.961591
139	32	3.347462	0.600507	3.310343	7.258312
139	33	3.347462	0.624444	3.547863	7.519769
139	34	3.347462	0.521519	2.526586	6.395567
139	35	3.347462	0.536550	2.675734	6.559746
139	36	3.347462	0.580566	3.112480	7.040508
139	37	3.347462	0.548301	2.792326	6.688088
139	38	3.347462	0.594782	3.253540	7.195784
139	39	3.347462	0.698660	4.284270	8.330392
139	40	3.347462	0.597404	3.279558	7.224424
139	41	3.347462	0.549409	2.803326	6.700197
139	42	3.347462	0.600507	3.310343	7.258312
139	43	3.347462	0.652864	3.829852	7.830178
139	44	3.347462	0.481578	2.130275	5.959316
139	45	3.347462	0.641560	3.717695	7.706717
139	46	3.347462	0.571081	3.018368	6.936911
139	47	3.347462	0.580336	3.375020	7.302818
139	48	3.347462	0.549409	2.803326	6.700197
139	49	3.347462	0.614231	3.446526	7.408219
139	50	3.347462	0.547067	3.150832	7.045360
139	51	3.347462	0.653213	3.833324	7.833999
139	52	3.347462	0.544916	2.758742	6.651120
139	53	3.347462	0.525584	2.566919	6.439964
139	54	3.347462	0.616470	3.468737	7.432669
139	55	3.347462	0.651253	4.025722	8.024436
139	56	3.347462	0.542932	2.739061	6.629455
139	57	3.347462	0.672392	4.023628	8.043482
139	58	3.347462	0.497141	2.284693	6.129296
139	59	3.347462	0.511881	2.430953	6.290296
139	60	3.347462	0.497141	2.284693	6.129296
139	61	3.347462	0.576626	3.073382	6.997470
139	62	3.347462	0.535308	2.663405	6.546174
139	63	3.347462	0.641560	3.717695	7.706717
139	64	3.347462	0.614231	3.446526	7.408219
139	65	3.347462	0.616225	3.466304	7.429990
139	66	3.347462	0.616470	3.468737	7.432669
139	67	3.347462	0.581029	3.117078	7.045570
139	68	3.347462	0.611156	3.416012	7.374630
139	69	3.347462	0.525584	2.566919	6.439964
139	70	3.347462	0.538673	2.696796	6.582931
139	71	3.347462	0.579614	3.103032	7.030108
139	72	3.347462	0.550585	2.814997	6.713044
139	73	3.347462	0.536550	2.675734	6.559746
139	74	3.347462	0.563076	2.938936	6.849474
139	75	3.347462	0.588808	3.194264	7.130534
139	76	3.347462	0.603878	3.343797	7.295137
139	77	3.347462	0.591750	3.223455	7.162667
139	78	3.347462	0.617103	3.475022	7.439587
139	79	3.347462	0.561872	2.926988	6.836322
139	80	3.347462	0.600507	3.310343	7.258312
139	81	3.347462	0.481578	2.130275	5.959316
139	82	3.347462	0.548740	2.796685	6.692886
139	83	3.347462	0.433081	1.649063	5.429606
139	84	3.347462	0.627410	3.630253	7.605124
139	85	3.347462	0.548301	2.792326	6.688088
139	86	3.347462	0.481578	2.130275	5.959316
139	87	3.347462	0.653213	3.833324	7.833999
139	88	3.347462	0.580566	3.112480	7.040508
139	89	3.347462	0.652864	3.829852	7.830178
139	90	3.347462	0.484845	2.692330	6.524637
139	91	3.347462	0.547593	2.785308	6.680363
139	92	3.347462	0.584499	3.151502	7.083462
139	93	3.347462	0.612576	3.483065	7.443102
139	94	3.347462	0.515822	2.999693	6.862976
139	95	3.347462	0.611156	3.416012	7.374630
139	96	3.347462	0.532241	2.632971	6.512673
139	97	3.347462	0.729160	4.586902	8.663523
139	98	3.347462	0.519753	2.509061	6.376275
139	99	3.347462	0.591799	3.223938	7.163199
140	0	3.369504	0.586587	3.172226	7.128317
140	1	3.369504	0.533080	2.641298	6.543881
140	2	3.369504	0.583276	3.139370	7.092149
140	3	3.369504	0.677744	4.076728	8.123975
140	4	3.369504	0.562879	2.936984	6.869367
140	5	3.369504	0.543841	2.748076	6.661420
140	6	3.369504	0.575762	3.064813	7.010079
140	7	3.369504	0.763712	4.929744	9.062959
140	8	3.369504	0.571917	3.026659	6.968079
140	9	3.369504	0.668625	3.986247	8.024375
140	10	3.369504	0.631784	3.620694	7.621982
140	11	3.369504	0.669056	3.990518	8.029077
140	12	3.369504	0.580108	3.107931	7.057542
140	13	3.369504	0.578587	3.092846	7.040936
140	14	3.369504	0.628065	3.636754	7.634322
140	15	3.369504	0.666553	3.965690	8.001746
140	16	3.369504	0.533080	2.641298	6.543881
140	17	3.369504	0.552388	2.832889	6.754781
140	18	3.369504	0.541674	2.726570	6.637747
140	19	3.369504	0.535028	2.660624	6.565155
140	20	3.369504	0.573992	3.047247	6.990742
140	21	3.369504	0.685281	4.151515	8.206299
140	22	3.369504	0.538576	2.695832	6.603911
140	23	3.369504	0.578587	3.092846	7.040936
140	24	3.369504	0.715221	4.448598	8.533323
140	25	3.369504	0.601401	3.531069	7.501973
140	26	3.369504	0.535028	2.660624	6.565155
140	27	3.369504	0.563019	2.938365	6.870888
140	28	3.369504	0.557734	2.885934	6.813171
140	29	3.369504	0.593711	3.242910	7.206125
140	30	3.369504	0.733272	4.627706	8.730481
140	31	3.369504	0.667895	3.978998	8.016396
140	32	3.369504	0.486440	2.178519	6.034463
140	33	3.369504	0.574999	3.057241	7.001743
140	34	3.369504	0.543670	2.746384	6.659558
140	35	3.369504	0.562879	2.936984	6.869367
140	36	3.369504	0.577757	3.296465	7.243725
140	37	3.369504	0.594098	3.246753	7.210355
140	38	3.369504	0.598423	3.289666	7.257592
140	39	3.369504	0.669056	3.990518	8.029077
140	40	3.369504	0.530362	2.614333	6.514198
140	41	3.369504	0.585419	3.160632	7.115555
140	42	3.369504	0.553547	2.844386	6.767437
140	43	3.369504	0.582833	3.134971	7.087307
140	44	3.369504	0.525061	2.561734	6.456299
140	45	3.369504	0.431733	1.635685	5.436921
140	46	3.369504	0.563236	2.940520	6.873259
140	47	3.369504	0.516527	2.794831	6.680861
140	48	3.369504	0.667895	3.978998	8.016396
140	49	3.369504	0.510333	2.415590	6.295427
140	50	3.369504	0.516026	2.472086	6.357616
140	51	3.369504	0.593711	3.242910	7.206125
140	52	3.369504	0.576402	3.071163	7.017069
140	53	3.369504	0.566559	2.973492	6.909554
140	54	3.369504	0.571917	3.026659	6.968079
140	55	3.369504	0.631784	3.620694	7.621982
140	56	3.369504	0.576402	3.071163	7.017069
140	57	3.369504	0.598423	3.289666	7.257592
140	58	3.369504	0.592362	3.335458	7.297324
140	59	3.369504	0.582213	3.128821	7.080537
140	60	3.369504	0.552185	3.254584	7.176272
140	61	3.369504	0.533169	2.642180	6.544852
140	62	3.369504	0.687851	4.177020	8.234375
140	63	3.369504	0.453391	1.850589	5.673484
140	64	3.369504	0.533080	2.641298	6.543881
140	65	3.369504	0.541674	2.726570	6.637747
140	66	3.369504	0.490161	2.215434	6.075099
140	67	3.369504	0.517766	2.489350	6.376620
140	68	3.369504	0.567336	2.981208	6.918048
140	69	3.369504	0.552388	2.832889	6.754781
140	70	3.369504	0.506360	2.376167	6.252030
140	71	3.369504	0.541674	2.726570	6.637747
140	72	3.369504	0.510333	2.415590	6.295427
140	73	3.369504	0.506360	2.376167	6.252030
140	74	3.369504	0.621513	3.518775	7.509791
140	75	3.369504	0.594098	3.246753	7.210355
140	76	3.369504	0.719972	4.495735	8.585211
140	77	3.369504	0.646912	3.770802	7.787218
140	78	3.369504	0.538576	2.695832	6.603911
140	79	3.369504	0.562879	2.936984	6.869367
140	80	3.369504	0.553547	2.844386	6.767437
140	81	3.369504	0.532945	2.639961	6.542410
140	82	3.369504	0.506360	2.376167	6.252030
140	83	3.369504	0.666553	3.965690	8.001746
140	84	3.369504	0.553431	2.843228	6.766162
140	85	3.369504	0.582833	3.134971	7.087307
140	86	3.369504	0.578587	3.092846	7.040936
140	87	3.369504	0.571917	3.026659	6.968079
140	88	3.369504	0.567336	2.981208	6.918048
140	89	3.369504	0.561603	3.083215	7.014322
140	90	3.369504	0.596666	3.642982	7.609151
140	91	3.369504	0.525061	2.561734	6.456299
140	92	3.369504	0.562879	2.936984	6.869367
140	93	3.369504	0.576402	3.071163	7.017069
140	94	3.369504	0.619484	3.498648	7.487636
140	95	3.369504	0.569617	3.003843	6.942964
140	96	3.369504	0.630999	3.612898	7.613400
140	97	3.369504	0.636396	3.772378	7.778278
140	98	3.369504	0.490161	2.215434	6.075099
140	99	3.369504	0.494878	2.262239	6.126620
141	0	3.389364	0.681168	4.110703	8.181235
141	1	3.389364	0.589347	3.199606	7.178316
141	2	3.389364	0.556874	2.877399	6.823637
141	3	3.389364	0.619907	3.502836	7.512106
141	4	3.389364	0.616626	3.470289	7.476279
141	5	3.389364	0.561537	2.923663	6.874563
141	6	3.389364	0.620690	3.510607	7.520661
141	7	3.389364	0.580893	3.539438	7.509695
141	8	3.389364	0.589347	3.199606	7.178316
141	9	3.389364	0.589833	3.204432	7.183628
141	10	3.389364	0.662241	3.922904	7.974509
141	11	3.389364	0.528482	2.595676	6.513522
141	12	3.389364	0.589347	3.199606	7.178316
141	13	3.389364	0.530277	2.613491	6.533132
141	14	3.389364	0.562239	2.930632	6.882234
141	15	3.389364	0.522378	2.535106	6.446848
141	16	3.389364	0.459030	1.906543	5.754937
141	17	3.389364	0.689042	4.188836	8.267242
141	18	3.389364	0.590246	3.208528	7.188138
141	19	3.389364	0.535911	2.669391	6.594665
141	20	3.389364	0.597859	3.284067	7.271289
141	21	3.389364	0.564343	2.951510	6.905217
141	22	3.389364	0.555995	2.868671	6.814029
141	23	3.389364	0.564343	2.951510	6.905217
141	24	3.389364	0.564343	2.951510	6.905217
141	25	3.389364	0.624690	3.550300	7.564354
141	26	3.389364	0.532603	2.636562	6.558529
141	27	3.389364	0.646670	3.768399	7.804432
141	28	3.389364	0.577708	3.084123	7.051195
141	29	3.389364	0.505192	2.947182	6.841738
141	30	3.389364	0.662241	3.922904	7.974509
141	31	3.389364	0.632190	3.624722	7.646276
141	32	3.389364	0.536863	2.678841	6.605068
141	33	3.389364	0.536742	2.677638	6.603744
141	34	3.389364	0.599428	3.405569	7.394361
141	35	3.389364	0.540435	2.714277	6.644075
141	36	3.389364	0.516397	2.475763	6.381523
141	37	3.389364	0.597859	3.284067	7.271289
141	38	3.389364	0.595215	3.257836	7.242415
141	39	3.389364	0.562982	2.937999	6.890344
141	40	3.389364	0.562982	2.937999	6.890344
141	41	3.389364	0.561743	2.925711	6.876818
141	42	3.389364	0.599428	3.405569	7.394361
141	43	3.389364	0.547669	2.786063	6.723096
141	44	3.389364	0.705154	4.348707	8.443224
141	45	3.389364	0.618184	3.485745	7.493293
141	46	3.389364	0.536742	2.677638	6.603744
141	47	3.389364	0.515867	2.470501	6.375731
141	48	3.389364	0.689042	4.188836	8.267242
141	49	3.389364	0.641106	3.819119	7.849589
141	50	3.389364	0.624690	3.550300	7.564354
141	51	3.389364	0.608267	3.387340	7.384970
141	52	3.389364	0.591751	3.223464	7.204578
141	53	3.389364	0.517426	2.485968	6.392757
141	54	3.389364	0.632190	3.624722	7.646276
141	55	3.389364	0.535911	2.669391	6.594665
141	56	3.389364	0.561537	2.923663	6.874563
141	57	3.389364	0.632190	3.624722	7.646276
141	58	3.389364	0.562239	2.930632	6.882234
141	59	3.389364	0.518585	3.027110	6.935058
141	60	3.389364	0.632190	3.624722	7.646276
141	61	3.389364	0.705154	4.348707	8.443224
141	62	3.389364	0.646670	3.768399	7.804432
141	63	3.389364	0.631886	3.621701	7.642951
141	64	3.389364	0.568686	2.994605	6.952655
141	65	3.389364	0.666128	3.961470	8.016962
141	66	3.389364	0.617036	3.633243	7.639642
141	67	3.389364	0.479215	2.106822	5.975401
141	68	3.389364	0.666128	3.961470	8.016962
141	69	3.389364	0.522378	2.535106	6.446848
141	70	3.389364	0.620612	3.509837	7.519813
141	71	3.389364	0.602449	3.329612	7.321424
141	72	3.389364	0.633704	3.639745	7.662813
141	73	3.389364	0.650552	3.806913	7.846829
141	74	3.389364	0.602449	3.329612	7.321424
141	75	3.389364	0.642058	3.722630	7.754052
141	76	3.389364	0.590903	3.532834	7.513101
141	77	3.389364	0.646670	3.768399	7.804432
141	78	3.389364	0.515952	2.471346	6.376661
141	79	3.389364	0.459030	1.906543	5.754937
141	80	3.389364	0.530277	2.613491	6.533132
141	81	3.389364	0.479215	2.106822	5.975401
141	82	3.389364	0.540435	2.714277	6.644075
141	83	3.389364	0.531349	2.624126	6.544839
141	84	3.389364	0.648211	4.101466	8.139040
141	85	3.389364	0.508314	2.395563	6.293240
141	86	3.389364	0.738778	4.682340	8.810482
141	87	3.389364	0.536863	2.678841	6.605068
141	88	3.389364	0.517426	2.485968	6.392757
141	89	3.389364	0.601077	3.315999	7.306439
141	90	3.389364	0.562295	2.931186	6.882845
141	91	3.389364	0.561743	2.925711	6.876818
141	92	3.389364	0.594471	3.250453	7.234288
141	93	3.389364	0.561537	2.923663	6.874563
141	94	3.389364	0.618184	3.485745	7.493293
141	95	3.389364	0.618184	3.485745	7.493293
141	96	3.389364	0.595215	3.257836	7.242415
141	97	3.389364	0.524375	3.137529	7.051268
141	98	3.389364	0.438270	1.700551	5.528185
141	99	3.389364	0.705154	4.348707	8.443224
142	0	3.177855	0.556699	2.875657	6.610211
142	1	3.177855	0.699798	4.295561	8.173214
142	2	3.177855	0.619201	3.707689	7.504745
142	3	3.177855	0.568829	2.996024	6.742709
142	4	3.177855	0.686887	4.167446	8.032188
142	5	3.177855	0.514188	2.453840	6.145882
142	6	3.177855	0.683811	4.136931	7.998597
142	7	3.177855	0.435836	1.676393	5.290084
142	8	3.177855	0.577593	3.241871	6.997319
142	9	3.177855	0.599462	3.299973	7.077289
142	10	3.177855	0.497838	2.291610	5.967303
142	11	3.177855	0.596393	3.269526	7.043774
142	12	3.177855	0.558166	3.102067	6.838087
142	13	3.177855	0.610401	3.408522	7.196778
142	14	3.177855	0.600333	3.308621	7.086810
142	15	3.177855	0.608544	3.390092	7.176491
142	16	3.177855	0.596343	3.269029	7.043227
142	17	3.177855	0.601881	3.323981	7.103717
142	18	3.177855	0.541805	2.727871	6.447531
142	19	3.177855	0.517337	2.485090	6.180282
142	20	3.177855	0.536214	2.672399	6.386468
142	21	3.177855	0.616916	3.473161	7.267932
142	22	3.177855	0.600125	3.677302	7.455282
142	23	3.177855	0.553030	2.839250	6.570134
142	24	3.177855	0.497514	2.288399	5.963768
142	25	3.177855	0.658136	3.882169	7.718160
142	26	3.177855	0.590232	3.208394	6.976481
142	27	3.177855	0.604385	3.454756	7.236997
142	28	3.177855	0.658136	3.882169	7.718160
142	29	3.177855	0.520699	2.518451	6.217005
142	30	3.177855	0.630233	3.605306	7.413394
142	31	3.177855	0.599336	3.298727	7.075919
142	32	3.177855	0.685320	4.151906	8.015082
142	33	3.177855	0.638440	3.686730	7.503025
142	34	3.177855	0.698075	4.278461	8.154390
142	35	3.177855	0.683807	4.136891	7.998554
142	36	3.177855	0.516244	2.474248	6.168347
142	37	3.177855	0.593230	3.238137	7.009221
142	38	3.177855	0.683807	4.136891	7.998554
142	39	3.177855	0.556725	2.875920	6.610500
142	40	3.177855	0.552171	2.830734	6.560761
142	41	3.177855	0.475902	2.073951	5.727708
142	42	3.177855	0.612479	3.429140	7.219474
142	43	3.177855	0.552171	2.830734	6.560761
142	44	3.177855	0.593230	3.238137	7.009221
142	45	3.177855	0.520699	2.518451	6.217005
142	46	3.177855	0.536214	2.672399	6.386468
142	47	3.177855	0.608303	3.599552	7.385710
142	48	3.177855	0.593230	3.238137	7.009221
142	49	3.177855	0.556725	2.875920	6.610500
142	50	3.177855	0.541805	2.727871	6.447531
142	51	3.177855	0.534885	3.029953	6.742693
142	52	3.177855	0.475902	2.073951	5.727708
142	53	3.177855	0.599230	3.297676	7.074761
142	54	3.177855	0.532929	2.639799	6.350583
142	55	3.177855	0.591229	3.218279	6.987363
142	56	3.177855	0.593230	3.238137	7.009221
142	57	3.177855	0.600333	3.308621	7.086810
142	58	3.177855	0.552087	3.253608	6.983550
142	59	3.177855	0.630233	3.605306	7.413394
142	60	3.177855	0.601122	3.316451	7.095428
142	61	3.177855	0.556484	2.873529	6.607868
142	62	3.177855	0.656661	3.867533	7.702049
142	63	3.177855	0.456420	1.880642	5.514918
142	64	3.177855	0.532929	2.639799	6.350583
142	65	3.177855	0.516244	2.474248	6.168347
142	66	3.177855	0.683807	4.136891	7.998554
142	67	3.177855	0.497838	2.291610	5.967303
142	68	3.177855	0.591229	3.218279	6.987363
142	69	3.177855	0.634783	3.650449	7.463087
142	70	3.177855	0.494230	2.255811	5.927896
142	71	3.177855	0.683807	4.136891	7.998554
142	72	3.177855	0.638440	3.686730	7.503025
142	73	3.177855	0.686887	4.167446	8.032188
142	74	3.177855	0.603027	3.706094	7.486976
142	75	3.177855	0.579126	3.098195	6.855176
142	76	3.177855	0.656661	3.867533	7.702049
142	77	3.177855	0.600333	3.308621	7.086810
142	78	3.177855	0.556699	2.875657	6.610211
142	79	3.177855	0.593230	3.238137	7.009221
142	80	3.177855	0.683811	4.136931	7.998597
142	81	3.177855	0.560871	3.234834	6.973559
142	82	3.177855	0.494230	2.255811	5.927896
142	83	3.177855	0.586205	3.168434	6.932495
142	84	3.177855	0.599462	3.299973	7.077289
142	85	3.177855	0.456420	1.880642	5.514918
142	86	3.177855	0.516244	2.474248	6.168347
142	87	3.177855	0.568829	2.996024	6.742709
142	88	3.177855	0.600333	3.308621	7.086810
142	89	3.177855	0.658136	3.882169	7.718160
142	90	3.177855	0.556725	2.875920	6.610500
142	91	3.177855	0.556699	2.875657	6.610211
142	92	3.177855	0.638440	3.686730	7.503025
142	93	3.177855	0.599336	3.298727	7.075919
142	94	3.177855	0.556699	2.875657	6.610211
142	95	3.177855	0.593230	3.238137	7.009221
142	96	3.177855	0.629330	3.596343	7.403529
142	97	3.177855	0.569860	3.006250	6.753965
142	98	3.177855	0.577254	3.079614	6.834723
142	99	3.177855	0.553030	2.839250	6.570134
143	0	3.442787	0.555477	2.863538	6.861802
143	1	3.442787	0.518276	2.494404	6.455467
143	2	3.442787	0.575317	3.060401	7.078506
143	3	3.442787	0.489452	2.208406	6.140646
143	4	3.442787	0.580566	3.112479	7.135832
143	5	3.442787	0.555477	2.863538	6.861802
143	6	3.442787	0.501628	2.329220	6.273636
143	7	3.442787	0.575874	3.065928	7.084590
143	8	3.442787	0.490312	2.216936	6.150035
143	9	3.442787	0.654466	3.845757	7.943011
143	10	3.442787	0.650463	3.806037	7.899288
143	11	3.442787	0.592367	3.229572	7.264725
143	12	3.442787	0.509810	2.410405	6.363002
143	13	3.442787	0.548847	2.797747	6.789381
143	14	3.442787	0.575874	3.065928	7.084590
143	15	3.442787	0.599061	3.295997	7.337845
143	16	3.442787	0.546569	2.775144	6.764501
143	17	3.442787	0.497567	2.288922	6.229276
143	18	3.442787	0.518276	2.494404	6.455467
143	19	3.442787	0.560055	2.908956	6.911798
143	20	3.442787	0.551139	2.820486	6.814412
143	21	3.442787	0.652239	3.823657	7.918683
143	22	3.442787	0.552279	3.202552	7.197619
143	23	3.442787	0.612321	3.427574	7.482682
143	24	3.442787	0.513011	2.442167	6.397966
143	25	3.442787	0.497567	2.288922	6.229276
143	26	3.442787	0.579142	3.098353	7.120282
143	27	3.442787	0.653677	3.890886	7.987350
143	28	3.442787	0.588591	3.192103	7.223481
143	29	3.442787	0.548847	2.797747	6.789381
143	30	3.442787	0.499927	2.312335	6.255049
143	31	3.442787	0.686547	4.217038	8.346372
143	32	3.442787	0.585255	3.159007	7.187050
143	33	3.442787	0.612183	3.426204	7.481175
143	34	3.442787	0.562415	2.932379	6.937582
143	35	3.442787	0.583490	3.141492	7.167769
143	36	3.442787	0.596654	3.272111	7.311552
143	37	3.442787	0.518498	2.496613	6.457898
143	38	3.442787	0.559601	2.904453	6.906841
143	39	3.442787	0.522762	2.538919	6.504469
143	40	3.442787	0.588591	3.192103	7.223481
143	41	3.442787	0.609178	3.396382	7.448348
143	42	3.442787	0.520599	2.517455	6.480841
143	43	3.442787	0.701911	4.316526	8.461224
143	44	3.442787	0.645839	3.760148	7.848774
143	45	3.442787	0.555477	2.863538	6.861802
143	46	3.442787	0.686547	4.217038	8.346372
143	47	3.442787	0.665007	3.950345	8.058140
143	48	3.442787	0.610156	3.406091	7.459034
143	49	3.442787	0.487553	2.189563	6.119904
143	50	3.442787	0.725519	4.550777	8.719083
143	51	3.442787	0.560055	2.908956	6.911798
143	52	3.442787	0.610156	3.406091	7.459034
143	53	3.442787	0.522762	2.538919	6.504469
143	54	3.442787	0.630653	3.609465	7.682905
143	55	3.442787	0.633989	3.801458	7.878234
143	56	3.442787	0.509810	2.410405	6.363002
143	57	3.442787	0.665649	3.956714	8.065150
143	58	3.442787	0.555477	2.863538	6.861802
143	59	3.442787	0.579142	3.098353	7.120282
143	60	3.442787	0.621284	3.516507	7.580578
143	61	3.442787	0.630246	3.605428	7.678461
143	62	3.442787	0.610156	3.406091	7.459034
143	63	3.442787	0.497567	2.288922	6.229276
143	64	3.442787	0.725519	4.550777	8.719083
143	65	3.442787	0.652239	3.823657	7.918683
143	66	3.442787	0.579142	3.098353	7.120282
143	67	3.442787	0.583490	3.141492	7.167769
143	68	3.442787	0.553347	2.842395	6.838529
143	69	3.442787	0.486895	2.183025	6.112707
143	70	3.442787	0.665007	3.950345	8.058140
143	71	3.442787	0.623310	3.695501	7.761599
143	72	3.442787	0.579142	3.098353	7.120282
143	73	3.442787	0.610156	3.406091	7.459034
143	74	3.442787	0.641212	3.767202	7.851201
143	75	3.442787	0.580566	3.112479	7.135832
143	76	3.442787	0.575317	3.060401	7.078506
143	77	3.442787	0.599061	3.295997	7.337845
143	78	3.442787	0.610156	3.406091	7.459034
143	79	3.442787	0.601270	3.317919	7.361976
143	80	3.442787	0.604654	3.351491	7.398932
143	81	3.442787	0.548847	2.797747	6.789381
143	82	3.442787	0.633608	3.638793	7.715188
143	83	3.442787	0.575317	3.060401	7.078506
143	84	3.442787	0.520599	2.517455	6.480841
143	85	3.442787	0.552628	2.835264	6.830679
143	86	3.442787	0.652239	3.823657	7.918683
143	87	3.442787	0.645839	3.760148	7.848774
143	88	3.442787	0.585255	3.159007	7.187050
143	89	3.442787	0.575317	3.060401	7.078506
143	90	3.442787	0.507515	2.387633	6.337935
143	91	3.442787	0.612183	3.426204	7.481175
143	92	3.442787	0.555477	2.863538	6.861802
143	93	3.442787	0.518498	2.496613	6.457898
143	94	3.442787	0.704768	4.503768	8.651324
143	95	3.442787	0.593210	3.502757	7.538754
143	96	3.442787	0.610156	3.406091	7.459034
143	97	3.442787	0.630653	3.609465	7.682905
143	98	3.442787	0.506624	2.378790	6.328201
143	99	3.442787	0.707202	4.369030	8.519019
144	0	3.354413	0.514556	2.457498	6.326468
144	1	3.354413	0.591698	3.328863	7.274975
144	2	3.354413	0.540590	2.715818	6.610821
144	3	3.354413	0.577769	3.084728	7.016911
144	4	3.354413	0.622039	3.523999	7.500451
144	5	3.354413	0.544917	2.758752	6.658082
144	6	3.354413	0.541578	2.725624	6.621615
144	7	3.354413	0.575721	3.064406	6.994540
144	8	3.354413	0.556081	2.869527	6.780021
144	9	3.354413	0.499273	2.305850	6.159536
144	10	3.354413	0.623287	3.536376	7.514076
144	11	3.354413	0.561309	2.921401	6.837123
144	12	3.354413	0.542238	2.732168	6.628819
144	13	3.354413	0.582073	3.127430	7.063917
144	14	3.354413	0.499406	2.307166	6.160985
144	15	3.354413	0.539351	2.703524	6.597288
144	16	3.354413	0.425716	1.575980	5.356109
144	17	3.354413	0.493062	2.244220	6.091695
144	18	3.354413	0.603767	3.342692	7.300872
144	19	3.354413	0.574163	3.260800	7.189376
144	20	3.354413	0.562003	2.928288	6.844704
144	21	3.354413	0.533476	2.645229	6.533118
144	22	3.354413	0.612585	3.430185	7.397183
144	23	3.354413	0.540590	2.715818	6.610821
144	24	3.354413	0.658589	3.886668	7.899671
144	25	3.354413	0.541816	2.727982	6.624211
144	26	3.354413	0.537252	2.682699	6.574365
144	27	3.354413	0.569197	2.999675	6.923286
144	28	3.354413	0.610584	3.410331	7.375328
144	29	3.354413	0.685258	4.363141	8.402812
144	30	3.354413	0.634375	3.646397	7.635185
144	31	3.354413	0.502273	2.335620	6.192306
144	32	3.354413	0.670097	4.053811	8.078321
144	33	3.354413	0.663542	3.935806	7.953761
144	34	3.354413	0.681400	4.113005	8.148819
144	35	3.354413	0.533476	2.645229	6.533118
144	36	3.354413	0.551561	2.824674	6.730648
144	37	3.354413	0.622039	3.523999	7.500451
144	38	3.354413	0.599713	3.302467	7.256593
144	39	3.354413	0.633439	3.637111	7.624963
144	40	3.354413	0.671486	4.014631	8.040531
144	41	3.354413	0.505643	2.369059	6.229115
144	42	3.354413	0.500144	2.314491	6.169049
144	43	3.354413	0.499273	2.305850	6.159536
144	44	3.354413	0.533476	2.645229	6.533118
144	45	3.354413	0.531974	2.630329	6.516717
144	46	3.354413	0.559164	2.900117	6.813694
144	47	3.354413	0.522187	2.533217	6.409818
144	48	3.354413	0.544917	2.758752	6.658082
144	49	3.354413	0.582073	3.127430	7.063917
144	50	3.354413	0.671633	4.016096	8.042143
144	51	3.354413	0.556081	2.869527	6.780021
144	52	3.354413	0.514556	2.457498	6.326468
144	53	3.354413	0.500144	2.314491	6.169049
144	54	3.354413	0.598797	3.558199	7.511410
144	55	3.354413	0.578192	3.088928	7.021534
144	56	3.354413	0.622759	3.531136	7.508308
144	57	3.354413	0.502273	2.335620	6.192306
144	58	3.354413	0.671633	4.016096	8.042143
144	59	3.354413	0.606268	3.367512	7.328193
144	60	3.354413	0.663542	3.935806	7.953761
144	61	3.354413	0.425716	1.575980	5.356109
144	62	3.354413	0.529197	2.602769	6.486379
144	63	3.354413	0.622052	3.577088	7.553554
144	64	3.354413	0.608852	3.393146	7.356411
144	65	3.354413	0.603767	3.342692	7.300872
144	66	3.354413	0.577769	3.084728	7.016911
144	67	3.354413	0.499406	2.307166	6.160985
144	68	3.354413	0.623628	3.698657	7.676699
144	69	3.354413	0.658589	3.886668	7.899671
144	70	3.354413	0.606268	3.367512	7.328193
144	71	3.354413	0.544917	2.758752	6.658082
144	72	3.354413	0.539351	2.703524	6.597288
144	73	3.354413	0.525210	2.563205	6.442828
144	74	3.354413	0.634375	3.646397	7.635185
144	75	3.354413	0.505643	2.369059	6.229115
144	76	3.354413	0.541578	2.725624	6.621615
144	77	3.354413	0.539351	2.703524	6.597288
144	78	3.354413	0.493601	2.249566	6.097580
144	79	3.354413	0.667458	3.974662	7.996533
144	80	3.354413	0.640502	3.707194	7.702109
144	81	3.354413	0.605034	3.355264	7.314712
144	82	3.354413	0.634375	3.646397	7.635185
144	83	3.354413	0.571591	3.023424	6.949429
144	84	3.354413	0.559164	2.900117	6.813694
144	85	3.354413	0.566571	2.973616	6.894600
144	86	3.354413	0.640502	3.707194	7.702109
144	87	3.354413	0.605034	3.355264	7.314712
144	88	3.354413	0.541578	2.725624	6.621615
144	89	3.354413	0.678144	4.186629	8.219187
144	90	3.354413	0.522187	2.533217	6.409818
144	91	3.354413	0.578911	3.096059	7.029383
144	92	3.354413	0.731296	4.608098	8.693807
144	93	3.354413	0.577769	3.084728	7.016911
144	94	3.354413	0.633439	3.637111	7.624963
144	95	3.354413	0.514371	2.932335	6.801120
144	96	3.354413	0.579880	3.264567	7.198861
144	97	3.354413	0.493062	2.244220	6.091695
144	98	3.354413	0.541816	2.727982	6.624211
144	99	3.354413	0.533476	2.645229	6.533118
145	0	3.172256	0.609059	3.395205	7.176520
145	1	3.172256	0.646589	3.767596	7.586441
145	2	3.172256	0.602137	3.379483	7.153875
145	3	3.172256	0.702802	4.325363	8.200421
145	4	3.172256	0.601437	3.319572	7.093265
145	5	3.172256	0.611838	3.422779	7.206873
145	6	3.172256	0.609223	3.396832	7.178311
145	7	3.172256	0.657226	3.873141	7.702623
145	8	3.172256	0.587757	3.183837	6.943851
145	9	3.172256	0.659941	3.900074	7.732271
145	10	3.172256	0.546184	2.771322	6.489761
145	11	3.172256	0.648171	3.783293	7.603720
145	12	3.172256	0.599441	3.299764	7.071460
145	13	3.172256	0.549639	2.805610	6.527505
145	14	3.172256	0.651815	3.819446	7.643517
145	15	3.172256	0.616439	3.468427	7.257121
145	16	3.172256	0.557299	2.881610	6.611164
145	17	3.172256	0.613000	3.434309	7.219564
145	18	3.172256	0.661400	3.914560	7.748216
145	19	3.172256	0.655487	3.855887	7.683630
145	20	3.172256	0.528665	2.597497	6.298418
145	21	3.172256	0.722278	4.518620	8.413154
145	22	3.172256	0.586887	3.175196	6.934338
145	23	3.172256	0.609684	3.401406	7.183345
145	24	3.172256	0.609223	3.396832	7.178311
145	25	3.172256	0.568951	2.997231	6.738438
145	26	3.172256	0.587757	3.183837	6.943851
145	27	3.172256	0.555475	2.863519	6.591250
145	28	3.172256	0.645768	3.759448	7.577471
145	29	3.172256	0.619950	3.503267	7.295472
145	30	3.172256	0.505495	2.367593	6.045344
145	31	3.172256	0.528482	3.019387	6.720125
145	32	3.172256	0.466017	1.975863	5.614135
145	33	3.172256	0.778980	5.081244	9.032480
145	34	3.172256	0.614835	3.452513	7.239603
145	35	3.172256	0.600090	3.306205	7.078550
145	36	3.172256	0.741891	4.713231	8.627378
145	37	3.172256	0.557403	2.882647	6.612305
145	38	3.172256	0.517465	2.486356	6.176077
145	39	3.172256	0.702802	4.325363	8.200421
145	40	3.172256	0.633384	3.636564	7.442204
145	41	3.172256	0.626386	3.567126	7.365767
145	42	3.172256	0.645768	3.759448	7.577471
145	43	3.172256	0.525146	2.562577	6.259979
145	44	3.172256	0.601421	3.319415	7.093092
145	45	3.172256	0.609059	3.395205	7.176520
145	46	3.172256	0.525146	2.562577	6.259979
145	47	3.172256	0.614835	3.452513	7.239603
145	48	3.172256	0.674516	4.309516	8.156288
145	49	3.172256	0.765555	4.948031	8.885841
145	50	3.172256	0.625318	3.556535	7.354109
145	51	3.172256	0.625318	3.556535	7.354109
145	52	3.172256	0.657226	3.873141	7.702623
145	53	3.172256	0.573759	3.044937	6.790951
145	54	3.172256	0.503026	2.343085	6.018366
145	55	3.172256	0.541520	2.725047	6.438822
145	56	3.172256	0.521658	3.110571	6.804485
145	57	3.172256	0.586887	3.175196	6.934338
145	58	3.172256	0.549397	2.803209	6.524862
145	59	3.172256	0.660408	3.904715	7.737379
145	60	3.172256	0.765555	4.948031	8.885841
145	61	3.172256	0.623175	3.800091	7.595522
145	62	3.172256	0.715853	4.454862	8.342970
145	63	3.172256	0.590818	3.531988	7.295061
145	64	3.172256	0.546184	2.771322	6.489761
145	65	3.172256	0.623665	3.540131	7.336052
145	66	3.172256	0.655487	3.855887	7.683630
145	67	3.172256	0.586887	3.175196	6.934338
145	68	3.172256	0.684627	4.145024	8.001906
145	69	3.172256	0.633384	3.636564	7.442204
145	70	3.172256	0.466017	1.975863	5.614135
145	71	3.172256	0.609684	3.401406	7.183345
145	72	3.172256	0.510622	2.895136	6.578013
145	73	3.172256	0.655487	3.855887	7.683630
145	74	3.172256	0.510622	2.895136	6.578013
145	75	3.172256	0.661400	3.914560	7.748216
145	76	3.172256	0.590538	3.211422	6.974216
145	77	3.172256	0.626386	3.567126	7.365767
145	78	3.172256	0.577930	3.404109	7.154295
145	79	3.172256	0.557299	2.881610	6.611164
145	80	3.172256	0.568951	2.997231	6.738438
145	81	3.172256	0.568951	2.997231	6.738438
145	82	3.172256	0.531672	2.627333	6.331261
145	83	3.172256	0.623665	3.540131	7.336052
145	84	3.172256	0.549639	2.805610	6.527505
145	85	3.172256	0.609223	3.396832	7.178311
145	86	3.172256	0.549089	2.800148	6.521493
145	87	3.172256	0.517465	2.486356	6.176077
145	88	3.172256	0.546184	2.771322	6.489761
145	89	3.172256	0.684627	4.145024	8.001906
145	90	3.172256	0.586887	3.175196	6.934338
145	91	3.172256	0.582907	3.347563	7.102725
145	92	3.172256	0.573759	3.044937	6.790951
145	93	3.172256	0.598955	3.294948	7.066159
145	94	3.172256	0.616439	3.468427	7.257121
145	95	3.172256	0.616439	3.468427	7.257121
145	96	3.172256	0.654820	3.849270	7.676346
145	97	3.172256	0.503026	2.343085	6.018366
145	98	3.172256	0.503026	2.343085	6.018366
145	99	3.172256	0.590538	3.211422	6.974216
146	0	3.170988	0.639192	3.853090	7.663271
146	1	3.170988	0.749798	4.791684	8.712470
146	2	3.170988	0.563028	2.938460	6.672476
146	3	3.170988	0.662343	4.188732	8.022063
146	4	3.170988	0.699472	4.292329	8.162790
146	5	3.170988	0.524030	2.551501	6.246519
146	6	3.170988	0.585911	3.483301	7.240201
146	7	3.170988	0.482484	2.721860	6.375332
146	8	3.170988	0.559159	2.900069	6.630216
146	9	3.170988	0.566275	2.970675	6.707938
146	10	3.170988	0.559159	2.900069	6.630216
146	11	3.170988	0.565619	2.964172	6.700780
146	12	3.170988	0.669242	3.992369	7.832599
146	13	3.170988	0.563821	2.946331	6.681141
146	14	3.170988	0.522368	2.535013	6.228369
146	15	3.170988	0.550131	2.810490	6.531609
146	16	3.170988	0.653783	3.838973	7.663744
146	17	3.170988	0.684125	4.140043	7.995156
146	18	3.170988	0.437863	1.696509	5.305360
146	19	3.170988	0.595521	3.260870	7.027379
146	20	3.170988	0.679492	4.094075	7.944555
146	21	3.170988	0.585987	3.166269	6.923245
146	22	3.170988	0.620567	3.509395	7.300950
146	23	3.170988	0.669242	3.992369	7.832599
146	24	3.170988	0.620006	3.503820	7.294814
146	25	3.170988	0.557345	2.882067	6.610400
146	26	3.170988	0.602879	3.333876	7.107743
146	27	3.170988	0.455839	2.669332	6.296159
146	28	3.170988	0.693337	4.231451	8.095777
146	29	3.170988	0.557345	2.882067	6.610400
146	30	3.170988	0.508958	2.931587	6.611533
146	31	3.170988	0.566275	2.970675	6.707938
146	32	3.170988	0.679492	4.094075	7.944555
146	33	3.170988	0.576179	3.068951	6.816119
146	34	3.170988	0.580804	3.220772	6.972565
146	35	3.170988	0.542328	2.733067	6.446384
146	36	3.170988	0.593675	3.242551	7.007214
146	37	3.170988	0.437863	1.696509	5.305360
146	38	3.170988	0.583759	3.144162	6.898909
146	39	3.170988	0.503918	2.351943	6.026849
146	40	3.170988	0.502743	2.340283	6.014014
146	41	3.170988	0.589035	3.196518	6.956542
146	42	3.170988	0.559159	2.900069	6.630216
146	43	3.170988	0.526372	2.574739	6.272099
146	44	3.170988	0.583759	3.144162	6.898909
146	45	3.170988	0.437863	1.696509	5.305360
146	46	3.170988	0.542328	2.733067	6.446384
146	47	3.170988	0.589035	3.196518	6.956542
146	48	3.170988	0.563028	2.938460	6.672476
146	49	3.170988	0.526372	2.574739	6.272099
146	50	3.170988	0.620442	3.508154	7.299585
146	51	3.170988	0.646421	3.765927	7.583336
146	52	3.170988	0.583759	3.144162	6.898909
146	53	3.170988	0.620567	3.509395	7.300950
146	54	3.170988	0.693337	4.231451	8.095777
146	55	3.170988	0.653783	3.838973	7.663744
146	56	3.170988	0.519083	2.502419	6.192491
146	57	3.170988	0.679492	4.094075	7.944555
146	58	3.170988	0.583759	3.144162	6.898909
146	59	3.170988	0.563028	2.938460	6.672476
146	60	3.170988	0.576179	3.068951	6.816119
146	61	3.170988	0.526372	2.574739	6.272099
146	62	3.170988	0.619300	3.496818	7.287106
146	63	3.170988	0.749798	4.791684	8.712470
146	64	3.170988	0.549497	2.804193	6.524678
146	65	3.170988	0.614884	3.452996	7.238868
146	66	3.170988	0.646421	3.765927	7.583336
146	67	3.170988	0.646421	3.765927	7.583336
146	68	3.170988	0.715497	4.451332	8.337818
146	69	3.170988	0.437863	1.696509	5.305360
146	70	3.170988	0.554537	2.854204	6.579729
146	71	3.170988	0.662071	3.921212	7.754271
146	72	3.170988	0.569284	3.000538	6.740810
146	73	3.170988	0.565619	2.964172	6.700780
146	74	3.170988	0.646421	3.765927	7.583336
146	75	3.170988	0.649093	4.004297	7.824378
146	76	3.170988	0.567451	2.982344	6.720783
146	77	3.170988	0.519083	2.502419	6.192491
146	78	3.170988	0.502743	2.340283	6.014014
146	79	3.170988	0.620567	3.509395	7.300950
146	80	3.170988	0.611889	3.423281	7.206158
146	81	3.170988	0.646421	3.765927	7.583336
146	82	3.170988	0.552997	3.209671	6.933657
146	83	3.170988	0.589035	3.196518	6.956542
146	84	3.170988	0.580804	3.220772	6.972565
146	85	3.170988	0.684125	4.140043	7.995156
146	86	3.170988	0.593675	3.242551	7.007214
146	87	3.170988	0.751781	4.811364	8.734133
146	88	3.170988	0.635751	3.660053	7.466793
146	89	3.170988	0.524030	2.551501	6.246519
146	90	3.170988	0.594018	3.245955	7.010961
146	91	3.170988	0.647110	3.772760	7.590858
146	92	3.170988	0.611889	3.423281	7.206158
146	93	3.170988	0.567451	2.982344	6.720783
146	94	3.170988	0.603789	3.342911	7.117688
146	95	3.170988	0.619300	3.496818	7.287106
146	96	3.170988	0.611889	3.423281	7.206158
146	97	3.170988	0.617298	3.476950	7.265236
146	98	3.170988	0.517884	2.490519	6.179391
146	99	3.170988	0.573812	3.045461	6.790261
147	0	3.431653	0.607114	3.375899	7.414666
147	1	3.431653	0.628521	3.588311	7.648485
147	2	3.431653	0.509457	2.406904	6.348015
147	3	3.431653	0.640840	3.975364	8.047857
147	4	3.431653	0.538032	2.690433	6.660118
147	5	3.431653	0.560292	2.911309	6.903254
147	6	3.431653	0.649474	3.796224	7.877352
147	7	3.431653	0.530633	2.617017	6.579303
147	8	3.431653	0.560292	2.911309	6.903254
147	9	3.431653	0.549256	2.801810	6.782720
147	10	3.431653	0.482570	2.140119	6.054343
147	11	3.431653	0.637101	3.673445	7.742199
147	12	3.431653	0.525390	2.564999	6.522042
147	13	3.431653	0.568740	2.995141	6.995535
147	14	3.431653	0.562042	2.928679	6.922375
147	15	3.431653	0.511248	2.424676	6.367578
147	16	3.431653	0.551720	2.826252	6.809625
147	17	3.431653	0.507947	2.391914	6.331514
147	18	3.431653	0.549256	2.801810	6.782720
147	19	3.431653	0.546989	2.779313	6.757955
147	20	3.431653	0.496742	2.280734	6.209130
147	21	3.431653	0.524875	3.089524	7.046053
147	22	3.431653	0.602630	3.331406	7.365689
147	23	3.431653	0.633580	3.638515	7.703748
147	24	3.431653	0.716789	4.464155	8.612598
147	25	3.431653	0.430350	1.621961	5.483964
147	26	3.431653	0.607114	3.375899	7.414666
147	27	3.431653	0.541000	2.719886	6.692539
147	28	3.431653	0.507947	2.391914	6.331514
147	29	3.431653	0.543256	2.742272	6.717181
147	30	3.431653	0.634877	3.651380	7.717910
147	31	3.431653	0.706638	4.363426	8.501717
147	32	3.431653	0.626437	3.567637	7.625727
147	33	3.431653	0.547802	2.787375	6.766830
147	34	3.431653	0.548369	2.793001	6.773023
147	35	3.431653	0.602657	3.331679	7.365989
147	36	3.431653	0.621273	3.516393	7.569319
147	37	3.431653	0.530633	2.617017	6.579303
147	38	3.431653	0.482570	2.140119	6.054343
147	39	3.431653	0.607114	3.375899	7.414666
147	40	3.431653	0.640663	3.708796	7.781113
147	41	3.431653	0.554109	2.849961	6.835723
147	42	3.431653	0.626437	3.567637	7.625727
147	43	3.431653	0.523517	2.546409	6.501579
147	44	3.431653	0.640840	3.975364	8.047857
147	45	3.431653	0.487330	2.187350	6.106333
147	46	3.431653	0.588639	3.192585	7.212877
147	47	3.431653	0.753594	4.829350	9.014597
147	48	3.431653	0.525390	2.564999	6.522042
147	49	3.431653	0.567761	3.356171	7.355586
147	50	3.431653	0.602248	3.327617	7.361518
147	51	3.431653	0.628521	3.588311	7.648485
147	52	3.431653	0.618315	3.540008	7.589976
147	53	3.431653	0.540565	2.715570	6.687788
147	54	3.431653	0.584909	3.155576	7.172139
147	55	3.431653	0.468430	1.999810	5.899893
147	56	3.431653	0.584121	3.147754	7.163528
147	57	3.431653	0.451927	1.836058	5.719639
147	58	3.431653	0.504242	2.355160	6.291056
147	59	3.431653	0.715733	4.453674	8.601061
147	60	3.431653	0.538032	2.690433	6.660118
147	61	3.431653	0.549256	2.801810	6.782720
147	62	3.431653	0.507947	2.391914	6.331514
147	63	3.431653	0.521494	2.526339	6.479486
147	64	3.431653	0.588639	3.192585	7.212877
147	65	3.431653	0.607114	3.375899	7.414666
147	66	3.431653	0.504242	2.355160	6.291056
147	67	3.431653	0.525390	2.564999	6.522042
147	68	3.431653	0.551720	2.826252	6.809625
147	69	3.431653	0.649474	3.796224	7.877352
147	70	3.431653	0.668924	3.989212	8.089789
147	71	3.431653	0.560292	2.911309	6.903254
147	72	3.431653	0.615820	3.462289	7.509762
147	73	3.431653	0.664111	3.994420	8.090184
147	74	3.431653	0.488289	2.673530	6.593472
147	75	3.431653	0.521494	2.526339	6.479486
147	76	3.431653	0.707111	4.368120	8.506884
147	77	3.431653	0.530633	2.617017	6.579303
147	78	3.431653	0.707364	4.370631	8.509648
147	79	3.431653	0.487330	2.187350	6.106333
147	80	3.431653	0.525390	2.564999	6.522042
147	81	3.431653	0.547802	2.787375	6.766830
147	82	3.431653	0.540565	2.715570	6.687788
147	83	3.431653	0.626437	3.567637	7.625727
147	84	3.431653	0.584909	3.155576	7.172139
147	85	3.431653	0.468430	1.999810	5.899893
147	86	3.431653	0.584909	3.155576	7.172139
147	87	3.431653	0.548369	2.793001	6.773023
147	88	3.431653	0.627916	3.741206	7.800776
147	89	3.431653	0.521494	2.526339	6.479486
147	90	3.431653	0.530607	2.616758	6.579018
147	91	3.431653	0.588639	3.192585	7.212877
147	92	3.431653	0.551720	2.826252	6.809625
147	93	3.431653	0.673869	4.038282	8.143804
147	94	3.431653	0.524918	2.560309	6.516880
147	95	3.431653	0.668924	3.989212	8.089789
147	96	3.431653	0.557656	3.097005	7.086314
147	97	3.431653	0.543256	2.742272	6.717181
147	98	3.431653	0.543256	2.742272	6.717181
147	99	3.431653	0.547802	2.787375	6.766830
148	0	3.173405	0.461107	1.927147	5.561658
148	1	3.173405	0.657579	3.876645	7.707629
148	2	3.173405	0.559426	2.902716	6.635547
148	3	3.173405	0.627567	3.631814	7.432786
148	4	3.173405	0.609316	3.397749	7.180469
148	5	3.173405	0.643157	3.733541	7.550103
148	6	3.173405	0.645174	3.753552	7.572130
148	7	3.173405	0.541562	2.725466	6.440433
148	8	3.173405	0.609454	3.663937	7.446795
148	9	3.173405	0.693384	4.231917	8.098706
148	10	3.173405	0.609316	3.397749	7.180469
148	11	3.173405	0.702780	4.325151	8.201336
148	12	3.173405	0.601395	3.319153	7.093952
148	13	3.173405	0.629147	3.594526	7.397077
148	14	3.173405	0.563263	2.940793	6.677461
148	15	3.173405	0.585421	3.160658	6.919484
148	16	3.173405	0.604249	3.347479	7.125133
148	17	3.173405	0.629147	3.594526	7.397077
148	18	3.173405	0.438731	1.705123	5.317258
148	19	3.173405	0.604353	3.348506	7.126264
148	20	3.173405	0.730508	4.600283	8.504196
148	21	3.173405	0.585421	3.160658	6.919484
148	22	3.173405	0.521129	2.522720	6.217254
148	23	3.173405	0.604602	3.350980	7.128987
148	24	3.173405	0.598988	3.295268	7.067661
148	25	3.173405	0.604533	3.350291	7.128229
148	26	3.173405	0.702780	4.325151	8.201336
148	27	3.173405	0.547400	2.783395	6.504200
148	28	3.173405	0.542845	2.738194	6.454444
148	29	3.173405	0.601395	3.319153	7.093952
148	30	3.173405	0.576240	3.069557	6.819202
148	31	3.173405	0.563465	3.313541	7.050410
148	32	3.173405	0.689548	4.193851	8.056803
148	33	3.173405	0.604353	3.348506	7.126264
148	34	3.173405	0.562090	2.929153	6.664648
148	35	3.173405	0.555738	2.866121	6.595263
148	36	3.173405	0.533747	2.647916	6.355068
148	37	3.173405	0.665176	3.952025	7.790606
148	38	3.173405	0.541562	2.725466	6.440433
148	39	3.173405	0.730508	4.600283	8.504196
148	40	3.173405	0.580081	3.107671	6.861157
148	41	3.173405	0.581813	3.124851	6.880068
148	42	3.173405	0.736761	4.662327	8.572493
148	43	3.173405	0.598988	3.295268	7.067661
148	44	3.173405	0.628982	3.592892	7.395279
148	45	3.173405	0.698908	4.286728	8.159041
148	46	3.173405	0.648931	3.843794	7.666129
148	47	3.173405	0.588261	3.612545	7.374211
148	48	3.173405	0.530103	2.611763	6.315271
148	49	3.173405	0.663462	3.935015	7.771882
148	50	3.173405	0.472994	2.680661	6.327060
148	51	3.173405	0.549496	3.174932	6.897833
148	52	3.173405	0.592609	3.231980	6.997994
148	53	3.173405	0.525398	2.565076	6.263879
148	54	3.173405	0.585421	3.160658	6.919484
148	55	3.173405	0.481849	2.132963	5.788217
148	56	3.173405	0.438731	1.705123	5.317258
148	57	3.173405	0.698908	4.286728	8.159041
148	58	3.173405	0.630867	3.611590	7.415861
148	59	3.173405	0.594646	3.252186	7.020237
148	60	3.173405	0.613961	3.443840	7.231206
148	61	3.173405	0.604353	3.348506	7.126264
148	62	3.173405	0.613961	3.443840	7.231206
148	63	3.173405	0.666605	3.966197	7.806207
148	64	3.173405	0.608298	3.705431	7.487134
148	65	3.173405	0.693384	4.231917	8.098706
148	66	3.173405	0.566641	2.974305	6.714350
148	67	3.173405	0.565815	2.966108	6.705327
148	68	3.173405	0.602528	3.330398	7.106331
148	69	3.173405	0.613961	3.443840	7.231206
148	70	3.173405	0.592609	3.231980	6.997994
148	71	3.173405	0.565815	2.966108	6.705327
148	72	3.173405	0.566641	2.974305	6.714350
148	73	3.173405	0.604533	3.350291	7.128229
148	74	3.173405	0.593401	3.239838	7.006644
148	75	3.173405	0.585421	3.160658	6.919484
148	76	3.173405	0.481849	2.132963	5.788217
148	77	3.173405	0.538459	2.694673	6.406537
148	78	3.173405	0.609316	3.397749	7.180469
148	79	3.173405	0.628982	3.592892	7.395279
148	80	3.173405	0.629147	3.594526	7.397077
148	81	3.173405	0.682474	4.123657	7.979536
148	82	3.173405	0.672841	4.028076	7.874321
148	83	3.173405	0.549496	3.174932	6.897833
148	84	3.173405	0.521129	2.522720	6.217254
148	85	3.173405	0.549800	2.807207	6.530412
148	86	3.173405	0.542845	2.738194	6.454444
148	87	3.173405	0.580081	3.107671	6.861157
148	88	3.173405	0.563263	2.940793	6.677461
148	89	3.173405	0.529831	2.609061	6.312296
148	90	3.173405	0.602528	3.330398	7.106331
148	91	3.173405	0.666605	3.966197	7.806207
148	92	3.173405	0.561896	2.927230	6.662531
148	93	3.173405	0.629147	3.594526	7.397077
148	94	3.173405	0.588438	3.190593	6.952437
148	95	3.173405	0.645174	3.753552	7.572130
148	96	3.173405	0.597666	3.494010	7.265081
148	97	3.173405	0.666714	3.967286	7.807404
148	98	3.173405	0.461107	1.927147	5.561658
148	99	3.173405	0.591990	3.225833	6.991228
149	0	3.265175	0.707833	4.375288	8.348295
149	1	3.265175	0.566350	2.971425	6.802950
149	2	3.265175	0.590607	3.212115	7.067897
149	3	3.265175	0.561800	2.926274	6.753249
149	4	3.265175	0.512865	2.440720	6.218759
149	5	3.265175	0.585733	3.163754	7.014662
149	6	3.265175	0.588803	3.194209	7.048186
149	7	3.265175	0.549639	2.805606	6.620419
149	8	3.265175	0.625740	3.560719	7.451634
149	9	3.265175	0.505522	2.367860	6.138557
149	10	3.265175	0.505522	2.367860	6.138557
149	11	3.265175	0.526571	2.576715	6.368460
149	12	3.265175	0.584403	3.150548	7.000125
149	13	3.265175	0.586619	3.172537	7.024330
149	14	3.265175	0.697995	4.277665	8.240834
149	15	3.265175	0.564385	3.163783	6.993343
149	16	3.265175	0.531525	2.625872	6.422572
149	17	3.265175	0.575683	3.064024	6.904881
149	18	3.265175	0.649515	3.796629	7.711319
149	19	3.265175	0.625143	3.554794	7.445112
149	20	3.265175	0.549639	2.805606	6.620419
149	21	3.265175	0.626750	3.570743	7.462668
149	22	3.265175	0.704192	4.339155	8.308521
149	23	3.265175	0.556020	3.239665	7.060859
149	24	3.265175	0.570910	3.016664	6.852748
149	25	3.265175	0.667147	3.971576	7.903897
149	26	3.265175	0.610647	3.410963	7.286785
149	27	3.265175	0.572537	3.403558	7.241269
149	28	3.265175	0.509411	2.406447	6.181033
149	29	3.265175	0.649515	3.796629	7.711319
149	30	3.265175	0.680349	4.102575	8.048099
149	31	3.265175	0.577001	3.077108	6.919284
149	32	3.265175	0.506806	2.380600	6.152581
149	33	3.265175	0.566350	2.971425	6.802950
149	34	3.265175	0.707833	4.375288	8.348295
149	35	3.265175	0.592951	3.235374	7.093500
149	36	3.265175	0.596271	3.268311	7.129756
149	37	3.265175	0.608377	3.600286	7.473838
149	38	3.265175	0.572705	3.034482	6.872361
149	39	3.265175	0.494124	2.254761	6.014059
149	40	3.265175	0.581138	3.118152	6.964464
149	41	3.265175	0.532164	2.632214	6.429552
149	42	3.265175	0.494169	2.255204	6.014547
149	43	3.265175	0.526571	2.576715	6.368460
149	44	3.265175	0.532164	2.632214	6.429552
149	45	3.265175	0.518607	2.497697	6.281479
149	46	3.265175	0.494169	2.255204	6.014547
149	47	3.265175	0.528202	2.592902	6.386279
149	48	3.265175	0.725396	4.549552	8.540122
149	49	3.265175	0.512865	2.440720	6.218759
149	50	3.265175	0.625740	3.560719	7.451634
149	51	3.265175	0.522017	2.531529	6.318721
149	52	3.265175	0.588803	3.194209	7.048186
149	53	3.265175	0.625143	3.554794	7.445112
149	54	3.265175	0.701412	4.417505	8.384091
149	55	3.265175	0.528080	2.591692	6.384947
149	56	3.265175	0.614429	3.448489	7.328093
149	57	3.265175	0.565776	2.965728	6.796679
149	58	3.265175	0.565776	2.965728	6.796679
149	59	3.265175	0.509411	2.406447	6.181033
149	60	3.265175	0.561800	2.926274	6.753249
149	61	3.265175	0.600685	3.523967	7.389826
149	62	3.265175	0.693852	4.236557	8.195583
149	63	3.265175	0.570305	3.010667	6.846147
149	64	3.265175	0.494803	2.844095	6.604073
149	65	3.265175	0.596161	3.267226	7.128562
149	66	3.265175	0.572705	3.034482	6.872361
149	67	3.265175	0.566350	2.971425	6.802950
149	68	3.265175	0.585733	3.163754	7.014662
149	69	3.265175	0.588394	3.190157	7.043726
149	70	3.265175	0.512955	2.441610	6.219740
149	71	3.265175	0.621719	3.573788	7.460682
149	72	3.265175	0.512955	2.441610	6.219740
149	73	3.265175	0.509411	2.406447	6.181033
149	74	3.265175	0.673783	4.037425	7.976383
149	75	3.265175	0.528080	2.591692	6.384947
149	76	3.265175	0.577001	3.077108	6.919284
149	77	3.265175	0.587076	3.177076	7.029326
149	78	3.265175	0.511819	2.430338	6.207332
149	79	3.265175	0.625143	3.554794	7.445112
149	80	3.265175	0.614429	3.448489	7.328093
149	81	3.265175	0.569161	2.999317	6.833653
149	82	3.265175	0.531525	2.625872	6.422572
149	83	3.265175	0.680349	4.102575	8.048099
149	84	3.265175	0.518607	2.497697	6.281479
149	85	3.265175	0.621175	3.515424	7.401773
149	86	3.265175	0.600685	3.523967	7.389826
149	87	3.265175	0.673076	4.030408	7.968658
149	88	3.265175	0.596271	3.268311	7.129756
149	89	3.265175	0.592951	3.235374	7.093500
149	90	3.265175	0.613491	3.439179	7.317844
149	91	3.265175	0.596161	3.267226	7.128562
149	92	3.265175	0.577001	3.077108	6.919284
149	93	3.265175	0.560306	2.911445	6.736925
149	94	3.265175	0.626219	3.565467	7.456860
149	95	3.265175	0.518607	2.497697	6.281479
149	96	3.265175	0.568278	2.990555	6.824008
149	97	3.265175	0.665849	4.064623	7.995647
149	98	3.265175	0.501040	2.323380	6.089594
149	99	3.265175	0.560934	2.917683	6.743791
150	0	3.227250	0.491497	2.228691	5.947438
150	1	3.227250	0.500031	2.313367	6.040647
150	2	3.227250	0.723524	4.530977	8.481751
150	3	3.227250	0.586236	3.168739	6.982225
150	4	3.227250	0.568972	2.997437	6.793659
150	5	3.227250	0.500701	2.320016	6.047966
150	6	3.227250	0.703947	4.336726	8.267923
150	7	3.227250	0.454361	1.860209	5.541819
150	8	3.227250	0.604235	3.347337	7.178821
150	9	3.227250	0.597560	3.281098	7.105907
150	10	3.227250	0.637444	3.676851	7.541545
150	11	3.227250	0.565359	2.961584	6.754192
150	12	3.227250	0.531931	2.629904	6.389085
150	13	3.227250	0.676449	4.063878	7.967577
150	14	3.227250	0.500701	2.320016	6.047966
150	15	3.227250	0.628489	3.587992	7.443730
150	16	3.227250	0.527305	2.583994	6.338548
150	17	3.227250	0.597560	3.281098	7.105907
150	18	3.227250	0.626118	3.829289	7.682656
150	19	3.227250	0.679335	4.092514	7.999099
150	20	3.227250	0.612371	3.639919	7.479539
150	21	3.227250	0.617240	3.688233	7.532723
150	22	3.227250	0.694441	4.242407	8.164098
150	23	3.227250	0.508361	2.396024	6.131634
150	24	3.227250	0.640597	3.708140	7.575987
150	25	3.227250	0.545866	2.874098	6.647214
150	26	3.227250	0.500701	2.320016	6.047966
150	27	3.227250	0.630299	3.605959	7.463508
150	28	3.227250	0.575169	3.058931	6.861350
150	29	3.227250	0.553671	2.845612	6.626533
150	30	3.227250	0.565359	2.961584	6.754192
150	31	3.227250	0.662866	3.929100	7.819215
150	32	3.227250	0.660535	4.011901	7.899685
150	33	3.227250	0.491497	2.228691	5.947438
150	34	3.227250	0.569845	3.006101	6.803196
150	35	3.227250	0.694441	4.242407	8.164098
150	36	3.227250	0.553078	2.839729	6.620056
150	37	3.227250	0.555283	2.861613	6.644146
150	38	3.227250	0.575163	3.058871	6.861283
150	39	3.227250	0.524615	2.557308	6.309173
150	40	3.227250	0.553078	2.839729	6.620056
150	41	3.227250	0.510310	2.415361	6.152920
150	42	3.227250	0.553671	2.845612	6.626533
150	43	3.227250	0.511843	2.430579	6.169672
150	44	3.227250	0.542784	2.737587	6.507620
150	45	3.227250	0.662866	3.929100	7.819215
150	46	3.227250	0.529081	2.601617	6.357947
150	47	3.227250	0.637444	3.676851	7.541545
150	48	3.227250	0.567034	2.978205	6.772488
150	49	3.227250	0.550451	2.813666	6.591367
150	50	3.227250	0.552088	3.041765	6.821103
150	51	3.227250	0.500031	2.313367	6.040647
150	52	3.227250	0.549416	2.803399	6.580065
150	53	3.227250	0.527305	2.583994	6.338548
150	54	3.227250	0.511843	2.430579	6.169672
150	55	3.227250	0.601823	3.376362	7.205434
150	56	3.227250	0.630299	3.605959	7.463508
150	57	3.227250	0.534612	2.656499	6.418360
150	58	3.227250	0.591187	3.217871	7.036308
150	59	3.227250	0.529819	2.608942	6.366011
150	60	3.227250	0.733279	4.627779	8.588307
150	61	3.227250	0.576317	3.070324	6.873891
150	62	3.227250	0.550451	2.813666	6.591367
150	63	3.227250	0.637444	3.676851	7.541545
150	64	3.227250	0.511843	2.430579	6.169672
150	65	3.227250	0.630299	3.605959	7.463508
150	66	3.227250	0.491497	2.228691	5.947438
150	67	3.227250	0.703947	4.336726	8.267923
150	68	3.227250	0.575163	3.058871	6.861283
150	69	3.227250	0.497191	2.655933	6.380373
150	70	3.227250	0.528698	2.597819	6.353766
150	71	3.227250	0.586236	3.168739	6.982225
150	72	3.227250	0.679335	4.092514	7.999099
150	73	3.227250	0.595768	3.263324	7.086342
150	74	3.227250	0.588331	3.189527	7.005108
150	75	3.227250	0.492486	2.238509	5.958245
150	76	3.227250	0.527305	2.583994	6.338548
150	77	3.227250	0.550219	2.811358	6.588826
150	78	3.227250	0.550451	2.813666	6.591367
150	79	3.227250	0.510310	2.415361	6.152920
150	80	3.227250	0.578794	3.094893	6.900936
150	81	3.227250	0.588331	3.189527	7.005108
150	82	3.227250	0.552674	3.206466	6.986389
150	83	3.227250	0.588331	3.189527	7.005108
150	84	3.227250	0.699890	4.296468	8.223608
150	85	3.227250	0.603175	3.336822	7.167247
150	86	3.227250	0.614022	3.444448	7.285719
150	87	3.227250	0.529081	2.601617	6.357947
150	88	3.227250	0.630299	3.605959	7.463508
150	89	3.227250	0.534612	2.656499	6.418360
150	90	3.227250	0.586236	3.168739	6.982225
150	91	3.227250	0.588886	3.195040	7.011176
150	92	3.227250	0.694441	4.242407	8.164098
150	93	3.227250	0.531931	2.629904	6.389085
150	94	3.227250	0.508361	2.396024	6.131634
150	95	3.227250	0.551860	2.827648	6.606758
150	96	3.227250	0.616109	3.465158	7.308516
150	97	3.227250	0.589717	3.362171	7.179137
150	98	3.227250	0.614022	3.444448	7.285719
150	99	3.227250	0.680927	4.108311	8.016488
151	0	3.266665	0.592799	3.233863	7.093327
151	1	3.266665	0.594204	3.247803	7.108671
151	2	3.266665	0.572355	3.031011	6.870031
151	3	3.266665	0.724478	4.540445	8.531588
151	4	3.266665	0.533165	2.642148	6.441978
151	5	3.266665	0.520281	2.514302	6.301247
151	6	3.266665	0.724478	4.540445	8.531588
151	7	3.266665	0.664119	3.941531	7.872314
151	8	3.266665	0.505601	2.368638	6.140904
151	9	3.266665	0.597514	3.280650	7.144829
151	10	3.266665	0.452521	1.841956	5.561142
151	11	3.266665	0.560103	2.909432	6.736199
151	12	3.266665	0.671424	4.014018	7.952106
151	13	3.266665	0.528092	2.909589	6.704346
151	14	3.266665	0.586729	3.173635	7.027028
151	15	3.266665	0.561508	3.294127	7.122300
151	16	3.266665	0.572871	3.036126	6.875661
151	17	3.266665	0.524506	2.556225	6.347396
151	18	3.266665	0.584842	3.154909	7.006416
151	19	3.266665	0.547195	2.781354	6.595214
151	20	3.266665	0.593874	3.244533	7.105072
151	21	3.266665	0.551619	2.825252	6.643535
151	22	3.266665	0.508952	2.401888	6.177504
151	23	3.266665	0.597514	3.280650	7.144829
151	24	3.266665	0.537346	2.683631	6.487641
151	25	3.266665	0.637853	3.680910	7.585428
151	26	3.266665	0.642007	3.722128	7.630800
151	27	3.266665	0.627189	3.575095	7.468949
151	28	3.266665	0.579090	3.097836	6.943591
151	29	3.266665	0.642007	3.722128	7.630800
151	30	3.266665	0.626286	3.566135	7.459086
151	31	3.266665	0.575067	3.057920	6.899652
151	32	3.266665	0.673495	4.034567	7.974727
151	33	3.266665	0.671424	4.014018	7.952106
151	34	3.266665	0.553589	2.844804	6.665058
151	35	3.266665	0.594109	3.246864	7.107638
151	36	3.266665	0.545769	3.190921	7.003355
151	37	3.266665	0.708320	4.380115	8.355099
151	38	3.266665	0.638775	3.690055	7.595494
151	39	3.266665	0.547195	2.781354	6.595214
151	40	3.266665	0.595745	3.263096	7.125506
151	41	3.266665	0.594136	3.247127	7.107928
151	42	3.266665	0.567971	2.987505	6.822141
151	43	3.266665	0.568999	2.997710	6.833374
151	44	3.266665	0.521214	3.053199	6.841078
151	45	3.266665	0.592799	3.233863	7.093327
151	46	3.266665	0.505601	2.368638	6.140904
151	47	3.266665	0.505601	2.368638	6.140904
151	48	3.266665	0.546290	2.772378	6.585333
151	49	3.266665	0.553589	2.844804	6.665058
151	50	3.266665	0.560103	2.909432	6.736199
151	51	3.266665	0.529595	2.924507	6.720767
151	52	3.266665	0.642007	3.722128	7.630800
151	53	3.266665	0.548093	2.790267	6.605024
151	54	3.266665	0.546741	2.776848	6.590253
151	55	3.266665	0.594136	3.247127	7.107928
151	56	3.266665	0.594204	3.247803	7.108671
151	57	3.266665	0.651204	4.025238	7.943106
151	58	3.266665	0.579090	3.097836	6.943591
151	59	3.266665	0.546290	2.772378	6.585333
151	60	3.266665	0.588490	3.191108	7.046263
151	61	3.266665	0.686891	4.167493	8.121048
151	62	3.266665	0.505368	2.790038	6.562070
151	63	3.266665	0.558495	2.893480	6.718640
151	64	3.266665	0.508952	2.401888	6.177504
151	65	3.266665	0.611173	3.416181	7.294019
151	66	3.266665	0.647247	3.774119	7.688030
151	67	3.266665	0.580197	3.108817	6.955678
151	68	3.266665	0.509002	2.402387	6.178054
151	69	3.266665	0.569569	3.003359	6.839592
151	70	3.266665	0.635949	3.767942	7.670555
151	71	3.266665	0.622643	3.635915	7.525223
151	72	3.266665	0.584842	3.154909	7.006416
151	73	3.266665	0.569705	3.004713	6.841083
151	74	3.266665	0.572355	3.031011	6.870031
151	75	3.266665	0.509002	2.402387	6.178054
151	76	3.266665	0.579847	3.105344	6.951856
151	77	3.266665	0.611173	3.416181	7.294019
151	78	3.266665	0.584842	3.154909	7.006416
151	79	3.266665	0.647247	3.774119	7.688030
151	80	3.266665	0.712495	4.421545	8.400704
151	81	3.266665	0.548093	2.790267	6.605024
151	82	3.266665	0.508952	2.401888	6.177504
151	83	3.266665	0.612799	3.432314	7.311777
151	84	3.266665	0.657491	3.875772	7.799928
151	85	3.266665	0.700686	4.304375	8.271726
151	86	3.266665	0.488194	2.195917	5.950775
151	87	3.266665	0.505368	2.790038	6.562070
151	88	3.266665	0.561133	2.919657	6.747455
151	89	3.266665	0.673726	4.036857	7.977247
151	90	3.266665	0.502247	2.335364	6.104276
151	91	3.266665	0.558495	2.893480	6.718640
151	92	3.266665	0.551619	2.825252	6.643535
151	93	3.266665	0.488194	2.195917	5.950775
151	94	3.266665	0.586729	3.173635	7.027028
151	95	3.266665	0.656247	3.863426	7.786337
151	96	3.266665	0.673495	4.034567	7.974727
151	97	3.266665	0.546741	2.776848	6.590253
151	98	3.266665	0.547195	2.781354	6.595214
151	99	3.266665	0.673726	4.036857	7.977247
152	0	3.099027	0.586646	3.172806	6.858479
152	1	3.099027	0.628675	3.801696	7.529398
152	2	3.099027	0.760351	4.896399	8.755777
152	3	3.099027	0.539076	3.124501	6.762604
152	4	3.099027	0.609538	3.399956	7.108522
152	5	3.099027	0.546158	2.771071	6.416257
152	6	3.099027	0.586646	3.172806	6.858479
152	7	3.099027	0.598270	3.288153	6.985450
152	8	3.099027	0.589518	3.201310	6.889856
152	9	3.099027	0.589518	3.201310	6.889856
152	10	3.099027	0.604127	3.346260	7.049414
152	11	3.099027	0.539141	2.701444	6.339613
152	12	3.099027	0.559235	2.900823	6.559085
152	13	3.099027	0.598008	3.285551	6.982587
152	14	3.099027	0.672375	4.023455	7.794858
152	15	3.099027	0.557909	2.887666	6.544603
152	16	3.099027	0.715664	4.452991	8.267682
152	17	3.099027	0.604814	3.353077	7.056918
152	18	3.099027	0.518679	2.498403	6.116109
152	19	3.099027	0.634571	3.966125	7.699723
152	20	3.099027	0.627131	3.574518	7.300676
152	21	3.099027	0.716163	4.457944	8.273135
152	22	3.099027	0.677901	4.078289	7.855217
152	23	3.099027	0.589712	3.203233	6.891972
152	24	3.099027	0.628439	3.587499	7.314965
152	25	3.099027	0.660650	3.907115	7.666793
152	26	3.099027	0.511575	2.427921	6.038524
152	27	3.099027	0.632248	3.625291	7.356566
152	28	3.099027	0.694526	4.243250	8.036804
152	29	3.099027	0.544570	2.755312	6.398910
152	30	3.099027	0.578983	3.096770	6.774780
152	31	3.099027	0.677901	4.078289	7.855217
152	32	3.099027	0.559235	2.900823	6.559085
152	33	3.099027	0.632248	3.625291	7.356566
152	34	3.099027	0.645587	3.810615	7.555229
152	35	3.099027	0.632568	3.628474	7.360070
152	36	3.099027	0.604127	3.346260	7.049414
152	37	3.099027	0.621121	3.726739	7.446887
152	38	3.099027	0.591710	3.223053	6.913790
152	39	3.099027	0.535657	2.666870	6.301554
152	40	3.099027	0.589518	3.201310	6.889856
152	41	3.099027	0.699507	4.292676	8.091211
152	42	3.099027	0.539141	2.701444	6.339613
152	43	3.099027	0.483243	2.782359	6.364630
152	44	3.099027	0.524711	2.558261	6.181999
152	45	3.099027	0.660059	3.901252	7.660339
152	46	3.099027	0.589712	3.203233	6.891972
152	47	3.099027	0.608668	3.391325	7.099020
152	48	3.099027	0.660650	3.907115	7.666793
152	49	3.099027	0.677901	4.078289	7.855217
152	50	3.099027	0.676157	4.060977	7.836161
152	51	3.099027	0.571331	3.020845	6.691204
152	52	3.099027	0.599777	3.303101	7.001905
152	53	3.099027	0.591710	3.223053	6.913790
152	54	3.099027	0.661644	3.916972	7.677643
152	55	3.099027	0.449185	1.808849	5.357061
152	56	3.099027	0.622521	3.528774	7.250322
152	57	3.099027	0.511575	2.427921	6.038524
152	58	3.099027	0.632453	3.627328	7.358809
152	59	3.099027	0.715664	4.452991	8.267682
152	60	3.099027	0.623680	3.540282	7.262990
152	61	3.099027	0.694526	4.243250	8.036804
152	62	3.099027	0.557909	2.887666	6.544603
152	63	3.099027	0.630150	3.604479	7.333656
152	64	3.099027	0.666366	3.963828	7.729221
152	65	3.099027	0.518679	2.498403	6.116109
152	66	3.099027	0.604814	3.353077	7.056918
152	67	3.099027	0.694526	4.243250	8.036804
152	68	3.099027	0.623680	3.540282	7.262990
152	69	3.099027	0.660650	3.907115	7.666793
152	70	3.099027	0.628439	3.587499	7.314965
152	71	3.099027	0.699507	4.292676	8.091211
152	72	3.099027	0.608668	3.391325	7.099020
152	73	3.099027	0.589518	3.201310	6.889856
152	74	3.099027	0.535657	2.666870	6.301554
152	75	3.099027	0.627131	3.574518	7.300676
152	76	3.099027	0.634571	3.966125	7.699723
152	77	3.099027	0.608668	3.391325	7.099020
152	78	3.099027	0.535657	2.666870	6.301554
152	79	3.099027	0.633666	3.851223	7.583916
152	80	3.099027	0.586646	3.172806	6.858479
152	81	3.099027	0.535657	2.666870	6.301554
152	82	3.099027	0.699507	4.292676	8.091211
152	83	3.099027	0.577798	3.137977	6.814802
152	84	3.099027	0.666366	3.963828	7.729221
152	85	3.099027	0.530651	2.617200	6.246879
152	86	3.099027	0.632568	3.628474	7.360070
152	87	3.099027	0.544570	2.755312	6.398910
152	88	3.099027	0.527920	2.590105	6.217052
152	89	3.099027	0.645537	3.757150	7.501714
152	90	3.099027	0.692826	4.226384	8.018238
152	91	3.099027	0.632453	3.627328	7.358809
152	92	3.099027	0.598008	3.285551	6.982587
152	93	3.099027	0.650244	3.803864	7.553136
152	94	3.099027	0.578983	3.096770	6.774780
152	95	3.099027	0.607235	3.377106	7.083368
152	96	3.099027	0.597108	3.276620	6.972756
152	97	3.099027	0.599777	3.303101	7.001905
152	98	3.099027	0.627149	3.945445	7.671621
152	99	3.099027	0.618345	3.487347	7.204719
153	0	3.358089	0.597460	3.280112	7.235661
153	1	3.358089	0.598363	3.289073	7.245525
153	2	3.358089	0.538844	2.698489	6.595422
153	3	3.358089	0.498576	2.298934	6.155599
153	4	3.358089	0.603766	3.342678	7.304532
153	5	3.358089	0.498576	2.298934	6.155599
153	6	3.358089	0.538844	2.698489	6.595422
153	7	3.358089	0.556729	2.875960	6.790779
153	8	3.358089	0.600455	3.309827	7.268371
153	9	3.358089	0.638737	3.689683	7.686509
153	10	3.358089	0.441638	1.733966	5.533693
153	11	3.358089	0.615258	3.456712	7.430059
153	12	3.358089	0.560824	2.916586	6.835499
153	13	3.358089	0.580084	3.107696	7.045869
153	14	3.358089	0.508048	2.392923	6.259061
153	15	3.358089	0.629145	3.806364	7.793598
153	16	3.358089	0.604669	3.351639	7.314397
153	17	3.358089	0.538844	2.698489	6.595422
153	18	3.358089	0.737473	4.669387	8.764948
153	19	3.358089	0.580084	3.107696	7.045869
153	20	3.358089	0.558009	2.888663	6.804761
153	21	3.358089	0.535372	2.664047	6.557508
153	22	3.358089	0.666541	3.965571	7.990202
153	23	3.358089	0.563725	2.945379	6.867194
153	24	3.358089	0.615258	3.456712	7.430059
153	25	3.358089	0.669508	3.995003	8.022600
153	26	3.358089	0.516916	2.480910	6.355914
153	27	3.358089	0.704197	4.339209	8.401495
153	28	3.358089	0.722129	4.517140	8.597358
153	29	3.358089	0.591127	3.270230	7.219446
153	30	3.358089	0.580990	3.116692	7.055772
153	31	3.358089	0.535372	2.664047	6.557508
153	32	3.358089	0.674429	4.043840	8.076359
153	33	3.358089	0.711699	4.572537	8.642324
153	34	3.358089	0.604669	3.351639	7.314397
153	35	3.358089	0.578588	3.092857	7.029535
153	36	3.358089	0.688293	4.181402	8.227784
153	37	3.358089	0.601744	3.322615	7.282448
153	38	3.358089	0.492673	2.240360	6.091122
153	39	3.358089	0.702337	4.320756	8.381182
153	40	3.358089	0.588902	3.195196	7.142187
153	41	3.358089	0.600420	3.733192	7.691701
153	42	3.358089	0.601744	3.322615	7.282448
153	43	3.358089	0.603046	3.494425	7.455559
153	44	3.358089	0.615460	3.458712	7.432260
153	45	3.358089	0.560824	2.916586	6.835499
153	46	3.358089	0.560824	2.916586	6.835499
153	47	3.358089	0.508048	2.392923	6.259061
153	48	3.358089	0.597386	3.279374	7.234849
153	49	3.358089	0.531299	2.623627	6.513015
153	50	3.358089	0.492673	2.240360	6.091122
153	51	3.358089	0.516916	2.480910	6.355914
153	52	3.358089	0.556729	2.875960	6.790779
153	53	3.358089	0.556729	2.875960	6.790779
153	54	3.358089	0.579502	3.101924	7.039515
153	55	3.358089	0.560765	3.392681	7.311535
153	56	3.358089	0.625227	3.767480	7.750795
153	57	3.358089	0.521540	2.526797	6.406426
153	58	3.358089	0.666541	3.965571	7.990202
153	59	3.358089	0.561014	2.918474	6.837576
153	60	3.358089	0.590924	3.215260	7.164274
153	61	3.358089	0.647725	3.937752	7.943566
153	62	3.358089	0.559856	2.906980	6.824925
153	63	3.358089	0.598363	3.289073	7.245525
153	64	3.358089	0.580000	3.265756	7.203846
153	65	3.358089	0.564116	2.949259	6.871464
153	66	3.358089	0.576374	3.070886	7.005349
153	67	3.358089	0.559856	2.906980	6.824925
153	68	3.358089	0.650299	3.804407	7.812795
153	69	3.358089	0.590924	3.215260	7.164274
153	70	3.358089	0.649882	4.012120	8.020090
153	71	3.358089	0.515494	2.466801	6.340384
153	72	3.358089	0.653177	3.832959	7.844225
153	73	3.358089	0.604669	3.351639	7.314397
153	74	3.358089	0.580990	3.116692	7.055772
153	75	3.358089	0.558009	2.888663	6.804761
153	76	3.358089	0.650299	3.804407	7.812795
153	77	3.358089	0.615258	3.456712	7.430059
153	78	3.358089	0.492673	2.240360	6.091122
153	79	3.358089	0.576374	3.070886	7.005349
153	80	3.358089	0.585076	3.157231	7.100396
153	81	3.358089	0.610366	3.408167	7.376622
153	82	3.358089	0.563725	2.945379	6.867194
153	83	3.358089	0.615460	3.458712	7.432260
153	84	3.358089	0.561014	2.918474	6.837576
153	85	3.358089	0.508048	2.392923	6.259061
153	86	3.358089	0.514022	2.452196	6.324307
153	87	3.358089	0.563725	2.945379	6.867194
153	88	3.358089	0.562154	2.929786	6.850029
153	89	3.358089	0.597386	3.279374	7.234849
153	90	3.358089	0.551640	2.825459	6.735188
153	91	3.358089	0.515494	2.466801	6.340384
153	92	3.358089	0.615258	3.456712	7.430059
153	93	3.358089	0.600455	3.309827	7.268371
153	94	3.358089	0.558009	2.888663	6.804761
153	95	3.358089	0.498576	2.298934	6.155599
153	96	3.358089	0.598363	3.289073	7.245525
153	97	3.358089	0.702337	4.320756	8.381182
153	98	3.358089	0.535372	2.664047	6.557508
153	99	3.358089	0.615258	3.456712	7.430059
154	0	3.312785	0.535351	2.663835	6.511971
154	1	3.312785	0.579917	3.106043	6.998745
154	2	3.312785	0.528072	2.591606	6.432463
154	3	3.312785	0.656070	3.914631	7.883486
154	4	3.312785	0.643351	3.735465	7.691600
154	5	3.312785	0.592261	3.228521	7.133566
154	6	3.312785	0.434704	1.665169	5.412658
154	7	3.312785	0.604507	3.350037	7.267330
154	8	3.312785	0.556894	2.877596	6.747275
154	9	3.312785	0.731433	4.609457	8.653675
154	10	3.312785	0.602973	3.334818	7.250576
154	11	3.312785	0.618505	3.488928	7.420217
154	12	3.312785	0.547413	2.783519	6.643717
154	13	3.312785	0.612225	3.638474	7.563485
154	14	3.312785	0.538420	3.170962	7.022167
154	15	3.312785	0.666278	3.962956	7.942018
154	16	3.312785	0.604507	3.350037	7.267330
154	17	3.312785	0.532483	2.635374	6.480641
154	18	3.312785	0.540083	2.710789	6.563657
154	19	3.312785	0.567931	2.987110	6.867826
154	20	3.312785	0.575489	3.062100	6.950373
154	21	3.312785	0.503586	2.348650	6.165021
154	22	3.312785	0.545970	2.769202	6.627957
154	23	3.312785	0.735253	4.647359	8.695397
154	24	3.312785	0.538276	2.692860	6.543921
154	25	3.312785	0.615618	3.460279	7.388682
154	26	3.312785	0.567931	2.987110	6.867826
154	27	3.312785	0.570131	3.008934	6.891850
154	28	3.312785	0.603815	3.343173	7.259773
154	29	3.312785	0.547413	2.783519	6.643717
154	30	3.312785	0.511743	2.429584	6.254112
154	31	3.312785	0.595109	3.256780	7.164673
154	32	3.312785	0.556894	2.877596	6.747275
154	33	3.312785	0.494693	2.260403	6.067881
154	34	3.312785	0.555804	2.866782	6.735371
154	35	3.312785	0.583928	3.357693	7.254406
154	36	3.312785	0.529995	2.610691	6.453471
154	37	3.312785	0.655289	3.853917	7.821991
154	38	3.312785	0.502636	2.339224	6.154646
154	39	3.312785	0.529084	2.601655	6.443524
154	40	3.312785	0.595075	3.256445	7.164305
154	41	3.312785	0.503586	2.348650	6.165021
154	42	3.312785	0.655289	3.853917	7.821991
154	43	3.312785	0.735253	4.647359	8.695397
154	44	3.312785	0.579917	3.106043	6.998745
154	45	3.312785	0.642872	3.730713	7.686370
154	46	3.312785	0.529995	2.610691	6.453471
154	47	3.312785	0.511743	2.429584	6.254112
154	48	3.312785	0.556049	2.869207	6.738041
154	49	3.312785	0.510922	2.421436	6.245143
154	50	3.312785	0.532766	2.638187	6.483738
154	51	3.312785	0.714195	4.438410	8.465389
154	52	3.312785	0.524432	2.555491	6.392707
154	53	3.312785	0.530535	2.616046	6.459365
154	54	3.312785	0.729405	4.589338	8.631528
154	55	3.312785	0.552962	2.838579	6.704326
154	56	3.312785	0.575489	3.062100	6.950373
154	57	3.312785	0.620649	3.616127	7.549561
154	58	3.312785	0.529995	2.610691	6.453471
154	59	3.312785	0.654554	3.846626	7.813965
154	60	3.312785	0.692076	4.271904	8.276766
154	61	3.312785	0.552962	2.838579	6.704326
154	62	3.312785	0.620649	3.616127	7.549561
154	63	3.312785	0.538276	2.692860	6.543921
154	64	3.312785	0.547413	2.783519	6.643717
154	65	3.312785	0.634472	3.647363	7.594620
154	66	3.312785	0.572932	3.036735	6.922452
154	67	3.312785	0.735253	4.647359	8.695397
154	68	3.312785	0.531843	3.158664	7.003292
154	69	3.312785	0.546431	2.773774	6.632990
154	70	3.312785	0.494693	2.260403	6.067881
154	71	3.312785	0.556244	2.871149	6.740179
154	72	3.312785	0.532483	2.635374	6.480641
154	73	3.312785	0.594739	3.253107	7.160631
154	74	3.312785	0.594739	3.253107	7.160631
154	75	3.312785	0.568256	2.990332	6.871373
154	76	3.312785	0.656928	3.976106	7.945818
154	77	3.312785	0.729405	4.589338	8.631528
154	78	3.312785	0.595109	3.256780	7.164673
154	79	3.312785	0.666278	3.962956	7.942018
154	80	3.312785	0.556244	2.871149	6.740179
154	81	3.312785	0.545970	2.769202	6.627957
154	82	3.312785	0.599012	3.295508	7.207304
154	83	3.312785	0.572932	3.036735	6.922452
154	84	3.312785	0.547413	2.783519	6.643717
154	85	3.312785	0.529411	2.604898	6.447094
154	86	3.312785	0.603815	3.343173	7.259773
154	87	3.312785	0.691324	4.317400	8.321508
154	88	3.312785	0.555804	2.866782	6.735371
154	89	3.312785	0.556049	2.869207	6.738041
154	90	3.312785	0.553517	2.844083	6.710385
154	91	3.312785	0.600915	3.314394	7.228094
154	92	3.312785	0.592261	3.228521	7.133566
154	93	3.312785	0.654554	3.846626	7.813965
154	94	3.312785	0.711971	4.416348	8.441105
154	95	3.312785	0.572932	3.036735	6.922452
154	96	3.312785	0.615618	3.460279	7.388682
154	97	3.312785	0.528072	2.591606	6.432463
154	98	3.312785	0.524432	2.555491	6.392707
154	99	3.312785	0.611195	3.416399	7.340380
155	0	3.323072	0.592573	3.231621	7.147266
155	1	3.323072	0.572100	3.028480	6.923653
155	2	3.323072	0.509760	2.409910	6.242742
155	3	3.323072	0.595099	3.256683	7.174854
155	4	3.323072	0.650235	3.803775	7.777082
155	5	3.323072	0.619500	3.498800	7.441371
155	6	3.323072	0.635221	3.654798	7.613091
155	7	3.323072	0.582940	3.136034	7.042045
155	8	3.323072	0.641776	3.719833	7.684680
155	9	3.323072	0.473241	2.047545	5.843858
155	10	3.323072	0.510254	2.838524	6.671850
155	11	3.323072	0.549875	2.807948	6.680895
155	12	3.323072	0.550169	2.810864	6.684105
155	13	3.323072	0.659996	4.112476	8.095544
155	14	3.323072	0.629701	3.600023	7.552796
155	15	3.323072	0.644597	3.747827	7.715496
155	16	3.323072	0.600680	3.312060	7.235812
155	17	3.323072	0.627986	3.583007	7.534065
155	18	3.323072	0.563911	2.947221	6.834204
155	19	3.323072	0.669843	3.998327	7.991241
155	20	3.323072	0.621495	3.518598	7.463165
155	21	3.323072	0.659107	3.891800	7.873979
155	22	3.323072	0.524257	2.553750	6.401078
155	23	3.323072	0.595099	3.256683	7.174854
155	24	3.323072	0.530685	2.617537	6.471294
155	25	3.323072	0.641776	3.719833	7.684680
155	26	3.323072	0.550169	2.810864	6.684105
155	27	3.323072	0.547389	2.783277	6.653737
155	28	3.323072	0.595099	3.256683	7.174854
155	29	3.323072	0.473241	2.047545	5.843858
155	30	3.323072	0.513850	2.450495	6.287417
155	31	3.323072	0.650235	3.803775	7.777082
155	32	3.323072	0.663472	3.935111	7.921654
155	33	3.323072	0.574966	3.056918	6.954956
155	34	3.323072	0.554688	2.855708	6.733468
155	35	3.323072	0.627986	3.583007	7.534065
155	36	3.323072	0.501882	2.331737	6.156691
155	37	3.323072	0.680859	4.107642	8.111573
155	38	3.323072	0.607395	3.431659	7.362126
155	39	3.323072	0.550169	2.810864	6.684105
155	40	3.323072	0.509760	2.409910	6.242742
155	41	3.323072	0.721550	4.511390	8.556011
155	42	3.323072	0.563911	2.947221	6.834204
155	43	3.323072	0.601190	3.317118	7.241380
155	44	3.323072	0.595099	3.256683	7.174854
155	45	3.323072	0.673475	4.034371	8.030918
155	46	3.323072	0.534646	2.656839	6.514557
155	47	3.323072	0.547389	2.783277	6.653737
155	48	3.323072	0.659436	3.895063	7.877571
155	49	3.323072	0.705553	4.352667	8.381293
155	50	3.323072	0.607354	3.378287	7.308713
155	51	3.323072	0.570380	3.011411	6.904863
155	52	3.323072	0.629701	3.600023	7.552796
155	53	3.323072	0.659107	3.891800	7.873979
155	54	3.323072	0.554688	2.855708	6.733468
155	55	3.323072	0.595099	3.256683	7.174854
155	56	3.323072	0.599792	3.303245	7.226109
155	57	3.323072	0.635221	3.654798	7.613091
155	58	3.323072	0.534646	2.656839	6.514557
155	59	3.323072	0.600680	3.312060	7.235812
155	60	3.323072	0.702129	4.318689	8.343889
155	61	3.323072	0.650235	3.803775	7.777082
155	62	3.323072	0.544469	2.754309	6.621851
155	63	3.323072	0.719430	4.490357	8.532858
155	64	3.323072	0.657966	3.880485	7.861523
155	65	3.323072	0.544469	2.754309	6.621851
155	66	3.323072	0.657966	3.880485	7.861523
155	67	3.323072	0.516120	3.002653	6.841845
155	68	3.323072	0.665568	4.061844	8.050484
155	69	3.323072	0.513357	2.445596	6.282025
155	70	3.323072	0.659436	3.895063	7.877571
155	71	3.323072	0.531074	2.621393	6.475539
155	72	3.323072	0.700480	4.461214	8.484766
155	73	3.323072	0.585915	3.165553	7.074539
155	74	3.323072	0.501882	2.331737	6.156691
155	75	3.323072	0.635221	3.654798	7.613091
155	76	3.323072	0.557421	2.882826	6.763319
155	77	3.323072	0.526927	2.580248	6.430247
155	78	3.323072	0.669843	3.998327	7.991241
155	79	3.323072	0.432497	1.643268	5.398837
155	80	3.323072	0.432497	1.643268	5.398837
155	81	3.323072	0.574966	3.056918	6.954956
155	82	3.323072	0.510377	2.416031	6.249480
155	83	3.323072	0.622654	3.530098	7.475824
155	84	3.323072	0.537237	3.053289	6.913598
155	85	3.323072	0.531074	2.621393	6.475539
155	86	3.323072	0.627986	3.583007	7.534065
155	87	3.323072	0.529560	2.606371	6.459003
155	88	3.323072	0.659107	3.891800	7.873979
155	89	3.323072	0.641776	3.719833	7.684680
155	90	3.323072	0.589237	3.198523	7.110832
155	91	3.323072	0.529560	2.606371	6.459003
155	92	3.323072	0.513357	2.445596	6.282025
155	93	3.323072	0.680859	4.107642	8.111573
155	94	3.323072	0.538040	2.690519	6.551632
155	95	3.323072	0.659996	4.112476	8.095544
155	96	3.323072	0.572100	3.028480	6.923653
155	97	3.323072	0.537237	3.053289	6.913598
155	98	3.323072	0.673787	4.037470	8.034329
155	99	3.323072	0.629701	3.600023	7.552796
156	0	3.242299	0.583994	3.146496	6.972788
156	1	3.242299	0.561387	2.922174	6.725860
156	2	3.242299	0.566493	2.972837	6.781628
156	3	3.242299	0.558803	2.896540	6.697642
156	4	3.242299	0.597209	3.277620	7.117127
156	5	3.242299	0.567753	3.303128	7.113180
156	6	3.242299	0.542587	2.735632	6.520517
156	7	3.242299	0.561683	2.925115	6.729097
156	8	3.242299	0.539536	2.705361	6.487196
156	9	3.242299	0.601554	3.585552	7.429404
156	10	3.242299	0.770529	4.997384	9.010211
156	11	3.242299	0.546953	2.778951	6.568202
156	12	3.242299	0.584492	3.151437	6.978228
156	13	3.242299	0.666121	3.961404	7.869824
156	14	3.242299	0.534487	2.655259	6.432044
156	15	3.242299	0.440845	1.726102	5.409246
156	16	3.242299	0.694874	4.246699	8.183872
156	17	3.242299	0.626131	3.564598	7.433027
156	18	3.242299	0.609209	3.396695	7.248203
156	19	3.242299	0.545613	2.765662	6.553574
156	20	3.242299	0.538548	3.225195	7.006042
156	21	3.242299	0.626131	3.564598	7.433027
156	22	3.242299	0.550149	2.810663	6.603111
156	23	3.242299	0.545613	2.765662	6.553574
156	24	3.242299	0.577543	3.082483	6.902325
156	25	3.242299	0.594479	3.250532	7.087310
156	26	3.242299	0.577543	3.082483	6.902325
156	27	3.242299	0.514441	2.456356	6.213096
156	28	3.242299	0.667641	4.082413	7.992353
156	29	3.242299	0.605587	3.360747	7.208632
156	30	3.242299	0.558803	2.896540	6.697642
156	31	3.242299	0.694874	4.246699	8.183872
156	32	3.242299	0.592018	3.226110	7.060427
156	33	3.242299	0.534487	2.655259	6.432044
156	34	3.242299	0.559328	2.901750	6.703377
156	35	3.242299	0.633428	3.637008	7.512735
156	36	3.242299	0.670712	4.006955	7.919966
156	37	3.242299	0.542587	2.735632	6.520517
156	38	3.242299	0.597209	3.277620	7.117127
156	39	3.242299	0.579969	3.106560	6.928828
156	40	3.242299	0.666121	3.961404	7.869824
156	41	3.242299	0.618991	3.493756	7.355045
156	42	3.242299	0.694874	4.246699	8.183872
156	43	3.242299	0.597209	3.277620	7.117127
156	44	3.242299	0.575629	3.063488	6.881415
156	45	3.242299	0.575629	3.063488	6.881415
156	46	3.242299	0.573266	3.040041	6.855605
156	47	3.242299	0.667641	4.082413	7.992353
156	48	3.242299	0.607837	3.383074	7.233209
156	49	3.242299	0.512039	2.432522	6.186860
156	50	3.242299	0.687582	4.174342	8.104222
156	51	3.242299	0.588599	3.192188	7.023085
156	52	3.242299	0.567845	2.986261	6.796405
156	53	3.242299	0.687582	4.174342	8.104222
156	54	3.242299	0.688538	4.183828	8.114664
156	55	3.242299	0.608404	3.388707	7.239410
156	56	3.242299	0.634187	3.644537	7.521022
156	57	3.242299	0.607837	3.383074	7.233209
156	58	3.242299	0.733361	4.681549	8.657208
156	59	3.242299	0.584492	3.151437	6.978228
156	60	3.242299	0.647295	3.774600	7.664194
156	61	3.242299	0.584492	3.151437	6.978228
156	62	3.242299	0.512039	2.432522	6.186860
156	63	3.242299	0.592018	3.226110	7.060427
156	64	3.242299	0.534487	2.655259	6.432044
156	65	3.242299	0.712399	4.420597	8.375295
156	66	3.242299	0.608404	3.388707	7.239410
156	67	3.242299	0.553496	2.843874	6.639668
156	68	3.242299	0.512039	2.432522	6.186860
156	69	3.242299	0.579969	3.106560	6.928828
156	70	3.242299	0.577507	3.241022	7.060828
156	71	3.242299	0.751580	4.809367	8.803246
156	72	3.242299	0.622235	3.525941	7.390475
156	73	3.242299	0.592018	3.226110	7.060427
156	74	3.242299	0.561387	2.922174	6.725860
156	75	3.242299	0.534487	2.655259	6.432044
156	76	3.242299	0.553496	2.843874	6.639668
156	77	3.242299	0.622235	3.525941	7.390475
156	78	3.242299	0.575763	3.064820	6.882881
156	79	3.242299	0.580647	3.113280	6.936225
156	80	3.242299	0.670712	4.006955	7.919966
156	81	3.242299	0.448002	2.591566	6.281866
156	82	3.242299	0.626131	3.564598	7.433027
156	83	3.242299	0.519958	2.511092	6.273348
156	84	3.242299	0.566493	2.972837	6.781628
156	85	3.242299	0.594479	3.250532	7.087310
156	86	3.242299	0.631235	3.615241	7.488774
156	87	3.242299	0.609286	3.397450	7.249034
156	88	3.242299	0.542298	2.997582	6.782178
156	89	3.242299	0.622235	3.525941	7.390475
156	90	3.242299	0.609209	3.396695	7.248203
156	91	3.242299	0.607837	3.383074	7.233209
156	92	3.242299	0.648611	3.787658	7.678567
156	93	3.242299	0.481848	2.715555	6.439702
156	94	3.242299	0.631235	3.615241	7.488774
156	95	3.242299	0.618991	3.493756	7.355045
156	96	3.242299	0.567845	2.986261	6.796405
156	97	3.242299	0.592029	3.226223	7.060551
156	98	3.242299	0.510443	2.416680	6.169421
156	99	3.242299	0.592692	3.232799	7.067789
157	0	3.377577	0.634137	3.644041	7.655755
157	1	3.377577	0.497683	2.290075	6.165334
157	2	3.377577	0.584029	3.146843	7.108448
157	3	3.377577	0.625012	3.553497	7.556086
157	4	3.377577	0.525365	2.564751	6.467693
157	5	3.377577	0.608682	3.391461	7.377719
157	6	3.377577	0.696231	4.260164	8.333972
157	7	3.377577	0.592903	3.234898	7.205379
157	8	3.377577	0.608682	3.391461	7.377719
157	9	3.377577	0.670207	4.054904	8.102688
157	10	3.377577	0.551575	2.824815	6.753967
157	11	3.377577	0.590638	3.212419	7.180634
157	12	3.377577	0.432444	1.642743	5.452765
157	13	3.377577	0.612797	3.432294	7.422668
157	14	3.377577	0.525365	2.564751	6.467693
157	15	3.377577	0.548015	2.789495	6.715087
157	16	3.377577	0.535297	2.663302	6.576175
157	17	3.377577	0.596864	3.274197	7.248637
157	18	3.377577	0.669013	3.990099	8.036689
157	19	3.377577	0.675946	4.058886	8.112408
157	20	3.377577	0.551575	2.824815	6.753967
157	21	3.377577	0.547040	2.779819	6.704436
157	22	3.377577	0.634137	3.644041	7.655755
157	23	3.377577	0.608682	3.391461	7.377719
157	24	3.377577	0.553230	2.841235	6.772042
157	25	3.377577	0.592903	3.234898	7.205379
157	26	3.377577	0.550034	2.809530	6.737141
157	27	3.377577	0.634137	3.644041	7.655755
157	28	3.377577	0.624904	3.552426	7.554907
157	29	3.377577	0.548306	2.792377	6.718259
157	30	3.377577	0.608682	3.391461	7.377719
157	31	3.377577	0.522290	2.534238	6.434105
157	32	3.377577	0.512010	2.644091	6.533677
157	33	3.377577	0.533096	2.641463	6.552136
157	34	3.377577	0.596015	3.265770	7.239361
157	35	3.377577	0.584602	3.152527	7.114706
157	36	3.377577	0.552767	2.836644	6.766987
157	37	3.377577	0.552767	2.836644	6.766987
157	38	3.377577	0.568942	2.997141	6.943660
157	39	3.377577	0.686629	4.270817	8.335022
157	40	3.377577	0.551575	2.824815	6.753967
157	41	3.377577	0.523615	2.971095	6.872286
157	42	3.377577	0.669013	3.990099	8.036689
157	43	3.377577	0.648341	3.784973	7.810890
157	44	3.377577	0.653572	3.995771	8.026919
157	45	3.377577	0.496074	2.274109	6.147760
157	46	3.377577	0.547040	2.779819	6.704436
157	47	3.377577	0.547040	2.779819	6.704436
157	48	3.377577	0.553230	2.841235	6.772042
157	49	3.377577	0.585797	3.376243	7.339617
157	50	3.377577	0.584959	3.156072	7.118608
157	51	3.377577	0.550983	2.818946	6.747506
157	52	3.377577	0.612797	3.432294	7.422668
157	53	3.377577	0.564880	2.956832	6.899288
157	54	3.377577	0.506347	2.376043	6.259967
157	55	3.377577	0.550034	2.809530	6.737141
157	56	3.377577	0.507658	2.389054	6.274289
157	57	3.377577	0.550034	2.809530	6.737141
157	58	3.377577	0.612994	3.434252	7.424823
157	59	3.377577	0.675946	4.058886	8.112408
157	60	3.377577	0.612994	3.434252	7.424823
157	61	3.377577	0.590638	3.212419	7.180634
157	62	3.377577	0.640353	3.705713	7.723643
157	63	3.377577	0.646550	3.873137	7.897264
157	64	3.377577	0.550983	2.818946	6.747506
157	65	3.377577	0.535297	2.663302	6.576175
157	66	3.377577	0.576286	3.070010	7.023872
157	67	3.377577	0.569635	3.004014	6.951225
157	68	3.377577	0.670207	4.054904	8.102688
157	69	3.377577	0.596015	3.265770	7.239361
157	70	3.377577	0.501688	2.329815	6.209080
157	71	3.377577	0.636007	3.662589	7.676173
157	72	3.377577	0.669013	3.990099	8.036689
157	73	3.377577	0.636007	3.662589	7.676173
157	74	3.377577	0.631746	3.620312	7.629635
157	75	3.377577	0.525365	2.564751	6.467693
157	76	3.377577	0.567335	2.981198	6.926110
157	77	3.377577	0.637796	3.680349	7.695722
157	78	3.377577	0.504854	2.361227	6.243658
157	79	3.377577	0.641484	3.822863	7.841924
157	80	3.377577	0.608682	3.391461	7.377719
157	81	3.377577	0.660961	4.175019	8.213557
157	82	3.377577	0.595484	3.260502	7.233562
157	83	3.377577	0.566982	2.977696	6.922255
157	84	3.377577	0.548306	2.792377	6.718259
157	85	3.377577	0.614034	3.444565	7.436175
157	86	3.377577	0.539976	2.709723	6.627275
157	87	3.377577	0.575342	3.060648	7.013567
157	88	3.377577	0.590638	3.212419	7.180634
157	89	3.377577	0.507658	2.389054	6.274289
157	90	3.377577	0.521667	2.528058	6.427302
157	91	3.377577	0.579411	3.101020	7.058008
157	92	3.377577	0.634137	3.644041	7.655755
157	93	3.377577	0.595484	3.260502	7.233562
157	94	3.377577	0.496074	2.274109	6.147760
157	95	3.377577	0.519866	2.510185	6.407628
157	96	3.377577	0.568942	2.997141	6.943660
157	97	3.377577	0.569635	3.004014	6.951225
157	98	3.377577	0.509716	2.409474	6.296767
157	99	3.377577	0.583091	3.137530	7.098197
158	0	3.361167	0.568070	2.988486	6.917722
158	1	3.361167	0.549506	2.804292	6.714965
158	2	3.361167	0.523507	2.546313	6.430987
158	3	3.361167	0.655771	3.964628	7.981566
158	4	3.361167	0.563804	2.946161	6.871132
158	5	3.361167	0.534741	2.657780	6.553688
158	6	3.361167	0.563804	2.946161	6.871132
158	7	3.361167	0.551431	2.823384	6.735982
158	8	3.361167	0.483851	2.152823	5.997841
158	9	3.361167	0.592916	3.393917	7.348001
158	10	3.361167	0.541427	2.935978	6.838572
158	11	3.361167	0.605226	3.621991	7.588384
158	12	3.361167	0.635781	3.660354	7.657302
158	13	3.361167	0.682863	4.127519	8.171549
158	14	3.361167	0.549506	2.804292	6.714965
158	15	3.361167	0.577183	3.078911	7.017261
158	16	3.361167	0.528532	2.596172	6.485871
158	17	3.361167	0.503883	2.351594	6.216644
158	18	3.361167	0.563401	2.942165	6.866733
158	19	3.361167	0.495028	2.263727	6.119922
158	20	3.361167	0.574741	3.054684	6.990592
158	21	3.361167	0.563401	2.942165	6.866733
158	22	3.361167	0.579385	3.100758	7.041310
158	23	3.361167	0.579385	3.100758	7.041310
158	24	3.361167	0.514466	2.456599	6.332232
158	25	3.361167	0.563138	2.939548	6.863853
158	26	3.361167	0.549506	2.804292	6.714965
158	27	3.361167	0.635074	3.653339	7.649581
158	28	3.361167	0.646863	3.770309	7.778338
158	29	3.361167	0.493223	2.245815	6.100205
158	30	3.361167	0.617329	3.742082	7.720579
158	31	3.361167	0.568070	2.988486	6.917722
158	32	3.361167	0.470845	2.023777	5.855789
158	33	3.361167	0.470845	2.023777	5.855789
158	34	3.361167	0.579840	3.423054	7.364060
158	35	3.361167	0.528212	2.592995	6.482374
158	36	3.361167	0.609818	3.402734	7.373720
158	37	3.361167	0.514466	2.456599	6.332232
158	38	3.361167	0.549609	2.805306	6.716082
158	39	3.361167	0.629480	3.597828	7.588475
158	40	3.361167	0.558549	3.105867	7.025582
158	41	3.361167	0.563138	2.939548	6.863853
158	42	3.361167	0.588403	3.190241	7.139811
158	43	3.361167	0.528532	2.596172	6.485871
158	44	3.361167	0.735533	4.650136	8.746836
158	45	3.361167	0.617275	3.476724	7.455166
158	46	3.361167	0.534741	2.657780	6.553688
158	47	3.361167	0.549609	2.805306	6.716082
158	48	3.361167	0.622418	3.527757	7.511342
158	49	3.361167	0.563401	2.942165	6.866733
158	50	3.361167	0.552158	2.830604	6.743930
158	51	3.361167	0.619850	3.502271	7.483288
158	52	3.361167	0.433137	1.649619	5.443923
158	53	3.361167	0.688356	4.182030	8.231553
158	54	3.361167	0.740281	4.697257	8.798705
158	55	3.361167	0.585181	3.158275	7.104623
158	56	3.361167	0.495028	2.263727	6.119922
158	57	3.361167	0.568070	2.988486	6.917722
158	58	3.361167	0.586631	3.172664	7.120462
158	59	3.361167	0.523507	2.546313	6.430987
158	60	3.361167	0.735533	4.650136	8.746836
158	61	3.361167	0.587807	3.184334	7.133308
158	62	3.361167	0.483851	2.152823	5.997841
158	63	3.361167	0.590666	3.212693	7.164526
158	64	3.361167	0.602688	3.331986	7.295841
158	65	3.361167	0.684993	4.148659	8.194819
158	66	3.361167	0.574741	3.054684	6.990592
158	67	3.361167	0.606397	3.580644	7.548208
158	68	3.361167	0.629480	3.597828	7.588475
158	69	3.361167	0.622649	3.530044	7.513859
158	70	3.361167	0.585181	3.158275	7.104623
158	71	3.361167	0.629480	3.597828	7.588475
158	72	3.361167	0.669247	3.992419	8.022834
158	73	3.361167	0.684993	4.148659	8.194819
158	74	3.361167	0.575198	3.059216	6.995581
158	75	3.361167	0.600424	3.309525	7.271116
158	76	3.361167	0.602688	3.331986	7.295841
158	77	3.361167	0.549506	2.804292	6.714965
158	78	3.361167	0.653012	3.831322	7.845500
158	79	3.361167	0.659178	3.892506	7.912850
158	80	3.361167	0.551431	2.823384	6.735982
158	81	3.361167	0.735533	4.650136	8.746836
158	82	3.361167	0.579385	3.100758	7.041310
158	83	3.361167	0.617275	3.476724	7.455166
158	84	3.361167	0.542671	2.736466	6.640303
158	85	3.361167	0.532118	2.631759	6.525045
158	86	3.361167	0.552158	2.830604	6.743930
158	87	3.361167	0.495028	2.263727	6.119922
158	88	3.361167	0.523507	2.546313	6.430987
158	89	3.361167	0.514466	2.456599	6.332232
158	90	3.361167	0.613091	3.435210	7.409468
158	91	3.361167	0.605226	3.621991	7.588384
158	92	3.361167	0.669247	3.992419	8.022834
158	93	3.361167	0.629480	3.597828	7.588475
158	94	3.361167	0.637494	3.783274	7.781935
158	95	3.361167	0.585181	3.158275	7.104623
158	96	3.361167	0.720773	4.503686	8.585627
158	97	3.361167	0.528212	2.592995	6.482374
158	98	3.361167	0.526464	2.575649	6.463280
158	99	3.361167	0.741243	4.706798	8.809208
159	0	3.477934	0.572878	3.036193	7.087005
159	1	3.477934	0.575932	3.331321	7.385187
159	2	3.477934	0.657723	3.878068	8.013725
159	3	3.477934	0.525645	2.567522	6.571100
159	4	3.477934	0.527459	2.585523	6.590916
159	5	3.477934	0.587733	3.183594	7.249261
159	6	3.477934	0.567267	2.980521	7.025722
159	7	3.477934	0.506495	2.377507	6.361936
159	8	3.477934	0.571332	3.020854	7.070120
159	9	3.477934	0.651595	3.817267	7.946796
159	10	3.477934	0.476918	2.084034	6.038886
159	11	3.477934	0.695164	4.249583	8.422681
159	12	3.477934	0.554857	2.857384	6.890175
159	13	3.477934	0.654492	3.846007	7.978433
159	14	3.477934	0.536763	2.677840	6.692537
159	15	3.477934	0.493735	2.250899	6.222569
159	16	3.477934	0.498754	2.830338	6.807027
159	17	3.477934	0.644210	3.743987	7.866131
159	18	3.477934	0.567267	2.980521	7.025722
159	19	3.477934	0.626425	3.567512	7.671871
159	20	3.477934	0.538101	2.691123	6.707158
159	21	3.477934	0.604054	3.345540	7.427528
159	22	3.477934	0.483782	2.152142	6.113858
159	23	3.477934	0.657723	3.878068	8.013725
159	24	3.477934	0.546481	2.774267	6.798682
159	25	3.477934	0.574828	3.055549	7.108312
159	26	3.477934	0.571804	3.396285	7.446023
159	27	3.477934	0.644210	3.743987	7.866131
159	28	3.477934	0.493735	2.250899	6.222569
159	29	3.477934	0.525645	2.567522	6.571100
159	30	3.477934	0.583747	3.144041	7.205722
159	31	3.477934	0.632684	3.629625	7.740243
159	32	3.477934	0.573300	3.040385	7.091619
159	33	3.477934	0.560204	2.910442	6.948581
159	34	3.477934	0.544016	2.749812	6.771762
159	35	3.477934	0.605304	3.728685	7.811923
159	36	3.477934	0.588020	3.186446	7.252400
159	37	3.477934	0.499034	2.303476	6.280444
159	38	3.477934	0.641166	3.819706	7.938806
159	39	3.477934	0.579057	3.415288	7.472279
159	40	3.477934	0.583747	3.144041	7.205722
159	41	3.477934	0.704789	4.345079	8.527801
159	42	3.477934	0.644210	3.743987	7.866131
159	43	3.477934	0.538101	2.691123	6.707158
159	44	3.477934	0.644920	3.751029	7.873882
159	45	3.477934	0.629019	3.593255	7.700208
159	46	3.477934	0.505289	2.365543	6.348766
159	47	3.477934	0.506495	2.377507	6.361936
159	48	3.477934	0.548824	3.274195	7.300953
159	49	3.477934	0.556138	2.870093	6.904166
159	50	3.477934	0.745764	4.751654	8.975352
159	51	3.477934	0.634917	3.651780	7.764631
159	52	3.477934	0.506495	2.377507	6.361936
159	53	3.477934	0.714849	4.550827	8.743609
159	54	3.477934	0.629019	3.593255	7.700208
159	55	3.477934	0.587607	3.182345	7.247886
159	56	3.477934	0.651828	3.978470	8.108232
159	57	3.477934	0.536763	2.677840	6.692537
159	58	3.477934	0.503935	2.352112	6.333982
159	59	3.477934	0.512508	2.437170	6.427612
159	60	3.477934	0.538101	2.691123	6.707158
159	61	3.477934	0.500833	2.321329	6.300096
159	62	3.477934	0.604054	3.345540	7.427528
159	63	3.477934	0.427553	1.594206	5.499693
159	64	3.477934	0.564931	2.957338	7.000203
159	65	3.477934	0.632684	3.629625	7.740243
159	66	3.477934	0.512508	2.437170	6.427612
159	67	3.477934	0.654492	3.846007	7.978433
159	68	3.477934	0.575297	3.060194	7.113425
159	69	3.477934	0.716750	4.463769	8.658453
159	70	3.477934	0.546481	2.774267	6.798682
159	71	3.477934	0.587607	3.182345	7.247886
159	72	3.477934	0.547841	2.787768	6.813543
159	73	3.477934	0.503935	2.352112	6.333982
159	74	3.477934	0.503935	2.352112	6.333982
159	75	3.477934	0.554857	2.857384	6.890175
159	76	3.477934	0.654492	3.846007	7.978433
159	77	3.477934	0.573896	3.046299	7.098129
159	78	3.477934	0.476918	2.084034	6.038886
159	79	3.477934	0.493735	2.250899	6.222569
159	80	3.477934	0.657723	3.878068	8.013725
159	81	3.477934	0.576861	3.075718	7.130514
159	82	3.477934	0.520274	2.514230	6.512438
159	83	3.477934	0.525645	2.567522	6.571100
159	84	3.477934	0.632684	3.629625	7.740243
159	85	3.477934	0.628443	3.693471	7.799848
159	86	3.477934	0.560479	2.913163	6.951576
159	87	3.477934	0.571332	3.020854	7.070120
159	88	3.477934	0.554857	2.857384	6.890175
159	89	3.477934	0.534625	2.656633	6.669193
159	90	3.477934	0.556138	2.870093	6.904166
159	91	3.477934	0.578228	3.089277	7.145439
159	92	3.477934	0.657723	3.878068	8.013725
159	93	3.477934	0.571332	3.020854	7.070120
159	94	3.477934	0.647675	3.778369	7.903978
159	95	3.477934	0.483782	2.152142	6.113858
159	96	3.477934	0.478555	2.100278	6.056767
159	97	3.477934	0.629019	3.593255	7.700208
159	98	3.477934	0.493735	2.250899	6.222569
159	99	3.477934	0.567267	2.980521	7.025722
160	0	3.260435	0.628374	3.586853	7.475661
160	1	3.260435	0.601214	3.317361	7.179011
160	2	3.260435	0.511456	2.426733	6.198623
160	3	3.260435	0.560535	2.913723	6.734693
160	4	3.260435	0.533508	2.645544	6.439486
160	5	3.260435	0.487631	2.190331	5.938396
160	6	3.260435	0.567777	2.985578	6.813790
160	7	3.260435	0.695489	4.252808	8.208733
160	8	3.260435	0.560535	2.913723	6.734693
160	9	3.260435	0.515987	2.471690	6.248112
160	10	3.260435	0.648401	3.785577	7.694414
160	11	3.260435	0.580684	3.113649	6.954768
160	12	3.260435	0.738703	4.681596	8.680734
160	13	3.260435	0.455113	1.867669	5.583217
160	14	3.260435	0.676767	4.067037	8.004239
160	15	3.260435	0.532313	2.633693	6.426441
160	16	3.260435	0.599148	3.402791	7.262375
160	17	3.260435	0.658636	3.887133	7.806205
160	18	3.260435	0.654701	3.848081	7.763216
160	19	3.260435	0.640107	3.703273	7.603815
160	20	3.260435	0.606455	3.369365	7.236255
160	21	3.260435	0.594935	3.255053	7.110422
160	22	3.260435	0.532313	2.633693	6.426441
160	23	3.260435	0.685757	4.156241	8.102433
160	24	3.260435	0.650142	3.855809	7.766386
160	25	3.260435	0.590270	3.632479	7.483184
160	26	3.260435	0.584548	3.151990	6.996973
160	27	3.260435	0.598446	3.289894	7.148775
160	28	3.260435	0.560194	2.910336	6.730965
160	29	3.260435	0.575227	3.059501	6.895162
160	30	3.260435	0.695489	4.252808	8.208733
160	31	3.260435	0.582855	3.400015	7.243306
160	32	3.260435	0.567777	2.985578	6.813790
160	33	3.260435	0.657712	3.877961	7.796108
160	34	3.260435	0.685757	4.156241	8.102433
160	35	3.260435	0.586539	3.171745	7.018718
160	36	3.260435	0.613772	3.706782	7.580989
160	37	3.260435	0.659816	3.898841	7.819092
160	38	3.260435	0.670644	4.006281	7.937360
160	39	3.260435	0.602808	3.333173	7.196415
160	40	3.260435	0.593885	3.244639	7.098959
160	41	3.260435	0.600482	3.310101	7.171018
160	42	3.260435	0.602808	3.333173	7.196415
160	43	3.260435	0.613772	3.706782	7.580989
160	44	3.260435	0.717340	4.469624	8.447399
160	45	3.260435	0.596519	3.270773	7.127726
160	46	3.260435	0.666768	3.967820	7.895024
160	47	3.260435	0.616320	3.467253	7.344009
160	48	3.260435	0.560535	2.913723	6.734693
160	49	3.260435	0.594935	3.255053	7.110422
160	50	3.260435	0.583005	3.136677	6.980117
160	51	3.260435	0.532950	2.640013	6.433398
160	52	3.260435	0.532950	2.640013	6.433398
160	53	3.260435	0.575227	3.059501	6.895162
160	54	3.260435	0.648401	3.785577	7.694414
160	55	3.260435	0.657712	3.877961	7.796108
160	56	3.260435	0.677326	4.072584	8.010345
160	57	3.260435	0.556694	2.875605	6.692734
160	58	3.260435	0.676767	4.067037	8.004239
160	59	3.260435	0.494559	2.259071	6.014065
160	60	3.260435	0.484271	2.156993	5.901699
160	61	3.260435	0.455113	1.867669	5.583217
160	62	3.260435	0.534370	2.654103	6.448908
160	63	3.260435	0.719739	4.652311	8.632484
160	64	3.260435	0.564711	2.955155	6.780301
160	65	3.260435	0.612354	3.427901	7.300690
160	66	3.260435	0.724337	4.644979	8.629751
160	67	3.260435	0.487631	2.190331	5.938396
160	68	3.260435	0.575227	3.059501	6.895162
160	69	3.260435	0.433222	1.650459	5.344116
160	70	3.260435	0.519195	2.503522	6.283152
160	71	3.260435	0.532950	2.640013	6.433398
160	72	3.260435	0.596519	3.270773	7.127726
160	73	3.260435	0.556694	2.875605	6.692734
160	74	3.260435	0.615222	3.456353	7.332010
160	75	3.260435	0.613582	3.440077	7.314094
160	76	3.260435	0.492483	2.238473	5.991391
160	77	3.260435	0.551192	2.926947	6.738574
160	78	3.260435	0.666768	3.967820	7.895024
160	79	3.260435	0.594935	3.255053	7.110422
160	80	3.260435	0.587297	3.179273	7.027005
160	81	3.260435	0.566978	2.977654	6.805067
160	82	3.260435	0.596519	3.270773	7.127726
160	83	3.260435	0.492483	2.238473	5.991391
160	84	3.260435	0.564266	2.950748	6.775449
160	85	3.260435	0.455113	1.867669	5.583217
160	86	3.260435	0.533508	2.645544	6.439486
160	87	3.260435	0.690797	4.206243	8.157475
160	88	3.260435	0.531404	2.624673	6.416512
160	89	3.260435	0.616057	3.623528	7.500020
160	90	3.260435	0.455113	1.867669	5.583217
160	91	3.260435	0.539356	2.703576	6.503367
160	92	3.260435	0.433222	1.650459	5.344116
160	93	3.260435	0.494559	2.259071	6.014065
160	94	3.260435	0.580203	3.108883	6.949521
160	95	3.260435	0.626839	3.571620	7.458893
160	96	3.260435	0.613582	3.440077	7.314094
160	97	3.260435	0.564266	2.950748	6.775449
160	98	3.260435	0.492483	2.238473	5.991391
160	99	3.260435	0.545980	2.769299	6.575714
161	0	3.371730	0.476199	2.076900	5.924829
161	1	3.371730	0.462760	1.943551	5.778041
161	2	3.371730	0.521423	2.525637	6.418791
161	3	3.371730	0.576480	3.071938	7.020149
161	4	3.371730	0.576480	3.071938	7.020149
161	5	3.371730	0.614963	3.453786	7.440480
161	6	3.371730	0.689357	4.191961	8.253049
161	7	3.371730	0.567850	2.986310	6.925890
161	8	3.371730	0.586442	3.170787	7.128960
161	9	3.371730	0.556899	2.877639	6.806268
161	10	3.371730	0.628793	3.749902	7.750425
161	11	3.371730	0.646499	3.766705	7.784935
161	12	3.371730	0.689357	4.191961	8.253049
161	13	3.371730	0.556899	2.877639	6.806268
161	14	3.371730	0.628793	3.749902	7.750425
161	15	3.371730	0.620710	3.510807	7.503247
161	16	3.371730	0.549342	2.802662	6.723734
161	17	3.371730	0.706375	4.360815	8.438920
161	18	3.371730	0.689357	4.191961	8.253049
161	19	3.371730	0.616159	3.465656	7.453545
161	20	3.371730	0.577377	3.080837	7.029944
161	21	3.371730	0.600801	3.313260	7.285792
161	22	3.371730	0.556899	2.877639	6.806268
161	23	3.371730	0.573864	3.045975	6.991570
161	24	3.371730	0.614897	3.453124	7.439751
161	25	3.371730	0.573864	3.045975	6.991570
161	26	3.371730	0.606600	3.370798	7.349128
161	27	3.371730	0.679345	4.092612	8.143687
161	28	3.371730	0.580639	3.113209	7.065579
161	29	3.371730	0.626766	3.570901	7.569398
161	30	3.371730	0.504544	2.358149	6.234424
161	31	3.371730	0.616159	3.465656	7.453545
161	32	3.371730	0.497988	2.293098	6.162816
161	33	3.371730	0.677636	4.181585	8.230952
161	34	3.371730	0.580639	3.113209	7.065579
161	35	3.371730	0.517824	2.489921	6.379476
161	36	3.371730	0.545707	2.766589	6.684026
161	37	3.371730	0.623678	3.540254	7.535662
161	38	3.371730	0.476199	2.076900	5.924829
161	39	3.371730	0.586442	3.170787	7.128960
161	40	3.371730	0.537619	2.686342	6.595692
161	41	3.371730	0.553794	2.846840	6.772365
161	42	3.371730	0.614897	3.453124	7.439751
161	43	3.371730	0.592335	3.229256	7.193321
161	44	3.371730	0.589610	3.202221	7.163562
161	45	3.371730	0.593982	3.245597	7.211310
161	46	3.371730	0.553794	2.846840	6.772365
161	47	3.371730	0.549342	2.802662	6.723734
161	48	3.371730	0.519269	2.504264	6.395263
161	49	3.371730	0.689301	4.191399	8.252430
161	50	3.371730	0.682649	4.125398	8.179777
161	51	3.371730	0.564983	2.957854	6.894567
161	52	3.371730	0.581505	3.386611	7.339846
161	53	3.371730	0.634565	3.648283	7.654579
161	54	3.371730	0.694955	4.247503	8.314188
161	55	3.371730	0.556020	2.868922	6.796673
161	56	3.371730	0.568491	2.992668	6.932890
161	57	3.371730	0.614897	3.453124	7.439751
161	58	3.371730	0.537619	2.686342	6.595692
161	59	3.371730	0.556020	2.868922	6.796673
161	60	3.371730	0.462760	1.943551	5.778041
161	61	3.371730	0.572335	3.030806	6.974871
161	62	3.371730	0.616159	3.465656	7.453545
161	63	3.371730	0.595589	3.261548	7.228868
161	64	3.371730	0.593982	3.245597	7.211310
161	65	3.371730	0.614653	3.450707	7.437090
161	66	3.371730	0.633853	3.747144	7.752727
161	67	3.371730	0.591915	3.436945	7.400591
161	68	3.371730	0.705360	4.350743	8.427833
161	69	3.371730	0.521826	2.529636	6.423193
161	70	3.371730	0.521648	2.527866	6.421245
161	71	3.371730	0.549342	2.802662	6.723734
161	72	3.371730	0.574438	3.051679	6.997848
161	73	3.371730	0.519946	2.510978	6.402655
161	74	3.371730	0.537619	2.686342	6.595692
161	75	3.371730	0.521423	2.525637	6.418791
161	76	3.371730	0.523816	2.549380	6.444926
161	77	3.371730	0.569438	3.002067	6.943236
161	78	3.371730	0.600801	3.313260	7.285792
161	79	3.371730	0.473532	2.580073	6.425335
161	80	3.371730	0.537619	2.686342	6.595692
161	81	3.371730	0.602721	3.332312	7.306764
161	82	3.371730	0.530669	2.617378	6.519778
161	83	3.371730	0.621222	3.515886	7.508838
161	84	3.371730	0.602721	3.332312	7.306764
161	85	3.371730	0.652054	3.927746	7.951531
161	86	3.371730	0.535963	2.669904	6.577597
161	87	3.371730	0.556210	2.870803	6.798743
161	88	3.371730	0.572164	3.029107	6.973001
161	89	3.371730	0.634565	3.648283	7.654579
161	90	3.371730	0.556020	2.868922	6.796673
161	91	3.371730	0.506584	2.378396	6.256711
161	92	3.371730	0.572164	3.029107	6.973001
161	93	3.371730	0.486306	2.547932	6.405968
161	94	3.371730	0.535963	2.669904	6.577597
161	95	3.371730	0.497988	2.293098	6.162816
161	96	3.371730	0.556020	2.868922	6.796673
161	97	3.371730	0.505513	2.367763	6.245007
161	98	3.371730	0.634384	3.699457	7.705572
161	99	3.371730	0.519946	2.510978	6.402655
162	0	3.241326	0.546201	2.771489	6.559015
162	1	3.241326	0.594767	3.253389	7.089482
162	2	3.241326	0.572080	3.028276	6.841682
162	3	3.241326	0.625978	3.563082	7.430386
162	4	3.241326	0.613176	3.436056	7.290558
162	5	3.241326	0.637127	3.832599	7.711052
162	6	3.241326	0.607898	3.383680	7.232903
162	7	3.241326	0.462507	2.523641	6.227474
162	8	3.241326	0.552219	2.831202	6.624746
162	9	3.241326	0.597799	3.283477	7.122601
162	10	3.241326	0.675981	4.165162	8.082469
162	11	3.241326	0.532444	2.634990	6.408760
162	12	3.241326	0.669205	3.991997	7.902528
162	13	3.241326	0.573789	3.045240	6.860355
162	14	3.241326	0.725776	4.553323	8.520425
162	15	3.241326	0.505692	2.369544	6.116561
162	16	3.241326	0.605894	3.363795	7.211014
162	17	3.241326	0.545132	2.760882	6.547339
162	18	3.241326	0.626886	3.572093	7.440305
162	19	3.241326	0.562104	2.929294	6.732724
162	20	3.241326	0.568184	2.989617	6.799126
162	21	3.241326	0.605800	3.680650	7.527776
162	22	3.241326	0.705338	4.350528	8.297192
162	23	3.241326	0.546605	2.775498	6.563429
162	24	3.241326	0.491445	2.228179	5.960950
162	25	3.241326	0.619830	3.502073	7.363228
162	26	3.241326	0.546605	2.775498	6.563429
162	27	3.241326	0.722955	4.525334	8.489614
162	28	3.241326	0.491445	2.228179	5.960950
162	29	3.241326	0.661299	4.125405	8.028029
162	30	3.241326	0.558488	2.893410	6.693223
162	31	3.241326	0.586319	3.169562	6.997207
162	32	3.241326	0.572080	3.028276	6.841682
162	33	3.241326	0.721556	4.511456	8.474338
162	34	3.241326	0.667496	3.975045	7.883867
162	35	3.241326	0.705338	4.350528	8.297192
162	36	3.241326	0.521804	2.529413	6.292543
162	37	3.241326	0.520714	2.518594	6.280633
162	38	3.241326	0.579110	3.098033	6.918469
162	39	3.241326	0.531176	2.622410	6.394911
162	40	3.241326	0.512539	2.437484	6.191349
162	41	3.241326	0.546605	2.775498	6.563429
162	42	3.241326	0.512243	2.434549	6.188118
162	43	3.241326	0.578078	3.087793	6.907197
162	44	3.241326	0.532444	2.634990	6.408760
162	45	3.241326	0.532444	2.634990	6.408760
162	46	3.241326	0.633024	3.632996	7.507346
162	47	3.241326	0.516128	2.473092	6.230546
162	48	3.241326	0.667496	3.975045	7.883867
162	49	3.241326	0.546605	2.775498	6.563429
162	50	3.241326	0.531176	2.622410	6.394911
162	51	3.241326	0.646913	3.823771	7.712010
162	52	3.241326	0.626736	3.570599	7.438660
162	53	3.241326	0.605894	3.363795	7.211014
162	54	3.241326	0.521804	2.529413	6.292543
162	55	3.241326	0.562104	2.929294	6.732724
162	56	3.241326	0.607898	3.383680	7.232903
162	57	3.241326	0.574244	3.049746	6.865316
162	58	3.241326	0.705338	4.350528	8.297192
162	59	3.241326	0.635907	3.873454	7.750686
162	60	3.241326	0.573789	3.045240	6.860355
162	61	3.241326	0.491445	2.228179	5.960950
162	62	3.241326	0.512243	2.434549	6.188118
162	63	3.241326	0.739604	4.743501	8.724431
162	64	3.241326	0.651843	3.819730	7.712899
162	65	3.241326	0.580008	3.106939	6.928272
162	66	3.241326	0.548406	3.217078	7.006809
162	67	3.241326	0.485920	2.173356	5.900602
162	68	3.241326	0.529531	2.606090	6.376947
162	69	3.241326	0.552219	2.831202	6.624746
162	70	3.241326	0.705338	4.350528	8.297192
162	71	3.241326	0.575225	3.059486	6.876037
162	72	3.241326	0.619830	3.502073	7.363228
162	73	3.241326	0.546201	2.771489	6.559015
162	74	3.241326	0.626886	3.572093	7.440305
162	75	3.241326	0.501414	2.327099	6.069839
162	76	3.241326	0.705338	4.350528	8.297192
162	77	3.241326	0.529531	2.606090	6.376947
162	78	3.241326	0.651843	3.819730	7.712899
162	79	3.241326	0.529531	2.606090	6.376947
162	80	3.241326	0.579110	3.098033	6.918469
162	81	3.241326	0.637238	3.674808	7.553372
162	82	3.241326	0.567190	2.979757	6.788273
162	83	3.241326	0.567887	2.986670	6.795882
162	84	3.241326	0.515654	2.468392	6.225372
162	85	3.241326	0.516128	2.473092	6.230546
162	86	3.241326	0.573316	3.040538	6.855179
162	87	3.241326	0.509756	2.409866	6.160947
162	88	3.241326	0.661722	3.917750	7.820797
162	89	3.241326	0.599352	3.298881	7.139558
162	90	3.241326	0.567190	2.979757	6.788273
162	91	3.241326	0.524689	3.087673	6.853688
162	92	3.241326	0.589499	3.201122	7.031947
162	93	3.241326	0.554820	2.857013	6.653158
162	94	3.241326	0.594767	3.253389	7.089482
162	95	3.241326	0.572080	3.028276	6.841682
162	96	3.241326	0.661722	3.917750	7.820797
162	97	3.241326	0.594767	3.253389	7.089482
162	98	3.241326	0.578078	3.087793	6.907197
162	99	3.241326	0.501414	2.327099	6.069839
163	0	3.101391	0.557051	2.879152	6.537594
163	1	3.101391	0.549614	3.282029	6.933034
163	2	3.101391	0.661409	3.914643	7.677443
163	3	3.101391	0.635264	3.655225	7.391880
163	4	3.101391	0.630810	3.611024	7.343225
163	5	3.101391	0.498584	2.299017	5.898992
163	6	3.101391	0.687088	4.169440	7.957919
163	7	3.101391	0.562379	2.932018	6.595787
163	8	3.101391	0.498584	2.299017	5.898992
163	9	3.101391	0.535092	3.032006	6.668488
163	10	3.101391	0.630810	3.611024	7.343225
163	11	3.101391	0.720999	4.611852	8.434241
163	12	3.101391	0.555858	2.867316	6.524565
163	13	3.101391	0.575330	3.060522	6.737242
163	14	3.101391	0.488952	2.627153	6.217495
163	15	3.101391	0.714077	4.437240	8.252708
163	16	3.101391	0.738295	4.677542	8.517227
163	17	3.101391	0.678805	4.087257	7.867453
163	18	3.101391	0.584338	3.149906	6.835634
163	19	3.101391	0.686786	4.166451	7.954627
163	20	3.101391	0.582475	3.131424	6.815290
163	21	3.101391	0.598172	3.287178	6.986741
163	22	3.101391	0.573679	3.044139	6.719209
163	23	3.101391	0.592699	3.232866	6.926956
163	24	3.101391	0.575330	3.060522	6.737242
163	25	3.101391	0.605964	3.364490	7.071844
163	26	3.101391	0.533808	2.648522	6.283720
163	27	3.101391	0.545606	2.765592	6.412589
163	28	3.101391	0.515502	2.466880	6.083772
163	29	3.101391	0.595449	3.260158	6.956997
163	30	3.101391	0.692914	4.227251	8.021555
163	31	3.101391	0.595449	3.260158	6.956997
163	32	3.101391	0.578472	3.091703	6.771566
163	33	3.101391	0.661409	3.914643	7.677443
163	34	3.101391	0.628820	3.591276	7.321487
163	35	3.101391	0.515502	2.466880	6.083772
163	36	3.101391	0.610076	3.405297	7.116764
163	37	3.101391	0.590040	3.206485	6.897915
163	38	3.101391	0.598172	3.287178	6.986741
163	39	3.101391	0.686786	4.166451	7.954627
163	40	3.101391	0.524101	2.552206	6.177698
163	41	3.101391	0.608929	3.393915	7.104235
163	42	3.101391	0.530228	2.613000	6.244618
163	43	3.101391	0.655170	3.852736	7.609296
163	44	3.101391	0.686786	4.166451	7.954627
163	45	3.101391	0.591723	3.223190	6.916304
163	46	3.101391	0.562379	2.932018	6.595787
163	47	3.101391	0.630537	3.873136	7.605063
163	48	3.101391	0.608309	3.387758	7.097458
163	49	3.101391	0.559659	3.063922	6.724971
163	50	3.101391	0.567033	2.978202	6.646626
163	51	3.101391	0.687088	4.169440	7.957919
163	52	3.101391	0.460116	1.917316	5.478823
163	53	3.101391	0.607111	3.375868	7.084369
163	54	3.101391	0.580814	3.114945	6.797150
163	55	3.101391	0.498584	2.299017	5.898992
163	56	3.101391	0.608309	3.387758	7.097458
163	57	3.101391	0.545606	2.765592	6.412589
163	58	3.101391	0.523621	2.547441	6.172452
163	59	3.101391	0.661049	3.911075	7.673515
163	60	3.101391	0.628820	3.591276	7.321487
163	61	3.101391	0.578472	3.091703	6.771566
163	62	3.101391	0.605259	3.357495	7.064145
163	63	3.101391	0.586424	3.170605	6.858420
163	64	3.101391	0.692914	4.227251	8.021555
163	65	3.101391	0.654342	3.844522	7.600255
163	66	3.101391	0.587022	3.176540	6.864952
163	67	3.101391	0.546122	2.929599	6.577111
163	68	3.101391	0.581649	3.123221	6.806260
163	69	3.101391	0.555858	2.867316	6.524565
163	70	3.101391	0.649306	3.794549	7.545245
163	71	3.101391	0.441347	1.731080	5.273817
163	72	3.101391	0.523621	2.547441	6.172452
163	73	3.101391	0.586424	3.170605	6.858420
163	74	3.101391	0.625637	3.559699	7.286727
163	75	3.101391	0.654342	3.844522	7.600255
163	76	3.101391	0.557051	2.879152	6.537594
163	77	3.101391	0.552713	3.153888	6.807992
163	78	3.101391	0.515502	2.466880	6.083772
163	79	3.101391	0.524101	2.552206	6.177698
163	80	3.101391	0.613065	3.434951	7.149406
163	81	3.101391	0.567115	2.979008	6.647513
163	82	3.101391	0.654342	3.844522	7.600255
163	83	3.101391	0.592101	3.226934	6.920426
163	84	3.101391	0.661409	3.914643	7.677443
163	85	3.101391	0.687088	4.169440	7.957919
163	86	3.101391	0.567115	2.979008	6.647513
163	87	3.101391	0.678805	4.087257	7.867453
163	88	3.101391	0.661409	3.914643	7.677443
163	89	3.101391	0.555858	2.867316	6.524565
163	90	3.101391	0.533808	2.648522	6.283720
163	91	3.101391	0.524101	2.552206	6.177698
163	92	3.101391	0.637119	3.726587	7.465097
163	93	3.101391	0.635264	3.655225	7.391880
163	94	3.101391	0.557051	2.879152	6.537594
163	95	3.101391	0.605964	3.364490	7.071844
163	96	3.101391	0.515502	2.466880	6.083772
163	97	3.101391	0.610076	3.405297	7.116764
163	98	3.101391	0.587022	3.176540	6.864952
163	99	3.101391	0.720999	4.611852	8.434241
164	0	3.283058	0.664810	4.054322	8.002190
164	1	3.283058	0.558314	2.891683	6.733055
164	2	3.283058	0.511316	2.425347	6.219720
164	3	3.283058	0.537794	2.688072	6.508923
164	4	3.283058	0.523341	2.544663	6.351061
164	5	3.283058	0.565167	2.959686	6.807911
164	6	3.283058	0.565167	2.959686	6.807911
164	7	3.283058	0.574981	3.057067	6.915106
164	8	3.283058	0.674257	4.042132	7.999447
164	9	3.283058	0.522547	2.536783	6.342387
164	10	3.283058	0.543196	2.741676	6.567930
164	11	3.283058	0.574978	3.057028	6.915063
164	12	3.283058	0.668569	3.985685	7.937312
164	13	3.283058	0.572606	3.033495	6.889159
164	14	3.283058	0.666148	3.961664	7.910870
164	15	3.283058	0.574978	3.057028	6.915063
164	16	3.283058	0.642856	3.730548	7.656461
164	17	3.283058	0.530400	2.614709	6.428166
164	18	3.283058	0.545958	2.769085	6.598101
164	19	3.283058	0.570265	3.010268	6.863590
164	20	3.283058	0.581685	3.123585	6.988328
164	21	3.283058	0.543196	2.741676	6.567930
164	22	3.283058	0.545958	2.769085	6.598101
164	23	3.283058	0.581685	3.123585	6.988328
164	24	3.283058	0.600715	3.312409	7.196182
164	25	3.283058	0.619882	3.502590	7.405529
164	26	3.283058	0.673488	4.034494	7.991039
164	27	3.283058	0.627462	3.577807	7.488327
164	28	3.283058	0.558314	2.891683	6.733055
164	29	3.283058	0.543016	2.739887	6.565960
164	30	3.283058	0.543016	2.739887	6.565960
164	31	3.283058	0.579786	3.104737	6.967581
164	32	3.283058	0.758774	4.880754	8.922586
164	33	3.283058	0.699033	4.393897	8.375988
164	34	3.283058	0.587510	3.181384	7.051952
164	35	3.283058	0.527220	2.583155	6.393433
164	36	3.283058	0.564239	2.950476	6.797772
164	37	3.283058	0.548939	2.798660	6.630657
164	38	3.283058	0.507949	2.391940	6.182946
164	39	3.283058	0.507949	2.391940	6.182946
164	40	3.283058	0.527220	2.583155	6.393433
164	41	3.283058	0.675177	4.051254	8.009489
164	42	3.283058	0.640199	3.969003	7.892259
164	43	3.283058	0.668569	3.985685	7.937312
164	44	3.283058	0.626112	3.564413	7.473583
164	45	3.283058	0.487296	2.187009	5.957362
164	46	3.283058	0.487296	2.187009	5.957362
164	47	3.283058	0.674257	4.042132	7.999447
164	48	3.283058	0.642856	3.730548	7.656461
164	49	3.283058	0.585213	3.529337	7.397608
164	50	3.283058	0.674257	4.042132	7.999447
164	51	3.283058	0.505457	2.367209	6.155724
164	52	3.283058	0.530400	2.614709	6.428166
164	53	3.283058	0.581798	3.124702	6.989557
164	54	3.283058	0.615964	3.463719	7.362741
164	55	3.283058	0.450396	1.820870	5.554324
164	56	3.283058	0.633903	3.800603	7.717563
164	57	3.283058	0.543016	2.739887	6.565960
164	58	3.283058	0.614611	3.450294	7.347962
164	59	3.283058	0.572606	3.033495	6.889159
164	60	3.283058	0.574978	3.057028	6.915063
164	61	3.283058	0.617558	3.479536	7.380152
164	62	3.283058	0.563521	2.943354	6.789932
164	63	3.283058	0.633903	3.800603	7.717563
164	64	3.283058	0.575330	3.060531	6.918919
164	65	3.283058	0.615964	3.463719	7.362741
164	66	3.283058	0.597494	3.280452	7.161004
164	67	3.283058	0.570265	3.010268	6.863590
164	68	3.283058	0.588678	3.192967	7.064703
164	69	3.283058	0.647335	3.774995	7.705388
164	70	3.283058	0.673488	4.034494	7.991039
164	71	3.283058	0.532079	2.631366	6.446502
164	72	3.283058	0.522323	3.117169	6.922550
164	73	3.283058	0.651174	3.813091	7.747323
164	74	3.283058	0.674257	4.042132	7.999447
164	75	3.283058	0.597494	3.280452	7.161004
164	76	3.283058	0.626112	3.564413	7.473583
164	77	3.283058	0.720722	4.503176	8.506955
164	78	3.283058	0.543196	2.741676	6.567930
164	79	3.283058	0.511316	2.425347	6.219720
164	80	3.283058	0.527142	2.582384	6.392583
164	81	3.283058	0.626112	3.564413	7.473583
164	82	3.283058	0.511316	2.425347	6.219720
164	83	3.283058	0.450396	1.820870	5.554324
164	84	3.283058	0.606095	3.365789	7.254941
164	85	3.283058	0.512643	2.438512	6.234212
164	86	3.283058	0.492930	2.242916	6.018904
164	87	3.283058	0.537794	2.688072	6.508923
164	88	3.283058	0.530400	2.614709	6.428166
164	89	3.283058	0.507949	2.391940	6.182946
164	90	3.283058	0.522307	2.905151	6.710516
164	91	3.283058	0.597994	3.444305	7.325357
164	92	3.283058	0.511316	2.425347	6.219720
164	93	3.283058	0.520141	2.512914	6.316112
164	94	3.283058	0.520141	2.512914	6.316112
164	95	3.283058	0.564239	2.950476	6.797772
164	96	3.283058	0.557343	2.882049	6.722449
164	97	3.283058	0.522547	2.536783	6.342387
164	98	3.283058	0.575845	3.383420	7.242323
164	99	3.283058	0.625934	3.562641	7.471632
165	0	3.068512	0.581423	3.120987	6.770922
165	1	3.068512	0.730509	4.600292	8.399313
165	2	3.068512	0.543538	2.745067	6.357117
165	3	3.068512	0.597410	3.279612	6.945534
165	4	3.068512	0.519954	2.511059	6.099525
165	5	3.068512	0.514870	2.460612	6.043995
165	6	3.068512	0.478171	2.096470	5.643154
165	7	3.068512	0.514870	2.460612	6.043995
165	8	3.068512	0.572841	3.035824	6.677177
165	9	3.068512	0.503323	2.346038	5.917873
165	10	3.068512	0.588711	3.193298	6.850521
165	11	3.068512	0.492803	2.718325	6.279640
165	12	3.068512	0.478171	2.096470	5.643154
165	13	3.068512	0.523490	2.546142	6.138144
165	14	3.068512	0.626998	3.573205	7.268716
165	15	3.068512	0.600872	3.313967	6.983352
165	16	3.068512	0.651996	3.821240	7.541748
165	17	3.068512	0.603698	3.342010	7.014221
165	18	3.068512	0.519954	2.511059	6.099525
165	19	3.068512	0.571632	3.023834	6.663978
165	20	3.068512	0.572265	3.030117	6.670895
165	21	3.068512	0.581645	3.123188	6.773346
165	22	3.068512	0.436067	1.678685	5.183264
165	23	3.068512	0.559434	2.902802	6.530749
165	24	3.068512	0.436067	1.678685	5.183264
165	25	3.068512	0.572265	3.030117	6.670895
165	26	3.068512	0.559845	2.906876	6.535233
165	27	3.068512	0.488438	2.675014	6.231965
165	28	3.068512	0.613068	3.434979	7.116559
165	29	3.068512	0.730509	4.600292	8.399313
165	30	3.068512	0.686002	4.158667	7.913181
165	31	3.068512	0.580521	3.112033	6.761066
165	32	3.068512	0.494268	2.256189	5.818970
165	33	3.068512	0.641299	3.715102	7.424913
165	34	3.068512	0.478171	2.096470	5.643154
165	35	3.068512	0.610821	3.412690	7.092024
165	36	3.068512	0.597410	3.279612	6.945534
165	37	3.068512	0.514870	2.460612	6.043995
165	38	3.068512	0.654399	3.845090	7.568002
165	39	3.068512	0.606766	3.372452	7.047731
165	40	3.068512	0.712596	4.422552	8.203660
165	41	3.068512	0.750694	4.800574	8.619780
165	42	3.068512	0.607600	3.380723	7.056835
165	43	3.068512	0.730509	4.600292	8.399313
165	44	3.068512	0.597410	3.279612	6.945534
165	45	3.068512	0.691937	4.217560	7.978010
165	46	3.068512	0.580521	3.112033	6.761066
165	47	3.068512	0.644113	3.743024	7.455649
165	48	3.068512	0.503323	2.346038	5.917873
165	49	3.068512	0.516208	2.473891	6.058612
165	50	3.068512	0.675722	4.056664	7.800898
165	51	3.068512	0.610588	3.410375	7.089475
165	52	3.068512	0.587245	3.178752	6.834510
165	53	3.068512	0.550661	2.815749	6.434922
165	54	3.068512	0.654399	3.845090	7.568002
165	55	3.068512	0.686002	4.158667	7.913181
165	56	3.068512	0.724392	4.539595	8.332500
165	57	3.068512	0.573672	3.044079	6.686263
165	58	3.068512	0.682121	4.279053	8.029687
165	59	3.068512	0.692724	4.225365	7.986601
165	60	3.068512	0.647544	3.777073	7.493129
165	61	3.068512	0.559845	2.906876	6.535233
165	62	3.068512	0.587245	3.178752	6.834510
165	63	3.068512	0.654399	3.845090	7.568002
165	64	3.068512	0.564276	2.950842	6.583630
165	65	3.068512	0.691937	4.217560	7.978010
165	66	3.068512	0.573672	3.044079	6.686263
165	67	3.068512	0.503323	2.346038	5.917873
165	68	3.068512	0.506131	2.744641	6.319284
165	69	3.068512	0.523490	2.546142	6.138144
165	70	3.068512	0.572841	3.035824	6.677177
165	71	3.068512	0.523490	2.546142	6.138144
165	72	3.068512	0.463607	2.534558	6.066678
165	73	3.068512	0.540958	2.719471	6.328941
165	74	3.068512	0.596285	3.268453	6.933251
165	75	3.068512	0.637704	3.679431	7.385647
165	76	3.068512	0.607600	3.380723	7.056835
165	77	3.068512	0.644323	3.745109	7.457944
165	78	3.068512	0.647217	3.773826	7.489555
165	79	3.068512	0.727429	4.569724	8.365665
165	80	3.068512	0.536845	2.678659	6.284016
165	81	3.068512	0.651996	3.821240	7.541748
165	82	3.068512	0.600088	3.571002	7.239602
165	83	3.068512	0.637704	3.679431	7.385647
165	84	3.068512	0.597410	3.279612	6.945534
165	85	3.068512	0.581645	3.123188	6.773346
165	86	3.068512	0.605856	3.363424	7.037793
165	87	3.068512	0.478171	2.096470	5.643154
165	88	3.068512	0.532475	3.059010	6.659998
165	89	3.068512	0.530039	3.087798	6.686349
165	90	3.068512	0.540958	2.719471	6.328941
165	91	3.068512	0.607600	3.380723	7.056835
165	92	3.068512	0.610588	3.410375	7.089475
165	93	3.068512	0.564276	2.950842	6.583630
165	94	3.068512	0.572841	3.035824	6.677177
165	95	3.068512	0.672390	4.023605	7.764507
165	96	3.068512	0.546802	3.095238	6.710552
165	97	3.068512	0.494268	2.256189	5.818970
165	98	3.068512	0.750694	4.800574	8.619780
165	99	3.068512	0.605856	3.363424	7.037793
166	0	3.476584	0.549519	2.804413	6.830516
166	1	3.476584	0.678058	4.185771	8.340413
166	2	3.476584	0.452387	1.840627	5.769599
166	3	3.476584	0.527709	2.588003	6.592296
166	4	3.476584	0.657228	3.873155	8.006967
166	5	3.476584	0.647507	3.776700	7.900791
166	6	3.476584	0.647507	3.776700	7.900791
166	7	3.476584	0.490683	2.220618	6.187885
166	8	3.476584	0.585267	3.159127	7.220979
166	9	3.476584	0.547926	2.788605	6.813115
166	10	3.476584	0.650810	3.915399	8.042793
166	11	3.476584	0.713763	4.540052	8.730399
166	12	3.476584	0.483780	2.152117	6.112481
166	13	3.476584	0.577738	3.455163	7.509485
166	14	3.476584	0.512813	3.022804	7.012202
166	15	3.476584	0.672240	4.022112	8.170936
166	16	3.476584	0.576926	3.076361	7.129871
166	17	3.476584	0.527709	2.588003	6.592296
166	18	3.476584	0.621653	3.520169	7.618406
166	19	3.476584	0.579289	3.099805	7.155678
166	20	3.476584	0.608039	3.385085	7.469709
166	21	3.476584	0.652654	3.827777	7.957016
166	22	3.476584	0.577500	3.346877	7.400962
166	23	3.476584	0.511433	2.426508	6.414526
166	24	3.476584	0.672240	4.022112	8.170936
166	25	3.476584	0.526477	2.575777	6.578838
166	26	3.476584	0.608039	3.385085	7.469709
166	27	3.476584	0.650810	3.915399	8.042793
166	28	3.476584	0.520521	2.516686	6.513792
166	29	3.476584	0.507213	2.384637	6.368435
166	30	3.476584	0.607858	3.383281	7.467723
166	31	3.476584	0.563718	2.945306	6.985609
166	32	3.476584	0.592282	3.228733	7.297599
166	33	3.476584	0.527709	2.588003	6.592296
166	34	3.476584	0.470781	2.023142	5.970508
166	35	3.476584	0.652654	3.827777	7.957016
166	36	3.476584	0.551351	2.822593	6.850529
166	37	3.476584	0.657228	3.873155	8.006967
166	38	3.476584	0.592282	3.228733	7.297599
166	39	3.476584	0.483780	2.152117	6.112481
166	40	3.476584	0.617725	3.481189	7.575499
166	41	3.476584	0.526477	2.575777	6.578838
166	42	3.476584	0.549519	2.804413	6.830516
166	43	3.476584	0.567714	2.984959	7.029257
166	44	3.476584	0.567714	2.984959	7.029257
166	45	3.476584	0.610025	3.404790	7.491400
166	46	3.476584	0.622077	3.630304	7.728966
166	47	3.476584	0.535294	2.663264	6.675142
166	48	3.476584	0.657228	3.873155	8.006967
166	49	3.476584	0.547926	2.788605	6.813115
166	50	3.476584	0.452387	1.840627	5.769599
166	51	3.476584	0.470781	2.023142	5.970508
166	52	3.476584	0.432075	1.639083	5.547743
166	53	3.476584	0.585212	3.158581	7.220378
166	54	3.476584	0.549519	2.804413	6.830516
166	55	3.476584	0.625026	3.553629	7.655239
166	56	3.476584	0.621562	3.519266	7.617413
166	57	3.476584	0.661218	3.912750	8.050553
166	58	3.476584	0.682750	4.126398	8.285732
166	59	3.476584	0.597238	3.277907	7.351729
166	60	3.476584	0.549519	2.804413	6.830516
166	61	3.476584	0.637983	3.682199	7.796766
166	62	3.476584	0.540554	2.715464	6.732602
166	63	3.476584	0.579289	3.099805	7.155678
166	64	3.476584	0.507213	2.384637	6.368435
166	65	3.476584	0.534524	2.655631	6.666739
166	66	3.476584	0.672240	4.022112	8.170936
166	67	3.476584	0.572619	3.033626	7.082830
166	68	3.476584	0.511433	2.426508	6.414526
166	69	3.476584	0.621653	3.520169	7.618406
166	70	3.476584	0.547926	2.788605	6.813115
166	71	3.476584	0.589466	3.200790	7.266840
166	72	3.476584	0.607858	3.383281	7.467723
166	73	3.476584	0.747878	4.772633	8.997096
166	74	3.476584	0.625026	3.553629	7.655239
166	75	3.476584	0.623394	3.537445	7.637424
166	76	3.476584	0.551252	2.821610	6.849447
166	77	3.476584	0.646397	3.765692	7.888673
166	78	3.476584	0.635014	3.652738	7.764337
166	79	3.476584	0.470781	2.023142	5.970508
166	80	3.476584	0.518115	2.492812	6.487512
166	81	3.476584	0.572619	3.033626	7.082830
166	82	3.476584	0.530916	2.619832	6.627333
166	83	3.476584	0.647186	3.773516	7.897286
166	84	3.476584	0.551351	2.822593	6.850529
166	85	3.476584	0.640239	3.704583	7.821406
166	86	3.476584	0.646397	3.765692	7.888673
166	87	3.476584	0.607858	3.383281	7.467723
166	88	3.476584	0.545468	2.764215	6.786267
166	89	3.476584	0.647186	3.773516	7.897286
166	90	3.476584	0.579289	3.099805	7.155678
166	91	3.476584	0.512370	2.435806	6.424761
166	92	3.476584	0.636051	3.663026	7.775661
166	93	3.476584	0.527709	2.588003	6.592296
166	94	3.476584	0.582218	3.128874	7.187676
166	95	3.476584	0.636958	3.724989	7.838531
166	96	3.476584	0.549519	2.804413	6.830516
166	97	3.476584	0.490683	2.220618	6.187885
166	98	3.476584	0.636958	3.724989	7.838531
166	99	3.476584	0.563718	2.945306	6.985609
167	0	3.332611	0.538736	2.697425	6.568772
167	1	3.332611	0.594906	3.254766	7.182283
167	2	3.332611	0.565807	3.230855	7.129272
167	3	3.332611	0.572506	3.032508	6.937625
167	4	3.332611	0.506434	2.376907	6.215952
167	5	3.332611	0.430467	1.623125	5.386203
167	6	3.332611	0.661871	3.919234	7.913716
167	7	3.332611	0.513967	2.451649	6.298226
167	8	3.332611	0.650745	3.808831	7.792187
167	9	3.332611	0.577673	3.083771	6.994054
167	10	3.332611	0.538736	2.697425	6.568772
167	11	3.332611	0.533234	2.642824	6.508668
167	12	3.332611	0.534853	2.658890	6.526353
167	13	3.332611	0.533492	2.645388	6.511490
167	14	3.332611	0.627780	3.739853	7.700243
167	15	3.332611	0.513967	2.451649	6.298226
167	16	3.332611	0.616839	3.472401	7.421851
167	17	3.332611	0.589330	3.199440	7.121380
167	18	3.332611	0.550480	2.813953	6.697044
167	19	3.332611	0.584032	3.146872	7.063515
167	20	3.332611	0.551563	2.824701	6.708875
167	21	3.332611	0.588526	3.191460	7.112596
167	22	3.332611	0.577073	3.077824	6.987508
167	23	3.332611	0.595252	3.258203	7.186066
167	24	3.332611	0.648276	3.943228	7.924115
167	25	3.332611	0.675125	4.050740	8.058475
167	26	3.332611	0.671325	4.013032	8.016967
167	27	3.332611	0.563063	2.938808	6.834482
167	28	3.332611	0.589330	3.199440	7.121380
167	29	3.332611	0.533234	2.642824	6.508668
167	30	3.332611	0.587874	3.184995	7.105480
167	31	3.332611	0.624306	3.546490	7.503406
167	32	3.332611	0.579668	3.103572	7.015851
167	33	3.332611	0.656199	3.862953	7.851763
167	34	3.332611	0.543163	2.741351	6.617125
167	35	3.332611	0.543163	2.741351	6.617125
167	36	3.332611	0.678452	4.083755	8.094818
167	37	3.332611	0.633602	3.638733	7.604946
167	38	3.332611	0.506434	2.376907	6.215952
167	39	3.332611	0.550480	2.813953	6.697044
167	40	3.332611	0.650745	3.808831	7.792187
167	41	3.332611	0.694580	4.243781	8.270972
167	42	3.332611	0.498884	2.301986	6.133480
167	43	3.332611	0.589330	3.199440	7.121380
167	44	3.332611	0.597570	3.281202	7.211382
167	45	3.332611	0.678452	4.083755	8.094818
167	46	3.332611	0.587874	3.184995	7.105480
167	47	3.332611	0.633489	3.637604	7.603703
167	48	3.332611	0.555687	3.289332	7.177630
167	49	3.332611	0.617322	3.477194	7.427127
167	50	3.332611	0.653650	3.837658	7.823919
167	51	3.332611	0.587325	3.179546	7.099482
167	52	3.332611	0.550480	2.813953	6.697044
167	53	3.332611	0.430467	1.623125	5.386203
167	54	3.332611	0.656796	3.868876	7.858283
167	55	3.332611	0.499317	2.306286	6.138213
167	56	3.332611	0.661726	3.970752	7.965089
167	57	3.332611	0.671325	4.013032	8.016967
167	58	3.332611	0.675125	4.050740	8.058475
167	59	3.332611	0.533234	2.642824	6.508668
167	60	3.332611	0.612876	3.433075	7.378562
167	61	3.332611	0.516655	2.478319	6.327584
167	62	3.332611	0.656796	3.868876	7.858283
167	63	3.332611	0.719103	4.487113	8.538826
167	64	3.332611	0.550795	2.817072	6.700478
167	65	3.332611	0.587325	3.179546	7.099482
167	66	3.332611	0.587720	3.183467	7.103797
167	67	3.332611	0.491406	2.227786	6.051802
167	68	3.332611	0.574501	3.052300	6.959411
167	69	3.332611	0.580651	3.113320	7.026582
167	70	3.332611	0.550795	2.817072	6.700478
167	71	3.332611	0.661871	3.919234	7.913716
167	72	3.332611	0.513967	2.451649	6.298226
167	73	3.332611	0.551563	2.824701	6.708875
167	74	3.332611	0.633602	3.638733	7.604946
167	75	3.332611	0.685349	4.205155	8.223115
167	76	3.332611	0.667717	3.977233	7.977561
167	77	3.332611	0.588526	3.191460	7.112596
167	78	3.332611	0.549831	2.807507	6.689948
167	79	3.332611	0.486497	2.708719	6.527827
167	80	3.332611	0.626370	3.831785	7.790765
167	81	3.332611	0.529391	2.604692	6.466693
167	82	3.332611	0.512682	2.438903	6.284195
167	83	3.332611	0.498884	2.301986	6.133480
167	84	3.332611	0.694580	4.243781	8.270972
167	85	3.332611	0.529391	2.604692	6.466693
167	86	3.332611	0.510398	2.416238	6.259247
167	87	3.332611	0.494658	2.260062	6.087331
167	88	3.332611	0.660347	4.115962	8.108920
167	89	3.332611	0.638604	3.688364	7.659579
167	90	3.332611	0.572506	3.032508	6.937625
167	91	3.332611	0.646197	3.763709	7.742517
167	92	3.332611	0.533015	2.640654	6.506279
167	93	3.332611	0.719103	4.487113	8.538826
167	94	3.332611	0.546918	2.778611	6.658140
167	95	3.332611	0.549831	2.807507	6.689948
167	96	3.332611	0.611788	3.422284	7.366683
167	97	3.332611	0.656199	3.862953	7.851763
167	98	3.332611	0.552401	2.833008	6.718019
167	99	3.332611	0.653650	3.837658	7.823919
168	0	3.253888	0.523326	2.544513	6.321727
168	1	3.253888	0.683139	4.130258	8.067285
168	2	3.253888	0.546727	2.776708	6.577322
168	3	3.253888	0.572938	3.036789	6.863615
168	4	3.253888	0.671276	4.012550	7.937714
168	5	3.253888	0.534490	2.655289	6.443666
168	6	3.253888	0.609217	3.396771	7.259877
168	7	3.253888	0.509094	2.403303	6.166285
168	8	3.253888	0.523326	2.544513	6.321727
168	9	3.253888	0.683139	4.130258	8.067285
168	10	3.253888	0.632276	3.625574	7.511738
168	11	3.253888	0.692808	4.226201	8.172897
168	12	3.253888	0.553798	2.846879	6.654566
168	13	3.253888	0.616231	3.466371	7.336490
168	14	3.253888	0.543268	2.742387	6.539543
168	15	3.253888	0.593213	3.237969	7.085070
168	16	3.253888	0.514759	2.459511	6.228159
168	17	3.253888	0.514759	2.459511	6.228159
168	18	3.253888	0.603559	3.340625	7.198072
168	19	3.253888	0.643787	3.792756	7.690432
168	20	3.253888	0.636863	3.671089	7.561840
168	21	3.253888	0.626741	3.570651	7.451280
168	22	3.253888	0.559395	2.902412	6.715695
168	23	3.253888	0.580549	3.324163	7.158599
168	24	3.253888	0.537319	2.683357	6.474564
168	25	3.253888	0.692808	4.226201	8.172897
168	26	3.253888	0.569993	3.007566	6.831447
168	27	3.253888	0.556035	2.869066	6.678989
168	28	3.253888	0.643241	3.840303	7.737432
168	29	3.253888	0.575956	3.066733	6.896576
168	30	3.253888	0.626741	3.570651	7.451280
168	31	3.253888	0.553798	2.846879	6.654566
168	32	3.253888	0.546727	2.776708	6.577322
168	33	3.253888	0.540972	2.719610	6.514471
168	34	3.253888	0.582215	3.128839	6.964942
168	35	3.253888	0.671276	4.012550	7.937714
168	36	3.253888	0.636863	3.671089	7.561840
168	37	3.253888	0.673982	4.251255	8.179125
168	38	3.253888	0.602572	3.330838	7.187298
168	39	3.253888	0.616231	3.466371	7.336490
168	40	3.253888	0.585835	3.429576	7.269299
168	41	3.253888	0.503172	2.344539	6.101599
168	42	3.253888	0.661707	3.917601	7.833196
168	43	3.253888	0.683139	4.130258	8.067285
168	44	3.253888	0.670677	4.006606	7.931171
168	45	3.253888	0.608947	3.394093	7.256928
168	46	3.253888	0.584347	3.308885	7.147120
168	47	3.253888	0.604340	3.348380	7.206609
168	48	3.253888	0.559731	2.905744	6.719363
168	49	3.253888	0.559731	2.905744	6.719363
168	50	3.253888	0.636863	3.671089	7.561840
168	51	3.253888	0.559731	2.905744	6.719363
168	52	3.253888	0.603559	3.340625	7.198072
168	53	3.253888	0.651911	3.820403	7.726203
168	54	3.253888	0.550855	3.294344	7.099086
168	55	3.253888	0.593926	3.245045	7.092859
168	56	3.253888	0.661707	3.917601	7.833196
168	57	3.253888	0.617207	3.476050	7.347145
168	58	3.253888	0.719085	4.486934	8.459907
168	59	3.253888	0.547459	2.783974	6.585321
168	60	3.253888	0.602572	3.330838	7.187298
168	61	3.253888	0.537013	2.680326	6.471227
168	62	3.253888	0.575956	3.066733	6.896576
168	63	3.253888	0.643859	3.740502	7.638248
168	64	3.253888	0.608947	3.394093	7.256928
168	65	3.253888	0.598702	3.292435	7.145025
168	66	3.253888	0.670677	4.006606	7.931171
168	67	3.253888	0.608383	3.388489	7.250760
168	68	3.253888	0.710379	4.400553	8.364821
168	69	3.253888	0.553798	2.846879	6.654566
168	70	3.253888	0.537013	2.680326	6.471227
168	71	3.253888	0.616231	3.466371	7.336490
168	72	3.253888	0.560147	2.909873	6.723908
168	73	3.253888	0.503172	2.344539	6.101599
168	74	3.253888	0.714306	4.439517	8.407711
168	75	3.253888	0.588282	3.189045	7.031216
168	76	3.253888	0.669526	3.995189	7.918603
168	77	3.253888	0.560147	2.909873	6.723908
168	78	3.253888	0.662462	3.925089	7.841439
168	79	3.253888	0.710379	4.400553	8.364821
168	80	3.253888	0.578241	3.089406	6.921534
168	81	3.253888	0.609217	3.396771	7.259877
168	82	3.253888	0.592532	3.231208	7.077628
168	83	3.253888	0.604340	3.348380	7.206609
168	84	3.253888	0.503172	2.344539	6.101599
168	85	3.253888	0.668558	3.985580	7.908026
168	86	3.253888	0.517653	2.964899	6.736439
168	87	3.253888	0.569417	3.001856	6.825161
168	88	3.253888	0.651820	3.872461	7.778169
168	89	3.253888	0.636863	3.671089	7.561840
168	90	3.253888	0.511144	2.423643	6.188675
168	91	3.253888	0.585835	3.429576	7.269299
168	92	3.253888	0.598429	3.289726	7.142044
168	93	3.253888	0.514759	2.459511	6.228159
168	94	3.253888	0.603559	3.340625	7.198072
168	95	3.253888	0.668558	3.985580	7.908026
168	96	3.253888	0.619497	3.498772	7.372157
168	97	3.253888	0.569993	3.007566	6.831447
168	98	3.253888	0.594718	3.252904	7.101511
168	99	3.253888	0.559395	2.902412	6.715695
169	0	3.324918	0.536593	2.676155	6.537666
169	1	3.324918	0.511972	2.431860	6.268750
169	2	3.324918	0.529516	2.605939	6.460374
169	3	3.324918	0.555151	2.860296	6.740365
169	4	3.324918	0.564216	3.320992	7.210125
169	5	3.324918	0.584354	3.150069	7.059341
169	6	3.324918	0.529516	2.605939	6.460374
169	7	3.324918	0.555194	2.860730	6.740842
169	8	3.324918	0.507239	2.384889	6.217046
169	9	3.324918	0.599913	3.304452	7.229283
169	10	3.324918	0.532386	2.634418	6.491723
169	11	3.324918	0.613536	3.439628	7.378082
169	12	3.324918	0.625257	3.661857	7.612032
169	13	3.324918	0.607379	3.378529	7.310825
169	14	3.324918	0.647273	3.774384	7.746575
169	15	3.324918	0.607379	3.378529	7.310825
169	16	3.324918	0.747599	4.769868	8.842385
169	17	3.324918	0.594742	3.253145	7.172805
169	18	3.324918	0.433643	1.654640	5.413201
169	19	3.324918	0.488843	2.573103	6.386864
169	20	3.324918	0.623430	3.537794	7.486142
169	21	3.324918	0.653150	3.832693	7.810761
169	22	3.324918	0.564835	2.956391	6.846144
169	23	3.324918	0.599913	3.304452	7.229283
169	24	3.324918	0.596849	3.274044	7.195811
169	25	3.324918	0.653150	3.832693	7.810761
169	26	3.324918	0.573572	3.043080	6.941570
169	27	3.324918	0.594742	3.253145	7.172805
169	28	3.324918	0.529782	2.608572	6.463271
169	29	3.324918	0.573572	3.043080	6.941570
169	30	3.324918	0.529516	2.605939	6.460374
169	31	3.324918	0.513275	2.444783	6.282976
169	32	3.324918	0.708853	4.385411	8.419182
169	33	3.324918	0.494283	2.256339	6.075541
169	34	3.324918	0.642403	3.726060	7.693381
169	35	3.324918	0.664822	3.948513	7.938253
169	36	3.324918	0.589646	3.202575	7.117138
169	37	3.324918	0.682844	4.127337	8.135099
169	38	3.324918	0.566531	2.973217	6.864666
169	39	3.324918	0.529516	2.605939	6.460374
169	40	3.324918	0.555151	2.860296	6.740365
169	41	3.324918	0.552463	2.833630	6.711011
169	42	3.324918	0.595597	3.261624	7.182139
169	43	3.324918	0.568898	2.996706	6.890522
169	44	3.324918	0.494283	2.256339	6.075541
169	45	3.324918	0.535266	2.662989	6.523173
169	46	3.324918	0.591329	3.219274	7.135520
169	47	3.324918	0.584354	3.150069	7.059341
169	48	3.324918	0.595875	3.264381	7.185173
169	49	3.324918	0.529516	2.605939	6.460374
169	50	3.324918	0.455571	1.872220	5.652709
169	51	3.324918	0.529782	2.608572	6.463271
169	52	3.324918	0.594742	3.253145	7.172805
169	53	3.324918	0.565210	3.277893	7.168021
169	54	3.324918	0.595487	3.260537	7.180942
169	55	3.324918	0.595487	3.260537	7.180942
169	56	3.324918	0.712995	4.426511	8.464424
169	57	3.324918	0.595487	3.260537	7.180942
169	58	3.324918	0.560275	2.911143	6.796336
169	59	3.324918	0.664822	3.948513	7.938253
169	60	3.324918	0.618497	3.488848	7.432262
169	61	3.324918	0.568527	2.993021	6.886466
169	62	3.324918	0.681490	4.219823	8.226231
169	63	3.324918	0.566531	2.973217	6.864666
169	64	3.324918	0.472125	2.619076	6.416119
169	65	3.324918	0.498451	2.297699	6.121068
169	66	3.324918	0.571116	3.018715	6.914749
169	67	3.324918	0.595597	3.261624	7.182139
169	68	3.324918	0.573572	3.043080	6.941570
169	69	3.324918	0.626489	3.568146	7.519552
169	70	3.324918	0.455571	1.872220	5.652709
169	71	3.324918	0.552463	2.833630	6.711011
169	72	3.324918	0.555151	2.860296	6.740365
169	73	3.324918	0.693849	4.236533	8.255300
169	74	3.324918	0.647273	3.774384	7.746575
169	75	3.324918	0.647526	3.988747	7.961191
169	76	3.324918	0.664848	3.948771	7.938537
169	77	3.324918	0.642403	3.726060	7.693381
169	78	3.324918	0.596849	3.274044	7.195811
169	79	3.324918	0.595875	3.264381	7.185173
169	80	3.324918	0.567963	2.987429	6.880310
169	81	3.324918	0.601854	3.323709	7.250481
169	82	3.324918	0.653150	3.832693	7.810761
169	83	3.324918	0.647273	3.774384	7.746575
169	84	3.324918	0.586564	3.171993	7.083475
169	85	3.324918	0.455571	1.872220	5.652709
169	86	3.324918	0.564835	2.956391	6.846144
169	87	3.324918	0.582512	3.131793	7.039223
169	88	3.324918	0.568527	2.993021	6.886466
169	89	3.324918	0.625524	3.664505	7.614947
169	90	3.324918	0.529782	2.608572	6.463271
169	91	3.324918	0.523340	2.544659	6.392917
169	92	3.324918	0.433643	1.654640	5.413201
169	93	3.324918	0.747599	4.769868	8.842385
169	94	3.324918	0.681490	4.219823	8.226231
169	95	3.324918	0.704418	4.341400	8.370736
169	96	3.324918	0.596849	3.274044	7.195811
169	97	3.324918	0.708261	4.485465	8.518645
169	98	3.324918	0.536593	2.676155	6.537666
169	99	3.324918	0.573572	3.043080	6.941570
170	0	3.407046	0.555793	2.866670	6.829508
170	1	3.407046	0.489345	2.207335	6.103725
170	2	3.407046	0.646401	3.765723	7.819170
170	3	3.407046	0.655515	3.856157	7.918717
170	4	3.407046	0.489345	2.207335	6.103725
170	5	3.407046	0.491220	2.225941	6.124207
170	6	3.407046	0.548915	2.798423	6.754384
170	7	3.407046	0.586273	3.169111	7.162430
170	8	3.407046	0.597493	3.280441	7.284980
170	9	3.407046	0.570248	3.010099	6.987393
170	10	3.407046	0.551940	2.828443	6.787430
170	11	3.407046	0.516282	2.898329	6.821656
170	12	3.407046	0.634013	3.642806	7.683865
170	13	3.407046	0.642407	3.726100	7.775553
170	14	3.407046	0.600068	3.305985	7.313099
170	15	3.407046	0.580009	3.106950	7.094005
170	16	3.407046	0.593674	3.242545	7.243265
170	17	3.407046	0.569204	2.999738	6.975988
170	18	3.407046	0.559019	2.898679	6.864744
170	19	3.407046	0.655515	3.856157	7.918717
170	20	3.407046	0.575457	3.061783	7.044286
170	21	3.407046	0.615138	3.455523	7.477707
170	22	3.407046	0.551561	2.824673	6.783279
170	23	3.407046	0.693006	4.281129	8.381181
170	24	3.407046	0.545016	2.759734	6.711796
170	25	3.407046	0.551561	2.824673	6.783279
170	26	3.407046	0.516282	2.898329	6.821656
170	27	3.407046	0.580009	3.106950	7.094005
170	28	3.407046	0.569204	2.999738	6.975988
170	29	3.407046	0.647256	3.774214	7.828516
170	30	3.407046	0.634712	3.755668	7.797426
170	31	3.407046	0.594573	3.569242	7.570860
170	32	3.407046	0.502190	2.334791	6.244027
170	33	3.407046	0.491220	2.225941	6.124207
170	34	3.407046	0.537500	2.685161	6.629707
170	35	3.407046	0.551940	2.828443	6.787430
170	36	3.407046	0.620993	3.513619	7.541658
170	37	3.407046	0.485569	2.169872	6.062486
170	38	3.407046	0.545261	2.762162	6.714469
170	39	3.407046	0.541633	2.726170	6.674849
170	40	3.407046	0.616835	3.472363	7.496245
170	41	3.407046	0.603950	3.344508	7.355504
170	42	3.407046	0.514985	2.461754	6.383785
170	43	3.407046	0.647256	3.774214	7.828516
170	44	3.407046	0.548467	2.793976	6.749488
170	45	3.407046	0.555793	2.866670	6.829508
170	46	3.407046	0.545520	2.764736	6.717302
170	47	3.407046	0.569204	2.999738	6.975988
170	48	3.407046	0.586273	3.169111	7.162430
170	49	3.407046	0.593645	3.242257	7.242948
170	50	3.407046	0.584332	3.467631	7.459009
170	51	3.407046	0.552716	3.100962	7.060724
170	52	3.407046	0.722744	4.523245	8.653035
170	53	3.407046	0.550098	2.810165	6.767309
170	54	3.407046	0.613741	3.441662	7.462450
170	55	3.407046	0.581568	3.122420	7.111033
170	56	3.407046	0.618264	3.486541	7.511851
170	57	3.407046	0.679914	4.098263	8.185224
170	58	3.407046	0.629741	3.600424	7.637211
170	59	3.407046	0.518224	2.493887	6.419156
170	60	3.407046	0.569367	3.001354	6.977766
170	61	3.407046	0.514970	2.461602	6.383618
170	62	3.407046	0.545261	2.762162	6.714469
170	63	3.407046	0.707748	4.374438	8.489232
170	64	3.407046	0.722744	4.523245	8.653035
170	65	3.407046	0.545261	2.762162	6.714469
170	66	3.407046	0.663635	3.936729	8.007409
170	67	3.407046	0.565459	2.962579	6.935084
170	68	3.407046	0.663635	3.936729	8.007409
170	69	3.407046	0.514985	2.461754	6.383785
170	70	3.407046	0.491220	2.225941	6.124207
170	71	3.407046	0.578338	3.090376	7.075760
170	72	3.407046	0.545016	2.759734	6.711796
170	73	3.407046	0.693006	4.281129	8.381181
170	74	3.407046	0.615138	3.455523	7.477707
170	75	3.407046	0.580009	3.106950	7.094005
170	76	3.407046	0.593645	3.242257	7.242948
170	77	3.407046	0.596604	3.271616	7.275265
170	78	3.407046	0.680613	4.105196	8.192855
170	79	3.407046	0.506882	2.963952	6.877880
170	80	3.407046	0.559905	2.907474	6.874425
170	81	3.407046	0.572714	3.034571	7.014331
170	82	3.407046	0.679914	4.098263	8.185224
170	83	3.407046	0.542888	2.738616	6.688549
170	84	3.407046	0.550098	2.810165	6.767309
170	85	3.407046	0.603950	3.344508	7.355504
170	86	3.407046	0.559905	2.907474	6.874425
170	87	3.407046	0.569367	3.001354	6.977766
170	88	3.407046	0.529478	2.605561	6.542086
170	89	3.407046	0.625103	3.554399	7.586548
170	90	3.407046	0.569204	2.999738	6.975988
170	91	3.407046	0.616835	3.472363	7.496245
170	92	3.407046	0.581124	3.118013	7.106182
170	93	3.407046	0.664568	4.210811	8.282425
170	94	3.407046	0.586273	3.169111	7.162430
170	95	3.407046	0.514970	2.461602	6.383618
170	96	3.407046	0.618264	3.486541	7.511851
170	97	3.407046	0.753050	4.823954	8.984050
170	98	3.407046	0.550098	2.810165	6.767309
170	99	3.407046	0.545261	2.762162	6.714469
171	0	3.312079	0.485953	2.173686	5.971718
171	1	3.312079	0.582201	3.234634	7.128915
171	2	3.312079	0.692327	4.221431	8.225837
171	3	3.312079	0.547625	2.785620	6.645323
171	4	3.312079	0.591701	3.222962	7.126742
171	5	3.312079	0.523825	2.549470	6.385374
171	6	3.312079	0.600412	3.309399	7.221890
171	7	3.312079	0.636932	3.671771	7.620782
171	8	3.312079	0.535413	2.664447	6.511938
171	9	3.312079	0.737885	4.673473	8.723436
171	10	3.312079	0.507354	2.386037	6.205470
171	11	3.312079	0.480726	2.121817	5.914622
171	12	3.312079	0.468037	1.995914	5.776030
171	13	3.312079	0.570610	3.013691	6.896380
171	14	3.312079	0.543744	2.747116	6.602939
171	15	3.312079	0.654421	3.845304	7.811804
171	16	3.312079	0.531450	2.625125	6.468654
171	17	3.312079	0.535413	2.664447	6.511938
171	18	3.312079	0.570065	3.008287	6.890431
171	19	3.312079	0.432152	1.639840	5.384071
171	20	3.312079	0.501151	2.324487	6.137717
171	21	3.312079	0.682349	4.122417	8.116845
171	22	3.312079	0.573693	3.044281	6.930053
171	23	3.312079	0.530114	2.611871	6.454064
171	24	3.312079	0.551807	2.827116	6.691002
171	25	3.312079	0.591328	3.219266	7.122673
171	26	3.312079	0.644524	3.747107	7.703710
171	27	3.312079	0.618936	3.493209	7.424224
171	28	3.312079	0.541207	2.721943	6.575229
171	29	3.312079	0.574521	3.052498	6.939097
171	30	3.312079	0.682349	4.122417	8.116845
171	31	3.312079	0.548572	2.795024	6.655676
171	32	3.312079	0.535413	2.664447	6.511938
171	33	3.312079	0.541616	2.725997	6.579692
171	34	3.312079	0.654421	3.845304	7.811804
171	35	3.312079	0.650284	3.910187	7.872550
171	36	3.312079	0.671409	4.013867	7.997355
171	37	3.312079	0.570831	3.015887	6.898797
171	38	3.312079	0.630920	3.876931	7.819930
171	39	3.312079	0.507157	2.384084	6.203320
171	40	3.312079	0.654532	3.846409	7.813021
171	41	3.312079	0.570831	3.015887	6.898797
171	42	3.312079	0.573088	3.038281	6.923448
171	43	3.312079	0.656441	3.918314	7.886834
171	44	3.312079	0.598177	3.552041	7.462297
171	45	3.312079	0.669014	3.990101	7.971194
171	46	3.312079	0.508189	2.394315	6.214582
171	47	3.312079	0.682349	4.122417	8.116845
171	48	3.312079	0.589794	3.204040	7.105912
171	49	3.312079	0.504373	2.356452	6.172904
171	50	3.312079	0.541616	2.725997	6.579692
171	51	3.312079	0.639719	3.699427	7.651225
171	52	3.312079	0.675018	4.049679	8.036776
171	53	3.312079	0.682349	4.122417	8.116845
171	54	3.312079	0.623744	3.540910	7.476732
171	55	3.312079	0.675018	4.049679	8.036776
171	56	3.312079	0.560463	2.913004	6.785546
171	57	3.312079	0.570610	3.013691	6.896380
171	58	3.312079	0.574521	3.052498	6.939097
171	59	3.312079	0.573693	3.044281	6.930053
171	60	3.312079	0.507717	2.389632	6.209427
171	61	3.312079	0.606947	3.374244	7.293270
171	62	3.312079	0.558041	2.888978	6.759098
171	63	3.312079	0.658743	4.100049	8.070872
171	64	3.312079	0.574521	3.052498	6.939097
171	65	3.312079	0.612975	3.434053	7.359107
171	66	3.312079	0.504373	2.356452	6.172904
171	67	3.312079	0.573088	3.038281	6.923448
171	68	3.312079	0.550139	2.810564	6.672782
171	69	3.312079	0.468037	1.995914	5.776030
171	70	3.312079	0.551807	2.827116	6.691002
171	71	3.312079	0.669014	3.990101	7.971194
171	72	3.312079	0.654532	3.846409	7.813021
171	73	3.312079	0.535879	2.669073	6.517031
171	74	3.312079	0.485953	2.173686	5.971718
171	75	3.312079	0.507717	2.389632	6.209427
171	76	3.312079	0.630920	3.876931	7.819930
171	77	3.312079	0.681824	4.276100	8.270002
171	78	3.312079	0.570831	3.015887	6.898797
171	79	3.312079	0.523825	2.549470	6.385374
171	80	3.312079	0.450227	1.819193	5.581499
171	81	3.312079	0.671409	4.013867	7.997355
171	82	3.312079	0.480726	2.121817	5.914622
171	83	3.312079	0.543744	2.747116	6.602939
171	84	3.312079	0.450227	1.819193	5.581499
171	85	3.312079	0.612975	3.434053	7.359107
171	86	3.312079	0.591701	3.222962	7.126742
171	87	3.312079	0.499844	2.311517	6.123440
171	88	3.312079	0.558949	3.321692	7.192720
171	89	3.312079	0.504373	2.356452	6.172904
171	90	3.312079	0.450227	1.819193	5.581499
171	91	3.312079	0.571784	3.025340	6.909203
171	92	3.312079	0.606947	3.374244	7.293270
171	93	3.312079	0.492220	2.712544	6.516844
171	94	3.312079	0.508189	2.394315	6.214582
171	95	3.312079	0.560463	2.913004	6.785546
171	96	3.312079	0.560463	2.913004	6.785546
171	97	3.312079	0.573088	3.038281	6.923448
171	98	3.312079	0.644524	3.747107	7.703710
171	99	3.312079	0.597604	3.281538	7.191221
172	0	3.136587	0.643469	3.736635	7.516691
172	1	3.136587	0.561881	2.927081	6.625549
172	2	3.136587	0.514314	2.455099	6.106000
172	3	3.136587	0.574194	3.049257	6.760039
172	4	3.136587	0.516680	2.478573	6.131840
172	5	3.136587	0.488780	2.201729	5.827096
172	6	3.136587	0.584689	3.153394	6.874670
172	7	3.136587	0.725858	4.554135	8.416580
172	8	3.136587	0.599100	3.296384	7.032071
172	9	3.136587	0.493569	2.249256	5.879413
172	10	3.136587	0.516680	2.478573	6.131840
172	11	3.136587	0.665736	3.957578	7.759900
172	12	3.136587	0.462836	1.944302	5.543725
172	13	3.136587	0.556892	2.877579	6.571059
172	14	3.136587	0.556825	2.876907	6.570319
172	15	3.136587	0.655087	3.851917	7.643591
172	16	3.136587	0.602549	3.330602	7.069738
172	17	3.136587	0.602549	3.330602	7.069738
172	18	3.136587	0.574194	3.049257	6.760039
172	19	3.136587	0.654898	3.850044	7.641529
172	20	3.136587	0.595177	3.257453	6.989216
172	21	3.136587	0.631451	3.617384	7.385422
172	22	3.136587	0.557511	2.883717	6.577815
172	23	3.136587	0.744302	4.737151	8.618041
172	24	3.136587	0.614074	3.444962	7.195623
172	25	3.136587	0.591090	3.216903	6.944580
172	26	3.136587	0.656354	3.864491	7.657432
172	27	3.136587	0.610352	3.408035	7.154974
172	28	3.136587	0.501060	2.959147	6.596794
172	29	3.136587	0.701824	4.315662	8.154073
172	30	3.136587	0.561401	2.922315	6.620303
172	31	3.136587	0.549814	2.807343	6.493744
172	32	3.136587	0.493569	2.249256	5.879413
172	33	3.136587	0.693741	4.235459	8.065787
172	34	3.136587	0.765934	4.951792	8.854313
172	35	3.136587	0.668883	4.147701	7.953172
172	36	3.136587	0.675082	4.103283	7.914953
172	37	3.136587	0.590566	3.211708	6.938861
172	38	3.136587	0.682658	4.125492	7.944737
172	39	3.136587	0.594346	3.514034	7.244968
172	40	3.136587	0.599533	3.300676	7.036795
172	41	3.136587	0.549814	2.807343	6.493744
172	42	3.136587	0.575768	3.064872	6.777227
172	43	3.136587	0.595177	3.257453	6.989216
172	44	3.136587	0.539156	3.072336	6.748079
172	45	3.136587	0.692766	4.331710	8.161063
172	46	3.136587	0.490990	2.223665	5.851242
172	47	3.136587	0.514314	2.455099	6.106000
172	48	3.136587	0.565784	2.965804	6.668175
172	49	3.136587	0.498747	2.300634	5.935968
172	50	3.136587	0.604057	3.345572	7.086216
172	51	3.136587	0.561881	2.927081	6.625549
172	52	3.136587	0.593731	3.243108	6.973426
172	53	3.136587	0.495713	2.694238	6.326538
172	54	3.136587	0.665736	3.957578	7.759900
172	55	3.136587	0.667055	3.970671	7.774313
172	56	3.136587	0.701824	4.315662	8.154073
172	57	3.136587	0.593813	3.243924	6.974324
172	58	3.136587	0.575768	3.064872	6.777227
172	59	3.136587	0.599100	3.296384	7.032071
172	60	3.136587	0.516366	2.475459	6.128412
172	61	3.136587	0.557511	2.883717	6.577815
172	62	3.136587	0.614074	3.444962	7.195623
172	63	3.136587	0.608626	3.708691	7.453904
172	64	3.136587	0.512491	2.437001	6.086079
172	65	3.136587	0.516680	2.478573	6.131840
172	66	3.136587	0.533571	2.646168	6.316326
172	67	3.136587	0.593731	3.243108	6.973426
172	68	3.136587	0.516680	2.478573	6.131840
172	69	3.136587	0.584689	3.153394	6.874670
172	70	3.136587	0.599533	3.300676	7.036795
172	71	3.136587	0.556825	2.876907	6.570319
172	72	3.136587	0.587049	3.176810	6.900446
172	73	3.136587	0.725858	4.554135	8.416580
172	74	3.136587	0.565784	2.965804	6.668175
172	75	3.136587	0.516366	2.475459	6.128412
172	76	3.136587	0.597745	3.282940	7.017272
172	77	3.136587	0.488780	2.201729	5.827096
172	78	3.136587	0.549814	2.807343	6.493744
172	79	3.136587	0.584689	3.153394	6.874670
172	80	3.136587	0.654898	3.850044	7.641529
172	81	3.136587	0.512491	2.437001	6.086079
172	82	3.136587	0.611568	3.737879	7.486034
172	83	3.136587	0.556892	2.877579	6.571059
172	84	3.136587	0.533571	2.646168	6.316326
172	85	3.136587	0.493569	2.249256	5.879413
172	86	3.136587	0.493569	2.249256	5.879413
172	87	3.136587	0.541223	2.722103	6.399914
172	88	3.136587	0.515005	2.461954	6.113547
172	89	3.136587	0.597745	3.282940	7.017272
172	90	3.136587	0.498747	2.300634	5.935968
172	91	3.136587	0.714652	4.495916	8.347156
172	92	3.136587	0.667055	3.970671	7.774313
172	93	3.136587	0.579605	3.102949	6.819142
172	94	3.136587	0.508353	2.395951	6.040891
172	95	3.136587	0.440237	1.720068	5.296892
172	96	3.136587	0.682658	4.125492	7.944737
172	97	3.136587	0.549814	2.807343	6.493744
172	98	3.136587	0.574194	3.049257	6.760039
172	99	3.136587	0.725858	4.554135	8.416580
173	0	3.538064	0.431852	1.636870	5.606786
173	1	3.538064	0.472350	2.038703	6.049116
173	2	3.538064	0.571738	3.024879	7.134681
173	3	3.538064	0.512390	2.436006	6.486460
173	4	3.538064	0.555313	2.861903	6.955279
173	5	3.538064	0.765228	4.944790	9.248082
173	6	3.538064	0.496731	2.280630	6.315425
173	7	3.538064	0.597428	3.279790	7.415281
173	8	3.538064	0.431852	1.636870	5.606786
173	9	3.538064	0.566525	2.973157	7.077745
173	10	3.538064	0.765228	4.944790	9.248082
173	11	3.538064	0.677957	4.078840	8.294860
173	12	3.538064	0.652639	4.039482	8.230185
173	13	3.538064	0.548419	2.793500	6.879983
173	14	3.538064	0.640211	3.863201	8.041475
173	15	3.538064	0.528826	2.599087	6.665976
173	16	3.538064	0.539543	2.705432	6.783039
173	17	3.538064	0.609248	3.397079	7.544391
173	18	3.538064	0.484595	2.848732	6.871390
173	19	3.538064	0.548419	2.793500	6.879983
173	20	3.538064	0.531384	2.624470	6.693917
173	21	3.538064	0.525143	2.562542	6.625748
173	22	3.538064	0.520664	2.518106	6.576834
173	23	3.538064	0.521970	2.531058	6.591092
173	24	3.538064	0.492439	2.238041	6.268543
173	25	3.538064	0.555108	2.859877	6.953050
173	26	3.538064	0.562920	2.937384	7.038368
173	27	3.538064	0.531384	2.624470	6.693917
173	28	3.538064	0.500930	2.322289	6.361282
173	29	3.538064	0.628528	3.588381	7.754973
173	30	3.538064	0.513136	2.443403	6.494602
173	31	3.538064	0.521970	2.531058	6.591092
173	32	3.538064	0.653647	3.837625	8.029336
173	33	3.538064	0.496731	2.280630	6.315425
173	34	3.538064	0.555108	2.859877	6.953050
173	35	3.538064	0.648371	3.785271	7.971706
173	36	3.538064	0.492439	2.238041	6.268543
173	37	3.538064	0.571738	3.024879	7.134681
173	38	3.538064	0.654170	3.842814	8.035047
173	39	3.538064	0.612876	3.486040	7.636980
173	40	3.538064	0.609248	3.397079	7.544391
173	41	3.538064	0.705348	4.350628	8.594040
173	42	3.538064	0.597088	3.276419	7.411571
173	43	3.538064	0.570873	3.016305	7.125242
173	44	3.538064	0.610487	3.409370	7.557920
173	45	3.538064	0.521970	2.531058	6.591092
173	46	3.538064	0.634187	3.644530	7.816780
173	47	3.538064	0.581821	3.124937	7.244822
173	48	3.538064	0.534061	3.021779	7.093904
173	49	3.538064	0.593112	3.448825	7.580000
173	50	3.538064	0.601417	3.319369	7.458849
173	51	3.538064	0.546272	2.772203	6.856539
173	52	3.538064	0.652121	3.822480	8.012664
173	53	3.538064	0.553019	2.839148	6.930232
173	54	3.538064	0.591040	3.216404	7.345507
173	55	3.538064	0.652121	3.822480	8.012664
173	56	3.538064	0.675818	4.057620	8.271502
173	57	3.538064	0.513136	2.443403	6.494602
173	58	3.538064	0.609248	3.397079	7.544391
173	59	3.538064	0.548163	3.267638	7.353865
173	60	3.538064	0.472350	2.038703	6.049116
173	61	3.538064	0.565745	2.965416	7.069225
173	62	3.538064	0.582339	3.130070	7.250473
173	63	3.538064	0.496731	2.280630	6.315425
173	64	3.538064	0.513136	2.443403	6.494602
173	65	3.538064	0.513136	2.443403	6.494602
173	66	3.538064	0.512390	2.436006	6.486460
173	67	3.538064	0.601417	3.319369	7.458849
173	68	3.538064	0.575172	3.058956	7.172191
173	69	3.538064	0.597428	3.279790	7.415281
173	70	3.538064	0.565745	2.965416	7.069225
173	71	3.538064	0.675869	4.058123	8.272055
173	72	3.538064	0.534061	3.021779	7.093904
173	73	3.538064	0.492439	2.238041	6.268543
173	74	3.538064	0.570873	3.016305	7.125242
173	75	3.538064	0.609248	3.397079	7.544391
173	76	3.538064	0.500930	2.322289	6.361282
173	77	3.538064	0.603774	3.342761	7.484599
173	78	3.538064	0.652035	3.821636	8.011735
173	79	3.538064	0.627503	3.578217	7.743784
173	80	3.538064	0.652121	3.822480	8.012664
173	81	3.538064	0.553019	2.839148	6.930232
173	82	3.538064	0.490491	2.218707	6.247261
173	83	3.538064	0.549049	2.799750	6.886862
173	84	3.538064	0.546272	2.772203	6.856539
173	85	3.538064	0.555313	2.861903	6.955279
173	86	3.538064	0.548419	2.793500	6.879983
173	87	3.538064	0.648371	3.785271	7.971706
173	88	3.538064	0.625462	3.557958	7.721483
173	89	3.538064	0.565745	2.965416	7.069225
173	90	3.538064	0.622012	3.523732	7.683808
173	91	3.538064	0.562920	2.937384	7.038368
173	92	3.538064	0.710352	4.400286	8.648703
173	93	3.538064	0.653647	3.837625	8.029336
173	94	3.538064	0.490491	2.218707	6.247261
173	95	3.538064	0.582339	3.130070	7.250473
173	96	3.538064	0.555108	2.859877	6.953050
173	97	3.538064	0.652210	3.823363	8.013636
173	98	3.538064	0.597428	3.279790	7.415281
173	99	3.538064	0.597088	3.276419	7.411571
174	0	3.276758	0.589993	3.206022	7.072774
174	1	3.276758	0.484783	2.162069	5.923610
174	2	3.276758	0.569921	3.006855	6.853534
174	3	3.276758	0.524059	2.551788	6.352605
174	4	3.276758	0.597748	3.282972	7.157479
174	5	3.276758	0.525850	2.569556	6.372164
174	6	3.276758	0.574520	3.052486	6.903764
174	7	3.276758	0.507147	2.383976	6.167881
174	8	3.276758	0.591025	3.216260	7.084043
174	9	3.276758	0.611939	3.423780	7.312477
174	10	3.276758	0.574214	3.049454	6.900426
174	11	3.276758	0.529294	2.603732	6.409784
174	12	3.276758	0.591025	3.216260	7.084043
174	13	3.276758	0.575991	3.067089	6.919839
174	14	3.276758	0.701753	4.420881	8.399391
174	15	3.276758	0.518340	2.495041	6.290140
174	16	3.276758	0.519045	2.502033	6.297836
174	17	3.276758	0.449731	1.814265	5.540754
174	18	3.276758	0.507147	2.383976	6.167881
174	19	3.276758	0.584235	3.148886	7.009879
174	20	3.276758	0.713690	4.433406	8.423854
174	21	3.276758	0.641708	3.719165	7.637631
174	22	3.276758	0.507147	2.383976	6.167881
174	23	3.276758	0.525850	2.569556	6.372164
174	24	3.276758	0.449731	1.814265	5.540754
174	25	3.276758	0.601721	3.481278	7.359757
174	26	3.276758	0.449731	1.814265	5.540754
174	27	3.276758	0.498266	2.295857	6.070881
174	28	3.276758	0.610705	3.464493	7.351956
174	29	3.276758	0.574214	3.049454	6.900426
174	30	3.276758	0.644155	3.743442	7.664355
174	31	3.276758	0.525850	2.569556	6.372164
174	32	3.276758	0.520197	2.513470	6.310426
174	33	3.276758	0.491683	2.230536	5.998977
174	34	3.276758	0.491683	2.230536	5.998977
174	35	3.276758	0.605214	3.357055	7.239027
174	36	3.276758	0.611939	3.423780	7.312477
174	37	3.276758	0.560788	2.916229	6.753775
174	38	3.276758	0.526848	2.579460	6.383066
174	39	3.276758	0.602321	3.328345	7.207424
174	40	3.276758	0.722552	4.521341	8.520652
174	41	3.276758	0.586216	3.433360	7.296334
174	42	3.276758	0.507147	2.383976	6.167881
174	43	3.276758	0.713690	4.433406	8.423854
174	44	3.276758	0.645204	3.753847	7.675809
174	45	3.276758	0.602209	3.327237	7.206204
174	46	3.276758	0.569921	3.006855	6.853534
174	47	3.276758	0.581709	3.494570	7.353037
174	48	3.276758	0.714294	4.439391	8.430443
174	49	3.276758	0.524059	2.551788	6.352605
174	50	3.276758	0.512362	2.965358	6.754478
174	51	3.276758	0.559987	2.908283	6.745028
174	52	3.276758	0.556620	2.874871	6.708249
174	53	3.276758	0.546594	2.775393	6.598745
174	54	3.276758	0.541873	2.728546	6.547177
174	55	3.276758	0.546594	2.775393	6.598745
174	56	3.276758	0.574214	3.049454	6.900426
174	57	3.276758	0.568600	2.993744	6.839101
174	58	3.276758	0.569305	3.000739	6.846802
174	59	3.276758	0.602321	3.328345	7.207424
174	60	3.276758	0.561377	2.922075	6.760210
174	61	3.276758	0.526848	2.579460	6.383066
174	62	3.276758	0.503720	2.349973	6.130451
174	63	3.276758	0.569921	3.006855	6.853534
174	64	3.276758	0.678571	4.084930	8.040259
174	65	3.276758	0.595492	3.260582	7.132833
174	66	3.276758	0.524059	2.551788	6.352605
174	67	3.276758	0.485706	2.700872	6.463336
174	68	3.276758	0.645204	3.753847	7.675809
174	69	3.276758	0.618593	3.489801	7.385152
174	70	3.276758	0.541944	2.729252	6.547955
174	71	3.276758	0.602321	3.328345	7.207424
174	72	3.276758	0.597730	3.441678	7.316166
174	73	3.276758	0.586231	3.168687	7.031676
174	74	3.276758	0.569247	3.000170	6.846176
174	75	3.276758	0.529294	2.603732	6.409784
174	76	3.276758	0.527928	2.590184	6.394870
174	77	3.276758	0.541944	2.729252	6.547955
174	78	3.276758	0.507147	2.383976	6.167881
174	79	3.276758	0.738234	4.676943	8.691935
174	80	3.276758	0.522266	2.533996	6.333020
174	81	3.276758	0.511014	2.422355	6.210127
174	82	3.276758	0.629689	3.599904	7.506352
174	83	3.276758	0.676139	4.060802	8.013699
174	84	3.276758	0.641708	3.719165	7.637631
174	85	3.276758	0.628757	3.590657	7.496172
174	86	3.276758	0.520197	2.513470	6.310426
174	87	3.276758	0.589993	3.206022	7.072774
174	88	3.276758	0.611849	3.422882	7.311489
174	89	3.276758	0.582371	3.130390	6.989520
174	90	3.276758	0.712620	4.422786	8.412165
174	91	3.276758	0.713690	4.433406	8.423854
174	92	3.276758	0.682072	4.119676	8.078506
174	93	3.276758	0.538386	3.117657	6.932801
174	94	3.276758	0.641708	3.719165	7.637631
174	95	3.276758	0.682072	4.119676	8.078506
174	96	3.276758	0.541873	2.728546	6.547177
174	97	3.276758	0.598474	3.343140	7.218373
174	98	3.276758	0.522266	2.533996	6.333020
174	99	3.276758	0.628757	3.590657	7.496172
175	0	3.379065	0.601920	3.324362	7.305347
175	1	3.379065	0.620566	3.509385	7.509016
175	2	3.379065	0.584351	3.150038	7.113454
175	3	3.379065	0.580062	3.107484	7.066611
175	4	3.379065	0.682913	4.128021	8.189999
175	5	3.379065	0.562837	2.936564	6.878466
175	6	3.379065	0.578371	3.090703	7.048140
175	7	3.379065	0.605448	3.359368	7.343881
175	8	3.379065	0.513303	2.445059	6.337426
175	9	3.379065	0.459787	1.914047	5.752899
175	10	3.379065	0.562837	2.936564	6.878466
175	11	3.379065	0.573974	3.047070	7.000108
175	12	3.379065	0.620277	3.506513	7.505856
175	13	3.379065	0.604823	3.353170	7.337058
175	14	3.379065	0.601806	3.323233	7.304104
175	15	3.379065	0.566733	2.975220	6.921017
175	16	3.379065	0.531431	2.624936	6.535432
175	17	3.379065	0.601920	3.324362	7.305347
175	18	3.379065	0.652984	3.831046	7.863095
175	19	3.379065	0.437517	1.693081	5.509663
175	20	3.379065	0.570531	3.012908	6.962504
175	21	3.379065	0.666803	3.968165	8.014033
175	22	3.379065	0.587442	3.180710	7.147218
175	23	3.379065	0.602172	3.326866	7.308104
175	24	3.379065	0.629564	3.863484	7.872114
175	25	3.379065	0.528954	2.918145	6.826165
175	26	3.379065	0.547349	2.835843	6.762257
175	27	3.379065	0.604307	3.348049	7.331421
175	28	3.379065	0.651340	3.814736	7.845141
175	29	3.379065	0.509818	2.410479	6.299361
175	30	3.379065	0.531431	2.624936	6.535432
175	31	3.379065	0.616709	3.471113	7.466887
175	32	3.379065	0.540674	2.716651	6.636390
175	33	3.379065	0.521247	2.523888	6.424200
175	34	3.379065	0.558983	2.898322	6.836370
175	35	3.379065	0.534568	2.656069	6.569703
175	36	3.379065	0.545743	2.766947	6.691755
175	37	3.379065	0.437517	1.693081	5.509663
175	38	3.379065	0.743526	4.729454	8.852045
175	39	3.379065	0.601920	3.324362	7.305347
175	40	3.379065	0.511018	2.422393	6.312476
175	41	3.379065	0.628235	3.585475	7.592775
175	42	3.379065	0.557695	3.256285	7.193045
175	43	3.379065	0.690141	4.358628	8.427834
175	44	3.379065	0.562837	2.936564	6.878466
175	45	3.379065	0.545743	2.766947	6.691755
175	46	3.379065	0.540674	2.716651	6.636390
175	47	3.379065	0.643392	3.735874	7.758331
175	48	3.379065	0.620566	3.509385	7.509016
175	49	3.379065	0.688759	4.186024	8.253848
175	50	3.379065	0.616709	3.471113	7.466887
175	51	3.379065	0.655771	3.858699	7.893535
175	52	3.379065	0.580973	3.116522	7.076561
175	53	3.379065	0.602199	3.327129	7.308392
175	54	3.379065	0.611064	3.415097	7.405226
175	55	3.379065	0.558983	2.898322	6.836370
175	56	3.379065	0.545743	2.766947	6.691755
175	57	3.379065	0.522811	2.539404	6.441280
175	58	3.379065	0.580973	3.116522	7.076561
175	59	3.379065	0.521247	2.523888	6.424200
175	60	3.379065	0.459787	1.914047	5.752899
175	61	3.379065	0.666803	3.968165	8.014033
175	62	3.379065	0.605448	3.359368	7.343881
175	63	3.379065	0.652984	3.831046	7.863095
175	64	3.379065	0.611064	3.415097	7.405226
175	65	3.379065	0.562837	2.936564	6.878466
175	66	3.379065	0.620566	3.509385	7.509016
175	67	3.379065	0.531431	2.624936	6.535432
175	68	3.379065	0.570531	3.012908	6.962504
175	69	3.379065	0.510904	2.421258	6.311228
175	70	3.379065	0.660393	3.904560	7.944018
175	71	3.379065	0.578371	3.090703	7.048140
175	72	3.379065	0.547896	3.159054	7.086014
175	73	3.379065	0.459787	1.914047	5.752899
175	74	3.379065	0.459787	1.914047	5.752899
175	75	3.379065	0.587442	3.180710	7.147218
175	76	3.379065	0.602199	3.327129	7.308392
175	77	3.379065	0.655771	3.858699	7.893535
175	78	3.379065	0.628503	3.799990	7.807558
175	79	3.379065	0.553221	3.053007	6.985293
175	80	3.379065	0.545743	2.766947	6.691755
175	81	3.379065	0.541759	2.727414	6.648238
175	82	3.379065	0.602172	3.326866	7.308104
175	83	3.379065	0.522811	2.539404	6.441280
175	84	3.379065	0.696958	4.267379	8.343402
175	85	3.379065	0.696958	4.267379	8.343402
175	86	3.379065	0.609954	3.404083	7.393102
175	87	3.379065	0.609954	3.404083	7.393102
175	88	3.379065	0.543305	2.742755	6.665125
175	89	3.379065	0.682913	4.128021	8.189999
175	90	3.379065	0.573974	3.047070	7.000108
175	91	3.379065	0.693399	4.337994	8.410459
175	92	3.379065	0.555346	2.862234	6.796645
175	93	3.379065	0.496686	2.809819	6.685570
175	94	3.379065	0.611064	3.415097	7.405226
175	95	3.379065	0.684915	4.147882	8.211862
175	96	3.379065	0.562837	2.936564	6.878466
175	97	3.379065	0.550847	2.817589	6.747500
175	98	3.379065	0.592521	3.231099	7.202684
175	99	3.379065	0.604823	3.353170	7.337058
176	0	3.348433	0.572581	3.033250	6.954264
176	1	3.348433	0.510052	2.412804	6.271289
176	2	3.348433	0.569057	2.998280	6.915770
176	3	3.348433	0.553224	2.841179	6.742836
176	4	3.348433	0.513845	2.450443	6.312722
176	5	3.348433	0.522686	2.538167	6.409286
176	6	3.348433	0.577383	3.080900	7.006716
176	7	3.348433	0.552722	2.836198	6.737352
176	8	3.348433	0.702237	4.425686	8.476355
176	9	3.348433	0.566093	2.968870	6.883396
176	10	3.348433	0.637747	3.944674	7.930854
176	11	3.348433	0.630469	3.766536	7.745438
176	12	3.348433	0.566545	3.397067	7.312045
176	13	3.348433	0.558096	2.889522	6.796051
176	14	3.348433	0.547006	2.779479	6.674918
176	15	3.348433	0.616087	3.464935	7.429455
176	16	3.348433	0.472935	2.044513	5.865881
176	17	3.348433	0.657743	3.878265	7.884441
176	18	3.348433	0.611370	3.418131	7.377934
176	19	3.348433	0.581557	3.122315	7.052305
176	20	3.348433	0.622102	3.524625	7.495160
176	21	3.348433	0.675459	4.054059	8.077952
176	22	3.348433	0.649477	3.796253	7.794163
176	23	3.348433	0.651352	3.814852	7.814637
176	24	3.348433	0.589009	3.196259	7.133701
176	25	3.348433	0.623056	3.534089	7.505578
176	26	3.348433	0.510052	2.412804	6.271289
176	27	3.348433	0.567582	2.983643	6.899658
176	28	3.348433	0.603961	3.344614	7.297008
176	29	3.348433	0.723392	4.582637	8.654462
176	30	3.348433	0.716262	4.458924	8.523619
176	31	3.348433	0.651352	3.814852	7.814637
176	32	3.348433	0.569057	2.998280	6.915770
176	33	3.348433	0.517052	2.482262	6.347747
176	34	3.348433	0.599039	3.295773	7.243245
176	35	3.348433	0.472935	2.044513	5.865881
176	36	3.348433	0.589009	3.196259	7.133701
176	37	3.348433	0.637747	3.944674	7.930854
176	38	3.348433	0.547006	2.779479	6.674918
176	39	3.348433	0.633880	3.906305	7.888618
176	40	3.348433	0.533740	2.647852	6.530025
176	41	3.348433	0.638184	3.684192	7.670809
176	42	3.348433	0.524678	2.557933	6.431044
176	43	3.348433	0.510010	2.412392	6.270835
176	44	3.348433	0.651352	3.814852	7.814637
176	45	3.348433	0.558096	2.889522	6.796051
176	46	3.348433	0.675459	4.054059	8.077952
176	47	3.348433	0.496246	2.275811	6.120489
176	48	3.348433	0.533740	2.647852	6.530025
176	49	3.348433	0.510069	2.412977	6.271479
176	50	3.348433	0.586541	3.277693	7.212666
176	51	3.348433	0.578217	3.089174	7.015824
176	52	3.348433	0.669901	3.998911	8.017245
176	53	3.348433	0.505378	2.366424	6.220235
176	54	3.348433	0.472935	2.044513	5.865881
176	55	3.348433	0.508841	2.400785	6.258058
176	56	3.348433	0.598359	3.289032	7.235825
176	57	3.348433	0.517052	2.482262	6.347747
176	58	3.348433	0.716262	4.458924	8.523619
176	59	3.348433	0.553224	2.841179	6.742836
176	60	3.348433	0.603961	3.344614	7.297008
176	61	3.348433	0.543597	2.745656	6.637686
176	62	3.348433	0.586762	3.173961	7.109156
176	63	3.348433	0.566093	2.968870	6.883396
176	64	3.348433	0.616876	3.472763	7.438072
176	65	3.348433	0.558096	2.889522	6.796051
176	66	3.348433	0.611370	3.418131	7.377934
176	67	3.348433	0.611370	3.418131	7.377934
176	68	3.348433	0.649477	3.796253	7.794163
176	69	3.348433	0.577383	3.080900	7.006716
176	70	3.348433	0.660480	3.905425	7.914338
176	71	3.348433	0.573564	3.043004	6.965001
176	72	3.348433	0.586762	3.173961	7.109156
176	73	3.348433	0.552722	2.836198	6.737352
176	74	3.348433	0.578217	3.089174	7.015824
176	75	3.348433	0.611370	3.418131	7.377934
176	76	3.348433	0.602720	3.332303	7.283456
176	77	3.348433	0.589009	3.196259	7.133701
176	78	3.348433	0.616876	3.472763	7.438072
176	79	3.348433	0.660480	3.905425	7.914338
176	80	3.348433	0.522686	2.538167	6.409286
176	81	3.348433	0.575371	3.060929	6.984732
176	82	3.348433	0.657743	3.878265	7.884441
176	83	3.348433	0.597575	3.281251	7.227259
176	84	3.348433	0.572581	3.033250	6.954264
176	85	3.348433	0.603961	3.344614	7.297008
176	86	3.348433	0.681285	4.111863	8.141581
176	87	3.348433	0.597575	3.281251	7.227259
176	88	3.348433	0.652634	3.986466	7.987533
176	89	3.348433	0.707393	4.370917	8.426743
176	90	3.348433	0.562626	2.934470	6.845529
176	91	3.348433	0.522686	2.538167	6.409286
176	92	3.348433	0.558096	2.889522	6.796051
176	93	3.348433	0.663525	3.988606	8.000564
176	94	3.348433	0.597541	3.280919	7.226893
176	95	3.348433	0.643493	3.736871	7.728796
176	96	3.348433	0.513845	2.450443	6.312722
176	97	3.348433	0.433657	1.654771	5.436861
176	98	3.348433	0.645363	3.755424	7.749220
176	99	3.348433	0.513845	2.450443	6.312722
177	0	3.364772	0.592179	3.227713	7.184664
177	1	3.364772	0.523555	2.546788	6.435115
177	2	3.364772	0.590362	3.209680	7.164814
177	3	3.364772	0.525318	2.564282	6.454372
177	4	3.364772	0.489052	2.204429	6.058253
177	5	3.364772	0.587852	3.184776	7.137400
177	6	3.364772	0.614640	3.450580	7.429992
177	7	3.364772	0.592179	3.227713	7.184664
177	8	3.364772	0.525318	2.564282	6.454372
177	9	3.364772	0.536739	2.677602	6.579113
177	10	3.364772	0.601195	3.317174	7.283141
177	11	3.364772	0.595077	3.256465	7.216314
177	12	3.364772	0.564633	2.954381	6.883785
177	13	3.364772	0.606658	3.371378	7.342808
177	14	3.364772	0.515538	2.467239	6.347549
177	15	3.364772	0.606389	3.421670	7.392831
177	16	3.364772	0.696921	4.267013	8.328706
177	17	3.364772	0.589065	3.196812	7.150649
177	18	3.364772	0.587807	3.184332	7.136911
177	19	3.364772	0.540245	2.712397	6.617415
177	20	3.364772	0.616976	3.526720	7.508468
177	21	3.364772	0.523555	2.546788	6.435115
177	22	3.364772	0.672086	4.020584	8.057442
177	23	3.364772	0.523555	2.546788	6.435115
177	24	3.364772	0.545482	2.764356	6.674610
177	25	3.364772	0.545482	2.764356	6.674610
177	26	3.364772	0.563653	2.944658	6.873083
177	27	3.364772	0.634370	3.646350	7.645492
177	28	3.364772	0.545482	2.764356	6.674610
177	29	3.364772	0.536739	2.677602	6.579113
177	30	3.364772	0.563024	3.256203	7.183999
177	31	3.364772	0.540245	2.712397	6.617415
177	32	3.364772	0.590427	3.210325	7.165524
177	33	3.364772	0.667634	3.976411	8.008817
177	34	3.364772	0.549723	2.806437	6.720931
177	35	3.364772	0.652986	3.831068	7.848826
177	36	3.364772	0.566590	2.973806	6.905169
177	37	3.364772	0.579494	3.101840	7.046106
177	38	3.364772	0.525318	2.564282	6.454372
177	39	3.364772	0.677618	4.075479	8.117870
177	40	3.364772	0.584925	3.155730	7.105427
177	41	3.364772	0.668764	3.987626	8.021162
177	42	3.364772	0.717335	4.469573	8.551681
177	43	3.364772	0.637664	3.679032	7.681467
177	44	3.364772	0.534200	2.970191	6.869163
177	45	3.364772	0.528787	2.598704	6.492263
177	46	3.364772	0.554577	2.854605	6.773954
177	47	3.364772	0.634370	3.646350	7.645492
177	48	3.364772	0.673219	4.031833	8.069825
177	49	3.364772	0.521043	2.521865	6.407680
177	50	3.364772	0.600649	3.311749	7.277169
177	51	3.364772	0.449426	1.811240	5.625437
177	52	3.364772	0.576682	3.497653	7.439108
177	53	3.364772	0.640191	3.704107	7.709070
177	54	3.364772	0.612203	3.426400	7.403375
177	55	3.364772	0.563653	2.944658	6.873083
177	56	3.364772	0.567710	2.984919	6.917402
177	57	3.364772	0.549356	2.802798	6.716926
177	58	3.364772	0.636336	3.665861	7.666969
177	59	3.364772	0.539992	2.709883	6.614647
177	60	3.364772	0.546849	2.777922	6.689543
177	61	3.364772	0.491244	2.226182	6.082198
177	62	3.364772	0.601195	3.317174	7.283141
177	63	3.364772	0.580964	3.116426	7.062162
177	64	3.364772	0.590362	3.209680	7.164814
177	65	3.364772	0.608461	3.389270	7.362503
177	66	3.364772	0.672086	4.020584	8.057442
177	67	3.364772	0.585419	3.425455	7.375646
177	68	3.364772	0.503319	2.345995	6.214086
177	69	3.364772	0.521043	2.521865	6.407680
177	70	3.364772	0.589065	3.196812	7.150649
177	71	3.364772	0.579752	3.104405	7.048929
177	72	3.364772	0.625446	3.557804	7.548023
177	73	3.364772	0.667468	4.027727	8.059967
177	74	3.364772	0.506677	2.379319	6.250769
177	75	3.364772	0.491244	2.226182	6.082198
177	76	3.364772	0.591699	3.222945	7.179416
177	77	3.364772	0.634370	3.646350	7.645492
177	78	3.364772	0.504364	2.356365	6.225500
177	79	3.364772	0.652986	3.831068	7.848826
177	80	3.364772	0.506677	2.379319	6.250769
177	81	3.364772	0.503319	2.345995	6.214086
177	82	3.364772	0.717335	4.469573	8.551681
177	83	3.364772	0.528787	2.598704	6.492263
177	84	3.364772	0.586866	3.174994	7.126633
177	85	3.364772	0.591699	3.222945	7.179416
177	86	3.364772	0.545482	2.764356	6.674610
177	87	3.364772	0.693472	4.338713	8.396957
177	88	3.364772	0.546849	2.777922	6.689543
177	89	3.364772	0.502677	2.339629	6.207078
177	90	3.364772	0.606333	3.368151	7.339256
177	91	3.364772	0.549356	2.802798	6.716926
177	92	3.364772	0.703184	4.382117	8.450073
177	93	3.364772	0.587807	3.184332	7.136911
177	94	3.364772	0.591342	3.219409	7.175523
177	95	3.364772	0.606975	3.639338	7.611084
177	96	3.364772	0.502677	2.339629	6.207078
177	97	3.364772	0.536739	2.677602	6.579113
177	98	3.364772	0.608461	3.389270	7.362503
177	99	3.364772	0.546849	2.777922	6.689543
178	0	3.228760	0.538772	2.697776	6.465307
178	1	3.228760	0.524421	2.555385	6.308566
178	2	3.228760	0.555663	2.865383	6.649806
178	3	3.228760	0.555663	2.865383	6.649806
178	4	3.228760	0.505482	2.367457	6.101699
178	5	3.228760	0.538772	2.697776	6.465307
178	6	3.228760	0.577874	3.085766	6.892400
178	7	3.228760	0.671710	4.016853	7.917322
178	8	3.228760	0.476609	2.080970	5.786339
178	9	3.228760	0.569640	3.004070	6.802471
178	10	3.228760	0.561688	2.925165	6.715613
178	11	3.228760	0.604000	3.345003	7.177763
178	12	3.228760	0.506955	2.382078	6.117793
178	13	3.228760	0.610149	3.406013	7.244922
178	14	3.228760	0.613646	3.440719	7.283125
178	15	3.228760	0.589286	3.199005	7.017051
178	16	3.228760	0.605396	3.358855	7.193011
178	17	3.228760	0.611236	3.416801	7.256797
178	18	3.228760	0.540948	2.719373	6.489081
178	19	3.228760	0.570827	3.015844	6.815431
178	20	3.228760	0.496224	2.275594	6.000578
178	21	3.228760	0.584693	3.153435	6.966888
178	22	3.228760	0.535595	2.666251	6.430606
178	23	3.228760	0.496224	2.275594	6.000578
178	24	3.228760	0.662271	4.135049	8.026079
178	25	3.228760	0.561688	2.925165	6.715613
178	26	3.228760	0.592856	3.234429	7.056045
178	27	3.228760	0.682013	4.119087	8.029860
178	28	3.228760	0.616879	3.472793	7.318431
178	29	3.228760	0.604000	3.345003	7.177763
178	30	3.228760	0.671296	4.012745	7.912801
178	31	3.228760	0.583918	3.145738	6.958416
178	32	3.228760	0.679471	4.093865	8.002096
178	33	3.228760	0.590690	3.212940	7.032391
178	34	3.228760	0.583828	3.144849	6.957438
178	35	3.228760	0.702897	4.326312	8.257970
178	36	3.228760	0.565295	3.278737	7.072792
178	37	3.228760	0.658574	3.886518	7.773852
178	38	3.228760	0.671710	4.016853	7.917322
178	39	3.228760	0.476609	2.080970	5.786339
178	40	3.228760	0.605396	3.358855	7.193011
178	41	3.228760	0.560155	2.909957	6.698872
178	42	3.228760	0.598256	3.711720	7.538736
178	43	3.228760	0.571568	3.023193	6.823521
178	44	3.228760	0.521853	2.529900	6.280513
178	45	3.228760	0.658574	3.886518	7.773852
178	46	3.228760	0.571568	3.023193	6.823521
178	47	3.228760	0.505482	2.367457	6.101699
178	48	3.228760	0.544651	3.232787	7.006198
178	49	3.228760	0.560155	2.909957	6.698872
178	50	3.228760	0.611236	3.416801	7.256797
178	51	3.228760	0.608757	3.392209	7.229727
178	52	3.228760	0.557715	2.885740	6.672215
178	53	3.228760	0.502040	2.333302	6.064101
178	54	3.228760	0.550641	2.815550	6.594951
178	55	3.228760	0.528405	2.594912	6.352077
178	56	3.228760	0.560155	2.909957	6.698872
178	57	3.228760	0.476609	2.080970	5.786339
178	58	3.228760	0.570827	3.015844	6.815431
178	59	3.228760	0.683191	4.130777	8.042728
178	60	3.228760	0.481429	2.817323	6.527512
178	61	3.228760	0.589286	3.199005	7.017051
178	62	3.228760	0.679471	4.093865	8.002096
178	63	3.228760	0.682013	4.119087	8.029860
178	64	3.228760	0.608757	3.392209	7.229727
178	65	3.228760	0.658574	3.886518	7.773852
178	66	3.228760	0.559504	2.903488	6.691752
178	67	3.228760	0.534437	2.654767	6.417965
178	68	3.228760	0.496224	2.275594	6.000578
178	69	3.228760	0.622409	3.527668	7.378837
178	70	3.228760	0.584030	3.146856	6.959646
178	71	3.228760	0.523079	3.071701	6.823540
178	72	3.228760	0.571568	3.023193	6.823521
178	73	3.228760	0.643833	3.740247	7.612840
178	74	3.228760	0.676709	4.066454	7.971923
178	75	3.228760	0.739042	4.737925	8.705727
178	76	3.228760	0.739042	4.737925	8.705727
178	77	3.228760	0.557715	2.885740	6.672215
178	78	3.228760	0.583918	3.145738	6.958416
178	79	3.228760	0.637438	3.676797	7.542995
178	80	3.228760	0.563407	2.942218	6.734385
178	81	3.228760	0.556564	2.874320	6.659644
178	82	3.228760	0.563407	2.942218	6.734385
178	83	3.228760	0.648321	3.784775	7.661856
178	84	3.228760	0.625129	3.819473	7.673362
178	85	3.228760	0.518537	2.496995	6.244291
178	86	3.228760	0.496224	2.275594	6.000578
178	87	3.228760	0.683191	4.130777	8.042728
178	88	3.228760	0.671710	4.016853	7.917322
178	89	3.228760	0.676709	4.066454	7.971923
178	90	3.228760	0.577874	3.085766	6.892400
178	91	3.228760	0.671296	4.012745	7.912801
178	92	3.228760	0.610149	3.406013	7.244922
178	93	3.228760	0.521853	2.529900	6.280513
178	94	3.228760	0.518632	2.762761	6.510153
178	95	3.228760	0.683191	4.130777	8.042728
178	96	3.228760	0.658063	3.881440	7.768263
178	97	3.228760	0.622213	3.525718	7.376691
178	98	3.228760	0.557715	2.885740	6.672215
178	99	3.228760	0.658063	3.881440	7.768263
179	0	3.347520	0.647486	3.776490	7.771496
179	1	3.347520	0.582181	3.128502	7.058203
179	2	3.347520	0.662219	3.922682	7.932421
179	3	3.347520	0.738421	4.678797	8.764738
179	4	3.347520	0.537122	2.681402	6.566044
179	5	3.347520	0.498765	2.300807	6.147092
179	6	3.347520	0.525230	2.563413	6.436164
179	7	3.347520	0.528387	2.594730	6.470636
179	8	3.347520	0.571261	3.020148	6.938929
179	9	3.347520	0.590748	3.213507	7.151775
179	10	3.347520	0.587085	3.177168	7.111774
179	11	3.347520	0.552964	2.838598	6.739082
179	12	3.347520	0.592187	3.227792	7.167499
179	13	3.347520	0.584054	3.147092	7.078666
179	14	3.347520	0.584054	3.147092	7.078666
179	15	3.347520	0.451571	1.832527	5.631618
179	16	3.347520	0.634953	3.652133	7.634605
179	17	3.347520	0.627667	3.738731	7.713918
179	18	3.347520	0.638909	3.691387	7.677816
179	19	3.347520	0.669834	4.104165	8.121518
179	20	3.347520	0.620077	3.504530	7.472128
179	21	3.347520	0.613506	3.439326	7.400351
179	22	3.347520	0.584054	3.147092	7.078666
179	23	3.347520	0.669874	4.104564	8.121958
179	24	3.347520	0.527907	2.589970	6.465397
179	25	3.347520	0.548811	2.797394	6.693726
179	26	3.347520	0.590748	3.213507	7.151775
179	27	3.347520	0.547937	2.788720	6.684177
179	28	3.347520	0.509566	2.407985	6.265071
179	29	3.347520	0.548811	2.797394	6.693726
179	30	3.347520	0.547937	2.788720	6.684177
179	31	3.347520	0.523131	2.542582	6.413233
179	32	3.347520	0.505679	2.369413	6.222612
179	33	3.347520	0.728165	4.629992	8.705677
179	34	3.347520	0.638185	3.684202	7.669907
179	35	3.347520	0.672345	4.023157	8.043022
179	36	3.347520	0.595672	3.262374	7.205566
179	37	3.347520	0.637418	3.676592	7.661530
179	38	3.347520	0.647486	3.776490	7.771496
179	39	3.347520	0.513129	2.443333	6.303982
179	40	3.347520	0.590748	3.213507	7.151775
179	41	3.347520	0.585004	3.156516	7.089040
179	42	3.347520	0.724540	4.541059	8.613119
179	43	3.347520	0.451571	1.832527	5.631618
179	44	3.347520	0.552134	2.830361	6.730014
179	45	3.347520	0.583429	3.140892	7.071842
179	46	3.347520	0.611183	3.575171	7.533874
179	47	3.347520	0.672345	4.023157	8.043022
179	48	3.347520	0.578527	3.092247	7.018294
179	49	3.347520	0.495108	2.264523	6.107151
179	50	3.347520	0.498765	2.300807	6.147092
179	51	3.347520	0.505679	2.369413	6.222612
179	52	3.347520	0.658041	3.881223	7.886784
179	53	3.347520	0.600957	3.314814	7.263291
179	54	3.347520	0.658041	3.881223	7.886784
179	55	3.347520	0.583429	3.140892	7.071842
179	56	3.347520	0.571075	3.018308	6.936903
179	57	3.347520	0.525230	2.563413	6.436164
179	58	3.347520	0.590748	3.213507	7.151775
179	59	3.347520	0.509566	2.407985	6.265071
179	60	3.347520	0.602007	3.325228	7.274755
179	61	3.347520	0.513129	2.443333	6.303982
179	62	3.347520	0.735717	4.651967	8.735205
179	63	3.347520	0.495231	2.265743	6.108494
179	64	3.347520	0.583429	3.140892	7.071842
179	65	3.347520	0.509566	2.407985	6.265071
179	66	3.347520	0.551653	2.825589	6.724762
179	67	3.347520	0.549550	2.804728	6.701798
179	68	3.347520	0.590748	3.213507	7.151775
179	69	3.347520	0.509566	2.407985	6.265071
179	70	3.347520	0.504979	2.362464	6.214962
179	71	3.347520	0.580666	3.113477	7.041664
179	72	3.347520	0.571075	3.018308	6.936903
179	73	3.347520	0.525230	2.563413	6.436164
179	74	3.347520	0.599916	3.357440	7.304876
179	75	3.347520	0.643006	3.732037	7.722563
179	76	3.347520	0.549550	2.804728	6.701798
179	77	3.347520	0.643006	3.732037	7.722563
179	78	3.347520	0.694299	4.240999	8.282818
179	79	3.347520	0.637418	3.676592	7.661530
179	80	3.347520	0.643006	3.732037	7.722563
179	81	3.347520	0.527100	2.581966	6.456586
179	82	3.347520	0.533994	2.650368	6.531882
179	83	3.347520	0.505679	2.369413	6.222612
179	84	3.347520	0.585541	3.161841	7.094902
179	85	3.347520	0.527100	2.581966	6.456586
179	86	3.347520	0.547937	2.788720	6.684177
179	87	3.347520	0.663500	4.041318	8.052337
179	88	3.347520	0.659118	3.891911	7.898549
179	89	3.347520	0.728165	4.629992	8.705677
179	90	3.347520	0.659118	3.891911	7.898549
179	91	3.347520	0.589860	3.204704	7.142084
179	92	3.347520	0.571075	3.018308	6.936903
179	93	3.347520	0.634990	3.652506	7.635016
179	94	3.347520	0.724540	4.541059	8.613119
179	95	3.347520	0.505679	2.369413	6.222612
179	96	3.347520	0.533429	2.644764	6.525713
179	97	3.347520	0.597939	3.390796	7.336255
179	98	3.347520	0.620077	3.504530	7.472128
179	99	3.347520	0.565615	3.334875	7.248011
180	0	3.425208	0.625506	3.558400	7.609114
180	1	3.425208	0.497424	2.287506	6.210138
180	2	3.425208	0.566404	2.971953	6.963564
180	3	3.425208	0.490196	2.215783	6.131187
180	4	3.425208	0.644331	3.745191	7.814730
180	5	3.425208	0.634008	3.642754	7.701969
180	6	3.425208	0.680181	4.312765	8.418154
180	7	3.425208	0.594042	3.246194	7.265444
180	8	3.425208	0.705544	4.352570	8.483321
180	9	3.425208	0.545329	2.762843	6.733380
180	10	3.425208	0.625506	3.558400	7.609114
180	11	3.425208	0.502864	2.341483	6.269555
180	12	3.425208	0.666612	4.072198	8.164018
180	13	3.425208	0.536859	2.678796	6.640863
180	14	3.425208	0.533005	2.640554	6.598766
180	15	3.425208	0.566990	2.977777	6.969975
180	16	3.425208	0.632727	3.788937	7.846872
180	17	3.425208	0.502190	2.334792	6.262189
180	18	3.425208	0.615713	3.514191	7.555112
180	19	3.425208	0.585656	3.162984	7.173848
180	20	3.425208	0.574618	3.053457	7.053282
180	21	3.425208	0.621120	3.514872	7.561200
180	22	3.425208	0.662928	3.929716	8.017852
180	23	3.425208	0.590939	3.215410	7.231557
180	24	3.425208	0.564949	2.957517	6.947674
180	25	3.425208	0.563424	2.942389	6.931021
180	26	3.425208	0.525054	2.561657	6.511918
180	27	3.425208	0.710121	4.397991	8.533320
180	28	3.425208	0.662928	3.929716	8.017852
180	29	3.425208	0.533005	2.640554	6.598766
180	30	3.425208	0.588578	3.191982	7.205768
180	31	3.425208	0.639741	3.699644	7.764593
180	32	3.425208	0.611580	3.685033	7.721821
180	33	3.425208	0.490518	2.218981	6.134707
180	34	3.425208	0.675142	4.050914	8.151264
180	35	3.425208	0.588578	3.191982	7.205768
180	36	3.425208	0.502864	2.341483	6.269555
180	37	3.425208	0.546414	3.144353	7.115974
180	38	3.425208	0.563424	2.942389	6.931021
180	39	3.425208	0.563424	2.942389	6.931021
180	40	3.425208	0.672159	4.021311	8.118678
180	41	3.425208	0.644331	3.745191	7.814730
180	42	3.425208	0.506138	2.373964	6.305309
180	43	3.425208	0.571615	3.023661	7.020484
180	44	3.425208	0.521395	2.525356	6.471959
180	45	3.425208	0.590939	3.215410	7.231557
180	46	3.425208	0.554476	2.853600	6.833283
180	47	3.425208	0.506138	2.373964	6.305309
180	48	3.425208	0.619152	3.495352	7.539712
180	49	3.425208	0.584064	3.147185	7.156456
180	50	3.425208	0.619152	3.495352	7.539712
180	51	3.425208	0.584064	3.147185	7.156456
180	52	3.425208	0.601717	3.534210	7.561135
180	53	3.425208	0.506138	2.373964	6.305309
180	54	3.425208	0.515799	2.469833	6.410840
180	55	3.425208	0.566404	2.971953	6.963564
180	56	3.425208	0.594042	3.246194	7.265444
180	57	3.425208	0.525054	2.561657	6.511918
180	58	3.425208	0.533005	2.640554	6.598766
180	59	3.425208	0.585716	3.163577	7.174501
180	60	3.425208	0.585656	3.162984	7.173848
180	61	3.425208	0.502190	2.334792	6.262189
180	62	3.425208	0.526700	3.054673	7.006581
180	63	3.425208	0.521395	2.525356	6.471959
180	64	3.425208	0.608051	3.385202	7.418461
180	65	3.425208	0.533570	2.646163	6.604941
180	66	3.425208	0.502190	2.334792	6.262189
180	67	3.425208	0.585716	3.163577	7.174501
180	68	3.425208	0.663383	3.934232	8.022822
180	69	3.425208	0.562174	2.929983	6.917364
180	70	3.425208	0.625506	3.558400	7.609114
180	71	3.425208	0.505604	2.368665	6.299476
180	72	3.425208	0.502190	2.334792	6.262189
180	73	3.425208	0.508416	2.396573	6.330196
180	74	3.425208	0.533005	2.640554	6.598766
180	75	3.425208	0.549937	2.808560	6.783704
180	76	3.425208	0.545329	2.762843	6.733380
180	77	3.425208	0.505604	2.368665	6.299476
180	78	3.425208	0.554988	2.858683	6.838879
180	79	3.425208	0.644331	3.745191	7.814730
180	80	3.425208	0.675142	4.050914	8.151264
180	81	3.425208	0.502864	2.341483	6.269555
180	82	3.425208	0.685128	4.255927	8.366263
180	83	3.425208	0.533570	2.646163	6.604941
180	84	3.425208	0.562174	2.929983	6.917364
180	85	3.425208	0.529364	2.604429	6.559001
180	86	3.425208	0.533570	2.646163	6.604941
180	87	3.425208	0.639741	3.699644	7.764593
180	88	3.425208	0.711908	4.415722	8.552838
180	89	3.425208	0.487755	2.191559	6.104522
180	90	3.425208	0.490196	2.215783	6.131187
180	91	3.425208	0.663383	3.934232	8.022822
180	92	3.425208	0.567188	3.350482	7.342878
180	93	3.425208	0.566404	2.971953	6.963564
180	94	3.425208	0.585716	3.163577	7.174501
180	95	3.425208	0.614898	3.453140	7.493245
180	96	3.425208	0.562174	2.929983	6.917364
180	97	3.425208	0.565412	2.962114	6.952734
180	98	3.425208	0.625274	3.556098	7.606580
180	99	3.425208	0.615339	3.457518	7.498065
181	0	3.289476	0.479520	2.533561	6.302556
181	1	3.289476	0.669243	3.992375	7.951093
181	2	3.289476	0.594774	3.253457	7.137707
181	3	3.289476	0.643139	3.733363	7.665978
181	4	3.289476	0.496953	2.282829	6.069257
181	5	3.289476	0.602539	3.330512	7.222527
181	6	3.289476	0.719944	4.495459	8.504879
181	7	3.289476	0.585992	3.166324	7.041793
181	8	3.289476	0.436296	1.680959	5.406730
181	9	3.289476	0.606318	3.367999	7.263793
181	10	3.289476	0.659166	3.892390	7.841031
181	11	3.289476	0.691590	4.214119	8.195186
181	12	3.289476	0.507490	2.387379	6.184344
181	13	3.289476	0.601302	3.318231	7.209008
181	14	3.289476	0.537402	2.684185	6.511063
181	15	3.289476	0.515198	2.463866	6.268540
181	16	3.289476	0.570756	3.015145	6.875377
181	17	3.289476	0.611438	3.471776	7.372690
181	18	3.289476	0.602539	3.330512	7.222527
181	19	3.289476	0.515198	2.463866	6.268540
181	20	3.289476	0.507490	2.387379	6.184344
181	21	3.289476	0.588290	3.189118	7.066883
181	22	3.289476	0.574453	3.051819	6.915747
181	23	3.289476	0.690145	4.199780	8.179401
181	24	3.289476	0.601302	3.318231	7.209008
181	25	3.289476	0.651536	3.816684	7.757696
181	26	3.289476	0.570559	3.013185	6.873220
181	27	3.289476	0.539761	2.707596	6.536833
181	28	3.289476	0.436296	1.680959	5.406730
181	29	3.289476	0.607570	3.380430	7.277476
181	30	3.289476	0.747511	4.768987	8.805973
181	31	3.289476	0.654834	3.849403	7.793712
181	32	3.289476	0.557927	2.887846	6.735248
181	33	3.289476	0.574453	3.051819	6.915747
181	34	3.289476	0.690145	4.199780	8.179401
181	35	3.289476	0.564719	2.955234	6.809429
181	36	3.289476	0.508205	2.394473	6.192153
181	37	3.289476	0.607570	3.380430	7.277476
181	38	3.289476	0.677358	4.178829	8.145663
181	39	3.289476	0.554533	2.854171	6.698180
181	40	3.289476	0.588290	3.189118	7.066883
181	41	3.289476	0.538473	2.694808	6.522757
181	42	3.289476	0.560348	2.911864	6.761687
181	43	3.289476	0.590676	3.212795	7.092947
181	44	3.289476	0.672766	4.027332	7.989574
181	45	3.289476	0.564719	2.955234	6.809429
181	46	3.289476	0.663504	3.935430	7.888409
181	47	3.289476	0.642532	3.727340	7.659347
181	48	3.289476	0.574453	3.051819	6.915747
181	49	3.289476	0.590909	3.215104	7.095489
181	50	3.289476	0.498266	2.295858	6.083599
181	51	3.289476	0.498266	2.295858	6.083599
181	52	3.289476	0.639881	3.701036	7.630393
181	53	3.289476	0.538473	2.694808	6.522757
181	54	3.289476	0.645186	3.806634	7.741295
181	55	3.289476	0.562578	2.933997	6.786051
181	56	3.289476	0.602539	3.330512	7.222527
181	57	3.289476	0.570756	3.015145	6.875377
181	58	3.289476	0.541730	2.727127	6.558332
181	59	3.289476	0.632340	3.626212	7.548028
181	60	3.289476	0.556870	2.983288	6.829634
181	61	3.289476	0.573248	3.039871	6.902595
181	62	3.289476	0.659166	3.892390	7.841031
181	63	3.289476	0.537402	2.684185	6.511063
181	64	3.289476	0.588290	3.189118	7.066883
181	65	3.289476	0.511599	2.428151	6.229226
181	66	3.289476	0.590909	3.215104	7.095489
181	67	3.289476	0.573248	3.039871	6.902595
181	68	3.289476	0.574453	3.051819	6.915747
181	69	3.289476	0.663504	3.935430	7.888409
181	70	3.289476	0.572922	3.036636	6.899034
181	71	3.289476	0.436296	1.680959	5.406730
181	72	3.289476	0.580343	3.110271	6.980090
181	73	3.289476	0.676641	4.065782	8.031899
181	74	3.289476	0.626773	3.570967	7.487216
181	75	3.289476	0.585992	3.166324	7.041793
181	76	3.289476	0.566051	2.968454	6.823981
181	77	3.289476	0.557492	3.307240	7.154208
181	78	3.289476	0.570559	3.013185	6.873220
181	79	3.289476	0.637208	3.727478	7.654162
181	80	3.289476	0.603210	3.337168	7.229855
181	81	3.289476	0.540654	2.716457	6.546588
181	82	3.289476	0.574453	3.051819	6.915747
181	83	3.289476	0.605117	3.462018	7.356611
181	84	3.289476	0.540654	2.716457	6.546588
181	85	3.289476	0.602539	3.330512	7.222527
181	86	3.289476	0.703636	4.333643	8.326754
181	87	3.289476	0.603210	3.337168	7.229855
181	88	3.289476	0.498266	2.295858	6.083599
181	89	3.289476	0.676641	4.065782	8.031899
181	90	3.289476	0.610958	3.414041	7.314474
181	91	3.289476	0.614406	3.448254	7.352135
181	92	3.289476	0.666119	3.961377	7.916972
181	93	3.289476	0.496953	2.282829	6.069257
181	94	3.289476	0.560348	2.911864	6.761687
181	95	3.289476	0.634250	3.751085	7.674811
181	96	3.289476	0.716614	4.462416	8.468506
181	97	3.289476	0.634250	3.751085	7.674811
181	98	3.289476	0.614406	3.448254	7.352135
181	99	3.289476	0.659166	3.892390	7.841031
182	0	3.478593	0.530085	2.611584	6.620262
182	1	3.478593	0.591905	3.489813	7.560311
182	2	3.478593	0.582126	3.127955	7.188674
182	3	3.478593	0.581365	3.120408	7.180366
182	4	3.478593	0.622833	3.531877	7.633303
182	5	3.478593	0.485431	2.168501	6.132524
182	6	3.478593	0.494876	2.262218	6.235686
182	7	3.478593	0.539350	2.703510	6.721452
182	8	3.478593	0.575841	3.065597	7.120031
182	9	3.478593	0.582126	3.127955	7.188674
182	10	3.478593	0.495824	2.271626	6.246042
182	11	3.478593	0.427728	1.595948	5.502269
182	12	3.478593	0.583965	3.146211	7.208769
182	13	3.478593	0.625716	3.666407	7.770716
182	14	3.478593	0.538779	2.697844	6.715215
182	15	3.478593	0.658596	3.886736	8.023925
182	16	3.478593	0.554898	2.857785	6.891275
182	17	3.478593	0.658596	3.886736	8.023925
182	18	3.478593	0.502972	2.342549	6.324113
182	19	3.478593	0.521874	2.530107	6.530574
182	20	3.478593	0.550174	2.810919	6.839686
182	21	3.478593	0.665211	3.952374	8.096179
182	22	3.478593	0.610753	3.412007	7.501352
182	23	3.478593	0.495824	2.271626	6.246042
182	24	3.478593	0.538779	2.697844	6.715215
182	25	3.478593	0.652023	3.927436	8.058051
182	26	3.478593	0.610753	3.412007	7.501352
182	27	3.478593	0.548070	2.790035	6.816698
182	28	3.478593	0.650749	3.808872	7.938214
182	29	3.478593	0.622833	3.531877	7.633303
182	30	3.478593	0.490314	2.216950	6.185856
182	31	3.478593	0.592634	3.232221	7.303447
182	32	3.478593	0.552377	3.044630	7.075599
182	33	3.478593	0.548070	2.790035	6.816698
182	34	3.478593	0.509454	2.936505	6.924551
182	35	3.478593	0.491512	2.228838	6.198943
182	36	3.478593	0.604843	3.353365	7.436801
182	37	3.478593	0.575841	3.065597	7.120031
182	38	3.478593	0.670754	4.166262	8.315609
182	39	3.478593	0.528419	2.595049	6.602061
182	40	3.478593	0.588560	3.191800	7.258953
182	41	3.478593	0.658596	3.886736	8.023925
182	42	3.478593	0.622833	3.531877	7.633303
182	43	3.478593	0.523913	2.550338	6.552844
182	44	3.478593	0.662367	3.924152	8.065112
182	45	3.478593	0.515037	2.462268	6.455897
182	46	3.478593	0.476969	2.084539	6.040101
182	47	3.478593	0.701026	4.307749	8.487368
182	48	3.478593	0.535038	2.660731	6.674362
182	49	3.478593	0.679547	4.094618	8.252757
182	50	3.478593	0.570978	3.017339	7.066909
182	51	3.478593	0.533709	2.647543	6.659845
182	52	3.478593	0.662367	3.924152	8.065112
182	53	3.478593	0.563574	2.943873	6.986040
182	54	3.478593	0.622790	3.743307	7.844690
182	55	3.478593	0.586829	3.174622	7.240043
182	56	3.478593	0.490314	2.216950	6.185856
182	57	3.478593	0.616495	3.468989	7.564078
182	58	3.478593	0.563574	2.943873	6.986040
182	59	3.478593	0.658596	3.886736	8.023925
182	60	3.478593	0.545624	2.765767	6.789984
182	61	3.478593	0.551905	2.828087	6.858584
182	62	3.478593	0.537522	2.685372	6.701486
182	63	3.478593	0.533709	2.647543	6.659845
182	64	3.478593	0.625032	3.553697	7.657322
182	65	3.478593	0.515037	2.462268	6.455897
182	66	3.478593	0.582126	3.127955	7.188674
182	67	3.478593	0.566731	2.975204	7.020528
182	68	3.478593	0.554898	2.857785	6.891275
182	69	3.478593	0.558044	2.889003	6.925639
182	70	3.478593	0.572630	3.192622	7.243845
182	71	3.478593	0.546175	2.771239	6.796007
182	72	3.478593	0.494876	2.262218	6.235686
182	73	3.478593	0.588560	3.191800	7.258953
182	74	3.478593	0.607225	3.377009	7.462827
182	75	3.478593	0.575044	3.057692	7.111329
182	76	3.478593	0.528419	2.595049	6.602061
182	77	3.478593	0.570978	3.017339	7.066909
182	78	3.478593	0.575044	3.057692	7.111329
182	79	3.478593	0.548792	2.797204	6.824589
182	80	3.478593	0.502972	2.342549	6.324113
182	81	3.478593	0.586829	3.174622	7.240043
182	82	3.478593	0.550174	2.810919	6.839686
182	83	3.478593	0.616495	3.468989	7.564078
182	84	3.478593	0.515037	2.462268	6.455897
182	85	3.478593	0.558044	2.889003	6.925639
182	86	3.478593	0.546175	2.771239	6.796007
182	87	3.478593	0.545624	2.765767	6.789984
182	88	3.478593	0.523913	2.550338	6.552844
182	89	3.478593	0.665209	4.058282	8.202084
182	90	3.478593	0.449161	1.808618	5.736372
182	91	3.478593	0.652023	3.927436	8.058051
182	92	3.478593	0.665211	3.952374	8.096179
182	93	3.478593	0.604843	3.353365	7.436801
182	94	3.478593	0.619628	3.500075	7.598296
182	95	3.478593	0.427728	1.595948	5.502269
182	96	3.478593	0.575841	3.065597	7.120031
182	97	3.478593	0.609828	3.402828	7.491248
182	98	3.478593	0.485431	2.168501	6.132524
182	99	3.478593	0.510763	2.419863	6.409219
183	0	3.326403	0.664427	3.944586	7.935416
183	1	3.326403	0.517630	2.488000	6.332033
183	2	3.326403	0.656080	3.861765	7.844248
183	3	3.326403	0.436408	1.682073	5.444884
183	4	3.326403	0.604788	3.352823	7.284014
183	5	3.326403	0.517630	2.488000	6.332033
183	6	3.326403	0.605440	3.359294	7.291137
183	7	3.326403	0.526890	2.579876	6.433169
183	8	3.326403	0.517686	2.488557	6.332646
183	9	3.326403	0.573325	3.040627	6.940355
183	10	3.326403	0.603672	3.341750	7.271825
183	11	3.326403	0.604076	3.345761	7.276240
183	12	3.326403	0.612192	3.426291	7.364886
183	13	3.326403	0.710507	4.401816	8.438726
183	14	3.326403	0.528897	3.023504	6.878804
183	15	3.326403	0.530222	2.612945	6.469570
183	16	3.326403	0.612192	3.426291	7.364886
183	17	3.326403	0.526890	2.579876	6.433169
183	18	3.326403	0.610035	3.404885	7.341323
183	19	3.326403	0.528069	2.591577	6.446049
183	20	3.326403	0.594674	3.252464	7.173540
183	21	3.326403	0.685992	4.158565	8.170960
183	22	3.326403	0.652325	3.824511	7.803239
183	23	3.326403	0.654965	3.850702	7.832069
183	24	3.326403	0.603005	3.335128	7.264536
183	25	3.326403	0.573325	3.040627	6.940355
183	26	3.326403	0.531329	2.623926	6.481658
183	27	3.326403	0.603672	3.341750	7.271825
183	28	3.326403	0.599460	3.299956	7.225818
183	29	3.326403	0.555558	2.864339	6.746300
183	30	3.326403	0.599460	3.299956	7.225818
183	31	3.326403	0.673839	4.037986	8.038229
183	32	3.326403	0.612192	3.426291	7.364886
183	33	3.326403	0.565738	2.965345	6.857485
183	34	3.326403	0.567008	2.977956	6.871367
183	35	3.326403	0.685992	4.158565	8.170960
183	36	3.326403	0.549742	2.806631	6.682776
183	37	3.326403	0.509978	2.412074	6.248455
183	38	3.326403	0.567008	2.977956	6.871367
183	39	3.326403	0.617174	3.475718	7.419294
183	40	3.326403	0.652325	3.824511	7.803239
183	41	3.326403	0.528069	2.591577	6.446049
183	42	3.326403	0.517630	2.488000	6.332033
183	43	3.326403	0.514471	2.456650	6.297523
183	44	3.326403	0.570466	3.435975	7.332844
183	45	3.326403	0.542780	2.737544	6.606726
183	46	3.326403	0.673839	4.037986	8.038229
183	47	3.326403	0.612192	3.426291	7.364886
183	48	3.326403	0.714557	4.442003	8.482963
183	49	3.326403	0.664427	3.944586	7.935416
183	50	3.326403	0.542780	2.737544	6.606726
183	51	3.326403	0.514471	2.456650	6.297523
183	52	3.326403	0.645464	3.756427	7.728293
183	53	3.326403	0.455725	2.350419	6.132547
183	54	3.326403	0.617174	3.475718	7.419294
183	55	3.326403	0.565738	2.965345	6.857485
183	56	3.326403	0.526890	2.579876	6.433169
183	57	3.326403	0.592577	3.231658	7.150637
183	58	3.326403	0.528069	2.591577	6.446049
183	59	3.326403	0.555558	2.864339	6.746300
183	60	3.326403	0.542780	2.737544	6.606726
183	61	3.326403	0.573325	3.040627	6.940355
183	62	3.326403	0.614284	3.711868	7.652555
183	63	3.326403	0.604788	3.352823	7.284014
183	64	3.326403	0.542780	2.737544	6.606726
183	65	3.326403	0.517686	2.488557	6.332646
183	66	3.326403	0.710507	4.401816	8.438726
183	67	3.326403	0.603005	3.335128	7.264536
183	68	3.326403	0.612526	3.588497	7.527426
183	69	3.326403	0.502107	2.333970	6.162480
183	70	3.326403	0.502107	2.333970	6.162480
183	71	3.326403	0.574660	3.212772	7.113835
183	72	3.326403	0.555558	2.864339	6.746300
183	73	3.326403	0.535174	3.032820	6.894397
183	74	3.326403	0.652325	3.824511	7.803239
183	75	3.326403	0.563735	2.945478	6.835616
183	76	3.326403	0.502107	2.333970	6.162480
183	77	3.326403	0.645464	3.756427	7.728293
183	78	3.326403	0.550186	2.811034	6.687623
183	79	3.326403	0.590179	3.207865	7.124447
183	80	3.326403	0.710507	4.401816	8.438726
183	81	3.326403	0.752295	4.816457	8.895155
183	82	3.326403	0.596673	3.431190	7.354265
183	83	3.326403	0.589102	3.197177	7.112682
183	84	3.326403	0.512926	2.441321	6.280650
183	85	3.326403	0.526890	2.579876	6.433169
183	86	3.326403	0.526687	2.577870	6.430961
183	87	3.326403	0.710507	4.401816	8.438726
183	88	3.326403	0.514471	2.456650	6.297523
183	89	3.326403	0.521489	3.002966	6.850858
183	90	3.326403	0.652325	3.824511	7.803239
183	91	3.326403	0.733375	4.628731	8.688509
183	92	3.326403	0.535174	3.032820	6.894397
183	93	3.326403	0.590179	3.207865	7.124447
183	94	3.326403	0.594674	3.252464	7.173540
183	95	3.326403	0.529501	2.605790	6.461694
183	96	3.326403	0.652325	3.824511	7.803239
183	97	3.326403	0.610568	3.410176	7.347147
183	98	3.326403	0.645464	3.756427	7.728293
183	99	3.326403	0.656080	3.861765	7.844248
184	0	3.338820	0.566739	2.975281	6.880840
184	1	3.338820	0.566810	2.975989	6.881619
184	2	3.338820	0.592808	3.233947	7.165575
184	3	3.338820	0.569120	2.998906	6.906846
184	4	3.338820	0.496072	2.750760	6.585652
184	5	3.338820	0.572610	3.033540	6.944970
184	6	3.338820	0.585982	3.166220	7.091022
184	7	3.338820	0.652486	4.143890	8.135196
184	8	3.338820	0.599562	3.300970	7.239351
184	9	3.338820	0.535815	2.668434	6.543068
184	10	3.338820	0.532315	2.633704	6.504839
184	11	3.338820	0.526376	2.574778	6.439974
184	12	3.338820	0.602991	3.599811	7.541622
184	13	3.338820	0.432363	1.641938	5.413121
184	14	3.338820	0.730333	4.598539	8.667691
184	15	3.338820	0.546614	2.775590	6.661024
184	16	3.338820	0.624659	3.549990	7.513469
184	17	3.338820	0.540813	2.718033	6.597666
184	18	3.338820	0.546614	2.775590	6.661024
184	19	3.338820	0.432363	1.641938	5.413121
184	20	3.338820	0.582324	3.129926	7.051070
184	21	3.338820	0.535815	2.668434	6.543068
184	22	3.338820	0.566810	2.975989	6.881619
184	23	3.338820	0.571694	3.024452	6.934966
184	24	3.338820	0.546614	2.775590	6.661024
184	25	3.338820	0.600773	3.312986	7.252579
184	26	3.338820	0.666611	3.966259	7.971690
184	27	3.338820	0.683065	4.129524	8.151408
184	28	3.338820	0.677310	4.072424	8.088554
184	29	3.338820	0.566739	2.975281	6.880840
184	30	3.338820	0.454178	1.858395	5.651393
184	31	3.338820	0.526376	2.574778	6.439974
184	32	3.338820	0.557184	2.880469	6.776473
184	33	3.338820	0.640209	3.704288	7.683316
184	34	3.338820	0.683065	4.129524	8.151408
184	35	3.338820	0.580888	3.115671	7.035378
184	36	3.338820	0.685343	4.152128	8.176290
184	37	3.338820	0.492775	2.241369	6.072963
184	38	3.338820	0.664031	3.940664	7.943515
184	39	3.338820	0.742323	4.717509	8.798651
184	40	3.338820	0.513156	2.443603	6.295578
184	41	3.338820	0.542249	2.732280	6.613349
184	42	3.338820	0.542249	2.732280	6.613349
184	43	3.338820	0.486310	2.177227	6.002357
184	44	3.338820	0.546614	2.775590	6.661024
184	45	3.338820	0.570423	3.011840	6.921083
184	46	3.338820	0.526376	2.574778	6.439974
184	47	3.338820	0.566810	2.975989	6.881619
184	48	3.338820	0.631031	3.613216	7.583067
184	49	3.338820	0.582324	3.129926	7.051070
184	50	3.338820	0.585280	3.159253	7.083353
184	51	3.338820	0.572610	3.033540	6.944970
184	52	3.338820	0.600673	3.629770	7.569263
184	53	3.338820	0.506699	2.379532	6.225050
184	54	3.338820	0.672894	4.028607	8.040321
184	55	3.338820	0.563919	2.947299	6.850037
184	56	3.338820	0.614246	3.446668	7.399733
184	57	3.338820	0.566525	3.185017	7.090362
184	58	3.338820	0.595506	3.260726	7.195052
184	59	3.338820	0.592808	3.233947	7.165575
184	60	3.338820	0.510195	2.414219	6.263234
184	61	3.338820	0.568682	2.994561	6.902063
184	62	3.338820	0.532315	2.633704	6.504839
184	63	3.338820	0.631031	3.613216	7.583067
184	64	3.338820	0.566739	2.975281	6.880840
184	65	3.338820	0.586502	3.383230	7.308552
184	66	3.338820	0.600773	3.312986	7.252579
184	67	3.338820	0.659873	3.952368	7.951061
184	68	3.338820	0.492775	2.241369	6.072963
184	69	3.338820	0.454178	1.858395	5.651393
184	70	3.338820	0.582324	3.129926	7.051070
184	71	3.338820	0.595506	3.260726	7.195052
184	72	3.338820	0.563919	2.947299	6.850037
184	73	3.338820	0.432363	1.641938	5.413121
184	74	3.338820	0.640209	3.704288	7.683316
184	75	3.338820	0.640209	3.704288	7.683316
184	76	3.338820	0.563919	2.947299	6.850037
184	77	3.338820	0.512352	2.435627	6.286799
184	78	3.338820	0.537174	2.681919	6.557912
184	79	3.338820	0.510195	2.414219	6.263234
184	80	3.338820	0.677310	4.072424	8.088554
184	81	3.338820	0.513156	2.443603	6.295578
184	82	3.338820	0.664031	3.940664	7.943515
184	83	3.338820	0.651438	3.868669	7.858926
184	84	3.338820	0.633996	3.642635	7.615451
184	85	3.338820	0.554022	2.849100	6.741942
184	86	3.338820	0.540395	3.190561	7.069776
184	87	3.338820	0.748125	4.775086	8.862031
184	88	3.338820	0.607848	3.383185	7.329853
184	89	3.338820	0.486310	2.177227	6.002357
184	90	3.338820	0.554022	2.849100	6.741942
184	91	3.338820	0.511497	2.427138	6.277454
184	92	3.338820	0.431926	2.273161	6.043906
184	93	3.338820	0.563919	2.947299	6.850037
184	94	3.338820	0.575116	3.058400	6.972335
184	95	3.338820	0.677310	4.072424	8.088554
184	96	3.338820	0.592175	3.227668	7.158662
184	97	3.338820	0.554022	2.849100	6.741942
184	98	3.338820	0.636277	3.665272	7.640369
184	99	3.338820	0.659484	3.895541	7.893845
185	0	3.334056	0.572320	3.030659	6.937035
185	1	3.334056	0.481931	2.822301	6.638288
185	2	3.334056	0.635082	3.653419	7.622557
185	3	3.334056	0.668337	3.983386	7.985779
185	4	3.334056	0.638443	3.898616	7.871114
185	5	3.334056	0.543407	2.743769	6.621231
185	6	3.334056	0.621395	3.517604	7.473054
185	7	3.334056	0.566169	2.969628	6.869853
185	8	3.334056	0.554492	3.012654	6.901202
185	9	3.334056	0.599552	3.300873	7.234481
185	10	3.334056	0.597111	3.276652	7.207819
185	11	3.334056	0.594038	3.246157	7.174251
185	12	3.334056	0.581329	3.120056	7.035441
185	13	3.334056	0.502607	2.338932	6.175595
185	14	3.334056	0.666183	4.014976	8.015214
185	15	3.334056	0.660203	3.902674	7.896932
185	16	3.334056	0.693335	4.231431	8.258822
185	17	3.334056	0.654648	3.900522	7.889226
185	18	3.334056	0.595921	3.264840	7.194817
185	19	3.334056	0.590073	3.206808	7.130936
185	20	3.334056	0.495340	2.690530	6.519925
185	21	3.334056	0.587049	3.176809	7.097914
185	22	3.334056	0.660303	3.903674	7.898033
185	23	3.334056	0.543407	2.743769	6.621231
185	24	3.334056	0.503139	2.344207	6.181402
185	25	3.334056	0.650211	3.803536	7.787803
185	26	3.334056	0.594038	3.246157	7.174251
185	27	3.334056	0.518199	2.493638	6.345893
185	28	3.334056	0.730637	4.601562	8.666255
185	29	3.334056	0.530389	2.614602	6.479047
185	30	3.334056	0.565141	2.959430	6.858627
185	31	3.334056	0.590073	3.206808	7.130936
185	32	3.334056	0.565141	2.959430	6.858627
185	33	3.334056	0.565141	2.959430	6.858627
185	34	3.334056	0.650211	3.803536	7.787803
185	35	3.334056	0.565141	2.959430	6.858627
185	36	3.334056	0.566169	2.969628	6.869853
185	37	3.334056	0.521827	2.529645	6.385528
185	38	3.334056	0.529049	2.601299	6.464403
185	39	3.334056	0.635082	3.653419	7.622557
185	40	3.334056	0.572320	3.030659	6.937035
185	41	3.334056	0.552201	2.831023	6.717280
185	42	3.334056	0.664431	3.944632	7.943119
185	43	3.334056	0.498509	2.298267	6.130832
185	44	3.334056	0.537959	2.689708	6.561722
185	45	3.334056	0.498509	2.298267	6.130832
185	46	3.334056	0.693335	4.231431	8.258822
185	47	3.334056	0.503139	2.344207	6.181402
185	48	3.334056	0.546276	2.772241	6.652574
185	49	3.334056	0.664431	3.944632	7.943119
185	50	3.334056	0.590073	3.206808	7.130936
185	51	3.334056	0.498509	2.298267	6.130832
185	52	3.334056	0.527497	2.585904	6.447457
185	53	3.334056	0.523890	2.550116	6.408062
185	54	3.334056	0.518199	2.493638	6.345893
185	55	3.334056	0.707002	4.367040	8.408098
185	56	3.334056	0.557930	2.887870	6.779855
185	57	3.334056	0.630072	3.603702	7.567830
185	58	3.334056	0.552201	2.831023	6.717280
185	59	3.334056	0.568843	2.996159	6.899058
185	60	3.334056	0.473919	2.054278	5.862253
185	61	3.334056	0.650211	3.803536	7.787803
185	62	3.334056	0.650211	3.803536	7.787803
185	63	3.334056	0.724277	4.538453	8.596785
185	64	3.334056	0.565141	2.959430	6.858627
185	65	3.334056	0.558364	2.892186	6.784606
185	66	3.334056	0.551371	3.193540	7.078966
185	67	3.334056	0.646271	3.764435	7.744761
185	68	3.334056	0.562064	2.928896	6.825016
185	69	3.334056	0.670579	4.005629	8.010263
185	70	3.334056	0.646271	3.764435	7.744761
185	71	3.334056	0.518199	2.493638	6.345893
185	72	3.334056	0.668337	3.983386	7.985779
185	73	3.334056	0.543407	2.743769	6.621231
185	74	3.334056	0.493299	2.246575	6.073930
185	75	3.334056	0.493299	2.246575	6.073930
185	76	3.334056	0.621585	3.519488	7.475128
185	77	3.334056	0.473919	2.054278	5.862253
185	78	3.334056	0.693335	4.231431	8.258822
185	79	3.334056	0.550861	3.135511	7.020427
185	80	3.334056	0.635082	3.653419	7.622557
185	81	3.334056	0.565141	2.959430	6.858627
185	82	3.334056	0.527497	2.585904	6.447457
185	83	3.334056	0.572320	3.030659	6.937035
185	84	3.334056	0.730637	4.601562	8.666255
185	85	3.334056	0.502607	2.338932	6.175595
185	86	3.334056	0.473919	2.054278	5.862253
185	87	3.334056	0.695131	4.249248	8.278435
185	88	3.334056	0.500011	2.313177	6.147245
185	89	3.334056	0.523890	2.550116	6.408062
185	90	3.334056	0.530389	2.614602	6.479047
185	91	3.334056	0.683632	4.188113	8.205800
185	92	3.334056	0.568843	2.996159	6.899058
185	93	3.334056	0.537959	2.689708	6.561722
185	94	3.334056	0.487381	2.770454	6.591890
185	95	3.334056	0.600404	3.309323	7.243782
185	96	3.334056	0.660203	3.902674	7.896932
185	97	3.334056	0.647497	3.776604	7.758157
185	98	3.334056	0.552201	2.831023	6.717280
185	99	3.334056	0.646271	3.764435	7.744761
186	0	3.329419	0.704848	4.345665	8.379932
186	1	3.329419	0.501329	2.326255	6.157003
186	2	3.329419	0.625955	3.562856	7.518230
186	3	3.329419	0.663476	3.935158	7.928053
186	4	3.329419	0.483704	2.151370	5.964493
186	5	3.329419	0.603344	3.338494	7.271257
186	6	3.329419	0.571486	3.022385	6.923290
186	7	3.329419	0.556001	2.868737	6.754157
186	8	3.329419	0.543347	2.743177	6.615943
186	9	3.329419	0.488515	2.199107	6.017041
186	10	3.329419	0.553350	2.842427	6.725195
186	11	3.329419	0.628170	3.849654	7.807243
186	12	3.329419	0.548295	2.792276	6.669990
186	13	3.329419	0.676474	4.064128	8.070021
186	14	3.329419	0.650213	3.909478	7.889110
186	15	3.329419	0.650213	3.909478	7.889110
186	16	3.329419	0.483218	2.146543	5.959179
186	17	3.329419	0.584446	3.150979	7.064844
186	18	3.329419	0.503725	2.350024	6.183168
186	19	3.329419	0.552650	2.835480	6.717548
186	20	3.329419	0.525179	2.562899	6.417497
186	21	3.329419	0.574987	3.057122	6.961528
186	22	3.329419	0.483704	2.151370	5.964493
186	23	3.329419	0.503725	2.350024	6.183168
186	24	3.329419	0.540585	3.086514	6.956518
186	25	3.329419	0.516044	2.472263	6.317726
186	26	3.329419	0.602950	3.334585	7.266954
186	27	3.329419	0.593269	3.238525	7.161213
186	28	3.329419	0.553350	2.842427	6.725195
186	29	3.329419	0.428423	1.602846	5.360688
186	30	3.329419	0.541482	2.724673	6.595574
186	31	3.329419	0.676474	4.064128	8.070021
186	32	3.329419	0.612615	3.430484	7.372518
186	33	3.329419	0.479032	2.105010	5.913461
186	34	3.329419	0.676474	4.064128	8.070021
186	35	3.329419	0.610553	3.727805	7.667777
186	36	3.329419	0.615449	3.458602	7.403470
186	37	3.329419	0.529795	2.608707	6.467921
186	38	3.329419	0.493752	2.251066	6.074237
186	39	3.329419	0.483704	2.151370	5.964493
186	40	3.329419	0.569593	3.003603	6.902616
186	41	3.329419	0.494220	2.255711	6.079350
186	42	3.329419	0.543347	2.743177	6.615943
186	43	3.329419	0.670676	4.006596	8.006691
186	44	3.329419	0.494220	2.255711	6.079350
186	45	3.329419	0.747822	4.772077	8.849318
186	46	3.329419	0.552614	2.835128	6.717162
186	47	3.329419	0.584446	3.150979	7.064844
186	48	3.329419	0.605093	3.514740	7.449252
186	49	3.329419	0.586172	3.168106	7.083697
186	50	3.329419	0.676976	4.069108	8.075503
186	51	3.329419	0.664353	3.943852	7.937623
186	52	3.329419	0.516044	2.472263	6.317726
186	53	3.329419	0.635619	3.658739	7.623776
186	54	3.329419	0.663476	3.935158	7.928053
186	55	3.329419	0.598206	3.287517	7.215142
186	56	3.329419	0.583454	3.141135	7.054008
186	57	3.329419	0.598206	3.287517	7.215142
186	58	3.329419	0.483704	2.151370	5.964493
186	59	3.329419	0.666230	3.962476	7.958125
186	60	3.329419	0.487047	2.184534	6.001000
186	61	3.329419	0.635619	3.658739	7.623776
186	62	3.329419	0.586172	3.168106	7.083697
186	63	3.329419	0.541482	2.724673	6.595574
186	64	3.329419	0.513353	2.445562	6.288335
186	65	3.329419	0.568555	2.993305	6.891279
186	66	3.329419	0.559909	2.907514	6.796842
186	67	3.329419	0.552650	2.835480	6.717548
186	68	3.329419	0.483218	2.146543	5.959179
186	69	3.329419	0.537660	2.686745	6.553824
186	70	3.329419	0.561325	2.921559	6.812303
186	71	3.329419	0.686902	4.167596	8.183917
186	72	3.329419	0.635619	3.658739	7.623776
186	73	3.329419	0.568555	2.993305	6.891279
186	74	3.329419	0.635619	3.658739	7.623776
186	75	3.329419	0.537660	2.686745	6.553824
186	76	3.329419	0.564076	2.948853	6.842348
186	77	3.329419	0.575412	3.061344	6.966176
186	78	3.329419	0.572654	3.033977	6.936051
186	79	3.329419	0.578840	3.095355	7.003614
186	80	3.329419	0.635619	3.658739	7.623776
186	81	3.329419	0.575140	3.058638	6.963197
186	82	3.329419	0.603344	3.338494	7.271257
186	83	3.329419	0.516044	2.472263	6.317726
186	84	3.329419	0.552650	2.835480	6.717548
186	85	3.329419	0.664353	3.943852	7.937623
186	86	3.329419	0.682611	4.125022	8.137052
186	87	3.329419	0.523919	2.550403	6.403741
186	88	3.329419	0.615449	3.458602	7.403470
186	89	3.329419	0.488515	2.199107	6.017041
186	90	3.329419	0.697734	4.328040	8.355192
186	91	3.329419	0.569593	3.003603	6.902616
186	92	3.329419	0.583454	3.141135	7.054008
186	93	3.329419	0.568555	2.993305	6.891279
186	94	3.329419	0.560822	3.234351	7.124592
186	95	3.329419	0.501329	2.326255	6.157003
186	96	3.329419	0.650558	3.806972	7.786948
186	97	3.329419	0.615034	3.454491	7.398944
186	98	3.329419	0.556001	2.868737	6.754157
186	99	3.329419	0.541482	2.724673	6.595574
187	0	3.444229	0.654898	4.008935	8.108062
187	1	3.444229	0.527545	2.586378	6.558152
187	2	3.444229	0.505318	2.365833	6.315379
187	3	3.444229	0.569904	3.006682	7.020814
187	4	3.444229	0.554789	2.856705	6.855722
187	5	3.444229	0.662957	3.930004	8.037189
187	6	3.444229	0.554062	2.849498	6.847789
187	7	3.444229	0.648030	3.781890	7.874149
187	8	3.444229	0.572149	3.028962	7.045339
187	9	3.444229	0.509784	2.410144	6.364156
187	10	3.444229	0.603255	3.337607	7.385090
187	11	3.444229	0.559401	2.902471	6.906101
187	12	3.444229	0.511388	2.426057	6.381673
187	13	3.444229	0.711992	4.416552	8.572772
187	14	3.444229	0.556447	3.190940	7.191616
187	15	3.444229	0.608362	3.388289	7.440880
187	16	3.444229	0.600653	3.311797	7.356679
187	17	3.444229	0.540693	2.716841	6.701762
187	18	3.444229	0.682444	4.123363	8.250036
187	19	3.444229	0.638993	3.692219	7.775441
187	20	3.444229	0.586571	3.172065	7.202865
187	21	3.444229	0.543960	2.749254	6.737443
187	22	3.444229	0.542004	2.729853	6.716086
187	23	3.444229	0.596508	3.270664	7.311401
187	24	3.444229	0.648030	3.781890	7.874149
187	25	3.444229	0.548519	2.794491	6.787238
187	26	3.444229	0.578498	3.091962	7.114689
187	27	3.444229	0.597744	3.282929	7.324902
187	28	3.444229	0.540693	2.716841	6.701762
187	29	3.444229	0.535239	2.662726	6.642194
187	30	3.444229	0.508606	2.398456	6.351291
187	31	3.444229	0.569904	3.006682	7.020814
187	32	3.444229	0.548497	2.794280	6.787006
187	33	3.444229	0.596508	3.270664	7.311401
187	34	3.444229	0.540693	2.716841	6.701762
187	35	3.444229	0.546289	2.772363	6.762880
187	36	3.444229	0.508606	2.398456	6.351291
187	37	3.444229	0.523862	2.549832	6.517923
187	38	3.444229	0.540693	2.716841	6.701762
187	39	3.444229	0.494987	2.263322	6.202538
187	40	3.444229	0.543960	2.749254	6.737443
187	41	3.444229	0.654898	4.008935	8.108062
187	42	3.444229	0.578583	3.092805	7.115616
187	43	3.444229	0.548497	2.794280	6.787006
187	44	3.444229	0.572149	3.028962	7.045339
187	45	3.444229	0.550641	2.815549	6.810419
187	46	3.444229	0.546289	2.772363	6.762880
187	47	3.444229	0.632874	3.631507	7.708610
187	48	3.444229	0.633942	3.642101	7.720271
187	49	3.444229	0.650172	3.803145	7.897545
187	50	3.444229	0.569904	3.006682	7.020814
187	51	3.444229	0.600653	3.311797	7.356679
187	52	3.444229	0.683958	4.244316	8.372503
187	53	3.444229	0.586571	3.172065	7.202865
187	54	3.444229	0.586296	3.169336	7.199860
187	55	3.444229	0.589474	3.200866	7.234568
187	56	3.444229	0.508706	2.399450	6.352385
187	57	3.444229	0.607016	3.692712	7.743956
187	58	3.444229	0.594966	3.255369	7.294564
187	59	3.444229	0.505318	2.365833	6.315379
187	60	3.444229	0.608362	3.388289	7.440880
187	61	3.444229	0.542004	2.729853	6.716086
187	62	3.444229	0.760793	4.953742	9.158763
187	63	3.444229	0.563298	2.941134	6.948660
187	64	3.444229	0.480487	2.649080	6.573795
187	65	3.444229	0.586296	3.169336	7.199860
187	66	3.444229	0.603255	3.337607	7.385090
187	67	3.444229	0.509784	2.410144	6.364156
187	68	3.444229	0.548497	2.794280	6.787006
187	69	3.444229	0.517047	2.482217	6.443493
187	70	3.444229	0.508706	2.399450	6.352385
187	71	3.444229	0.641474	3.716840	7.802542
187	72	3.444229	0.508706	2.399450	6.352385
187	73	3.444229	0.710776	4.404489	8.559494
187	74	3.444229	0.603255	3.337607	7.385090
187	75	3.444229	0.675688	4.056323	8.176240
187	76	3.444229	0.563298	2.941134	6.948660
187	77	3.444229	0.580544	3.112260	7.137033
187	78	3.444229	0.508706	2.399450	6.352385
187	79	3.444229	0.692612	4.383145	8.519985
187	80	3.444229	0.572149	3.028962	7.045339
187	81	3.444229	0.600138	3.306681	7.351047
187	82	3.444229	0.508606	2.398456	6.351291
187	83	3.444229	0.596508	3.270664	7.311401
187	84	3.444229	0.715054	4.446942	8.606225
187	85	3.444229	0.576390	3.071043	7.091662
187	86	3.444229	0.586571	3.172065	7.202865
187	87	3.444229	0.639849	3.700720	7.784799
187	88	3.444229	0.632874	3.631507	7.708610
187	89	3.444229	0.659437	3.895077	7.998742
187	90	3.444229	0.589474	3.200866	7.234568
187	91	3.444229	0.548519	2.794491	6.787238
187	92	3.444229	0.594966	3.255369	7.294564
187	93	3.444229	0.641474	3.716840	7.802542
187	94	3.444229	0.554062	2.849498	6.847789
187	95	3.444229	0.618412	3.752822	7.815463
187	96	3.444229	0.566053	2.968471	6.978752
187	97	3.444229	0.624168	3.651053	7.719450
187	98	3.444229	0.595474	3.260407	7.300110
187	99	3.444229	0.542004	2.729853	6.716086
188	0	3.303874	0.625978	3.563079	7.492931
188	1	3.303874	0.536329	2.938352	6.778555
188	2	3.303874	0.561389	2.922196	6.787460
188	3	3.303874	0.570986	3.017427	6.892288
188	4	3.303874	0.566659	2.974488	6.845022
188	5	3.303874	0.675528	4.054743	8.034146
188	6	3.303874	0.651883	3.820120	7.775877
188	7	3.303874	0.651418	3.815510	7.770802
188	8	3.303874	0.738747	4.682033	8.724655
188	9	3.303874	0.506392	2.376486	6.186752
188	10	3.303874	0.675528	4.054743	8.034146
188	11	3.303874	0.596010	3.265719	7.165602
188	12	3.303874	0.649455	3.796029	7.749358
188	13	3.303874	0.488390	2.197861	5.990125
188	14	3.303874	0.706845	4.365486	8.376206
188	15	3.303874	0.599175	3.297129	7.200178
188	16	3.303874	0.550200	2.811176	6.665250
188	17	3.303874	0.657171	3.872591	7.833636
188	18	3.303874	0.634780	3.809307	7.747961
188	19	3.303874	0.634533	3.647966	7.586373
188	20	3.303874	0.589775	3.203854	7.097503
188	21	3.303874	0.517923	2.490906	6.312703
188	22	3.303874	0.586822	3.174554	7.065250
188	23	3.303874	0.579307	3.099991	6.983172
188	24	3.303874	0.635242	3.655006	7.594123
188	25	3.303874	0.635746	3.765931	7.705551
188	26	3.303874	0.429634	1.614857	5.348365
188	27	3.303874	0.522588	2.537194	6.363656
188	28	3.303874	0.561633	2.924614	6.790121
188	29	3.303874	0.529053	2.601345	6.434272
188	30	3.303874	0.593339	3.451076	7.348289
188	31	3.303874	0.547060	2.780021	6.630956
188	32	3.303874	0.522588	2.537194	6.363656
188	33	3.303874	0.738747	4.682033	8.724655
188	34	3.303874	0.505723	2.369854	6.179452
188	35	3.303874	0.580356	3.110397	6.994627
188	36	3.303874	0.522588	2.537194	6.363656
188	37	3.303874	0.670197	4.001841	7.975912
188	38	3.303874	0.719922	4.548199	8.571995
188	39	3.303874	0.498181	2.295016	6.097071
188	40	3.303874	0.488390	2.197861	5.990125
188	41	3.303874	0.683985	4.138651	8.126510
188	42	3.303874	0.505723	2.369854	6.179452
188	43	3.303874	0.540248	2.712423	6.556545
188	44	3.303874	0.651418	3.815510	7.770802
188	45	3.303874	0.429634	1.614857	5.348365
188	46	3.303874	0.642239	3.724428	7.670541
188	47	3.303874	0.493807	2.251616	6.049298
188	48	3.303874	0.598530	3.343687	7.246090
188	49	3.303874	0.729201	4.587308	8.620383
188	50	3.303874	0.595102	3.256709	7.155684
188	51	3.303874	0.599175	3.297129	7.200178
188	52	3.303874	0.517314	2.961532	6.782720
188	53	3.303874	0.635746	3.765931	7.705551
188	54	3.303874	0.625666	3.559986	7.489527
188	55	3.303874	0.607249	3.536137	7.447261
188	56	3.303874	0.573322	3.040598	6.917794
188	57	3.303874	0.696345	4.261300	8.261520
188	58	3.303874	0.547119	2.780599	6.631592
188	59	3.303874	0.505173	2.364393	6.173440
188	60	3.303874	0.566659	2.974488	6.845022
188	61	3.303874	0.578230	3.089302	6.971407
188	62	3.303874	0.566693	2.974822	6.845389
188	63	3.303874	0.635746	3.765931	7.705551
188	64	3.303874	0.547119	2.780599	6.631592
188	65	3.303874	0.505173	2.364393	6.173440
188	66	3.303874	0.529053	2.601345	6.434272
188	67	3.303874	0.599175	3.297129	7.200178
188	68	3.303874	0.625666	3.559986	7.489527
188	69	3.303874	0.672323	4.022943	7.999141
188	70	3.303874	0.596010	3.265719	7.165602
188	71	3.303874	0.626159	3.564879	7.494913
188	72	3.303874	0.531139	2.622038	6.457051
188	73	3.303874	0.429634	1.614857	5.348365
188	74	3.303874	0.547119	2.780599	6.631592
188	75	3.303874	0.621010	3.513785	7.438669
188	76	3.303874	0.550391	2.813069	6.667335
188	77	3.303874	0.589775	3.203854	7.097503
188	78	3.303874	0.550200	2.811176	6.665250
188	79	3.303874	0.587108	3.177390	7.068372
188	80	3.303874	0.616694	3.470958	7.391526
188	81	3.303874	0.547119	2.780599	6.631592
188	82	3.303874	0.550391	2.813069	6.667335
188	83	3.303874	0.429634	1.614857	5.348365
188	84	3.303874	0.642239	3.724428	7.670541
188	85	3.303874	0.534009	2.650514	6.488397
188	86	3.303874	0.561350	2.921809	6.787034
188	87	3.303874	0.493807	2.251616	6.049298
188	88	3.303874	0.662252	3.923010	7.889137
188	89	3.303874	0.662252	3.923010	7.889137
188	90	3.303874	0.575963	3.066807	6.946644
188	91	3.303874	0.617357	3.477544	7.398775
188	92	3.303874	0.586822	3.174554	7.065250
188	93	3.303874	0.451967	1.836455	5.592296
188	94	3.303874	0.577973	3.086748	6.968595
188	95	3.303874	0.657171	3.872591	7.833636
188	96	3.303874	0.429634	1.614857	5.348365
188	97	3.303874	0.672323	4.022943	7.999141
188	98	3.303874	0.561389	2.922196	6.787460
188	99	3.303874	0.561350	2.921809	6.787034
189	0	3.266529	0.587461	3.339784	7.193773
189	1	3.266529	0.635164	3.654231	7.555924
189	2	3.266529	0.543736	2.747037	6.557302
189	3	3.266529	0.550029	2.809478	6.626036
189	4	3.266529	0.539570	2.705700	6.511799
189	5	3.266529	0.629096	3.594018	7.489643
189	6	3.266529	0.631866	3.621503	7.519898
189	7	3.266529	0.524857	3.089347	6.880733
189	8	3.266529	0.561277	2.921082	6.748888
189	9	3.266529	0.519959	2.511112	6.297600
189	10	3.266529	0.560132	2.909726	6.736388
189	11	3.266529	0.637585	3.678256	7.582370
189	12	3.266529	0.575490	3.062118	6.904138
189	13	3.266529	0.673717	4.036773	7.977019
189	14	3.266529	0.512278	2.434890	6.213697
189	15	3.266529	0.624327	3.546699	7.437555
189	16	3.266529	0.554958	2.858384	6.679871
189	17	3.266529	0.671169	4.011487	7.949185
189	18	3.266529	0.692577	4.223913	8.183019
189	19	3.266529	0.625028	3.553653	7.445210
189	20	3.266529	0.605805	3.362911	7.235244
189	21	3.266529	0.587764	3.183904	7.038197
189	22	3.266529	0.560260	3.334699	7.161488
189	23	3.266529	0.456001	1.876481	5.599010
189	24	3.266529	0.558471	2.893243	6.718243
189	25	3.266529	0.516731	2.479074	6.262334
189	26	3.266529	0.632421	3.627010	7.525960
189	27	3.266529	0.624327	3.546699	7.437555
189	28	3.266529	0.581411	3.120865	6.968805
189	29	3.266529	0.743412	4.728319	8.738260
189	30	3.266529	0.556746	2.876122	6.699396
189	31	3.266529	0.561277	2.921082	6.748888
189	32	3.266529	0.688456	4.341908	8.296893
189	33	3.266529	0.637585	3.678256	7.582370
189	34	3.266529	0.678681	4.086026	8.031236
189	35	3.266529	0.625028	3.553653	7.445210
189	36	3.266529	0.618931	3.493156	7.378616
189	37	3.266529	0.491549	2.229212	5.987290
189	38	3.266529	0.685426	4.152955	8.104911
189	39	3.266529	0.519700	2.508537	6.294765
189	40	3.266529	0.625028	3.553653	7.445210
189	41	3.266529	0.658029	3.881108	7.805666
189	42	3.266529	0.603425	3.339296	7.209249
189	43	3.266529	0.576590	3.443776	7.286895
189	44	3.266529	0.613814	3.442381	7.322723
189	45	3.266529	0.637585	3.678256	7.582370
189	46	3.266529	0.617282	3.476792	7.360603
189	47	3.266529	0.519959	2.511112	6.297600
189	48	3.266529	0.586513	3.171494	7.024536
189	49	3.266529	0.512278	2.434890	6.213697
189	50	3.266529	0.665313	3.953386	7.885228
189	51	3.266529	0.585652	3.162951	7.015132
189	52	3.266529	0.637585	3.678256	7.582370
189	53	3.266529	0.493669	2.250249	6.010448
189	54	3.266529	0.519959	2.511112	6.297600
189	55	3.266529	0.671840	4.018150	7.956519
189	56	3.266529	0.595969	3.265312	7.127810
189	57	3.266529	0.550029	2.809478	6.626036
189	58	3.266529	0.647037	3.930932	7.844498
189	59	3.266529	0.678681	4.086026	8.031236
189	60	3.266529	0.671840	4.018150	7.956519
189	61	3.266529	0.560132	2.909726	6.736388
189	62	3.266529	0.649893	3.800380	7.716802
189	63	3.266529	0.573225	3.039637	6.879390
189	64	3.266529	0.516731	2.479074	6.262334
189	65	3.266529	0.560260	3.334699	7.161488
189	66	3.266529	0.585652	3.162951	7.015132
189	67	3.266529	0.539570	2.705700	6.511799
189	68	3.266529	0.512278	2.434890	6.213697
189	69	3.266529	0.605805	3.362911	7.235244
189	70	3.266529	0.692419	4.222338	8.181286
189	71	3.266529	0.493669	2.250249	6.010448
189	72	3.266529	0.581411	3.120865	6.968805
189	73	3.266529	0.595969	3.265312	7.127810
189	74	3.266529	0.585652	3.162951	7.015132
189	75	3.266529	0.554958	2.858384	6.679871
189	76	3.266529	0.493669	2.250249	6.010448
189	77	3.266529	0.629096	3.594018	7.489643
189	78	3.266529	0.525656	2.567632	6.359816
189	79	3.266529	0.688682	4.185264	8.140475
189	80	3.266529	0.545406	2.816568	6.628503
189	81	3.266529	0.671169	4.011487	7.949185
189	82	3.266529	0.573225	3.039637	6.879390
189	83	3.266529	0.743412	4.728319	8.738260
189	84	3.266529	0.673717	4.036773	7.977019
189	85	3.266529	0.546544	3.039718	6.852792
189	86	3.266529	0.529273	2.974273	6.770076
189	87	3.266529	0.556746	2.876122	6.699396
189	88	3.266529	0.678681	4.086026	8.031236
189	89	3.266529	0.595969	3.265312	7.127810
189	90	3.266529	0.688682	4.185264	8.140475
189	91	3.266529	0.525656	2.567632	6.359816
189	92	3.266529	0.585652	3.162951	7.015132
189	93	3.266529	0.688682	4.185264	8.140475
189	94	3.266529	0.556746	2.876122	6.699396
189	95	3.266529	0.649818	3.799634	7.715981
189	96	3.266529	0.581411	3.120865	6.968805
189	97	3.266529	0.456001	1.876481	5.599010
189	98	3.266529	0.692419	4.222338	8.181286
189	99	3.266529	0.592738	3.233259	7.092526
190	0	3.265651	0.560952	2.917861	6.744464
190	1	3.265651	0.614401	3.448208	7.328260
190	2	3.265651	0.606733	3.372122	7.244506
190	3	3.265651	0.696609	4.263918	8.226177
190	4	3.265651	0.587473	3.181013	7.034136
190	5	3.265651	0.584657	3.523819	7.374126
190	6	3.265651	0.598048	3.285946	7.149644
190	7	3.265651	0.616120	3.465267	7.347038
190	8	3.265651	0.555685	2.865598	6.686933
190	9	3.265651	0.526457	2.575586	6.367694
190	10	3.265651	0.633261	3.635345	7.534256
190	11	3.265651	0.593776	3.243553	7.102980
190	12	3.265651	0.485313	2.167332	5.918295
190	13	3.265651	0.607747	3.382180	7.255577
190	14	3.265651	0.628301	3.586134	7.480086
190	15	3.265651	0.525213	2.563236	6.354099
190	16	3.265651	0.654597	3.847054	7.767302
190	17	3.265651	0.580389	3.110722	6.956762
190	18	3.265651	0.635030	3.652899	7.553580
190	19	3.265651	0.485313	2.167332	5.918295
190	20	3.265651	0.516098	2.472801	6.254550
190	21	3.265651	0.525213	2.563236	6.354099
190	22	3.265651	0.673107	4.030716	7.969474
190	23	3.265651	0.565094	2.958955	6.789699
190	24	3.265651	0.728314	4.578511	8.572476
190	25	3.265651	0.638332	3.685667	7.589650
190	26	3.265651	0.654597	3.847054	7.767302
190	27	3.265651	0.533948	2.649916	6.449514
190	28	3.265651	0.632830	3.631073	7.529554
190	29	3.265651	0.637153	3.673965	7.576768
190	30	3.265651	0.525213	2.563236	6.354099
190	31	3.265651	0.550257	2.811740	6.627647
190	32	3.265651	0.501359	2.326549	6.093559
190	33	3.265651	0.708036	4.377303	8.350990
190	34	3.265651	0.501359	2.326549	6.093559
190	35	3.265651	0.673107	4.030716	7.969474
190	36	3.265651	0.638332	3.685667	7.589650
190	37	3.265651	0.603947	3.344482	7.214079
190	38	3.265651	0.587311	3.179405	7.032366
190	39	3.265651	0.673107	4.030716	7.969474
190	40	3.265651	0.603947	3.344482	7.214079
190	41	3.265651	0.491386	2.227588	5.984624
190	42	3.265651	0.574187	3.049183	6.889020
190	43	3.265651	0.555685	2.865598	6.686933
190	44	3.265651	0.663070	3.931124	7.859845
190	45	3.265651	0.628301	3.586134	7.480086
190	46	3.265651	0.644553	3.747396	7.657600
190	47	3.265651	0.643528	3.737219	7.646397
190	48	3.265651	0.565094	2.958955	6.789699
190	49	3.265651	0.516061	2.472432	6.254144
190	50	3.265651	0.673107	4.030716	7.969474
190	51	3.265651	0.614861	3.452771	7.333283
190	52	3.265651	0.728314	4.578511	8.572476
190	53	3.265651	0.632830	3.631073	7.529554
190	54	3.265651	0.508640	2.398796	6.173087
190	55	3.265651	0.560952	2.917861	6.744464
190	56	3.265651	0.525213	2.563236	6.354099
190	57	3.265651	0.641855	3.826545	7.734051
190	58	3.265651	0.431715	1.635504	5.332869
190	59	3.265651	0.599783	3.409089	7.274523
190	60	3.265651	0.636553	3.668008	7.570212
190	61	3.265651	0.431715	1.635504	5.332869
190	62	3.265651	0.454863	1.865189	5.585702
190	63	3.265651	0.583320	3.139807	6.988778
190	64	3.265651	0.665734	4.222382	8.153767
190	65	3.265651	0.492226	2.235927	5.993803
190	66	3.265651	0.490290	2.216720	5.972661
190	67	3.265651	0.516098	2.472801	6.254550
190	68	3.265651	0.533948	2.649916	6.449514
190	69	3.265651	0.586147	3.167862	7.019660
190	70	3.265651	0.635537	3.657930	7.559118
190	71	3.265651	0.644079	3.742692	7.652422
190	72	3.265651	0.516061	2.472432	6.254144
190	73	3.265651	0.728314	4.578511	8.572476
190	74	3.265651	0.624269	3.546120	7.436040
190	75	3.265651	0.587346	3.338645	7.191642
190	76	3.265651	0.500726	2.320272	6.086649
190	77	3.265651	0.491386	2.227588	5.984624
190	78	3.265651	0.570406	3.382412	7.218468
190	79	3.265651	0.516098	2.472801	6.254550
190	80	3.265651	0.628301	3.586134	7.480086
190	81	3.265651	0.614861	3.452771	7.333283
190	82	3.265651	0.579899	3.105859	6.951409
190	83	3.265651	0.508640	2.398796	6.173087
190	84	3.265651	0.529749	2.608251	6.403651
190	85	3.265651	0.526457	2.575586	6.367694
190	86	3.265651	0.539248	3.073244	6.878142
190	87	3.265651	0.492226	2.235927	5.993803
190	88	3.265651	0.492226	2.235927	5.993803
190	89	3.265651	0.526457	2.575586	6.367694
190	90	3.265651	0.635030	3.652899	7.553580
190	91	3.265651	0.749119	4.784945	8.799715
190	92	3.265651	0.490290	2.216720	5.972661
190	93	3.265651	0.538613	3.066950	6.871214
190	94	3.265651	0.580195	3.108801	6.954647
190	95	3.265651	0.500726	2.320272	6.086649
190	96	3.265651	0.538613	3.066950	6.871214
190	97	3.265651	0.485866	2.172822	5.924339
190	98	3.265651	0.663070	3.931124	7.859845
190	99	3.265651	0.672403	4.129662	8.067716
191	0	3.255502	0.569186	3.476232	7.300920
191	1	3.255502	0.705583	4.352963	8.314048
191	2	3.255502	0.579381	3.100718	6.935600
191	3	3.255502	0.686580	4.164400	8.106481
191	4	3.255502	0.608182	3.386496	7.250180
191	5	3.255502	0.560934	2.917680	6.734116
191	6	3.255502	0.597735	3.282842	7.136079
191	7	3.255502	0.581220	3.118971	6.955693
191	8	3.255502	0.495508	2.268493	6.019503
191	9	3.255502	0.672613	4.025821	7.953937
191	10	3.255502	0.519038	2.501967	6.276507
191	11	3.255502	0.627868	3.581838	7.465208
191	12	3.255502	0.541813	2.727956	6.525272
191	13	3.255502	0.560934	2.917680	6.734116
191	14	3.255502	0.457376	1.890132	5.603010
191	15	3.255502	0.566821	2.976093	6.798416
191	16	3.255502	0.600285	3.308141	7.163928
191	17	3.255502	0.598766	3.610854	7.465122
191	18	3.255502	0.560934	2.917680	6.734116
191	19	3.255502	0.612529	3.429637	7.297669
191	20	3.255502	0.644117	3.743061	7.642680
191	21	3.255502	0.600594	3.311205	7.167301
191	22	3.255502	0.502678	2.339635	6.097815
191	23	3.255502	0.534837	2.658729	6.449068
191	24	3.255502	0.559391	2.902370	6.717263
191	25	3.255502	0.540627	2.716186	6.512315
191	26	3.255502	0.559391	2.902370	6.717263
191	27	3.255502	0.499093	2.304064	6.058659
191	28	3.255502	0.490829	2.222061	5.968392
191	29	3.255502	0.672749	4.027171	7.955422
191	30	3.255502	0.514337	2.455322	6.225161
191	31	3.255502	0.518941	2.501002	6.275445
191	32	3.255502	0.550363	2.812790	6.618655
191	33	3.255502	0.514281	2.454769	6.224553
191	34	3.255502	0.568605	3.311584	7.135691
191	35	3.255502	0.606309	3.367916	7.229728
191	36	3.255502	0.540627	2.716186	6.512315
191	37	3.255502	0.625093	3.713192	7.593788
191	38	3.255502	0.600594	3.311205	7.167301
191	39	3.255502	0.686580	4.164400	8.106481
191	40	3.255502	0.682234	4.121283	8.059020
191	41	3.255502	0.519725	2.508783	6.284010
191	42	3.255502	0.653884	3.839983	7.749369
191	43	3.255502	0.495508	2.268493	6.019503
191	44	3.255502	0.560673	2.915088	6.731262
191	45	3.255502	0.586696	3.173301	7.015498
191	46	3.255502	0.627868	3.581838	7.465208
191	47	3.255502	0.589770	3.203811	7.049084
191	48	3.255502	0.560067	2.909080	6.724650
191	49	3.255502	0.724980	4.545425	8.525907
191	50	3.255502	0.652191	3.823180	7.730873
191	51	3.255502	0.531425	3.048589	6.835516
191	52	3.255502	0.531425	3.048589	6.835516
191	53	3.255502	0.608182	3.386496	7.250180
191	54	3.255502	0.609537	3.399949	7.264988
191	55	3.255502	0.614592	3.608993	7.479087
191	56	3.255502	0.623038	3.533911	7.412451
191	57	3.255502	0.594485	3.356518	7.206505
191	58	3.255502	0.502678	2.339635	6.097815
191	59	3.255502	0.519725	2.508783	6.284010
191	60	3.255502	0.541813	2.727956	6.525272
191	61	3.255502	0.606309	3.367916	7.229728
191	62	3.255502	0.600594	3.311205	7.167301
191	63	3.255502	0.686580	4.164400	8.106481
191	64	3.255502	0.560244	2.910832	6.726578
191	65	3.255502	0.560067	2.909080	6.724650
191	66	3.255502	0.457376	1.890132	5.603010
191	67	3.255502	0.690350	4.201812	8.147665
191	68	3.255502	0.499093	2.304064	6.058659
191	69	3.255502	0.495508	2.268493	6.019503
191	70	3.255502	0.608542	3.390070	7.254114
191	71	3.255502	0.682234	4.121283	8.059020
191	72	3.255502	0.490829	2.222061	5.968392
191	73	3.255502	0.586885	3.175175	7.017562
191	74	3.255502	0.590555	3.211600	7.057658
191	75	3.255502	0.614680	3.450973	7.321155
191	76	3.255502	0.560244	2.910832	6.726578
191	77	3.255502	0.560934	2.917680	6.734116
191	78	3.255502	0.653300	3.993079	7.901882
191	79	3.255502	0.495508	2.268493	6.019503
191	80	3.255502	0.579888	3.105750	6.941140
191	81	3.255502	0.612091	3.425282	7.292875
191	82	3.255502	0.589770	3.203811	7.049084
191	83	3.255502	0.559391	2.902370	6.717263
191	84	3.255502	0.657005	3.870941	7.783448
191	85	3.255502	0.614680	3.450973	7.321155
191	86	3.255502	0.571030	3.017864	6.844396
191	87	3.255502	0.543227	2.741987	6.540716
191	88	3.255502	0.571030	3.017864	6.844396
191	89	3.255502	0.612091	3.425282	7.292875
191	90	3.255502	0.685539	4.154078	8.095119
191	91	3.255502	0.618499	3.488865	7.362866
191	92	3.255502	0.518941	2.501002	6.275445
191	93	3.255502	0.518941	2.501002	6.275445
191	94	3.255502	0.644117	3.743061	7.642680
191	95	3.255502	0.586696	3.173301	7.015498
191	96	3.255502	0.672613	4.025821	7.953937
191	97	3.255502	0.647060	3.772270	7.674833
191	98	3.255502	0.625831	3.773473	7.654805
191	99	3.255502	0.609537	3.399949	7.264988
192	0	3.399491	0.616166	3.836467	7.852124
192	1	3.399491	0.621212	3.515793	7.536496
192	2	3.399491	0.661756	3.918088	7.979335
192	3	3.399491	0.506336	2.375934	6.281762
192	4	3.399491	0.637786	3.680248	7.717525
192	5	3.399491	0.547645	2.785819	6.732955
192	6	3.399491	0.643709	3.739014	7.782214
192	7	3.399491	0.496736	2.280678	6.176906
192	8	3.399491	0.496736	2.280678	6.176906
192	9	3.399491	0.598250	3.287947	7.285688
192	10	3.399491	0.539315	2.703170	6.641976
192	11	3.399491	0.615322	3.563274	7.578087
192	12	3.399491	0.514281	2.454771	6.368543
192	13	3.399491	0.598250	3.287947	7.285688
192	14	3.399491	0.562977	2.937957	6.900425
192	15	3.399491	0.664866	3.948943	8.013299
192	16	3.399491	0.575838	3.065567	7.040897
192	17	3.399491	0.503584	2.348629	6.251704
192	18	3.399491	0.547645	2.785819	6.732955
192	19	3.399491	0.758589	4.878915	9.036995
192	20	3.399491	0.496609	2.279412	6.175511
192	21	3.399491	0.686953	4.168109	8.254553
192	22	3.399491	0.541551	2.725357	6.666400
192	23	3.399491	0.570599	3.013583	6.983673
192	24	3.399491	0.558905	2.897551	6.855948
192	25	3.399491	0.685527	4.153953	8.238971
192	26	3.399491	0.650286	3.857238	7.907015
192	27	3.399491	0.592978	3.235639	7.228108
192	28	3.399491	0.560891	2.917254	6.877636
192	29	3.399491	0.632020	3.623033	7.654545
192	30	3.399491	0.514281	2.454771	6.368543
192	31	3.399491	0.560891	2.917254	6.877636
192	32	3.399491	0.636620	3.668673	7.704783
192	33	3.399491	0.646059	3.921229	7.966780
192	34	3.399491	0.506336	2.375934	6.281762
192	35	3.399491	0.574206	3.367159	7.340856
192	36	3.399491	0.578854	3.095493	7.073839
192	37	3.399491	0.577389	3.080957	7.057837
192	38	3.399491	0.513711	2.449108	6.362310
192	39	3.399491	0.659087	3.891600	7.950178
192	40	3.399491	0.570731	3.014895	6.985117
192	41	3.399491	0.633385	3.636572	7.669448
192	42	3.399491	0.608659	3.391233	7.399383
192	43	3.399491	0.646051	3.762252	7.807794
192	44	3.399491	0.577389	3.080957	7.057837
192	45	3.399491	0.672425	4.023949	8.095865
192	46	3.399491	0.594578	3.251518	7.245587
192	47	3.399491	0.514281	2.454771	6.368543
192	48	3.399491	0.539087	2.700902	6.639480
192	49	3.399491	0.558905	2.897551	6.855948
192	50	3.399491	0.570731	3.014895	6.985117
192	51	3.399491	0.583296	3.139572	7.122360
192	52	3.399491	0.531601	2.626623	6.557715
192	53	3.399491	0.685527	4.153953	8.238971
192	54	3.399491	0.594578	3.251518	7.245587
192	55	3.399491	0.664866	3.948943	8.013299
192	56	3.399491	0.560891	2.917254	6.877636
192	57	3.399491	0.477081	2.085646	5.962218
192	58	3.399491	0.541352	2.723382	6.664226
192	59	3.399491	0.653611	3.837270	7.890372
192	60	3.399491	0.522644	2.537751	6.459886
192	61	3.399491	0.686953	4.168109	8.254553
192	62	3.399491	0.531601	2.626623	6.557715
192	63	3.399491	0.496609	2.279412	6.175511
192	64	3.399491	0.604442	3.349390	7.353323
192	65	3.399491	0.558905	2.897551	6.855948
192	66	3.399491	0.592968	3.500361	7.492820
192	67	3.399491	0.580570	3.112517	7.092578
192	68	3.399491	0.572203	3.029495	7.001188
192	69	3.399491	0.636620	3.668673	7.704783
192	70	3.399491	0.653709	3.838243	7.891443
192	71	3.399491	0.621212	3.515793	7.536496
192	72	3.399491	0.572203	3.029495	7.001188
192	73	3.399491	0.562977	2.937957	6.900425
192	74	3.399491	0.513711	2.449108	6.362310
192	75	3.399491	0.647592	3.883470	7.930553
192	76	3.399491	0.539087	2.700902	6.639480
192	77	3.399491	0.570599	3.013583	6.983673
192	78	3.399491	0.652676	3.827991	7.880158
192	79	3.399491	0.643989	3.741797	7.785277
192	80	3.399491	0.560891	2.917254	6.877636
192	81	3.399491	0.708374	4.486585	8.594451
192	82	3.399491	0.576365	3.070794	7.046650
192	83	3.399491	0.653611	3.837270	7.890372
192	84	3.399491	0.660339	3.904029	7.963860
192	85	3.399491	0.514281	2.454771	6.368543
192	86	3.399491	0.650286	3.857238	7.907015
192	87	3.399491	0.653709	3.838243	7.891443
192	88	3.399491	0.576365	3.070794	7.046650
192	89	3.399491	0.659087	3.891600	7.950178
192	90	3.399491	0.697295	4.429611	8.526397
192	91	3.399491	0.539188	2.701902	6.640581
192	92	3.399491	0.592978	3.235639	7.228108
192	93	3.399491	0.477081	2.085646	5.962218
192	94	3.399491	0.594578	3.251518	7.245587
192	95	3.399491	0.514281	2.454771	6.368543
192	96	3.399491	0.598250	3.287947	7.285688
192	97	3.399491	0.623910	3.542560	7.565960
192	98	3.399491	0.531601	2.626623	6.557715
192	99	3.399491	0.595850	3.264134	7.259474
193	0	3.468751	0.612800	3.432326	7.513877
193	1	3.468751	0.539089	2.700926	6.708766
193	2	3.468751	0.581644	3.123176	7.173571
193	3	3.468751	0.444939	1.766722	5.680412
193	4	3.468751	0.599624	3.301586	7.369962
193	5	3.468751	0.539089	2.700926	6.708766
193	6	3.468751	0.580176	3.108608	7.157535
193	7	3.468751	0.704497	4.342184	8.515432
193	8	3.468751	0.661221	3.912778	8.042750
193	9	3.468751	0.529274	2.603537	6.601562
193	10	3.468751	0.515204	2.463927	6.447882
193	11	3.468751	0.606638	3.371179	7.446568
193	12	3.468751	0.664862	3.948912	8.082525
193	13	3.468751	0.626189	3.565175	7.660115
193	14	3.468751	0.567790	3.303493	7.340034
193	15	3.468751	0.526812	2.579109	6.574672
193	16	3.468751	0.637808	3.680468	7.787027
193	17	3.468751	0.498532	2.298494	6.265777
193	18	3.468751	0.526812	2.579109	6.574672
193	19	3.468751	0.517626	2.487957	6.474334
193	20	3.468751	0.542366	2.733442	6.744559
193	21	3.468751	0.489377	2.207655	6.165783
193	22	3.468751	0.540849	2.718383	6.727983
193	23	3.468751	0.646395	3.765672	7.880819
193	24	3.468751	0.629931	3.602307	7.700990
193	25	3.468751	0.505082	2.363492	6.337325
193	26	3.468751	0.470888	2.024199	5.963838
193	27	3.468751	0.667109	3.971207	8.107067
193	28	3.468751	0.569847	3.006120	7.044718
193	29	3.468751	0.619164	3.495470	7.583385
193	30	3.468751	0.452979	2.429097	6.350827
193	31	3.468751	0.624865	3.552041	7.645657
193	32	3.468751	0.546243	2.771906	6.786900
193	33	3.468751	0.551121	2.820313	6.840185
193	34	3.468751	0.574450	3.051795	7.094996
193	35	3.468751	0.484213	2.156421	6.109385
193	36	3.468751	0.521617	2.527562	6.517931
193	37	3.468751	0.569664	3.004303	7.042718
193	38	3.468751	0.544687	2.756470	6.769908
193	39	3.468751	0.521617	2.527562	6.517931
193	40	3.468751	0.567939	2.987192	7.023882
193	41	3.468751	0.524168	2.552875	6.545794
193	42	3.468751	0.612597	3.430309	7.511657
193	43	3.468751	0.623174	3.535258	7.627184
193	44	3.468751	0.606526	3.370071	7.445349
193	45	3.468751	0.550447	3.025477	7.044675
193	46	3.468751	0.560991	2.918246	6.947988
193	47	3.468751	0.720045	4.549422	8.738218
193	48	3.468751	0.523128	2.542556	6.534435
193	49	3.468751	0.585365	3.160097	7.214213
193	50	3.468751	0.515204	2.463927	6.447882
193	51	3.468751	0.619164	3.495470	7.583385
193	52	3.468751	0.654224	3.843352	7.966327
193	53	3.468751	0.634645	3.649080	7.752476
193	54	3.468751	0.519313	2.504695	6.492759
193	55	3.468751	0.654503	3.846115	7.969369
193	56	3.468751	0.631609	3.618951	7.719311
193	57	3.468751	0.540849	2.718383	6.727983
193	58	3.468751	0.496546	2.278794	6.244091
193	59	3.468751	0.526812	2.579109	6.574672
193	60	3.468751	0.496546	2.278794	6.244091
193	61	3.468751	0.531393	2.995307	6.995451
193	62	3.468751	0.583354	3.140147	7.192252
193	63	3.468751	0.624865	3.552041	7.645657
193	64	3.468751	0.540850	2.718401	6.728002
193	65	3.468751	0.542366	2.733442	6.744559
193	66	3.468751	0.698525	4.282925	8.450201
193	67	3.468751	0.480336	2.117944	6.067031
193	68	3.468751	0.511423	2.426406	6.406580
193	69	3.468751	0.539089	2.700926	6.708766
193	70	3.468751	0.661221	3.912778	8.042750
193	71	3.468751	0.599624	3.301586	7.369962
193	72	3.468751	0.517626	2.487957	6.474334
193	73	3.468751	0.574450	3.051795	7.094996
193	74	3.468751	0.504379	2.356516	6.329646
193	75	3.468751	0.667407	4.027127	8.163286
193	76	3.468751	0.631609	3.618951	7.719311
193	77	3.468751	0.678109	4.133310	8.280169
193	78	3.468751	0.563985	2.947954	6.980690
193	79	3.468751	0.667407	4.027127	8.163286
193	80	3.468751	0.548243	2.791755	6.808750
193	81	3.468751	0.526812	2.579109	6.574672
193	82	3.468751	0.511423	2.426406	6.406580
193	83	3.468751	0.560991	2.918246	6.947988
193	84	3.468751	0.576323	3.070377	7.115451
193	85	3.468751	0.511423	2.426406	6.406580
193	86	3.468751	0.626189	3.565175	7.660115
193	87	3.468751	0.669044	3.990407	8.128202
193	88	3.468751	0.517626	2.487957	6.474334
193	89	3.468751	0.569664	3.004303	7.042718
193	90	3.468751	0.489377	2.207655	6.165783
193	91	3.468751	0.598260	3.288053	7.355064
193	92	3.468751	0.623174	3.535258	7.627184
193	93	3.468751	0.678109	4.133310	8.280169
193	94	3.468751	0.624865	3.552041	7.645657
193	95	3.468751	0.607381	3.484479	7.560611
193	96	3.468751	0.507359	2.386087	6.362197
193	97	3.468751	0.654503	3.846115	7.969369
193	98	3.468751	0.567733	2.985142	7.021626
193	99	3.468751	0.480336	2.117944	6.067031
194	0	3.347851	0.633833	3.641020	7.622704
194	1	3.347851	0.580849	3.115289	7.043989
194	2	3.347851	0.612513	3.694294	7.654658
194	3	3.347851	0.463665	1.952526	5.764042
194	4	3.347851	0.575598	3.380971	7.304421
194	5	3.347851	0.501751	2.330434	6.180036
194	6	3.347851	0.563760	2.945718	6.857329
194	7	3.347851	0.526553	2.576536	6.450940
194	8	3.347851	0.612464	3.428992	7.389307
194	9	3.347851	0.579168	3.098604	7.025622
194	10	3.347851	0.593855	3.244338	7.186044
194	11	3.347851	0.585189	3.158352	7.091392
194	12	3.347851	0.510021	2.412495	6.270367
194	13	3.347851	0.653102	3.832222	7.833175
194	14	3.347851	0.624444	3.547861	7.520156
194	15	3.347851	0.536250	2.672754	6.556855
194	16	3.347851	0.655576	3.856772	7.860199
194	17	3.347851	0.536250	2.672754	6.556855
194	18	3.347851	0.578358	3.090573	7.016783
194	19	3.347851	0.593335	3.239177	7.180363
194	20	3.347851	0.538254	2.692644	6.578749
194	21	3.347851	0.633658	3.639282	7.620791
194	22	3.347851	0.593855	3.244338	7.186044
194	23	3.347851	0.629584	3.598859	7.576294
194	24	3.347851	0.581648	3.123217	7.052716
194	25	3.347851	0.540493	2.714854	6.603198
194	26	3.347851	0.588942	3.301517	7.238310
194	27	3.347851	0.437871	1.696585	5.482307
194	28	3.347851	0.657601	3.876857	7.882309
194	29	3.347851	0.554757	3.280101	7.182710
194	30	3.347851	0.653201	3.833204	7.834256
194	31	3.347851	0.593335	3.239177	7.180363
194	32	3.347851	0.581648	3.123217	7.052716
194	33	3.347851	0.578358	3.090573	7.016783
194	34	3.347851	0.602296	3.328094	7.278241
194	35	3.347851	0.565256	2.960566	6.873673
194	36	3.347851	0.610436	3.408866	7.367153
194	37	3.347851	0.556552	2.874201	6.778604
194	38	3.347851	0.564991	2.957940	6.870782
194	39	3.347851	0.565256	2.960566	6.873673
194	40	3.347851	0.703112	4.328443	8.379406
194	41	3.347851	0.657702	3.877863	7.883416
194	42	3.347851	0.712978	4.426336	8.487165
194	43	3.347851	0.476560	2.610120	6.434531
194	44	3.347851	0.623857	3.542034	7.513742
194	45	3.347851	0.657702	3.877863	7.883416
194	46	3.347851	0.734917	4.802924	8.885692
194	47	3.347851	0.585189	3.158352	7.091392
194	48	3.347851	0.623857	3.542034	7.513742
194	49	3.347851	0.611819	3.422588	7.382258
194	50	3.347851	0.603927	3.344282	7.296061
194	51	3.347851	0.581648	3.123217	7.052716
194	52	3.347851	0.623857	3.542034	7.513742
194	53	3.347851	0.578364	3.090633	7.016848
194	54	3.347851	0.647218	3.773834	7.768903
194	55	3.347851	0.526553	2.576536	6.450940
194	56	3.347851	0.754282	4.836177	8.938310
194	57	3.347851	0.609134	3.395944	7.352929
194	58	3.347851	0.517453	2.486236	6.351540
194	59	3.347851	0.437871	1.696585	5.482307
194	60	3.347851	0.615111	3.455256	7.418219
194	61	3.347851	0.534407	2.654471	6.536729
194	62	3.347851	0.579168	3.098604	7.025622
194	63	3.347851	0.633658	3.639282	7.620791
194	64	3.347851	0.565778	2.965748	6.879377
194	65	3.347851	0.598077	3.286233	7.232161
194	66	3.347851	0.581517	3.121921	7.051289
194	67	3.347851	0.609134	3.395944	7.352929
194	68	3.347851	0.593335	3.239177	7.180363
194	69	3.347851	0.556349	2.872186	6.776386
194	70	3.347851	0.612513	3.694294	7.654658
194	71	3.347851	0.545214	2.761700	6.654766
194	72	3.347851	0.653102	3.832222	7.833175
194	73	3.347851	0.703112	4.328443	8.379406
194	74	3.347851	0.655576	3.856772	7.860199
194	75	3.347851	0.536250	2.672754	6.556855
194	76	3.347851	0.668792	3.987905	8.004548
194	77	3.347851	0.517453	2.486236	6.351540
194	78	3.347851	0.519211	2.503689	6.370751
194	79	3.347851	0.623857	3.542034	7.513742
194	80	3.347851	0.700073	4.298287	8.346211
194	81	3.347851	0.488810	2.890563	6.727225
194	82	3.347851	0.556349	2.872186	6.776386
194	83	3.347851	0.700073	4.298287	8.346211
194	84	3.347851	0.591388	3.219860	7.159099
194	85	3.347851	0.668792	3.987905	8.004548
194	86	3.347851	0.526553	2.576536	6.450940
194	87	3.347851	0.712978	4.426336	8.487165
194	88	3.347851	0.517453	2.486236	6.351540
194	89	3.347851	0.657702	3.877863	7.883416
194	90	3.347851	0.519211	2.503689	6.370751
194	91	3.347851	0.565778	2.965748	6.879377
194	92	3.347851	0.501751	2.330434	6.180036
194	93	3.347851	0.622680	3.636280	7.606811
194	94	3.347851	0.565778	2.965748	6.879377
194	95	3.347851	0.564991	2.957940	6.870782
194	96	3.347851	0.551434	2.823422	6.722708
194	97	3.347851	0.657601	3.876857	7.882309
194	98	3.347851	0.729182	4.640091	8.717124
194	99	3.347851	0.578364	3.090633	7.016848
195	0	3.308682	0.534122	2.651641	6.494446
195	1	3.308682	0.505063	2.363298	6.177043
195	2	3.308682	0.648464	3.945093	7.902239
195	3	3.308682	0.648464	3.945093	7.902239
195	4	3.308682	0.534630	2.656678	6.499990
195	5	3.308682	0.576428	3.071419	6.956528
195	6	3.308682	0.681359	4.112601	8.102642
195	7	3.308682	0.475822	2.073154	5.857658
195	8	3.308682	0.759863	4.891556	8.960101
195	9	3.308682	0.557316	2.881783	6.747782
195	10	3.308682	0.529967	2.610407	6.449055
195	11	3.308682	0.626717	3.570408	7.505807
195	12	3.308682	0.607386	3.378602	7.294670
195	13	3.308682	0.667608	3.976151	7.952441
195	14	3.308682	0.521459	2.525989	6.356130
195	15	3.308682	0.534122	2.651641	6.494446
195	16	3.308682	0.598792	3.293325	7.200799
195	17	3.308682	0.614042	3.656501	7.579225
195	18	3.308682	0.520600	2.517471	6.346753
195	19	3.308682	0.769949	4.991633	9.070264
195	20	3.308682	0.582747	3.134124	7.025553
195	21	3.308682	0.520600	2.517471	6.346753
195	22	3.308682	0.475822	2.073154	5.857658
195	23	3.308682	0.529967	2.610407	6.449055
195	24	3.308682	0.534630	2.656678	6.499990
195	25	3.308682	0.581971	3.126419	7.017072
195	26	3.308682	0.670860	4.008418	7.987960
195	27	3.308682	0.623460	3.538098	7.470240
195	28	3.308682	0.635078	3.653373	7.597133
195	29	3.308682	0.637934	3.681713	7.628329
195	30	3.308682	0.603109	3.653946	7.565737
195	31	3.308682	0.486968	2.607462	6.403112
195	32	3.308682	0.582088	3.392401	7.283171
195	33	3.308682	0.583307	3.457459	7.349448
195	34	3.308682	0.532452	2.635072	6.476206
195	35	3.308682	0.513039	2.442445	6.264166
195	36	3.308682	0.581885	3.125568	7.016135
195	37	3.308682	0.581122	3.117998	7.007802
195	38	3.308682	0.534630	2.656678	6.499990
195	39	3.308682	0.693544	4.233502	8.235728
195	40	3.308682	0.622932	3.532854	7.464467
195	41	3.308682	0.695184	4.408672	8.412538
195	42	3.308682	0.581122	3.117998	7.007802
195	43	3.308682	0.703150	4.328823	8.340656
195	44	3.308682	0.557506	2.883671	6.749859
195	45	3.308682	0.670860	4.008418	7.987960
195	46	3.308682	0.622932	3.532854	7.464467
195	47	3.308682	0.592993	3.235783	7.137457
195	48	3.308682	0.541703	2.726857	6.577242
195	49	3.308682	0.608850	3.393125	7.310657
195	50	3.308682	0.581885	3.125568	7.016135
195	51	3.308682	0.670405	4.056870	8.035957
195	52	3.308682	0.562995	2.938133	6.809810
195	53	3.308682	0.576820	3.075307	6.960809
195	54	3.308682	0.601193	3.317154	7.227029
195	55	3.308682	0.624355	3.546976	7.480013
195	56	3.308682	0.557506	2.883671	6.749859
195	57	3.308682	0.627258	3.575780	7.511720
195	58	3.308682	0.520600	2.517471	6.346753
195	59	3.308682	0.633299	3.635725	7.577706
195	60	3.308682	0.529491	2.605689	6.443862
195	61	3.308682	0.529967	2.610407	6.449055
195	62	3.308682	0.562995	2.938133	6.809810
195	63	3.308682	0.670405	4.056870	8.035957
195	64	3.308682	0.605889	3.363744	7.278315
195	65	3.308682	0.635690	3.659449	7.603821
195	66	3.308682	0.512516	2.437250	6.258448
195	67	3.308682	0.532452	2.635072	6.476206
195	68	3.308682	0.557316	2.881783	6.747782
195	69	3.308682	0.681359	4.112601	8.102642
195	70	3.308682	0.568870	2.996425	6.873977
195	71	3.308682	0.623460	3.538098	7.470240
195	72	3.308682	0.541703	2.726857	6.577242
195	73	3.308682	0.604561	3.350575	7.263818
195	74	3.308682	0.568870	2.996425	6.873977
195	75	3.308682	0.545038	2.759952	6.613671
195	76	3.308682	0.545038	2.759952	6.613671
195	77	3.308682	0.634852	3.651136	7.594670
195	78	3.308682	0.535395	2.664272	6.508349
195	79	3.308682	0.569230	3.000000	6.877912
195	80	3.308682	0.638496	3.687292	7.634471
195	81	3.308682	0.545038	2.759952	6.613671
195	82	3.308682	0.680626	4.105328	8.094637
195	83	3.308682	0.529967	2.610407	6.449055
195	84	3.308682	0.665675	3.956979	7.931336
195	85	3.308682	0.670860	4.008418	7.987960
195	86	3.308682	0.545038	2.759952	6.613671
195	87	3.308682	0.475822	2.073154	5.857658
195	88	3.308682	0.733264	4.627630	8.669576
195	89	3.308682	0.591538	3.221349	7.121569
195	90	3.308682	0.635690	3.659449	7.603821
195	91	3.308682	0.572871	3.036125	6.917678
195	92	3.308682	0.495305	2.266473	6.070460
195	93	3.308682	0.505063	2.363298	6.177043
195	94	3.308682	0.534122	2.651641	6.494446
195	95	3.308682	0.681359	4.112601	8.102642
195	96	3.308682	0.665675	3.956979	7.931336
195	97	3.308682	0.538823	2.698281	6.545786
195	98	3.308682	0.495305	2.266473	6.070460
195	99	3.308682	0.635690	3.659449	7.603821
196	0	3.363783	0.527363	2.584572	6.475718
196	1	3.363783	0.566612	2.974023	6.904418
196	2	3.363783	0.536293	2.673178	6.573254
196	3	3.363783	0.596563	3.271214	7.231561
196	4	3.363783	0.534434	2.654738	6.552955
196	5	3.363783	0.520207	2.513567	6.397556
196	6	3.363783	0.495214	2.265574	6.124571
196	7	3.363783	0.541351	2.988191	6.893325
196	8	3.363783	0.480922	2.123765	5.968470
196	9	3.363783	0.573974	3.047071	6.984828
196	10	3.363783	0.705699	4.354114	8.423596
196	11	3.363783	0.552954	2.838497	6.755234
196	12	3.363783	0.593851	3.244300	7.201933
196	13	3.363783	0.559726	2.905691	6.829199
196	14	3.363783	0.481131	2.125832	5.970746
196	15	3.363783	0.556773	2.876398	6.796954
196	16	3.363783	0.628825	3.803187	7.795795
196	17	3.363783	0.498383	2.297016	6.159181
196	18	3.363783	0.536293	2.673178	6.573254
196	19	3.363783	0.656139	3.862351	7.882272
196	20	3.363783	0.581886	3.125581	7.071250
196	21	3.363783	0.528079	2.962419	6.854280
196	22	3.363783	0.593851	3.244300	7.201933
196	23	3.363783	0.596333	3.268928	7.229044
196	24	3.363783	0.536293	2.673178	6.573254
196	25	3.363783	0.519262	2.504190	6.387234
196	26	3.363783	0.462245	1.938443	5.764471
196	27	3.363783	0.626842	3.730549	7.721174
196	28	3.363783	0.480604	2.120612	5.964999
196	29	3.363783	0.628795	3.591031	7.583608
196	30	3.363783	0.600550	3.310775	7.275108
196	31	3.363783	0.527363	2.584572	6.475718
196	32	3.363783	0.574343	3.050731	6.988857
196	33	3.363783	0.527363	2.584572	6.475718
196	34	3.363783	0.714428	4.440730	8.518942
196	35	3.363783	0.445522	1.772506	5.581810
196	36	3.363783	0.551006	2.819175	6.733965
196	37	3.363783	0.462245	1.938443	5.764471
196	38	3.363783	0.480604	2.120612	5.964999
196	39	3.363783	0.622154	3.578099	7.564036
196	40	3.363783	0.530232	2.613041	6.507056
196	41	3.363783	0.553482	2.843742	6.761007
196	42	3.363783	0.432138	2.275270	6.071190
196	43	3.363783	0.602665	3.331757	7.298205
196	44	3.363783	0.614004	3.444265	7.422052
196	45	3.363783	0.557179	2.880425	6.801387
196	46	3.363783	0.600550	3.310775	7.275108
196	47	3.363783	0.519262	2.504190	6.387234
196	48	3.363783	0.714428	4.440730	8.518942
196	49	3.363783	0.566612	2.974023	6.904418
196	50	3.363783	0.533220	2.642689	6.539692
196	51	3.363783	0.563291	2.941065	6.868139
196	52	3.363783	0.603929	3.344302	7.312014
196	53	3.363783	0.481131	2.125832	5.970746
196	54	3.363783	0.656406	3.917966	7.938155
196	55	3.363783	0.633614	3.638850	7.636247
196	56	3.363783	0.688257	4.181042	8.233082
196	57	3.363783	0.628795	3.591031	7.583608
196	58	3.363783	0.657225	4.032020	8.053027
196	59	3.363783	0.543947	2.749123	6.656852
196	60	3.363783	0.501267	2.325634	6.190684
196	61	3.363783	0.543947	2.749123	6.656852
196	62	3.363783	0.574197	3.155213	7.093193
196	63	3.363783	0.656139	3.862351	7.882272
196	64	3.363783	0.581886	3.125581	7.071250
196	65	3.363783	0.579514	3.102044	7.045341
196	66	3.363783	0.522121	2.532558	6.418461
196	67	3.363783	0.537501	2.685171	6.586455
196	68	3.363783	0.530232	2.613041	6.507056
196	69	3.363783	0.480922	2.123765	5.968470
196	70	3.363783	0.553410	2.843024	6.760217
196	71	3.363783	0.573974	3.047071	6.984828
196	72	3.363783	0.604894	3.353872	7.322549
196	73	3.363783	0.612155	3.425926	7.401864
196	74	3.363783	0.557179	2.880425	6.801387
196	75	3.363783	0.704176	4.338997	8.406956
196	76	3.363783	0.593851	3.244300	7.201933
196	77	3.363783	0.493016	2.243760	6.100558
196	78	3.363783	0.573045	3.037854	6.974682
196	79	3.363783	0.542629	2.736050	6.642462
196	80	3.363783	0.600550	3.310775	7.275108
196	81	3.363783	0.527363	2.584572	6.475718
196	82	3.363783	0.573298	3.040359	6.977440
196	83	3.363783	0.535425	3.035314	6.934522
196	84	3.363783	0.663991	3.940263	7.968036
196	85	3.363783	0.527363	2.584572	6.475718
196	86	3.363783	0.515095	2.462845	6.341723
196	87	3.363783	0.522121	2.532558	6.418461
196	88	3.363783	0.501267	2.325634	6.190684
196	89	3.363783	0.573974	3.047071	6.984828
196	90	3.363783	0.537501	2.685171	6.586455
196	91	3.363783	0.663991	3.940263	7.968036
196	92	3.363783	0.511388	2.426057	6.301227
196	93	3.363783	0.573974	3.047071	6.984828
196	94	3.363783	0.688257	4.181042	8.233082
196	95	3.363783	0.663991	3.940263	7.968036
196	96	3.363783	0.579514	3.102044	7.045341
196	97	3.363783	0.636195	3.664455	7.664432
196	98	3.363783	0.688257	4.181042	8.233082
196	99	3.363783	0.485460	2.168789	6.018032
197	0	3.365673	0.520886	2.520306	6.406865
197	1	3.365673	0.610626	3.410750	7.387049
197	2	3.365673	0.623223	3.800564	7.789460
197	3	3.365673	0.626780	3.571040	7.563493
197	4	3.365673	0.638566	3.687989	7.692228
197	5	3.365673	0.722713	4.787748	8.876133
197	6	3.365673	0.571364	3.021176	6.958213
197	7	3.365673	0.664325	3.943574	7.973572
197	8	3.365673	0.652173	3.822998	7.840844
197	9	3.365673	0.555364	2.862413	6.783449
197	10	3.365673	0.668603	3.986025	8.020301
197	11	3.365673	0.515242	2.464300	6.345215
197	12	3.365673	0.623228	3.694689	7.683590
197	13	3.365673	0.563839	2.946509	6.876021
197	14	3.365673	0.641963	3.721692	7.729328
197	15	3.365673	0.473871	2.053797	5.893341
197	16	3.365673	0.681435	4.219281	8.266389
197	17	3.365673	0.609164	3.396240	7.371077
197	18	3.365673	0.566047	2.968417	6.900137
197	19	3.365673	0.497439	2.287652	6.150764
197	20	3.365673	0.664325	3.943574	7.973572
197	21	3.365673	0.668603	3.986025	8.020301
197	22	3.365673	0.589947	3.205568	7.161188
197	23	3.365673	0.701646	4.313893	8.381211
197	24	3.365673	0.722133	4.517178	8.604984
197	25	3.365673	0.607426	3.378997	7.352095
197	26	3.365673	0.643454	3.736489	7.745616
197	27	3.365673	0.592593	3.231815	7.190080
197	28	3.365673	0.735441	4.649226	8.750339
197	29	3.365673	0.606509	3.369904	7.342087
197	30	3.365673	0.555364	2.862413	6.783449
197	31	3.365673	0.631198	3.614879	7.611750
197	32	3.365673	0.611964	3.424027	7.401664
197	33	3.365673	0.558545	2.893980	6.818198
197	34	3.365673	0.611964	3.424027	7.401664
197	35	3.365673	0.659658	3.897275	7.922607
197	36	3.365673	0.514464	2.456585	6.336723
197	37	3.365673	0.696468	4.262519	8.324660
197	38	3.365673	0.592593	3.231815	7.190080
197	39	3.365673	0.563188	2.940050	6.868912
197	40	3.365673	0.497439	2.287652	6.150764
197	41	3.365673	0.773004	5.021947	9.160624
197	42	3.365673	0.611964	3.424027	7.401664
197	43	3.365673	0.586059	3.166985	7.118717
197	44	3.365673	0.662589	3.926353	7.954614
197	45	3.365673	0.696468	4.262519	8.324660
197	46	3.365673	0.567474	3.406280	7.339427
197	47	3.365673	0.563839	2.946509	6.876021
197	48	3.365673	0.592593	3.231815	7.190080
197	49	3.365673	0.587601	3.182284	7.135558
197	50	3.365673	0.564787	2.955911	6.886371
197	51	3.365673	0.735441	4.649226	8.750339
197	52	3.365673	0.668603	3.986025	8.020301
197	53	3.365673	0.609164	3.396240	7.371077
197	54	3.365673	0.553848	3.429973	7.349494
197	55	3.365673	0.668785	3.987835	8.022293
197	56	3.365673	0.543520	3.115636	7.024829
197	57	3.365673	0.564787	2.955911	6.886371
197	58	3.365673	0.652290	3.824164	7.842127
197	59	3.365673	0.527555	2.586478	6.479706
197	60	3.365673	0.696581	4.263634	8.325887
197	61	3.365673	0.645682	3.758590	7.769944
197	62	3.365673	0.594988	3.255580	7.216241
197	63	3.365673	0.555364	2.862413	6.783449
197	64	3.365673	0.515242	2.464300	6.345215
197	65	3.365673	0.609164	3.396240	7.371077
197	66	3.365673	0.544090	3.068332	6.978095
197	67	3.365673	0.452700	1.843732	5.662105
197	68	3.365673	0.540227	2.712220	6.618120
197	69	3.365673	0.567230	2.980154	6.913057
197	70	3.365673	0.616352	3.467569	7.449594
197	71	3.365673	0.631198	3.614879	7.611750
197	72	3.365673	0.585205	3.158510	7.109388
197	73	3.365673	0.609164	3.396240	7.371077
197	74	3.365673	0.581289	3.119657	7.066619
197	75	3.365673	0.558545	2.893980	6.818198
197	76	3.365673	0.533442	2.644892	6.544007
197	77	3.365673	0.592593	3.231815	7.190080
197	78	3.365673	0.586480	3.171157	7.123309
197	79	3.365673	0.563188	2.940050	6.868912
197	80	3.365673	0.555364	2.862413	6.783449
197	81	3.365673	0.626780	3.571040	7.563493
197	82	3.365673	0.668785	3.987835	8.022293
197	83	3.365673	0.563839	2.946509	6.876021
197	84	3.365673	0.581289	3.119657	7.066619
197	85	3.365673	0.638566	3.687989	7.692228
197	86	3.365673	0.566047	2.968417	6.900137
197	87	3.365673	0.514464	2.456585	6.336723
197	88	3.365673	0.652290	3.824164	7.842127
197	89	3.365673	0.567722	3.461708	7.395103
197	90	3.365673	0.666164	3.961823	7.993660
197	91	3.365673	0.585205	3.158510	7.109388
197	92	3.365673	0.548183	2.791157	6.705013
197	93	3.365673	0.626780	3.571040	7.563493
197	94	3.365673	0.540227	2.712220	6.618120
197	95	3.365673	0.619251	3.496336	7.481260
197	96	3.365673	0.606509	3.369904	7.342087
197	97	3.365673	0.631198	3.614879	7.611750
197	98	3.365673	0.618052	3.484439	7.468164
197	99	3.365673	0.551679	2.825850	6.743202
198	0	3.395739	0.665163	3.951891	8.012793
198	1	3.395739	0.649335	3.794840	7.839915
198	2	3.395739	0.577497	3.187954	7.161190
198	3	3.395739	0.632890	3.631660	7.660289
198	4	3.395739	0.548704	2.796327	6.740770
198	5	3.395739	0.504475	2.357465	6.257679
198	6	3.395739	0.643850	3.740417	7.780007
198	7	3.395739	0.632890	3.631660	7.660289
198	8	3.395739	0.542859	2.738330	6.676928
198	9	3.395739	0.721078	4.506708	8.623525
198	10	3.395739	0.632890	3.631660	7.660289
198	11	3.395739	0.565810	2.966066	6.927615
198	12	3.395739	0.499508	2.308178	6.203425
198	13	3.395739	0.569287	3.000563	6.965589
198	14	3.395739	0.538785	2.697913	6.632438
198	15	3.395739	0.563593	2.944065	6.903397
198	16	3.395739	0.542859	2.738330	6.676928
198	17	3.395739	0.557510	2.883711	6.836961
198	18	3.395739	0.638582	3.688142	7.722464
198	19	3.395739	0.521956	2.530925	6.448620
198	20	3.395739	0.507574	2.388221	6.291534
198	21	3.395739	0.565667	2.964643	6.926050
198	22	3.395739	0.713250	4.429034	8.538023
198	23	3.395739	0.644519	3.747057	7.787315
198	24	3.395739	0.507574	2.388221	6.291534
198	25	3.395739	0.588103	3.452088	7.435931
198	26	3.395739	0.645065	3.752472	7.793276
198	27	3.395739	0.545644	2.765962	6.707345
198	28	3.395739	0.575002	3.057271	7.028013
198	29	3.395739	0.530868	2.937133	6.863740
198	30	3.395739	0.556275	3.136268	7.088282
198	31	3.395739	0.588103	3.452088	7.435931
198	32	3.395739	0.570676	3.014347	6.980762
198	33	3.395739	0.649335	3.794840	7.839915
198	34	3.395739	0.595683	3.262482	7.253905
198	35	3.395739	0.551427	3.035203	6.982369
198	36	3.395739	0.569087	2.998583	6.963410
198	37	3.395739	0.612647	3.642655	7.651042
198	38	3.395739	0.665163	3.951891	8.012793
198	39	3.395739	0.545644	2.765962	6.707345
198	40	3.395739	0.540323	2.713164	6.649226
198	41	3.395739	0.580421	3.111046	7.087207
198	42	3.395739	0.665163	3.951891	8.012793
198	43	3.395739	0.713250	4.429034	8.538023
198	44	3.395739	0.529931	2.610058	6.535728
198	45	3.395739	0.507574	2.388221	6.291534
198	46	3.395739	0.546641	2.775861	6.718242
198	47	3.395739	0.644703	3.748875	7.789317
198	48	3.395739	0.665163	3.951891	8.012793
198	49	3.395739	0.600204	3.307334	7.303277
198	50	3.395739	0.645065	3.752472	7.793276
198	51	3.395739	0.615080	3.507906	7.518726
198	52	3.395739	0.450305	1.819963	5.666007
198	53	3.395739	0.678761	4.086821	8.161322
198	54	3.395739	0.589125	3.197411	7.182276
198	55	3.395739	0.643068	3.732656	7.771463
198	56	3.395739	0.697238	4.270161	8.363139
198	57	3.395739	0.522917	2.540463	6.459119
198	58	3.395739	0.569287	3.000563	6.965589
198	59	3.395739	0.450305	1.819963	5.666007
198	60	3.395739	0.644519	3.747057	7.787315
198	61	3.395739	0.575002	3.057271	7.028013
198	62	3.395739	0.542096	2.730757	6.668592
198	63	3.395739	0.573117	3.038566	7.007422
198	64	3.395739	0.620070	3.504462	7.520272
198	65	3.395739	0.497107	2.284359	6.177206
198	66	3.395739	0.649335	3.794840	7.839915
198	67	3.395739	0.727570	4.571123	8.694432
198	68	3.395739	0.573117	3.038566	7.007422
198	69	3.395739	0.481225	2.126768	6.003733
198	70	3.395739	0.507574	2.388221	6.291534
198	71	3.395739	0.545644	2.765962	6.707345
198	72	3.395739	0.604469	3.349653	7.349861
198	73	3.395739	0.654902	3.850081	7.900723
198	74	3.395739	0.508944	2.401808	6.306491
198	75	3.395739	0.540323	2.713164	6.649226
198	76	3.395739	0.544631	2.755918	6.696288
198	77	3.395739	0.532212	2.632691	6.560643
198	78	3.395739	0.546641	2.775861	6.718242
198	79	3.395739	0.565667	2.964643	6.926050
198	80	3.395739	0.569087	2.998583	6.963410
198	81	3.395739	0.592864	3.340438	7.329042
198	82	3.395739	0.487722	2.191232	6.074693
198	83	3.395739	0.644703	3.748875	7.789317
198	84	3.395739	0.678761	4.086821	8.161322
198	85	3.395739	0.589125	3.197411	7.182276
198	86	3.395739	0.545599	2.765524	6.706863
198	87	3.395739	0.542251	2.732300	6.670291
198	88	3.395739	0.487722	2.191232	6.074693
198	89	3.395739	0.696718	4.264998	8.357456
198	90	3.395739	0.574985	3.057098	7.027822
198	91	3.395739	0.624648	3.549885	7.570273
198	92	3.395739	0.669982	4.158598	8.224320
198	93	3.395739	0.670984	4.009649	8.076372
198	94	3.395739	0.576469	3.071831	7.044040
198	95	3.395739	0.504365	2.356377	6.256481
198	96	3.395739	0.539690	2.706891	6.642320
198	97	3.395739	0.450305	1.819963	5.666007
198	98	3.395739	0.504365	2.356377	6.256481
198	99	3.395739	0.545599	2.765524	6.706863
199	0	3.414481	0.574836	3.055626	7.044943
199	1	3.414481	0.581235	3.119118	7.114834
199	2	3.414481	0.706990	4.472853	8.594325
199	3	3.414481	0.640639	3.708551	7.763671
199	4	3.414481	0.455912	1.875601	5.745995
199	5	3.414481	0.455912	1.875601	5.745995
199	6	3.414481	0.556187	2.870575	6.841243
199	7	3.414481	0.549557	2.804791	6.768828
199	8	3.414481	0.726818	4.563667	8.704966
199	9	3.414481	0.653369	3.834864	7.902714
199	10	3.414481	0.574524	3.052531	7.041537
199	11	3.414481	0.677871	4.077993	8.170345
199	12	3.414481	0.629001	3.593073	7.636554
199	13	3.414481	0.686191	4.213510	8.314183
199	14	3.414481	0.488760	2.201537	6.104778
199	15	3.414481	0.600243	3.307726	7.322450
199	16	3.414481	0.653027	3.831476	7.898984
199	17	3.414481	0.587423	3.180518	7.182423
199	18	3.414481	0.677734	4.076628	8.168843
199	19	3.414481	0.583582	3.142401	7.140464
199	20	3.414481	0.587423	3.180518	7.182423
199	21	3.414481	0.611955	3.423942	7.450378
199	22	3.414481	0.546792	2.777357	6.738630
199	23	3.414481	0.495695	2.270350	6.180527
199	24	3.414481	0.661742	3.917947	7.994170
199	25	3.414481	0.545200	2.761562	6.721243
199	26	3.414481	0.633451	3.637231	7.685163
199	27	3.414481	0.575760	3.064789	7.055030
199	28	3.414481	0.604306	3.506930	7.525717
199	29	3.414481	0.630882	3.611740	7.657104
199	30	3.414481	0.741555	4.709891	8.865927
199	31	3.414481	0.611955	3.423942	7.450378
199	32	3.414481	0.587423	3.180518	7.182423
199	33	3.414481	0.608926	3.393884	7.417292
199	34	3.414481	0.556404	2.872737	6.843622
199	35	3.414481	0.629001	3.593073	7.636554
199	36	3.414481	0.605234	3.357252	7.376967
199	37	3.414481	0.575046	3.057704	7.047231
199	38	3.414481	0.575760	3.064789	7.055030
199	39	3.414481	0.525520	2.566290	6.506291
199	40	3.414481	0.611955	3.423942	7.450378
199	41	3.414481	0.587356	3.179856	7.181693
199	42	3.414481	0.547261	3.258683	7.220425
199	43	3.414481	0.657574	3.876589	7.948644
199	44	3.414481	0.630882	3.611740	7.657104
199	45	3.414481	0.581235	3.119118	7.114834
199	46	3.414481	0.708728	4.384164	8.507373
199	47	3.414481	0.455912	1.875601	5.745995
199	48	3.414481	0.593857	3.244362	7.252700
199	49	3.414481	0.488760	2.201537	6.104778
199	50	3.414481	0.567270	2.980555	6.962307
199	51	3.414481	0.657574	3.876589	7.948644
199	52	3.414481	0.583582	3.142401	7.140464
199	53	3.414481	0.574140	3.048713	7.037334
199	54	3.414481	0.628186	3.743885	7.786552
199	55	3.414481	0.533765	2.648097	6.596343
199	56	3.414481	0.630882	3.611740	7.657104
199	57	3.414481	0.463386	2.585321	6.463188
199	58	3.414481	0.706990	4.472853	8.594325
199	59	3.414481	0.525520	2.566290	6.506291
199	60	3.414481	0.606794	3.372729	7.394004
199	61	3.414481	0.519823	2.509756	6.444060
199	62	3.414481	0.573882	3.416902	7.405265
199	63	3.414481	0.656973	3.870626	7.942080
199	64	3.414481	0.593857	3.244362	7.252700
199	65	3.414481	0.576448	3.071620	7.062549
199	66	3.414481	0.593857	3.244362	7.252700
199	67	3.414481	0.653369	3.834864	7.902714
199	68	3.414481	0.512408	2.436184	6.363074
199	69	3.414481	0.578289	3.089888	7.082658
199	70	3.414481	0.658470	3.885480	7.958431
199	71	3.414481	0.511849	2.430638	6.356969
199	72	3.414481	0.519906	2.510583	6.444970
199	73	3.414481	0.574140	3.048713	7.037334
199	74	3.414481	0.455912	1.875601	5.745995
199	75	3.414481	0.600243	3.307726	7.322450
199	76	3.414481	0.569656	3.004225	6.988362
199	77	3.414481	0.759554	4.888488	9.062523
199	78	3.414481	0.522854	2.539829	6.477163
199	79	3.414481	0.626235	3.565631	7.606348
199	80	3.414481	0.519906	2.510583	6.444970
199	81	3.414481	0.519823	2.509756	6.444060
199	82	3.414481	0.488760	2.201537	6.104778
199	83	3.414481	0.580028	3.107143	7.101653
199	84	3.414481	0.589960	3.205694	7.210135
199	85	3.414481	0.639545	3.697696	7.751722
199	86	3.414481	0.554697	2.855794	6.824972
199	87	3.414481	0.602697	3.332074	7.349252
199	88	3.414481	0.708381	4.433688	8.556551
199	89	3.414481	0.656973	3.870626	7.942080
199	90	3.414481	0.658470	3.885480	7.958431
199	91	3.414481	0.495695	2.270350	6.180527
199	92	3.414481	0.577857	3.085600	7.077938
199	93	3.414481	0.527688	2.587802	6.529972
199	94	3.414481	0.556187	2.870575	6.841243
199	95	3.414481	0.562070	2.928953	6.905505
199	96	3.414481	0.545200	2.761562	6.721243
199	97	3.414481	0.587356	3.179856	7.181693
199	98	3.414481	0.658470	3.885480	7.958431
199	99	3.414481	0.605234	3.357252	7.376967
