replicate	universe	detection_yr	orbit_yr	char_yr	total_yr
200	0	3.319704	0.715298	4.449359	8.484361
200	1	3.319704	0.746532	4.759277	8.825514
200	2	3.319704	0.580714	3.113944	7.014363
200	3	3.319704	0.648818	3.789708	7.758230
200	4	3.319704	0.519100	2.502584	6.341388
200	5	3.319704	0.612515	3.694314	7.626533
200	6	3.319704	0.512009	2.432225	6.263938
200	7	3.319704	0.512009	2.432225	6.263938
200	8	3.319704	0.567060	2.978468	6.865232
200	9	3.319704	0.598574	3.291165	7.209443
200	10	3.319704	0.618796	3.491821	7.430322
200	11	3.319704	0.512009	2.432225	6.263938
200	12	3.319704	0.598424	3.289673	7.207801
200	13	3.319704	0.650736	3.808741	7.779181
200	14	3.319704	0.596407	3.269660	7.185771
200	15	3.319704	0.569133	2.999032	6.887869
200	16	3.319704	0.455538	1.871888	5.647130
200	17	3.319704	0.558974	2.898234	6.776912
200	18	3.319704	0.564920	2.957232	6.841857
200	19	3.319704	0.534768	2.658052	6.512525
200	20	3.319704	0.557105	2.879689	6.756499
200	21	3.319704	0.523936	2.550569	6.394210
200	22	3.319704	0.589537	3.201495	7.110736
200	23	3.319704	0.569930	3.006945	6.896580
200	24	3.319704	0.598574	3.291165	7.209443
200	25	3.319704	0.557105	2.879689	6.756499
200	26	3.319704	0.623704	3.540521	7.483929
200	27	3.319704	0.534768	2.658052	6.512525
200	28	3.319704	0.434015	1.658332	5.412052
200	29	3.319704	0.590916	3.215178	7.125798
200	30	3.319704	0.581694	3.123668	7.025066
200	31	3.319704	0.476861	2.083468	5.880034
200	32	3.319704	0.722503	4.520845	8.563052
200	33	3.319704	0.590727	3.213304	7.123736
200	34	3.319704	0.581065	3.117435	7.018204
200	35	3.319704	0.523936	2.550569	6.394210
200	36	3.319704	0.563219	2.940351	6.823274
200	37	3.319704	0.508155	2.393982	6.221842
200	38	3.319704	0.519055	2.502138	6.340897
200	39	3.319704	0.532606	2.636593	6.488903
200	40	3.319704	0.598424	3.289673	7.207801
200	41	3.319704	0.498075	2.293961	6.111741
200	42	3.319704	0.571554	3.023056	6.914314
200	43	3.319704	0.581694	3.123668	7.025066
200	44	3.319704	0.503251	2.345324	6.168279
200	45	3.319704	0.598574	3.291165	7.209443
200	46	3.319704	0.596765	3.591001	7.507471
200	47	3.319704	0.623704	3.540521	7.483929
200	48	3.319704	0.509319	2.405536	6.234560
200	49	3.319704	0.599183	3.562024	7.480911
200	50	3.319704	0.580714	3.113944	7.014363
200	51	3.319704	0.503251	2.345324	6.168279
200	52	3.319704	0.599605	3.301396	7.220705
200	53	3.319704	0.503143	2.344246	6.167093
200	54	3.319704	0.680924	4.108281	8.108909
200	55	3.319704	0.494407	2.734239	6.548351
200	56	3.319704	0.684862	4.147356	8.151923
200	57	3.319704	0.569930	3.006945	6.896580
200	58	3.319704	0.519100	2.502584	6.341388
200	59	3.319704	0.579008	3.097023	6.995736
200	60	3.319704	0.523936	2.550569	6.394210
200	61	3.319704	0.557105	2.879689	6.756499
200	62	3.319704	0.564920	2.957232	6.841857
200	63	3.319704	0.525886	2.569918	6.415508
200	64	3.319704	0.666796	3.968099	7.954600
200	65	3.319704	0.642382	3.725853	7.687940
200	66	3.319704	0.709478	4.550500	8.579683
200	67	3.319704	0.652761	3.828835	7.801300
200	68	3.319704	0.576591	3.073034	6.969329
200	69	3.319704	0.596407	3.269660	7.185771
200	70	3.319704	0.557105	2.879689	6.756499
200	71	3.319704	0.434015	1.658332	5.412052
200	72	3.319704	0.680924	4.108281	8.108909
200	73	3.319704	0.494407	2.734239	6.548351
200	74	3.319704	0.476861	2.083468	5.880034
200	75	3.319704	0.653853	3.839673	7.813231
200	76	3.319704	0.576591	3.073034	6.969329
200	77	3.319704	0.658821	3.941928	7.920453
200	78	3.319704	0.598574	3.291165	7.209443
200	79	3.319704	0.616760	3.471620	7.408084
200	80	3.319704	0.455538	1.871888	5.647130
200	81	3.319704	0.590916	3.215178	7.125798
200	82	3.319704	0.668585	3.985849	7.974139
200	83	3.319704	0.563219	2.940351	6.823274
200	84	3.319704	0.653853	3.839673	7.813231
200	85	3.319704	0.581694	3.123668	7.025066
200	86	3.319704	0.642382	3.725853	7.687940
200	87	3.319704	0.519055	2.502138	6.340897
200	88	3.319704	0.557105	2.879689	6.756499
200	89	3.319704	0.558974	2.898234	6.776912
200	90	3.319704	0.512009	2.432225	6.263938
200	91	3.319704	0.684862	4.147356	8.151923
200	92	3.319704	0.600411	3.309390	7.229505
200	93	3.319704	0.580714	3.113944	7.014363
200	94	3.319704	0.664126	4.100497	8.084328
200	95	3.319704	0.544057	3.226897	7.090659
200	96	3.319704	0.583557	3.142162	7.045424
200	97	3.319704	0.455538	1.871888	5.647130
200	98	3.319704	0.552514	3.151913	7.024131
200	99	3.319704	0.476861	2.083468	5.880034
201	0	3.278383	0.597577	3.281272	7.157231
201	1	3.278383	0.637791	3.680290	7.596464
201	2	3.278383	0.581800	3.124723	6.984905
201	3	3.278383	0.585127	3.157734	7.021244
201	4	3.278383	0.637791	3.680290	7.596464
201	5	3.278383	0.433564	1.653855	5.365802
201	6	3.278383	0.569580	3.003470	6.851433
201	7	3.278383	0.622032	3.523929	7.424345
201	8	3.278383	0.608233	3.651823	7.538439
201	9	3.278383	0.744378	4.737903	8.760663
201	10	3.278383	0.705613	4.353254	8.337250
201	11	3.278383	0.577266	3.079732	6.935381
201	12	3.278383	0.555724	2.865990	6.700097
201	13	3.278383	0.673342	4.033045	7.984769
201	14	3.278383	0.487470	2.188737	5.954590
201	15	3.278383	0.650750	3.808883	7.738016
201	16	3.278383	0.664642	3.946726	7.889752
201	17	3.278383	0.619997	3.503736	7.402116
201	18	3.278383	0.592589	3.496594	7.367566
201	19	3.278383	0.535766	2.667952	6.482101
201	20	3.278383	0.555741	2.866157	6.700282
201	21	3.278383	0.569580	3.003470	6.851433
201	22	3.278383	0.680651	4.105573	8.064607
201	23	3.278383	0.557334	2.881962	6.717679
201	24	3.278383	0.666961	4.075657	8.021000
201	25	3.278383	0.582638	3.133038	6.994058
201	26	3.278383	0.680257	4.101662	8.060301
201	27	3.278383	0.555724	2.865990	6.700097
201	28	3.278383	0.705613	4.353254	8.337250
201	29	3.278383	0.538331	2.693405	6.510119
201	30	3.278383	0.636544	3.667919	7.582845
201	31	3.278383	0.535313	2.663458	6.477154
201	32	3.278383	0.705613	4.353254	8.337250
201	33	3.278383	0.606681	3.371603	7.256667
201	34	3.278383	0.584281	3.149347	7.012011
201	35	3.278383	0.670665	4.006483	7.955531
201	36	3.278383	0.609700	3.401559	7.289641
201	37	3.278383	0.542009	2.729897	6.550289
201	38	3.278383	0.581800	3.124723	6.984905
201	39	3.278383	0.565771	2.965672	6.809825
201	40	3.278383	0.549656	2.805778	6.633818
201	41	3.278383	0.555741	2.866157	6.700282
201	42	3.278383	0.492376	2.237414	6.008173
201	43	3.278383	0.609938	3.403920	7.292240
201	44	3.278383	0.644500	3.905759	7.828642
201	45	3.278383	0.534817	2.658534	6.471734
201	46	3.278383	0.557299	2.881609	6.717291
201	47	3.278383	0.565771	2.965672	6.809825
201	48	3.278383	0.644281	3.744695	7.667359
201	49	3.278383	0.565034	2.958360	6.801777
201	50	3.278383	0.644500	3.905759	7.828642
201	51	3.278383	0.636544	3.667919	7.582845
201	52	3.278383	0.705613	4.353254	8.337250
201	53	3.278383	0.608233	3.651823	7.538439
201	54	3.278383	0.538331	2.693405	6.510119
201	55	3.278383	0.515168	2.463567	6.257117
201	56	3.278383	0.545953	2.769028	6.593364
201	57	3.278383	0.581800	3.124723	6.984905
201	58	3.278383	0.673342	4.033045	7.984769
201	59	3.278383	0.557334	2.881962	6.717679
201	60	3.278383	0.512633	2.438415	6.229430
201	61	3.278383	0.531816	2.628757	6.438955
201	62	3.278383	0.583847	3.145039	7.007269
201	63	3.278383	0.530178	2.612507	6.421068
201	64	3.278383	0.534817	2.658534	6.471734
201	65	3.278383	0.705613	4.353254	8.337250
201	66	3.278383	0.512633	2.438415	6.229430
201	67	3.278383	0.572430	3.031754	6.882568
201	68	3.278383	0.602357	3.328702	7.209442
201	69	3.278383	0.600531	3.310588	7.189502
201	70	3.278383	0.611964	3.424023	7.314369
201	71	3.278383	0.453756	1.854207	5.586346
201	72	3.278383	0.653212	3.833306	7.764901
201	73	3.278383	0.569580	3.003470	6.851433
201	74	3.278383	0.664642	3.946726	7.889752
201	75	3.278383	0.670665	4.006483	7.955531
201	76	3.278383	0.512633	2.438415	6.229430
201	77	3.278383	0.622339	3.526975	7.427697
201	78	3.278383	0.487470	2.188737	5.954590
201	79	3.278383	0.600531	3.310588	7.189502
201	80	3.278383	0.555724	2.865990	6.700097
201	81	3.278383	0.619997	3.503736	7.402116
201	82	3.278383	0.664642	3.946726	7.889752
201	83	3.278383	0.511261	2.424802	6.214446
201	84	3.278383	0.487470	2.188737	5.954590
201	85	3.278383	0.582638	3.133038	6.994058
201	86	3.278383	0.453756	1.854207	5.586346
201	87	3.278383	0.501884	2.914362	6.694630
201	88	3.278383	0.673342	4.033045	7.984769
201	89	3.278383	0.745994	4.806904	8.831281
201	90	3.278383	0.557299	2.881609	6.717291
201	91	3.278383	0.530178	2.612507	6.421068
201	92	3.278383	0.594491	3.409543	7.282417
201	93	3.278383	0.545953	2.769028	6.593364
201	94	3.278383	0.755187	4.898117	8.931686
201	95	3.278383	0.489799	2.211849	5.980031
201	96	3.278383	0.492376	2.237414	6.008173
201	97	3.278383	0.565034	2.958360	6.801777
201	98	3.278383	0.636544	3.667919	7.582845
201	99	3.278383	0.585127	3.157734	7.021244
202	0	3.305824	0.649661	3.798075	7.753560
202	1	3.305824	0.529646	2.607221	6.442691
202	2	3.305824	0.548199	3.215027	7.069050
202	3	3.305824	0.623089	3.534411	7.463324
202	4	3.305824	0.512715	2.439227	6.257766
202	5	3.305824	0.594400	3.249752	7.149976
202	6	3.305824	0.529646	2.607221	6.442691
202	7	3.305824	0.548564	2.794941	6.649328
202	8	3.305824	0.453373	1.850409	5.609606
202	9	3.305824	0.558918	2.897674	6.762415
202	10	3.305824	0.691184	4.210085	8.207093
202	11	3.305824	0.492382	2.237478	6.035684
202	12	3.305824	0.592465	3.230550	7.128839
202	13	3.305824	0.553124	2.840185	6.699132
202	14	3.305824	0.673343	4.033060	8.012227
202	15	3.305824	0.588375	3.189961	7.084160
202	16	3.305824	0.655283	3.906827	7.867934
202	17	3.305824	0.691184	4.210085	8.207093
202	18	3.305824	0.612100	3.425371	7.343294
202	19	3.305824	0.550601	2.815156	6.671582
202	20	3.305824	0.653122	3.832413	7.791359
202	21	3.305824	0.691184	4.210085	8.207093
202	22	3.305824	0.512715	2.439227	6.257766
202	23	3.305824	0.596202	3.267631	7.169657
202	24	3.305824	0.738084	4.675455	8.719363
202	25	3.305824	0.595941	3.265039	7.166804
202	26	3.305824	0.433542	1.653630	5.392995
202	27	3.305824	0.669456	3.994486	7.969765
202	28	3.305824	0.546003	2.769528	6.621354
202	29	3.305824	0.597643	3.493783	7.397250
202	30	3.305824	0.759472	4.887679	8.952975
202	31	3.305824	0.651339	3.814727	7.771890
202	32	3.305824	0.569757	3.005229	6.880810
202	33	3.305824	0.581118	3.117960	7.004902
202	34	3.305824	0.492382	2.237478	6.035684
202	35	3.305824	0.603458	3.339630	7.248912
202	36	3.305824	0.512715	2.439227	6.257766
202	37	3.305824	0.579461	3.101520	6.986806
202	38	3.305824	0.577337	3.080439	6.963600
202	39	3.305824	0.490345	2.217266	6.013435
202	40	3.305824	0.588375	3.189961	7.084160
202	41	3.305824	0.671609	4.015855	7.993288
202	42	3.305824	0.617032	3.474310	7.397165
202	43	3.305824	0.546003	2.769528	6.621354
202	44	3.305824	0.651339	3.814727	7.771890
202	45	3.305824	0.588375	3.189961	7.084160
202	46	3.305824	0.648007	3.781667	7.735498
202	47	3.305824	0.620046	3.504223	7.430093
202	48	3.305824	0.691184	4.210085	8.207093
202	49	3.305824	0.553124	2.840185	6.699132
202	50	3.305824	0.673343	4.033060	8.012227
202	51	3.305824	0.631988	3.781604	7.719416
202	52	3.305824	0.490345	2.217266	6.013435
202	53	3.305824	0.570750	3.015084	6.891659
202	54	3.305824	0.634104	3.643710	7.583638
202	55	3.305824	0.592465	3.230550	7.128839
202	56	3.305824	0.481004	2.124573	5.911401
202	57	3.305824	0.710056	4.450311	8.466191
202	58	3.305824	0.548255	3.162618	7.016697
202	59	3.305824	0.569757	3.005229	6.880810
202	60	3.305824	0.592187	3.227786	7.125797
202	61	3.305824	0.578417	3.091159	6.975400
202	62	3.305824	0.548255	3.162618	7.016697
202	63	3.305824	0.592187	3.227786	7.125797
202	64	3.305824	0.606245	3.367278	7.279347
202	65	3.305824	0.603458	3.339630	7.248912
202	66	3.305824	0.598487	3.290300	7.194611
202	67	3.305824	0.587973	3.185978	7.079775
202	68	3.305824	0.708252	4.379440	8.393515
202	69	3.305824	0.594400	3.249752	7.149976
202	70	3.305824	0.634397	3.699578	7.639799
202	71	3.305824	0.692981	4.227919	8.226724
202	72	3.305824	0.549637	2.805589	6.661050
202	73	3.305824	0.647108	3.772747	7.725680
202	74	3.305824	0.549637	2.805589	6.661050
202	75	3.305824	0.579189	3.098816	6.983828
202	76	3.305824	0.554792	2.856735	6.717351
202	77	3.305824	0.584536	3.151877	7.042237
202	78	3.305824	0.649661	3.798075	7.753560
202	79	3.305824	0.546928	2.778710	6.631462
202	80	3.305824	0.671609	4.015855	7.993288
202	81	3.305824	0.570750	3.015084	6.891659
202	82	3.305824	0.620046	3.504223	7.430093
202	83	3.305824	0.651339	3.814727	7.771890
202	84	3.305824	0.653122	3.832413	7.791359
202	85	3.305824	0.735451	4.702290	8.743564
202	86	3.305824	0.670193	4.001808	7.977825
202	87	3.305824	0.634104	3.643710	7.583638
202	88	3.305824	0.587553	3.181809	7.075186
202	89	3.305824	0.475217	2.755678	6.536719
202	90	3.305824	0.507923	2.391677	6.205424
202	91	3.305824	0.485398	2.168179	5.959401
202	92	3.305824	0.570750	3.015084	6.891659
202	93	3.305824	0.620046	3.504223	7.430093
202	94	3.305824	0.546003	2.769528	6.621354
202	95	3.305824	0.617032	3.474310	7.397165
202	96	3.305824	0.485398	2.168179	5.959401
202	97	3.305824	0.596192	3.267532	7.169548
202	98	3.305824	0.546928	2.778710	6.631462
202	99	3.305824	0.584137	3.147911	7.037871
203	0	3.104755	0.589563	3.201751	6.896069
203	1	3.104755	0.615261	3.456744	7.176760
203	2	3.104755	0.558503	2.893561	6.556818
203	3	3.104755	0.533457	2.645044	6.283256
203	4	3.104755	0.615261	3.456744	7.176760
203	5	3.104755	0.589962	3.205713	6.900430
203	6	3.104755	0.640726	3.815348	7.560828
203	7	3.104755	0.540521	3.032914	6.678189
203	8	3.104755	0.671945	4.019192	7.795892
203	9	3.104755	0.558892	2.897422	6.561069
203	10	3.104755	0.497026	2.283550	5.885330
203	11	3.104755	0.593789	3.243685	6.942229
203	12	3.104755	0.599684	3.566996	7.271434
203	13	3.104755	0.520585	2.517315	6.142654
203	14	3.104755	0.689583	4.194203	7.988541
203	15	3.104755	0.568645	2.994194	6.667593
203	16	3.104755	0.516096	2.472777	6.093628
203	17	3.104755	0.478875	2.103449	5.687079
203	18	3.104755	0.497026	2.283550	5.885330
203	19	3.104755	0.496740	2.280716	5.882211
203	20	3.104755	0.689681	4.195175	7.989611
203	21	3.104755	0.510364	2.415897	6.031015
203	22	3.104755	0.716366	4.459958	8.281079
203	23	3.104755	0.641372	3.715825	7.461951
203	24	3.104755	0.614654	3.450720	7.170129
203	25	3.104755	0.564318	3.057190	6.726263
203	26	3.104755	0.556404	2.872729	6.533887
203	27	3.104755	0.567934	2.987136	6.659825
203	28	3.104755	0.594493	3.250674	6.949922
203	29	3.104755	0.558503	2.893561	6.556818
203	30	3.104755	0.583549	3.142075	6.830378
203	31	3.104755	0.615261	3.456744	7.176760
203	32	3.104755	0.714073	4.437203	8.256030
203	33	3.104755	0.496740	2.280716	5.882211
203	34	3.104755	0.543772	2.747393	6.395920
203	35	3.104755	0.630074	3.603726	7.338555
203	36	3.104755	0.671945	4.019192	7.795892
203	37	3.104755	0.610869	3.413164	7.128788
203	38	3.104755	0.583167	3.138286	6.826207
203	39	3.104755	0.747807	4.771924	8.624486
203	40	3.104755	0.571272	3.020256	6.696282
203	41	3.104755	0.620570	3.509415	7.234739
203	42	3.104755	0.686864	4.220185	8.011803
203	43	3.104755	0.584401	3.150532	6.839687
203	44	3.104755	0.457022	1.886610	5.448386
203	45	3.104755	0.748566	4.779465	8.632786
203	46	3.104755	0.678618	4.085403	7.868775
203	47	3.104755	0.556404	2.872729	6.533887
203	48	3.104755	0.646681	3.980357	7.731792
203	49	3.104755	0.547486	2.784239	6.436479
203	50	3.104755	0.748566	4.779465	8.632786
203	51	3.104755	0.435422	1.672288	5.212465
203	52	3.104755	0.612451	3.428856	7.146061
203	53	3.104755	0.615261	3.456744	7.176760
203	54	3.104755	0.568645	2.994194	6.667593
203	55	3.104755	0.497026	2.283550	5.885330
203	56	3.104755	0.583549	3.142075	6.830378
203	57	3.104755	0.610566	3.410159	7.125480
203	58	3.104755	0.585354	3.159988	6.850096
203	59	3.104755	0.435422	1.672288	5.212465
203	60	3.104755	0.558892	2.897422	6.561069
203	61	3.104755	0.571272	3.020256	6.696282
203	62	3.104755	0.587637	3.182646	6.875038
203	63	3.104755	0.610869	3.413164	7.128788
203	64	3.104755	0.559007	2.898557	6.562318
203	65	3.104755	0.478875	2.103449	5.687079
203	66	3.104755	0.614654	3.450720	7.170129
203	67	3.104755	0.580597	3.112786	6.798138
203	68	3.104755	0.556404	2.872729	6.533887
203	69	3.104755	0.691934	4.217525	8.014213
203	70	3.104755	0.614654	3.450720	7.170129
203	71	3.104755	0.497210	2.920949	6.522914
203	72	3.104755	0.533457	2.645044	6.283256
203	73	3.104755	0.634711	3.649739	7.389205
203	74	3.104755	0.691934	4.217525	8.014213
203	75	3.104755	0.559091	2.899392	6.563237
203	76	3.104755	0.587637	3.182646	6.875038
203	77	3.104755	0.567934	2.987136	6.659825
203	78	3.104755	0.541398	2.723834	6.369987
203	79	3.104755	0.614654	3.450720	7.170129
203	80	3.104755	0.497026	2.283550	5.885330
203	81	3.104755	0.580597	3.112786	6.798138
203	82	3.104755	0.571272	3.020256	6.696282
203	83	3.104755	0.612451	3.428856	7.146061
203	84	3.104755	0.435422	1.672288	5.212465
203	85	3.104755	0.599985	3.305167	7.009907
203	86	3.104755	0.689681	4.195175	7.989611
203	87	3.104755	0.478875	2.103449	5.687079
203	88	3.104755	0.559091	2.899392	6.563237
203	89	3.104755	0.539389	3.074644	6.718787
203	90	3.104755	0.543772	2.747393	6.395920
203	91	3.104755	0.587637	3.182646	6.875038
203	92	3.104755	0.451004	2.515428	6.071186
203	93	3.104755	0.485846	2.702260	6.292860
203	94	3.104755	0.558954	2.898032	6.561740
203	95	3.104755	0.605881	3.363668	7.074304
203	96	3.104755	0.478875	2.103449	5.687079
203	97	3.104755	0.594850	3.254212	6.953816
203	98	3.104755	0.714073	4.437203	8.256030
203	99	3.104755	0.743231	4.726522	8.574508
204	0	3.111560	0.581923	3.125948	6.819431
204	1	3.111560	0.541711	3.203613	6.856884
204	2	3.111560	0.581923	3.125948	6.819431
204	3	3.111560	0.515002	2.461924	6.088487
204	4	3.111560	0.545767	2.767188	6.424515
204	5	3.111560	0.552457	2.833564	6.497581
204	6	3.111560	0.464093	1.956780	5.532433
204	7	3.111560	0.677273	4.072057	7.860890
204	8	3.111560	0.611689	3.421301	7.144550
204	9	3.111560	0.446587	1.783074	5.341222
204	10	3.111560	0.640089	3.703098	7.454747
204	11	3.111560	0.512072	2.432846	6.056478
204	12	3.111560	0.507064	2.383161	6.001785
204	13	3.111560	0.654517	3.846259	7.612336
204	14	3.111560	0.512072	2.432846	6.056478
204	15	3.111560	0.626056	3.563850	7.301465
204	16	3.111560	0.677273	4.072057	7.860890
204	17	3.111560	0.653330	3.834480	7.599370
204	18	3.111560	0.479908	2.696297	6.287765
204	19	3.111560	0.671262	4.065372	7.848194
204	20	3.111560	0.510727	2.419507	6.041794
204	21	3.111560	0.464093	1.956780	5.532433
204	22	3.111560	0.623291	3.536423	7.271275
204	23	3.111560	0.654841	3.849478	7.615879
204	24	3.111560	0.640089	3.703098	7.454747
204	25	3.111560	0.525430	2.565391	6.202381
204	26	3.111560	0.587306	3.391209	7.090075
204	27	3.111560	0.515002	2.461924	6.088487
204	28	3.111560	0.684428	4.143046	7.939033
204	29	3.111560	0.704270	4.339932	8.155762
204	30	3.111560	0.613284	3.437122	7.161966
204	31	3.111560	0.722641	4.522221	8.356423
204	32	3.111560	0.626056	3.563850	7.301465
204	33	3.111560	0.524498	2.556143	6.192201
204	34	3.111560	0.609233	3.396927	7.117720
204	35	3.111560	0.464093	1.956780	5.532433
204	36	3.111560	0.635936	3.873740	7.621236
204	37	3.111560	0.563392	3.153926	6.828878
204	38	3.111560	0.523572	2.546953	6.182085
204	39	3.111560	0.555554	2.864301	6.531415
204	40	3.111560	0.598349	3.288931	6.998840
204	41	3.111560	0.663739	3.937767	7.713067
204	42	3.111560	0.654841	3.849478	7.615879
204	43	3.111560	0.725247	4.548077	8.384884
204	44	3.111560	0.653603	3.837188	7.602351
204	45	3.111560	0.626144	3.564731	7.302436
204	46	3.111560	0.626144	3.564731	7.302436
204	47	3.111560	0.523572	2.546953	6.182085
204	48	3.111560	0.684428	4.143046	7.939033
204	49	3.111560	0.656084	4.126622	7.894266
204	50	3.111560	0.654841	3.849478	7.615879
204	51	3.111560	0.514650	2.458427	6.084637
204	52	3.111560	0.523572	2.546953	6.182085
204	53	3.111560	0.545767	2.767188	6.424515
204	54	3.111560	0.507064	2.383161	6.001785
204	55	3.111560	0.574553	3.052819	6.738933
204	56	3.111560	0.723450	4.530250	8.365260
204	57	3.111560	0.653330	3.834480	7.599370
204	58	3.111560	0.610357	3.408081	7.129998
204	59	3.111560	0.555554	2.864301	6.531415
204	60	3.111560	0.735074	4.645582	8.492216
204	61	3.111560	0.613815	3.442393	7.167768
204	62	3.111560	0.626821	3.571442	7.309822
204	63	3.111560	0.598349	3.288931	6.998840
204	64	3.111560	0.570990	3.017463	6.700013
204	65	3.111560	0.626056	3.563850	7.301465
204	66	3.111560	0.464093	1.956780	5.532433
204	67	3.111560	0.789864	5.189238	9.090662
204	68	3.111560	0.770298	4.995096	8.876954
204	69	3.111560	0.571861	3.026106	6.709527
204	70	3.111560	0.514650	2.458427	6.084637
204	71	3.111560	0.640089	3.703098	7.454747
204	72	3.111560	0.581923	3.125948	6.819431
204	73	3.111560	0.627789	3.581047	7.320396
204	74	3.111560	0.528628	3.179725	6.819913
204	75	3.111560	0.704270	4.339932	8.155762
204	76	3.111560	0.606288	3.367706	7.085554
204	77	3.111560	0.663739	3.937767	7.713067
204	78	3.111560	0.571861	3.026106	6.709527
204	79	3.111560	0.533493	2.645400	6.290454
204	80	3.111560	0.581923	3.125948	6.819431
204	81	3.111560	0.625316	3.556513	7.293389
204	82	3.111560	0.574553	3.052819	6.738933
204	83	3.111560	0.599140	3.296785	7.007486
204	84	3.111560	0.770298	4.995096	8.876954
204	85	3.111560	0.574553	3.052819	6.738933
204	86	3.111560	0.545767	2.767188	6.424515
204	87	3.111560	0.523572	2.546953	6.182085
204	88	3.111560	0.723450	4.530250	8.365260
204	89	3.111560	0.652926	3.830472	7.594959
204	90	3.111560	0.553760	2.846494	6.511814
204	91	3.111560	0.607740	3.382116	7.101416
204	92	3.111560	0.578095	3.087959	6.777614
204	93	3.111560	0.578327	3.355084	7.044971
204	94	3.111560	0.578095	3.087959	6.777614
204	95	3.111560	0.597284	3.278362	6.987206
204	96	3.111560	0.625316	3.556513	7.293389
204	97	3.111560	0.610357	3.408081	7.129998
204	98	3.111560	0.583651	3.407908	7.103119
204	99	3.111560	0.623291	3.536423	7.271275
205	0	3.154899	0.630237	3.605337	7.390473
205	1	3.154899	0.494781	2.737948	6.387628
205	2	3.154899	0.507021	2.382730	6.044650
205	3	3.154899	0.542951	2.739242	6.437091
205	4	3.154899	0.522698	2.538280	6.215876
205	5	3.154899	0.676465	4.064042	7.895406
205	6	3.154899	0.529999	2.610731	6.295629
205	7	3.154899	0.562563	2.933842	6.651304
205	8	3.154899	0.664929	3.949571	7.769399
205	9	3.154899	0.689277	4.191162	8.035338
205	10	3.154899	0.597029	3.275832	7.027760
205	11	3.154899	0.587867	3.184920	6.927685
205	12	3.154899	0.664929	3.949571	7.769399
205	13	3.154899	0.696884	4.266649	8.118432
205	14	3.154899	0.709288	4.389722	8.253909
205	15	3.154899	0.521720	2.528583	6.205203
205	16	3.154899	0.619185	3.495677	7.269761
205	17	3.154899	0.569272	3.000410	6.724581
205	18	3.154899	0.653704	3.838195	7.646798
205	19	3.154899	0.681071	4.109739	7.945709
205	20	3.154899	0.510022	2.412503	6.077424
205	21	3.154899	0.527829	2.589201	6.271929
205	22	3.154899	0.681071	4.109739	7.945709
205	23	3.154899	0.542951	2.739242	6.437091
205	24	3.154899	0.697219	4.269965	8.122082
205	25	3.154899	0.608565	3.390302	7.153766
205	26	3.154899	0.632991	3.632666	7.420556
205	27	3.154899	0.615491	3.459027	7.229417
205	28	3.154899	0.653704	3.838195	7.646798
205	29	3.154899	0.460813	1.924234	5.539946
205	30	3.154899	0.460813	1.924234	5.539946
205	31	3.154899	0.521720	2.528583	6.205203
205	32	3.154899	0.608565	3.390302	7.153766
205	33	3.154899	0.563971	3.424488	7.143358
205	34	3.154899	0.521720	2.528583	6.205203
205	35	3.154899	0.608839	3.393016	7.156753
205	36	3.154899	0.547766	2.787024	6.489690
205	37	3.154899	0.615491	3.459027	7.229417
205	38	3.154899	0.439020	1.707986	5.301905
205	39	3.154899	0.686303	4.161658	8.002860
205	40	3.154899	0.697219	4.269965	8.122082
205	41	3.154899	0.676465	4.064042	7.895406
205	42	3.154899	0.656338	3.864332	7.675570
205	43	3.154899	0.574628	3.053556	6.783082
205	44	3.154899	0.540060	2.710557	6.405515
205	45	3.154899	0.600823	3.419404	7.175125
205	46	3.154899	0.656338	3.864332	7.675570
205	47	3.154899	0.613575	3.440011	7.208485
205	48	3.154899	0.562563	2.933842	6.651304
205	49	3.154899	0.542951	2.739242	6.437091
205	50	3.154899	0.604951	3.354441	7.114291
205	51	3.154899	0.709288	4.389722	8.253909
205	52	3.154899	0.569272	3.000410	6.724581
205	53	3.154899	0.543398	2.743678	6.441975
205	54	3.154899	0.615598	3.618973	7.389469
205	55	3.154899	0.516957	2.481318	6.153174
205	56	3.154899	0.608520	3.389850	7.153268
205	57	3.154899	0.575199	3.059228	6.789326
205	58	3.154899	0.604951	3.354441	7.114291
205	59	3.154899	0.529999	2.610731	6.295629
205	60	3.154899	0.624386	3.547289	7.326574
205	61	3.154899	0.673103	4.189568	8.017570
205	62	3.154899	0.585365	3.160099	6.900363
205	63	3.154899	0.522711	2.538414	6.216024
205	64	3.154899	0.382362	1.940259	5.477520
205	65	3.154899	0.507021	2.382730	6.044650
205	66	3.154899	0.689277	4.191162	8.035338
205	67	3.154899	0.571411	3.021640	6.747950
205	68	3.154899	0.562563	2.933842	6.651304
205	69	3.154899	0.460813	1.924234	5.539946
205	70	3.154899	0.571411	3.021640	6.747950
205	71	3.154899	0.608520	3.389850	7.153268
205	72	3.154899	0.639946	3.860567	7.655411
205	73	3.154899	0.510022	2.412503	6.077424
205	74	3.154899	0.624386	3.547289	7.326574
205	75	3.154899	0.571411	3.021640	6.747950
205	76	3.154899	0.545216	2.761721	6.461836
205	77	3.154899	0.522711	2.538414	6.216024
205	78	3.154899	0.540060	2.710557	6.405515
205	79	3.154899	0.540060	2.710557	6.405515
205	80	3.154899	0.547766	2.787024	6.489690
205	81	3.154899	0.439020	1.707986	5.301905
205	82	3.154899	0.566214	2.970068	6.691180
205	83	3.154899	0.664929	3.949571	7.769399
205	84	3.154899	0.527320	2.584142	6.266360
205	85	3.154899	0.608565	3.390302	7.153766
205	86	3.154899	0.610738	3.570752	7.336388
205	87	3.154899	0.512499	2.437087	6.104485
205	88	3.154899	0.572152	3.028995	6.756046
205	89	3.154899	0.597933	3.390729	7.143561
205	90	3.154899	0.608565	3.390302	7.153766
205	91	3.154899	0.511308	2.425271	6.091478
205	92	3.154899	0.566214	2.970068	6.691180
205	93	3.154899	0.686303	4.161658	8.002860
205	94	3.154899	0.527320	2.584142	6.266360
205	95	3.154899	0.630237	3.605337	7.390473
205	96	3.154899	0.572152	3.028995	6.756046
205	97	3.154899	0.696884	4.266649	8.118432
205	98	3.154899	0.521720	2.528583	6.205203
205	99	3.154899	0.627936	3.635475	7.418311
206	0	3.277151	0.573127	3.038666	6.888944
206	1	3.277151	0.567159	2.979445	6.823755
206	2	3.277151	0.590988	3.215897	7.084036
206	3	3.277151	0.439156	1.709340	5.425647
206	4	3.277151	0.552818	2.837152	6.667121
206	5	3.277151	0.623758	3.541050	7.441959
206	6	3.277151	0.593499	3.611557	7.482207
206	7	3.277151	0.600373	3.309019	7.186543
206	8	3.277151	0.594936	3.255067	7.127154
206	9	3.277151	0.653856	3.839700	7.770707
206	10	3.277151	0.614971	3.453867	7.345990
206	11	3.277151	0.569076	2.998471	6.844697
206	12	3.277151	0.678143	4.080689	8.035983
206	13	3.277151	0.607219	3.376940	7.261310
206	14	3.277151	0.502447	2.337345	6.116943
206	15	3.277151	0.531661	2.627219	6.436031
206	16	3.277151	0.542210	2.731895	6.551256
206	17	3.277151	0.462185	1.937842	5.677178
206	18	3.277151	0.568576	2.993512	6.839240
206	19	3.277151	0.588859	3.194769	7.060780
206	20	3.277151	0.522722	2.538518	6.338391
206	21	3.277151	0.573127	3.038666	6.888944
206	22	3.277151	0.636451	3.666994	7.580596
206	23	3.277151	0.502447	2.337345	6.116943
206	24	3.277151	0.569076	2.998471	6.844697
206	25	3.277151	0.506152	2.374109	6.157412
206	26	3.277151	0.568576	2.993512	6.839240
206	27	3.277151	0.674754	4.047065	7.998970
206	28	3.277151	0.631222	3.774003	7.682376
206	29	3.277151	0.571597	3.023488	6.872236
206	30	3.277151	0.561536	2.923654	6.762341
206	31	3.277151	0.576440	3.124503	6.978094
206	32	3.277151	0.623758	3.541050	7.441959
206	33	3.277151	0.594537	3.251103	7.122790
206	34	3.277151	0.597006	3.593389	7.467546
206	35	3.277151	0.594936	3.255067	7.127154
206	36	3.277151	0.676470	4.064091	8.017712
206	37	3.277151	0.675776	4.057198	8.010124
206	38	3.277151	0.510579	2.418035	6.205765
206	39	3.277151	0.588836	3.459355	7.325342
206	40	3.277151	0.648670	3.947137	7.872959
206	41	3.277151	0.599700	3.302342	7.179193
206	42	3.277151	0.603909	3.344102	7.225162
206	43	3.277151	0.506152	2.374109	6.157412
206	44	3.277151	0.600373	3.309019	7.186543
206	45	3.277151	0.711046	4.407163	8.395360
206	46	3.277151	0.641628	3.718372	7.637152
206	47	3.277151	0.579788	3.104757	6.961696
206	48	3.277151	0.595002	3.255723	7.127876
206	49	3.277151	0.586878	3.175108	7.039137
206	50	3.277151	0.594537	3.251103	7.122790
206	51	3.277151	0.596126	3.266873	7.140149
206	52	3.277151	0.691547	4.213687	8.182385
206	53	3.277151	0.543154	2.741255	6.561559
206	54	3.277151	0.596126	3.266873	7.140149
206	55	3.277151	0.695188	4.249814	8.222153
206	56	3.277151	0.510579	2.418035	6.205765
206	57	3.277151	0.596126	3.266873	7.140149
206	58	3.277151	0.695188	4.249814	8.222153
206	59	3.277151	0.570752	3.015105	6.863009
206	60	3.277151	0.600373	3.309019	7.186543
206	61	3.277151	0.544059	2.750236	6.571445
206	62	3.277151	0.586878	3.175108	7.039137
206	63	3.277151	0.678143	4.080689	8.035983
206	64	3.277151	0.533592	2.646376	6.457118
206	65	3.277151	0.567159	2.979445	6.823755
206	66	3.277151	0.655678	3.963705	7.896533
206	67	3.277151	0.502447	2.337345	6.116943
206	68	3.277151	0.699833	4.454798	8.431783
206	69	3.277151	0.602324	3.328370	7.207845
206	70	3.277151	0.519378	2.505346	6.301875
206	71	3.277151	0.695188	4.249814	8.222153
206	72	3.277151	0.600245	3.307742	7.185137
206	73	3.277151	0.727624	4.571661	8.576436
206	74	3.277151	0.502447	2.337345	6.116943
206	75	3.277151	0.653050	3.831703	7.761904
206	76	3.277151	0.724764	4.543286	8.545201
206	77	3.277151	0.573127	3.038666	6.888944
206	78	3.277151	0.674754	4.047065	7.998970
206	79	3.277151	0.675776	4.057198	8.010124
206	80	3.277151	0.564418	2.952256	6.793826
206	81	3.277151	0.655931	3.860290	7.793372
206	82	3.277151	0.568576	2.993512	6.839240
206	83	3.277151	0.567159	2.979445	6.823755
206	84	3.277151	0.564418	2.952256	6.793826
206	85	3.277151	0.565911	2.967062	6.810123
206	86	3.277151	0.543154	2.741255	6.561559
206	87	3.277151	0.439156	1.709340	5.425647
206	88	3.277151	0.519378	2.505346	6.301875
206	89	3.277151	0.557276	2.881385	6.715812
206	90	3.277151	0.660312	3.903763	7.841227
206	91	3.277151	0.565911	2.967062	6.810123
206	92	3.277151	0.531661	2.627219	6.436031
206	93	3.277151	0.534007	2.650494	6.461652
206	94	3.277151	0.623758	3.541050	7.441959
206	95	3.277151	0.510579	2.418035	6.205765
206	96	3.277151	0.586878	3.175108	7.039137
206	97	3.277151	0.513352	2.763327	6.553830
206	98	3.277151	0.600373	3.309019	7.186543
206	99	3.277151	0.462609	2.524657	6.264418
207	0	3.305052	0.610305	3.407563	7.322919
207	1	3.305052	0.611038	3.414841	7.330931
207	2	3.305052	0.611038	3.414841	7.330931
207	3	3.305052	0.590440	3.210459	7.105951
207	4	3.305052	0.640255	3.704747	7.650054
207	5	3.305052	0.627702	3.633146	7.565899
207	6	3.305052	0.712234	4.418958	8.436244
207	7	3.305052	0.583167	3.138284	7.026503
207	8	3.305052	0.654033	3.841457	7.800542
207	9	3.305052	0.712234	4.418958	8.436244
207	10	3.305052	0.649131	3.792816	7.746999
207	11	3.305052	0.624352	3.758797	7.688200
207	12	3.305052	0.771548	5.007495	9.084095
207	13	3.305052	0.511949	2.431630	6.248632
207	14	3.305052	0.665056	4.056760	8.026868
207	15	3.305052	0.463298	1.948887	5.717237
207	16	3.305052	0.522791	2.539211	6.367054
207	17	3.305052	0.636101	3.716486	7.657638
207	18	3.305052	0.573106	3.038461	6.916619
207	19	3.305052	0.624352	3.758797	7.688200
207	20	3.305052	0.570459	3.012191	6.887702
207	21	3.305052	0.488409	2.198051	5.991512
207	22	3.305052	0.578137	3.088381	6.971570
207	23	3.305052	0.570884	3.016410	6.892346
207	24	3.305052	0.590440	3.210459	7.105951
207	25	3.305052	0.659548	3.896181	7.860781
207	26	3.305052	0.610305	3.407563	7.322919
207	27	3.305052	0.548652	2.795813	6.649517
207	28	3.305052	0.662106	3.921560	7.888718
207	29	3.305052	0.628139	3.584524	7.517715
207	30	3.305052	0.570306	3.010674	6.886031
207	31	3.305052	0.573106	3.038461	6.916619
207	32	3.305052	0.638909	3.691391	7.635352
207	33	3.305052	0.595778	3.263417	7.164247
207	34	3.305052	0.593971	3.404386	7.303409
207	35	3.305052	0.534324	2.653645	6.493021
207	36	3.305052	0.570884	3.016410	6.892346
207	37	3.305052	0.572726	3.034688	6.912466
207	38	3.305052	0.649963	3.801072	7.756086
207	39	3.305052	0.669454	3.994466	7.968972
207	40	3.305052	0.573106	3.038461	6.916619
207	41	3.305052	0.610273	3.407251	7.322576
207	42	3.305052	0.737689	4.671534	8.714275
207	43	3.305052	0.536388	2.674126	6.515566
207	44	3.305052	0.583167	3.138284	7.026503
207	45	3.305052	0.605792	3.362786	7.273630
207	46	3.305052	0.691033	4.208594	8.204679
207	47	3.305052	0.564149	2.949584	6.818785
207	48	3.305052	0.580037	3.213160	7.098249
207	49	3.305052	0.748662	4.886338	8.940051
207	50	3.305052	0.531084	2.621490	6.457625
207	51	3.305052	0.590254	3.208608	7.103914
207	52	3.305052	0.669454	3.994466	7.968972
207	53	3.305052	0.628139	3.584524	7.517715
207	54	3.305052	0.531084	2.621490	6.457625
207	55	3.305052	0.610305	3.407563	7.322919
207	56	3.305052	0.611038	3.414841	7.330931
207	57	3.305052	0.534324	2.653645	6.493021
207	58	3.305052	0.441379	1.731401	5.477832
207	59	3.305052	0.570579	3.013382	6.889013
207	60	3.305052	0.549304	2.802287	6.656644
207	61	3.305052	0.572726	3.034688	6.912466
207	62	3.305052	0.710341	4.400169	8.415561
207	63	3.305052	0.610305	3.407563	7.322919
207	64	3.305052	0.610305	3.407563	7.322919
207	65	3.305052	0.570306	3.010674	6.886031
207	66	3.305052	0.615261	3.456743	7.377056
207	67	3.305052	0.572726	3.034688	6.912466
207	68	3.305052	0.570884	3.016410	6.892346
207	69	3.305052	0.636668	3.669147	7.610867
207	70	3.305052	0.595778	3.263417	7.164247
207	71	3.305052	0.654033	3.841457	7.800542
207	72	3.305052	0.488409	2.198051	5.991512
207	73	3.305052	0.581745	3.177142	7.063939
207	74	3.305052	0.594325	3.249004	7.148381
207	75	3.305052	0.649131	3.792816	7.746999
207	76	3.305052	0.522791	2.539211	6.367054
207	77	3.305052	0.611038	3.414841	7.330931
207	78	3.305052	0.640255	3.704747	7.650054
207	79	3.305052	0.669454	3.994466	7.968972
207	80	3.305052	0.654033	3.841457	7.800542
207	81	3.305052	0.549304	2.802287	6.656644
207	82	3.305052	0.441379	1.731401	5.477832
207	83	3.305052	0.621266	3.516330	7.442648
207	84	3.305052	0.638909	3.691391	7.635352
207	85	3.305052	0.573106	3.038461	6.916619
207	86	3.305052	0.640255	3.704747	7.650054
207	87	3.305052	0.626259	3.724759	7.656070
207	88	3.305052	0.576932	3.076423	6.958407
207	89	3.305052	0.710341	4.400169	8.415561
207	90	3.305052	0.595778	3.263417	7.164247
207	91	3.305052	0.636668	3.669147	7.610867
207	92	3.305052	0.570459	3.012191	6.887702
207	93	3.305052	0.681316	4.112174	8.098542
207	94	3.305052	0.570579	3.013382	6.889013
207	95	3.305052	0.570884	3.016410	6.892346
207	96	3.305052	0.560728	2.915634	6.781413
207	97	3.305052	0.441379	1.731401	5.477832
207	98	3.305052	0.620534	3.509059	7.434644
207	99	3.305052	0.595778	3.263417	7.164247
208	0	3.396330	0.432156	1.639878	5.468364
208	1	3.396330	0.666646	3.966609	8.029585
208	2	3.396330	0.547750	3.210572	7.154652
208	3	3.396330	0.651930	3.820592	7.868852
208	4	3.396330	0.528622	2.597069	6.522021
208	5	3.396330	0.603919	3.344202	7.344451
208	6	3.396330	0.621161	3.515283	7.532774
208	7	3.396330	0.591040	3.216406	7.203776
208	8	3.396330	0.533202	2.642506	6.572038
208	9	3.396330	0.562807	2.936261	6.895398
208	10	3.396330	0.497036	2.654400	6.547766
208	11	3.396330	0.555217	2.860954	6.812501
208	12	3.396330	0.487090	2.184966	6.068386
208	13	3.396330	0.669290	3.992839	8.058459
208	14	3.396330	0.534544	2.655825	6.586699
208	15	3.396330	0.624234	3.545776	7.566340
208	16	3.396330	0.627192	3.575126	7.598648
208	17	3.396330	0.579284	3.099755	7.075368
208	18	3.396330	0.590063	3.206711	7.193104
208	19	3.396330	0.566295	2.970873	6.933498
208	20	3.396330	0.691668	4.214890	8.302889
208	21	3.396330	0.534544	2.655825	6.586699
208	22	3.396330	0.645555	3.757333	7.799218
208	23	3.396330	0.656767	3.868589	7.921687
208	24	3.396330	0.691668	4.214890	8.302889
208	25	3.396330	0.487090	2.184966	6.068386
208	26	3.396330	0.524270	2.553882	6.474482
208	27	3.396330	0.662235	3.922844	7.981410
208	28	3.396330	0.589365	3.199792	7.185487
208	29	3.396330	0.571405	3.021576	6.989311
208	30	3.396330	0.603919	3.344202	7.344451
208	31	3.396330	0.519679	2.773151	6.689160
208	32	3.396330	0.581136	3.118136	7.095603
208	33	3.396330	0.526968	2.580650	6.503948
208	34	3.396330	0.772039	5.012374	9.180743
208	35	3.396330	0.621161	3.515283	7.532774
208	36	3.396330	0.496293	2.435173	6.327796
208	37	3.396330	0.605101	3.355924	7.357355
208	38	3.396330	0.688722	4.291587	8.376640
208	39	3.396330	0.583925	3.145814	7.126070
208	40	3.396330	0.566295	2.970873	6.933498
208	41	3.396330	0.593145	3.237297	7.226772
208	42	3.396330	0.662235	3.922844	7.981410
208	43	3.396330	0.589643	3.202545	7.188518
208	44	3.396330	0.542540	2.735167	6.674037
208	45	3.396330	0.450047	1.817406	5.663783
208	46	3.396330	0.579160	3.416311	7.391801
208	47	3.396330	0.493234	2.245928	6.135492
208	48	3.396330	0.577427	3.081334	7.055091
208	49	3.396330	0.544017	3.067610	7.007957
208	50	3.396330	0.651930	3.820592	7.868852
208	51	3.396330	0.490657	2.220363	6.107350
208	52	3.396330	0.638468	3.687008	7.721805
208	53	3.396330	0.621161	3.515283	7.532774
208	54	3.396330	0.529471	2.605489	6.531290
208	55	3.396330	0.696062	4.258490	8.350883
208	56	3.396330	0.574481	3.052102	7.022914
208	57	3.396330	0.544601	2.755613	6.696544
208	58	3.396330	0.551857	2.827610	6.775797
208	59	3.396330	0.717744	4.473631	8.587705
208	60	3.396330	0.666678	3.966923	8.029930
208	61	3.396330	0.551857	2.827610	6.775797
208	62	3.396330	0.612373	3.428081	7.436784
208	63	3.396330	0.547261	2.782015	6.725607
208	64	3.396330	0.493234	2.245928	6.135492
208	65	3.396330	0.610612	3.463572	7.470514
208	66	3.396330	0.609568	3.400248	7.406146
208	67	3.396330	0.688722	4.291587	8.376640
208	68	3.396330	0.493234	2.245928	6.135492
208	69	3.396330	0.524270	2.553882	6.474482
208	70	3.396330	0.574481	3.052102	7.022914
208	71	3.396330	0.515829	2.470130	6.382290
208	72	3.396330	0.621161	3.515283	7.532774
208	73	3.396330	0.645555	3.757333	7.799218
208	74	3.396330	0.691668	4.214890	8.302889
208	75	3.396330	0.529471	2.605489	6.531290
208	76	3.396330	0.666678	3.966923	8.029930
208	77	3.396330	0.614631	3.450485	7.461446
208	78	3.396330	0.609568	3.400248	7.406146
208	79	3.396330	0.591040	3.216406	7.203776
208	80	3.396330	0.524270	2.553882	6.474482
208	81	3.396330	0.562807	2.936261	6.895398
208	82	3.396330	0.513140	2.443447	6.352918
208	83	3.396330	0.590063	3.206711	7.193104
208	84	3.396330	0.544601	2.755613	6.696544
208	85	3.396330	0.621161	3.515283	7.532774
208	86	3.396330	0.669290	3.992839	8.058459
208	87	3.396330	0.526968	2.580650	6.503948
208	88	3.396330	0.515824	2.470081	6.382236
208	89	3.396330	0.567425	2.982092	6.945848
208	90	3.396330	0.589365	3.199792	7.185487
208	91	3.396330	0.648799	3.895454	7.940583
208	92	3.396330	0.542540	2.735167	6.674037
208	93	3.396330	0.609568	3.400248	7.406146
208	94	3.396330	0.534544	2.655825	6.586699
208	95	3.396330	0.542540	2.735167	6.674037
208	96	3.396330	0.478012	2.094890	5.969233
208	97	3.396330	0.514430	2.456244	6.367004
208	98	3.396330	0.513140	2.443447	6.352918
208	99	3.396330	0.603919	3.344202	7.344451
209	0	3.234493	0.702037	4.317779	8.254310
209	1	3.234493	0.579761	3.104493	6.918747
209	2	3.234493	0.538126	2.691365	6.463983
209	3	3.234493	0.584016	3.146715	6.965225
209	4	3.234493	0.691598	4.267155	8.193246
209	5	3.234493	0.584181	3.148350	6.967024
209	6	3.234493	0.552238	2.831393	6.618124
209	7	3.234493	0.614207	3.446286	7.294986
209	8	3.234493	0.538126	2.691365	6.463983
209	9	3.234493	0.536813	3.155016	6.926322
209	10	3.234493	0.524478	2.555943	6.314913
209	11	3.234493	0.653715	3.838302	7.726511
209	12	3.234493	0.614207	3.446286	7.294986
209	13	3.234493	0.604356	3.348538	7.187387
209	14	3.234493	0.573571	3.043072	6.851136
209	15	3.234493	0.537407	2.684237	6.456137
209	16	3.234493	0.628924	3.751201	7.614618
209	17	3.234493	0.576055	3.067715	6.878263
209	18	3.234493	0.576304	3.070195	6.880993
209	19	3.234493	0.573571	3.043072	6.851136
209	20	3.234493	0.579265	3.099574	6.913332
209	21	3.234493	0.521816	2.529535	6.285845
209	22	3.234493	0.484275	2.157037	5.875806
209	23	3.234493	0.584181	3.148350	6.967024
209	24	3.234493	0.507869	2.391148	6.133510
209	25	3.234493	0.513024	2.442298	6.189815
209	26	3.234493	0.684342	4.142198	8.061033
209	27	3.234493	0.507310	2.385598	6.127401
209	28	3.234493	0.504214	2.354876	6.093583
209	29	3.234493	0.642420	3.726222	7.603134
209	30	3.234493	0.584016	3.146715	6.965225
209	31	3.234493	0.642960	3.837517	7.714970
209	32	3.234493	0.540670	2.716615	6.491779
209	33	3.234493	0.614207	3.446286	7.294986
209	34	3.234493	0.621720	3.520827	7.377040
209	35	3.234493	0.488474	2.198695	5.921662
209	36	3.234493	0.553890	2.847789	6.636172
209	37	3.234493	0.516664	2.478417	6.229574
209	38	3.234493	0.484275	2.157037	5.875806
209	39	3.234493	0.521884	2.530209	6.286587
209	40	3.234493	0.640648	3.708640	7.583781
209	41	3.234493	0.488474	2.198695	5.921662
209	42	3.234493	0.549043	2.799692	6.583228
209	43	3.234493	0.564314	3.110115	6.908923
209	44	3.234493	0.540670	2.716615	6.491779
209	45	3.234493	0.507869	2.391148	6.133510
209	46	3.234493	0.590684	3.424731	7.249908
209	47	3.234493	0.429171	1.610260	5.273924
209	48	3.234493	0.691598	4.267155	8.193246
209	49	3.234493	0.524913	2.560267	6.319673
209	50	3.234493	0.612357	3.427926	7.274776
209	51	3.234493	0.492309	2.236747	5.963548
209	52	3.234493	0.584181	3.148350	6.967024
209	53	3.234493	0.669215	3.992098	7.895806
209	54	3.234493	0.682582	4.124729	8.041804
209	55	3.234493	0.553890	2.847789	6.636172
209	56	3.234493	0.553890	2.847789	6.636172
209	57	3.234493	0.702037	4.317779	8.254310
209	58	3.234493	0.581435	3.121104	6.937032
209	59	3.234493	0.684382	4.142597	8.061472
209	60	3.234493	0.515866	2.470498	6.220857
209	61	3.234493	0.691598	4.267155	8.193246
209	62	3.234493	0.667265	3.972755	7.874513
209	63	3.234493	0.488474	2.198695	5.921662
209	64	3.234493	0.580851	3.115307	6.930651
209	65	3.234493	0.581435	3.121104	6.937032
209	66	3.234493	0.667265	3.972755	7.874513
209	67	3.234493	0.521884	2.530209	6.286587
209	68	3.234493	0.569463	3.002314	6.806271
209	69	3.234493	0.564314	3.110115	6.908923
209	70	3.234493	0.540670	2.716615	6.491779
209	71	3.234493	0.501301	2.325971	6.061765
209	72	3.234493	0.576055	3.067715	6.878263
209	73	3.234493	0.553223	2.841172	6.628888
209	74	3.234493	0.450801	1.824891	5.510185
209	75	3.234493	0.621770	3.521324	7.377587
209	76	3.234493	0.515866	2.470498	6.220857
209	77	3.234493	0.524840	2.559543	6.318876
209	78	3.234493	0.677067	4.070014	7.981575
209	79	3.234493	0.733399	4.628968	8.596860
209	80	3.234493	0.492309	2.236747	5.963548
209	81	3.234493	0.606762	3.372407	7.213661
209	82	3.234493	0.515866	2.470498	6.220857
209	83	3.234493	0.580851	3.115307	6.930651
209	84	3.234493	0.524913	2.560267	6.319673
209	85	3.234493	0.552238	2.831393	6.618124
209	86	3.234493	0.653715	3.838302	7.726511
209	87	3.234493	0.500748	2.320484	6.055725
209	88	3.234493	0.757668	4.869775	8.861936
209	89	3.234493	0.524478	2.555943	6.314913
209	90	3.234493	0.621817	3.521798	7.378108
209	91	3.234493	0.579761	3.104493	6.918747
209	92	3.234493	0.573768	3.203918	7.012179
209	93	3.234493	0.521816	2.529535	6.285845
209	94	3.234493	0.660240	3.903042	7.797775
209	95	3.234493	0.584181	3.148350	6.967024
209	96	3.234493	0.660240	3.903042	7.797775
209	97	3.234493	0.605835	3.363214	7.203542
209	98	3.234493	0.642420	3.726222	7.603134
209	99	3.234493	0.504214	2.354876	6.093583
210	0	3.212963	0.542118	2.730976	6.486057
210	1	3.212963	0.529079	2.601596	6.343637
210	2	3.212963	0.637201	3.674440	7.524604
210	3	3.212963	0.570834	3.015915	6.799711
210	4	3.212963	0.516659	2.478365	6.207987
210	5	3.212963	0.605172	3.356636	7.174771
210	6	3.212963	0.608935	3.393971	7.215869
210	7	3.212963	0.683164	4.130508	8.026634
210	8	3.212963	0.675423	4.053696	7.942081
210	9	3.212963	0.582595	3.238544	7.034102
210	10	3.212963	0.606229	3.367124	7.186316
210	11	3.212963	0.679014	4.089331	7.981308
210	12	3.212963	0.626657	3.569818	7.409438
210	13	3.212963	0.542118	2.730976	6.486057
210	14	3.212963	0.614197	3.446182	7.273342
210	15	3.212963	0.542118	2.730976	6.486057
210	16	3.212963	0.766455	4.956963	8.936381
210	17	3.212963	0.766455	4.956963	8.936381
210	18	3.212963	0.679014	4.089331	7.981308
210	19	3.212963	0.509106	2.403422	6.125491
210	20	3.212963	0.590392	3.209978	7.013332
210	21	3.212963	0.574916	3.056422	6.844301
210	22	3.212963	0.516659	2.478365	6.207987
210	23	3.212963	0.626657	3.569818	7.409438
210	24	3.212963	0.636308	3.930398	7.779669
210	25	3.212963	0.590451	3.210561	7.013975
210	26	3.212963	0.578768	3.094642	6.886373
210	27	3.212963	0.542118	2.730976	6.486057
210	28	3.212963	0.538211	2.692216	6.443390
210	29	3.212963	0.659798	3.898660	7.771420
210	30	3.212963	0.556592	2.874595	6.644149
210	31	3.212963	0.728654	4.581879	8.523495
210	32	3.212963	0.655790	4.017780	7.886533
210	33	3.212963	0.582657	3.133224	6.928843
210	34	3.212963	0.537731	2.687448	6.438142
210	35	3.212963	0.503291	2.345722	6.061976
210	36	3.212963	0.574916	3.056422	6.844301
210	37	3.212963	0.650394	3.805347	7.668703
210	38	3.212963	0.701823	4.315651	8.230436
210	39	3.212963	0.620058	3.504342	7.337363
210	40	3.212963	0.630315	3.765001	7.608278
210	41	3.212963	0.587736	3.183627	6.984326
210	42	3.212963	0.590392	3.209978	7.013332
210	43	3.212963	0.460175	1.917900	5.591038
210	44	3.212963	0.580669	3.113499	6.907131
210	45	3.212963	0.659798	3.898660	7.771420
210	46	3.212963	0.582608	3.450527	7.246098
210	47	3.212963	0.616436	3.468402	7.297801
210	48	3.212963	0.599904	3.304366	7.117233
210	49	3.212963	0.631502	3.617895	7.462360
210	50	3.212963	0.580352	3.110358	6.903672
210	51	3.212963	0.542118	2.730976	6.486057
210	52	3.212963	0.630315	3.765001	7.608278
210	53	3.212963	0.683164	4.130508	8.026634
210	54	3.212963	0.578768	3.094642	6.886373
210	55	3.212963	0.509959	2.411882	6.134804
210	56	3.212963	0.557579	2.884393	6.654935
210	57	3.212963	0.728654	4.581879	8.523495
210	58	3.212963	0.626657	3.569818	7.409438
210	59	3.212963	0.542036	2.730167	6.485166
210	60	3.212963	0.503291	2.345722	6.061976
210	61	3.212963	0.629885	3.760738	7.603586
210	62	3.212963	0.615917	3.463248	7.292127
210	63	3.212963	0.501501	2.963526	6.677990
210	64	3.212963	0.496053	2.273902	5.982918
210	65	3.212963	0.605267	3.357577	7.175807
210	66	3.212963	0.614197	3.446182	7.273342
210	67	3.212963	0.631502	3.617895	7.462360
210	68	3.212963	0.605172	3.356636	7.174771
210	69	3.212963	0.509106	2.403422	6.125491
210	70	3.212963	0.659798	3.898660	7.771420
210	71	3.212963	0.728654	4.581879	8.523495
210	72	3.212963	0.617143	3.475411	7.305516
210	73	3.212963	0.509106	2.403422	6.125491
210	74	3.212963	0.496053	2.273902	5.982918
210	75	3.212963	0.605172	3.356636	7.174771
210	76	3.212963	0.602874	3.333833	7.149669
210	77	3.212963	0.537731	2.687448	6.438142
210	78	3.212963	0.562248	2.983688	6.758899
210	79	3.212963	0.659798	3.898660	7.771420
210	80	3.212963	0.596890	3.274459	7.084312
210	81	3.212963	0.621546	3.519101	7.353609
210	82	3.212963	0.584225	3.148785	6.945973
210	83	3.212963	0.542036	2.730167	6.485166
210	84	3.212963	0.482961	2.143994	5.839917
210	85	3.212963	0.592131	3.227232	7.032326
210	86	3.212963	0.611680	3.421206	7.245848
210	87	3.212963	0.605598	3.360862	7.179423
210	88	3.212963	0.537731	2.687448	6.438142
210	89	3.212963	0.516659	2.478365	6.207987
210	90	3.212963	0.604656	3.351513	7.169131
210	91	3.212963	0.627995	3.583091	7.424049
210	92	3.212963	0.660955	3.910144	7.784062
210	93	3.212963	0.621546	3.519101	7.353609
210	94	3.212963	0.701823	4.315651	8.230436
210	95	3.212963	0.482961	2.143994	5.839917
210	96	3.212963	0.605598	3.360862	7.179423
210	97	3.212963	0.679014	4.089331	7.981308
210	98	3.212963	0.622153	3.525122	7.360237
210	99	3.212963	0.590392	3.209978	7.013332
211	0	3.393686	0.529839	2.609141	6.532666
211	1	3.393686	0.479963	2.114248	5.987897
211	2	3.393686	0.674490	4.044444	8.112620
211	3	3.393686	0.701765	4.421002	8.516453
211	4	3.393686	0.501772	2.330648	6.226107
211	5	3.393686	0.442902	2.382069	6.218657
211	6	3.393686	0.619704	3.500827	7.514217
211	7	3.393686	0.542468	2.734449	6.670603
211	8	3.393686	0.583129	3.137914	7.114730
211	9	3.393686	0.650996	3.811325	7.856008
211	10	3.393686	0.543067	2.740399	6.677153
211	11	3.393686	0.647533	3.776957	7.818176
211	12	3.393686	0.562465	2.932874	6.889026
211	13	3.393686	0.536208	2.672335	6.602229
211	14	3.393686	0.623303	3.536540	7.553529
211	15	3.393686	0.665536	3.955598	8.014820
211	16	3.393686	0.503040	2.343228	6.239954
211	17	3.393686	0.709139	4.441205	8.544029
211	18	3.393686	0.494097	2.254489	6.142272
211	19	3.393686	0.513631	2.448319	6.355637
211	20	3.393686	0.501772	2.330648	6.226107
211	21	3.393686	0.604388	3.348853	7.346927
211	22	3.393686	0.529318	2.603967	6.526971
211	23	3.393686	0.708153	4.378464	8.480303
211	24	3.393686	0.625346	3.556813	7.575846
211	25	3.393686	0.665536	3.955598	8.014820
211	26	3.393686	0.479963	2.114248	5.987897
211	27	3.393686	0.486868	2.182757	6.063311
211	28	3.393686	0.543067	2.740399	6.677153
211	29	3.393686	0.543067	2.740399	6.677153
211	30	3.393686	0.604388	3.348853	7.346927
211	31	3.393686	0.568187	2.989651	6.951525
211	32	3.393686	0.582016	3.126872	7.102575
211	33	3.393686	0.571736	3.130791	7.096214
211	34	3.393686	0.486868	2.182757	6.063311
211	35	3.393686	0.428700	1.605594	5.427981
211	36	3.393686	0.640885	3.710992	7.745563
211	37	3.393686	0.545694	2.766465	6.705846
211	38	3.393686	0.485114	2.165353	6.044153
211	39	3.393686	0.543067	2.740399	6.677153
211	40	3.393686	0.588989	3.196056	7.178731
211	41	3.393686	0.529318	2.603967	6.526971
211	42	3.393686	0.564651	2.954565	6.912902
211	43	3.393686	0.485114	2.165353	6.044153
211	44	3.393686	0.633876	3.641447	7.669009
211	45	3.393686	0.615101	3.455154	7.463942
211	46	3.393686	0.604388	3.348853	7.346927
211	47	3.393686	0.592095	3.226874	7.212654
211	48	3.393686	0.623303	3.536540	7.553529
211	49	3.393686	0.555722	3.289676	7.239085
211	50	3.393686	0.582016	3.126872	7.102575
211	51	3.393686	0.694801	4.245979	8.334467
211	52	3.393686	0.479963	2.114248	5.987897
211	53	3.393686	0.526753	2.578518	6.498957
211	54	3.393686	0.685352	4.205185	8.284224
211	55	3.393686	0.547811	2.787471	6.728968
211	56	3.393686	0.701765	4.421002	8.516453
211	57	3.393686	0.514590	2.457835	6.366111
211	58	3.393686	0.561961	2.927870	6.883517
211	59	3.393686	0.665536	3.955598	8.014820
211	60	3.393686	0.683448	4.133327	8.210461
211	61	3.393686	0.501772	2.330648	6.226107
211	62	3.393686	0.650996	3.811325	7.856008
211	63	3.393686	0.623303	3.536540	7.553529
211	64	3.393686	0.583129	3.137914	7.114730
211	65	3.393686	0.599657	3.301911	7.295255
211	66	3.393686	0.568197	2.989750	6.951634
211	67	3.393686	0.569022	2.997933	6.960641
211	68	3.393686	0.621721	3.679728	7.695135
211	69	3.393686	0.620131	3.769882	7.783699
211	70	3.393686	0.567235	2.980199	6.941120
211	71	3.393686	0.599657	3.301911	7.295255
211	72	3.393686	0.604388	3.348853	7.346927
211	73	3.393686	0.684638	4.145132	8.223456
211	74	3.393686	0.592196	3.227881	7.213763
211	75	3.393686	0.482967	2.144050	6.020703
211	76	3.393686	0.448661	1.803655	5.646002
211	77	3.393686	0.536208	2.672335	6.602229
211	78	3.393686	0.641556	3.717655	7.752898
211	79	3.393686	0.592095	3.226874	7.212654
211	80	3.393686	0.493908	2.252619	6.140214
211	81	3.393686	0.527780	2.588707	6.510173
211	82	3.393686	0.547811	2.787471	6.728968
211	83	3.393686	0.527780	2.588707	6.510173
211	84	3.393686	0.612995	3.752043	7.758725
211	85	3.393686	0.640885	3.710992	7.745563
211	86	3.393686	0.582016	3.126872	7.102575
211	87	3.393686	0.493908	2.252619	6.140214
211	88	3.393686	0.545694	2.766465	6.705846
211	89	3.393686	0.513631	2.448319	6.355637
211	90	3.393686	0.501772	2.330648	6.226107
211	91	3.393686	0.568197	2.989750	6.951634
211	92	3.393686	0.526753	2.578518	6.498957
211	93	3.393686	0.576845	3.075562	7.046094
211	94	3.393686	0.566371	2.971632	6.931689
211	95	3.393686	0.572680	3.034236	7.000602
211	96	3.393686	0.611767	3.422075	7.427529
211	97	3.393686	0.571396	3.021489	6.986572
211	98	3.393686	0.501772	2.330648	6.226107
211	99	3.393686	0.683448	4.133327	8.210461
212	0	3.307912	0.568020	2.987991	6.863923
212	1	3.307912	0.498120	2.294407	6.100439
212	2	3.307912	0.590232	3.208387	7.106530
212	3	3.307912	0.583580	3.142389	7.033881
212	4	3.307912	0.504578	2.358486	6.170976
212	5	3.307912	0.487938	2.193383	5.989233
212	6	3.307912	0.603725	3.342278	7.253915
212	7	3.307912	0.552757	2.836550	6.697219
212	8	3.307912	0.522335	2.534683	6.364930
212	9	3.307912	0.543961	2.749265	6.601137
212	10	3.307912	0.602261	3.327749	7.237922
212	11	3.307912	0.595601	3.261661	7.165174
212	12	3.307912	0.496602	2.279344	6.083858
212	13	3.307912	0.526940	2.580373	6.415225
212	14	3.307912	0.530590	2.616589	6.455090
212	15	3.307912	0.602261	3.327749	7.237922
212	16	3.307912	0.607365	3.378398	7.293675
212	17	3.307912	0.640084	3.703050	7.651046
212	18	3.307912	0.550041	2.809593	6.667546
212	19	3.307912	0.547029	3.097491	6.952432
212	20	3.307912	0.547801	2.787366	6.643079
212	21	3.307912	0.605552	3.360408	7.273872
212	22	3.307912	0.655460	3.855613	7.818985
212	23	3.307912	0.700300	4.353503	8.361715
212	24	3.307912	0.528419	2.595050	6.431381
212	25	3.307912	0.504578	2.358486	6.170976
212	26	3.307912	0.526276	2.573785	6.407972
212	27	3.307912	0.498120	2.294407	6.100439
212	28	3.307912	0.494021	2.253739	6.055672
212	29	3.307912	0.496602	2.279344	6.083858
212	30	3.307912	0.682294	4.121880	8.112086
212	31	3.307912	0.602261	3.327749	7.237922
212	32	3.307912	0.650928	3.810647	7.769487
212	33	3.307912	0.515206	2.463941	6.287058
212	34	3.307912	0.568445	2.992208	6.868565
212	35	3.307912	0.595601	3.261661	7.165174
212	36	3.307912	0.565652	2.964493	6.838057
212	37	3.307912	0.575194	3.059180	6.942286
212	38	3.307912	0.632024	3.623070	7.563005
212	39	3.307912	0.514561	2.457546	6.280019
212	40	3.307912	0.593712	3.242924	7.144549
212	41	3.307912	0.595308	3.364685	7.267905
212	42	3.307912	0.450642	1.823310	5.581863
212	43	3.307912	0.559242	2.900892	6.768046
212	44	3.307912	0.689739	4.248713	8.246364
212	45	3.307912	0.565640	2.964373	6.837924
212	46	3.307912	0.583580	3.142389	7.033881
212	47	3.307912	0.530570	2.616392	6.454873
212	48	3.307912	0.516527	2.477051	6.301490
212	49	3.307912	0.558922	2.897716	6.764549
212	50	3.307912	0.528419	2.595050	6.431381
212	51	3.307912	0.650144	3.908792	7.866848
212	52	3.307912	0.655771	3.858699	7.822382
212	53	3.307912	0.573074	3.038144	6.919130
212	54	3.307912	0.614201	3.446225	7.368338
212	55	3.307912	0.547801	2.787366	6.643079
212	56	3.307912	0.550041	2.809593	6.667546
212	57	3.307912	0.583580	3.142389	7.033881
212	58	3.307912	0.565652	2.964493	6.838057
212	59	3.307912	0.559008	2.898569	6.765489
212	60	3.307912	0.543961	2.749265	6.601137
212	61	3.307912	0.602261	3.327749	7.237922
212	62	3.307912	0.655771	3.858699	7.822382
212	63	3.307912	0.522335	2.534683	6.364930
212	64	3.307912	0.498120	2.294407	6.100439
212	65	3.307912	0.682294	4.121880	8.112086
212	66	3.307912	0.586447	3.170836	7.065195
212	67	3.307912	0.699679	4.294377	8.301967
212	68	3.307912	0.676480	4.064191	8.048584
212	69	3.307912	0.504578	2.358486	6.170976
212	70	3.307912	0.571050	3.018060	6.897022
212	71	3.307912	0.583580	3.142389	7.033881
212	72	3.307912	0.536977	2.944786	6.789675
212	73	3.307912	0.450642	1.823310	5.581863
212	74	3.307912	0.487938	2.193383	5.989233
212	75	3.307912	0.563430	3.260235	7.131577
212	76	3.307912	0.656075	3.861718	7.825705
212	77	3.307912	0.675834	4.057775	8.041520
212	78	3.307912	0.656075	3.861718	7.825705
212	79	3.307912	0.541853	2.728352	6.578117
212	80	3.307912	0.676480	4.064191	8.048584
212	81	3.307912	0.559242	2.900892	6.768046
212	82	3.307912	0.581044	3.117224	7.006180
212	83	3.307912	0.656075	3.861718	7.825705
212	84	3.307912	0.607580	3.380531	7.296023
212	85	3.307912	0.586447	3.170836	7.065195
212	86	3.307912	0.597678	3.282274	7.187863
212	87	3.307912	0.430590	1.624348	5.362850
212	88	3.307912	0.504578	2.358486	6.170976
212	89	3.307912	0.699679	4.294377	8.301967
212	90	3.307912	0.650928	3.810647	7.769487
212	91	3.307912	0.614229	3.446499	7.368640
212	92	3.307912	0.544663	2.756228	6.608802
212	93	3.307912	0.550041	2.809593	6.667546
212	94	3.307912	0.714299	4.439443	8.461654
212	95	3.307912	0.613076	3.435063	7.356052
212	96	3.307912	0.646724	3.821897	7.776533
212	97	3.307912	0.668684	4.039794	8.016389
212	98	3.307912	0.538800	2.698053	6.544764
212	99	3.307912	0.700300	4.353503	8.361715
213	0	3.307101	0.627063	3.573844	7.508007
213	1	3.307101	0.669373	3.993671	7.970145
213	2	3.307101	0.565723	2.965196	6.838020
213	3	3.307101	0.627521	3.578393	7.513014
213	4	3.307101	0.568992	2.997640	6.873733
213	5	3.307101	0.614899	3.506115	7.428115
213	6	3.307101	0.612766	3.431986	7.351853
213	7	3.307101	0.527542	2.586353	6.420997
213	8	3.307101	0.543065	2.740372	6.590538
213	9	3.307101	0.659486	3.895568	7.862155
213	10	3.307101	0.546171	2.771198	6.624470
213	11	3.307101	0.731803	4.666091	8.704994
213	12	3.307101	0.645012	3.751945	7.704057
213	13	3.307101	0.609701	3.401576	7.318378
213	14	3.307101	0.734650	4.641381	8.683132
213	15	3.307101	0.659486	3.895568	7.862155
213	16	3.307101	0.511032	2.422527	6.240660
213	17	3.307101	0.618822	3.492070	7.417993
213	18	3.307101	0.522053	2.531888	6.361042
213	19	3.307101	0.518641	2.498029	6.323771
213	20	3.307101	0.609701	3.401576	7.318378
213	21	3.307101	0.598032	3.285787	7.190919
213	22	3.307101	0.559886	2.907287	6.774274
213	23	3.307101	0.618822	3.492070	7.417993
213	24	3.307101	0.704396	4.341186	8.352683
213	25	3.307101	0.543065	2.740372	6.590538
213	26	3.307101	0.648618	3.787726	7.743445
213	27	3.307101	0.438642	1.704235	5.449977
213	28	3.307101	0.511032	2.422527	6.240660
213	29	3.307101	0.576055	3.067720	6.950876
213	30	3.307101	0.539366	2.703678	6.550145
213	31	3.307101	0.559886	2.907287	6.774274
213	32	3.307101	0.461378	2.724290	6.492769
213	33	3.307101	0.630407	3.607027	7.544535
213	34	3.307101	0.501369	2.326645	6.135115
213	35	3.307101	0.539366	2.703678	6.550145
213	36	3.307101	0.627063	3.573844	7.508007
213	37	3.307101	0.503845	2.351218	6.162163
213	38	3.307101	0.561572	2.924012	6.792684
213	39	3.307101	0.606324	3.368065	7.281490
213	40	3.307101	0.699282	4.396362	8.402744
213	41	3.307101	0.599429	3.299653	7.206183
213	42	3.307101	0.607812	3.382831	7.297744
213	43	3.307101	0.676210	4.061503	8.044814
213	44	3.307101	0.623628	3.539759	7.470488
213	45	3.307101	0.609701	3.401576	7.318378
213	46	3.307101	0.518641	2.498029	6.323771
213	47	3.307101	0.522053	2.531888	6.361042
213	48	3.307101	0.578532	3.092299	6.977931
213	49	3.307101	0.631624	3.619101	7.557826
213	50	3.307101	0.690188	4.359093	8.356381
213	51	3.307101	0.512250	2.434612	6.253963
213	52	3.307101	0.546171	2.771198	6.624470
213	53	3.307101	0.588416	3.190376	7.085893
213	54	3.307101	0.704396	4.341186	8.352683
213	55	3.307101	0.621705	3.520684	7.449490
213	56	3.307101	0.574677	3.318867	7.200645
213	57	3.307101	0.621705	3.520684	7.449490
213	58	3.307101	0.538723	2.697294	6.543118
213	59	3.307101	0.669373	3.993671	7.970145
213	60	3.307101	0.620748	3.511182	7.439030
213	61	3.307101	0.539366	2.703678	6.550145
213	62	3.307101	0.501369	2.326645	6.135115
213	63	3.307101	0.598640	3.556636	7.462376
213	64	3.307101	0.752955	4.823007	8.883062
213	65	3.307101	0.581526	3.122010	7.010637
213	66	3.307101	0.565723	2.965196	6.838020
213	67	3.307101	0.729571	4.590985	8.627657
213	68	3.307101	0.511032	2.422527	6.240660
213	69	3.307101	0.576055	3.067720	6.950876
213	70	3.307101	0.561572	2.924012	6.792684
213	71	3.307101	0.607812	3.382831	7.297744
213	72	3.307101	0.546480	2.774264	6.627844
213	73	3.307101	0.546171	2.771198	6.624470
213	74	3.307101	0.565723	2.965196	6.838020
213	75	3.307101	0.606131	3.366148	7.279380
213	76	3.307101	0.676210	4.061503	8.044814
213	77	3.307101	0.514805	2.671822	6.493727
213	78	3.307101	0.659486	3.895568	7.862155
213	79	3.307101	0.578532	3.092299	6.977931
213	80	3.307101	0.609701	3.401576	7.318378
213	81	3.307101	0.527542	2.586353	6.420997
213	82	3.307101	0.557246	2.881083	6.745429
213	83	3.307101	0.511032	2.422527	6.240660
213	84	3.307101	0.553605	2.844959	6.705665
213	85	3.307101	0.662815	3.928596	7.898512
213	86	3.307101	0.438642	1.704235	5.449977
213	87	3.307101	0.556669	3.246105	7.109875
213	88	3.307101	0.621705	3.520684	7.449490
213	89	3.307101	0.501369	2.326645	6.135115
213	90	3.307101	0.549464	2.803872	6.660437
213	91	3.307101	0.627063	3.573844	7.508007
213	92	3.307101	0.606324	3.368065	7.281490
213	93	3.307101	0.600444	3.309718	7.217262
213	94	3.307101	0.576055	3.067720	6.950876
213	95	3.307101	0.578532	3.092299	6.977931
213	96	3.307101	0.606324	3.368065	7.281490
213	97	3.307101	0.541981	3.259259	7.108341
213	98	3.307101	0.607812	3.382831	7.297744
213	99	3.307101	0.752955	4.823007	8.883062
214	0	3.225991	0.576102	3.068186	6.870279
214	1	3.225991	0.576102	3.068186	6.870279
214	2	3.225991	0.551851	3.145334	6.923175
214	3	3.225991	0.544707	2.756672	6.527370
214	4	3.225991	0.550074	2.809922	6.585987
214	5	3.225991	0.547774	3.263779	7.037545
214	6	3.225991	0.434892	1.667032	5.327916
214	7	3.225991	0.610080	3.405329	7.241399
214	8	3.225991	0.550074	2.809922	6.585987
214	9	3.225991	0.594787	3.518409	7.339187
214	10	3.225991	0.632412	3.626926	7.485330
214	11	3.225991	0.658186	3.882666	7.766843
214	12	3.225991	0.680331	4.102401	8.008723
214	13	3.225991	0.625877	3.562080	7.413948
214	14	3.225991	0.612044	3.424822	7.262857
214	15	3.225991	0.576102	3.068186	6.870279
214	16	3.225991	0.571820	3.025697	6.823508
214	17	3.225991	0.603412	3.339165	7.168567
214	18	3.225991	0.680331	4.102401	8.008723
214	19	3.225991	0.529906	2.609802	6.365699
214	20	3.225991	0.674487	4.044410	7.944888
214	21	3.225991	0.496126	2.274625	5.996742
214	22	3.225991	0.491711	2.230820	5.948522
214	23	3.225991	0.571820	3.025697	6.823508
214	24	3.225991	0.594787	3.518409	7.339187
214	25	3.225991	0.533618	2.646642	6.406252
214	26	3.225991	0.679123	4.090414	7.995528
214	27	3.225991	0.540397	2.713906	6.480294
214	28	3.225991	0.551910	2.828143	6.606044
214	29	3.225991	0.551910	2.828143	6.606044
214	30	3.225991	0.604181	3.346804	7.176976
214	31	3.225991	0.674487	4.044410	7.944888
214	32	3.225991	0.557801	2.886594	6.670386
214	33	3.225991	0.680331	4.102401	8.008723
214	34	3.225991	0.598752	3.292933	7.117676
214	35	3.225991	0.548017	2.789513	6.563521
214	36	3.225991	0.600337	3.308654	7.134982
214	37	3.225991	0.533618	2.646642	6.406252
214	38	3.225991	0.565446	2.962455	6.753893
214	39	3.225991	0.574796	3.055224	6.856011
214	40	3.225991	0.690677	4.205055	8.121723
214	41	3.225991	0.614898	3.453142	7.294032
214	42	3.225991	0.551130	2.820399	6.597520
214	43	3.225991	0.499660	2.309694	6.035345
214	44	3.225991	0.661062	3.911202	7.798255
214	45	3.225991	0.609934	3.403879	7.239804
214	46	3.225991	0.588926	3.195432	7.010349
214	47	3.225991	0.612443	3.428775	7.267209
214	48	3.225991	0.522976	2.541045	6.290012
214	49	3.225991	0.627139	3.574605	7.427735
214	50	3.225991	0.549374	2.802981	6.578347
214	51	3.225991	0.510625	2.418488	6.155104
214	52	3.225991	0.658186	3.882666	7.766843
214	53	3.225991	0.632909	3.737782	7.596682
214	54	3.225991	0.590241	3.208482	7.024714
214	55	3.225991	0.684658	4.198297	8.108946
214	56	3.225991	0.632412	3.626926	7.485330
214	57	3.225991	0.557801	2.886594	6.670386
214	58	3.225991	0.661062	3.911202	7.798255
214	59	3.225991	0.686937	4.167951	8.080879
214	60	3.225991	0.603272	3.337776	7.167038
214	61	3.225991	0.542585	2.735616	6.504192
214	62	3.225991	0.452893	1.845646	5.524530
214	63	3.225991	0.632909	3.737782	7.596682
214	64	3.225991	0.652470	3.931877	7.810338
214	65	3.225991	0.620934	3.513033	7.359958
214	66	3.225991	0.587011	3.176430	6.989432
214	67	3.225991	0.499660	2.309694	6.035345
214	68	3.225991	0.600337	3.308654	7.134982
214	69	3.225991	0.527741	2.588323	6.342055
214	70	3.225991	0.565446	2.962455	6.753893
214	71	3.225991	0.595712	3.262768	7.084471
214	72	3.225991	0.729848	4.593733	8.549572
214	73	3.225991	0.605842	3.469205	7.301038
214	74	3.225991	0.536764	2.677853	6.440608
214	75	3.225991	0.680331	4.102401	8.008723
214	76	3.225991	0.680331	4.102401	8.008723
214	77	3.225991	0.486734	2.181436	5.894161
214	78	3.225991	0.596912	3.274673	7.097575
214	79	3.225991	0.557801	2.886594	6.670386
214	80	3.225991	0.632412	3.626926	7.485330
214	81	3.225991	0.605304	3.357943	7.189238
214	82	3.225991	0.551130	2.820399	6.597520
214	83	3.225991	0.551910	2.828143	6.606044
214	84	3.225991	0.513110	2.443149	6.182250
214	85	3.225991	0.548017	2.789513	6.563521
214	86	3.225991	0.571820	3.025697	6.823508
214	87	3.225991	0.508956	2.401933	6.136880
214	88	3.225991	0.625367	3.557018	7.408376
214	89	3.225991	0.735269	4.647520	8.608779
214	90	3.225991	0.565980	2.967749	6.759720
214	91	3.225991	0.657889	4.144534	8.028413
214	92	3.225991	0.672163	4.021356	7.919510
214	93	3.225991	0.613840	3.442644	7.282475
214	94	3.225991	0.576102	3.068186	6.870279
214	95	3.225991	0.528710	2.597941	6.352642
214	96	3.225991	0.686937	4.167951	8.080879
214	97	3.225991	0.551910	2.828143	6.606044
214	98	3.225991	0.565446	2.962455	6.753893
214	99	3.225991	0.551910	2.828143	6.606044
215	0	3.068448	0.719564	4.491688	8.279700
215	1	3.068448	0.516357	2.475368	6.060173
215	2	3.068448	0.568322	2.990985	6.627755
215	3	3.068448	0.570225	3.009870	6.648543
215	4	3.068448	0.616476	3.468801	7.153725
215	5	3.068448	0.553299	2.841921	6.463668
215	6	3.068448	0.634480	3.647438	7.350365
215	7	3.068448	0.620791	3.511608	7.200846
215	8	3.068448	0.559486	2.903317	6.531252
215	9	3.068448	0.617894	3.482867	7.169209
215	10	3.068448	0.565199	3.065928	6.699575
215	11	3.068448	0.550902	2.818136	6.437486
215	12	3.068448	0.554130	2.850168	6.472746
215	13	3.068448	0.517635	2.488043	6.074126
215	14	3.068448	0.621762	3.627177	7.317387
215	15	3.068448	0.574286	3.050170	6.692905
215	16	3.068448	0.581996	3.444452	7.094896
215	17	3.068448	0.638872	3.796948	7.504268
215	18	3.068448	0.701734	4.314765	8.084947
215	19	3.068448	0.664411	3.944432	7.677290
215	20	3.068448	0.608591	3.390557	7.067596
215	21	3.068448	0.608591	3.390557	7.067596
215	22	3.068448	0.608591	3.390557	7.067596
215	23	3.068448	0.530078	2.611514	6.210040
215	24	3.068448	0.589823	3.204333	6.862604
215	25	3.068448	0.516357	2.475368	6.060173
215	26	3.068448	0.658558	3.886357	7.613363
215	27	3.068448	0.538289	2.692990	6.299727
215	28	3.068448	0.469455	2.009981	5.547884
215	29	3.068448	0.616476	3.468801	7.153725
215	30	3.068448	0.554130	2.850168	6.472746
215	31	3.068448	0.664411	3.944432	7.677290
215	32	3.068448	0.568322	2.990985	6.627755
215	33	3.068448	0.602414	3.329272	7.000134
215	34	3.068448	0.516357	2.475368	6.060173
215	35	3.068448	0.710834	4.405067	8.184349
215	36	3.068448	0.658558	3.886357	7.613363
215	37	3.068448	0.600697	3.312233	6.981379
215	38	3.068448	0.616476	3.468801	7.153725
215	39	3.068448	0.662405	3.924525	7.655378
215	40	3.068448	0.664411	3.944432	7.677290
215	41	3.068448	0.602414	3.329272	7.000134
215	42	3.068448	0.652084	3.822122	7.542655
215	43	3.068448	0.658558	3.886357	7.613363
215	44	3.068448	0.710834	4.405067	8.184349
215	45	3.068448	0.443386	1.751313	5.263147
215	46	3.068448	0.621798	3.521604	7.211850
215	47	3.068448	0.733315	4.628131	8.429894
215	48	3.068448	0.636120	3.663710	7.368278
215	49	3.068448	0.568322	2.990985	6.627755
215	50	3.068448	0.622226	3.525855	7.216529
215	51	3.068448	0.550799	2.817114	6.436361
215	52	3.068448	0.602414	3.329272	7.000134
215	53	3.068448	0.570225	3.009870	6.648543
215	54	3.068448	0.617894	3.482867	7.169209
215	55	3.068448	0.616476	3.468801	7.153725
215	56	3.068448	0.598977	3.295159	6.962584
215	57	3.068448	0.625776	3.561080	7.255305
215	58	3.068448	0.707329	4.370290	8.146067
215	59	3.068448	0.621762	3.627177	7.317387
215	60	3.068448	0.600697	3.312233	6.981379
215	61	3.068448	0.563946	2.947567	6.579961
215	62	3.068448	0.719564	4.491688	8.279700
215	63	3.068448	0.621798	3.521604	7.211850
215	64	3.068448	0.642490	3.726921	7.437859
215	65	3.068448	0.602414	3.329272	7.000134
215	66	3.068448	0.596480	3.429274	7.094201
215	67	3.068448	0.622226	3.525855	7.216529
215	68	3.068448	0.533964	2.650071	6.252483
215	69	3.068448	0.533639	2.646850	6.248938
215	70	3.068448	0.652084	3.822122	7.542655
215	71	3.068448	0.630766	3.610587	7.309801
215	72	3.068448	0.640479	3.706969	7.415896
215	73	3.068448	0.658558	3.886357	7.613363
215	74	3.068448	0.722351	4.519343	8.310142
215	75	3.068448	0.616476	3.468801	7.153725
215	76	3.068448	0.733315	4.628131	8.429894
215	77	3.068448	0.538289	2.692990	6.299727
215	78	3.068448	0.618059	3.484505	7.171012
215	79	3.068448	0.692296	4.221116	7.981860
215	80	3.068448	0.598977	3.295159	6.962584
215	81	3.068448	0.615841	3.462500	7.146789
215	82	3.068448	0.574286	3.050170	6.692905
215	83	3.068448	0.533639	2.646850	6.248938
215	84	3.068448	0.617894	3.482867	7.169209
215	85	3.068448	0.622226	3.525855	7.216529
215	86	3.068448	0.517635	2.488043	6.074126
215	87	3.068448	0.645138	3.753198	7.466784
215	88	3.068448	0.664411	3.944432	7.677290
215	89	3.068448	0.580699	3.537511	7.186658
215	90	3.068448	0.517171	2.483448	6.069067
215	91	3.068448	0.762561	4.918328	8.749338
215	92	3.068448	0.443386	1.751313	5.263147
215	93	3.068448	0.471693	2.614791	6.154932
215	94	3.068448	0.604360	3.348575	7.021382
215	95	3.068448	0.568322	2.990985	6.627755
215	96	3.068448	0.662405	3.924525	7.655378
215	97	3.068448	0.598977	3.295159	6.962584
215	98	3.068448	0.576281	3.281819	6.926549
215	99	3.068448	0.638872	3.796948	7.504268
216	0	3.276903	0.517999	2.491660	6.286562
216	1	3.276903	0.550924	2.818354	6.646180
216	2	3.276903	0.676407	4.222355	8.175664
216	3	3.276903	0.657745	3.878293	7.812942
216	4	3.276903	0.534655	2.656925	6.468483
216	5	3.276903	0.457123	1.887620	5.621646
216	6	3.276903	0.515361	2.465480	6.257744
216	7	3.276903	0.534203	2.652443	6.463549
216	8	3.276903	0.505402	2.366670	6.148975
216	9	3.276903	0.619632	3.711970	7.608505
216	10	3.276903	0.435518	1.673246	5.385667
216	11	3.276903	0.585845	3.164865	7.027613
216	12	3.276903	0.661921	3.919722	7.858545
216	13	3.276903	0.534655	2.656925	6.468483
216	14	3.276903	0.588462	3.190823	7.056187
216	15	3.276903	0.514164	2.453607	6.244674
216	16	3.276903	0.748813	4.781911	8.807627
216	17	3.276903	0.683826	4.137077	8.097806
216	18	3.276903	0.587369	3.179979	7.044251
216	19	3.276903	0.674948	4.048981	8.000832
216	20	3.276903	0.641649	3.877466	7.796018
216	21	3.276903	0.564768	2.955725	6.797395
216	22	3.276903	0.534655	2.656925	6.468483
216	23	3.276903	0.676589	4.065270	8.018762
216	24	3.276903	0.651810	3.819400	7.748113
216	25	3.276903	0.591232	3.218316	7.086451
216	26	3.276903	0.592017	3.226101	7.095020
216	27	3.276903	0.653670	3.837854	7.768427
216	28	3.276903	0.596503	3.270612	7.144017
216	29	3.276903	0.588268	3.453717	7.318887
216	30	3.276903	0.588029	3.451348	7.316279
216	31	3.276903	0.492303	2.766323	6.535528
216	32	3.276903	0.587369	3.179979	7.044251
216	33	3.276903	0.653670	3.837854	7.768427
216	34	3.276903	0.650799	4.021222	7.948924
216	35	3.276903	0.560698	3.074235	6.911836
216	36	3.276903	0.674948	4.048981	8.000832
216	37	3.276903	0.683826	4.137077	8.097806
216	38	3.276903	0.591136	3.217364	7.085403
216	39	3.276903	0.514164	2.453607	6.244674
216	40	3.276903	0.673610	4.035706	7.986219
216	41	3.276903	0.521628	2.527666	6.326197
216	42	3.276903	0.621249	3.516156	7.414307
216	43	3.276903	0.564896	2.956994	6.798792
216	44	3.276903	0.608514	3.389789	7.275205
216	45	3.276903	0.505472	2.367362	6.149737
216	46	3.276903	0.608514	3.389789	7.275205
216	47	3.276903	0.609078	3.395389	7.281370
216	48	3.276903	0.619599	3.499781	7.396282
216	49	3.276903	0.632811	3.630883	7.540597
216	50	3.276903	0.679189	4.091068	8.047160
216	51	3.276903	0.561864	2.926908	6.765675
216	52	3.276903	0.505402	2.366670	6.148975
216	53	3.276903	0.619418	3.497989	7.394309
216	54	3.276903	0.597746	3.282945	7.157593
216	55	3.276903	0.632811	3.630883	7.540597
216	56	3.276903	0.583983	3.146383	7.007269
216	57	3.276903	0.521846	2.529829	6.328578
216	58	3.276903	0.567634	2.984157	6.828694
216	59	3.276903	0.559760	2.906031	6.742693
216	60	3.276903	0.531498	2.625608	6.434009
216	61	3.276903	0.521846	2.529829	6.328578
216	62	3.276903	0.571605	3.182457	7.030965
216	63	3.276903	0.515361	2.465480	6.257744
216	64	3.276903	0.564896	2.956994	6.798792
216	65	3.276903	0.435518	1.673246	5.385667
216	66	3.276903	0.608514	3.389789	7.275205
216	67	3.276903	0.702543	4.322794	8.302239
216	68	3.276903	0.651810	3.819400	7.748113
216	69	3.276903	0.457123	1.887620	5.621646
216	70	3.276903	0.657745	3.878293	7.812942
216	71	3.276903	0.457123	1.887620	5.621646
216	72	3.276903	0.638137	3.683724	7.598763
216	73	3.276903	0.587369	3.179979	7.044251
216	74	3.276903	0.608514	3.389789	7.275205
216	75	3.276903	0.653670	3.837854	7.768427
216	76	3.276903	0.676589	4.065270	8.018762
216	77	3.276903	0.521605	2.527437	6.325944
216	78	3.276903	0.583983	3.146383	7.007269
216	79	3.276903	0.742617	4.720427	8.739946
216	80	3.276903	0.561864	2.926908	6.765675
216	81	3.276903	0.502507	2.337940	6.117350
216	82	3.276903	0.613692	3.441176	7.331771
216	83	3.276903	0.589303	3.199178	7.065384
216	84	3.276903	0.633024	3.632991	7.542918
216	85	3.276903	0.644987	3.751695	7.673585
216	86	3.276903	0.650799	4.021222	7.948924
216	87	3.276903	0.514164	2.453607	6.244674
216	88	3.276903	0.561864	2.926908	6.765675
216	89	3.276903	0.583983	3.146383	7.007269
216	90	3.276903	0.661921	3.919722	7.858545
216	91	3.276903	0.588654	3.192729	7.058285
216	92	3.276903	0.514164	2.453607	6.244674
216	93	3.276903	0.587369	3.179979	7.044251
216	94	3.276903	0.504706	2.359761	6.141370
216	95	3.276903	0.703319	4.330495	8.310717
216	96	3.276903	0.646163	3.763362	7.686427
216	97	3.276903	0.561136	2.919684	6.757722
216	98	3.276903	0.561864	2.926908	6.765675
216	99	3.276903	0.521628	2.527666	6.326197
217	0	3.254828	0.559915	2.907569	6.722312
217	1	3.254828	0.560443	2.912813	6.728084
217	2	3.254828	0.649960	3.801039	7.705826
217	3	3.254828	0.670996	4.009773	7.935597
217	4	3.254828	0.554197	2.850830	6.659854
217	5	3.254828	0.592584	3.231728	7.079140
217	6	3.254828	0.610412	3.408632	7.273872
217	7	3.254828	0.651797	3.819265	7.725889
217	8	3.254828	0.533740	2.647853	6.436421
217	9	3.254828	0.708245	4.379372	8.342444
217	10	3.254828	0.517485	2.486554	6.258867
217	11	3.254828	0.517485	2.486554	6.258867
217	12	3.254828	0.523667	2.547897	6.326392
217	13	3.254828	0.609228	3.396880	7.260936
217	14	3.254828	0.601387	3.319075	7.175289
217	15	3.254828	0.556618	2.874860	6.686307
217	16	3.254828	0.649960	3.801039	7.705826
217	17	3.254828	0.559915	2.907569	6.722312
217	18	3.254828	0.579368	3.100591	6.934786
217	19	3.254828	0.605040	3.355320	7.215187
217	20	3.254828	0.654245	3.843564	7.752637
217	21	3.254828	0.561214	2.920460	6.736502
217	22	3.254828	0.601387	3.319075	7.175289
217	23	3.254828	0.654245	3.843564	7.752637
217	24	3.254828	0.665524	3.955479	7.875832
217	25	3.254828	0.649960	3.801039	7.705826
217	26	3.254828	0.708245	4.379372	8.342444
217	27	3.254828	0.708245	4.379372	8.342444
217	28	3.254828	0.509867	2.410971	6.175666
217	29	3.254828	0.556618	2.874860	6.686307
217	30	3.254828	0.625967	3.562970	7.443764
217	31	3.254828	0.650486	4.018120	7.923434
217	32	3.254828	0.536631	2.676533	6.467992
217	33	3.254828	0.677755	4.076841	8.009424
217	34	3.254828	0.708245	4.379372	8.342444
217	35	3.254828	0.476617	2.081045	5.812490
217	36	3.254828	0.476617	2.081045	5.812490
217	37	3.254828	0.630237	3.605341	7.490405
217	38	3.254828	0.637685	3.679243	7.571756
217	39	3.254828	0.438806	1.705865	5.399498
217	40	3.254828	0.665524	3.955479	7.875832
217	41	3.254828	0.567073	2.978597	6.800498
217	42	3.254828	0.562495	2.933167	6.750489
217	43	3.254828	0.591616	3.539907	7.386350
217	44	3.254828	0.642315	3.725185	7.622328
217	45	3.254828	0.600227	3.307567	7.162622
217	46	3.254828	0.677472	4.074034	8.006335
217	47	3.254828	0.651797	3.819265	7.725889
217	48	3.254828	0.637685	3.679243	7.571756
217	49	3.254828	0.570616	3.331537	7.156981
217	50	3.254828	0.539690	2.706884	6.501401
217	51	3.254828	0.587541	3.446512	7.288881
217	52	3.254828	0.717217	4.521365	8.493410
217	53	3.254828	0.539690	2.706884	6.501401
217	54	3.254828	0.677755	4.076841	8.009424
217	55	3.254828	0.594324	3.248998	7.098151
217	56	3.254828	0.587541	3.446512	7.288881
217	57	3.254828	0.593679	3.242594	7.091101
217	58	3.254828	0.523667	2.547897	6.326392
217	59	3.254828	0.558651	3.106884	6.920362
217	60	3.254828	0.651797	3.819265	7.725889
217	61	3.254828	0.608160	3.386281	7.249269
217	62	3.254828	0.537024	2.680437	6.472289
217	63	3.254828	0.708245	4.379372	8.342444
217	64	3.254828	0.630237	3.605341	7.490405
217	65	3.254828	0.630237	3.605341	7.490405
217	66	3.254828	0.556399	2.872683	6.683909
217	67	3.254828	0.560443	2.912813	6.728084
217	68	3.254828	0.667554	4.134508	8.056890
217	69	3.254828	0.536631	2.676533	6.467992
217	70	3.254828	0.625967	3.562970	7.443764
217	71	3.254828	0.534542	2.655808	6.445178
217	72	3.254828	0.670728	4.007112	7.932668
217	73	3.254828	0.579368	3.100591	6.934786
217	74	3.254828	0.562495	2.933167	6.750489
217	75	3.254828	0.594947	3.255176	7.104950
217	76	3.254828	0.517485	2.486554	6.258867
217	77	3.254828	0.605040	3.355320	7.215187
217	78	3.254828	0.670996	4.009773	7.935597
217	79	3.254828	0.637685	3.679243	7.571756
217	80	3.254828	0.596041	3.266029	7.116897
217	81	3.254828	0.561214	2.920460	6.736502
217	82	3.254828	0.537024	2.680437	6.472289
217	83	3.254828	0.745845	4.805428	8.806102
217	84	3.254828	0.597896	3.284432	7.137155
217	85	3.254828	0.612459	3.428937	7.296223
217	86	3.254828	0.583179	3.138404	6.976411
217	87	3.254828	0.551412	2.823200	6.629440
217	88	3.254828	0.522228	2.533625	6.310681
217	89	3.254828	0.476617	2.081045	5.812490
217	90	3.254828	0.745032	4.744391	8.744251
217	91	3.254828	0.677755	4.076841	8.009424
217	92	3.254828	0.554197	2.850830	6.659854
217	93	3.254828	0.716807	4.570260	8.541895
217	94	3.254828	0.596041	3.266029	7.116897
217	95	3.254828	0.643893	3.740843	7.639564
217	96	3.254828	0.562495	2.933167	6.750489
217	97	3.254828	0.609228	3.396880	7.260936
217	98	3.254828	0.635379	3.656357	7.546563
217	99	3.254828	0.577938	3.086404	6.919170
218	0	3.261696	0.550055	3.180482	6.992234
218	1	3.261696	0.518910	2.500700	6.281307
218	2	3.261696	0.676154	4.060951	7.998801
218	3	3.261696	0.596430	3.269887	7.128012
218	4	3.261696	0.572375	3.296027	7.130099
218	5	3.261696	0.549563	2.804852	6.616111
218	6	3.261696	0.557052	2.879167	6.697915
218	7	3.261696	0.508909	2.401467	6.172073
218	8	3.261696	0.676154	4.060951	7.998801
218	9	3.261696	0.672721	4.079857	8.014274
218	10	3.261696	0.550439	2.813540	6.625675
218	11	3.261696	0.651432	3.815648	7.728776
218	12	3.261696	0.578805	3.095009	6.935510
218	13	3.261696	0.634972	3.652325	7.548994
218	14	3.261696	0.647524	3.776874	7.686094
218	15	3.261696	0.596430	3.269887	7.128012
218	16	3.261696	0.627905	3.582204	7.471805
218	17	3.261696	0.551746	2.826509	6.639950
218	18	3.261696	0.512858	2.440647	6.215202
218	19	3.261696	0.584142	3.147965	6.993804
218	20	3.261696	0.609369	3.663092	7.534157
218	21	3.261696	0.550439	2.813540	6.625675
218	22	3.261696	0.557999	2.888555	6.708250
218	23	3.261696	0.515919	2.471016	6.248630
218	24	3.261696	0.617498	3.478938	7.358132
218	25	3.261696	0.515919	2.471016	6.248630
218	26	3.261696	0.532208	2.632650	6.426555
218	27	3.261696	0.609685	3.401414	7.272795
218	28	3.261696	0.551746	2.826509	6.639950
218	29	3.261696	0.677298	4.072306	8.011300
218	30	3.261696	0.655321	4.066090	7.983107
218	31	3.261696	0.605922	3.364077	7.231695
218	32	3.261696	0.656222	3.863182	7.781100
218	33	3.261696	0.550439	2.813540	6.625675
218	34	3.261696	0.557999	2.888555	6.708250
218	35	3.261696	0.532208	2.632650	6.426555
218	36	3.261696	0.550439	2.813540	6.625675
218	37	3.261696	0.591538	3.274313	7.127547
218	38	3.261696	0.655321	4.066090	7.983107
218	39	3.261696	0.653634	3.837495	7.752825
218	40	3.261696	0.704197	4.339207	8.305100
218	41	3.261696	0.581193	3.118700	6.961589
218	42	3.261696	0.642778	3.729775	7.634249
218	43	3.261696	0.642778	3.729775	7.634249
218	44	3.261696	0.618569	3.648460	7.528725
218	45	3.261696	0.527672	2.587641	6.377010
218	46	3.261696	0.643410	3.736048	7.641154
218	47	3.261696	0.615439	3.458507	7.335642
218	48	3.261696	0.617498	3.478938	7.358132
218	49	3.261696	0.569609	3.003756	6.835061
218	50	3.261696	0.640071	3.702923	7.604690
218	51	3.261696	0.647524	3.776874	7.686094
218	52	3.261696	0.615439	3.458507	7.335642
218	53	3.261696	0.649911	3.800559	7.712167
218	54	3.261696	0.512858	2.440647	6.215202
218	55	3.261696	0.617498	3.478938	7.358132
218	56	3.261696	0.741454	4.708894	8.712045
218	57	3.261696	0.576770	3.074810	6.913276
218	58	3.261696	0.582683	3.133482	6.977861
218	59	3.261696	0.579839	3.105270	6.946806
218	60	3.261696	0.651432	3.815648	7.728776
218	61	3.261696	0.549563	2.804852	6.616111
218	62	3.261696	0.494624	2.259724	6.016045
218	63	3.261696	0.570447	3.012071	6.844214
218	64	3.261696	0.685603	4.154710	8.102009
218	65	3.261696	0.704197	4.339207	8.305100
218	66	3.261696	0.549504	2.804263	6.615462
218	67	3.261696	0.600417	3.574267	7.436380
218	68	3.261696	0.647524	3.776874	7.686094
218	69	3.261696	0.630897	3.611889	7.504482
218	70	3.261696	0.606804	3.372831	7.241332
218	71	3.261696	0.436368	1.681672	5.379736
218	72	3.261696	0.549504	2.804263	6.615462
218	73	3.261696	0.538061	2.690721	6.490478
218	74	3.261696	0.569609	3.003756	6.835061
218	75	3.261696	0.584142	3.147965	6.993804
218	76	3.261696	0.526218	2.573216	6.361131
218	77	3.261696	0.648668	3.788226	7.698591
218	78	3.261696	0.578805	3.095009	6.935510
218	79	3.261696	0.600417	3.574267	7.436380
218	80	3.261696	0.638579	3.688111	7.588386
218	81	3.261696	0.693578	4.233846	8.189120
218	82	3.261696	0.549563	2.804852	6.616111
218	83	3.261696	0.584142	3.147965	6.993804
218	84	3.261696	0.508909	2.401467	6.172073
218	85	3.261696	0.653634	3.837495	7.752825
218	86	3.261696	0.685603	4.154710	8.102009
218	87	3.261696	0.612619	3.430526	7.304841
218	88	3.261696	0.506601	2.378558	6.146855
218	89	3.261696	0.643257	3.734536	7.639489
218	90	3.261696	0.515949	2.471318	6.248964
218	91	3.261696	0.583008	3.136712	6.981417
218	92	3.261696	0.725596	4.551543	8.538835
218	93	3.261696	0.547668	2.786045	6.595409
218	94	3.261696	0.750991	4.803518	8.816205
218	95	3.261696	0.527672	2.587641	6.377010
218	96	3.261696	0.603181	3.336879	7.201757
218	97	3.261696	0.508909	2.401467	6.172073
218	98	3.261696	0.500292	2.315966	6.077954
218	99	3.261696	0.677298	4.072306	8.011300
219	0	3.256650	0.687678	4.175301	8.119629
219	1	3.256650	0.653316	3.834346	7.744313
219	2	3.256650	0.555600	2.864753	6.677003
219	3	3.256650	0.712382	4.420425	8.389458
219	4	3.256650	0.616923	3.526191	7.399764
219	5	3.256650	0.510714	2.419378	6.186743
219	6	3.256650	0.555600	2.864753	6.677003
219	7	3.256650	0.656237	3.863321	7.776207
219	8	3.256650	0.601879	3.323962	7.182492
219	9	3.256650	0.557136	2.879991	6.693777
219	10	3.256650	0.615861	3.674549	7.547060
219	11	3.256650	0.612546	3.429802	7.298999
219	12	3.256650	0.673748	4.037077	7.967475
219	13	3.256650	0.595380	3.259468	7.111498
219	14	3.256650	0.581399	3.120743	6.958792
219	15	3.256650	0.555047	2.859267	6.670964
219	16	3.256650	0.612546	3.429802	7.298999
219	17	3.256650	0.627423	3.577423	7.461496
219	18	3.256650	0.540637	2.716285	6.513573
219	19	3.256650	0.619460	3.498405	7.374515
219	20	3.256650	0.631974	3.622571	7.511195
219	21	3.256650	0.581241	3.436959	7.274850
219	22	3.256650	0.746123	4.755217	8.757990
219	23	3.256650	0.601879	3.323962	7.182492
219	24	3.256650	0.594618	3.251914	7.103182
219	25	3.256650	0.627423	3.577423	7.461496
219	26	3.256650	0.555600	2.864753	6.677003
219	27	3.256650	0.540637	2.716285	6.513573
219	28	3.256650	0.573056	3.037962	6.867668
219	29	3.256650	0.673748	4.037077	7.967475
219	30	3.256650	0.595380	3.259468	7.111498
219	31	3.256650	0.656104	3.862010	7.774765
219	32	3.256650	0.556293	3.295341	7.108284
219	33	3.256650	0.673748	4.037077	7.967475
219	34	3.256650	0.579947	3.106341	6.942939
219	35	3.256650	0.619460	3.498405	7.374515
219	36	3.256650	0.632602	3.628809	7.518062
219	37	3.256650	0.646528	3.766990	7.670169
219	38	3.256650	0.616928	3.473279	7.346856
219	39	3.256650	0.658718	3.993867	7.909235
219	40	3.256650	0.615280	3.456931	7.328862
219	41	3.256650	0.613484	3.439111	7.309245
219	42	3.256650	0.687678	4.175301	8.119629
219	43	3.256650	0.612346	3.427814	7.296811
219	44	3.256650	0.612546	3.429802	7.298999
219	45	3.256650	0.763882	4.931432	8.951965
219	46	3.256650	0.665995	3.960151	7.882796
219	47	3.256650	0.581399	3.120743	6.958792
219	48	3.256650	0.604408	3.349053	7.210111
219	49	3.256650	0.619394	3.497749	7.373793
219	50	3.256650	0.659660	3.897292	7.813602
219	51	3.256650	0.660488	3.905503	7.822640
219	52	3.256650	0.623605	3.539531	7.419786
219	53	3.256650	0.545082	2.760387	6.562118
219	54	3.256650	0.625242	3.661703	7.543595
219	55	3.256650	0.640042	3.702628	7.599320
219	56	3.256650	0.556792	2.876585	6.690028
219	57	3.256650	0.635908	3.873464	7.766022
219	58	3.256650	0.594618	3.251914	7.103182
219	59	3.256650	0.545867	2.768184	6.570701
219	60	3.256650	0.560716	2.915522	6.732889
219	61	3.256650	0.545082	2.760387	6.562118
219	62	3.256650	0.544374	2.753369	6.554394
219	63	3.256650	0.510714	2.419378	6.186743
219	64	3.256650	0.640042	3.702628	7.599320
219	65	3.256650	0.555364	2.862413	6.674427
219	66	3.256650	0.555364	2.862413	6.674427
219	67	3.256650	0.560716	2.915522	6.732889
219	68	3.256650	0.544374	2.753369	6.554394
219	69	3.256650	0.668330	4.089249	8.014229
219	70	3.256650	0.609361	3.398195	7.264206
219	71	3.256650	0.632602	3.628809	7.518062
219	72	3.256650	0.662740	3.927847	7.847236
219	73	3.256650	0.609361	3.398195	7.264206
219	74	3.256650	0.523264	2.543903	6.323818
219	75	3.256650	0.575014	3.057389	6.889053
219	76	3.256650	0.653316	3.834346	7.744313
219	77	3.256650	0.609361	3.398195	7.264206
219	78	3.256650	0.793561	5.278890	9.329102
219	79	3.256650	0.709776	4.394564	8.360990
219	80	3.256650	0.556801	2.876669	6.690120
219	81	3.256650	0.646528	3.766990	7.670169
219	82	3.256650	0.540637	2.716285	6.513573
219	83	3.256650	0.594618	3.251914	7.103182
219	84	3.256650	0.531210	2.622741	6.410600
219	85	3.256650	0.612293	3.427287	7.296229
219	86	3.256650	0.746123	4.755217	8.757990
219	87	3.256650	0.604408	3.349053	7.210111
219	88	3.256650	0.619460	3.498405	7.374515
219	89	3.256650	0.660908	3.909675	7.827233
219	90	3.256650	0.608716	3.709583	7.574950
219	91	3.256650	0.523264	2.543903	6.323818
219	92	3.256650	0.619460	3.498405	7.374515
219	93	3.256650	0.673748	4.037077	7.967475
219	94	3.256650	0.746123	4.755217	8.757990
219	95	3.256650	0.782606	5.117219	9.156475
219	96	3.256650	0.665995	3.960151	7.882796
219	97	3.256650	0.653316	3.834346	7.744313
219	98	3.256650	0.575014	3.057389	6.889053
219	99	3.256650	0.665995	3.960151	7.882796
220	0	3.311187	0.538267	2.692770	6.542225
220	1	3.311187	0.639283	3.695099	7.645569
220	2	3.311187	0.591208	3.218071	7.120466
220	3	3.311187	0.537548	2.897491	6.746227
220	4	3.311187	0.585448	3.160923	7.057558
220	5	3.311187	0.566854	3.188276	7.066317
220	6	3.311187	0.515995	2.471776	6.298958
220	7	3.311187	0.637158	3.674013	7.622358
220	8	3.311187	0.602292	3.328056	7.241535
220	9	3.311187	0.575711	3.064309	6.951208
220	10	3.311187	0.536983	2.680031	6.528201
220	11	3.311187	0.486184	2.705616	6.502988
220	12	3.311187	0.534288	2.653283	6.498758
220	13	3.311187	0.639283	3.695099	7.645569
220	14	3.311187	0.562896	2.937151	6.811234
220	15	3.311187	0.602292	3.328056	7.241535
220	16	3.311187	0.665512	3.955360	7.932060
220	17	3.311187	0.580147	3.108326	6.999661
220	18	3.311187	0.557651	2.885102	6.753940
220	19	3.311187	0.526797	2.578957	6.416941
220	20	3.311187	0.506113	2.373719	6.191019
220	21	3.311187	0.575711	3.064309	6.951208
220	22	3.311187	0.629546	3.863299	7.804032
220	23	3.311187	0.626527	3.568533	7.506247
220	24	3.311187	0.534288	2.653283	6.498758
220	25	3.311187	0.609357	3.398161	7.318706
220	26	3.311187	0.516524	2.477023	6.304734
220	27	3.311187	0.600333	3.308621	7.220142
220	28	3.311187	0.589593	3.202053	7.102834
220	29	3.311187	0.720856	4.504506	8.536549
220	30	3.311187	0.626527	3.568533	7.506247
220	31	3.311187	0.720009	4.496099	8.527295
220	32	3.311187	0.538267	2.692770	6.542225
220	33	3.311187	0.609357	3.398161	7.318706
220	34	3.311187	0.540376	2.713695	6.565258
220	35	3.311187	0.494758	2.261054	6.066999
220	36	3.311187	0.616992	3.473919	7.402098
220	37	3.311187	0.638049	3.682857	7.632094
220	38	3.311187	0.555946	2.868186	6.735319
220	39	3.311187	0.536983	2.680031	6.528201
220	40	3.311187	0.725664	4.552215	8.589066
220	41	3.311187	0.506744	2.379984	6.197916
220	42	3.311187	0.708739	4.490201	8.510127
220	43	3.311187	0.548536	2.794666	6.654389
220	44	3.311187	0.597349	3.384939	7.293476
220	45	3.311187	0.591208	3.218071	7.120466
220	46	3.311187	0.568507	2.992820	6.872514
220	47	3.311187	0.639283	3.695099	7.645569
220	48	3.311187	0.596325	3.268849	7.176361
220	49	3.311187	0.556218	2.870891	6.738296
220	50	3.311187	0.516231	2.474113	6.301531
220	51	3.311187	0.566666	3.133447	7.011301
220	52	3.311187	0.602292	3.328056	7.241535
220	53	3.311187	0.698201	4.279715	8.289104
220	54	3.311187	0.575711	3.064309	6.951208
220	55	3.311187	0.743349	4.727695	8.782231
220	56	3.311187	0.665512	3.955360	7.932060
220	57	3.311187	0.654609	3.847167	7.812963
220	58	3.311187	0.720009	4.496099	8.527295
220	59	3.311187	0.624439	3.653740	7.589367
220	60	3.311187	0.534288	2.653283	6.498758
220	61	3.311187	0.516524	2.477023	6.304734
220	62	3.311187	0.580147	3.108326	6.999661
220	63	3.311187	0.494758	2.261054	6.066999
220	64	3.311187	0.514689	2.458817	6.284693
220	65	3.311187	0.672021	4.019943	8.003151
220	66	3.311187	0.555946	2.868186	6.735319
220	67	3.311187	0.521534	2.526738	6.359460
220	68	3.311187	0.653553	3.995589	7.960330
220	69	3.311187	0.516524	2.477023	6.304734
220	70	3.311187	0.544566	2.755274	6.611027
220	71	3.311187	0.562896	2.937151	6.811234
220	72	3.311187	0.577598	3.083030	6.971815
220	73	3.311187	0.534288	2.653283	6.498758
220	74	3.311187	0.506113	2.373719	6.191019
220	75	3.311187	0.502646	2.339316	6.153149
220	76	3.311187	0.521534	2.526738	6.359460
220	77	3.311187	0.638049	3.682857	7.632094
220	78	3.311187	0.516524	2.477023	6.304734
220	79	3.311187	0.612031	3.424692	7.347911
220	80	3.311187	0.596022	3.265840	7.173049
220	81	3.311187	0.609357	3.398161	7.318706
220	82	3.311187	0.653553	3.995589	7.960330
220	83	3.311187	0.610121	3.405743	7.327052
220	84	3.311187	0.526797	2.578957	6.416941
220	85	3.311187	0.636411	3.666604	7.614203
220	86	3.311187	0.585448	3.160923	7.057558
220	87	3.311187	0.516524	2.477023	6.304734
220	88	3.311187	0.579396	3.100870	6.991453
220	89	3.311187	0.562532	2.933533	6.807252
220	90	3.311187	0.598553	3.290958	7.200699
220	91	3.311187	0.665512	3.955360	7.932060
220	92	3.311187	0.665512	3.955360	7.932060
220	93	3.311187	0.601078	3.316013	7.228279
220	94	3.311187	0.600973	3.314964	7.227123
220	95	3.311187	0.544566	2.755274	6.611027
220	96	3.311187	0.591208	3.218071	7.120466
220	97	3.311187	0.720009	4.496099	8.527295
220	98	3.311187	0.540376	2.713695	6.565258
220	99	3.311187	0.609357	3.398161	7.318706
221	0	3.243681	0.640188	3.704076	7.587946
221	1	3.243681	0.576098	3.068145	6.887924
221	2	3.243681	0.584112	3.147670	6.975463
221	3	3.243681	0.616001	3.464087	7.323770
221	4	3.243681	0.546887	2.778302	6.568870
221	5	3.243681	0.518309	2.494735	6.256725
221	6	3.243681	0.518309	2.494735	6.256725
221	7	3.243681	0.599614	3.301482	7.144777
221	8	3.243681	0.638412	3.686455	7.568548
221	9	3.243681	0.626305	3.566327	7.436314
221	10	3.243681	0.654561	3.846693	7.744936
221	11	3.243681	0.588200	3.188226	7.020107
221	12	3.243681	0.545953	3.139779	6.929413
221	13	3.243681	0.594057	3.246344	7.084082
221	14	3.243681	0.626035	3.563648	7.433365
221	15	3.243681	0.623013	3.586622	7.453316
221	16	3.243681	0.609184	3.396438	7.249302
221	17	3.243681	0.588200	3.188226	7.020107
221	18	3.243681	0.561551	2.923801	6.729033
221	19	3.243681	0.662846	3.928903	7.835430
221	20	3.243681	0.582127	3.127965	6.953773
221	21	3.243681	0.568507	2.992820	6.805008
221	22	3.243681	0.610638	3.410871	7.265191
221	23	3.243681	0.677987	4.079137	8.000805
221	24	3.243681	0.626305	3.566327	7.436314
221	25	3.243681	0.662846	3.928903	7.835430
221	26	3.243681	0.518309	2.494735	6.256725
221	27	3.243681	0.551672	2.825778	6.621131
221	28	3.243681	0.526563	2.576640	6.346885
221	29	3.243681	0.628795	3.591034	7.463510
221	30	3.243681	0.557540	2.884000	6.685221
221	31	3.243681	0.577796	3.084991	6.906468
221	32	3.243681	0.561551	2.923801	6.729033
221	33	3.243681	0.580300	3.109839	6.933820
221	34	3.243681	0.531897	3.106233	6.881811
221	35	3.243681	0.651481	3.816132	7.711294
221	36	3.243681	0.671878	4.071485	7.987044
221	37	3.243681	0.671106	4.010862	7.925650
221	38	3.243681	0.633391	3.636638	7.513711
221	39	3.243681	0.626611	3.569357	7.439649
221	40	3.243681	0.693065	4.228748	8.165494
221	41	3.243681	0.557540	2.884000	6.685221
221	42	3.243681	0.597569	3.281190	7.122440
221	43	3.243681	0.561551	2.923801	6.729033
221	44	3.243681	0.671106	4.010862	7.925650
221	45	3.243681	0.591846	3.224402	7.059929
221	46	3.243681	0.705812	4.355235	8.304729
221	47	3.243681	0.561551	2.923801	6.729033
221	48	3.243681	0.459844	1.914614	5.618139
221	49	3.243681	0.651481	3.816132	7.711294
221	50	3.243681	0.580300	3.109839	6.933820
221	51	3.243681	0.568393	3.150588	6.962663
221	52	3.243681	0.617946	3.483386	7.345014
221	53	3.243681	0.516044	2.472264	6.231990
221	54	3.243681	0.545953	3.139779	6.929413
221	55	3.243681	0.519695	2.508486	6.271862
221	56	3.243681	0.585349	3.159939	6.988969
221	57	3.243681	0.597080	3.276340	7.117102
221	58	3.243681	0.537767	2.687812	6.469261
221	59	3.243681	0.589662	3.202731	7.036074
221	60	3.243681	0.625507	3.558411	7.427600
221	61	3.243681	0.505041	2.363078	6.111800
221	62	3.243681	0.698075	4.278468	8.220225
221	63	3.243681	0.601234	3.317561	7.162477
221	64	3.243681	0.505041	2.363078	6.111800
221	65	3.243681	0.628795	3.591034	7.463510
221	66	3.243681	0.537767	2.687812	6.469261
221	67	3.243681	0.654561	3.846693	7.744936
221	68	3.243681	0.616001	3.464087	7.323770
221	69	3.243681	0.690130	4.199628	8.133439
221	70	3.243681	0.547712	2.786486	6.577880
221	71	3.243681	0.561551	2.923801	6.729033
221	72	3.243681	0.519695	2.508486	6.271862
221	73	3.243681	0.528495	2.595802	6.367978
221	74	3.243681	0.686191	4.160541	8.090413
221	75	3.243681	0.704965	4.346832	8.295478
221	76	3.243681	0.579403	3.100936	6.924020
221	77	3.243681	0.648141	3.782990	7.674813
221	78	3.243681	0.592451	3.230405	7.066537
221	79	3.243681	0.568507	2.992820	6.805008
221	80	3.243681	0.671106	4.010862	7.925650
221	81	3.243681	0.519695	2.508486	6.271862
221	82	3.243681	0.671878	4.071485	7.987044
221	83	3.243681	0.602459	3.329711	7.175851
221	84	3.243681	0.544463	2.754251	6.542396
221	85	3.243681	0.686191	4.160541	8.090413
221	86	3.243681	0.646251	4.029063	7.918995
221	87	3.243681	0.602459	3.329711	7.175851
221	88	3.243681	0.626305	3.566327	7.436314
221	89	3.243681	0.667180	4.236721	8.147582
221	90	3.243681	0.625507	3.558411	7.427600
221	91	3.243681	0.588200	3.188226	7.020107
221	92	3.243681	0.544463	2.754251	6.542396
221	93	3.243681	0.588695	3.193142	7.025518
221	94	3.243681	0.693065	4.228748	8.165494
221	95	3.243681	0.535922	2.669504	6.449108
221	96	3.243681	0.690130	4.199628	8.133439
221	97	3.243681	0.579403	3.100936	6.924020
221	98	3.243681	0.616607	3.628988	7.489276
221	99	3.243681	0.616001	3.464087	7.323770
222	0	3.319606	0.644223	3.744121	7.707950
222	1	3.319606	0.523440	2.545643	6.388688
222	2	3.319606	0.572448	3.031931	6.923985
222	3	3.319606	0.638154	3.683899	7.641659
222	4	3.319606	0.580453	3.111355	7.011414
222	5	3.319606	0.558238	2.890934	6.768779
222	6	3.319606	0.608612	3.390767	7.318985
222	7	3.319606	0.725497	4.550556	8.595659
222	8	3.319606	0.562520	2.933419	6.815545
222	9	3.319606	0.620470	3.508431	7.448507
222	10	3.319606	0.547755	2.786915	6.654276
222	11	3.319606	0.604441	3.349380	7.273427
222	12	3.319606	0.561381	2.922118	6.803105
222	13	3.319606	0.506651	2.379060	6.205318
222	14	3.319606	0.620470	3.508431	7.448507
222	15	3.319606	0.586247	3.168850	7.074703
222	16	3.319606	0.527591	2.586834	6.434031
222	17	3.319606	0.561381	2.922118	6.803105
222	18	3.319606	0.644223	3.744121	7.707950
222	19	3.319606	0.498480	2.297986	6.116073
222	20	3.319606	0.562520	2.933419	6.815545
222	21	3.319606	0.604441	3.349380	7.273427
222	22	3.319606	0.523049	2.541767	6.384421
222	23	3.319606	0.583670	3.143275	7.046551
222	24	3.319606	0.507898	2.391433	6.218938
222	25	3.319606	0.536474	2.674981	6.531062
222	26	3.319606	0.645488	3.915561	7.880655
222	27	3.319606	0.640454	4.077467	8.037528
222	28	3.319606	0.582347	3.130150	7.032103
222	29	3.319606	0.617068	3.792455	7.729129
222	30	3.319606	0.603330	3.338359	7.261296
222	31	3.319606	0.515700	2.468847	6.304153
222	32	3.319606	0.600589	3.311157	7.231351
222	33	3.319606	0.507898	2.391433	6.218938
222	34	3.319606	0.608612	3.390767	7.318985
222	35	3.319606	0.655573	3.856738	7.831918
222	36	3.319606	0.588854	3.459534	7.367993
222	37	3.319606	0.582347	3.130150	7.032103
222	38	3.319606	0.604441	3.349380	7.273427
222	39	3.319606	0.558238	2.890934	6.768779
222	40	3.319606	0.523440	2.545643	6.388688
222	41	3.319606	0.577302	3.080092	6.977000
222	42	3.319606	0.600589	3.311157	7.231351
222	43	3.319606	0.672289	4.022604	8.014499
222	44	3.319606	0.660279	3.903429	7.883314
222	45	3.319606	0.546004	2.769534	6.635143
222	46	3.319606	0.523049	2.541767	6.384421
222	47	3.319606	0.589301	3.411010	7.319918
222	48	3.319606	0.571689	3.024402	6.915697
222	49	3.319606	0.600948	3.314719	7.235273
222	50	3.319606	0.523440	2.545643	6.388688
222	51	3.319606	0.558286	2.891402	6.769294
222	52	3.319606	0.561381	2.922118	6.803105
222	53	3.319606	0.620470	3.508431	7.448507
222	54	3.319606	0.562520	2.933419	6.815545
222	55	3.319606	0.501983	2.332738	6.154327
222	56	3.319606	0.639652	3.698764	7.658023
222	57	3.319606	0.587347	3.179766	7.086719
222	58	3.319606	0.586247	3.168850	7.074703
222	59	3.319606	0.588854	3.459534	7.367993
222	60	3.319606	0.501983	2.332738	6.154327
222	61	3.319606	0.555993	2.868650	6.744249
222	62	3.319606	0.506651	2.379060	6.205318
222	63	3.319606	0.577047	3.077558	6.974211
222	64	3.319606	0.593803	3.243825	7.157234
222	65	3.319606	0.631778	3.832486	7.783870
222	66	3.319606	0.558238	2.890934	6.768779
222	67	3.319606	0.695763	4.255518	8.270887
222	68	3.319606	0.555993	2.868650	6.744249
222	69	3.319606	0.724625	4.541904	8.586135
222	70	3.319606	0.582593	3.132597	7.034797
222	71	3.319606	0.617937	3.483289	7.420831
222	72	3.319606	0.655573	3.856738	7.831918
222	73	3.319606	0.675911	4.058543	8.054060
222	74	3.319606	0.672289	4.022604	8.014499
222	75	3.319606	0.507898	2.391433	6.218938
222	76	3.319606	0.547755	2.786915	6.654276
222	77	3.319606	0.603330	3.338359	7.261296
222	78	3.319606	0.655573	3.856738	7.831918
222	79	3.319606	0.661343	4.125840	8.106789
222	80	3.319606	0.675911	4.058543	8.054060
222	81	3.319606	0.695482	4.252735	8.267824
222	82	3.319606	0.703639	4.333670	8.356914
222	83	3.319606	0.558286	2.891402	6.769294
222	84	3.319606	0.587347	3.179766	7.086719
222	85	3.319606	0.540443	2.714356	6.574405
222	86	3.319606	0.604441	3.349380	7.273427
222	87	3.319606	0.565209	3.118996	7.003811
222	88	3.319606	0.508364	2.396054	6.224024
222	89	3.319606	0.520331	2.514798	6.354735
222	90	3.319606	0.603330	3.338359	7.261296
222	91	3.319606	0.547755	2.786915	6.654276
222	92	3.319606	0.703639	4.333670	8.356914
222	93	3.319606	0.660279	3.903429	7.883314
222	94	3.319606	0.631778	3.832486	7.783870
222	95	3.319606	0.558238	2.890934	6.768779
222	96	3.319606	0.672289	4.022604	8.014499
222	97	3.319606	0.498480	2.297986	6.116073
222	98	3.319606	0.520331	2.514798	6.354735
222	99	3.319606	0.527591	2.586834	6.434031
223	0	3.223390	0.528938	2.600203	6.352532
223	1	3.223390	0.501908	2.331999	6.057298
223	2	3.223390	0.607073	3.375495	7.205959
223	3	3.223390	0.525595	2.937773	6.686758
223	4	3.223390	0.500903	2.322024	6.046318
223	5	3.223390	0.628782	3.590902	7.443075
223	6	3.223390	0.563120	3.416045	7.202555
223	7	3.223390	0.583785	3.144425	6.951601
223	8	3.223390	0.555210	2.860890	6.639491
223	9	3.223390	0.733312	4.628107	8.584810
223	10	3.223390	0.599780	3.303129	7.126299
223	11	3.223390	0.613997	3.444199	7.281586
223	12	3.223390	0.456967	2.203855	5.884212
223	13	3.223390	0.554739	2.856215	6.634344
223	14	3.223390	0.508814	2.400520	6.132724
223	15	3.223390	0.578361	3.090600	6.892351
223	16	3.223390	0.537922	2.689344	6.450656
223	17	3.223390	0.594950	3.625953	7.444294
223	18	3.223390	0.723319	4.528946	8.475655
223	19	3.223390	0.607604	3.433731	7.264726
223	20	3.223390	0.591067	3.216677	7.031135
223	21	3.223390	0.510421	2.416470	6.150282
223	22	3.223390	0.684488	4.249578	8.157457
223	23	3.223390	0.639648	3.698726	7.561765
223	24	3.223390	0.611040	3.414857	7.249287
223	25	3.223390	0.578201	3.089011	6.890602
223	26	3.223390	0.596476	3.270343	7.090209
223	27	3.223390	0.519015	2.501740	6.244145
223	28	3.223390	0.583785	3.144425	6.951601
223	29	3.223390	0.501908	2.331999	6.057298
223	30	3.223390	0.528592	2.596772	6.348755
223	31	3.223390	0.606841	3.373194	7.203425
223	32	3.223390	0.578361	3.090600	6.892351
223	33	3.223390	0.628782	3.590902	7.443075
223	34	3.223390	0.557132	2.879951	6.660473
223	35	3.223390	0.675484	4.054305	7.953179
223	36	3.223390	0.641176	3.713878	7.578444
223	37	3.223390	0.519015	2.501740	6.244145
223	38	3.223390	0.556921	2.877858	6.658168
223	39	3.223390	0.677611	4.075405	7.976406
223	40	3.223390	0.574456	3.051856	6.849703
223	41	3.223390	0.534009	2.650523	6.407922
223	42	3.223390	0.593787	3.243669	7.060847
223	43	3.223390	0.581812	3.124839	6.930041
223	44	3.223390	0.508814	2.400520	6.132724
223	45	3.223390	0.670563	4.005472	7.899425
223	46	3.223390	0.684488	4.249578	8.157457
223	47	3.223390	0.554739	2.856215	6.634344
223	48	3.223390	0.639648	3.698726	7.561765
223	49	3.223390	0.549518	2.804402	6.577310
223	50	3.223390	0.677611	4.075405	7.976406
223	51	3.223390	0.583785	3.144425	6.951601
223	52	3.223390	0.534009	2.650523	6.407922
223	53	3.223390	0.637649	3.678884	7.539923
223	54	3.223390	0.701110	4.414509	8.339010
223	55	3.223390	0.685010	4.148830	8.057231
223	56	3.223390	0.599780	3.303129	7.126299
223	57	3.223390	0.528592	2.596772	6.348755
223	58	3.223390	0.531856	2.629151	6.384397
223	59	3.223390	0.567575	2.983575	6.774540
223	60	3.223390	0.554739	2.856215	6.634344
223	61	3.223390	0.547947	2.788814	6.560151
223	62	3.223390	0.508025	2.392691	6.124106
223	63	3.223390	0.555969	2.868418	6.647778
223	64	3.223390	0.628782	3.590902	7.443075
223	65	3.223390	0.554739	2.856215	6.634344
223	66	3.223390	0.528592	2.596772	6.348755
223	67	3.223390	0.639648	3.698726	7.561765
223	68	3.223390	0.721850	4.514373	8.459613
223	69	3.223390	0.543854	2.748203	6.515448
223	70	3.223390	0.607073	3.375495	7.205959
223	71	3.223390	0.721850	4.514373	8.459613
223	72	3.223390	0.500903	2.322024	6.046318
223	73	3.223390	0.513463	2.764433	6.501287
223	74	3.223390	0.572414	3.031587	6.827391
223	75	3.223390	0.628782	3.590902	7.443075
223	76	3.223390	0.581812	3.124839	6.930041
223	77	3.223390	0.453510	1.851770	5.528671
223	78	3.223390	0.596476	3.270343	7.090209
223	79	3.223390	0.596799	3.273553	7.093742
223	80	3.223390	0.498916	2.302309	6.024615
223	81	3.223390	0.537922	2.689344	6.450656
223	82	3.223390	0.581812	3.124839	6.930041
223	83	3.223390	0.528592	2.596772	6.348755
223	84	3.223390	0.557132	2.879951	6.660473
223	85	3.223390	0.649213	3.793631	7.666235
223	86	3.223390	0.555969	2.868418	6.647778
223	87	3.223390	0.567575	2.983575	6.774540
223	88	3.223390	0.567575	2.983575	6.774540
223	89	3.223390	0.641176	3.713878	7.578444
223	90	3.223390	0.501908	2.331999	6.057298
223	91	3.223390	0.498916	2.302309	6.024615
223	92	3.223390	0.519015	2.501740	6.244145
223	93	3.223390	0.533293	2.643414	6.400098
223	94	3.223390	0.555210	2.860890	6.639491
223	95	3.223390	0.567575	2.983575	6.774540
223	96	3.223390	0.586182	3.274132	7.083705
223	97	3.223390	0.694377	4.241769	8.159537
223	98	3.223390	0.685010	4.148830	8.057231
223	99	3.223390	0.670563	4.005472	7.899425
224	0	3.247950	0.677377	4.073088	7.998415
224	1	3.247950	0.543686	2.746542	6.538179
224	2	3.247950	0.552442	2.833418	6.633810
224	3	3.247950	0.606022	3.576924	7.430896
224	4	3.247950	0.615004	3.454195	7.317149
224	5	3.247950	0.743790	4.732074	8.723815
224	6	3.247950	0.559242	2.900894	6.708085
224	7	3.247950	0.614147	3.445691	7.307788
224	8	3.247950	0.583936	3.145920	6.977806
224	9	3.247950	0.605998	3.523724	7.377672
224	10	3.247950	0.594031	3.246085	7.088066
224	11	3.247950	0.495669	2.270085	6.013703
224	12	3.247950	0.595297	3.258651	7.101898
224	13	3.247950	0.574634	3.053618	6.876202
224	14	3.247950	0.554154	2.850406	6.652510
224	15	3.247950	0.606022	3.576924	7.430896
224	16	3.247950	0.652580	3.827037	7.727567
224	17	3.247950	0.625484	3.558180	7.431613
224	18	3.247950	0.547566	2.785038	6.580554
224	19	3.247950	0.533562	2.646078	6.427589
224	20	3.247950	0.632864	3.631412	7.512226
224	21	3.247950	0.657399	3.874857	7.780206
224	22	3.247950	0.570544	3.277859	7.096353
224	23	3.247950	0.743790	4.732074	8.723815
224	24	3.247950	0.518868	2.500282	6.267100
224	25	3.247950	0.535288	2.663206	6.446443
224	26	3.247950	0.542122	2.731024	6.521096
224	27	3.247950	0.656700	3.867923	7.772573
224	28	3.247950	0.677377	4.073088	7.998415
224	29	3.247950	0.673054	4.030189	7.951192
224	30	3.247950	0.713023	4.479746	8.440718
224	31	3.247950	0.652012	3.821399	7.721360
224	32	3.247950	0.594031	3.246085	7.088066
224	33	3.247950	0.673054	4.030189	7.951192
224	34	3.247950	0.711638	4.413046	8.372634
224	35	3.247950	0.665655	3.956774	7.870379
224	36	3.247950	0.561860	2.926868	6.736678
224	37	3.247950	0.707202	4.369029	8.324181
224	38	3.247950	0.590277	3.208833	7.047059
224	39	3.247950	0.652012	3.821399	7.721360
224	40	3.247950	0.500381	2.316846	6.065176
224	41	3.247950	0.507667	2.389142	6.144759
224	42	3.247950	0.696129	4.259158	8.203237
224	43	3.247950	0.688316	4.181627	8.117893
224	44	3.247950	0.485119	2.165409	5.898478
224	45	3.247950	0.659453	3.895241	7.802644
224	46	3.247950	0.574975	3.057004	6.879929
224	47	3.247950	0.535288	2.663206	6.446443
224	48	3.247950	0.516688	2.478649	6.243286
224	49	3.247950	0.696129	4.259158	8.203237
224	50	3.247950	0.632864	3.631412	7.512226
224	51	3.247950	0.600372	3.309006	7.157328
224	52	3.247950	0.600372	3.309006	7.157328
224	53	3.247950	0.559242	2.900894	6.708085
224	54	3.247950	0.588236	3.188589	7.024775
224	55	3.247950	0.562068	2.928931	6.738948
224	56	3.247950	0.602260	3.327738	7.177947
224	57	3.247950	0.660050	3.901162	7.809162
224	58	3.247950	0.584209	3.148631	6.980790
224	59	3.247950	0.720818	4.504134	8.472902
224	60	3.247950	0.455579	1.872292	5.575820
224	61	3.247950	0.522758	2.538885	6.309593
224	62	3.247950	0.534042	2.650843	6.432835
224	63	3.247950	0.485119	2.165409	5.898478
224	64	3.247950	0.546268	2.772154	6.566372
224	65	3.247950	0.595297	3.258651	7.101898
224	66	3.247950	0.656700	3.867923	7.772573
224	67	3.247950	0.660050	3.901162	7.809162
224	68	3.247950	0.527160	2.582557	6.357666
224	69	3.247950	0.533562	2.646078	6.427589
224	70	3.247950	0.562068	2.928931	6.738948
224	71	3.247950	0.516688	2.478649	6.243286
224	72	3.247950	0.616233	3.466385	7.330568
224	73	3.247950	0.631098	3.666846	7.545893
224	74	3.247950	0.657399	3.874857	7.780206
224	75	3.247950	0.587535	3.181631	7.017116
224	76	3.247950	0.595166	3.257349	7.100465
224	77	3.247950	0.547566	2.785038	6.580554
224	78	3.247950	0.587535	3.181631	7.017116
224	79	3.247950	0.696129	4.259158	8.203237
224	80	3.247950	0.637686	3.944070	7.829706
224	81	3.247950	0.595090	3.256594	7.099634
224	82	3.247950	0.668393	4.036907	7.953250
224	83	3.247950	0.432019	1.638526	5.318496
224	84	3.247950	0.564780	2.955846	6.768576
224	85	3.247950	0.713023	4.479746	8.440718
224	86	3.247950	0.554154	2.850406	6.652510
224	87	3.247950	0.546268	2.772154	6.566372
224	88	3.247950	0.574634	3.053618	6.876202
224	89	3.247950	0.578652	3.411267	7.237868
224	90	3.247950	0.562068	2.928931	6.738948
224	91	3.247950	0.659453	3.895241	7.802644
224	92	3.247950	0.673054	4.030189	7.951192
224	93	3.247950	0.595166	3.257349	7.100465
224	94	3.247950	0.516688	2.478649	6.243286
224	95	3.247950	0.595090	3.256594	7.099634
224	96	3.247950	0.547566	2.785038	6.580554
224	97	3.247950	0.659453	3.895241	7.802644
224	98	3.247950	0.599927	3.304585	7.152461
224	99	3.247950	0.541463	2.724477	6.513889
225	0	3.330403	0.637566	3.678059	7.646027
225	1	3.330403	0.572175	3.029223	6.931801
225	2	3.330403	0.674033	4.039905	8.044341
225	3	3.330403	0.472891	2.044077	5.847371
225	4	3.330403	0.453658	1.853232	5.637292
225	5	3.330403	0.571160	3.019148	6.920711
225	6	3.330403	0.572800	3.035418	6.938621
225	7	3.330403	0.533480	2.645268	6.509151
225	8	3.330403	0.623172	3.535238	7.488813
225	9	3.330403	0.553681	2.845716	6.729800
225	10	3.330403	0.509882	2.411113	6.251398
225	11	3.330403	0.426971	2.276962	6.034336
225	12	3.330403	0.528047	2.591358	6.449808
225	13	3.330403	0.534740	2.657769	6.522911
225	14	3.330403	0.533231	2.642796	6.506430
225	15	3.330403	0.578921	3.096153	7.005477
225	16	3.330403	0.580423	3.111060	7.021886
225	17	3.330403	0.613249	3.436774	7.380426
225	18	3.330403	0.594436	3.250102	7.174941
225	19	3.330403	0.494212	2.255630	6.080245
225	20	3.330403	0.511046	2.422669	6.264118
225	21	3.330403	0.637160	3.674035	7.641598
225	22	3.330403	0.533231	2.642796	6.506430
225	23	3.330403	0.637501	3.783345	7.751249
225	24	3.330403	0.553681	2.845716	6.729800
225	25	3.330403	0.509267	2.405016	6.244686
225	26	3.330403	0.719133	4.487407	8.536943
225	27	3.330403	0.628846	3.591538	7.550787
225	28	3.330403	0.571119	3.018741	6.920263
225	29	3.330403	0.610053	3.510992	7.451448
225	30	3.330403	0.503550	2.348285	6.182237
225	31	3.330403	0.583194	3.138556	7.052153
225	32	3.330403	0.564670	3.325495	7.220568
225	33	3.330403	0.637566	3.678059	7.646027
225	34	3.330403	0.529575	2.606520	6.466498
225	35	3.330403	0.562965	2.937831	6.831198
225	36	3.330403	0.532146	2.632030	6.494579
225	37	3.330403	0.562965	2.937831	6.831198
225	38	3.330403	0.513161	2.443658	6.287222
225	39	3.330403	0.671247	4.012264	8.013914
225	40	3.330403	0.494212	2.255630	6.080245
225	41	3.330403	0.573779	3.045138	6.949320
225	42	3.330403	0.656514	3.866075	7.852992
225	43	3.330403	0.648512	3.786677	7.765593
225	44	3.330403	0.472891	2.044077	5.847371
225	45	3.330403	0.562965	2.937831	6.831198
225	46	3.330403	0.571119	3.018741	6.920263
225	47	3.330403	0.668882	4.147684	8.146968
225	48	3.330403	0.623172	3.535238	7.488813
225	49	3.330403	0.572800	3.035418	6.938621
225	50	3.330403	0.572202	3.082455	6.985061
225	51	3.330403	0.563930	2.947411	6.841744
225	52	3.330403	0.579705	3.103941	7.014050
225	53	3.330403	0.681049	4.109520	8.120972
225	54	3.330403	0.600321	3.573321	7.504045
225	55	3.330403	0.669675	3.996664	7.996742
225	56	3.330403	0.575008	3.057333	6.962744
225	57	3.330403	0.513161	2.443658	6.287222
225	58	3.330403	0.672773	4.080370	8.083546
225	59	3.330403	0.563930	2.947411	6.841744
225	60	3.330403	0.562558	2.933797	6.826758
225	61	3.330403	0.534740	2.657769	6.522911
225	62	3.330403	0.514033	2.452302	6.296737
225	63	3.330403	0.511046	2.422669	6.264118
225	64	3.330403	0.572800	3.035418	6.938621
225	65	3.330403	0.562965	2.937831	6.831198
225	66	3.330403	0.534352	2.653919	6.518673
225	67	3.330403	0.579705	3.103941	7.014050
225	68	3.330403	0.565753	2.965495	6.861651
225	69	3.330403	0.599528	3.459519	7.389450
225	70	3.330403	0.665224	4.058422	8.054048
225	71	3.330403	0.509882	2.411113	6.251398
225	72	3.330403	0.579705	3.103941	7.014050
225	73	3.330403	0.674033	4.039905	8.044341
225	74	3.330403	0.590764	3.213671	7.134838
225	75	3.330403	0.577563	3.082683	6.990649
225	76	3.330403	0.600046	3.305770	7.236219
225	77	3.330403	0.671247	4.012264	8.013914
225	78	3.330403	0.513161	2.443658	6.287222
225	79	3.330403	0.502434	2.337219	6.170056
225	80	3.330403	0.574697	3.054241	6.959340
225	81	3.330403	0.590460	3.210648	7.131511
225	82	3.330403	0.577563	3.082683	6.990649
225	83	3.330403	0.534352	2.653919	6.518673
225	84	3.330403	0.562965	2.937831	6.831198
225	85	3.330403	0.648512	3.786677	7.765593
225	86	3.330403	0.674033	4.039905	8.044341
225	87	3.330403	0.709896	4.395761	8.436060
225	88	3.330403	0.590460	3.210648	7.131511
225	89	3.330403	0.665807	3.958284	7.954494
225	90	3.330403	0.589788	3.203981	7.124171
225	91	3.330403	0.600058	3.305885	7.236345
225	92	3.330403	0.746601	4.759966	8.836971
225	93	3.330403	0.589788	3.203981	7.124171
225	94	3.330403	0.515978	2.471607	6.317989
225	95	3.330403	0.594436	3.250102	7.174941
225	96	3.330403	0.589788	3.203981	7.124171
225	97	3.330403	0.514033	2.452302	6.296737
225	98	3.330403	0.513161	2.443658	6.287222
225	99	3.330403	0.598279	3.288240	7.216922
226	0	3.205067	0.649980	3.801244	7.656291
226	1	3.205067	0.619964	3.503408	7.328439
226	2	3.205067	0.499630	2.309388	6.014085
226	3	3.205067	0.678742	4.086635	7.970444
226	4	3.205067	0.560389	2.912274	6.677730
226	5	3.205067	0.564785	2.955891	6.725743
226	6	3.205067	0.624479	3.548203	7.377748
226	7	3.205067	0.550034	2.809522	6.564623
226	8	3.205067	0.619158	3.707262	7.531487
226	9	3.205067	0.564785	2.955891	6.725743
226	10	3.205067	0.733419	4.629161	8.567647
226	11	3.205067	0.649980	3.801244	7.656291
226	12	3.205067	0.610537	3.621726	7.437331
226	13	3.205067	0.587827	3.184528	6.977422
226	14	3.205067	0.474897	2.063976	5.743939
226	15	3.205067	0.592993	3.235789	7.033849
226	16	3.205067	0.592993	3.235789	7.033849
226	17	3.205067	0.545381	2.763357	6.513805
226	18	3.205067	0.533874	3.019928	6.758870
226	19	3.205067	0.485697	2.171140	5.861904
226	20	3.205067	0.574793	3.055202	6.835062
226	21	3.205067	0.591821	3.224163	7.021051
226	22	3.205067	0.624479	3.548203	7.377748
226	23	3.205067	0.660487	3.905499	7.771053
226	24	3.205067	0.485697	2.171140	5.861904
226	25	3.205067	0.551280	2.821888	6.578235
226	26	3.205067	0.571141	3.018958	6.795166
226	27	3.205067	0.538239	2.692489	6.435795
226	28	3.205067	0.551280	2.821888	6.578235
226	29	3.205067	0.705756	4.354677	8.265500
226	30	3.205067	0.606597	3.370768	7.182431
226	31	3.205067	0.563630	2.944433	6.713130
226	32	3.205067	0.563630	2.944433	6.713130
226	33	3.205067	0.568427	2.992033	6.765527
226	34	3.205067	0.450909	2.408561	6.064537
226	35	3.205067	0.553148	3.211170	6.969385
226	36	3.205067	0.561865	2.926923	6.693855
226	37	3.205067	0.680512	4.104193	7.989771
226	38	3.205067	0.527027	2.581243	6.313337
226	39	3.205067	0.574793	3.055202	6.835062
226	40	3.205067	0.638043	4.000576	7.843686
226	41	3.205067	0.568427	2.992033	6.765527
226	42	3.205067	0.595855	3.264182	7.065104
226	43	3.205067	0.574793	3.055202	6.835062
226	44	3.205067	0.645903	3.760783	7.611752
226	45	3.205067	0.610346	3.407974	7.223387
226	46	3.205067	0.708929	4.386164	8.300160
226	47	3.205067	0.474897	2.063976	5.743939
226	48	3.205067	0.595855	3.264182	7.065104
226	49	3.205067	0.606597	3.370768	7.182431
226	50	3.205067	0.574559	3.052878	6.832504
226	51	3.205067	0.581972	3.126430	6.913469
226	52	3.205067	0.719676	4.545761	8.470504
226	53	3.205067	0.714895	4.445355	8.365317
226	54	3.205067	0.638492	3.687247	7.530805
226	55	3.205067	0.523817	2.549383	6.278267
226	56	3.205067	0.719676	4.545761	8.470504
226	57	3.205067	0.594911	3.254821	7.054799
226	58	3.205067	0.485697	2.171140	5.861904
226	59	3.205067	0.587280	3.179101	6.971448
226	60	3.205067	0.678742	4.086635	7.970444
226	61	3.205067	0.553941	2.848298	6.607306
226	62	3.205067	0.624479	3.548203	7.377748
226	63	3.205067	0.571141	3.018958	6.795166
226	64	3.205067	0.564785	2.955891	6.725743
226	65	3.205067	0.574559	3.052878	6.832504
226	66	3.205067	0.606095	3.365791	7.176953
226	67	3.205067	0.450909	2.408561	6.064537
226	68	3.205067	0.508742	2.399806	6.113615
226	69	3.205067	0.716034	4.456661	8.377762
226	70	3.205067	0.529102	2.601825	6.335993
226	71	3.205067	0.594911	3.254821	7.054799
226	72	3.205067	0.551280	2.821888	6.578235
226	73	3.205067	0.511245	2.424642	6.140954
226	74	3.205067	0.499630	2.309388	6.014085
226	75	3.205067	0.508742	2.399806	6.113615
226	76	3.205067	0.649980	3.801244	7.656291
226	77	3.205067	0.508742	2.399806	6.113615
226	78	3.205067	0.529102	2.601825	6.335993
226	79	3.205067	0.515981	2.471635	6.192683
226	80	3.205067	0.718191	4.478069	8.401327
226	81	3.205067	0.511245	2.424642	6.140954
226	82	3.205067	0.513897	2.450958	6.169922
226	83	3.205067	0.504956	2.362237	6.072260
226	84	3.205067	0.531623	2.626843	6.363533
226	85	3.205067	0.701882	4.316235	8.223183
226	86	3.205067	0.550034	2.809522	6.564623
226	87	3.205067	0.581972	3.126430	6.913469
226	88	3.205067	0.513897	2.450958	6.169922
226	89	3.205067	0.699693	4.453404	8.358164
226	90	3.205067	0.485697	2.171140	5.861904
226	91	3.205067	0.556606	2.874741	6.636415
226	92	3.205067	0.560389	2.912274	6.677730
226	93	3.205067	0.606095	3.365791	7.176953
226	94	3.205067	0.645078	3.752604	7.602749
226	95	3.205067	0.553941	2.848298	6.607306
226	96	3.205067	0.587827	3.184528	6.977422
226	97	3.205067	0.610790	3.412375	7.228232
226	98	3.205067	0.531623	2.626843	6.363533
226	99	3.205067	0.610790	3.412375	7.228232
227	0	3.347525	0.601014	3.315371	7.263909
227	1	3.347525	0.748726	4.834012	8.930263
227	2	3.347525	0.613602	3.440278	7.401405
227	3	3.347525	0.542120	2.730995	6.620640
227	4	3.347525	0.562464	2.932866	6.842855
227	5	3.347525	0.643386	3.735815	7.726727
227	6	3.347525	0.550510	2.814245	6.712279
227	7	3.347525	0.562464	2.932866	6.842855
227	8	3.347525	0.434774	1.665858	5.448157
227	9	3.347525	0.526983	2.580807	6.455315
227	10	3.347525	0.588645	3.192645	7.128816
227	11	3.347525	0.568120	2.988981	6.904626
227	12	3.347525	0.554385	2.852697	6.754606
227	13	3.347525	0.718963	4.485726	8.552214
227	14	3.347525	0.649758	3.799035	7.796318
227	15	3.347525	0.496053	2.273896	6.117474
227	16	3.347525	0.520415	2.515633	6.383573
227	17	3.347525	0.613500	3.439268	7.400293
227	18	3.347525	0.550510	2.814245	6.712279
227	19	3.347525	0.523815	2.549365	6.420705
227	20	3.347525	0.496053	2.273896	6.117474
227	21	3.347525	0.562464	2.932866	6.842855
227	22	3.347525	0.583327	3.139878	7.070730
227	23	3.347525	0.627964	3.582783	7.558272
227	24	3.347525	0.548828	2.797562	6.693916
227	25	3.347525	0.583327	3.139878	7.070730
227	26	3.347525	0.693127	4.229366	8.270018
227	27	3.347525	0.613500	3.439268	7.400293
227	28	3.347525	0.689191	4.190313	8.227029
227	29	3.347525	0.688347	4.181936	8.217808
227	30	3.347525	0.728860	4.583927	8.660312
227	31	3.347525	0.557958	2.888152	6.793635
227	32	3.347525	0.580563	3.112451	7.040539
227	33	3.347525	0.613500	3.439268	7.400293
227	34	3.347525	0.532466	3.111879	6.991869
227	35	3.347525	0.542120	2.730995	6.620640
227	36	3.347525	0.624145	3.544894	7.516564
227	37	3.347525	0.601014	3.315371	7.263909
227	38	3.347525	0.434774	1.665858	5.448157
227	39	3.347525	0.456338	1.879828	5.683691
227	40	3.347525	0.568120	2.988981	6.904626
227	41	3.347525	0.576231	3.069462	6.993218
227	42	3.347525	0.523815	2.549365	6.420705
227	43	3.347525	0.642573	3.727742	7.717840
227	44	3.347525	0.610381	3.514246	7.472152
227	45	3.347525	0.434774	1.665858	5.448157
227	46	3.347525	0.505701	2.369629	6.222854
227	47	3.347525	0.629434	3.756268	7.733228
227	48	3.347525	0.688347	4.181936	8.217808
227	49	3.347525	0.664663	3.946928	7.959116
227	50	3.347525	0.520415	2.515633	6.383573
227	51	3.347525	0.578366	3.090654	7.016545
227	52	3.347525	0.597420	3.279713	7.224658
227	53	3.347525	0.597420	3.279713	7.224658
227	54	3.347525	0.539750	3.184153	7.071427
227	55	3.347525	0.589050	3.196659	7.133233
227	56	3.347525	0.624145	3.544894	7.516564
227	57	3.347525	0.632705	3.629834	7.610064
227	58	3.347525	0.563264	2.940797	6.851586
227	59	3.347525	0.540541	2.715332	6.603398
227	60	3.347525	0.578366	3.090654	7.016545
227	61	3.347525	0.562464	2.932866	6.842855
227	62	3.347525	0.583327	3.139878	7.070730
227	63	3.347525	0.693127	4.229366	8.270018
227	64	3.347525	0.611456	3.418986	7.377967
227	65	3.347525	0.563264	2.940797	6.851586
227	66	3.347525	0.639592	3.804091	7.791208
227	67	3.347525	0.548408	2.793390	6.689323
227	68	3.347525	0.642573	3.727742	7.717840
227	69	3.347525	0.537003	3.209860	7.094388
227	70	3.347525	0.520415	2.515633	6.383573
227	71	3.347525	0.534443	2.654822	6.536790
227	72	3.347525	0.612178	3.426154	7.385857
227	73	3.347525	0.614973	3.612778	7.575276
227	74	3.347525	0.580563	3.112451	7.040539
227	75	3.347525	0.583327	3.139878	7.070730
227	76	3.347525	0.643386	3.735815	7.726727
227	77	3.347525	0.711579	4.412458	8.471562
227	78	3.347525	0.554385	2.852697	6.754606
227	79	3.347525	0.613602	3.440278	7.401405
227	80	3.347525	0.515194	2.463830	6.326550
227	81	3.347525	0.542986	2.739588	6.630099
227	82	3.347525	0.583330	3.139911	7.070766
227	83	3.347525	0.602370	3.328833	7.278728
227	84	3.347525	0.513097	2.443015	6.303637
227	85	3.347525	0.533717	2.647619	6.528861
227	86	3.347525	0.540541	2.715332	6.603398
227	87	3.347525	0.624145	3.544894	7.516564
227	88	3.347525	0.580563	3.112451	7.040539
227	89	3.347525	0.589050	3.196659	7.133233
227	90	3.347525	0.646306	3.764783	7.758614
227	91	3.347525	0.589050	3.196659	7.133233
227	92	3.347525	0.525740	2.992179	6.865444
227	93	3.347525	0.626644	3.569684	7.543853
227	94	3.347525	0.613602	3.440278	7.401405
227	95	3.347525	0.692528	4.223422	8.263475
227	96	3.347525	0.643386	3.735815	7.726727
227	97	3.347525	0.548828	2.797562	6.693916
227	98	3.347525	0.576136	3.121488	7.045149
227	99	3.347525	0.571500	3.022519	6.941544
228	0	3.304877	0.514782	2.459739	6.279399
228	1	3.304877	0.497179	2.285073	6.087129
228	2	3.304877	0.571893	3.026417	6.903187
228	3	3.304877	0.612962	3.486892	7.404732
228	4	3.304877	0.601896	3.324124	7.230897
228	5	3.304877	0.561833	2.926600	6.793310
228	6	3.304877	0.641265	3.714769	7.660912
228	7	3.304877	0.665166	3.951924	7.921968
228	8	3.304877	0.703336	4.436593	8.444806
228	9	3.304877	0.662500	3.925470	7.892848
228	10	3.304877	0.561833	2.926600	6.793310
228	11	3.304877	0.675656	4.056007	8.036540
228	12	3.304877	0.571893	3.026417	6.903187
228	13	3.304877	0.521968	2.531039	6.357884
228	14	3.304877	0.636026	3.662777	7.603680
228	15	3.304877	0.604567	3.350631	7.260075
228	16	3.304877	0.769414	4.986326	9.060618
228	17	3.304877	0.560098	2.909384	6.774359
228	18	3.304877	0.604058	3.345584	7.254520
228	19	3.304877	0.571878	3.026270	6.903025
228	20	3.304877	0.534233	2.652738	6.491848
228	21	3.304877	0.563466	2.942807	6.811150
228	22	3.304877	0.479312	2.107784	5.891973
228	23	3.304877	0.551884	3.145669	7.002431
228	24	3.304877	0.571878	3.026270	6.903025
228	25	3.304877	0.544499	2.754606	6.603983
228	26	3.304877	0.457343	1.889804	5.652025
228	27	3.304877	0.607302	3.377764	7.289943
228	28	3.304877	0.600769	3.312944	7.218591
228	29	3.304877	0.662500	3.925470	7.892848
228	30	3.304877	0.521968	2.531039	6.357884
228	31	3.304877	0.537460	2.684757	6.527094
228	32	3.304877	0.549387	2.803102	6.657365
228	33	3.304877	0.495928	2.802295	6.603100
228	34	3.304877	0.615228	3.456415	7.376521
228	35	3.304877	0.479312	2.107784	5.891973
228	36	3.304877	0.563466	2.942807	6.811150
228	37	3.304877	0.505701	2.369633	6.180212
228	38	3.304877	0.630162	3.604599	7.539639
228	39	3.304877	0.604311	3.348092	7.257281
228	40	3.304877	0.646192	3.763656	7.714726
228	41	3.304877	0.560098	2.909384	6.774359
228	42	3.304877	0.508741	2.664615	6.478233
228	43	3.304877	0.587815	3.184406	7.077099
228	44	3.304877	0.684595	4.144708	8.134181
228	45	3.304877	0.515660	2.468449	6.288986
228	46	3.304877	0.504924	2.361919	6.171720
228	47	3.304877	0.557121	2.879846	6.741844
228	48	3.304877	0.609862	3.403169	7.317909
228	49	3.304877	0.588190	3.188133	7.081201
228	50	3.304877	0.660527	3.905892	7.871296
228	51	3.304877	0.561833	2.926600	6.793310
228	52	3.304877	0.560098	2.909384	6.774359
228	53	3.304877	0.644569	3.747549	7.696995
228	54	3.304877	0.653935	3.840486	7.799298
228	55	3.304877	0.602273	3.327870	7.235021
228	56	3.304877	0.497179	2.285073	6.087129
228	57	3.304877	0.695441	4.252326	8.252644
228	58	3.304877	0.521968	2.531039	6.357884
228	59	3.304877	0.501954	2.332449	6.139280
228	60	3.304877	0.557121	2.879846	6.741844
228	61	3.304877	0.654457	4.004554	7.963888
228	62	3.304877	0.544499	2.754606	6.603983
228	63	3.304877	0.510524	2.417491	6.232893
228	64	3.304877	0.597301	3.331497	7.233675
228	65	3.304877	0.691115	4.209401	8.205394
228	66	3.304877	0.684595	4.144708	8.134181
228	67	3.304877	0.534018	2.650608	6.489504
228	68	3.304877	0.557121	2.879846	6.741844
228	69	3.304877	0.591741	3.223364	7.119982
228	70	3.304877	0.599408	3.299437	7.203722
228	71	3.304877	0.690572	4.204011	8.199460
228	72	3.304877	0.534018	2.650608	6.489504
228	73	3.304877	0.597782	3.283306	7.185966
228	74	3.304877	0.578978	3.096727	6.980583
228	75	3.304877	0.644569	3.747549	7.696995
228	76	3.304877	0.687540	4.173933	8.166351
228	77	3.304877	0.665166	3.951924	7.921968
228	78	3.304877	0.604311	3.348092	7.257281
228	79	3.304877	0.604567	3.350631	7.260075
228	80	3.304877	0.665166	3.951924	7.921968
228	81	3.304877	0.505701	2.369633	6.180212
228	82	3.304877	0.634521	3.647846	7.587244
228	83	3.304877	0.597892	3.284398	7.187168
228	84	3.304877	0.597782	3.283306	7.185966
228	85	3.304877	0.479312	2.107784	5.891973
228	86	3.304877	0.670680	4.059598	8.035156
228	87	3.304877	0.645536	3.757144	7.707558
228	88	3.304877	0.617879	3.694575	7.617332
228	89	3.304877	0.515660	2.468449	6.288986
228	90	3.304877	0.690572	4.204011	8.199460
228	91	3.304877	0.597782	3.283306	7.185966
228	92	3.304877	0.511419	3.061937	6.878234
228	93	3.304877	0.600769	3.312944	7.218591
228	94	3.304877	0.586689	3.173235	7.064801
228	95	3.304877	0.578978	3.096727	6.980583
228	96	3.304877	0.641265	3.714769	7.660912
228	97	3.304877	0.602273	3.327870	7.235021
228	98	3.304877	0.641265	3.714769	7.660912
228	99	3.304877	0.578978	3.096727	6.980583
229	0	3.359717	0.594897	3.254679	7.209293
229	1	3.359717	0.628578	3.588882	7.577178
229	2	3.359717	0.510450	2.416751	6.286917
229	3	3.359717	0.585902	3.165428	7.111047
229	4	3.359717	0.527754	2.588450	6.475921
229	5	3.359717	0.537563	2.685779	6.583059
229	6	3.359717	0.532027	2.630847	6.522591
229	7	3.359717	0.650976	3.811122	7.821816
229	8	3.359717	0.540550	2.715423	6.615691
229	9	3.359717	0.613146	3.435759	7.408623
229	10	3.359717	0.585772	3.164139	7.109629
229	11	3.359717	0.631183	3.614730	7.605630
229	12	3.359717	0.622445	3.528020	7.510182
229	13	3.359717	0.623187	3.535387	7.518292
229	14	3.359717	0.721149	4.507418	8.588285
229	15	3.359717	0.578935	3.096294	7.034946
229	16	3.359717	0.670413	4.003988	8.034118
229	17	3.359717	0.604016	3.345161	7.308894
229	18	3.359717	0.591570	3.221671	7.172959
229	19	3.359717	0.686069	4.159333	8.205119
229	20	3.359717	0.465356	1.969311	5.794384
229	21	3.359717	0.591570	3.221671	7.172959
229	22	3.359717	0.588413	3.561087	7.509217
229	23	3.359717	0.631183	3.614730	7.605630
229	24	3.359717	0.665066	3.950929	7.975712
229	25	3.359717	0.582957	3.136206	7.078880
229	26	3.359717	0.677836	4.077637	8.115189
229	27	3.359717	0.604875	3.459618	7.424210
229	28	3.359717	0.631183	3.614730	7.605630
229	29	3.359717	0.571974	3.027227	6.958919
229	30	3.359717	0.585772	3.164139	7.109629
229	31	3.359717	0.570173	3.009354	6.939245
229	32	3.359717	0.532027	2.630847	6.522591
229	33	3.359717	0.594293	3.248687	7.202697
229	34	3.359717	0.571974	3.027227	6.958919
229	35	3.359717	0.439287	1.710641	5.509646
229	36	3.359717	0.566967	2.977546	6.904230
229	37	3.359717	0.591570	3.221671	7.172959
229	38	3.359717	0.502633	2.339190	6.201541
229	39	3.359717	0.571974	3.027227	6.958919
229	40	3.359717	0.578935	3.096294	7.034946
229	41	3.359717	0.580254	3.109389	7.049361
229	42	3.359717	0.570173	3.009354	6.939245
229	43	3.359717	0.628578	3.588882	7.577178
229	44	3.359717	0.594897	3.254679	7.209293
229	45	3.359717	0.585902	3.165428	7.111047
229	46	3.359717	0.502633	2.339190	6.201541
229	47	3.359717	0.532247	2.633031	6.524994
229	48	3.359717	0.473733	2.635031	6.468481
229	49	3.359717	0.587127	3.177578	7.124422
229	50	3.359717	0.585772	3.164139	7.109629
229	51	3.359717	0.745272	4.746778	8.851768
229	52	3.359717	0.527754	2.588450	6.475921
229	53	3.359717	0.578935	3.096294	7.034946
229	54	3.359717	0.665066	3.950929	7.975712
229	55	3.359717	0.591784	3.223794	7.175295
229	56	3.359717	0.628578	3.588882	7.577178
229	57	3.359717	0.654671	3.953711	7.968099
229	58	3.359717	0.439287	1.710641	5.509646
229	59	3.359717	0.611163	3.416076	7.386956
229	60	3.359717	0.510450	2.416751	6.286917
229	61	3.359717	0.611163	3.416076	7.386956
229	62	3.359717	0.594897	3.254679	7.209293
229	63	3.359717	0.696434	4.262177	8.318327
229	64	3.359717	0.623187	3.535387	7.518292
229	65	3.359717	0.686069	4.159333	8.205119
229	66	3.359717	0.542657	3.265969	7.168344
229	67	3.359717	0.541825	2.728072	6.629614
229	68	3.359717	0.559055	2.899042	6.817814
229	69	3.359717	0.589967	3.470584	7.420269
229	70	3.359717	0.585841	3.429636	7.375193
229	71	3.359717	0.587127	3.177578	7.124422
229	72	3.359717	0.581107	3.382665	7.323489
229	73	3.359717	0.614315	3.447350	7.421382
229	74	3.359717	0.628578	3.588882	7.577178
229	75	3.359717	0.590853	3.214552	7.165123
229	76	3.359717	0.566967	2.977546	6.904230
229	77	3.359717	0.622445	3.528020	7.510182
229	78	3.359717	0.541879	2.728605	6.630201
229	79	3.359717	0.584790	3.631064	7.575571
229	80	3.359717	0.541879	2.728605	6.630201
229	81	3.359717	0.564704	2.955087	6.879508
229	82	3.359717	0.527754	2.588450	6.475921
229	83	3.359717	0.631183	3.614730	7.605630
229	84	3.359717	0.594897	3.254679	7.209293
229	85	3.359717	0.520691	3.048008	6.928416
229	86	3.359717	0.649025	3.791768	7.800510
229	87	3.359717	0.587127	3.177578	7.124422
229	88	3.359717	0.502633	2.339190	6.201541
229	89	3.359717	0.566967	2.977546	6.904230
229	90	3.359717	0.585772	3.164139	7.109629
229	91	3.359717	0.643360	3.735550	7.738627
229	92	3.359717	0.502633	2.339190	6.201541
229	93	3.359717	0.564704	2.955087	6.879508
229	94	3.359717	0.585644	3.162867	7.108228
229	95	3.359717	0.540550	2.715423	6.615691
229	96	3.359717	0.696434	4.262177	8.318327
229	97	3.359717	0.616818	3.472188	7.448723
229	98	3.359717	0.696434	4.262177	8.318327
229	99	3.359717	0.541879	2.728605	6.630201
230	0	3.255659	0.503203	2.344847	6.103709
230	1	3.255659	0.540997	2.719855	6.516511
230	2	3.255659	0.547408	3.101248	6.904315
230	3	3.255659	0.560844	2.916787	6.733290
230	4	3.255659	0.511649	2.428654	6.195963
230	5	3.255659	0.616691	3.735753	7.608104
230	6	3.255659	0.720929	4.505236	8.481824
230	7	3.255659	0.558363	2.892170	6.706192
230	8	3.255659	0.593520	3.241014	7.090193
230	9	3.255659	0.681166	4.110682	8.047507
230	10	3.255659	0.549861	2.807808	6.613327
230	11	3.255659	0.547787	2.787231	6.590677
230	12	3.255659	0.551792	2.826970	6.634421
230	13	3.255659	0.657872	3.879544	7.793074
230	14	3.255659	0.733758	4.632530	8.621947
230	15	3.255659	0.545985	2.769347	6.570991
230	16	3.255659	0.560844	2.916787	6.733290
230	17	3.255659	0.503203	2.344847	6.103709
230	18	3.255659	0.493244	2.246030	5.994933
230	19	3.255659	0.455683	1.873329	5.584672
230	20	3.255659	0.500408	2.317112	6.073179
230	21	3.255659	0.588254	3.188762	7.032675
230	22	3.255659	0.616691	3.735753	7.608104
230	23	3.255659	0.652032	3.821597	7.729288
230	24	3.255659	0.580931	3.116104	6.952694
230	25	3.255659	0.493422	2.247795	5.996876
230	26	3.255659	0.517560	2.487300	6.260519
230	27	3.255659	0.580797	3.379593	7.216050
230	28	3.255659	0.434266	1.660820	5.350745
230	29	3.255659	0.566234	2.970271	6.792164
230	30	3.255659	0.493244	2.246030	5.994933
230	31	3.255659	0.607904	3.754488	7.618052
230	32	3.255659	0.642731	3.729315	7.627705
230	33	3.255659	0.559539	2.903835	6.719032
230	34	3.255659	0.691133	4.209578	8.156370
230	35	3.255659	0.593520	3.241014	7.090193
230	36	3.255659	0.714985	4.446253	8.416897
230	37	3.255659	0.594928	3.254990	7.105578
230	38	3.255659	0.661693	3.917462	7.834814
230	39	3.255659	0.566234	2.970271	6.792164
230	40	3.255659	0.594928	3.254990	7.105578
230	41	3.255659	0.611974	3.424121	7.291754
230	42	3.255659	0.765292	4.945428	8.966379
230	43	3.255659	0.652011	3.821389	7.729059
230	44	3.255659	0.653933	3.840467	7.750060
230	45	3.255659	0.600469	3.309966	7.166094
230	46	3.255659	0.560844	2.916787	6.733290
230	47	3.255659	0.579749	3.104376	6.939784
230	48	3.255659	0.551792	2.826970	6.634421
230	49	3.255659	0.652011	3.821389	7.729059
230	50	3.255659	0.602629	3.331398	7.189686
230	51	3.255659	0.688664	4.185083	8.129406
230	52	3.255659	0.545985	2.769347	6.570991
230	53	3.255659	0.500408	2.317112	6.073179
230	54	3.255659	0.604359	3.560421	7.420439
230	55	3.255659	0.574453	3.051820	6.881931
230	56	3.255659	0.598545	3.290881	7.145086
230	57	3.255659	0.603649	3.341519	7.200827
230	58	3.255659	0.550984	2.818955	6.625599
230	59	3.255659	0.503360	2.346408	6.105428
230	60	3.255659	0.543624	3.222597	7.021880
230	61	3.255659	0.673680	4.036401	7.965739
230	62	3.255659	0.764066	4.933255	8.952979
230	63	3.255659	0.574857	3.055829	6.886344
230	64	3.255659	0.558363	2.892170	6.706192
230	65	3.255659	0.593520	3.241014	7.090193
230	66	3.255659	0.574857	3.055829	6.886344
230	67	3.255659	0.681166	4.110682	8.047507
230	68	3.255659	0.579749	3.104376	6.939784
230	69	3.255659	0.591039	3.216398	7.063096
230	70	3.255659	0.574857	3.055829	6.886344
230	71	3.255659	0.653933	3.840467	7.750060
230	72	3.255659	0.503203	2.344847	6.103709
230	73	3.255659	0.549861	2.807808	6.613327
230	74	3.255659	0.559578	3.222008	7.037245
230	75	3.255659	0.566234	2.970271	6.792164
230	76	3.255659	0.566234	2.970271	6.792164
230	77	3.255659	0.549861	2.807808	6.613327
230	78	3.255659	0.579749	3.104376	6.939784
230	79	3.255659	0.677374	4.073058	8.006092
230	80	3.255659	0.493422	2.247795	5.996876
230	81	3.255659	0.539531	2.705312	6.500502
230	82	3.255659	0.534412	2.654517	6.444589
230	83	3.255659	0.582623	3.132892	6.971174
230	84	3.255659	0.556289	2.924552	6.736499
230	85	3.255659	0.688664	4.185083	8.129406
230	86	3.255659	0.677374	4.073058	8.006092
230	87	3.255659	0.545089	2.760462	6.561211
230	88	3.255659	0.517560	2.487300	6.260519
230	89	3.255659	0.580797	3.379593	7.216050
230	90	3.255659	0.634672	3.649343	7.539674
230	91	3.255659	0.572588	3.033322	6.861569
230	92	3.255659	0.498925	2.302395	6.056979
230	93	3.255659	0.539911	2.709077	6.504647
230	94	3.255659	0.681166	4.110682	8.047507
230	95	3.255659	0.661693	3.917462	7.834814
230	96	3.255659	0.550984	2.818955	6.625599
230	97	3.255659	0.661693	3.917462	7.834814
230	98	3.255659	0.603649	3.341519	7.200827
230	99	3.255659	0.673680	4.036401	7.965739
231	0	3.161894	0.705131	4.348476	8.215500
231	1	3.161894	0.661745	3.917983	7.741622
231	2	3.161894	0.682994	4.181781	8.026668
231	3	3.161894	0.582672	3.133379	6.877945
231	4	3.161894	0.663031	3.930739	7.755664
231	5	3.161894	0.634176	3.644429	7.440499
231	6	3.161894	0.615795	3.462044	7.239733
231	7	3.161894	0.597222	3.277745	7.036861
231	8	3.161894	0.618853	3.492382	7.273128
231	9	3.161894	0.553983	2.848707	6.564583
231	10	3.161894	0.594159	3.247360	7.003413
231	11	3.161894	0.619920	3.714827	7.496641
231	12	3.161894	0.582672	3.133379	6.877945
231	13	3.161894	0.574682	3.054093	6.790668
231	14	3.161894	0.615795	3.462044	7.239733
231	15	3.161894	0.582672	3.133379	6.877945
231	16	3.161894	0.688453	4.182984	8.033330
231	17	3.161894	0.587058	3.176901	6.925853
231	18	3.161894	0.551127	2.820375	6.533396
231	19	3.161894	0.574475	3.052042	6.788410
231	20	3.161894	0.589174	3.197895	6.948962
231	21	3.161894	0.519172	2.503299	6.184364
231	22	3.161894	0.438298	1.700826	5.301017
231	23	3.161894	0.705131	4.348476	8.215500
231	24	3.161894	0.681897	4.117939	7.961729
231	25	3.161894	0.536756	2.677776	6.376425
231	26	3.161894	0.499672	2.309806	5.971371
231	27	3.161894	0.499672	2.309806	5.971371
231	28	3.161894	0.663031	3.930739	7.755664
231	29	3.161894	0.744094	4.788046	8.694033
231	30	3.161894	0.712260	4.419213	8.293367
231	31	3.161894	0.696158	4.259442	8.117494
231	32	3.161894	0.592429	3.230190	6.984513
231	33	3.161894	0.557670	2.885292	6.604855
231	34	3.161894	0.514417	2.456119	6.132429
231	35	3.161894	0.597989	3.285365	7.045248
231	36	3.161894	0.505764	2.370261	6.037919
231	37	3.161894	0.594159	3.247360	7.003413
231	38	3.161894	0.611347	3.417907	7.191148
231	39	3.161894	0.500695	2.902559	6.565147
231	40	3.161894	0.582470	3.131377	6.875741
231	41	3.161894	0.681897	4.117939	7.961729
231	42	3.161894	0.538078	2.690896	6.390868
231	43	3.161894	0.552184	2.830859	6.544937
231	44	3.161894	0.738340	4.677991	8.578225
231	45	3.161894	0.638620	3.688525	7.489038
231	46	3.161894	0.650047	3.801902	7.613842
231	47	3.161894	0.558422	2.892757	6.613073
231	48	3.161894	0.599618	3.301519	7.063031
231	49	3.161894	0.538174	2.691841	6.391908
231	50	3.161894	0.582470	3.131377	6.875741
231	51	3.161894	0.536756	2.677776	6.376425
231	52	3.161894	0.592454	3.230437	6.984784
231	53	3.161894	0.539139	2.701423	6.402456
231	54	3.161894	0.582430	3.130972	6.875295
231	55	3.161894	0.599618	3.301519	7.063031
231	56	3.161894	0.548853	3.168554	6.879300
231	57	3.161894	0.594159	3.247360	7.003413
231	58	3.161894	0.633681	3.639513	7.435088
231	59	3.161894	0.738340	4.677991	8.578225
231	60	3.161894	0.615067	3.613712	7.390673
231	61	3.161894	0.638620	3.688525	7.489038
231	62	3.161894	0.514417	2.456119	6.132429
231	63	3.161894	0.526658	3.001284	6.689835
231	64	3.161894	0.523034	2.541615	6.226542
231	65	3.161894	0.659305	3.893764	7.714962
231	66	3.161894	0.608506	3.389713	7.160113
231	67	3.161894	0.661745	3.917983	7.741622
231	68	3.161894	0.514981	3.097280	6.774155
231	69	3.161894	0.558422	2.892757	6.613073
231	70	3.161894	0.601207	3.317291	7.080392
231	71	3.161894	0.553176	3.211452	6.926522
231	72	3.161894	0.614674	3.450913	7.227480
231	73	3.161894	0.557670	2.885292	6.604855
231	74	3.161894	0.582470	3.131377	6.875741
231	75	3.161894	0.681897	4.117939	7.961729
231	76	3.161894	0.525241	2.563519	6.250654
231	77	3.161894	0.712260	4.419213	8.293367
231	78	3.161894	0.525241	2.563519	6.250654
231	79	3.161894	0.688453	4.182984	8.033330
231	80	3.161894	0.587058	3.176901	6.925853
231	81	3.161894	0.582470	3.131377	6.875741
231	82	3.161894	0.505764	2.370261	6.037919
231	83	3.161894	0.559493	2.903387	6.624774
231	84	3.161894	0.545837	2.767880	6.475611
231	85	3.161894	0.519172	2.503299	6.184364
231	86	3.161894	0.558422	2.892757	6.613073
231	87	3.161894	0.562543	3.145498	6.869934
231	88	3.161894	0.631407	3.616953	7.410254
231	89	3.161894	0.618853	3.492382	7.273128
231	90	3.161894	0.505764	2.370261	6.037919
231	91	3.161894	0.539139	2.701423	6.402456
231	92	3.161894	0.582924	3.135873	6.880690
231	93	3.161894	0.594159	3.247360	7.003413
231	94	3.161894	0.574682	3.054093	6.790668
231	95	3.161894	0.737410	4.668766	8.568069
231	96	3.161894	0.618853	3.492382	7.273128
231	97	3.161894	0.712260	4.419213	8.293367
231	98	3.161894	0.594159	3.247360	7.003413
231	99	3.161894	0.599618	3.301519	7.063031
232	0	3.278049	0.720093	4.496933	8.495074
232	1	3.278049	0.562214	3.142235	6.982498
232	2	3.278049	0.649181	3.793309	7.720538
232	3	3.278049	0.564731	2.955356	6.798136
232	4	3.278049	0.578677	3.093740	6.950466
232	5	3.278049	0.617140	3.475381	7.370569
232	6	3.278049	0.594578	3.516335	7.388962
232	7	3.278049	0.607160	3.376355	7.261564
232	8	3.278049	0.579476	3.101669	6.959194
232	9	3.278049	0.519118	2.502758	6.299925
232	10	3.278049	0.532003	2.630611	6.440662
232	11	3.278049	0.588092	3.187161	7.053303
232	12	3.278049	0.596127	3.266883	7.141058
232	13	3.278049	0.717563	4.471834	8.467446
232	14	3.278049	0.685236	4.151068	8.114353
232	15	3.278049	0.442001	1.737567	5.457617
232	16	3.278049	0.569927	3.006915	6.854891
232	17	3.278049	0.630459	3.607548	7.516057
232	18	3.278049	0.543154	2.741263	6.562466
232	19	3.278049	0.585279	3.159242	7.022570
232	20	3.278049	0.607160	3.376355	7.261564
232	21	3.278049	0.572203	3.029496	6.879748
232	22	3.278049	0.539282	2.702844	6.520175
232	23	3.278049	0.652879	3.830005	7.760933
232	24	3.278049	0.588092	3.187161	7.053303
232	25	3.278049	0.541659	2.726428	6.546136
232	26	3.278049	0.598769	3.293098	7.169916
232	27	3.278049	0.668143	3.981461	7.927652
232	28	3.278049	0.563462	2.942761	6.784272
232	29	3.278049	0.560092	2.909328	6.747469
232	30	3.278049	0.537695	2.687093	6.502837
232	31	3.278049	0.593643	3.242241	7.113933
232	32	3.278049	0.720093	4.496933	8.495074
232	33	3.278049	0.653140	3.832592	7.763780
232	34	3.278049	0.578677	3.093740	6.950466
232	35	3.278049	0.596127	3.266883	7.141058
232	36	3.278049	0.553510	2.844020	6.675579
232	37	3.278049	0.607160	3.376355	7.261564
232	38	3.278049	0.531662	2.627229	6.436940
232	39	3.278049	0.531827	2.628863	6.438739
232	40	3.278049	0.541659	2.726428	6.546136
232	41	3.278049	0.593643	3.242241	7.113933
232	42	3.278049	0.653140	3.832592	7.763780
232	43	3.278049	0.541659	2.726428	6.546136
232	44	3.278049	0.741525	4.815523	8.835097
232	45	3.278049	0.548538	2.794682	6.621269
232	46	3.278049	0.576467	3.071809	6.926326
232	47	3.278049	0.563462	2.942761	6.784272
232	48	3.278049	0.594538	3.251113	7.123699
232	49	3.278049	0.519379	2.505354	6.302782
232	50	3.278049	0.596127	3.266883	7.141058
232	51	3.278049	0.675692	4.056363	8.010104
232	52	3.278049	0.531662	2.627229	6.436940
232	53	3.278049	0.642040	3.828384	7.748473
232	54	3.278049	0.594033	3.246111	7.118193
232	55	3.278049	0.563462	2.942761	6.784272
232	56	3.278049	0.625842	3.773589	7.677481
232	57	3.278049	0.577864	3.085667	6.941580
232	58	3.278049	0.617808	3.482014	7.377871
232	59	3.278049	0.617140	3.475381	7.370569
232	60	3.278049	0.531662	2.627229	6.436940
232	61	3.278049	0.675692	4.056363	8.010104
232	62	3.278049	0.543154	2.741263	6.562466
232	63	3.278049	0.649181	3.793309	7.720538
232	64	3.278049	0.593643	3.242241	7.113933
232	65	3.278049	0.590417	3.210229	7.078695
232	66	3.278049	0.617140	3.475381	7.370569
232	67	3.278049	0.593643	3.242241	7.113933
232	68	3.278049	0.668143	3.981461	7.927652
232	69	3.278049	0.685236	4.151068	8.114353
232	70	3.278049	0.510241	2.414677	6.202967
232	71	3.278049	0.653140	3.832592	7.763780
232	72	3.278049	0.463619	1.952073	5.693741
232	73	3.278049	0.607498	3.379715	7.265262
232	74	3.278049	0.588900	3.354066	7.221015
232	75	3.278049	0.691243	4.210673	8.179965
232	76	3.278049	0.576467	3.071809	6.926326
232	77	3.278049	0.531827	2.628863	6.438739
232	78	3.278049	0.642040	3.828384	7.748473
232	79	3.278049	0.510241	2.414677	6.202967
232	80	3.278049	0.654128	3.842400	7.774577
232	81	3.278049	0.560092	2.909328	6.747469
232	82	3.278049	0.617021	3.474204	7.369274
232	83	3.278049	0.676983	4.069174	8.024205
232	84	3.278049	0.629031	3.593372	7.500452
232	85	3.278049	0.595130	3.256987	7.130165
232	86	3.278049	0.569927	3.006915	6.854891
232	87	3.278049	0.649181	3.793309	7.720538
232	88	3.278049	0.554255	3.275117	7.107421
232	89	3.278049	0.691243	4.210673	8.179965
232	90	3.278049	0.519379	2.505354	6.302782
232	91	3.278049	0.594538	3.251113	7.123699
232	92	3.278049	0.519118	2.502758	6.299925
232	93	3.278049	0.637350	3.781848	7.697247
232	94	3.278049	0.524117	2.923111	6.725277
232	95	3.278049	0.717563	4.471834	8.467446
232	96	3.278049	0.519118	2.502758	6.299925
232	97	3.278049	0.560092	2.909328	6.747469
232	98	3.278049	0.647187	3.773526	7.698762
232	99	3.278049	0.579476	3.101669	6.959194
233	0	3.234828	0.592041	3.226343	7.053212
233	1	3.234828	0.577282	3.079890	6.891999
233	2	3.234828	0.558505	2.893580	6.686913
233	3	3.234828	0.676837	4.067728	7.979393
233	4	3.234828	0.676350	4.062897	7.974075
233	5	3.234828	0.675382	4.053296	7.963506
233	6	3.234828	0.636437	3.719820	7.591085
233	7	3.234828	0.579949	3.106357	6.921134
233	8	3.234828	0.515316	2.465035	6.215179
233	9	3.234828	0.772047	5.012454	9.019330
233	10	3.234828	0.600864	3.313885	7.149576
233	11	3.234828	0.752986	4.823321	8.811135
233	12	3.234828	0.652027	4.033410	7.920266
233	13	3.234828	0.592041	3.226343	7.053212
233	14	3.234828	0.646478	3.766494	7.647800
233	15	3.234828	0.579949	3.106357	6.921134
233	16	3.234828	0.517466	2.486368	6.238662
233	17	3.234828	0.478254	2.679889	6.392971
233	18	3.234828	0.460624	1.922359	5.617812
233	19	3.234828	0.578119	3.088203	6.901150
233	20	3.234828	0.658688	3.887647	7.781163
233	21	3.234828	0.652027	4.033410	7.920266
233	22	3.234828	0.588348	3.189693	7.012868
233	23	3.234828	0.566998	2.977848	6.779673
233	24	3.234828	0.566998	2.977848	6.779673
233	25	3.234828	0.525374	2.564837	6.325039
233	26	3.234828	0.601365	3.318856	7.155049
233	27	3.234828	0.572605	3.033483	6.840916
233	28	3.234828	0.639219	3.694462	7.568509
233	29	3.234828	0.640810	3.710249	7.585887
233	30	3.234828	0.622175	3.525342	7.382345
233	31	3.234828	0.608272	3.387396	7.230497
233	32	3.234828	0.622175	3.525342	7.382345
233	33	3.234828	0.606446	3.369279	7.210554
233	34	3.234828	0.537654	2.686689	6.459172
233	35	3.234828	0.745860	4.752612	8.733300
233	36	3.234828	0.641359	3.715701	7.591888
233	37	3.234828	0.645370	3.755494	7.635692
233	38	3.234828	0.578119	3.088203	6.901150
233	39	3.234828	0.513675	2.448751	6.197254
233	40	3.234828	0.523622	3.077095	6.835545
233	41	3.234828	0.524090	2.552092	6.311010
233	42	3.234828	0.641359	3.715701	7.591888
233	43	3.234828	0.524090	2.552092	6.311010
233	44	3.234828	0.607134	3.376104	7.218066
233	45	3.234828	0.589053	3.196695	7.020576
233	46	3.234828	0.605198	3.356886	7.196912
233	47	3.234828	0.560517	2.913549	6.708894
233	48	3.234828	0.534705	3.134099	6.903632
233	49	3.234828	0.671501	4.014780	7.921109
233	50	3.234828	0.713615	4.432663	8.381106
233	51	3.234828	0.629717	3.812032	7.676577
233	52	3.234828	0.595286	3.258535	7.088649
233	53	3.234828	0.663644	3.936824	7.835296
233	54	3.234828	0.524090	2.552092	6.311010
233	55	3.234828	0.527479	2.585722	6.348028
233	56	3.234828	0.713615	4.432663	8.381106
233	57	3.234828	0.541168	2.721554	6.497550
233	58	3.234828	0.533186	2.642349	6.410362
233	59	3.234828	0.524090	2.552092	6.311010
233	60	3.234828	0.531930	2.629891	6.396649
233	61	3.234828	0.590570	3.211744	7.037142
233	62	3.234828	0.525374	2.564837	6.325039
233	63	3.234828	0.646478	3.766494	7.647800
233	64	3.234828	0.558505	2.893580	6.686913
233	65	3.234828	0.565980	2.967753	6.768562
233	66	3.234828	0.635368	3.709220	7.579417
233	67	3.234828	0.641359	3.715701	7.591888
233	68	3.234828	0.604718	3.352125	7.191670
233	69	3.234828	0.511732	2.429474	6.176034
233	70	3.234828	0.635368	3.709220	7.579417
233	71	3.234828	0.622175	3.525342	7.382345
233	72	3.234828	0.517552	2.487227	6.239607
233	73	3.234828	0.577282	3.079890	6.891999
233	74	3.234828	0.497571	2.288965	6.021364
233	75	3.234828	0.615837	3.727278	7.577943
233	76	3.234828	0.600354	3.308830	7.144012
233	77	3.234828	0.618694	3.490805	7.344326
233	78	3.234828	0.631435	3.617228	7.483490
233	79	3.234828	0.618694	3.490805	7.344326
233	80	3.234828	0.601365	3.318856	7.155049
233	81	3.234828	0.539647	2.706461	6.480936
233	82	3.234828	0.525374	2.564837	6.325039
233	83	3.234828	0.547987	2.789213	6.572028
233	84	3.234828	0.608272	3.387396	7.230497
233	85	3.234828	0.614419	3.448385	7.297632
233	86	3.234828	0.541168	2.721554	6.497550
233	87	3.234828	0.517466	2.486368	6.238662
233	88	3.234828	0.658688	3.887647	7.781163
233	89	3.234828	0.766787	4.960258	8.961873
233	90	3.234828	0.607134	3.376104	7.218066
233	91	3.234828	0.658688	3.887647	7.781163
233	92	3.234828	0.534403	2.654427	6.423657
233	93	3.234828	0.677650	4.075800	7.988278
233	94	3.234828	0.646478	3.766494	7.647800
233	95	3.234828	0.441297	1.730585	5.406710
233	96	3.234828	0.675382	4.053296	7.963506
233	97	3.234828	0.560517	2.913549	6.708894
233	98	3.234828	0.640810	3.710249	7.585887
233	99	3.234828	0.655735	3.858346	7.748910
234	0	3.186786	0.572327	3.030729	6.789841
234	1	3.186786	0.690839	4.206666	8.084291
234	2	3.186786	0.757252	4.865643	8.809680
234	3	3.186786	0.595051	3.468065	7.249902
234	4	3.186786	0.664090	3.941251	7.792127
234	5	3.186786	0.579217	3.469837	7.235839
234	6	3.186786	0.535695	2.667245	6.389726
234	7	3.186786	0.559105	2.899537	6.645428
234	8	3.186786	0.640289	3.705084	7.532159
234	9	3.186786	0.536737	2.677592	6.401115
234	10	3.186786	0.625956	3.562867	7.375609
234	11	3.186786	0.614556	3.449750	7.251092
234	12	3.186786	0.719726	4.493292	8.399803
234	13	3.186786	0.559105	2.899537	6.645428
234	14	3.186786	0.646567	3.767376	7.600729
234	15	3.186786	0.670267	4.002542	7.859595
234	16	3.186786	0.588802	3.194202	6.969790
234	17	3.186786	0.707796	4.374922	8.269503
234	18	3.186786	0.506216	2.374744	6.067746
234	19	3.186786	0.542055	3.048134	6.776975
234	20	3.186786	0.555176	2.860553	6.602515
234	21	3.186786	0.634193	3.644595	7.465574
234	22	3.186786	0.497429	2.287553	5.971768
234	23	3.186786	0.719726	4.493292	8.399803
234	24	3.186786	0.621213	3.515803	7.323802
234	25	3.186786	0.634193	3.644595	7.465574
234	26	3.186786	0.690839	4.206666	8.084291
234	27	3.186786	0.664090	3.941251	7.792127
234	28	3.186786	0.592642	3.232302	7.011729
234	29	3.186786	0.513685	2.448856	6.149327
234	30	3.186786	0.555176	2.860553	6.602515
234	31	3.186786	0.646068	3.762421	7.595274
234	32	3.186786	0.589479	3.200921	6.977186
234	33	3.186786	0.592642	3.232302	7.011729
234	34	3.186786	0.456771	1.884125	5.527681
234	35	3.186786	0.571459	3.022120	6.780365
234	36	3.186786	0.560353	2.911919	6.659057
234	37	3.186786	0.585915	3.165551	6.938251
234	38	3.186786	0.513685	2.448856	6.149327
234	39	3.186786	0.618004	3.483961	7.288751
234	40	3.186786	0.572327	3.030729	6.789841
234	41	3.186786	0.560353	2.911919	6.659057
234	42	3.186786	0.573166	3.039053	6.799004
234	43	3.186786	0.634193	3.644595	7.465574
234	44	3.186786	0.585915	3.165551	6.938251
234	45	3.186786	0.623286	3.536365	7.346436
234	46	3.186786	0.622987	3.533402	7.343174
234	47	3.186786	0.537239	2.682572	6.406597
234	48	3.186786	0.573166	3.039053	6.799004
234	49	3.186786	0.629123	3.594284	7.410192
234	50	3.186786	0.684846	4.147202	8.018834
234	51	3.186786	0.555176	2.860553	6.602515
234	52	3.186786	0.496669	2.280013	5.963467
234	53	3.186786	0.539570	2.705695	6.432051
234	54	3.186786	0.510850	2.897395	6.595030
234	55	3.186786	0.539605	3.235677	6.962067
234	56	3.186786	0.504925	2.361928	6.053638
234	57	3.186786	0.592642	3.232302	7.011729
234	58	3.186786	0.456771	1.884125	5.527681
234	59	3.186786	0.589479	3.200921	6.977186
234	60	3.186786	0.533717	2.647623	6.368126
234	61	3.186786	0.573339	3.040774	6.800899
234	62	3.186786	0.560353	2.911919	6.659057
234	63	3.186786	0.573166	3.039053	6.799004
234	64	3.186786	0.592642	3.232302	7.011729
234	65	3.186786	0.664255	3.942880	7.793920
234	66	3.186786	0.493438	2.830551	6.510775
234	67	3.186786	0.589479	3.200921	6.977186
234	68	3.186786	0.719226	4.594262	8.500274
234	69	3.186786	0.536737	2.677592	6.401115
234	70	3.186786	0.573339	3.040774	6.800899
234	71	3.186786	0.521517	2.526563	6.234865
234	72	3.186786	0.539647	2.706459	6.432891
234	73	3.186786	0.591892	3.436718	7.215396
234	74	3.186786	0.573166	3.039053	6.799004
234	75	3.186786	0.539647	2.706459	6.432891
234	76	3.186786	0.702930	4.326635	8.216351
234	77	3.186786	0.504925	2.361928	6.053638
234	78	3.186786	0.524550	2.556661	6.267997
234	79	3.186786	0.524550	2.556661	6.267997
234	80	3.186786	0.593573	3.241539	7.021897
234	81	3.186786	0.623286	3.536365	7.346436
234	82	3.186786	0.614556	3.449750	7.251092
234	83	3.186786	0.603042	3.335500	7.125328
234	84	3.186786	0.597052	3.276066	7.059904
234	85	3.186786	0.752033	4.866829	8.805648
234	86	3.186786	0.497429	2.287553	5.971768
234	87	3.186786	0.578994	3.096883	6.862663
234	88	3.186786	0.632270	3.625517	7.444573
234	89	3.186786	0.525451	2.565601	6.277838
234	90	3.186786	0.536737	2.677592	6.401115
234	91	3.186786	0.610056	3.405093	7.201935
234	92	3.186786	0.614556	3.449750	7.251092
234	93	3.186786	0.537239	2.682572	6.406597
234	94	3.186786	0.535695	2.667245	6.389726
234	95	3.186786	0.612509	3.641286	7.440581
234	96	3.186786	0.506216	2.374744	6.067746
234	97	3.186786	0.506216	2.374744	6.067746
234	98	3.186786	0.741010	4.704484	8.632279
234	99	3.186786	0.557290	2.881523	6.625598
235	0	3.252054	0.662085	3.921357	7.835496
235	1	3.252054	0.612028	3.424664	7.288746
235	2	3.252054	0.734227	4.637181	8.623462
235	3	3.252054	0.628233	3.585457	7.465744
235	4	3.252054	0.535263	2.662958	6.450275
235	5	3.252054	0.512733	2.439406	6.204193
235	6	3.252054	0.516441	2.476198	6.244692
235	7	3.252054	0.749923	4.792926	8.794903
235	8	3.252054	0.513452	2.446542	6.212048
235	9	3.252054	0.516441	2.476198	6.244692
235	10	3.252054	0.563071	2.938889	6.754014
235	11	3.252054	0.586192	3.168303	7.006548
235	12	3.252054	0.578451	3.091497	6.922002
235	13	3.252054	0.567838	2.986191	6.806083
235	14	3.252054	0.593780	3.243591	7.089425
235	15	3.252054	0.459026	1.906497	5.617577
235	16	3.252054	0.612607	3.483373	7.348034
235	17	3.252054	0.584380	3.256253	7.092687
235	18	3.252054	0.632536	3.628149	7.512739
235	19	3.252054	0.481594	2.130434	5.864082
235	20	3.252054	0.611524	3.843373	7.706951
235	21	3.252054	0.567838	2.986191	6.806083
235	22	3.252054	0.700383	4.301361	8.253797
235	23	3.252054	0.581280	3.119561	6.952894
235	24	3.252054	0.612836	3.432678	7.297567
235	25	3.252054	0.642099	3.723037	7.617190
235	26	3.252054	0.437323	1.691152	5.380529
235	27	3.252054	0.612836	3.432678	7.297567
235	28	3.252054	0.673801	4.037609	7.963464
235	29	3.252054	0.613764	3.441888	7.307706
235	30	3.252054	0.437323	1.691152	5.380529
235	31	3.252054	0.590043	3.206518	7.048615
235	32	3.252054	0.659474	3.895443	7.806970
235	33	3.252054	0.603955	3.344561	7.200570
235	34	3.252054	0.750102	4.794704	8.796860
235	35	3.252054	0.520232	2.513818	6.286104
235	36	3.252054	0.551623	2.825293	6.628969
235	37	3.252054	0.609860	3.403150	7.265064
235	38	3.252054	0.648462	4.050993	7.951508
235	39	3.252054	0.677223	4.071563	8.000840
235	40	3.252054	0.481594	2.130434	5.864082
235	41	3.252054	0.632536	3.628149	7.512739
235	42	3.252054	0.621653	3.520165	7.393872
235	43	3.252054	0.571723	3.289557	7.113334
235	44	3.252054	0.625707	3.878176	7.755937
235	45	3.252054	0.583504	3.406446	7.242003
235	46	3.252054	0.516441	2.476198	6.244692
235	47	3.252054	0.481594	2.130434	5.864082
235	48	3.252054	0.672817	4.027841	7.952711
235	49	3.252054	0.611545	3.419867	7.283466
235	50	3.252054	0.539203	2.702059	6.493316
235	51	3.252054	0.567838	2.986191	6.806083
235	52	3.252054	0.642071	3.722764	7.616889
235	53	3.252054	0.583504	3.406446	7.242003
235	54	3.252054	0.565984	2.967790	6.785827
235	55	3.252054	0.677421	4.073528	8.003003
235	56	3.252054	0.505397	2.366613	6.124063
235	57	3.252054	0.642110	3.723151	7.617315
235	58	3.252054	0.566475	2.972658	6.791186
235	59	3.252054	0.516751	2.479277	6.248082
235	60	3.252054	0.562711	2.935313	6.750078
235	61	3.252054	0.599273	3.615887	7.467214
235	62	3.252054	0.601495	3.320149	7.173697
235	63	3.252054	0.604497	3.349939	7.206490
235	64	3.252054	0.565984	2.967790	6.785827
235	65	3.252054	0.700383	4.301361	8.253797
235	66	3.252054	0.578451	3.091497	6.922002
235	67	3.252054	0.516441	2.476198	6.244692
235	68	3.252054	0.674625	4.045785	7.972464
235	69	3.252054	0.481594	2.130434	5.864082
235	70	3.252054	0.539203	2.702059	6.493316
235	71	3.252054	0.612028	3.424664	7.288746
235	72	3.252054	0.667917	3.979217	7.899187
235	73	3.252054	0.672817	4.027841	7.952711
235	74	3.252054	0.674625	4.045785	7.972464
235	75	3.252054	0.516751	2.479277	6.248082
235	76	3.252054	0.545888	2.768387	6.566328
235	77	3.252054	0.656791	3.868820	7.777665
235	78	3.252054	0.597751	3.282996	7.132801
235	79	3.252054	0.632536	3.628149	7.512739
235	80	3.252054	0.672817	4.027841	7.952711
235	81	3.252054	0.538579	2.695861	6.486494
235	82	3.252054	0.677421	4.073528	8.003003
235	83	3.252054	0.553397	2.842898	6.648349
235	84	3.252054	0.674625	4.045785	7.972464
235	85	3.252054	0.642071	3.722764	7.616889
235	86	3.252054	0.648462	4.050993	7.951508
235	87	3.252054	0.659474	3.895443	7.806970
235	88	3.252054	0.642099	3.723037	7.617190
235	89	3.252054	0.545888	2.768387	6.566328
235	90	3.252054	0.734227	4.637181	8.623462
235	91	3.252054	0.520232	2.513818	6.286104
235	92	3.252054	0.677223	4.071563	8.000840
235	93	3.252054	0.659474	3.895443	7.806970
235	94	3.252054	0.563071	2.938889	6.754014
235	95	3.252054	0.566475	2.972658	6.791186
235	96	3.252054	0.564372	2.951791	6.768217
235	97	3.252054	0.667917	3.979217	7.899187
235	98	3.252054	0.563071	2.938889	6.754014
235	99	3.252054	0.596931	3.274863	7.123848
236	0	3.330413	0.522035	2.531702	6.384150
236	1	3.330413	0.671914	4.018879	8.021206
236	2	3.330413	0.700275	4.300290	8.330978
236	3	3.330413	0.571197	3.019517	6.921127
236	4	3.330413	0.704913	4.346313	8.381639
236	5	3.330413	0.553715	2.846052	6.730181
236	6	3.330413	0.484507	2.159331	5.974251
236	7	3.330413	0.614677	3.609835	7.554925
236	8	3.330413	0.671914	4.018879	8.021206
236	9	3.330413	0.495036	2.263811	6.089260
236	10	3.330413	0.605125	3.356167	7.291705
236	11	3.330413	0.654383	3.844925	7.829721
236	12	3.330413	0.686444	4.163058	8.179916
236	13	3.330413	0.543072	2.740445	6.613930
236	14	3.330413	0.592204	3.227953	7.150570
236	15	3.330413	0.595653	3.262179	7.188245
236	16	3.330413	0.576672	3.179768	7.086853
236	17	3.330413	0.677658	4.075874	8.083945
236	18	3.330413	0.704913	4.346313	8.381639
236	19	3.330413	0.556468	2.873366	6.760247
236	20	3.330413	0.464851	2.652822	6.448085
236	21	3.330413	0.659606	3.896751	7.886770
236	22	3.330413	0.507979	2.392233	6.230625
236	23	3.330413	0.525884	2.569903	6.426200
236	24	3.330413	0.467039	1.986005	5.783457
236	25	3.330413	0.547848	2.787832	6.666093
236	26	3.330413	0.506558	2.378131	6.215102
236	27	3.330413	0.547848	2.787832	6.666093
236	28	3.330413	0.520828	2.519727	6.370968
236	29	3.330413	0.527549	2.586417	6.444379
236	30	3.330413	0.544255	2.752179	6.626847
236	31	3.330413	0.562688	3.146945	7.040047
236	32	3.330413	0.618855	3.492404	7.441672
236	33	3.330413	0.677658	4.075874	8.083945
236	34	3.330413	0.625576	3.559087	7.515076
236	35	3.330413	0.682960	4.128487	8.141860
236	36	3.330413	0.562711	2.935318	6.828443
236	37	3.330413	0.522513	2.536452	6.389379
236	38	3.330413	0.536253	2.672784	6.539451
236	39	3.330413	0.583277	3.139380	7.053071
236	40	3.330413	0.587742	3.342573	7.260728
236	41	3.330413	0.467039	1.986005	5.783457
236	42	3.330413	0.659606	3.896751	7.886770
236	43	3.330413	0.583277	3.139380	7.053071
236	44	3.330413	0.467039	1.986005	5.783457
236	45	3.330413	0.545351	2.763056	6.638820
236	46	3.330413	0.618186	3.485760	7.434359
236	47	3.330413	0.569843	3.006079	6.906335
236	48	3.330413	0.560882	2.917164	6.808459
236	49	3.330413	0.637428	3.676696	7.644538
236	50	3.330413	0.536253	2.672784	6.539451
236	51	3.330413	0.508089	2.393327	6.231829
236	52	3.330413	0.583964	3.146195	7.060572
236	53	3.330413	0.562711	2.935318	6.828443
236	54	3.330413	0.726198	4.557511	8.614122
236	55	3.330413	0.506558	2.378131	6.215102
236	56	3.330413	0.583277	3.139380	7.053071
236	57	3.330413	0.535969	2.669964	6.536346
236	58	3.330413	0.579680	3.103688	7.013781
236	59	3.330413	0.522403	2.535354	6.388170
236	60	3.330413	0.545351	2.763056	6.638820
236	61	3.330413	0.481004	2.124578	5.935995
236	62	3.330413	0.579680	3.103688	7.013781
236	63	3.330413	0.481004	2.124578	5.935995
236	64	3.330413	0.569714	3.269617	7.169744
236	65	3.330413	0.507979	2.392233	6.230625
236	66	3.330413	0.540308	2.713020	6.583742
236	67	3.330413	0.484507	2.159331	5.974251
236	68	3.330413	0.569714	3.269617	7.169744
236	69	3.330413	0.619244	3.496266	7.445923
236	70	3.330413	0.579680	3.103688	7.013781
236	71	3.330413	0.611697	3.421376	7.363486
236	72	3.330413	0.511073	2.422933	6.264419
236	73	3.330413	0.543072	2.740445	6.613930
236	74	3.330413	0.495036	2.263811	6.089260
236	75	3.330413	0.672001	4.019739	8.022153
236	76	3.330413	0.507979	2.392233	6.230625
236	77	3.330413	0.508089	2.393327	6.231829
236	78	3.330413	0.630666	3.768487	7.729566
236	79	3.330413	0.659606	3.896751	7.886770
236	80	3.330413	0.540511	2.715032	6.585956
236	81	3.330413	0.575413	3.273205	7.179031
236	82	3.330413	0.608161	3.386288	7.324862
236	83	3.330413	0.618186	3.485760	7.434359
236	84	3.330413	0.540511	2.715032	6.585956
236	85	3.330413	0.605125	3.356167	7.291705
236	86	3.330413	0.544255	2.752179	6.626847
236	87	3.330413	0.522513	2.536452	6.389379
236	88	3.330413	0.589819	3.310217	7.230449
236	89	3.330413	0.605125	3.356167	7.291705
236	90	3.330413	0.560882	2.917164	6.808459
236	91	3.330413	0.661385	3.914409	7.906208
236	92	3.330413	0.540308	2.713020	6.583742
236	93	3.330413	0.545351	2.763056	6.638820
236	94	3.330413	0.525884	2.569903	6.426200
236	95	3.330413	0.544255	2.752179	6.626847
236	96	3.330413	0.671914	4.018879	8.021206
236	97	3.330413	0.536253	2.672784	6.539451
236	98	3.330413	0.540511	2.715032	6.585956
236	99	3.330413	0.571127	3.018823	6.920363
237	0	3.291721	0.608125	3.385935	7.285781
237	1	3.291721	0.545595	2.765476	6.602791
237	2	3.291721	0.570265	3.010272	6.872259
237	3	3.291721	0.630655	3.609490	7.531866
237	4	3.291721	0.593910	3.244882	7.130512
237	5	3.291721	0.622403	3.527611	7.441735
237	6	3.291721	0.613971	3.443944	7.349636
237	7	3.291721	0.430736	1.625792	5.348249
237	8	3.291721	0.546586	2.775318	6.613625
237	9	3.291721	0.598239	3.287844	7.177804
237	10	3.291721	0.580089	3.107746	6.979555
237	11	3.291721	0.573940	3.046733	6.912394
237	12	3.291721	0.689485	4.193231	8.174437
237	13	3.291721	0.552282	2.831829	6.675832
237	14	3.291721	0.570265	3.010272	6.872259
237	15	3.291721	0.705431	4.351454	8.348606
237	16	3.291721	0.555076	2.859551	6.706347
237	17	3.291721	0.552282	2.831829	6.675832
237	18	3.291721	0.589364	3.199782	7.080867
237	19	3.291721	0.587361	3.179900	7.058982
237	20	3.291721	0.611661	3.421015	7.324396
237	21	3.291721	0.630655	3.609490	7.531866
237	22	3.291721	0.651701	3.871282	7.814704
237	23	3.291721	0.535515	2.665466	6.492702
237	24	3.291721	0.573885	3.046193	6.911799
237	25	3.291721	0.736951	4.717173	8.745845
237	26	3.291721	0.552282	2.831829	6.675832
237	27	3.291721	0.589028	3.196448	7.077197
237	28	3.291721	0.485608	2.541001	6.318330
237	29	3.291721	0.587361	3.179900	7.058982
237	30	3.291721	0.507307	2.385564	6.184591
237	31	3.291721	0.579850	3.105374	6.976945
237	32	3.291721	0.640691	3.709072	7.641484
237	33	3.291721	0.520373	2.515215	6.327309
237	34	3.291721	0.669168	3.991637	7.952526
237	35	3.291721	0.669168	3.991637	7.952526
237	36	3.291721	0.613971	3.443944	7.349636
237	37	3.291721	0.616141	3.465473	7.373335
237	38	3.291721	0.651701	3.871282	7.814704
237	39	3.291721	0.519260	3.033805	6.844785
237	40	3.291721	0.619088	3.494712	7.405521
237	41	3.291721	0.608125	3.385935	7.285781
237	42	3.291721	0.507583	2.388310	6.187614
237	43	3.291721	0.589364	3.199782	7.080867
237	44	3.291721	0.616364	3.679544	7.587629
237	45	3.291721	0.592884	3.234702	7.119307
237	46	3.291721	0.589364	3.199782	7.080867
237	47	3.291721	0.573885	3.046193	6.911799
237	48	3.291721	0.569927	3.430623	7.292270
237	49	3.291721	0.613449	3.438758	7.343927
237	50	3.291721	0.641750	3.984394	7.917864
237	51	3.291721	0.613449	3.438758	7.343927
237	52	3.291721	0.630655	3.609490	7.531866
237	53	3.291721	0.593910	3.244882	7.130512
237	54	3.291721	0.545070	2.760267	6.597057
237	55	3.291721	0.430736	1.625792	5.348249
237	56	3.291721	0.689485	4.193231	8.174437
237	57	3.291721	0.507307	2.385564	6.184591
237	58	3.291721	0.555076	2.859551	6.706347
237	59	3.291721	0.493441	2.247986	6.033148
237	60	3.291721	0.588636	3.192550	7.072906
237	61	3.291721	0.570265	3.010272	6.872259
237	62	3.291721	0.587361	3.179900	7.058982
237	63	3.291721	0.472160	2.036822	5.800703
237	64	3.291721	0.583847	3.145036	7.020604
237	65	3.291721	0.585201	3.158467	7.035388
237	66	3.291721	0.546586	2.775318	6.613625
237	67	3.291721	0.736551	4.660240	8.688512
237	68	3.291721	0.647235	3.774000	7.712955
237	69	3.291721	0.567319	2.981035	6.840075
237	70	3.291721	0.613230	3.436584	7.341534
237	71	3.291721	0.619088	3.494712	7.405521
237	72	3.291721	0.573885	3.046193	6.911799
237	73	3.291721	0.748332	4.777140	8.817192
237	74	3.291721	0.490925	2.223017	6.005662
237	75	3.291721	0.472160	2.036822	5.800703
237	76	3.291721	0.583847	3.145036	7.020604
237	77	3.291721	0.573885	3.046193	6.911799
237	78	3.291721	0.579591	3.102808	6.974120
237	79	3.291721	0.669168	3.991637	7.952526
237	80	3.291721	0.587361	3.179900	7.058982
237	81	3.291721	0.689485	4.193231	8.174437
237	82	3.291721	0.493441	2.247986	6.033148
237	83	3.291721	0.589364	3.199782	7.080867
237	84	3.291721	0.546586	2.775318	6.613625
237	85	3.291721	0.635190	3.654483	7.581394
237	86	3.291721	0.548513	2.794438	6.634672
237	87	3.291721	0.589364	3.199782	7.080867
237	88	3.291721	0.632911	3.843725	7.768356
237	89	3.291721	0.736551	4.660240	8.688512
237	90	3.291721	0.630113	3.604105	7.525939
237	91	3.291721	0.472160	2.036822	5.800703
237	92	3.291721	0.613971	3.443944	7.349636
237	93	3.291721	0.706903	4.419026	8.417650
237	94	3.291721	0.608125	3.385935	7.285781
237	95	3.291721	0.619088	3.494712	7.405521
237	96	3.291721	0.674572	4.045257	8.011550
237	97	3.291721	0.490925	2.223017	6.005662
237	98	3.291721	0.674572	4.045257	8.011550
237	99	3.291721	0.692963	4.227743	8.212427
238	0	3.180439	0.613333	3.437606	7.231378
238	1	3.180439	0.636378	3.666275	7.483092
238	2	3.180439	0.618054	3.484454	7.282947
238	3	3.180439	0.657278	3.873655	7.711372
238	4	3.180439	0.636378	3.666275	7.483092
238	5	3.180439	0.680359	4.102678	7.963476
238	6	3.180439	0.485571	2.169892	5.835903
238	7	3.180439	0.561131	2.919641	6.661212
238	8	3.180439	0.664070	3.941051	7.785560
238	9	3.180439	0.672295	4.022660	7.875395
238	10	3.180439	0.580824	3.115037	6.876301
238	11	3.180439	0.614477	3.448966	7.243883
238	12	3.180439	0.695531	4.253222	8.129192
238	13	3.180439	0.439233	1.710099	5.329771
238	14	3.180439	0.439233	1.710099	5.329771
238	15	3.180439	0.689663	4.194997	8.065100
238	16	3.180439	0.569439	3.002076	6.751955
238	17	3.180439	0.543267	2.742383	6.466090
238	18	3.180439	0.555967	2.868401	6.604808
238	19	3.180439	0.567882	2.986625	6.734947
238	20	3.180439	0.548770	2.796987	6.526197
238	21	3.180439	0.522072	2.532070	6.234581
238	22	3.180439	0.587991	3.186150	6.954580
238	23	3.180439	0.684984	4.148568	8.013992
238	24	3.180439	0.580824	3.115037	6.876301
238	25	3.180439	0.611384	3.418269	7.210093
238	26	3.180439	0.618205	3.485951	7.284595
238	27	3.180439	0.550310	3.288936	7.019685
238	28	3.180439	0.512972	3.024380	6.717791
238	29	3.180439	0.540450	2.714429	6.435318
238	30	3.180439	0.575835	3.065536	6.821810
238	31	3.180439	0.634982	3.652419	7.467840
238	32	3.180439	0.546891	2.778341	6.505672
238	33	3.180439	0.550489	2.814042	6.544971
238	34	3.180439	0.664070	3.941051	7.785560
238	35	3.180439	0.695531	4.253222	8.129192
238	36	3.180439	0.508683	2.399219	6.088341
238	37	3.180439	0.599777	3.303099	7.083315
238	38	3.180439	0.713473	4.431249	8.325162
238	39	3.180439	0.599317	3.298537	7.078293
238	40	3.180439	0.485571	2.169892	5.835903
238	41	3.180439	0.540450	2.714429	6.435318
238	42	3.180439	0.603434	3.339386	7.123260
238	43	3.180439	0.498043	2.293646	5.972128
238	44	3.180439	0.569439	3.002076	6.751955
238	45	3.180439	0.608231	3.386988	7.175658
238	46	3.180439	0.548770	2.796987	6.526197
238	47	3.180439	0.568925	3.314757	7.064121
238	48	3.180439	0.547818	2.787534	6.515791
238	49	3.180439	0.593789	3.243680	7.017908
238	50	3.180439	0.462118	1.937176	5.579733
238	51	3.180439	0.530377	2.614478	6.325294
238	52	3.180439	0.575835	3.065536	6.821810
238	53	3.180439	0.498043	2.293646	5.972128
238	54	3.180439	0.560243	2.910820	6.651502
238	55	3.180439	0.574194	3.367035	7.121668
238	56	3.180439	0.550489	2.814042	6.544971
238	57	3.180439	0.540175	2.711703	6.432318
238	58	3.180439	0.664410	3.944422	7.789272
238	59	3.180439	0.540450	2.714429	6.435318
238	60	3.180439	0.664410	3.944422	7.789272
238	61	3.180439	0.561131	2.919641	6.661212
238	62	3.180439	0.599883	3.304150	7.084472
238	63	3.180439	0.422510	2.232702	5.835652
238	64	3.180439	0.567882	2.986625	6.734947
238	65	3.180439	0.590372	3.527559	7.298370
238	66	3.180439	0.593789	3.243680	7.017908
238	67	3.180439	0.530360	2.614313	6.325112
238	68	3.180439	0.680359	4.102678	7.963476
238	69	3.180439	0.636405	3.666547	7.483392
238	70	3.180439	0.664070	3.941051	7.785560
238	71	3.180439	0.664070	3.941051	7.785560
238	72	3.180439	0.680359	4.102678	7.963476
238	73	3.180439	0.618205	3.485951	7.284595
238	74	3.180439	0.522072	2.532070	6.234581
238	75	3.180439	0.663342	4.251610	8.095391
238	76	3.180439	0.704859	4.345773	8.231071
238	77	3.180439	0.530377	2.614478	6.325294
238	78	3.180439	0.624644	3.655773	7.460856
238	79	3.180439	0.599317	3.298537	7.078293
238	80	3.180439	0.701109	4.308569	8.190118
238	81	3.180439	0.636378	3.666275	7.483092
238	82	3.180439	0.522072	2.532070	6.234581
238	83	3.180439	0.684984	4.148568	8.013992
238	84	3.180439	0.659309	3.893810	7.733559
238	85	3.180439	0.781671	5.107947	9.070057
238	86	3.180439	0.593789	3.243680	7.017908
238	87	3.180439	0.593789	3.243680	7.017908
238	88	3.180439	0.577977	3.086795	6.845212
238	89	3.180439	0.643586	3.737792	7.561817
238	90	3.180439	0.664070	3.941051	7.785560
238	91	3.180439	0.645362	3.755420	7.581222
238	92	3.180439	0.672295	4.022660	7.875395
238	93	3.180439	0.593698	3.613525	7.387662
238	94	3.180439	0.700036	4.403845	8.284321
238	95	3.180439	0.543267	2.742383	6.466090
238	96	3.180439	0.546891	2.778341	6.505672
238	97	3.180439	0.608231	3.386988	7.175658
238	98	3.180439	0.560243	2.910820	6.651502
238	99	3.180439	0.560243	2.910820	6.651502
239	0	3.332098	0.516019	2.472010	6.320127
239	1	3.332098	0.617323	3.477197	7.426618
239	2	3.332098	0.638725	3.689566	7.660389
239	3	3.332098	0.524947	2.560596	6.417641
239	4	3.332098	0.606289	3.367717	7.306104
239	5	3.332098	0.560850	2.916851	6.809800
239	6	3.332098	0.432963	1.647892	5.412953
239	7	3.332098	0.550118	2.810356	6.692572
239	8	3.332098	0.672112	4.020845	8.025055
239	9	3.332098	0.550118	2.810356	6.692572
239	10	3.332098	0.668895	3.988921	7.989914
239	11	3.332098	0.730848	4.603657	8.666604
239	12	3.332098	0.538934	2.699383	6.570416
239	13	3.332098	0.585853	3.164940	7.082892
239	14	3.332098	0.432963	1.647892	5.412953
239	15	3.332098	0.524237	2.553559	6.409894
239	16	3.332098	0.658789	3.888645	7.879532
239	17	3.332098	0.513567	2.447678	6.293343
239	18	3.332098	0.557072	2.879362	6.768533
239	19	3.332098	0.513567	2.447678	6.293343
239	20	3.332098	0.739327	4.687789	8.759215
239	21	3.332098	0.609699	3.401549	7.343346
239	22	3.332098	0.602823	3.545179	7.480101
239	23	3.332098	0.598476	3.290188	7.220762
239	24	3.332098	0.552820	2.837167	6.722085
239	25	3.332098	0.550118	2.810356	6.692572
239	26	3.332098	0.571580	3.023313	6.926991
239	27	3.332098	0.559157	2.900046	6.791301
239	28	3.332098	0.675250	4.051983	8.059332
239	29	3.332098	0.648221	3.783784	7.764103
239	30	3.332098	0.598476	3.290188	7.220762
239	31	3.332098	0.585853	3.164940	7.082892
239	32	3.332098	0.637310	3.675520	7.644929
239	33	3.332098	0.589304	3.199182	7.120584
239	34	3.332098	0.721751	4.513391	8.567240
239	35	3.332098	0.558250	2.891052	6.781400
239	36	3.332098	0.638725	3.689566	7.660389
239	37	3.332098	0.667957	3.979612	7.979667
239	38	3.332098	0.522512	2.536437	6.391047
239	39	3.332098	0.522136	2.532712	6.386946
239	40	3.332098	0.622532	3.740745	7.695376
239	41	3.332098	0.675250	4.051983	8.059332
239	42	3.332098	0.617323	3.477197	7.426618
239	43	3.332098	0.511696	2.429120	6.272915
239	44	3.332098	0.530132	2.612049	6.474279
239	45	3.332098	0.555499	3.340428	7.228026
239	46	3.332098	0.545351	2.763063	6.640512
239	47	3.332098	0.638725	3.689566	7.660389
239	48	3.332098	0.516019	2.472010	6.320127
239	49	3.332098	0.516019	2.472010	6.320127
239	50	3.332098	0.557941	3.311698	7.201738
239	51	3.332098	0.455478	1.871298	5.658875
239	52	3.332098	0.586352	3.169890	7.088340
239	53	3.332098	0.530132	2.612049	6.474279
239	54	3.332098	0.558250	2.891052	6.781400
239	55	3.332098	0.556888	3.195322	7.084309
239	56	3.332098	0.594112	3.511713	7.437924
239	57	3.332098	0.597461	3.597906	7.527466
239	58	3.332098	0.555200	2.860782	6.748080
239	59	3.332098	0.552820	2.837167	6.722085
239	60	3.332098	0.586352	3.169890	7.088340
239	61	3.332098	0.597649	3.281987	7.211735
239	62	3.332098	0.513325	2.445278	6.290701
239	63	3.332098	0.520571	2.517184	6.369854
239	64	3.332098	0.487769	2.191705	6.011573
239	65	3.332098	0.560850	2.916851	6.809800
239	66	3.332098	0.553050	2.839449	6.724597
239	67	3.332098	0.638725	3.689566	7.660389
239	68	3.332098	0.536577	2.675997	6.544673
239	69	3.332098	0.534423	3.237222	7.103743
239	70	3.332098	0.530132	2.612049	6.474279
239	71	3.332098	0.658789	3.888645	7.879532
239	72	3.332098	0.493332	2.246905	6.072336
239	73	3.332098	0.598436	3.289799	7.220334
239	74	3.332098	0.559157	2.900046	6.791301
239	75	3.332098	0.590617	3.212216	7.134932
239	76	3.332098	0.668895	3.988921	7.989914
239	77	3.332098	0.717412	4.629225	8.678736
239	78	3.332098	0.714141	4.437878	8.484117
239	79	3.332098	0.594271	3.248471	7.174841
239	80	3.332098	0.605918	3.364033	7.302050
239	81	3.332098	0.609699	3.401549	7.343346
239	82	3.332098	0.520571	2.517184	6.369854
239	83	3.332098	0.574737	3.054640	6.961476
239	84	3.332098	0.551674	2.825799	6.709571
239	85	3.332098	0.597649	3.281987	7.211735
239	86	3.332098	0.609699	3.401549	7.343346
239	87	3.332098	0.667957	3.979612	7.979667
239	88	3.332098	0.513567	2.447678	6.293343
239	89	3.332098	0.574737	3.054640	6.961476
239	90	3.332098	0.438692	2.340297	6.111088
239	91	3.332098	0.603207	3.337137	7.272443
239	92	3.332098	0.509811	2.410412	6.252322
239	93	3.332098	0.511696	2.429120	6.272915
239	94	3.332098	0.675250	4.051983	8.059332
239	95	3.332098	0.493332	2.246905	6.072336
239	96	3.332098	0.675250	4.051983	8.059332
239	97	3.332098	0.557072	2.879362	6.768533
239	98	3.332098	0.618754	3.491398	7.442250
239	99	3.332098	0.551674	2.825799	6.709571
240	0	3.288595	0.586968	3.387859	7.263422
240	1	3.288595	0.584360	3.150129	7.023084
240	2	3.288595	0.435193	1.670017	5.393805
240	3	3.288595	0.604317	3.348154	7.241067
240	4	3.288595	0.723724	4.532962	8.545281
240	5	3.288595	0.435193	1.670017	5.393805
240	6	3.288595	0.618550	3.489373	7.396518
240	7	3.288595	0.534998	2.660331	6.483924
240	8	3.288595	0.642631	3.728319	7.659545
240	9	3.288595	0.580952	3.487059	7.356606
240	10	3.288595	0.506228	2.374863	6.169686
240	11	3.288595	0.548927	2.798541	6.636063
240	12	3.288595	0.536313	2.673381	6.498290
240	13	3.288595	0.585551	3.161943	7.036089
240	14	3.288595	0.519487	2.506426	6.314508
240	15	3.288595	0.539015	2.700188	6.527798
240	16	3.288595	0.612856	3.432882	7.334333
240	17	3.288595	0.504937	2.362050	6.155582
240	18	3.288595	0.658249	3.883287	7.830131
240	19	3.288595	0.504937	2.362050	6.155582
240	20	3.288595	0.684993	4.148659	8.122248
240	21	3.288595	0.689013	4.188546	8.166154
240	22	3.288595	0.684195	4.140737	8.113527
240	23	3.288595	0.665556	3.955797	7.909948
240	24	3.288595	0.593032	3.236176	7.117803
240	25	3.288595	0.658169	3.935456	7.882220
240	26	3.288595	0.669653	3.996445	7.954693
240	27	3.288595	0.625016	3.606499	7.520111
240	28	3.288595	0.491864	2.232330	6.012788
240	29	3.288595	0.621421	3.517861	7.427877
240	30	3.288595	0.536313	2.673381	6.498290
240	31	3.288595	0.506228	2.374863	6.169686
240	32	3.288595	0.618550	3.489373	7.396518
240	33	3.288595	0.536313	2.673381	6.498290
240	34	3.288595	0.575598	3.486895	7.351088
240	35	3.288595	0.551210	2.821194	6.660999
240	36	3.288595	0.435193	1.670017	5.393805
240	37	3.288595	0.576495	3.072087	6.937178
240	38	3.288595	0.562459	2.932810	6.783864
240	39	3.288595	0.609228	3.396876	7.294699
240	40	3.288595	0.596062	3.584025	7.468683
240	41	3.288595	0.692630	4.224438	8.205663
240	42	3.288595	0.730008	4.595314	8.613917
240	43	3.288595	0.680367	4.102756	8.071719
240	44	3.288595	0.575909	3.066266	6.930770
240	45	3.288595	0.606975	3.586374	7.481944
240	46	3.288595	0.602971	3.334790	7.226356
240	47	3.288595	0.543231	2.742025	6.573851
240	48	3.288595	0.583162	3.138241	7.009998
240	49	3.288595	0.558951	2.898001	6.745547
240	50	3.288595	0.614576	3.449948	7.353119
240	51	3.288595	0.587340	3.179692	7.055626
240	52	3.288595	0.545615	2.765679	6.599889
240	53	3.288595	0.665556	3.955797	7.909948
240	54	3.288595	0.596301	3.268606	7.153502
240	55	3.288595	0.583162	3.138241	7.009998
240	56	3.288595	0.601641	3.321594	7.211830
240	57	3.288595	0.579206	3.098983	6.966784
240	58	3.288595	0.614576	3.449948	7.353119
240	59	3.288595	0.669653	3.996445	7.954693
240	60	3.288595	0.579206	3.098983	6.966784
240	61	3.288595	0.514044	2.452416	6.255055
240	62	3.288595	0.491864	2.232330	6.012788
240	63	3.288595	0.603118	3.336251	7.227964
240	64	3.288595	0.563023	2.938409	6.790027
240	65	3.288595	0.534998	2.660331	6.483924
240	66	3.288595	0.550547	2.814619	6.653762
240	67	3.288595	0.684993	4.148659	8.122248
240	68	3.288595	0.533799	2.648435	6.470829
240	69	3.288595	0.545615	2.765679	6.599889
240	70	3.288595	0.545615	2.765679	6.599889
240	71	3.288595	0.582713	3.133786	7.005094
240	72	3.288595	0.535449	3.035550	6.859594
240	73	3.288595	0.522254	2.533881	6.344731
240	74	3.288595	0.624073	3.861964	7.774632
240	75	3.288595	0.539015	2.700188	6.527798
240	76	3.288595	0.552222	2.831238	6.672055
240	77	3.288595	0.664471	3.945026	7.898092
240	78	3.288595	0.558951	2.898001	6.745547
240	79	3.288595	0.609976	3.404303	7.302874
240	80	3.288595	0.625964	3.615902	7.530460
240	81	3.288595	0.564637	2.954423	6.807655
240	82	3.288595	0.562459	2.932810	6.783864
240	83	3.288595	0.536313	2.673381	6.498290
240	84	3.288595	0.684195	4.140737	8.113527
240	85	3.288595	0.535204	2.662378	6.486178
240	86	3.288595	0.580229	3.109132	6.977956
240	87	3.288595	0.684195	4.140737	8.113527
240	88	3.288595	0.545615	2.765679	6.599889
240	89	3.288595	0.561120	2.919527	6.769242
240	90	3.288595	0.609976	3.404303	7.302874
240	91	3.288595	0.583162	3.138241	7.009998
240	92	3.288595	0.561120	2.919527	6.769242
240	93	3.288595	0.570074	3.008369	6.867038
240	94	3.288595	0.607799	3.382698	7.279092
240	95	3.288595	0.570074	3.008369	6.867038
240	96	3.288595	0.456780	1.884214	5.629590
240	97	3.288595	0.504937	2.362050	6.155582
240	98	3.288595	0.641201	3.714133	7.643929
240	99	3.288595	0.614576	3.449948	7.353119
241	0	3.328645	0.546370	2.773171	6.648186
241	1	3.328645	0.588883	3.195009	7.112537
241	2	3.328645	0.558800	2.896504	6.783949
241	3	3.328645	0.549052	3.329418	7.207115
241	4	3.328645	0.558800	2.896504	6.783949
241	5	3.328645	0.564834	2.956376	6.849854
241	6	3.328645	0.603570	3.340738	7.272953
241	7	3.328645	0.689554	4.193912	8.212110
241	8	3.328645	0.570498	3.012585	6.911729
241	9	3.328645	0.639443	3.696688	7.664776
241	10	3.328645	0.524668	2.557828	6.411140
241	11	3.328645	0.528623	2.597074	6.454341
241	12	3.328645	0.496214	2.275501	6.100360
241	13	3.328645	0.533299	2.643473	6.505417
241	14	3.328645	0.612182	3.426188	7.367015
241	15	3.328645	0.536980	2.679998	6.545623
241	16	3.328645	0.604888	3.353813	7.287346
241	17	3.328645	0.603570	3.340738	7.272953
241	18	3.328645	0.592291	3.493644	7.414580
241	19	3.328645	0.564834	2.956376	6.849854
241	20	3.328645	0.646287	3.764593	7.739525
241	21	3.328645	0.558800	2.896504	6.783949
241	22	3.328645	0.555067	2.859468	6.743180
241	23	3.328645	0.600010	3.305414	7.234069
241	24	3.328645	0.639049	3.692776	7.660470
241	25	3.328645	0.613828	3.442523	7.384996
241	26	3.328645	0.518399	2.495632	6.342677
241	27	3.328645	0.639443	3.696688	7.664776
241	28	3.328645	0.612182	3.426188	7.367015
241	29	3.328645	0.672236	4.022071	8.022952
241	30	3.328645	0.496214	2.275501	6.100360
241	31	3.328645	0.603570	3.340738	7.272953
241	32	3.328645	0.548639	2.795688	6.672972
241	33	3.328645	0.489241	2.577053	6.394939
241	34	3.328645	0.628950	3.592568	7.550163
241	35	3.328645	0.603977	3.344777	7.277399
241	36	3.328645	0.539085	2.700887	6.568617
241	37	3.328645	0.548639	2.795688	6.672972
241	38	3.328645	0.673977	4.039355	8.041978
241	39	3.328645	0.600010	3.305414	7.234069
241	40	3.328645	0.588209	3.188318	7.105172
241	41	3.328645	0.482704	2.141443	5.952792
241	42	3.328645	0.600726	3.312519	7.241891
241	43	3.328645	0.501613	2.329067	6.159325
241	44	3.328645	0.646554	3.767245	7.742444
241	45	3.328645	0.668436	3.984369	7.981449
241	46	3.328645	0.612182	3.426188	7.367015
241	47	3.328645	0.567271	2.980557	6.876473
241	48	3.328645	0.564897	3.327746	7.221287
241	49	3.328645	0.527105	2.582015	6.437765
241	50	3.328645	0.605113	3.356043	7.289801
241	51	3.328645	0.570616	3.013751	6.913012
241	52	3.328645	0.608536	3.390016	7.327198
241	53	3.328645	0.594690	3.623375	7.546710
241	54	3.328645	0.557450	3.200896	7.086991
241	55	3.328645	0.604888	3.353813	7.287346
241	56	3.328645	0.608536	3.390016	7.327198
241	57	3.328645	0.639483	3.697087	7.665215
241	58	3.328645	0.607020	3.586825	7.522490
241	59	3.328645	0.555946	2.868189	6.752780
241	60	3.328645	0.458753	1.903795	5.691193
241	61	3.328645	0.521880	2.530172	6.380697
241	62	3.328645	0.689554	4.193912	8.212110
241	63	3.328645	0.648252	3.942982	7.919879
241	64	3.328645	0.584544	3.151949	7.065137
241	65	3.328645	0.605113	3.356043	7.289801
241	66	3.328645	0.668436	3.984369	7.981449
241	67	3.328645	0.650909	3.810459	7.790013
241	68	3.328645	0.511938	2.431523	6.272106
241	69	3.328645	0.715995	4.456271	8.500911
241	70	3.328645	0.618581	3.489685	7.436911
241	71	3.328645	0.613828	3.442523	7.384996
241	72	3.328645	0.570498	3.012585	6.911729
241	73	3.328645	0.594086	3.246628	7.169358
241	74	3.328645	0.672236	4.022071	8.022952
241	75	3.328645	0.482704	2.141443	5.952792
241	76	3.328645	0.600169	3.306987	7.235800
241	77	3.328645	0.518399	2.495632	6.342677
241	78	3.328645	0.548639	2.795688	6.672972
241	79	3.328645	0.609647	3.401039	7.339332
241	80	3.328645	0.437065	1.688588	5.454298
241	81	3.328645	0.557450	3.200896	7.086991
241	82	3.328645	0.528623	2.597074	6.454341
241	83	3.328645	0.639483	3.697087	7.665215
241	84	3.328645	0.564834	2.956376	6.849854
241	85	3.328645	0.639443	3.696688	7.664776
241	86	3.328645	0.673977	4.039355	8.041978
241	87	3.328645	0.637741	3.679803	7.646190
241	88	3.328645	0.584463	3.151151	7.064259
241	89	3.328645	0.558607	3.000520	6.887772
241	90	3.328645	0.437065	1.688588	5.454298
241	91	3.328645	0.555946	2.868189	6.752780
241	92	3.328645	0.458753	1.903795	5.691193
241	93	3.328645	0.612182	3.426188	7.367015
241	94	3.328645	0.712213	4.418746	8.459604
241	95	3.328645	0.555946	2.868189	6.752780
241	96	3.328645	0.524668	2.557828	6.411140
241	97	3.328645	0.584544	3.151949	7.065137
241	98	3.328645	0.557424	2.882858	6.768927
241	99	3.328645	0.692950	4.227609	8.249203
242	0	3.376555	0.647677	3.778390	7.802622
242	1	3.376555	0.526293	2.573957	6.476805
242	2	3.376555	0.489065	2.204562	6.070182
242	3	3.376555	0.646300	3.764727	7.787582
242	4	3.376555	0.595851	3.264149	7.236556
242	5	3.376555	0.543677	2.746449	6.666681
242	6	3.376555	0.567710	2.984916	6.929181
242	7	3.376555	0.635617	3.817619	7.829791
242	8	3.376555	0.610018	3.404714	7.391287
242	9	3.376555	0.631669	3.619545	7.627769
242	10	3.376555	0.534582	2.656207	6.567345
242	11	3.376555	0.671105	4.010849	8.058509
242	12	3.376555	0.581820	3.124925	7.083300
242	13	3.376555	0.596278	3.427269	7.400101
242	14	3.376555	0.550206	2.811238	6.737999
242	15	3.376555	0.573569	3.043053	6.993177
242	16	3.376555	0.596884	3.274396	7.247835
242	17	3.376555	0.631669	3.619545	7.627769
242	18	3.376555	0.528726	2.598099	6.503381
242	19	3.376555	0.527468	2.585620	6.489643
242	20	3.376555	0.618217	3.486068	7.480839
242	21	3.376555	0.633356	3.636287	7.646198
242	22	3.376555	0.632780	3.736499	7.745834
242	23	3.376555	0.522493	2.536255	6.435303
242	24	3.376555	0.558794	3.320159	7.255508
242	25	3.376555	0.638773	3.690039	7.705367
242	26	3.376555	0.526293	2.573957	6.476805
242	27	3.376555	0.597499	3.280494	7.254547
242	28	3.376555	0.547116	2.780575	6.704246
242	29	3.376555	0.616034	3.464409	7.456997
242	30	3.376555	0.710473	4.401481	8.488508
242	31	3.376555	0.510197	2.414240	6.300991
242	32	3.376555	0.522493	2.536255	6.435303
242	33	3.376555	0.561445	2.922750	6.860750
242	34	3.376555	0.631667	3.778424	7.786647
242	35	3.376555	0.594261	3.248371	7.219187
242	36	3.376555	0.510197	2.414240	6.300991
242	37	3.376555	0.571731	3.024817	6.973103
242	38	3.376555	0.592971	3.235573	7.205100
242	39	3.376555	0.510197	2.414240	6.300991
242	40	3.376555	0.531224	2.622886	6.530665
242	41	3.376555	0.483069	2.145064	6.004688
242	42	3.376555	0.619724	3.501024	7.497302
242	43	3.376555	0.483069	2.145064	6.004688
242	44	3.376555	0.598566	3.291085	7.266205
242	45	3.376555	0.638044	3.682802	7.697400
242	46	3.376555	0.521761	2.528983	6.427299
242	47	3.376555	0.578697	3.305786	7.261037
242	48	3.376555	0.527468	2.585620	6.489643
242	49	3.376555	0.520689	2.518350	6.415594
242	50	3.376555	0.762353	4.916257	9.055165
242	51	3.376555	0.594240	3.248164	7.218959
242	52	3.376555	0.529323	2.604018	6.509895
242	53	3.376555	0.656436	3.865302	7.898294
242	54	3.376555	0.580468	3.111511	7.068534
242	55	3.376555	0.615104	3.455188	7.446847
242	56	3.376555	0.656436	3.865302	7.898294
242	57	3.376555	0.592971	3.235573	7.205100
242	58	3.376555	0.550206	2.811238	6.737999
242	59	3.376555	0.665747	3.957684	7.999985
242	60	3.376555	0.559831	2.906739	6.843125
242	61	3.376555	0.667397	4.027020	8.070971
242	62	3.376555	0.561445	2.922750	6.860750
242	63	3.376555	0.585031	3.156782	7.118367
242	64	3.376555	0.642489	3.726911	7.745955
242	65	3.376555	0.667397	4.027020	8.070971
242	66	3.376555	0.567070	3.402277	7.345903
242	67	3.376555	0.668578	3.985783	8.030916
242	68	3.376555	0.656436	3.865302	7.898294
242	69	3.376555	0.647677	3.778390	7.802622
242	70	3.376555	0.646300	3.764727	7.787582
242	71	3.376555	0.594261	3.248371	7.219187
242	72	3.376555	0.642489	3.726911	7.745955
242	73	3.376555	0.510769	2.419920	6.307244
242	74	3.376555	0.567710	2.984916	6.929181
242	75	3.376555	0.714396	4.440411	8.531362
242	76	3.376555	0.574869	3.055949	7.007373
242	77	3.376555	0.598566	3.291085	7.266205
242	78	3.376555	0.618217	3.486068	7.480839
242	79	3.376555	0.561445	2.922750	6.860750
242	80	3.376555	0.489065	2.204562	6.070182
242	81	3.376555	0.543677	2.746449	6.666681
242	82	3.376555	0.531224	2.622886	6.530665
242	83	3.376555	0.710473	4.401481	8.488508
242	84	3.376555	0.598566	3.291085	7.266205
242	85	3.376555	0.510769	2.419920	6.307244
242	86	3.376555	0.574869	3.055949	7.007373
242	87	3.376555	0.671105	4.010849	8.058509
242	88	3.376555	0.611017	3.414629	7.402201
242	89	3.376555	0.567288	2.980730	6.924573
242	90	3.376555	0.667397	4.027020	8.070971
242	91	3.376555	0.638044	3.682802	7.697400
242	92	3.376555	0.547116	2.780575	6.704246
242	93	3.376555	0.532451	2.635056	6.544061
242	94	3.376555	0.543677	2.746449	6.666681
242	95	3.376555	0.528726	2.598099	6.503381
242	96	3.376555	0.613934	3.443575	7.434064
242	97	3.376555	0.573569	3.043053	6.993177
242	98	3.376555	0.529323	2.604018	6.509895
242	99	3.376555	0.585031	3.156782	7.118367
243	0	3.292252	0.655361	3.854633	7.802246
243	1	3.292252	0.573747	3.044820	6.910819
243	2	3.292252	0.545070	2.760268	6.597589
243	3	3.292252	0.581929	3.443788	7.317968
243	4	3.292252	0.581171	3.118480	6.991902
243	5	3.292252	0.648223	3.995662	7.936136
243	6	3.292252	0.553097	3.210666	7.056014
243	7	3.292252	0.676644	4.065810	8.034705
243	8	3.292252	0.647379	4.040251	7.979882
243	9	3.292252	0.646487	3.766581	7.705320
243	10	3.292252	0.667307	3.973163	7.932721
243	11	3.292252	0.607637	3.381087	7.280975
243	12	3.292252	0.573747	3.044820	6.910819
243	13	3.292252	0.580298	3.374640	7.247189
243	14	3.292252	0.463095	1.946878	5.702225
243	15	3.292252	0.539421	2.704220	6.535892
243	16	3.292252	0.612071	3.425088	7.329410
243	17	3.292252	0.580293	3.109773	6.982317
243	18	3.292252	0.601604	3.321229	7.215085
243	19	3.292252	0.694648	4.244457	8.231357
243	20	3.292252	0.581171	3.118480	6.991902
243	21	3.292252	0.545070	2.760268	6.597589
243	22	3.292252	0.463095	1.946878	5.702225
243	23	3.292252	0.539421	2.704220	6.535892
243	24	3.292252	0.601604	3.321229	7.215085
243	25	3.292252	0.748065	4.774487	8.814803
243	26	3.292252	0.618416	3.488046	7.398713
243	27	3.292252	0.535791	3.250804	7.078847
243	28	3.292252	0.583163	3.138247	7.013661
243	29	3.292252	0.579273	3.099648	6.971172
243	30	3.292252	0.505326	2.365909	6.163487
243	31	3.292252	0.513487	2.446892	6.252631
243	32	3.292252	0.501028	2.323263	6.116543
243	33	3.292252	0.686678	4.165377	8.144307
243	34	3.292252	0.707976	4.376701	8.376929
243	35	3.292252	0.672466	4.024356	7.989074
243	36	3.292252	0.765614	4.948622	9.006488
243	37	3.292252	0.579273	3.099648	6.971172
243	38	3.292252	0.545070	2.760268	6.597589
243	39	3.292252	0.501028	2.323263	6.116543
243	40	3.292252	0.547938	2.788726	6.628915
243	41	3.292252	0.647997	3.781568	7.721818
243	42	3.292252	0.655361	3.854633	7.802246
243	43	3.292252	0.446286	1.780086	5.518624
243	44	3.292252	0.612667	3.431001	7.335920
243	45	3.292252	0.669447	3.994405	7.956104
243	46	3.292252	0.497681	2.978580	6.768513
243	47	3.292252	0.580293	3.109773	6.982317
243	48	3.292252	0.620193	3.505674	7.418119
243	49	3.292252	0.582265	3.129341	7.003858
243	50	3.292252	0.642897	3.783928	7.719077
243	51	3.292252	0.608993	3.394547	7.295792
243	52	3.292252	0.646487	3.766581	7.705320
243	53	3.292252	0.522007	2.531427	6.345685
243	54	3.292252	0.554953	2.858336	6.705541
243	55	3.292252	0.608993	3.394547	7.295792
243	56	3.292252	0.686678	4.165377	8.144307
243	57	3.292252	0.606003	3.364881	7.263136
243	58	3.292252	0.554737	2.856196	6.703186
243	59	3.292252	0.607831	3.383016	7.283099
243	60	3.292252	0.667307	3.973163	7.932721
243	61	3.292252	0.554737	2.856196	6.703186
243	62	3.292252	0.583163	3.138247	7.013661
243	63	3.292252	0.513487	2.446892	6.252631
243	64	3.292252	0.534932	2.659672	6.486855
243	65	3.292252	0.545201	2.761566	6.599018
243	66	3.292252	0.583163	3.138247	7.013661
243	67	3.292252	0.581729	3.124017	6.997998
243	68	3.292252	0.686678	4.165377	8.144307
243	69	3.292252	0.501028	2.323263	6.116543
243	70	3.292252	0.582265	3.129341	7.003858
243	71	3.292252	0.711992	4.416557	8.420801
243	72	3.292252	0.645890	3.760660	7.698802
243	73	3.292252	0.620687	3.510579	7.423518
243	74	3.292252	0.660117	4.007754	7.960123
243	75	3.292252	0.608993	3.394547	7.295792
243	76	3.292252	0.606536	3.370169	7.268957
243	77	3.292252	0.612667	3.431001	7.335920
243	78	3.292252	0.505326	2.365909	6.163487
243	79	3.292252	0.524646	2.557612	6.374509
243	80	3.292252	0.625658	3.559904	7.477813
243	81	3.292252	0.620193	3.505674	7.418119
243	82	3.292252	0.748065	4.774487	8.814803
243	83	3.292252	0.656931	3.870207	7.819389
243	84	3.292252	0.669447	3.994405	7.956104
243	85	3.292252	0.501693	2.859504	6.653449
243	86	3.292252	0.545632	2.765851	6.603736
243	87	3.292252	0.534932	2.659672	6.486855
243	88	3.292252	0.627956	3.582711	7.502919
243	89	3.292252	0.612182	3.426186	7.330619
243	90	3.292252	0.657116	3.872049	7.821417
243	91	3.292252	0.669447	3.994405	7.956104
243	92	3.292252	0.655361	3.854633	7.802246
243	93	3.292252	0.633730	3.639999	7.565981
243	94	3.292252	0.650309	3.804501	7.747061
243	95	3.292252	0.676644	4.065810	8.034705
243	96	3.292252	0.627956	3.582711	7.502919
243	97	3.292252	0.505326	2.365909	6.163487
243	98	3.292252	0.707976	4.376701	8.376929
243	99	3.292252	0.591087	3.216876	7.100215
244	0	3.146079	0.433834	1.656531	5.236444
244	1	3.146079	0.489781	2.211667	5.847527
244	2	3.146079	0.713029	4.426844	8.285952
244	3	3.146079	0.655039	3.851437	7.652555
244	4	3.146079	0.733804	4.632979	8.512862
244	5	3.146079	0.576589	3.073015	6.795683
244	6	3.146079	0.504334	2.356066	6.006479
244	7	3.146079	0.604222	3.347206	7.097507
244	8	3.146079	0.513150	2.443545	6.102774
244	9	3.146079	0.610575	3.410240	7.166894
244	10	3.146079	0.584575	3.152256	6.882910
244	11	3.146079	0.513150	2.443545	6.102774
244	12	3.146079	0.624066	3.544107	7.314252
244	13	3.146079	0.530539	2.616084	6.292702
244	14	3.146079	0.561377	2.922075	6.629531
244	15	3.146079	0.523650	2.547726	6.217455
244	16	3.146079	0.501710	2.330035	5.977824
244	17	3.146079	0.604222	3.347206	7.097507
244	18	3.146079	0.600205	3.307347	7.053631
244	19	3.146079	0.597178	3.277311	7.020568
244	20	3.146079	0.513150	2.443545	6.102774
244	21	3.146079	0.504334	2.356066	6.006479
244	22	3.146079	0.560427	3.230436	6.936942
244	23	3.146079	0.561316	2.921477	6.628872
244	24	3.146079	0.558969	2.898181	6.603229
244	25	3.146079	0.490360	2.852973	6.489412
244	26	3.146079	0.501710	2.330035	5.977824
244	27	3.146079	0.735292	4.647752	8.529124
244	28	3.146079	0.579368	3.100590	6.826037
244	29	3.146079	0.512978	2.971478	6.630536
244	30	3.146079	0.518768	2.499292	6.164140
244	31	3.146079	0.660415	3.904778	7.711272
244	32	3.146079	0.618231	3.486213	7.250523
244	33	3.146079	0.681188	4.110905	7.938172
244	34	3.146079	0.518768	2.499292	6.164140
244	35	3.146079	0.589950	3.205591	6.941621
244	36	3.146079	0.559894	2.907364	6.613337
244	37	3.146079	0.489781	2.211667	5.847527
244	38	3.146079	0.588028	3.186519	6.920626
244	39	3.146079	0.583822	3.144789	6.874690
244	40	3.146079	0.599046	3.295845	7.040969
244	41	3.146079	0.566548	2.973389	6.686016
244	42	3.146079	0.523650	2.547726	6.217455
244	43	3.146079	0.553759	3.323158	7.022996
244	44	3.146079	0.623909	3.542556	7.312544
244	45	3.146079	0.556598	2.874659	6.577336
244	46	3.146079	0.677289	4.072216	7.895584
244	47	3.146079	0.507927	2.391718	6.045724
244	48	3.146079	0.567241	3.033228	6.746548
244	49	3.146079	0.696628	4.317064	8.159771
244	50	3.146079	0.581019	3.116972	6.844070
244	51	3.146079	0.732743	4.622459	8.501281
244	52	3.146079	0.667033	3.970450	7.783563
244	53	3.146079	0.549352	2.802755	6.498186
244	54	3.146079	0.553935	2.848231	6.548244
244	55	3.146079	0.735292	4.647752	8.529124
244	56	3.146079	0.665480	3.955042	7.766602
244	57	3.146079	0.553935	2.848231	6.548244
244	58	3.146079	0.597178	3.277311	7.020568
244	59	3.146079	0.549352	2.802755	6.498186
244	60	3.146079	0.742946	4.723700	8.612726
244	61	3.146079	0.604135	3.346346	7.096560
244	62	3.146079	0.730776	4.602943	8.479799
244	63	3.146079	0.735292	4.647752	8.529124
244	64	3.146079	0.628602	3.589114	7.363795
244	65	3.146079	0.556598	2.874659	6.577336
244	66	3.146079	0.677289	4.072216	7.895584
244	67	3.146079	0.632731	3.630082	7.408892
244	68	3.146079	0.584575	3.152256	6.882910
244	69	3.146079	0.610575	3.410240	7.166894
244	70	3.146079	0.668620	3.986193	7.800891
244	71	3.146079	0.559894	2.907364	6.613337
244	72	3.146079	0.536800	2.678208	6.361087
244	73	3.146079	0.530539	2.616084	6.292702
244	74	3.146079	0.558969	2.898181	6.603229
244	75	3.146079	0.597396	3.279475	7.022950
244	76	3.146079	0.588028	3.186519	6.920626
244	77	3.146079	0.585624	3.162672	6.894375
244	78	3.146079	0.503302	2.345829	5.995210
244	79	3.146079	0.581019	3.116972	6.844070
244	80	3.146079	0.630287	3.764732	7.541099
244	81	3.146079	0.606437	3.369180	7.121696
244	82	3.146079	0.480479	2.754929	6.381487
244	83	3.146079	0.546530	2.986609	6.679217
244	84	3.146079	0.677289	4.072216	7.895584
244	85	3.146079	0.433834	1.656531	5.236444
244	86	3.146079	0.535667	2.666973	6.348719
244	87	3.146079	0.615102	3.455164	7.216346
244	88	3.146079	0.667033	3.970450	7.783563
244	89	3.146079	0.679859	4.097712	7.923650
244	90	3.146079	0.513150	2.443545	6.102774
244	91	3.146079	0.681188	4.110905	7.938172
244	92	3.146079	0.607142	3.376179	7.129401
244	93	3.146079	0.644498	3.958700	7.749278
244	94	3.146079	0.540466	2.714587	6.401132
244	95	3.146079	0.540466	2.714587	6.401132
244	96	3.146079	0.660415	3.904778	7.711272
244	97	3.146079	0.677289	4.072216	7.895584
244	98	3.146079	0.732743	4.622459	8.501281
244	99	3.146079	0.607142	3.376179	7.129401
245	0	3.439830	0.632528	3.628069	7.700427
245	1	3.439830	0.583474	3.141336	7.164640
245	2	3.439830	0.483373	2.148082	6.071285
245	3	3.439830	0.655873	3.859712	7.955414
245	4	3.439830	0.590302	3.209090	7.239223
245	5	3.439830	0.655873	3.859712	7.955414
245	6	3.439830	0.609623	3.400795	7.450248
245	7	3.439830	0.590302	3.209090	7.239223
245	8	3.439830	0.585393	3.160379	7.185603
245	9	3.439830	0.498480	2.297982	6.236292
245	10	3.439830	0.446304	1.780260	5.666394
245	11	3.439830	0.743825	4.732414	8.916069
245	12	3.439830	0.546522	3.198384	7.184736
245	13	3.439830	0.490747	2.221248	6.151824
245	14	3.439830	0.464361	1.959431	5.863622
245	15	3.439830	0.553616	2.845072	6.838518
245	16	3.439830	0.639267	3.694945	7.774042
245	17	3.439830	0.483373	2.148082	6.071285
245	18	3.439830	0.544377	3.071182	7.055389
245	19	3.439830	0.584361	3.150140	7.174332
245	20	3.439830	0.509087	2.403229	6.352146
245	21	3.439830	0.610934	3.413805	7.464568
245	22	3.439830	0.606484	3.475583	7.521898
245	23	3.439830	0.498480	2.297982	6.236292
245	24	3.439830	0.542437	2.734147	6.716414
245	25	3.439830	0.577535	3.082408	7.099773
245	26	3.439830	0.598907	3.294466	7.333203
245	27	3.439830	0.490747	2.221248	6.151824
245	28	3.439830	0.687115	4.169717	8.296662
245	29	3.439830	0.565814	2.966104	6.971748
245	30	3.439830	0.682786	4.126755	8.249371
245	31	3.439830	0.523916	2.550366	6.514111
245	32	3.439830	0.743825	4.732414	8.916069
245	33	3.439830	0.481798	2.132454	6.054082
245	34	3.439830	0.632528	3.628069	7.700427
245	35	3.439830	0.487555	2.189574	6.116959
245	36	3.439830	0.577535	3.082408	7.099773
245	37	3.439830	0.481798	2.132454	6.054082
245	38	3.439830	0.579878	3.476399	7.496107
245	39	3.439830	0.542247	2.732263	6.714340
245	40	3.439830	0.593824	3.244034	7.277688
245	41	3.439830	0.710039	4.397176	8.547044
245	42	3.439830	0.498480	2.297982	6.236292
245	43	3.439830	0.499950	2.312570	6.252350
245	44	3.439830	0.517841	2.490095	6.447766
245	45	3.439830	0.517841	2.490095	6.447766
245	46	3.439830	0.559144	2.899925	6.898899
245	47	3.439830	0.605435	3.359241	7.404505
245	48	3.439830	0.587875	3.185007	7.212712
245	49	3.439830	0.551102	2.820123	6.811055
245	50	3.439830	0.577253	3.079609	7.096692
245	51	3.439830	0.608085	3.385538	7.433453
245	52	3.439830	0.643870	3.740610	7.824310
245	53	3.439830	0.608058	3.491200	7.539088
245	54	3.439830	0.534223	2.652641	6.626693
245	55	3.439830	0.643870	3.740610	7.824310
245	56	3.439830	0.523761	2.548830	6.512421
245	57	3.439830	0.598907	3.294466	7.333203
245	58	3.439830	0.563571	2.943850	6.947251
245	59	3.439830	0.580027	3.107127	7.126983
245	60	3.439830	0.573728	3.044633	7.058191
245	61	3.439830	0.720186	4.497857	8.657873
245	62	3.439830	0.523916	2.550366	6.514111
245	63	3.439830	0.557941	2.887979	6.885749
245	64	3.439830	0.710039	4.397176	8.547044
245	65	3.439830	0.513464	2.446658	6.399951
245	66	3.439830	0.534223	2.652641	6.626693
245	67	3.439830	0.487555	2.189574	6.116959
245	68	3.439830	0.561499	2.923291	6.924620
245	69	3.439830	0.427642	1.595094	5.462566
245	70	3.439830	0.613071	3.646861	7.699761
245	71	3.439830	0.621016	3.513849	7.574695
245	72	3.439830	0.643870	3.740610	7.824310
245	73	3.439830	0.534223	2.652641	6.626693
245	74	3.439830	0.577253	3.079609	7.096692
245	75	3.439830	0.600111	3.306411	7.346351
245	76	3.439830	0.528375	2.594620	6.562825
245	77	3.439830	0.673103	4.136602	8.249534
245	78	3.439830	0.544377	3.071182	7.055389
245	79	3.439830	0.585393	3.160379	7.185603
245	80	3.439830	0.608085	3.385538	7.433453
245	81	3.439830	0.464361	1.959431	5.863622
245	82	3.439830	0.632528	3.628069	7.700427
245	83	3.439830	0.563571	2.943850	6.947251
245	84	3.439830	0.633490	3.637613	7.710933
245	85	3.439830	0.522105	2.532399	6.494333
245	86	3.439830	0.584361	3.150140	7.174332
245	87	3.439830	0.542437	2.734147	6.716414
245	88	3.439830	0.639267	3.694945	7.774042
245	89	3.439830	0.580027	3.107127	7.126983
245	90	3.439830	0.523761	2.548830	6.512421
245	91	3.439830	0.619922	3.661878	7.721629
245	92	3.439830	0.696664	4.264463	8.400957
245	93	3.439830	0.551102	2.820123	6.811055
245	94	3.439830	0.498480	2.297982	6.236292
245	95	3.439830	0.517841	2.490095	6.447766
245	96	3.439830	0.679704	4.096179	8.215713
245	97	3.439830	0.584890	3.155388	7.180108
245	98	3.439830	0.570777	3.015352	7.025959
245	99	3.439830	0.542437	2.734147	6.716414
246	0	3.087081	0.601104	3.316268	7.004453
246	1	3.087081	0.616761	3.471630	7.175472
246	2	3.087081	0.647573	3.777358	7.512012
246	3	3.087081	0.552098	3.041860	6.681039
246	4	3.087081	0.694416	4.242160	8.023657
246	5	3.087081	0.449427	1.811252	5.347760
246	6	3.087081	0.653907	3.840203	7.581191
246	7	3.087081	0.637167	3.674103	7.398351
246	8	3.087081	0.719431	4.543331	8.349842
246	9	3.087081	0.596894	3.274497	6.958472
246	10	3.087081	0.494950	2.262952	5.844983
246	11	3.087081	0.616761	3.471630	7.175472
246	12	3.087081	0.601765	3.322831	7.011677
246	13	3.087081	0.534114	2.651559	6.272753
246	14	3.087081	0.483994	2.154240	5.725314
246	15	3.087081	0.691149	4.209739	7.987968
246	16	3.087081	0.665077	3.951039	7.703197
246	17	3.087081	0.638398	3.686319	7.411798
246	18	3.087081	0.647573	3.777358	7.512012
246	19	3.087081	0.560346	3.282597	6.930024
246	20	3.087081	0.494950	2.262952	5.844983
246	21	3.087081	0.633242	3.635153	7.355476
246	22	3.087081	0.429431	1.612842	5.129354
246	23	3.087081	0.724461	4.540277	8.351819
246	24	3.087081	0.481111	2.125642	5.693834
246	25	3.087081	0.481111	2.125642	5.693834
246	26	3.087081	0.486089	2.175032	5.748202
246	27	3.087081	0.486089	2.175032	5.748202
246	28	3.087081	0.608229	3.386967	7.082277
246	29	3.087081	0.665077	3.951039	7.703197
246	30	3.087081	0.565418	2.962172	6.614671
246	31	3.087081	0.590054	3.206622	6.883757
246	32	3.087081	0.694416	4.242160	8.023657
246	33	3.087081	0.535704	2.667339	6.290124
246	34	3.087081	0.659611	3.896805	7.643497
246	35	3.087081	0.512031	2.432440	6.031551
246	36	3.087081	0.615416	3.458279	7.160776
246	37	3.087081	0.694416	4.242160	8.023657
246	38	3.087081	0.553605	2.844963	6.485649
246	39	3.087081	0.553617	2.845079	6.485777
246	40	3.087081	0.604996	3.619707	7.311784
246	41	3.087081	0.601973	3.324887	7.013941
246	42	3.087081	0.596110	3.319683	7.002874
246	43	3.087081	0.618686	3.490730	7.196498
246	44	3.087081	0.547101	2.780424	6.414606
246	45	3.087081	0.601104	3.316268	7.004453
246	46	3.087081	0.637167	3.674103	7.398351
246	47	3.087081	0.526326	2.574283	6.187690
246	48	3.087081	0.593114	3.236991	6.917187
246	49	3.087081	0.607832	3.383028	7.077941
246	50	3.087081	0.467514	2.573320	6.127915
246	51	3.087081	0.592894	3.234809	6.914784
246	52	3.087081	0.545486	2.764403	6.396971
246	53	3.087081	0.515405	2.942594	6.545080
246	54	3.087081	0.593114	3.236991	6.917187
246	55	3.087081	0.535704	2.667339	6.290124
246	56	3.087081	0.565418	2.962172	6.614671
246	57	3.087081	0.691149	4.209739	7.987968
246	58	3.087081	0.539252	3.020321	6.646654
246	59	3.087081	0.481111	2.125642	5.693834
246	60	3.087081	0.563238	2.940547	6.590866
246	61	3.087081	0.638398	3.686319	7.411798
246	62	3.087081	0.603518	3.340221	7.030820
246	63	3.087081	0.691149	4.209739	7.987968
246	64	3.087081	0.637167	3.674103	7.398351
246	65	3.087081	0.545486	2.764403	6.396971
246	66	3.087081	0.582541	3.132076	6.801698
246	67	3.087081	0.512089	2.433013	6.032182
246	68	3.087081	0.526252	2.573553	6.186886
246	69	3.087081	0.647573	3.777358	7.512012
246	70	3.087081	0.571758	3.025081	6.683919
246	71	3.087081	0.650763	3.809006	7.546849
246	72	3.087081	0.486089	2.175032	5.748202
246	73	3.087081	0.659611	3.896805	7.643497
246	74	3.087081	0.512089	2.433013	6.032182
246	75	3.087081	0.553617	2.845079	6.485777
246	76	3.087081	0.535704	2.667339	6.290124
246	77	3.087081	0.526326	2.574283	6.187690
246	78	3.087081	0.596894	3.274497	6.958472
246	79	3.087081	0.542410	2.733878	6.363369
246	80	3.087081	0.694416	4.242160	8.023657
246	81	3.087081	0.650763	3.809006	7.546849
246	82	3.087081	0.596894	3.274497	6.958472
246	83	3.087081	0.719078	4.486861	8.293020
246	84	3.087081	0.531010	2.832615	6.450706
246	85	3.087081	0.624727	3.550664	7.262471
246	86	3.087081	0.625462	3.557962	7.270505
246	87	3.087081	0.515808	2.999557	6.602446
246	88	3.087081	0.526252	2.573553	6.186886
246	89	3.087081	0.600393	3.309217	6.996692
246	90	3.087081	0.542410	2.733878	6.363369
246	91	3.087081	0.592894	3.234809	6.914784
246	92	3.087081	0.650763	3.809006	7.546849
246	93	3.087081	0.596894	3.274497	6.958472
246	94	3.087081	0.562403	2.932258	6.581742
246	95	3.087081	0.549819	2.807389	6.444288
246	96	3.087081	0.601104	3.316268	7.004453
246	97	3.087081	0.582541	3.132076	6.801698
246	98	3.087081	0.562403	2.932258	6.581742
246	99	3.087081	0.694416	4.242160	8.023657
247	0	3.253412	0.506824	2.380780	6.141016
247	1	3.253412	0.578669	3.093654	6.925735
247	2	3.253412	0.567051	2.978374	6.798836
247	3	3.253412	0.515614	2.467992	6.237017
247	4	3.253412	0.575115	3.058392	6.886919
247	5	3.253412	0.511415	2.426325	6.191151
247	6	3.253412	0.604493	3.349891	7.207796
247	7	3.253412	0.511764	2.429788	6.194963
247	8	3.253412	0.595858	3.264219	7.113489
247	9	3.253412	0.617166	3.475643	7.346220
247	10	3.253412	0.539445	2.704454	6.497310
247	11	3.253412	0.492625	2.239889	5.985926
247	12	3.253412	0.590780	3.213833	7.058025
247	13	3.253412	0.594118	3.246948	7.094478
247	14	3.253412	0.586062	3.167013	7.006486
247	15	3.253412	0.492625	2.239889	5.985926
247	16	3.253412	0.591575	3.221718	7.066705
247	17	3.253412	0.568884	2.996562	6.818857
247	18	3.253412	0.572464	3.032091	6.857967
247	19	3.253412	0.579157	3.098501	6.931069
247	20	3.253412	0.650076	3.802192	7.705680
247	21	3.253412	0.585462	3.161065	6.999939
247	22	3.253412	0.670187	4.160638	8.084237
247	23	3.253412	0.490135	2.215181	5.958728
247	24	3.253412	0.589568	3.201804	7.044784
247	25	3.253412	0.526593	2.576933	6.356937
247	26	3.253412	0.563469	3.154692	6.971573
247	27	3.253412	0.609301	3.397599	7.260312
247	28	3.253412	0.706305	4.360130	8.319847
247	29	3.253412	0.706976	4.366784	8.327172
247	30	3.253412	0.670187	4.160638	8.084237
247	31	3.253412	0.517897	2.490649	6.261958
247	32	3.253412	0.590780	3.213833	7.058025
247	33	3.253412	0.512110	2.433225	6.198747
247	34	3.253412	0.628587	3.588970	7.470969
247	35	3.253412	0.562876	2.936954	6.753242
247	36	3.253412	0.647453	3.776170	7.677035
247	37	3.253412	0.558759	3.319814	7.131985
247	38	3.253412	0.539445	2.704454	6.497310
247	39	3.253412	0.507220	2.384703	6.145334
247	40	3.253412	0.645794	3.971558	7.870764
247	41	3.253412	0.540292	3.083603	6.877306
247	42	3.253412	0.647453	3.776170	7.677035
247	43	3.253412	0.607092	3.375684	7.236187
247	44	3.253412	0.636718	3.669648	7.559778
247	45	3.253412	0.512110	2.433225	6.198747
247	46	3.253412	0.622238	3.525969	7.401619
247	47	3.253412	0.656714	3.868059	7.778184
247	48	3.253412	0.539775	3.025514	6.818701
247	49	3.253412	0.562876	2.936954	6.753242
247	50	3.253412	0.538943	2.858365	6.650720
247	51	3.253412	0.681219	4.111209	8.045839
247	52	3.253412	0.595858	3.264219	7.113489
247	53	3.253412	0.507125	2.383765	6.144302
247	54	3.253412	0.625848	3.561793	7.441053
247	55	3.253412	0.562876	2.936954	6.753242
247	56	3.253412	0.590780	3.213833	7.058025
247	57	3.253412	0.706305	4.360130	8.319847
247	58	3.253412	0.579157	3.098501	6.931069
247	59	3.253412	0.608873	3.393356	7.255641
247	60	3.253412	0.681219	4.111209	8.045839
247	61	3.253412	0.555985	2.868578	6.677975
247	62	3.253412	0.553506	2.843978	6.650896
247	63	3.253412	0.601213	3.582164	7.436788
247	64	3.253412	0.578669	3.093654	6.925735
247	65	3.253412	0.651528	3.816602	7.721541
247	66	3.253412	0.680815	4.107204	8.041430
247	67	3.253412	0.681159	4.110616	8.045186
247	68	3.253412	0.507723	2.389697	6.150832
247	69	3.253412	0.555985	2.868578	6.677975
247	70	3.253412	0.499653	2.309620	6.062685
247	71	3.253412	0.553506	2.843978	6.650896
247	72	3.253412	0.577676	3.083804	6.914892
247	73	3.253412	0.597474	3.280252	7.131138
247	74	3.253412	0.515614	2.467992	6.237017
247	75	3.253412	0.650076	3.802192	7.705680
247	76	3.253412	0.507723	2.389697	6.150832
247	77	3.253412	0.562876	2.936954	6.753242
247	78	3.253412	0.490135	2.215181	5.958728
247	79	3.253412	0.524100	2.552192	6.329703
247	80	3.253412	0.539445	2.704454	6.497310
247	81	3.253412	0.656714	3.868059	7.778184
247	82	3.253412	0.656714	3.868059	7.778184
247	83	3.253412	0.595858	3.264219	7.113489
247	84	3.253412	0.517897	2.490649	6.261958
247	85	3.253412	0.678601	4.085230	8.017242
247	86	3.253412	0.603354	3.338593	7.195359
247	87	3.253412	0.567051	2.978374	6.798836
247	88	3.253412	0.627991	3.583053	7.464455
247	89	3.253412	0.528610	3.073624	6.855646
247	90	3.253412	0.507125	2.383765	6.144302
247	91	3.253412	0.597474	3.280252	7.131138
247	92	3.253412	0.706305	4.360130	8.319847
247	93	3.253412	0.498931	2.302458	6.054800
247	94	3.253412	0.572859	3.036007	6.862277
247	95	3.253412	0.507125	2.383765	6.144302
247	96	3.253412	0.511415	2.426325	6.191151
247	97	3.253412	0.526593	2.576933	6.356937
247	98	3.253412	0.451506	1.831878	5.536796
247	99	3.253412	0.651528	3.816602	7.721541
248	0	3.318833	0.627489	3.578077	7.524399
248	1	3.318833	0.634901	3.651620	7.605354
248	2	3.318833	0.546409	2.773560	6.638802
248	3	3.318833	0.511825	2.430401	6.261059
248	4	3.318833	0.725354	4.549139	8.593326
248	5	3.318833	0.643945	4.006177	7.968955
248	6	3.318833	0.578132	3.088332	6.985297
248	7	3.318833	0.565051	2.958535	6.842419
248	8	3.318833	0.601339	3.318598	7.238769
248	9	3.318833	0.564870	2.956732	6.840435
248	10	3.318833	0.613956	3.602687	7.535476
248	11	3.318833	0.626219	3.565468	7.510520
248	12	3.318833	0.557136	2.879996	6.755965
248	13	3.318833	0.618685	3.490715	7.428233
248	14	3.318833	0.564929	2.957324	6.841086
248	15	3.318833	0.623405	3.537547	7.479784
248	16	3.318833	0.519741	2.508940	6.347513
248	17	3.318833	0.639359	3.695850	7.654041
248	18	3.318833	0.639986	3.702074	7.660893
248	19	3.318833	0.573270	3.040082	6.932185
248	20	3.318833	0.622260	3.685080	7.626173
248	21	3.318833	0.557098	2.879616	6.755547
248	22	3.318833	0.648912	3.790642	7.758386
248	23	3.318833	0.570176	3.168281	7.057290
248	24	3.318833	0.623405	3.537547	7.479784
248	25	3.318833	0.554793	2.856743	6.730368
248	26	3.318833	0.434847	1.666587	5.420267
248	27	3.318833	0.585080	3.422086	7.325998
248	28	3.318833	0.677956	4.078834	8.075623
248	29	3.318833	0.688169	4.180168	8.187170
248	30	3.318833	0.578132	3.088332	6.985297
248	31	3.318833	0.601339	3.318598	7.238769
248	32	3.318833	0.578132	3.088332	6.985297
248	33	3.318833	0.573245	3.357615	7.249692
248	34	3.318833	0.683241	4.184236	8.186309
248	35	3.318833	0.557098	2.879616	6.755547
248	36	3.318833	0.667474	3.974827	7.961134
248	37	3.318833	0.524590	2.557059	6.400481
248	38	3.318833	0.495726	2.270650	6.085209
248	39	3.318833	0.590403	3.210092	7.119328
248	40	3.318833	0.511825	2.430401	6.261059
248	41	3.318833	0.593049	3.236341	7.148223
248	42	3.318833	0.573270	3.040082	6.932185
248	43	3.318833	0.595714	3.262786	7.177333
248	44	3.318833	0.575804	3.065234	6.959871
248	45	3.318833	0.590403	3.210092	7.119328
248	46	3.318833	0.564929	2.957324	6.841086
248	47	3.318833	0.597136	3.276895	7.192864
248	48	3.318833	0.567814	2.985952	6.872599
248	49	3.318833	0.495702	2.270420	6.084955
248	50	3.318833	0.495702	2.270420	6.084955
248	51	3.318833	0.548508	2.794387	6.661728
248	52	3.318833	0.725354	4.549139	8.593326
248	53	3.318833	0.597136	3.276895	7.192864
248	54	3.318833	0.564870	2.956732	6.840435
248	55	3.318833	0.515838	2.470219	6.304890
248	56	3.318833	0.515838	2.470219	6.304890
248	57	3.318833	0.728417	4.579531	8.626780
248	58	3.318833	0.530018	2.610920	6.459771
248	59	3.318833	0.567814	2.985952	6.872599
248	60	3.318833	0.546362	2.773092	6.638286
248	61	3.318833	0.542950	2.739234	6.601017
248	62	3.318833	0.508290	2.395319	6.222441
248	63	3.318833	0.564870	2.956732	6.840435
248	64	3.318833	0.556029	2.869014	6.743876
248	65	3.318833	0.453656	1.853211	5.625700
248	66	3.318833	0.593049	3.236341	7.148223
248	67	3.318833	0.530018	2.610920	6.459771
248	68	3.318833	0.557684	2.885434	6.761951
248	69	3.318833	0.667474	3.974827	7.961134
248	70	3.318833	0.632008	3.622915	7.573756
248	71	3.318833	0.689253	4.190922	8.199007
248	72	3.318833	0.578581	3.092781	6.990195
248	73	3.318833	0.550879	3.241620	7.111331
248	74	3.318833	0.572954	3.036946	6.928732
248	75	3.318833	0.639359	3.695850	7.654041
248	76	3.318833	0.561779	2.926070	6.806682
248	77	3.318833	0.515838	2.470219	6.304890
248	78	3.318833	0.548508	2.794387	6.661728
248	79	3.318833	0.557098	2.879616	6.755547
248	80	3.318833	0.524259	2.553777	6.396869
248	81	3.318833	0.578581	3.092781	6.990195
248	82	3.318833	0.564929	2.957324	6.841086
248	83	3.318833	0.619435	3.498156	7.436423
248	84	3.318833	0.689253	4.190922	8.199007
248	85	3.318833	0.554793	2.856743	6.730368
248	86	3.318833	0.557684	2.885434	6.761951
248	87	3.318833	0.590012	3.206208	7.115052
248	88	3.318833	0.554793	2.856743	6.730368
248	89	3.318833	0.618685	3.490715	7.428233
248	90	3.318833	0.639986	3.702074	7.660893
248	91	3.318833	0.548508	2.794387	6.661728
248	92	3.318833	0.677956	4.078834	8.075623
248	93	3.318833	0.561779	2.926070	6.806682
248	94	3.318833	0.585080	3.422086	7.325998
248	95	3.318833	0.599417	3.617312	7.535562
248	96	3.318833	0.639986	3.702074	7.660893
248	97	3.318833	0.650008	3.801521	7.770362
248	98	3.318833	0.634821	3.650825	7.604479
248	99	3.318833	0.578132	3.088332	6.985297
249	0	3.248741	0.507925	2.391704	6.148370
249	1	3.248741	0.763083	4.923508	8.935332
249	2	3.248741	0.581356	3.438097	7.268193
249	3	3.248741	0.558213	3.314397	7.121351
249	4	3.248741	0.667452	3.974605	7.890798
249	5	3.248741	0.667452	3.974605	7.890798
249	6	3.248741	0.553183	2.840771	6.642694
249	7	3.248741	0.531991	2.630499	6.411232
249	8	3.248741	0.600406	3.309339	7.158485
249	9	3.248741	0.571494	3.022466	6.842701
249	10	3.248741	0.551784	2.826887	6.627412
249	11	3.248741	0.635892	3.661454	7.546087
249	12	3.248741	0.601319	3.318401	7.168461
249	13	3.248741	0.596180	3.267409	7.112330
249	14	3.248741	0.536951	2.679713	6.465405
249	15	3.248741	0.553183	2.840771	6.642694
249	16	3.248741	0.655130	3.852344	7.756215
249	17	3.248741	0.536863	2.678839	6.464443
249	18	3.248741	0.508357	2.395987	6.153085
249	19	3.248741	0.683900	4.137811	8.070452
249	20	3.248741	0.528504	2.595895	6.373140
249	21	3.248741	0.601319	3.318401	7.168461
249	22	3.248741	0.610230	3.406820	7.265791
249	23	3.248741	0.620860	3.512300	7.381902
249	24	3.248741	0.600406	3.309339	7.158485
249	25	3.248741	0.627454	3.577722	7.453917
249	26	3.248741	0.536863	2.678839	6.464443
249	27	3.248741	0.713748	4.486942	8.449431
249	28	3.248741	0.559129	2.899776	6.707646
249	29	3.248741	0.559129	2.899776	6.707646
249	30	3.248741	0.676633	4.224592	8.149966
249	31	3.248741	0.577804	3.085075	6.911620
249	32	3.248741	0.598725	3.292664	7.140130
249	33	3.248741	0.580329	3.427911	7.256981
249	34	3.248741	0.639750	3.699733	7.588224
249	35	3.248741	0.573063	3.038034	6.859838
249	36	3.248741	0.665776	3.957975	7.872492
249	37	3.248741	0.535140	2.661744	6.445626
249	38	3.248741	0.543947	2.749130	6.541818
249	39	3.248741	0.515460	2.466462	6.230662
249	40	3.248741	0.596180	3.267409	7.112330
249	41	3.248741	0.673898	4.038571	7.961210
249	42	3.248741	0.554758	2.856401	6.659900
249	43	3.248741	0.469470	2.486807	6.205019
249	44	3.248741	0.543242	2.742133	6.534116
249	45	3.248741	0.674280	4.042362	7.965383
249	46	3.248741	0.547504	2.784423	6.580668
249	47	3.248741	0.505914	2.371744	6.126398
249	48	3.248741	0.734924	4.644094	8.627759
249	49	3.248741	0.610010	3.404634	7.263384
249	50	3.248741	0.662906	4.035429	7.947076
249	51	3.248741	0.536505	2.675280	6.460526
249	52	3.248741	0.710437	4.401127	8.360305
249	53	3.248741	0.553183	2.840771	6.642694
249	54	3.248741	0.598725	3.292664	7.140130
249	55	3.248741	0.659505	3.895749	7.803995
249	56	3.248741	0.547192	2.781323	6.577255
249	57	3.248741	0.571494	3.022466	6.842701
249	58	3.248741	0.592893	3.234798	7.076433
249	59	3.248741	0.613683	3.441084	7.303508
249	60	3.248741	0.601319	3.318401	7.168461
249	61	3.248741	0.583723	3.143802	6.976266
249	62	3.248741	0.524303	2.871994	6.645038
249	63	3.248741	0.460530	1.921422	5.630692
249	64	3.248741	0.496086	2.274230	6.019057
249	65	3.248741	0.554758	2.856401	6.659900
249	66	3.248741	0.551784	2.826887	6.627412
249	67	3.248741	0.639750	3.699733	7.588224
249	68	3.248741	0.438482	1.702649	5.389871
249	69	3.248741	0.665776	3.957975	7.872492
249	70	3.248741	0.508646	3.087378	6.844765
249	71	3.248741	0.496086	2.274230	6.019057
249	72	3.248741	0.561613	3.242198	7.052552
249	73	3.248741	0.710437	4.401127	8.360305
249	74	3.248741	0.674280	4.042362	7.965383
249	75	3.248741	0.553183	2.840771	6.642694
249	76	3.248741	0.683900	4.137811	8.070452
249	77	3.248741	0.545250	2.762061	6.556052
249	78	3.248741	0.583723	3.143802	6.976266
249	79	3.248741	0.600406	3.309339	7.158485
249	80	3.248741	0.610010	3.404634	7.263384
249	81	3.248741	0.515460	2.466462	6.230662
249	82	3.248741	0.579063	3.097565	6.925368
249	83	3.248741	0.545250	2.762061	6.556052
249	84	3.248741	0.659505	3.895749	7.803995
249	85	3.248741	0.716812	4.464380	8.429933
249	86	3.248741	0.554758	2.856401	6.659900
249	87	3.248741	0.545250	2.762061	6.556052
249	88	3.248741	0.588034	3.186585	7.023360
249	89	3.248741	0.583723	3.143802	6.976266
249	90	3.248741	0.665776	3.957975	7.872492
249	91	3.248741	0.505914	2.371744	6.126398
249	92	3.248741	0.551784	2.826887	6.627412
249	93	3.248741	0.618066	3.484574	7.351381
249	94	3.248741	0.716178	4.458086	8.423005
249	95	3.248741	0.603868	3.343692	7.196301
249	96	3.248741	0.536951	2.679713	6.465405
249	97	3.248741	0.613683	3.441084	7.303508
249	98	3.248741	0.559129	2.899776	6.707646
249	99	3.248741	0.559129	2.899776	6.707646
250	0	3.219379	0.508391	2.396323	6.124092
250	1	3.219379	0.590125	3.207327	7.016831
250	2	3.219379	0.607027	3.375043	7.201450
250	3	3.219379	0.696266	4.260512	8.176157
250	4	3.219379	0.588563	3.191834	6.999776
250	5	3.219379	0.605357	3.358469	7.183205
250	6	3.219379	0.588432	3.190533	6.998345
250	7	3.219379	0.504984	2.362516	6.086879
250	8	3.219379	0.490457	2.218373	5.928209
250	9	3.219379	0.574484	3.052134	6.845997
250	10	3.219379	0.607565	3.380380	7.207325
250	11	3.219379	0.650992	3.970169	7.840539
250	12	3.219379	0.674165	4.041218	7.934762
250	13	3.219379	0.681114	4.110167	8.010659
250	14	3.219379	0.656913	3.870031	7.746323
250	15	3.219379	0.637408	3.676498	7.533285
250	16	3.219379	0.550768	2.816809	6.586956
250	17	3.219379	0.635951	3.662034	7.517363
250	18	3.219379	0.589626	3.202381	7.011386
250	19	3.219379	0.568597	2.993716	6.781691
250	20	3.219379	0.649439	4.007730	7.876548
250	21	3.219379	0.574448	3.051775	6.845601
250	22	3.219379	0.689069	4.189103	8.097551
250	23	3.219379	0.607565	3.380380	7.207325
250	24	3.219379	0.538510	2.695178	6.453067
250	25	3.219379	0.764185	4.934439	8.918002
250	26	3.219379	0.612154	3.425907	7.257439
250	27	3.219379	0.556221	2.870916	6.646516
250	28	3.219379	0.625705	3.560372	7.405456
250	29	3.219379	0.588563	3.191834	6.999776
250	30	3.219379	0.627772	3.580884	7.428035
250	31	3.219379	0.648027	3.940750	7.808155
250	32	3.219379	0.574484	3.052134	6.845997
250	33	3.219379	0.579644	3.103332	6.902355
250	34	3.219379	0.504984	2.362516	6.086879
250	35	3.219379	0.508391	2.396323	6.124092
250	36	3.219379	0.680906	4.108108	8.008394
250	37	3.219379	0.539591	2.705904	6.464873
250	38	3.219379	0.696266	4.260512	8.176157
250	39	3.219379	0.584853	3.155019	6.959252
250	40	3.219379	0.625705	3.560372	7.405456
250	41	3.219379	0.583200	3.350466	7.153045
250	42	3.219379	0.615369	3.457809	7.292557
250	43	3.219379	0.574448	3.051775	6.845601
250	44	3.219379	0.588432	3.190533	6.998345
250	45	3.219379	0.608055	3.385239	7.212673
250	46	3.219379	0.615369	3.457809	7.292557
250	47	3.219379	0.543493	2.744628	6.507500
250	48	3.219379	0.550404	2.813202	6.582985
250	49	3.219379	0.530825	3.042638	6.792842
250	50	3.219379	0.607565	3.380380	7.207325
250	51	3.219379	0.695222	4.250150	8.164750
250	52	3.219379	0.656913	3.870031	7.746323
250	53	3.219379	0.574484	3.052134	6.845997
250	54	3.219379	0.490457	2.218373	5.928209
250	55	3.219379	0.627772	3.580884	7.428035
250	56	3.219379	0.516554	2.477325	6.213258
250	57	3.219379	0.516554	2.477325	6.213258
250	58	3.219379	0.695222	4.250150	8.164750
250	59	3.219379	0.532901	3.169165	6.921445
250	60	3.219379	0.568597	2.993716	6.781691
250	61	3.219379	0.627402	3.577208	7.423989
250	62	3.219379	0.512762	2.439694	6.171835
250	63	3.219379	0.540835	2.718247	6.478461
250	64	3.219379	0.508391	2.396323	6.124092
250	65	3.219379	0.658884	3.889591	7.767854
250	66	3.219379	0.609227	3.555764	7.384370
250	67	3.219379	0.635951	3.662034	7.517363
250	68	3.219379	0.543493	2.744628	6.507500
250	69	3.219379	0.550404	2.813202	6.582985
250	70	3.219379	0.636785	3.670317	7.526481
250	71	3.219379	0.531150	3.204754	6.955283
250	72	3.219379	0.490457	2.218373	5.928209
250	73	3.219379	0.605357	3.358469	7.183205
250	74	3.219379	0.667936	3.979409	7.866724
250	75	3.219379	0.633169	3.687396	7.539944
250	76	3.219379	0.555870	2.867434	6.642683
250	77	3.219379	0.674165	4.041218	7.934762
250	78	3.219379	0.696266	4.260512	8.176157
250	79	3.219379	0.709174	4.388595	8.317148
250	80	3.219379	0.516554	2.477325	6.213258
250	81	3.219379	0.568597	2.993716	6.781691
250	82	3.219379	0.550768	2.816809	6.586956
250	83	3.219379	0.537991	2.690030	6.447400
250	84	3.219379	0.658884	3.889591	7.767854
250	85	3.219379	0.538510	2.695178	6.453067
250	86	3.219379	0.568597	2.993716	6.781691
250	87	3.219379	0.637447	3.676884	7.533710
250	88	3.219379	0.649439	4.007730	7.876548
250	89	3.219379	0.537991	2.690030	6.447400
250	90	3.219379	0.637447	3.676884	7.533710
250	91	3.219379	0.576760	3.074718	6.870857
250	92	3.219379	0.525235	2.563456	6.308070
250	93	3.219379	0.620618	3.509891	7.349888
250	94	3.219379	0.667936	3.979409	7.866724
250	95	3.219379	0.607509	3.379818	7.206706
250	96	3.219379	0.635951	3.662034	7.517363
250	97	3.219379	0.709174	4.388595	8.317148
250	98	3.219379	0.658884	3.889591	7.767854
250	99	3.219379	0.490457	2.218373	5.928209
251	0	3.411584	0.638565	3.687978	7.738127
251	1	3.411584	0.604154	3.399493	7.415231
251	2	3.411584	0.535311	2.663438	6.610333
251	3	3.411584	0.578435	3.091333	7.081352
251	4	3.411584	0.449208	1.809085	5.669877
251	5	3.411584	0.608931	3.393931	7.414447
251	6	3.411584	0.547344	2.782833	6.741761
251	7	3.411584	0.572788	3.035306	7.019679
251	8	3.411584	0.544197	2.751605	6.707386
251	9	3.411584	0.509378	2.406116	6.327078
251	10	3.411584	0.602239	3.327532	7.341356
251	11	3.411584	0.526030	2.571351	6.508966
251	12	3.411584	0.594233	3.248089	7.253907
251	13	3.411584	0.511718	2.429338	6.352640
251	14	3.411584	0.547344	2.782833	6.741761
251	15	3.411584	0.449208	1.809085	5.669877
251	16	3.411584	0.449208	1.809085	5.669877
251	17	3.411584	0.547344	2.782833	6.741761
251	18	3.411584	0.598568	3.291103	7.301255
251	19	3.411584	0.541224	2.722106	6.674914
251	20	3.411584	0.585698	3.163402	7.160684
251	21	3.411584	0.585698	3.163402	7.160684
251	22	3.411584	0.636906	3.777437	7.825927
251	23	3.411584	0.642558	3.727595	7.781738
251	24	3.411584	0.486864	2.182726	6.081175
251	25	3.411584	0.511718	2.429338	6.352640
251	26	3.411584	0.556603	2.874708	6.842896
251	27	3.411584	0.556533	2.874013	6.842130
251	28	3.411584	0.541224	2.722106	6.674914
251	29	3.411584	0.728070	4.576088	8.715742
251	30	3.411584	0.509378	2.406116	6.327078
251	31	3.411584	0.556533	2.874013	6.842130
251	32	3.411584	0.578435	3.091333	7.081352
251	33	3.411584	0.429222	1.610774	5.451580
251	34	3.411584	0.536271	2.672963	6.620819
251	35	3.411584	0.596191	3.532340	7.540116
251	36	3.411584	0.691199	4.210231	8.313014
251	37	3.411584	0.618303	3.486928	7.516816
251	38	3.411584	0.638565	3.687978	7.738127
251	39	3.411584	0.636059	3.663105	7.710748
251	40	3.411584	0.486484	2.178955	6.077023
251	41	3.411584	0.638565	3.687978	7.738127
251	42	3.411584	0.556533	2.874013	6.842130
251	43	3.411584	0.511718	2.429338	6.352640
251	44	3.411584	0.627739	3.739445	7.778768
251	45	3.411584	0.670885	4.008672	8.091142
251	46	3.411584	0.585698	3.163402	7.160684
251	47	3.411584	0.508264	2.395061	6.314909
251	48	3.411584	0.638565	3.687978	7.738127
251	49	3.411584	0.676869	4.068046	8.156499
251	50	3.411584	0.572788	3.035306	7.019679
251	51	3.411584	0.575848	3.065665	7.053098
251	52	3.411584	0.589050	3.196659	7.197293
251	53	3.411584	0.564807	2.956116	6.932508
251	54	3.411584	0.608577	3.390414	7.410575
251	55	3.411584	0.710800	4.404727	8.527112
251	56	3.411584	0.726860	4.564081	8.702525
251	57	3.411584	0.564997	2.958000	6.934582
251	58	3.411584	0.620084	3.504594	7.536262
251	59	3.411584	0.535311	2.663438	6.610333
251	60	3.411584	0.649139	3.792896	7.853619
251	61	3.411584	0.468264	1.998163	5.878011
251	62	3.411584	0.544197	2.751605	6.707386
251	63	3.411584	0.493479	2.248359	6.153422
251	64	3.411584	0.603637	3.341403	7.356624
251	65	3.411584	0.564807	2.956116	6.932508
251	66	3.411584	0.532461	3.005900	6.949945
251	67	3.411584	0.575301	3.060239	7.047125
251	68	3.411584	0.670885	4.008672	8.091142
251	69	3.411584	0.486484	2.178955	6.077023
251	70	3.411584	0.649157	3.793077	7.853818
251	71	3.411584	0.649139	3.792896	7.853619
251	72	3.411584	0.637093	3.779294	7.827971
251	73	3.411584	0.592244	3.228359	7.232188
251	74	3.411584	0.577824	3.085272	7.074680
251	75	3.411584	0.532522	2.635762	6.579868
251	76	3.411584	0.691603	4.214243	8.317431
251	77	3.411584	0.557311	2.881736	6.850632
251	78	3.411584	0.558498	3.317224	7.287307
251	79	3.411584	0.449208	1.809085	5.669877
251	80	3.411584	0.638565	3.687978	7.738127
251	81	3.411584	0.630059	3.709497	7.751140
251	82	3.411584	0.553383	2.842757	6.807724
251	83	3.411584	0.669391	4.046807	8.127782
251	84	3.411584	0.575301	3.060239	7.047125
251	85	3.411584	0.572788	3.035306	7.019679
251	86	3.411584	0.541224	2.722106	6.674914
251	87	3.411584	0.710800	4.404727	8.527112
251	88	3.411584	0.690746	4.205738	8.308069
251	89	3.411584	0.592244	3.228359	7.232188
251	90	3.411584	0.468264	1.998163	5.878011
251	91	3.411584	0.519709	2.508630	6.439924
251	92	3.411584	0.541296	2.722827	6.675708
251	93	3.411584	0.535311	2.663438	6.610333
251	94	3.411584	0.572788	3.035306	7.019679
251	95	3.411584	0.532461	3.005900	6.949945
251	96	3.411584	0.553383	2.842757	6.807724
251	97	3.411584	0.570531	3.012904	6.995020
251	98	3.411584	0.608931	3.393931	7.414447
251	99	3.411584	0.556533	2.874013	6.842130
252	0	3.371456	0.512383	2.435929	6.319768
252	1	3.371456	0.509392	2.406255	6.287103
252	2	3.371456	0.590774	3.213766	7.175996
252	3	3.371456	0.525489	2.565981	6.462926
252	4	3.371456	0.679952	4.098642	8.150051
252	5	3.371456	0.451663	1.833437	5.656556
252	6	3.371456	0.671087	4.010670	8.053213
252	7	3.371456	0.561169	2.920015	6.852641
252	8	3.371456	0.648761	3.948037	7.968254
252	9	3.371456	0.481192	2.656078	6.508727
252	10	3.371456	0.566448	2.972394	6.910299
252	11	3.371456	0.610957	3.414030	7.396443
252	12	3.371456	0.564280	2.950880	6.886616
252	13	3.371456	0.573888	3.046215	6.991559
252	14	3.371456	0.605779	3.362654	7.339889
252	15	3.371456	0.532770	2.638226	6.542452
252	16	3.371456	0.732644	4.621474	8.725575
252	17	3.371456	0.511662	2.428782	6.311900
252	18	3.371456	0.511662	2.428782	6.311900
252	19	3.371456	0.489393	2.207820	6.068670
252	20	3.371456	0.511662	2.428782	6.311900
252	21	3.371456	0.566827	2.976151	6.914434
252	22	3.371456	0.506746	2.380000	6.258202
252	23	3.371456	0.595062	3.256316	7.222835
252	24	3.371456	0.614373	3.447933	7.433763
252	25	3.371456	0.585641	3.162839	7.119937
252	26	3.371456	0.601830	3.323473	7.296760
252	27	3.371456	0.646274	3.817436	7.835167
252	28	3.371456	0.595062	3.256316	7.222835
252	29	3.371456	0.645235	3.754156	7.770847
252	30	3.371456	0.649980	3.801244	7.822681
252	31	3.371456	0.496956	2.282856	6.151268
252	32	3.371456	0.590774	3.213766	7.175996
252	33	3.371456	0.610957	3.414030	7.396443
252	34	3.371456	0.595062	3.256316	7.222835
252	35	3.371456	0.614373	3.447933	7.433763
252	36	3.371456	0.587213	3.178433	7.137103
252	37	3.371456	0.525489	2.565981	6.462926
252	38	3.371456	0.635286	3.655437	7.662179
252	39	3.371456	0.595062	3.256316	7.222835
252	40	3.371456	0.509725	2.409558	6.290739
252	41	3.371456	0.664511	3.945428	7.981396
252	42	3.371456	0.451663	1.833437	5.656556
252	43	3.371456	0.649980	3.801244	7.822681
252	44	3.371456	0.625373	3.821892	7.818721
252	45	3.371456	0.724437	4.540036	8.635929
252	46	3.371456	0.706206	4.359147	8.436809
252	47	3.371456	0.532770	2.638226	6.542452
252	48	3.371456	0.509725	2.409558	6.290739
252	49	3.371456	0.618791	3.491765	7.482012
252	50	3.371456	0.561799	2.926264	6.859519
252	51	3.371456	0.489393	2.207820	6.068670
252	52	3.371456	0.610957	3.414030	7.396443
252	53	3.371456	0.492850	2.242120	6.106427
252	54	3.371456	0.571811	3.025604	6.968871
252	55	3.371456	0.492850	2.242120	6.106427
252	56	3.371456	0.553287	2.841805	6.766549
252	57	3.371456	0.587002	3.176339	7.134797
252	58	3.371456	0.622317	3.526754	7.520527
252	59	3.371456	0.610957	3.414030	7.396443
252	60	3.371456	0.566448	2.972394	6.910299
252	61	3.371456	0.561169	2.920015	6.852641
252	62	3.371456	0.571811	3.025604	6.968871
252	63	3.371456	0.585641	3.162839	7.119937
252	64	3.371456	0.553287	2.841805	6.766549
252	65	3.371456	0.549092	3.117962	7.038511
252	66	3.371456	0.509725	2.409558	6.290739
252	67	3.371456	0.627344	3.576633	7.575433
252	68	3.371456	0.597899	3.284462	7.253817
252	69	3.371456	0.489248	2.206381	6.067085
252	70	3.371456	0.568648	2.994223	6.934328
252	71	3.371456	0.585641	3.162839	7.119937
252	72	3.371456	0.529594	2.606710	6.507760
252	73	3.371456	0.669330	3.993238	8.034025
252	74	3.371456	0.489248	2.206381	6.067085
252	75	3.371456	0.526023	2.571272	6.468751
252	76	3.371456	0.585512	3.161556	7.118524
252	77	3.371456	0.573888	3.046215	6.991559
252	78	3.371456	0.679952	4.098642	8.150051
252	79	3.371456	0.552645	2.835436	6.759537
252	80	3.371456	0.512023	2.432367	6.315846
252	81	3.371456	0.671087	4.010670	8.053213
252	82	3.371456	0.529594	2.606710	6.507760
252	83	3.371456	0.564280	2.950880	6.886616
252	84	3.371456	0.561169	2.920015	6.852641
252	85	3.371456	0.658115	3.881963	7.911534
252	86	3.371456	0.647405	3.987540	8.006401
252	87	3.371456	0.671087	4.010670	8.053213
252	88	3.371456	0.594990	3.255597	7.222043
252	89	3.371456	0.719711	4.599076	8.690244
252	90	3.371456	0.658115	3.881963	7.911534
252	91	3.371456	0.530506	2.615758	6.517720
252	92	3.371456	0.525489	2.565981	6.462926
252	93	3.371456	0.648761	3.948037	7.968254
252	94	3.371456	0.591350	3.219484	7.182290
252	95	3.371456	0.591350	3.219484	7.182290
252	96	3.371456	0.585641	3.162839	7.119937
252	97	3.371456	0.646274	3.817436	7.835167
252	98	3.371456	0.512383	2.435929	6.319768
252	99	3.371456	0.512361	3.018314	6.902131
253	0	3.341794	0.735743	4.652221	8.729758
253	1	3.341794	0.573659	3.043944	6.959397
253	2	3.341794	0.541539	2.725237	6.608570
253	3	3.341794	0.611683	3.421236	7.374712
253	4	3.341794	0.589762	3.203726	7.135282
253	5	3.341794	0.592803	3.233899	7.168496
253	6	3.341794	0.661619	3.916724	7.920136
253	7	3.341794	0.667858	3.978630	7.988282
253	8	3.341794	0.518276	2.494409	6.354479
253	9	3.341794	0.686933	4.167911	8.196639
253	10	3.341794	0.622406	3.633569	7.597769
253	11	3.341794	0.546640	2.775853	6.664287
253	12	3.341794	0.669464	3.994574	8.005832
253	13	3.341794	0.544092	2.750567	6.636453
253	14	3.341794	0.613859	3.442830	7.398483
253	15	3.341794	0.602221	3.327355	7.271370
253	16	3.341794	0.662960	3.930034	7.934788
253	17	3.341794	0.688772	4.186153	8.216719
253	18	3.341794	0.666891	3.969041	7.977726
253	19	3.341794	0.592854	3.234405	7.169052
253	20	3.341794	0.731990	4.614987	8.688771
253	21	3.341794	0.441726	1.734839	5.518358
253	22	3.341794	0.526080	2.571839	6.439713
253	23	3.341794	0.652828	3.988389	7.983011
253	24	3.341794	0.519282	2.504385	6.365461
253	25	3.341794	0.544092	2.750567	6.636453
253	26	3.341794	0.609359	3.398179	7.349332
253	27	3.341794	0.498450	2.297681	6.137924
253	28	3.341794	0.569177	3.423187	7.334158
253	29	3.341794	0.622406	3.633569	7.597769
253	30	3.341794	0.688772	4.186153	8.216719
253	31	3.341794	0.607151	3.376268	7.325212
253	32	3.341794	0.584640	3.152906	7.079340
253	33	3.341794	0.500815	2.321147	6.163756
253	34	3.341794	0.592803	3.233899	7.168496
253	35	3.341794	0.661871	3.919226	7.922891
253	36	3.341794	0.501171	2.324678	6.167642
253	37	3.341794	0.636104	3.822444	7.800342
253	38	3.341794	0.519282	2.504385	6.365461
253	39	3.341794	0.541907	2.728889	6.612590
253	40	3.341794	0.606408	3.368902	7.317104
253	41	3.341794	0.606408	3.368902	7.317104
253	42	3.341794	0.519674	2.931987	6.793455
253	43	3.341794	0.521337	2.524781	6.387912
253	44	3.341794	0.546640	2.775853	6.664287
253	45	3.341794	0.513961	2.451591	6.307346
253	46	3.341794	0.599923	3.304551	7.246268
253	47	3.341794	0.544714	2.756742	6.643250
253	48	3.341794	0.521337	2.524781	6.387912
253	49	3.341794	0.692648	4.224616	8.259058
253	50	3.341794	0.589604	3.202160	7.133558
253	51	3.341794	0.595257	3.258250	7.195301
253	52	3.341794	0.501171	2.324678	6.167642
253	53	3.341794	0.604564	3.350603	7.296961
253	54	3.341794	0.634601	3.648640	7.625035
253	55	3.341794	0.549108	2.800335	6.691237
253	56	3.341794	0.662960	3.930034	7.934788
253	57	3.341794	0.589462	3.200750	7.132006
253	58	3.341794	0.570889	3.016461	6.929144
253	59	3.341794	0.590078	3.206865	7.138737
253	60	3.341794	0.607151	3.376268	7.325212
253	61	3.341794	0.729913	4.594372	8.666078
253	62	3.341794	0.592545	3.231337	7.165675
253	63	3.341794	0.661619	3.916724	7.920136
253	64	3.341794	0.604564	3.350603	7.296961
253	65	3.341794	0.605369	3.358592	7.305756
253	66	3.341794	0.563301	2.994130	6.899225
253	67	3.341794	0.500815	2.321147	6.163756
253	68	3.341794	0.597814	3.495480	7.435088
253	69	3.341794	0.521337	2.524781	6.387912
253	70	3.341794	0.544714	2.756742	6.643250
253	71	3.341794	0.603810	3.343116	7.288720
253	72	3.341794	0.570889	3.016461	6.929144
253	73	3.341794	0.666891	3.969041	7.977726
253	74	3.341794	0.603810	3.343116	7.288720
253	75	3.341794	0.527553	2.586460	6.455807
253	76	3.341794	0.527515	2.586082	6.455391
253	77	3.341794	0.597039	3.275931	7.214763
253	78	3.341794	0.500815	2.321147	6.163756
253	79	3.341794	0.584640	3.152906	7.079340
253	80	3.341794	0.629923	3.602226	7.573943
253	81	3.341794	0.570087	3.008500	6.920380
253	82	3.341794	0.620677	3.563449	7.525920
253	83	3.341794	0.604564	3.350603	7.296961
253	84	3.341794	0.518276	2.494409	6.354479
253	85	3.341794	0.575298	3.060210	6.977302
253	86	3.341794	0.772266	5.014622	9.128681
253	87	3.341794	0.592854	3.234405	7.169052
253	88	3.341794	0.647481	3.776439	7.765714
253	89	3.341794	0.549108	2.800335	6.691237
253	90	3.341794	0.526080	2.571839	6.439713
253	91	3.341794	0.498450	2.297681	6.137924
253	92	3.341794	0.609359	3.398179	7.349332
253	93	3.341794	0.669464	3.994574	8.005832
253	94	3.341794	0.502101	2.333915	6.177810
253	95	3.341794	0.645662	3.758391	7.745846
253	96	3.341794	0.500815	2.321147	6.163756
253	97	3.341794	0.661619	3.916724	7.920136
253	98	3.341794	0.645388	3.755674	7.742855
253	99	3.341794	0.595592	3.367500	7.304885
254	0	3.329513	0.611017	3.414631	7.355161
254	1	3.329513	0.576010	3.067269	6.972792
254	2	3.329513	0.603895	3.343957	7.277364
254	3	3.329513	0.557384	2.882458	6.769355
254	4	3.329513	0.713269	4.429229	8.472011
254	5	3.329513	0.547690	2.786270	6.663473
254	6	3.329513	0.745208	4.746136	8.820856
254	7	3.329513	0.555074	2.859533	6.744119
254	8	3.329513	0.518725	2.498861	6.347098
254	9	3.329513	0.593109	3.236939	7.159560
254	10	3.329513	0.573393	3.359086	7.261991
254	11	3.329513	0.547690	2.786270	6.663473
254	12	3.329513	0.599192	3.297294	7.225998
254	13	3.329513	0.606953	3.374305	7.310770
254	14	3.329513	0.573957	3.046899	6.950368
254	15	3.329513	0.663253	3.932941	7.925706
254	16	3.329513	0.549298	2.802221	6.681032
254	17	3.329513	0.593109	3.236939	7.159560
254	18	3.329513	0.663253	3.932941	7.925706
254	19	3.329513	0.537059	2.680785	6.547357
254	20	3.329513	0.655759	3.858587	7.843859
254	21	3.329513	0.571509	3.022614	6.923636
254	22	3.329513	0.557668	2.885273	6.772454
254	23	3.329513	0.642148	3.723527	7.695188
254	24	3.329513	0.713381	4.536260	8.579153
254	25	3.329513	0.713174	4.428280	8.470967
254	26	3.329513	0.610240	3.406919	7.346672
254	27	3.329513	0.769111	4.983314	9.081937
254	28	3.329513	0.535395	2.664271	6.529179
254	29	3.329513	0.515538	2.467243	6.312294
254	30	3.329513	0.729570	4.590977	8.650060
254	31	3.329513	0.557384	2.882458	6.769355
254	32	3.329513	0.525011	2.879015	6.733538
254	33	3.329513	0.632726	3.683000	7.645239
254	34	3.329513	0.605569	3.360577	7.295659
254	35	3.329513	0.757424	4.867351	8.954288
254	36	3.329513	0.592511	3.231006	7.153030
254	37	3.329513	0.576010	3.067269	6.972792
254	38	3.329513	0.557384	2.882458	6.769355
254	39	3.329513	0.515538	2.467243	6.312294
254	40	3.329513	0.655759	3.858587	7.843859
254	41	3.329513	0.573957	3.046899	6.950368
254	42	3.329513	0.611017	3.414631	7.355161
254	43	3.329513	0.667334	3.973432	7.970278
254	44	3.329513	0.654556	3.846641	7.830710
254	45	3.329513	0.603895	3.343957	7.277364
254	46	3.329513	0.537289	2.683068	6.549870
254	47	3.329513	0.655759	3.858587	7.843859
254	48	3.329513	0.557668	2.885273	6.772454
254	49	3.329513	0.597301	3.278534	7.205348
254	50	3.329513	0.558163	2.996113	6.883789
254	51	3.329513	0.654556	3.846641	7.830710
254	52	3.329513	0.535395	2.664271	6.529179
254	53	3.329513	0.493174	2.774972	6.597659
254	54	3.329513	0.537494	2.685095	6.552101
254	55	3.329513	0.598335	3.288790	7.216638
254	56	3.329513	0.444386	1.761234	5.535132
254	57	3.329513	0.518725	2.498861	6.347098
254	58	3.329513	0.607086	3.375625	7.312224
254	59	3.329513	0.637733	3.679716	7.646962
254	60	3.329513	0.642148	3.723527	7.695188
254	61	3.329513	0.575911	3.066294	6.971718
254	62	3.329513	0.573529	3.201549	7.104591
254	63	3.329513	0.610240	3.406919	7.346672
254	64	3.329513	0.663253	3.932941	7.925706
254	65	3.329513	0.547690	2.786270	6.663473
254	66	3.329513	0.517800	3.072285	6.919598
254	67	3.329513	0.545114	2.760712	6.635339
254	68	3.329513	0.632134	3.783053	7.744699
254	69	3.329513	0.655460	3.855611	7.840583
254	70	3.329513	0.673353	4.033157	8.036023
254	71	3.329513	0.510367	2.415932	6.255812
254	72	3.329513	0.573358	3.040961	6.943832
254	73	3.329513	0.573358	3.040961	6.943832
254	74	3.329513	0.551797	2.827015	6.708324
254	75	3.329513	0.635732	3.659860	7.625104
254	76	3.329513	0.649469	3.902096	7.881078
254	77	3.329513	0.720237	4.498363	8.548112
254	78	3.329513	0.605569	3.360577	7.295659
254	79	3.329513	0.587174	3.178044	7.094730
254	80	3.329513	0.624938	3.552763	7.507214
254	81	3.329513	0.547690	2.786270	6.663473
254	82	3.329513	0.624938	3.552763	7.507214
254	83	3.329513	0.576010	3.067269	6.972792
254	84	3.329513	0.530544	2.616139	6.476196
254	85	3.329513	0.598335	3.288790	7.216638
254	86	3.329513	0.637733	3.679716	7.646962
254	87	3.329513	0.559459	2.903044	6.792016
254	88	3.329513	0.545114	2.760712	6.635339
254	89	3.329513	0.642148	3.723527	7.695188
254	90	3.329513	0.515538	2.467243	6.312294
254	91	3.329513	0.507975	2.392199	6.229687
254	92	3.329513	0.557668	2.885273	6.772454
254	93	3.329513	0.539275	2.702770	6.571557
254	94	3.329513	0.680039	4.099498	8.109049
254	95	3.329513	0.559459	2.903044	6.792016
254	96	3.329513	0.624938	3.552763	7.507214
254	97	3.329513	0.577242	3.079494	6.986249
254	98	3.329513	0.606953	3.374305	7.310770
254	99	3.329513	0.515538	2.467243	6.312294
255	0	3.280243	0.675383	4.053303	8.008929
255	1	3.280243	0.611162	3.416067	7.307472
255	2	3.280243	0.530285	2.613563	6.424092
255	3	3.280243	0.656371	3.864651	7.801265
255	4	3.280243	0.526785	2.578834	6.385862
255	5	3.280243	0.609361	3.398198	7.287803
255	6	3.280243	0.588383	3.190046	7.058672
255	7	3.280243	0.538754	2.697602	6.516600
255	8	3.280243	0.591691	3.222872	7.094807
255	9	3.280243	0.614644	3.450616	7.345503
255	10	3.280243	0.656371	3.864651	7.801265
255	11	3.280243	0.626356	3.566832	7.473431
255	12	3.280243	0.559538	2.903826	6.743607
255	13	3.280243	0.539539	2.705393	6.525176
255	14	3.280243	0.560205	2.910449	6.750898
255	15	3.280243	0.554862	2.857436	6.692542
255	16	3.280243	0.550992	3.242740	7.073976
255	17	3.280243	0.489805	2.741545	6.511594
255	18	3.280243	0.514662	2.458550	6.253455
255	19	3.280243	0.591691	3.222872	7.094807
255	20	3.280243	0.716655	4.462826	8.459725
255	21	3.280243	0.611951	3.423902	7.316096
255	22	3.280243	0.554862	2.857436	6.692542
255	23	3.280243	0.552309	2.832104	6.664657
255	24	3.280243	0.560361	2.911994	6.752598
255	25	3.280243	0.591492	3.220892	7.092627
255	26	3.280243	0.560361	2.911994	6.752598
255	27	3.280243	0.555932	2.868051	6.704226
255	28	3.280243	0.714602	4.442455	8.437301
255	29	3.280243	0.566847	2.976355	6.823445
255	30	3.280243	0.654467	3.845764	7.780474
255	31	3.280243	0.556121	2.869929	6.706294
255	32	3.280243	0.562144	2.929684	6.772071
255	33	3.280243	0.696286	4.260716	8.237246
255	34	3.280243	0.582971	3.136348	6.999563
255	35	3.280243	0.578688	3.093842	6.952773
255	36	3.280243	0.516956	2.481310	6.278510
255	37	3.280243	0.605927	3.364129	7.250299
255	38	3.280243	0.514662	2.458550	6.253455
255	39	3.280243	0.559538	2.903826	6.743607
255	40	3.280243	0.611162	3.416067	7.307472
255	41	3.280243	0.627764	3.580807	7.488815
255	42	3.280243	0.654467	3.845764	7.780474
255	43	3.280243	0.615886	3.462941	7.359070
255	44	3.280243	0.696286	4.260716	8.237246
255	45	3.280243	0.555926	3.079842	6.916011
255	46	3.280243	0.626356	3.566832	7.473431
255	47	3.280243	0.580553	3.112351	6.973147
255	48	3.280243	0.734864	4.643506	8.658614
255	49	3.280243	0.509593	2.408245	6.198081
255	50	3.280243	0.526785	2.578834	6.385862
255	51	3.280243	0.601389	3.319093	7.200725
255	52	3.280243	0.605596	3.572692	7.458531
255	53	3.280243	0.578688	3.093842	6.952773
255	54	3.280243	0.693047	4.228575	8.201865
255	55	3.280243	0.458554	1.901812	5.640609
255	56	3.280243	0.611655	3.420961	7.312859
255	57	3.280243	0.624075	3.914948	7.819266
255	58	3.280243	0.627764	3.580807	7.488815
255	59	3.280243	0.538443	2.694512	6.513198
255	60	3.280243	0.556121	2.869929	6.706294
255	61	3.280243	0.555932	2.868051	6.704226
255	62	3.280243	0.533243	2.642914	6.456400
255	63	3.280243	0.656371	3.864651	7.801265
255	64	3.280243	0.562144	2.929684	6.772071
255	65	3.280243	0.601953	3.324694	7.206891
255	66	3.280243	0.615886	3.462941	7.359070
255	67	3.280243	0.646569	3.979250	7.906062
255	68	3.280243	0.615077	3.454911	7.350231
255	69	3.280243	0.560477	2.913151	6.753871
255	70	3.280243	0.615077	3.454911	7.350231
255	71	3.280243	0.571532	3.022837	6.874612
255	72	3.280243	0.656371	3.864651	7.801265
255	73	3.280243	0.564608	2.954132	6.798983
255	74	3.280243	0.609361	3.398198	7.287803
255	75	3.280243	0.564608	2.954132	6.798983
255	76	3.280243	0.601953	3.324694	7.206891
255	77	3.280243	0.538754	2.697602	6.516600
255	78	3.280243	0.556121	2.869929	6.706294
255	79	3.280243	0.693047	4.228575	8.201865
255	80	3.280243	0.580553	3.112351	6.973147
255	81	3.280243	0.718213	4.531245	8.529701
255	82	3.280243	0.437134	1.689274	5.406652
255	83	3.280243	0.595848	3.370043	7.246134
255	84	3.280243	0.601953	3.324694	7.206891
255	85	3.280243	0.539539	2.705393	6.525176
255	86	3.280243	0.580553	3.112351	6.973147
255	87	3.280243	0.661736	3.917888	7.859867
255	88	3.280243	0.635331	3.655888	7.571462
255	89	3.280243	0.661736	3.917888	7.859867
255	90	3.280243	0.556121	2.869929	6.706294
255	91	3.280243	0.735967	4.760374	8.776584
255	92	3.280243	0.605927	3.364129	7.250299
255	93	3.280243	0.656371	3.864651	7.801265
255	94	3.280243	0.592073	3.226655	7.098971
255	95	3.280243	0.580553	3.112351	6.973147
255	96	3.280243	0.615886	3.462941	7.359070
255	97	3.280243	0.689406	4.245408	8.215058
255	98	3.280243	0.591492	3.220892	7.092627
255	99	3.280243	0.560205	2.910449	6.750898
256	0	3.223227	0.524240	2.553585	6.301052
256	1	3.223227	0.564901	2.957048	6.745176
256	2	3.223227	0.597534	3.280845	7.101606
256	3	3.223227	0.546646	2.775912	6.545785
256	4	3.223227	0.612498	3.588212	7.423936
256	5	3.223227	0.523053	2.541805	6.288085
256	6	3.223227	0.660824	3.908841	7.792892
256	7	3.223227	0.678251	4.081763	7.983242
256	8	3.223227	0.705608	4.353207	8.282041
256	9	3.223227	0.618338	3.487268	7.328832
256	10	3.223227	0.670346	4.215173	8.108746
256	11	3.223227	0.467687	1.992441	5.683355
256	12	3.223227	0.605196	3.356872	7.185295
256	13	3.223227	0.583894	3.145504	6.952625
256	14	3.223227	0.574355	3.050854	6.848436
256	15	3.223227	0.600098	3.306291	7.129616
256	16	3.223227	0.467687	1.992441	5.683355
256	17	3.223227	0.646768	3.769367	7.639362
256	18	3.223227	0.639629	3.698528	7.561384
256	19	3.223227	0.503203	2.344851	6.071281
256	20	3.223227	0.497834	2.874175	6.595237
256	21	3.223227	0.527984	2.590736	6.341947
256	22	3.223227	0.546646	2.775912	6.545785
256	23	3.223227	0.610534	3.409840	7.243601
256	24	3.223227	0.527984	2.590736	6.341947
256	25	3.223227	0.555731	2.866055	6.645012
256	26	3.223227	0.582929	3.135931	6.942088
256	27	3.223227	0.546646	2.775912	6.545785
256	28	3.223227	0.699745	4.295037	8.218009
256	29	3.223227	0.570534	3.277757	7.071518
256	30	3.223227	0.581403	3.120786	6.925416
256	31	3.223227	0.674659	4.046117	7.944002
256	32	3.223227	0.660824	3.908841	7.792892
256	33	3.223227	0.706431	4.361376	8.291034
256	34	3.223227	0.660824	3.908841	7.792892
256	35	3.223227	0.598638	3.291798	7.113663
256	36	3.223227	0.699745	4.295037	8.218009
256	37	3.223227	0.738779	4.735316	8.697322
256	38	3.223227	0.601675	3.321934	7.146836
256	39	3.223227	0.618338	3.487268	7.328832
256	40	3.223227	0.542468	2.734453	6.500147
256	41	3.223227	0.537476	2.684920	6.445623
256	42	3.223227	0.587060	3.176917	6.987204
256	43	3.223227	0.731934	4.614430	8.569591
256	44	3.223227	0.616033	3.464406	7.303666
256	45	3.223227	0.598638	3.291798	7.113663
256	46	3.223227	0.606067	3.365515	7.194809
256	47	3.223227	0.547063	3.097826	6.868116
256	48	3.223227	0.587476	3.445859	7.256562
256	49	3.223227	0.553513	2.844045	6.620785
256	50	3.223227	0.568461	3.257186	7.048874
256	51	3.223227	0.553513	2.844045	6.620785
256	52	3.223227	0.721098	4.506906	8.451231
256	53	3.223227	0.618338	3.487268	7.328832
256	54	3.223227	0.546646	2.775912	6.545785
256	55	3.223227	0.519285	2.504420	6.246932
256	56	3.223227	0.548057	2.789914	6.561199
256	57	3.223227	0.467687	1.992441	5.683355
256	58	3.223227	0.548091	2.790247	6.561565
256	59	3.223227	0.548091	2.790247	6.561565
256	60	3.223227	0.598638	3.291798	7.113663
256	61	3.223227	0.547063	3.097826	6.868116
256	62	3.223227	0.555731	2.866055	6.645012
256	63	3.223227	0.547008	2.779501	6.549736
256	64	3.223227	0.508818	2.400557	6.132602
256	65	3.223227	0.524548	2.556643	6.304418
256	66	3.223227	0.634770	3.650320	7.508317
256	67	3.223227	0.570682	3.014409	6.808318
256	68	3.223227	0.527984	2.590736	6.341947
256	69	3.223227	0.634770	3.650320	7.508317
256	70	3.223227	0.699745	4.295037	8.218009
256	71	3.223227	0.491291	2.226653	5.941172
256	72	3.223227	0.555731	2.866055	6.645012
256	73	3.223227	0.480148	2.116078	5.819452
256	74	3.223227	0.548057	2.789914	6.561199
256	75	3.223227	0.549727	2.806481	6.579435
256	76	3.223227	0.585193	3.158387	6.966806
256	77	3.223227	0.527984	2.590736	6.341947
256	78	3.223227	0.620629	3.510009	7.353866
256	79	3.223227	0.664841	3.948699	7.836767
256	80	3.223227	0.467687	1.992441	5.683355
256	81	3.223227	0.583894	3.145504	6.952625
256	82	3.223227	0.515406	2.465928	6.204561
256	83	3.223227	0.660824	3.908841	7.792892
256	84	3.223227	0.515490	2.890476	6.629193
256	85	3.223227	0.576195	3.069113	6.868536
256	86	3.223227	0.678251	4.081763	7.983242
256	87	3.223227	0.618338	3.487268	7.328832
256	88	3.223227	0.583388	3.140477	6.947091
256	89	3.223227	0.623919	3.542647	7.389792
256	90	3.223227	0.583894	3.145504	6.952625
256	91	3.223227	0.634770	3.650320	7.508317
256	92	3.223227	0.660824	3.908841	7.792892
256	93	3.223227	0.480148	2.116078	5.819452
256	94	3.223227	0.524240	2.553585	6.301052
256	95	3.223227	0.524240	2.553585	6.301052
256	96	3.223227	0.639629	3.698528	7.561384
256	97	3.223227	0.640445	3.706628	7.570299
256	98	3.223227	0.524240	2.553585	6.301052
256	99	3.223227	0.664841	3.948699	7.836767
257	0	3.322386	0.535292	2.663249	6.520928
257	1	3.322386	0.608435	3.389006	7.319827
257	2	3.322386	0.479208	2.106752	5.908346
257	3	3.322386	0.557972	2.888286	6.768644
257	4	3.322386	0.557972	2.888286	6.768644
257	5	3.322386	0.568640	3.311929	7.202955
257	6	3.322386	0.624599	3.549393	7.496377
257	7	3.322386	0.690714	4.205421	8.218521
257	8	3.322386	0.512115	2.433279	6.267781
257	9	3.322386	0.628605	3.589152	7.540144
257	10	3.322386	0.586924	3.175571	7.084882
257	11	3.322386	0.588041	3.186647	7.097073
257	12	3.322386	0.554850	2.857310	6.734545
257	13	3.322386	0.479208	2.106752	5.908346
257	14	3.322386	0.581556	3.122306	7.026248
257	15	3.322386	0.557514	2.883744	6.763644
257	16	3.322386	0.536137	2.671631	6.530154
257	17	3.322386	0.595570	3.473212	7.391168
257	18	3.322386	0.435678	1.674831	5.432895
257	19	3.322386	0.554988	2.858679	6.736053
257	20	3.322386	0.536189	2.672149	6.530724
257	21	3.322386	0.625188	3.555243	7.502818
257	22	3.322386	0.635685	3.977178	7.935249
257	23	3.322386	0.511219	2.424386	6.257991
257	24	3.322386	0.541988	2.729692	6.594066
257	25	3.322386	0.595532	3.260975	7.178893
257	26	3.322386	0.605928	3.364137	7.292451
257	27	3.322386	0.726892	4.617361	8.666639
257	28	3.322386	0.576674	3.073866	6.972926
257	29	3.322386	0.555593	2.864683	6.742662
257	30	3.322386	0.559646	2.904904	6.786937
257	31	3.322386	0.557576	2.884363	6.764325
257	32	3.322386	0.549288	2.802121	6.673795
257	33	3.322386	0.675538	4.054842	8.052767
257	34	3.322386	0.536039	2.670656	6.529081
257	35	3.322386	0.625727	3.560593	7.508706
257	36	3.322386	0.561274	3.185873	7.069533
257	37	3.322386	0.512980	2.441858	6.277224
257	38	3.322386	0.557576	2.884363	6.764325
257	39	3.322386	0.588440	3.190614	7.101440
257	40	3.322386	0.557576	2.884363	6.764325
257	41	3.322386	0.512115	2.433279	6.267781
257	42	3.322386	0.499011	2.303253	6.124650
257	43	3.322386	0.597508	3.280590	7.200485
257	44	3.322386	0.631102	3.613924	7.567412
257	45	3.322386	0.675538	4.054842	8.052767
257	46	3.322386	0.673738	4.036979	8.033103
257	47	3.322386	0.490684	2.220622	6.033692
257	48	3.322386	0.490684	2.220622	6.033692
257	49	3.322386	0.557692	2.885509	6.765587
257	50	3.322386	0.625727	3.560593	7.508706
257	51	3.322386	0.599832	3.303644	7.225862
257	52	3.322386	0.588707	3.193257	7.104350
257	53	3.322386	0.599832	3.303644	7.225862
257	54	3.322386	0.536189	2.672149	6.530724
257	55	3.322386	0.512115	2.433279	6.267781
257	56	3.322386	0.604596	3.350915	7.277897
257	57	3.322386	0.599832	3.303644	7.225862
257	58	3.322386	0.681768	4.116652	8.120806
257	59	3.322386	0.699225	4.289875	8.311486
257	60	3.322386	0.597508	3.280590	7.200485
257	61	3.322386	0.495303	2.266455	6.084144
257	62	3.322386	0.745793	4.751946	8.820125
257	63	3.322386	0.557972	2.888286	6.768644
257	64	3.322386	0.585678	3.163206	7.071270
257	65	3.322386	0.603834	3.343359	7.269579
257	66	3.322386	0.574433	3.051622	6.948441
257	67	3.322386	0.585678	3.163206	7.071270
257	68	3.322386	0.542861	3.162060	7.027307
257	69	3.322386	0.490684	2.220622	6.033692
257	70	3.322386	0.568062	2.988408	6.878857
257	71	3.322386	0.571112	3.018673	6.912172
257	72	3.322386	0.490684	2.220622	6.033692
257	73	3.322386	0.646070	3.815411	7.783868
257	74	3.322386	0.626882	3.572052	7.521320
257	75	3.322386	0.582076	3.127468	7.031930
257	76	3.322386	0.571112	3.018673	6.912172
257	77	3.322386	0.541465	3.095248	6.959100
257	78	3.322386	0.595532	3.260975	7.178893
257	79	3.322386	0.559646	2.904904	6.786937
257	80	3.322386	0.746697	4.760912	8.829995
257	81	3.322386	0.557514	2.883744	6.763644
257	82	3.322386	0.673738	4.036979	8.033103
257	83	3.322386	0.499011	2.303253	6.124650
257	84	3.322386	0.595701	3.262657	7.180744
257	85	3.322386	0.529520	3.029681	6.881587
257	86	3.322386	0.625948	3.668711	7.617045
257	87	3.322386	0.714746	4.443877	8.481009
257	88	3.322386	0.681768	4.116652	8.120806
257	89	3.322386	0.490684	2.220622	6.033692
257	90	3.322386	0.557692	2.885509	6.765587
257	91	3.322386	0.586924	3.175571	7.084882
257	92	3.322386	0.624599	3.549393	7.496377
257	93	3.322386	0.554988	2.858679	6.736053
257	94	3.322386	0.495303	2.266455	6.084144
257	95	3.322386	0.555593	2.864683	6.742662
257	96	3.322386	0.583295	3.139563	7.045245
257	97	3.322386	0.599832	3.303644	7.225862
257	98	3.322386	0.536137	2.671631	6.530154
257	99	3.322386	0.608435	3.389006	7.319827
258	0	3.301755	0.567249	2.980339	6.849343
258	1	3.301755	0.567249	2.980339	6.849343
258	2	3.301755	0.594753	3.253247	7.149755
258	3	3.301755	0.586165	3.168035	7.055956
258	4	3.301755	0.558973	2.898219	6.758947
258	5	3.301755	0.621648	3.520117	7.443520
258	6	3.301755	0.649862	3.800067	7.751684
258	7	3.301755	0.507035	2.382872	6.191662
258	8	3.301755	0.524290	2.554077	6.380122
258	9	3.301755	0.543547	2.745157	6.590458
258	10	3.301755	0.563774	2.945861	6.811390
258	11	3.301755	0.586509	3.171454	7.059719
258	12	3.301755	0.612424	3.428588	7.342767
258	13	3.301755	0.612424	3.428588	7.342767
258	14	3.301755	0.567432	2.982162	6.851350
258	15	3.301755	0.580617	3.112990	6.995363
258	16	3.301755	0.590124	3.207319	7.099198
258	17	3.301755	0.639491	3.697166	7.638413
258	18	3.301755	0.559923	2.907647	6.769325
258	19	3.301755	0.543547	2.745157	6.590458
258	20	3.301755	0.562160	3.353559	7.217474
258	21	3.301755	0.629928	3.708205	7.639889
258	22	3.301755	0.696651	4.370262	8.368668
258	23	3.301755	0.609330	3.397891	7.308976
258	24	3.301755	0.670929	4.009103	7.981787
258	25	3.301755	0.590124	3.207319	7.099198
258	26	3.301755	0.694169	4.239709	8.235634
258	27	3.301755	0.652038	3.821664	7.775458
258	28	3.301755	0.518640	2.498019	6.318414
258	29	3.301755	0.507742	2.389881	6.199378
258	30	3.301755	0.458848	1.904734	5.665337
258	31	3.301755	0.536638	2.676609	6.515002
258	32	3.301755	0.538036	3.220114	7.059905
258	33	3.301755	0.503205	2.344866	6.149827
258	34	3.301755	0.606943	3.374210	7.282908
258	35	3.301755	0.602677	3.331879	7.236311
258	36	3.301755	0.594743	3.253148	7.149646
258	37	3.301755	0.581285	3.119612	7.002653
258	38	3.301755	0.694169	4.239709	8.235634
258	39	3.301755	0.706514	4.362198	8.370467
258	40	3.301755	0.581532	3.280960	7.164247
258	41	3.301755	0.581212	3.118892	7.001859
258	42	3.301755	0.632980	3.632557	7.567292
258	43	3.301755	0.518640	2.498019	6.318414
258	44	3.301755	0.621875	3.522368	7.445998
258	45	3.301755	0.623570	3.539182	7.464507
258	46	3.301755	0.758093	4.873991	8.933839
258	47	3.301755	0.621648	3.520117	7.443520
258	48	3.301755	0.652038	3.821664	7.775458
258	49	3.301755	0.625544	3.558770	7.486068
258	50	3.301755	0.512930	2.441363	6.256048
258	51	3.301755	0.528883	2.599654	6.430292
258	52	3.301755	0.591486	3.220829	7.114069
258	53	3.301755	0.516509	2.476878	6.295143
258	54	3.301755	0.652038	3.821664	7.775458
258	55	3.301755	0.621124	3.567879	7.490758
258	56	3.301755	0.563774	2.945861	6.811390
258	57	3.301755	0.623570	3.539182	7.464507
258	58	3.301755	0.682569	4.124608	8.108933
258	59	3.301755	0.609330	3.397891	7.308976
258	60	3.301755	0.543547	2.745157	6.590458
258	61	3.301755	0.649862	3.800067	7.751684
258	62	3.301755	0.598509	3.555335	7.455599
258	63	3.301755	0.592566	3.231546	7.125867
258	64	3.301755	0.530712	2.935584	6.768052
258	65	3.301755	0.481353	2.128041	5.911149
258	66	3.301755	0.639484	3.697099	7.638338
258	67	3.301755	0.543547	2.745157	6.590458
258	68	3.301755	0.570412	3.382476	7.254644
258	69	3.301755	0.559658	2.905016	6.766429
258	70	3.301755	0.702582	4.323183	8.327520
258	71	3.301755	0.524290	2.554077	6.380122
258	72	3.301755	0.559923	2.907647	6.769325
258	73	3.301755	0.481353	2.128041	5.911149
258	74	3.301755	0.645111	3.752930	7.699796
258	75	3.301755	0.770529	4.997391	9.069676
258	76	3.301755	0.611345	3.417882	7.330982
258	77	3.301755	0.725358	4.549180	8.576293
258	78	3.301755	0.518640	2.498019	6.318414
258	79	3.301755	0.584606	3.152564	7.038925
258	80	3.301755	0.543547	2.745157	6.590458
258	81	3.301755	0.552136	2.830383	6.684275
258	82	3.301755	0.625544	3.558770	7.486068
258	83	3.301755	0.639484	3.697099	7.638338
258	84	3.301755	0.606943	3.374210	7.282908
258	85	3.301755	0.516452	2.476311	6.294519
258	86	3.301755	0.516509	2.476878	6.295143
258	87	3.301755	0.594711	3.252838	7.149304
258	88	3.301755	0.507742	2.389881	6.199378
258	89	3.301755	0.753967	4.833054	8.888776
258	90	3.301755	0.602677	3.331879	7.236311
258	91	3.301755	0.480738	2.651576	6.434070
258	92	3.301755	0.638161	3.683962	7.623878
258	93	3.301755	0.623570	3.539182	7.464507
258	94	3.301755	0.670929	4.009103	7.981787
258	95	3.301755	0.558973	2.898219	6.758947
258	96	3.301755	0.536638	2.676609	6.515002
258	97	3.301755	0.507035	2.382872	6.191662
258	98	3.301755	0.481353	2.128041	5.911149
258	99	3.301755	0.649832	3.799767	7.751354
259	0	3.372811	0.656313	3.864076	7.893200
259	1	3.372811	0.536599	2.676221	6.585632
259	2	3.372811	0.610605	3.410545	7.393961
259	3	3.372811	0.557760	2.886190	6.816762
259	4	3.372811	0.530710	2.617786	6.521307
259	5	3.372811	0.554947	2.858280	6.786038
259	6	3.372811	0.701823	4.315649	8.390283
259	7	3.372811	0.554947	2.858280	6.786038
259	8	3.372811	0.604897	3.353905	7.331613
259	9	3.372811	0.602436	3.329482	7.304729
259	10	3.372811	0.656313	3.864076	7.893200
259	11	3.372811	0.669451	3.994442	8.036704
259	12	3.372811	0.544532	2.754930	6.672273
259	13	3.372811	0.554266	3.328194	7.255272
259	14	3.372811	0.667777	3.977836	8.018425
259	15	3.372811	0.565357	2.961569	6.899737
259	16	3.372811	0.501612	2.329055	6.203478
259	17	3.372811	0.522911	2.540397	6.436119
259	18	3.372811	0.639831	3.912392	7.925034
259	19	3.372811	0.586129	3.167678	7.126618
259	20	3.372811	0.601923	3.324392	7.299126
259	21	3.372811	0.605245	3.728108	7.706164
259	22	3.372811	0.582648	3.133143	7.088602
259	23	3.372811	0.553085	2.839804	6.765701
259	24	3.372811	0.652775	3.828976	7.854562
259	25	3.372811	0.598664	3.292056	7.263531
259	26	3.372811	0.560688	2.915236	6.848735
259	27	3.372811	0.542945	2.739184	6.654939
259	28	3.372811	0.653615	3.837304	7.863730
259	29	3.372811	0.671672	4.016480	8.060963
259	30	3.372811	0.553085	2.839804	6.765701
259	31	3.372811	0.601923	3.324392	7.299126
259	32	3.372811	0.594884	3.254552	7.222248
259	33	3.372811	0.598664	3.292056	7.263531
259	34	3.372811	0.658920	3.889944	7.921675
259	35	3.372811	0.562953	2.937712	6.873476
259	36	3.372811	0.544532	2.754930	6.672273
259	37	3.372811	0.610137	3.405896	7.388843
259	38	3.372811	0.583657	3.143148	7.099615
259	39	3.372811	0.600976	3.314996	7.288783
259	40	3.372811	0.572262	3.400827	7.345900
259	41	3.372811	0.751474	4.808311	8.932595
259	42	3.372811	0.568508	3.151721	7.093040
259	43	3.372811	0.610220	3.406720	7.389751
259	44	3.372811	0.602436	3.329482	7.304729
259	45	3.372811	0.610605	3.410545	7.393961
259	46	3.372811	0.562232	2.930556	6.865599
259	47	3.372811	0.457785	1.894181	5.724777
259	48	3.372811	0.719533	4.491376	8.583720
259	49	3.372811	0.601901	3.324174	7.298885
259	50	3.372811	0.589953	3.205620	7.168384
259	51	3.372811	0.604897	3.353905	7.331613
259	52	3.372811	0.610605	3.410545	7.393961
259	53	3.372811	0.537391	2.684077	6.594279
259	54	3.372811	0.515063	2.462528	6.350403
259	55	3.372811	0.517948	2.491155	6.381915
259	56	3.372811	0.666134	3.961533	8.000479
259	57	3.372811	0.563468	3.260610	7.196889
259	58	3.372811	0.669451	3.994442	8.036704
259	59	3.372811	0.536599	2.676221	6.585632
259	60	3.372811	0.501612	2.329055	6.203478
259	61	3.372811	0.648801	3.789539	7.811151
259	62	3.372811	0.505056	2.363234	6.241101
259	63	3.372811	0.609090	3.766252	7.748152
259	64	3.372811	0.542945	2.739184	6.654939
259	65	3.372811	0.557760	2.886190	6.816762
259	66	3.372811	0.517948	2.491155	6.381915
259	67	3.372811	0.598122	3.286679	7.257612
259	68	3.372811	0.601901	3.324174	7.298885
259	69	3.372811	0.664407	3.944394	7.981612
259	70	3.372811	0.529647	2.607236	6.509694
259	71	3.372811	0.600976	3.314996	7.288783
259	72	3.372811	0.557760	2.886190	6.816762
259	73	3.372811	0.653615	3.837304	7.863730
259	74	3.372811	0.656313	3.864076	7.893200
259	75	3.372811	0.562953	2.937712	6.873476
259	76	3.372811	0.515063	2.462528	6.350403
259	77	3.372811	0.603268	3.337736	7.313815
259	78	3.372811	0.583657	3.143148	7.099615
259	79	3.372811	0.636772	3.670188	7.679772
259	80	3.372811	0.619994	3.715562	7.708367
259	81	3.372811	0.714570	4.442136	8.529518
259	82	3.372811	0.586129	3.167678	7.126618
259	83	3.372811	0.671672	4.016480	8.060963
259	84	3.372811	0.580734	3.114149	7.067694
259	85	3.372811	0.610137	3.405896	7.388843
259	86	3.372811	0.565357	2.961569	6.899737
259	87	3.372811	0.610220	3.406720	7.389751
259	88	3.372811	0.621895	3.681463	7.676169
259	89	3.372811	0.598664	3.292056	7.263531
259	90	3.372811	0.630376	3.606719	7.609906
259	91	3.372811	0.603268	3.337736	7.313815
259	92	3.372811	0.515063	2.462521	6.350395
259	93	3.372811	0.640854	3.710691	7.724356
259	94	3.372811	0.666134	3.961533	8.000479
259	95	3.372811	0.701823	4.315649	8.390283
259	96	3.372811	0.586515	3.171504	7.130830
259	97	3.372811	0.501107	2.324050	6.197968
259	98	3.372811	0.495789	2.800916	6.669516
259	99	3.372811	0.613594	3.440201	7.426606
260	0	3.282670	0.597472	3.280232	7.160374
260	1	3.282670	0.671002	4.115757	8.069429
260	2	3.282670	0.499107	2.304199	6.085975
260	3	3.282670	0.582739	3.134041	6.999450
260	4	3.282670	0.577086	3.077948	6.937704
260	5	3.282670	0.481730	2.661421	6.425822
260	6	3.282670	0.666441	3.964576	7.913687
260	7	3.282670	0.637949	3.681865	7.602485
260	8	3.282670	0.519946	2.510977	6.313593
260	9	3.282670	0.542270	2.732486	6.557426
260	10	3.282670	0.669059	3.990549	7.942278
260	11	3.282670	0.561298	2.921289	6.765257
260	12	3.282670	0.499107	2.304199	6.085975
260	13	3.282670	0.713389	4.430421	8.426481
260	14	3.282670	0.569412	3.001808	6.853890
260	15	3.282670	0.716763	4.463890	8.463323
260	16	3.282670	0.576608	3.073202	6.932480
260	17	3.282670	0.552448	2.833475	6.668593
260	18	3.282670	0.601338	3.318592	7.202600
260	19	3.282670	0.584905	3.155531	7.023106
260	20	3.282670	0.636648	3.668953	7.588271
260	21	3.282670	0.659768	3.898363	7.840801
260	22	3.282670	0.559390	2.902358	6.744418
260	23	3.282670	0.635500	3.763491	7.681661
260	24	3.282670	0.537831	2.688437	6.508938
260	25	3.282670	0.434486	1.663001	5.380157
260	26	3.282670	0.593562	3.241432	7.117664
260	27	3.282670	0.760772	4.900572	8.944014
260	28	3.282670	0.505243	2.365084	6.152997
260	29	3.282670	0.519250	2.504071	6.305991
260	30	3.282670	0.568757	2.995301	6.846728
260	31	3.282670	0.594235	3.354035	7.230939
260	32	3.282670	0.587117	3.177478	7.047265
260	33	3.282670	0.519946	2.510977	6.313593
260	34	3.282670	0.569412	3.001808	6.853890
260	35	3.282670	0.557940	2.887971	6.728581
260	36	3.282670	0.648987	3.791384	7.723041
260	37	3.282670	0.553829	2.847186	6.683685
260	38	3.282670	0.514229	2.454248	6.251147
260	39	3.282670	0.568059	2.988377	6.839106
260	40	3.282670	0.676476	4.064150	8.023296
260	41	3.282670	0.597472	3.280232	7.160374
260	42	3.282670	0.568757	2.995301	6.846728
260	43	3.282670	0.555013	2.858926	6.696609
260	44	3.282670	0.597472	3.280232	7.160374
260	45	3.282670	0.648987	3.791384	7.723041
260	46	3.282670	0.553829	2.847186	6.683685
260	47	3.282670	0.505243	2.365084	6.152997
260	48	3.282670	0.713389	4.430421	8.426481
260	49	3.282670	0.559390	2.902358	6.744418
260	50	3.282670	0.581955	3.126259	6.990884
260	51	3.282670	0.514229	2.454248	6.251147
260	52	3.282670	0.708702	4.489832	8.481204
260	53	3.282670	0.613956	3.443795	7.340421
260	54	3.282670	0.644295	3.744829	7.671794
260	55	3.282670	0.664744	3.947737	7.895151
260	56	3.282670	0.434486	1.663001	5.380157
260	57	3.282670	0.557098	3.144436	6.984204
260	58	3.282670	0.557940	2.887971	6.728581
260	59	3.282670	0.635500	3.763491	7.681661
260	60	3.282670	0.531955	2.630132	6.444757
260	61	3.282670	0.479291	2.107582	5.869543
260	62	3.282670	0.582739	3.134041	6.999450
260	63	3.282670	0.659768	3.898363	7.840801
260	64	3.282670	0.574403	3.051325	6.908398
260	65	3.282670	0.622492	3.528490	7.433652
260	66	3.282670	0.553829	2.847186	6.683685
260	67	3.282670	0.621233	3.515995	7.419897
260	68	3.282670	0.596728	3.272846	7.152244
260	69	3.282670	0.574854	3.108768	6.966292
260	70	3.282670	0.456034	1.876814	5.615518
260	71	3.282670	0.644526	3.747121	7.674317
260	72	3.282670	0.548361	2.792925	6.623956
260	73	3.282670	0.621867	3.522288	7.426825
260	74	3.282670	0.565863	2.966588	6.815121
260	75	3.282670	0.582739	3.134041	6.999450
260	76	3.282670	0.434486	1.663001	5.380157
260	77	3.282670	0.581955	3.126259	6.990884
260	78	3.282670	0.568757	2.995301	6.846728
260	79	3.282670	0.666441	3.964576	7.913687
260	80	3.282670	0.598340	3.288846	7.169857
260	81	3.282670	0.514229	2.454248	6.251147
260	82	3.282670	0.581955	3.126259	6.990884
260	83	3.282670	0.712105	4.470644	8.465420
260	84	3.282670	0.555013	2.858926	6.696609
260	85	3.282670	0.629961	3.602603	7.515235
260	86	3.282670	0.559435	2.902811	6.744916
260	87	3.282670	0.576608	3.073202	6.932480
260	88	3.282670	0.713389	4.430421	8.426481
260	89	3.282670	0.568757	2.995301	6.846728
260	90	3.282670	0.537831	2.688437	6.508938
260	91	3.282670	0.625762	3.560934	7.469366
260	92	3.282670	0.559390	2.902358	6.744418
260	93	3.282670	0.604650	3.351450	7.238769
260	94	3.282670	0.548361	2.792925	6.623956
260	95	3.282670	0.512684	2.438919	6.234273
260	96	3.282670	0.479291	2.107582	5.869543
260	97	3.282670	0.568059	2.988377	6.839106
260	98	3.282670	0.704561	4.501712	8.488943
260	99	3.282670	0.676476	4.064150	8.023296
261	0	3.319386	0.672213	4.021848	8.013447
261	1	3.319386	0.556987	3.196298	7.072671
261	2	3.319386	0.605285	3.357756	7.282427
261	3	3.319386	0.671284	4.012633	8.003304
261	4	3.319386	0.533601	2.646469	6.499455
261	5	3.319386	0.647436	3.776001	7.742823
261	6	3.319386	0.553281	2.841747	6.714414
261	7	3.319386	0.671284	4.012633	8.003304
261	8	3.319386	0.512476	2.436854	6.268716
261	9	3.319386	0.647588	3.777501	7.744475
261	10	3.319386	0.553281	2.841747	6.714414
261	11	3.319386	0.646846	3.770140	7.736371
261	12	3.319386	0.599679	3.302127	7.221192
261	13	3.319386	0.601190	3.317125	7.237701
261	14	3.319386	0.715488	4.451239	8.486112
261	15	3.319386	0.604365	3.348628	7.272379
261	16	3.319386	0.601921	3.324379	7.245687
261	17	3.319386	0.524255	2.553733	6.397374
261	18	3.319386	0.509720	2.409510	6.238615
261	19	3.319386	0.568082	2.988611	6.876080
261	20	3.319386	0.471707	2.032329	5.823422
261	21	3.319386	0.647588	3.777501	7.744475
261	22	3.319386	0.643244	3.734405	7.697036
261	23	3.319386	0.647436	3.776001	7.742823
261	24	3.319386	0.672213	4.021848	8.013447
261	25	3.319386	0.666253	3.962712	7.948351
261	26	3.319386	0.522821	2.539507	6.381713
261	27	3.319386	0.554476	2.853605	6.727467
261	28	3.319386	0.561743	2.925709	6.806837
261	29	3.319386	0.534456	2.654954	6.508796
261	30	3.319386	0.574489	3.052184	6.946059
261	31	3.319386	0.602121	3.591182	7.512689
261	32	3.319386	0.568664	2.994382	6.882432
261	33	3.319386	0.653011	3.990207	7.962604
261	34	3.319386	0.588871	3.194888	7.103145
261	35	3.319386	0.516015	2.471977	6.307378
261	36	3.319386	0.623494	3.697328	7.640208
261	37	3.319386	0.588871	3.194888	7.103145
261	38	3.319386	0.598634	3.291757	7.209777
261	39	3.319386	0.471707	2.032329	5.823422
261	40	3.319386	0.620852	3.777035	7.717272
261	41	3.319386	0.546764	2.777079	6.643229
261	42	3.319386	0.518181	2.493465	6.331032
261	43	3.319386	0.561743	2.925709	6.806837
261	44	3.319386	0.513307	2.445098	6.277790
261	45	3.319386	0.609903	3.562468	7.491757
261	46	3.319386	0.568082	2.988611	6.876080
261	47	3.319386	0.715488	4.451239	8.486112
261	48	3.319386	0.603216	3.337226	7.259828
261	49	3.319386	0.522592	2.537234	6.379212
261	50	3.319386	0.513307	2.445098	6.277790
261	51	3.319386	0.529442	2.605203	6.454031
261	52	3.319386	0.485609	2.699907	6.504902
261	53	3.319386	0.647588	3.777501	7.744475
261	54	3.319386	0.504783	2.360523	6.184691
261	55	3.319386	0.595378	3.259450	7.174213
261	56	3.319386	0.546764	2.777079	6.643229
261	57	3.319386	0.561320	2.921508	6.802213
261	58	3.319386	0.561484	2.923137	6.804007
261	59	3.319386	0.553281	2.841747	6.714414
261	60	3.319386	0.622165	3.525246	7.466796
261	61	3.319386	0.513307	2.445098	6.277790
261	62	3.319386	0.598634	3.291757	7.209777
261	63	3.319386	0.496173	2.275095	6.090654
261	64	3.319386	0.516015	2.471977	6.307378
261	65	3.319386	0.647588	3.777501	7.744475
261	66	3.319386	0.671284	4.012633	8.003304
261	67	3.319386	0.666253	3.962712	7.948351
261	68	3.319386	0.666650	3.966652	7.952688
261	69	3.319386	0.561320	2.921508	6.802213
261	70	3.319386	0.568664	2.994382	6.882432
261	71	3.319386	0.592541	3.231301	7.143227
261	72	3.319386	0.561743	2.925709	6.806837
261	73	3.319386	0.603216	3.337226	7.259828
261	74	3.319386	0.471707	2.032329	5.823422
261	75	3.319386	0.451742	1.834228	5.605356
261	76	3.319386	0.561320	2.921508	6.802213
261	77	3.319386	0.592541	3.231301	7.143227
261	78	3.319386	0.530006	2.610801	6.460193
261	79	3.319386	0.647588	3.777501	7.744475
261	80	3.319386	0.504651	2.359212	6.183249
261	81	3.319386	0.561743	2.925709	6.806837
261	82	3.319386	0.549421	2.803439	6.672246
261	83	3.319386	0.674991	4.049411	8.043787
261	84	3.319386	0.578327	3.143230	7.040943
261	85	3.319386	0.554476	2.853605	6.727467
261	86	3.319386	0.601921	3.324379	7.245687
261	87	3.319386	0.674991	4.049411	8.043787
261	88	3.319386	0.515819	2.470029	6.305234
261	89	3.319386	0.549421	2.803439	6.672246
261	90	3.319386	0.524255	2.553733	6.397374
261	91	3.319386	0.529442	2.605203	6.454031
261	92	3.319386	0.621059	3.726125	7.666569
261	93	3.319386	0.513307	2.445098	6.277790
261	94	3.319386	0.530006	2.610801	6.460193
261	95	3.319386	0.663584	3.936228	7.919198
261	96	3.319386	0.595272	3.258404	7.173062
261	97	3.319386	0.529442	2.605203	6.454031
261	98	3.319386	0.594797	3.253684	7.167867
261	99	3.319386	0.620852	3.777035	7.717272
262	0	3.224450	0.659502	3.895718	7.779670
262	1	3.224450	0.531787	2.628470	6.384707
262	2	3.224450	0.548418	2.793495	6.566363
262	3	3.224450	0.582977	3.136404	6.943831
262	4	3.224450	0.432915	1.647413	5.304778
262	5	3.224450	0.553935	2.848233	6.626618
262	6	3.224450	0.635538	3.657935	7.517923
262	7	3.224450	0.575223	3.059468	6.859141
262	8	3.224450	0.558082	2.889385	6.671918
262	9	3.224450	0.600887	3.314115	7.139452
262	10	3.224450	0.535841	3.145369	6.905660
262	11	3.224450	0.614914	3.453297	7.292661
262	12	3.224450	0.595551	3.261173	7.081175
262	13	3.224450	0.543512	3.168526	6.936488
262	14	3.224450	0.553935	2.848233	6.626618
262	15	3.224450	0.643303	3.734984	7.602736
262	16	3.224450	0.600398	3.309266	7.134114
262	17	3.224450	0.572169	3.029157	6.825776
262	18	3.224450	0.600398	3.309266	7.134114
262	19	3.224450	0.589493	3.201056	7.014999
262	20	3.224450	0.508024	2.392684	6.125158
262	21	3.224450	0.677245	4.071782	7.973477
262	22	3.224450	0.674910	4.048603	7.947963
262	23	3.224450	0.667067	3.970784	7.862301
262	24	3.224450	0.531787	2.628470	6.384707
262	25	3.224450	0.582977	3.136404	6.943831
262	26	3.224450	0.742447	4.718743	8.685640
262	27	3.224450	0.542271	2.732497	6.499218
262	28	3.224450	0.669227	3.992220	7.885897
262	29	3.224450	0.680832	4.107368	8.012650
262	30	3.224450	0.515372	2.465594	6.205416
262	31	3.224450	0.632807	3.630837	7.488094
262	32	3.224450	0.572658	3.034011	6.831119
262	33	3.224450	0.719493	4.490979	8.434922
262	34	3.224450	0.558082	2.889385	6.671918
262	35	3.224450	0.495214	2.265571	5.985235
262	36	3.224450	0.592673	3.232612	7.049735
262	37	3.224450	0.632807	3.630837	7.488094
262	38	3.224450	0.572658	3.034011	6.831119
262	39	3.224450	0.689657	4.194938	8.109045
262	40	3.224450	0.542271	2.732497	6.499218
262	41	3.224450	0.742447	4.718743	8.685640
262	42	3.224450	0.594610	3.251835	7.070896
262	43	3.224450	0.674910	4.048603	7.947963
262	44	3.224450	0.589493	3.201056	7.014999
262	45	3.224450	0.648639	3.787939	7.661028
262	46	3.224450	0.632807	3.630837	7.488094
262	47	3.224450	0.689657	4.194938	8.109045
262	48	3.224450	0.592673	3.232612	7.049735
262	49	3.224450	0.506931	2.381833	6.113214
262	50	3.224450	0.648639	3.787939	7.661028
262	51	3.224450	0.548418	2.793495	6.566363
262	52	3.224450	0.659502	3.895718	7.779670
262	53	3.224450	0.454122	1.857838	5.536410
262	54	3.224450	0.677245	4.071782	7.973477
262	55	3.224450	0.746325	4.810186	8.780961
262	56	3.224450	0.689657	4.194938	8.109045
262	57	3.224450	0.742447	4.718743	8.685640
262	58	3.224450	0.634520	3.647837	7.506806
262	59	3.224450	0.572658	3.034011	6.831119
262	60	3.224450	0.508024	2.392684	6.125158
262	61	3.224450	0.526582	2.576821	6.327853
262	62	3.224450	0.584451	3.151030	6.959932
262	63	3.224450	0.600887	3.314115	7.139452
262	64	3.224450	0.508024	2.392684	6.125158
262	65	3.224450	0.538091	2.691020	6.453561
262	66	3.224450	0.548418	2.793495	6.566363
262	67	3.224450	0.648639	3.787939	7.661028
262	68	3.224450	0.539293	2.702949	6.466692
262	69	3.224450	0.520251	2.514004	6.258705
262	70	3.224450	0.572658	3.034011	6.831119
262	71	3.224450	0.605970	3.523443	7.353863
262	72	3.224450	0.589493	3.201056	7.014999
262	73	3.224450	0.606423	3.369048	7.199921
262	74	3.224450	0.634520	3.647837	7.506806
262	75	3.224450	0.515372	2.465594	6.205416
262	76	3.224450	0.520251	2.514004	6.258705
262	77	3.224450	0.660629	4.012832	7.897911
262	78	3.224450	0.549834	3.178292	6.952577
262	79	3.224450	0.542271	2.732497	6.499218
262	80	3.224450	0.548418	2.793495	6.566363
262	81	3.224450	0.526582	2.576821	6.327853
262	82	3.224450	0.719493	4.490979	8.434922
262	83	3.224450	0.546863	2.778062	6.549375
262	84	3.224450	0.735639	4.651191	8.611280
262	85	3.224450	0.580573	3.483293	7.288316
262	86	3.224450	0.572169	3.029157	6.825776
262	87	3.224450	0.533870	3.072845	6.831165
262	88	3.224450	0.649952	3.800958	7.675360
262	89	3.224450	0.520251	2.514004	6.258705
262	90	3.224450	0.600887	3.314115	7.139452
262	91	3.224450	0.595551	3.261173	7.081175
262	92	3.224450	0.491246	2.226203	5.941899
262	93	3.224450	0.635538	3.657935	7.517923
262	94	3.224450	0.491246	2.226203	5.941899
262	95	3.224450	0.589493	3.201056	7.014999
262	96	3.224450	0.547300	2.782399	6.554149
262	97	3.224450	0.508024	2.392684	6.125158
262	98	3.224450	0.648639	3.787939	7.661028
262	99	3.224450	0.582977	3.136404	6.943831
263	0	3.279210	0.521419	2.525599	6.326228
263	1	3.279210	0.515816	2.469997	6.265023
263	2	3.279210	0.652642	3.827650	7.759501
263	3	3.279210	0.568764	2.995379	6.843354
263	4	3.279210	0.610144	3.405972	7.295326
263	5	3.279210	0.493209	2.245682	6.018100
263	6	3.279210	0.595128	3.256972	7.131310
263	7	3.279210	0.674841	4.047920	8.001970
263	8	3.279210	0.585307	3.159521	7.024037
263	9	3.279210	0.643181	3.733782	7.656173
263	10	3.279210	0.585758	3.163998	7.028966
263	11	3.279210	0.509701	2.409323	6.198234
263	12	3.279210	0.553133	2.840274	6.672617
263	13	3.279210	0.671706	4.016821	7.967737
263	14	3.279210	0.542968	2.739415	6.561593
263	15	3.279210	0.558251	2.891059	6.728520
263	16	3.279210	0.629526	3.598283	7.507018
263	17	3.279210	0.487065	2.184714	5.950989
263	18	3.279210	0.751345	4.807038	8.837593
263	19	3.279210	0.577279	3.079864	6.936353
263	20	3.279210	0.487191	2.185962	5.952362
263	21	3.279210	0.671706	4.016821	7.967737
263	22	3.279210	0.594755	3.253274	7.127239
263	23	3.279210	0.505987	2.372472	6.157669
263	24	3.279210	0.526585	2.576854	6.382649
263	25	3.279210	0.692250	4.220666	8.192125
263	26	3.279210	0.610144	3.405972	7.295326
263	27	3.279210	0.558251	2.891059	6.728520
263	28	3.279210	0.572765	3.035076	6.887050
263	29	3.279210	0.553792	3.111638	6.944641
263	30	3.279210	0.549014	2.799408	6.627632
263	31	3.279210	0.608917	3.446761	7.334888
263	32	3.279210	0.542968	2.739415	6.561593
263	33	3.279210	0.566001	2.967956	6.813166
263	34	3.279210	0.540596	2.715874	6.535680
263	35	3.279210	0.450117	1.818104	5.547432
263	36	3.279210	0.576356	3.123675	6.979241
263	37	3.279210	0.521419	2.525599	6.326228
263	38	3.279210	0.596385	3.269440	7.145035
263	39	3.279210	0.487191	2.185962	5.952362
263	40	3.279210	0.674841	4.047920	8.001970
263	41	3.279210	0.643181	3.733782	7.656173
263	42	3.279210	0.530903	2.619700	6.429813
263	43	3.279210	0.505987	2.372472	6.157669
263	44	3.279210	0.718921	4.485303	8.483434
263	45	3.279210	0.692250	4.220666	8.192125
263	46	3.279210	0.594755	3.253274	7.127239
263	47	3.279210	0.542968	2.739415	6.561593
263	48	3.279210	0.607825	3.382958	7.269993
263	49	3.279210	0.509701	2.409323	6.198234
263	50	3.279210	0.697055	4.268344	8.244609
263	51	3.279210	0.631720	3.620053	7.530982
263	52	3.279210	0.493748	2.251028	6.023986
263	53	3.279210	0.596505	3.535449	7.411163
263	54	3.279210	0.450117	1.818104	5.547432
263	55	3.279210	0.619521	3.499007	7.397738
263	56	3.279210	0.487191	2.185962	5.952362
263	57	3.279210	0.676924	4.068590	8.024723
263	58	3.279210	0.652993	3.831141	7.763344
263	59	3.279210	0.718921	4.485303	8.483434
263	60	3.279210	0.671260	4.012389	7.962859
263	61	3.279210	0.596385	3.269440	7.145035
263	62	3.279210	0.493748	2.251028	6.023986
263	63	3.279210	0.495508	2.586273	6.360990
263	64	3.279210	0.665580	3.956035	7.900825
263	65	3.279210	0.558251	2.891059	6.728520
263	66	3.279210	0.652642	3.827650	7.759501
263	67	3.279210	0.553133	2.840274	6.672617
263	68	3.279210	0.621017	3.672748	7.572975
263	69	3.279210	0.631720	3.620053	7.530982
263	70	3.279210	0.665580	3.956035	7.900825
263	71	3.279210	0.487065	2.184714	5.950989
263	72	3.279210	0.718921	4.485303	8.483434
263	73	3.279210	0.545616	2.765691	6.590516
263	74	3.279210	0.549014	2.799408	6.627632
263	75	3.279210	0.510417	2.946064	6.735691
263	76	3.279210	0.574790	3.055170	6.909170
263	77	3.279210	0.595128	3.256972	7.131310
263	78	3.279210	0.522088	2.902974	6.704271
263	79	3.279210	0.652993	3.831141	7.763344
263	80	3.279210	0.595876	3.264394	7.139479
263	81	3.279210	0.595340	3.259073	7.133623
263	82	3.279210	0.671260	4.012389	7.962859
263	83	3.279210	0.510788	2.420108	6.210106
263	84	3.279210	0.530903	2.619700	6.429813
263	85	3.279210	0.580239	3.215161	7.074610
263	86	3.279210	0.676924	4.068590	8.024723
263	87	3.279210	0.435028	1.668383	5.382621
263	88	3.279210	0.608123	3.491845	7.379178
263	89	3.279210	0.594755	3.253274	7.127239
263	90	3.279210	0.561390	2.922204	6.762804
263	91	3.279210	0.692250	4.220666	8.192125
263	92	3.279210	0.595876	3.264394	7.139479
263	93	3.279210	0.572765	3.035076	6.887050
263	94	3.279210	0.515816	2.469997	6.265023
263	95	3.279210	0.545616	2.765691	6.590516
263	96	3.279210	0.526585	2.576854	6.382649
263	97	3.279210	0.487065	2.184714	5.950989
263	98	3.279210	0.510788	2.420108	6.210106
263	99	3.279210	0.521419	2.525599	6.326228
264	0	3.302124	0.546676	2.776209	6.625008
264	1	3.302124	0.612316	3.427519	7.341958
264	2	3.302124	0.530233	2.613046	6.445403
264	3	3.302124	0.553456	2.843483	6.699063
264	4	3.302124	0.618633	3.490195	7.410951
264	5	3.302124	0.567859	2.986395	6.856377
264	6	3.302124	0.670279	4.002659	7.975062
264	7	3.302124	0.623370	3.537202	7.462695
264	8	3.302124	0.573036	3.037767	6.912927
264	9	3.302124	0.522738	2.538678	6.363539
264	10	3.302124	0.658897	3.889723	7.850745
264	11	3.302124	0.628450	3.587609	7.518183
264	12	3.302124	0.699426	4.291865	8.293414
264	13	3.302124	0.670279	4.002659	7.975062
264	14	3.302124	0.573036	3.037767	6.912927
264	15	3.302124	0.558434	3.263622	7.124180
264	16	3.302124	0.659985	4.165337	8.127446
264	17	3.302124	0.567226	2.980117	6.849467
264	18	3.302124	0.670279	4.002659	7.975062
264	19	3.302124	0.585061	3.157086	7.044271
264	20	3.302124	0.573036	3.037767	6.912927
264	21	3.302124	0.575508	3.062289	6.939921
264	22	3.302124	0.610408	3.408590	7.321122
264	23	3.302124	0.667673	3.976796	7.946593
264	24	3.302124	0.569491	3.002593	6.874208
264	25	3.302124	0.601217	3.317387	7.220728
264	26	3.302124	0.513313	2.445161	6.260597
264	27	3.302124	0.608770	3.392332	7.303225
264	28	3.302124	0.526569	2.576693	6.405386
264	29	3.302124	0.578659	3.093559	6.974341
264	30	3.302124	0.619895	3.502727	7.424746
264	31	3.302124	0.646884	3.770520	7.719527
264	32	3.302124	0.631626	3.619122	7.552872
264	33	3.302124	0.542389	2.733669	6.578182
264	34	3.302124	0.565238	2.960392	6.827754
264	35	3.302124	0.505513	2.367764	6.175400
264	36	3.302124	0.567226	2.980117	6.849467
264	37	3.302124	0.603520	3.340242	7.245886
264	38	3.302124	0.650870	3.810072	7.763066
264	39	3.302124	0.618306	3.486951	7.407380
264	40	3.302124	0.611555	3.419969	7.333648
264	41	3.302124	0.604220	3.347190	7.253534
264	42	3.302124	0.631626	3.619122	7.552872
264	43	3.302124	0.565238	2.960392	6.827754
264	44	3.302124	0.706054	4.357631	8.365809
264	45	3.302124	0.591660	3.222563	7.116347
264	46	3.302124	0.530233	2.613046	6.445403
264	47	3.302124	0.532168	2.632250	6.466541
264	48	3.302124	0.634728	3.702870	7.639722
264	49	3.302124	0.615733	3.779206	7.697063
264	50	3.302124	0.667673	3.976796	7.946593
264	51	3.302124	0.546676	2.776209	6.625008
264	52	3.302124	0.567859	2.986395	6.856377
264	53	3.302124	0.689051	4.188918	8.180092
264	54	3.302124	0.530233	2.613046	6.445403
264	55	3.302124	0.632014	3.622973	7.557110
264	56	3.302124	0.505513	2.367764	6.175400
264	57	3.302124	0.599121	3.720304	7.621549
264	58	3.302124	0.587121	3.495305	7.384549
264	59	3.302124	0.632014	3.622973	7.557110
264	60	3.302124	0.606000	3.364850	7.272973
264	61	3.302124	0.651566	3.816981	7.770671
264	62	3.302124	0.505513	2.367764	6.175400
264	63	3.302124	0.535450	2.664812	6.502386
264	64	3.302124	0.604220	3.347190	7.253534
264	65	3.302124	0.648661	3.788152	7.738937
264	66	3.302124	0.583463	3.141221	7.026807
264	67	3.302124	0.615576	3.459866	7.377566
264	68	3.302124	0.611555	3.419969	7.333648
264	69	3.302124	0.731310	4.714164	8.747597
264	70	3.302124	0.689051	4.188918	8.180092
264	71	3.302124	0.567859	2.986395	6.856377
264	72	3.302124	0.631626	3.619122	7.552872
264	73	3.302124	0.515038	2.462277	6.279439
264	74	3.302124	0.706054	4.357631	8.365809
264	75	3.302124	0.650870	3.810072	7.763066
264	76	3.302124	0.697373	4.271501	8.270998
264	77	3.302124	0.543331	3.113761	6.959216
264	78	3.302124	0.525856	2.569617	6.397597
264	79	3.302124	0.611555	3.419969	7.333648
264	80	3.302124	0.731310	4.714164	8.747597
264	81	3.302124	0.546676	2.776209	6.625008
264	82	3.302124	0.571239	3.019933	6.893296
264	83	3.302124	0.651566	3.816981	7.770671
264	84	3.302124	0.567859	2.986395	6.856377
264	85	3.302124	0.535450	2.664812	6.502386
264	86	3.302124	0.525856	2.569617	6.397597
264	87	3.302124	0.578659	3.093559	6.974341
264	88	3.302124	0.619895	3.502727	7.424746
264	89	3.302124	0.463452	1.950419	5.715995
264	90	3.302124	0.532168	2.632250	6.466541
264	91	3.302124	0.583463	3.141221	7.026807
264	92	3.302124	0.699426	4.291865	8.293414
264	93	3.302124	0.582303	3.129714	7.014140
264	94	3.302124	0.525856	2.569617	6.397597
264	95	3.302124	0.512765	2.439726	6.254615
264	96	3.302124	0.605607	3.360951	7.268682
264	97	3.302124	0.601217	3.317387	7.220728
264	98	3.302124	0.615576	3.459866	7.377566
264	99	3.302124	0.525856	2.569617	6.397597
265	0	3.233365	0.514352	2.455468	6.203185
265	1	3.233365	0.666564	3.965799	7.865729
265	2	3.233365	0.511608	2.428240	6.173213
265	3	3.233365	0.515035	2.462250	6.210650
265	4	3.233365	0.528652	2.597363	6.359380
265	5	3.233365	0.537041	2.680599	6.451005
265	6	3.233365	0.510526	2.417509	6.161400
265	7	3.233365	0.491680	2.760146	6.485191
265	8	3.233365	0.534658	2.656953	6.424976
265	9	3.233365	0.749567	4.789390	8.772322
265	10	3.233365	0.452798	1.844703	5.530866
265	11	3.233365	0.619839	3.502166	7.355370
265	12	3.233365	0.645128	3.753092	7.631584
265	13	3.233365	0.452798	1.844703	5.530866
265	14	3.233365	0.534658	2.656953	6.424976
265	15	3.233365	0.536216	2.672422	6.442004
265	16	3.233365	0.655262	3.853653	7.742281
265	17	3.233365	0.570707	3.014651	6.818723
265	18	3.233365	0.610067	3.405199	7.248631
265	19	3.233365	0.528950	2.600317	6.362632
265	20	3.233365	0.634347	3.752050	7.619763
265	21	3.233365	0.610067	3.405199	7.248631
265	22	3.233365	0.674138	4.040948	7.948452
265	23	3.233365	0.702704	4.324395	8.260465
265	24	3.233365	0.570707	3.014651	6.818723
265	25	3.233365	0.501016	2.587966	6.322347
265	26	3.233365	0.652041	3.927621	7.813027
265	27	3.233365	0.619839	3.502166	7.355370
265	28	3.233365	0.674971	4.049213	7.957549
265	29	3.233365	0.511608	2.428240	6.173213
265	30	3.233365	0.594011	3.245891	7.073267
265	31	3.233365	0.529451	2.605293	6.368109
265	32	3.233365	0.563468	2.942827	6.739661
265	33	3.233365	0.556956	2.878214	6.668536
265	34	3.233365	0.563468	2.942827	6.739661
265	35	3.233365	0.596976	3.275307	7.105648
265	36	3.233365	0.532088	2.631460	6.396913
265	37	3.233365	0.563468	2.942827	6.739661
265	38	3.233365	0.509504	2.407367	6.150236
265	39	3.233365	0.584577	3.364137	7.182079
265	40	3.233365	0.577902	3.086050	6.897318
265	41	3.233365	0.681074	4.109766	8.024205
265	42	3.233365	0.528652	2.597363	6.359380
265	43	3.233365	0.560707	3.339140	7.133213
265	44	3.233365	0.706605	4.363102	8.303072
265	45	3.233365	0.674971	4.049213	7.957549
265	46	3.233365	0.639672	3.698957	7.571994
265	47	3.233365	0.629220	3.595251	7.457837
265	48	3.233365	0.648210	3.783676	7.665251
265	49	3.233365	0.563468	2.942827	6.739661
265	50	3.233365	0.521919	2.954260	6.709544
265	51	3.233365	0.528005	2.590941	6.352311
265	52	3.233365	0.545476	2.764303	6.543145
265	53	3.233365	0.681074	4.109766	8.024205
265	54	3.233365	0.591785	3.223805	7.048956
265	55	3.233365	0.681074	4.109766	8.024205
265	56	3.233365	0.620987	3.778381	7.632734
265	57	3.233365	0.596976	3.275307	7.105648
265	58	3.233365	0.755938	4.852604	8.841907
265	59	3.233365	0.592440	3.230297	7.056102
265	60	3.233365	0.571639	3.023904	6.828909
265	61	3.233365	0.619839	3.502166	7.355370
265	62	3.233365	0.571639	3.023904	6.828909
265	63	3.233365	0.597767	3.283157	7.114289
265	64	3.233365	0.639848	3.700701	7.573914
265	65	3.233365	0.529091	2.601722	6.364179
265	66	3.233365	0.610067	3.405199	7.248631
265	67	3.233365	0.545476	2.764303	6.543145
265	68	3.233365	0.432649	1.644775	5.310789
265	69	3.233365	0.592440	3.230297	7.056102
265	70	3.233365	0.517806	2.489748	6.240919
265	71	3.233365	0.568182	2.989596	6.791143
265	72	3.233365	0.602668	3.331784	7.167817
265	73	3.233365	0.560060	2.909008	6.702433
265	74	3.233365	0.586863	3.174958	6.995186
265	75	3.233365	0.499718	2.892864	6.625947
265	76	3.233365	0.532088	2.631460	6.396913
265	77	3.233365	0.551578	2.824850	6.609793
265	78	3.233365	0.602363	3.328760	7.164488
265	79	3.233365	0.645128	3.753092	7.631584
265	80	3.233365	0.655839	3.859379	7.748584
265	81	3.233365	0.551578	2.824850	6.609793
265	82	3.233365	0.666564	3.965799	7.865729
265	83	3.233365	0.706605	4.363102	8.303072
265	84	3.233365	0.597767	3.283157	7.114289
265	85	3.233365	0.577838	3.085412	6.896615
265	86	3.233365	0.556956	2.878214	6.668536
265	87	3.233365	0.514352	2.455468	6.203185
265	88	3.233365	0.497508	2.765007	6.495880
265	89	3.233365	0.551578	2.824850	6.609793
265	90	3.233365	0.610067	3.405199	7.248631
265	91	3.233365	0.536216	2.672422	6.442004
265	92	3.233365	0.564168	2.949770	6.747303
265	93	3.233365	0.655262	3.853653	7.742281
265	94	3.233365	0.602363	3.328760	7.164488
265	95	3.233365	0.517806	2.489748	6.240919
265	96	3.233365	0.706605	4.363102	8.303072
265	97	3.233365	0.591152	3.217522	7.042039
265	98	3.233365	0.517806	2.489748	6.240919
265	99	3.233365	0.584382	3.150348	6.968095
266	0	3.403704	0.516980	2.481551	6.402235
266	1	3.403704	0.704010	4.337349	8.445062
266	2	3.403704	0.729809	4.593343	8.726855
266	3	3.403704	0.581780	3.124528	7.110012
266	4	3.403704	0.577910	3.086123	7.067737
266	5	3.403704	0.596623	3.271810	7.272138
266	6	3.403704	0.549506	2.804289	6.757499
266	7	3.403704	0.638689	3.689203	7.731596
266	8	3.403704	0.592382	3.229725	7.225810
266	9	3.403704	0.628019	3.848148	7.879871
266	10	3.403704	0.607610	3.380819	7.392132
266	11	3.403704	0.474931	2.064313	5.942947
266	12	3.403704	0.634588	3.648516	7.686809
266	13	3.403704	0.580649	3.113299	7.097651
266	14	3.403704	0.617004	3.474040	7.494748
266	15	3.403704	0.666354	4.122598	8.192655
266	16	3.403704	0.723741	4.533137	8.660582
266	17	3.403704	0.549506	2.804289	6.757499
266	18	3.403704	0.549254	2.801786	6.754743
266	19	3.403704	0.643733	3.739259	7.786696
266	20	3.403704	0.582444	3.131114	7.117262
266	21	3.403704	0.640382	3.706004	7.750090
266	22	3.403704	0.549254	2.801786	6.754743
266	23	3.403704	0.644901	3.909734	7.958338
266	24	3.403704	0.658317	3.883967	7.945988
266	25	3.403704	0.549506	2.804289	6.757499
266	26	3.403704	0.501716	2.330091	6.235510
266	27	3.403704	0.586509	3.171453	7.161666
266	28	3.403704	0.492889	2.242501	6.139093
266	29	3.403704	0.643733	3.739259	7.786696
266	30	3.403704	0.621266	3.516323	7.541292
266	31	3.403704	0.643660	3.844458	7.891822
266	32	3.403704	0.595072	3.256416	7.255191
266	33	3.403704	0.492889	2.242501	6.139093
266	34	3.403704	0.666770	3.967843	8.038318
266	35	3.403704	0.666770	3.967843	8.038318
266	36	3.403704	0.598134	3.498655	7.500493
266	37	3.403704	0.550281	2.811975	6.765960
266	38	3.403704	0.672033	4.020060	8.095797
266	39	3.403704	0.593288	3.238719	7.235711
266	40	3.403704	0.607610	3.380819	7.392132
266	41	3.403704	0.579666	3.103545	7.086915
266	42	3.403704	0.512238	2.434498	6.350441
266	43	3.403704	0.582444	3.131114	7.117262
266	44	3.403704	0.571174	3.019284	6.994161
266	45	3.403704	0.536534	2.675577	6.615815
266	46	3.403704	0.582444	3.131114	7.117262
266	47	3.403704	0.638689	3.689203	7.731596
266	48	3.403704	0.641510	3.717197	7.762410
266	49	3.403704	0.579666	3.103545	7.086915
266	50	3.403704	0.549506	2.804289	6.757499
266	51	3.403704	0.550281	2.811975	6.765960
266	52	3.403704	0.511273	2.424916	6.339892
266	53	3.403704	0.595617	3.261823	7.261144
266	54	3.403704	0.516980	2.481551	6.402235
266	55	3.403704	0.679716	4.096297	8.179717
266	56	3.403704	0.554492	2.853765	6.811961
266	57	3.403704	0.595617	3.261823	7.261144
266	58	3.403704	0.550635	2.815491	6.769830
266	59	3.403704	0.496361	2.276956	6.177020
266	60	3.403704	0.492889	2.242501	6.139093
266	61	3.403704	0.635040	3.652995	7.691739
266	62	3.403704	0.629755	3.600563	7.634022
266	63	3.403704	0.536848	2.678687	6.619239
266	64	3.403704	0.587462	3.180903	7.172069
266	65	3.403704	0.635040	3.652995	7.691739
266	66	3.403704	0.582444	3.131114	7.117262
266	67	3.403704	0.584725	3.153744	7.142172
266	68	3.403704	0.704010	4.337349	8.445062
266	69	3.403704	0.606947	3.374242	7.384892
266	70	3.403704	0.593288	3.238719	7.235711
266	71	3.403704	0.570830	3.015875	6.990409
266	72	3.403704	0.474931	2.064313	5.942947
266	73	3.403704	0.586509	3.171453	7.161666
266	74	3.403704	0.511273	2.424916	6.339892
266	75	3.403704	0.635040	3.652995	7.691739
266	76	3.403704	0.652936	3.830571	7.887211
266	77	3.403704	0.577910	3.086123	7.067737
266	78	3.403704	0.577910	3.086123	7.067737
266	79	3.403704	0.536848	2.678687	6.619239
266	80	3.403704	0.521033	2.521766	6.446503
266	81	3.403704	0.658317	3.883967	7.945988
266	82	3.403704	0.665371	3.953953	8.023028
266	83	3.403704	0.510272	2.414983	6.328958
266	84	3.403704	0.631831	3.621156	7.656691
266	85	3.403704	0.666354	4.122598	8.192655
266	86	3.403704	0.605057	3.673274	7.682035
266	87	3.403704	0.573514	3.254364	7.231582
266	88	3.403704	0.679716	4.096297	8.179717
266	89	3.403704	0.553408	2.843000	6.800112
266	90	3.403704	0.549254	2.801786	6.754743
266	91	3.403704	0.621266	3.516323	7.541292
266	92	3.403704	0.600357	3.308858	7.312919
266	93	3.403704	0.731318	4.608314	8.743335
266	94	3.403704	0.585175	3.158211	7.147089
266	95	3.403704	0.496361	2.276956	6.177020
266	96	3.403704	0.643660	3.844458	7.891822
266	97	3.403704	0.630798	3.610905	7.645406
266	98	3.403704	0.644901	3.909734	7.958338
266	99	3.403704	0.596623	3.271810	7.272138
267	0	3.347678	0.599189	3.297271	7.244139
267	1	3.347678	0.650998	3.811338	7.810014
267	2	3.347678	0.635050	3.917913	7.900641
267	3	3.347678	0.681698	4.115962	8.145338
267	4	3.347678	0.547661	2.785982	6.681322
267	5	3.347678	0.671113	4.010932	8.029723
267	6	3.347678	0.569960	3.007242	6.924880
267	7	3.347678	0.517641	2.488111	6.353431
267	8	3.347678	0.582879	3.135435	7.065992
267	9	3.347678	0.628151	3.584646	7.560475
267	10	3.347678	0.638248	3.684826	7.670752
267	11	3.347678	0.582598	3.132642	7.062918
267	12	3.347678	0.515307	2.464943	6.327928
267	13	3.347678	0.507422	2.916341	6.771441
267	14	3.347678	0.563167	2.939834	6.850679
267	15	3.347678	0.546952	2.778942	6.673572
267	16	3.347678	0.560770	2.916050	6.824498
267	17	3.347678	0.581444	3.386007	7.315129
267	18	3.347678	0.560770	2.916050	6.824498
267	19	3.347678	0.498597	2.299146	6.145422
267	20	3.347678	0.557389	2.882502	6.787569
267	21	3.347678	0.580666	3.113472	7.041816
267	22	3.347678	0.681698	4.115962	8.145338
267	23	3.347678	0.639051	3.692798	7.679528
267	24	3.347678	0.671113	4.010932	8.029723
267	25	3.347678	0.596920	3.274751	7.219349
267	26	3.347678	0.609361	3.398194	7.355233
267	27	3.347678	0.599189	3.297271	7.244139
267	28	3.347678	0.514452	2.880171	6.742301
267	29	3.347678	0.621680	3.520438	7.489797
267	30	3.347678	0.557389	2.882502	6.787569
267	31	3.347678	0.650998	3.811338	7.810014
267	32	3.347678	0.623997	3.543423	7.515098
267	33	3.347678	0.434149	1.659654	5.441481
267	34	3.347678	0.581444	3.386007	7.315129
267	35	3.347678	0.569786	3.005513	6.922977
267	36	3.347678	0.628109	3.637193	7.612981
267	37	3.347678	0.434149	1.659654	5.441481
267	38	3.347678	0.628898	3.592051	7.568627
267	39	3.347678	0.587358	3.179875	7.114912
267	40	3.347678	0.495114	2.264580	6.107372
267	41	3.347678	0.498597	2.299146	6.145422
267	42	3.347678	0.584708	3.153582	7.085969
267	43	3.347678	0.550186	2.811037	6.708901
267	44	3.347678	0.513397	2.445994	6.307070
267	45	3.347678	0.681422	4.113224	8.142325
267	46	3.347678	0.599189	3.297271	7.244139
267	47	3.347678	0.616636	3.470384	7.434698
267	48	3.347678	0.495114	2.264580	6.107372
267	49	3.347678	0.557389	2.882502	6.787569
267	50	3.347678	0.455678	1.873283	5.676640
267	51	3.347678	0.661690	3.917435	7.926804
267	52	3.347678	0.513397	2.445994	6.307070
267	53	3.347678	0.569960	3.007242	6.924880
267	54	3.347678	0.659166	3.892384	7.899228
267	55	3.347678	0.584708	3.153582	7.085969
267	56	3.347678	0.594015	3.563713	7.505406
267	57	3.347678	0.581503	3.121775	7.050956
267	58	3.347678	0.750401	4.797667	8.895746
267	59	3.347678	0.668166	3.981695	7.997539
267	60	3.347678	0.671113	4.010932	8.029723
267	61	3.347678	0.598701	3.292426	7.238805
267	62	3.347678	0.665599	3.956217	7.969494
267	63	3.347678	0.625485	3.823010	7.796174
267	64	3.347678	0.519344	2.505000	6.372022
267	65	3.347678	0.628151	3.584646	7.560475
267	66	3.347678	0.623997	3.543423	7.515098
267	67	3.347678	0.681422	4.113224	8.142325
267	68	3.347678	0.582879	3.135435	7.065992
267	69	3.347678	0.546952	2.778942	6.673572
267	70	3.347678	0.661690	3.917435	7.926804
267	71	3.347678	0.568742	2.995157	6.911577
267	72	3.347678	0.515307	2.464943	6.327928
267	73	3.347678	0.575802	3.382991	7.306471
267	74	3.347678	0.539162	2.701652	6.588492
267	75	3.347678	0.654601	3.847088	7.849367
267	76	3.347678	0.628151	3.584646	7.560475
267	77	3.347678	0.578672	3.093690	7.020041
267	78	3.347678	0.598701	3.292426	7.238805
267	79	3.347678	0.624459	3.548003	7.520140
267	80	3.347678	0.584708	3.153582	7.085969
267	81	3.347678	0.681422	4.113224	8.142325
267	82	3.347678	0.533876	2.649196	6.530751
267	83	3.347678	0.519344	2.505000	6.372022
267	84	3.347678	0.665599	3.956217	7.969494
267	85	3.347678	0.568742	2.995157	6.911577
267	86	3.347678	0.526587	2.576877	6.451143
267	87	3.347678	0.668166	3.981695	7.997539
267	88	3.347678	0.599189	3.297271	7.244139
267	89	3.347678	0.455678	1.873283	5.676640
267	90	3.347678	0.606263	3.367461	7.321403
267	91	3.347678	0.671113	4.010932	8.029723
267	92	3.347678	0.546952	2.778942	6.673572
267	93	3.347678	0.507699	2.389458	6.244836
267	94	3.347678	0.517641	2.488111	6.353431
267	95	3.347678	0.606263	3.367461	7.321403
267	96	3.347678	0.625485	3.823010	7.796174
267	97	3.347678	0.606263	3.367461	7.321403
267	98	3.347678	0.546952	2.778942	6.673572
267	99	3.347678	0.599189	3.297271	7.244139
268	0	3.321894	0.675365	4.053125	8.050384
268	1	3.321894	0.524453	2.555698	6.402044
268	2	3.321894	0.596535	3.270935	7.189364
268	3	3.321894	0.635498	3.657541	7.614932
268	4	3.321894	0.656730	3.868213	7.846836
268	5	3.321894	0.569867	3.006320	6.898081
268	6	3.321894	0.563413	2.942276	6.827582
268	7	3.321894	0.609124	3.395842	7.326859
268	8	3.321894	0.512165	2.433766	6.267825
268	9	3.321894	0.506141	2.373994	6.202029
268	10	3.321894	0.687228	4.170835	8.179957
268	11	3.321894	0.435130	1.669394	5.426417
268	12	3.321894	0.559475	2.903208	6.784577
268	13	3.321894	0.656730	3.868213	7.846836
268	14	3.321894	0.504144	2.354183	6.180220
268	15	3.321894	0.539971	2.709681	6.571546
268	16	3.321894	0.534892	2.659284	6.516070
268	17	3.321894	0.513171	2.443754	6.278818
268	18	3.321894	0.525798	2.569046	6.416738
268	19	3.321894	0.618809	3.491949	7.432651
268	20	3.321894	0.598599	3.291413	7.211906
268	21	3.321894	0.624825	3.657562	7.604281
268	22	3.321894	0.609967	3.404215	7.336076
268	23	3.321894	0.539971	2.709681	6.571546
268	24	3.321894	0.435130	1.669394	5.426417
268	25	3.321894	0.644855	3.962243	7.928991
268	26	3.321894	0.585384	3.160290	7.067568
268	27	3.321894	0.609967	3.404215	7.336076
268	28	3.321894	0.689189	4.190292	8.201375
268	29	3.321894	0.569401	3.001699	6.892994
268	30	3.321894	0.519621	2.507749	6.349263
268	31	3.321894	0.519621	2.507749	6.349263
268	32	3.321894	0.651228	3.813624	7.786746
268	33	3.321894	0.621391	3.517570	7.460855
268	34	3.321894	0.558188	2.890437	6.770519
268	35	3.321894	0.539399	2.704001	6.565294
268	36	3.321894	0.684801	4.146747	8.153441
268	37	3.321894	0.486745	2.181537	5.990175
268	38	3.321894	0.634381	3.805346	7.761620
268	39	3.321894	0.539971	2.709681	6.571546
268	40	3.321894	0.635730	3.659844	7.617468
268	41	3.321894	0.435130	1.669394	5.426417
268	42	3.321894	0.586618	3.172528	7.081040
268	43	3.321894	0.654580	3.846879	7.823353
268	44	3.321894	0.513608	2.448084	6.283586
268	45	3.321894	0.563413	2.942276	6.827582
268	46	3.321894	0.739719	4.691675	8.753287
268	47	3.321894	0.599461	3.299966	7.221321
268	48	3.321894	0.539399	2.704001	6.565294
268	49	3.321894	0.599461	3.299966	7.221321
268	50	3.321894	0.670414	4.003993	7.996300
268	51	3.321894	0.594402	3.355700	7.271996
268	52	3.321894	0.689189	4.190292	8.201375
268	53	3.321894	0.618809	3.491949	7.432651
268	54	3.321894	0.559475	2.903208	6.784577
268	55	3.321894	0.653432	4.047345	8.022670
268	56	3.321894	0.643105	3.733021	7.698020
268	57	3.321894	0.573267	3.040058	6.935219
268	58	3.321894	0.620315	3.559850	7.502059
268	59	3.321894	0.573267	3.040058	6.935219
268	60	3.321894	0.618809	3.491949	7.432651
268	61	3.321894	0.631882	3.621665	7.575440
268	62	3.321894	0.739719	4.691675	8.753287
268	63	3.321894	0.651228	3.813624	7.786746
268	64	3.321894	0.559818	2.906607	6.788318
268	65	3.321894	0.534892	2.659284	6.516070
268	66	3.321894	0.572596	3.033394	6.927883
268	67	3.321894	0.513171	2.443754	6.278818
268	68	3.321894	0.531372	2.624355	6.477621
268	69	3.321894	0.512213	2.752034	6.586141
268	70	3.321894	0.506141	2.373994	6.202029
268	71	3.321894	0.585231	3.158768	7.065892
268	72	3.321894	0.642468	3.726698	7.691059
268	73	3.321894	0.752853	4.821996	8.896743
268	74	3.321894	0.572870	3.036117	6.930881
268	75	3.321894	0.513171	2.443754	6.278818
268	76	3.321894	0.618809	3.491949	7.432651
268	77	3.321894	0.569867	3.006320	6.898081
268	78	3.321894	0.572870	3.036117	6.930881
268	79	3.321894	0.546980	2.779227	6.648101
268	80	3.321894	0.618809	3.491949	7.432651
268	81	3.321894	0.572596	3.033394	6.927883
268	82	3.321894	0.456714	1.883557	5.662165
268	83	3.321894	0.687228	4.170835	8.179957
268	84	3.321894	0.559475	2.903208	6.784577
268	85	3.321894	0.653432	4.047345	8.022670
268	86	3.321894	0.435130	1.669394	5.426417
268	87	3.321894	0.670414	4.003993	7.996300
268	88	3.321894	0.584076	3.518052	7.424021
268	89	3.321894	0.524453	2.555698	6.402044
268	90	3.321894	0.578043	3.087449	6.987386
268	91	3.321894	0.621557	3.519213	7.462663
268	92	3.321894	0.513171	2.443754	6.278818
268	93	3.321894	0.585320	3.159656	7.066870
268	94	3.321894	0.650439	3.805790	7.778122
268	95	3.321894	0.573267	3.040058	6.935219
268	96	3.321894	0.654580	3.846879	7.823353
268	97	3.321894	0.567983	3.358375	7.248252
268	98	3.321894	0.559475	2.903208	6.784577
268	99	3.321894	0.535268	2.663012	6.520174
269	0	3.292133	0.531815	2.628753	6.452701
269	1	3.292133	0.668671	4.039663	8.000466
269	2	3.292133	0.526127	2.572310	6.390569
269	3	3.292133	0.500511	2.318133	6.110777
269	4	3.292133	0.600343	3.308717	7.201192
269	5	3.292133	0.517304	2.484763	6.294200
269	6	3.292133	0.514406	2.456009	6.262548
269	7	3.292133	0.662195	3.922446	7.876774
269	8	3.292133	0.530825	2.618925	6.441883
269	9	3.292133	0.587994	3.186180	7.066306
269	10	3.292133	0.662195	3.922446	7.876774
269	11	3.292133	0.500511	2.318133	6.110777
269	12	3.292133	0.588163	3.187864	7.068160
269	13	3.292133	0.668671	4.039663	8.000466
269	14	3.292133	0.543734	2.747013	6.582879
269	15	3.292133	0.528286	2.964479	6.784898
269	16	3.292133	0.629716	3.600168	7.522016
269	17	3.292133	0.559651	2.904949	6.756732
269	18	3.292133	0.605353	3.358424	7.255909
269	19	3.292133	0.522010	2.531463	6.345606
269	20	3.292133	0.693492	4.232989	8.218614
269	21	3.292133	0.565760	2.965563	6.823455
269	22	3.292133	0.507818	2.390638	6.190589
269	23	3.292133	0.692150	4.219670	8.203952
269	24	3.292133	0.530825	2.618925	6.441883
269	25	3.292133	0.592820	3.234071	7.119024
269	26	3.292133	0.570982	3.017382	6.880496
269	27	3.292133	0.603417	3.339220	7.234770
269	28	3.292133	0.571055	3.388850	7.252037
269	29	3.292133	0.579682	3.103705	6.975519
269	30	3.292133	0.514406	2.456009	6.262548
269	31	3.292133	0.668671	4.039663	8.000466
269	32	3.292133	0.565760	2.965563	6.823455
269	33	3.292133	0.472672	2.041899	5.806703
269	34	3.292133	0.565760	2.965563	6.823455
269	35	3.292133	0.549829	2.807488	6.649449
269	36	3.292133	0.575802	3.065213	6.933148
269	37	3.292133	0.500779	2.320789	6.113700
269	38	3.292133	0.565473	2.962722	6.820327
269	39	3.292133	0.751921	4.865713	8.909766
269	40	3.292133	0.589222	3.198371	7.079726
269	41	3.292133	0.507818	2.390638	6.190589
269	42	3.292133	0.603417	3.339220	7.234770
269	43	3.292133	0.635805	3.819476	7.747413
269	44	3.292133	0.618960	3.493440	7.404532
269	45	3.292133	0.603089	3.335960	7.231181
269	46	3.292133	0.559651	2.904949	6.756732
269	47	3.292133	0.642513	3.727146	7.661791
269	48	3.292133	0.549829	2.807488	6.649449
269	49	3.292133	0.490519	2.218987	6.001639
269	50	3.292133	0.657142	3.872308	7.821583
269	51	3.292133	0.495446	2.267877	6.055455
269	52	3.292133	0.587041	3.441547	7.320720
269	53	3.292133	0.588163	3.187864	7.068160
269	54	3.292133	0.490519	2.218987	6.001639
269	55	3.292133	0.472672	2.041899	5.806703
269	56	3.292133	0.631447	3.617343	7.540922
269	57	3.292133	0.598662	3.292042	7.182837
269	58	3.292133	0.707620	4.373170	8.372922
269	59	3.292133	0.490510	2.218897	6.001539
269	60	3.292133	0.598662	3.292042	7.182837
269	61	3.292133	0.603089	3.335960	7.231181
269	62	3.292133	0.689912	4.197463	8.179507
269	63	3.292133	0.592820	3.234071	7.119024
269	64	3.292133	0.587994	3.186180	7.066306
269	65	3.292133	0.525493	2.566023	6.383649
269	66	3.292133	0.490510	2.218897	6.001539
269	67	3.292133	0.588163	3.187864	7.068160
269	68	3.292133	0.651671	3.818021	7.761825
269	69	3.292133	0.588163	3.187864	7.068160
269	70	3.292133	0.570045	3.008080	6.870258
269	71	3.292133	0.540787	2.717769	6.550688
269	72	3.292133	0.593024	3.236095	7.121251
269	73	3.292133	0.548143	2.790761	6.631036
269	74	3.292133	0.575802	3.065213	6.933148
269	75	3.292133	0.548143	2.790761	6.631036
269	76	3.292133	0.578461	3.091592	6.962186
269	77	3.292133	0.588163	3.187864	7.068160
269	78	3.292133	0.751458	4.808151	8.851741
269	79	3.292133	0.616544	3.840215	7.748891
269	80	3.292133	0.527538	2.586312	6.405983
269	81	3.292133	0.603089	3.335960	7.231181
269	82	3.292133	0.525493	2.566023	6.383649
269	83	3.292133	0.543734	2.747013	6.582879
269	84	3.292133	0.588163	3.187864	7.068160
269	85	3.292133	0.699283	4.290451	8.281866
269	86	3.292133	0.613320	3.437478	7.342931
269	87	3.292133	0.547157	2.780978	6.620268
269	88	3.292133	0.651671	3.818021	7.761825
269	89	3.292133	0.547157	2.780978	6.620268
269	90	3.292133	0.657142	3.872308	7.821583
269	91	3.292133	0.570982	3.017382	6.880496
269	92	3.292133	0.549829	2.807488	6.649449
269	93	3.292133	0.675188	4.104329	8.071650
269	94	3.292133	0.500511	2.318133	6.110777
269	95	3.292133	0.566375	2.971666	6.830174
269	96	3.292133	0.587755	3.183814	7.063702
269	97	3.292133	0.548143	2.790761	6.631036
269	98	3.292133	0.559900	2.907417	6.759449
269	99	3.292133	0.563140	2.939572	6.794845
270	0	3.487990	0.584851	3.154997	7.227838
270	1	3.487990	0.570437	3.011974	7.070401
270	2	3.487990	0.526132	2.572358	6.586481
270	3	3.487990	0.611889	3.423286	7.523166
270	4	3.487990	0.534232	2.652726	6.674948
270	5	3.487990	0.548612	2.795416	6.832018
270	6	3.487990	0.724475	4.593379	8.805844
270	7	3.487990	0.543756	2.747236	6.778983
270	8	3.487990	0.518161	2.493268	6.499420
270	9	3.487990	0.593616	3.241964	7.323570
270	10	3.487990	0.529773	2.608484	6.626247
270	11	3.487990	0.526132	2.572358	6.586481
270	12	3.487990	0.593646	3.242270	7.323906
270	13	3.487990	0.649360	3.795088	7.932438
270	14	3.487990	0.566048	2.968425	7.022464
270	15	3.487990	0.556529	2.873973	6.918492
270	16	3.487990	0.607344	3.378188	7.473523
270	17	3.487990	0.665973	3.959928	8.113891
270	18	3.487990	0.494626	2.259736	6.242352
270	19	3.487990	0.602668	3.543641	7.634299
270	20	3.487990	0.504935	2.362030	6.354955
270	21	3.487990	0.530328	2.613989	6.632307
270	22	3.487990	0.665973	3.959928	8.113891
270	23	3.487990	0.529773	2.608484	6.626247
270	24	3.487990	0.428639	1.604985	5.521614
270	25	3.487990	0.596179	3.267399	7.351568
270	26	3.487990	0.640846	3.869498	7.998334
270	27	3.487990	0.653835	3.839489	7.981314
270	28	3.487990	0.528234	2.593217	6.609441
270	29	3.487990	0.714508	4.441518	8.644016
270	30	3.487990	0.604381	3.348788	7.441160
270	31	3.487990	0.638542	3.687747	7.814279
270	32	3.487990	0.638542	3.687747	7.814279
270	33	3.487990	0.589731	3.203415	7.281136
270	34	3.487990	0.526132	2.572358	6.586481
270	35	3.487990	0.528234	2.593217	6.609441
270	36	3.487990	0.497087	2.284157	6.269234
270	37	3.487990	0.611889	3.423286	7.523166
270	38	3.487990	0.497087	2.284157	6.269234
270	39	3.487990	0.607316	3.377909	7.473215
270	40	3.487990	0.504543	2.358137	6.350670
270	41	3.487990	0.638542	3.687747	7.814279
270	42	3.487990	0.428639	1.604985	5.521614
270	43	3.487990	0.529773	2.608484	6.626247
270	44	3.487990	0.523822	2.549437	6.561249
270	45	3.487990	0.521065	2.522086	6.531142
270	46	3.487990	0.584851	3.154997	7.227838
270	47	3.487990	0.527290	2.583850	6.599130
270	48	3.487990	0.607344	3.378188	7.473523
270	49	3.487990	0.649360	3.795088	7.932438
270	50	3.487990	0.527290	2.583850	6.599130
270	51	3.487990	0.644275	3.744630	7.876895
270	52	3.487990	0.545540	2.764938	6.798469
270	53	3.487990	0.576916	3.076262	7.141168
270	54	3.487990	0.492810	2.241724	6.222524
270	55	3.487990	0.521830	3.006348	7.016169
270	56	3.487990	0.677224	4.177492	8.342706
270	57	3.487990	0.615332	3.457442	7.560764
270	58	3.487990	0.593646	3.242270	7.323906
270	59	3.487990	0.543756	2.747236	6.778983
270	60	3.487990	0.582845	3.135097	7.205932
270	61	3.487990	0.495538	2.268793	6.252322
270	62	3.487990	0.593616	3.241964	7.323570
270	63	3.487990	0.611681	3.421217	7.520888
270	64	3.487990	0.653835	3.839489	7.981314
270	65	3.487990	0.523822	2.549437	6.561249
270	66	3.487990	0.469149	2.006948	5.964087
270	67	3.487990	0.548612	2.795416	6.832018
270	68	3.487990	0.644275	3.744630	7.876895
270	69	3.487990	0.511974	2.431879	6.431844
270	70	3.487990	0.519439	2.505946	6.513375
270	71	3.487990	0.534232	2.652726	6.674948
270	72	3.487990	0.594122	3.246993	7.329106
270	73	3.487990	0.557544	2.884047	6.929582
270	74	3.487990	0.679912	4.098239	8.266142
270	75	3.487990	0.567695	2.984771	7.040457
270	76	3.487990	0.638542	3.687747	7.814279
270	77	3.487990	0.644275	3.744630	7.876895
270	78	3.487990	0.534232	2.652726	6.674948
270	79	3.487990	0.504543	2.358137	6.350670
270	80	3.487990	0.596130	3.266909	7.351029
270	81	3.487990	0.695041	4.248354	8.431385
270	82	3.487990	0.570437	3.011974	7.070401
270	83	3.487990	0.566048	2.968425	7.022464
270	84	3.487990	0.640846	3.869498	7.998334
270	85	3.487990	0.556529	2.873973	6.918492
270	86	3.487990	0.594122	3.246993	7.329106
270	87	3.487990	0.528234	2.593217	6.609441
270	88	3.487990	0.596179	3.267399	7.351568
270	89	3.487990	0.589731	3.203415	7.281136
270	90	3.487990	0.504543	2.358137	6.350670
270	91	3.487990	0.545540	2.764938	6.798469
270	92	3.487990	0.634326	3.804801	7.927117
270	93	3.487990	0.606071	3.524449	7.618511
270	94	3.487990	0.566048	2.968425	7.022464
270	95	3.487990	0.537095	2.681140	6.706226
270	96	3.487990	0.469149	2.006948	5.964087
270	97	3.487990	0.633377	3.795383	7.916750
270	98	3.487990	0.727553	4.570961	8.786505
270	99	3.487990	0.602668	3.543641	7.634299
271	0	3.131432	0.561063	2.918965	6.611461
271	1	3.131432	0.600675	3.312013	7.044121
271	2	3.131432	0.597321	3.278728	7.007481
271	3	3.131432	0.721551	4.511405	8.364388
271	4	3.131432	0.514849	2.460405	6.106686
271	5	3.131432	0.524995	2.561077	6.217504
271	6	3.131432	0.599162	3.296999	7.027593
271	7	3.131432	0.588778	3.193966	6.914176
271	8	3.131432	0.608325	3.546806	7.286563
271	9	3.131432	0.550042	2.809609	6.491084
271	10	3.131432	0.597684	3.282334	7.011450
271	11	3.131432	0.607487	3.432567	7.171486
271	12	3.131432	0.641489	4.034770	7.807691
271	13	3.131432	0.622463	3.528201	7.282096
271	14	3.131432	0.547610	2.785475	6.464517
271	15	3.131432	0.511633	2.428496	6.071562
271	16	3.131432	0.647587	3.777498	7.556518
271	17	3.131432	0.506438	2.641762	6.279632
271	18	3.131432	0.714849	4.444903	8.291184
271	19	3.131432	0.688993	4.188348	8.008774
271	20	3.131432	0.673626	4.035863	7.840921
271	21	3.131432	0.610767	3.412145	7.154344
271	22	3.131432	0.598707	3.292479	7.022618
271	23	3.131432	0.562943	2.937615	6.631991
271	24	3.131432	0.589672	3.202835	6.923940
271	25	3.131432	0.607095	3.375709	7.114236
271	26	3.131432	0.610767	3.412145	7.154344
271	27	3.131432	0.673626	4.035863	7.840921
271	28	3.131432	0.547610	2.785475	6.464517
271	29	3.131432	0.689414	4.192523	8.013369
271	30	3.131432	0.611170	3.416151	7.158754
271	31	3.131432	0.655598	3.856981	7.644011
271	32	3.131432	0.643387	3.735817	7.510636
271	33	3.131432	0.598707	3.292479	7.022618
271	34	3.131432	0.599931	3.304627	7.035990
271	35	3.131432	0.714849	4.444903	8.291184
271	36	3.131432	0.552298	2.831994	6.515724
271	37	3.131432	0.636925	3.830591	7.598948
271	38	3.131432	0.524995	2.561077	6.217504
271	39	3.131432	0.518529	2.496921	6.146882
271	40	3.131432	0.626007	3.563368	7.320807
271	41	3.131432	0.625718	3.560501	7.317651
271	42	3.131432	0.608484	3.389492	7.129407
271	43	3.131432	0.693979	4.237817	8.063229
271	44	3.131432	0.647587	3.777498	7.556518
271	45	3.131432	0.647587	3.777498	7.556518
271	46	3.131432	0.635715	3.818587	7.585734
271	47	3.131432	0.568050	2.988293	6.687776
271	48	3.131432	0.647773	3.779341	7.558547
271	49	3.131432	0.688993	4.188348	8.008774
271	50	3.131432	0.536811	2.678321	6.346564
271	51	3.131432	0.506593	2.378488	6.016514
271	52	3.131432	0.522618	2.537492	6.191543
271	53	3.131432	0.554421	3.170843	6.856697
271	54	3.131432	0.576181	3.068965	6.776578
271	55	3.131432	0.608380	3.388466	7.128279
271	56	3.131432	0.625718	3.560501	7.317651
271	57	3.131432	0.506593	2.378488	6.016514
271	58	3.131432	0.576181	3.068965	6.776578
271	59	3.131432	0.626007	3.563368	7.320807
271	60	3.131432	0.619171	3.495541	7.246144
271	61	3.131432	0.689414	4.192523	8.013369
271	62	3.131432	0.610767	3.412145	7.154344
271	63	3.131432	0.597321	3.278728	7.007481
271	64	3.131432	0.630264	3.605610	7.367307
271	65	3.131432	0.587904	3.185288	6.904624
271	66	3.131432	0.673626	4.035863	7.840921
271	67	3.131432	0.587904	3.185288	6.904624
271	68	3.131432	0.693979	4.237817	8.063229
271	69	3.131432	0.702555	4.322919	8.156907
271	70	3.131432	0.628734	3.590426	7.350592
271	71	3.131432	0.647773	3.779341	7.558547
271	72	3.131432	0.578019	3.140171	6.849623
271	73	3.131432	0.597684	3.282334	7.011450
271	74	3.131432	0.623527	3.909508	7.664467
271	75	3.131432	0.731818	4.613274	8.476524
271	76	3.131432	0.568050	2.988293	6.687776
271	77	3.131432	0.618620	3.596001	7.346054
271	78	3.131432	0.552298	2.831994	6.515724
271	79	3.131432	0.552298	2.831994	6.515724
271	80	3.131432	0.604361	3.348587	7.084380
271	81	3.131432	0.588778	3.193966	6.914176
271	82	3.131432	0.630542	3.608368	7.370343
271	83	3.131432	0.607095	3.375709	7.114236
271	84	3.131432	0.561063	2.918965	6.611461
271	85	3.131432	0.597321	3.278728	7.007481
271	86	3.131432	0.647773	3.779341	7.558547
271	87	3.131432	0.552298	2.831994	6.515724
271	88	3.131432	0.536811	2.678321	6.346564
271	89	3.131432	0.579286	3.099784	6.810503
271	90	3.131432	0.721551	4.511405	8.364388
271	91	3.131432	0.568050	2.988293	6.687776
271	92	3.131432	0.553506	2.843975	6.528913
271	93	3.131432	0.610767	3.412145	7.154344
271	94	3.131432	0.628734	3.590426	7.350592
271	95	3.131432	0.568050	2.988293	6.687776
271	96	3.131432	0.647773	3.779341	7.558547
271	97	3.131432	0.598707	3.292479	7.022618
271	98	3.131432	0.589672	3.202835	6.923940
271	99	3.131432	0.561063	2.918965	6.611461
272	0	3.407341	0.563857	2.946686	6.917884
272	1	3.407341	0.669720	3.997114	8.074175
272	2	3.407341	0.424602	1.564929	5.396872
272	3	3.407341	0.498798	2.301140	6.207279
272	4	3.407341	0.653287	3.834049	7.894676
272	5	3.407341	0.475352	2.068490	5.951182
272	6	3.407341	0.560938	2.917723	6.886002
272	7	3.407341	0.513509	2.447106	6.367956
272	8	3.407341	0.579180	3.098731	7.085252
272	9	3.407341	0.617421	3.478175	7.502937
272	10	3.407341	0.653287	3.834049	7.894676
272	11	3.407341	0.424602	1.564929	5.396872
272	12	3.407341	0.617421	3.478175	7.502937
272	13	3.407341	0.653287	3.834049	7.894676
272	14	3.407341	0.505288	2.365533	6.278162
272	15	3.407341	0.617580	3.479748	7.504669
272	16	3.407341	0.538533	2.695412	6.641287
272	17	3.407341	0.513509	2.447106	6.367956
272	18	3.407341	0.551917	2.828214	6.787472
272	19	3.407341	0.562513	2.933347	6.903201
272	20	3.407341	0.613270	3.436982	7.457593
272	21	3.407341	0.579180	3.098731	7.085252
272	22	3.407341	0.513330	2.445331	6.366002
272	23	3.407341	0.631661	3.619467	7.658469
272	24	3.407341	0.498798	2.301140	6.207279
272	25	3.407341	0.522507	2.536385	6.466232
272	26	3.407341	0.567054	2.978410	6.952805
272	27	3.407341	0.607335	3.378096	7.392772
272	28	3.407341	0.517173	2.483460	6.407973
272	29	3.407341	0.544920	2.758783	6.711043
272	30	3.407341	0.551917	2.828214	6.787472
272	31	3.407341	0.538533	2.695412	6.641287
272	32	3.407341	0.561910	2.927368	6.896619
272	33	3.407341	0.498508	2.298263	6.204112
272	34	3.407341	0.502087	2.333773	6.243201
272	35	3.407341	0.517173	2.483460	6.407973
272	36	3.407341	0.653287	3.834049	7.894676
272	37	3.407341	0.678163	4.080882	8.166385
272	38	3.407341	0.536917	2.944188	6.888445
272	39	3.407341	0.584832	3.154812	7.146985
272	40	3.407341	0.654480	3.898853	7.960674
272	41	3.407341	0.654480	3.898853	7.960674
272	42	3.407341	0.608111	3.385791	7.401242
272	43	3.407341	0.562513	2.933347	6.903201
272	44	3.407341	0.644894	3.909661	7.961895
272	45	3.407341	0.617421	3.478175	7.502937
272	46	3.407341	0.614429	3.448481	7.470250
272	47	3.407341	0.475352	2.068490	5.951182
272	48	3.407341	0.647569	3.830285	7.885195
272	49	3.407341	0.463342	1.949323	5.820006
272	50	3.407341	0.528797	2.598797	6.534935
272	51	3.407341	0.600215	3.360411	7.367967
272	52	3.407341	0.718034	4.476510	8.601885
272	53	3.407341	0.596795	3.273517	7.277653
272	54	3.407341	0.702951	4.326844	8.437136
272	55	3.407341	0.571546	3.022978	7.001865
272	56	3.407341	0.445543	1.772711	5.625594
272	57	3.407341	0.663295	3.933363	8.003999
272	58	3.407341	0.654480	3.898853	7.960674
272	59	3.407341	0.573372	3.041101	7.021814
272	60	3.407341	0.633272	3.635452	7.676064
272	61	3.407341	0.512861	2.440675	6.360876
272	62	3.407341	0.573372	3.041101	7.021814
272	63	3.407341	0.657953	3.880357	7.945651
272	64	3.407341	0.595802	3.263660	7.266802
272	65	3.407341	0.567054	2.978410	6.952805
272	66	3.407341	0.445543	1.772711	5.625594
272	67	3.407341	0.702951	4.326844	8.437136
272	68	3.407341	0.502087	2.333773	6.243201
272	69	3.407341	0.581419	3.120939	7.109698
272	70	3.407341	0.563857	2.946686	6.917884
272	71	3.407341	0.480729	2.121846	6.009915
272	72	3.407341	0.596795	3.273517	7.277653
272	73	3.407341	0.522507	2.536385	6.466232
272	74	3.407341	0.528797	2.598797	6.534935
272	75	3.407341	0.605046	3.355384	7.367771
272	76	3.407341	0.550945	2.818568	6.776854
272	77	3.407341	0.527839	3.065965	7.001144
272	78	3.407341	0.648840	3.789930	7.846111
272	79	3.407341	0.644894	3.909661	7.961895
272	80	3.407341	0.548957	2.798836	6.755133
272	81	3.407341	0.475352	2.068490	5.951182
272	82	3.407341	0.637862	3.680995	7.726197
272	83	3.407341	0.551917	2.828214	6.787472
272	84	3.407341	0.631661	3.619467	7.658469
272	85	3.407341	0.463342	1.949323	5.820006
272	86	3.407341	0.480666	2.121222	6.009229
272	87	3.407341	0.480729	2.121846	6.009915
272	88	3.407341	0.480666	2.121222	6.009229
272	89	3.407341	0.548957	2.798836	6.755133
272	90	3.407341	0.699244	4.395993	8.502578
272	91	3.407341	0.692465	4.222802	8.322608
272	92	3.407341	0.513257	2.444604	6.365201
272	93	3.407341	0.626657	3.569821	7.603819
272	94	3.407341	0.538533	2.695412	6.641287
272	95	3.407341	0.560037	2.908784	6.876162
272	96	3.407341	0.550945	2.818568	6.776854
272	97	3.407341	0.581419	3.120939	7.109698
272	98	3.407341	0.463342	1.949323	5.820006
272	99	3.407341	0.663295	3.933363	8.003999
273	0	3.457887	0.660890	3.909497	8.028275
273	1	3.457887	0.577213	3.079214	7.114315
273	2	3.457887	0.574469	3.051983	7.084339
273	3	3.457887	0.601540	3.320590	7.380017
273	4	3.457887	0.521744	2.528817	6.508448
273	5	3.457887	0.528008	2.590969	6.576863
273	6	3.457887	0.600458	3.309859	7.368205
273	7	3.457887	0.595093	3.256622	7.309603
273	8	3.457887	0.554645	2.855274	6.867806
273	9	3.457887	0.535269	2.663023	6.656180
273	10	3.457887	0.562191	2.930152	6.950230
273	11	3.457887	0.639822	3.700451	7.798160
273	12	3.457887	0.586666	3.173006	7.217559
273	13	3.457887	0.541651	3.255980	7.255518
273	14	3.457887	0.504073	2.353475	6.315435
273	15	3.457887	0.666040	3.960599	8.084527
273	16	3.457887	0.520113	2.512637	6.490637
273	17	3.457887	0.537041	2.680607	6.675536
273	18	3.457887	0.535269	2.663023	6.656180
273	19	3.457887	0.563574	2.943875	6.965336
273	20	3.457887	0.600458	3.309859	7.368205
273	21	3.457887	0.574558	3.052870	7.085315
273	22	3.457887	0.613540	3.439667	7.511095
273	23	3.457887	0.537041	2.680607	6.675536
273	24	3.457887	0.669622	3.996137	8.123646
273	25	3.457887	0.684024	4.139046	8.280958
273	26	3.457887	0.551239	2.821479	6.830605
273	27	3.457887	0.574469	3.051983	7.084339
273	28	3.457887	0.600458	3.309859	7.368205
273	29	3.457887	0.604709	3.669822	7.732419
273	30	3.457887	0.573230	3.039687	7.070804
273	31	3.457887	0.595093	3.256622	7.309603
273	32	3.457887	0.554645	2.855274	6.867806
273	33	3.457887	0.523471	2.545950	6.527308
273	34	3.457887	0.480286	2.117456	6.055630
273	35	3.457887	0.494083	2.783990	6.735961
273	36	3.457887	0.653124	3.832440	7.943452
273	37	3.457887	0.554645	2.855274	6.867806
273	38	3.457887	0.634135	3.644019	7.736041
273	39	3.457887	0.531939	2.629978	6.619804
273	40	3.457887	0.601578	3.320972	7.380438
273	41	3.457887	0.688449	4.182946	8.329283
273	42	3.457887	0.574469	3.051983	7.084339
273	43	3.457887	0.624532	3.548736	7.631156
273	44	3.457887	0.551239	2.821479	6.830605
273	45	3.457887	0.646929	3.770963	7.875778
273	46	3.457887	0.597986	3.656079	7.711953
273	47	3.457887	0.551239	2.821479	6.830605
273	48	3.457887	0.517408	2.485790	6.461085
273	49	3.457887	0.682564	4.177519	8.317971
273	50	3.457887	0.584547	3.151984	7.194418
273	51	3.457887	0.558162	2.890177	6.906227
273	52	3.457887	0.640343	3.758586	7.856817
273	53	3.457887	0.634135	3.644019	7.736041
273	54	3.457887	0.562191	2.930152	6.950230
273	55	3.457887	0.551239	2.821479	6.830605
273	56	3.457887	0.600561	3.310885	7.369334
273	57	3.457887	0.608569	3.390343	7.456800
273	58	3.457887	0.593900	3.244782	7.296569
273	59	3.457887	0.601540	3.320590	7.380017
273	60	3.457887	0.521744	2.528817	6.508448
273	61	3.457887	0.646929	3.770963	7.875778
273	62	3.457887	0.523471	2.545950	6.527308
273	63	3.457887	0.620158	3.664225	7.742270
273	64	3.457887	0.527572	2.586647	6.572106
273	65	3.457887	0.436409	1.682078	5.576374
273	66	3.457887	0.684024	4.139046	8.280958
273	67	3.457887	0.521744	2.528817	6.508448
273	68	3.457887	0.480286	2.117456	6.055630
273	69	3.457887	0.660890	3.909497	8.028275
273	70	3.457887	0.517408	2.485790	6.461085
273	71	3.457887	0.621672	3.520353	7.599912
273	72	3.457887	0.592453	3.389316	7.439656
273	73	3.457887	0.577213	3.079214	7.114315
273	74	3.457887	0.535269	2.663023	6.656180
273	75	3.457887	0.573230	3.039687	7.070804
273	76	3.457887	0.660890	3.909497	8.028275
273	77	3.457887	0.562191	2.930152	6.950230
273	78	3.457887	0.684024	4.139046	8.280958
273	79	3.457887	0.581192	3.118690	7.157769
273	80	3.457887	0.507096	2.383476	6.348459
273	81	3.457887	0.521264	2.524056	6.503207
273	82	3.457887	0.558162	2.890177	6.906227
273	83	3.457887	0.624532	3.548736	7.631156
273	84	3.457887	0.521744	2.528817	6.508448
273	85	3.457887	0.657714	3.877977	7.993578
273	86	3.457887	0.601540	3.320590	7.380017
273	87	3.457887	0.580563	3.430233	7.468684
273	88	3.457887	0.563574	2.943875	6.965336
273	89	3.457887	0.586666	3.173006	7.217559
273	90	3.457887	0.436409	1.682078	5.576374
273	91	3.457887	0.644176	3.849576	7.951639
273	92	3.457887	0.517408	2.485790	6.461085
273	93	3.457887	0.558162	2.890177	6.906227
273	94	3.457887	0.600458	3.309859	7.368205
273	95	3.457887	0.521744	2.528817	6.508448
273	96	3.457887	0.669622	3.996137	8.123646
273	97	3.457887	0.699707	4.294655	8.452250
273	98	3.457887	0.636968	3.672131	7.766986
273	99	3.457887	0.634135	3.644019	7.736041
274	0	3.294968	0.609011	3.394726	7.298704
274	1	3.294968	0.586664	3.172988	7.054620
274	2	3.294968	0.610425	3.408754	7.314147
274	3	3.294968	0.602258	3.327714	7.224939
274	4	3.294968	0.602258	3.327714	7.224939
274	5	3.294968	0.573620	3.043562	6.912150
274	6	3.294968	0.560675	2.915110	6.770753
274	7	3.294968	0.676101	4.113394	8.084463
274	8	3.294968	0.655426	3.855275	7.805668
274	9	3.294968	0.480815	2.122699	5.898482
274	10	3.294968	0.500587	2.318892	6.114447
274	11	3.294968	0.562881	2.937001	6.794850
274	12	3.294968	0.525510	2.566184	6.386661
274	13	3.294968	0.521048	2.521910	6.337925
274	14	3.294968	0.515139	2.463277	6.273384
274	15	3.294968	0.608905	3.393672	7.297544
274	16	3.294968	0.680412	4.103198	8.078577
274	17	3.294968	0.533268	2.643162	6.471397
274	18	3.294968	0.536719	2.677406	6.509093
274	19	3.294968	0.694862	4.246581	8.236410
274	20	3.294968	0.602647	3.331583	7.229198
274	21	3.294968	0.541400	2.723853	6.560221
274	22	3.294968	0.552730	2.836277	6.683975
274	23	3.294968	0.670863	4.061415	8.027245
274	24	3.294968	0.683500	4.133844	8.112311
274	25	3.294968	0.578011	3.087127	6.960105
274	26	3.294968	0.562881	2.937001	6.794850
274	27	3.294968	0.630177	3.604744	7.529889
274	28	3.294968	0.586928	3.175610	7.057506
274	29	3.294968	0.462048	1.936484	5.693500
274	30	3.294968	0.537992	2.690044	6.523004
274	31	3.294968	0.609011	3.394726	7.298704
274	32	3.294968	0.490192	2.215743	6.000903
274	33	3.294968	0.424866	1.567546	5.287380
274	34	3.294968	0.655426	3.855275	7.805668
274	35	3.294968	0.603934	3.344346	7.243247
274	36	3.294968	0.688135	4.179837	8.162941
274	37	3.294968	0.539061	2.700645	6.534674
274	38	3.294968	0.609011	3.394726	7.298704
274	39	3.294968	0.502847	2.341312	6.139126
274	40	3.294968	0.673815	4.037744	8.006526
274	41	3.294968	0.560675	2.915110	6.770753
274	42	3.294968	0.490192	2.215743	6.000903
274	43	3.294968	0.503974	2.352492	6.151433
274	44	3.294968	0.596974	3.275286	7.167228
274	45	3.294968	0.688135	4.179837	8.162941
274	46	3.294968	0.480815	2.122699	5.898482
274	47	3.294968	0.529562	2.606395	6.430925
274	48	3.294968	0.533268	2.643162	6.471397
274	49	3.294968	0.598259	3.288043	7.181270
274	50	3.294968	0.603934	3.344346	7.243247
274	51	3.294968	0.591578	3.539533	7.426079
274	52	3.294968	0.700625	4.303763	8.299355
274	53	3.294968	0.551452	2.823594	6.670013
274	54	3.294968	0.655426	3.855275	7.805668
274	55	3.294968	0.603934	3.344346	7.243247
274	56	3.294968	0.630177	3.604744	7.529889
274	57	3.294968	0.515315	2.465028	6.275311
274	58	3.294968	0.539061	2.700645	6.534674
274	59	3.294968	0.573900	3.046333	6.915200
274	60	3.294968	0.578306	3.301906	7.175179
274	61	3.294968	0.578821	3.095168	6.968957
274	62	3.294968	0.569367	3.372108	7.236443
274	63	3.294968	0.563819	2.946310	6.805097
274	64	3.294968	0.541400	2.723853	6.560221
274	65	3.294968	0.655426	3.855275	7.805668
274	66	3.294968	0.444576	1.763124	5.502668
274	67	3.294968	0.490915	2.222920	6.008803
274	68	3.294968	0.485098	2.165196	5.945261
274	69	3.294968	0.603934	3.344346	7.243247
274	70	3.294968	0.572089	3.028362	6.895418
274	71	3.294968	0.444576	1.763124	5.502668
274	72	3.294968	0.515315	2.465028	6.275311
274	73	3.294968	0.561289	2.921200	6.777456
274	74	3.294968	0.534750	2.657873	6.487591
274	75	3.294968	0.503974	2.352492	6.151433
274	76	3.294968	0.609011	3.394726	7.298704
274	77	3.294968	0.578562	3.092598	6.966128
274	78	3.294968	0.573620	3.043562	6.912150
274	79	3.294968	0.534750	2.657873	6.487591
274	80	3.294968	0.484810	2.480124	6.259902
274	81	3.294968	0.541400	2.723853	6.560221
274	82	3.294968	0.536719	2.677406	6.509093
274	83	3.294968	0.686913	4.167712	8.149593
274	84	3.294968	0.525510	2.566184	6.386661
274	85	3.294968	0.602647	3.331583	7.229198
274	86	3.294968	0.539061	2.700645	6.534674
274	87	3.294968	0.525510	2.566184	6.386661
274	88	3.294968	0.500587	2.318892	6.114447
274	89	3.294968	0.609363	3.398220	7.302551
274	90	3.294968	0.596974	3.275286	7.167228
274	91	3.294968	0.577894	3.138933	7.011795
274	92	3.294968	0.573620	3.043562	6.912150
274	93	3.294968	0.525510	2.566184	6.386661
274	94	3.294968	0.610425	3.408754	7.314147
274	95	3.294968	0.670863	4.061415	8.027245
274	96	3.294968	0.552730	2.836277	6.683975
274	97	3.294968	0.537992	2.690044	6.523004
274	98	3.294968	0.462048	1.936484	5.693500
274	99	3.294968	0.725294	4.601506	8.621768
275	0	3.398481	0.500161	2.314658	6.213300
275	1	3.398481	0.617053	3.474526	7.490061
275	2	3.398481	0.630172	3.604693	7.633346
275	3	3.398481	0.589855	3.204648	7.192984
275	4	3.398481	0.596637	3.271945	7.267063
275	5	3.398481	0.665500	3.955235	8.019216
275	6	3.398481	0.575284	3.060070	7.033835
275	7	3.398481	0.554713	2.855949	6.809143
275	8	3.398481	0.550367	2.812829	6.761678
275	9	3.398481	0.563330	2.941454	6.903265
275	10	3.398481	0.591809	3.224038	7.214328
275	11	3.398481	0.586720	3.173539	7.158740
275	12	3.398481	0.664756	3.947850	8.011087
275	13	3.398481	0.596677	3.272338	7.267496
275	14	3.398481	0.665500	3.955235	8.019216
275	15	3.398481	0.596637	3.271945	7.267063
275	16	3.398481	0.529486	2.605640	6.533608
275	17	3.398481	0.647654	3.778164	7.824300
275	18	3.398481	0.548426	2.793568	6.740475
275	19	3.398481	0.647654	3.778164	7.824300
275	20	3.398481	0.559105	2.899533	6.857119
275	21	3.398481	0.663856	3.938929	8.001267
275	22	3.398481	0.586720	3.173539	7.158740
275	23	3.398481	0.675292	4.052400	8.126173
275	24	3.398481	0.492106	2.234731	6.125318
275	25	3.398481	0.665166	4.110817	8.174464
275	26	3.398481	0.600924	3.314484	7.313890
275	27	3.398481	0.563724	2.945361	6.907566
275	28	3.398481	0.630172	3.604693	7.633346
275	29	3.398481	0.497585	2.289103	6.185170
275	30	3.398481	0.577850	3.085535	7.061867
275	31	3.398481	0.554713	2.855949	6.809143
275	32	3.398481	0.732004	4.615127	8.745613
275	33	3.398481	0.644450	3.746366	7.789297
275	34	3.398481	0.606587	3.370678	7.375746
275	35	3.398481	0.589855	3.204648	7.192984
275	36	3.398481	0.505163	2.364292	6.267936
275	37	3.398481	0.666733	4.126359	8.191573
275	38	3.398481	0.589855	3.204648	7.192984
275	39	3.398481	0.599917	3.304491	7.302889
275	40	3.398481	0.675292	4.052400	8.126173
275	41	3.398481	0.556287	2.871572	6.826340
275	42	3.398481	0.556385	2.872548	6.827415
275	43	3.398481	0.611855	3.422941	7.433277
275	44	3.398481	0.586720	3.173539	7.158740
275	45	3.398481	0.542841	2.738156	6.679479
275	46	3.398481	0.538787	2.697924	6.635192
275	47	3.398481	0.589096	3.197117	7.184694
275	48	3.398481	0.564538	2.953446	6.916466
275	49	3.398481	0.647019	3.771859	7.817359
275	50	3.398481	0.492106	2.234731	6.125318
275	51	3.398481	0.615142	3.455558	7.469181
275	52	3.398481	0.554713	2.855949	6.809143
275	53	3.398481	0.564978	2.957809	6.921268
275	54	3.398481	0.535899	2.669267	6.603647
275	55	3.398481	0.556287	2.871572	6.826340
275	56	3.398481	0.604267	3.347655	7.350403
275	57	3.398481	0.664756	3.947850	8.011087
275	58	3.398481	0.574596	3.371028	7.344105
275	59	3.398481	0.503877	2.351535	6.253893
275	60	3.398481	0.525739	2.568454	6.492674
275	61	3.398481	0.525739	2.568454	6.492674
275	62	3.398481	0.780887	5.100162	9.279530
275	63	3.398481	0.538787	2.697924	6.635192
275	64	3.398481	0.556287	2.871572	6.826340
275	65	3.398481	0.451585	2.468227	6.318293
275	66	3.398481	0.535899	2.669267	6.603647
275	67	3.398481	0.688149	4.179974	8.266605
275	68	3.398481	0.589855	3.204648	7.192984
275	69	3.398481	0.604267	3.347655	7.350403
275	70	3.398481	0.563330	2.941454	6.903265
275	71	3.398481	0.600924	3.314484	7.313890
275	72	3.398481	0.653624	3.890361	7.942467
275	73	3.398481	0.600924	3.314484	7.313890
275	74	3.398481	0.525739	2.568454	6.492674
275	75	3.398481	0.503877	2.351535	6.253893
275	76	3.398481	0.577522	3.082276	7.058279
275	77	3.398481	0.498949	2.302634	6.200064
275	78	3.398481	0.559105	2.899533	6.857119
275	79	3.398481	0.663856	3.938929	8.001267
275	80	3.398481	0.586720	3.173539	7.158740
275	81	3.398481	0.665166	4.110817	8.174464
275	82	3.398481	0.703934	4.336595	8.439009
275	83	3.398481	0.644450	3.746366	7.789297
275	84	3.398481	0.554713	2.855949	6.809143
275	85	3.398481	0.644450	3.746366	7.789297
275	86	3.398481	0.595920	3.582614	7.577016
275	87	3.398481	0.559105	2.899533	6.857119
275	88	3.398481	0.563330	2.941454	6.903265
275	89	3.398481	0.500161	2.314658	6.213300
275	90	3.398481	0.578451	3.091491	7.068423
275	91	3.398481	0.556385	2.872548	6.827415
275	92	3.398481	0.543976	2.749411	6.691868
275	93	3.398481	0.544253	3.069944	7.012678
275	94	3.398481	0.646591	3.873537	7.918609
275	95	3.398481	0.578451	3.091491	7.068423
275	96	3.398481	0.627462	3.577801	7.603744
275	97	3.398481	0.596637	3.271945	7.267063
275	98	3.398481	0.577348	3.080547	7.056376
275	99	3.398481	0.567675	3.196429	7.162585
276	0	3.323532	0.543036	2.740089	6.606657
276	1	3.323532	0.569623	3.268713	7.161868
276	2	3.323532	0.503088	2.343706	6.170327
276	3	3.323532	0.624339	3.546815	7.494686
276	4	3.323532	0.488531	2.834823	6.646886
276	5	3.323532	0.520260	2.514093	6.357885
276	6	3.323532	0.503088	2.343706	6.170327
276	7	3.323532	0.585534	3.161773	7.070839
276	8	3.323532	0.636404	3.666531	7.626467
276	9	3.323532	0.686112	4.159762	8.169406
276	10	3.323532	0.492285	2.236516	6.052334
276	11	3.323532	0.551507	2.824146	6.699185
276	12	3.323532	0.650198	3.803408	7.777139
276	13	3.323532	0.541964	2.729450	6.594946
276	14	3.323532	0.599757	3.302905	7.226195
276	15	3.323532	0.567006	2.977933	6.868471
276	16	3.323532	0.583656	3.143143	7.050331
276	17	3.323532	0.520982	2.521261	6.365775
276	18	3.323532	0.514619	2.458118	6.296269
276	19	3.323532	0.567001	2.977878	6.868410
276	20	3.323532	0.636404	3.666531	7.626467
276	21	3.323532	0.546390	2.773369	6.643291
276	22	3.323532	0.609730	3.401859	7.335121
276	23	3.323532	0.446188	1.779111	5.548831
276	24	3.323532	0.683253	4.131396	8.138181
276	25	3.323532	0.541739	2.727218	6.592489
276	26	3.323532	0.521208	2.841282	6.686022
276	27	3.323532	0.521769	2.529070	6.374372
276	28	3.323532	0.541739	2.727218	6.592489
276	29	3.323532	0.509970	2.411995	6.245497
276	30	3.323532	0.523475	3.022666	6.869672
276	31	3.323532	0.666023	3.960426	7.949981
276	32	3.323532	0.573592	3.043279	6.940403
276	33	3.323532	0.572332	3.030774	6.926637
276	34	3.323532	0.683253	4.131396	8.138181
276	35	3.323532	0.522397	2.535294	6.381223
276	36	3.323532	0.629358	3.596614	7.549504
276	37	3.323532	0.643371	3.735666	7.702570
276	38	3.323532	0.656143	3.862397	7.842072
276	39	3.323532	0.446188	1.779111	5.548831
276	40	3.323532	0.593195	3.608536	7.525263
276	41	3.323532	0.666023	3.960426	7.949981
276	42	3.323532	0.683253	4.131396	8.138181
276	43	3.323532	0.541964	2.729450	6.594946
276	44	3.323532	0.599757	3.302905	7.226195
276	45	3.323532	0.643795	3.739872	7.707199
276	46	3.323532	0.492285	2.236516	6.052334
276	47	3.323532	0.711518	4.411852	8.446902
276	48	3.323532	0.581801	3.124738	7.030071
276	49	3.323532	0.611974	3.635976	7.571482
276	50	3.323532	0.589282	3.198961	7.111775
276	51	3.323532	0.492285	2.236516	6.052334
276	52	3.323532	0.487810	2.192105	6.003446
276	53	3.323532	0.546390	2.773369	6.643291
276	54	3.323532	0.523686	2.812902	6.660120
276	55	3.323532	0.559314	2.901608	6.784454
276	56	3.323532	0.603534	3.340379	7.267445
276	57	3.323532	0.599757	3.302905	7.226195
276	58	3.323532	0.514619	2.458118	6.296269
276	59	3.323532	0.664975	3.950032	7.938540
276	60	3.323532	0.521769	2.529070	6.374372
276	61	3.323532	0.613677	3.441024	7.378233
276	62	3.323532	0.617899	3.482913	7.424344
276	63	3.323532	0.635956	3.662087	7.621575
276	64	3.323532	0.585534	3.161773	7.070839
276	65	3.323532	0.666023	3.960426	7.949981
276	66	3.323532	0.656143	3.862397	7.842072
276	67	3.323532	0.520260	2.514093	6.357885
276	68	3.323532	0.524449	2.555658	6.403639
276	69	3.323532	0.541964	2.729450	6.594946
276	70	3.323532	0.567003	2.977901	6.868436
276	71	3.323532	0.643371	3.735666	7.702570
276	72	3.323532	0.583656	3.143143	7.050331
276	73	3.323532	0.686112	4.159762	8.169406
276	74	3.323532	0.686112	4.159762	8.169406
276	75	3.323532	0.514619	2.458118	6.296269
276	76	3.323532	0.569623	3.268713	7.161868
276	77	3.323532	0.487810	2.192105	6.003446
276	78	3.323532	0.656143	3.862397	7.842072
276	79	3.323532	0.567003	2.977901	6.868436
276	80	3.323532	0.521769	2.529070	6.374372
276	81	3.323532	0.572332	3.030774	6.926637
276	82	3.323532	0.617899	3.482913	7.424344
276	83	3.323532	0.509970	2.411995	6.245497
276	84	3.323532	0.525457	2.565660	6.414648
276	85	3.323532	0.514619	2.458118	6.296269
276	86	3.323532	0.686112	4.159762	8.169406
276	87	3.323532	0.628606	3.695083	7.647221
276	88	3.323532	0.551507	2.824146	6.699185
276	89	3.323532	0.512159	2.433710	6.269401
276	90	3.323532	0.559314	2.901608	6.784454
276	91	3.323532	0.674185	4.041413	8.039130
276	92	3.323532	0.565877	2.966732	6.856141
276	93	3.323532	0.543036	2.740089	6.606657
276	94	3.323532	0.503088	2.343706	6.170327
276	95	3.323532	0.541964	2.729450	6.594946
276	96	3.323532	0.620431	3.508044	7.452007
276	97	3.323532	0.698709	4.337713	8.359953
276	98	3.323532	0.635956	3.662087	7.621575
276	99	3.323532	0.588279	3.189014	7.100825
277	0	3.287808	0.521650	2.527885	6.337343
277	1	3.287808	0.591697	3.487744	7.367249
277	2	3.287808	0.582228	3.128972	6.999009
277	3	3.287808	0.606775	3.372542	7.267125
277	4	3.287808	0.439038	1.708172	5.435019
277	5	3.287808	0.550884	2.817956	6.656648
277	6	3.287808	0.551411	2.823193	6.662413
277	7	3.287808	0.621223	3.515902	7.424933
277	8	3.287808	0.663605	3.936436	7.887849
277	9	3.287808	0.704064	4.337894	8.329766
277	10	3.287808	0.595283	3.258510	7.141601
277	11	3.287808	0.590247	3.208540	7.086596
277	12	3.287808	0.582228	3.128972	6.999009
277	13	3.287808	0.535671	2.667005	6.490484
277	14	3.287808	0.655549	3.856496	7.799852
277	15	3.287808	0.582228	3.128972	6.999009
277	16	3.287808	0.504066	2.353405	6.145279
277	17	3.287808	0.521650	2.527885	6.337343
277	18	3.287808	0.552300	2.832007	6.672114
277	19	3.287808	0.504066	2.353405	6.145279
277	20	3.287808	0.646023	3.761974	7.695805
277	21	3.287808	0.542521	2.734978	6.565307
277	22	3.287808	0.659733	3.898013	7.845554
277	23	3.287808	0.575732	3.064510	6.928049
277	24	3.287808	0.589593	3.202052	7.079453
277	25	3.287808	0.538921	2.699258	6.525988
277	26	3.287808	0.583960	3.146152	7.017920
277	27	3.287808	0.675590	4.055355	8.018754
277	28	3.287808	0.559323	2.901701	6.748832
277	29	3.287808	0.604778	3.352726	7.245312
277	30	3.287808	0.554240	2.851263	6.693311
277	31	3.287808	0.560983	2.918164	6.766954
277	32	3.287808	0.541431	3.094908	6.924148
277	33	3.287808	0.542521	2.734978	6.565307
277	34	3.287808	0.526272	2.573750	6.387831
277	35	3.287808	0.704064	4.337894	8.329766
277	36	3.287808	0.583960	3.146152	7.017920
277	37	3.287808	0.562396	2.932186	6.782390
277	38	3.287808	0.602571	3.330823	7.221202
277	39	3.287808	0.603652	3.341551	7.233011
277	40	3.287808	0.512089	3.015619	6.815516
277	41	3.287808	0.554240	2.851263	6.693311
277	42	3.287808	0.676533	4.064717	8.029058
277	43	3.287808	0.719588	4.544894	8.552291
277	44	3.287808	0.589593	3.202052	7.079453
277	45	3.287808	0.679034	4.089531	8.056374
277	46	3.287808	0.601295	3.318164	7.207267
277	47	3.287808	0.504066	2.353405	6.145279
277	48	3.287808	0.621223	3.515902	7.424933
277	49	3.287808	0.505642	2.369046	6.162496
277	50	3.287808	0.649121	3.792720	7.729650
277	51	3.287808	0.575732	3.064510	6.928049
277	52	3.287808	0.560983	2.918164	6.766954
277	53	3.287808	0.538921	2.699258	6.525988
277	54	3.287808	0.560983	2.918164	6.766954
277	55	3.287808	0.665552	3.955757	7.909118
277	56	3.287808	0.780959	5.100884	9.169652
277	57	3.287808	0.543957	2.749224	6.580989
277	58	3.287808	0.526272	2.573750	6.387831
277	59	3.287808	0.528791	2.598746	6.415345
277	60	3.287808	0.655549	3.856496	7.799852
277	61	3.287808	0.645710	3.758871	7.692389
277	62	3.287808	0.517615	2.487851	6.293275
277	63	3.287808	0.558283	2.891381	6.737472
277	64	3.287808	0.535671	2.667005	6.490484
277	65	3.287808	0.577526	3.082318	6.947652
277	66	3.287808	0.637308	3.781427	7.706543
277	67	3.287808	0.636087	3.663384	7.587278
277	68	3.287808	0.731101	4.606159	8.625068
277	69	3.287808	0.550884	2.817956	6.656648
277	70	3.287808	0.538921	2.699258	6.525988
277	71	3.287808	0.583960	3.146152	7.017920
277	72	3.287808	0.602622	3.331334	7.221765
277	73	3.287808	0.613697	3.441227	7.342732
277	74	3.287808	0.582550	3.291060	7.161419
277	75	3.287808	0.664437	3.944689	7.896934
277	76	3.287808	0.659733	3.898013	7.845554
277	77	3.287808	0.603652	3.341551	7.233011
277	78	3.287808	0.567465	2.982486	6.837759
277	79	3.287808	0.655549	3.856496	7.799852
277	80	3.287808	0.663605	3.936436	7.887849
277	81	3.287808	0.527829	2.589198	6.404836
277	82	3.287808	0.719588	4.544894	8.552291
277	83	3.287808	0.619814	3.713769	7.621390
277	84	3.287808	0.602622	3.331334	7.221765
277	85	3.287808	0.559323	2.901701	6.748832
277	86	3.287808	0.574469	3.263836	7.126113
277	87	3.287808	0.665552	3.955757	7.909118
277	88	3.287808	0.604778	3.352726	7.245312
277	89	3.287808	0.721246	4.614305	8.623360
277	90	3.287808	0.558283	2.891381	6.737472
277	91	3.287808	0.676533	4.064717	8.029058
277	92	3.287808	0.570093	3.008561	6.866463
277	93	3.287808	0.636087	3.663384	7.587278
277	94	3.287808	0.679034	4.089531	8.056374
277	95	3.287808	0.590150	3.207581	7.085540
277	96	3.287808	0.602622	3.331334	7.221765
277	97	3.287808	0.521650	2.527885	6.337343
277	98	3.287808	0.517615	2.487851	6.293275
277	99	3.287808	0.645710	3.758871	7.692389
278	0	3.443896	0.525223	2.563339	6.532458
278	1	3.443896	0.713892	4.435410	8.593198
278	2	3.443896	0.550860	2.817719	6.812475
278	3	3.443896	0.518408	2.495717	6.458021
278	4	3.443896	0.624282	3.546249	7.614427
278	5	3.443896	0.598593	3.291352	7.333841
278	6	3.443896	0.567695	2.984769	6.996360
278	7	3.443896	0.662109	3.921590	8.027595
278	8	3.443896	0.518408	2.495717	6.458021
278	9	3.443896	0.531182	2.622464	6.597542
278	10	3.443896	0.681384	4.112846	8.238126
278	11	3.443896	0.529174	2.602538	6.575608
278	12	3.443896	0.495149	2.264931	6.203976
278	13	3.443896	0.584762	3.154110	7.182768
278	14	3.443896	0.544086	2.750503	6.738485
278	15	3.443896	0.554270	3.275263	7.273429
278	16	3.443896	0.585072	3.157186	7.186154
278	17	3.443896	0.501741	2.330342	6.275980
278	18	3.443896	0.593080	3.236647	7.273623
278	19	3.443896	0.571507	3.022590	7.037993
278	20	3.443896	0.576568	3.072814	7.093278
278	21	3.443896	0.590207	3.208139	7.242242
278	22	3.443896	0.640072	3.702930	7.786899
278	23	3.443896	0.493543	2.248993	6.186432
278	24	3.443896	0.584762	3.154110	7.182768
278	25	3.443896	0.611215	3.575484	7.630595
278	26	3.443896	0.579509	3.101993	7.125398
278	27	3.443896	0.495149	2.264931	6.203976
278	28	3.443896	0.557285	2.881471	6.882652
278	29	3.443896	0.581804	3.124760	7.150460
278	30	3.443896	0.676924	4.068591	8.189412
278	31	3.443896	0.475845	2.073382	5.993123
278	32	3.443896	0.603950	3.344512	7.392358
278	33	3.443896	0.589640	3.202515	7.236051
278	34	3.443896	0.525223	2.563339	6.532458
278	35	3.443896	0.448392	1.800979	5.693266
278	36	3.443896	0.640072	3.702930	7.786899
278	37	3.443896	0.638193	3.684287	7.766377
278	38	3.443896	0.623962	3.543073	7.610930
278	39	3.443896	0.567553	2.983363	6.994812
278	40	3.443896	0.608740	3.445000	7.497637
278	41	3.443896	0.567695	2.984769	6.996360
278	42	3.443896	0.521324	2.524654	6.489874
278	43	3.443896	0.490537	2.219172	6.153605
278	44	3.443896	0.501392	2.326872	6.272160
278	45	3.443896	0.503632	2.825773	6.773301
278	46	3.443896	0.662109	3.921590	8.027595
278	47	3.443896	0.427251	1.591217	5.462364
278	48	3.443896	0.560128	3.174507	7.178532
278	49	3.443896	0.623962	3.543073	7.610930
278	50	3.443896	0.590207	3.208139	7.242242
278	51	3.443896	0.524621	2.557363	6.525880
278	52	3.443896	0.581804	3.124760	7.150460
278	53	3.443896	0.623962	3.543073	7.610930
278	54	3.443896	0.557285	2.881471	6.882652
278	55	3.443896	0.553468	2.843605	6.840970
278	56	3.443896	0.518408	2.495717	6.458021
278	57	3.443896	0.508901	2.401385	6.354183
278	58	3.443896	0.667478	3.974867	8.086242
278	59	3.443896	0.552905	2.838019	6.834820
278	60	3.443896	0.510335	2.415614	6.369845
278	61	3.443896	0.589640	3.202515	7.236051
278	62	3.443896	0.518408	2.495717	6.458021
278	63	3.443896	0.520033	2.511838	6.475767
278	64	3.443896	0.510335	2.415614	6.369845
278	65	3.443896	0.603428	3.339330	7.386654
278	66	3.443896	0.584762	3.154110	7.182768
278	67	3.443896	0.603950	3.344512	7.392358
278	68	3.443896	0.579509	3.101993	7.125398
278	69	3.443896	0.603530	3.446270	7.493697
278	70	3.443896	0.589760	3.468525	7.502181
278	71	3.443896	0.544086	2.750503	6.738485
278	72	3.443896	0.562359	2.931821	6.938076
278	73	3.443896	0.553112	3.210817	7.207826
278	74	3.443896	0.571507	3.022590	7.037993
278	75	3.443896	0.501392	2.326872	6.272160
278	76	3.443896	0.623962	3.543073	7.610930
278	77	3.443896	0.640072	3.702930	7.786899
278	78	3.443896	0.562081	2.929060	6.935037
278	79	3.443896	0.549265	2.801900	6.795061
278	80	3.443896	0.565279	2.960796	6.969972
278	81	3.443896	0.691090	4.368046	8.503033
278	82	3.443896	0.549265	2.801900	6.795061
278	83	3.443896	0.569905	3.006699	7.020501
278	84	3.443896	0.584645	3.470732	7.499273
278	85	3.443896	0.572279	3.030251	7.046426
278	86	3.443896	0.507676	2.389234	6.340806
278	87	3.443896	0.713084	4.427393	8.584374
278	88	3.443896	0.667478	3.974867	8.086242
278	89	3.443896	0.567553	2.983363	6.994812
278	90	3.443896	0.493543	2.248993	6.186432
278	91	3.443896	0.579509	3.101993	7.125398
278	92	3.443896	0.518408	2.495717	6.458021
278	93	3.443896	0.427251	1.591217	5.462364
278	94	3.443896	0.640072	3.702930	7.786899
278	95	3.443896	0.633273	3.635470	7.712639
278	96	3.443896	0.502309	2.335973	6.282177
278	97	3.443896	0.676689	4.066258	8.186843
278	98	3.443896	0.500395	2.316986	6.261278
278	99	3.443896	0.662109	3.921590	8.027595
279	0	3.286775	0.460351	1.919648	5.666774
279	1	3.286775	0.460351	1.919648	5.666774
279	2	3.286775	0.690089	4.199226	8.176091
279	3	3.286775	0.510947	2.421690	6.219412
279	4	3.286775	0.646331	3.765032	7.698138
279	5	3.286775	0.634554	3.648177	7.569506
279	6	3.286775	0.588449	3.190698	7.065922
279	7	3.286775	0.501282	2.325781	6.113837
279	8	3.286775	0.579299	3.099906	6.965980
279	9	3.286775	0.519243	2.504005	6.310024
279	10	3.286775	0.525422	2.565312	6.377509
279	11	3.286775	0.641078	3.712906	7.640759
279	12	3.286775	0.604871	3.353648	7.245295
279	13	3.286775	0.590965	3.215663	7.093403
279	14	3.286775	0.652429	3.825544	7.764749
279	15	3.286775	0.579299	3.099906	6.965980
279	16	3.286775	0.646955	3.824192	7.757923
279	17	3.286775	0.651214	3.919415	7.857405
279	18	3.286775	0.604871	3.353648	7.245295
279	19	3.286775	0.460351	1.919648	5.666774
279	20	3.286775	0.524209	2.553277	6.364261
279	21	3.286775	0.569022	2.997930	6.853727
279	22	3.286775	0.438581	1.703633	5.428989
279	23	3.286775	0.547675	2.786120	6.620571
279	24	3.286775	0.665414	3.954388	7.906578
279	25	3.286775	0.497480	2.288062	6.072318
279	26	3.286775	0.689991	4.198249	8.175015
279	27	3.286775	0.549592	3.334776	7.171144
279	28	3.286775	0.549442	2.803648	6.639865
279	29	3.286775	0.560446	2.912837	6.760058
279	30	3.286775	0.641021	3.712349	7.640145
279	31	3.286775	0.438581	1.703633	5.428989
279	32	3.286775	0.637651	3.678910	7.603337
279	33	3.286775	0.649665	3.798110	7.734550
279	34	3.286775	0.631703	3.937674	7.856152
279	35	3.286775	0.603706	3.342091	7.232572
279	36	3.286775	0.615763	3.461720	7.364258
279	37	3.286775	0.634428	3.646929	7.568132
279	38	3.286775	0.616025	3.464317	7.367117
279	39	3.286775	0.607001	3.374785	7.268561
279	40	3.286775	0.510947	2.421690	6.219412
279	41	3.286775	0.542887	2.738608	6.568271
279	42	3.286775	0.651214	3.919415	7.857405
279	43	3.286775	0.600676	3.312017	7.199468
279	44	3.286775	0.634731	3.649933	7.571439
279	45	3.286775	0.530945	2.620120	6.437841
279	46	3.286775	0.681350	4.112509	8.080634
279	47	3.286775	0.525422	2.565312	6.377509
279	48	3.286775	0.542887	2.738608	6.568271
279	49	3.286775	0.670980	4.009617	7.967373
279	50	3.286775	0.498644	2.299610	6.085029
279	51	3.286775	0.579299	3.099906	6.965980
279	52	3.286775	0.560446	2.912837	6.760058
279	53	3.286775	0.598415	3.289584	7.174774
279	54	3.286775	0.616025	3.464317	7.367117
279	55	3.286775	0.696167	4.259531	8.242473
279	56	3.286775	0.509779	2.410101	6.206655
279	57	3.286775	0.732710	4.728061	8.747547
279	58	3.286775	0.618633	3.649096	7.554504
279	59	3.286775	0.510947	2.421690	6.219412
279	60	3.286775	0.568155	2.989329	6.844259
279	61	3.286775	0.581123	3.118010	6.985908
279	62	3.286775	0.670980	4.009617	7.967373
279	63	3.286775	0.460351	1.919648	5.666774
279	64	3.286775	0.634731	3.649933	7.571439
279	65	3.286775	0.634554	3.648177	7.569506
279	66	3.286775	0.510947	2.421690	6.219412
279	67	3.286775	0.651214	3.919415	7.857405
279	68	3.286775	0.689991	4.198249	8.175015
279	69	3.286775	0.718050	4.476661	8.481486
279	70	3.286775	0.621038	3.514060	7.421873
279	71	3.286775	0.649665	3.798110	7.734550
279	72	3.286775	0.634731	3.649933	7.571439
279	73	3.286775	0.586635	3.172703	7.046114
279	74	3.286775	0.660258	3.903225	7.850258
279	75	3.286775	0.643883	3.740747	7.671406
279	76	3.286775	0.646955	3.824192	7.757923
279	77	3.286775	0.681350	4.112509	8.080634
279	78	3.286775	0.561519	2.923486	6.771781
279	79	3.286775	0.646331	3.765032	7.698138
279	80	3.286775	0.568155	2.989329	6.844259
279	81	3.286775	0.509779	2.410101	6.206655
279	82	3.286775	0.645090	3.752720	7.684586
279	83	3.286775	0.689991	4.198249	8.175015
279	84	3.286775	0.612161	3.637837	7.536773
279	85	3.286775	0.497480	2.288062	6.072318
279	86	3.286775	0.578297	3.089961	6.955033
279	87	3.286775	0.713732	4.433823	8.434331
279	88	3.286775	0.598155	3.287008	7.171939
279	89	3.286775	0.501282	2.325781	6.113837
279	90	3.286775	0.632492	3.627720	7.546988
279	91	3.286775	0.621038	3.514060	7.421873
279	92	3.286775	0.615763	3.461720	7.364258
279	93	3.286775	0.569022	2.997930	6.853727
279	94	3.286775	0.553928	2.848160	6.688863
279	95	3.286775	0.619186	3.495684	7.401645
279	96	3.286775	0.530945	2.620120	6.437841
279	97	3.286775	0.602434	3.329467	7.218677
279	98	3.286775	0.590965	3.215663	7.093403
279	99	3.286775	0.561519	2.923486	6.771781
280	0	3.317339	0.657628	3.877125	7.852092
280	1	3.317339	0.623272	3.589192	7.529802
280	2	3.317339	0.490472	2.218518	6.026328
280	3	3.317339	0.644262	3.744502	7.706103
280	4	3.317339	0.570958	3.017142	6.905439
280	5	3.317339	0.584906	3.155544	7.057790
280	6	3.317339	0.549055	2.958701	6.825094
280	7	3.317339	0.526909	3.056742	6.900990
280	8	3.317339	0.579568	3.102579	6.999486
280	9	3.317339	0.598336	3.288807	7.204482
280	10	3.317339	0.555889	2.867623	6.740851
280	11	3.317339	0.590285	3.208918	7.116542
280	12	3.317339	0.555889	2.867623	6.740851
280	13	3.317339	0.578980	3.361557	7.257875
280	14	3.317339	0.509114	2.403498	6.229951
280	15	3.317339	0.532893	2.639447	6.489679
280	16	3.317339	0.598294	3.288383	7.204016
280	17	3.317339	0.530447	2.615169	6.462955
280	18	3.317339	0.670963	4.009446	7.997749
280	19	3.317339	0.709410	4.390935	8.417684
280	20	3.317339	0.553521	2.844126	6.714986
280	21	3.317339	0.530447	2.615169	6.462955
280	22	3.317339	0.594284	3.248595	7.160217
280	23	3.317339	0.532893	2.639447	6.489679
280	24	3.317339	0.574864	3.055903	6.948106
280	25	3.317339	0.520071	3.147780	6.985190
280	26	3.317339	0.603801	3.343030	7.264170
280	27	3.317339	0.601069	3.315917	7.234324
280	28	3.317339	0.598164	3.287096	7.202599
280	29	3.317339	0.644262	3.744502	7.706103
280	30	3.317339	0.519430	2.505856	6.342625
280	31	3.317339	0.598164	3.287096	7.202599
280	32	3.317339	0.490627	2.220060	6.028026
280	33	3.317339	0.670863	4.008453	7.996655
280	34	3.317339	0.566501	2.972916	6.856756
280	35	3.317339	0.615526	3.459369	7.392234
280	36	3.317339	0.553521	2.844126	6.714986
280	37	3.317339	0.675163	4.051120	8.043623
280	38	3.317339	0.550008	2.809267	6.676614
280	39	3.317339	0.598164	3.287096	7.202599
280	40	3.317339	0.702715	4.377467	8.397521
280	41	3.317339	0.490472	2.218518	6.026328
280	42	3.317339	0.597226	3.277791	7.192356
280	43	3.317339	0.644262	3.744502	7.706103
280	44	3.317339	0.670863	4.008453	7.996655
280	45	3.317339	0.519430	2.505856	6.342625
280	46	3.317339	0.657628	3.877125	7.852092
280	47	3.317339	0.590285	3.208918	7.116542
280	48	3.317339	0.649101	3.792521	7.758961
280	49	3.317339	0.628326	3.586379	7.532044
280	50	3.317339	0.513884	2.450827	6.282050
280	51	3.317339	0.668050	3.980544	7.965934
280	52	3.317339	0.519928	2.510798	6.348065
280	53	3.317339	0.670863	4.008453	7.996655
280	54	3.317339	0.627683	3.738893	7.683915
280	55	3.317339	0.575655	3.063752	6.956746
280	56	3.317339	0.601069	3.315917	7.234324
280	57	3.317339	0.498514	2.298321	6.114175
280	58	3.317339	0.598137	3.286832	7.202308
280	59	3.317339	0.551825	2.827302	6.696466
280	60	3.317339	0.599840	3.303730	7.220909
280	61	3.317339	0.584906	3.155544	7.057790
280	62	3.317339	0.487473	2.188766	5.993578
280	63	3.317339	0.675163	4.051120	8.043623
280	64	3.317339	0.566501	2.972916	6.856756
280	65	3.317339	0.573307	3.305273	7.195919
280	66	3.317339	0.709679	4.393602	8.420620
280	67	3.317339	0.519316	2.504724	6.341379
280	68	3.317339	0.513884	2.450827	6.282050
280	69	3.317339	0.687281	4.171364	8.175984
280	70	3.317339	0.764596	4.938522	9.020457
280	71	3.317339	0.513884	2.450827	6.282050
280	72	3.317339	0.509157	2.403920	6.230416
280	73	3.317339	0.490627	2.220060	6.028026
280	74	3.317339	0.532893	2.639447	6.489679
280	75	3.317339	0.740560	4.700021	8.757920
280	76	3.317339	0.538680	2.696864	6.552883
280	77	3.317339	0.636126	3.822670	7.776135
280	78	3.317339	0.590719	3.478045	7.386104
280	79	3.317339	0.563561	2.943745	6.824645
280	80	3.317339	0.538680	2.696864	6.552883
280	81	3.317339	0.598336	3.288807	7.204482
280	82	3.317339	0.558549	2.894016	6.769904
280	83	3.317339	0.603905	3.344057	7.265300
280	84	3.317339	0.579568	3.102579	6.999486
280	85	3.317339	0.538680	2.696864	6.552883
280	86	3.317339	0.513884	2.450827	6.282050
280	87	3.317339	0.537184	2.682026	6.536550
280	88	3.317339	0.709679	4.393602	8.420620
280	89	3.317339	0.490472	2.218518	6.026328
280	90	3.317339	0.709679	4.393602	8.420620
280	91	3.317339	0.670863	4.008453	7.996655
280	92	3.317339	0.570958	3.017142	6.905439
280	93	3.317339	0.687281	4.171364	8.175984
280	94	3.317339	0.590285	3.208918	7.116542
280	95	3.317339	0.509114	2.403498	6.229951
280	96	3.317339	0.579276	3.099683	6.996298
280	97	3.317339	0.594284	3.248595	7.160217
280	98	3.317339	0.649127	3.792780	7.759247
280	99	3.317339	0.550008	2.809267	6.676614
281	0	3.334955	0.615020	3.454345	7.404320
281	1	3.334955	0.530771	2.618392	6.484119
281	2	3.334955	0.539726	2.707249	6.581930
281	3	3.334955	0.601833	3.588316	7.525104
281	4	3.334955	0.586996	3.282206	7.204157
281	5	3.334955	0.558323	2.891769	6.785047
281	6	3.334955	0.601833	3.588316	7.525104
281	7	3.334955	0.619875	3.502526	7.457357
281	8	3.334955	0.431759	1.635947	5.402662
281	9	3.334955	0.523037	2.541649	6.399642
281	10	3.334955	0.654004	3.841169	7.830129
281	11	3.334955	0.579471	3.101616	7.016042
281	12	3.334955	0.536369	2.673936	6.545260
281	13	3.334955	0.595990	3.265528	7.196474
281	14	3.334955	0.668568	4.038644	8.042168
281	15	3.334955	0.632614	3.628925	7.596494
281	16	3.334955	0.527999	2.590879	6.453833
281	17	3.334955	0.671502	4.014795	8.021253
281	18	3.334955	0.544844	2.758033	6.637833
281	19	3.334955	0.583127	3.137887	7.055969
281	20	3.334955	0.526262	2.573646	6.434863
281	21	3.334955	0.515496	2.466826	6.317278
281	22	3.334955	0.511941	2.431552	6.278448
281	23	3.334955	0.591876	3.224708	7.151540
281	24	3.334955	0.565935	2.967300	6.868190
281	25	3.334955	0.536814	2.678356	6.550126
281	26	3.334955	0.473628	2.051389	5.859973
281	27	3.334955	0.576193	3.069089	6.980237
281	28	3.334955	0.605022	3.672928	7.612905
281	29	3.334955	0.522632	2.537630	6.395217
281	30	3.334955	0.568778	2.995518	6.899251
281	31	3.334955	0.548624	2.795539	6.679118
281	32	3.334955	0.560632	2.914688	6.810276
281	33	3.334955	0.554141	2.850282	6.739379
281	34	3.334955	0.583127	3.137887	7.055969
281	35	3.334955	0.657488	3.875734	7.868177
281	36	3.334955	0.537542	2.685577	6.558075
281	37	3.334955	0.557421	2.882828	6.775204
281	38	3.334955	0.569777	3.005422	6.910154
281	39	3.334955	0.657488	3.875734	7.868177
281	40	3.334955	0.499466	2.307769	6.142191
281	41	3.334955	0.565935	2.967300	6.868190
281	42	3.334955	0.531928	2.629869	6.496752
281	43	3.334955	0.583127	3.137887	7.055969
281	44	3.334955	0.668568	4.038644	8.042168
281	45	3.334955	0.709881	4.395605	8.440441
281	46	3.334955	0.565935	2.967300	6.868190
281	47	3.334955	0.735007	4.644917	8.714879
281	48	3.334955	0.668568	4.038644	8.042168
281	49	3.334955	0.554141	2.850282	6.739379
281	50	3.334955	0.531928	2.629869	6.496752
281	51	3.334955	0.431759	1.635947	5.402662
281	52	3.334955	0.527999	2.590879	6.453833
281	53	3.334955	0.539726	2.707249	6.581930
281	54	3.334955	0.619824	3.502016	7.456795
281	55	3.334955	0.573788	3.415973	7.324717
281	56	3.334955	0.634589	3.648524	7.618068
281	57	3.334955	0.536369	2.673936	6.545260
281	58	3.334955	0.511941	2.431552	6.278448
281	59	3.334955	0.611368	3.418118	7.364441
281	60	3.334955	0.535254	2.662868	6.533077
281	61	3.334955	0.671502	4.014795	8.021253
281	62	3.334955	0.689402	4.192405	8.216762
281	63	3.334955	0.515496	2.466826	6.317278
281	64	3.334955	0.632614	3.628925	7.596494
281	65	3.334955	0.535254	2.662868	6.533077
281	66	3.334955	0.587310	3.179400	7.101666
281	67	3.334955	0.473628	2.051389	5.859973
281	68	3.334955	0.539726	2.707249	6.581930
281	69	3.334955	0.573518	3.042547	6.951020
281	70	3.334955	0.645844	3.760197	7.740996
281	71	3.334955	0.576018	3.067352	6.978325
281	72	3.334955	0.593728	3.243081	7.171765
281	73	3.334955	0.510981	2.422021	6.267957
281	74	3.334955	0.473628	2.051389	5.859973
281	75	3.334955	0.576018	3.067352	6.978325
281	76	3.334955	0.613636	3.440622	7.389214
281	77	3.334955	0.557421	2.882828	6.775204
281	78	3.334955	0.621905	3.575627	7.532487
281	79	3.334955	0.557019	2.878830	6.770804
281	80	3.334955	0.562424	2.932468	6.829847
281	81	3.334955	0.554141	2.850282	6.739379
281	82	3.334955	0.590681	3.212843	7.138479
281	83	3.334955	0.515496	2.466826	6.317278
281	84	3.334955	0.579471	3.101616	7.016042
281	85	3.334955	0.595831	3.263944	7.194730
281	86	3.334955	0.573518	3.042547	6.951020
281	87	3.334955	0.579471	3.101616	7.016042
281	88	3.334955	0.685443	4.259047	8.279446
281	89	3.334955	0.576018	3.067352	6.978325
281	90	3.334955	0.716758	4.463845	8.515558
281	91	3.334955	0.576235	3.069510	6.980700
281	92	3.334955	0.544844	2.758033	6.637833
281	93	3.334955	0.593728	3.243081	7.171765
281	94	3.334955	0.590681	3.212843	7.138479
281	95	3.334955	0.595990	3.265528	7.196474
281	96	3.334955	0.598168	3.287134	7.220258
281	97	3.334955	0.527999	2.590879	6.453833
281	98	3.334955	0.557019	2.878830	6.770804
281	99	3.334955	0.748741	4.781193	8.864889
282	0	3.194584	0.581013	3.116915	6.892512
282	1	3.194584	0.589341	3.199551	6.983476
282	2	3.194584	0.530019	2.610929	6.335532
282	3	3.194584	0.563929	2.947398	6.705910
282	4	3.194584	0.617648	3.533385	7.345616
282	5	3.194584	0.475641	2.071362	5.741586
282	6	3.194584	0.508732	2.399703	6.103018
282	7	3.194584	0.549008	2.799344	6.542935
282	8	3.194584	0.575253	3.059765	6.829602
282	9	3.194584	0.515448	2.466342	6.176373
282	10	3.194584	0.563929	2.947398	6.705910
282	11	3.194584	0.631191	3.932593	7.758368
282	12	3.194584	0.547562	2.785001	6.527147
282	13	3.194584	0.572261	3.030076	6.796921
282	14	3.194584	0.518126	2.969594	6.682304
282	15	3.194584	0.475641	2.071362	5.741586
282	16	3.194584	0.581245	3.119216	6.895045
282	17	3.194584	0.624103	3.544475	7.363161
282	18	3.194584	0.453125	1.847948	5.495657
282	19	3.194584	0.705932	4.356426	8.256942
282	20	3.194584	0.715302	4.555327	8.465213
282	21	3.194584	0.549008	2.799344	6.542935
282	22	3.194584	0.497420	2.287459	5.979463
282	23	3.194584	0.589203	3.198181	6.981968
282	24	3.194584	0.586847	3.174803	6.956233
282	25	3.194584	0.724469	4.540356	8.459408
282	26	3.194584	0.508732	2.399703	6.103018
282	27	3.194584	0.530019	2.610929	6.335532
282	28	3.194584	0.593778	3.243572	7.031933
282	29	3.194584	0.566910	2.976974	6.738467
282	30	3.194584	0.547562	2.785001	6.527147
282	31	3.194584	0.584831	3.154801	6.934215
282	32	3.194584	0.645805	3.759814	7.600202
282	33	3.194584	0.515448	2.466342	6.176373
282	34	3.194584	0.532000	2.630586	6.357169
282	35	3.194584	0.453125	1.847948	5.495657
282	36	3.194584	0.579411	3.101023	6.875017
282	37	3.194584	0.546806	2.777499	6.518889
282	38	3.194584	0.675594	4.214282	8.084459
282	39	3.194584	0.624103	3.544475	7.363161
282	40	3.194584	0.529173	2.602534	6.326291
282	41	3.194584	0.604611	3.351068	7.150263
282	42	3.194584	0.529173	2.602534	6.326291
282	43	3.194584	0.629909	3.602090	7.426582
282	44	3.194584	0.584831	3.154801	6.934215
282	45	3.194584	0.532774	2.638260	6.365618
282	46	3.194584	0.529173	2.602534	6.326291
282	47	3.194584	0.529173	2.602534	6.326291
282	48	3.194584	0.674893	4.154371	8.023848
282	49	3.194584	0.617095	3.474938	7.286617
282	50	3.194584	0.589341	3.199551	6.983476
282	51	3.194584	0.531873	2.629319	6.355775
282	52	3.194584	0.557437	2.882979	6.634999
282	53	3.194584	0.703587	4.333155	8.231326
282	54	3.194584	0.529509	2.605870	6.329963
282	55	3.194584	0.604214	3.347130	7.145928
282	56	3.194584	0.572261	3.030076	6.796921
282	57	3.194584	0.453125	1.847948	5.495657
282	58	3.194584	0.631818	3.621030	7.447432
282	59	3.194584	0.589341	3.199551	6.983476
282	60	3.194584	0.532000	2.630586	6.357169
282	61	3.194584	0.624209	3.651460	7.470253
282	62	3.194584	0.515448	2.466342	6.176373
282	63	3.194584	0.579145	3.098381	6.872110
282	64	3.194584	0.526055	2.942341	6.662979
282	65	3.194584	0.783901	5.130070	9.108555
282	66	3.194584	0.529173	2.602534	6.326291
282	67	3.194584	0.594589	3.516438	7.305610
282	68	3.194584	0.588201	3.188236	6.971021
282	69	3.194584	0.692862	4.226736	8.114181
282	70	3.194584	0.580153	3.108379	6.883115
282	71	3.194584	0.574567	3.052951	6.822101
282	72	3.194584	0.593778	3.243572	7.031933
282	73	3.194584	0.638458	3.686914	7.519956
282	74	3.194584	0.549233	2.801578	6.545395
282	75	3.194584	0.532000	2.630586	6.357169
282	76	3.194584	0.703587	4.333155	8.231326
282	77	3.194584	0.563929	2.947398	6.705910
282	78	3.194584	0.529173	2.602534	6.326291
282	79	3.194584	0.579411	3.101023	6.875017
282	80	3.194584	0.572261	3.030076	6.796921
282	81	3.194584	0.579411	3.101023	6.875017
282	82	3.194584	0.432962	1.647875	5.275420
282	83	3.194584	0.549233	2.801578	6.545395
282	84	3.194584	0.574567	3.052951	6.822101
282	85	3.194584	0.703587	4.333155	8.231326
282	86	3.194584	0.531873	2.629319	6.355775
282	87	3.194584	0.557437	2.882979	6.634999
282	88	3.194584	0.640629	3.708453	7.543666
282	89	3.194584	0.506116	2.744494	6.445193
282	90	3.194584	0.643368	3.735635	7.573587
282	91	3.194584	0.566324	2.971165	6.732073
282	92	3.194584	0.662197	3.922466	7.779247
282	93	3.194584	0.596096	3.266580	7.057260
282	94	3.194584	0.703587	4.333155	8.231326
282	95	3.194584	0.531873	2.629319	6.355775
282	96	3.194584	0.573021	3.037611	6.805215
282	97	3.194584	0.544710	2.756703	6.495997
282	98	3.194584	0.547562	2.785001	6.527147
282	99	3.194584	0.604611	3.351068	7.150263
283	0	3.383852	0.541702	2.726849	6.652403
283	1	3.383852	0.529903	2.609781	6.523537
283	2	3.383852	0.617023	3.474223	7.475097
283	3	3.383852	0.593032	3.236178	7.213063
283	4	3.383852	0.643494	3.736881	7.764227
283	5	3.383852	0.668621	3.986209	8.038682
283	6	3.383852	0.662453	3.977968	8.024273
283	7	3.383852	0.568302	2.990791	6.942945
283	8	3.383852	0.563703	2.945160	6.892715
283	9	3.383852	0.553056	2.839515	6.776424
283	10	3.383852	0.639866	3.700886	7.724605
283	11	3.383852	0.588697	3.193161	7.165710
283	12	3.383852	0.563368	2.941831	6.889051
283	13	3.383852	0.579430	3.101213	7.064495
283	14	3.383852	0.553056	2.839515	6.776424
283	15	3.383852	0.580299	3.109835	7.073987
283	16	3.383852	0.620238	3.717978	7.722068
283	17	3.383852	0.580299	3.109835	7.073987
283	18	3.383852	0.512437	2.436465	6.332754
283	19	3.383852	0.501298	2.325941	6.211091
283	20	3.383852	0.558376	2.892296	6.834524
283	21	3.383852	0.629184	3.594893	7.607929
283	22	3.383852	0.612236	3.426726	7.422814
283	23	3.383852	0.500143	2.314480	6.198475
283	24	3.383852	0.570679	3.014378	6.968910
283	25	3.383852	0.529903	2.609781	6.523537
283	26	3.383852	0.562044	2.928698	6.874594
283	27	3.383852	0.523693	2.548156	6.455701
283	28	3.383852	0.537990	2.690023	6.611866
283	29	3.383852	0.659663	3.897323	7.940839
283	30	3.383852	0.563368	2.941831	6.889051
283	31	3.383852	0.569911	3.006760	6.960524
283	32	3.383852	0.616321	3.520226	7.520400
283	33	3.383852	0.553056	2.839515	6.776424
283	34	3.383852	0.483929	2.153601	6.021382
283	35	3.383852	0.553169	2.840632	6.777653
283	36	3.383852	0.499794	2.311021	6.194667
283	37	3.383852	0.509940	2.411697	6.305489
283	38	3.383852	0.563703	2.945160	6.892715
283	39	3.383852	0.638726	3.689576	7.712154
283	40	3.383852	0.563368	2.941831	6.889051
283	41	3.383852	0.585761	3.164031	7.133645
283	42	3.383852	0.558376	2.892296	6.834524
283	43	3.383852	0.703691	4.334187	8.421730
283	44	3.383852	0.550365	2.812810	6.747027
283	45	3.383852	0.545571	2.765241	6.694664
283	46	3.383852	0.523693	2.548156	6.455701
283	47	3.383852	0.612236	3.426726	7.422814
283	48	3.383852	0.580299	3.109835	7.073987
283	49	3.383852	0.663608	3.936465	7.983925
283	50	3.383852	0.553169	2.840632	6.777653
283	51	3.383852	0.577257	3.079648	7.040757
283	52	3.383852	0.574384	3.051138	7.009374
283	53	3.383852	0.574384	3.051138	7.009374
283	54	3.383852	0.662163	4.028058	8.074073
283	55	3.383852	0.537779	3.058670	6.980300
283	56	3.383852	0.446167	1.778911	5.608930
283	57	3.383852	0.507925	2.391702	6.283479
283	58	3.383852	0.446167	1.778911	5.608930
283	59	3.383852	0.577257	3.079648	7.040757
283	60	3.383852	0.587082	3.177130	7.148064
283	61	3.383852	0.532278	2.633344	6.549475
283	62	3.383852	0.636509	3.667579	7.687940
283	63	3.383852	0.583261	3.139218	7.106331
283	64	3.383852	0.580299	3.109835	7.073987
283	65	3.383852	0.509940	2.411697	6.305489
283	66	3.383852	0.541702	2.726849	6.652403
283	67	3.383852	0.731771	4.612816	8.728439
283	68	3.383852	0.583261	3.139218	7.106331
283	69	3.383852	0.643494	3.736881	7.764227
283	70	3.383852	0.532278	2.633344	6.549475
283	71	3.383852	0.537990	2.690023	6.611866
283	72	3.383852	0.672925	4.028913	8.085690
283	73	3.383852	0.584237	3.148903	7.116992
283	74	3.383852	0.668621	3.986209	8.038682
283	75	3.383852	0.508927	2.401640	6.294419
283	76	3.383852	0.571179	3.337120	7.292151
283	77	3.383852	0.502902	2.341862	6.228616
283	78	3.383852	0.522437	2.853473	6.759761
283	79	3.383852	0.643494	3.736881	7.764227
283	80	3.383852	0.606610	3.370898	7.361360
283	81	3.383852	0.672925	4.028913	8.085690
283	82	3.383852	0.499794	2.311021	6.194667
283	83	3.383852	0.685058	4.149297	8.218207
283	84	3.383852	0.569911	3.006760	6.960524
283	85	3.383852	0.563703	2.945160	6.892715
283	86	3.383852	0.662163	4.028058	8.074073
283	87	3.383852	0.543718	3.170562	7.098132
283	88	3.383852	0.677585	4.075151	8.136588
283	89	3.383852	0.599844	3.303762	7.287457
283	90	3.383852	0.540852	2.718416	6.643120
283	91	3.383852	0.583261	3.139218	7.106331
283	92	3.383852	0.502902	2.341862	6.228616
283	93	3.383852	0.668621	3.986209	8.038682
283	94	3.383852	0.611993	3.477282	7.473128
283	95	3.383852	0.553056	2.839515	6.776424
283	96	3.383852	0.638726	3.689576	7.712154
283	97	3.383852	0.563368	2.941831	6.889051
283	98	3.383852	0.584502	3.151533	7.119887
283	99	3.383852	0.639866	3.700886	7.724605
284	0	3.320132	0.651204	3.866354	7.837691
284	1	3.320132	0.514206	2.454028	6.288366
284	2	3.320132	0.510020	2.412488	6.242640
284	3	3.320132	0.633041	3.633165	7.586339
284	4	3.320132	0.517144	2.483180	6.320456
284	5	3.320132	0.554099	2.849857	6.724088
284	6	3.320132	0.633041	3.633165	7.586339
284	7	3.320132	0.567547	2.983300	6.870979
284	8	3.320132	0.678552	4.084750	8.083435
284	9	3.320132	0.567356	2.981403	6.868891
284	10	3.320132	0.515104	2.462931	6.298166
284	11	3.320132	0.567929	3.251906	7.139967
284	12	3.320132	0.517144	2.483180	6.320456
284	13	3.320132	0.601213	3.317352	7.238697
284	14	3.320132	0.650503	3.806430	7.777065
284	15	3.320132	0.604114	3.346139	7.270386
284	16	3.320132	0.678552	4.084750	8.083435
284	17	3.320132	0.595730	3.421838	7.337700
284	18	3.320132	0.683314	4.131993	8.135439
284	19	3.320132	0.592386	3.282729	7.195248
284	20	3.320132	0.508432	2.396726	6.225289
284	21	3.320132	0.653201	3.833200	7.806533
284	22	3.320132	0.601563	3.320822	7.242517
284	23	3.320132	0.498362	2.296811	6.115305
284	24	3.320132	0.581019	3.116978	7.018130
284	25	3.320132	0.750140	4.795080	8.865352
284	26	3.320132	0.485246	2.166671	5.972049
284	27	3.320132	0.515104	2.462931	6.298166
284	28	3.320132	0.608894	3.393562	7.322588
284	29	3.320132	0.478514	2.099872	5.898518
284	30	3.320132	0.538776	2.697819	6.556727
284	31	3.320132	0.505974	2.372345	6.198451
284	32	3.320132	0.474012	2.055200	5.849345
284	33	3.320132	0.554640	2.855230	6.730002
284	34	3.320132	0.573145	3.038850	6.932127
284	35	3.320132	0.553812	2.847017	6.720962
284	36	3.320132	0.678552	4.084750	8.083435
284	37	3.320132	0.515104	2.462931	6.298166
284	38	3.320132	0.538776	2.697819	6.556727
284	39	3.320132	0.653201	3.833200	7.806533
284	40	3.320132	0.589949	3.205585	7.115667
284	41	3.320132	0.542697	3.001540	6.864368
284	42	3.320132	0.611433	3.418756	7.350321
284	43	3.320132	0.513999	2.451969	6.286100
284	44	3.320132	0.575549	3.062700	6.958381
284	45	3.320132	0.623049	3.534017	7.477198
284	46	3.320132	0.483794	2.152264	5.956190
284	47	3.320132	0.616610	3.470128	7.406870
284	48	3.320132	0.610980	3.520188	7.451300
284	49	3.320132	0.540187	2.711821	6.572141
284	50	3.320132	0.567547	2.983300	6.870979
284	51	3.320132	0.572571	3.033147	6.925850
284	52	3.320132	0.623049	3.534017	7.477198
284	53	3.320132	0.513999	2.451969	6.286100
284	54	3.320132	0.608894	3.393562	7.322588
284	55	3.320132	0.707701	4.373979	8.401812
284	56	3.320132	0.678552	4.084750	8.083435
284	57	3.320132	0.541853	2.728350	6.590335
284	58	3.320132	0.575549	3.062700	6.958381
284	59	3.320132	0.589462	3.518538	7.428132
284	60	3.320132	0.535677	2.667072	6.522881
284	61	3.320132	0.510020	2.412488	6.242640
284	62	3.320132	0.573145	3.038850	6.932127
284	63	3.320132	0.709805	4.447815	8.477752
284	64	3.320132	0.634164	3.644305	7.598601
284	65	3.320132	0.567929	3.251906	7.139967
284	66	3.320132	0.679632	4.095466	8.095231
284	67	3.320132	0.496304	2.276392	6.092828
284	68	3.320132	0.554099	2.849857	6.724088
284	69	3.320132	0.483794	2.152264	5.956190
284	70	3.320132	0.574049	3.047817	6.941998
284	71	3.320132	0.648673	3.788275	7.757081
284	72	3.320132	0.495807	2.271457	6.087395
284	73	3.320132	0.502206	2.334954	6.157292
284	74	3.320132	0.695986	4.257731	8.273849
284	75	3.320132	0.653201	3.833200	7.806533
284	76	3.320132	0.571174	3.019284	6.910589
284	77	3.320132	0.519352	2.505083	6.344567
284	78	3.320132	0.495807	2.271457	6.087395
284	79	3.320132	0.564942	2.957451	6.842526
284	80	3.320132	0.571174	3.019284	6.910589
284	81	3.320132	0.510020	2.412488	6.242640
284	82	3.320132	0.487010	2.184169	5.991311
284	83	3.320132	0.572934	3.036748	6.929814
284	84	3.320132	0.572934	3.036748	6.929814
284	85	3.320132	0.540187	2.711821	6.572141
284	86	3.320132	0.487010	2.184169	5.991311
284	87	3.320132	0.547794	2.787297	6.655222
284	88	3.320132	0.575549	3.062700	6.958381
284	89	3.320132	0.553812	2.847017	6.720962
284	90	3.320132	0.505974	2.372345	6.198451
284	91	3.320132	0.608894	3.393562	7.322588
284	92	3.320132	0.487010	2.184169	5.991311
284	93	3.320132	0.502206	2.334954	6.157292
284	94	3.320132	0.424946	1.568339	5.313417
284	95	3.320132	0.550297	3.182879	7.053308
284	96	3.320132	0.498362	2.296811	6.115305
284	97	3.320132	0.515104	2.462931	6.298166
284	98	3.320132	0.571174	3.019284	6.910589
284	99	3.320132	0.519352	2.505083	6.344567
285	0	3.281279	0.545074	2.760307	6.586660
285	1	3.281279	0.545113	2.760699	6.587091
285	2	3.281279	0.522251	2.533853	6.337384
285	3	3.281279	0.613110	3.435399	7.329788
285	4	3.281279	0.460665	1.922760	5.664704
285	5	3.281279	0.688307	4.181542	8.151128
285	6	3.281279	0.543002	2.739753	6.564034
285	7	3.281279	0.706570	4.574614	8.562463
285	8	3.281279	0.650281	3.804225	7.735785
285	9	3.281279	0.504843	2.361119	6.147242
285	10	3.281279	0.611001	3.573363	7.465643
285	11	3.281279	0.499065	2.303783	6.084127
285	12	3.281279	0.690743	4.311642	8.283665
285	13	3.281279	0.549842	2.807622	6.638744
285	14	3.281279	0.637810	3.680485	7.599575
285	15	3.281279	0.615357	3.457696	7.354332
285	16	3.281279	0.600378	3.679811	7.561468
285	17	3.281279	0.641678	3.718862	7.641819
285	18	3.281279	0.578126	3.088267	6.947672
285	19	3.281279	0.621713	3.520760	7.423752
285	20	3.281279	0.576322	3.070372	6.927974
285	21	3.281279	0.651352	3.814850	7.747481
285	22	3.281279	0.644002	3.741920	7.667201
285	23	3.281279	0.593318	3.239010	7.113607
285	24	3.281279	0.522251	2.533853	6.337384
285	25	3.281279	0.559328	2.901750	6.742358
285	26	3.281279	0.539801	2.707991	6.529071
285	27	3.281279	0.597718	3.282675	7.161673
285	28	3.281279	0.725061	4.599193	8.605533
285	29	3.281279	0.608738	3.444976	7.334993
285	30	3.281279	0.669935	3.999243	7.950457
285	31	3.281279	0.583153	3.138152	7.002585
285	32	3.281279	0.549583	2.805052	6.635914
285	33	3.281279	0.597718	3.282675	7.161673
285	34	3.281279	0.539801	2.707991	6.529071
285	35	3.281279	0.578126	3.088267	6.947672
285	36	3.281279	0.615210	3.456233	7.352722
285	37	3.281279	0.486854	2.765222	6.533355
285	38	3.281279	0.668711	3.987096	7.937086
285	39	3.281279	0.576322	3.070372	6.927974
285	40	3.281279	0.578126	3.088267	6.947672
285	41	3.281279	0.634612	3.648750	7.564641
285	42	3.281279	0.712383	4.579321	8.572982
285	43	3.281279	0.539801	2.707991	6.529071
285	44	3.281279	0.613132	3.753401	7.647812
285	45	3.281279	0.624522	3.548637	7.454439
285	46	3.281279	0.591112	3.217123	7.089514
285	47	3.281279	0.545113	2.760699	6.587091
285	48	3.281279	0.621713	3.520760	7.423752
285	49	3.281279	0.511675	2.428905	6.221859
285	50	3.281279	0.576322	3.070372	6.927974
285	51	3.281279	0.539801	2.707991	6.529071
285	52	3.281279	0.621713	3.520760	7.423752
285	53	3.281279	0.669935	3.999243	7.950457
285	54	3.281279	0.643848	3.740392	7.665518
285	55	3.281279	0.608514	3.389792	7.279585
285	56	3.281279	0.549842	2.807622	6.638744
285	57	3.281279	0.504843	2.361119	6.147242
285	58	3.281279	0.696231	4.260167	8.237678
285	59	3.281279	0.539801	2.707991	6.529071
285	60	3.281279	0.578126	3.088267	6.947672
285	61	3.281279	0.522251	2.533853	6.337384
285	62	3.281279	0.609298	3.397577	7.288155
285	63	3.281279	0.720203	4.498033	8.499516
285	64	3.281279	0.562291	2.931150	6.774721
285	65	3.281279	0.659072	3.891452	7.831803
285	66	3.281279	0.611334	3.417777	7.310391
285	67	3.281279	0.640152	3.703723	7.625154
285	68	3.281279	0.584448	3.150996	7.016723
285	69	3.281279	0.591357	3.219551	7.092187
285	70	3.281279	0.605524	3.360123	7.246926
285	71	3.281279	0.637810	3.680485	7.599575
285	72	3.281279	0.667091	3.971024	7.919394
285	73	3.281279	0.576322	3.070372	6.927974
285	74	3.281279	0.643848	3.740392	7.665518
285	75	3.281279	0.613110	3.435399	7.329788
285	76	3.281279	0.615940	3.463482	7.360702
285	77	3.281279	0.510827	2.420496	6.212603
285	78	3.281279	0.539801	2.707991	6.529071
285	79	3.281279	0.533263	2.643112	6.457654
285	80	3.281279	0.539801	2.707991	6.529071
285	81	3.281279	0.539801	2.707991	6.529071
285	82	3.281279	0.539801	2.707991	6.529071
285	83	3.281279	0.621713	3.520760	7.423752
285	84	3.281279	0.688307	4.181542	8.151128
285	85	3.281279	0.643848	3.740392	7.665518
285	86	3.281279	0.602800	3.333101	7.217181
285	87	3.281279	0.562291	2.931150	6.774721
285	88	3.281279	0.562291	2.931150	6.774721
285	89	3.281279	0.659072	3.891452	7.831803
285	90	3.281279	0.727953	4.574930	8.584163
285	91	3.281279	0.545113	2.760699	6.587091
285	92	3.281279	0.605524	3.360123	7.246926
285	93	3.281279	0.622794	3.531484	7.435557
285	94	3.281279	0.577138	3.078462	6.936879
285	95	3.281279	0.667091	3.971024	7.919394
285	96	3.281279	0.656759	3.921470	7.859509
285	97	3.281279	0.640152	3.703723	7.625154
285	98	3.281279	0.650281	3.804225	7.735785
285	99	3.281279	0.608514	3.389792	7.279585
286	0	3.484520	0.557802	2.886605	6.928926
286	1	3.484520	0.520558	2.517054	6.522132
286	2	3.484520	0.594789	3.253611	7.332919
286	3	3.484520	0.584984	3.156320	7.225824
286	4	3.484520	0.601815	3.323327	7.409662
286	5	3.484520	0.555053	2.859324	6.898896
286	6	3.484520	0.659948	3.900146	8.044613
286	7	3.484520	0.631510	3.776861	7.892890
286	8	3.484520	0.582527	3.449720	7.516766
286	9	3.484520	0.516456	2.476352	6.477327
286	10	3.484520	0.734089	4.635815	8.854424
286	11	3.484520	0.543860	2.748268	6.776648
286	12	3.484520	0.570824	3.015814	7.071157
286	13	3.484520	0.579398	3.100888	7.164806
286	14	3.484520	0.588475	3.190962	7.263957
286	15	3.484520	0.483136	2.145732	6.113388
286	16	3.484520	0.573483	3.042198	7.100201
286	17	3.484520	0.516456	2.476352	6.477327
286	18	3.484520	0.516456	2.476352	6.477327
286	19	3.484520	0.579398	3.100888	7.164806
286	20	3.484520	0.645108	3.752896	7.882523
286	21	3.484520	0.544318	2.752808	6.781645
286	22	3.484520	0.549548	2.804703	6.838770
286	23	3.484520	0.584091	3.147452	7.216062
286	24	3.484520	0.500794	2.320941	6.306254
286	25	3.484520	0.534641	2.656784	6.675944
286	26	3.484520	0.695634	4.254246	8.434400
286	27	3.484520	0.582914	3.347631	7.415064
286	28	3.484520	0.477884	2.093615	6.056018
286	29	3.484520	0.543860	2.748268	6.776648
286	30	3.484520	0.547410	2.783487	6.815417
286	31	3.484520	0.501529	2.328236	6.314285
286	32	3.484520	0.525475	2.565838	6.575833
286	33	3.484520	0.629793	3.600937	7.715250
286	34	3.484520	0.628684	3.589936	7.703140
286	35	3.484520	0.584984	3.156320	7.225824
286	36	3.484520	0.572480	3.032248	7.089247
286	37	3.484520	0.577323	3.186230	7.248072
286	38	3.484520	0.584984	3.156320	7.225824
286	39	3.484520	0.506690	2.379445	6.370654
286	40	3.484520	0.521749	2.528864	6.535132
286	41	3.484520	0.579398	3.100888	7.164806
286	42	3.484520	0.543860	2.748268	6.776648
286	43	3.484520	0.683568	4.134517	8.302605
286	44	3.484520	0.601978	3.324937	7.411434
286	45	3.484520	0.574886	3.056120	7.115526
286	46	3.484520	0.582914	3.347631	7.415064
286	47	3.484520	0.555053	2.859324	6.898896
286	48	3.484520	0.523236	2.543627	6.551383
286	49	3.484520	0.499809	2.311165	6.295494
286	50	3.484520	0.690352	4.201830	8.376702
286	51	3.484520	0.631510	3.776861	7.892890
286	52	3.484520	0.630197	3.604943	7.719659
286	53	3.484520	0.511018	2.422388	6.417925
286	54	3.484520	0.699588	4.346443	8.530551
286	55	3.484520	0.588475	3.190962	7.263957
286	56	3.484520	0.525475	2.565838	6.575833
286	57	3.484520	0.623921	3.542674	7.651115
286	58	3.484520	0.499809	2.311165	6.295494
286	59	3.484520	0.575853	3.065718	7.126091
286	60	3.484520	0.622727	3.530824	7.638071
286	61	3.484520	0.655689	3.857888	7.998097
286	62	3.484520	0.543860	2.748268	6.776648
286	63	3.484520	0.477884	2.093615	6.056018
286	64	3.484520	0.630197	3.604943	7.719659
286	65	3.484520	0.659948	3.900146	8.044613
286	66	3.484520	0.543860	2.748268	6.776648
286	67	3.484520	0.645108	3.752896	7.882523
286	68	3.484520	0.500794	2.320941	6.306254
286	69	3.484520	0.516456	2.476352	6.477327
286	70	3.484520	0.654291	3.844018	7.982828
286	71	3.484520	0.575853	3.065718	7.126091
286	72	3.484520	0.584984	3.156320	7.225824
286	73	3.484520	0.571654	3.394794	7.450968
286	74	3.484520	0.520558	2.517054	6.522132
286	75	3.484520	0.542265	2.732434	6.759218
286	76	3.484520	0.563596	2.944098	6.992214
286	77	3.484520	0.525475	2.565838	6.575833
286	78	3.484520	0.571654	3.394794	7.450968
286	79	3.484520	0.566517	2.973076	7.024112
286	80	3.484520	0.500794	2.320941	6.306254
286	81	3.484520	0.500794	2.320941	6.306254
286	82	3.484520	0.721361	4.509519	8.715399
286	83	3.484520	0.483136	2.145732	6.113388
286	84	3.484520	0.633971	3.642389	7.760879
286	85	3.484520	0.544318	2.752808	6.781645
286	86	3.484520	0.629793	3.600937	7.715250
286	87	3.484520	0.523236	2.543627	6.551383
286	88	3.484520	0.525475	2.565838	6.575833
286	89	3.484520	0.582914	3.347631	7.415064
286	90	3.484520	0.598709	3.292506	7.375735
286	91	3.484520	0.601815	3.323327	7.409662
286	92	3.484520	0.544318	2.752808	6.781645
286	93	3.484520	0.501529	2.328236	6.314285
286	94	3.484520	0.525475	2.565838	6.575833
286	95	3.484520	0.705150	4.348664	8.538333
286	96	3.484520	0.623921	3.542674	7.651115
286	97	3.484520	0.625544	3.558771	7.668834
286	98	3.484520	0.553562	2.844534	6.882616
286	99	3.484520	0.499809	2.311165	6.295494
287	0	3.236617	0.549943	2.808621	6.595180
287	1	3.236617	0.516278	2.474586	6.227481
287	2	3.236617	0.637539	3.677800	7.551956
287	3	3.236617	0.716541	4.461695	8.414853
287	4	3.236617	0.605505	3.359933	7.202055
287	5	3.236617	0.731272	4.607859	8.575747
287	6	3.236617	0.550812	2.817245	6.604673
287	7	3.236617	0.554860	2.857410	6.648887
287	8	3.236617	0.550812	2.817245	6.604673
287	9	3.236617	0.605188	3.356788	7.198593
287	10	3.236617	0.590377	3.209830	7.036823
287	11	3.236617	0.580789	3.114694	6.932100
287	12	3.236617	0.530128	2.612004	6.378749
287	13	3.236617	0.622687	3.530424	7.389727
287	14	3.236617	0.588228	3.188506	7.013351
287	15	3.236617	0.499524	2.308337	6.044477
287	16	3.236617	0.703015	4.380441	8.320072
287	17	3.236617	0.569995	3.007588	6.814200
287	18	3.236617	0.543490	2.744593	6.524699
287	19	3.236617	0.637539	3.677800	7.551956
287	20	3.236617	0.741763	4.711956	8.690336
287	21	3.236617	0.654465	3.845743	7.736825
287	22	3.236617	0.534061	2.651033	6.421711
287	23	3.236617	0.568259	2.990368	6.795245
287	24	3.236617	0.678319	4.082430	7.997365
287	25	3.236617	0.549943	2.808621	6.595180
287	26	3.236617	0.588228	3.188506	7.013351
287	27	3.236617	0.638511	3.793365	7.668493
287	28	3.236617	0.499524	2.308337	6.044477
287	29	3.236617	0.550812	2.817245	6.604673
287	30	3.236617	0.677433	4.073647	7.987697
287	31	3.236617	0.598859	3.293993	7.129469
287	32	3.236617	0.689900	4.197350	8.123867
287	33	3.236617	0.604376	3.348730	7.189723
287	34	3.236617	0.598859	3.293993	7.129469
287	35	3.236617	0.637539	3.677800	7.551956
287	36	3.236617	0.625000	3.553373	7.414989
287	37	3.236617	0.538587	2.695942	6.471146
287	38	3.236617	0.637539	3.677800	7.551956
287	39	3.236617	0.596080	3.372345	7.205042
287	40	3.236617	0.557842	3.310707	7.105165
287	41	3.236617	0.574174	3.049058	6.859849
287	42	3.236617	0.601245	3.317671	7.155533
287	43	3.236617	0.570888	3.016452	6.823957
287	44	3.236617	0.528034	2.591232	6.355883
287	45	3.236617	0.627487	3.578052	7.442156
287	46	3.236617	0.569783	3.058445	6.864845
287	47	3.236617	0.642233	3.724366	7.603215
287	48	3.236617	0.723267	4.528434	8.488318
287	49	3.236617	0.581233	3.119098	6.936947
287	50	3.236617	0.494754	2.261006	5.992376
287	51	3.236617	0.669153	3.991480	7.897249
287	52	3.236617	0.578411	3.302947	7.117974
287	53	3.236617	0.516278	2.474586	6.227481
287	54	3.236617	0.642233	3.724366	7.603215
287	55	3.236617	0.601245	3.317671	7.155533
287	56	3.236617	0.583768	3.144251	6.964636
287	57	3.236617	0.574533	3.052615	6.863764
287	58	3.236617	0.549285	2.802094	6.587996
287	59	3.236617	0.689900	4.197350	8.123867
287	60	3.236617	0.549943	2.808621	6.595180
287	61	3.236617	0.604376	3.348730	7.189723
287	62	3.236617	0.560922	2.917565	6.715104
287	63	3.236617	0.654465	3.845743	7.736825
287	64	3.236617	0.642789	3.729891	7.609297
287	65	3.236617	0.678686	4.139042	8.054345
287	66	3.236617	0.651029	4.023501	7.911146
287	67	3.236617	0.528034	2.591232	6.355883
287	68	3.236617	0.596221	3.267819	7.100657
287	69	3.236617	0.528034	2.591232	6.355883
287	70	3.236617	0.601834	3.323513	7.161964
287	71	3.236617	0.489391	2.207798	5.933806
287	72	3.236617	0.569995	3.007588	6.814200
287	73	3.236617	0.573348	3.305679	7.115644
287	74	3.236617	0.489391	2.207798	5.933806
287	75	3.236617	0.574174	3.049058	6.859849
287	76	3.236617	0.605188	3.356788	7.198593
287	77	3.236617	0.453909	1.855731	5.546257
287	78	3.236617	0.494754	2.261006	5.992376
287	79	3.236617	0.560922	2.917565	6.715104
287	80	3.236617	0.435098	1.669070	5.340784
287	81	3.236617	0.568259	2.990368	6.795245
287	82	3.236617	0.586232	3.168700	6.991548
287	83	3.236617	0.677433	4.073647	7.987697
287	84	3.236617	0.574174	3.049058	6.859849
287	85	3.236617	0.570888	3.016452	6.823957
287	86	3.236617	0.521499	2.526383	6.284498
287	87	3.236617	0.556103	2.869750	6.662470
287	88	3.236617	0.453909	1.855731	5.546257
287	89	3.236617	0.638511	3.793365	7.668493
287	90	3.236617	0.574193	3.049240	6.860050
287	91	3.236617	0.501425	2.327199	6.065241
287	92	3.236617	0.731272	4.607859	8.575747
287	93	3.236617	0.568259	2.990368	6.795245
287	94	3.236617	0.534061	2.651033	6.421711
287	95	3.236617	0.556103	2.869750	6.662470
287	96	3.236617	0.521499	2.526383	6.284498
287	97	3.236617	0.510338	2.415644	6.162599
287	98	3.236617	0.669153	3.991480	7.897249
287	99	3.236617	0.568259	2.990368	6.795245
288	0	3.345507	0.553845	2.847338	6.746690
288	1	3.345507	0.515178	2.463668	6.324353
288	2	3.345507	0.592535	3.231241	7.169283
288	3	3.345507	0.594907	3.254774	7.195187
288	4	3.345507	0.534876	2.659120	6.539503
288	5	3.345507	0.581129	3.118063	7.044698
288	6	3.345507	0.434061	1.658786	5.438354
288	7	3.345507	0.588209	3.188320	7.122036
288	8	3.345507	0.540605	2.715963	6.602075
288	9	3.345507	0.553845	2.847338	6.746690
288	10	3.345507	0.544265	2.752282	6.642053
288	11	3.345507	0.652031	3.821588	7.819126
288	12	3.345507	0.626494	3.938943	7.910944
288	13	3.345507	0.611944	3.423828	7.381279
288	14	3.345507	0.501698	2.329913	6.177118
288	15	3.345507	0.620819	3.564856	7.531181
288	16	3.345507	0.616474	3.468780	7.430761
288	17	3.345507	0.523435	2.969308	6.838250
288	18	3.345507	0.680159	4.100689	8.126354
288	19	3.345507	0.546786	2.777294	6.669587
288	20	3.345507	0.600349	3.308776	7.254631
288	21	3.345507	0.680159	4.100689	8.126354
288	22	3.345507	0.612913	3.433446	7.391866
288	23	3.345507	0.515178	2.463668	6.324353
288	24	3.345507	0.557115	2.879788	6.782410
288	25	3.345507	0.546786	2.777294	6.669587
288	26	3.345507	0.606892	3.373701	7.326100
288	27	3.345507	0.705133	4.401460	8.452100
288	28	3.345507	0.697106	4.268845	8.311457
288	29	3.345507	0.482919	2.673212	6.501637
288	30	3.345507	0.632973	3.632486	7.610966
288	31	3.345507	0.504651	2.359210	6.209367
288	32	3.345507	0.745334	4.800356	8.891197
288	33	3.345507	0.511460	2.426780	6.283748
288	34	3.345507	0.560186	2.910256	6.815949
288	35	3.345507	0.581129	3.118063	7.044698
288	36	3.345507	0.503317	2.345974	6.194798
288	37	3.345507	0.646963	3.771302	7.763771
288	38	3.345507	0.553041	2.839364	6.737912
288	39	3.345507	0.557202	2.880655	6.783364
288	40	3.345507	0.611944	3.423828	7.381279
288	41	3.345507	0.557202	2.880655	6.783364
288	42	3.345507	0.546786	2.777294	6.669587
288	43	3.345507	0.581129	3.118063	7.044698
288	44	3.345507	0.654286	4.002862	8.002656
288	45	3.345507	0.588526	3.191464	7.125497
288	46	3.345507	0.592535	3.231241	7.169283
288	47	3.345507	0.582706	3.133715	7.061928
288	48	3.345507	0.561088	2.919214	6.825810
288	49	3.345507	0.540605	2.715963	6.602075
288	50	3.345507	0.611944	3.423828	7.381279
288	51	3.345507	0.515178	2.463668	6.324353
288	52	3.345507	0.490611	2.219898	6.056015
288	53	3.345507	0.561088	2.919214	6.825810
288	54	3.345507	0.519134	2.502922	6.367563
288	55	3.345507	0.560960	2.917943	6.824410
288	56	3.345507	0.574084	3.048162	6.967752
288	57	3.345507	0.560186	2.910256	6.815949
288	58	3.345507	0.644710	3.748945	7.739161
288	59	3.345507	0.574084	3.048162	6.967752
288	60	3.345507	0.749984	4.793528	8.889018
288	61	3.345507	0.600349	3.308776	7.254631
288	62	3.345507	0.501698	2.329913	6.177118
288	63	3.345507	0.631733	3.620184	7.597424
288	64	3.345507	0.582706	3.133715	7.061928
288	65	3.345507	0.612913	3.433446	7.391866
288	66	3.345507	0.588209	3.188320	7.122036
288	67	3.345507	0.503317	2.345974	6.194798
288	68	3.345507	0.547503	2.784413	6.677423
288	69	3.345507	0.577160	3.078686	7.001353
288	70	3.345507	0.743889	4.733056	8.822452
288	71	3.345507	0.504651	2.359210	6.209367
288	72	3.345507	0.494782	2.261293	6.101582
288	73	3.345507	0.581347	3.120225	7.047078
288	74	3.345507	0.494782	2.261293	6.101582
288	75	3.345507	0.512514	2.437238	6.295259
288	76	3.345507	0.501698	2.329913	6.177118
288	77	3.345507	0.631492	3.617791	7.594790
288	78	3.345507	0.649195	3.846411	7.841113
288	79	3.345507	0.610516	3.621514	7.577536
288	80	3.345507	0.519134	2.502922	6.367563
288	81	3.345507	0.560186	2.910256	6.815949
288	82	3.345507	0.592535	3.231241	7.169283
288	83	3.345507	0.504651	2.359210	6.209367
288	84	3.345507	0.553041	2.839364	6.737912
288	85	3.345507	0.592535	3.231241	7.169283
288	86	3.345507	0.660539	3.906012	7.912058
288	87	3.345507	0.501698	2.329913	6.177118
288	88	3.345507	0.612913	3.433446	7.391866
288	89	3.345507	0.434061	1.658786	5.438354
288	90	3.345507	0.705133	4.401460	8.452100
288	91	3.345507	0.560960	2.917943	6.824410
288	92	3.345507	0.594683	3.252554	7.192744
288	93	3.345507	0.594907	3.254774	7.195187
288	94	3.345507	0.631733	3.620184	7.597424
288	95	3.345507	0.560960	2.917943	6.824410
288	96	3.345507	0.749984	4.793528	8.889018
288	97	3.345507	0.583202	3.138631	7.067340
288	98	3.345507	0.715100	4.447396	8.508003
288	99	3.345507	0.590894	3.214964	7.151366
289	0	3.349883	0.576321	3.070363	6.996567
289	1	3.349883	0.568874	2.996463	6.915219
289	2	3.349883	0.489127	2.205176	6.044186
289	3	3.349883	0.740685	4.701262	8.791829
289	4	3.349883	0.551850	2.827550	6.729283
289	5	3.349883	0.551666	2.825720	6.727269
289	6	3.349883	0.652687	3.828096	7.830665
289	7	3.349883	0.568874	2.996463	6.915219
289	8	3.349883	0.594831	3.254025	7.198739
289	9	3.349883	0.642718	3.729188	7.721789
289	10	3.349883	0.512341	2.753300	6.615523
289	11	3.349883	0.512483	2.436928	6.299294
289	12	3.349883	0.601180	3.317023	7.268085
289	13	3.349883	0.598145	3.604693	7.552721
289	14	3.349883	0.557857	2.887147	6.794886
289	15	3.349883	0.646275	3.764476	7.760634
289	16	3.349883	0.500686	2.319869	6.170438
289	17	3.349883	0.445616	2.409008	6.204507
289	18	3.349883	0.607293	3.695463	7.652639
289	19	3.349883	0.626662	3.569864	7.546409
289	20	3.349883	0.515825	2.470092	6.335800
289	21	3.349883	0.495937	2.272753	6.118573
289	22	3.349883	0.603893	3.608757	7.562532
289	23	3.349883	0.579550	3.102403	7.031836
289	24	3.349883	0.557083	2.879469	6.786435
289	25	3.349883	0.521107	2.522501	6.393490
289	26	3.349883	0.545356	2.763105	6.658343
289	27	3.349883	0.543086	2.740581	6.633549
289	28	3.349883	0.516257	2.474373	6.340512
289	29	3.349883	0.688287	4.181338	8.219507
289	30	3.349883	0.625099	3.554357	7.529339
289	31	3.349883	0.528824	2.599068	6.477774
289	32	3.349883	0.559159	2.900072	6.809114
289	33	3.349883	0.615394	3.458060	7.423336
289	34	3.349883	0.569392	3.001607	6.920882
289	35	3.349883	0.566397	2.971890	6.888169
289	36	3.349883	0.453648	1.853138	5.656669
289	37	3.349883	0.557857	2.887147	6.794886
289	38	3.349883	0.557083	2.879469	6.786435
289	39	3.349883	0.652687	3.828096	7.830665
289	40	3.349883	0.524456	2.555732	6.430071
289	41	3.349883	0.652687	3.828096	7.830665
289	42	3.349883	0.657043	3.871327	7.878253
289	43	3.349883	0.684574	4.144498	8.178954
289	44	3.349883	0.620655	3.510261	7.480798
289	45	3.349883	0.721119	4.560085	8.631087
289	46	3.349883	0.536071	2.670975	6.556928
289	47	3.349883	0.512483	2.436928	6.299294
289	48	3.349883	0.594831	3.254025	7.198739
289	49	3.349883	0.670574	4.164472	8.184928
289	50	3.349883	0.528824	2.599068	6.477774
289	51	3.349883	0.516257	2.474373	6.340512
289	52	3.349883	0.461608	2.408788	6.220278
289	53	3.349883	0.453648	1.853138	5.656669
289	54	3.349883	0.594886	3.254573	7.199341
289	55	3.349883	0.493937	2.252900	6.096719
289	56	3.349883	0.646275	3.764476	7.760634
289	57	3.349883	0.611140	3.415847	7.376869
289	58	3.349883	0.630064	3.603622	7.583568
289	59	3.349883	0.665263	3.952882	7.968027
289	60	3.349883	0.726422	4.559740	8.636045
289	61	3.349883	0.635896	3.661497	7.647275
289	62	3.349883	0.688287	4.181338	8.219507
289	63	3.349883	0.625099	3.554357	7.529339
289	64	3.349883	0.528824	2.599068	6.477774
289	65	3.349883	0.551850	2.827550	6.729283
289	66	3.349883	0.509577	2.408093	6.267552
289	67	3.349883	0.566397	2.971890	6.888169
289	68	3.349883	0.521107	2.522501	6.393490
289	69	3.349883	0.566203	3.340711	7.256797
289	70	3.349883	0.434840	1.666514	5.451237
289	71	3.349883	0.722550	4.521318	8.593751
289	72	3.349883	0.646275	3.764476	7.760634
289	73	3.349883	0.630064	3.603622	7.583568
289	74	3.349883	0.594886	3.254573	7.199341
289	75	3.349883	0.648345	3.785019	7.783246
289	76	3.349883	0.551666	2.825720	6.727269
289	77	3.349883	0.594694	3.252663	7.197240
289	78	3.349883	0.576321	3.070363	6.996567
289	79	3.349883	0.594694	3.252663	7.197240
289	80	3.349883	0.566397	2.971890	6.888169
289	81	3.349883	0.648216	3.783733	7.781831
289	82	3.349883	0.515825	2.470092	6.335800
289	83	3.349883	0.500686	2.319869	6.170438
289	84	3.349883	0.601661	3.321791	7.273334
289	85	3.349883	0.579550	3.102403	7.031836
289	86	3.349883	0.648216	3.783733	7.781831
289	87	3.349883	0.489127	2.205176	6.044186
289	88	3.349883	0.615394	3.458060	7.423336
289	89	3.349883	0.536071	2.670975	6.556928
289	90	3.349883	0.657043	3.871327	7.878253
289	91	3.349883	0.527697	2.693815	6.571394
289	92	3.349883	0.657233	3.873209	7.880325
289	93	3.349883	0.692902	4.227135	8.269920
289	94	3.349883	0.526829	2.579276	6.455988
289	95	3.349883	0.552581	2.834797	6.737261
289	96	3.349883	0.559159	2.900072	6.809114
289	97	3.349883	0.684574	4.144498	8.178954
289	98	3.349883	0.657233	3.873209	7.880325
289	99	3.349883	0.627596	3.579136	7.556615
290	0	3.258915	0.653990	3.841030	7.753936
290	1	3.258915	0.619861	3.502383	7.381160
290	2	3.258915	0.651411	3.815435	7.725761
290	3	3.258915	0.567822	2.986032	6.812770
290	4	3.258915	0.539534	2.705339	6.503788
290	5	3.258915	0.637799	3.680375	7.577089
290	6	3.258915	0.565883	3.390495	7.215294
290	7	3.258915	0.597309	3.278612	7.134836
290	8	3.258915	0.680459	4.103672	8.043047
290	9	3.258915	0.609425	3.398829	7.267169
290	10	3.258915	0.645785	3.759613	7.664313
290	11	3.258915	0.582154	3.128232	6.969301
290	12	3.258915	0.608018	3.490804	7.357738
290	13	3.258915	0.486259	2.176717	5.921891
290	14	3.258915	0.674359	4.043137	7.976411
290	15	3.258915	0.579339	3.100307	6.938561
290	16	3.258915	0.581642	3.123159	6.963716
290	17	3.258915	0.582154	3.128232	6.969301
290	18	3.258915	0.689639	4.194761	8.143315
290	19	3.258915	0.661885	3.919372	7.840173
290	20	3.258915	0.660309	3.903729	7.822953
290	21	3.258915	0.638849	3.690798	7.588563
290	22	3.258915	0.512273	2.434842	6.206031
290	23	3.258915	0.680459	4.103672	8.043047
290	24	3.258915	0.661885	3.919372	7.840173
290	25	3.258915	0.606133	3.366169	7.231217
290	26	3.258915	0.512381	2.435918	6.207215
290	27	3.258915	0.569022	2.997936	6.825873
290	28	3.258915	0.665003	3.950306	7.874224
290	29	3.258915	0.529169	3.079162	6.867246
290	30	3.258915	0.528373	3.071266	6.858555
290	31	3.258915	0.579339	3.100307	6.938561
290	32	3.258915	0.588302	3.189245	7.036463
290	33	3.258915	0.558809	2.896597	6.714321
290	34	3.258915	0.620772	3.723278	7.602965
290	35	3.258915	0.674874	4.048246	7.982035
290	36	3.258915	0.651411	3.815435	7.725761
290	37	3.258915	0.596249	3.268093	7.123257
290	38	3.258915	0.683592	4.187724	8.130232
290	39	3.258915	0.652525	3.826497	7.737938
290	40	3.258915	0.582154	3.128232	6.969301
290	41	3.258915	0.539534	2.705339	6.503788
290	42	3.258915	0.645785	3.759613	7.664313
290	43	3.258915	0.600237	3.307669	7.166822
290	44	3.258915	0.674874	4.048246	7.982035
290	45	3.258915	0.616452	3.468558	7.343925
290	46	3.258915	0.594559	3.251328	7.104803
290	47	3.258915	0.553585	3.374397	7.186897
290	48	3.258915	0.584623	3.152732	6.996270
290	49	3.258915	0.618472	3.488604	7.365991
290	50	3.258915	0.592692	3.444652	7.296259
290	51	3.258915	0.651411	3.815435	7.725761
290	52	3.258915	0.662148	3.921981	7.843045
290	53	3.258915	0.549430	2.803536	6.611882
290	54	3.258915	0.566593	2.973835	6.799344
290	55	3.258915	0.624108	3.544527	7.427551
290	56	3.258915	0.689639	4.194761	8.143315
290	57	3.258915	0.520877	2.520214	6.300007
290	58	3.258915	0.574047	3.047799	6.880762
290	59	3.258915	0.594559	3.251328	7.104803
290	60	3.258915	0.640189	3.704091	7.603196
290	61	3.258915	0.640189	3.704091	7.603196
290	62	3.258915	0.609912	3.403668	7.272495
290	63	3.258915	0.456788	1.884296	5.599999
290	64	3.258915	0.549430	2.803536	6.611882
290	65	3.258915	0.660309	3.903729	7.822953
290	66	3.258915	0.616452	3.468558	7.343925
290	67	3.258915	0.616452	3.468558	7.343925
290	68	3.258915	0.668054	4.192433	8.119403
290	69	3.258915	0.495190	2.265336	6.019441
290	70	3.258915	0.638849	3.690798	7.588563
290	71	3.258915	0.558809	2.896597	6.714321
290	72	3.258915	0.495190	2.265336	6.019441
290	73	3.258915	0.434199	1.660157	5.353272
290	74	3.258915	0.596249	3.268093	7.123257
290	75	3.258915	0.558809	2.896597	6.714321
290	76	3.258915	0.528359	2.594458	6.381733
290	77	3.258915	0.575570	3.062910	6.897396
290	78	3.258915	0.434199	1.660157	5.353272
290	79	3.258915	0.738167	4.676273	8.673355
290	80	3.258915	0.680459	4.103672	8.043047
290	81	3.258915	0.658153	3.882332	7.799400
290	82	3.258915	0.609313	3.397727	7.265956
290	83	3.258915	0.569267	3.000368	6.828551
290	84	3.258915	0.504933	2.362012	6.125860
290	85	3.258915	0.738167	4.676273	8.673355
290	86	3.258915	0.662148	3.921981	7.843045
290	87	3.258915	0.592781	3.233681	7.085377
290	88	3.258915	0.650503	3.806430	7.715849
290	89	3.258915	0.624179	3.598198	7.481293
290	90	3.258915	0.589330	3.199440	7.047686
290	91	3.258915	0.640189	3.704091	7.603196
290	92	3.258915	0.565181	2.959826	6.783923
290	93	3.258915	0.569022	2.997936	6.825873
290	94	3.258915	0.569267	3.000368	6.828551
290	95	3.258915	0.653264	3.833829	7.746009
290	96	3.258915	0.500940	2.322395	6.082251
290	97	3.258915	0.539534	2.705339	6.503788
290	98	3.258915	0.624108	3.544527	7.427551
290	99	3.258915	0.653264	3.833829	7.746009
291	0	3.336195	0.644302	3.744902	7.725399
291	1	3.336195	0.533406	2.644534	6.514134
291	2	3.336195	0.534009	2.650522	6.520726
291	3	3.336195	0.453943	1.856068	5.646206
291	4	3.336195	0.587079	3.177107	7.100381
291	5	3.336195	0.575854	3.065721	6.977770
291	6	3.336195	0.652554	3.826777	7.815526
291	7	3.336195	0.566669	3.451259	7.354123
291	8	3.336195	0.760313	4.896015	8.992522
291	9	3.336195	0.592940	3.235265	7.164400
291	10	3.336195	0.623217	3.535688	7.495100
291	11	3.336195	0.592940	3.235265	7.164400
291	12	3.336195	0.627171	3.574920	7.538286
291	13	3.336195	0.539491	2.704913	6.580599
291	14	3.336195	0.627171	3.574920	7.538286
291	15	3.336195	0.670205	4.160818	8.167218
291	16	3.336195	0.590258	3.208653	7.135106
291	17	3.336195	0.592080	3.226727	7.155002
291	18	3.336195	0.605024	3.355165	7.296383
291	19	3.336195	0.563240	2.940563	6.839998
291	20	3.336195	0.580246	3.109308	7.025749
291	21	3.336195	0.553060	2.839549	6.728803
291	22	3.336195	0.563240	2.940563	6.839998
291	23	3.336195	0.565818	2.966139	6.868151
291	24	3.336195	0.568627	2.994011	6.898832
291	25	3.336195	0.607819	3.382895	7.326909
291	26	3.336195	0.699521	4.292806	8.328521
291	27	3.336195	0.544834	2.757928	6.638956
291	28	3.336195	0.625340	3.556751	7.518286
291	29	3.336195	0.631430	3.617179	7.584804
291	30	3.336195	0.570679	3.226232	7.133106
291	31	3.336195	0.580246	3.109308	7.025749
291	32	3.336195	0.511249	2.424681	6.272125
291	33	3.336195	0.533406	2.644534	6.514134
291	34	3.336195	0.531231	2.622952	6.490377
291	35	3.336195	0.667519	4.028233	8.031947
291	36	3.336195	0.644302	3.744902	7.725399
291	37	3.336195	0.546831	3.148493	7.031519
291	38	3.336195	0.496243	2.275782	6.108219
291	39	3.336195	0.586582	3.172175	7.094952
291	40	3.336195	0.587544	3.181719	7.105458
291	41	3.336195	0.498686	2.300022	6.134902
291	42	3.336195	0.587103	3.177341	7.100638
291	43	3.336195	0.675333	4.052809	8.064337
291	44	3.336195	0.652554	3.826777	7.815526
291	45	3.336195	0.618975	3.493598	7.448768
291	46	3.336195	0.438395	2.337349	6.111938
291	47	3.336195	0.511249	2.424681	6.272125
291	48	3.336195	0.511249	2.424681	6.272125
291	49	3.336195	0.527540	2.586329	6.450064
291	50	3.336195	0.655141	3.852450	7.843786
291	51	3.336195	0.720235	4.498341	8.554771
291	52	3.336195	0.509746	2.409767	6.255708
291	53	3.336195	0.565818	2.966139	6.868151
291	54	3.336195	0.670868	4.008504	8.015567
291	55	3.336195	0.631430	3.617179	7.584804
291	56	3.336195	0.575854	3.065721	6.977770
291	57	3.336195	0.618288	3.486775	7.441258
291	58	3.336195	0.670868	4.008504	8.015567
291	59	3.336195	0.686640	4.165001	8.187835
291	60	3.336195	0.575565	3.062858	6.974618
291	61	3.336195	0.553060	2.839549	6.728803
291	62	3.336195	0.530175	2.612475	6.478844
291	63	3.336195	0.720235	4.498341	8.554771
291	64	3.336195	0.619140	3.495226	7.450561
291	65	3.336195	0.675333	4.052809	8.064337
291	66	3.336195	0.577885	3.456620	7.370699
291	67	3.336195	0.642645	3.728456	7.707295
291	68	3.336195	0.588992	3.196085	7.121271
291	69	3.336195	0.550290	3.235774	7.122258
291	70	3.336195	0.499480	2.307900	6.143575
291	71	3.336195	0.531231	2.622952	6.490377
291	72	3.336195	0.564276	2.950838	6.851308
291	73	3.336195	0.631430	3.617179	7.584804
291	74	3.336195	0.568627	2.994011	6.898832
291	75	3.336195	0.644302	3.744902	7.725399
291	76	3.336195	0.575854	3.065721	6.977770
291	77	3.336195	0.549068	2.799937	6.685199
291	78	3.336195	0.534172	2.652139	6.522506
291	79	3.336195	0.520739	2.518844	6.375777
291	80	3.336195	0.553060	2.839549	6.728803
291	81	3.336195	0.488464	2.198596	6.023254
291	82	3.336195	0.534172	2.652139	6.522506
291	83	3.336195	0.627171	3.574920	7.538286
291	84	3.336195	0.583833	3.409719	7.329747
291	85	3.336195	0.618975	3.493598	7.448768
291	86	3.336195	0.499480	2.307900	6.143575
291	87	3.336195	0.587079	3.177107	7.100381
291	88	3.336195	0.527749	2.588399	6.452342
291	89	3.336195	0.549068	2.799937	6.685199
291	90	3.336195	0.580246	3.109308	7.025749
291	91	3.336195	0.624768	3.551073	7.512035
291	92	3.336195	0.590146	3.207537	7.133877
291	93	3.336195	0.499480	2.307900	6.143575
291	94	3.336195	0.631430	3.617179	7.584804
291	95	3.336195	0.618288	3.486775	7.441258
291	96	3.336195	0.508494	2.397348	6.242037
291	97	3.336195	0.523967	2.921623	6.781785
291	98	3.336195	0.631430	3.617179	7.584804
291	99	3.336195	0.670868	4.008504	8.015567
292	0	3.562837	0.542574	2.735508	6.840919
292	1	3.562837	0.508228	2.394711	6.465776
292	2	3.562837	0.609573	3.400302	7.572712
292	3	3.562837	0.598027	3.285736	7.446599
292	4	3.562837	0.588104	3.187276	7.338217
292	5	3.562837	0.613398	3.438259	7.614494
292	6	3.562837	0.759246	4.885428	9.207510
292	7	3.562837	0.430536	1.623806	5.617179
292	8	3.562837	0.508228	2.394711	6.465776
292	9	3.562837	0.588104	3.187276	7.338217
292	10	3.562837	0.514052	2.452496	6.529385
292	11	3.562837	0.565559	2.963574	7.091970
292	12	3.562837	0.571800	3.025503	7.160139
292	13	3.562837	0.533410	2.644572	6.740818
292	14	3.562837	0.645931	3.761060	7.969827
292	15	3.562837	0.552597	2.834954	6.950387
292	16	3.562837	0.559851	2.906937	7.029625
292	17	3.562837	0.611343	3.417862	7.592041
292	18	3.562837	0.602205	3.380160	7.545202
292	19	3.562837	0.651131	3.812662	8.026629
292	20	3.562837	0.506716	2.379706	6.449259
292	21	3.562837	0.559701	2.905447	7.027984
292	22	3.562837	0.616151	3.677424	7.856412
292	23	3.562837	0.630026	3.603245	7.796107
292	24	3.562837	0.657922	3.880041	8.100799
292	25	3.562837	0.571687	3.342158	7.476682
292	26	3.562837	0.657922	3.880041	8.100799
292	27	3.562837	0.563844	2.946561	7.073242
292	28	3.562837	0.598027	3.285736	7.446599
292	29	3.562837	0.549936	2.808557	6.921329
292	30	3.562837	0.530978	2.620445	6.714260
292	31	3.562837	0.596788	3.273442	7.433067
292	32	3.562837	0.553161	2.840553	6.956550
292	33	3.562837	0.530978	2.620445	6.714260
292	34	3.562837	0.643532	3.737260	7.943629
292	35	3.562837	0.527878	2.589687	6.680402
292	36	3.562837	0.578816	3.095111	7.236763
292	37	3.562837	0.559851	2.906937	7.029625
292	38	3.562837	0.552216	2.831175	6.946228
292	39	3.562837	0.563725	2.945372	7.071933
292	40	3.562837	0.552597	2.834954	6.950387
292	41	3.562837	0.571800	3.025503	7.160139
292	42	3.562837	0.571793	3.025430	7.160060
292	43	3.562837	0.565339	2.961389	7.089565
292	44	3.562837	0.613317	3.437451	7.613605
292	45	3.562837	0.466917	2.567396	6.597149
292	46	3.562837	0.616151	3.677424	7.856412
292	47	3.562837	0.586715	3.173494	7.323045
292	48	3.562837	0.514052	2.452496	6.529385
292	49	3.562837	0.581278	3.119543	7.263658
292	50	3.562837	0.611343	3.417862	7.592041
292	51	3.562837	0.527878	2.589687	6.680402
292	52	3.562837	0.596788	3.273442	7.433067
292	53	3.562837	0.525003	2.561153	6.648992
292	54	3.562837	0.450585	1.822742	5.836163
292	55	3.562837	0.704916	4.346341	8.614093
292	56	3.562837	0.764247	4.935055	9.262138
292	57	3.562837	0.643532	3.737260	7.943629
292	58	3.562837	0.548354	2.792854	6.904045
292	59	3.562837	0.517966	2.491329	6.572131
292	60	3.562837	0.673932	4.038901	8.275669
292	61	3.562837	0.478717	2.101880	6.143434
292	62	3.562837	0.621042	3.514100	7.697978
292	63	3.562837	0.551342	2.822508	6.936687
292	64	3.562837	0.542574	2.735508	6.840919
292	65	3.562837	0.623228	3.800608	7.986672
292	66	3.562837	0.617956	3.642376	7.823168
292	67	3.562837	0.542574	2.735508	6.840919
292	68	3.562837	0.751819	4.811734	9.126389
292	69	3.562837	0.567926	3.145951	7.276714
292	70	3.562837	0.549888	2.808076	6.920800
292	71	3.562837	0.645931	3.761060	7.969827
292	72	3.562837	0.595315	3.258828	7.416980
292	73	3.562837	0.586715	3.173494	7.323045
292	74	3.562837	0.657922	3.880041	8.100799
292	75	3.562837	0.549936	2.808557	6.921329
292	76	3.562837	0.586319	3.169569	7.318725
292	77	3.562837	0.552216	2.831175	6.946228
292	78	3.562837	0.506716	2.379706	6.449259
292	79	3.562837	0.523400	2.545248	6.631485
292	80	3.562837	0.596788	3.273442	7.433067
292	81	3.562837	0.523400	2.545248	6.631485
292	82	3.562837	0.548354	2.792854	6.904045
292	83	3.562837	0.596788	3.273442	7.433067
292	84	3.562837	0.595315	3.258828	7.416980
292	85	3.562837	0.506226	2.374836	6.443898
292	86	3.562837	0.546469	2.774157	6.883463
292	87	3.562837	0.609573	3.400302	7.572712
292	88	3.562837	0.578816	3.095111	7.236763
292	89	3.562837	0.614065	3.709692	7.886594
292	90	3.562837	0.565559	2.963574	7.091970
292	91	3.562837	0.523896	2.550172	6.636905
292	92	3.562837	0.563844	2.946561	7.073242
292	93	3.562837	0.549888	2.808076	6.920800
292	94	3.562837	0.525003	2.561153	6.648992
292	95	3.562837	0.561679	2.925072	7.049588
292	96	3.562837	0.527763	2.588539	6.679139
292	97	3.562837	0.613398	3.438259	7.614494
292	98	3.562837	0.681056	4.109590	8.353483
292	99	3.562837	0.759246	4.885428	9.207510
293	0	3.366845	0.636206	3.664570	7.667621
293	1	3.366845	0.523284	2.544100	6.434229
293	2	3.366845	0.668938	3.989351	8.025134
293	3	3.366845	0.532477	2.635319	6.534641
293	4	3.366845	0.522648	2.537790	6.427283
293	5	3.366845	0.618520	3.489075	7.474440
293	6	3.366845	0.511946	2.431600	6.310391
293	7	3.366845	0.661624	3.916779	7.945248
293	8	3.366845	0.645997	3.761721	7.774563
293	9	3.366845	0.520604	2.517511	6.404960
293	10	3.366845	0.631049	3.772293	7.770187
293	11	3.366845	0.663485	4.041171	8.071501
293	12	3.366845	0.648626	3.787808	7.803279
293	13	3.366845	0.650360	3.805012	7.822217
293	14	3.366845	0.593475	3.240567	7.200886
293	15	3.366845	0.668938	3.989351	8.025134
293	16	3.366845	0.522648	2.537790	6.427283
293	17	3.366845	0.527009	2.581065	6.474919
293	18	3.366845	0.662483	3.925303	7.954631
293	19	3.366845	0.521179	2.523209	6.411232
293	20	3.366845	0.548865	2.797926	6.713636
293	21	3.366845	0.549959	2.808785	6.725589
293	22	3.366845	0.598263	3.288076	7.253183
293	23	3.366845	0.596467	3.270254	7.233565
293	24	3.366845	0.601201	3.317233	7.285279
293	25	3.366845	0.523284	2.544100	6.434229
293	26	3.366845	0.567535	2.983178	6.917557
293	27	3.366845	0.597780	3.283289	7.247914
293	28	3.366845	0.541389	2.723743	6.631976
293	29	3.366845	0.581246	3.119225	7.067316
293	30	3.366845	0.649369	3.795173	7.811386
293	31	3.366845	0.662483	3.925303	7.954631
293	32	3.366845	0.595149	3.257181	7.219175
293	33	3.366845	0.662483	3.925303	7.954631
293	34	3.366845	0.599222	3.297596	7.263663
293	35	3.366845	0.596897	3.274529	7.238271
293	36	3.366845	0.439582	1.713564	5.519991
293	37	3.366845	0.686577	4.164375	8.217797
293	38	3.366845	0.573977	3.047099	6.987921
293	39	3.366845	0.527009	2.581065	6.474919
293	40	3.366845	0.704143	4.338677	8.409666
293	41	3.366845	0.584539	3.151905	7.103289
293	42	3.366845	0.586757	3.332798	7.286400
293	43	3.366845	0.636906	3.724482	7.728233
293	44	3.366845	0.573977	3.047099	6.987921
293	45	3.366845	0.581246	3.119225	7.067316
293	46	3.366845	0.577884	3.350687	7.295416
293	47	3.366845	0.667232	3.972422	8.006498
293	48	3.366845	0.655391	3.960856	7.983091
293	49	3.366845	0.541090	2.720781	6.628716
293	50	3.366845	0.548865	2.797926	6.713636
293	51	3.366845	0.583933	3.145890	7.096668
293	52	3.366845	0.645997	3.761721	7.774563
293	53	3.366845	0.741986	4.714169	8.823000
293	54	3.366845	0.577532	3.082377	7.026754
293	55	3.366845	0.634536	3.648002	7.649383
293	56	3.366845	0.609779	3.402347	7.378971
293	57	3.366845	0.596467	3.270254	7.233565
293	58	3.366845	0.650360	3.805012	7.822217
293	59	3.366845	0.577532	3.082377	7.026754
293	60	3.366845	0.518637	2.497991	6.383473
293	61	3.366845	0.577532	3.082377	7.026754
293	62	3.366845	0.705891	4.356022	8.428758
293	63	3.366845	0.439582	1.713564	5.519991
293	64	3.366845	0.544268	2.752310	6.663422
293	65	3.366845	0.587803	3.184293	7.138942
293	66	3.366845	0.577532	3.082377	7.026754
293	67	3.366845	0.761073	5.009491	9.137409
293	68	3.366845	0.705891	4.356022	8.428758
293	69	3.366845	0.634536	3.648002	7.649383
293	70	3.366845	0.601201	3.317233	7.285279
293	71	3.366845	0.609779	3.402347	7.378971
293	72	3.366845	0.567535	2.983178	6.917557
293	73	3.366845	0.557403	2.882642	6.806890
293	74	3.366845	0.601201	3.317233	7.285279
293	75	3.366845	0.573977	3.047099	6.987921
293	76	3.366845	0.518841	3.029650	6.915336
293	77	3.366845	0.567535	2.983178	6.917557
293	78	3.366845	0.527009	2.581065	6.474919
293	79	3.366845	0.667232	3.972422	8.006498
293	80	3.366845	0.606672	3.371517	7.345033
293	81	3.366845	0.606834	3.373126	7.346805
293	82	3.366845	0.650017	3.907535	7.924397
293	83	3.366845	0.618027	3.484187	7.469059
293	84	3.366845	0.581246	3.119225	7.067316
293	85	3.366845	0.655391	3.960856	7.983091
293	86	3.366845	0.704143	4.338677	8.409666
293	87	3.366845	0.522648	2.537790	6.427283
293	88	3.366845	0.544268	2.752310	6.663422
293	89	3.366845	0.522648	2.537790	6.427283
293	90	3.366845	0.650360	3.805012	7.822217
293	91	3.366845	0.541090	2.720781	6.628716
293	92	3.366845	0.521179	2.523209	6.411232
293	93	3.366845	0.439582	1.713564	5.519991
293	94	3.366845	0.527009	2.581065	6.474919
293	95	3.366845	0.532477	2.635319	6.534641
293	96	3.366845	0.583933	3.145890	7.096668
293	97	3.366845	0.628856	3.591635	7.587336
293	98	3.366845	0.650360	3.805012	7.822217
293	99	3.366845	0.507900	2.391449	6.266194
294	0	3.184926	0.644374	3.904506	7.733806
294	1	3.184926	0.610337	3.407879	7.203141
294	2	3.184926	0.556789	2.876549	6.618264
294	3	3.184926	0.590096	3.207043	6.982065
294	4	3.184926	0.608159	3.386274	7.179360
294	5	3.184926	0.579096	3.097899	6.861921
294	6	3.184926	0.564473	2.952793	6.702191
294	7	3.184926	0.437069	1.688631	5.310626
294	8	3.184926	0.593892	3.350638	7.129456
294	9	3.184926	0.568159	3.360119	7.113205
294	10	3.184926	0.617930	3.483228	7.286085
294	11	3.184926	0.558253	2.891081	6.634261
294	12	3.184926	0.689403	4.192413	8.066742
294	13	3.184926	0.556768	2.876344	6.618038
294	14	3.184926	0.437069	1.688631	5.310626
294	15	3.184926	0.605769	3.362556	7.153251
294	16	3.184926	0.437069	1.688631	5.310626
294	17	3.184926	0.540047	2.710435	6.435408
294	18	3.184926	0.554031	3.325858	7.064815
294	19	3.184926	0.532747	2.637993	6.355666
294	20	3.184926	0.567303	2.980879	6.733108
294	21	3.184926	0.608757	3.392207	7.185890
294	22	3.184926	0.689403	4.192413	8.066742
294	23	3.184926	0.567303	2.980879	6.733108
294	24	3.184926	0.560126	2.909663	6.654715
294	25	3.184926	0.744261	4.842675	8.771863
294	26	3.184926	0.685249	4.151193	8.021368
294	27	3.184926	0.601280	3.318019	7.104225
294	28	3.184926	0.511201	2.424205	6.120332
294	29	3.184926	0.522840	2.539696	6.247463
294	30	3.184926	0.621453	3.518185	7.324564
294	31	3.184926	0.608159	3.386274	7.179360
294	32	3.184926	0.569331	3.424715	7.178973
294	33	3.184926	0.576427	3.283269	7.044622
294	34	3.184926	0.646006	3.761804	7.592735
294	35	3.184926	0.564473	2.952793	6.702191
294	36	3.184926	0.540047	2.710435	6.435408
294	37	3.184926	0.646006	3.761804	7.592735
294	38	3.184926	0.528421	2.595075	6.308423
294	39	3.184926	0.611667	3.421078	7.217670
294	40	3.184926	0.617930	3.483228	7.286085
294	41	3.184926	0.660144	3.902093	7.747163
294	42	3.184926	0.564473	2.952793	6.702191
294	43	3.184926	0.606991	3.374680	7.166597
294	44	3.184926	0.567268	2.980533	6.732727
294	45	3.184926	0.567268	2.980533	6.732727
294	46	3.184926	0.610337	3.407879	7.203141
294	47	3.184926	0.634873	3.651342	7.471141
294	48	3.184926	0.640702	3.709177	7.534805
294	49	3.184926	0.685249	4.151193	8.021368
294	50	3.184926	0.590432	3.210378	6.985737
294	51	3.184926	0.646006	3.761804	7.592735
294	52	3.184926	0.556768	2.876344	6.618038
294	53	3.184926	0.621453	3.518185	7.324564
294	54	3.184926	0.529600	2.606767	6.321293
294	55	3.184926	0.540047	2.710435	6.435408
294	56	3.184926	0.583990	3.146456	6.915372
294	57	3.184926	0.595090	3.256591	7.036607
294	58	3.184926	0.678166	4.080914	7.944006
294	59	3.184926	0.604680	3.351751	7.141357
294	60	3.184926	0.608926	3.393877	7.187729
294	61	3.184926	0.689403	4.192413	8.066742
294	62	3.184926	0.583990	3.146456	6.915372
294	63	3.184926	0.553977	2.848648	6.587551
294	64	3.184926	0.538656	2.696633	6.420215
294	65	3.184926	0.524580	3.086597	6.796103
294	66	3.184926	0.606479	3.369603	7.161008
294	67	3.184926	0.597540	3.280900	7.063365
294	68	3.184926	0.605699	3.361860	7.152485
294	69	3.184926	0.567303	2.980879	6.733108
294	70	3.184926	0.689403	4.192413	8.066742
294	71	3.184926	0.564473	2.952793	6.702191
294	72	3.184926	0.651761	3.818911	7.655599
294	73	3.184926	0.604680	3.351751	7.141357
294	74	3.184926	0.522840	2.539696	6.247463
294	75	3.184926	0.685249	4.151193	8.021368
294	76	3.184926	0.660303	4.062563	7.907792
294	77	3.184926	0.598179	3.287241	7.070346
294	78	3.184926	0.556789	2.876549	6.618264
294	79	3.184926	0.642666	3.887561	7.715153
294	80	3.184926	0.556768	2.876344	6.618038
294	81	3.184926	0.689403	4.192413	8.066742
294	82	3.184926	0.593830	3.244094	7.022850
294	83	3.184926	0.620512	3.508841	7.314278
294	84	3.184926	0.685249	4.151193	8.021368
294	85	3.184926	0.643738	3.739300	7.567964
294	86	3.184926	0.660144	3.902093	7.747163
294	87	3.184926	0.522840	2.539696	6.247463
294	88	3.184926	0.583990	3.146456	6.915372
294	89	3.184926	0.629326	3.596303	7.410555
294	90	3.184926	0.606991	3.374680	7.166597
294	91	3.184926	0.621453	3.518185	7.324564
294	92	3.184926	0.605699	3.361860	7.152485
294	93	3.184926	0.717146	4.467691	8.369763
294	94	3.184926	0.623535	3.538838	7.347299
294	95	3.184926	0.677653	4.075829	7.938408
294	96	3.184926	0.604680	3.351751	7.141357
294	97	3.184926	0.660144	3.902093	7.747163
294	98	3.184926	0.611667	3.421078	7.217670
294	99	3.184926	0.685249	4.151193	8.021368
295	0	3.350034	0.620252	3.506268	7.476555
295	1	3.350034	0.603618	3.341218	7.294870
295	2	3.350034	0.494585	2.259334	6.103953
295	3	3.350034	0.540088	2.710840	6.600963
295	4	3.350034	0.573542	3.042780	6.966356
295	5	3.350034	0.673502	4.034634	8.058170
295	6	3.350034	0.537339	2.683564	6.570937
295	7	3.350034	0.528057	2.591456	6.469546
295	8	3.350034	0.562761	3.253596	7.166392
295	9	3.350034	0.593802	3.243815	7.187651
295	10	3.350034	0.561195	2.920271	6.831500
295	11	3.350034	0.574969	3.056945	6.981948
295	12	3.350034	0.572651	3.033939	6.956624
295	13	3.350034	0.542019	2.730000	6.622053
295	14	3.350034	0.537339	2.683564	6.570937
295	15	3.350034	0.572651	3.033939	6.956624
295	16	3.350034	0.508394	2.396348	6.254776
295	17	3.350034	0.561195	2.920271	6.831500
295	18	3.350034	0.538296	2.693053	6.581383
295	19	3.350034	0.508394	2.396348	6.254776
295	20	3.350034	0.503114	2.343963	6.197111
295	21	3.350034	0.593802	3.243815	7.187651
295	22	3.350034	0.572651	3.033939	6.956624
295	23	3.350034	0.508864	2.718803	6.577702
295	24	3.350034	0.596250	3.268109	7.214394
295	25	3.350034	0.605923	3.364088	7.320045
295	26	3.350034	0.672943	4.029089	8.052066
295	27	3.350034	0.620792	3.511626	7.482453
295	28	3.350034	0.576282	3.069975	6.996292
295	29	3.350034	0.508638	2.398778	6.257450
295	30	3.350034	0.518985	2.501444	6.370463
295	31	3.350034	0.572651	3.033939	6.956624
295	32	3.350034	0.596250	3.268109	7.214394
295	33	3.350034	0.574969	3.056945	6.981948
295	34	3.350034	0.620252	3.506268	7.476555
295	35	3.350034	0.687364	4.172188	8.209587
295	36	3.350034	0.646557	3.873205	7.869797
295	37	3.350034	0.536461	2.674852	6.561347
295	38	3.350034	0.593478	3.240595	7.184107
295	39	3.350034	0.538296	2.693053	6.581383
295	40	3.350034	0.588643	3.192623	7.131300
295	41	3.350034	0.582853	3.135175	7.068062
295	42	3.350034	0.670534	4.005187	8.025755
295	43	3.350034	0.679426	4.093419	8.122880
295	44	3.350034	0.695080	4.248749	8.293863
295	45	3.350034	0.625256	3.714804	7.690093
295	46	3.350034	0.639640	3.698642	7.688316
295	47	3.350034	0.518985	2.501444	6.370463
295	48	3.350034	0.528057	2.591456	6.469546
295	49	3.350034	0.568229	2.990070	6.908333
295	50	3.350034	0.662887	4.035235	8.048156
295	51	3.350034	0.570783	3.227261	7.148078
295	52	3.350034	0.576282	3.069975	6.996292
295	53	3.350034	0.542019	2.730000	6.622053
295	54	3.350034	0.554418	2.853024	6.757476
295	55	3.350034	0.556834	2.877001	6.783869
295	56	3.350034	0.639640	3.698642	7.688316
295	57	3.350034	0.561947	2.927730	6.839711
295	58	3.350034	0.626291	3.566188	7.542514
295	59	3.350034	0.537339	2.683564	6.570937
295	60	3.350034	0.593802	3.243815	7.187651
295	61	3.350034	0.670534	4.005187	8.025755
295	62	3.350034	0.556834	2.877001	6.783869
295	63	3.350034	0.516101	2.896532	6.762666
295	64	3.350034	0.503999	2.352745	6.206778
295	65	3.350034	0.521986	2.531223	6.403244
295	66	3.350034	0.572264	3.030099	6.952397
295	67	3.350034	0.518008	2.491745	6.359787
295	68	3.350034	0.481267	2.127187	5.958488
295	69	3.350034	0.620252	3.506268	7.476555
295	70	3.350034	0.603618	3.341218	7.294870
295	71	3.350034	0.736823	4.662936	8.749792
295	72	3.350034	0.568229	2.990070	6.908333
295	73	3.350034	0.560865	3.340702	7.251601
295	74	3.350034	0.481267	2.127187	5.958488
295	75	3.350034	0.536461	2.674852	6.561347
295	76	3.350034	0.583021	3.136841	7.069897
295	77	3.350034	0.518985	2.501444	6.370463
295	78	3.350034	0.488443	2.198390	6.036867
295	79	3.350034	0.578933	3.096281	7.025249
295	80	3.350034	0.583021	3.136841	7.069897
295	81	3.350034	0.557784	2.886430	6.794248
295	82	3.350034	0.448318	1.800249	5.598601
295	83	3.350034	0.506146	2.374046	6.230226
295	84	3.350034	0.593802	3.243815	7.187651
295	85	3.350034	0.582853	3.135175	7.068062
295	86	3.350034	0.530338	2.614092	6.494464
295	87	3.350034	0.608865	3.605135	7.564034
295	88	3.350034	0.554418	2.853024	6.757476
295	89	3.350034	0.691905	4.217238	8.259177
295	90	3.350034	0.530338	2.614092	6.494464
295	91	3.350034	0.516660	2.478368	6.345062
295	92	3.350034	0.540088	2.710840	6.600963
295	93	3.350034	0.497952	2.292738	6.140723
295	94	3.350034	0.622706	3.530610	7.503350
295	95	3.350034	0.503114	2.343963	6.197111
295	96	3.350034	0.525240	2.563512	6.438786
295	97	3.350034	0.638739	3.742665	7.731439
295	98	3.350034	0.497952	2.292738	6.140723
295	99	3.350034	0.594908	3.254788	7.199730
296	0	3.398721	0.589380	3.199941	7.188043
296	1	3.398721	0.548922	2.798492	6.746135
296	2	3.398721	0.621052	3.514203	7.533976
296	3	3.398721	0.527249	2.583444	6.509414
296	4	3.398721	0.685881	4.210428	8.295030
296	5	3.398721	0.612449	3.428837	7.440006
296	6	3.398721	0.469380	2.009236	5.877337
296	7	3.398721	0.643323	3.735191	7.777235
296	8	3.398721	0.656391	3.864850	7.919962
296	9	3.398721	0.645580	3.757584	7.801885
296	10	3.398721	0.539506	2.705058	6.643284
296	11	3.398721	0.638366	3.685998	7.723084
296	12	3.398721	0.723198	4.527748	8.649668
296	13	3.398721	0.548922	2.798492	6.746135
296	14	3.398721	0.629244	3.595483	7.623448
296	15	3.398721	0.535304	2.663367	6.597392
296	16	3.398721	0.565482	2.962805	6.927008
296	17	3.398721	0.469380	2.009236	5.877337
296	18	3.398721	0.450030	1.817232	5.665983
296	19	3.398721	0.551704	2.826094	6.776518
296	20	3.398721	0.587299	3.179286	7.165306
296	21	3.398721	0.469380	2.009236	5.877337
296	22	3.398721	0.621052	3.514203	7.533976
296	23	3.398721	0.504529	2.358006	6.261257
296	24	3.398721	0.656391	3.864850	7.919962
296	25	3.398721	0.677733	4.076623	8.153077
296	26	3.398721	0.486941	2.183482	6.069143
296	27	3.398721	0.565361	2.961607	6.925689
296	28	3.398721	0.646784	3.928423	7.973929
296	29	3.398721	0.684230	4.141086	8.224037
296	30	3.398721	0.515258	2.464462	6.378441
296	31	3.398721	0.504860	2.361290	6.264871
296	32	3.398721	0.560245	2.910842	6.869808
296	33	3.398721	0.633472	3.637435	7.669627
296	34	3.398721	0.577626	3.083307	7.059654
296	35	3.398721	0.469380	2.009236	5.877337
296	36	3.398721	0.487065	2.184718	6.070504
296	37	3.398721	0.567402	2.981863	6.947987
296	38	3.398721	0.621551	3.519151	7.539423
296	39	3.398721	0.510652	2.418755	6.328128
296	40	3.398721	0.728580	4.581150	8.708451
296	41	3.398721	0.573731	3.044662	7.017114
296	42	3.398721	0.517582	2.487517	6.403820
296	43	3.398721	0.645748	3.865174	7.909643
296	44	3.398721	0.510652	2.418755	6.328128
296	45	3.398721	0.567402	2.981863	6.947987
296	46	3.398721	0.539506	2.705058	6.643284
296	47	3.398721	0.560245	2.910842	6.869808
296	48	3.398721	0.546892	2.778350	6.723963
296	49	3.398721	0.537773	3.005644	6.942138
296	50	3.398721	0.567402	2.981863	6.947987
296	51	3.398721	0.685881	4.210428	8.295030
296	52	3.398721	0.527249	2.583444	6.509414
296	53	3.398721	0.585201	3.158469	7.142391
296	54	3.398721	0.581499	3.121742	7.101963
296	55	3.398721	0.486941	2.183482	6.069143
296	56	3.398721	0.651316	3.814496	7.864533
296	57	3.398721	0.548922	2.798492	6.746135
296	58	3.398721	0.486941	2.183482	6.069143
296	59	3.398721	0.589480	3.200927	7.189128
296	60	3.398721	0.450030	1.817232	5.665983
296	61	3.398721	0.664628	3.999552	8.062901
296	62	3.398721	0.493614	2.249699	6.142034
296	63	3.398721	0.737879	4.673419	8.810019
296	64	3.398721	0.542947	2.739202	6.680869
296	65	3.398721	0.709439	4.391221	8.499380
296	66	3.398721	0.585201	3.158469	7.142391
296	67	3.398721	0.565482	2.962805	6.927008
296	68	3.398721	0.565482	2.962805	6.927008
296	69	3.398721	0.584810	3.154588	7.138119
296	70	3.398721	0.606390	3.368722	7.373834
296	71	3.398721	0.654920	3.956181	8.009822
296	72	3.398721	0.539506	2.705058	6.643284
296	73	3.398721	0.621898	3.522594	7.543213
296	74	3.398721	0.555500	2.863760	6.817980
296	75	3.398721	0.621898	3.522594	7.543213
296	76	3.398721	0.643323	3.735191	7.777235
296	77	3.398721	0.510652	2.418755	6.328128
296	78	3.398721	0.567643	2.984253	6.950618
296	79	3.398721	0.723198	4.527748	8.649668
296	80	3.398721	0.450030	1.817232	5.665983
296	81	3.398721	0.629244	3.595483	7.623448
296	82	3.398721	0.493614	2.249699	6.142034
296	83	3.398721	0.504529	2.358006	6.261257
296	84	3.398721	0.527249	2.583444	6.509414
296	85	3.398721	0.578292	3.089912	7.066924
296	86	3.398721	0.621052	3.514203	7.533976
296	87	3.398721	0.560842	2.916765	6.876328
296	88	3.398721	0.504529	2.358006	6.261257
296	89	3.398721	0.567684	2.984655	6.951060
296	90	3.398721	0.459555	2.494350	6.352626
296	91	3.398721	0.469380	2.009236	5.877337
296	92	3.398721	0.621095	3.514630	7.534446
296	93	3.398721	0.579635	3.103240	7.081595
296	94	3.398721	0.487065	2.184718	6.070504
296	95	3.398721	0.546892	2.778350	6.723963
296	96	3.398721	0.643323	3.735191	7.777235
296	97	3.398721	0.540731	2.717217	6.656669
296	98	3.398721	0.604563	3.456514	7.459798
296	99	3.398721	0.548922	2.798492	6.746135
297	0	3.284450	0.637743	3.679815	7.602008
297	1	3.284450	0.533733	2.647781	6.465965
297	2	3.284450	0.536423	2.674467	6.495340
297	3	3.284450	0.635442	3.656987	7.576880
297	4	3.284450	0.586755	3.173888	7.045093
297	5	3.284450	0.456574	1.882168	5.623192
297	6	3.284450	0.748772	4.781505	8.814727
297	7	3.284450	0.598514	3.290566	7.173530
297	8	3.284450	0.630400	3.606962	7.521813
297	9	3.284450	0.512825	2.969958	6.767233
297	10	3.284450	0.586755	3.173888	7.045093
297	11	3.284450	0.703173	4.329053	8.316676
297	12	3.284450	0.563771	2.945834	6.794055
297	13	3.284450	0.558724	2.895755	6.738929
297	14	3.284450	0.524215	2.553338	6.362004
297	15	3.284450	0.750273	4.796393	8.831116
297	16	3.284450	0.526906	2.580042	6.391399
297	17	3.284450	0.675354	4.053017	8.012822
297	18	3.284450	0.621133	3.515010	7.420593
297	19	3.284450	0.537056	2.680749	6.502255
297	20	3.284450	0.598514	3.290566	7.173530
297	21	3.284450	0.545509	2.764627	6.594586
297	22	3.284450	0.661050	3.911085	7.856586
297	23	3.284450	0.683290	4.131762	8.099503
297	24	3.284450	0.672971	4.029367	7.986788
297	25	3.284450	0.554410	2.852947	6.691808
297	26	3.284450	0.712180	4.471384	8.468014
297	27	3.284450	0.556675	2.875418	6.716543
297	28	3.284450	0.588008	3.186328	7.058787
297	29	3.284450	0.524215	2.553338	6.362004
297	30	3.284450	0.630400	3.606962	7.521813
297	31	3.284450	0.545509	2.764627	6.594586
297	32	3.284450	0.537611	3.057010	6.879072
297	33	3.284450	0.683290	4.131762	8.099503
297	34	3.284450	0.436258	1.680583	5.401291
297	35	3.284450	0.504981	2.839161	6.628593
297	36	3.284450	0.556675	2.875418	6.716543
297	37	3.284450	0.562090	2.929150	6.775690
297	38	3.284450	0.564807	2.956111	6.805368
297	39	3.284450	0.533733	2.647781	6.465965
297	40	3.284450	0.456574	1.882168	5.623192
297	41	3.284450	0.519400	2.505561	6.309411
297	42	3.284450	0.706776	4.523686	8.514912
297	43	3.284450	0.519400	2.505561	6.309411
297	44	3.284450	0.662476	3.925230	7.872156
297	45	3.284450	0.530148	2.612207	6.426806
297	46	3.284450	0.639047	3.692754	7.616251
297	47	3.284450	0.562090	2.929150	6.775690
297	48	3.284450	0.543576	2.745443	6.573469
297	49	3.284450	0.569711	3.004772	6.858934
297	50	3.284450	0.553234	2.841279	6.678963
297	51	3.284450	0.661050	3.911085	7.856586
297	52	3.284450	0.613720	3.441449	7.339619
297	53	3.284450	0.558724	2.895755	6.738929
297	54	3.284450	0.512506	2.437153	6.234110
297	55	3.284450	0.661635	3.916890	7.862975
297	56	3.284450	0.553234	2.841279	6.678963
297	57	3.284450	0.536423	2.674467	6.495340
297	58	3.284450	0.758402	4.877060	8.919912
297	59	3.284450	0.533733	2.647781	6.465965
297	60	3.284450	0.630400	3.606962	7.521813
297	61	3.284450	0.672971	4.029367	7.986788
297	62	3.284450	0.627027	3.573486	7.484963
297	63	3.284450	0.558724	2.895755	6.738929
297	64	3.284450	0.645542	3.863128	7.793120
297	65	3.284450	0.630400	3.606962	7.521813
297	66	3.284450	0.569711	3.004772	6.858934
297	67	3.284450	0.616188	3.465941	7.366579
297	68	3.284450	0.672971	4.029367	7.986788
297	69	3.284450	0.712180	4.471384	8.468014
297	70	3.284450	0.628618	3.642239	7.555307
297	71	3.284450	0.606759	3.372376	7.263585
297	72	3.284450	0.621133	3.515010	7.420593
297	73	3.284450	0.563771	2.945834	6.794055
297	74	3.284450	0.564807	2.956111	6.805368
297	75	3.284450	0.553234	2.841279	6.678963
297	76	3.284450	0.639047	3.692754	7.616251
297	77	3.284450	0.564807	2.956111	6.805368
297	78	3.284450	0.610305	3.407565	7.302320
297	79	3.284450	0.598514	3.290566	7.173530
297	80	3.284450	0.591385	3.219830	7.095665
297	81	3.284450	0.536423	2.674467	6.495340
297	82	3.284450	0.606699	3.371787	7.262936
297	83	3.284450	0.575989	3.331887	7.192327
297	84	3.284450	0.591385	3.219830	7.095665
297	85	3.284450	0.603275	3.337815	7.225541
297	86	3.284450	0.540703	2.716936	6.542089
297	87	3.284450	0.588712	3.193311	7.066474
297	88	3.284450	0.545509	2.764627	6.594586
297	89	3.284450	0.558724	2.895755	6.738929
297	90	3.284450	0.585662	3.163046	7.033158
297	91	3.284450	0.635442	3.656987	7.576880
297	92	3.284450	0.524215	2.553338	6.362004
297	93	3.284450	0.706776	4.523686	8.514912
297	94	3.284450	0.456574	1.882168	5.623192
297	95	3.284450	0.507481	2.387291	6.179222
297	96	3.284450	0.558589	2.894411	6.737451
297	97	3.284450	0.583670	3.143275	7.011395
297	98	3.284450	0.663963	3.939987	7.888401
297	99	3.284450	0.533733	2.647781	6.465965
298	0	3.356024	0.452094	1.837720	5.645838
298	1	3.356024	0.547484	2.784228	6.687736
298	2	3.356024	0.585042	3.580602	7.521669
298	3	3.356024	0.595208	3.257764	7.208997
298	4	3.356024	0.547484	2.784228	6.687736
298	5	3.356024	0.636229	3.664792	7.657045
298	6	3.356024	0.587906	3.185313	7.129244
298	7	3.356024	0.552314	2.832146	6.740484
298	8	3.356024	0.576955	3.076646	7.009625
298	9	3.356024	0.671919	4.071895	8.099839
298	10	3.356024	0.500038	2.313440	6.169502
298	11	3.356024	0.606725	3.372042	7.334791
298	12	3.356024	0.650664	3.808027	7.814715
298	13	3.356024	0.430754	1.625966	5.412744
298	14	3.356024	0.532136	2.631931	6.520091
298	15	3.356024	0.603984	3.344845	7.304854
298	16	3.356024	0.540160	2.711549	6.607733
298	17	3.356024	0.578628	3.093255	7.027908
298	18	3.356024	0.507983	2.392278	6.256286
298	19	3.356024	0.576955	3.076646	7.009625
298	20	3.356024	0.551771	2.826765	6.734561
298	21	3.356024	0.620107	3.504824	7.480955
298	22	3.356024	0.552314	2.832146	6.740484
298	23	3.356024	0.682566	4.124573	8.163163
298	24	3.356024	0.550145	2.810631	6.716801
298	25	3.356024	0.552314	2.832146	6.740484
298	26	3.356024	0.547484	2.784228	6.687736
298	27	3.356024	0.616540	3.469429	7.441993
298	28	3.356024	0.532136	2.631931	6.520091
298	29	3.356024	0.612637	3.430707	7.399369
298	30	3.356024	0.626858	3.571812	7.554695
298	31	3.356024	0.575863	3.065810	6.997697
298	32	3.356024	0.583943	3.357846	7.297813
298	33	3.356024	0.651663	3.817939	7.825626
298	34	3.356024	0.612637	3.430707	7.399369
298	35	3.356024	0.682566	4.124573	8.163163
298	36	3.356024	0.650664	3.808027	7.814715
298	37	3.356024	0.616540	3.469429	7.441993
298	38	3.356024	0.430754	1.625966	5.412744
298	39	3.356024	0.580486	3.111686	7.048196
298	40	3.356024	0.540882	3.089458	6.986364
298	41	3.356024	0.603984	3.344845	7.304854
298	42	3.356024	0.489858	2.212432	6.058315
298	43	3.356024	0.472185	2.037072	5.865282
298	44	3.356024	0.768571	4.977956	9.102550
298	45	3.356024	0.581341	3.490916	7.428281
298	46	3.356024	0.533714	2.647593	6.537331
298	47	3.356024	0.636229	3.664792	7.657045
298	48	3.356024	0.452094	1.837720	5.645838
298	49	3.356024	0.550405	2.813211	6.719641
298	50	3.356024	0.597193	3.489313	7.442530
298	51	3.356024	0.600294	3.308235	7.264554
298	52	3.356024	0.547300	2.782399	6.685724
298	53	3.356024	0.547484	2.784228	6.687736
298	54	3.356024	0.597193	3.489313	7.442530
298	55	3.356024	0.625843	3.561746	7.543613
298	56	3.356024	0.535784	2.668130	6.559938
298	57	3.356024	0.489858	2.212432	6.058315
298	58	3.356024	0.626094	3.564236	7.546355
298	59	3.356024	0.500038	2.313440	6.169502
298	60	3.356024	0.550405	2.813211	6.719641
298	61	3.356024	0.547484	2.784228	6.687736
298	62	3.356024	0.651663	3.817939	7.825626
298	63	3.356024	0.597770	3.283184	7.236977
298	64	3.356024	0.647128	3.772946	7.776099
298	65	3.356024	0.619461	3.498415	7.473900
298	66	3.356024	0.619461	3.498415	7.473900
298	67	3.356024	0.650664	3.808027	7.814715
298	68	3.356024	0.584950	3.155978	7.096952
298	69	3.356024	0.634631	3.648938	7.639594
298	70	3.356024	0.713534	4.484823	8.554381
298	71	3.356024	0.625616	3.559488	7.541129
298	72	3.356024	0.550145	2.810631	6.716801
298	73	3.356024	0.500038	2.313440	6.169502
298	74	3.356024	0.668940	3.989369	8.014333
298	75	3.356024	0.674349	4.043041	8.073414
298	76	3.356024	0.637122	3.673653	7.666799
298	77	3.356024	0.551771	2.826765	6.734561
298	78	3.356024	0.542294	2.732723	6.631041
298	79	3.356024	0.616538	3.469417	7.441980
298	80	3.356024	0.492027	2.233954	6.082005
298	81	3.356024	0.733455	4.629521	8.719000
298	82	3.356024	0.525625	2.567326	6.448975
298	83	3.356024	0.595208	3.257764	7.208997
298	84	3.356024	0.551771	2.826765	6.734561
298	85	3.356024	0.547300	2.782399	6.685724
298	86	3.356024	0.674349	4.043041	8.073414
298	87	3.356024	0.629804	3.654005	7.639833
298	88	3.356024	0.533714	2.647593	6.537331
298	89	3.356024	0.668940	3.989369	8.014333
298	90	3.356024	0.472185	2.037072	5.865282
298	91	3.356024	0.532136	2.631931	6.520091
298	92	3.356024	0.619461	3.498415	7.473900
298	93	3.356024	0.699738	4.294963	8.350725
298	94	3.356024	0.551771	2.826765	6.734561
298	95	3.356024	0.700422	4.354715	8.411162
298	96	3.356024	0.550405	2.813211	6.719641
298	97	3.356024	0.492027	2.233954	6.082005
298	98	3.356024	0.560992	2.918257	6.835273
298	99	3.356024	0.542294	2.732723	6.631041
299	0	3.308292	0.503880	2.351566	6.163739
299	1	3.308292	0.635046	3.653054	7.596392
299	2	3.308292	0.635961	3.662134	7.606387
299	3	3.308292	0.537005	2.680243	6.525540
299	4	3.308292	0.548965	2.798923	6.656180
299	5	3.308292	0.616790	3.471913	7.396996
299	6	3.308292	0.585851	3.164918	7.059061
299	7	3.308292	0.622847	3.532015	7.463154
299	8	3.308292	0.584790	3.154394	7.047477
299	9	3.308292	0.616482	3.680713	7.605488
299	10	3.308292	0.504692	2.359622	6.172607
299	11	3.308292	0.689414	4.192527	8.190233
299	12	3.308292	0.638230	3.684655	7.631178
299	13	3.308292	0.482195	2.136391	5.926879
299	14	3.308292	0.527345	2.584391	6.420028
299	15	3.308292	0.566951	2.977383	6.852627
299	16	3.308292	0.541719	2.727022	6.577034
299	17	3.308292	0.622847	3.532015	7.463154
299	18	3.308292	0.725934	4.554890	8.589116
299	19	3.308292	0.554645	2.855275	6.718213
299	20	3.308292	0.469543	2.010855	5.788690
299	21	3.308292	0.537005	2.680243	6.525540
299	22	3.308292	0.526642	2.577414	6.412348
299	23	3.308292	0.722668	4.522482	8.553442
299	24	3.308292	0.640165	3.703852	7.652309
299	25	3.308292	0.503880	2.351566	6.163739
299	26	3.308292	0.552546	2.834447	6.695285
299	27	3.308292	0.600494	3.575039	7.483826
299	28	3.308292	0.527345	2.584391	6.420028
299	29	3.308292	0.729163	4.586931	8.624386
299	30	3.308292	0.533847	2.648914	6.491053
299	31	3.308292	0.548965	2.798923	6.656180
299	32	3.308292	0.573226	3.039650	6.921169
299	33	3.308292	0.509757	2.409876	6.227926
299	34	3.308292	0.736212	4.656876	8.701380
299	35	3.308292	0.504692	2.359622	6.172607
299	36	3.308292	0.647198	3.985488	7.940978
299	37	3.308292	0.584790	3.154394	7.047477
299	38	3.308292	0.554645	2.855275	6.718213
299	39	3.308292	0.450150	1.818423	5.576865
299	40	3.308292	0.552546	2.834447	6.695285
299	41	3.308292	0.450150	1.818423	5.576865
299	42	3.308292	0.587609	3.182362	7.078263
299	43	3.308292	0.586945	3.175776	7.071014
299	44	3.308292	0.578279	3.089783	6.976354
299	45	3.308292	0.508011	2.392553	6.208856
299	46	3.308292	0.469543	2.010855	5.788690
299	47	3.308292	0.518028	2.491948	6.318269
299	48	3.308292	0.649408	3.795569	7.753270
299	49	3.308292	0.675481	4.054276	8.038050
299	50	3.308292	0.620280	3.506543	7.435115
299	51	3.308292	0.635961	3.662134	7.606387
299	52	3.308292	0.526642	2.577414	6.412348
299	53	3.308292	0.541719	2.727022	6.577034
299	54	3.308292	0.509757	2.409876	6.227926
299	55	3.308292	0.610720	3.570573	7.489585
299	56	3.308292	0.526642	2.577414	6.412348
299	57	3.308292	0.537005	2.680243	6.525540
299	58	3.308292	0.510838	2.420602	6.239732
299	59	3.308292	0.571706	3.024565	6.904563
299	60	3.308292	0.541719	2.727022	6.577034
299	61	3.308292	0.510838	2.420602	6.239732
299	62	3.308292	0.573226	3.039650	6.921169
299	63	3.308292	0.450150	1.818423	5.576865
299	64	3.308292	0.635961	3.662134	7.606387
299	65	3.308292	0.638230	3.684655	7.631178
299	66	3.308292	0.635961	3.662134	7.606387
299	67	3.308292	0.675481	4.054276	8.038050
299	68	3.308292	0.542468	2.734453	6.585213
299	69	3.308292	0.505020	2.362874	6.176187
299	70	3.308292	0.585501	3.426265	7.320058
299	71	3.308292	0.661562	4.022086	7.991940
299	72	3.308292	0.590553	3.211577	7.110423
299	73	3.308292	0.497106	2.284349	6.089747
299	74	3.308292	0.591687	3.434685	7.334664
299	75	3.308292	0.568327	2.991041	6.867660
299	76	3.308292	0.548965	2.798923	6.656180
299	77	3.308292	0.590553	3.211577	7.110423
299	78	3.308292	0.719128	4.487360	8.514781
299	79	3.308292	0.626721	3.570455	7.505469
299	80	3.308292	0.559140	2.899878	6.767310
299	81	3.308292	0.677397	4.073288	8.058977
299	82	3.308292	0.616482	3.680713	7.605488
299	83	3.308292	0.584790	3.154394	7.047477
299	84	3.308292	0.526642	2.577414	6.412348
299	85	3.308292	0.526743	2.578422	6.413457
299	86	3.308292	0.612243	3.426796	7.347332
299	87	3.308292	0.640165	3.703852	7.652309
299	88	3.308292	0.600674	3.312001	7.220967
299	89	3.308292	0.526743	2.578422	6.413457
299	90	3.308292	0.571706	3.024565	6.904563
299	91	3.308292	0.719128	4.487360	8.514781
299	92	3.308292	0.482195	2.136391	5.926879
299	93	3.308292	0.559140	2.899878	6.767310
299	94	3.308292	0.509487	2.407202	6.224981
299	95	3.308292	0.559140	2.899878	6.767310
299	96	3.308292	0.640207	3.757227	7.705726
299	97	3.308292	0.469543	2.010855	5.788690
299	98	3.308292	0.669722	3.997132	7.975147
299	99	3.308292	0.595986	3.265490	7.169769
