replicate	universe	detection_yr	orbit_yr	char_yr	total_yr
200	0	2.311122	0.577296	3.080033	5.968452
200	1	2.311122	0.489694	2.210803	5.011619
200	2	2.311122	0.461844	1.934456	4.707422
200	3	2.311122	0.547989	2.789239	5.648351
200	4	2.311122	0.541663	2.726468	5.579253
200	5	2.311122	0.457054	2.469531	5.237707
200	6	2.311122	0.564751	2.955559	5.831433
200	7	2.311122	0.564751	2.955559	5.831433
200	8	2.311122	0.598425	3.289682	6.199229
200	9	2.311122	0.543123	2.740949	5.595194
200	10	2.311122	0.573319	3.093532	5.977973
200	11	2.311122	0.564751	2.955559	5.831433
200	12	2.311122	0.633724	3.639943	6.584790
200	13	2.311122	0.490438	2.218189	5.019750
200	14	2.311122	0.451664	1.833450	4.596236
200	15	2.311122	0.577673	3.083773	5.972568
200	16	2.311122	0.533614	2.646598	5.491335
200	17	2.311122	0.554476	2.853599	5.719197
200	18	2.311122	0.553333	2.842262	5.706718
200	19	2.311122	0.479467	2.109325	4.899914
200	20	2.311122	0.478218	2.096937	4.886277
200	21	2.311122	0.512686	2.438938	5.262747
200	22	2.311122	0.554641	2.855236	5.720999
200	23	2.311122	0.533963	2.650060	5.495145
200	24	2.311122	0.543123	2.740949	5.595194
200	25	2.311122	0.478218	2.096937	4.886277
200	26	2.311122	0.504969	2.362367	5.178458
200	27	2.311122	0.479467	2.109325	4.899914
200	28	2.311122	0.435243	1.670513	4.416878
200	29	2.311122	0.451463	1.831454	4.594040
200	30	2.311122	0.570313	3.010745	5.892180
200	31	2.311122	0.461917	1.935181	4.708220
200	32	2.311122	0.603875	3.343763	6.258761
200	33	2.311122	0.494736	2.260831	5.066690
200	34	2.311122	0.555271	2.861494	5.727888
200	35	2.311122	0.512686	2.438938	5.262747
200	36	2.311122	0.548373	3.004902	5.864398
200	37	2.311122	0.493147	2.245060	5.049329
200	38	2.311122	0.502128	2.546032	5.359282
200	39	2.311122	0.490095	2.479604	5.280822
200	40	2.311122	0.633724	3.639943	6.584790
200	41	2.311122	0.528419	2.595054	5.434596
200	42	2.311122	0.591153	3.217527	6.119803
200	43	2.311122	0.570313	3.010745	5.892180
200	44	2.311122	0.453451	1.851180	4.615754
200	45	2.311122	0.543123	2.740949	5.595194
200	46	2.311122	0.544897	2.864485	5.720504
200	47	2.311122	0.504969	2.362367	5.178458
200	48	2.311122	0.563818	2.946302	5.821243
200	49	2.311122	0.614935	3.506474	6.432532
200	50	2.311122	0.461844	1.934456	4.707422
200	51	2.311122	0.453451	1.851180	4.615754
200	52	2.311122	0.548971	2.798975	5.659068
200	53	2.311122	0.403543	1.355973	4.070639
200	54	2.311122	0.456731	1.883727	4.651581
200	55	2.311122	0.463692	1.952796	4.727611
200	56	2.311122	0.461284	1.928901	4.701307
200	57	2.311122	0.533963	2.650060	5.495145
200	58	2.311122	0.541663	2.726468	5.579253
200	59	2.311122	0.608692	3.391556	6.311370
200	60	2.311122	0.512686	2.438938	5.262747
200	61	2.311122	0.478218	2.096937	4.886277
200	62	2.311122	0.553333	2.842262	5.706718
200	63	2.311122	0.501568	2.328622	5.141312
200	64	2.311122	0.526218	2.573209	5.410549
200	65	2.311122	0.490709	2.220872	5.022703
200	66	2.311122	0.592749	3.233370	6.137242
200	67	2.311122	0.500835	2.321352	5.133310
200	68	2.311122	0.432084	1.639163	4.382369
200	69	2.311122	0.451664	1.833450	4.596236
200	70	2.311122	0.478218	2.096937	4.886277
200	71	2.311122	0.435243	1.670513	4.416878
200	72	2.311122	0.456731	1.883727	4.651581
200	73	2.311122	0.463692	1.952796	4.727611
200	74	2.311122	0.461917	1.935181	4.708220
200	75	2.311122	0.514827	2.460185	5.286134
200	76	2.311122	0.432084	1.639163	4.382369
200	77	2.311122	0.499431	2.307420	5.117974
200	78	2.311122	0.543123	2.740949	5.595194
200	79	2.311122	0.505419	2.366832	5.183374
200	80	2.311122	0.533614	2.646598	5.491335
200	81	2.311122	0.451463	1.831454	4.594040
200	82	2.311122	0.486812	2.182202	4.980136
200	83	2.311122	0.548373	3.004902	5.864398
200	84	2.311122	0.514827	2.460185	5.286134
200	85	2.311122	0.570313	3.010745	5.892180
200	86	2.311122	0.490709	2.220872	5.022703
200	87	2.311122	0.502128	2.546032	5.359282
200	88	2.311122	0.478218	2.096937	4.886277
200	89	2.311122	0.554476	2.853599	5.719197
200	90	2.311122	0.564751	2.955559	5.831433
200	91	2.311122	0.461284	1.928901	4.701307
200	92	2.311122	0.461990	1.935909	4.709021
200	93	2.311122	0.461844	1.934456	4.707422
200	94	2.311122	0.462140	1.937403	4.710666
200	95	2.311122	0.566049	2.968437	5.845609
200	96	2.311122	0.568305	2.990823	5.870251
200	97	2.311122	0.533614	2.646598	5.491335
200	98	2.311122	0.540487	2.714796	5.566405
200	99	2.311122	0.461917	1.935181	4.708220
201	0	2.309800	0.511707	2.429222	5.250729
201	1	2.309800	0.534846	2.658828	5.503475
201	2	2.309800	0.518998	2.501574	5.330372
201	3	2.309800	0.521505	2.526452	5.357757
201	4	2.309800	0.534846	2.658828	5.503475
201	5	2.309800	0.448988	1.806900	4.565688
201	6	2.309800	0.470810	2.023422	4.804032
201	7	2.309800	0.545916	2.768666	5.624382
201	8	2.309800	0.482645	2.140862	4.933308
201	9	2.309800	0.486448	2.178596	4.974844
201	10	2.309800	0.522679	2.538092	5.370571
201	11	2.309800	0.587197	3.284201	6.181198
201	12	2.309800	0.566556	2.973463	5.849819
201	13	2.309800	0.484842	2.162661	4.957303
201	14	2.309800	0.412059	1.440468	4.162327
201	15	2.309800	0.607820	3.382912	6.300532
201	16	2.309800	0.533431	2.644784	5.488015
201	17	2.309800	0.530863	2.619301	5.459964
201	18	2.309800	0.430637	2.313340	5.053778
201	19	2.309800	0.572045	3.027931	5.909776
201	20	2.309800	0.502703	2.339886	5.152390
201	21	2.309800	0.470810	2.023422	4.804032
201	22	2.309800	0.444579	1.763147	4.517526
201	23	2.309800	0.553181	2.840751	5.703732
201	24	2.309800	0.429579	1.614312	4.353692
201	25	2.309800	0.552221	2.831224	5.693245
201	26	2.309800	0.510961	2.421821	5.242582
201	27	2.309800	0.566556	2.973463	5.849819
201	28	2.309800	0.522679	2.538092	5.370571
201	29	2.309800	0.551220	2.821299	5.682319
201	30	2.309800	0.500020	2.313265	5.123086
201	31	2.309800	0.569673	3.004390	5.883862
201	32	2.309800	0.522679	2.538092	5.370571
201	33	2.309800	0.525751	2.568583	5.404135
201	34	2.309800	0.586955	3.175875	6.072630
201	35	2.309800	0.592358	3.229486	6.131645
201	36	2.309800	0.615877	3.462850	6.388527
201	37	2.309800	0.609902	3.403571	6.323274
201	38	2.309800	0.518998	2.501574	5.330372
201	39	2.309800	0.510214	2.414411	5.234425
201	40	2.309800	0.470669	2.445737	5.226207
201	41	2.309800	0.502703	2.339886	5.152390
201	42	2.309800	0.562593	2.934142	5.806535
201	43	2.309800	0.426335	2.217689	4.953824
201	44	2.309800	0.522980	2.541080	5.373860
201	45	2.309800	0.510191	2.414187	5.234179
201	46	2.309800	0.543164	2.741360	5.594324
201	47	2.309800	0.510214	2.414411	5.234425
201	48	2.309800	0.549191	2.801164	5.660156
201	49	2.309800	0.567756	2.985375	5.862931
201	50	2.309800	0.522980	2.541080	5.373860
201	51	2.309800	0.500020	2.313265	5.123086
201	52	2.309800	0.522679	2.538092	5.370571
201	53	2.309800	0.482645	2.140862	4.933308
201	54	2.309800	0.551220	2.821299	5.682319
201	55	2.309800	0.479670	2.640982	5.430452
201	56	2.309800	0.579299	3.099906	5.989005
201	57	2.309800	0.518998	2.501574	5.330372
201	58	2.309800	0.484842	2.162661	4.957303
201	59	2.309800	0.553181	2.840751	5.703732
201	60	2.309800	0.431041	1.628818	4.369659
201	61	2.309800	0.489059	2.734139	5.532998
201	62	2.309800	0.620187	3.505620	6.435607
201	63	2.309800	0.507942	2.391870	5.209612
201	64	2.309800	0.510191	2.414187	5.234179
201	65	2.309800	0.522679	2.538092	5.370571
201	66	2.309800	0.431041	1.628818	4.369659
201	67	2.309800	0.527863	2.907319	5.744982
201	68	2.309800	0.589742	3.203528	6.103070
201	69	2.309800	0.556828	2.876944	5.743572
201	70	2.309800	0.499801	2.311091	5.120692
201	71	2.309800	0.570109	3.008720	5.888629
201	72	2.309800	0.532297	2.633533	5.475631
201	73	2.309800	0.470810	2.023422	4.804032
201	74	2.309800	0.533431	2.644784	5.488015
201	75	2.309800	0.592358	3.229486	6.131645
201	76	2.309800	0.431041	1.628818	4.369659
201	77	2.309800	0.536198	2.884089	5.730087
201	78	2.309800	0.412059	1.440468	4.162327
201	79	2.309800	0.556828	2.876944	5.743572
201	80	2.309800	0.566556	2.973463	5.849819
201	81	2.309800	0.530863	2.619301	5.459964
201	82	2.309800	0.533431	2.644784	5.488015
201	83	2.309800	0.600088	3.306186	6.216075
201	84	2.309800	0.412059	1.440468	4.162327
201	85	2.309800	0.552221	2.831224	5.693245
201	86	2.309800	0.570109	3.008720	5.888629
201	87	2.309800	0.558458	3.104964	5.973222
201	88	2.309800	0.484842	2.162661	4.957303
201	89	2.309800	0.485886	2.173018	4.968704
201	90	2.309800	0.543164	2.741360	5.594324
201	91	2.309800	0.507942	2.391870	5.209612
201	92	2.309800	0.555498	2.863744	5.729042
201	93	2.309800	0.579299	3.099906	5.989005
201	94	2.309800	0.535007	2.925241	5.770048
201	95	2.309800	0.504252	2.355259	5.169311
201	96	2.309800	0.562593	2.934142	5.806535
201	97	2.309800	0.567756	2.985375	5.862931
201	98	2.309800	0.500020	2.313265	5.123086
201	99	2.309800	0.521505	2.526452	5.357757
202	0	2.122829	0.571294	3.020476	5.714599
202	1	2.122829	0.498220	2.295400	4.916449
202	2	2.122829	0.552650	2.835486	5.510965
202	3	2.122829	0.456749	1.883902	4.463480
202	4	2.122829	0.564579	2.953848	5.641256
202	5	2.122829	0.593907	3.244858	5.961594
202	6	2.122829	0.498220	2.295400	4.916449
202	7	2.122829	0.506897	2.381497	5.011223
202	8	2.122829	0.514982	2.726546	5.364358
202	9	2.122829	0.640865	3.710794	6.474488
202	10	2.122829	0.497251	2.285790	4.905871
202	11	2.122829	0.469827	2.013670	4.606326
202	12	2.122829	0.481413	2.128638	4.732881
202	13	2.122829	0.573573	3.043093	5.739495
202	14	2.122829	0.478959	2.527989	5.129777
202	15	2.122829	0.527295	2.583899	5.234023
202	16	2.122829	0.572269	3.030155	5.725253
202	17	2.122829	0.497251	2.285790	4.905871
202	18	2.122829	0.539771	2.707697	5.370297
202	19	2.122829	0.582708	3.186696	5.892233
202	20	2.122829	0.599554	3.300888	6.023271
202	21	2.122829	0.497251	2.285790	4.905871
202	22	2.122829	0.564579	2.953848	5.641256
202	23	2.122829	0.493557	2.249134	4.865520
202	24	2.122829	0.579457	3.101479	5.803765
202	25	2.122829	0.629134	3.594400	6.346364
202	26	2.122829	0.451900	1.835794	4.410524
202	27	2.122829	0.564659	3.113537	5.801026
202	28	2.122829	0.489350	2.207386	4.819564
202	29	2.122829	0.496898	2.547099	5.166826
202	30	2.122829	0.496253	2.275881	4.894963
202	31	2.122829	0.573137	3.038763	5.734729
202	32	2.122829	0.443157	1.749038	4.315024
202	33	2.122829	0.595808	3.263714	5.982351
202	34	2.122829	0.469827	2.013670	4.606326
202	35	2.122829	0.492358	2.237234	4.852421
202	36	2.122829	0.564579	2.953848	5.641256
202	37	2.122829	0.580667	3.113480	5.816975
202	38	2.122829	0.504750	2.360191	4.987770
202	39	2.122829	0.546713	2.776577	5.446119
202	40	2.122829	0.527295	2.583899	5.234023
202	41	2.122829	0.602146	3.326611	6.051587
202	42	2.122829	0.520378	2.515262	5.158469
202	43	2.122829	0.489350	2.207386	4.819564
202	44	2.122829	0.573137	3.038763	5.734729
202	45	2.122829	0.527295	2.583899	5.234023
202	46	2.122829	0.562298	2.931217	5.616345
202	47	2.122829	0.503505	2.347838	4.974172
202	48	2.122829	0.497251	2.285790	4.905871
202	49	2.122829	0.573573	3.043093	5.739495
202	50	2.122829	0.478959	2.527989	5.129777
202	51	2.122829	0.474384	2.058889	4.656103
202	52	2.122829	0.546713	2.776577	5.446119
202	53	2.122829	0.557556	2.884163	5.564548
202	54	2.122829	0.534185	2.652260	5.309273
202	55	2.122829	0.481413	2.128638	4.732881
202	56	2.122829	0.502484	2.337712	4.963026
202	57	2.122829	0.592637	3.232250	5.947715
202	58	2.122829	0.477388	2.088699	4.688916
202	59	2.122829	0.443157	1.749038	4.315024
202	60	2.122829	0.535400	2.770244	5.428473
202	61	2.122829	0.501645	2.329388	4.953863
202	62	2.122829	0.477388	2.088699	4.688916
202	63	2.122829	0.535400	2.770244	5.428473
202	64	2.122829	0.611977	3.424158	6.158964
202	65	2.122829	0.492358	2.237234	4.852421
202	66	2.122829	0.550123	2.810409	5.483361
202	67	2.122829	0.513326	2.445295	5.081451
202	68	2.122829	0.496916	2.282463	4.902208
202	69	2.122829	0.593907	3.244858	5.961594
202	70	2.122829	0.502421	2.337088	4.962338
202	71	2.122829	0.429781	1.616320	4.168931
202	72	2.122829	0.619355	3.497368	6.239553
202	73	2.122829	0.527856	2.642425	5.293109
202	74	2.122829	0.619355	3.497368	6.239553
202	75	2.122829	0.559479	2.903248	5.585556
202	76	2.122829	0.517382	2.485540	5.125752
202	77	2.122829	0.586296	3.169341	5.878466
202	78	2.122829	0.571294	3.020476	5.714599
202	79	2.122829	0.554684	2.855669	5.533182
202	80	2.122829	0.602146	3.326611	6.051587
202	81	2.122829	0.557556	2.884163	5.564548
202	82	2.122829	0.503505	2.347838	4.974172
202	83	2.122829	0.573137	3.038763	5.734729
202	84	2.122829	0.599554	3.300888	6.023271
202	85	2.122829	0.578900	3.095948	5.797677
202	86	2.122829	0.522687	2.538178	5.183694
202	87	2.122829	0.534185	2.652260	5.309273
202	88	2.122829	0.582442	3.131095	5.836366
202	89	2.122829	0.557899	2.940535	5.621264
202	90	2.122829	0.506694	2.379485	5.009008
202	91	2.122829	0.408361	1.403777	3.934967
202	92	2.122829	0.557556	2.884163	5.564548
202	93	2.122829	0.503505	2.347838	4.974172
202	94	2.122829	0.489350	2.207386	4.819564
202	95	2.122829	0.520378	2.515262	5.158469
202	96	2.122829	0.408361	1.403777	3.934967
202	97	2.122829	0.486715	2.181240	4.790784
202	98	2.122829	0.554684	2.855669	5.533182
202	99	2.122829	0.506548	2.378033	5.007410
203	0	2.310662	0.517349	2.485213	5.313224
203	1	2.310662	0.528647	2.597318	5.436628
203	2	2.310662	0.567147	2.979326	5.857135
203	3	2.310662	0.483337	2.147723	4.941723
203	4	2.310662	0.528647	2.597318	5.436628
203	5	2.310662	0.465228	1.968034	4.743924
203	6	2.310662	0.570754	3.015122	5.896538
203	7	2.310662	0.628985	3.592917	6.532565
203	8	2.310662	0.500807	2.321068	5.132537
203	9	2.310662	0.533303	2.643517	5.487483
203	10	2.310662	0.544542	2.755033	5.610237
203	11	2.310662	0.516445	2.476235	5.303342
203	12	2.310662	0.579764	3.104524	5.994951
203	13	2.310662	0.413837	1.458109	4.182608
203	14	2.310662	0.617508	3.637931	6.566101
203	15	2.310662	0.580250	3.109344	6.000256
203	16	2.310662	0.534845	2.658813	5.504320
203	17	2.310662	0.477028	2.085121	4.872811
203	18	2.310662	0.544542	2.755033	5.610237
203	19	2.310662	0.563920	2.947309	5.821891
203	20	2.310662	0.483407	2.148416	4.942484
203	21	2.310662	0.477072	2.085565	4.873300
203	22	2.310662	0.552631	2.835299	5.698593
203	23	2.310662	0.541351	2.723373	5.575387
203	24	2.310662	0.490621	2.220000	5.021283
203	25	2.310662	0.585822	3.164633	6.061117
203	26	2.310662	0.529012	2.600940	5.440615
203	27	2.310662	0.553188	2.840825	5.704675
203	28	2.310662	0.487307	2.187120	4.985089
203	29	2.310662	0.567147	2.979326	5.857135
203	30	2.310662	0.558017	2.888742	5.757422
203	31	2.310662	0.528647	2.597318	5.436628
203	32	2.310662	0.479520	2.109846	4.900028
203	33	2.310662	0.563920	2.947309	5.821891
203	34	2.310662	0.541621	2.726049	5.578332
203	35	2.310662	0.530646	2.670114	5.511423
203	36	2.310662	0.500807	2.321068	5.132537
203	37	2.310662	0.500041	2.313466	5.124169
203	38	2.310662	0.541647	2.726302	5.578611
203	39	2.310662	0.430181	1.620287	4.361131
203	40	2.310662	0.489260	2.206500	5.006423
203	41	2.310662	0.624873	3.658042	6.593577
203	42	2.310662	0.519437	2.505924	5.336023
203	43	2.310662	0.563434	3.154345	6.028442
203	44	2.310662	0.611339	3.470792	6.392794
203	45	2.310662	0.544330	2.752925	5.607917
203	46	2.310662	0.538527	2.695347	5.544537
203	47	2.310662	0.529012	2.600940	5.440615
203	48	2.310662	0.582980	3.136435	6.030077
203	49	2.310662	0.530041	2.611148	5.451852
203	50	2.310662	0.544330	2.752925	5.607917
203	51	2.310662	0.447852	1.795628	4.554143
203	52	2.310662	0.485981	2.173957	4.970600
203	53	2.310662	0.528647	2.597318	5.436628
203	54	2.310662	0.580250	3.109344	6.000256
203	55	2.310662	0.544542	2.755033	5.610237
203	56	2.310662	0.558017	2.888742	5.757422
203	57	2.310662	0.559138	3.058749	5.928549
203	58	2.310662	0.603532	3.393321	6.307515
203	59	2.310662	0.447852	1.795628	4.554143
203	60	2.310662	0.533303	2.643517	5.487483
203	61	2.310662	0.489260	2.206500	5.006423
203	62	2.310662	0.517272	2.484445	5.312379
203	63	2.310662	0.500041	2.313466	5.124169
203	64	2.310662	0.615310	3.457228	6.383200
203	65	2.310662	0.477028	2.085121	4.872811
203	66	2.310662	0.490621	2.220000	5.021283
203	67	2.310662	0.448539	1.802446	4.561647
203	68	2.310662	0.529012	2.600940	5.440615
203	69	2.310662	0.472807	2.043237	4.826706
203	70	2.310662	0.490621	2.220000	5.021283
203	71	2.310662	0.574157	3.048891	5.933711
203	72	2.310662	0.483337	2.147723	4.941723
203	73	2.310662	0.448575	2.438361	5.197598
203	74	2.310662	0.472807	2.043237	4.826706
203	75	2.310662	0.584529	3.151799	6.046990
203	76	2.310662	0.517272	2.484445	5.312379
203	77	2.310662	0.553188	2.840825	5.704675
203	78	2.310662	0.528283	2.593701	5.432646
203	79	2.310662	0.490621	2.220000	5.021283
203	80	2.310662	0.544542	2.755033	5.610237
203	81	2.310662	0.448539	1.802446	4.561647
203	82	2.310662	0.489260	2.206500	5.006423
203	83	2.310662	0.485981	2.173957	4.970600
203	84	2.310662	0.447852	1.795628	4.554143
203	85	2.310662	0.487400	2.188041	4.986103
203	86	2.310662	0.483407	2.148416	4.942484
203	87	2.310662	0.477028	2.085121	4.872811
203	88	2.310662	0.584529	3.151799	6.046990
203	89	2.310662	0.587487	3.234122	6.132271
203	90	2.310662	0.541621	2.726049	5.578332
203	91	2.310662	0.517272	2.484445	5.312379
203	92	2.310662	0.523286	2.544118	5.378066
203	93	2.310662	0.489072	2.204631	5.004365
203	94	2.310662	0.543056	2.740287	5.594005
203	95	2.310662	0.532306	2.633621	5.476589
203	96	2.310662	0.477028	2.085121	4.872811
203	97	2.310662	0.579500	3.101902	5.992064
203	98	2.310662	0.479520	2.109846	4.900028
203	99	2.310662	0.486326	2.601093	5.398082
204	0	2.148672	0.553864	2.847526	5.550062
204	1	2.148672	0.588971	3.301810	6.039454
204	2	2.148672	0.553864	2.847526	5.550062
204	3	2.148672	0.565088	2.958899	5.672659
204	4	2.148672	0.473388	2.049011	4.671071
204	5	2.148672	0.570773	3.015310	5.734755
204	6	2.148672	0.555303	2.861811	5.565786
204	7	2.148672	0.600400	3.309287	6.058359
204	8	2.148672	0.629552	3.598541	6.376764
204	9	2.148672	0.451732	1.834121	4.434524
204	10	2.148672	0.539332	2.703337	5.391341
204	11	2.148672	0.472979	2.044949	4.666600
204	12	2.148672	0.555039	2.859186	5.562897
204	13	2.148672	0.562005	2.928311	5.638988
204	14	2.148672	0.472979	2.044949	4.666600
204	15	2.148672	0.495713	2.270526	4.914911
204	16	2.148672	0.600400	3.309287	6.058359
204	17	2.148672	0.492779	2.241413	4.882864
204	18	2.148672	0.496921	2.282516	4.928109
204	19	2.148672	0.544069	2.750341	5.443082
204	20	2.148672	0.500836	2.321356	4.970864
204	21	2.148672	0.555303	2.861811	5.565786
204	22	2.148672	0.539266	2.702684	5.390622
204	23	2.148672	0.527925	2.590150	5.266747
204	24	2.148672	0.539332	2.703337	5.391341
204	25	2.148672	0.530437	2.615075	5.294184
204	26	2.148672	0.519953	2.511051	5.179677
204	27	2.148672	0.565088	2.958899	5.672659
204	28	2.148672	0.466778	1.983423	4.598873
204	29	2.148672	0.474173	2.533473	5.156318
204	30	2.148672	0.515183	2.463722	5.127577
204	31	2.148672	0.540684	2.716748	5.406104
204	32	2.148672	0.495713	2.270526	4.914911
204	33	2.148672	0.411827	1.438167	3.998665
204	34	2.148672	0.559581	2.904256	5.612508
204	35	2.148672	0.555303	2.861811	5.565786
204	36	2.148672	0.511999	2.432121	5.092791
204	37	2.148672	0.606463	3.369439	6.124573
204	38	2.148672	0.593915	3.244939	5.987526
204	39	2.148672	0.559360	2.902062	5.610094
204	40	2.148672	0.549111	2.800371	5.498154
204	41	2.148672	0.538218	2.692283	5.379173
204	42	2.148672	0.527925	2.590150	5.266747
204	43	2.148672	0.554340	2.852250	5.555261
204	44	2.148672	0.486230	2.176435	4.811338
204	45	2.148672	0.484779	2.162031	4.795482
204	46	2.148672	0.484779	2.162031	4.795482
204	47	2.148672	0.593915	3.244939	5.987526
204	48	2.148672	0.466778	1.983423	4.598873
204	49	2.148672	0.473497	2.526757	5.148926
204	50	2.148672	0.527925	2.590150	5.266747
204	51	2.148672	0.468774	2.003224	4.620670
204	52	2.148672	0.593915	3.244939	5.987526
204	53	2.148672	0.473388	2.049011	4.671071
204	54	2.148672	0.555039	2.859186	5.562897
204	55	2.148672	0.563971	2.947816	5.660459
204	56	2.148672	0.480006	2.114677	4.743356
204	57	2.148672	0.492779	2.241413	4.882864
204	58	2.148672	0.618805	3.491908	6.259385
204	59	2.148672	0.559360	2.902062	5.610094
204	60	2.148672	0.429614	1.614656	4.192942
204	61	2.148672	0.417309	2.128130	4.694111
204	62	2.148672	0.526043	2.571479	5.246195
204	63	2.148672	0.549111	2.800371	5.498154
204	64	2.148672	0.563756	2.945687	5.658115
204	65	2.148672	0.495713	2.270526	4.914911
204	66	2.148672	0.555303	2.861811	5.565786
204	67	2.148672	0.497501	2.288269	4.934442
204	68	2.148672	0.552137	2.830389	5.531197
204	69	2.148672	0.547968	2.789028	5.485668
204	70	2.148672	0.468774	2.003224	4.620670
204	71	2.148672	0.539332	2.703337	5.391341
204	72	2.148672	0.553864	2.847526	5.550062
204	73	2.148672	0.561073	3.130914	5.840659
204	74	2.148672	0.579623	3.103127	5.831423
204	75	2.148672	0.474173	2.533473	5.156318
204	76	2.148672	0.460464	1.920771	4.529907
204	77	2.148672	0.538218	2.692283	5.379173
204	78	2.148672	0.547968	2.789028	5.485668
204	79	2.148672	0.432629	1.644575	4.225876
204	80	2.148672	0.553864	2.847526	5.550062
204	81	2.148672	0.491250	2.226241	4.866163
204	82	2.148672	0.563971	2.947816	5.660459
204	83	2.148672	0.495220	2.265634	4.909526
204	84	2.148672	0.552137	2.830389	5.531197
204	85	2.148672	0.563971	2.947816	5.660459
204	86	2.148672	0.473388	2.049011	4.671071
204	87	2.148672	0.593915	3.244939	5.987526
204	88	2.148672	0.480006	2.114677	4.743356
204	89	2.148672	0.457997	1.896284	4.502953
204	90	2.148672	0.432187	2.116864	4.697723
204	91	2.148672	0.564841	3.115341	5.828854
204	92	2.148672	0.558972	2.898218	5.605862
204	93	2.148672	0.534811	2.658475	5.341958
204	94	2.148672	0.558972	2.898218	5.605862
204	95	2.148672	0.438143	2.228929	4.815744
204	96	2.148672	0.491250	2.226241	4.866163
204	97	2.148672	0.618805	3.491908	6.259385
204	98	2.148672	0.591431	3.220288	5.960391
204	99	2.148672	0.539266	2.702684	5.390622
205	0	2.251017	0.513686	2.448858	5.213561
205	1	2.251017	0.563485	2.942992	5.757495
205	2	2.251017	0.482135	2.135795	4.868947
205	3	2.251017	0.511737	2.429523	5.192277
205	4	2.251017	0.477772	2.622142	5.350931
205	5	2.251017	0.428363	1.602244	4.281625
205	6	2.251017	0.579248	3.099406	5.929671
205	7	2.251017	0.566541	2.973316	5.790874
205	8	2.251017	0.533323	2.643715	5.428056
205	9	2.251017	0.540789	2.717791	5.509597
205	10	2.251017	0.584681	3.259238	6.094937
205	11	2.251017	0.567331	3.193015	6.011364
205	12	2.251017	0.533323	2.643715	5.428056
205	13	2.251017	0.478965	2.104339	4.834321
205	14	2.251017	0.443900	1.756409	4.451326
205	15	2.251017	0.506594	2.378496	5.136108
205	16	2.251017	0.491712	2.230829	4.973559
205	17	2.251017	0.501056	2.747249	5.499322
205	18	2.251017	0.559034	2.898832	5.708883
205	19	2.251017	0.608436	3.389016	6.248469
205	20	2.251017	0.567169	2.979547	5.797733
205	21	2.251017	0.562719	3.147243	5.960980
205	22	2.251017	0.608436	3.389016	6.248469
205	23	2.251017	0.511737	2.429523	5.192277
205	24	2.251017	0.487972	2.193717	4.932707
205	25	2.251017	0.576625	3.073371	5.901013
205	26	2.251017	0.529966	2.610397	5.391379
205	27	2.251017	0.470662	2.021953	4.743632
205	28	2.251017	0.559034	2.898832	5.708883
205	29	2.251017	0.565279	2.960796	5.777093
205	30	2.251017	0.565279	2.960796	5.777093
205	31	2.251017	0.506594	2.378496	5.136108
205	32	2.251017	0.576625	3.073371	5.901013
205	33	2.251017	0.584605	3.152554	5.988177
205	34	2.251017	0.506594	2.378496	5.136108
205	35	2.251017	0.498784	2.300995	5.050796
205	36	2.251017	0.507794	2.390396	5.149207
205	37	2.251017	0.470662	2.021953	4.743632
205	38	2.251017	0.452328	1.840035	4.543380
205	39	2.251017	0.482982	2.409020	5.143020
205	40	2.251017	0.487972	2.193717	4.932707
205	41	2.251017	0.428363	1.602244	4.281625
205	42	2.251017	0.501390	2.326858	5.079265
205	43	2.251017	0.529720	2.607963	5.388700
205	44	2.251017	0.480141	2.116011	4.847170
205	45	2.251017	0.602358	3.328709	6.182084
205	46	2.251017	0.501390	2.326858	5.079265
205	47	2.251017	0.472567	2.040863	4.764448
205	48	2.251017	0.566541	2.973316	5.790874
205	49	2.251017	0.511737	2.429523	5.192277
205	50	2.251017	0.528865	2.599475	5.379357
205	51	2.251017	0.443900	1.756409	4.451326
205	52	2.251017	0.501056	2.747249	5.499322
205	53	2.251017	0.566762	2.975514	5.793294
205	54	2.251017	0.579351	3.100426	5.930795
205	55	2.251017	0.527205	2.583005	5.361228
205	56	2.251017	0.584239	3.148930	5.984187
205	57	2.251017	0.618422	3.488106	6.357545
205	58	2.251017	0.528865	2.599475	5.379357
205	59	2.251017	0.579248	3.099406	5.929671
205	60	2.251017	0.498809	2.301243	5.051069
205	61	2.251017	0.624022	3.543668	6.418707
205	62	2.251017	0.598412	3.448453	6.297883
205	63	2.251017	0.434961	1.667717	4.353696
205	64	2.251017	0.503197	2.344783	5.098997
205	65	2.251017	0.482135	2.135795	4.868947
205	66	2.251017	0.540789	2.717791	5.509597
205	67	2.251017	0.547524	2.784619	5.583160
205	68	2.251017	0.566541	2.973316	5.790874
205	69	2.251017	0.565279	2.960796	5.777093
205	70	2.251017	0.547524	2.784619	5.583160
205	71	2.251017	0.584239	3.148930	5.984187
205	72	2.251017	0.531106	2.621708	5.403831
205	73	2.251017	0.567169	2.979547	5.797733
205	74	2.251017	0.498809	2.301243	5.051069
205	75	2.251017	0.547524	2.784619	5.583160
205	76	2.251017	0.531836	3.052669	5.835523
205	77	2.251017	0.434961	1.667717	4.353696
205	78	2.251017	0.480141	2.116011	4.847170
205	79	2.251017	0.480141	2.116011	4.847170
205	80	2.251017	0.507794	2.390396	5.149207
205	81	2.251017	0.452328	1.840035	4.543380
205	82	2.251017	0.607279	3.377542	6.235839
205	83	2.251017	0.533323	2.643715	5.428056
205	84	2.251017	0.545774	2.767261	5.564053
205	85	2.251017	0.576625	3.073371	5.901013
205	86	2.251017	0.658678	3.887541	6.797236
205	87	2.251017	0.416363	1.483180	4.150561
205	88	2.251017	0.500122	2.314271	5.065410
205	89	2.251017	0.499182	2.304952	5.055152
205	90	2.251017	0.576625	3.073371	5.901013
205	91	2.251017	0.497291	2.286186	5.034494
205	92	2.251017	0.607279	3.377542	6.235839
205	93	2.251017	0.482982	2.409020	5.143020
205	94	2.251017	0.545774	2.767261	5.564053
205	95	2.251017	0.513686	2.448858	5.213561
205	96	2.251017	0.500122	2.314271	5.065410
205	97	2.251017	0.478965	2.104339	4.834321
205	98	2.251017	0.506594	2.378496	5.136108
205	99	2.251017	0.526247	2.573497	5.350761
206	0	2.417461	0.547445	2.783835	5.748741
206	1	2.417461	0.558720	2.895712	5.871892
206	2	2.417461	0.603173	3.336796	6.357430
206	3	2.417461	0.439790	1.715633	4.572885
206	4	2.417461	0.544806	2.757649	5.719915
206	5	2.417461	0.508745	2.399837	5.326043
206	6	2.417461	0.481492	2.129417	5.028370
206	7	2.417461	0.481716	2.131636	5.030813
206	8	2.417461	0.456860	1.885008	4.759329
206	9	2.417461	0.512724	2.439315	5.369500
206	10	2.417461	0.459023	1.906465	4.782948
206	11	2.417461	0.490701	2.220799	5.128961
206	12	2.417461	0.430700	1.625437	4.473598
206	13	2.417461	0.518275	2.494393	5.430128
206	14	2.417461	0.529953	2.610268	5.557681
206	15	2.417461	0.532606	2.636595	5.586661
206	16	2.417461	0.504993	2.733356	5.655811
206	17	2.417461	0.616876	3.472761	6.507098
206	18	2.417461	0.482109	2.135542	5.035112
206	19	2.417461	0.591509	3.221063	6.230032
206	20	2.417461	0.406377	1.384094	4.207932
206	21	2.417461	0.547445	2.783835	5.748741
206	22	2.417461	0.525761	2.780536	5.723759
206	23	2.417461	0.529953	2.610268	5.557681
206	24	2.417461	0.490701	2.220799	5.128961
206	25	2.417461	0.461615	1.932184	4.811260
206	26	2.417461	0.482109	2.135542	5.035112
206	27	2.417461	0.529753	2.820144	5.767358
206	28	2.417461	0.519028	2.501868	5.438356
206	29	2.417461	0.520194	2.778260	5.715915
206	30	2.417461	0.538845	2.698499	5.654804
206	31	2.417461	0.507311	2.385606	5.310377
206	32	2.417461	0.508745	2.399837	5.326043
206	33	2.417461	0.592814	3.234007	6.244281
206	34	2.417461	0.489212	2.470841	5.377514
206	35	2.417461	0.456860	1.885008	4.759329
206	36	2.417461	0.542857	2.738315	5.698633
206	37	2.417461	0.549867	2.807866	5.775193
206	38	2.417461	0.457515	1.891507	4.766483
206	39	2.417461	0.544486	2.754476	5.716422
206	40	2.417461	0.501602	2.328955	5.248018
206	41	2.417461	0.624613	3.549535	6.591608
206	42	2.417461	0.496867	2.281977	5.196305
206	43	2.417461	0.461615	1.932184	4.811260
206	44	2.417461	0.481716	2.131636	5.030813
206	45	2.417461	0.610086	3.405397	6.432944
206	46	2.417461	0.562419	2.932412	5.912291
206	47	2.417461	0.564498	2.953048	5.935007
206	48	2.417461	0.484346	2.687373	5.589179
206	49	2.417461	0.540533	2.715254	5.673248
206	50	2.417461	0.592814	3.234007	6.244281
206	51	2.417461	0.468494	2.000449	4.886405
206	52	2.417461	0.503260	2.345412	5.266133
206	53	2.417461	0.495849	2.271872	5.185181
206	54	2.417461	0.468494	2.000449	4.886405
206	55	2.417461	0.460740	1.923507	4.801708
206	56	2.417461	0.457515	1.891507	4.766483
206	57	2.417461	0.468494	2.000449	4.886405
206	58	2.417461	0.460740	1.923507	4.801708
206	59	2.417461	0.520124	2.512743	5.450327
206	60	2.417461	0.481716	2.131636	5.030813
206	61	2.417461	0.540343	2.713367	5.671170
206	62	2.417461	0.540533	2.715254	5.673248
206	63	2.417461	0.430700	1.625437	4.473598
206	64	2.417461	0.572085	3.028331	6.017877
206	65	2.417461	0.558720	2.895712	5.871892
206	66	2.417461	0.551286	2.821948	5.790694
206	67	2.417461	0.529953	2.610268	5.557681
206	68	2.417461	0.420015	1.519411	4.356886
206	69	2.417461	0.451601	1.832823	4.701884
206	70	2.417461	0.617217	3.529115	6.563793
206	71	2.417461	0.460740	1.923507	4.801708
206	72	2.417461	0.547509	2.784473	5.749443
206	73	2.417461	0.488480	2.198753	5.104694
206	74	2.417461	0.529953	2.610268	5.557681
206	75	2.417461	0.512294	2.435049	5.364804
206	76	2.417461	0.623409	3.590554	6.631424
206	77	2.417461	0.547445	2.783835	5.748741
206	78	2.417461	0.529753	2.820144	5.767358
206	79	2.417461	0.549867	2.807866	5.775193
206	80	2.417461	0.539979	2.709760	5.667200
206	81	2.417461	0.556849	2.877148	5.851458
206	82	2.417461	0.482109	2.135542	5.035112
206	83	2.417461	0.558720	2.895712	5.871892
206	84	2.417461	0.539979	2.709760	5.667200
206	85	2.417461	0.551908	2.828123	5.797491
206	86	2.417461	0.495849	2.271872	5.185181
206	87	2.417461	0.439790	1.715633	4.572885
206	88	2.417461	0.617217	3.529115	6.563793
206	89	2.417461	0.540025	2.710215	5.667701
206	90	2.417461	0.434037	1.658549	4.510047
206	91	2.417461	0.551908	2.828123	5.797491
206	92	2.417461	0.532606	2.636595	5.586661
206	93	2.417461	0.494243	2.255940	5.167643
206	94	2.417461	0.508745	2.399837	5.326043
206	95	2.417461	0.457515	1.891507	4.766483
206	96	2.417461	0.540533	2.715254	5.673248
206	97	2.417461	0.526221	2.573238	5.516919
206	98	2.417461	0.481716	2.131636	5.030813
206	99	2.417461	0.479935	2.113966	5.011362
207	0	2.202052	0.551022	2.819332	5.572406
207	1	2.202052	0.521913	2.530500	5.254465
207	2	2.202052	0.521913	2.530500	5.254465
207	3	2.202052	0.442739	1.744895	4.389686
207	4	2.202052	0.534910	2.659462	5.396425
207	5	2.202052	0.665525	3.955489	6.823066
207	6	2.202052	0.543825	2.747919	5.493796
207	7	2.202052	0.539271	2.702732	5.444055
207	8	2.202052	0.419781	1.517094	4.138928
207	9	2.202052	0.543825	2.747919	5.493796
207	10	2.202052	0.486901	2.183091	4.872045
207	11	2.202052	0.594655	3.252279	6.048986
207	12	2.202052	0.488515	2.199108	4.889676
207	13	2.202052	0.576673	3.073851	5.852576
207	14	2.202052	0.510780	2.420030	5.132863
207	15	2.202052	0.557907	3.046534	5.806493
207	16	2.202052	0.538790	2.962777	5.703620
207	17	2.202052	0.469277	2.590815	5.262144
207	18	2.202052	0.556845	2.877111	5.636008
207	19	2.202052	0.594655	3.252279	6.048986
207	20	2.202052	0.545960	2.769103	5.517115
207	21	2.202052	0.473805	2.053141	4.728998
207	22	2.202052	0.561167	2.919992	5.683211
207	23	2.202052	0.566395	2.971866	5.740312
207	24	2.202052	0.442739	1.744895	4.389686
207	25	2.202052	0.546487	2.774331	5.522870
207	26	2.202052	0.551022	2.819332	5.572406
207	27	2.202052	0.499695	2.680787	5.382534
207	28	2.202052	0.476161	2.076521	4.754734
207	29	2.202052	0.491900	2.232687	4.926639
207	30	2.202052	0.622935	3.532890	6.357877
207	31	2.202052	0.556845	2.877111	5.636008
207	32	2.202052	0.547616	2.785533	5.535201
207	33	2.202052	0.472836	2.043530	4.718418
207	34	2.202052	0.599189	3.297267	6.098508
207	35	2.202052	0.594710	3.252827	6.049590
207	36	2.202052	0.566395	2.971866	5.740312
207	37	2.202052	0.491461	2.228336	4.921849
207	38	2.202052	0.492501	2.238655	4.933208
207	39	2.202052	0.551883	2.827872	5.581807
207	40	2.202052	0.556845	2.877111	5.636008
207	41	2.202052	0.588054	3.186781	5.976887
207	42	2.202052	0.563595	3.155936	5.921582
207	43	2.202052	0.434885	1.666962	4.303899
207	44	2.202052	0.539271	2.702732	5.444055
207	45	2.202052	0.518796	2.499571	5.220420
207	46	2.202052	0.544026	2.749910	5.495988
207	47	2.202052	0.543692	2.746601	5.492345
207	48	2.202052	0.511803	2.430182	5.144038
207	49	2.202052	0.513040	2.442457	5.157550
207	50	2.202052	0.527260	2.583554	5.312866
207	51	2.202052	0.491387	2.227602	4.921041
207	52	2.202052	0.551883	2.827872	5.581807
207	53	2.202052	0.491900	2.232687	4.926639
207	54	2.202052	0.527260	2.583554	5.312866
207	55	2.202052	0.551022	2.819332	5.572406
207	56	2.202052	0.521913	2.530500	5.254465
207	57	2.202052	0.594710	3.252827	6.049590
207	58	2.202052	0.444376	1.761131	4.407559
207	59	2.202052	0.588977	3.195941	5.986971
207	60	2.202052	0.503999	2.352747	5.058799
207	61	2.202052	0.491461	2.228336	4.921849
207	62	2.202052	0.468540	2.000899	4.671490
207	63	2.202052	0.551022	2.819332	5.572406
207	64	2.202052	0.551022	2.819332	5.572406
207	65	2.202052	0.622935	3.532890	6.357877
207	66	2.202052	0.493498	2.248543	4.944093
207	67	2.202052	0.491461	2.228336	4.921849
207	68	2.202052	0.566395	2.971866	5.740312
207	69	2.202052	0.491222	2.225961	4.919234
207	70	2.202052	0.472836	2.043530	4.718418
207	71	2.202052	0.419781	1.517094	4.138928
207	72	2.202052	0.473805	2.053141	4.728998
207	73	2.202052	0.529462	2.605402	5.336916
207	74	2.202052	0.556471	2.926359	5.684882
207	75	2.202052	0.486901	2.183091	4.872045
207	76	2.202052	0.538790	2.962777	5.703620
207	77	2.202052	0.521913	2.530500	5.254465
207	78	2.202052	0.534910	2.659462	5.396425
207	79	2.202052	0.551883	2.827872	5.581807
207	80	2.202052	0.419781	1.517094	4.138928
207	81	2.202052	0.503999	2.352747	5.058799
207	82	2.202052	0.444376	1.761131	4.407559
207	83	2.202052	0.582082	3.127525	5.911659
207	84	2.202052	0.547616	2.785533	5.535201
207	85	2.202052	0.556845	2.877111	5.636008
207	86	2.202052	0.534910	2.659462	5.396425
207	87	2.202052	0.490694	2.591468	5.284214
207	88	2.202052	0.533622	2.646681	5.382355
207	89	2.202052	0.468540	2.000899	4.671490
207	90	2.202052	0.472836	2.043530	4.718418
207	91	2.202052	0.491222	2.225961	4.919234
207	92	2.202052	0.545960	2.769103	5.517115
207	93	2.202052	0.531495	2.625574	5.359121
207	94	2.202052	0.588977	3.195941	5.986971
207	95	2.202052	0.566395	2.971866	5.740312
207	96	2.202052	0.548285	2.951064	5.701401
207	97	2.202052	0.444376	1.761131	4.407559
207	98	2.202052	0.560657	3.126783	5.889492
207	99	2.202052	0.472836	2.043530	4.718418
208	0	2.336073	0.456221	1.878664	4.670958
208	1	2.336073	0.535475	2.665065	5.536613
208	2	2.336073	0.504662	2.359324	5.200059
208	3	2.336073	0.551118	2.820282	5.707473
208	4	2.336073	0.570098	3.008611	5.914783
208	5	2.336073	0.486946	2.183533	5.006552
208	6	2.336073	0.575746	3.064650	5.976469
208	7	2.336073	0.478479	2.099521	4.914073
208	8	2.336073	0.539338	2.703395	5.578806
208	9	2.336073	0.477216	2.086992	4.900281
208	10	2.336073	0.546455	2.774013	5.656541
208	11	2.336073	0.594392	3.249667	6.180132
208	12	2.336073	0.544279	2.752426	5.632778
208	13	2.336073	0.528059	2.591476	5.455608
208	14	2.336073	0.562167	2.929919	5.828160
208	15	2.336073	0.531742	2.628021	5.495836
208	16	2.336073	0.525154	2.562650	5.423877
208	17	2.336073	0.502756	2.340409	5.179238
208	18	2.336073	0.532411	2.634664	5.503149
208	19	2.336073	0.440760	1.725255	4.502089
208	20	2.336073	0.495909	2.272466	5.104448
208	21	2.336073	0.562167	2.929919	5.828160
208	22	2.336073	0.419222	1.511540	4.266835
208	23	2.336073	0.628862	3.591699	6.556634
208	24	2.336073	0.495909	2.272466	5.104448
208	25	2.336073	0.544279	2.752426	5.632778
208	26	2.336073	0.490333	2.217147	5.043553
208	27	2.336073	0.594729	3.253014	6.183816
208	28	2.336073	0.565554	2.963525	5.865152
208	29	2.336073	0.538456	2.800567	5.675096
208	30	2.336073	0.486946	2.183533	5.006552
208	31	2.336073	0.529203	2.602828	5.468104
208	32	2.336073	0.470805	2.023376	4.830254
208	33	2.336073	0.449115	1.808155	4.593343
208	34	2.336073	0.595047	3.256170	6.187290
208	35	2.336073	0.575746	3.064650	5.976469
208	36	2.336073	0.468009	2.419341	5.223423
208	37	2.336073	0.547196	2.781364	5.664633
208	38	2.336073	0.544689	2.756495	5.637257
208	39	2.336073	0.579948	3.106351	6.022372
208	40	2.336073	0.440760	1.725255	4.502089
208	41	2.336073	0.582002	3.126729	6.044804
208	42	2.336073	0.594729	3.253014	6.183816
208	43	2.336073	0.517027	2.482015	5.335115
208	44	2.336073	0.556658	2.875254	5.767986
208	45	2.336073	0.560525	3.019555	5.916154
208	46	2.336073	0.551703	3.037942	5.925718
208	47	2.336073	0.544574	2.755347	5.635994
208	48	2.336073	0.530417	2.614876	5.481366
208	49	2.336073	0.567962	3.040376	5.944411
208	50	2.336073	0.551118	2.820282	5.707473
208	51	2.336073	0.413148	1.451270	4.200491
208	52	2.336073	0.518047	2.492130	5.346250
208	53	2.336073	0.575746	3.064650	5.976469
208	54	2.336073	0.500440	2.317427	5.153939
208	55	2.336073	0.496794	2.281248	5.114115
208	56	2.336073	0.464187	1.957705	4.757965
208	57	2.336073	0.559386	2.902320	5.797779
208	58	2.336073	0.529833	2.609085	5.474991
208	59	2.336073	0.472517	2.040367	4.848957
208	60	2.336073	0.589116	3.197322	6.122511
208	61	2.336073	0.529833	2.609085	5.474991
208	62	2.336073	0.521728	2.952374	5.810175
208	63	2.336073	0.575897	3.172076	6.084046
208	64	2.336073	0.544574	2.755347	5.635994
208	65	2.336073	0.508579	2.398186	5.242837
208	66	2.336073	0.531347	2.624108	5.491529
208	67	2.336073	0.544689	2.756495	5.637257
208	68	2.336073	0.544574	2.755347	5.635994
208	69	2.336073	0.490333	2.217147	5.043553
208	70	2.336073	0.464187	1.957705	4.757965
208	71	2.336073	0.539235	2.702372	5.577680
208	72	2.336073	0.575746	3.064650	5.976469
208	73	2.336073	0.419222	1.511540	4.266835
208	74	2.336073	0.495909	2.272466	5.104448
208	75	2.336073	0.500440	2.317427	5.153939
208	76	2.336073	0.589116	3.197322	6.122511
208	77	2.336073	0.437082	1.688762	4.461917
208	78	2.336073	0.531347	2.624108	5.491529
208	79	2.336073	0.478479	2.099521	4.914073
208	80	2.336073	0.490333	2.217147	5.043553
208	81	2.336073	0.477216	2.086992	4.900281
208	82	2.336073	0.539894	2.708915	5.584882
208	83	2.336073	0.532411	2.634664	5.503149
208	84	2.336073	0.559386	2.902320	5.797779
208	85	2.336073	0.575746	3.064650	5.976469
208	86	2.336073	0.528059	2.591476	5.455608
208	87	2.336073	0.449115	1.808155	4.593343
208	88	2.336073	0.571692	3.077393	5.985158
208	89	2.336073	0.569425	3.213791	6.119290
208	90	2.336073	0.565554	2.963525	5.865152
208	91	2.336073	0.471862	2.033863	4.841798
208	92	2.336073	0.556658	2.875254	5.767986
208	93	2.336073	0.531347	2.624108	5.491529
208	94	2.336073	0.562167	2.929919	5.828160
208	95	2.336073	0.556658	2.875254	5.767986
208	96	2.336073	0.477682	2.091615	4.905370
208	97	2.336073	0.502727	2.340120	5.178920
208	98	2.336073	0.539894	2.708915	5.584882
208	99	2.336073	0.486946	2.183533	5.006552
209	0	2.240714	0.499457	2.307680	5.047851
209	1	2.240714	0.481848	2.132951	4.855513
209	2	2.240714	0.556978	2.878426	5.676118
209	3	2.240714	0.570259	3.010211	5.821184
209	4	2.240714	0.515185	2.463736	5.219635
209	5	2.240714	0.523352	2.544771	5.308837
209	6	2.240714	0.486936	2.183437	4.911087
209	7	2.240714	0.545605	2.765580	5.551899
209	8	2.240714	0.556978	2.878426	5.676118
209	9	2.240714	0.513363	2.445657	5.199733
209	10	2.240714	0.499846	2.311540	5.052100
209	11	2.240714	0.570043	3.008062	5.818818
209	12	2.240714	0.545605	2.765580	5.551899
209	13	2.240714	0.603154	3.336612	6.180479
209	14	2.240714	0.463753	1.953399	4.657865
209	15	2.240714	0.581030	3.117081	5.938824
209	16	2.240714	0.464043	1.956280	4.661037
209	17	2.240714	0.509669	2.409007	5.159390
209	18	2.240714	0.587846	3.184717	6.013277
209	19	2.240714	0.463753	1.953399	4.657865
209	20	2.240714	0.482201	2.136451	4.859366
209	21	2.240714	0.491925	2.232943	4.965582
209	22	2.240714	0.464982	1.965597	4.671292
209	23	2.240714	0.523352	2.544771	5.308837
209	24	2.240714	0.546902	2.778448	5.566063
209	25	2.240714	0.494021	2.571519	5.306254
209	26	2.240714	0.564721	3.061190	5.866625
209	27	2.240714	0.518126	2.492915	5.251754
209	28	2.240714	0.596493	3.270512	6.107718
209	29	2.240714	0.529517	2.870765	5.640996
209	30	2.240714	0.570259	3.010211	5.821184
209	31	2.240714	0.436238	1.680381	4.357332
209	32	2.240714	0.567039	2.978255	5.786007
209	33	2.240714	0.545605	2.765580	5.551899
209	34	2.240714	0.546952	2.831904	5.619570
209	35	2.240714	0.546063	2.770121	5.556897
209	36	2.240714	0.544372	2.753347	5.538433
209	37	2.240714	0.483944	2.736346	5.461003
209	38	2.240714	0.464982	1.965597	4.671292
209	39	2.240714	0.498392	2.297108	5.036213
209	40	2.240714	0.504229	2.355026	5.099968
209	41	2.240714	0.546063	2.770121	5.556897
209	42	2.240714	0.611771	3.422116	6.274601
209	43	2.240714	0.520721	2.518667	5.280102
209	44	2.240714	0.567039	2.978255	5.786007
209	45	2.240714	0.546902	2.778448	5.566063
209	46	2.240714	0.562360	2.931829	5.734902
209	47	2.240714	0.446777	1.784959	4.472449
209	48	2.240714	0.515185	2.463736	5.219635
209	49	2.240714	0.526395	2.574971	5.342080
209	50	2.240714	0.550804	2.817167	5.608685
209	51	2.240714	0.463587	1.951756	4.656057
209	52	2.240714	0.523352	2.544771	5.308837
209	53	2.240714	0.640304	3.705230	6.586247
209	54	2.240714	0.513160	2.443641	5.197515
209	55	2.240714	0.544372	2.753347	5.538433
209	56	2.240714	0.544372	2.753347	5.538433
209	57	2.240714	0.499457	2.307680	5.047851
209	58	2.240714	0.514549	2.457428	5.212690
209	59	2.240714	0.530567	2.616368	5.387649
209	60	2.240714	0.465773	1.973451	4.679938
209	61	2.240714	0.515185	2.463736	5.219635
209	62	2.240714	0.591771	3.223663	6.056148
209	63	2.240714	0.546063	2.770121	5.556897
209	64	2.240714	0.478861	2.103315	4.822890
209	65	2.240714	0.514549	2.457428	5.212690
209	66	2.240714	0.591771	3.223663	6.056148
209	67	2.240714	0.498392	2.297108	5.036213
209	68	2.240714	0.446995	2.316759	5.004468
209	69	2.240714	0.520721	2.518667	5.280102
209	70	2.240714	0.567039	2.978255	5.786007
209	71	2.240714	0.497982	2.769712	5.508408
209	72	2.240714	0.509669	2.409007	5.159390
209	73	2.240714	0.564236	2.950442	5.755391
209	74	2.240714	0.579058	3.203447	6.023219
209	75	2.240714	0.504343	2.462088	5.207145
209	76	2.240714	0.465773	1.973451	4.679938
209	77	2.240714	0.550173	2.810907	5.601794
209	78	2.240714	0.515794	2.469778	5.226286
209	79	2.240714	0.481357	2.128075	4.850146
209	80	2.240714	0.463587	1.951756	4.656057
209	81	2.240714	0.506874	2.381274	5.128861
209	82	2.240714	0.465773	1.973451	4.679938
209	83	2.240714	0.478861	2.103315	4.822890
209	84	2.240714	0.526395	2.574971	5.342080
209	85	2.240714	0.486936	2.183437	4.911087
209	86	2.240714	0.570043	3.008062	5.818818
209	87	2.240714	0.511377	2.425952	5.178043
209	88	2.240714	0.583742	3.143993	5.968448
209	89	2.240714	0.499846	2.311540	5.052100
209	90	2.240714	0.541812	2.727941	5.510467
209	91	2.240714	0.481848	2.132951	4.855513
209	92	2.240714	0.595312	3.258801	6.094827
209	93	2.240714	0.491925	2.232943	4.965582
209	94	2.240714	0.529551	2.606281	5.376545
209	95	2.240714	0.523352	2.544771	5.308837
209	96	2.240714	0.529551	2.606281	5.376545
209	97	2.240714	0.615335	3.457476	6.313525
209	98	2.240714	0.529517	2.870765	5.640996
209	99	2.240714	0.596493	3.270512	6.107718
210	0	2.212476	0.488440	2.198364	4.899281
210	1	2.212476	0.431929	1.637630	4.282035
210	2	2.212476	0.522347	2.534799	5.269622
210	3	2.212476	0.523411	2.545358	5.281246
210	4	2.212476	0.589534	3.201460	6.003470
210	5	2.212476	0.622590	3.529460	6.364526
210	6	2.212476	0.496314	2.276489	4.985280
210	7	2.212476	0.578700	3.093963	5.885139
210	8	2.212476	0.475128	2.066269	4.753873
210	9	2.212476	0.506184	2.374420	5.093080
210	10	2.212476	0.386325	1.926617	4.525419
210	11	2.212476	0.520436	2.515838	5.248750
210	12	2.212476	0.476154	2.076452	4.765083
210	13	2.212476	0.488440	2.198364	4.899281
210	14	2.212476	0.544580	2.755405	5.512461
210	15	2.212476	0.488440	2.198364	4.899281
210	16	2.212476	0.532205	2.632617	5.377299
210	17	2.212476	0.532205	2.632617	5.377299
210	18	2.212476	0.520436	2.515838	5.248750
210	19	2.212476	0.493860	2.252137	4.958473
210	20	2.212476	0.455541	1.871921	4.539939
210	21	2.212476	0.489178	2.205687	4.907341
210	22	2.212476	0.589534	3.201460	6.003470
210	23	2.212476	0.476154	2.076452	4.765083
210	24	2.212476	0.480452	2.119098	4.812026
210	25	2.212476	0.594196	3.247719	6.054391
210	26	2.212476	0.474097	2.056037	4.742610
210	27	2.212476	0.488440	2.198364	4.899281
210	28	2.212476	0.523535	2.546593	5.282605
210	29	2.212476	0.460036	1.916517	4.589029
210	30	2.212476	0.586237	3.168754	5.967468
210	31	2.212476	0.494967	2.263125	4.970568
210	32	2.212476	0.435023	1.668330	4.315830
210	33	2.212476	0.472304	2.408999	5.093779
210	34	2.212476	0.445063	1.767956	4.425496
210	35	2.212476	0.463823	1.954098	4.630397
210	36	2.212476	0.489178	2.205687	4.907341
210	37	2.212476	0.441018	1.727818	4.381313
210	38	2.212476	0.468795	2.003433	4.684704
210	39	2.212476	0.503595	2.348737	5.064808
210	40	2.212476	0.594717	3.252897	6.060091
210	41	2.212476	0.510314	2.415406	5.138196
210	42	2.212476	0.455541	1.871921	4.539939
210	43	2.212476	0.559960	3.013944	5.786381
210	44	2.212476	0.572077	3.187134	5.971687
210	45	2.212476	0.460036	1.916517	4.589029
210	46	2.212476	0.492807	2.241689	4.946972
210	47	2.212476	0.491844	2.232134	4.936454
210	48	2.212476	0.573530	3.042666	5.828672
210	49	2.212476	0.491057	2.224328	4.927862
210	50	2.212476	0.580632	3.166099	5.959208
210	51	2.212476	0.488440	2.198364	4.899281
210	52	2.212476	0.594717	3.252897	6.060091
210	53	2.212476	0.578700	3.093963	5.885139
210	54	2.212476	0.474097	2.056037	4.742610
210	55	2.212476	0.473069	2.045837	4.731382
210	56	2.212476	0.556409	2.872784	5.641669
210	57	2.212476	0.494967	2.263125	4.970568
210	58	2.212476	0.476154	2.076452	4.765083
210	59	2.212476	0.501186	2.324831	5.038494
210	60	2.212476	0.463823	1.954098	4.630397
210	61	2.212476	0.505125	2.363917	5.081519
210	62	2.212476	0.537085	2.681041	5.430602
210	63	2.212476	0.528401	2.753761	5.494638
210	64	2.212476	0.405609	1.376471	3.994557
210	65	2.212476	0.448324	1.800311	4.461111
210	66	2.212476	0.544580	2.755405	5.512461
210	67	2.212476	0.491057	2.224328	4.927862
210	68	2.212476	0.622590	3.529460	6.364526
210	69	2.212476	0.493860	2.252137	4.958473
210	70	2.212476	0.460036	1.916517	4.589029
210	71	2.212476	0.494967	2.263125	4.970568
210	72	2.212476	0.504056	2.353306	5.069838
210	73	2.212476	0.493860	2.252137	4.958473
210	74	2.212476	0.405609	1.376471	3.994557
210	75	2.212476	0.622590	3.529460	6.364526
210	76	2.212476	0.565529	2.963278	5.741283
210	77	2.212476	0.445063	1.767956	4.425496
210	78	2.212476	0.544037	2.750019	5.506532
210	79	2.212476	0.460036	1.916517	4.589029
210	80	2.212476	0.513163	2.655531	5.381171
210	81	2.212476	0.484193	2.156215	4.852884
210	82	2.212476	0.533919	2.649625	5.396020
210	83	2.212476	0.501186	2.324831	5.038494
210	84	2.212476	0.470375	2.019110	4.701961
210	85	2.212476	0.555049	2.965218	5.732744
210	86	2.212476	0.615433	3.458446	6.286355
210	87	2.212476	0.534148	2.757827	5.504451
210	88	2.212476	0.445063	1.767956	4.425496
210	89	2.212476	0.589534	3.201460	6.003470
210	90	2.212476	0.594483	3.250567	6.057526
210	91	2.212476	0.603666	3.341693	6.157836
210	92	2.212476	0.563222	2.940388	5.716086
210	93	2.212476	0.484193	2.156215	4.852884
210	94	2.212476	0.468795	2.003433	4.684704
210	95	2.212476	0.470375	2.019110	4.701961
210	96	2.212476	0.534148	2.757827	5.504451
210	97	2.212476	0.520436	2.515838	5.248750
210	98	2.212476	0.607338	3.378125	6.197939
210	99	2.212476	0.455541	1.871921	4.539939
211	0	2.218267	0.569773	3.058353	5.846394
211	1	2.218267	0.408048	1.400671	4.026987
211	2	2.218267	0.540787	2.717774	5.476829
211	3	2.218267	0.549013	2.799392	5.566672
211	4	2.218267	0.592777	3.233641	6.044685
211	5	2.218267	0.483089	2.145267	4.846624
211	6	2.218267	0.438794	1.705749	4.362810
211	7	2.218267	0.515259	2.464470	5.197996
211	8	2.218267	0.489463	2.208514	4.916245
211	9	2.218267	0.562218	2.930422	5.710908
211	10	2.218267	0.491160	2.225348	4.934776
211	11	2.218267	0.552990	2.838858	5.610116
211	12	2.218267	0.522255	2.533885	5.274407
211	13	2.218267	0.553765	2.846544	5.618576
211	14	2.218267	0.493414	2.247717	4.959398
211	15	2.218267	0.471585	2.031118	4.720970
211	16	2.218267	0.498167	2.294872	5.011306
211	17	2.218267	0.563327	3.100314	5.881908
211	18	2.218267	0.585996	3.166364	5.970628
211	19	2.218267	0.534994	2.660290	5.413552
211	20	2.218267	0.592777	3.233641	6.044685
211	21	2.218267	0.530716	2.617840	5.366823
211	22	2.218267	0.535176	2.662093	5.415536
211	23	2.218267	0.489181	2.205710	4.913158
211	24	2.218267	0.479599	2.110634	4.808500
211	25	2.218267	0.471585	2.031118	4.720970
211	26	2.218267	0.408048	1.400671	4.026987
211	27	2.218267	0.469332	2.008759	4.696359
211	28	2.218267	0.491160	2.225348	4.934776
211	29	2.218267	0.491160	2.225348	4.934776
211	30	2.218267	0.530716	2.617840	5.366823
211	31	2.218267	0.533328	2.643764	5.395360
211	32	2.218267	0.553181	2.840753	5.612201
211	33	2.218267	0.618943	3.493278	6.330489
211	34	2.218267	0.469332	2.008759	4.696359
211	35	2.218267	0.454321	1.859815	4.532403
211	36	2.218267	0.580616	3.218908	6.017792
211	37	2.218267	0.578303	3.090022	5.886592
211	38	2.218267	0.545814	2.767658	5.531739
211	39	2.218267	0.491160	2.225348	4.934776
211	40	2.218267	0.569483	3.002509	5.790259
211	41	2.218267	0.535176	2.662093	5.415536
211	42	2.218267	0.455207	1.868608	4.542082
211	43	2.218267	0.545814	2.767658	5.531739
211	44	2.218267	0.513186	2.443901	5.175354
211	45	2.218267	0.485355	2.167745	4.871367
211	46	2.218267	0.530716	2.617840	5.366823
211	47	2.218267	0.492213	2.235801	4.946281
211	48	2.218267	0.493414	2.247717	4.959398
211	49	2.218267	0.546145	2.929829	5.694241
211	50	2.218267	0.553181	2.840753	5.612201
211	51	2.218267	0.523735	2.760428	5.502430
211	52	2.218267	0.408048	1.400671	4.026987
211	53	2.218267	0.494798	2.261446	4.974511
211	54	2.218267	0.427783	1.596494	4.242545
211	55	2.218267	0.542911	2.738847	5.500025
211	56	2.218267	0.549013	2.799392	5.566672
211	57	2.218267	0.548051	2.948741	5.715059
211	58	2.218267	0.501665	2.329587	5.049520
211	59	2.218267	0.471585	2.031118	4.720970
211	60	2.218267	0.473766	2.052755	4.744788
211	61	2.218267	0.592777	3.233641	6.044685
211	62	2.218267	0.562218	2.930422	5.710908
211	63	2.218267	0.493414	2.247717	4.959398
211	64	2.218267	0.489463	2.208514	4.916245
211	65	2.218267	0.485969	2.173839	4.878075
211	66	2.218267	0.609756	3.402114	6.230137
211	67	2.218267	0.499170	2.304831	5.022269
211	68	2.218267	0.507852	2.390980	5.117100
211	69	2.218267	0.531873	2.629322	5.379462
211	70	2.218267	0.622014	3.523748	6.364029
211	71	2.218267	0.485969	2.173839	4.878075
211	72	2.218267	0.530716	2.617840	5.366823
211	73	2.218267	0.513218	2.709039	5.440524
211	74	2.218267	0.493711	2.250662	4.962640
211	75	2.218267	0.510457	2.416826	5.145550
211	76	2.218267	0.521931	2.848454	5.588652
211	77	2.218267	0.553765	2.846544	5.618576
211	78	2.218267	0.520599	2.729312	5.468178
211	79	2.218267	0.492213	2.235801	4.946281
211	80	2.218267	0.465798	1.973691	4.657756
211	81	2.218267	0.534986	2.660216	5.413470
211	82	2.218267	0.542911	2.738847	5.500025
211	83	2.218267	0.534986	2.660216	5.413470
211	84	2.218267	0.588059	3.186828	5.993155
211	85	2.218267	0.580616	3.218908	6.017792
211	86	2.218267	0.553181	2.840753	5.612201
211	87	2.218267	0.465798	1.973691	4.657756
211	88	2.218267	0.578303	3.090022	5.886592
211	89	2.218267	0.534994	2.660290	5.413552
211	90	2.218267	0.592777	3.233641	6.044685
211	91	2.218267	0.609756	3.402114	6.230137
211	92	2.218267	0.494798	2.261446	4.974511
211	93	2.218267	0.612102	3.425392	6.255761
211	94	2.218267	0.594285	3.248611	6.061164
211	95	2.218267	0.463663	1.952510	4.634441
211	96	2.218267	0.536066	2.670925	5.425258
211	97	2.218267	0.585665	3.163078	5.967010
211	98	2.218267	0.592777	3.233641	6.044685
211	99	2.218267	0.473766	2.052755	4.744788
212	0	2.126801	0.574730	3.054572	5.756102
212	1	2.126801	0.501087	2.323853	4.951741
212	2	2.126801	0.496111	2.274480	4.897392
212	3	2.126801	0.553015	2.839109	5.518925
212	4	2.126801	0.599917	3.304485	6.031203
212	5	2.126801	0.557897	2.887548	5.572246
212	6	2.126801	0.516662	2.478388	5.121850
212	7	2.126801	0.585213	3.158587	5.870600
212	8	2.126801	0.484245	2.156735	4.767780
212	9	2.126801	0.573013	3.037536	5.737350
212	10	2.126801	0.488801	2.201939	4.817540
212	11	2.126801	0.551687	2.825927	5.504414
212	12	2.126801	0.468099	1.996526	4.591425
212	13	2.126801	0.562982	2.938002	5.627784
212	14	2.126801	0.588974	3.195911	5.911686
212	15	2.126801	0.488801	2.201939	4.817540
212	16	2.126801	0.563370	2.941854	5.632025
212	17	2.126801	0.521430	2.525703	5.173934
212	18	2.126801	0.561683	2.925111	5.613594
212	19	2.126801	0.506632	2.590724	5.224157
212	20	2.126801	0.507725	2.760462	5.394988
212	21	2.126801	0.604251	3.347494	6.078545
212	22	2.126801	0.540371	2.713644	5.380816
212	23	2.126801	0.515379	2.465667	5.107847
212	24	2.126801	0.504778	2.360476	4.992055
212	25	2.126801	0.599917	3.304485	6.031203
212	26	2.126801	0.484609	2.160349	4.771759
212	27	2.126801	0.501087	2.323853	4.951741
212	28	2.126801	0.411308	1.433020	3.971129
212	29	2.126801	0.468099	1.996526	4.591425
212	30	2.126801	0.611581	3.420223	6.158604
212	31	2.126801	0.488801	2.201939	4.817540
212	32	2.126801	0.606132	3.366160	6.099093
212	33	2.126801	0.432074	1.639064	4.197938
212	34	2.126801	0.463258	1.948496	4.538555
212	35	2.126801	0.551687	2.825927	5.504414
212	36	2.126801	0.471776	2.033008	4.631584
212	37	2.126801	0.540922	2.719112	5.386835
212	38	2.126801	0.537169	2.681870	5.345839
212	39	2.126801	0.534902	2.871232	5.532934
212	40	2.126801	0.500842	2.321418	4.949061
212	41	2.126801	0.646527	3.766976	6.540304
212	42	2.126801	0.555249	2.861268	5.543317
212	43	2.126801	0.490416	2.217970	4.835187
212	44	2.126801	0.428175	1.600378	4.155354
212	45	2.126801	0.499088	2.304011	4.929900
212	46	2.126801	0.553015	2.839109	5.518925
212	47	2.126801	0.515915	2.470985	5.113701
212	48	2.126801	0.497422	2.605264	5.229486
212	49	2.126801	0.538492	2.906852	5.572144
212	50	2.126801	0.504778	2.360476	4.992055
212	51	2.126801	0.571644	3.023949	5.722393
212	52	2.126801	0.575818	3.065370	5.767989
212	53	2.126801	0.453474	1.851405	4.431679
212	54	2.126801	0.513828	2.450272	5.090901
212	55	2.126801	0.507725	2.760462	5.394988
212	56	2.126801	0.561683	2.925111	5.613594
212	57	2.126801	0.553015	2.839109	5.518925
212	58	2.126801	0.471776	2.033008	4.631584
212	59	2.126801	0.564471	2.952777	5.644049
212	60	2.126801	0.573013	3.037536	5.737350
212	61	2.126801	0.488801	2.201939	4.817540
212	62	2.126801	0.575818	3.065370	5.767989
212	63	2.126801	0.484245	2.156735	4.767780
212	64	2.126801	0.501087	2.323853	4.951741
212	65	2.126801	0.611581	3.420223	6.158604
212	66	2.126801	0.464020	1.956052	4.546872
212	67	2.126801	0.479084	2.105528	4.711413
212	68	2.126801	0.474529	2.060325	4.661654
212	69	2.126801	0.599917	3.304485	6.031203
212	70	2.126801	0.520146	2.512965	5.159912
212	71	2.126801	0.553015	2.839109	5.518925
212	72	2.126801	0.519065	2.502234	5.148100
212	73	2.126801	0.555249	2.861268	5.543317
212	74	2.126801	0.557897	2.887548	5.572246
212	75	2.126801	0.393295	1.995777	4.515872
212	76	2.126801	0.528369	2.594551	5.249720
212	77	2.126801	0.439892	1.716647	4.283340
212	78	2.126801	0.528369	2.594551	5.249720
212	79	2.126801	0.578268	3.142640	5.847708
212	80	2.126801	0.474529	2.060325	4.661654
212	81	2.126801	0.490416	2.217970	4.835187
212	82	2.126801	0.597096	3.329460	6.053357
212	83	2.126801	0.528369	2.594551	5.249720
212	84	2.126801	0.626780	3.571039	6.324620
212	85	2.126801	0.464020	1.956052	4.546872
212	86	2.126801	0.492928	2.242891	4.862619
212	87	2.126801	0.450436	1.821269	4.398505
212	88	2.126801	0.599917	3.304485	6.031203
212	89	2.126801	0.479084	2.105528	4.711413
212	90	2.126801	0.606132	3.366160	6.099093
212	91	2.126801	0.632151	3.624333	6.383285
212	92	2.126801	0.455161	2.291857	4.873818
212	93	2.126801	0.561683	2.925111	5.613594
212	94	2.126801	0.497984	2.293061	4.917845
212	95	2.126801	0.553755	2.846449	5.527005
212	96	2.126801	0.539687	2.706855	5.373343
212	97	2.126801	0.509783	2.410136	5.046719
212	98	2.126801	0.577648	3.083524	5.787973
212	99	2.126801	0.515379	2.465667	5.107847
213	0	2.255546	0.472289	2.038103	4.765937
213	1	2.255546	0.519370	2.505261	5.280176
213	2	2.255546	0.560632	3.073572	5.889749
213	3	2.255546	0.538318	2.693271	5.487134
213	4	2.255546	0.582708	3.133732	5.971986
213	5	2.255546	0.441722	2.370364	5.067631
213	6	2.255546	0.550523	2.814376	5.620444
213	7	2.255546	0.544871	2.758294	5.558711
213	8	2.255546	0.487114	2.185199	4.927859
213	9	2.255546	0.428374	1.602354	4.286273
213	10	2.255546	0.508475	2.397159	5.161179
213	11	2.255546	0.491329	2.227030	4.973905
213	12	2.255546	0.496105	2.274418	5.026069
213	13	2.255546	0.430776	1.626190	4.312511
213	14	2.255546	0.489235	2.206253	4.951034
213	15	2.255546	0.428374	1.602354	4.286273
213	16	2.255546	0.485962	2.173769	4.915276
213	17	2.255546	0.469449	2.009919	4.734914
213	18	2.255546	0.490797	2.221751	4.968094
213	19	2.255546	0.627976	3.582903	6.466425
213	20	2.255546	0.430776	1.626190	4.312511
213	21	2.255546	0.459850	1.914673	4.630068
213	22	2.255546	0.555619	2.864940	5.676104
213	23	2.255546	0.469449	2.009919	4.734914
213	24	2.255546	0.462771	1.943661	4.661978
213	25	2.255546	0.487114	2.185199	4.927859
213	26	2.255546	0.518648	2.498103	5.272297
213	27	2.255546	0.438759	1.705405	4.399710
213	28	2.255546	0.485962	2.173769	4.915276
213	29	2.255546	0.537283	2.683006	5.475834
213	30	2.255546	0.461946	1.935472	4.652963
213	31	2.255546	0.555619	2.864940	5.676104
213	32	2.255546	0.551110	2.873165	5.679821
213	33	2.255546	0.506833	2.539756	5.302134
213	34	2.255546	0.532357	2.634123	5.422025
213	35	2.255546	0.461946	1.935472	4.652963
213	36	2.255546	0.472289	2.038103	4.765937
213	37	2.255546	0.571462	3.022146	5.849153
213	38	2.255546	0.607453	3.379263	6.242261
213	39	2.255546	0.453510	1.851772	4.560828
213	40	2.255546	0.636936	3.671810	6.564292
213	41	2.255546	0.501578	2.328718	5.085841
213	42	2.255546	0.552195	2.830969	5.638710
213	43	2.255546	0.581803	3.124751	5.962100
213	44	2.255546	0.479764	2.112276	4.847586
213	45	2.255546	0.430776	1.626190	4.312511
213	46	2.255546	0.627976	3.582903	6.466425
213	47	2.255546	0.490797	2.221751	4.968094
213	48	2.255546	0.465211	1.967869	4.688626
213	49	2.255546	0.579175	3.098675	5.933395
213	50	2.255546	0.481083	2.125361	4.861990
213	51	2.255546	0.466115	1.976839	4.698500
213	52	2.255546	0.508475	2.397159	5.161179
213	53	2.255546	0.608383	3.388493	6.252421
213	54	2.255546	0.462771	1.943661	4.661978
213	55	2.255546	0.478345	2.098194	4.832084
213	56	2.255546	0.539288	2.702901	5.497735
213	57	2.255546	0.478345	2.098194	4.832084
213	58	2.255546	0.541586	2.990517	5.787648
213	59	2.255546	0.519370	2.505261	5.280176
213	60	2.255546	0.586267	3.327941	6.169754
213	61	2.255546	0.461946	1.935472	4.652963
213	62	2.255546	0.532357	2.634123	5.422025
213	63	2.255546	0.402720	2.142255	4.800520
213	64	2.255546	0.528001	2.590906	5.374453
213	65	2.255546	0.567281	2.980657	5.803483
213	66	2.255546	0.560632	3.073572	5.889749
213	67	2.255546	0.418301	1.502401	4.176247
213	68	2.255546	0.485962	2.173769	4.915276
213	69	2.255546	0.537283	2.683006	5.475834
213	70	2.255546	0.607453	3.379263	6.242261
213	71	2.255546	0.552195	2.830969	5.638710
213	72	2.255546	0.575957	3.066743	5.898245
213	73	2.255546	0.508475	2.397159	5.161179
213	74	2.255546	0.560632	3.073572	5.889749
213	75	2.255546	0.488344	2.197411	4.941301
213	76	2.255546	0.581803	3.124751	5.962100
213	77	2.255546	0.500313	2.316173	5.072032
213	78	2.255546	0.428374	1.602354	4.286273
213	79	2.255546	0.465211	1.967869	4.688626
213	80	2.255546	0.430776	1.626190	4.312511
213	81	2.255546	0.544871	2.758294	5.558711
213	82	2.255546	0.520781	2.519261	5.295587
213	83	2.255546	0.485962	2.173769	4.915276
213	84	2.255546	0.506510	2.377658	5.139713
213	85	2.255546	0.503901	2.351767	5.111213
213	86	2.255546	0.438759	1.705405	4.399710
213	87	2.255546	0.567753	3.144230	5.967528
213	88	2.255546	0.478345	2.098194	4.832084
213	89	2.255546	0.532357	2.634123	5.422025
213	90	2.255546	0.541317	2.723030	5.519892
213	91	2.255546	0.472289	2.038103	4.765937
213	92	2.255546	0.453510	1.851772	4.560828
213	93	2.255546	0.558950	2.897994	5.712490
213	94	2.255546	0.537283	2.683006	5.475834
213	95	2.255546	0.465211	1.967869	4.688626
213	96	2.255546	0.453510	1.851772	4.560828
213	97	2.255546	0.564221	2.950292	5.770058
213	98	2.255546	0.552195	2.830969	5.638710
213	99	2.255546	0.528001	2.590906	5.374453
214	0	2.301269	0.576381	3.070954	5.948604
214	1	2.301269	0.576381	3.070954	5.948604
214	2	2.301269	0.528174	2.804473	5.633915
214	3	2.301269	0.576733	3.074447	5.952449
214	4	2.301269	0.520973	2.521169	5.343411
214	5	2.301269	0.550965	2.924688	5.776921
214	6	2.301269	0.444705	1.764396	4.510370
214	7	2.301269	0.467293	1.988531	4.757093
214	8	2.301269	0.520973	2.521169	5.343411
214	9	2.301269	0.500870	2.321692	5.123831
214	10	2.301269	0.488663	2.200570	4.990502
214	11	2.301269	0.612539	3.429731	6.343539
214	12	2.301269	0.471115	2.026452	4.798836
214	13	2.301269	0.498884	2.301988	5.102140
214	14	2.301269	0.543358	2.743284	5.587911
214	15	2.301269	0.576381	3.070954	5.948604
214	16	2.301269	0.541561	2.725451	5.568281
214	17	2.301269	0.472577	2.040962	4.814808
214	18	2.301269	0.471115	2.026452	4.798836
214	19	2.301269	0.554717	2.855992	5.711978
214	20	2.301269	0.474736	2.062384	4.838390
214	21	2.301269	0.406499	1.385305	4.093073
214	22	2.301269	0.569148	2.999184	5.869601
214	23	2.301269	0.541561	2.725451	5.568281
214	24	2.301269	0.500870	2.321692	5.123831
214	25	2.301269	0.496054	2.273914	5.071237
214	26	2.301269	0.534991	2.660263	5.496523
214	27	2.301269	0.575284	3.060065	5.936618
214	28	2.301269	0.559636	2.904804	5.765709
214	29	2.301269	0.559636	2.904804	5.765709
214	30	2.301269	0.511692	2.429079	5.242040
214	31	2.301269	0.474736	2.062384	4.838390
214	32	2.301269	0.549753	2.806740	5.657762
214	33	2.301269	0.471115	2.026452	4.798836
214	34	2.301269	0.459337	2.439225	5.199832
214	35	2.301269	0.557958	2.888150	5.747376
214	36	2.301269	0.526153	2.572567	5.399989
214	37	2.301269	0.496054	2.273914	5.071237
214	38	2.301269	0.468236	1.997882	4.767387
214	39	2.301269	0.582152	3.128212	6.011633
214	40	2.301269	0.433520	1.653417	4.388207
214	41	2.301269	0.509398	2.512242	5.322909
214	42	2.301269	0.568301	2.990782	5.860352
214	43	2.301269	0.459556	1.911756	4.672581
214	44	2.301269	0.570323	3.010846	5.882439
214	45	2.301269	0.497819	2.291425	5.090513
214	46	2.301269	0.518928	2.500872	5.321069
214	47	2.301269	0.498716	2.300323	5.100308
214	48	2.301269	0.512506	2.437157	5.250932
214	49	2.301269	0.513783	2.449830	5.264883
214	50	2.301269	0.592597	3.231861	6.125728
214	51	2.301269	0.506255	2.375129	5.182653
214	52	2.301269	0.612539	3.429731	6.343539
214	53	2.301269	0.598858	3.293985	6.194112
214	54	2.301269	0.582243	3.129124	6.012636
214	55	2.301269	0.597131	3.276842	6.175241
214	56	2.301269	0.488663	2.200570	4.990502
214	57	2.301269	0.549753	2.806740	5.657762
214	58	2.301269	0.570323	3.010846	5.882439
214	59	2.301269	0.532377	2.634325	5.467971
214	60	2.301269	0.563169	2.939859	5.804298
214	61	2.301269	0.507068	2.383199	5.191536
214	62	2.301269	0.533845	2.913713	5.748827
214	63	2.301269	0.598858	3.293985	6.194112
214	64	2.301269	0.503745	2.350227	5.155241
214	65	2.301269	0.593348	3.239305	6.133921
214	66	2.301269	0.566812	3.081933	5.950014
214	67	2.301269	0.459556	1.911756	4.672581
214	68	2.301269	0.526153	2.572567	5.399989
214	69	2.301269	0.528178	2.592656	5.422103
214	70	2.301269	0.468236	1.997882	4.767387
214	71	2.301269	0.539625	2.706242	5.547136
214	72	2.301269	0.473411	2.049231	4.823910
214	73	2.301269	0.517955	2.967894	5.787118
214	74	2.301269	0.541010	2.719985	5.562265
214	75	2.301269	0.471115	2.026452	4.798836
214	76	2.301269	0.471115	2.026452	4.798836
214	77	2.301269	0.483669	2.151021	4.935959
214	78	2.301269	0.461427	1.930321	4.693017
214	79	2.301269	0.549753	2.806740	5.657762
214	80	2.301269	0.488663	2.200570	4.990502
214	81	2.301269	0.500565	2.318674	5.120509
214	82	2.301269	0.568301	2.990782	5.860352
214	83	2.301269	0.559636	2.904804	5.765709
214	84	2.301269	0.585681	3.163231	6.050181
214	85	2.301269	0.557958	2.888150	5.747376
214	86	2.301269	0.541561	2.725451	5.568281
214	87	2.301269	0.446628	2.366082	5.113979
214	88	2.301269	0.438497	1.702798	4.442564
214	89	2.301269	0.504931	2.361992	5.168192
214	90	2.301269	0.510643	2.418667	5.230579
214	91	2.301269	0.482280	2.137234	4.920783
214	92	2.301269	0.495109	2.264533	5.060911
214	93	2.301269	0.597607	3.281573	6.180449
214	94	2.301269	0.576381	3.070954	5.948604
214	95	2.301269	0.495777	2.694873	5.491920
214	96	2.301269	0.532377	2.634325	5.467971
214	97	2.301269	0.559636	2.904804	5.765709
214	98	2.301269	0.468236	1.997882	4.767387
214	99	2.301269	0.559636	2.904804	5.765709
215	0	2.182112	0.479205	2.106725	4.768041
215	1	2.182112	0.462702	1.942971	4.587785
215	2	2.182112	0.519894	2.510467	5.212473
215	3	2.182112	0.585997	3.166373	5.934482
215	4	2.182112	0.459942	1.915591	4.557645
215	5	2.182112	0.597339	3.278905	6.058356
215	6	2.182112	0.590139	3.419327	6.191579
215	7	2.182112	0.606129	3.366129	6.154370
215	8	2.182112	0.500647	2.319488	5.002248
215	9	2.182112	0.643159	3.733556	6.558826
215	10	2.182112	0.545029	2.759869	5.487010
215	11	2.182112	0.519462	2.506171	5.207744
215	12	2.182112	0.501566	2.328599	5.012277
215	13	2.182112	0.498760	2.300764	4.981637
215	14	2.182112	0.530036	2.611098	5.323246
215	15	2.182112	0.584175	3.148291	5.914578
215	16	2.182112	0.512500	2.437099	5.131711
215	17	2.182112	0.499498	2.308086	4.989697
215	18	2.182112	0.520333	2.514817	5.217262
215	19	2.182112	0.555937	2.868097	5.606146
215	20	2.182112	0.487843	2.192434	4.862388
215	21	2.182112	0.487843	2.192434	4.862388
215	22	2.182112	0.487843	2.192434	4.862388
215	23	2.182112	0.413228	1.452064	4.047404
215	24	2.182112	0.561153	2.972819	5.716084
215	25	2.182112	0.462702	1.942971	4.587785
215	26	2.182112	0.419928	1.518553	4.120593
215	27	2.182112	0.532644	2.636972	5.351728
215	28	2.182112	0.593117	3.342945	6.118173
215	29	2.182112	0.459942	1.915591	4.557645
215	30	2.182112	0.501566	2.328599	5.012277
215	31	2.182112	0.555937	2.868097	5.606146
215	32	2.182112	0.519894	2.510467	5.212473
215	33	2.182112	0.475358	2.068551	4.726020
215	34	2.182112	0.462702	1.942971	4.587785
215	35	2.182112	0.470359	2.018947	4.671417
215	36	2.182112	0.419928	1.518553	4.120593
215	37	2.182112	0.473281	2.047943	4.703336
215	38	2.182112	0.459942	1.915591	4.557645
215	39	2.182112	0.539548	2.705476	5.427135
215	40	2.182112	0.555937	2.868097	5.606146
215	41	2.182112	0.475358	2.068551	4.726020
215	42	2.182112	0.524957	2.560703	5.267773
215	43	2.182112	0.419928	1.518553	4.120593
215	44	2.182112	0.470359	2.018947	4.671417
215	45	2.182112	0.444528	1.762641	4.389280
215	46	2.182112	0.547454	2.783929	5.513495
215	47	2.182112	0.477840	2.093184	4.753136
215	48	2.182112	0.558841	3.002839	5.743792
215	49	2.182112	0.519894	2.510467	5.212473
215	50	2.182112	0.436720	1.685169	4.304000
215	51	2.182112	0.565385	2.961846	5.709343
215	52	2.182112	0.475358	2.068551	4.726020
215	53	2.182112	0.585997	3.166373	5.934482
215	54	2.182112	0.643159	3.733556	6.558826
215	55	2.182112	0.459942	1.915591	4.557645
215	56	2.182112	0.587463	3.180914	5.950488
215	57	2.182112	0.453359	1.850271	4.485742
215	58	2.182112	0.516806	2.479818	5.178736
215	59	2.182112	0.530036	2.611098	5.323246
215	60	2.182112	0.473281	2.047943	4.703336
215	61	2.182112	0.562837	2.936560	5.681508
215	62	2.182112	0.479205	2.106725	4.768041
215	63	2.182112	0.547454	2.783929	5.513495
215	64	2.182112	0.504467	2.357390	5.043969
215	65	2.182112	0.475358	2.068551	4.726020
215	66	2.182112	0.540777	2.717671	5.440560
215	67	2.182112	0.436720	1.685169	4.304000
215	68	2.182112	0.506926	2.646606	5.335644
215	69	2.182112	0.572756	3.087946	5.842814
215	70	2.182112	0.524957	2.560703	5.267773
215	71	2.182112	0.504393	2.356655	5.043160
215	72	2.182112	0.478772	2.102431	4.763316
215	73	2.182112	0.419928	1.518553	4.120593
215	74	2.182112	0.537250	3.053420	5.772782
215	75	2.182112	0.459942	1.915591	4.557645
215	76	2.182112	0.477840	2.093184	4.753136
215	77	2.182112	0.532644	2.636972	5.351728
215	78	2.182112	0.582243	3.129119	5.893473
215	79	2.182112	0.543136	2.741081	5.466329
215	80	2.182112	0.587463	3.180914	5.950488
215	81	2.182112	0.548147	3.055625	5.785884
215	82	2.182112	0.584175	3.148291	5.914578
215	83	2.182112	0.572756	3.087946	5.842814
215	84	2.182112	0.643159	3.733556	6.558826
215	85	2.182112	0.436720	1.685169	4.304000
215	86	2.182112	0.498760	2.300764	4.981637
215	87	2.182112	0.535837	2.668652	5.386600
215	88	2.182112	0.555937	2.868097	5.606146
215	89	2.182112	0.520115	2.512652	5.214878
215	90	2.182112	0.502940	2.342233	5.027284
215	91	2.182112	0.484199	2.156282	4.822593
215	92	2.182112	0.444528	1.762641	4.389280
215	93	2.182112	0.480999	2.124530	4.787641
215	94	2.182112	0.590809	3.425973	6.198894
215	95	2.182112	0.519894	2.510467	5.212473
215	96	2.182112	0.539548	2.705476	5.427135
215	97	2.182112	0.587463	3.180914	5.950488
215	98	2.182112	0.630064	3.603621	6.415797
215	99	2.182112	0.499498	2.308086	4.989697
216	0	2.310850	0.509221	2.404559	5.224629
216	1	2.310850	0.542360	2.733384	5.586593
216	2	2.310850	0.472705	2.042227	4.825781
216	3	2.310850	0.495959	2.272964	5.079772
216	4	2.310850	0.444897	1.766302	4.522049
216	5	2.310850	0.549283	2.802077	5.662210
216	6	2.310850	0.573240	3.145718	6.029808
216	7	2.310850	0.527710	2.588012	5.426571
216	8	2.310850	0.462483	1.940797	4.714129
216	9	2.310850	0.613367	3.437944	6.362160
216	10	2.310850	0.441344	1.731052	4.483245
216	11	2.310850	0.590605	3.212094	6.113549
216	12	2.310850	0.532984	2.746273	5.590106
216	13	2.310850	0.444897	1.766302	4.522049
216	14	2.310850	0.569665	3.004319	5.884835
216	15	2.310850	0.583974	3.146297	6.041121
216	16	2.310850	0.507511	2.387594	5.205955
216	17	2.310850	0.530742	2.618106	5.459698
216	18	2.310850	0.470769	2.023019	4.804638
216	19	2.310850	0.576411	3.071254	5.958515
216	20	2.310850	0.459851	1.914686	4.685386
216	21	2.310850	0.582753	3.134184	6.027787
216	22	2.310850	0.444897	1.766302	4.522049
216	23	2.310850	0.571665	3.024158	5.906673
216	24	2.310850	0.521664	2.528025	5.360538
216	25	2.310850	0.548564	2.794944	5.654358
216	26	2.310850	0.510901	2.421234	5.242985
216	27	2.310850	0.512318	2.435286	5.258454
216	28	2.310850	0.487520	2.189230	4.987600
216	29	2.310850	0.548021	2.789550	5.648421
216	30	2.310850	0.511781	2.429961	5.252592
216	31	2.310850	0.480151	2.116107	4.907107
216	32	2.310850	0.470769	2.023019	4.804638
216	33	2.310850	0.512318	2.435286	5.258454
216	34	2.310850	0.523064	2.541917	5.375831
216	35	2.310850	0.591572	3.221691	6.124113
216	36	2.310850	0.576411	3.071254	5.958515
216	37	2.310850	0.530742	2.618106	5.459698
216	38	2.310850	0.533043	2.640930	5.484823
216	39	2.310850	0.583974	3.146297	6.041121
216	40	2.310850	0.536921	2.679409	5.527179
216	41	2.310850	0.520961	2.521054	5.352865
216	42	2.310850	0.629211	3.595164	6.535225
216	43	2.310850	0.501998	2.332886	5.145734
216	44	2.310850	0.487394	2.187984	4.986229
216	45	2.310850	0.408725	1.407384	4.126959
216	46	2.310850	0.487394	2.187984	4.986229
216	47	2.310850	0.616228	3.466337	6.393414
216	48	2.310850	0.542004	2.729848	5.582702
216	49	2.310850	0.476171	2.076616	4.863636
216	50	2.310850	0.553691	2.845810	5.710351
216	51	2.310850	0.549628	2.805499	5.665976
216	52	2.310850	0.462483	1.940797	4.714129
216	53	2.310850	0.551069	2.925728	5.787648
216	54	2.310850	0.509148	2.403837	5.223835
216	55	2.310850	0.476171	2.076616	4.863636
216	56	2.310850	0.469137	2.006830	4.786817
216	57	2.310850	0.556383	2.872528	5.739761
216	58	2.310850	0.520713	2.783409	5.614972
216	59	2.310850	0.540565	3.033355	5.884770
216	60	2.310850	0.583082	3.137443	6.031375
216	61	2.310850	0.556383	2.872528	5.739761
216	62	2.310850	0.518975	2.501348	5.331173
216	63	2.310850	0.573240	3.145718	6.029808
216	64	2.310850	0.501998	2.332886	5.145734
216	65	2.310850	0.441344	1.731052	4.483245
216	66	2.310850	0.487394	2.187984	4.986229
216	67	2.310850	0.610204	3.406562	6.327616
216	68	2.310850	0.521664	2.528025	5.360538
216	69	2.310850	0.549283	2.802077	5.662210
216	70	2.310850	0.495959	2.272964	5.079772
216	71	2.310850	0.549283	2.802077	5.662210
216	72	2.310850	0.481577	2.130262	4.922689
216	73	2.310850	0.470769	2.023019	4.804638
216	74	2.310850	0.487394	2.187984	4.986229
216	75	2.310850	0.512318	2.435286	5.258454
216	76	2.310850	0.571665	3.024158	5.906673
216	77	2.310850	0.428532	1.603926	4.343308
216	78	2.310850	0.469137	2.006830	4.786817
216	79	2.310850	0.421442	1.533573	4.265865
216	80	2.310850	0.549628	2.805499	5.665976
216	81	2.310850	0.501243	2.325398	5.137490
216	82	2.310850	0.567990	3.040656	5.919496
216	83	2.310850	0.447373	1.790871	4.549094
216	84	2.310850	0.618091	3.537790	6.466731
216	85	2.310850	0.497882	2.292048	5.100779
216	86	2.310850	0.523064	2.541917	5.375831
216	87	2.310850	0.583974	3.146297	6.041121
216	88	2.310850	0.549628	2.805499	5.665976
216	89	2.310850	0.469137	2.006830	4.786817
216	90	2.310850	0.532984	2.746273	5.590106
216	91	2.310850	0.570966	3.017221	5.899037
216	92	2.310850	0.583974	3.146297	6.041121
216	93	2.310850	0.470769	2.023019	4.804638
216	94	2.310850	0.548304	2.792356	5.651510
216	95	2.310850	0.498347	2.296660	5.105856
216	96	2.310850	0.510034	2.412627	5.233511
216	97	2.310850	0.520723	2.783503	5.615076
216	98	2.310850	0.549628	2.805499	5.665976
216	99	2.310850	0.520961	2.521054	5.352865
217	0	2.138855	0.587622	3.182489	5.908966
217	1	2.138855	0.447769	2.324435	4.911059
217	2	2.138855	0.521456	2.525961	5.186272
217	3	2.138855	0.602397	3.329098	6.070350
217	4	2.138855	0.600106	3.306368	6.045330
217	5	2.138855	0.525036	2.561485	5.225377
217	6	2.138855	0.511698	2.429136	5.079689
217	7	2.138855	0.435233	1.670414	4.244503
217	8	2.138855	0.503816	2.350929	4.993601
217	9	2.138855	0.498086	2.294071	4.931012
217	10	2.138855	0.560505	2.913426	5.612786
217	11	2.138855	0.560505	2.913426	5.612786
217	12	2.138855	0.537423	2.684390	5.360667
217	13	2.138855	0.439784	1.715566	4.294205
217	14	2.138855	0.542216	2.731956	5.413028
217	15	2.138855	0.589524	3.201367	5.929747
217	16	2.138855	0.521456	2.525961	5.186272
217	17	2.138855	0.587622	3.182489	5.908966
217	18	2.138855	0.552743	2.836410	5.528009
217	19	2.138855	0.522095	2.532300	5.193250
217	20	2.138855	0.562015	2.928409	5.629279
217	21	2.138855	0.540822	2.718124	5.397801
217	22	2.138855	0.542216	2.731956	5.413028
217	23	2.138855	0.562015	2.928409	5.629279
217	24	2.138855	0.562503	2.986216	5.687574
217	25	2.138855	0.521456	2.525961	5.186272
217	26	2.138855	0.498086	2.294071	4.931012
217	27	2.138855	0.498086	2.294071	4.931012
217	28	2.138855	0.509080	2.403163	5.051098
217	29	2.138855	0.589524	3.201367	5.929747
217	30	2.138855	0.521601	2.527400	5.187857
217	31	2.138855	0.583654	3.143123	5.865632
217	32	2.138855	0.497971	2.292932	4.929759
217	33	2.138855	0.480146	2.116058	4.735059
217	34	2.138855	0.498086	2.294071	4.931012
217	35	2.138855	0.473905	2.054139	4.666899
217	36	2.138855	0.473905	2.054139	4.666899
217	37	2.138855	0.503123	2.344049	4.986027
217	38	2.138855	0.494758	2.261052	4.894666
217	39	2.138855	0.448986	1.806879	4.394720
217	40	2.138855	0.562503	2.986216	5.687574
217	41	2.138855	0.505769	2.370309	5.014933
217	42	2.138855	0.557976	2.888335	5.585166
217	43	2.138855	0.476027	2.075195	4.690078
217	44	2.138855	0.546005	2.769550	5.454410
217	45	2.138855	0.594418	3.249925	5.983199
217	46	2.138855	0.516828	2.744862	5.400545
217	47	2.138855	0.435233	1.670414	4.244503
217	48	2.138855	0.494758	2.261052	4.894666
217	49	2.138855	0.565915	2.967102	5.671872
217	50	2.138855	0.536442	2.674657	5.349954
217	51	2.138855	0.474652	2.061549	4.675056
217	52	2.138855	0.428653	1.605120	4.172628
217	53	2.138855	0.536442	2.674657	5.349954
217	54	2.138855	0.480146	2.116058	4.735059
217	55	2.138855	0.489279	2.206683	4.834818
217	56	2.138855	0.474652	2.061549	4.675056
217	57	2.138855	0.460421	1.920337	4.519613
217	58	2.138855	0.537423	2.684390	5.360667
217	59	2.138855	0.636021	3.662731	6.437607
217	60	2.138855	0.435233	1.670414	4.244503
217	61	2.138855	0.610429	3.408795	6.158079
217	62	2.138855	0.494035	2.253879	4.886770
217	63	2.138855	0.498086	2.294071	4.931012
217	64	2.138855	0.503123	2.344049	4.986027
217	65	2.138855	0.503123	2.344049	4.986027
217	66	2.138855	0.516092	2.472734	5.127681
217	67	2.138855	0.447769	2.324435	4.911059
217	68	2.138855	0.611568	3.420093	6.170516
217	69	2.138855	0.497971	2.292932	4.929759
217	70	2.138855	0.521601	2.527400	5.187857
217	71	2.138855	0.523860	2.549815	5.212531
217	72	2.138855	0.524685	2.558000	5.221541
217	73	2.138855	0.552743	2.836410	5.528009
217	74	2.138855	0.557976	2.888335	5.585166
217	75	2.138855	0.450002	1.816959	4.405816
217	76	2.138855	0.560505	2.913426	5.612786
217	77	2.138855	0.522095	2.532300	5.193250
217	78	2.138855	0.602397	3.329098	6.070350
217	79	2.138855	0.494758	2.261052	4.894666
217	80	2.138855	0.465195	1.967711	4.571761
217	81	2.138855	0.540822	2.718124	5.397801
217	82	2.138855	0.494035	2.253879	4.886770
217	83	2.138855	0.548766	3.008800	5.696421
217	84	2.138855	0.582306	3.288640	6.009802
217	85	2.138855	0.593662	3.295384	6.027901
217	86	2.138855	0.592607	3.231958	5.963420
217	87	2.138855	0.591823	3.224177	5.954855
217	88	2.138855	0.429510	1.613630	4.181995
217	89	2.138855	0.473905	2.054139	4.666899
217	90	2.138855	0.473017	2.045325	4.657197
217	91	2.138855	0.480146	2.116058	4.735059
217	92	2.138855	0.600106	3.306368	6.045330
217	93	2.138855	0.604239	3.400335	6.143429
217	94	2.138855	0.465195	1.967711	4.571761
217	95	2.138855	0.536004	2.723274	5.398134
217	96	2.138855	0.557976	2.888335	5.585166
217	97	2.138855	0.439784	1.715566	4.294205
217	98	2.138855	0.499182	2.304947	4.942985
217	99	2.138855	0.533309	2.643573	5.315737
218	0	2.233044	0.586145	3.326729	6.145917
218	1	2.233044	0.507761	2.390073	5.130878
218	2	2.233044	0.550803	2.817159	5.601005
218	3	2.233044	0.484702	2.161271	4.879017
218	4	2.233044	0.550106	2.810239	5.593388
218	5	2.233044	0.543548	2.745173	5.521765
218	6	2.233044	0.590509	3.211138	6.034691
218	7	2.233044	0.595346	3.259139	6.087529
218	8	2.233044	0.550803	2.817159	5.601005
218	9	2.233044	0.500582	2.318842	5.052468
218	10	2.233044	0.517631	2.488007	5.238681
218	11	2.233044	0.560980	2.918135	5.712158
218	12	2.233044	0.465345	1.969198	4.667586
218	13	2.233044	0.593907	3.244852	6.071802
218	14	2.233044	0.460772	1.923820	4.617636
218	15	2.233044	0.484702	2.161271	4.879017
218	16	2.233044	0.625723	3.560550	6.419317
218	17	2.233044	0.594458	3.250323	6.077825
218	18	2.233044	0.425484	1.573681	4.232209
218	19	2.233044	0.503281	2.345617	5.081941
218	20	2.233044	0.558934	3.056731	5.848709
218	21	2.233044	0.517631	2.488007	5.238681
218	22	2.233044	0.489601	2.209876	4.932521
218	23	2.233044	0.562108	2.929328	5.724479
218	24	2.233044	0.528197	2.592850	5.354091
218	25	2.233044	0.562108	2.929328	5.724479
218	26	2.233044	0.492002	2.233703	4.958748
218	27	2.233044	0.571436	3.021888	5.826368
218	28	2.233044	0.594458	3.250323	6.077825
218	29	2.233044	0.468845	2.003924	4.705812
218	30	2.233044	0.542534	2.735107	5.510685
218	31	2.233044	0.475222	2.543878	5.252143
218	32	2.233044	0.534888	2.659238	5.427170
218	33	2.233044	0.517631	2.488007	5.238681
218	34	2.233044	0.489601	2.209876	4.932521
218	35	2.233044	0.492002	2.233703	4.958748
218	36	2.233044	0.517631	2.488007	5.238681
218	37	2.233044	0.579068	3.097612	5.909723
218	38	2.233044	0.542534	2.735107	5.510685
218	39	2.233044	0.582544	3.132107	5.947695
218	40	2.233044	0.472278	2.037993	4.743314
218	41	2.233044	0.554672	2.855547	5.643262
218	42	2.233044	0.533237	2.748787	5.515067
218	43	2.233044	0.533237	2.748787	5.515067
218	44	2.233044	0.540104	2.711000	5.484148
218	45	2.233044	0.487857	2.192571	4.913471
218	46	2.233044	0.525243	2.563539	5.321826
218	47	2.233044	0.492459	2.238238	4.963741
218	48	2.233044	0.528197	2.592850	5.354091
218	49	2.233044	0.474556	2.060592	4.768191
218	50	2.233044	0.518128	2.492936	5.244108
218	51	2.233044	0.460772	1.923820	4.617636
218	52	2.233044	0.492459	2.238238	4.963741
218	53	2.233044	0.558175	2.890301	5.681519
218	54	2.233044	0.425484	1.573681	4.232209
218	55	2.233044	0.528197	2.592850	5.354091
218	56	2.233044	0.426054	1.579331	4.238428
218	57	2.233044	0.466975	1.985369	4.685387
218	58	2.233044	0.502155	2.334445	5.069643
218	59	2.233044	0.448769	1.804727	4.486540
218	60	2.233044	0.560980	2.918135	5.712158
218	61	2.233044	0.543548	2.745173	5.521765
218	62	2.233044	0.483615	2.150481	4.867139
218	63	2.233044	0.665710	3.957321	6.856075
218	64	2.233044	0.476133	2.076240	4.785416
218	65	2.233044	0.472278	2.037993	4.743314
218	66	2.233044	0.527620	2.587125	5.347788
218	67	2.233044	0.473165	2.046795	4.753004
218	68	2.233044	0.460772	1.923820	4.617636
218	69	2.233044	0.459888	1.915050	4.607982
218	70	2.233044	0.523740	2.548621	5.305404
218	71	2.233044	0.442230	1.739845	4.415119
218	72	2.233044	0.527620	2.587125	5.347788
218	73	2.233044	0.545424	2.763786	5.542254
218	74	2.233044	0.474556	2.060592	4.768191
218	75	2.233044	0.503281	2.345617	5.081941
218	76	2.233044	0.529370	2.763379	5.525793
218	77	2.233044	0.480335	2.117943	4.831322
218	78	2.233044	0.465345	1.969198	4.667586
218	79	2.233044	0.473165	2.046795	4.753004
218	80	2.233044	0.524383	2.555001	5.312428
218	81	2.233044	0.512222	2.434338	5.179604
218	82	2.233044	0.543548	2.745173	5.521765
218	83	2.233044	0.503281	2.345617	5.081941
218	84	2.233044	0.595346	3.259139	6.087529
218	85	2.233044	0.582544	3.132107	5.947695
218	86	2.233044	0.476133	2.076240	4.785416
218	87	2.233044	0.484425	2.158521	4.875990
218	88	2.233044	0.476987	2.084713	4.794743
218	89	2.233044	0.423937	2.087968	4.744949
218	90	2.233044	0.503245	2.768977	5.505266
218	91	2.233044	0.584708	3.259504	6.077255
218	92	2.233044	0.534655	2.656930	5.424629
218	93	2.233044	0.534222	2.652630	5.419895
218	94	2.233044	0.582717	3.133823	5.949583
218	95	2.233044	0.487857	2.192571	4.913471
218	96	2.233044	0.570895	3.122444	5.926382
218	97	2.233044	0.595346	3.259139	6.087529
218	98	2.233044	0.408644	1.406584	4.048272
218	99	2.233044	0.468845	2.003924	4.705812
219	0	2.124802	0.469217	2.007620	4.601639
219	1	2.124802	0.523676	2.547985	5.196463
219	2	2.124802	0.506735	2.379893	5.011430
219	3	2.124802	0.573549	3.254707	5.953058
219	4	2.124802	0.563094	2.939112	5.627008
219	5	2.124802	0.412070	1.440577	3.977449
219	6	2.124802	0.506735	2.379893	5.011430
219	7	2.124802	0.443694	1.754370	4.322866
219	8	2.124802	0.510902	2.421242	5.056946
219	9	2.124802	0.538170	2.691805	5.354777
219	10	2.124802	0.573328	3.040661	5.738791
219	11	2.124802	0.494010	2.253625	4.872437
219	12	2.124802	0.566823	2.976118	5.667744
219	13	2.124802	0.486309	2.177218	4.788330
219	14	2.124802	0.537367	2.683835	5.346004
219	15	2.124802	0.592228	3.228191	5.945221
219	16	2.124802	0.494010	2.253625	4.872437
219	17	2.124802	0.611104	3.415496	6.151402
219	18	2.124802	0.533603	2.646490	5.304895
219	19	2.124802	0.490820	2.221979	4.837602
219	20	2.124802	0.590207	3.208146	5.923155
219	21	2.124802	0.556366	2.872356	5.553525
219	22	2.124802	0.482663	2.141036	4.748502
219	23	2.124802	0.510902	2.421242	5.056946
219	24	2.124802	0.490905	2.222814	4.838521
219	25	2.124802	0.611104	3.415496	6.151402
219	26	2.124802	0.506735	2.379893	5.011430
219	27	2.124802	0.533603	2.646490	5.304895
219	28	2.124802	0.562210	2.930344	5.617356
219	29	2.124802	0.566823	2.976118	5.667744
219	30	2.124802	0.486309	2.177218	4.788330
219	31	2.124802	0.548600	2.795296	5.468698
219	32	2.124802	0.508059	2.393027	5.025888
219	33	2.124802	0.566823	2.976118	5.667744
219	34	2.124802	0.561295	2.921267	5.607364
219	35	2.124802	0.490820	2.221979	4.837602
219	36	2.124802	0.466934	1.984966	4.576702
219	37	2.124802	0.494023	2.253759	4.872585
219	38	2.124802	0.542129	2.995903	5.662834
219	39	2.124802	0.577162	3.078701	5.780665
219	40	2.124802	0.557446	3.147887	5.830135
219	41	2.124802	0.578460	3.197513	5.900775
219	42	2.124802	0.469217	2.007620	4.601639
219	43	2.124802	0.434585	2.299552	4.858940
219	44	2.124802	0.494010	2.253625	4.872437
219	45	2.124802	0.501883	2.331746	4.958431
219	46	2.124802	0.621887	3.522490	6.269179
219	47	2.124802	0.537367	2.683835	5.346004
219	48	2.124802	0.548544	2.794739	5.468085
219	49	2.124802	0.621775	3.521381	6.267958
219	50	2.124802	0.587355	3.179844	5.892001
219	51	2.124802	0.657683	3.877676	6.660161
219	52	2.124802	0.519308	2.504646	5.148756
219	53	2.124802	0.575664	3.063837	5.764303
219	54	2.124802	0.417968	2.240594	4.783364
219	55	2.124802	0.546744	2.776880	5.448427
219	56	2.124802	0.596525	3.323796	6.045123
219	57	2.124802	0.442086	1.738414	4.305303
219	58	2.124802	0.490905	2.222814	4.838521
219	59	2.124802	0.490440	2.747843	5.363086
219	60	2.124802	0.502358	2.336463	4.963624
219	61	2.124802	0.575664	3.063837	5.764303
219	62	2.124802	0.595560	3.261259	5.981622
219	63	2.124802	0.412070	1.440577	3.977449
219	64	2.124802	0.546744	2.776880	5.448427
219	65	2.124802	0.499572	2.308817	4.933191
219	66	2.124802	0.499572	2.308817	4.933191
219	67	2.124802	0.502358	2.336463	4.963624
219	68	2.124802	0.595560	3.261259	5.981622
219	69	2.124802	0.546298	2.772461	5.443561
219	70	2.124802	0.546418	2.773646	5.444866
219	71	2.124802	0.466934	1.984966	4.576702
219	72	2.124802	0.546681	2.776260	5.447744
219	73	2.124802	0.546418	2.773646	5.444866
219	74	2.124802	0.508743	2.399817	5.033363
219	75	2.124802	0.594207	3.247830	5.966839
219	76	2.124802	0.523676	2.547985	5.196463
219	77	2.124802	0.546418	2.773646	5.444866
219	78	2.124802	0.602988	3.334961	6.062751
219	79	2.124802	0.515857	2.470409	5.111069
219	80	2.124802	0.508340	2.395816	5.028958
219	81	2.124802	0.494023	2.253759	4.872585
219	82	2.124802	0.533603	2.646490	5.304895
219	83	2.124802	0.490905	2.222814	4.838521
219	84	2.124802	0.488319	2.673829	5.286950
219	85	2.124802	0.543205	2.741762	5.409769
219	86	2.124802	0.482663	2.141036	4.748502
219	87	2.124802	0.548544	2.794739	5.468085
219	88	2.124802	0.490820	2.221979	4.837602
219	89	2.124802	0.471637	2.031632	4.628071
219	90	2.124802	0.522703	2.856114	5.503619
219	91	2.124802	0.508743	2.399817	5.033363
219	92	2.124802	0.490820	2.221979	4.837602
219	93	2.124802	0.566823	2.976118	5.667744
219	94	2.124802	0.482663	2.141036	4.748502
219	95	2.124802	0.487395	2.187987	4.800184
219	96	2.124802	0.621887	3.522490	6.269179
219	97	2.124802	0.523676	2.547985	5.196463
219	98	2.124802	0.594207	3.247830	5.966839
219	99	2.124802	0.621887	3.522490	6.269179
220	0	2.254641	0.499068	2.303818	5.057527
220	1	2.254641	0.548240	2.791730	5.594611
220	2	2.254641	0.501528	2.328221	5.084389
220	3	2.254641	0.598128	3.286737	6.139506
220	4	2.254641	0.472396	2.039162	4.766199
220	5	2.254641	0.503698	2.349758	5.108097
220	6	2.254641	0.497512	2.765053	5.517207
220	7	2.254641	0.549804	2.807247	5.611692
220	8	2.254641	0.636055	3.663072	6.553768
220	9	2.254641	0.461275	1.928810	4.644726
220	10	2.254641	0.450754	1.824424	4.529820
220	11	2.254641	0.491073	2.224482	4.970195
220	12	2.254641	0.464131	1.957155	4.675927
220	13	2.254641	0.548240	2.791730	5.594611
220	14	2.254641	0.439953	2.246887	4.941481
220	15	2.254641	0.636055	3.663072	6.553768
220	16	2.254641	0.541337	2.723230	5.519208
220	17	2.254641	0.438791	1.705720	4.399152
220	18	2.254641	0.510947	2.421686	5.187274
220	19	2.254641	0.526990	2.580871	5.362502
220	20	2.254641	0.462136	1.937358	4.654135
220	21	2.254641	0.461275	1.928810	4.644726
220	22	2.254641	0.547433	2.995569	5.797642
220	23	2.254641	0.490352	2.217332	4.962325
220	24	2.254641	0.464131	1.957155	4.675927
220	25	2.254641	0.486936	2.183433	4.925009
220	26	2.254641	0.490271	2.216529	4.961441
220	27	2.254641	0.505407	2.366717	5.126766
220	28	2.254641	0.556112	2.869832	5.680584
220	29	2.254641	0.474787	2.062889	4.792317
220	30	2.254641	0.490352	2.217332	4.962325
220	31	2.254641	0.512490	2.437000	5.204131
220	32	2.254641	0.499068	2.303818	5.057527
220	33	2.254641	0.486936	2.183433	4.925009
220	34	2.254641	0.491832	2.232021	4.978494
220	35	2.254641	0.405211	1.372517	4.032369
220	36	2.254641	0.504600	2.358703	5.117943
220	37	2.254641	0.487382	2.187866	4.929889
220	38	2.254641	0.574714	3.054410	5.883764
220	39	2.254641	0.450754	1.824424	4.529820
220	40	2.254641	0.619993	3.503694	6.378328
220	41	2.254641	0.475611	2.071059	4.801311
220	42	2.254641	0.479664	2.111279	4.845584
220	43	2.254641	0.561316	2.921471	5.737428
220	44	2.254641	0.600731	3.312564	6.167935
220	45	2.254641	0.501528	2.328221	5.084389
220	46	2.254641	0.565400	2.961996	5.782037
220	47	2.254641	0.548240	2.791730	5.594611
220	48	2.254641	0.543043	2.899048	5.696732
220	49	2.254641	0.542209	2.731880	5.528730
220	50	2.254641	0.593374	3.239566	6.087580
220	51	2.254641	0.513981	2.451788	5.220410
220	52	2.254641	0.636055	3.663072	6.553768
220	53	2.254641	0.541688	2.726717	5.523046
220	54	2.254641	0.461275	1.928810	4.644726
220	55	2.254641	0.476355	2.078449	4.809446
220	56	2.254641	0.541337	2.723230	5.519208
220	57	2.254641	0.563948	2.947592	5.766181
220	58	2.254641	0.512490	2.437000	5.204131
220	59	2.254641	0.504266	2.355394	5.114301
220	60	2.254641	0.464131	1.957155	4.675927
220	61	2.254641	0.490271	2.216529	4.961441
220	62	2.254641	0.438791	1.705720	4.399152
220	63	2.254641	0.405211	1.372517	4.032369
220	64	2.254641	0.509409	2.406428	5.170478
220	65	2.254641	0.570958	3.176038	6.001637
220	66	2.254641	0.574714	3.054410	5.883764
220	67	2.254641	0.488195	2.460745	5.203581
220	68	2.254641	0.471701	2.032265	4.758606
220	69	2.254641	0.490271	2.216529	4.961441
220	70	2.254641	0.528122	2.592104	5.374867
220	71	2.254641	0.439953	2.246887	4.941481
220	72	2.254641	0.618011	3.484025	6.356677
220	73	2.254641	0.464131	1.957155	4.675927
220	74	2.254641	0.462136	1.937358	4.654135
220	75	2.254641	0.569292	3.000613	5.824546
220	76	2.254641	0.488195	2.460745	5.203581
220	77	2.254641	0.487382	2.187866	4.929889
220	78	2.254641	0.490271	2.216529	4.961441
220	79	2.254641	0.603079	3.388829	6.246549
220	80	2.254641	0.486688	2.551724	5.293053
220	81	2.254641	0.486936	2.183433	4.925009
220	82	2.254641	0.471701	2.032265	4.758606
220	83	2.254641	0.584475	3.151271	5.990387
220	84	2.254641	0.526990	2.580871	5.362502
220	85	2.254641	0.435339	1.671463	4.361443
220	86	2.254641	0.472396	2.039162	4.766199
220	87	2.254641	0.490271	2.216529	4.961441
220	88	2.254641	0.567784	2.985648	5.808073
220	89	2.254641	0.588893	3.195102	6.038636
220	90	2.254641	0.474355	2.058600	4.787596
220	91	2.254641	0.541337	2.723230	5.519208
220	92	2.254641	0.541337	2.723230	5.519208
220	93	2.254641	0.569746	3.005123	5.829510
220	94	2.254641	0.547221	2.781615	5.583477
220	95	2.254641	0.528122	2.592104	5.374867
220	96	2.254641	0.501528	2.328221	5.084389
220	97	2.254641	0.512490	2.437000	5.204131
220	98	2.254641	0.491832	2.232021	4.978494
220	99	2.254641	0.486936	2.183433	4.925009
221	0	2.338153	0.492689	2.240518	5.071359
221	1	2.338153	0.600831	3.313564	6.252548
221	2	2.338153	0.575506	3.115233	6.028891
221	3	2.338153	0.478563	2.100352	4.917067
221	4	2.338153	0.467847	1.994026	4.800025
221	5	2.338153	0.543057	2.740300	5.621510
221	6	2.338153	0.543057	2.740300	5.621510
221	7	2.338153	0.570056	3.008197	5.916405
221	8	2.338153	0.539757	2.707556	5.585466
221	9	2.338153	0.520739	2.518850	5.377742
221	10	2.338153	0.493565	2.249212	5.080930
221	11	2.338153	0.494954	2.262999	5.096106
221	12	2.338153	0.465751	1.973230	4.777134
221	13	2.338153	0.439756	1.715291	4.493199
221	14	2.338153	0.472873	2.361676	5.172701
221	15	2.338153	0.498082	2.294033	5.130268
221	16	2.338153	0.539776	2.707736	5.585665
221	17	2.338153	0.494954	2.262999	5.096106
221	18	2.338153	0.513975	2.451733	5.303861
221	19	2.338153	0.615441	3.458527	6.412121
221	20	2.338153	0.512570	2.437786	5.288508
221	21	2.338153	0.536394	2.674186	5.548733
221	22	2.338153	0.483774	2.152064	4.973991
221	23	2.338153	0.427799	1.596651	4.362603
221	24	2.338153	0.520739	2.518850	5.377742
221	25	2.338153	0.615441	3.458527	6.412121
221	26	2.338153	0.543057	2.740300	5.621510
221	27	2.338153	0.576615	3.073278	5.988045
221	28	2.338153	0.531430	2.783820	5.653403
221	29	2.338153	0.469832	2.013726	4.821711
221	30	2.338153	0.571966	3.027143	5.937261
221	31	2.338153	0.582147	3.128169	6.048469
221	32	2.338153	0.513975	2.451733	5.303861
221	33	2.338153	0.535655	2.666847	5.540654
221	34	2.338153	0.506221	2.639612	5.483986
221	35	2.338153	0.541919	2.781966	5.662037
221	36	2.338153	0.576602	3.073147	5.987902
221	37	2.338153	0.513231	2.444348	5.295732
221	38	2.338153	0.521336	2.524772	5.384261
221	39	2.338153	0.473951	2.054591	4.866695
221	40	2.338153	0.458925	1.905498	4.702576
221	41	2.338153	0.571966	3.027143	5.937261
221	42	2.338153	0.568858	2.996310	5.903321
221	43	2.338153	0.513975	2.451733	5.303861
221	44	2.338153	0.513231	2.444348	5.295732
221	45	2.338153	0.451003	1.826894	4.616050
221	46	2.338153	0.456312	1.879574	4.674039
221	47	2.338153	0.513975	2.451733	5.303861
221	48	2.338153	0.606537	3.370179	6.314868
221	49	2.338153	0.541919	2.781966	5.662037
221	50	2.338153	0.535655	2.666847	5.540654
221	51	2.338153	0.587649	3.182758	6.108559
221	52	2.338153	0.481616	2.130646	4.950414
221	53	2.338153	0.583106	3.137679	6.058938
221	54	2.338153	0.465751	1.973230	4.777134
221	55	2.338153	0.536798	2.678192	5.553143
221	56	2.338153	0.484855	2.162786	4.985794
221	57	2.338153	0.561818	2.926457	5.826428
221	58	2.338153	0.493861	2.252145	5.084158
221	59	2.338153	0.495860	2.271984	5.105996
221	60	2.338153	0.476270	2.077607	4.892030
221	61	2.338153	0.487892	2.192923	5.018967
221	62	2.338153	0.527538	2.586309	5.451999
221	63	2.338153	0.593579	3.241601	6.173333
221	64	2.338153	0.487892	2.192923	5.018967
221	65	2.338153	0.469832	2.013726	4.821711
221	66	2.338153	0.493861	2.252145	5.084158
221	67	2.338153	0.493565	2.249212	5.080930
221	68	2.338153	0.478563	2.100352	4.917067
221	69	2.338153	0.547187	2.781278	5.666618
221	70	2.338153	0.525870	2.569759	5.433781
221	71	2.338153	0.513975	2.451733	5.303861
221	72	2.338153	0.536798	2.678192	5.553143
221	73	2.338153	0.566867	3.188411	6.093431
221	74	2.338153	0.463768	1.953556	4.755477
221	75	2.338153	0.573719	3.097505	6.009376
221	76	2.338153	0.459373	1.909941	4.707467
221	77	2.338153	0.431155	1.629953	4.399261
221	78	2.338153	0.462728	2.419904	5.220785
221	79	2.338153	0.536394	2.674186	5.548733
221	80	2.338153	0.513231	2.444348	5.295732
221	81	2.338153	0.536798	2.678192	5.553143
221	82	2.338153	0.576602	3.073147	5.987902
221	83	2.338153	0.474713	2.062158	4.875024
221	84	2.338153	0.512378	2.435882	5.286413
221	85	2.338153	0.463768	1.953556	4.755477
221	86	2.338153	0.588193	3.241125	6.167471
221	87	2.338153	0.474713	2.062158	4.875024
221	88	2.338153	0.520739	2.518850	5.377742
221	89	2.338153	0.593194	3.237785	6.169132
221	90	2.338153	0.476270	2.077607	4.892030
221	91	2.338153	0.494954	2.262999	5.096106
221	92	2.338153	0.512378	2.435882	5.286413
221	93	2.338153	0.482689	2.141294	4.962136
221	94	2.338153	0.458925	1.905498	4.702576
221	95	2.338153	0.535988	2.670155	5.544296
221	96	2.338153	0.547187	2.781278	5.666618
221	97	2.338153	0.459373	1.909941	4.707467
221	98	2.338153	0.500975	2.322734	5.161861
221	99	2.338153	0.478563	2.100352	4.917067
222	0	2.350214	0.524505	2.556210	5.430929
222	1	2.350214	0.544258	2.752210	5.646682
222	2	2.350214	0.582087	3.392390	6.324690
222	3	2.350214	0.531360	2.624230	5.505804
222	4	2.350214	0.574931	3.162499	6.087645
222	5	2.350214	0.515774	2.469577	5.335564
222	6	2.350214	0.554001	2.848887	5.753102
222	7	2.350214	0.498187	2.665821	5.514222
222	8	2.350214	0.562989	2.938077	5.851281
222	9	2.350214	0.484408	2.158350	4.992972
222	10	2.350214	0.556151	2.870222	5.776588
222	11	2.350214	0.433072	1.648973	4.432259
222	12	2.350214	0.622060	3.524202	6.496476
222	13	2.350214	0.459546	1.911664	4.721424
222	14	2.350214	0.484408	2.158350	4.992972
222	15	2.350214	0.466011	1.975807	4.792032
222	16	2.350214	0.525457	2.565665	5.441336
222	17	2.350214	0.622060	3.524202	6.496476
222	18	2.350214	0.524505	2.556210	5.430929
222	19	2.350214	0.539141	2.701444	5.590799
222	20	2.350214	0.562989	2.938077	5.851281
222	21	2.350214	0.433072	1.648973	4.432259
222	22	2.350214	0.519476	2.506318	5.376009
222	23	2.350214	0.494826	2.261720	5.106760
222	24	2.350214	0.490930	2.223072	5.064216
222	25	2.350214	0.426994	1.588661	4.365869
222	26	2.350214	0.431959	1.637925	4.420097
222	27	2.350214	0.543789	2.747556	5.641558
222	28	2.350214	0.499508	2.308185	5.157908
222	29	2.350214	0.523823	2.708341	5.582378
222	30	2.350214	0.555231	2.861098	5.766544
222	31	2.350214	0.508483	2.820945	5.679642
222	32	2.350214	0.480023	2.114846	4.945083
222	33	2.350214	0.490930	2.223072	5.064216
222	34	2.350214	0.554001	2.848887	5.753102
222	35	2.350214	0.512772	2.439792	5.302778
222	36	2.350214	0.473514	2.050257	4.873985
222	37	2.350214	0.499508	2.308185	5.157908
222	38	2.350214	0.433072	1.648973	4.432259
222	39	2.350214	0.515774	2.469577	5.335564
222	40	2.350214	0.544258	2.752210	5.646682
222	41	2.350214	0.594717	3.252889	6.197819
222	42	2.350214	0.480023	2.114846	4.945083
222	43	2.350214	0.542815	2.737897	5.630926
222	44	2.350214	0.518487	2.496497	5.365197
222	45	2.350214	0.566836	3.029208	5.946258
222	46	2.350214	0.519476	2.506318	5.376009
222	47	2.350214	0.551712	2.826173	5.728098
222	48	2.350214	0.585820	3.164616	6.100650
222	49	2.350214	0.501915	2.332067	5.184197
222	50	2.350214	0.544258	2.752210	5.646682
222	51	2.350214	0.596530	3.270884	6.217628
222	52	2.350214	0.622060	3.524202	6.496476
222	53	2.350214	0.484408	2.158350	4.992972
222	54	2.350214	0.562989	2.938077	5.851281
222	55	2.350214	0.463120	1.947121	4.760455
222	56	2.350214	0.513190	2.443946	5.307350
222	57	2.350214	0.469216	2.007607	4.827036
222	58	2.350214	0.466011	1.975807	4.792032
222	59	2.350214	0.473514	2.050257	4.873985
222	60	2.350214	0.463120	1.947121	4.760455
222	61	2.350214	0.533874	2.649180	5.533269
222	62	2.350214	0.459546	1.911664	4.721424
222	63	2.350214	0.546361	2.773076	5.669651
222	64	2.350214	0.564115	2.949243	5.863572
222	65	2.350214	0.473399	2.049114	4.872727
222	66	2.350214	0.515774	2.469577	5.335564
222	67	2.350214	0.550759	3.081539	5.982512
222	68	2.350214	0.533874	2.649180	5.533269
222	69	2.350214	0.484033	2.154628	4.988875
222	70	2.350214	0.459481	1.911010	4.720705
222	71	2.350214	0.533881	2.649252	5.533348
222	72	2.350214	0.512772	2.439792	5.302778
222	73	2.350214	0.567723	2.985048	5.902985
222	74	2.350214	0.542815	2.737897	5.630926
222	75	2.350214	0.490930	2.223072	5.064216
222	76	2.350214	0.556151	2.870222	5.776588
222	77	2.350214	0.555231	2.861098	5.766544
222	78	2.350214	0.512772	2.439792	5.302778
222	79	2.350214	0.564286	2.950942	5.865442
222	80	2.350214	0.567723	2.985048	5.902985
222	81	2.350214	0.513093	2.442978	5.306285
222	82	2.350214	0.463609	1.951978	4.765801
222	83	2.350214	0.596530	3.270884	6.217628
222	84	2.350214	0.469216	2.007607	4.827036
222	85	2.350214	0.554330	3.116974	6.021518
222	86	2.350214	0.433072	1.648973	4.432259
222	87	2.350214	0.518434	2.495977	5.364625
222	88	2.350214	0.408224	1.402421	4.160859
222	89	2.350214	0.493575	2.249313	5.093102
222	90	2.350214	0.555231	2.861098	5.766544
222	91	2.350214	0.556151	2.870222	5.776588
222	92	2.350214	0.463609	1.951978	4.765801
222	93	2.350214	0.518487	2.496497	5.365197
222	94	2.350214	0.473399	2.049114	4.872727
222	95	2.350214	0.515774	2.469577	5.335564
222	96	2.350214	0.542815	2.737897	5.630926
222	97	2.350214	0.539141	2.701444	5.590799
222	98	2.350214	0.493575	2.249313	5.093102
222	99	2.350214	0.525457	2.565665	5.441336
223	0	2.263886	0.553072	2.839668	5.656626
223	1	2.263886	0.488788	2.201816	4.954491
223	2	2.263886	0.485542	2.169602	4.919030
223	3	2.263886	0.544375	2.753371	5.561632
223	4	2.263886	0.460423	1.920357	4.644666
223	5	2.263886	0.571491	3.022429	5.857805
223	6	2.263886	0.507208	2.384581	5.155675
223	7	2.263886	0.499321	2.306331	5.069538
223	8	2.263886	0.472043	2.459375	5.195304
223	9	2.263886	0.484721	2.161459	4.910066
223	10	2.263886	0.473768	2.052778	4.790432
223	11	2.263886	0.525230	2.563406	5.352522
223	12	2.263886	0.501025	2.693979	5.458890
223	13	2.263886	0.557226	2.880889	5.702001
223	14	2.263886	0.573360	3.199870	6.037116
223	15	2.263886	0.472416	2.039359	4.775661
223	16	2.263886	0.524515	2.556312	5.344713
223	17	2.263886	0.495298	2.584195	5.343380
223	18	2.263886	0.559276	3.060119	5.883281
223	19	2.263886	0.611382	3.418250	6.293518
223	20	2.263886	0.603237	3.337429	6.204551
223	21	2.263886	0.464308	2.488547	5.216741
223	22	2.263886	0.498656	2.299730	5.062273
223	23	2.263886	0.561024	2.918578	5.743489
223	24	2.263886	0.527928	2.590179	5.381993
223	25	2.263886	0.524995	2.561080	5.349962
223	26	2.263886	0.516135	2.473159	5.253180
223	27	2.263886	0.530842	2.619095	5.413824
223	28	2.263886	0.499321	2.306331	5.069538
223	29	2.263886	0.488788	2.201816	4.954491
223	30	2.263886	0.442849	1.745982	4.452717
223	31	2.263886	0.614557	3.449756	6.328200
223	32	2.263886	0.472416	2.039359	4.775661
223	33	2.263886	0.571491	3.022429	5.857805
223	34	2.263886	0.581379	3.120551	5.965817
223	35	2.263886	0.545135	2.760914	5.569934
223	36	2.263886	0.526941	2.580384	5.371211
223	37	2.263886	0.530842	2.619095	5.413824
223	38	2.263886	0.542449	2.734263	5.540598
223	39	2.263886	0.472838	2.043548	4.780272
223	40	2.263886	0.629190	3.594956	6.488032
223	41	2.263886	0.487044	2.184511	4.935441
223	42	2.263886	0.559853	3.118813	5.942553
223	43	2.263886	0.520914	2.520578	5.305378
223	44	2.263886	0.573360	3.199870	6.037116
223	45	2.263886	0.580640	3.113213	5.957740
223	46	2.263886	0.498656	2.299730	5.062273
223	47	2.263886	0.557226	2.880889	5.702001
223	48	2.263886	0.561024	2.918578	5.743489
223	49	2.263886	0.556890	2.877551	5.698326
223	50	2.263886	0.472838	2.043548	4.780272
223	51	2.263886	0.499321	2.306331	5.069538
223	52	2.263886	0.487044	2.184511	4.935441
223	53	2.263886	0.629007	3.593136	6.486029
223	54	2.263886	0.480866	2.123205	4.867957
223	55	2.263886	0.594347	3.249223	6.107456
223	56	2.263886	0.473768	2.052778	4.790432
223	57	2.263886	0.442849	1.745982	4.452717
223	58	2.263886	0.567455	2.982382	5.813723
223	59	2.263886	0.459409	1.910301	4.633596
223	60	2.263886	0.557226	2.880889	5.702001
223	61	2.263886	0.521344	2.524848	5.310078
223	62	2.263886	0.406836	1.388646	4.059368
223	63	2.263886	0.519891	2.510432	5.294209
223	64	2.263886	0.571491	3.022429	5.857805
223	65	2.263886	0.557226	2.880889	5.702001
223	66	2.263886	0.442849	1.745982	4.452717
223	67	2.263886	0.561024	2.918578	5.743489
223	68	2.263886	0.535925	2.669531	5.469342
223	69	2.263886	0.483777	2.152093	4.899757
223	70	2.263886	0.485542	2.169602	4.919030
223	71	2.263886	0.535925	2.669531	5.469342
223	72	2.263886	0.460423	1.920357	4.644666
223	73	2.263886	0.536828	2.678489	5.479203
223	74	2.263886	0.507275	2.385247	5.156408
223	75	2.263886	0.571491	3.022429	5.857805
223	76	2.263886	0.520914	2.520578	5.305378
223	77	2.263886	0.545108	2.866579	5.675573
223	78	2.263886	0.516135	2.473159	5.253180
223	79	2.263886	0.500162	2.314669	5.078717
223	80	2.263886	0.542481	2.734577	5.540944
223	81	2.263886	0.524515	2.556312	5.344713
223	82	2.263886	0.520914	2.520578	5.305378
223	83	2.263886	0.442849	1.745982	4.452717
223	84	2.263886	0.581379	3.120551	5.965817
223	85	2.263886	0.518073	2.492390	5.274348
223	86	2.263886	0.519891	2.510432	5.294209
223	87	2.263886	0.459409	1.910301	4.633596
223	88	2.263886	0.459409	1.910301	4.633596
223	89	2.263886	0.526941	2.580384	5.371211
223	90	2.263886	0.488788	2.201816	4.954491
223	91	2.263886	0.542481	2.734577	5.540944
223	92	2.263886	0.530842	2.619095	5.413824
223	93	2.263886	0.425839	1.577202	4.266927
223	94	2.263886	0.472043	2.459375	5.195304
223	95	2.263886	0.459409	1.910301	4.633596
223	96	2.263886	0.609245	3.397047	6.270178
223	97	2.263886	0.465695	1.972671	4.702252
223	98	2.263886	0.594347	3.249223	6.107456
223	99	2.263886	0.580640	3.113213	5.957740
224	0	2.245561	0.468528	2.000783	4.714871
224	1	2.245561	0.468435	2.423574	5.137571
224	2	2.245561	0.527995	2.590844	5.364400
224	3	2.245561	0.473916	2.054241	4.773718
224	4	2.245561	0.491494	2.228667	4.965723
224	5	2.245561	0.541852	2.728344	5.515758
224	6	2.245561	0.501651	2.329449	5.076661
224	7	2.245561	0.528206	2.592942	5.366709
224	8	2.245561	0.606255	3.367381	6.219197
224	9	2.245561	0.547921	2.788562	5.582044
224	10	2.245561	0.572983	3.037239	5.855783
224	11	2.245561	0.586576	3.172118	6.004255
224	12	2.245561	0.549658	2.805795	5.601014
224	13	2.245561	0.478652	2.101234	4.825447
224	14	2.245561	0.572773	3.035153	5.853487
224	15	2.245561	0.473916	2.054241	4.773718
224	16	2.245561	0.525049	2.561614	5.332224
224	17	2.245561	0.572724	3.087634	5.905919
224	18	2.245561	0.523867	2.549886	5.319314
224	19	2.245561	0.538284	2.692932	5.476777
224	20	2.245561	0.503459	2.347388	5.096409
224	21	2.245561	0.463903	1.954893	4.664357
224	22	2.245561	0.556107	2.922746	5.724413
224	23	2.245561	0.541852	2.728344	5.515758
224	24	2.245561	0.553262	3.159339	5.958162
224	25	2.245561	0.501767	2.330599	5.077927
224	26	2.245561	0.517711	2.488797	5.252069
224	27	2.245561	0.619617	3.499965	6.365143
224	28	2.245561	0.468528	2.000783	4.714871
224	29	2.245561	0.471989	2.035124	4.752673
224	30	2.245561	0.537599	2.686139	5.469299
224	31	2.245561	0.527920	2.590098	5.363579
224	32	2.245561	0.572983	3.037239	5.855783
224	33	2.245561	0.471989	2.035124	4.752673
224	34	2.245561	0.584545	3.257891	6.087998
224	35	2.245561	0.550424	2.866359	5.662344
224	36	2.245561	0.565526	3.069172	5.880259
224	37	2.245561	0.482538	2.139802	4.867901
224	38	2.245561	0.574824	3.055501	5.875886
224	39	2.245561	0.527920	2.590098	5.363579
224	40	2.245561	0.486700	2.181095	4.913356
224	41	2.245561	0.525472	2.565815	5.336848
224	42	2.245561	0.497201	2.285292	5.028054
224	43	2.245561	0.515143	2.463321	5.224025
224	44	2.245561	0.408331	1.403478	4.057371
224	45	2.245561	0.548243	2.791752	5.585556
224	46	2.245561	0.573287	3.040259	5.859107
224	47	2.245561	0.501767	2.330599	5.077927
224	48	2.245561	0.540811	2.718013	5.504385
224	49	2.245561	0.497201	2.285292	5.028054
224	50	2.245561	0.503459	2.347388	5.096409
224	51	2.245561	0.491608	2.229798	4.966968
224	52	2.245561	0.491608	2.229798	4.966968
224	53	2.245561	0.501651	2.329449	5.076661
224	54	2.245561	0.500027	2.313334	5.058922
224	55	2.245561	0.484688	2.161127	4.891375
224	56	2.245561	0.556495	2.873632	5.675687
224	57	2.245561	0.617469	3.478649	6.341679
224	58	2.245561	0.616253	3.466581	6.328395
224	59	2.245561	0.546407	2.985392	5.777360
224	60	2.245561	0.583644	3.248945	6.078150
224	61	2.245561	0.574862	3.108846	5.929270
224	62	2.245561	0.502610	2.338958	5.087128
224	63	2.245561	0.408331	1.403478	4.057371
224	64	2.245561	0.568613	2.993879	5.808054
224	65	2.245561	0.549658	2.805795	5.601014
224	66	2.245561	0.619617	3.499965	6.365143
224	67	2.245561	0.617469	3.478649	6.341679
224	68	2.245561	0.510015	2.412442	5.168018
224	69	2.245561	0.538284	2.692932	5.476777
224	70	2.245561	0.484688	2.161127	4.891375
224	71	2.245561	0.540811	2.718013	5.504385
224	72	2.245561	0.459478	1.910984	4.616024
224	73	2.245561	0.591748	3.223438	6.060747
224	74	2.245561	0.463903	1.954893	4.664357
224	75	2.245561	0.462798	1.943923	4.652281
224	76	2.245561	0.494505	2.258541	4.998608
224	77	2.245561	0.523867	2.549886	5.319314
224	78	2.245561	0.462798	1.943923	4.652281
224	79	2.245561	0.497201	2.285292	5.028054
224	80	2.245561	0.606460	3.369408	6.221429
224	81	2.245561	0.533332	2.643798	5.422690
224	82	2.245561	0.529863	2.609382	5.384806
224	83	2.245561	0.450614	1.823028	4.519202
224	84	2.245561	0.581147	3.118240	5.944948
224	85	2.245561	0.537599	2.686139	5.469299
224	86	2.245561	0.572773	3.035153	5.853487
224	87	2.245561	0.568613	2.993879	5.808054
224	88	2.245561	0.478652	2.101234	4.825447
224	89	2.245561	0.499327	2.306385	5.051273
224	90	2.245561	0.484688	2.161127	4.891375
224	91	2.245561	0.548243	2.791752	5.585556
224	92	2.245561	0.471989	2.035124	4.752673
224	93	2.245561	0.494505	2.258541	4.998608
224	94	2.245561	0.540811	2.718013	5.504385
224	95	2.245561	0.533332	2.643798	5.422690
224	96	2.245561	0.523867	2.549886	5.319314
224	97	2.245561	0.548243	2.791752	5.585556
224	98	2.245561	0.548385	2.793162	5.587107
224	99	2.245561	0.542123	2.731031	5.518715
225	0	2.248376	0.569045	2.998163	5.815584
225	1	2.248376	0.509262	2.404961	5.162599
225	2	2.248376	0.472691	2.042094	4.763162
225	3	2.248376	0.474821	2.063223	4.786420
225	4	2.248376	0.516455	2.794123	5.558955
225	5	2.248376	0.600366	3.308942	6.157684
225	6	2.248376	0.489274	2.206635	4.944285
225	7	2.248376	0.563869	2.946809	5.759055
225	8	2.248376	0.532169	2.632265	5.412811
225	9	2.248376	0.491120	2.224954	4.964450
225	10	2.248376	0.500659	2.319607	5.068643
225	11	2.248376	0.478556	2.100283	4.827215
225	12	2.248376	0.562555	2.933762	5.744693
225	13	2.248376	0.535031	2.660658	5.444066
225	14	2.248376	0.504389	2.356612	5.109377
225	15	2.248376	0.524332	2.872283	5.644992
225	16	2.248376	0.417758	2.185549	4.851684
225	17	2.248376	0.564562	2.953681	5.766620
225	18	2.248376	0.575613	3.063332	5.887322
225	19	2.248376	0.470558	2.020924	4.739859
225	20	2.248376	0.428492	1.603525	4.280393
225	21	2.248376	0.525853	2.569589	5.343819
225	22	2.248376	0.504389	2.356612	5.109377
225	23	2.248376	0.436438	1.682366	4.367180
225	24	2.248376	0.491120	2.224954	4.964450
225	25	2.248376	0.505474	2.791087	5.544937
225	26	2.248376	0.427862	1.597274	4.273513
225	27	2.248376	0.542448	2.734257	5.525082
225	28	2.248376	0.443824	1.755655	4.447855
225	29	2.248376	0.506524	2.377802	5.132703
225	30	2.248376	0.481082	2.125354	4.854812
225	31	2.248376	0.583764	3.144216	5.976357
225	32	2.248376	0.569279	3.212339	6.029995
225	33	2.248376	0.569045	2.998163	5.815584
225	34	2.248376	0.575472	3.061934	5.885783
225	35	2.248376	0.484950	2.163734	4.897061
225	36	2.248376	0.612952	3.433828	6.295156
225	37	2.248376	0.484950	2.163734	4.897061
225	38	2.248376	0.561916	2.927421	5.737713
225	39	2.248376	0.480325	2.117837	4.846539
225	40	2.248376	0.470558	2.020924	4.739859
225	41	2.248376	0.608982	3.394438	6.251796
225	42	2.248376	0.507088	2.383391	5.138855
225	43	2.248376	0.497835	2.291579	5.037790
225	44	2.248376	0.474821	2.063223	4.786420
225	45	2.248376	0.484950	2.163734	4.897061
225	46	2.248376	0.443824	1.755655	4.447855
225	47	2.248376	0.559764	2.906070	5.714211
225	48	2.248376	0.532169	2.632265	5.412811
225	49	2.248376	0.489274	2.206635	4.944285
225	50	2.248376	0.522482	2.536142	5.307000
225	51	2.248376	0.560011	2.908525	5.716913
225	52	2.248376	0.513108	2.443124	5.204608
225	53	2.248376	0.535277	2.663099	5.446752
225	54	2.248376	0.576166	3.174749	5.999291
225	55	2.248376	0.573999	3.206207	6.028582
225	56	2.248376	0.509270	2.405043	5.162689
225	57	2.248376	0.561916	2.927421	5.737713
225	58	2.248376	0.468990	2.005369	4.722735
225	59	2.248376	0.560011	2.908525	5.716913
225	60	2.248376	0.575220	3.112400	5.935996
225	61	2.248376	0.535031	2.660658	5.444066
225	62	2.248376	0.564354	2.951619	5.764350
225	63	2.248376	0.428492	1.603525	4.280393
225	64	2.248376	0.489274	2.206635	4.944285
225	65	2.248376	0.484950	2.163734	4.897061
225	66	2.248376	0.540837	2.718268	5.507482
225	67	2.248376	0.513108	2.443124	5.204608
225	68	2.248376	0.570373	3.170230	5.988979
225	69	2.248376	0.552483	2.833827	5.634687
225	70	2.248376	0.604070	3.345701	6.198148
225	71	2.248376	0.500659	2.319607	5.068643
225	72	2.248376	0.513108	2.443124	5.204608
225	73	2.248376	0.472691	2.042094	4.763162
225	74	2.248376	0.564947	2.957500	5.770823
225	75	2.248376	0.545628	2.765809	5.559813
225	76	2.248376	0.532045	2.631026	5.411447
225	77	2.248376	0.480325	2.117837	4.846539
225	78	2.248376	0.561916	2.927421	5.737713
225	79	2.248376	0.583152	3.138141	5.969670
225	80	2.248376	0.604851	3.353450	6.206678
225	81	2.248376	0.463393	1.949827	4.661596
225	82	2.248376	0.545628	2.765809	5.559813
225	83	2.248376	0.540837	2.718268	5.507482
225	84	2.248376	0.484950	2.163734	4.897061
225	85	2.248376	0.497835	2.291579	5.037790
225	86	2.248376	0.472691	2.042094	4.763162
225	87	2.248376	0.614762	3.451794	6.314933
225	88	2.248376	0.463393	1.949827	4.661596
225	89	2.248376	0.516890	2.480653	5.245920
225	90	2.248376	0.524143	2.552627	5.325147
225	91	2.248376	0.623156	3.535077	6.406609
225	92	2.248376	0.566230	3.129122	5.943729
225	93	2.248376	0.524143	2.552627	5.325147
225	94	2.248376	0.594369	3.249442	6.092188
225	95	2.248376	0.575613	3.063332	5.887322
225	96	2.248376	0.524143	2.552627	5.325147
225	97	2.248376	0.564354	2.951619	5.764350
225	98	2.248376	0.561916	2.927421	5.737713
225	99	2.248376	0.468057	1.996113	4.712547
226	0	2.374732	0.555743	2.866178	5.796653
226	1	2.374732	0.521759	2.528969	5.425460
226	2	2.374732	0.459395	1.910165	4.744292
226	3	2.374732	0.463911	1.954970	4.793613
226	4	2.374732	0.536691	2.677130	5.588553
226	5	2.374732	0.468036	1.995902	4.838670
226	6	2.374732	0.539298	2.702995	5.617025
226	7	2.374732	0.604501	3.349974	6.329207
226	8	2.374732	0.501446	2.804083	5.680261
226	9	2.374732	0.468036	1.995902	4.838670
226	10	2.374732	0.472042	2.035646	4.882420
226	11	2.374732	0.555743	2.866178	5.796653
226	12	2.374732	0.550432	3.025332	5.950496
226	13	2.374732	0.458146	1.897765	4.730643
226	14	2.374732	0.469600	2.011419	4.855751
226	15	2.374732	0.554544	2.854274	5.783549
226	16	2.374732	0.554544	2.854274	5.783549
226	17	2.374732	0.551268	2.821773	5.747774
226	18	2.374732	0.552910	2.943992	5.871634
226	19	2.374732	0.405049	1.370911	4.150692
226	20	2.374732	0.468527	2.000777	4.844037
226	21	2.374732	0.576744	3.074557	6.026033
226	22	2.374732	0.539298	2.702995	5.617025
226	23	2.374732	0.519993	2.511442	5.406167
226	24	2.374732	0.405049	1.370911	4.150692
226	25	2.374732	0.559107	3.058447	5.992286
226	26	2.374732	0.542403	2.733804	5.650939
226	27	2.374732	0.541977	2.729576	5.646285
226	28	2.374732	0.559107	3.058447	5.992286
226	29	2.374732	0.531219	2.622835	5.528786
226	30	2.374732	0.487633	2.190350	5.052714
226	31	2.374732	0.552601	2.834993	5.762326
226	32	2.374732	0.552601	2.834993	5.762326
226	33	2.374732	0.483646	2.150790	5.009168
226	34	2.374732	0.475142	2.066411	4.916285
226	35	2.374732	0.532853	2.639047	5.546631
226	36	2.374732	0.535310	2.663426	5.573468
226	37	2.374732	0.529733	2.608089	5.512554
226	38	2.374732	0.530806	2.618736	5.524273
226	39	2.374732	0.468527	2.000777	4.844037
226	40	2.374732	0.570521	3.012811	5.958065
226	41	2.374732	0.483646	2.150790	5.009168
226	42	2.374732	0.491661	2.230323	5.096717
226	43	2.374732	0.468527	2.000777	4.844037
226	44	2.374732	0.614002	3.444247	6.432981
226	45	2.374732	0.433834	2.345062	5.153628
226	46	2.374732	0.478039	2.095158	4.947929
226	47	2.374732	0.469600	2.011419	4.855751
226	48	2.374732	0.491661	2.230323	5.096717
226	49	2.374732	0.487633	2.190350	5.052714
226	50	2.374732	0.496595	2.279275	5.150601
226	51	2.374732	0.483771	2.152030	5.010533
226	52	2.374732	0.526306	2.574082	5.475120
226	53	2.374732	0.420961	1.528796	4.324488
226	54	2.374732	0.510627	2.683326	5.568684
226	55	2.374732	0.591370	3.219685	6.185787
226	56	2.374732	0.526306	2.574082	5.475120
226	57	2.374732	0.514018	2.452156	5.340906
226	58	2.374732	0.405049	1.370911	4.150692
226	59	2.374732	0.588005	3.186294	6.149031
226	60	2.374732	0.463911	1.954970	4.793613
226	61	2.374732	0.484162	2.155914	5.014808
226	62	2.374732	0.539298	2.702995	5.617025
226	63	2.374732	0.542403	2.733804	5.650939
226	64	2.374732	0.468036	1.995902	4.838670
226	65	2.374732	0.496595	2.279275	5.150601
226	66	2.374732	0.526634	2.577337	5.478702
226	67	2.374732	0.475142	2.066411	4.916285
226	68	2.374732	0.490000	2.213834	5.078566
226	69	2.374732	0.548298	3.004160	5.927190
226	70	2.374732	0.444965	1.766976	4.586673
226	71	2.374732	0.514018	2.452156	5.340906
226	72	2.374732	0.559107	3.058447	5.992286
226	73	2.374732	0.424281	1.561747	4.360760
226	74	2.374732	0.459395	1.910165	4.744292
226	75	2.374732	0.490000	2.213834	5.078566
226	76	2.374732	0.555743	2.866178	5.796653
226	77	2.374732	0.490000	2.213834	5.078566
226	78	2.374732	0.444965	1.766976	4.586673
226	79	2.374732	0.531619	2.944587	5.850938
226	80	2.374732	0.491712	2.230822	5.097266
226	81	2.374732	0.424281	1.561747	4.360760
226	82	2.374732	0.551543	2.824497	5.750772
226	83	2.374732	0.595051	3.256206	6.225989
226	84	2.374732	0.489769	2.211543	5.076043
226	85	2.374732	0.475444	2.069406	4.919582
226	86	2.374732	0.604501	3.349974	6.329207
226	87	2.374732	0.483771	2.152030	5.010533
226	88	2.374732	0.551543	2.824497	5.750772
226	89	2.374732	0.590561	3.211654	6.176947
226	90	2.374732	0.405049	1.370911	4.150692
226	91	2.374732	0.628080	3.583938	6.586750
226	92	2.374732	0.536691	2.677130	5.588553
226	93	2.374732	0.526634	2.577337	5.478702
226	94	2.374732	0.546470	2.774158	5.695360
226	95	2.374732	0.484162	2.155914	5.014808
226	96	2.374732	0.458146	1.897765	4.730643
226	97	2.374732	0.487737	2.191379	5.053848
226	98	2.374732	0.489769	2.211543	5.076043
226	99	2.374732	0.487737	2.191379	5.053848
227	0	2.245537	0.544389	2.753511	5.543437
227	1	2.245537	0.499787	2.310951	5.056275
227	2	2.245537	0.536468	2.674916	5.456921
227	3	2.245537	0.552178	2.830798	5.628513
227	4	2.245537	0.547839	2.787750	5.581127
227	5	2.245537	0.511163	2.423833	5.180534
227	6	2.245537	0.573250	3.039888	5.858675
227	7	2.245537	0.547839	2.787750	5.581127
227	8	2.245537	0.456890	1.885301	4.587727
227	9	2.245537	0.504697	2.359667	5.109901
227	10	2.245537	0.623834	3.541811	6.411182
227	11	2.245537	0.526057	2.571618	5.343212
227	12	2.245537	0.590238	3.208453	6.044228
227	13	2.245537	0.568411	3.150766	5.964715
227	14	2.245537	0.614772	3.451891	6.312200
227	15	2.245537	0.580436	3.111187	5.937160
227	16	2.245537	0.545590	2.765433	5.556560
227	17	2.245537	0.543405	2.743751	5.532693
227	18	2.245537	0.573250	3.039888	5.858675
227	19	2.245537	0.577181	3.078892	5.901610
227	20	2.245537	0.580436	3.111187	5.937160
227	21	2.245537	0.547839	2.787750	5.581127
227	22	2.245537	0.553905	2.847940	5.647383
227	23	2.245537	0.556894	2.930558	5.732989
227	24	2.245537	0.591345	3.219438	6.056321
227	25	2.245537	0.553905	2.847940	5.647383
227	26	2.245537	0.489542	2.209295	4.944375
227	27	2.245537	0.543405	2.743751	5.532693
227	28	2.245537	0.549034	2.799600	5.594171
227	29	2.245537	0.625115	3.554518	6.425170
227	30	2.245537	0.504681	2.359506	5.109724
227	31	2.245537	0.607627	3.380998	6.234162
227	32	2.245537	0.503919	2.351946	5.101402
227	33	2.245537	0.543405	2.743751	5.532693
227	34	2.245537	0.536499	2.728189	5.510225
227	35	2.245537	0.552178	2.830798	5.628513
227	36	2.245537	0.555732	2.866069	5.667339
227	37	2.245537	0.544389	2.753511	5.543437
227	38	2.245537	0.456890	1.885301	4.587727
227	39	2.245537	0.564102	3.213933	6.023572
227	40	2.245537	0.526057	2.571618	5.343212
227	41	2.245537	0.510943	2.421643	5.178123
227	42	2.245537	0.577181	3.078892	5.901610
227	43	2.245537	0.549176	2.801012	5.595725
227	44	2.245537	0.566403	2.971947	5.783887
227	45	2.245537	0.456890	1.885301	4.587727
227	46	2.245537	0.495351	2.266932	5.007820
227	47	2.245537	0.526830	2.579284	5.351651
227	48	2.245537	0.625115	3.554518	6.425170
227	49	2.245537	0.518780	2.499411	5.263729
227	50	2.245537	0.545590	2.765433	5.556560
227	51	2.245537	0.570296	3.010573	5.826405
227	52	2.245537	0.508466	2.397063	5.151066
227	53	2.245537	0.508466	2.397063	5.151066
227	54	2.245537	0.583809	3.197623	6.026970
227	55	2.245537	0.527652	2.587444	5.360633
227	56	2.245537	0.555732	2.866069	5.667339
227	57	2.245537	0.500950	2.322488	5.068974
227	58	2.245537	0.519248	2.504057	5.268843
227	59	2.245537	0.554608	2.854909	5.655053
227	60	2.245537	0.570296	3.010573	5.826405
227	61	2.245537	0.547839	2.787750	5.581127
227	62	2.245537	0.553905	2.847940	5.647383
227	63	2.245537	0.489542	2.209295	4.944375
227	64	2.245537	0.676262	4.062027	6.983827
227	65	2.245537	0.519248	2.504057	5.268843
227	66	2.245537	0.448684	1.803879	4.498100
227	67	2.245537	0.551537	2.824435	5.621508
227	68	2.245537	0.549176	2.801012	5.595725
227	69	2.245537	0.575446	3.061674	5.882657
227	70	2.245537	0.545590	2.765433	5.556560
227	71	2.245537	0.539849	2.708468	5.493854
227	72	2.245537	0.526860	2.579584	5.351981
227	73	2.245537	0.489809	2.529726	5.265073
227	74	2.245537	0.503919	2.351946	5.101402
227	75	2.245537	0.553905	2.847940	5.647383
227	76	2.245537	0.511163	2.423833	5.180534
227	77	2.245537	0.544021	2.749864	5.539422
227	78	2.245537	0.590238	3.208453	6.044228
227	79	2.245537	0.536468	2.674916	5.456921
227	80	2.245537	0.544756	2.757156	5.547450
227	81	2.245537	0.550132	2.810494	5.606163
227	82	2.245537	0.487782	2.721467	5.454786
227	83	2.245537	0.634795	3.650571	6.530903
227	84	2.245537	0.525598	3.043733	5.814869
227	85	2.245537	0.449222	1.809219	4.503978
227	86	2.245537	0.554608	2.854909	5.655053
227	87	2.245537	0.555732	2.866069	5.667339
227	88	2.245537	0.503919	2.351946	5.101402
227	89	2.245537	0.527652	2.587444	5.360633
227	90	2.245537	0.551435	2.823426	5.620398
227	91	2.245537	0.527652	2.587444	5.360633
227	92	2.245537	0.492508	2.238722	4.976767
227	93	2.245537	0.583513	3.141726	5.970776
227	94	2.245537	0.536468	2.674916	5.456921
227	95	2.245537	0.582817	3.399632	6.227986
227	96	2.245537	0.511163	2.423833	5.180534
227	97	2.245537	0.591345	3.219438	6.056321
227	98	2.245537	0.552359	2.832591	5.630487
227	99	2.245537	0.527614	2.957806	5.730957
228	0	2.316035	0.490255	2.640075	5.446365
228	1	2.316035	0.534968	2.660037	5.511040
228	2	2.316035	0.546847	2.777904	5.640785
228	3	2.316035	0.551039	2.819500	5.686573
228	4	2.316035	0.522301	2.534345	5.372681
228	5	2.316035	0.484142	2.155713	4.955889
228	6	2.316035	0.416703	1.486549	4.219287
228	7	2.316035	0.575899	3.066174	5.958109
228	8	2.316035	0.493474	2.248308	5.057816
228	9	2.316035	0.552761	2.836584	5.705380
228	10	2.316035	0.484142	2.155713	4.955889
228	11	2.316035	0.561861	2.926878	5.804773
228	12	2.316035	0.546847	2.777904	5.640785
228	13	2.316035	0.519815	2.509679	5.345529
228	14	2.316035	0.452493	1.841677	4.610204
228	15	2.316035	0.557914	2.887712	5.761660
228	16	2.316035	0.581417	3.173884	6.071336
228	17	2.316035	0.566387	3.130682	6.013104
228	18	2.316035	0.476924	2.084097	4.877056
228	19	2.316035	0.483215	2.146513	4.945762
228	20	2.316035	0.511723	2.429381	5.257139
228	21	2.316035	0.559742	2.905851	5.781628
228	22	2.316035	0.468965	2.005120	4.790120
228	23	2.316035	0.550392	2.919010	5.785437
228	24	2.316035	0.483215	2.146513	4.945762
228	25	2.316035	0.531540	2.626019	5.473594
228	26	2.316035	0.559070	3.058080	5.933185
228	27	2.316035	0.567408	2.981917	5.865360
228	28	2.316035	0.476266	2.077566	4.869867
228	29	2.316035	0.552761	2.836584	5.705380
228	30	2.316035	0.519815	2.509679	5.345529
228	31	2.316035	0.592145	3.227370	6.135550
228	32	2.316035	0.571890	3.026393	5.914318
228	33	2.316035	0.499576	2.308856	5.124467
228	34	2.316035	0.533847	2.648912	5.498794
228	35	2.316035	0.468965	2.005120	4.790120
228	36	2.316035	0.559742	2.905851	5.781628
228	37	2.316035	0.459770	1.913886	4.689691
228	38	2.316035	0.567068	2.978547	5.861650
228	39	2.316035	0.574621	3.053486	5.944141
228	40	2.316035	0.520889	2.520331	5.357254
228	41	2.316035	0.566387	3.130682	6.013104
228	42	2.316035	0.607123	3.375996	6.299155
228	43	2.316035	0.554509	2.853931	5.724475
228	44	2.316035	0.550071	2.809893	5.675998
228	45	2.316035	0.630598	3.608925	6.555558
228	46	2.316035	0.570080	3.008429	5.894543
228	47	2.316035	0.562643	2.934638	5.813316
228	48	2.316035	0.515304	2.464921	5.296261
228	49	2.316035	0.482724	2.141640	4.940399
228	50	2.316035	0.513762	2.449620	5.279418
228	51	2.316035	0.484142	2.155713	4.955889
228	52	2.316035	0.566387	3.130682	6.013104
228	53	2.316035	0.518827	2.499874	5.334736
228	54	2.316035	0.518103	2.492695	5.326833
228	55	2.316035	0.458185	1.898150	4.672369
228	56	2.316035	0.534968	2.660037	5.511040
228	57	2.316035	0.596579	3.324332	6.236946
228	58	2.316035	0.519815	2.509679	5.345529
228	59	2.316035	0.406673	1.387030	4.109739
228	60	2.316035	0.562643	2.934638	5.813316
228	61	2.316035	0.463813	1.954000	4.733847
228	62	2.316035	0.531540	2.626019	5.473594
228	63	2.316035	0.498608	2.299255	5.113898
228	64	2.316035	0.503766	2.350432	5.170233
228	65	2.316035	0.432177	1.640085	4.388297
228	66	2.316035	0.550071	2.809893	5.675998
228	67	2.316035	0.479429	2.108946	4.904410
228	68	2.316035	0.562643	2.934638	5.813316
228	69	2.316035	0.506367	2.376243	5.198645
228	70	2.316035	0.512820	2.440274	5.269129
228	71	2.316035	0.464364	1.959465	4.739864
228	72	2.316035	0.479429	2.108946	4.904410
228	73	2.316035	0.480301	2.117604	4.913940
228	74	2.316035	0.438978	1.707571	4.462584
228	75	2.316035	0.518827	2.499874	5.334736
228	76	2.316035	0.528768	2.598514	5.443316
228	77	2.316035	0.575899	3.066174	5.958109
228	78	2.316035	0.574621	3.053486	5.944141
228	79	2.316035	0.557914	2.887712	5.761660
228	80	2.316035	0.575899	3.066174	5.958109
228	81	2.316035	0.459770	1.913886	4.689691
228	82	2.316035	0.643911	3.741025	6.700971
228	83	2.316035	0.577740	3.084442	5.978217
228	84	2.316035	0.480301	2.117604	4.913940
228	85	2.316035	0.468965	2.005120	4.790120
228	86	2.316035	0.549610	2.805320	5.670964
228	87	2.316035	0.541938	2.729198	5.587171
228	88	2.316035	0.507052	2.383039	5.206126
228	89	2.316035	0.630598	3.608925	6.555558
228	90	2.316035	0.464364	1.959465	4.739864
228	91	2.316035	0.480301	2.117604	4.913940
228	92	2.316035	0.550761	2.816742	5.683538
228	93	2.316035	0.476266	2.077566	4.869867
228	94	2.316035	0.532712	2.743575	5.592321
228	95	2.316035	0.438978	1.707571	4.462584
228	96	2.316035	0.416703	1.486549	4.219287
228	97	2.316035	0.458185	1.898150	4.672369
228	98	2.316035	0.416703	1.486549	4.219287
228	99	2.316035	0.438978	1.707571	4.462584
229	0	2.421364	0.506489	2.377452	5.305305
229	1	2.421364	0.476321	2.078114	4.975799
229	2	2.421364	0.558309	2.891639	5.871312
229	3	2.421364	0.497617	2.289418	5.208399
229	4	2.421364	0.520511	2.516585	5.458460
229	5	2.421364	0.568990	3.262431	6.252785
229	6	2.421364	0.526890	2.579880	5.528134
229	7	2.421364	0.519593	2.984149	5.925106
229	8	2.421364	0.476554	2.080417	4.978334
229	9	2.421364	0.488279	2.196766	5.106409
229	10	2.421364	0.439480	1.712553	4.573396
229	11	2.421364	0.526195	2.572981	5.520539
229	12	2.421364	0.484737	2.161614	5.067715
229	13	2.421364	0.487899	2.192990	5.102253
229	14	2.421364	0.626165	3.564934	6.612463
229	15	2.421364	0.479754	2.112169	5.013286
229	16	2.421364	0.503925	2.352005	5.277294
229	17	2.421364	0.583362	3.140218	6.144944
229	18	2.421364	0.469467	2.010096	4.900926
229	19	2.421364	0.564952	2.957551	5.943867
229	20	2.421364	0.613838	3.442618	6.477820
229	21	2.421364	0.469467	2.010096	4.900926
229	22	2.421364	0.593040	3.289214	6.303617
229	23	2.421364	0.526195	2.572981	5.520539
229	24	2.421364	0.522855	2.539842	5.484061
229	25	2.421364	0.483090	2.145270	5.049723
229	26	2.421364	0.614755	3.504686	6.540806
229	27	2.421364	0.523688	2.548113	5.493165
229	28	2.421364	0.526195	2.572981	5.520539
229	29	2.421364	0.531184	2.622484	5.575031
229	30	2.421364	0.439480	1.712553	4.573396
229	31	2.421364	0.567445	2.982285	5.971094
229	32	2.421364	0.526890	2.579880	5.528134
229	33	2.421364	0.557958	2.888154	5.867476
229	34	2.421364	0.531184	2.622484	5.575031
229	35	2.421364	0.441730	1.734877	4.597971
229	36	2.421364	0.559590	3.063240	6.044194
229	37	2.421364	0.469467	2.010096	4.900926
229	38	2.421364	0.533322	2.643701	5.598387
229	39	2.421364	0.531184	2.622484	5.575031
229	40	2.421364	0.479754	2.112169	5.013286
229	41	2.421364	0.575088	3.058126	6.054578
229	42	2.421364	0.567445	2.982285	5.971094
229	43	2.421364	0.476321	2.078114	4.975799
229	44	2.421364	0.506489	2.377452	5.305305
229	45	2.421364	0.497617	2.289418	5.208399
229	46	2.421364	0.533322	2.643701	5.598387
229	47	2.421364	0.434233	1.660492	4.516089
229	48	2.421364	0.479149	2.106168	5.006680
229	49	2.421364	0.543991	2.749568	5.714923
229	50	2.421364	0.439480	1.712553	4.573396
229	51	2.421364	0.495126	2.264701	5.181191
229	52	2.421364	0.520511	2.516585	5.458460
229	53	2.421364	0.479754	2.112169	5.013286
229	54	2.421364	0.522855	2.539842	5.484061
229	55	2.421364	0.583400	3.140602	6.145366
229	56	2.421364	0.476321	2.078114	4.975799
229	57	2.421364	0.433015	1.648407	4.502786
229	58	2.421364	0.441730	1.734877	4.597971
229	59	2.421364	0.565460	2.962590	5.949414
229	60	2.421364	0.558309	2.891639	5.871312
229	61	2.421364	0.565460	2.962590	5.949414
229	62	2.421364	0.506489	2.377452	5.305305
229	63	2.421364	0.463211	1.948029	4.832604
229	64	2.421364	0.487899	2.192990	5.102253
229	65	2.421364	0.564952	2.957551	5.943867
229	66	2.421364	0.524016	2.763216	5.708596
229	67	2.421364	0.554167	3.062388	6.037918
229	68	2.421364	0.559860	2.907028	5.888252
229	69	2.421364	0.528821	2.599039	5.549223
229	70	2.421364	0.556115	2.869865	5.847344
229	71	2.421364	0.543991	2.749568	5.714923
229	72	2.421364	0.505829	2.370903	5.298096
229	73	2.421364	0.646395	3.765666	6.833424
229	74	2.421364	0.476321	2.078114	4.975799
229	75	2.421364	0.530170	2.612428	5.563962
229	76	2.421364	0.559590	3.063240	6.044194
229	77	2.421364	0.484737	2.161614	5.067715
229	78	2.421364	0.488323	2.197199	5.106886
229	79	2.421364	0.540795	2.717848	5.680006
229	80	2.421364	0.488323	2.197199	5.106886
229	81	2.421364	0.568498	2.992738	5.982600
229	82	2.421364	0.520511	2.516585	5.458460
229	83	2.421364	0.526195	2.572981	5.520539
229	84	2.421364	0.506489	2.377452	5.305305
229	85	2.421364	0.515865	2.470481	5.407710
229	86	2.421364	0.435949	1.677513	4.534826
229	87	2.421364	0.543991	2.749568	5.714923
229	88	2.421364	0.533322	2.643701	5.598387
229	89	2.421364	0.559590	3.063240	6.044194
229	90	2.421364	0.439480	1.712553	4.573396
229	91	2.421364	0.513126	2.655158	5.589648
229	92	2.421364	0.533322	2.643701	5.598387
229	93	2.421364	0.568498	2.992738	5.982600
229	94	2.421364	0.560844	2.916793	5.899001
229	95	2.421364	0.476554	2.080417	4.978334
229	96	2.421364	0.463211	1.948029	4.832604
229	97	2.421364	0.455526	1.871770	4.748660
229	98	2.421364	0.463211	1.948029	4.832604
229	99	2.421364	0.488323	2.197199	5.106886
230	0	2.354007	0.491845	2.232149	5.078001
230	1	2.354007	0.518243	2.494077	5.366326
230	2	2.354007	0.544677	2.756376	5.655060
230	3	2.354007	0.550962	2.818734	5.723703
230	4	2.354007	0.453636	2.382657	5.190300
230	5	2.354007	0.472511	2.040303	4.866821
230	6	2.354007	0.572065	3.028130	5.954201
230	7	2.354007	0.557900	2.887580	5.799487
230	8	2.354007	0.518128	2.492943	5.365078
230	9	2.354007	0.466348	1.979149	4.799503
230	10	2.354007	0.553282	2.841758	5.749047
230	11	2.354007	0.473140	2.046550	4.873697
230	12	2.354007	0.542698	2.736738	5.633443
230	13	2.354007	0.505556	2.368188	5.227751
230	14	2.354007	0.543586	2.904432	5.802024
230	15	2.354007	0.558863	2.897133	5.810003
230	16	2.354007	0.550962	2.818734	5.723703
230	17	2.354007	0.491845	2.232149	5.078001
230	18	2.354007	0.547423	2.783615	5.685045
230	19	2.354007	0.631006	3.612974	6.597987
230	20	2.354007	0.549141	2.800663	5.703810
230	21	2.354007	0.594074	3.246517	6.194598
230	22	2.354007	0.472511	2.040303	4.866821
230	23	2.354007	0.520130	2.512801	5.386938
230	24	2.354007	0.565538	2.963368	5.882913
230	25	2.354007	0.543456	2.744257	5.641720
230	26	2.354007	0.522257	2.533905	5.410168
230	27	2.354007	0.470130	2.016681	4.840817
230	28	2.354007	0.454792	1.864492	4.673291
230	29	2.354007	0.542954	2.739280	5.636241
230	30	2.354007	0.547423	2.783615	5.685045
230	31	2.354007	0.561469	2.922992	5.838467
230	32	2.354007	0.530790	2.618576	5.503372
230	33	2.354007	0.560552	2.913888	5.828447
230	34	2.354007	0.587721	3.289404	6.231132
230	35	2.354007	0.518128	2.492943	5.365078
230	36	2.354007	0.484202	2.156310	4.994519
230	37	2.354007	0.570385	3.011462	5.935854
230	38	2.354007	0.579991	3.106776	6.040774
230	39	2.354007	0.542954	2.739280	5.636241
230	40	2.354007	0.570385	3.011462	5.935854
230	41	2.354007	0.573548	3.148767	6.076321
230	42	2.354007	0.571329	3.020822	5.946157
230	43	2.354007	0.417120	1.490685	4.261812
230	44	2.354007	0.591857	3.224519	6.170383
230	45	2.354007	0.482137	2.135814	4.971957
230	46	2.354007	0.550962	2.818734	5.723703
230	47	2.354007	0.530828	2.618959	5.503794
230	48	2.354007	0.542698	2.736738	5.633443
230	49	2.354007	0.417120	1.490685	4.261812
230	50	2.354007	0.516055	2.472366	5.342427
230	51	2.354007	0.540167	2.711618	5.605791
230	52	2.354007	0.558863	2.897133	5.810003
230	53	2.354007	0.549141	2.800663	5.703810
230	54	2.354007	0.519240	2.503969	5.377215
230	55	2.354007	0.620199	3.505742	6.479948
230	56	2.354007	0.513962	2.451598	5.319566
230	57	2.354007	0.587371	3.338889	6.280266
230	58	2.354007	0.521051	2.521938	5.396996
230	59	2.354007	0.477209	2.086922	4.918138
230	60	2.354007	0.554795	2.856771	5.765573
230	61	2.354007	0.494539	2.258873	5.107418
230	62	2.354007	0.494629	2.259768	5.108404
230	63	2.354007	0.543781	2.747482	5.645270
230	64	2.354007	0.557900	2.887580	5.799487
230	65	2.354007	0.518128	2.492943	5.365078
230	66	2.354007	0.543781	2.747482	5.645270
230	67	2.354007	0.466348	1.979149	4.799503
230	68	2.354007	0.530828	2.618959	5.503794
230	69	2.354007	0.444654	1.763893	4.562554
230	70	2.354007	0.543781	2.747482	5.645270
230	71	2.354007	0.591857	3.224519	6.170383
230	72	2.354007	0.491845	2.232149	5.078001
230	73	2.354007	0.553282	2.841758	5.749047
230	74	2.354007	0.434839	2.302064	5.090909
230	75	2.354007	0.542954	2.739280	5.636241
230	76	2.354007	0.542954	2.739280	5.636241
230	77	2.354007	0.553282	2.841758	5.749047
230	78	2.354007	0.530828	2.618959	5.503794
230	79	2.354007	0.460190	1.918048	4.732245
230	80	2.354007	0.543456	2.744257	5.641720
230	81	2.354007	0.580334	3.110179	6.044520
230	82	2.354007	0.551416	3.141023	6.046446
230	83	2.354007	0.495359	2.267018	5.116384
230	84	2.354007	0.540799	2.929745	5.824550
230	85	2.354007	0.540167	2.711618	5.605791
230	86	2.354007	0.460190	1.918048	4.732245
230	87	2.354007	0.551648	2.825539	5.731193
230	88	2.354007	0.522257	2.533905	5.410168
230	89	2.354007	0.470130	2.016681	4.840817
230	90	2.354007	0.552209	2.831110	5.737326
230	91	2.354007	0.581501	3.121754	6.057261
230	92	2.354007	0.496198	2.275342	5.125547
230	93	2.354007	0.511443	2.426602	5.292051
230	94	2.354007	0.466348	1.979149	4.799503
230	95	2.354007	0.579991	3.106776	6.040774
230	96	2.354007	0.521051	2.521938	5.396996
230	97	2.354007	0.579991	3.106776	6.040774
230	98	2.354007	0.587371	3.338889	6.280266
230	99	2.354007	0.494539	2.258873	5.107418
231	0	2.185902	0.475277	2.067747	4.728926
231	1	2.185902	0.561247	2.920788	5.667937
231	2	2.185902	0.473736	2.052460	4.712098
231	3	2.185902	0.591039	3.216395	5.993336
231	4	2.185902	0.584120	3.147743	5.917765
231	5	2.185902	0.405250	2.167366	4.758518
231	6	2.185902	0.533210	2.642586	5.361698
231	7	2.185902	0.535915	2.669434	5.391252
231	8	2.185902	0.486268	2.176813	4.848984
231	9	2.185902	0.596225	3.267853	6.049980
231	10	2.185902	0.484823	2.162470	4.833195
231	11	2.185902	0.526886	2.579836	5.292624
231	12	2.185902	0.591039	3.216395	5.993336
231	13	2.185902	0.479651	2.111146	4.776699
231	14	2.185902	0.533210	2.642586	5.361698
231	15	2.185902	0.591039	3.216395	5.993336
231	16	2.185902	0.605681	3.361684	6.153267
231	17	2.185902	0.466439	1.980052	4.632393
231	18	2.185902	0.525635	2.567431	5.278968
231	19	2.185902	0.573098	3.038376	5.797375
231	20	2.185902	0.504935	2.362035	5.052873
231	21	2.185902	0.580305	3.109892	5.876100
231	22	2.185902	0.450358	1.820494	4.456755
231	23	2.185902	0.475277	2.067747	4.728926
231	24	2.185902	0.472497	2.040169	4.698569
231	25	2.185902	0.503283	2.345639	5.034824
231	26	2.185902	0.469805	2.013459	4.669167
231	27	2.185902	0.469805	2.013459	4.669167
231	28	2.185902	0.584120	3.147743	5.917765
231	29	2.185902	0.484359	2.157864	4.828125
231	30	2.185902	0.497044	2.283730	4.966676
231	31	2.185902	0.504315	2.355882	5.046099
231	32	2.185902	0.453566	1.852326	4.491795
231	33	2.185902	0.525581	2.566896	5.278380
231	34	2.185902	0.579025	3.203119	5.968046
231	35	2.185902	0.582347	3.236077	6.004326
231	36	2.185902	0.498476	2.297939	4.982317
231	37	2.185902	0.484823	2.162470	4.833195
231	38	2.185902	0.614465	3.448847	6.249215
231	39	2.185902	0.563381	2.941958	5.691241
231	40	2.185902	0.473046	2.045612	4.704560
231	41	2.185902	0.472497	2.040169	4.698569
231	42	2.185902	0.588761	3.193793	5.968456
231	43	2.185902	0.555956	2.868285	5.610143
231	44	2.185902	0.537155	2.681735	5.404792
231	45	2.185902	0.520501	2.516487	5.222890
231	46	2.185902	0.538420	2.694284	5.418605
231	47	2.185902	0.577493	3.240882	6.004278
231	48	2.185902	0.554276	2.851615	5.591793
231	49	2.185902	0.570054	3.008171	5.764126
231	50	2.185902	0.473046	2.045612	4.704560
231	51	2.185902	0.503283	2.345639	5.034824
231	52	2.185902	0.575295	3.113139	5.874336
231	53	2.185902	0.502875	2.341592	5.030370
231	54	2.185902	0.543307	3.007597	5.736807
231	55	2.185902	0.554276	2.851615	5.591793
231	56	2.185902	0.441051	1.728142	4.355095
231	57	2.185902	0.484823	2.162470	4.833195
231	58	2.185902	0.550486	2.814011	5.550399
231	59	2.185902	0.537155	2.681735	5.404792
231	60	2.185902	0.541590	2.725740	5.453232
231	61	2.185902	0.520501	2.516487	5.222890
231	62	2.185902	0.579025	3.203119	5.968046
231	63	2.185902	0.488115	2.195130	4.869147
231	64	2.185902	0.435482	1.672886	4.294271
231	65	2.185902	0.582431	3.130982	5.899315
231	66	2.185902	0.497359	2.286860	4.970121
231	67	2.185902	0.561247	2.920788	5.667937
231	68	2.185902	0.574520	3.052492	5.812914
231	69	2.185902	0.577493	3.240882	6.004278
231	70	2.185902	0.534524	2.655629	5.376055
231	71	2.185902	0.549145	3.065525	5.800572
231	72	2.185902	0.635677	3.659314	6.480893
231	73	2.185902	0.525581	2.566896	5.278380
231	74	2.185902	0.473046	2.045612	4.704560
231	75	2.185902	0.472497	2.040169	4.698569
231	76	2.185902	0.532676	2.637291	5.355869
231	77	2.185902	0.497044	2.283730	4.966676
231	78	2.185902	0.532676	2.637291	5.355869
231	79	2.185902	0.605681	3.361684	6.153267
231	80	2.185902	0.466439	1.980052	4.632393
231	81	2.185902	0.473046	2.045612	4.704560
231	82	2.185902	0.498476	2.297939	4.982317
231	83	2.185902	0.574382	3.051119	5.811403
231	84	2.185902	0.537369	2.683857	5.407128
231	85	2.185902	0.580305	3.109892	5.876100
231	86	2.185902	0.577493	3.240882	6.004278
231	87	2.185902	0.520905	2.520492	5.227299
231	88	2.185902	0.442080	1.738348	4.366330
231	89	2.185902	0.486268	2.176813	4.848984
231	90	2.185902	0.498476	2.297939	4.982317
231	91	2.185902	0.502875	2.341592	5.030370
231	92	2.185902	0.510015	2.412438	5.108355
231	93	2.185902	0.484823	2.162470	4.833195
231	94	2.185902	0.479651	2.111146	4.776699
231	95	2.185902	0.593329	3.239117	6.018347
231	96	2.185902	0.486268	2.176813	4.848984
231	97	2.185902	0.497044	2.283730	4.966676
231	98	2.185902	0.484823	2.162470	4.833195
231	99	2.185902	0.554276	2.851615	5.591793
232	0	2.282166	0.520186	2.513358	5.315710
232	1	2.282166	0.530729	2.617974	5.430870
232	2	2.282166	0.603728	3.342304	6.228198
232	3	2.282166	0.553359	2.842515	5.678040
232	4	2.282166	0.493852	2.252062	5.028081
232	5	2.282166	0.483653	2.150862	4.916682
232	6	2.282166	0.526622	2.577219	5.386007
232	7	2.282166	0.512754	2.439614	5.234534
232	8	2.282166	0.494871	2.262175	5.039213
232	9	2.282166	0.583930	3.145862	6.011959
232	10	2.282166	0.426209	1.580868	4.289243
232	11	2.282166	0.484915	2.163383	4.930464
232	12	2.282166	0.467044	1.986059	4.735270
232	13	2.282166	0.468035	1.995890	4.746091
232	14	2.282166	0.569435	3.054993	5.906594
232	15	2.282166	0.445561	1.772897	4.500624
232	16	2.282166	0.549262	2.801866	5.633295
232	17	2.282166	0.473478	2.049899	4.805544
232	18	2.282166	0.492532	2.238966	5.013665
232	19	2.282166	0.452149	1.838262	4.572577
232	20	2.282166	0.512754	2.439614	5.234534
232	21	2.282166	0.621434	3.517991	6.421591
232	22	2.282166	0.480538	2.119949	4.882653
232	23	2.282166	0.432999	1.648247	4.363412
232	24	2.282166	0.484915	2.163383	4.930464
232	25	2.282166	0.483871	2.153020	4.919057
232	26	2.282166	0.556186	3.029458	5.867810
232	27	2.282166	0.527471	2.585648	5.395285
232	28	2.282166	0.514628	2.458209	5.255003
232	29	2.282166	0.511350	2.425685	5.219201
232	30	2.282166	0.511724	2.429393	5.223283
232	31	2.282166	0.452144	1.838217	4.572528
232	32	2.282166	0.520186	2.513358	5.315710
232	33	2.282166	0.535803	2.668322	5.486291
232	34	2.282166	0.493852	2.252062	5.028081
232	35	2.282166	0.467044	1.986059	4.735270
232	36	2.282166	0.545327	2.762818	5.590311
232	37	2.282166	0.512754	2.439614	5.234534
232	38	2.282166	0.528476	2.595619	5.406262
232	39	2.282166	0.524260	2.553786	5.360212
232	40	2.282166	0.483871	2.153020	4.919057
232	41	2.282166	0.452144	1.838217	4.572528
232	42	2.282166	0.535803	2.668322	5.486291
232	43	2.282166	0.483871	2.153020	4.919057
232	44	2.282166	0.528598	2.755714	5.566478
232	45	2.282166	0.533777	2.648214	5.464157
232	46	2.282166	0.559035	2.898843	5.740045
232	47	2.282166	0.514628	2.458209	5.255003
232	48	2.282166	0.585108	3.157546	6.024821
232	49	2.282166	0.565403	3.120917	5.968487
232	50	2.282166	0.467044	1.986059	4.735270
232	51	2.282166	0.456739	1.883806	4.622711
232	52	2.282166	0.528476	2.595619	5.406262
232	53	2.282166	0.521077	2.522202	5.325445
232	54	2.282166	0.560865	2.916993	5.760024
232	55	2.282166	0.514628	2.458209	5.255003
232	56	2.282166	0.500867	2.321667	5.104700
232	57	2.282166	0.495873	2.589895	5.367934
232	58	2.282166	0.607521	3.379945	6.269633
232	59	2.282166	0.483653	2.150862	4.916682
232	60	2.282166	0.528476	2.595619	5.406262
232	61	2.282166	0.456739	1.883806	4.622711
232	62	2.282166	0.492532	2.238966	5.013665
232	63	2.282166	0.603728	3.342304	6.228198
232	64	2.282166	0.452144	1.838217	4.572528
232	65	2.282166	0.523810	2.814139	5.620115
232	66	2.282166	0.483653	2.150862	4.916682
232	67	2.282166	0.452144	1.838217	4.572528
232	68	2.282166	0.527471	2.585648	5.395285
232	69	2.282166	0.569435	3.054993	5.906594
232	70	2.282166	0.543045	2.740182	5.565394
232	71	2.282166	0.535803	2.668322	5.486291
232	72	2.282166	0.496884	2.652895	5.431946
232	73	2.282166	0.500642	2.319433	5.102241
232	74	2.282166	0.506999	2.382509	5.171674
232	75	2.282166	0.466754	1.983183	4.732103
232	76	2.282166	0.559035	2.898843	5.740045
232	77	2.282166	0.524260	2.553786	5.360212
232	78	2.282166	0.521077	2.522202	5.325445
232	79	2.282166	0.543045	2.740182	5.565394
232	80	2.282166	0.483699	2.151316	4.917181
232	81	2.282166	0.511350	2.425685	5.219201
232	82	2.282166	0.568240	2.990180	5.840587
232	83	2.282166	0.552970	2.838661	5.673797
232	84	2.282166	0.545478	2.764317	5.591961
232	85	2.282166	0.444655	1.763904	4.490725
232	86	2.282166	0.549262	2.801866	5.633295
232	87	2.282166	0.603728	3.342304	6.228198
232	88	2.282166	0.530659	2.935058	5.747884
232	89	2.282166	0.466754	1.983183	4.732103
232	90	2.282166	0.565403	3.120917	5.968487
232	91	2.282166	0.585108	3.157546	6.024821
232	92	2.282166	0.583930	3.145862	6.011959
232	93	2.282166	0.544127	2.750914	5.577208
232	94	2.282166	0.545983	2.769331	5.597480
232	95	2.282166	0.468035	1.995890	4.746091
232	96	2.282166	0.583930	3.145862	6.011959
232	97	2.282166	0.511350	2.425685	5.219201
232	98	2.282166	0.482735	2.141750	4.906651
232	99	2.282166	0.494871	2.262175	5.039213
233	0	2.288195	0.598075	3.286213	6.172483
233	1	2.288195	0.475245	2.067428	4.830868
233	2	2.288195	0.534103	2.651452	5.473750
233	3	2.288195	0.631243	3.615326	6.534765
233	4	2.288195	0.527660	2.587523	5.403378
233	5	2.288195	0.554630	2.855135	5.697960
233	6	2.288195	0.501082	2.323796	5.113073
233	7	2.288195	0.552435	2.833347	5.673976
233	8	2.288195	0.501759	2.330515	5.120469
233	9	2.288195	0.420577	1.524985	4.233756
233	10	2.288195	0.618233	3.486234	6.392662
233	11	2.288195	0.568775	3.154372	6.011342
233	12	2.288195	0.525630	2.567379	5.381205
233	13	2.288195	0.598075	3.286213	6.172483
233	14	2.288195	0.488042	2.194407	4.970644
233	15	2.288195	0.552435	2.833347	5.673976
233	16	2.288195	0.559358	3.113897	5.961450
233	17	2.288195	0.474022	2.055299	4.817517
233	18	2.288195	0.549798	2.966073	5.804066
233	19	2.288195	0.482339	2.137819	4.908352
233	20	2.288195	0.511095	2.423158	5.222448
233	21	2.288195	0.525630	2.567379	5.381205
233	22	2.288195	0.504582	2.358525	5.151302
233	23	2.288195	0.548483	3.058952	5.895630
233	24	2.288195	0.548483	3.058952	5.895630
233	25	2.288195	0.518775	2.499357	5.306326
233	26	2.288195	0.465317	1.968927	4.722439
233	27	2.288195	0.540950	2.719390	5.548535
233	28	2.288195	0.442417	1.741700	4.472313
233	29	2.288195	0.537893	2.689061	5.515150
233	30	2.288195	0.480812	2.122666	4.891673
233	31	2.288195	0.568045	2.988236	5.844475
233	32	2.288195	0.480812	2.122666	4.891673
233	33	2.288195	0.562900	2.937194	5.788289
233	34	2.288195	0.511487	2.850756	5.650438
233	35	2.288195	0.477573	2.090536	4.856305
233	36	2.288195	0.497479	2.288052	5.073727
233	37	2.288195	0.494479	2.258281	5.040955
233	38	2.288195	0.482339	2.137819	4.908352
233	39	2.288195	0.561439	2.922693	5.772327
233	40	2.288195	0.515059	2.462482	5.265736
233	41	2.288195	0.547186	2.781271	5.616652
233	42	2.288195	0.497479	2.288052	5.073727
233	43	2.288195	0.547186	2.781271	5.616652
233	44	2.288195	0.514874	2.460653	5.263722
233	45	2.288195	0.587303	3.179323	6.054820
233	46	2.288195	0.445725	1.774524	4.508444
233	47	2.288195	0.587589	3.182167	6.057951
233	48	2.288195	0.514878	2.460695	5.263768
233	49	2.288195	0.513214	2.444178	5.245587
233	50	2.288195	0.468888	2.004359	4.761443
233	51	2.288195	0.463076	1.946688	4.697959
233	52	2.288195	0.579936	3.106225	5.974355
233	53	2.288195	0.556980	2.878447	5.723622
233	54	2.288195	0.547186	2.781271	5.616652
233	55	2.288195	0.427990	1.598544	4.314729
233	56	2.288195	0.468888	2.004359	4.761443
233	57	2.288195	0.495375	2.267169	5.050738
233	58	2.288195	0.480848	2.123026	4.892068
233	59	2.288195	0.547186	2.781271	5.616652
233	60	2.288195	0.570586	3.066415	5.925196
233	61	2.288195	0.507114	2.383653	5.178962
233	62	2.288195	0.518775	2.499357	5.306326
233	63	2.288195	0.488042	2.194407	4.970644
233	64	2.288195	0.534103	2.651452	5.473750
233	65	2.288195	0.582546	3.132123	6.002863
233	66	2.288195	0.520388	2.515360	5.323942
233	67	2.288195	0.497479	2.288052	5.073727
233	68	2.288195	0.514599	2.457926	5.260720
233	69	2.288195	0.468184	1.997369	4.753748
233	70	2.288195	0.520388	2.515360	5.323942
233	71	2.288195	0.480812	2.122666	4.891673
233	72	2.288195	0.409254	1.412635	4.110084
233	73	2.288195	0.475245	2.067428	4.830868
233	74	2.288195	0.498312	2.296310	5.082817
233	75	2.288195	0.581162	3.224322	6.093679
233	76	2.288195	0.571561	3.023131	5.882887
233	77	2.288195	0.486789	2.181975	4.956959
233	78	2.288195	0.489973	2.213567	4.991734
233	79	2.288195	0.486789	2.181975	4.956959
233	80	2.288195	0.465317	1.968927	4.722439
233	81	2.288195	0.545160	2.761162	5.594516
233	82	2.288195	0.518775	2.499357	5.306326
233	83	2.288195	0.533931	2.649742	5.471867
233	84	2.288195	0.568045	2.988236	5.844475
233	85	2.288195	0.516603	2.477808	5.282606
233	86	2.288195	0.495375	2.267169	5.050738
233	87	2.288195	0.559358	3.113897	5.961450
233	88	2.288195	0.511095	2.423158	5.222448
233	89	2.288195	0.566904	2.976921	5.832020
233	90	2.288195	0.514874	2.460653	5.263722
233	91	2.288195	0.511095	2.423158	5.222448
233	92	2.288195	0.536651	2.888589	5.713435
233	93	2.288195	0.535367	2.663991	5.487553
233	94	2.288195	0.488042	2.194407	4.970644
233	95	2.288195	0.444886	1.766191	4.499272
233	96	2.288195	0.554630	2.855135	5.697960
233	97	2.288195	0.587589	3.182167	6.057951
233	98	2.288195	0.537893	2.689061	5.515150
233	99	2.288195	0.508703	2.399418	5.196316
234	0	2.215022	0.491447	2.228193	4.934661
234	1	2.215022	0.543149	2.741209	5.499380
234	2	2.215022	0.492818	2.241798	4.949638
234	3	2.215022	0.551807	2.827121	5.593949
234	4	2.215022	0.585016	3.156633	5.956671
234	5	2.215022	0.535321	2.663532	5.413874
234	6	2.215022	0.456904	1.885447	4.557373
234	7	2.215022	0.592529	3.231185	6.038736
234	8	2.215022	0.454761	1.864179	4.533961
234	9	2.215022	0.493918	2.252712	4.961652
234	10	2.215022	0.490978	2.223542	4.929541
234	11	2.215022	0.520981	2.521244	5.257247
234	12	2.215022	0.480184	2.116438	4.811644
234	13	2.215022	0.592529	3.231185	6.038736
234	14	2.215022	0.623608	3.539562	6.378191
234	15	2.215022	0.507797	2.390425	5.113243
234	16	2.215022	0.589322	3.199361	6.003705
234	17	2.215022	0.468656	2.002057	4.685735
234	18	2.215022	0.502138	2.334280	5.051440
234	19	2.215022	0.483255	2.782477	5.480754
234	20	2.215022	0.552554	2.834526	5.602102
234	21	2.215022	0.504630	2.359000	5.078651
234	22	2.215022	0.548518	2.794486	5.558026
234	23	2.215022	0.480184	2.116438	4.811644
234	24	2.215022	0.545483	2.764369	5.524874
234	25	2.215022	0.504630	2.359000	5.078651
234	26	2.215022	0.543149	2.741209	5.499380
234	27	2.215022	0.585016	3.156633	5.956671
234	28	2.215022	0.491228	2.226021	4.932270
234	29	2.215022	0.486095	2.598806	5.299923
234	30	2.215022	0.552554	2.834526	5.602102
234	31	2.215022	0.544148	2.751124	5.510294
234	32	2.215022	0.536261	2.672860	5.424142
234	33	2.215022	0.491228	2.226021	4.932270
234	34	2.215022	0.567901	2.986816	5.769740
234	35	2.215022	0.607738	3.382098	6.204859
234	36	2.215022	0.571593	3.023448	5.810063
234	37	2.215022	0.482193	2.136371	4.833586
234	38	2.215022	0.486095	2.598806	5.299923
234	39	2.215022	0.544935	2.758930	5.518887
234	40	2.215022	0.491447	2.228193	4.934661
234	41	2.215022	0.571593	3.023448	5.810063
234	42	2.215022	0.468620	2.001697	4.685339
234	43	2.215022	0.504630	2.359000	5.078651
234	44	2.215022	0.482193	2.136371	4.833586
234	45	2.215022	0.503151	2.344325	5.062497
234	46	2.215022	0.571112	3.018675	5.804809
234	47	2.215022	0.505906	2.371667	5.092594
234	48	2.215022	0.468620	2.001697	4.685339
234	49	2.215022	0.472887	2.044039	4.731948
234	50	2.215022	0.538864	2.698689	5.452574
234	51	2.215022	0.552554	2.834526	5.602102
234	52	2.215022	0.588608	3.192278	5.995907
234	53	2.215022	0.529516	2.605936	5.350474
234	54	2.215022	0.494727	2.260742	4.970491
234	55	2.215022	0.561407	2.975336	5.751765
234	56	2.215022	0.468927	2.004741	4.688690
234	57	2.215022	0.491228	2.226021	4.932270
234	58	2.215022	0.567901	2.986816	5.769740
234	59	2.215022	0.536261	2.672860	5.424142
234	60	2.215022	0.499639	2.309485	5.024146
234	61	2.215022	0.482908	2.143466	4.841396
234	62	2.215022	0.571593	3.023448	5.810063
234	63	2.215022	0.468620	2.001697	4.685339
234	64	2.215022	0.491228	2.226021	4.932270
234	65	2.215022	0.562069	2.928943	5.706034
234	66	2.215022	0.542833	2.738078	5.495933
234	67	2.215022	0.536261	2.672860	5.424142
234	68	2.215022	0.590264	3.208710	6.013996
234	69	2.215022	0.493918	2.252712	4.961652
234	70	2.215022	0.482908	2.143466	4.841396
234	71	2.215022	0.430265	1.621119	4.266406
234	72	2.215022	0.506317	2.375740	5.097078
234	73	2.215022	0.565254	2.960549	5.740826
234	74	2.215022	0.468620	2.001697	4.685339
234	75	2.215022	0.506317	2.375740	5.097078
234	76	2.215022	0.468443	2.476611	5.160075
234	77	2.215022	0.468927	2.004741	4.688690
234	78	2.215022	0.556586	2.874534	5.646141
234	79	2.215022	0.556586	2.874534	5.646141
234	80	2.215022	0.536339	2.991421	5.742782
234	81	2.215022	0.503151	2.344325	5.062497
234	82	2.215022	0.520981	2.521244	5.257247
234	83	2.215022	0.589792	3.204021	6.008835
234	84	2.215022	0.544255	2.911071	5.670347
234	85	2.215022	0.427029	1.589009	4.231060
234	86	2.215022	0.548518	2.794486	5.558026
234	87	2.215022	0.553361	3.054392	5.822775
234	88	2.215022	0.513087	2.601809	5.329918
234	89	2.215022	0.624053	3.543981	6.383056
234	90	2.215022	0.493918	2.252712	4.961652
234	91	2.215022	0.579231	3.205157	5.999409
234	92	2.215022	0.520981	2.521244	5.257247
234	93	2.215022	0.505906	2.371667	5.092594
234	94	2.215022	0.456904	1.885447	4.557373
234	95	2.215022	0.529974	2.610478	5.355474
234	96	2.215022	0.502138	2.334280	5.051440
234	97	2.215022	0.502138	2.334280	5.051440
234	98	2.215022	0.512422	2.436323	5.163767
234	99	2.215022	0.549818	2.807384	5.572224
235	0	2.323595	0.496419	2.277528	5.097542
235	1	2.323595	0.522276	2.534096	5.379967
235	2	2.323595	0.525902	2.570074	5.419571
235	3	2.323595	0.484223	2.156517	4.964335
235	4	2.323595	0.508334	2.395758	5.227687
235	5	2.323595	0.505352	2.366171	5.195118
235	6	2.323595	0.583875	3.145314	6.052784
235	7	2.323595	0.646011	3.761863	6.731469
235	8	2.323595	0.407167	1.391933	4.122695
235	9	2.323595	0.583875	3.145314	6.052784
235	10	2.323595	0.563797	2.946091	5.833483
235	11	2.323595	0.501619	2.329128	5.154341
235	12	2.323595	0.495430	2.267723	5.086748
235	13	2.323595	0.527619	2.587117	5.438331
235	14	2.323595	0.579226	3.099182	6.002003
235	15	2.323595	0.492075	2.605177	5.420847
235	16	2.323595	0.620522	3.508942	6.453058
235	17	2.323595	0.506422	2.376790	5.206807
235	18	2.323595	0.524910	2.560238	5.408743
235	19	2.323595	0.467532	1.990901	4.782027
235	20	2.323595	0.563034	2.938520	5.825149
235	21	2.323595	0.527619	2.587117	5.438331
235	22	2.323595	0.415632	1.475927	4.215154
235	23	2.323595	0.555710	3.024733	5.904037
235	24	2.323595	0.434263	1.660788	4.418646
235	25	2.323595	0.476647	2.081339	4.881580
235	26	2.323595	0.440006	1.717770	4.481370
235	27	2.323595	0.434263	1.660788	4.418646
235	28	2.323595	0.520771	2.519166	5.363532
235	29	2.323595	0.568253	2.990308	5.882156
235	30	2.323595	0.440006	1.717770	4.481370
235	31	2.323595	0.504254	2.355277	5.183126
235	32	2.323595	0.559075	2.899231	5.781901
235	33	2.323595	0.501416	2.327114	5.152125
235	34	2.323595	0.483438	2.148723	4.955756
235	35	2.323595	0.424556	1.564470	4.312620
235	36	2.323595	0.483434	2.148686	4.955714
235	37	2.323595	0.581800	3.230648	6.136042
235	38	2.323595	0.538879	2.698837	5.561310
235	39	2.323595	0.547967	2.789020	5.660582
235	40	2.323595	0.467532	1.990901	4.782027
235	41	2.323595	0.524910	2.560238	5.408743
235	42	2.323595	0.494303	2.256537	5.074435
235	43	2.323595	0.521370	2.525107	5.370072
235	44	2.323595	0.472989	2.045045	4.841628
235	45	2.323595	0.468096	1.996497	4.788188
235	46	2.323595	0.583875	3.145314	6.052784
235	47	2.323595	0.467532	1.990901	4.782027
235	48	2.323595	0.573461	3.041981	5.939037
235	49	2.323595	0.528289	2.593762	5.445645
235	50	2.323595	0.446110	1.778340	4.548044
235	51	2.323595	0.527619	2.587117	5.438331
235	52	2.323595	0.509094	2.403300	5.235988
235	53	2.323595	0.468096	1.996497	4.788188
235	54	2.323595	0.517953	2.491206	5.332754
235	55	2.323595	0.496401	2.277352	5.097348
235	56	2.323595	0.579152	3.098447	6.001193
235	57	2.323595	0.559659	3.010954	5.894207
235	58	2.323595	0.544184	3.016294	5.884072
235	59	2.323595	0.626688	3.570124	6.520407
235	60	2.323595	0.583385	3.140448	6.047427
235	61	2.323595	0.458484	1.901123	4.683202
235	62	2.323595	0.478087	2.095635	4.897317
235	63	2.323595	0.570652	3.014108	5.908355
235	64	2.323595	0.517953	2.491206	5.332754
235	65	2.323595	0.415632	1.475927	4.215154
235	66	2.323595	0.495430	2.267723	5.086748
235	67	2.323595	0.583875	3.145314	6.052784
235	68	2.323595	0.541496	2.724808	5.589899
235	69	2.323595	0.467532	1.990901	4.782027
235	70	2.323595	0.446110	1.778340	4.548044
235	71	2.323595	0.522276	2.534096	5.379967
235	72	2.323595	0.518973	2.766138	5.608705
235	73	2.323595	0.573461	3.041981	5.939037
235	74	2.323595	0.541496	2.724808	5.589899
235	75	2.323595	0.626688	3.570124	6.520407
235	76	2.323595	0.489736	2.211223	5.024554
235	77	2.323595	0.494502	2.258505	5.076602
235	78	2.323595	0.501693	2.329863	5.155151
235	79	2.323595	0.524910	2.560238	5.408743
235	80	2.323595	0.573461	3.041981	5.939037
235	81	2.323595	0.530487	2.615569	5.469651
235	82	2.323595	0.496401	2.277352	5.097348
235	83	2.323595	0.476307	2.395754	5.195656
235	84	2.323595	0.541496	2.724808	5.589899
235	85	2.323595	0.509094	2.403300	5.235988
235	86	2.323595	0.538879	2.698837	5.561310
235	87	2.323595	0.559075	2.899231	5.781901
235	88	2.323595	0.476647	2.081339	4.881580
235	89	2.323595	0.489736	2.211223	5.024554
235	90	2.323595	0.525902	2.570074	5.419571
235	91	2.323595	0.424556	1.564470	4.312620
235	92	2.323595	0.547967	2.789020	5.660582
235	93	2.323595	0.559075	2.899231	5.781901
235	94	2.323595	0.563797	2.946091	5.833483
235	95	2.323595	0.544184	3.016294	5.884072
235	96	2.323595	0.485215	2.537108	5.345918
235	97	2.323595	0.518973	2.766138	5.608705
235	98	2.323595	0.563797	2.946091	5.833483
235	99	2.323595	0.481436	2.128858	4.933889
236	0	2.302589	0.575944	3.066621	5.945154
236	1	2.302589	0.485547	2.169650	4.957786
236	2	2.302589	0.583340	3.140002	6.025930
236	3	2.302589	0.536454	2.674777	5.513820
236	4	2.302589	0.554268	2.851541	5.708398
236	5	2.302589	0.526429	2.575305	5.404323
236	6	2.302589	0.561548	2.923778	5.787915
236	7	2.302589	0.526018	2.571232	5.399840
236	8	2.302589	0.485547	2.169650	4.957786
236	9	2.302589	0.507710	2.389570	5.199869
236	10	2.302589	0.546204	2.771520	5.620313
236	11	2.302589	0.442609	1.743602	4.488800
236	12	2.302589	0.542476	2.734537	5.579602
236	13	2.302589	0.617894	3.482869	6.403352
236	14	2.302589	0.551569	2.824758	5.678916
236	15	2.302589	0.567387	3.140601	6.010577
236	16	2.302589	0.593259	3.238422	6.134269
236	17	2.302589	0.482272	2.137159	4.922020
236	18	2.302589	0.554268	2.851541	5.708398
236	19	2.302589	0.590486	3.210913	6.103988
236	20	2.302589	0.571438	3.074868	5.948894
236	21	2.302589	0.487424	2.188282	4.978295
236	22	2.302589	0.537064	2.680832	5.520485
236	23	2.302589	0.512075	2.432882	5.247546
236	24	2.302589	0.480954	2.124079	4.907622
236	25	2.302589	0.552128	3.095125	5.949842
236	26	2.302589	0.582915	3.135788	6.021292
236	27	2.302589	0.552128	3.095125	5.949842
236	28	2.302589	0.536444	2.674676	5.513709
236	29	2.302589	0.523199	2.543253	5.369040
236	30	2.302589	0.498372	2.296905	5.097866
236	31	2.302589	0.521540	2.526794	5.350923
236	32	2.302589	0.547243	2.834797	5.684629
236	33	2.302589	0.482272	2.137159	4.922020
236	34	2.302589	0.482911	2.143502	4.929002
236	35	2.302589	0.584983	3.315198	6.202769
236	36	2.302589	0.477611	2.090907	4.871106
236	37	2.302589	0.458500	1.901280	4.662369
236	38	2.302589	0.531503	2.625650	5.459741
236	39	2.302589	0.443485	1.752296	4.498370
236	40	2.302589	0.573703	3.044383	5.920675
236	41	2.302589	0.480954	2.124079	4.907622
236	42	2.302589	0.487424	2.188282	4.978295
236	43	2.302589	0.443485	1.752296	4.498370
236	44	2.302589	0.480954	2.124079	4.907622
236	45	2.302589	0.510191	2.414183	5.226962
236	46	2.302589	0.501012	2.323101	5.126701
236	47	2.302589	0.458560	1.901878	4.663027
236	48	2.302589	0.486978	2.183850	4.973416
236	49	2.302589	0.535384	2.664162	5.502135
236	50	2.302589	0.531503	2.625650	5.459741
236	51	2.302589	0.599206	3.297435	6.199230
236	52	2.302589	0.501465	2.327596	5.131649
236	53	2.302589	0.477611	2.090907	4.871106
236	54	2.302589	0.498889	2.302040	5.103518
236	55	2.302589	0.582915	3.135788	6.021292
236	56	2.302589	0.443485	1.752296	4.498370
236	57	2.302589	0.515396	2.465829	5.283814
236	58	2.302589	0.493643	2.249987	5.046218
236	59	2.302589	0.598176	3.287216	6.187981
236	60	2.302589	0.510191	2.414183	5.226962
236	61	2.302589	0.413874	1.458474	4.174937
236	62	2.302589	0.493643	2.249987	5.046218
236	63	2.302589	0.413874	1.458474	4.174937
236	64	2.302589	0.484540	2.159665	4.946794
236	65	2.302589	0.537064	2.680832	5.520485
236	66	2.302589	0.575889	3.066075	5.944553
236	67	2.302589	0.561548	2.923778	5.787915
236	68	2.302589	0.484540	2.159665	4.946794
236	69	2.302589	0.526967	2.580640	5.410196
236	70	2.302589	0.493643	2.249987	5.046218
236	71	2.302589	0.402969	2.144728	4.850285
236	72	2.302589	0.436368	1.681671	4.420627
236	73	2.302589	0.617894	3.482869	6.403352
236	74	2.302589	0.507710	2.389570	5.199869
236	75	2.302589	0.431796	1.636311	4.370696
236	76	2.302589	0.537064	2.680832	5.520485
236	77	2.302589	0.599206	3.297435	6.199230
236	78	2.302589	0.550587	3.132793	5.985968
236	79	2.302589	0.487424	2.188282	4.978295
236	80	2.302589	0.534168	2.652095	5.488851
236	81	2.302589	0.471658	2.402584	5.176830
236	82	2.302589	0.559551	2.903954	5.766093
236	83	2.302589	0.501012	2.323101	5.126701
236	84	2.302589	0.534168	2.652095	5.488851
236	85	2.302589	0.546204	2.771520	5.620313
236	86	2.302589	0.498372	2.296905	5.097866
236	87	2.302589	0.458500	1.901280	4.662369
236	88	2.302589	0.664805	3.948338	6.915731
236	89	2.302589	0.546204	2.771520	5.620313
236	90	2.302589	0.486978	2.183850	4.973416
236	91	2.302589	0.519686	2.508394	5.330668
236	92	2.302589	0.575889	3.066075	5.944553
236	93	2.302589	0.510191	2.414183	5.226962
236	94	2.302589	0.512075	2.432882	5.247546
236	95	2.302589	0.498372	2.296905	5.097866
236	96	2.302589	0.485547	2.169650	4.957786
236	97	2.302589	0.531503	2.625650	5.459741
236	98	2.302589	0.534168	2.652095	5.488851
236	99	2.302589	0.618681	3.543643	6.464913
237	0	2.181783	0.479690	2.111537	4.773010
237	1	2.181783	0.574822	3.055486	5.812091
237	2	2.181783	0.537004	2.680232	5.399019
237	3	2.181783	0.484118	2.155476	4.821377
237	4	2.181783	0.565535	2.963339	5.710657
237	5	2.181783	0.567253	2.980385	5.729421
237	6	2.181783	0.523642	2.547656	5.253082
237	7	2.181783	0.437772	1.695603	4.315158
237	8	2.181783	0.528036	2.591250	5.301069
237	9	2.181783	0.529110	2.601905	5.312797
237	10	2.181783	0.481748	2.608627	5.272157
237	11	2.181783	0.574198	3.049295	5.805276
237	12	2.181783	0.467256	1.988164	4.637203
237	13	2.181783	0.555072	2.859512	5.596367
237	14	2.181783	0.537004	2.680232	5.399019
237	15	2.181783	0.537756	2.952512	5.672051
237	16	2.181783	0.483495	2.149297	4.814576
237	17	2.181783	0.555072	2.859512	5.596367
237	18	2.181783	0.452452	1.841264	4.475498
237	19	2.181783	0.601798	3.323158	6.106740
237	20	2.181783	0.499207	2.570014	5.251004
237	21	2.181783	0.484118	2.155476	4.821377
237	22	2.181783	0.600007	3.305388	6.087178
237	23	2.181783	0.565266	3.066596	5.813645
237	24	2.181783	0.464814	1.963931	4.610528
237	25	2.181783	0.424952	1.568397	4.175132
237	26	2.181783	0.555072	2.859512	5.596367
237	27	2.181783	0.450302	1.819931	4.452015
237	28	2.181783	0.525908	2.570140	5.277831
237	29	2.181783	0.601798	3.323158	6.106740
237	30	2.181783	0.581171	3.224410	5.987363
237	31	2.181783	0.535120	2.661546	5.378450
237	32	2.181783	0.613815	3.442392	6.237990
237	33	2.181783	0.423916	1.558116	4.163814
237	34	2.181783	0.470703	2.022363	4.674848
237	35	2.181783	0.470703	2.022363	4.674848
237	36	2.181783	0.523642	2.547656	5.253082
237	37	2.181783	0.590362	3.209681	5.981826
237	38	2.181783	0.600007	3.305388	6.087178
237	39	2.181783	0.545161	2.867104	5.594048
237	40	2.181783	0.495056	2.264004	4.940842
237	41	2.181783	0.479690	2.111537	4.773010
237	42	2.181783	0.517030	2.482040	5.180853
237	43	2.181783	0.452452	1.841264	4.475498
237	44	2.181783	0.457338	2.472355	5.111476
237	45	2.181783	0.495799	2.271380	4.948962
237	46	2.181783	0.452452	1.841264	4.475498
237	47	2.181783	0.464814	1.963931	4.610528
237	48	2.181783	0.531902	2.629609	5.343293
237	49	2.181783	0.481815	2.132626	4.796224
237	50	2.181783	0.474666	2.061683	4.718132
237	51	2.181783	0.481815	2.132626	4.796224
237	52	2.181783	0.484118	2.155476	4.821377
237	53	2.181783	0.565535	2.963339	5.710657
237	54	2.181783	0.537724	2.687380	5.406887
237	55	2.181783	0.437772	1.695603	4.315158
237	56	2.181783	0.467256	1.988164	4.637203
237	57	2.181783	0.581171	3.224410	5.987363
237	58	2.181783	0.483495	2.149297	4.814576
237	59	2.181783	0.460370	1.919837	4.561990
237	60	2.181783	0.593959	3.245371	6.021112
237	61	2.181783	0.537004	2.680232	5.399019
237	62	2.181783	0.601798	3.323158	6.106740
237	63	2.181783	0.464863	1.964420	4.611067
237	64	2.181783	0.508214	2.394566	5.084563
237	65	2.181783	0.490799	2.221771	4.894354
237	66	2.181783	0.528036	2.591250	5.301069
237	67	2.181783	0.534117	2.651595	5.367495
237	68	2.181783	0.603786	3.342876	6.128444
237	69	2.181783	0.549044	2.905632	5.636459
237	70	2.181783	0.524149	2.552686	5.258618
237	71	2.181783	0.495056	2.264004	4.940842
237	72	2.181783	0.464814	1.963931	4.610528
237	73	2.181783	0.479866	2.113282	4.774930
237	74	2.181783	0.535671	2.667008	5.384462
237	75	2.181783	0.464863	1.964420	4.611067
237	76	2.181783	0.508214	2.394566	5.084563
237	77	2.181783	0.464814	1.963931	4.610528
237	78	2.181783	0.518567	2.497290	5.197640
237	79	2.181783	0.470703	2.022363	4.674848
237	80	2.181783	0.601798	3.323158	6.106740
237	81	2.181783	0.467256	1.988164	4.637203
237	82	2.181783	0.460370	1.919837	4.561990
237	83	2.181783	0.452452	1.841264	4.475498
237	84	2.181783	0.528036	2.591250	5.301069
237	85	2.181783	0.431952	1.637860	4.251595
237	86	2.181783	0.534261	2.653023	5.369067
237	87	2.181783	0.452452	1.841264	4.475498
237	88	2.181783	0.465101	1.966780	4.613664
237	89	2.181783	0.534117	2.651595	5.367495
237	90	2.181783	0.554523	2.854066	5.590371
237	91	2.181783	0.464863	1.964420	4.611067
237	92	2.181783	0.523642	2.547656	5.253082
237	93	2.181783	0.527950	2.590399	5.300132
237	94	2.181783	0.479690	2.111537	4.773010
237	95	2.181783	0.495056	2.264004	4.940842
237	96	2.181783	0.521205	2.523474	5.226462
237	97	2.181783	0.535671	2.667008	5.384462
237	98	2.181783	0.521205	2.523474	5.226462
237	99	2.181783	0.500879	2.745493	5.428155
238	0	2.242917	0.610377	3.408276	6.261569
238	1	2.242917	0.524464	2.555805	5.323186
238	2	2.242917	0.608063	3.385315	6.236294
238	3	2.242917	0.465810	2.344564	5.053291
238	4	2.242917	0.524464	2.555805	5.323186
238	5	2.242917	0.563472	2.942867	5.749256
238	6	2.242917	0.474307	2.058126	4.775350
238	7	2.242917	0.551387	2.822951	5.617255
238	8	2.242917	0.538524	2.695322	5.476763
238	9	2.242917	0.499521	2.308309	5.050747
238	10	2.242917	0.560548	2.913849	5.717313
238	11	2.242917	0.453542	2.487651	5.184110
238	12	2.242917	0.560304	2.911426	5.714646
238	13	2.242917	0.444798	1.765317	4.453032
238	14	2.242917	0.444798	1.765317	4.453032
238	15	2.242917	0.508312	2.501463	5.252691
238	16	2.242917	0.493512	2.248683	4.985112
238	17	2.242917	0.501986	2.332772	5.077675
238	18	2.242917	0.453947	2.279811	4.976674
238	19	2.242917	0.539617	2.706161	5.488694
238	20	2.242917	0.539565	2.705649	5.488131
238	21	2.242917	0.495711	2.270507	5.009134
238	22	2.242917	0.598958	3.347935	6.189809
238	23	2.242917	0.435982	1.677849	4.356748
238	24	2.242917	0.560548	2.913849	5.717313
238	25	2.242917	0.514439	2.456334	5.213690
238	26	2.242917	0.527394	2.584883	5.355194
238	27	2.242917	0.564378	2.951858	5.759153
238	28	2.242917	0.506891	2.381440	5.131248
238	29	2.242917	0.468865	2.004130	4.715911
238	30	2.242917	0.500111	2.314167	5.057194
238	31	2.242917	0.486795	2.182034	4.911745
238	32	2.242917	0.495475	2.268167	5.006559
238	33	2.242917	0.495128	2.264717	5.002762
238	34	2.242917	0.538524	2.695322	5.476763
238	35	2.242917	0.560304	2.911426	5.714646
238	36	2.242917	0.577881	3.085842	5.906640
238	37	2.242917	0.593554	3.241354	6.077825
238	38	2.242917	0.533405	2.644522	5.420844
238	39	2.242917	0.597379	3.279306	6.119601
238	40	2.242917	0.474307	2.058126	4.775350
238	41	2.242917	0.468865	2.004130	4.715911
238	42	2.242917	0.597903	3.284509	6.125329
238	43	2.242917	0.408452	1.404678	4.056047
238	44	2.242917	0.493512	2.248683	4.985112
238	45	2.242917	0.494683	2.260311	4.997911
238	46	2.242917	0.539565	2.705649	5.488131
238	47	2.242917	0.555607	2.864826	5.663350
238	48	2.242917	0.547987	2.789215	5.580118
238	49	2.242917	0.459703	1.913216	4.615836
238	50	2.242917	0.551755	3.038459	5.833131
238	51	2.242917	0.569753	3.005187	5.817857
238	52	2.242917	0.500111	2.314167	5.057194
238	53	2.242917	0.408452	1.404678	4.056047
238	54	2.242917	0.520340	2.514884	5.278141
238	55	2.242917	0.551120	3.138084	5.932121
238	56	2.242917	0.495128	2.264717	5.002762
238	57	2.242917	0.500735	2.320361	5.064013
238	58	2.242917	0.504051	2.353263	5.100231
238	59	2.242917	0.468865	2.004130	4.715911
238	60	2.242917	0.504051	2.353263	5.100231
238	61	2.242917	0.551387	2.822951	5.617255
238	62	2.242917	0.585844	3.164847	5.993608
238	63	2.242917	0.482938	2.143769	4.869624
238	64	2.242917	0.539617	2.706161	5.488694
238	65	2.242917	0.345030	1.728719	4.316666
238	66	2.242917	0.459703	1.913216	4.615836
238	67	2.242917	0.428078	1.599414	4.270408
238	68	2.242917	0.563472	2.942867	5.749256
238	69	2.242917	0.566106	2.969005	5.778029
238	70	2.242917	0.538524	2.695322	5.476763
238	71	2.242917	0.538524	2.695322	5.476763
238	72	2.242917	0.563472	2.942867	5.749256
238	73	2.242917	0.527394	2.584883	5.355194
238	74	2.242917	0.495711	2.270507	5.009134
238	75	2.242917	0.625684	3.560167	6.428768
238	76	2.242917	0.538266	2.692762	5.473945
238	77	2.242917	0.569753	3.005187	5.817857
238	78	2.242917	0.561336	2.921672	5.725925
238	79	2.242917	0.597379	3.279306	6.119601
238	80	2.242917	0.523440	2.545646	5.312002
238	81	2.242917	0.524464	2.555805	5.323186
238	82	2.242917	0.495711	2.270507	5.009134
238	83	2.242917	0.435982	1.677849	4.356748
238	84	2.242917	0.478324	2.097981	4.819221
238	85	2.242917	0.494354	2.257039	4.994310
238	86	2.242917	0.459703	1.913216	4.615836
238	87	2.242917	0.459703	1.913216	4.615836
238	88	2.242917	0.638557	3.740858	6.622332
238	89	2.242917	0.445600	1.773284	4.461801
238	90	2.242917	0.538524	2.695322	5.476763
238	91	2.242917	0.499501	2.308110	5.050528
238	92	2.242917	0.499521	2.308309	5.050747
238	93	2.242917	0.572824	3.141586	5.957327
238	94	2.242917	0.425467	1.573511	4.241895
238	95	2.242917	0.501986	2.332772	5.077675
238	96	2.242917	0.495475	2.268167	5.006559
238	97	2.242917	0.494683	2.260311	4.997911
238	98	2.242917	0.520340	2.514884	5.278141
238	99	2.242917	0.520340	2.514884	5.278141
239	0	2.201248	0.560280	2.911193	5.672721
239	1	2.201248	0.484344	2.157715	4.843307
239	2	2.201248	0.553633	2.845237	5.600118
239	3	2.201248	0.525438	2.777327	5.504013
239	4	2.201248	0.591486	3.220829	6.013563
239	5	2.201248	0.512297	2.805826	5.519371
239	6	2.201248	0.443140	1.748867	4.393256
239	7	2.201248	0.487191	2.185962	4.874401
239	8	2.201248	0.531839	2.628983	5.362070
239	9	2.201248	0.487191	2.185962	4.874401
239	10	2.201248	0.566528	2.973188	5.740964
239	11	2.201248	0.477181	2.086638	4.765067
239	12	2.201248	0.558722	2.895735	5.655706
239	13	2.201248	0.464727	1.963065	4.629040
239	14	2.201248	0.443140	1.748867	4.393256
239	15	2.201248	0.488449	2.198454	4.888152
239	16	2.201248	0.560912	2.917459	5.679619
239	17	2.201248	0.425560	1.574430	4.201238
239	18	2.201248	0.486974	2.183816	4.872038
239	19	2.201248	0.425560	1.574430	4.201238
239	20	2.201248	0.494751	2.260980	4.956980
239	21	2.201248	0.524605	2.557209	5.283063
239	22	2.201248	0.517027	2.482018	5.200293
239	23	2.201248	0.489674	2.210608	4.901531
239	24	2.201248	0.601380	3.319005	6.121633
239	25	2.201248	0.487191	2.185962	4.874401
239	26	2.201248	0.581567	3.122413	5.905228
239	27	2.201248	0.572280	3.030259	5.803787
239	28	2.201248	0.470125	2.016632	4.688005
239	29	2.201248	0.516394	2.952409	5.670052
239	30	2.201248	0.489674	2.210608	4.901531
239	31	2.201248	0.464727	1.963065	4.629040
239	32	2.201248	0.559842	2.906850	5.667941
239	33	2.201248	0.547283	2.782229	5.530761
239	34	2.201248	0.424654	1.565439	4.191341
239	35	2.201248	0.569327	3.000958	5.771533
239	36	2.201248	0.553633	2.845237	5.600118
239	37	2.201248	0.528366	2.594523	5.324137
239	38	2.201248	0.511610	2.428262	5.141121
239	39	2.201248	0.585598	3.268341	6.055188
239	40	2.201248	0.466293	1.978608	4.646150
239	41	2.201248	0.470125	2.016632	4.688005
239	42	2.201248	0.484344	2.157715	4.843307
239	43	2.201248	0.620196	3.505708	6.327152
239	44	2.201248	0.446880	1.785978	4.434106
239	45	2.201248	0.541632	2.726161	5.469042
239	46	2.201248	0.524743	2.558575	5.284566
239	47	2.201248	0.553633	2.845237	5.600118
239	48	2.201248	0.560280	2.911193	5.672721
239	49	2.201248	0.560280	2.911193	5.672721
239	50	2.201248	0.551270	2.821791	5.574310
239	51	2.201248	0.558283	3.103235	5.862767
239	52	2.201248	0.510165	2.413925	5.125339
239	53	2.201248	0.446880	1.785978	4.434106
239	54	2.201248	0.569327	3.000958	5.771533
239	55	2.201248	0.541550	2.725339	5.468138
239	56	2.201248	0.509293	2.405273	5.115814
239	57	2.201248	0.440289	2.356150	4.997688
239	58	2.201248	0.507610	2.388574	5.097432
239	59	2.201248	0.601380	3.319005	6.121633
239	60	2.201248	0.510165	2.413925	5.125339
239	61	2.201248	0.586752	3.173858	5.961858
239	62	2.201248	0.411988	1.439765	4.053002
239	63	2.201248	0.547406	2.783445	5.532099
239	64	2.201248	0.487526	2.189292	4.878066
239	65	2.201248	0.512297	2.805826	5.519371
239	66	2.201248	0.583084	3.137462	5.921794
239	67	2.201248	0.553633	2.845237	5.600118
239	68	2.201248	0.558769	2.896199	5.656216
239	69	2.201248	0.566655	2.974452	5.742356
239	70	2.201248	0.446880	1.785978	4.434106
239	71	2.201248	0.560912	2.917459	5.679619
239	72	2.201248	0.551839	2.827437	5.580525
239	73	2.201248	0.606442	3.422198	6.229889
239	74	2.201248	0.572280	3.030259	5.803787
239	75	2.201248	0.490433	2.218140	4.909822
239	76	2.201248	0.566528	2.973188	5.740964
239	77	2.201248	0.596663	3.272199	6.070110
239	78	2.201248	0.584351	3.308927	6.094526
239	79	2.201248	0.461258	1.928647	4.591153
239	80	2.201248	0.474114	2.056212	4.731574
239	81	2.201248	0.524605	2.557209	5.283063
239	82	2.201248	0.547406	2.783445	5.532099
239	83	2.201248	0.550522	2.814372	5.566143
239	84	2.201248	0.551962	2.828655	5.581865
239	85	2.201248	0.586752	3.173858	5.961858
239	86	2.201248	0.524605	2.557209	5.283063
239	87	2.201248	0.528366	2.594523	5.324137
239	88	2.201248	0.425560	1.574430	4.201238
239	89	2.201248	0.550522	2.814372	5.566143
239	90	2.201248	0.481782	2.132293	4.815323
239	91	2.201248	0.496854	2.281843	4.979945
239	92	2.201248	0.485058	2.164806	4.851113
239	93	2.201248	0.620196	3.505708	6.327152
239	94	2.201248	0.470125	2.016632	4.688005
239	95	2.201248	0.551839	2.827437	5.580525
239	96	2.201248	0.470125	2.016632	4.688005
239	97	2.201248	0.486974	2.183816	4.872038
239	98	2.201248	0.482603	2.352294	5.036145
239	99	2.201248	0.551962	2.828655	5.581865
240	0	2.347458	0.557211	2.880741	5.785410
240	1	2.347458	0.472724	2.042420	4.862602
240	2	2.347458	0.436900	1.686952	4.471310
240	3	2.347458	0.490047	2.214309	5.051814
240	4	2.347458	0.573669	3.097008	6.018134
240	5	2.347458	0.436900	1.686952	4.471310
240	6	2.347458	0.520363	2.515113	5.382933
240	7	2.347458	0.485329	2.167493	5.000280
240	8	2.347458	0.520523	2.516703	5.384683
240	9	2.347458	0.464264	2.329223	5.140945
240	10	2.347458	0.488124	2.195228	5.030810
240	11	2.347458	0.580667	3.113485	6.041610
240	12	2.347458	0.479648	2.111123	4.938229
240	13	2.347458	0.622366	3.527245	6.497068
240	14	2.347458	0.569116	2.998864	5.915437
240	15	2.347458	0.489563	2.209499	5.046519
240	16	2.347458	0.539811	2.708089	5.595357
240	17	2.347458	0.454418	1.860773	4.662649
240	18	2.347458	0.496477	2.278103	5.122038
240	19	2.347458	0.454418	1.860773	4.662649
240	20	2.347458	0.603849	3.396465	6.347772
240	21	2.347458	0.507883	2.391279	5.246620
240	22	2.347458	0.456906	1.885464	4.689827
240	23	2.347458	0.561153	2.919852	5.828463
240	24	2.347458	0.518730	2.498915	5.365102
240	25	2.347458	0.427716	1.595825	4.370999
240	26	2.347458	0.487351	2.187556	5.022365
240	27	2.347458	0.598137	3.286830	6.232425
240	28	2.347458	0.401706	1.337739	4.086902
240	29	2.347458	0.576288	3.070032	5.993778
240	30	2.347458	0.479648	2.111123	4.938229
240	31	2.347458	0.488124	2.195228	5.030810
240	32	2.347458	0.520363	2.515113	5.382933
240	33	2.347458	0.479648	2.111123	4.938229
240	34	2.347458	0.552334	2.832345	5.732137
240	35	2.347458	0.596043	3.266047	6.209547
240	36	2.347458	0.436900	1.686952	4.471310
240	37	2.347458	0.582545	3.132114	6.062116
240	38	2.347458	0.558312	2.891669	5.797439
240	39	2.347458	0.463662	2.535101	5.346220
240	40	2.347458	0.518831	2.499918	5.366207
240	41	2.347458	0.551071	2.819818	5.718346
240	42	2.347458	0.415246	1.472096	4.234800
240	43	2.347458	0.520575	2.517222	5.385255
240	44	2.347458	0.484874	2.162981	4.995313
240	45	2.347458	0.569161	3.158207	6.074826
240	46	2.347458	0.571963	3.027120	5.946541
240	47	2.347458	0.466040	1.976096	4.789594
240	48	2.347458	0.463790	1.953769	4.765016
240	49	2.347458	0.521219	2.523606	5.392283
240	50	2.347458	0.504160	2.354342	5.205959
240	51	2.347458	0.533369	2.644167	5.524993
240	52	2.347458	0.539404	2.704052	5.590914
240	53	2.347458	0.561153	2.919852	5.828463
240	54	2.347458	0.578108	3.088092	6.013658
240	55	2.347458	0.463790	1.953769	4.765016
240	56	2.347458	0.547575	2.785125	5.680158
240	57	2.347458	0.535983	2.670102	5.553543
240	58	2.347458	0.504160	2.354342	5.205959
240	59	2.347458	0.487351	2.187556	5.022365
240	60	2.347458	0.535983	2.670102	5.553543
240	61	2.347458	0.521289	2.895053	5.763800
240	62	2.347458	0.401706	1.337739	4.086902
240	63	2.347458	0.597861	3.284093	6.229412
240	64	2.347458	0.574528	3.105530	6.027516
240	65	2.347458	0.485329	2.167493	5.000280
240	66	2.347458	0.529432	2.605101	5.481991
240	67	2.347458	0.603849	3.396465	6.347772
240	68	2.347458	0.540498	2.714908	5.602864
240	69	2.347458	0.539404	2.704052	5.590914
240	70	2.347458	0.539404	2.704052	5.590914
240	71	2.347458	0.438901	1.706806	4.493165
240	72	2.347458	0.498961	2.302759	5.149178
240	73	2.347458	0.518508	2.867459	5.733425
240	74	2.347458	0.472803	2.043202	4.863463
240	75	2.347458	0.489563	2.209499	5.046519
240	76	2.347458	0.539956	2.709529	5.596942
240	77	2.347458	0.513606	2.448070	5.309133
240	78	2.347458	0.521219	2.523606	5.392283
240	79	2.347458	0.481160	2.126128	4.954746
240	80	2.347458	0.492967	2.243275	5.083699
240	81	2.347458	0.560148	2.909886	5.817492
240	82	2.347458	0.558312	2.891669	5.797439
240	83	2.347458	0.479648	2.111123	4.938229
240	84	2.347458	0.456906	1.885464	4.689827
240	85	2.347458	0.502783	2.340675	5.190915
240	86	2.347458	0.495753	2.270927	5.114138
240	87	2.347458	0.456906	1.885464	4.689827
240	88	2.347458	0.539404	2.704052	5.590914
240	89	2.347458	0.576242	3.069578	5.993277
240	90	2.347458	0.481160	2.126128	4.954746
240	91	2.347458	0.463790	1.953769	4.765016
240	92	2.347458	0.576242	3.069578	5.993277
240	93	2.347458	0.482303	2.137462	4.967222
240	94	2.347458	0.461199	1.928063	4.736719
240	95	2.347458	0.482303	2.137462	4.967222
240	96	2.347458	0.561895	3.033149	5.942502
240	97	2.347458	0.454418	1.860773	4.662649
240	98	2.347458	0.431073	1.629132	4.407662
240	99	2.347458	0.504160	2.354342	5.205959
241	0	2.261924	0.518013	2.756621	5.536559
241	1	2.261924	0.526498	2.575987	5.364409
241	2	2.261924	0.554211	2.850975	5.667111
241	3	2.261924	0.552012	2.882114	5.696050
241	4	2.261924	0.554211	2.850975	5.667111
241	5	2.261924	0.566842	2.976305	5.805072
241	6	2.261924	0.560336	2.911747	5.734007
241	7	2.261924	0.473844	2.053529	4.789298
241	8	2.261924	0.547562	2.784994	5.594480
241	9	2.261924	0.559497	2.903418	5.724839
241	10	2.261924	0.568638	2.994126	5.824688
241	11	2.261924	0.544738	2.756977	5.563639
241	12	2.261924	0.411571	1.435631	4.109127
241	13	2.261924	0.569115	3.104780	5.935819
241	14	2.261924	0.497654	2.289786	5.049364
241	15	2.261924	0.528214	2.593021	5.383159
241	16	2.261924	0.531681	2.627418	5.421023
241	17	2.261924	0.560336	2.911747	5.734007
241	18	2.261924	0.433081	2.337592	5.032598
241	19	2.261924	0.566842	2.976305	5.805072
241	20	2.261924	0.550098	2.810166	5.622189
241	21	2.261924	0.554211	2.850975	5.667111
241	22	2.261924	0.551509	2.824161	5.637594
241	23	2.261924	0.490144	2.215270	4.967338
241	24	2.261924	0.528604	2.596883	5.387411
241	25	2.261924	0.541653	2.726366	5.529944
241	26	2.261924	0.575981	3.225873	6.063778
241	27	2.261924	0.559497	2.903418	5.724839
241	28	2.261924	0.497654	2.289786	5.049364
241	29	2.261924	0.598818	3.293581	6.154323
241	30	2.261924	0.411571	1.435631	4.109127
241	31	2.261924	0.560336	2.911747	5.734007
241	32	2.261924	0.574015	3.047479	5.883418
241	33	2.261924	0.530524	2.615943	5.408391
241	34	2.261924	0.635075	3.653341	6.550340
241	35	2.261924	0.531233	2.622970	5.416127
241	36	2.261924	0.586934	3.175663	6.024521
241	37	2.261924	0.574015	3.047479	5.883418
241	38	2.261924	0.566355	2.971475	5.799755
241	39	2.261924	0.490144	2.215270	4.967338
241	40	2.261924	0.591526	3.221229	6.074680
241	41	2.261924	0.478622	2.100943	4.841490
241	42	2.261924	0.561769	3.031892	5.855585
241	43	2.261924	0.582867	3.135312	5.980103
241	44	2.261924	0.498400	2.826828	5.587152
241	45	2.261924	0.535816	2.668450	5.466190
241	46	2.261924	0.497654	2.289786	5.049364
241	47	2.261924	0.584631	3.205777	6.052332
241	48	2.261924	0.515403	2.783678	5.561005
241	49	2.261924	0.434998	1.668085	4.365008
241	50	2.261924	0.466285	1.978528	4.706737
241	51	2.261924	0.527380	2.584737	5.374041
241	52	2.261924	0.500770	2.320706	5.083400
241	53	2.261924	0.551377	2.822851	5.636152
241	54	2.261924	0.481286	2.127373	4.870583
241	55	2.261924	0.531681	2.627418	5.421023
241	56	2.261924	0.500770	2.320706	5.083400
241	57	2.261924	0.552704	2.836016	5.650644
241	58	2.261924	0.443982	1.757229	4.463135
241	59	2.261924	0.527314	2.584082	5.373320
241	60	2.261924	0.564986	2.957888	5.784799
241	61	2.261924	0.606822	3.373004	6.241750
241	62	2.261924	0.473844	2.053529	4.789298
241	63	2.261924	0.551270	2.821793	5.634987
241	64	2.261924	0.472816	2.043327	4.778066
241	65	2.261924	0.466285	1.978528	4.706737
241	66	2.261924	0.535816	2.668450	5.466190
241	67	2.261924	0.512574	2.437828	5.212326
241	68	2.261924	0.480821	2.122757	4.865502
241	69	2.261924	0.489836	2.212212	4.963972
241	70	2.261924	0.618763	3.491488	6.372175
241	71	2.261924	0.541653	2.726366	5.529944
241	72	2.261924	0.547562	2.784994	5.594480
241	73	2.261924	0.512878	2.440843	5.215645
241	74	2.261924	0.598818	3.293581	6.154323
241	75	2.261924	0.478622	2.100943	4.841490
241	76	2.261924	0.600305	3.308339	6.170568
241	77	2.261924	0.575981	3.225873	6.063778
241	78	2.261924	0.574015	3.047479	5.883418
241	79	2.261924	0.507704	2.389502	5.159130
241	80	2.261924	0.450442	1.821326	4.533693
241	81	2.261924	0.481286	2.127373	4.870583
241	82	2.261924	0.544738	2.756977	5.563639
241	83	2.261924	0.552704	2.836016	5.650644
241	84	2.261924	0.566842	2.976305	5.805072
241	85	2.261924	0.559497	2.903418	5.724839
241	86	2.261924	0.566355	2.971475	5.799755
241	87	2.261924	0.443087	1.748343	4.453354
241	88	2.261924	0.474044	2.055515	4.791484
241	89	2.261924	0.523376	2.545013	5.330314
241	90	2.261924	0.450442	1.821326	4.533693
241	91	2.261924	0.527314	2.584082	5.373320
241	92	2.261924	0.564986	2.957888	5.784799
241	93	2.261924	0.497654	2.289786	5.049364
241	94	2.261924	0.547267	2.782074	5.591265
241	95	2.261924	0.527314	2.584082	5.373320
241	96	2.261924	0.568638	2.994126	5.824688
241	97	2.261924	0.472816	2.043327	4.778066
241	98	2.261924	0.525897	2.570025	5.357846
241	99	2.261924	0.574010	3.047428	5.883362
242	0	2.234811	0.438831	1.706118	4.379760
242	1	2.234811	0.454480	1.861388	4.550679
242	2	2.234811	0.550328	2.812439	5.597578
242	3	2.234811	0.423933	1.558289	4.217034
242	4	2.234811	0.585946	3.165864	5.986622
242	5	2.234811	0.572862	3.036036	5.843709
242	6	2.234811	0.557938	2.887950	5.680699
242	7	2.234811	0.497262	2.762565	5.494638
242	8	2.234811	0.553500	3.267623	6.055934
242	9	2.234811	0.533394	2.644420	5.412626
242	10	2.234811	0.573718	3.044531	5.853060
242	11	2.234811	0.485824	2.172400	4.893036
242	12	2.234811	0.512806	2.440133	5.187751
242	13	2.234811	0.559346	2.901926	5.696083
242	14	2.234811	0.572445	3.031902	5.839159
242	15	2.234811	0.476944	2.084290	4.796045
242	16	2.234811	0.606466	3.369475	6.210752
242	17	2.234811	0.533394	2.644420	5.412626
242	18	2.234811	0.507873	2.391180	5.133864
242	19	2.234811	0.502748	2.340326	5.077885
242	20	2.234811	0.495006	2.263513	4.993330
242	21	2.234811	0.542584	2.735602	5.512997
242	22	2.234811	0.527294	2.583893	5.345999
242	23	2.234811	0.482615	2.140559	4.857985
242	24	2.234811	0.583591	3.142497	5.960900
242	25	2.234811	0.502725	2.340106	5.077643
242	26	2.234811	0.454480	1.861388	4.550679
242	27	2.234811	0.575653	3.063734	5.874198
242	28	2.234811	0.620750	3.511207	6.366768
242	29	2.234811	0.548024	2.789579	5.572414
242	30	2.234811	0.509220	2.404546	5.148577
242	31	2.234811	0.568628	2.994024	5.797463
242	32	2.234811	0.482615	2.140559	4.857985
242	33	2.234811	0.477022	2.085068	4.796902
242	34	2.234811	0.610310	3.513537	6.358658
242	35	2.234811	0.539259	2.702610	5.476681
242	36	2.234811	0.568628	2.994024	5.797463
242	37	2.234811	0.543006	2.951649	5.729467
242	38	2.234811	0.584115	3.147690	5.966616
242	39	2.234811	0.568628	2.994024	5.797463
242	40	2.234811	0.542667	2.736432	5.513911
242	41	2.234811	0.410776	1.427740	4.073328
242	42	2.234811	0.471630	2.031564	4.738005
242	43	2.234811	0.410776	1.427740	4.073328
242	44	2.234811	0.533167	2.642164	5.410143
242	45	2.234811	0.577843	3.085456	5.898110
242	46	2.234811	0.483818	2.152497	4.871126
242	47	2.234811	0.576873	3.128804	5.940488
242	48	2.234811	0.502748	2.340326	5.077885
242	49	2.234811	0.565519	2.963173	5.763503
242	50	2.234811	0.489593	2.209798	4.934202
242	51	2.234811	0.571623	3.023741	5.830175
242	52	2.234811	0.497366	2.286926	5.019103
242	53	2.234811	0.530144	2.612172	5.377128
242	54	2.234811	0.620835	3.512051	6.367697
242	55	2.234811	0.483728	2.151604	4.870144
242	56	2.234811	0.530144	2.612172	5.377128
242	57	2.234811	0.584115	3.147690	5.966616
242	58	2.234811	0.572445	3.031902	5.839159
242	59	2.234811	0.547587	3.050064	5.832463
242	60	2.234811	0.592730	3.233177	6.060718
242	61	2.234811	0.477318	2.088000	4.800129
242	62	2.234811	0.477022	2.085068	4.796902
242	63	2.234811	0.492616	2.239795	4.967223
242	64	2.234811	0.572262	3.030085	5.837158
242	65	2.234811	0.477318	2.088000	4.800129
242	66	2.234811	0.525131	2.721316	5.481258
242	67	2.234811	0.568327	2.991039	5.794177
242	68	2.234811	0.530144	2.612172	5.377128
242	69	2.234811	0.438831	1.706118	4.379760
242	70	2.234811	0.423933	1.558289	4.217034
242	71	2.234811	0.539259	2.702610	5.476681
242	72	2.234811	0.572262	3.030085	5.837158
242	73	2.234811	0.579155	3.098483	5.912450
242	74	2.234811	0.557938	2.887950	5.680699
242	75	2.234811	0.489456	2.208440	4.932707
242	76	2.234811	0.479872	2.113342	4.828025
242	77	2.234811	0.533167	2.642164	5.410143
242	78	2.234811	0.495006	2.263513	4.993330
242	79	2.234811	0.477022	2.085068	4.796902
242	80	2.234811	0.550328	2.812439	5.597578
242	81	2.234811	0.572862	3.036036	5.843709
242	82	2.234811	0.542667	2.736432	5.513911
242	83	2.234811	0.509220	2.404546	5.148577
242	84	2.234811	0.533167	2.642164	5.410143
242	85	2.234811	0.579155	3.098483	5.912450
242	86	2.234811	0.479872	2.113342	4.828025
242	87	2.234811	0.485824	2.172400	4.893036
242	88	2.234811	0.604690	3.351847	6.191348
242	89	2.234811	0.501791	2.330832	5.067434
242	90	2.234811	0.477318	2.088000	4.800129
242	91	2.234811	0.577843	3.085456	5.898110
242	92	2.234811	0.620750	3.511207	6.366768
242	93	2.234811	0.480571	2.649918	5.365300
242	94	2.234811	0.572862	3.036036	5.843709
242	95	2.234811	0.507873	2.391180	5.133864
242	96	2.234811	0.481322	2.498482	5.214616
242	97	2.234811	0.476944	2.084290	4.796045
242	98	2.234811	0.497366	2.286926	5.019103
242	99	2.234811	0.492616	2.239795	4.967223
243	0	2.202267	0.423606	1.555040	4.180912
243	1	2.202267	0.581377	3.120522	5.904166
243	2	2.202267	0.498623	2.299405	5.000295
243	3	2.202267	0.335139	1.630576	4.167981
243	4	2.202267	0.501888	2.331794	5.035948
243	5	2.202267	0.508503	2.397436	5.108206
243	6	2.202267	0.556837	2.877026	5.636129
243	7	2.202267	0.439711	1.714844	4.356821
243	8	2.202267	0.599965	3.304964	6.107195
243	9	2.202267	0.536214	2.672394	5.410874
243	10	2.202267	0.594128	3.247045	6.043439
243	11	2.202267	0.459443	1.910635	4.572344
243	12	2.202267	0.581377	3.120522	5.904166
243	13	2.202267	0.559437	2.902823	5.664526
243	14	2.202267	0.564293	2.951009	5.717569
243	15	2.202267	0.565065	2.958669	5.726001
243	16	2.202267	0.555056	2.859356	5.616679
243	17	2.202267	0.570952	3.017084	5.790302
243	18	2.202267	0.524786	2.559001	5.286054
243	19	2.202267	0.541631	2.726152	5.470050
243	20	2.202267	0.501888	2.331794	5.035948
243	21	2.202267	0.498623	2.299405	5.000295
243	22	2.202267	0.564293	2.951009	5.717569
243	23	2.202267	0.565065	2.958669	5.726001
243	24	2.202267	0.524786	2.559001	5.286054
243	25	2.202267	0.535035	2.660695	5.397996
243	26	2.202267	0.594926	3.254971	6.052164
243	27	2.202267	0.561146	3.078678	5.842091
243	28	2.202267	0.478150	2.096259	4.776676
243	29	2.202267	0.594601	3.251741	6.048609
243	30	2.202267	0.546762	2.777057	5.526085
243	31	2.202267	0.566201	2.969939	5.738406
243	32	2.202267	0.411495	1.434870	4.048631
243	33	2.202267	0.590608	3.212119	6.004994
243	34	2.202267	0.477089	2.085731	4.765087
243	35	2.202267	0.576225	3.069404	5.847895
243	36	2.202267	0.501010	2.323081	5.026357
243	37	2.202267	0.594601	3.251741	6.048609
243	38	2.202267	0.498623	2.299405	5.000295
243	39	2.202267	0.411495	1.434870	4.048631
243	40	2.202267	0.557929	2.887861	5.648056
243	41	2.202267	0.571414	3.021672	5.795353
243	42	2.202267	0.423606	1.555040	4.180912
243	43	2.202267	0.459746	1.913646	4.575659
243	44	2.202267	0.546573	2.934077	5.682917
243	45	2.202267	0.468400	1.999508	4.670174
243	46	2.202267	0.573628	3.043639	5.819534
243	47	2.202267	0.570952	3.017084	5.790302
243	48	2.202267	0.566869	2.976576	5.745712
243	49	2.202267	0.579379	3.100700	5.882346
243	50	2.202267	0.559125	2.899736	5.661129
243	51	2.202267	0.489920	2.213049	4.905236
243	52	2.202267	0.536214	2.672394	5.410874
243	53	2.202267	0.519553	2.507076	5.228895
243	54	2.202267	0.441854	2.424634	5.068754
243	55	2.202267	0.489920	2.213049	4.905236
243	56	2.202267	0.590608	3.212119	6.004994
243	57	2.202267	0.558430	2.892836	5.653533
243	58	2.202267	0.544100	2.750644	5.497011
243	59	2.202267	0.612622	3.430552	6.245440
243	60	2.202267	0.594128	3.247045	6.043439
243	61	2.202267	0.544100	2.750644	5.497011
243	62	2.202267	0.478150	2.096259	4.776676
243	63	2.202267	0.566201	2.969939	5.738406
243	64	2.202267	0.540329	2.713229	5.455824
243	65	2.202267	0.483965	2.577666	5.263898
243	66	2.202267	0.478150	2.096259	4.776676
243	67	2.202267	0.507828	2.390742	5.100837
243	68	2.202267	0.590608	3.212119	6.004994
243	69	2.202267	0.411495	1.434870	4.048631
243	70	2.202267	0.579379	3.100700	5.882346
243	71	2.202267	0.551860	2.986534	5.740660
243	72	2.202267	0.480391	2.118494	4.801151
243	73	2.202267	0.403894	2.100948	4.707109
243	74	2.202267	0.538802	2.698072	5.439141
243	75	2.202267	0.489920	2.213049	4.905236
243	76	2.202267	0.510129	2.413573	5.125969
243	77	2.202267	0.546573	2.934077	5.682917
243	78	2.202267	0.546762	2.777057	5.526085
243	79	2.202267	0.436532	2.318871	4.957670
243	80	2.202267	0.602986	3.334941	6.140194
243	81	2.202267	0.566869	2.976576	5.745712
243	82	2.202267	0.535035	2.660695	5.397996
243	83	2.202267	0.500818	2.321179	5.024264
243	84	2.202267	0.468400	1.999508	4.670174
243	85	2.202267	0.488631	2.200258	4.891156
243	86	2.202267	0.518629	2.497913	5.218809
243	87	2.202267	0.540329	2.713229	5.455824
243	88	2.202267	0.498166	2.294863	4.995295
243	89	2.202267	0.489503	2.208905	4.900674
243	90	2.202267	0.489898	2.212824	4.904988
243	91	2.202267	0.468400	1.999508	4.670174
243	92	2.202267	0.423606	1.555040	4.180912
243	93	2.202267	0.553736	2.846259	5.602262
243	94	2.202267	0.442993	1.747415	4.392675
243	95	2.202267	0.439711	1.714844	4.356821
243	96	2.202267	0.498166	2.294863	4.995295
243	97	2.202267	0.546762	2.777057	5.526085
243	98	2.202267	0.477089	2.085731	4.765087
243	99	2.202267	0.466811	1.983751	4.652829
244	0	2.077658	0.451566	1.832480	4.361704
244	1	2.077658	0.414277	1.462482	3.954417
244	2	2.077658	0.581535	3.122095	5.781288
244	3	2.077658	0.518518	2.496806	5.092981
244	4	2.077658	0.500350	2.316533	4.894540
244	5	2.077658	0.622596	3.529527	6.229781
244	6	2.077658	0.518008	2.491747	5.087412
244	7	2.077658	0.497759	2.290824	4.866240
244	8	2.077658	0.505494	2.367574	4.950725
244	9	2.077658	0.446385	1.781071	4.305114
244	10	2.077658	0.625988	3.563181	6.266827
244	11	2.077658	0.505494	2.367574	4.950725
244	12	2.077658	0.529249	2.709218	5.316125
244	13	2.077658	0.498371	2.296895	4.872923
244	14	2.077658	0.593460	3.240420	5.911538
244	15	2.077658	0.544214	2.751781	5.373653
244	16	2.077658	0.565896	2.966918	5.610471
244	17	2.077658	0.497759	2.290824	4.866240
244	18	2.077658	0.647707	3.778688	6.504053
244	19	2.077658	0.503125	2.344068	4.924850
244	20	2.077658	0.505494	2.367574	4.950725
244	21	2.077658	0.518008	2.491747	5.087412
244	22	2.077658	0.530839	2.619063	5.227560
244	23	2.077658	0.581263	3.225320	5.884240
244	24	2.077658	0.550077	2.968842	5.596576
244	25	2.077658	0.542060	2.730407	5.350125
244	26	2.077658	0.565896	2.966918	5.610471
244	27	2.077658	0.544898	2.758567	5.381123
244	28	2.077658	0.488026	2.512038	5.077722
244	29	2.077658	0.489578	2.580393	5.147629
244	30	2.077658	0.583647	3.143054	5.804359
244	31	2.077658	0.596774	3.273306	5.947738
244	32	2.077658	0.594747	3.253194	5.925599
244	33	2.077658	0.515513	2.466991	5.060162
244	34	2.077658	0.583647	3.143054	5.804359
244	35	2.077658	0.589487	3.201001	5.868146
244	36	2.077658	0.585541	3.161843	5.825041
244	37	2.077658	0.414277	1.462482	3.954417
244	38	2.077658	0.539884	2.708812	5.326354
244	39	2.077658	0.500840	2.321396	4.899893
244	40	2.077658	0.613004	3.434349	6.125011
244	41	2.077658	0.568121	2.988997	5.634776
244	42	2.077658	0.544214	2.751781	5.373653
244	43	2.077658	0.595097	3.256666	5.929420
244	44	2.077658	0.538463	2.694710	5.310830
244	45	2.077658	0.604648	3.351435	6.033741
244	46	2.077658	0.487992	2.193916	4.759566
244	47	2.077658	0.587085	3.177162	5.841904
244	48	2.077658	0.523087	2.542147	5.142892
244	49	2.077658	0.482740	2.565510	5.125907
244	50	2.077658	0.487440	2.188436	4.753533
244	51	2.077658	0.550333	2.812493	5.440484
244	52	2.077658	0.472355	2.038760	4.588773
244	53	2.077658	0.585241	3.158864	5.821763
244	54	2.077658	0.617393	3.477892	6.172942
244	55	2.077658	0.544898	2.758567	5.381123
244	56	2.077658	0.526635	2.683278	5.287570
244	57	2.077658	0.617393	3.477892	6.172942
244	58	2.077658	0.503125	2.344068	4.924850
244	59	2.077658	0.585241	3.158864	5.821763
244	60	2.077658	0.501093	2.323905	4.902656
244	61	2.077658	0.517656	2.488256	5.083569
244	62	2.077658	0.492724	2.240866	4.811247
244	63	2.077658	0.544898	2.758567	5.381123
244	64	2.077658	0.535800	2.774212	5.387670
244	65	2.077658	0.604648	3.351435	6.033741
244	66	2.077658	0.487992	2.193916	4.759566
244	67	2.077658	0.568899	2.996713	5.643269
244	68	2.077658	0.625988	3.563181	6.266827
244	69	2.077658	0.446385	1.781071	4.305114
244	70	2.077658	0.570123	3.008864	5.656645
244	71	2.077658	0.585541	3.161843	5.825041
244	72	2.077658	0.511230	2.424497	5.013384
244	73	2.077658	0.498371	2.296895	4.872923
244	74	2.077658	0.550077	2.968842	5.596576
244	75	2.077658	0.475725	2.072191	4.625574
244	76	2.077658	0.539884	2.708812	5.326354
244	77	2.077658	0.574687	3.054144	5.706489
244	78	2.077658	0.484616	2.160413	4.722686
244	79	2.077658	0.487440	2.188436	4.753533
244	80	2.077658	0.544330	2.752930	5.374917
244	81	2.077658	0.605060	3.355524	6.038242
244	82	2.077658	0.545188	2.761442	5.384288
244	83	2.077658	0.536130	2.671560	5.285347
244	84	2.077658	0.487992	2.193916	4.759566
244	85	2.077658	0.451566	1.832480	4.361704
244	86	2.077658	0.563705	2.945180	5.586544
244	87	2.077658	0.502484	2.337713	4.917855
244	88	2.077658	0.472355	2.038760	4.588773
244	89	2.077658	0.532701	2.637538	5.247897
244	90	2.077658	0.505494	2.367574	4.950725
244	91	2.077658	0.515513	2.466991	5.060162
244	92	2.077658	0.555582	2.864573	5.497813
244	93	2.077658	0.610678	3.464229	6.152565
244	94	2.077658	0.551805	2.827103	5.456566
244	95	2.077658	0.551805	2.827103	5.456566
244	96	2.077658	0.596774	3.273306	5.947738
244	97	2.077658	0.487992	2.193916	4.759566
244	98	2.077658	0.550333	2.812493	5.440484
244	99	2.077658	0.555582	2.864573	5.497813
245	0	2.061291	0.569442	3.002106	5.632839
245	1	2.061291	0.613603	3.440292	6.115186
245	2	2.061291	0.471513	2.030402	4.563206
245	3	2.061291	0.480978	2.124318	4.666586
245	4	2.061291	0.493232	2.245908	4.800431
245	5	2.061291	0.480978	2.124318	4.666586
245	6	2.061291	0.521422	2.525626	5.108338
245	7	2.061291	0.493232	2.245908	4.800431
245	8	2.061291	0.552783	2.836800	5.450873
245	9	2.061291	0.598929	3.294690	5.954909
245	10	2.061291	0.550665	2.974682	5.586638
245	11	2.061291	0.553828	2.847173	5.462292
245	12	2.061291	0.551780	2.826855	5.439926
245	13	2.061291	0.467119	1.986803	4.515212
245	14	2.061291	0.476870	2.083558	4.621719
245	15	2.061291	0.536189	2.672149	5.269628
245	16	2.061291	0.437178	1.689711	4.188180
245	17	2.061291	0.471513	2.030402	4.563206
245	18	2.061291	0.481134	2.125865	4.668289
245	19	2.061291	0.440474	1.722419	4.224184
245	20	2.061291	0.540216	2.870995	5.472502
245	21	2.061291	0.623285	3.536356	6.220931
245	22	2.061291	0.579402	3.312786	5.953479
245	23	2.061291	0.598929	3.294690	5.954909
245	24	2.061291	0.538426	2.694351	5.294068
245	25	2.061291	0.465969	1.975389	4.502649
245	26	2.061291	0.492693	2.240564	4.794548
245	27	2.061291	0.467119	1.986803	4.515212
245	28	2.061291	0.610925	3.413721	6.085937
245	29	2.061291	0.588575	3.244917	5.894783
245	30	2.061291	0.426841	1.587144	4.075276
245	31	2.061291	0.541142	2.721296	5.323729
245	32	2.061291	0.553828	2.847173	5.462292
245	33	2.061291	0.566638	2.974283	5.602212
245	34	2.061291	0.569442	3.002106	5.632839
245	35	2.061291	0.558220	2.890750	5.510260
245	36	2.061291	0.465969	1.975389	4.502649
245	37	2.061291	0.566638	2.974283	5.602212
245	38	2.061291	0.533134	2.641839	5.236264
245	39	2.061291	0.554034	2.849216	5.464541
245	40	2.061291	0.597018	3.275727	5.934036
245	41	2.061291	0.553108	2.840027	5.454425
245	42	2.061291	0.598929	3.294690	5.954909
245	43	2.061291	0.511698	2.429141	5.002130
245	44	2.061291	0.492241	2.236077	4.789608
245	45	2.061291	0.492241	2.236077	4.789608
245	46	2.061291	0.602152	3.326666	5.990109
245	47	2.061291	0.530817	2.830697	5.422804
245	48	2.061291	0.571496	3.022484	5.655271
245	49	2.061291	0.495784	2.271232	4.828307
245	50	2.061291	0.486685	2.180951	4.728927
245	51	2.061291	0.546706	2.776502	5.384499
245	52	2.061291	0.531400	2.624629	5.217320
245	53	2.061291	0.555534	2.864097	5.480921
245	54	2.061291	0.491073	2.224483	4.776847
245	55	2.061291	0.531400	2.624629	5.217320
245	56	2.061291	0.542892	2.738662	5.342845
245	57	2.061291	0.492693	2.240564	4.794548
245	58	2.061291	0.477556	2.090368	4.629215
245	59	2.061291	0.548154	2.790875	5.400320
245	60	2.061291	0.507595	2.388422	4.957307
245	61	2.061291	0.495660	2.270002	4.826953
245	62	2.061291	0.541142	2.721296	5.323729
245	63	2.061291	0.588763	3.299745	5.949799
245	64	2.061291	0.553108	2.840027	5.454425
245	65	2.061291	0.544017	2.749819	5.355126
245	66	2.061291	0.491073	2.224483	4.776847
245	67	2.061291	0.558220	2.890750	5.510260
245	68	2.061291	0.503340	2.346205	4.910836
245	69	2.061291	0.454648	1.863062	4.379001
245	70	2.061291	0.475242	2.438145	4.974678
245	71	2.061291	0.531748	2.628082	5.221120
245	72	2.061291	0.531400	2.624629	5.217320
245	73	2.061291	0.491073	2.224483	4.776847
245	74	2.061291	0.486685	2.180951	4.728927
245	75	2.061291	0.499462	2.307723	4.868476
245	76	2.061291	0.439012	2.237550	4.737853
245	77	2.061291	0.543925	3.013725	5.618941
245	78	2.061291	0.481134	2.125865	4.668289
245	79	2.061291	0.552783	2.836800	5.450873
245	80	2.061291	0.546706	2.776502	5.384499
245	81	2.061291	0.476870	2.083558	4.621719
245	82	2.061291	0.569442	3.002106	5.632839
245	83	2.061291	0.477556	2.090368	4.629215
245	84	2.061291	0.542233	2.732116	5.335639
245	85	2.061291	0.585353	3.159981	5.806625
245	86	2.061291	0.440474	1.722419	4.224184
245	87	2.061291	0.538426	2.694351	5.294068
245	88	2.061291	0.437178	1.689711	4.188180
245	89	2.061291	0.548154	2.790875	5.400320
245	90	2.061291	0.542892	2.738662	5.342845
245	91	2.061291	0.373209	1.955361	4.389861
245	92	2.061291	0.478402	2.098755	4.638447
245	93	2.061291	0.495784	2.271232	4.828307
245	94	2.061291	0.598929	3.294690	5.954909
245	95	2.061291	0.492241	2.236077	4.789608
245	96	2.061291	0.472379	2.038992	4.572661
245	97	2.061291	0.595577	3.261431	5.918299
245	98	2.061291	0.618791	3.491767	6.171848
245	99	2.061291	0.538426	2.694351	5.294068
246	0	2.135311	0.502502	2.337894	4.975708
246	1	2.135311	0.565511	2.963096	5.663919
246	2	2.135311	0.589307	3.199211	5.923829
246	3	2.135311	0.565419	2.962185	5.662916
246	4	2.135311	0.534411	2.654510	5.324232
246	5	2.135311	0.478246	2.573887	5.187444
246	6	2.135311	0.576629	3.073413	5.785353
246	7	2.135311	0.539240	2.702420	5.376971
246	8	2.135311	0.500086	2.313920	4.949317
246	9	2.135311	0.541920	2.729013	5.406245
246	10	2.135311	0.478880	2.103499	4.717690
246	11	2.135311	0.565511	2.963096	5.663919
246	12	2.135311	0.516068	2.472495	5.123874
246	13	2.135311	0.433953	2.240310	4.809573
246	14	2.135311	0.529765	2.608405	5.273481
246	15	2.135311	0.494013	2.253662	4.882986
246	16	2.135311	0.592289	3.228799	5.956399
246	17	2.135311	0.549912	2.808313	5.493536
246	18	2.135311	0.589307	3.199211	5.923829
246	19	2.135311	0.380731	2.030001	4.546043
246	20	2.135311	0.478880	2.103499	4.717690
246	21	2.135311	0.484011	2.525154	5.144476
246	22	2.135311	0.467120	1.986808	4.589239
246	23	2.135311	0.521272	2.524135	5.180718
246	24	2.135311	0.418147	1.500879	4.054338
246	25	2.135311	0.418147	1.500879	4.054338
246	26	2.135311	0.566110	2.969042	5.670463
246	27	2.135311	0.566110	2.969042	5.670463
246	28	2.135311	0.584441	3.150927	5.870679
246	29	2.135311	0.592289	3.228799	5.956399
246	30	2.135311	0.459834	1.914514	4.509659
246	31	2.135311	0.614107	3.445289	6.194708
246	32	2.135311	0.534411	2.654510	5.324232
246	33	2.135311	0.560776	2.916109	5.612196
246	34	2.135311	0.477799	2.092772	4.705882
246	35	2.135311	0.546041	2.769909	5.451262
246	36	2.135311	0.480749	2.122041	4.738101
246	37	2.135311	0.534411	2.654510	5.324232
246	38	2.135311	0.585253	3.158987	5.879551
246	39	2.135311	0.568853	2.996254	5.700417
246	40	2.135311	0.443737	1.754795	4.333843
246	41	2.135311	0.615778	3.461875	6.212965
246	42	2.135311	0.527773	3.012352	5.675436
246	43	2.135311	0.585703	3.163448	5.884462
246	44	2.135311	0.461563	2.514277	5.111152
246	45	2.135311	0.502502	2.337894	4.975708
246	46	2.135311	0.539240	2.702420	5.376971
246	47	2.135311	0.514958	2.461489	5.111759
246	48	2.135311	0.597556	3.281061	6.013928
246	49	2.135311	0.499543	2.308527	4.943381
246	50	2.135311	0.495992	2.273296	4.904600
246	51	2.135311	0.565167	2.959682	5.660160
246	52	2.135311	0.589195	3.198097	5.922602
246	53	2.135311	0.538580	2.695871	5.369763
246	54	2.135311	0.597556	3.281061	6.013928
246	55	2.135311	0.560776	2.916109	5.612196
246	56	2.135311	0.459834	1.914514	4.509659
246	57	2.135311	0.494013	2.253662	4.882986
246	58	2.135311	0.626640	3.569645	6.331596
246	59	2.135311	0.418147	1.500879	4.054338
246	60	2.135311	0.593243	3.291228	6.019782
246	61	2.135311	0.549912	2.808313	5.493536
246	62	2.135311	0.535272	2.663049	5.333632
246	63	2.135311	0.494013	2.253662	4.882986
246	64	2.135311	0.539240	2.702420	5.376971
246	65	2.135311	0.589195	3.198097	5.922602
246	66	2.135311	0.650158	3.803004	6.588473
246	67	2.135311	0.578912	3.096071	5.810295
246	68	2.135311	0.464094	1.956783	4.556187
246	69	2.135311	0.589307	3.199211	5.923829
246	70	2.135311	0.582237	3.287956	6.005505
246	71	2.135311	0.569513	3.002811	5.707636
246	72	2.135311	0.566110	2.969042	5.670463
246	73	2.135311	0.477799	2.092772	4.705882
246	74	2.135311	0.578912	3.096071	5.810295
246	75	2.135311	0.568853	2.996254	5.700417
246	76	2.135311	0.560776	2.916109	5.612196
246	77	2.135311	0.514958	2.461489	5.111759
246	78	2.135311	0.541920	2.729013	5.406245
246	79	2.135311	0.584315	3.149679	5.869305
246	80	2.135311	0.534411	2.654510	5.324232
246	81	2.135311	0.569513	3.002811	5.707636
246	82	2.135311	0.541920	2.729013	5.406245
246	83	2.135311	0.496767	2.280988	4.913066
246	84	2.135311	0.542639	2.895042	5.572992
246	85	2.135311	0.513532	2.447336	5.096180
246	86	2.135311	0.525602	2.567103	5.228017
246	87	2.135311	0.461046	2.350248	4.946605
246	88	2.135311	0.464094	1.956783	4.556187
246	89	2.135311	0.515013	2.462032	5.112356
246	90	2.135311	0.584315	3.149679	5.869305
246	91	2.135311	0.565167	2.959682	5.660160
246	92	2.135311	0.569513	3.002811	5.707636
246	93	2.135311	0.541920	2.729013	5.406245
246	94	2.135311	0.603802	3.343043	6.082157
246	95	2.135311	0.519232	2.503896	5.158439
246	96	2.135311	0.502502	2.337894	4.975708
246	97	2.135311	0.650158	3.803004	6.588473
246	98	2.135311	0.603802	3.343043	6.082157
246	99	2.135311	0.534411	2.654510	5.324232
247	0	2.279176	0.513814	2.450137	5.243127
247	1	2.279176	0.533408	2.644550	5.457133
247	2	2.279176	0.464271	1.958546	4.701993
247	3	2.279176	0.540385	2.713788	5.533349
247	4	2.279176	0.534584	2.921046	5.734806
247	5	2.279176	0.584658	3.153082	6.016916
247	6	2.279176	0.476402	2.078915	4.834493
247	7	2.279176	0.589039	3.196549	6.064763
247	8	2.279176	0.485656	2.170731	4.935562
247	9	2.279176	0.441991	1.737467	4.458633
247	10	2.279176	0.532311	2.633674	5.445161
247	11	2.279176	0.462123	1.937226	4.678524
247	12	2.279176	0.556913	2.877778	5.713866
247	13	2.279176	0.572951	3.036918	5.889044
247	14	2.279176	0.597441	3.279920	6.156537
247	15	2.279176	0.462123	1.937226	4.678524
247	16	2.279176	0.569748	3.005138	5.854061
247	17	2.279176	0.606529	3.370096	6.255801
247	18	2.279176	0.543766	2.747331	5.570272
247	19	2.279176	0.598574	3.291167	6.168916
247	20	2.279176	0.525015	2.561275	5.365465
247	21	2.279176	0.497478	2.288037	5.064690
247	22	2.279176	0.534309	2.653500	5.466985
247	23	2.279176	0.544711	2.756704	5.580591
247	24	2.279176	0.462776	2.473349	5.215301
247	25	2.279176	0.499703	2.310120	5.088999
247	26	2.279176	0.522948	2.540761	5.342884
247	27	2.279176	0.492129	2.234961	5.006265
247	28	2.279176	0.508792	2.400307	5.188275
247	29	2.279176	0.509516	2.407486	5.196178
247	30	2.279176	0.534309	2.653500	5.466985
247	31	2.279176	0.530450	2.615205	5.424830
247	32	2.279176	0.556913	2.877778	5.713866
247	33	2.279176	0.557314	2.881766	5.718256
247	34	2.279176	0.493650	2.250058	5.022884
247	35	2.279176	0.467114	1.986757	4.733047
247	36	2.279176	0.572072	3.028196	5.879443
247	37	2.279176	0.511598	2.428148	5.218921
247	38	2.279176	0.532311	2.633674	5.445161
247	39	2.279176	0.558907	3.162389	6.000471
247	40	2.279176	0.483726	2.151586	4.914488
247	41	2.279176	0.428481	2.291945	4.999602
247	42	2.279176	0.572072	3.028196	5.879443
247	43	2.279176	0.579679	3.103681	5.962535
247	44	2.279176	0.608962	3.394235	6.282372
247	45	2.279176	0.557314	2.881766	5.718256
247	46	2.279176	0.467546	1.991042	4.737764
247	47	2.279176	0.539679	2.706777	5.525632
247	48	2.279176	0.557761	2.939165	5.776102
247	49	2.279176	0.467114	1.986757	4.733047
247	50	2.279176	0.556527	2.873948	5.709650
247	51	2.279176	0.591376	3.219742	6.090293
247	52	2.279176	0.485656	2.170731	4.935562
247	53	2.279176	0.489014	2.204051	4.972240
247	54	2.279176	0.519817	2.774519	5.573512
247	55	2.279176	0.467114	1.986757	4.733047
247	56	2.279176	0.556913	2.877778	5.713866
247	57	2.279176	0.508792	2.400307	5.188275
247	58	2.279176	0.598574	3.291167	6.168916
247	59	2.279176	0.569511	3.002788	5.851474
247	60	2.279176	0.591376	3.219742	6.090293
247	61	2.279176	0.499154	2.304665	5.082994
247	62	2.279176	0.533724	2.647692	5.460592
247	63	2.279176	0.461888	1.934895	4.675958
247	64	2.279176	0.533408	2.644550	5.457133
247	65	2.279176	0.548650	2.795794	5.623620
247	66	2.279176	0.500756	2.320567	5.100499
247	67	2.279176	0.431092	1.629323	4.339590
247	68	2.279176	0.611212	3.416561	6.306949
247	69	2.279176	0.499154	2.304665	5.082994
247	70	2.279176	0.467732	1.992883	4.739790
247	71	2.279176	0.533724	2.647692	5.460592
247	72	2.279176	0.440832	1.725965	4.445972
247	73	2.279176	0.556949	3.142961	5.979086
247	74	2.279176	0.540385	2.713788	5.533349
247	75	2.279176	0.525015	2.561275	5.365465
247	76	2.279176	0.611212	3.416561	6.306949
247	77	2.279176	0.467114	1.986757	4.733047
247	78	2.279176	0.544711	2.756704	5.580591
247	79	2.279176	0.429258	1.611130	4.319563
247	80	2.279176	0.532311	2.633674	5.445161
247	81	2.279176	0.539679	2.706777	5.525632
247	82	2.279176	0.539679	2.706777	5.525632
247	83	2.279176	0.485656	2.170731	4.935562
247	84	2.279176	0.530450	2.615205	5.424830
247	85	2.279176	0.534487	2.867116	5.680779
247	86	2.279176	0.485686	2.171035	4.935897
247	87	2.279176	0.464271	1.958546	4.701993
247	88	2.279176	0.546861	2.778039	5.604075
247	89	2.279176	0.520874	2.520184	5.320234
247	90	2.279176	0.489014	2.204051	4.972240
247	91	2.279176	0.556949	3.142961	5.979086
247	92	2.279176	0.508792	2.400307	5.188275
247	93	2.279176	0.485329	2.167490	4.931995
247	94	2.279176	0.501486	2.327807	5.108468
247	95	2.279176	0.489014	2.204051	4.972240
247	96	2.279176	0.584658	3.153082	6.016916
247	97	2.279176	0.499703	2.310120	5.088999
247	98	2.279176	0.546294	2.931306	5.756776
247	99	2.279176	0.548650	2.795794	5.623620
248	0	2.250827	0.513691	2.448910	5.213427
248	1	2.250827	0.574088	3.048202	5.873117
248	2	2.250827	0.491552	2.547018	5.289397
248	3	2.250827	0.507460	2.387085	5.145371
248	4	2.250827	0.552644	2.835423	5.638894
248	5	2.250827	0.574015	3.206367	6.031209
248	6	2.250827	0.542376	2.733543	5.526746
248	7	2.250827	0.610023	3.404770	6.265620
248	8	2.250827	0.500740	2.320404	5.071971
248	9	2.250827	0.559172	2.900200	5.710199
248	10	2.250827	0.561822	2.926494	5.739143
248	11	2.250827	0.563140	2.939570	5.753537
248	12	2.250827	0.566679	2.974686	5.792192
248	13	2.250827	0.503833	2.351097	5.105756
248	14	2.250827	0.492181	2.235481	4.978489
248	15	2.250827	0.495990	2.273273	5.020090
248	16	2.250827	0.507988	2.869003	5.627819
248	17	2.250827	0.510264	2.414909	5.176000
248	18	2.250827	0.586256	3.168938	6.006021
248	19	2.250827	0.558245	2.891004	5.700076
248	20	2.250827	0.545273	2.762286	5.558386
248	21	2.250827	0.544976	2.759339	5.555141
248	22	2.250827	0.558914	2.897636	5.707377
248	23	2.250827	0.446211	2.467875	5.164914
248	24	2.250827	0.495990	2.273273	5.020090
248	25	2.250827	0.496657	2.279889	5.027372
248	26	2.250827	0.457789	1.894230	4.602846
248	27	2.250827	0.483734	2.151665	4.886226
248	28	2.250827	0.485968	2.173828	4.910622
248	29	2.250827	0.441347	1.731075	4.423249
248	30	2.250827	0.542376	2.733543	5.526746
248	31	2.250827	0.500740	2.320404	5.071971
248	32	2.250827	0.542376	2.733543	5.526746
248	33	2.250827	0.497356	2.604615	5.352798
248	34	2.250827	0.470436	2.019717	4.740980
248	35	2.250827	0.544976	2.759339	5.555141
248	36	2.250827	0.507231	2.384812	5.142869
248	37	2.250827	0.557698	2.885568	5.694092
248	38	2.250827	0.595164	3.257324	6.103314
248	39	2.250827	0.496206	2.275420	5.022453
248	40	2.250827	0.507460	2.387085	5.145371
248	41	2.250827	0.489843	2.212281	4.952951
248	42	2.250827	0.558245	2.891004	5.700076
248	43	2.250827	0.492764	2.241264	4.984855
248	44	2.250827	0.573016	3.143490	5.967333
248	45	2.250827	0.496206	2.275420	5.022453
248	46	2.250827	0.492181	2.235481	4.978489
248	47	2.250827	0.586320	3.169575	6.006722
248	48	2.250827	0.487494	2.188972	4.927293
248	49	2.250827	0.477028	2.085126	4.812981
248	50	2.250827	0.477028	2.085126	4.812981
248	51	2.250827	0.577074	3.077832	5.905734
248	52	2.250827	0.552644	2.835423	5.638894
248	53	2.250827	0.586320	3.169575	6.006722
248	54	2.250827	0.559172	2.900200	5.710199
248	55	2.250827	0.566008	2.968027	5.784862
248	56	2.250827	0.566008	2.968027	5.784862
248	57	2.250827	0.485371	2.167908	4.904105
248	58	2.250827	0.506778	2.380321	5.137926
248	59	2.250827	0.487494	2.188972	4.927293
248	60	2.250827	0.542794	2.737687	5.531308
248	61	2.250827	0.551212	2.821215	5.623254
248	62	2.250827	0.485046	2.164683	4.900556
248	63	2.250827	0.559172	2.900200	5.710199
248	64	2.250827	0.591888	3.224827	6.067543
248	65	2.250827	0.520073	2.830023	5.600923
248	66	2.250827	0.489843	2.212281	4.952951
248	67	2.250827	0.506778	2.380321	5.137926
248	68	2.250827	0.511362	2.425806	5.187995
248	69	2.250827	0.507231	2.384812	5.142869
248	70	2.250827	0.611555	3.419964	6.282346
248	71	2.250827	0.485410	2.168296	4.904533
248	72	2.250827	0.482970	2.144087	4.877884
248	73	2.250827	0.541469	2.830466	5.622761
248	74	2.250827	0.595439	3.260053	6.106318
248	75	2.250827	0.510264	2.414909	5.176000
248	76	2.250827	0.581105	3.117829	5.949761
248	77	2.250827	0.566008	2.968027	5.784862
248	78	2.250827	0.577074	3.077832	5.905734
248	79	2.250827	0.544976	2.759339	5.555141
248	80	2.250827	0.602010	3.325259	6.178096
248	81	2.250827	0.482970	2.144087	4.877884
248	82	2.250827	0.492181	2.235481	4.978489
248	83	2.250827	0.477908	2.093856	4.822591
248	84	2.250827	0.485410	2.168296	4.904533
248	85	2.250827	0.496657	2.279889	5.027372
248	86	2.250827	0.511362	2.425806	5.187995
248	87	2.250827	0.622763	3.531181	6.404771
248	88	2.250827	0.496657	2.279889	5.027372
248	89	2.250827	0.503833	2.351097	5.105756
248	90	2.250827	0.586256	3.168938	6.006021
248	91	2.250827	0.577074	3.077832	5.905734
248	92	2.250827	0.485968	2.173828	4.910622
248	93	2.250827	0.581105	3.117829	5.949761
248	94	2.250827	0.483734	2.151665	4.886226
248	95	2.250827	0.538349	2.746544	5.535720
248	96	2.250827	0.586256	3.168938	6.006021
248	97	2.250827	0.573977	3.047102	5.871906
248	98	2.250827	0.516192	2.738544	5.505563
248	99	2.250827	0.542376	2.733543	5.526746
249	0	2.297955	0.476308	2.077979	4.852241
249	1	2.297955	0.567806	2.985871	5.851632
249	2	2.297955	0.421499	2.275628	4.995082
249	3	2.297955	0.505755	2.370167	5.173876
249	4	2.297955	0.556195	2.923622	5.777771
249	5	2.297955	0.556195	2.923622	5.777771
249	6	2.297955	0.553324	2.842171	5.693450
249	7	2.297955	0.600545	3.310725	6.209225
249	8	2.297955	0.622713	3.530684	6.451352
249	9	2.297955	0.556656	2.875231	5.729842
249	10	2.297955	0.516842	2.480179	5.294975
249	11	2.297955	0.471995	2.035183	4.805132
249	12	2.297955	0.433619	1.654398	4.385971
249	13	2.297955	0.480739	2.121945	4.900639
249	14	2.297955	0.488583	2.199783	4.986321
249	15	2.297955	0.553324	2.842171	5.693450
249	16	2.297955	0.523046	2.541741	5.362741
249	17	2.297955	0.448384	1.800907	4.547246
249	18	2.297955	0.410537	1.425368	4.133859
249	19	2.297955	0.464790	1.963690	4.726435
249	20	2.297955	0.424925	1.568135	4.291015
249	21	2.297955	0.433619	1.654398	4.385971
249	22	2.297955	0.482470	2.139123	4.919548
249	23	2.297955	0.599908	3.304403	6.202266
249	24	2.297955	0.622713	3.530684	6.451352
249	25	2.297955	0.495736	2.270753	5.064443
249	26	2.297955	0.448384	1.800907	4.547246
249	27	2.297955	0.422839	1.547432	4.268225
249	28	2.297955	0.487141	2.185474	4.970570
249	29	2.297955	0.487141	2.185474	4.970570
249	30	2.297955	0.581733	3.124062	6.003750
249	31	2.297955	0.575786	3.065047	5.938788
249	32	2.297955	0.490111	2.214944	5.003010
249	33	2.297955	0.439771	2.139152	4.876878
249	34	2.297955	0.525339	2.564485	5.387778
249	35	2.297955	0.598343	3.394798	6.291096
249	36	2.297955	0.579883	3.105705	5.983543
249	37	2.297955	0.527340	2.584343	5.409638
249	38	2.297955	0.501661	2.329547	5.129163
249	39	2.297955	0.614357	3.500734	6.413046
249	40	2.297955	0.480739	2.121945	4.900639
249	41	2.297955	0.505888	2.371484	5.175326
249	42	2.297955	0.534451	2.654902	5.487307
249	43	2.297955	0.538890	2.698950	5.535795
249	44	2.297955	0.549703	2.912169	5.759826
249	45	2.297955	0.584661	3.153110	6.035725
249	46	2.297955	0.564946	2.957486	5.820386
249	47	2.297955	0.494200	2.255513	5.047667
249	48	2.297955	0.484727	2.161514	4.944195
249	49	2.297955	0.530288	2.613598	5.441840
249	50	2.297955	0.461825	1.934269	4.694048
249	51	2.297955	0.538132	2.691428	5.527514
249	52	2.297955	0.470128	2.016660	4.784742
249	53	2.297955	0.553324	2.842171	5.693450
249	54	2.297955	0.490111	2.214944	5.003010
249	55	2.297955	0.576063	3.067803	5.941821
249	56	2.297955	0.529518	2.605956	5.433428
249	57	2.297955	0.556656	2.875231	5.729842
249	58	2.297955	0.445157	1.768883	4.511995
249	59	2.297955	0.487755	2.191565	4.977274
249	60	2.297955	0.433619	1.654398	4.385971
249	61	2.297955	0.531140	2.622054	5.451149
249	62	2.297955	0.521469	2.526093	5.345517
249	63	2.297955	0.548644	3.007590	5.854189
249	64	2.297955	0.542442	2.734197	5.574594
249	65	2.297955	0.534451	2.654902	5.487307
249	66	2.297955	0.516842	2.480179	5.294975
249	67	2.297955	0.525339	2.564485	5.387778
249	68	2.297955	0.445259	1.769899	4.513113
249	69	2.297955	0.579883	3.105705	5.983543
249	70	2.297955	0.584206	3.148602	6.030762
249	71	2.297955	0.542442	2.734197	5.574594
249	72	2.297955	0.432913	1.647390	4.378257
249	73	2.297955	0.470128	2.016660	4.784742
249	74	2.297955	0.584661	3.153110	6.035725
249	75	2.297955	0.553324	2.842171	5.693450
249	76	2.297955	0.464790	1.963690	4.726435
249	77	2.297955	0.551997	2.829008	5.678960
249	78	2.297955	0.531140	2.622054	5.451149
249	79	2.297955	0.622713	3.530684	6.451352
249	80	2.297955	0.530288	2.613598	5.441840
249	81	2.297955	0.614357	3.500734	6.413046
249	82	2.297955	0.500303	2.316071	5.114328
249	83	2.297955	0.551997	2.829008	5.678960
249	84	2.297955	0.576063	3.067803	5.941821
249	85	2.297955	0.525317	2.564269	5.387540
249	86	2.297955	0.534451	2.654902	5.487307
249	87	2.297955	0.551997	2.829008	5.678960
249	88	2.297955	0.562766	3.041783	5.902503
249	89	2.297955	0.531140	2.622054	5.451149
249	90	2.297955	0.579883	3.105705	5.983543
249	91	2.297955	0.494200	2.255513	5.047667
249	92	2.297955	0.516842	2.480179	5.294975
249	93	2.297955	0.617981	3.483734	6.399670
249	94	2.297955	0.498019	2.293408	5.089381
249	95	2.297955	0.579044	3.097375	5.974373
249	96	2.297955	0.488583	2.199783	4.986321
249	97	2.297955	0.487755	2.191565	4.977274
249	98	2.297955	0.487141	2.185474	4.970570
249	99	2.297955	0.487141	2.185474	4.970570
250	0	2.256034	0.557375	2.882368	5.695778
250	1	2.256034	0.591441	3.326315	6.173791
250	2	2.256034	0.427804	2.338190	5.022028
250	3	2.256034	0.538041	2.690525	5.484600
250	4	2.256034	0.578898	3.095925	5.930857
250	5	2.256034	0.567400	2.981840	5.805274
250	6	2.256034	0.514757	2.459485	5.230276
250	7	2.256034	0.414084	1.460561	4.130679
250	8	2.256034	0.481250	2.127014	4.864298
250	9	2.256034	0.581312	3.119884	5.957230
250	10	2.256034	0.518509	2.496716	5.271259
250	11	2.256034	0.516927	2.745842	5.518804
250	12	2.256034	0.540512	2.715040	5.511585
250	13	2.256034	0.526808	2.632027	5.414869
250	14	2.256034	0.499959	2.312660	5.068654
250	15	2.256034	0.514505	2.456991	5.227530
250	16	2.256034	0.506630	2.378851	5.141516
250	17	2.256034	0.527815	2.589060	5.372909
250	18	2.256034	0.614195	3.446164	6.316393
250	19	2.256034	0.530147	2.612200	5.398382
250	20	2.256034	0.517896	2.490634	5.264564
250	21	2.256034	0.546625	2.775701	5.578361
250	22	2.256034	0.446149	1.778730	4.480913
250	23	2.256034	0.518509	2.496716	5.271259
250	24	2.256034	0.547457	2.783955	5.587446
250	25	2.256034	0.548346	3.004627	5.809007
250	26	2.256034	0.555001	3.123628	5.934663
250	27	2.256034	0.497680	2.290049	5.043763
250	28	2.256034	0.504510	2.357813	5.118357
250	29	2.256034	0.578898	3.095925	5.930857
250	30	2.256034	0.500298	2.316022	5.072354
250	31	2.256034	0.446510	1.782309	4.484853
250	32	2.256034	0.581312	3.119884	5.957230
250	33	2.256034	0.627092	3.574134	6.457260
250	34	2.256034	0.414084	1.460561	4.130679
250	35	2.256034	0.557375	2.882368	5.695778
250	36	2.256034	0.511345	2.425632	5.193011
250	37	2.256034	0.628572	3.588818	6.473424
250	38	2.256034	0.538041	2.690525	5.484600
250	39	2.256034	0.608471	3.389370	6.253875
250	40	2.256034	0.504510	2.357813	5.118357
250	41	2.256034	0.617061	3.474605	6.347701
250	42	2.256034	0.575436	3.061580	5.893051
250	43	2.256034	0.546625	2.775701	5.578361
250	44	2.256034	0.514757	2.459485	5.230276
250	45	2.256034	0.582948	3.347966	6.186948
250	46	2.256034	0.575436	3.061580	5.893051
250	47	2.256034	0.561031	2.918647	5.735712
250	48	2.256034	0.513917	2.451154	5.221105
250	49	2.256034	0.491056	2.224320	4.971410
250	50	2.256034	0.518509	2.496716	5.271259
250	51	2.256034	0.508404	2.396455	5.160894
250	52	2.256034	0.499959	2.312660	5.068654
250	53	2.256034	0.581312	3.119884	5.957230
250	54	2.256034	0.481250	2.127014	4.864298
250	55	2.256034	0.500298	2.316022	5.072354
250	56	2.256034	0.470162	2.016997	4.743193
250	57	2.256034	0.470162	2.016997	4.743193
250	58	2.256034	0.508404	2.396455	5.160894
250	59	2.256034	0.568114	2.988925	5.813073
250	60	2.256034	0.530147	2.612200	5.398382
250	61	2.256034	0.656331	3.864260	6.776626
250	62	2.256034	0.574746	3.054733	5.885513
250	63	2.256034	0.529737	2.608127	5.393898
250	64	2.256034	0.557375	2.882368	5.695778
250	65	2.256034	0.426514	1.583894	4.266442
250	66	2.256034	0.545754	2.767055	5.568842
250	67	2.256034	0.527815	2.589060	5.372909
250	68	2.256034	0.561031	2.918647	5.735712
250	69	2.256034	0.513917	2.451154	5.221105
250	70	2.256034	0.595597	3.261630	6.113262
250	71	2.256034	0.510902	2.686060	5.452997
250	72	2.256034	0.481250	2.127014	4.864298
250	73	2.256034	0.567400	2.981840	5.805274
250	74	2.256034	0.558430	2.892833	5.707297
250	75	2.256034	0.529841	3.138801	5.924677
250	76	2.256034	0.477452	2.618969	5.352455
250	77	2.256034	0.540512	2.715040	5.511585
250	78	2.256034	0.538041	2.690525	5.484600
250	79	2.256034	0.477671	2.091507	4.825213
250	80	2.256034	0.470162	2.016997	4.743193
250	81	2.256034	0.530147	2.612200	5.398382
250	82	2.256034	0.506630	2.378851	5.141516
250	83	2.256034	0.576449	3.071628	5.904112
250	84	2.256034	0.426514	1.583894	4.266442
250	85	2.256034	0.547457	2.783955	5.587446
250	86	2.256034	0.530147	2.612200	5.398382
250	87	2.256034	0.545507	2.764608	5.566150
250	88	2.256034	0.517896	2.490634	5.264564
250	89	2.256034	0.576449	3.071628	5.904112
250	90	2.256034	0.545507	2.764608	5.566150
250	91	2.256034	0.566481	2.972722	5.795238
250	92	2.256034	0.535915	2.669426	5.461375
250	93	2.256034	0.629833	3.601332	6.487199
250	94	2.256034	0.558430	2.892833	5.707297
250	95	2.256034	0.513823	2.450222	5.220079
250	96	2.256034	0.527815	2.589060	5.372909
250	97	2.256034	0.477671	2.091507	4.825213
250	98	2.256034	0.426514	1.583894	4.266442
250	99	2.256034	0.481250	2.127014	4.864298
251	0	2.213523	0.582753	3.134182	5.930458
251	1	2.213523	0.489739	2.211252	4.914514
251	2	2.213523	0.555452	2.863288	5.632263
251	3	2.213523	0.535964	2.669915	5.419402
251	4	2.213523	0.570579	3.013384	5.797486
251	5	2.213523	0.500896	2.321953	5.036372
251	6	2.213523	0.585440	3.160844	5.959808
251	7	2.213523	0.489682	2.210687	4.913893
251	8	2.213523	0.517964	2.491312	5.222799
251	9	2.213523	0.545703	2.766557	5.525783
251	10	2.213523	0.664946	3.949744	6.828214
251	11	2.213523	0.615276	3.456888	6.285687
251	12	2.213523	0.594982	3.414419	6.222924
251	13	2.213523	0.556516	2.873839	5.643878
251	14	2.213523	0.585440	3.160844	5.959808
251	15	2.213523	0.570579	3.013384	5.797486
251	16	2.213523	0.570579	3.013384	5.797486
251	17	2.213523	0.585440	3.160844	5.959808
251	18	2.213523	0.450544	2.510867	5.174935
251	19	2.213523	0.565707	2.965045	5.744275
251	20	2.213523	0.597471	3.280216	6.091210
251	21	2.213523	0.597471	3.280216	6.091210
251	22	2.213523	0.614563	3.608703	6.436789
251	23	2.213523	0.549249	2.801740	5.564512
251	24	2.213523	0.600915	3.314395	6.128833
251	25	2.213523	0.556516	2.873839	5.643878
251	26	2.213523	0.494190	2.679127	5.386841
251	27	2.213523	0.498311	2.296304	5.008138
251	28	2.213523	0.565707	2.965045	5.744275
251	29	2.213523	0.496428	2.277624	4.987576
251	30	2.213523	0.545703	2.766557	5.525783
251	31	2.213523	0.498311	2.296304	5.008138
251	32	2.213523	0.535964	2.669915	5.419402
251	33	2.213523	0.458977	1.906012	4.578512
251	34	2.213523	0.562995	2.938131	5.714650
251	35	2.213523	0.378749	1.957372	4.549645
251	36	2.213523	0.559492	3.168196	5.941212
251	37	2.213523	0.549770	2.806902	5.570195
251	38	2.213523	0.582753	3.134182	5.930458
251	39	2.213523	0.553848	2.847373	5.614744
251	40	2.213523	0.570112	3.008753	5.792389
251	41	2.213523	0.582753	3.134182	5.930458
251	42	2.213523	0.498311	2.296304	5.008138
251	43	2.213523	0.556516	2.873839	5.643878
251	44	2.213523	0.515024	2.462140	5.190688
251	45	2.213523	0.489763	2.211490	4.914777
251	46	2.213523	0.597471	3.280216	6.091210
251	47	2.213523	0.542340	2.733178	5.489040
251	48	2.213523	0.582753	3.134182	5.930458
251	49	2.213523	0.565941	2.967360	5.746824
251	50	2.213523	0.489682	2.210687	4.913893
251	51	2.213523	0.506998	2.382499	5.103020
251	52	2.213523	0.599099	3.296370	6.108992
251	53	2.213523	0.566215	2.970084	5.749823
251	54	2.213523	0.493511	2.248676	4.955710
251	55	2.213523	0.525108	2.562194	5.300824
251	56	2.213523	0.493302	2.246601	4.953426
251	57	2.213523	0.536935	2.679549	5.430007
251	58	2.213523	0.456043	1.876896	4.546462
251	59	2.213523	0.555452	2.863288	5.632263
251	60	2.213523	0.547616	2.785538	5.546677
251	61	2.213523	0.485883	2.172988	4.872394
251	62	2.213523	0.517964	2.491312	5.222799
251	63	2.213523	0.419874	1.518016	4.151413
251	64	2.213523	0.526355	2.574567	5.314445
251	65	2.213523	0.566215	2.970084	5.749823
251	66	2.213523	0.486548	2.179591	4.879662
251	67	2.213523	0.482706	2.141469	4.837698
251	68	2.213523	0.489763	2.211490	4.914777
251	69	2.213523	0.570112	3.008753	5.792389
251	70	2.213523	0.574332	3.050623	5.838478
251	71	2.213523	0.547616	2.785538	5.546677
251	72	2.213523	0.537689	2.687036	5.438248
251	73	2.213523	0.510943	2.421644	5.146110
251	74	2.213523	0.595655	3.262201	6.071379
251	75	2.213523	0.499605	2.309143	5.022271
251	76	2.213523	0.529005	2.865681	5.608209
251	77	2.213523	0.524367	2.554843	5.292733
251	78	2.213523	0.474252	2.375362	5.063137
251	79	2.213523	0.570579	3.013384	5.797486
251	80	2.213523	0.582753	3.134182	5.930458
251	81	2.213523	0.516983	2.481580	5.212087
251	82	2.213523	0.509473	2.407059	5.130055
251	83	2.213523	0.450288	1.819800	4.483612
251	84	2.213523	0.482706	2.141469	4.837698
251	85	2.213523	0.489682	2.210687	4.913893
251	86	2.213523	0.565707	2.965045	5.744275
251	87	2.213523	0.525108	2.562194	5.300824
251	88	2.213523	0.438254	1.700390	4.352167
251	89	2.213523	0.510943	2.421644	5.146110
251	90	2.213523	0.485883	2.172988	4.872394
251	91	2.213523	0.506578	2.855011	5.575112
251	92	2.213523	0.569957	3.007210	5.790690
251	93	2.213523	0.555452	2.863288	5.632263
251	94	2.213523	0.489682	2.210687	4.913893
251	95	2.213523	0.486548	2.179591	4.879662
251	96	2.213523	0.509473	2.407059	5.130055
251	97	2.213523	0.525532	2.566407	5.305462
251	98	2.213523	0.500896	2.321953	5.036372
251	99	2.213523	0.498311	2.296304	5.008138
252	0	2.273817	0.556355	2.872247	5.702420
252	1	2.273817	0.474375	2.058803	4.806996
252	2	2.273817	0.587069	3.335898	6.196785
252	3	2.273817	0.443274	1.750197	4.467288
252	4	2.273817	0.601524	3.320435	6.195777
252	5	2.273817	0.552920	2.838165	5.664902
252	6	2.273817	0.464081	1.956661	4.694560
252	7	2.273817	0.478367	2.098408	4.850593
252	8	2.273817	0.471868	2.033925	4.779610
252	9	2.273817	0.472535	2.040545	4.786898
252	10	2.273817	0.553846	2.847351	5.675015
252	11	2.273817	0.523298	2.544237	5.341352
252	12	2.273817	0.471388	2.029161	4.774367
252	13	2.273817	0.471014	2.025455	4.770287
252	14	2.273817	0.544673	2.756328	5.574818
252	15	2.273817	0.524837	2.559510	5.358164
252	16	2.273817	0.483269	2.147055	4.904142
252	17	2.273817	0.561239	2.920709	5.755766
252	18	2.273817	0.561239	2.920709	5.755766
252	19	2.273817	0.542581	2.735570	5.551969
252	20	2.273817	0.561239	2.920709	5.755766
252	21	2.273817	0.585875	3.165163	6.024856
252	22	2.273817	0.491831	2.708683	5.474332
252	23	2.273817	0.519497	2.506527	5.299842
252	24	2.273817	0.487360	2.187644	4.948821
252	25	2.273817	0.542103	2.730832	5.546753
252	26	2.273817	0.502313	2.336020	5.112151
252	27	2.273817	0.494095	2.254468	5.022380
252	28	2.273817	0.519497	2.506527	5.299842
252	29	2.273817	0.515579	2.467643	5.257039
252	30	2.273817	0.458054	1.896850	4.628722
252	31	2.273817	0.404214	1.362628	4.040660
252	32	2.273817	0.587069	3.335898	6.196785
252	33	2.273817	0.523298	2.544237	5.341352
252	34	2.273817	0.519497	2.506527	5.299842
252	35	2.273817	0.487360	2.187644	4.948821
252	36	2.273817	0.440296	1.720655	4.434769
252	37	2.273817	0.443274	1.750197	4.467288
252	38	2.273817	0.548971	2.798979	5.621767
252	39	2.273817	0.519497	2.506527	5.299842
252	40	2.273817	0.422431	1.543382	4.239630
252	41	2.273817	0.542746	2.737207	5.553770
252	42	2.273817	0.552920	2.838165	5.664902
252	43	2.273817	0.458054	1.896850	4.628722
252	44	2.273817	0.514468	2.774403	5.562689
252	45	2.273817	0.570161	3.009238	5.853217
252	46	2.273817	0.499791	2.310994	5.084603
252	47	2.273817	0.524837	2.559510	5.358164
252	48	2.273817	0.422431	1.543382	4.239630
252	49	2.273817	0.621154	3.621138	6.516109
252	50	2.273817	0.603881	3.396782	6.274480
252	51	2.273817	0.542581	2.735570	5.551969
252	52	2.273817	0.523298	2.544237	5.341352
252	53	2.273817	0.463270	1.948607	4.685694
252	54	2.273817	0.464080	1.956644	4.694541
252	55	2.273817	0.463270	1.948607	4.685694
252	56	2.273817	0.585937	3.165773	6.025527
252	57	2.273817	0.577818	3.191142	6.042778
252	58	2.273817	0.522057	2.531923	5.327798
252	59	2.273817	0.523298	2.544237	5.341352
252	60	2.273817	0.553846	2.847351	5.675015
252	61	2.273817	0.478367	2.098408	4.850593
252	62	2.273817	0.464080	1.956644	4.694541
252	63	2.273817	0.542103	2.730832	5.546753
252	64	2.273817	0.585937	3.165773	6.025527
252	65	2.273817	0.514133	2.665149	5.453099
252	66	2.273817	0.422431	1.543382	4.239630
252	67	2.273817	0.590512	3.211169	6.075499
252	68	2.273817	0.492384	2.237496	5.003698
252	69	2.273817	0.538444	2.694524	5.506785
252	70	2.273817	0.591779	3.223746	6.089343
252	71	2.273817	0.542103	2.730832	5.546753
252	72	2.273817	0.490978	2.223542	4.988337
252	73	2.273817	0.526255	2.891360	5.691432
252	74	2.273817	0.538444	2.694524	5.506785
252	75	2.273817	0.508384	2.396253	5.178454
252	76	2.273817	0.581790	3.124626	5.980234
252	77	2.273817	0.471014	2.025455	4.770287
252	78	2.273817	0.601524	3.320435	6.195777
252	79	2.273817	0.513435	2.446372	5.233625
252	80	2.273817	0.581202	3.118795	5.973815
252	81	2.273817	0.464081	1.956661	4.694560
252	82	2.273817	0.490978	2.223542	4.988337
252	83	2.273817	0.471388	2.029161	4.774367
252	84	2.273817	0.478367	2.098408	4.850593
252	85	2.273817	0.595160	3.257290	6.126268
252	86	2.273817	0.424386	1.562788	4.260992
252	87	2.273817	0.464081	1.956661	4.694560
252	88	2.273817	0.510100	2.413284	5.197202
252	89	2.273817	0.566923	2.977110	5.817851
252	90	2.273817	0.595160	3.257290	6.126268
252	91	2.273817	0.527483	2.585762	5.387062
252	92	2.273817	0.443274	1.750197	4.467288
252	93	2.273817	0.471868	2.033925	4.779610
252	94	2.273817	0.475725	2.072198	4.821741
252	95	2.273817	0.475725	2.072198	4.821741
252	96	2.273817	0.542103	2.730832	5.546753
252	97	2.273817	0.494095	2.254468	5.022380
252	98	2.273817	0.556355	2.872247	5.702420
252	99	2.273817	0.515550	2.626253	5.415621
253	0	2.229907	0.491389	2.227619	4.948915
253	1	2.229907	0.587690	3.183170	6.000768
253	2	2.229907	0.562097	2.929221	5.721225
253	3	2.229907	0.622104	3.524643	6.376654
253	4	2.229907	0.576286	3.070008	5.876201
253	5	2.229907	0.468763	2.003119	4.701790
253	6	2.229907	0.531913	2.629725	5.391546
253	7	2.229907	0.561698	2.925261	5.716866
253	8	2.229907	0.578986	3.255696	6.064590
253	9	2.229907	0.523906	2.550273	5.304086
253	10	2.229907	0.521371	2.525119	5.276397
253	11	2.229907	0.528465	2.595508	5.353880
253	12	2.229907	0.458943	1.905681	4.594531
253	13	2.229907	0.447382	1.790957	4.468246
253	14	2.229907	0.485106	2.165279	4.880292
253	15	2.229907	0.596135	3.266965	6.093008
253	16	2.229907	0.521430	2.525705	5.277043
253	17	2.229907	0.523087	2.542140	5.295134
253	18	2.229907	0.498659	2.299762	5.028328
253	19	2.229907	0.598928	3.294679	6.123514
253	20	2.229907	0.474756	2.062575	4.767238
253	21	2.229907	0.440681	1.724469	4.395057
253	22	2.229907	0.522010	2.531458	5.283375
253	23	2.229907	0.569516	3.002832	5.802255
253	24	2.229907	0.526369	2.786565	5.542841
253	25	2.229907	0.447382	1.790957	4.468246
253	26	2.229907	0.528057	2.591457	5.349421
253	27	2.229907	0.404840	1.368844	4.003591
253	28	2.229907	0.529563	2.818258	5.577728
253	29	2.229907	0.521371	2.525119	5.276397
253	30	2.229907	0.523087	2.542140	5.295134
253	31	2.229907	0.518194	2.493596	5.241698
253	32	2.229907	0.438282	1.700669	4.368858
253	33	2.229907	0.532661	2.637138	5.399706
253	34	2.229907	0.468763	2.003119	4.701790
253	35	2.229907	0.510082	2.413104	5.153093
253	36	2.229907	0.537832	2.688453	5.456192
253	37	2.229907	0.431969	1.638030	4.299907
253	38	2.229907	0.526369	2.786565	5.542841
253	39	2.229907	0.574506	3.052353	5.856767
253	40	2.229907	0.486441	2.178523	4.894872
253	41	2.229907	0.486441	2.178523	4.894872
253	42	2.229907	0.480160	2.116198	4.826265
253	43	2.229907	0.423128	1.550300	4.203336
253	44	2.229907	0.528465	2.595508	5.353880
253	45	2.229907	0.475311	2.068092	4.773310
253	46	2.229907	0.588771	3.193899	6.012578
253	47	2.229907	0.489419	2.208077	4.927404
253	48	2.229907	0.423128	1.550300	4.203336
253	49	2.229907	0.498436	2.297542	5.025885
253	50	2.229907	0.508950	2.401871	5.140728
253	51	2.229907	0.596539	3.376896	6.203342
253	52	2.229907	0.537832	2.688453	5.456192
253	53	2.229907	0.558073	2.889295	5.677276
253	54	2.229907	0.523681	2.548039	5.301627
253	55	2.229907	0.528712	2.597956	5.356575
253	56	2.229907	0.521430	2.525705	5.277043
253	57	2.229907	0.575970	3.066881	5.872759
253	58	2.229907	0.493410	2.247674	4.970991
253	59	2.229907	0.485562	2.169799	4.885268
253	60	2.229907	0.518194	2.493596	5.241698
253	61	2.229907	0.485747	2.171634	4.887288
253	62	2.229907	0.494600	2.259478	4.983985
253	63	2.229907	0.531913	2.629725	5.391546
253	64	2.229907	0.558073	2.889295	5.677276
253	65	2.229907	0.413021	2.085578	4.728506
253	66	2.229907	0.549610	2.805320	5.584837
253	67	2.229907	0.532661	2.637138	5.399706
253	68	2.229907	0.549742	2.806626	5.586275
253	69	2.229907	0.423128	1.550300	4.203336
253	70	2.229907	0.489419	2.208077	4.927404
253	71	2.229907	0.478558	2.100309	4.808775
253	72	2.229907	0.493410	2.247674	4.970991
253	73	2.229907	0.498659	2.299762	5.028328
253	74	2.229907	0.478558	2.100309	4.808775
253	75	2.229907	0.498320	2.296397	5.024624
253	76	2.229907	0.610903	3.413504	6.254314
253	77	2.229907	0.585962	3.166022	5.981892
253	78	2.229907	0.532661	2.637138	5.399706
253	79	2.229907	0.438282	1.700669	4.368858
253	80	2.229907	0.461930	2.464948	5.156785
253	81	2.229907	0.508953	2.401905	5.140766
253	82	2.229907	0.594278	3.248540	6.072726
253	83	2.229907	0.558073	2.889295	5.677276
253	84	2.229907	0.578986	3.255696	6.064590
253	85	2.229907	0.429920	2.147331	4.807158
253	86	2.229907	0.474176	2.056823	4.760906
253	87	2.229907	0.598928	3.294679	6.123514
253	88	2.229907	0.537066	2.680854	5.447827
253	89	2.229907	0.528712	2.597956	5.356575
253	90	2.229907	0.522010	2.531458	5.283375
253	91	2.229907	0.404840	1.368844	4.003591
253	92	2.229907	0.528057	2.591457	5.349421
253	93	2.229907	0.458943	1.905681	4.594531
253	94	2.229907	0.498776	2.300922	5.029606
253	95	2.229907	0.434888	1.666991	4.331786
253	96	2.229907	0.532661	2.637138	5.399706
253	97	2.229907	0.531913	2.629725	5.391546
253	98	2.229907	0.481768	2.132157	4.843832
253	99	2.229907	0.578909	3.096043	5.904860
254	0	2.236788	0.442622	1.743727	4.423137
254	1	2.236788	0.469610	2.011518	4.717916
254	2	2.236788	0.532290	2.633458	5.402536
254	3	2.236788	0.493921	2.252749	4.983459
254	4	2.236788	0.490648	2.220267	4.947703
254	5	2.236788	0.559283	2.901302	5.697374
254	6	2.236788	0.623278	3.536286	6.396352
254	7	2.236788	0.567826	2.986064	5.790679
254	8	2.236788	0.431020	1.628609	4.296418
254	9	2.236788	0.519561	2.507162	5.263512
254	10	2.236788	0.375755	1.927665	4.540209
254	11	2.236788	0.559283	2.901302	5.697374
254	12	2.236788	0.497965	2.292874	5.027628
254	13	2.236788	0.489443	2.208313	4.934545
254	14	2.236788	0.512934	2.441404	5.191126
254	15	2.236788	0.574750	3.054775	5.866314
254	16	2.236788	0.526140	2.572442	5.335371
254	17	2.236788	0.519561	2.507162	5.263512
254	18	2.236788	0.574750	3.054775	5.866314
254	19	2.236788	0.526084	2.571886	5.334759
254	20	2.236788	0.521657	2.527957	5.286402
254	21	2.236788	0.562816	3.148208	5.947812
254	22	2.236788	0.545617	2.765701	5.548107
254	23	2.236788	0.558275	2.891301	5.686365
254	24	2.236788	0.486371	2.177828	4.900987
254	25	2.236788	0.475251	2.067495	4.779535
254	26	2.236788	0.557596	2.884561	5.678945
254	27	2.236788	0.425111	1.569976	4.231875
254	28	2.236788	0.481203	2.126551	4.844542
254	29	2.236788	0.593251	3.238348	6.068388
254	30	2.236788	0.587027	3.176589	6.000405
254	31	2.236788	0.493921	2.252749	4.983459
254	32	2.236788	0.518362	2.495261	5.250411
254	33	2.236788	0.565665	2.964622	5.767075
254	34	2.236788	0.594097	3.246745	6.077631
254	35	2.236788	0.482270	2.137139	4.856197
254	36	2.236788	0.509927	2.411566	5.158282
254	37	2.236788	0.469610	2.011518	4.717916
254	38	2.236788	0.493921	2.252749	4.983459
254	39	2.236788	0.593251	3.238348	6.068388
254	40	2.236788	0.521657	2.527957	5.286402
254	41	2.236788	0.512934	2.441404	5.191126
254	42	2.236788	0.442622	1.743727	4.423137
254	43	2.236788	0.521571	2.527103	5.285463
254	44	2.236788	0.565244	3.066374	5.868407
254	45	2.236788	0.532290	2.633458	5.402536
254	46	2.236788	0.455474	2.453857	5.146120
254	47	2.236788	0.521657	2.527957	5.286402
254	48	2.236788	0.545617	2.765701	5.548107
254	49	2.236788	0.585105	3.157514	5.979407
254	50	2.236788	0.490061	2.585188	5.312037
254	51	2.236788	0.565244	3.066374	5.868407
254	52	2.236788	0.481203	2.126551	4.844542
254	53	2.236788	0.487133	2.185394	4.909315
254	54	2.236788	0.574286	3.050171	5.861246
254	55	2.236788	0.490684	2.220623	4.948095
254	56	2.236788	0.447978	1.796879	4.481646
254	57	2.236788	0.431020	1.628609	4.296418
254	58	2.236788	0.614010	3.444331	6.295129
254	59	2.236788	0.530762	2.618302	5.385853
254	60	2.236788	0.558275	2.891301	5.686365
254	61	2.236788	0.549555	3.069590	5.855933
254	62	2.236788	0.408665	2.148288	4.793742
254	63	2.236788	0.557596	2.884561	5.678945
254	64	2.236788	0.574750	3.054775	5.866314
254	65	2.236788	0.559283	2.901302	5.697374
254	66	2.236788	0.545587	2.871324	5.653699
254	67	2.236788	0.544521	2.754824	5.536134
254	68	2.236788	0.439595	1.713691	4.390074
254	69	2.236788	0.525785	2.568917	5.331490
254	70	2.236788	0.509819	2.410494	5.157102
254	71	2.236788	0.414349	1.463188	4.114325
254	72	2.236788	0.547281	2.782211	5.566280
254	73	2.236788	0.547281	2.782211	5.566280
254	74	2.236788	0.583321	3.139815	5.959924
254	75	2.236788	0.650426	3.805665	6.692880
254	76	2.236788	0.527887	2.589773	5.354448
254	77	2.236788	0.529522	2.606001	5.372312
254	78	2.236788	0.594097	3.246745	6.077631
254	79	2.236788	0.554339	2.958175	5.749302
254	80	2.236788	0.538326	2.693353	5.468467
254	81	2.236788	0.559283	2.901302	5.697374
254	82	2.236788	0.538326	2.693353	5.468467
254	83	2.236788	0.469610	2.011518	4.717916
254	84	2.236788	0.592764	3.233513	6.063066
254	85	2.236788	0.490684	2.220623	4.948095
254	86	2.236788	0.530762	2.618302	5.385853
254	87	2.236788	0.530729	2.617969	5.385486
254	88	2.236788	0.544521	2.754824	5.536134
254	89	2.236788	0.558275	2.891301	5.686365
254	90	2.236788	0.593251	3.238348	6.068388
254	91	2.236788	0.487368	2.187724	4.911881
254	92	2.236788	0.545617	2.765701	5.548107
254	93	2.236788	0.558077	2.889333	5.684199
254	94	2.236788	0.521741	2.528784	5.287313
254	95	2.236788	0.530729	2.617969	5.385486
254	96	2.236788	0.538326	2.693353	5.468467
254	97	2.236788	0.561356	2.921867	5.720012
254	98	2.236788	0.489443	2.208313	4.934545
254	99	2.236788	0.593251	3.238348	6.068388
255	0	2.216715	0.514688	2.458809	5.190212
255	1	2.216715	0.557405	2.882667	5.656787
255	2	2.216715	0.491777	2.761106	5.469598
255	3	2.216715	0.468118	1.996718	4.681551
255	4	2.216715	0.538655	2.696618	5.451988
255	5	2.216715	0.442752	1.745023	4.404490
255	6	2.216715	0.483314	2.147496	4.847525
255	7	2.216715	0.508730	2.399692	5.125137
255	8	2.216715	0.496002	2.273390	4.986106
255	9	2.216715	0.628283	3.585948	6.430945
255	10	2.216715	0.468118	1.996718	4.681551
255	11	2.216715	0.492719	2.240821	4.950255
255	12	2.216715	0.537174	2.681922	5.435811
255	13	2.216715	0.500248	2.315523	5.032486
255	14	2.216715	0.541991	2.729722	5.488428
255	15	2.216715	0.563925	2.947360	5.728000
255	16	2.216715	0.550289	2.812056	5.579060
255	17	2.216715	0.497374	2.287009	5.001098
255	18	2.216715	0.544609	3.020514	5.781838
255	19	2.216715	0.496002	2.273390	4.986106
255	20	2.216715	0.511876	2.695723	5.424314
255	21	2.216715	0.507905	2.391506	5.116126
255	22	2.216715	0.563925	2.947360	5.728000
255	23	2.216715	0.561398	2.922290	5.700403
255	24	2.216715	0.567382	2.981661	5.765758
255	25	2.216715	0.550459	2.813743	5.580917
255	26	2.216715	0.567382	2.981661	5.765758
255	27	2.216715	0.587776	3.184021	5.988512
255	28	2.216715	0.430521	1.623662	4.270898
255	29	2.216715	0.586267	3.169045	5.972027
255	30	2.216715	0.542145	2.731250	5.490110
255	31	2.216715	0.494095	2.254468	4.965277
255	32	2.216715	0.598166	3.287114	6.101995
255	33	2.216715	0.479841	2.113039	4.809595
255	34	2.216715	0.560696	3.074209	5.851620
255	35	2.216715	0.573689	3.044244	5.834648
255	36	2.216715	0.596596	3.271536	6.084846
255	37	2.216715	0.489611	2.209977	4.916303
255	38	2.216715	0.544609	3.020514	5.781838
255	39	2.216715	0.537174	2.681922	5.435811
255	40	2.216715	0.557405	2.882667	5.656787
255	41	2.216715	0.529391	2.604695	5.350801
255	42	2.216715	0.542145	2.731250	5.490110
255	43	2.216715	0.532371	2.634266	5.383352
255	44	2.216715	0.479841	2.113039	4.809595
255	45	2.216715	0.538770	2.697761	5.453246
255	46	2.216715	0.492719	2.240821	4.950255
255	47	2.216715	0.554126	2.850134	5.620975
255	48	2.216715	0.504435	2.357069	5.078219
255	49	2.216715	0.481414	2.128649	4.826778
255	50	2.216715	0.538655	2.696618	5.451988
255	51	2.216715	0.465767	1.973389	4.655871
255	52	2.216715	0.567125	2.979115	5.762955
255	53	2.216715	0.573689	3.044244	5.834648
255	54	2.216715	0.538231	2.692415	5.447361
255	55	2.216715	0.478854	2.526951	5.222520
255	56	2.216715	0.512655	2.438632	5.168001
255	57	2.216715	0.540608	2.821928	5.579251
255	58	2.216715	0.529391	2.604695	5.350801
255	59	2.216715	0.528539	2.596243	5.341497
255	60	2.216715	0.494095	2.254468	4.965277
255	61	2.216715	0.587776	3.184021	5.988512
255	62	2.216715	0.561246	3.079673	5.857634
255	63	2.216715	0.468118	1.996718	4.681551
255	64	2.216715	0.598166	3.287114	6.101995
255	65	2.216715	0.560461	2.912990	5.690167
255	66	2.216715	0.532371	2.634266	5.383352
255	67	2.216715	0.579007	3.097015	5.892737
255	68	2.216715	0.497592	2.289167	5.003473
255	69	2.216715	0.524427	2.555437	5.296579
255	70	2.216715	0.497592	2.289167	5.003473
255	71	2.216715	0.586805	3.174382	5.977902
255	72	2.216715	0.468118	1.996718	4.681551
255	73	2.216715	0.587154	3.177848	5.981717
255	74	2.216715	0.442752	1.745023	4.404490
255	75	2.216715	0.587154	3.177848	5.981717
255	76	2.216715	0.560461	2.912990	5.690167
255	77	2.216715	0.508730	2.399692	5.125137
255	78	2.216715	0.494095	2.254468	4.965277
255	79	2.216715	0.538231	2.692415	5.447361
255	80	2.216715	0.554126	2.850134	5.620975
255	81	2.216715	0.535062	2.925789	5.677566
255	82	2.216715	0.456153	1.877991	4.550859
255	83	2.216715	0.633240	3.635136	6.485091
255	84	2.216715	0.560461	2.912990	5.690167
255	85	2.216715	0.500248	2.315523	5.032486
255	86	2.216715	0.554126	2.850134	5.620975
255	87	2.216715	0.598556	3.290984	6.106254
255	88	2.216715	0.569827	3.005924	5.792466
255	89	2.216715	0.598556	3.290984	6.106254
255	90	2.216715	0.494095	2.254468	4.965277
255	91	2.216715	0.613638	3.440640	6.270993
255	92	2.216715	0.489611	2.209977	4.916303
255	93	2.216715	0.468118	1.996718	4.681551
255	94	2.216715	0.514236	2.454320	5.185271
255	95	2.216715	0.554126	2.850134	5.620975
255	96	2.216715	0.532371	2.634266	5.383352
255	97	2.216715	0.531014	2.620799	5.368527
255	98	2.216715	0.550459	2.813743	5.580917
255	99	2.216715	0.541991	2.729722	5.488428
256	0	2.299339	0.487465	2.188689	4.975493
256	1	2.299339	0.482158	2.136025	4.917521
256	2	2.299339	0.487817	2.192180	4.979336
256	3	2.299339	0.548643	2.795721	5.643702
256	4	2.299339	0.570828	3.068820	5.938987
256	5	2.299339	0.489323	2.207123	4.995784
256	6	2.299339	0.474128	2.056345	4.829811
256	7	2.299339	0.528268	2.593549	5.421155
256	8	2.299339	0.551240	3.033353	5.883932
256	9	2.299339	0.571707	3.024581	5.895627
256	10	2.299339	0.588559	3.191790	6.079688
256	11	2.299339	0.468539	2.000892	4.768769
256	12	2.299339	0.609081	3.395425	6.303845
256	13	2.299339	0.432922	1.647485	4.379746
256	14	2.299339	0.551817	3.092033	5.943188
256	15	2.299339	0.606415	3.368964	6.274717
256	16	2.299339	0.468539	2.000892	4.768769
256	17	2.299339	0.561803	2.926302	5.787443
256	18	2.299339	0.523651	2.547741	5.370731
256	19	2.299339	0.520526	2.516730	5.336594
256	20	2.299339	0.516752	2.479288	5.295379
256	21	2.299339	0.516215	2.473953	5.289506
256	22	2.299339	0.548643	2.795721	5.643702
256	23	2.299339	0.486197	2.176103	4.961638
256	24	2.299339	0.516215	2.473953	5.289506
256	25	2.299339	0.478638	2.101097	4.879073
256	26	2.299339	0.574337	3.050669	5.924344
256	27	2.299339	0.548643	2.795721	5.643702
256	28	2.299339	0.493216	2.245752	5.038307
256	29	2.299339	0.560638	2.914748	5.774725
256	30	2.299339	0.501789	2.330819	5.131947
256	31	2.299339	0.635834	3.660872	6.596045
256	32	2.299339	0.474128	2.056345	4.829811
256	33	2.299339	0.496391	2.277253	5.072983
256	34	2.299339	0.474128	2.056345	4.829811
256	35	2.299339	0.518246	2.494112	5.311697
256	36	2.299339	0.493216	2.245752	5.038307
256	37	2.299339	0.479404	2.108702	4.887445
256	38	2.299339	0.517432	2.962703	5.779473
256	39	2.299339	0.571707	3.024581	5.895627
256	40	2.299339	0.539431	2.704317	5.543087
256	41	2.299339	0.463039	2.370026	5.132403
256	42	2.299339	0.635626	3.658812	6.593776
256	43	2.299339	0.571641	3.023918	5.894897
256	44	2.299339	0.500227	2.315319	5.114885
256	45	2.299339	0.518246	2.494112	5.311697
256	46	2.299339	0.460968	2.349480	5.109786
256	47	2.299339	0.472061	2.035844	4.807244
256	48	2.299339	0.462541	1.941381	4.703261
256	49	2.299339	0.487811	2.192120	4.979270
256	50	2.299339	0.518615	2.497776	5.315730
256	51	2.299339	0.487811	2.192120	4.979270
256	52	2.299339	0.469527	2.010697	4.779563
256	53	2.299339	0.571707	3.024581	5.895627
256	54	2.299339	0.548643	2.795721	5.643702
256	55	2.299339	0.551145	3.191298	6.041781
256	56	2.299339	0.537804	2.688178	5.525321
256	57	2.299339	0.468539	2.000892	4.768769
256	58	2.299339	0.577431	3.081369	5.958139
256	59	2.299339	0.577431	3.081369	5.958139
256	60	2.299339	0.518246	2.494112	5.311697
256	61	2.299339	0.472061	2.035844	4.807244
256	62	2.299339	0.478638	2.101097	4.879073
256	63	2.299339	0.503495	2.347747	5.150581
256	64	2.299339	0.496169	2.698765	5.494273
256	65	2.299339	0.565531	2.963292	5.828161
256	66	2.299339	0.531533	2.625951	5.456823
256	67	2.299339	0.580596	3.112776	5.992711
256	68	2.299339	0.516215	2.473953	5.289506
256	69	2.299339	0.531533	2.625951	5.456823
256	70	2.299339	0.493216	2.245752	5.038307
256	71	2.299339	0.572610	3.033533	5.905481
256	72	2.299339	0.478638	2.101097	4.879073
256	73	2.299339	0.405043	1.370855	4.075237
256	74	2.299339	0.537804	2.688178	5.525321
256	75	2.299339	0.567832	3.092056	5.959227
256	76	2.299339	0.562619	2.934402	5.796360
256	77	2.299339	0.516215	2.473953	5.289506
256	78	2.299339	0.500125	2.314299	5.113762
256	79	2.299339	0.596183	3.267439	6.162961
256	80	2.299339	0.468539	2.000892	4.768769
256	81	2.299339	0.432922	1.647485	4.379746
256	82	2.299339	0.511785	2.430001	5.241125
256	83	2.299339	0.474128	2.056345	4.829811
256	84	2.299339	0.517458	2.698142	5.514939
256	85	2.299339	0.472180	2.037018	4.808536
256	86	2.299339	0.528268	2.593549	5.421155
256	87	2.299339	0.571707	3.024581	5.895627
256	88	2.299339	0.579450	3.101403	5.980191
256	89	2.299339	0.533003	2.640536	5.472878
256	90	2.299339	0.432922	1.647485	4.379746
256	91	2.299339	0.531533	2.625951	5.456823
256	92	2.299339	0.474128	2.056345	4.829811
256	93	2.299339	0.405043	1.370855	4.075237
256	94	2.299339	0.487465	2.188689	4.975493
256	95	2.299339	0.487465	2.188689	4.975493
256	96	2.299339	0.523651	2.547741	5.370731
256	97	2.299339	0.473006	2.045214	4.817558
256	98	2.299339	0.487465	2.188689	4.975493
256	99	2.299339	0.596183	3.267439	6.162961
257	0	2.361981	0.536719	2.677405	5.576104
257	1	2.361981	0.497434	2.287604	5.147019
257	2	2.361981	0.461368	1.929733	4.753082
257	3	2.361981	0.476572	2.080598	4.919150
257	4	2.361981	0.476572	2.080598	4.919150
257	5	2.361981	0.489528	2.209156	5.060665
257	6	2.361981	0.502598	2.338844	5.203423
257	7	2.361981	0.418931	1.508653	4.289565
257	8	2.361981	0.571103	3.018585	5.951670
257	9	2.361981	0.480723	2.121792	4.964496
257	10	2.361981	0.474651	2.061536	4.898168
257	11	2.361981	0.540771	2.717618	5.620371
257	12	2.361981	0.548767	2.796950	5.707698
257	13	2.361981	0.461368	1.929733	4.753082
257	14	2.361981	0.553238	2.841313	5.756532
257	15	2.361981	0.511011	2.422318	5.295309
257	16	2.361981	0.437327	1.691194	4.490502
257	17	2.361981	0.513697	2.607860	5.483538
257	18	2.361981	0.437214	1.690071	4.489267
257	19	2.361981	0.546559	2.775049	5.683589
257	20	2.361981	0.479301	2.107681	4.948963
257	21	2.361981	0.468808	2.003565	4.834354
257	22	2.361981	0.541404	2.723893	5.627277
257	23	2.361981	0.464208	1.957920	4.784109
257	24	2.361981	0.557818	2.886762	5.806561
257	25	2.361981	0.470527	2.020618	4.853126
257	26	2.361981	0.495367	2.267090	5.124438
257	27	2.361981	0.603575	3.340784	6.306340
257	28	2.361981	0.485196	2.166173	5.013350
257	29	2.361981	0.509145	2.403802	5.274927
257	30	2.361981	0.548095	2.790289	5.700365
257	31	2.361981	0.551548	2.983443	5.896972
257	32	2.361981	0.519864	2.510161	5.392005
257	33	2.361981	0.534522	2.655613	5.552117
257	34	2.361981	0.520567	2.517137	5.399685
257	35	2.361981	0.465292	1.968677	4.795950
257	36	2.361981	0.531431	2.624939	5.518351
257	37	2.361981	0.544090	3.015369	5.921441
257	38	2.361981	0.551548	2.983443	5.896972
257	39	2.361981	0.550613	2.815273	5.727867
257	40	2.361981	0.551548	2.983443	5.896972
257	41	2.361981	0.571103	3.018585	5.951670
257	42	2.361981	0.453430	1.850974	4.666385
257	43	2.361981	0.548863	2.797909	5.708754
257	44	2.361981	0.525483	2.565920	5.453384
257	45	2.361981	0.534522	2.655613	5.552117
257	46	2.361981	0.542526	2.735029	5.639536
257	47	2.361981	0.399096	1.311847	4.072924
257	48	2.361981	0.399096	1.311847	4.072924
257	49	2.361981	0.557908	2.887657	5.807546
257	50	2.361981	0.465292	1.968677	4.795950
257	51	2.361981	0.425818	1.576997	4.364797
257	52	2.361981	0.534315	2.865405	5.761700
257	53	2.361981	0.425818	1.576997	4.364797
257	54	2.361981	0.479301	2.107681	4.948963
257	55	2.361981	0.571103	3.018585	5.951670
257	56	2.361981	0.579906	3.105932	6.047819
257	57	2.361981	0.425818	1.576997	4.364797
257	58	2.361981	0.465812	1.973833	4.801626
257	59	2.361981	0.516896	2.480719	5.359596
257	60	2.361981	0.548863	2.797909	5.708754
257	61	2.361981	0.528390	2.594767	5.485139
257	62	2.361981	0.576706	3.074183	6.012871
257	63	2.361981	0.476572	2.080598	4.919150
257	64	2.361981	0.572196	3.029433	5.963610
257	65	2.361981	0.582077	3.127476	6.071534
257	66	2.361981	0.488227	2.196247	5.046455
257	67	2.361981	0.572196	3.029433	5.963610
257	68	2.361981	0.514925	2.620045	5.496951
257	69	2.361981	0.399096	1.311847	4.072924
257	70	2.361981	0.526217	2.573205	5.461403
257	71	2.361981	0.473103	2.046177	4.881261
257	72	2.361981	0.399096	1.311847	4.072924
257	73	2.361981	0.503425	2.347049	5.212455
257	74	2.361981	0.569098	3.263508	6.194587
257	75	2.361981	0.464325	1.959074	4.785380
257	76	2.361981	0.473103	2.046177	4.881261
257	77	2.361981	0.573631	3.308491	6.244103
257	78	2.361981	0.470527	2.020618	4.853126
257	79	2.361981	0.548095	2.790289	5.700365
257	80	2.361981	0.465071	1.966478	4.793529
257	81	2.361981	0.511011	2.422318	5.295309
257	82	2.361981	0.542526	2.735029	5.639536
257	83	2.361981	0.453430	1.850974	4.666385
257	84	2.361981	0.582675	3.133409	6.078065
257	85	2.361981	0.472559	2.040785	4.875325
257	86	2.361981	0.543312	2.742830	5.648123
257	87	2.361981	0.467890	1.994452	4.824323
257	88	2.361981	0.465812	1.973833	4.801626
257	89	2.361981	0.399096	1.311847	4.072924
257	90	2.361981	0.557908	2.887657	5.807546
257	91	2.361981	0.474651	2.061536	4.898168
257	92	2.361981	0.502598	2.338844	5.203423
257	93	2.361981	0.546559	2.775049	5.683589
257	94	2.361981	0.528390	2.594767	5.485139
257	95	2.361981	0.509145	2.403802	5.274927
257	96	2.361981	0.559270	3.060064	5.981315
257	97	2.361981	0.425818	1.576997	4.364797
257	98	2.361981	0.437327	1.691194	4.490502
257	99	2.361981	0.497434	2.287604	5.147019
258	0	2.254453	0.502609	2.338948	5.096010
258	1	2.254453	0.502609	2.338948	5.096010
258	2	2.254453	0.511001	2.422221	5.187675
258	3	2.254453	0.467512	1.990703	4.712668
258	4	2.254453	0.555916	2.867895	5.678264
258	5	2.254453	0.488836	2.202286	4.945575
258	6	2.254453	0.525812	2.569179	5.349444
258	7	2.254453	0.567727	2.985085	5.807265
258	8	2.254453	0.528865	2.599478	5.382796
258	9	2.254453	0.520047	2.511980	5.286480
258	10	2.254453	0.497572	2.288973	5.040998
258	11	2.254453	0.582053	3.127230	5.963736
258	12	2.254453	0.545872	2.768230	5.568555
258	13	2.254453	0.545872	2.768230	5.568555
258	14	2.254453	0.591150	3.217503	6.063106
258	15	2.254453	0.589000	3.196171	6.039625
258	16	2.254453	0.471082	2.026121	4.751656
258	17	2.254453	0.441460	1.732206	4.428119
258	18	2.254453	0.573439	3.041761	5.869653
258	19	2.254453	0.520047	2.511980	5.286480
258	20	2.254453	0.509494	2.407272	5.171219
258	21	2.254453	0.548145	2.790780	5.593378
258	22	2.254453	0.585634	3.268693	6.108780
258	23	2.254453	0.497664	2.289888	5.042005
258	24	2.254453	0.574494	3.052232	5.881180
258	25	2.254453	0.471082	2.026121	4.751656
258	26	2.254453	0.480634	2.120900	4.855986
258	27	2.254453	0.572864	3.036056	5.863373
258	28	2.254453	0.496955	2.282846	5.034253
258	29	2.254453	0.464619	1.961992	4.681064
258	30	2.254453	0.544974	3.077102	5.876529
258	31	2.254453	0.483802	2.152337	4.890592
258	32	2.254453	0.572570	3.033140	5.860163
258	33	2.254453	0.581302	3.119782	5.955537
258	34	2.254453	0.576883	3.075940	5.907277
258	35	2.254453	0.486318	2.177309	4.918080
258	36	2.254453	0.506020	2.372799	5.133272
258	37	2.254453	0.497953	2.292753	5.045159
258	38	2.254453	0.480634	2.120900	4.855986
258	39	2.254453	0.524456	2.555732	5.334641
258	40	2.254453	0.584749	3.471770	6.310973
258	41	2.254453	0.653797	3.839114	6.747364
258	42	2.254453	0.553654	2.845447	5.653554
258	43	2.254453	0.496955	2.282846	5.034253
258	44	2.254453	0.485234	2.166553	4.906240
258	45	2.254453	0.482019	2.134648	4.871120
258	46	2.254453	0.496975	2.283053	5.034481
258	47	2.254453	0.488836	2.202286	4.945575
258	48	2.254453	0.572864	3.036056	5.863373
258	49	2.254453	0.536045	2.670721	5.461219
258	50	2.254453	0.410601	1.426004	4.091058
258	51	2.254453	0.437353	1.691452	4.383259
258	52	2.254453	0.517007	2.481813	5.253272
258	53	2.254453	0.639182	3.694093	6.587728
258	54	2.254453	0.572864	3.036056	5.863373
258	55	2.254453	0.604087	3.345867	6.204407
258	56	2.254453	0.497572	2.288973	5.040998
258	57	2.254453	0.482019	2.134648	4.871120
258	58	2.254453	0.553446	2.843382	5.651281
258	59	2.254453	0.497664	2.289888	5.042005
258	60	2.254453	0.520047	2.511980	5.286480
258	61	2.254453	0.525812	2.569179	5.349444
258	62	2.254453	0.492242	2.818688	5.565384
258	63	2.254453	0.568538	3.204983	6.027973
258	64	2.254453	0.527692	2.587837	5.369982
258	65	2.254453	0.474373	2.058775	4.787601
258	66	2.254453	0.530264	2.613362	5.398079
258	67	2.254453	0.520047	2.511980	5.286480
258	68	2.254453	0.493267	2.564035	5.311754
258	69	2.254453	0.519968	2.511197	5.285618
258	70	2.254453	0.543034	2.740067	5.537553
258	71	2.254453	0.528865	2.599478	5.382796
258	72	2.254453	0.573439	3.041761	5.869653
258	73	2.254453	0.474373	2.058775	4.787601
258	74	2.254453	0.634400	3.646649	6.535503
258	75	2.254453	0.485827	2.172434	4.912714
258	76	2.254453	0.463524	2.533731	5.251707
258	77	2.254453	0.425886	1.577664	4.258003
258	78	2.254453	0.496955	2.282846	5.034253
258	79	2.254453	0.576806	3.075167	5.906426
258	80	2.254453	0.520047	2.511980	5.286480
258	81	2.254453	0.584240	3.201899	6.040592
258	82	2.254453	0.536045	2.670721	5.461219
258	83	2.254453	0.530264	2.613362	5.398079
258	84	2.254453	0.576883	3.075940	5.907277
258	85	2.254453	0.520523	2.516699	5.291674
258	86	2.254453	0.639182	3.694093	6.587728
258	87	2.254453	0.577853	3.138519	5.970825
258	88	2.254453	0.464619	1.961992	4.681064
258	89	2.254453	0.479939	2.114006	4.848398
258	90	2.254453	0.486318	2.177309	4.918080
258	91	2.254453	0.506235	2.374929	5.135617
258	92	2.254453	0.478717	2.101885	4.835056
258	93	2.254453	0.482019	2.134648	4.871120
258	94	2.254453	0.574494	3.052232	5.881180
258	95	2.254453	0.555916	2.867895	5.678264
258	96	2.254453	0.483802	2.152337	4.890592
258	97	2.254453	0.567727	2.985085	5.807265
258	98	2.254453	0.474373	2.058775	4.787601
258	99	2.254453	0.553876	3.006541	5.814870
259	0	2.334949	0.536891	2.679118	5.550958
259	1	2.334949	0.493779	2.251335	5.080063
259	2	2.334949	0.524072	2.551916	5.410936
259	3	2.334949	0.565280	2.960802	5.861030
259	4	2.334949	0.546092	2.876341	5.757382
259	5	2.334949	0.565389	2.961889	5.862227
259	6	2.334949	0.466473	1.980389	4.781810
259	7	2.334949	0.565389	2.961889	5.862227
259	8	2.334949	0.583120	3.137824	6.055893
259	9	2.334949	0.488816	2.202090	5.025854
259	10	2.334949	0.536891	2.679118	5.550958
259	11	2.334949	0.524364	2.554820	5.414133
259	12	2.334949	0.522231	2.533656	5.390836
259	13	2.334949	0.518553	2.497154	5.350655
259	14	2.334949	0.505249	2.365144	5.205341
259	15	2.334949	0.536083	2.671102	5.542134
259	16	2.334949	0.467250	1.988099	4.790297
259	17	2.334949	0.606524	3.528943	6.470416
259	18	2.334949	0.465859	1.974304	4.775113
259	19	2.334949	0.537834	2.688472	5.561255
259	20	2.334949	0.554624	2.855072	5.744644
259	21	2.334949	0.590389	3.209951	6.135289
259	22	2.334949	0.571124	3.018796	5.924870
259	23	2.334949	0.541564	2.725478	5.601990
259	24	2.334949	0.559262	2.901089	5.795300
259	25	2.334949	0.482468	2.139101	4.956517
259	26	2.334949	0.522918	2.540466	5.398333
259	27	2.334949	0.535340	2.663727	5.534016
259	28	2.334949	0.521258	2.523995	5.380201
259	29	2.334949	0.550257	2.811739	5.696944
259	30	2.334949	0.541564	2.725478	5.601990
259	31	2.334949	0.554624	2.855072	5.744644
259	32	2.334949	0.507152	2.384034	5.226135
259	33	2.334949	0.482468	2.139101	4.956517
259	34	2.334949	0.525899	2.570050	5.430898
259	35	2.334949	0.544803	2.757621	5.637373
259	36	2.334949	0.522231	2.533656	5.390836
259	37	2.334949	0.545596	3.083271	5.963815
259	38	2.334949	0.494151	2.255031	5.084131
259	39	2.334949	0.461757	1.933600	4.730306
259	40	2.334949	0.567959	3.093317	5.996225
259	41	2.334949	0.473189	2.047027	4.855165
259	42	2.334949	0.561366	2.921966	5.818280
259	43	2.334949	0.539878	2.708756	5.583583
259	44	2.334949	0.488816	2.202090	5.025854
259	45	2.334949	0.524072	2.551916	5.410936
259	46	2.334949	0.596214	3.267745	6.198907
259	47	2.334949	0.616701	3.523988	6.475638
259	48	2.334949	0.422843	1.547472	4.305264
259	49	2.334949	0.560359	2.964943	5.860251
259	50	2.334949	0.478001	2.094780	4.907729
259	51	2.334949	0.583120	3.137824	6.055893
259	52	2.334949	0.524072	2.551916	5.410936
259	53	2.334949	0.542773	2.737477	5.615199
259	54	2.334949	0.633460	3.637321	6.605730
259	55	2.334949	0.496519	2.278521	5.109989
259	56	2.334949	0.433874	1.656926	4.425748
259	57	2.334949	0.468184	2.579975	5.383108
259	58	2.334949	0.524364	2.554820	5.414133
259	59	2.334949	0.493779	2.251335	5.080063
259	60	2.334949	0.467250	1.988099	4.790297
259	61	2.334949	0.539502	2.705024	5.579475
259	62	2.334949	0.408088	1.401064	4.144100
259	63	2.334949	0.506548	2.378032	5.219528
259	64	2.334949	0.535340	2.663727	5.534016
259	65	2.334949	0.565280	2.960802	5.861030
259	66	2.334949	0.496519	2.278521	5.109989
259	67	2.334949	0.577149	3.078579	5.990677
259	68	2.334949	0.560359	2.964943	5.860251
259	69	2.334949	0.520018	2.511688	5.366654
259	70	2.334949	0.428750	1.606086	4.369785
259	71	2.334949	0.461757	1.933600	4.730306
259	72	2.334949	0.565280	2.960802	5.861030
259	73	2.334949	0.521258	2.523995	5.380201
259	74	2.334949	0.536891	2.679118	5.550958
259	75	2.334949	0.544803	2.757621	5.637373
259	76	2.334949	0.633460	3.637321	6.605730
259	77	2.334949	0.530067	2.611402	5.476417
259	78	2.334949	0.494151	2.255031	5.084131
259	79	2.334949	0.482962	2.144008	4.961919
259	80	2.334949	0.631387	3.616747	6.583082
259	81	2.334949	0.527609	2.587017	5.449574
259	82	2.334949	0.537834	2.688472	5.561255
259	83	2.334949	0.550257	2.811739	5.696944
259	84	2.334949	0.498978	2.302921	5.136847
259	85	2.334949	0.545596	3.083271	5.963815
259	86	2.334949	0.536083	2.671102	5.542134
259	87	2.334949	0.539878	2.708756	5.583583
259	88	2.334949	0.559017	3.004584	5.898549
259	89	2.334949	0.482468	2.139101	4.956517
259	90	2.334949	0.539584	2.705836	5.580369
259	91	2.334949	0.530067	2.611402	5.476417
259	92	2.334949	0.504745	2.360151	5.199845
259	93	2.334949	0.510585	2.418089	5.263623
259	94	2.334949	0.433874	1.656926	4.425748
259	95	2.334949	0.466473	1.980389	4.781810
259	96	2.334949	0.509471	2.407037	5.251456
259	97	2.334949	0.572762	3.035042	5.942753
259	98	2.334949	0.486887	2.182955	5.004791
259	99	2.334949	0.472144	2.036663	4.843755
260	0	2.344734	0.516213	2.473937	5.334884
260	1	2.344734	0.628855	3.591630	6.565219
260	2	2.344734	0.464756	1.963359	4.772849
260	3	2.344734	0.529477	2.605547	5.479758
260	4	2.344734	0.501706	2.329987	5.176427
260	5	2.344734	0.472500	2.040200	4.857434
260	6	2.344734	0.431776	1.636114	4.412625
260	7	2.344734	0.501565	2.328595	5.174895
260	8	2.344734	0.526512	2.576126	5.447372
260	9	2.344734	0.511258	2.424775	5.280768
260	10	2.344734	0.518970	2.501293	5.364997
260	11	2.344734	0.504144	2.671965	5.520843
260	12	2.344734	0.464756	1.963359	4.772849
260	13	2.344734	0.509867	2.410973	5.265575
260	14	2.344734	0.482689	2.141295	4.968719
260	15	2.344734	0.606479	3.369599	6.320813
260	16	2.344734	0.438529	1.703115	4.486378
260	17	2.344734	0.534756	2.657930	5.537420
260	18	2.344734	0.549775	2.806957	5.701466
260	19	2.344734	0.486663	2.180727	5.012125
260	20	2.344734	0.516253	2.474336	5.335324
260	21	2.344734	0.571164	3.019192	5.935090
260	22	2.344734	0.483591	2.150245	4.978570
260	23	2.344734	0.491574	2.229452	5.065760
260	24	2.344734	0.489720	2.211060	5.045514
260	25	2.344734	0.440810	1.725755	4.511300
260	26	2.344734	0.450768	1.824563	4.620066
260	27	2.344734	0.548759	3.008733	5.902227
260	28	2.344734	0.492850	2.242118	5.079703
260	29	2.344734	0.563073	2.938905	5.846713
260	30	2.344734	0.541352	2.723378	5.609464
260	31	2.344734	0.516981	2.481562	5.343278
260	32	2.344734	0.559478	2.903238	5.807451
260	33	2.344734	0.526512	2.576126	5.447372
260	34	2.344734	0.482689	2.141295	4.968719
260	35	2.344734	0.551152	3.085443	5.981330
260	36	2.344734	0.498462	2.297801	5.140998
260	37	2.344734	0.533317	2.643653	5.521704
260	38	2.344734	0.490303	2.216841	5.051877
260	39	2.344734	0.529836	2.609108	5.483678
260	40	2.344734	0.543769	2.959220	5.847724
260	41	2.344734	0.516213	2.473937	5.334884
260	42	2.344734	0.541352	2.723378	5.609464
260	43	2.344734	0.565687	2.964838	5.875259
260	44	2.344734	0.516213	2.473937	5.334884
260	45	2.344734	0.498462	2.297801	5.140998
260	46	2.344734	0.533317	2.643653	5.521704
260	47	2.344734	0.492850	2.242118	5.079703
260	48	2.344734	0.509867	2.410973	5.265575
260	49	2.344734	0.483591	2.150245	4.978570
260	50	2.344734	0.577295	3.080025	6.002055
260	51	2.344734	0.490303	2.216841	5.051877
260	52	2.344734	0.527354	2.584480	5.456568
260	53	2.344734	0.558996	2.898449	5.802179
260	54	2.344734	0.520303	2.514520	5.379557
260	55	2.344734	0.546695	2.776392	5.667821
260	56	2.344734	0.440810	1.725755	4.511300
260	57	2.344734	0.548781	2.797096	5.690611
260	58	2.344734	0.551152	3.085443	5.981330
260	59	2.344734	0.491574	2.229452	5.065760
260	60	2.344734	0.551933	3.146148	6.042815
260	61	2.344734	0.469560	2.011021	4.825315
260	62	2.344734	0.529477	2.605547	5.479758
260	63	2.344734	0.571164	3.019192	5.935090
260	64	2.344734	0.578244	3.089442	6.012420
260	65	2.344734	0.457744	2.476381	5.278860
260	66	2.344734	0.533317	2.643653	5.521704
260	67	2.344734	0.585765	3.164065	6.094564
260	68	2.344734	0.568776	2.995490	5.909000
260	69	2.344734	0.516385	2.475646	5.336766
260	70	2.344734	0.587436	3.233607	6.165777
260	71	2.344734	0.481555	2.130045	4.956335
260	72	2.344734	0.561683	2.925109	5.831526
260	73	2.344734	0.577088	3.077967	5.999789
260	74	2.344734	0.575337	3.060600	5.980672
260	75	2.344734	0.529477	2.605547	5.479758
260	76	2.344734	0.440810	1.725755	4.511300
260	77	2.344734	0.577295	3.080025	6.002055
260	78	2.344734	0.541352	2.723378	5.609464
260	79	2.344734	0.431776	1.636114	4.412625
260	80	2.344734	0.465804	1.973754	4.784292
260	81	2.344734	0.490303	2.216841	5.051877
260	82	2.344734	0.577295	3.080025	6.002055
260	83	2.344734	0.485358	2.167777	4.997869
260	84	2.344734	0.565687	2.964838	5.875259
260	85	2.344734	0.541438	2.724232	5.610405
260	86	2.344734	0.539026	2.700298	5.584058
260	87	2.344734	0.438529	1.703115	4.486378
260	88	2.344734	0.509867	2.410973	5.265575
260	89	2.344734	0.541352	2.723378	5.609464
260	90	2.344734	0.489720	2.211060	5.045514
260	91	2.344734	0.435106	1.669157	4.448998
260	92	2.344734	0.483591	2.150245	4.978570
260	93	2.344734	0.481551	2.130008	4.956294
260	94	2.344734	0.561683	2.925109	5.831526
260	95	2.344734	0.535966	3.040684	5.921384
260	96	2.344734	0.469560	2.011021	4.825315
260	97	2.344734	0.529836	2.609108	5.483678
260	98	2.344734	0.467037	1.985993	4.797765
260	99	2.344734	0.543769	2.959220	5.847724
261	0	2.336933	0.470890	2.024218	4.832041
261	1	2.336933	0.550597	2.815115	5.702645
261	2	2.336933	0.635308	3.655654	6.627894
261	3	2.336933	0.468425	1.999762	4.805120
261	4	2.336933	0.558932	2.897812	5.793676
261	5	2.336933	0.553771	2.846609	5.737313
261	6	2.336933	0.499749	2.310574	5.147256
261	7	2.336933	0.468425	1.999762	4.805120
261	8	2.336933	0.515688	2.468732	5.321354
261	9	2.336933	0.577413	3.081197	5.995543
261	10	2.336933	0.499749	2.310574	5.147256
261	11	2.336933	0.511292	2.425112	5.273337
261	12	2.336933	0.558779	2.896296	5.792008
261	13	2.336933	0.609492	3.399500	6.345925
261	14	2.336933	0.504569	2.358395	5.199897
261	15	2.336933	0.592495	3.230847	6.160275
261	16	2.336933	0.534029	2.650715	5.521676
261	17	2.336933	0.477901	2.093789	4.908623
261	18	2.336933	0.543066	3.058168	5.938167
261	19	2.336933	0.464874	1.964528	4.766335
261	20	2.336933	0.471425	2.029526	4.837884
261	21	2.336933	0.577413	3.081197	5.995543
261	22	2.336933	0.543299	2.742698	5.622929
261	23	2.336933	0.553771	2.846609	5.737313
261	24	2.336933	0.470890	2.024218	4.832041
261	25	2.336933	0.575914	3.066324	5.979171
261	26	2.336933	0.544879	3.076157	5.957969
261	27	2.336933	0.494743	2.260906	5.092582
261	28	2.336933	0.546105	2.770542	5.653580
261	29	2.336933	0.553217	2.841109	5.731259
261	30	2.336933	0.547067	2.780087	5.664087
261	31	2.336933	0.569256	3.000252	5.906440
261	32	2.336933	0.441384	1.731444	4.509761
261	33	2.336933	0.423199	1.551011	4.311143
261	34	2.336933	0.486066	2.174802	4.997800
261	35	2.336933	0.536732	2.677537	5.551202
261	36	2.336933	0.510451	2.416762	5.264145
261	37	2.336933	0.486066	2.174802	4.997800
261	38	2.336933	0.557613	2.884733	5.779279
261	39	2.336933	0.471425	2.029526	4.837884
261	40	2.336933	0.542678	2.736536	5.616147
261	41	2.336933	0.569498	3.002662	5.909093
261	42	2.336933	0.569792	3.164469	6.071194
261	43	2.336933	0.546105	2.770542	5.653580
261	44	2.336933	0.523150	2.542774	5.402857
261	45	2.336933	0.434678	1.664904	4.436514
261	46	2.336933	0.464874	1.964528	4.766335
261	47	2.336933	0.504569	2.358395	5.199897
261	48	2.336933	0.490156	2.215389	5.042478
261	49	2.336933	0.534585	2.656232	5.527749
261	50	2.336933	0.523150	2.542774	5.402857
261	51	2.336933	0.491002	2.223786	5.051721
261	52	2.336933	0.489309	2.206984	5.033226
261	53	2.336933	0.577413	3.081197	5.995543
261	54	2.336933	0.411643	1.436346	4.184922
261	55	2.336933	0.482454	2.138962	4.958349
261	56	2.336933	0.569498	3.002662	5.909093
261	57	2.336933	0.482634	2.140754	4.960321
261	58	2.336933	0.608625	3.390897	6.336455
261	59	2.336933	0.499749	2.310574	5.147256
261	60	2.336933	0.546923	2.778654	5.662509
261	61	2.336933	0.523150	2.542774	5.402857
261	62	2.336933	0.557613	2.884733	5.779279
261	63	2.336933	0.570449	3.012093	5.919474
261	64	2.336933	0.536732	2.677537	5.551202
261	65	2.336933	0.577413	3.081197	5.995543
261	66	2.336933	0.468425	1.999762	4.805120
261	67	2.336933	0.575914	3.066324	5.979171
261	68	2.336933	0.529069	2.601503	5.467505
261	69	2.336933	0.482634	2.140754	4.960321
261	70	2.336933	0.441384	1.731444	4.509761
261	71	2.336933	0.607613	3.486779	6.431324
261	72	2.336933	0.546105	2.770542	5.653580
261	73	2.336933	0.490156	2.215389	5.042478
261	74	2.336933	0.471425	2.029526	4.837884
261	75	2.336933	0.534747	2.922659	5.794339
261	76	2.336933	0.482634	2.140754	4.960321
261	77	2.336933	0.607613	3.486779	6.431324
261	78	2.336933	0.501221	2.325182	5.163336
261	79	2.336933	0.577413	3.081197	5.995543
261	80	2.336933	0.480638	2.120946	4.938517
261	81	2.336933	0.546105	2.770542	5.653580
261	82	2.336933	0.494583	2.259312	5.090828
261	83	2.336933	0.532162	2.632192	5.501287
261	84	2.336933	0.463207	2.371699	5.171839
261	85	2.336933	0.494743	2.260906	5.092582
261	86	2.336933	0.534029	2.650715	5.521676
261	87	2.336933	0.532162	2.632192	5.501287
261	88	2.336933	0.522713	2.750291	5.609937
261	89	2.336933	0.494583	2.259312	5.090828
261	90	2.336933	0.477901	2.093789	4.908623
261	91	2.336933	0.491002	2.223786	5.051721
261	92	2.336933	0.422686	2.234441	4.994059
261	93	2.336933	0.523150	2.542774	5.402857
261	94	2.336933	0.501221	2.325182	5.163336
261	95	2.336933	0.526308	2.574108	5.437349
261	96	2.336933	0.470636	2.551337	5.358906
261	97	2.336933	0.491002	2.223786	5.051721
261	98	2.336933	0.456274	1.879188	4.672394
261	99	2.336933	0.542678	2.736536	5.616147
262	0	2.200884	0.424909	1.567976	4.193770
262	1	2.200884	0.500216	2.315205	5.016305
262	2	2.200884	0.545794	2.767456	5.514134
262	3	2.200884	0.513137	2.443412	5.157432
262	4	2.200884	0.452199	1.838755	4.491837
262	5	2.200884	0.457788	2.423854	5.082527
262	6	2.200884	0.548590	2.795196	5.544669
262	7	2.200884	0.496658	2.650649	5.348191
262	8	2.200884	0.508244	2.394868	5.103996
262	9	2.200884	0.532336	2.633921	5.367141
262	10	2.200884	0.529900	2.874562	5.605346
262	11	2.200884	0.494262	2.256128	4.951273
262	12	2.200884	0.590464	3.210689	6.002036
262	13	2.200884	0.551913	2.828169	5.580966
262	14	2.200884	0.457788	2.423854	5.082527
262	15	2.200884	0.541151	2.721388	5.463423
262	16	2.200884	0.547852	2.787877	5.536613
262	17	2.200884	0.557792	2.886510	5.645186
262	18	2.200884	0.547852	2.787877	5.536613
262	19	2.200884	0.633724	3.639943	6.474551
262	20	2.200884	0.603790	3.342920	6.147594
262	21	2.200884	0.481222	2.126734	4.808840
262	22	2.200884	0.575740	3.064595	5.841219
262	23	2.200884	0.518335	2.494992	5.214211
262	24	2.200884	0.500216	2.315205	5.016305
262	25	2.200884	0.513137	2.443412	5.157432
262	26	2.200884	0.532016	2.630744	5.363644
262	27	2.200884	0.544749	2.757087	5.502720
262	28	2.200884	0.514534	2.457276	5.172694
262	29	2.200884	0.537744	2.687581	5.426210
262	30	2.200884	0.535102	2.661359	5.397344
262	31	2.200884	0.499078	2.303915	5.003877
262	32	2.200884	0.492854	2.242159	4.935897
262	33	2.200884	0.551207	2.821166	5.573257
262	34	2.200884	0.508244	2.394868	5.103996
262	35	2.200884	0.496922	2.282525	4.980331
262	36	2.200884	0.583985	3.146406	5.931276
262	37	2.200884	0.499078	2.303915	5.003877
262	38	2.200884	0.492854	2.242159	4.935897
262	39	2.200884	0.478016	2.094926	4.773826
262	40	2.200884	0.544749	2.757087	5.502720
262	41	2.200884	0.532016	2.630744	5.363644
262	42	2.200884	0.543187	2.900476	5.644546
262	43	2.200884	0.575740	3.064595	5.841219
262	44	2.200884	0.633724	3.639943	6.474551
262	45	2.200884	0.570501	3.012608	5.783992
262	46	2.200884	0.499078	2.303915	5.003877
262	47	2.200884	0.478016	2.094926	4.773826
262	48	2.200884	0.583985	3.146406	5.931276
262	49	2.200884	0.484390	2.158178	4.843452
262	50	2.200884	0.570501	3.012608	5.783992
262	51	2.200884	0.545794	2.767456	5.514134
262	52	2.200884	0.424909	1.567976	4.193770
262	53	2.200884	0.575085	3.216990	5.992960
262	54	2.200884	0.481222	2.126734	4.808840
262	55	2.200884	0.500245	2.315497	5.016626
262	56	2.200884	0.478016	2.094926	4.773826
262	57	2.200884	0.532016	2.630744	5.363644
262	58	2.200884	0.493690	2.250448	4.945021
262	59	2.200884	0.492854	2.242159	4.935897
262	60	2.200884	0.603790	3.342920	6.147594
262	61	2.200884	0.495019	2.263643	4.959546
262	62	2.200884	0.525599	2.567065	5.293548
262	63	2.200884	0.532336	2.633921	5.367141
262	64	2.200884	0.603790	3.342920	6.147594
262	65	2.200884	0.503397	2.346767	5.051048
262	66	2.200884	0.545794	2.767456	5.514134
262	67	2.200884	0.570501	3.012608	5.783992
262	68	2.200884	0.583573	3.301210	6.085667
262	69	2.200884	0.534417	2.654569	5.389871
262	70	2.200884	0.492854	2.242159	4.935897
262	71	2.200884	0.543322	2.742927	5.487133
262	72	2.200884	0.633724	3.639943	6.474551
262	73	2.200884	0.523242	2.543680	5.267806
262	74	2.200884	0.493690	2.250448	4.945021
262	75	2.200884	0.535102	2.661359	5.397344
262	76	2.200884	0.534417	2.654569	5.389871
262	77	2.200884	0.474001	2.055093	4.729979
262	78	2.200884	0.564591	3.218791	5.984267
262	79	2.200884	0.544749	2.757087	5.502720
262	80	2.200884	0.545794	2.767456	5.514134
262	81	2.200884	0.495019	2.263643	4.959546
262	82	2.200884	0.551207	2.821166	5.573257
262	83	2.200884	0.537752	2.687656	5.426292
262	84	2.200884	0.502986	2.342694	5.046564
262	85	2.200884	0.571236	3.019905	5.792025
262	86	2.200884	0.557792	2.886510	5.645186
262	87	2.200884	0.342887	1.707458	4.251229
262	88	2.200884	0.552404	2.886009	5.639297
262	89	2.200884	0.534417	2.654569	5.389871
262	90	2.200884	0.532336	2.633921	5.367141
262	91	2.200884	0.590464	3.210689	6.002036
262	92	2.200884	0.557216	2.880789	5.638889
262	93	2.200884	0.548590	2.795196	5.544669
262	94	2.200884	0.557216	2.880789	5.638889
262	95	2.200884	0.633724	3.639943	6.474551
262	96	2.200884	0.527354	2.584482	5.312720
262	97	2.200884	0.603790	3.342920	6.147594
262	98	2.200884	0.570501	3.012608	5.783992
262	99	2.200884	0.513137	2.443412	5.157432
263	0	2.261041	0.470345	2.018815	4.750201
263	1	2.261041	0.533202	2.642513	5.436756
263	2	2.261041	0.599249	3.297864	6.158155
263	3	2.261041	0.484214	2.580139	5.325394
263	4	2.261041	0.497834	2.291567	5.050442
263	5	2.261041	0.411848	1.438378	4.111268
263	6	2.261041	0.531198	2.940410	5.732649
263	7	2.261041	0.470233	2.017704	4.748978
263	8	2.261041	0.467336	1.988953	4.717330
263	9	2.261041	0.532878	2.639298	5.433217
263	10	2.261041	0.565730	2.965267	5.792038
263	11	2.261041	0.563324	2.941400	5.765765
263	12	2.261041	0.502636	2.339221	5.102898
263	13	2.261041	0.561083	2.919157	5.741281
263	14	2.261041	0.545558	2.765109	5.571708
263	15	2.261041	0.486134	2.175477	4.922652
263	16	2.261041	0.528047	2.591357	5.380445
263	17	2.261041	0.544476	2.754373	5.559890
263	18	2.261041	0.563743	3.104444	5.929228
263	19	2.261041	0.624244	3.545874	6.431160
263	20	2.261041	0.542026	2.730065	5.533132
263	21	2.261041	0.561083	2.919157	5.741281
263	22	2.261041	0.528560	2.596455	5.386057
263	23	2.261041	0.500609	2.319106	5.080756
263	24	2.261041	0.496732	2.280632	5.038405
263	25	2.261041	0.478077	2.095533	4.834651
263	26	2.261041	0.497834	2.291567	5.050442
263	27	2.261041	0.486134	2.175477	4.922652
263	28	2.261041	0.547969	2.789038	5.598048
263	29	2.261041	0.610898	3.413452	6.285391
263	30	2.261041	0.492452	2.238168	4.991662
263	31	2.261041	0.658833	3.889081	6.808955
263	32	2.261041	0.545558	2.765109	5.571708
263	33	2.261041	0.533399	2.909286	5.703727
263	34	2.261041	0.507755	2.707793	5.476589
263	35	2.261041	0.561790	2.926172	5.749003
263	36	2.261041	0.513231	2.444345	5.218617
263	37	2.261041	0.470345	2.018815	4.750201
263	38	2.261041	0.583918	3.145742	5.990702
263	39	2.261041	0.542026	2.730065	5.533132
263	40	2.261041	0.470233	2.017704	4.748978
263	41	2.261041	0.532878	2.639298	5.433217
263	42	2.261041	0.535015	2.660502	5.456558
263	43	2.261041	0.500609	2.319106	5.080756
263	44	2.261041	0.527637	2.587289	5.375967
263	45	2.261041	0.478077	2.095533	4.834651
263	46	2.261041	0.528560	2.596455	5.386057
263	47	2.261041	0.545558	2.765109	5.571708
263	48	2.261041	0.494820	2.261664	5.017525
263	49	2.261041	0.563324	2.941400	5.765765
263	50	2.261041	0.558372	2.998186	5.817599
263	51	2.261041	0.559410	2.902559	5.723010
263	52	2.261041	0.580528	3.112100	5.953669
263	53	2.261041	0.548734	3.061449	5.871224
263	54	2.261041	0.561790	2.926172	5.749003
263	55	2.261041	0.550087	2.810055	5.621183
263	56	2.261041	0.542026	2.730065	5.533132
263	57	2.261041	0.477600	2.090795	4.829436
263	58	2.261041	0.574719	3.054466	5.890227
263	59	2.261041	0.527637	2.587289	5.375967
263	60	2.261041	0.540338	2.713321	5.514701
263	61	2.261041	0.583918	3.145742	5.990702
263	62	2.261041	0.580528	3.112100	5.953669
263	63	2.261041	0.522286	2.534195	5.317522
263	64	2.261041	0.505163	2.364293	5.130497
263	65	2.261041	0.486134	2.175477	4.922652
263	66	2.261041	0.599249	3.297864	6.158155
263	67	2.261041	0.502636	2.339221	5.102898
263	68	2.261041	0.434759	2.301271	4.997071
263	69	2.261041	0.559410	2.902559	5.723010
263	70	2.261041	0.505163	2.364293	5.130497
263	71	2.261041	0.544476	2.754373	5.559890
263	72	2.261041	0.527637	2.587289	5.375967
263	73	2.261041	0.585326	3.159707	6.006074
263	74	2.261041	0.492452	2.238168	4.991662
263	75	2.261041	0.534117	2.651587	5.446746
263	76	2.261041	0.485107	2.165285	4.911433
263	77	2.261041	0.531198	2.940410	5.732649
263	78	2.261041	0.520920	2.732496	5.514457
263	79	2.261041	0.574719	3.054466	5.890227
263	80	2.261041	0.542552	2.735285	5.538878
263	81	2.261041	0.503008	2.342915	5.106965
263	82	2.261041	0.540338	2.713321	5.514701
263	83	2.261041	0.528040	2.591293	5.380374
263	84	2.261041	0.535015	2.660502	5.456558
263	85	2.261041	0.505060	2.363277	5.129378
263	86	2.261041	0.477600	2.090795	4.829436
263	87	2.261041	0.450866	1.825530	4.537438
263	88	2.261041	0.551328	2.822369	5.634739
263	89	2.261041	0.528560	2.596455	5.386057
263	90	2.261041	0.586109	3.167481	6.014631
263	91	2.261041	0.478077	2.095533	4.834651
263	92	2.261041	0.542552	2.735285	5.538878
263	93	2.261041	0.547969	2.789038	5.598048
263	94	2.261041	0.533202	2.642513	5.436756
263	95	2.261041	0.585326	3.159707	6.006074
263	96	2.261041	0.496732	2.280632	5.038405
263	97	2.261041	0.544476	2.754373	5.559890
263	98	2.261041	0.528040	2.591293	5.380374
263	99	2.261041	0.470345	2.018815	4.750201
264	0	2.257756	0.500845	2.321449	5.080050
264	1	2.257756	0.500526	2.318280	5.076561
264	2	2.257756	0.564197	2.950057	5.772010
264	3	2.257756	0.555428	3.180834	5.994018
264	4	2.257756	0.601433	3.372495	6.231684
264	5	2.257756	0.522565	2.536960	5.317280
264	6	2.257756	0.464482	1.960635	4.682872
264	7	2.257756	0.488643	2.200378	4.946777
264	8	2.257756	0.492537	2.239013	4.989305
264	9	2.257756	0.517395	2.909376	5.684527
264	10	2.257756	0.541261	2.881368	5.680385
264	11	2.257756	0.586340	3.169776	6.013872
264	12	2.257756	0.581127	3.118045	5.956927
264	13	2.257756	0.464482	1.960635	4.682872
264	14	2.257756	0.492537	2.239013	4.989305
264	15	2.257756	0.487584	2.189871	4.935211
264	16	2.257756	0.475979	2.074712	4.808446
264	17	2.257756	0.526290	2.573927	5.357972
264	18	2.257756	0.464482	1.960635	4.682872
264	19	2.257756	0.543663	2.746308	5.547727
264	20	2.257756	0.492537	2.239013	4.989305
264	21	2.257756	0.602231	3.327455	6.187442
264	22	2.257756	0.501909	2.332009	5.091674
264	23	2.257756	0.525182	2.562933	5.345871
264	24	2.257756	0.558848	2.896980	5.713584
264	25	2.257756	0.544848	2.758072	5.560676
264	26	2.257756	0.499329	2.306402	5.063487
264	27	2.257756	0.466677	1.982414	4.706847
264	28	2.257756	0.475960	2.074528	4.808244
264	29	2.257756	0.581212	3.118887	5.957855
264	30	2.257756	0.462598	1.941938	4.662292
264	31	2.257756	0.557087	2.932476	5.747320
264	32	2.257756	0.490973	2.223496	4.972225
264	33	2.257756	0.434004	1.658216	4.349975
264	34	2.257756	0.584615	3.152653	5.995023
264	35	2.257756	0.545986	2.769364	5.573107
264	36	2.257756	0.526290	2.573927	5.357972
264	37	2.257756	0.604694	3.404849	6.267298
264	38	2.257756	0.517699	2.488682	5.264137
264	39	2.257756	0.494135	2.254871	5.006762
264	40	2.257756	0.554582	2.854656	5.666994
264	41	2.257756	0.607156	3.376323	6.241235
264	42	2.257756	0.490973	2.223496	4.972225
264	43	2.257756	0.584615	3.152653	5.995023
264	44	2.257756	0.479966	2.114279	4.852001
264	45	2.257756	0.512497	2.437066	5.207318
264	46	2.257756	0.564197	2.950057	5.772010
264	47	2.257756	0.533647	2.646931	5.438334
264	48	2.257756	0.539061	2.700648	5.497464
264	49	2.257756	0.606507	3.369876	6.234138
264	50	2.257756	0.525182	2.562933	5.345871
264	51	2.257756	0.500845	2.321449	5.080050
264	52	2.257756	0.522565	2.536960	5.317280
264	53	2.257756	0.521003	2.839244	5.618002
264	54	2.257756	0.564197	2.950057	5.772010
264	55	2.257756	0.530639	2.617077	5.405472
264	56	2.257756	0.545986	2.769364	5.573107
264	57	2.257756	0.545790	2.767417	5.570963
264	58	2.257756	0.527176	2.582719	5.367651
264	59	2.257756	0.530639	2.617077	5.405472
264	60	2.257756	0.501714	2.330068	5.089538
264	61	2.257756	0.544017	2.749822	5.551595
264	62	2.257756	0.545986	2.769364	5.573107
264	63	2.257756	0.533618	2.646642	5.438016
264	64	2.257756	0.607156	3.376323	6.241235
264	65	2.257756	0.439635	1.714090	4.411481
264	66	2.257756	0.537737	2.687510	5.483003
264	67	2.257756	0.581164	3.118415	5.957335
264	68	2.257756	0.554582	2.854656	5.666994
264	69	2.257756	0.543753	2.747201	5.548710
264	70	2.257756	0.521003	2.839244	5.618002
264	71	2.257756	0.522565	2.536960	5.317280
264	72	2.257756	0.490973	2.223496	4.972225
264	73	2.257756	0.410265	1.422667	4.090687
264	74	2.257756	0.479966	2.114279	4.852001
264	75	2.257756	0.517699	2.488682	5.264137
264	76	2.257756	0.546761	3.041867	5.846383
264	77	2.257756	0.570037	3.060970	5.888763
264	78	2.257756	0.496192	2.275275	5.029223
264	79	2.257756	0.554582	2.854656	5.666994
264	80	2.257756	0.543753	2.747201	5.548710
264	81	2.257756	0.500845	2.321449	5.080050
264	82	2.257756	0.602174	3.326881	6.186811
264	83	2.257756	0.544017	2.749822	5.551595
264	84	2.257756	0.522565	2.536960	5.317280
264	85	2.257756	0.533618	2.646642	5.438016
264	86	2.257756	0.496192	2.275275	5.029223
264	87	2.257756	0.581212	3.118887	5.957855
264	88	2.257756	0.462598	1.941938	4.662292
264	89	2.257756	0.590013	3.206223	6.053992
264	90	2.257756	0.533647	2.646931	5.438334
264	91	2.257756	0.537737	2.687510	5.483003
264	92	2.257756	0.581127	3.118045	5.956927
264	93	2.257756	0.534500	2.655392	5.447648
264	94	2.257756	0.496192	2.275275	5.029223
264	95	2.257756	0.577072	3.077807	5.912635
264	96	2.257756	0.468302	1.998542	4.724600
264	97	2.257756	0.544848	2.758072	5.560676
264	98	2.257756	0.581164	3.118415	5.957335
264	99	2.257756	0.496192	2.275275	5.029223
265	0	2.289220	0.573976	3.047086	5.910281
265	1	2.289220	0.501224	2.325205	5.115649
265	2	2.289220	0.431174	1.630138	4.350532
265	3	2.289220	0.593561	3.241418	6.124199
265	4	2.289220	0.508085	2.393292	5.190597
265	5	2.289220	0.550842	2.817543	5.657605
265	6	2.289220	0.531707	2.627679	5.448606
265	7	2.289220	0.616510	3.469138	6.374869
265	8	2.289220	0.539518	2.705184	5.533922
265	9	2.289220	0.493777	2.251321	5.034318
265	10	2.289220	0.570519	3.012790	5.872529
265	11	2.289220	0.538612	2.696193	5.524025
265	12	2.289220	0.423427	1.553273	4.265920
265	13	2.289220	0.570519	3.012790	5.872529
265	14	2.289220	0.539518	2.705184	5.533922
265	15	2.289220	0.537915	2.689276	5.516411
265	16	2.289220	0.468174	1.997271	4.754665
265	17	2.289220	0.472434	2.039540	4.801194
265	18	2.289220	0.485527	2.169460	4.944208
265	19	2.289220	0.591435	3.220331	6.100986
265	20	2.289220	0.523864	2.549853	5.362936
265	21	2.289220	0.485527	2.169460	4.944208
265	22	2.289220	0.548528	2.794586	5.632335
265	23	2.289220	0.501106	2.641816	5.432141
265	24	2.289220	0.472434	2.039540	4.801194
265	25	2.289220	0.525796	2.569025	5.384041
265	26	2.289220	0.439517	1.712926	4.441664
265	27	2.289220	0.538612	2.696193	5.524025
265	28	2.289220	0.486984	2.183916	4.960120
265	29	2.289220	0.431174	1.630138	4.350532
265	30	2.289220	0.614625	3.450431	6.354276
265	31	2.289220	0.485549	2.169677	4.944446
265	32	2.289220	0.555754	2.866284	5.711258
265	33	2.289220	0.570835	3.015926	5.875982
265	34	2.289220	0.555754	2.866284	5.711258
265	35	2.289220	0.492813	2.241746	5.023778
265	36	2.289220	0.505418	2.366821	5.161459
265	37	2.289220	0.555754	2.866284	5.711258
265	38	2.289220	0.523084	2.965827	5.778132
265	39	2.289220	0.586834	3.174675	6.050730
265	40	2.289220	0.639486	3.697115	6.625821
265	41	2.289220	0.474817	2.063188	4.827225
265	42	2.289220	0.508085	2.393292	5.190597
265	43	2.289220	0.518842	2.500023	5.308084
265	44	2.289220	0.503813	2.350900	5.143933
265	45	2.289220	0.486984	2.183916	4.960120
265	46	2.289220	0.540269	2.765600	5.595089
265	47	2.289220	0.601982	3.324980	6.216182
265	48	2.289220	0.537591	2.686060	5.512870
265	49	2.289220	0.555754	2.866284	5.711258
265	50	2.289220	0.400711	2.175290	4.865221
265	51	2.289220	0.508331	2.395725	5.193276
265	52	2.289220	0.574548	3.052762	5.916529
265	53	2.289220	0.474817	2.063188	4.827225
265	54	2.289220	0.592902	3.234882	6.117004
265	55	2.289220	0.474817	2.063188	4.827225
265	56	2.289220	0.584966	3.315029	6.189215
265	57	2.289220	0.492813	2.241746	5.023778
265	58	2.289220	0.600038	3.358654	6.247912
265	59	2.289220	0.575158	3.058824	5.923202
265	60	2.289220	0.557914	2.887718	5.734852
265	61	2.289220	0.538612	2.696193	5.524025
265	62	2.289220	0.557914	2.887718	5.734852
265	63	2.289220	0.558617	3.159507	6.007344
265	64	2.289220	0.442800	1.745497	4.477517
265	65	2.289220	0.566136	2.969300	5.824656
265	66	2.289220	0.485527	2.169460	4.944208
265	67	2.289220	0.574548	3.052762	5.916529
265	68	2.289220	0.448491	1.801966	4.539677
265	69	2.289220	0.575158	3.058824	5.923202
265	70	2.289220	0.543977	2.749429	5.582627
265	71	2.289220	0.508483	2.397240	5.194944
265	72	2.289220	0.491316	2.226894	5.007429
265	73	2.289220	0.530646	2.617153	5.437019
265	74	2.289220	0.531816	2.628757	5.449793
265	75	2.289220	0.547655	2.944816	5.781692
265	76	2.289220	0.505418	2.366821	5.161459
265	77	2.289220	0.496714	2.280455	5.066388
265	78	2.289220	0.542408	2.733855	5.565483
265	79	2.289220	0.423427	1.553273	4.265920
265	80	2.289220	0.516627	2.478050	5.283897
265	81	2.289220	0.496714	2.280455	5.066388
265	82	2.289220	0.501224	2.325205	5.115649
265	83	2.289220	0.503813	2.350900	5.143933
265	84	2.289220	0.558617	3.159507	6.007344
265	85	2.289220	0.575237	3.059606	5.924063
265	86	2.289220	0.570835	3.015926	5.875982
265	87	2.289220	0.573976	3.047086	5.910281
265	88	2.289220	0.487428	2.188322	4.964970
265	89	2.289220	0.496714	2.280455	5.066388
265	90	2.289220	0.485527	2.169460	4.944208
265	91	2.289220	0.537915	2.689276	5.516411
265	92	2.289220	0.565781	2.965773	5.820774
265	93	2.289220	0.468174	1.997271	4.754665
265	94	2.289220	0.542408	2.733855	5.565483
265	95	2.289220	0.543977	2.749429	5.582627
265	96	2.289220	0.503813	2.350900	5.143933
265	97	2.289220	0.570650	3.120014	5.979884
265	98	2.289220	0.543977	2.749429	5.582627
265	99	2.289220	0.459190	1.908126	4.656536
266	0	2.242339	0.521196	2.523384	5.286919
266	1	2.242339	0.472233	2.037543	4.752115
266	2	2.242339	0.476152	2.076437	4.794928
266	3	2.242339	0.583505	3.141638	5.967481
266	4	2.242339	0.469976	2.015151	4.727466
266	5	2.242339	0.574767	3.054939	5.872045
266	6	2.242339	0.485649	2.170669	4.898657
266	7	2.242339	0.535261	2.662943	5.440544
266	8	2.242339	0.445135	1.768668	4.456143
266	9	2.242339	0.604776	3.405670	6.252785
266	10	2.242339	0.533230	2.642786	5.418355
266	11	2.242339	0.471014	2.025447	4.738800
266	12	2.242339	0.555704	2.865785	5.663828
266	13	2.242339	0.590972	3.215729	6.049040
266	14	2.242339	0.515797	2.469806	5.227942
266	15	2.242339	0.539451	2.704518	5.486308
266	16	2.242339	0.421741	1.536537	4.200616
266	17	2.242339	0.485649	2.170669	4.898657
266	18	2.242339	0.554930	2.858111	5.655380
266	19	2.242339	0.554597	2.907765	5.704701
266	20	2.242339	0.507158	2.384091	5.133588
266	21	2.242339	0.594756	3.253276	6.090370
266	22	2.242339	0.554930	2.858111	5.655380
266	23	2.242339	0.472162	2.036844	4.751346
266	24	2.242339	0.460692	1.923027	4.626058
266	25	2.242339	0.485649	2.170669	4.898657
266	26	2.242339	0.414713	1.466802	4.123854
266	27	2.242339	0.473433	2.049451	4.765223
266	28	2.242339	0.536338	2.673627	5.452303
266	29	2.242339	0.554597	2.907765	5.704701
266	30	2.242339	0.494279	2.256295	4.992913
266	31	2.242339	0.594511	3.250850	6.087701
266	32	2.242339	0.575082	3.058068	5.875489
266	33	2.242339	0.536338	2.673627	5.452303
266	34	2.242339	0.561869	2.926957	5.731164
266	35	2.242339	0.561869	2.926957	5.731164
266	36	2.242339	0.433064	1.648895	4.324298
266	37	2.242339	0.531801	2.628610	5.402750
266	38	2.242339	0.571983	3.186210	6.000532
266	39	2.242339	0.484612	2.160377	4.887328
266	40	2.242339	0.533230	2.642786	5.418355
266	41	2.242339	0.488262	2.196595	4.927196
266	42	2.242339	0.491662	2.654041	5.388042
266	43	2.242339	0.507158	2.384091	5.133588
266	44	2.242339	0.531500	2.625626	5.399466
266	45	2.242339	0.579294	3.099856	5.921489
266	46	2.242339	0.507158	2.384091	5.133588
266	47	2.242339	0.535261	2.662943	5.440544
266	48	2.242339	0.514273	2.454685	5.211297
266	49	2.242339	0.488262	2.196595	4.927196
266	50	2.242339	0.485649	2.170669	4.898657
266	51	2.242339	0.531801	2.628610	5.402750
266	52	2.242339	0.622127	3.524866	6.389332
266	53	2.242339	0.524673	2.875666	5.642678
266	54	2.242339	0.521196	2.523384	5.286919
266	55	2.242339	0.531373	2.624362	5.398074
266	56	2.242339	0.517111	2.482846	5.242296
266	57	2.242339	0.524673	2.875666	5.642678
266	58	2.242339	0.580614	3.112958	5.935912
266	59	2.242339	0.466406	1.979727	4.688472
266	60	2.242339	0.536338	2.673627	5.452303
266	61	2.242339	0.490160	2.215425	4.947924
266	62	2.242339	0.492666	2.505107	5.240112
266	63	2.242339	0.531030	2.620961	5.394331
266	64	2.242339	0.469783	2.013236	4.725358
266	65	2.242339	0.490160	2.215425	4.947924
266	66	2.242339	0.507158	2.384091	5.133588
266	67	2.242339	0.478618	2.100898	4.821854
266	68	2.242339	0.472233	2.037543	4.752115
266	69	2.242339	0.646631	3.768014	6.656984
266	70	2.242339	0.484612	2.160377	4.887328
266	71	2.242339	0.421809	2.066850	4.730998
266	72	2.242339	0.471014	2.025447	4.738800
266	73	2.242339	0.473433	2.049451	4.765223
266	74	2.242339	0.622127	3.524866	6.389332
266	75	2.242339	0.490160	2.215425	4.947924
266	76	2.242339	0.509472	2.407047	5.158858
266	77	2.242339	0.469976	2.015151	4.727466
266	78	2.242339	0.469976	2.015151	4.727466
266	79	2.242339	0.531030	2.620961	5.394331
266	80	2.242339	0.599095	3.296332	6.137766
266	81	2.242339	0.460692	1.923027	4.626058
266	82	2.242339	0.544065	2.750299	5.536703
266	83	2.242339	0.508773	2.400112	5.151224
266	84	2.242339	0.530544	2.616139	5.389022
266	85	2.242339	0.539451	2.704518	5.486308
266	86	2.242339	0.523453	2.545777	5.311569
266	87	2.242339	0.536831	2.678520	5.457690
266	88	2.242339	0.531373	2.624362	5.398074
266	89	2.242339	0.513821	2.450199	5.206358
266	90	2.242339	0.554930	2.858111	5.655380
266	91	2.242339	0.494279	2.256295	4.992913
266	92	2.242339	0.594096	3.246727	6.083161
266	93	2.242339	0.473569	2.050801	4.766709
266	94	2.242339	0.482387	2.667936	5.392662
266	95	2.242339	0.466406	1.979727	4.688472
266	96	2.242339	0.594511	3.250850	6.087701
266	97	2.242339	0.486245	2.176578	4.905162
266	98	2.242339	0.472162	2.036844	4.751346
266	99	2.242339	0.574767	3.054939	5.872045
267	0	2.235007	0.437445	1.692364	4.364816
267	1	2.235007	0.577910	3.086128	5.899045
267	2	2.235007	0.544945	2.759030	5.538981
267	3	2.235007	0.480329	2.117875	4.833211
267	4	2.235007	0.580841	3.168176	5.984024
267	5	2.235007	0.525278	2.563885	5.324169
267	6	2.235007	0.555048	2.859279	5.649334
267	7	2.235007	0.499790	2.310981	5.045778
267	8	2.235007	0.477408	2.088895	4.801309
267	9	2.235007	0.503352	2.346327	5.084686
267	10	2.235007	0.535026	2.660605	5.430637
267	11	2.235007	0.563243	2.940589	5.738838
267	12	2.235007	0.428495	1.603555	4.267057
267	13	2.235007	0.554859	2.857401	5.647266
267	14	2.235007	0.533626	2.646717	5.415349
267	15	2.235007	0.540016	2.710121	5.485144
267	16	2.235007	0.590922	3.374133	6.200062
267	17	2.235007	0.477215	2.086978	4.799199
267	18	2.235007	0.590922	3.374133	6.200062
267	19	2.235007	0.470522	2.020571	4.726100
267	20	2.235007	0.492683	2.240456	4.968145
267	21	2.235007	0.558268	3.050124	5.843399
267	22	2.235007	0.480329	2.117875	4.833211
267	23	2.235007	0.565573	2.963708	5.764287
267	24	2.235007	0.525278	2.563885	5.324169
267	25	2.235007	0.592326	3.229171	6.056504
267	26	2.235007	0.580926	3.116056	5.931989
267	27	2.235007	0.437445	1.692364	4.364816
267	28	2.235007	0.557718	2.885772	5.678497
267	29	2.235007	0.468466	2.000166	4.703639
267	30	2.235007	0.492683	2.240456	4.968145
267	31	2.235007	0.577910	3.086128	5.899045
267	32	2.235007	0.517566	2.487358	5.239930
267	33	2.235007	0.445232	1.769630	4.449869
267	34	2.235007	0.477215	2.086978	4.799199
267	35	2.235007	0.519253	2.504098	5.258357
267	36	2.235007	0.546264	2.772119	5.553390
267	37	2.235007	0.445232	1.769630	4.449869
267	38	2.235007	0.537173	2.893766	5.665945
267	39	2.235007	0.590980	3.215813	6.041799
267	40	2.235007	0.552425	2.833255	5.620687
267	41	2.235007	0.470522	2.020571	4.726100
267	42	2.235007	0.476367	2.078569	4.789943
267	43	2.235007	0.568575	2.993497	5.797078
267	44	2.235007	0.623540	3.538886	6.397432
267	45	2.235007	0.472695	2.042132	4.749834
267	46	2.235007	0.437445	1.692364	4.364816
267	47	2.235007	0.613734	3.441589	6.290330
267	48	2.235007	0.552425	2.833255	5.620687
267	49	2.235007	0.492683	2.240456	4.968145
267	50	2.235007	0.572796	3.035382	5.843184
267	51	2.235007	0.584201	3.148544	5.967751
267	52	2.235007	0.623540	3.538886	6.397432
267	53	2.235007	0.555048	2.859279	5.649334
267	54	2.235007	0.625388	3.557227	6.417622
267	55	2.235007	0.476367	2.078569	4.789943
267	56	2.235007	0.509526	2.672406	5.416939
267	57	2.235007	0.501728	2.330211	5.066946
267	58	2.235007	0.488797	2.201906	4.925710
267	59	2.235007	0.560249	2.910886	5.706142
267	60	2.235007	0.525278	2.563885	5.324169
267	61	2.235007	0.500080	2.790533	5.525619
267	62	2.235007	0.464607	1.961873	4.661486
267	63	2.235007	0.553013	2.839087	5.627107
267	64	2.235007	0.565199	2.959997	5.760203
267	65	2.235007	0.503352	2.346327	5.084686
267	66	2.235007	0.517566	2.487358	5.239930
267	67	2.235007	0.472695	2.042132	4.749834
267	68	2.235007	0.477408	2.088895	4.801309
267	69	2.235007	0.540016	2.710121	5.485144
267	70	2.235007	0.584201	3.148544	5.967751
267	71	2.235007	0.489175	2.205651	4.929833
267	72	2.235007	0.428495	1.603555	4.267057
267	73	2.235007	0.541353	3.041169	5.817528
267	74	2.235007	0.561654	2.924822	5.721482
267	75	2.235007	0.511567	2.427841	5.174415
267	76	2.235007	0.503352	2.346327	5.084686
267	77	2.235007	0.599248	3.403777	6.238031
267	78	2.235007	0.500080	2.790533	5.525619
267	79	2.235007	0.480757	2.122130	4.837894
267	80	2.235007	0.476367	2.078569	4.789943
267	81	2.235007	0.472695	2.042132	4.749834
267	82	2.235007	0.555347	2.862247	5.652601
267	83	2.235007	0.565199	2.959997	5.760203
267	84	2.235007	0.464607	1.961873	4.661486
267	85	2.235007	0.489175	2.205651	4.929833
267	86	2.235007	0.609280	3.397392	6.241678
267	87	2.235007	0.560249	2.910886	5.706142
267	88	2.235007	0.437445	1.692364	4.364816
267	89	2.235007	0.572796	3.035382	5.843184
267	90	2.235007	0.527879	2.589693	5.352579
267	91	2.235007	0.525278	2.563885	5.324169
267	92	2.235007	0.540016	2.710121	5.485144
267	93	2.235007	0.412467	1.444519	4.091992
267	94	2.235007	0.499790	2.310981	5.045778
267	95	2.235007	0.527879	2.589693	5.352579
267	96	2.235007	0.553013	2.839087	5.627107
267	97	2.235007	0.527879	2.589693	5.352579
267	98	2.235007	0.540016	2.710121	5.485144
267	99	2.235007	0.437445	1.692364	4.364816
268	0	2.176075	0.520602	2.517488	5.214165
268	1	2.176075	0.568080	2.988585	5.732739
268	2	2.176075	0.469154	2.006991	4.652220
268	3	2.176075	0.535244	2.768704	5.480023
268	4	2.176075	0.536003	2.670299	5.382376
268	5	2.176075	0.561553	2.923828	5.661456
268	6	2.176075	0.504657	2.359269	5.040001
268	7	2.176075	0.605777	3.362634	6.144485
268	8	2.176075	0.489108	2.204988	4.870170
268	9	2.176075	0.506479	2.377356	5.059911
268	10	2.176075	0.486368	2.177803	4.840246
268	11	2.176075	0.450224	1.819161	4.445460
268	12	2.176075	0.499583	2.308923	4.984581
268	13	2.176075	0.536003	2.670299	5.382376
268	14	2.176075	0.593481	3.240633	6.010189
268	15	2.176075	0.527699	2.587904	5.291677
268	16	2.176075	0.517571	2.487414	5.181060
268	17	2.176075	0.611407	3.418500	6.205982
268	18	2.176075	0.435780	1.675843	4.287697
268	19	2.176075	0.488452	2.198476	4.863003
268	20	2.176075	0.525022	2.826161	5.527257
268	21	2.176075	0.536869	2.678899	5.391843
268	22	2.176075	0.550936	2.818477	5.545488
268	23	2.176075	0.527699	2.587904	5.291677
268	24	2.176075	0.450224	1.819161	4.445460
268	25	2.176075	0.600644	3.311709	6.088428
268	26	2.176075	0.614696	3.451130	6.241901
268	27	2.176075	0.550936	2.818477	5.545488
268	28	2.176075	0.477817	2.092955	4.746847
268	29	2.176075	0.516643	2.478202	5.170920
268	30	2.176075	0.544782	2.916307	5.637165
268	31	2.176075	0.544782	2.916307	5.637165
268	32	2.176075	0.515549	2.467347	5.158971
268	33	2.176075	0.446129	1.778531	4.400735
268	34	2.176075	0.519527	2.506821	5.202423
268	35	2.176075	0.501785	2.330772	5.008632
268	36	2.176075	0.471583	2.401838	5.049496
268	37	2.176075	0.494791	2.261374	4.932239
268	38	2.176075	0.579407	3.100980	5.856462
268	39	2.176075	0.527699	2.587904	5.291677
268	40	2.176075	0.507067	2.383182	5.066323
268	41	2.176075	0.450224	1.819161	4.445460
268	42	2.176075	0.467207	1.987673	4.630954
268	43	2.176075	0.574839	3.055657	5.806571
268	44	2.176075	0.543941	3.066851	5.786866
268	45	2.176075	0.504657	2.359269	5.040001
268	46	2.176075	0.552116	2.830187	5.558378
268	47	2.176075	0.582665	3.133307	5.892047
268	48	2.176075	0.501785	2.330772	5.008632
268	49	2.176075	0.582665	3.133307	5.892047
268	50	2.176075	0.592214	3.228057	5.996346
268	51	2.176075	0.647437	3.776006	6.599517
268	52	2.176075	0.477817	2.092955	4.746847
268	53	2.176075	0.488452	2.198476	4.863003
268	54	2.176075	0.499583	2.308923	4.984581
268	55	2.176075	0.555099	2.859786	5.590960
268	56	2.176075	0.544618	2.755784	5.476476
268	57	2.176075	0.472278	2.037989	4.686341
268	58	2.176075	0.518195	2.493604	5.187874
268	59	2.176075	0.472278	2.037989	4.686341
268	60	2.176075	0.488452	2.198476	4.863003
268	61	2.176075	0.504485	2.357569	5.038129
268	62	2.176075	0.552116	2.830187	5.558378
268	63	2.176075	0.515549	2.467347	5.158971
268	64	2.176075	0.572775	3.035177	5.784027
268	65	2.176075	0.517571	2.487414	5.181060
268	66	2.176075	0.509033	2.402696	5.087804
268	67	2.176075	0.611407	3.418500	6.205982
268	68	2.176075	0.568029	3.146970	5.891073
268	69	2.176075	0.538574	2.695814	5.410462
268	70	2.176075	0.506479	2.377356	5.059911
268	71	2.176075	0.528368	2.594541	5.298983
268	72	2.176075	0.479614	2.110782	4.766471
268	73	2.176075	0.487780	2.191809	4.855663
268	74	2.176075	0.497594	2.289186	4.962855
268	75	2.176075	0.611407	3.418500	6.205982
268	76	2.176075	0.488452	2.198476	4.863003
268	77	2.176075	0.561553	2.923828	5.661456
268	78	2.176075	0.497594	2.289186	4.962855
268	79	2.176075	0.571541	3.022928	5.770544
268	80	2.176075	0.488452	2.198476	4.863003
268	81	2.176075	0.509033	2.402696	5.087804
268	82	2.176075	0.563882	3.158788	5.898745
268	83	2.176075	0.486368	2.177803	4.840246
268	84	2.176075	0.499583	2.308923	4.984581
268	85	2.176075	0.555099	2.859786	5.590960
268	86	2.176075	0.450224	1.819161	4.445460
268	87	2.176075	0.592214	3.228057	5.996346
268	88	2.176075	0.542910	2.738838	5.457823
268	89	2.176075	0.568080	2.988585	5.732739
268	90	2.176075	0.560557	2.913940	5.650571
268	91	2.176075	0.492694	2.770207	5.438976
268	92	2.176075	0.611407	3.418500	6.205982
268	93	2.176075	0.501160	2.324576	5.001812
268	94	2.176075	0.552599	2.834978	5.563651
268	95	2.176075	0.472278	2.037989	4.686341
268	96	2.176075	0.574839	3.055657	5.806571
268	97	2.176075	0.548918	3.063272	5.788265
268	98	2.176075	0.499583	2.308923	4.984581
268	99	2.176075	0.576099	3.068157	5.820331
269	0	2.221601	0.560506	2.913430	5.695537
269	1	2.221601	0.465341	1.969159	4.656101
269	2	2.221601	0.503736	2.773842	5.499179
269	3	2.221601	0.489403	2.207918	4.918923
269	4	2.221601	0.477063	2.085467	4.784131
269	5	2.221601	0.572657	3.033999	5.828257
269	6	2.221601	0.517043	2.482169	5.220813
269	7	2.221601	0.429311	1.611651	4.262563
269	8	2.221601	0.447221	1.789361	4.458183
269	9	2.221601	0.476643	2.081306	4.779551
269	10	2.221601	0.429311	1.611651	4.262563
269	11	2.221601	0.489403	2.207918	4.918923
269	12	2.221601	0.599705	3.302383	6.123689
269	13	2.221601	0.465341	1.969159	4.656101
269	14	2.221601	0.559294	2.901412	5.682308
269	15	2.221601	0.470064	2.598623	5.290288
269	16	2.221601	0.466685	1.982497	4.670784
269	17	2.221601	0.558454	2.893076	5.673131
269	18	2.221601	0.608334	3.388010	6.217945
269	19	2.221601	0.424566	1.564570	4.210737
269	20	2.221601	0.584488	3.151391	5.957480
269	21	2.221601	0.458177	1.898077	4.577855
269	22	2.221601	0.582885	3.241419	6.045905
269	23	2.221601	0.552956	3.050376	5.824933
269	24	2.221601	0.447221	1.789361	4.458183
269	25	2.221601	0.565243	3.013406	5.800251
269	26	2.221601	0.539895	2.708923	5.470420
269	27	2.221601	0.526467	2.575679	5.323747
269	28	2.221601	0.490080	2.479448	5.191129
269	29	2.221601	0.444521	2.398140	5.064262
269	30	2.221601	0.517043	2.482169	5.220813
269	31	2.221601	0.465341	1.969159	4.656101
269	32	2.221601	0.458177	1.898077	4.577855
269	33	2.221601	0.469451	2.009943	4.700995
269	34	2.221601	0.458177	1.898077	4.577855
269	35	2.221601	0.556256	2.871262	5.649119
269	36	2.221601	0.529545	2.606223	5.357369
269	37	2.221601	0.473643	2.051533	4.746777
269	38	2.221601	0.506024	2.372841	5.100467
269	39	2.221601	0.569666	3.004328	5.795595
269	40	2.221601	0.441231	1.729933	4.392765
269	41	2.221601	0.582885	3.241419	6.045905
269	42	2.221601	0.526467	2.575679	5.323747
269	43	2.221601	0.503237	2.345186	5.070024
269	44	2.221601	0.516463	2.476418	5.214483
269	45	2.221601	0.506610	2.378656	5.106867
269	46	2.221601	0.558454	2.893076	5.673131
269	47	2.221601	0.523681	2.548036	5.293318
269	48	2.221601	0.556256	2.871262	5.649119
269	49	2.221601	0.542413	2.733902	5.497916
269	50	2.221601	0.560139	2.909796	5.691536
269	51	2.221601	0.409408	1.414165	4.045174
269	52	2.221601	0.656515	3.866084	6.744200
269	53	2.221601	0.599705	3.302383	6.123689
269	54	2.221601	0.542413	2.733902	5.497916
269	55	2.221601	0.469451	2.009943	4.700995
269	56	2.221601	0.502282	2.335704	5.059586
269	57	2.221601	0.472274	2.037953	4.731828
269	58	2.221601	0.474922	2.064222	4.760745
269	59	2.221601	0.540917	2.719058	5.481576
269	60	2.221601	0.472274	2.037953	4.731828
269	61	2.221601	0.506610	2.378656	5.106867
269	62	2.221601	0.526585	2.576850	5.325036
269	63	2.221601	0.565243	3.013406	5.800251
269	64	2.221601	0.476643	2.081306	4.779551
269	65	2.221601	0.480951	2.124046	4.826598
269	66	2.221601	0.540917	2.719058	5.481576
269	67	2.221601	0.599705	3.302383	6.123689
269	68	2.221601	0.548449	2.793803	5.563854
269	69	2.221601	0.599705	3.302383	6.123689
269	70	2.221601	0.541090	2.879670	5.642362
269	71	2.221601	0.505477	2.367410	5.094488
269	72	2.221601	0.519723	2.508764	5.250088
269	73	2.221601	0.513689	2.448890	5.184180
269	74	2.221601	0.529545	2.606223	5.357369
269	75	2.221601	0.513689	2.448890	5.184180
269	76	2.221601	0.593063	3.236478	6.051142
269	77	2.221601	0.599705	3.302383	6.123689
269	78	2.221601	0.482557	2.139981	4.844139
269	79	2.221601	0.555519	2.863950	5.641070
269	80	2.221601	0.508207	2.394501	5.124309
269	81	2.221601	0.506610	2.378656	5.106867
269	82	2.221601	0.480951	2.124046	4.826598
269	83	2.221601	0.559294	2.901412	5.682308
269	84	2.221601	0.599705	3.302383	6.123689
269	85	2.221601	0.500833	2.321332	5.043766
269	86	2.221601	0.455718	1.873674	4.550993
269	87	2.221601	0.517960	2.491267	5.230828
269	88	2.221601	0.548449	2.793803	5.563854
269	89	2.221601	0.517960	2.491267	5.230828
269	90	2.221601	0.560139	2.909796	5.691536
269	91	2.221601	0.539895	2.708923	5.470420
269	92	2.221601	0.556256	2.871262	5.649119
269	93	2.221601	0.531606	2.626678	5.379885
269	94	2.221601	0.489403	2.207918	4.918923
269	95	2.221601	0.594941	3.255113	6.071655
269	96	2.221601	0.470615	2.021488	4.713703
269	97	2.221601	0.513689	2.448890	5.184180
269	98	2.221601	0.590903	3.215049	6.027553
269	99	2.221601	0.523739	2.548612	5.293952
270	0	2.104237	0.474962	2.064619	4.643818
270	1	2.104237	0.639048	3.692765	6.436050
270	2	2.104237	0.510059	2.412876	5.027172
270	3	2.104237	0.544536	2.754974	5.403747
270	4	2.104237	0.588468	3.190883	5.883587
270	5	2.104237	0.606958	3.374359	6.085554
270	6	2.104237	0.618974	3.493584	6.216795
270	7	2.104237	0.619708	3.500868	6.224813
270	8	2.104237	0.442076	1.738310	4.284623
270	9	2.104237	0.451210	1.828948	4.384395
270	10	2.104237	0.548642	2.795712	5.448590
270	11	2.104237	0.510059	2.412876	5.027172
270	12	2.104237	0.512181	2.433931	5.050349
270	13	2.104237	0.552298	2.831996	5.488531
270	14	2.104237	0.569046	2.998177	5.671460
270	15	2.104237	0.523336	2.544618	5.172191
270	16	2.104237	0.513249	2.444530	5.062016
270	17	2.104237	0.487578	2.189808	4.781623
270	18	2.104237	0.597656	3.282059	5.983952
270	19	2.104237	0.491468	2.228404	4.824109
270	20	2.104237	0.520843	2.943591	5.568672
270	21	2.104237	0.572359	3.136969	5.813565
270	22	2.104237	0.487578	2.189808	4.781623
270	23	2.104237	0.548642	2.795712	5.448590
270	24	2.104237	0.456164	1.878104	4.438506
270	25	2.104237	0.553995	2.848826	5.507057
270	26	2.104237	0.529361	2.604398	5.237996
270	27	2.104237	0.447923	1.796332	4.348492
270	28	2.104237	0.545810	2.767609	5.417655
270	29	2.104237	0.644178	3.743668	6.492083
270	30	2.104237	0.523995	2.551152	5.179383
270	31	2.104237	0.477870	2.093478	4.675585
270	32	2.104237	0.477870	2.093478	4.675585
270	33	2.104237	0.509112	2.403474	5.016823
270	34	2.104237	0.510059	2.412876	5.027172
270	35	2.104237	0.545810	2.767609	5.417655
270	36	2.104237	0.514857	2.460481	5.079575
270	37	2.104237	0.544536	2.754974	5.403747
270	38	2.104237	0.514857	2.460481	5.079575
270	39	2.104237	0.517363	2.485348	5.106948
270	40	2.104237	0.512136	2.433487	5.049861
270	41	2.104237	0.477870	2.093478	4.675585
270	42	2.104237	0.456164	1.878104	4.438506
270	43	2.104237	0.548642	2.795712	5.448590
270	44	2.104237	0.464161	1.957448	4.525846
270	45	2.104237	0.547557	2.784945	5.436739
270	46	2.104237	0.474962	2.064619	4.643818
270	47	2.104237	0.520903	2.520477	5.145618
270	48	2.104237	0.513249	2.444530	5.062016
270	49	2.104237	0.552298	2.831996	5.488531
270	50	2.104237	0.520903	2.520477	5.145618
270	51	2.104237	0.600499	3.310261	6.014996
270	52	2.104237	0.515964	2.471462	5.091662
270	53	2.104237	0.542248	2.732268	5.378753
270	54	2.104237	0.420837	1.527568	4.052642
270	55	2.104237	0.472371	2.462628	5.039236
270	56	2.104237	0.436546	1.683443	4.224226
270	57	2.104237	0.559982	2.908238	5.572457
270	58	2.104237	0.512181	2.433931	5.050349
270	59	2.104237	0.619708	3.500868	6.224813
270	60	2.104237	0.516492	2.476706	5.097435
270	61	2.104237	0.507636	2.388831	5.000704
270	62	2.104237	0.451210	1.828948	4.384395
270	63	2.104237	0.532071	2.737216	5.373525
270	64	2.104237	0.447923	1.796332	4.348492
270	65	2.104237	0.464161	1.957448	4.525846
270	66	2.104237	0.487840	2.192405	4.784482
270	67	2.104237	0.606958	3.374359	6.085554
270	68	2.104237	0.600499	3.310261	6.014996
270	69	2.104237	0.479756	2.535905	5.119898
270	70	2.104237	0.586342	3.169794	5.860373
270	71	2.104237	0.588468	3.190883	5.883587
270	72	2.104237	0.565313	2.961131	5.630681
270	73	2.104237	0.610783	3.465267	6.180287
270	74	2.104237	0.507997	2.869087	5.481321
270	75	2.104237	0.504039	2.617961	5.226237
270	76	2.104237	0.477870	2.093478	4.675585
270	77	2.104237	0.600499	3.310261	6.014996
270	78	2.104237	0.588468	3.190883	5.883587
270	79	2.104237	0.512136	2.433487	5.049861
270	80	2.104237	0.659318	3.893894	6.657449
270	81	2.104237	0.525261	2.563712	5.193209
270	82	2.104237	0.639048	3.692765	6.436050
270	83	2.104237	0.569046	2.998177	5.671460
270	84	2.104237	0.529361	2.604398	5.237996
270	85	2.104237	0.523336	2.544618	5.172191
270	86	2.104237	0.565313	2.961131	5.630681
270	87	2.104237	0.545810	2.767609	5.417655
270	88	2.104237	0.553995	2.848826	5.507057
270	89	2.104237	0.509112	2.403474	5.016823
270	90	2.104237	0.512136	2.433487	5.049861
270	91	2.104237	0.515964	2.471462	5.091662
270	92	2.104237	0.565707	2.965042	5.634987
270	93	2.104237	0.586384	3.170214	5.860835
270	94	2.104237	0.569046	2.998177	5.671460
270	95	2.104237	0.538796	2.698018	5.341051
270	96	2.104237	0.487840	2.192405	4.784482
270	97	2.104237	0.549124	2.800497	5.453858
270	98	2.104237	0.490300	2.640521	5.235058
270	99	2.104237	0.491468	2.228404	4.824109
271	0	2.250896	0.546528	2.774738	5.572163
271	1	2.250896	0.631975	3.622582	6.505453
271	2	2.250896	0.546182	2.771307	5.568385
271	3	2.250896	0.548015	2.789496	5.588408
271	4	2.250896	0.483352	2.147873	4.882122
271	5	2.250896	0.527280	2.901529	5.679705
271	6	2.250896	0.586735	3.173687	6.011318
271	7	2.250896	0.496106	2.274429	5.021432
271	8	2.250896	0.604723	3.405146	6.260765
271	9	2.250896	0.531929	2.841729	5.624554
271	10	2.250896	0.471804	2.033287	4.755987
271	11	2.250896	0.600028	3.305595	6.156520
271	12	2.250896	0.560219	3.122446	5.933562
271	13	2.250896	0.557033	2.878976	5.686906
271	14	2.250896	0.454555	1.862136	4.567588
271	15	2.250896	0.500774	2.320746	5.072417
271	16	2.250896	0.528799	2.598818	5.378513
271	17	2.250896	0.512384	2.435941	5.199221
271	18	2.250896	0.482862	2.143012	4.876771
271	19	2.250896	0.423978	1.558739	4.233614
271	20	2.250896	0.467461	1.990193	4.708550
271	21	2.250896	0.560966	2.917995	5.729857
271	22	2.250896	0.463191	1.947828	4.661915
271	23	2.250896	0.600708	3.312334	6.163938
271	24	2.250896	0.508459	2.396996	5.156351
271	25	2.250896	0.601836	3.323532	6.176265
271	26	2.250896	0.560966	2.917995	5.729857
271	27	2.250896	0.467461	1.990193	4.708550
271	28	2.250896	0.454555	1.862136	4.567588
271	29	2.250896	0.590013	3.206218	6.047127
271	30	2.250896	0.573786	3.045203	5.869885
271	31	2.250896	0.543946	2.749120	5.543963
271	32	2.250896	0.538571	2.695783	5.485250
271	33	2.250896	0.463191	1.947828	4.661915
271	34	2.250896	0.525511	2.566193	5.342600
271	35	2.250896	0.482862	2.143012	4.876771
271	36	2.250896	0.527024	2.581208	5.359128
271	37	2.250896	0.536573	2.675961	5.463430
271	38	2.250896	0.527280	2.901529	5.679705
271	39	2.250896	0.415869	1.478273	4.145039
271	40	2.250896	0.549372	2.802953	5.603222
271	41	2.250896	0.495316	2.266589	5.012801
271	42	2.250896	0.527832	2.589222	5.367950
271	43	2.250896	0.572056	3.028044	5.850997
271	44	2.250896	0.528799	2.598818	5.378513
271	45	2.250896	0.528799	2.598818	5.378513
271	46	2.250896	0.439168	1.709454	4.399518
271	47	2.250896	0.526484	2.575848	5.353228
271	48	2.250896	0.505147	2.364140	5.120184
271	49	2.250896	0.423978	1.558739	4.233614
271	50	2.250896	0.519694	2.720333	5.490923
271	51	2.250896	0.553049	2.839446	5.643392
271	52	2.250896	0.519468	2.506234	5.276598
271	53	2.250896	0.532135	2.896744	5.679775
271	54	2.250896	0.589780	3.203909	6.044586
271	55	2.250896	0.456772	1.884133	4.591801
271	56	2.250896	0.495316	2.266589	5.012801
271	57	2.250896	0.553049	2.839446	5.643392
271	58	2.250896	0.589780	3.203909	6.044586
271	59	2.250896	0.549372	2.802953	5.603222
271	60	2.250896	0.610145	3.405975	6.267016
271	61	2.250896	0.590013	3.206218	6.047127
271	62	2.250896	0.560966	2.917995	5.729857
271	63	2.250896	0.546182	2.771307	5.568385
271	64	2.250896	0.476679	2.081661	4.809236
271	65	2.250896	0.485354	2.167744	4.903995
271	66	2.250896	0.467461	1.990193	4.708550
271	67	2.250896	0.485354	2.167744	4.903995
271	68	2.250896	0.572056	3.028044	5.850997
271	69	2.250896	0.532946	2.639966	5.423808
271	70	2.250896	0.496521	2.278547	5.025964
271	71	2.250896	0.505147	2.364140	5.120184
271	72	2.250896	0.580958	3.116372	5.948226
271	73	2.250896	0.471804	2.033287	4.755987
271	74	2.250896	0.486705	2.181145	4.918747
271	75	2.250896	0.492630	2.239935	4.983462
271	76	2.250896	0.526484	2.575848	5.353228
271	77	2.250896	0.519409	2.505650	5.275956
271	78	2.250896	0.527024	2.581208	5.359128
271	79	2.250896	0.527024	2.581208	5.359128
271	80	2.250896	0.506148	2.374071	5.131116
271	81	2.250896	0.496106	2.274429	5.021432
271	82	2.250896	0.610207	3.512519	6.373622
271	83	2.250896	0.601836	3.323532	6.176265
271	84	2.250896	0.546528	2.774738	5.572163
271	85	2.250896	0.546182	2.771307	5.568385
271	86	2.250896	0.505147	2.364140	5.120184
271	87	2.250896	0.527024	2.581208	5.359128
271	88	2.250896	0.519694	2.720333	5.490923
271	89	2.250896	0.586273	3.169106	6.006275
271	90	2.250896	0.548015	2.789496	5.588408
271	91	2.250896	0.526484	2.575848	5.353228
271	92	2.250896	0.565161	2.959621	5.775678
271	93	2.250896	0.560966	2.917995	5.729857
271	94	2.250896	0.496521	2.278547	5.025964
271	95	2.250896	0.526484	2.575848	5.353228
271	96	2.250896	0.505147	2.364140	5.120184
271	97	2.250896	0.463191	1.947828	4.661915
271	98	2.250896	0.508459	2.396996	5.156351
271	99	2.250896	0.546528	2.774738	5.572163
272	0	2.280321	0.474358	2.058626	4.813305
272	1	2.280321	0.573752	3.203759	6.057832
272	2	2.280321	0.445318	1.770479	4.496118
272	3	2.280321	0.500279	2.315832	5.096432
272	4	2.280321	0.471144	2.026741	4.778207
272	5	2.280321	0.408900	1.409121	4.098342
272	6	2.280321	0.532523	2.635777	5.448621
272	7	2.280321	0.483249	2.146856	4.910427
272	8	2.280321	0.583408	3.140681	6.004410
272	9	2.280321	0.435281	1.670892	4.386494
272	10	2.280321	0.471144	2.026741	4.778207
272	11	2.280321	0.445318	1.770479	4.496118
272	12	2.280321	0.435281	1.670892	4.386494
272	13	2.280321	0.471144	2.026741	4.778207
272	14	2.280321	0.531295	2.623589	5.435206
272	15	2.280321	0.539077	2.753774	5.573172
272	16	2.280321	0.569392	3.001604	5.851317
272	17	2.280321	0.483249	2.146856	4.910427
272	18	2.280321	0.474078	2.055848	4.810247
272	19	2.280321	0.542063	2.730430	5.552814
272	20	2.280321	0.603556	3.340594	6.224471
272	21	2.280321	0.583408	3.140681	6.004410
272	22	2.280321	0.556557	2.874246	5.711124
272	23	2.280321	0.464711	1.962912	4.707945
272	24	2.280321	0.500279	2.315832	5.096432
272	25	2.280321	0.533115	2.641650	5.455087
272	26	2.280321	0.492945	2.243060	5.016326
272	27	2.280321	0.476430	2.079189	4.835940
272	28	2.280321	0.497425	2.287510	5.065256
272	29	2.280321	0.587845	3.184702	6.052868
272	30	2.280321	0.474078	2.055848	4.810247
272	31	2.280321	0.569392	3.001604	5.851317
272	32	2.280321	0.453472	1.851388	4.585182
272	33	2.280321	0.518478	2.920122	5.718922
272	34	2.280321	0.576095	3.121078	5.977494
272	35	2.280321	0.497425	2.287510	5.065256
272	36	2.280321	0.471144	2.026741	4.778207
272	37	2.280321	0.519347	2.875781	5.675449
272	38	2.280321	0.558691	2.895427	5.734440
272	39	2.280321	0.574716	3.160357	6.015394
272	40	2.280321	0.473962	2.054697	4.808980
272	41	2.280321	0.473962	2.054697	4.808980
272	42	2.280321	0.552328	2.832292	5.664941
272	43	2.280321	0.542063	2.730430	5.552814
272	44	2.280321	0.545171	2.761273	5.586765
272	45	2.280321	0.435281	1.670892	4.386494
272	46	2.280321	0.555611	2.864869	5.700801
272	47	2.280321	0.408900	1.409121	4.098342
272	48	2.280321	0.527991	2.590808	5.399120
272	49	2.280321	0.473961	2.054688	4.808970
272	50	2.280321	0.553343	2.842363	5.676028
272	51	2.280321	0.571373	3.021263	5.872958
272	52	2.280321	0.531191	2.887372	5.698884
272	53	2.280321	0.483680	2.151129	4.915130
272	54	2.280321	0.477596	2.090757	4.848674
272	55	2.280321	0.432954	2.283363	4.996638
272	56	2.280321	0.560829	2.916643	5.757793
272	57	2.280321	0.472182	2.037039	4.789542
272	58	2.280321	0.473962	2.054697	4.808980
272	59	2.280321	0.527435	2.585285	5.393041
272	60	2.280321	0.510073	2.413016	5.203411
272	61	2.280321	0.431085	1.629250	4.340656
272	62	2.280321	0.527435	2.585285	5.393041
272	63	2.280321	0.427111	1.589827	4.297260
272	64	2.280321	0.498880	2.301952	5.081153
272	65	2.280321	0.492945	2.243060	5.016326
272	66	2.280321	0.560829	2.916643	5.757793
272	67	2.280321	0.477596	2.090757	4.848674
272	68	2.280321	0.576095	3.121078	5.977494
272	69	2.280321	0.583253	3.139141	6.002716
272	70	2.280321	0.474358	2.058626	4.813305
272	71	2.280321	0.550574	2.814885	5.645781
272	72	2.280321	0.483680	2.151129	4.915130
272	73	2.280321	0.533115	2.641650	5.455087
272	74	2.280321	0.553343	2.842363	5.676028
272	75	2.280321	0.439832	1.716042	4.436195
272	76	2.280321	0.489292	2.206813	4.976426
272	77	2.280321	0.538255	2.692650	5.511227
272	78	2.280321	0.532413	2.634684	5.447418
272	79	2.280321	0.545171	2.761273	5.586765
272	80	2.280321	0.576492	3.072052	5.928865
272	81	2.280321	0.408900	1.409121	4.098342
272	82	2.280321	0.513148	2.443524	5.236993
272	83	2.280321	0.474078	2.055848	4.810247
272	84	2.280321	0.464711	1.962912	4.707945
272	85	2.280321	0.473961	2.054688	4.808970
272	86	2.280321	0.560330	2.911685	5.752336
272	87	2.280321	0.550574	2.814885	5.645781
272	88	2.280321	0.560330	2.911685	5.752336
272	89	2.280321	0.576492	3.072052	5.928865
272	90	2.280321	0.577471	3.081771	5.939564
272	91	2.280321	0.579546	3.102361	5.962229
272	92	2.280321	0.545699	3.084293	5.910313
272	93	2.280321	0.551739	2.826448	5.658508
272	94	2.280321	0.569392	3.001604	5.851317
272	95	2.280321	0.506318	2.375751	5.162390
272	96	2.280321	0.489292	2.206813	4.976426
272	97	2.280321	0.583253	3.139141	6.002716
272	98	2.280321	0.473961	2.054688	4.808970
272	99	2.280321	0.472182	2.037039	4.789542
273	0	2.080072	0.599814	3.303465	5.983351
273	1	2.080072	0.569649	3.004160	5.653882
273	2	2.080072	0.491340	2.227133	4.798545
273	3	2.080072	0.475812	2.073061	4.628946
273	4	2.080072	0.583861	3.145172	5.809105
273	5	2.080072	0.455876	1.875239	4.411187
273	6	2.080072	0.548092	2.790253	5.418417
273	7	2.080072	0.553022	2.839171	5.472265
273	8	2.080072	0.544541	2.755025	5.379638
273	9	2.080072	0.486292	2.177041	4.743405
273	10	2.080072	0.510569	2.417936	5.008577
273	11	2.080072	0.510173	2.414006	5.004251
273	12	2.080072	0.590114	3.207222	5.877409
273	13	2.080072	0.524088	2.763929	5.368089
273	14	2.080072	0.552743	3.101225	5.734040
273	15	2.080072	0.617474	3.478701	6.176247
273	16	2.080072	0.527894	2.589845	5.197812
273	17	2.080072	0.538135	2.691454	5.309661
273	18	2.080072	0.486292	2.177041	4.743405
273	19	2.080072	0.592787	3.233740	5.906599
273	20	2.080072	0.548092	2.790253	5.418417
273	21	2.080072	0.622323	3.579776	6.282172
273	22	2.080072	0.611463	3.419051	6.110586
273	23	2.080072	0.538135	2.691454	5.309661
273	24	2.080072	0.513300	2.815784	5.409157
273	25	2.080072	0.495888	2.272262	4.848222
273	26	2.080072	0.567704	2.984859	5.632636
273	27	2.080072	0.491340	2.227133	4.798545
273	28	2.080072	0.548092	2.790253	5.418417
273	29	2.080072	0.573220	3.039591	5.692884
273	30	2.080072	0.515397	2.465840	5.061309
273	31	2.080072	0.553022	2.839171	5.472265
273	32	2.080072	0.544541	2.755025	5.379638
273	33	2.080072	0.603627	3.341299	6.024998
273	34	2.080072	0.494615	2.259629	4.834316
273	35	2.080072	0.521057	2.522001	5.123130
273	36	2.080072	0.528306	2.593926	5.202304
273	37	2.080072	0.544541	2.755025	5.379638
273	38	2.080072	0.520721	2.518666	5.119460
273	39	2.080072	0.558420	2.998666	5.637159
273	40	2.080072	0.520432	2.515802	5.116306
273	41	2.080072	0.556563	2.874315	5.510950
273	42	2.080072	0.491340	2.227133	4.798545
273	43	2.080072	0.530397	2.614674	5.225143
273	44	2.080072	0.567704	2.984859	5.632636
273	45	2.080072	0.558465	2.893181	5.531718
273	46	2.080072	0.549500	2.804225	5.433797
273	47	2.080072	0.567704	2.984859	5.632636
273	48	2.080072	0.514779	2.459713	5.054565
273	49	2.080072	0.580632	3.113131	5.773835
273	50	2.080072	0.458172	2.427663	4.965907
273	51	2.080072	0.611114	3.415593	6.106779
273	52	2.080072	0.539847	2.708450	5.328370
273	53	2.080072	0.520721	2.518666	5.119460
273	54	2.080072	0.510569	2.417936	5.008577
273	55	2.080072	0.567704	2.984859	5.632636
273	56	2.080072	0.523255	2.543808	5.147135
273	57	2.080072	0.619432	3.498124	6.197628
273	58	2.080072	0.437693	2.330388	4.848153
273	59	2.080072	0.475812	2.073061	4.628946
273	60	2.080072	0.583861	3.145172	5.809105
273	61	2.080072	0.558465	2.893181	5.531718
273	62	2.080072	0.603627	3.341299	6.024998
273	63	2.080072	0.549206	2.801314	5.430593
273	64	2.080072	0.549221	2.960349	5.589642
273	65	2.080072	0.458695	1.903211	4.441978
273	66	2.080072	0.495888	2.272262	4.848222
273	67	2.080072	0.583861	3.145172	5.809105
273	68	2.080072	0.494615	2.259629	4.834316
273	69	2.080072	0.599814	3.303465	5.983351
273	70	2.080072	0.514779	2.459713	5.054565
273	71	2.080072	0.614079	3.445009	6.139160
273	72	2.080072	0.664694	3.947240	6.692007
273	73	2.080072	0.569649	3.004160	5.653882
273	74	2.080072	0.486292	2.177041	4.743405
273	75	2.080072	0.515397	2.465840	5.061309
273	76	2.080072	0.599814	3.303465	5.983351
273	77	2.080072	0.510569	2.417936	5.008577
273	78	2.080072	0.495888	2.272262	4.848222
273	79	2.080072	0.586612	3.172469	5.839153
273	80	2.080072	0.495074	2.264187	4.839334
273	81	2.080072	0.427565	1.594327	4.101965
273	82	2.080072	0.611114	3.415593	6.106779
273	83	2.080072	0.530397	2.614674	5.225143
273	84	2.080072	0.583861	3.145172	5.809105
273	85	2.080072	0.599023	3.295618	5.974714
273	86	2.080072	0.475812	2.073061	4.628946
273	87	2.080072	0.486105	2.651866	5.218043
273	88	2.080072	0.592787	3.233740	5.906599
273	89	2.080072	0.590114	3.207222	5.877409
273	90	2.080072	0.458695	1.903211	4.441978
273	91	2.080072	0.449945	1.816395	4.346413
273	92	2.080072	0.514779	2.459713	5.054565
273	93	2.080072	0.611114	3.415593	6.106779
273	94	2.080072	0.548092	2.790253	5.418417
273	95	2.080072	0.583861	3.145172	5.809105
273	96	2.080072	0.513300	2.815784	5.409157
273	97	2.080072	0.560188	2.910278	5.550538
273	98	2.080072	0.461412	1.930170	4.471654
273	99	2.080072	0.520721	2.518666	5.119460
274	0	2.212560	0.583818	3.144749	5.941126
274	1	2.212560	0.537431	2.684473	5.434464
274	2	2.212560	0.533813	2.648577	5.394950
274	3	2.212560	0.532616	2.636693	5.381868
274	4	2.212560	0.532616	2.636693	5.381868
274	5	2.212560	0.437238	1.690307	4.340105
274	6	2.212560	0.607992	3.384619	6.205171
274	7	2.212560	0.486418	2.178300	4.877278
274	8	2.212560	0.473615	2.051254	4.737428
274	9	2.212560	0.470288	2.018248	4.701095
274	10	2.212560	0.609638	3.400942	6.223139
274	11	2.212560	0.470138	2.016754	4.699451
274	12	2.212560	0.553965	2.848535	5.615060
274	13	2.212560	0.501754	2.860106	5.574419
274	14	2.212560	0.556980	2.878444	5.647983
274	15	2.212560	0.498795	2.301103	5.012457
274	16	2.212560	0.559802	2.906448	5.678810
274	17	2.212560	0.566295	2.970876	5.749730
274	18	2.212560	0.511614	2.799049	5.523223
274	19	2.212560	0.607165	3.376404	6.196128
274	20	2.212560	0.499608	2.309176	5.021343
274	21	2.212560	0.557513	2.883736	5.653809
274	22	2.212560	0.478667	2.101388	4.792615
274	23	2.212560	0.480944	2.123982	4.817486
274	24	2.212560	0.516074	2.472556	5.201190
274	25	2.212560	0.515399	2.465858	5.193817
274	26	2.212560	0.470138	2.016754	4.699451
274	27	2.212560	0.592408	3.229983	6.034951
274	28	2.212560	0.500497	2.317991	5.031048
274	29	2.212560	0.475577	2.070726	4.758862
274	30	2.212560	0.587784	3.184101	5.984444
274	31	2.212560	0.583818	3.144749	5.941126
274	32	2.212560	0.504820	2.360892	5.078272
274	33	2.212560	0.448990	1.806913	4.468462
274	34	2.212560	0.473615	2.051254	4.737428
274	35	2.212560	0.548745	2.796735	5.558039
274	36	2.212560	0.516981	2.481558	5.211098
274	37	2.212560	0.561251	2.920828	5.694639
274	38	2.212560	0.583818	3.144749	5.941126
274	39	2.212560	0.461463	2.460314	5.134336
274	40	2.212560	0.620921	3.512904	6.346385
274	41	2.212560	0.607992	3.384619	6.205171
274	42	2.212560	0.504820	2.360892	5.078272
274	43	2.212560	0.546901	2.778434	5.537895
274	44	2.212560	0.492225	2.235916	4.940701
274	45	2.212560	0.516981	2.481558	5.211098
274	46	2.212560	0.470288	2.018248	4.701095
274	47	2.212560	0.563923	2.947337	5.723819
274	48	2.212560	0.566295	2.970876	5.749730
274	49	2.212560	0.477896	2.093739	4.784195
274	50	2.212560	0.548745	2.796735	5.558039
274	51	2.212560	0.581353	3.120290	5.914203
274	52	2.212560	0.489116	2.205068	4.906744
274	53	2.212560	0.482775	2.671785	5.367120
274	54	2.212560	0.473615	2.051254	4.737428
274	55	2.212560	0.548745	2.796735	5.558039
274	56	2.212560	0.592408	3.229983	6.034951
274	57	2.212560	0.451724	1.834042	4.498326
274	58	2.212560	0.561251	2.920828	5.694639
274	59	2.212560	0.597568	3.281178	6.091306
274	60	2.212560	0.525179	2.562899	5.300637
274	61	2.212560	0.573133	3.038724	5.824416
274	62	2.212560	0.443178	2.278884	4.934621
274	63	2.212560	0.577073	3.077816	5.867448
274	64	2.212560	0.557513	2.883736	5.653809
274	65	2.212560	0.473615	2.051254	4.737428
274	66	2.212560	0.569725	3.004915	5.787200
274	67	2.212560	0.476814	2.083005	4.772379
274	68	2.212560	0.411871	1.438604	4.063035
274	69	2.212560	0.548745	2.796735	5.558039
274	70	2.212560	0.569814	3.005797	5.788171
274	71	2.212560	0.569725	3.004915	5.787200
274	72	2.212560	0.451724	1.834042	4.498326
274	73	2.212560	0.600528	3.416477	6.229564
274	74	2.212560	0.502823	2.341072	5.056455
274	75	2.212560	0.546901	2.778434	5.537895
274	76	2.212560	0.583818	3.144749	5.941126
274	77	2.212560	0.595570	3.261353	6.069482
274	78	2.212560	0.437238	1.690307	4.340105
274	79	2.212560	0.502823	2.341072	5.056455
274	80	2.212560	0.451530	2.520645	5.184735
274	81	2.212560	0.557513	2.883736	5.653809
274	82	2.212560	0.511614	2.799049	5.523223
274	83	2.212560	0.424494	1.563859	4.200913
274	84	2.212560	0.553965	2.848535	5.615060
274	85	2.212560	0.499608	2.309176	5.021343
274	86	2.212560	0.561251	2.920828	5.694639
274	87	2.212560	0.553965	2.848535	5.615060
274	88	2.212560	0.609638	3.400942	6.223139
274	89	2.212560	0.531850	2.629099	5.373509
274	90	2.212560	0.492225	2.235916	4.940701
274	91	2.212560	0.608231	3.439954	6.260746
274	92	2.212560	0.437238	1.690307	4.340105
274	93	2.212560	0.553965	2.848535	5.615060
274	94	2.212560	0.533813	2.648577	5.394950
274	95	2.212560	0.480944	2.123982	4.817486
274	96	2.212560	0.478667	2.101388	4.792615
274	97	2.212560	0.587784	3.184101	5.984444
274	98	2.212560	0.475577	2.070726	4.758862
274	99	2.212560	0.589157	3.197725	5.999442
275	0	2.168010	0.475234	2.067318	4.710561
275	1	2.168010	0.562627	2.934481	5.665118
275	2	2.168010	0.538134	2.691447	5.397590
275	3	2.168010	0.513934	2.451325	5.133268
275	4	2.168010	0.490233	2.216149	4.874392
275	5	2.168010	0.471348	2.452474	5.091832
275	6	2.168010	0.540608	2.715999	5.424617
275	7	2.168010	0.494737	2.260844	4.923591
275	8	2.168010	0.561615	2.924440	5.654064
275	9	2.168010	0.542463	2.734403	5.444876
275	10	2.168010	0.495407	2.267494	4.930911
275	11	2.168010	0.481144	2.125970	4.775124
275	12	2.168010	0.468683	2.002324	4.639017
275	13	2.168010	0.456997	1.886371	4.511378
275	14	2.168010	0.471348	2.452474	5.091832
275	15	2.168010	0.490233	2.216149	4.874392
275	16	2.168010	0.469901	2.597012	5.234923
275	17	2.168010	0.508795	2.400328	5.077132
275	18	2.168010	0.521548	2.526874	5.216431
275	19	2.168010	0.508795	2.400328	5.077132
275	20	2.168010	0.587192	3.178228	5.933430
275	21	2.168010	0.605931	3.364162	6.138103
275	22	2.168010	0.481144	2.125970	4.775124
275	23	2.168010	0.594656	3.252292	6.014958
275	24	2.168010	0.411694	1.436851	4.016555
275	25	2.168010	0.516793	2.479689	5.164491
275	26	2.168010	0.570488	3.012479	5.750976
275	27	2.168010	0.609880	3.403351	6.181241
275	28	2.168010	0.538134	2.691447	5.397590
275	29	2.168010	0.498153	2.294733	4.960895
275	30	2.168010	0.618365	3.487543	6.273918
275	31	2.168010	0.494737	2.260844	4.923591
275	32	2.168010	0.599779	3.303120	6.070908
275	33	2.168010	0.499423	2.307339	4.974772
275	34	2.168010	0.585713	3.163550	5.917273
275	35	2.168010	0.513934	2.451325	5.133268
275	36	2.168010	0.489461	2.208492	4.865962
275	37	2.168010	0.442182	1.739364	4.349555
275	38	2.168010	0.513934	2.451325	5.133268
275	39	2.168010	0.525083	2.561949	5.255041
275	40	2.168010	0.594656	3.252292	6.014958
275	41	2.168010	0.579553	3.102430	5.849992
275	42	2.168010	0.573369	3.041070	5.782449
275	43	2.168010	0.506044	2.373031	5.047084
275	44	2.168010	0.481144	2.125970	4.775124
275	45	2.168010	0.556842	2.877076	5.601927
275	46	2.168010	0.502723	2.340081	5.010813
275	47	2.168010	0.585616	3.162584	5.916209
275	48	2.168010	0.600800	3.313255	6.082065
275	49	2.168010	0.519463	2.506187	5.193659
275	50	2.168010	0.411694	1.436851	4.016555
275	51	2.168010	0.456428	2.516282	5.140720
275	52	2.168010	0.494737	2.260844	4.923591
275	53	2.168010	0.394616	1.902957	4.465583
275	54	2.168010	0.455671	1.873214	4.496895
275	55	2.168010	0.579553	3.102430	5.849992
275	56	2.168010	0.547737	2.786732	5.502478
275	57	2.168010	0.468683	2.002324	4.639017
275	58	2.168010	0.572333	3.242643	5.982986
275	59	2.168010	0.562892	2.937105	5.668006
275	60	2.168010	0.534085	2.651273	5.353368
275	61	2.168010	0.534085	2.651273	5.353368
275	62	2.168010	0.594772	3.253439	6.016221
275	63	2.168010	0.502723	2.340081	5.010813
275	64	2.168010	0.579553	3.102430	5.849992
275	65	2.168010	0.508036	2.392806	5.068852
275	66	2.168010	0.455671	1.873214	4.496895
275	67	2.168010	0.513720	2.449202	5.130931
275	68	2.168010	0.513934	2.451325	5.133268
275	69	2.168010	0.547737	2.786732	5.502478
275	70	2.168010	0.542463	2.734403	5.444876
275	71	2.168010	0.570488	3.012479	5.750976
275	72	2.168010	0.573635	3.043707	5.785351
275	73	2.168010	0.570488	3.012479	5.750976
275	74	2.168010	0.534085	2.651273	5.353368
275	75	2.168010	0.562892	2.937105	5.668006
275	76	2.168010	0.465311	2.445535	5.078856
275	77	2.168010	0.607019	3.374960	6.149988
275	78	2.168010	0.587192	3.178228	5.933430
275	79	2.168010	0.605931	3.364162	6.138103
275	80	2.168010	0.481144	2.125970	4.775124
275	81	2.168010	0.516793	2.479689	5.164491
275	82	2.168010	0.429168	1.610233	4.207410
275	83	2.168010	0.499423	2.307339	4.974772
275	84	2.168010	0.494737	2.260844	4.923591
275	85	2.168010	0.499423	2.307339	4.974772
275	86	2.168010	0.543467	2.744370	5.455847
275	87	2.168010	0.587192	3.178228	5.933430
275	88	2.168010	0.542463	2.734403	5.444876
275	89	2.168010	0.475234	2.067318	4.710561
275	90	2.168010	0.506833	2.380863	5.055705
275	91	2.168010	0.573369	3.041070	5.782449
275	92	2.168010	0.538770	2.697763	5.404543
275	93	2.168010	0.567757	2.985385	5.721152
275	94	2.168010	0.496758	2.439782	5.104549
275	95	2.168010	0.506833	2.380863	5.055705
275	96	2.168010	0.535002	2.766301	5.469313
275	97	2.168010	0.490233	2.216149	4.874392
275	98	2.168010	0.545560	2.871056	5.584625
275	99	2.168010	0.610334	3.407858	6.186202
276	0	2.339142	0.541349	2.988169	5.868659
276	1	2.339142	0.476822	2.083077	4.899040
276	2	2.339142	0.558624	2.894762	5.792528
276	3	2.339142	0.555330	2.862078	5.756549
276	4	2.339142	0.583372	3.140327	6.062841
276	5	2.339142	0.497661	2.289857	5.126660
276	6	2.339142	0.558624	2.894762	5.792528
276	7	2.339142	0.517133	2.906773	5.763047
276	8	2.339142	0.589135	3.197510	6.125786
276	9	2.339142	0.518266	2.494311	5.351719
276	10	2.339142	0.498574	2.298911	5.136626
276	11	2.339142	0.499293	2.306045	5.144479
276	12	2.339142	0.558734	2.895854	5.793730
276	13	2.339142	0.559294	2.901405	5.799840
276	14	2.339142	0.538163	2.691734	5.569038
276	15	2.339142	0.576015	3.173250	6.088407
276	16	2.339142	0.568431	2.992072	5.899644
276	17	2.339142	0.538846	3.069261	5.947249
276	18	2.339142	0.470769	2.023019	4.832929
276	19	2.339142	0.576588	3.073007	5.988736
276	20	2.339142	0.589135	3.197510	6.125786
276	21	2.339142	0.537691	2.687049	5.563881
276	22	2.339142	0.440874	1.726382	4.506398
276	23	2.339142	0.567900	2.986798	5.893839
276	24	2.339142	0.501150	2.324477	5.164769
276	25	2.339142	0.495348	2.266908	5.101398
276	26	2.339142	0.523176	2.701919	5.564237
276	27	2.339142	0.522620	2.537508	5.399269
276	28	2.339142	0.495348	2.266908	5.101398
276	29	2.339142	0.535530	2.665607	5.540278
276	30	2.339142	0.544348	2.912000	5.795489
276	31	2.339142	0.478963	2.104322	4.922427
276	32	2.339142	0.508461	2.397014	5.244616
276	33	2.339142	0.468584	2.001335	4.809061
276	34	2.339142	0.501150	2.324477	5.164769
276	35	2.339142	0.499172	2.304848	5.143161
276	36	2.339142	0.548084	2.790179	5.677405
276	37	2.339142	0.598856	3.293961	6.231959
276	38	2.339142	0.472434	2.039537	4.851112
276	39	2.339142	0.567900	2.986798	5.893839
276	40	2.339142	0.574094	3.048264	5.961500
276	41	2.339142	0.478963	2.104322	4.922427
276	42	2.339142	0.501150	2.324477	5.164769
276	43	2.339142	0.559294	2.901405	5.799840
276	44	2.339142	0.538163	2.691734	5.569038
276	45	2.339142	0.540877	2.718664	5.598683
276	46	2.339142	0.498574	2.298911	5.136626
276	47	2.339142	0.480608	2.120652	4.940402
276	48	2.339142	0.574471	3.052006	5.965618
276	49	2.339142	0.650515	3.806546	6.796203
276	50	2.339142	0.533649	2.646948	5.519739
276	51	2.339142	0.498574	2.298911	5.136626
276	52	2.339142	0.566253	2.970462	5.875857
276	53	2.339142	0.537691	2.687049	5.563881
276	54	2.339142	0.505383	2.366479	5.211004
276	55	2.339142	0.471670	2.031959	4.842770
276	56	2.339142	0.561221	2.920533	5.820896
276	57	2.339142	0.538163	2.691734	5.569038
276	58	2.339142	0.470769	2.023019	4.832929
276	59	2.339142	0.441468	1.732283	4.512893
276	60	2.339142	0.522620	2.537508	5.399269
276	61	2.339142	0.473911	2.054192	4.867244
276	62	2.339142	0.527051	2.581481	5.447674
276	63	2.339142	0.571369	3.021220	5.931730
276	64	2.339142	0.517133	2.906773	5.763047
276	65	2.339142	0.478963	2.104322	4.922427
276	66	2.339142	0.472434	2.039537	4.851112
276	67	2.339142	0.497661	2.289857	5.126660
276	68	2.339142	0.572729	3.087682	5.999553
276	69	2.339142	0.559294	2.901405	5.799840
276	70	2.339142	0.607000	3.374769	6.320910
276	71	2.339142	0.598856	3.293961	6.231959
276	72	2.339142	0.568431	2.992072	5.899644
276	73	2.339142	0.518266	2.494311	5.351719
276	74	2.339142	0.518266	2.494311	5.351719
276	75	2.339142	0.470769	2.023019	4.832929
276	76	2.339142	0.476822	2.083077	4.899040
276	77	2.339142	0.566253	2.970462	5.875857
276	78	2.339142	0.472434	2.039537	4.851112
276	79	2.339142	0.607000	3.374769	6.320910
276	80	2.339142	0.522620	2.537508	5.399269
276	81	2.339142	0.468584	2.001335	4.809061
276	82	2.339142	0.527051	2.581481	5.447674
276	83	2.339142	0.535530	2.665607	5.540278
276	84	2.339142	0.586229	3.168670	6.094040
276	85	2.339142	0.470769	2.023019	4.832929
276	86	2.339142	0.518266	2.494311	5.351719
276	87	2.339142	0.540328	2.713222	5.592692
276	88	2.339142	0.499293	2.306045	5.144479
276	89	2.339142	0.526822	2.579202	5.445165
276	90	2.339142	0.471670	2.031959	4.842770
276	91	2.339142	0.520494	2.516412	5.376047
276	92	2.339142	0.490578	2.219575	5.049295
276	93	2.339142	0.541349	2.988169	5.868659
276	94	2.339142	0.558624	2.894762	5.792528
276	95	2.339142	0.559294	2.901405	5.799840
276	96	2.339142	0.561017	2.971468	5.871627
276	97	2.339142	0.513869	2.450680	5.303690
276	98	2.339142	0.571369	3.021220	5.931730
276	99	2.339142	0.487826	2.192268	5.019235
277	0	2.282850	0.531272	2.623364	5.437487
277	1	2.282850	0.544888	2.917352	5.745090
277	2	2.282850	0.492238	2.236041	5.011128
277	3	2.282850	0.460370	1.919838	4.663059
277	4	2.282850	0.447918	1.796277	4.527045
277	5	2.282850	0.570164	3.009265	5.862279
277	6	2.282850	0.604808	3.353024	6.240683
277	7	2.282850	0.505823	2.370838	5.159511
277	8	2.282850	0.529848	2.609235	5.421934
277	9	2.282850	0.477871	2.093484	4.854205
277	10	2.282850	0.497435	2.287615	5.067900
277	11	2.282850	0.569410	3.054749	5.907009
277	12	2.282850	0.492238	2.236041	5.011128
277	13	2.282850	0.454582	1.862405	4.599837
277	14	2.282850	0.467490	1.990488	4.740828
277	15	2.282850	0.492238	2.236041	5.011128
277	16	2.282850	0.557536	2.883968	5.724355
277	17	2.282850	0.531272	2.623364	5.437487
277	18	2.282850	0.570692	3.014507	5.868049
277	19	2.282850	0.557536	2.883968	5.724355
277	20	2.282850	0.479934	2.113961	4.876745
277	21	2.282850	0.496881	2.282114	5.061845
277	22	2.282850	0.535047	2.660822	5.478720
277	23	2.282850	0.568086	2.988646	5.839582
277	24	2.282850	0.471832	2.033571	4.788254
277	25	2.282850	0.497482	2.288079	5.068411
277	26	2.282850	0.595090	3.256599	6.134540
277	27	2.282850	0.550323	2.812394	5.645568
277	28	2.282850	0.602990	3.334984	6.220824
277	29	2.282850	0.551681	2.878834	5.713365
277	30	2.282850	0.552954	2.838496	5.674300
277	31	2.282850	0.574144	3.048760	5.905754
277	32	2.282850	0.398031	2.095734	4.776615
277	33	2.282850	0.496881	2.282114	5.061845
277	34	2.282850	0.541255	2.722421	5.546526
277	35	2.282850	0.477871	2.093484	4.854205
277	36	2.282850	0.595090	3.256599	6.134540
277	37	2.282850	0.545025	2.759826	5.587701
277	38	2.282850	0.513785	2.449845	5.246480
277	39	2.282850	0.575101	3.058250	5.916201
277	40	2.282850	0.575960	3.066779	5.925590
277	41	2.282850	0.552954	2.838496	5.674300
277	42	2.282850	0.438928	1.707078	4.428856
277	43	2.282850	0.508470	2.397103	5.188423
277	44	2.282850	0.471832	2.033571	4.788254
277	45	2.282850	0.568822	2.995951	5.847623
277	46	2.282850	0.504081	2.353555	5.140485
277	47	2.282850	0.557536	2.883968	5.724355
277	48	2.282850	0.505823	2.370838	5.159511
277	49	2.282850	0.480559	2.120157	4.883566
277	50	2.282850	0.526862	2.579605	5.389317
277	51	2.282850	0.568086	2.988646	5.839582
277	52	2.282850	0.574144	3.048760	5.905754
277	53	2.282850	0.497482	2.288079	5.068411
277	54	2.282850	0.574144	3.048760	5.905754
277	55	2.282850	0.511391	2.426095	5.220337
277	56	2.282850	0.603939	3.397367	6.284156
277	57	2.282850	0.525966	2.570715	5.379531
277	58	2.282850	0.541255	2.722421	5.546526
277	59	2.282850	0.485171	2.165924	4.933945
277	60	2.282850	0.467490	1.990488	4.740828
277	61	2.282850	0.507878	2.391232	5.181960
277	62	2.282850	0.430668	1.625114	4.338632
277	63	2.282850	0.578931	3.096252	5.958032
277	64	2.282850	0.454582	1.862405	4.599837
277	65	2.282850	0.448452	2.437147	5.168450
277	66	2.282850	0.555440	2.863166	5.701456
277	67	2.282850	0.552443	2.833428	5.668721
277	68	2.282850	0.432887	1.647131	4.362868
277	69	2.282850	0.570164	3.009265	5.862279
277	70	2.282850	0.497482	2.288079	5.068411
277	71	2.282850	0.595090	3.256599	6.134540
277	72	2.282850	0.439873	1.716450	4.439172
277	73	2.282850	0.524313	2.819127	5.626290
277	74	2.282850	0.628147	3.584606	6.495604
277	75	2.282850	0.498893	2.302080	5.083823
277	76	2.282850	0.535047	2.660822	5.478720
277	77	2.282850	0.575101	3.058250	5.916201
277	78	2.282850	0.581377	3.120530	5.984757
277	79	2.282850	0.467490	1.990488	4.740828
277	80	2.282850	0.529848	2.609235	5.421934
277	81	2.282850	0.541772	3.045326	5.869947
277	82	2.282850	0.508470	2.397103	5.188423
277	83	2.282850	0.582690	3.292445	6.157985
277	84	2.282850	0.439873	1.716450	4.439172
277	85	2.282850	0.602990	3.334984	6.220824
277	86	2.282850	0.518336	2.495002	5.296188
277	87	2.282850	0.511391	2.426095	5.220337
277	88	2.282850	0.551681	2.878834	5.713365
277	89	2.282850	0.499138	2.304514	5.086503
277	90	2.282850	0.578931	3.096252	5.958032
277	91	2.282850	0.438928	1.707078	4.428856
277	92	2.282850	0.598223	3.287686	6.168759
277	93	2.282850	0.552443	2.833428	5.668721
277	94	2.282850	0.568822	2.995951	5.847623
277	95	2.282850	0.576025	3.067426	5.926301
277	96	2.282850	0.439873	1.716450	4.439172
277	97	2.282850	0.531272	2.623364	5.437487
277	98	2.282850	0.430668	1.625114	4.338632
277	99	2.282850	0.507878	2.391232	5.181960
278	0	2.321335	0.482734	2.141743	4.945812
278	1	2.321335	0.471598	2.031240	4.824173
278	2	2.321335	0.512952	2.441577	5.275863
278	3	2.321335	0.457886	1.895192	4.674413
278	4	2.321335	0.505407	2.366716	5.193458
278	5	2.321335	0.485559	2.169769	4.976662
278	6	2.321335	0.573951	3.046843	5.942129
278	7	2.321335	0.455692	1.873420	4.650447
278	8	2.321335	0.457886	1.895192	4.674413
278	9	2.321335	0.527045	2.581420	5.429800
278	10	2.321335	0.518073	2.492392	5.331799
278	11	2.321335	0.509285	2.405197	5.235817
278	12	2.321335	0.486804	2.182124	4.990263
278	13	2.321335	0.544110	2.750741	5.616186
278	14	2.321335	0.513379	2.445817	5.280531
278	15	2.321335	0.587431	3.180603	6.089369
278	16	2.321335	0.487259	2.186644	4.995238
278	17	2.321335	0.565698	2.964948	5.851980
278	18	2.321335	0.543360	2.743306	5.608001
278	19	2.321335	0.452316	1.839921	4.613572
278	20	2.321335	0.569400	3.001684	5.892419
278	21	2.321335	0.430134	1.619821	4.371290
278	22	2.321335	0.534292	2.653329	5.508956
278	23	2.321335	0.454210	1.858712	4.634257
278	24	2.321335	0.544110	2.750741	5.616186
278	25	2.321335	0.579283	3.258645	6.159263
278	26	2.321335	0.607648	3.381203	6.310186
278	27	2.321335	0.486804	2.182124	4.990263
278	28	2.321335	0.463732	1.953197	4.738264
278	29	2.321335	0.452447	1.841220	4.615001
278	30	2.321335	0.590452	3.263536	6.175323
278	31	2.321335	0.486189	2.176020	4.983543
278	32	2.321335	0.471902	2.034258	4.827495
278	33	2.321335	0.483600	2.150330	4.955265
278	34	2.321335	0.482734	2.141743	4.945812
278	35	2.321335	0.577329	3.186284	6.084948
278	36	2.321335	0.534292	2.653329	5.508956
278	37	2.321335	0.547494	2.784326	5.653155
278	38	2.321335	0.425548	1.574315	4.321198
278	39	2.321335	0.465868	1.974394	4.761597
278	40	2.321335	0.575362	3.060848	5.957545
278	41	2.321335	0.573951	3.046843	5.942129
278	42	2.321335	0.533904	2.649474	5.504713
278	43	2.321335	0.407018	1.390450	4.118803
278	44	2.321335	0.549747	2.965569	5.836650
278	45	2.321335	0.491669	2.230402	5.043406
278	46	2.321335	0.455692	1.873420	4.650447
278	47	2.321335	0.435970	1.677721	4.435026
278	48	2.321335	0.499422	2.307325	5.128082
278	49	2.321335	0.425548	1.574315	4.321198
278	50	2.321335	0.430134	1.619821	4.371290
278	51	2.321335	0.526257	2.573599	5.421191
278	52	2.321335	0.452447	1.841220	4.615001
278	53	2.321335	0.425548	1.574315	4.321198
278	54	2.321335	0.463732	1.953197	4.738264
278	55	2.321335	0.621037	3.514052	6.456423
278	56	2.321335	0.457886	1.895192	4.674413
278	57	2.321335	0.581961	3.126323	6.029619
278	58	2.321335	0.462023	1.936235	4.719592
278	59	2.321335	0.574668	3.053960	5.949963
278	60	2.321335	0.540877	2.718667	5.580879
278	61	2.321335	0.483600	2.150330	4.955265
278	62	2.321335	0.457886	1.895192	4.674413
278	63	2.321335	0.559352	2.901985	5.782671
278	64	2.321335	0.540877	2.718667	5.580879
278	65	2.321335	0.481423	2.128737	4.931495
278	66	2.321335	0.544110	2.750741	5.616186
278	67	2.321335	0.471902	2.034258	4.827495
278	68	2.321335	0.607648	3.381203	6.310186
278	69	2.321335	0.507155	2.595919	5.424409
278	70	2.321335	0.377922	1.896201	4.595458
278	71	2.321335	0.513379	2.445817	5.280531
278	72	2.321335	0.488499	2.198944	5.008777
278	73	2.321335	0.497891	2.292142	5.111368
278	74	2.321335	0.452316	1.839921	4.613572
278	75	2.321335	0.549747	2.965569	5.836650
278	76	2.321335	0.425548	1.574315	4.321198
278	77	2.321335	0.534292	2.653329	5.508956
278	78	2.321335	0.621168	3.515358	6.457861
278	79	2.321335	0.484840	2.162639	4.968814
278	80	2.321335	0.463488	2.480410	5.265233
278	81	2.321335	0.560060	2.909011	5.790406
278	82	2.321335	0.484840	2.162639	4.968814
278	83	2.321335	0.484057	2.578579	5.383970
278	84	2.321335	0.459823	1.914404	4.695561
278	85	2.321335	0.563267	2.940826	5.825427
278	86	2.321335	0.422238	1.541466	4.285039
278	87	2.321335	0.566740	2.975293	5.863368
278	88	2.321335	0.462023	1.936235	4.719592
278	89	2.321335	0.465868	1.974394	4.761597
278	90	2.321335	0.454210	1.858712	4.634257
278	91	2.321335	0.607648	3.381203	6.310186
278	92	2.321335	0.457886	1.895192	4.674413
278	93	2.321335	0.435970	1.677721	4.435026
278	94	2.321335	0.534292	2.653329	5.508956
278	95	2.321335	0.548552	2.794820	5.664707
278	96	2.321335	0.550363	3.077614	5.949312
278	97	2.321335	0.527965	2.590545	5.439845
278	98	2.321335	0.473220	2.047342	4.841897
278	99	2.321335	0.455692	1.873420	4.650447
279	0	2.279641	0.548666	2.795950	5.624256
279	1	2.279641	0.548666	2.795950	5.624256
279	2	2.279641	0.508984	2.402203	5.190828
279	3	2.279641	0.492289	2.236550	5.008480
279	4	2.279641	0.527880	2.589698	5.397219
279	5	2.279641	0.517708	2.488768	5.286117
279	6	2.279641	0.514097	2.452937	5.246674
279	7	2.279641	0.541153	2.721404	5.542198
279	8	2.279641	0.463816	1.954029	4.697486
279	9	2.279641	0.529707	2.978581	5.787930
279	10	2.279641	0.499852	2.311594	5.091087
279	11	2.279641	0.555680	2.865544	5.700865
279	12	2.279641	0.482919	2.143575	4.906135
279	13	2.279641	0.474904	2.064044	4.818589
279	14	2.279641	0.528439	2.595246	5.403326
279	15	2.279641	0.463816	1.954029	4.697486
279	16	2.279641	0.563024	2.938422	5.781087
279	17	2.279641	0.471263	2.027926	4.778830
279	18	2.279641	0.482919	2.143575	4.906135
279	19	2.279641	0.548666	2.795950	5.624256
279	20	2.279641	0.584967	3.156144	6.020752
279	21	2.279641	0.573235	3.039740	5.892616
279	22	2.279641	0.443134	1.748806	4.471581
279	23	2.279641	0.598955	3.294949	6.173545
279	24	2.279641	0.603968	3.344689	6.228299
279	25	2.279641	0.407020	1.390466	4.077126
279	26	2.279641	0.470118	2.016557	4.766315
279	27	2.279641	0.569400	3.001689	5.850731
279	28	2.279641	0.560796	2.916315	5.756753
279	29	2.279641	0.571432	3.021843	5.872916
279	30	2.279641	0.509497	2.513227	5.302366
279	31	2.279641	0.443134	1.748806	4.471581
279	32	2.279641	0.500657	2.637366	5.417664
279	33	2.279641	0.478462	2.099356	4.857459
279	34	2.279641	0.533755	2.648001	5.461397
279	35	2.279641	0.573695	3.044304	5.897641
279	36	2.279641	0.549607	3.070104	5.899352
279	37	2.279641	0.599225	3.297626	6.176492
279	38	2.279641	0.491732	2.231025	5.002398
279	39	2.279641	0.546150	2.770988	5.596779
279	40	2.279641	0.492289	2.236550	5.008480
279	41	2.279641	0.501123	2.324203	5.104966
279	42	2.279641	0.471263	2.027926	4.778830
279	43	2.279641	0.446876	1.785940	4.512457
279	44	2.279641	0.532096	2.631540	5.443278
279	45	2.279641	0.530371	2.614417	5.424428
279	46	2.279641	0.583988	3.146433	6.010062
279	47	2.279641	0.499852	2.311594	5.091087
279	48	2.279641	0.501123	2.324203	5.104966
279	49	2.279641	0.575913	3.066313	5.921867
279	50	2.279641	0.500451	2.317537	5.097629
279	51	2.279641	0.463816	1.954029	4.697486
279	52	2.279641	0.571432	3.021843	5.872916
279	53	2.279641	0.494661	2.260092	5.034395
279	54	2.279641	0.491732	2.231025	5.002398
279	55	2.279641	0.531606	2.626676	5.437923
279	56	2.279641	0.464470	1.960520	4.704632
279	57	2.279641	0.601314	3.318356	6.199311
279	58	2.279641	0.441324	1.730847	4.451811
279	59	2.279641	0.492289	2.236550	5.008480
279	60	2.279641	0.489506	2.208934	4.978081
279	61	2.279641	0.567701	2.984826	5.832168
279	62	2.279641	0.575913	3.066313	5.921867
279	63	2.279641	0.548666	2.795950	5.624256
279	64	2.279641	0.532096	2.631540	5.443278
279	65	2.279641	0.517708	2.488768	5.286117
279	66	2.279641	0.492289	2.236550	5.008480
279	67	2.279641	0.471263	2.027926	4.778830
279	68	2.279641	0.470118	2.016557	4.766315
279	69	2.279641	0.556060	3.028212	5.863914
279	70	2.279641	0.529732	2.608083	5.417456
279	71	2.279641	0.478462	2.099356	4.857459
279	72	2.279641	0.532096	2.631540	5.443278
279	73	2.279641	0.614147	3.498655	6.392443
279	74	2.279641	0.476487	2.079757	4.835885
279	75	2.279641	0.501267	2.325631	5.106539
279	76	2.279641	0.563024	2.938422	5.781087
279	77	2.279641	0.583988	3.146433	6.010062
279	78	2.279641	0.566014	2.968083	5.813737
279	79	2.279641	0.527880	2.589698	5.397219
279	80	2.279641	0.489506	2.208934	4.978081
279	81	2.279641	0.464470	1.960520	4.704632
279	82	2.279641	0.445208	1.769386	4.494235
279	83	2.279641	0.470118	2.016557	4.766315
279	84	2.279641	0.598037	3.444723	6.322401
279	85	2.279641	0.407020	1.390466	4.077126
279	86	2.279641	0.525952	2.570571	5.376164
279	87	2.279641	0.563438	2.942531	5.785610
279	88	2.279641	0.517306	2.484787	5.281734
279	89	2.279641	0.541153	2.721404	5.542198
279	90	2.279641	0.584445	3.150966	6.015052
279	91	2.279641	0.529732	2.608083	5.417456
279	92	2.279641	0.549607	3.070104	5.899352
279	93	2.279641	0.573235	3.039740	5.892616
279	94	2.279641	0.583942	3.145980	6.009563
279	95	2.279641	0.482805	2.619119	5.381565
279	96	2.279641	0.530371	2.614417	5.424428
279	97	2.279641	0.570799	3.121494	5.971934
279	98	2.279641	0.474904	2.064044	4.818589
279	99	2.279641	0.566014	2.968083	5.813737
280	0	2.211072	0.579522	3.102125	5.892719
280	1	2.211072	0.509305	2.405393	5.125769
280	2	2.211072	0.527475	2.585682	5.324229
280	3	2.211072	0.525868	2.569743	5.306683
280	4	2.211072	0.434260	1.660756	4.306088
280	5	2.211072	0.467228	1.987888	4.666189
280	6	2.211072	0.572369	3.084108	5.867548
280	7	2.211072	0.509350	2.670658	5.391080
280	8	2.211072	0.599238	3.297753	6.108063
280	9	2.211072	0.489932	2.213162	4.914165
280	10	2.211072	0.486233	2.176459	4.873763
280	11	2.211072	0.451721	1.834011	4.496803
280	12	2.211072	0.486233	2.176459	4.873763
280	13	2.211072	0.509186	2.404209	5.124467
280	14	2.211072	0.579350	3.153374	5.943795
280	15	2.211072	0.508942	2.401786	5.121800
280	16	2.211072	0.435708	2.310690	4.957470
280	17	2.211072	0.442913	1.746618	4.400602
280	18	2.211072	0.546862	2.778053	5.535987
280	19	2.211072	0.582355	3.130228	5.923654
280	20	2.211072	0.478266	2.097404	4.786741
280	21	2.211072	0.442913	1.746618	4.400602
280	22	2.211072	0.561662	2.924905	5.697639
280	23	2.211072	0.508942	2.401786	5.121800
280	24	2.211072	0.478559	2.100314	4.789945
280	25	2.211072	0.550183	2.811007	5.572262
280	26	2.211072	0.614802	3.452183	6.278056
280	27	2.211072	0.545900	2.768504	5.525475
280	28	2.211072	0.481219	2.126714	4.819005
280	29	2.211072	0.525868	2.569743	5.306683
280	30	2.211072	0.519478	2.506339	5.236889
280	31	2.211072	0.481219	2.126714	4.819005
280	32	2.211072	0.529504	2.605814	5.346390
280	33	2.211072	0.462763	1.943578	4.617412
280	34	2.211072	0.477574	2.090545	4.779191
280	35	2.211072	0.530071	2.611442	5.352585
280	36	2.211072	0.478266	2.097404	4.786741
280	37	2.211072	0.473868	2.053772	4.738712
280	38	2.211072	0.596251	3.268113	6.075436
280	39	2.211072	0.481219	2.126714	4.819005
280	40	2.211072	0.416342	1.482967	4.110381
280	41	2.211072	0.527475	2.585682	5.324229
280	42	2.211072	0.456450	2.463541	5.131062
280	43	2.211072	0.525868	2.569743	5.306683
280	44	2.211072	0.462763	1.943578	4.617412
280	45	2.211072	0.519478	2.506339	5.236889
280	46	2.211072	0.579522	3.102125	5.892719
280	47	2.211072	0.451721	1.834011	4.496803
280	48	2.211072	0.539315	2.703162	5.453548
280	49	2.211072	0.445897	1.776228	4.433197
280	50	2.211072	0.536995	2.680145	5.428211
280	51	2.211072	0.617059	3.474580	6.302710
280	52	2.211072	0.505676	2.369381	5.086128
280	53	2.211072	0.462763	1.943578	4.617412
280	54	2.211072	0.499213	2.305260	5.015545
280	55	2.211072	0.592200	3.227917	6.031188
280	56	2.211072	0.545900	2.768504	5.525475
280	57	2.211072	0.406634	1.386638	4.004344
280	58	2.211072	0.600993	3.315171	6.127236
280	59	2.211072	0.608191	3.386588	6.205850
280	60	2.211072	0.531301	2.623646	5.366019
280	61	2.211072	0.467228	1.987888	4.666189
280	62	2.211072	0.499895	2.312021	5.022988
280	63	2.211072	0.473868	2.053772	4.738712
280	64	2.211072	0.477574	2.090545	4.779191
280	65	2.211072	0.539831	2.708286	5.459189
280	66	2.211072	0.486395	2.178073	4.875540
280	67	2.211072	0.426377	1.582543	4.219992
280	68	2.211072	0.536995	2.680145	5.428211
280	69	2.211072	0.516606	2.477840	5.205518
280	70	2.211072	0.586432	3.276612	6.074115
280	71	2.211072	0.536995	2.680145	5.428211
280	72	2.211072	0.407140	2.027225	4.645437
280	73	2.211072	0.529504	2.605814	5.346390
280	74	2.211072	0.508942	2.401786	5.121800
280	75	2.211072	0.478733	2.102045	4.791850
280	76	2.211072	0.543424	2.743936	5.498432
280	77	2.211072	0.494380	2.628048	5.333500
280	78	2.211072	0.428395	1.602565	4.242032
280	79	2.211072	0.564032	3.054352	5.829456
280	80	2.211072	0.543424	2.743936	5.498432
280	81	2.211072	0.489932	2.213162	4.914165
280	82	2.211072	0.498448	2.297662	5.007181
280	83	2.211072	0.468710	2.002589	4.682371
280	84	2.211072	0.599238	3.297753	6.108063
280	85	2.211072	0.543424	2.743936	5.498432
280	86	2.211072	0.536995	2.680145	5.428211
280	87	2.211072	0.499956	2.312632	5.023660
280	88	2.211072	0.486395	2.178073	4.875540
280	89	2.211072	0.527475	2.585682	5.324229
280	90	2.211072	0.486395	2.178073	4.875540
280	91	2.211072	0.462763	1.943578	4.617412
280	92	2.211072	0.434260	1.660756	4.306088
280	93	2.211072	0.516606	2.477840	5.205518
280	94	2.211072	0.451721	1.834011	4.496803
280	95	2.211072	0.579350	3.153374	5.943795
280	96	2.211072	0.497423	2.287498	4.995993
280	97	2.211072	0.561662	2.924905	5.697639
280	98	2.211072	0.501770	2.330631	5.043473
280	99	2.211072	0.596251	3.268113	6.075436
281	0	2.289744	0.578164	3.088649	5.956557
281	1	2.289744	0.481188	2.126404	4.897336
281	2	2.289744	0.560429	2.912668	5.762841
281	3	2.289744	0.476392	2.078813	4.844949
281	4	2.289744	0.606835	3.426096	6.322675
281	5	2.289744	0.556776	2.982347	5.828867
281	6	2.289744	0.476392	2.078813	4.844949
281	7	2.289744	0.641893	3.720996	6.652633
281	8	2.289744	0.444443	1.761797	4.495984
281	9	2.289744	0.516164	2.473454	5.279362
281	10	2.289744	0.524030	2.551506	5.365280
281	11	2.289744	0.459256	1.908780	4.657780
281	12	2.289744	0.497080	2.284091	5.070915
281	13	2.289744	0.582736	3.134010	6.006490
281	14	2.289744	0.472903	2.044197	4.806845
281	15	2.289744	0.531034	2.620999	5.441777
281	16	2.289744	0.448319	1.800257	4.538320
281	17	2.289744	0.594056	3.246339	6.130139
281	18	2.289744	0.551130	2.820399	5.661273
281	19	2.289744	0.507529	2.387773	5.185046
281	20	2.289744	0.567115	2.979013	5.835873
281	21	2.289744	0.526077	2.571810	5.387631
281	22	2.289744	0.428759	1.606173	4.324675
281	23	2.289744	0.513812	2.450118	5.253675
281	24	2.289744	0.472896	2.044121	4.806761
281	25	2.289744	0.539753	2.707510	5.537007
281	26	2.289744	0.472902	2.044181	4.806827
281	27	2.289744	0.525128	2.562400	5.377272
281	28	2.289744	0.518111	2.651658	5.459513
281	29	2.289744	0.485344	2.644311	5.419399
281	30	2.289744	0.571874	3.026234	5.887852
281	31	2.289744	0.528037	2.591263	5.409045
281	32	2.289744	0.508743	2.823523	5.622009
281	33	2.289744	0.568132	2.989100	5.846976
281	34	2.289744	0.507529	2.387773	5.185046
281	35	2.289744	0.616328	3.467327	6.373399
281	36	2.289744	0.615258	3.456712	6.361714
281	37	2.289744	0.537585	2.686001	5.513331
281	38	2.289744	0.572911	3.036524	5.899179
281	39	2.289744	0.616328	3.467327	6.373399
281	40	2.289744	0.412590	1.445740	4.148074
281	41	2.289744	0.472896	2.044121	4.806761
281	42	2.289744	0.494963	2.263085	5.047792
281	43	2.289744	0.507529	2.387773	5.185046
281	44	2.289744	0.472903	2.044197	4.806845
281	45	2.289744	0.542147	2.731270	5.563161
281	46	2.289744	0.472896	2.044121	4.806761
281	47	2.289744	0.491489	2.228612	5.009845
281	48	2.289744	0.472903	2.044197	4.806845
281	49	2.289744	0.568132	2.989100	5.846976
281	50	2.289744	0.494963	2.263085	5.047792
281	51	2.289744	0.444443	1.761797	4.495984
281	52	2.289744	0.448319	1.800257	4.538320
281	53	2.289744	0.560429	2.912668	5.762841
281	54	2.289744	0.499293	2.306048	5.095085
281	55	2.289744	0.521403	2.525435	5.336582
281	56	2.289744	0.444132	1.758709	4.492585
281	57	2.289744	0.497080	2.284091	5.070915
281	58	2.289744	0.428759	1.606173	4.324675
281	59	2.289744	0.526066	2.995414	5.811224
281	60	2.289744	0.531017	2.620830	5.441591
281	61	2.289744	0.594056	3.246339	6.130139
281	62	2.289744	0.515289	2.464770	5.269803
281	63	2.289744	0.526077	2.571810	5.387631
281	64	2.289744	0.531034	2.620999	5.441777
281	65	2.289744	0.531017	2.620830	5.441591
281	66	2.289744	0.523410	2.545353	5.358508
281	67	2.289744	0.472902	2.044181	4.806827
281	68	2.289744	0.560429	2.912668	5.762841
281	69	2.289744	0.469608	2.011501	4.770853
281	70	2.289744	0.506452	2.377085	5.173281
281	71	2.289744	0.472918	2.044343	4.807005
281	72	2.289744	0.540748	2.823314	5.653806
281	73	2.289744	0.539074	2.700777	5.529596
281	74	2.289744	0.472902	2.044181	4.806827
281	75	2.289744	0.472918	2.044343	4.807005
281	76	2.289744	0.547392	2.783310	5.620446
281	77	2.289744	0.537585	2.686001	5.513331
281	78	2.289744	0.567299	2.980837	5.837880
281	79	2.289744	0.496656	2.279885	5.066286
281	80	2.289744	0.592055	3.226479	6.108278
281	81	2.289744	0.568132	2.989100	5.846976
281	82	2.289744	0.493427	2.247843	5.031014
281	83	2.289744	0.526077	2.571810	5.387631
281	84	2.289744	0.459256	1.908780	4.657780
281	85	2.289744	0.573638	3.096699	5.960081
281	86	2.289744	0.469608	2.011501	4.770853
281	87	2.289744	0.459256	1.908780	4.657780
281	88	2.289744	0.428404	1.602651	4.320798
281	89	2.289744	0.472918	2.044343	4.807005
281	90	2.289744	0.579516	3.207989	6.077249
281	91	2.289744	0.514316	2.455113	5.259173
281	92	2.289744	0.551130	2.820399	5.661273
281	93	2.289744	0.540748	2.823314	5.653806
281	94	2.289744	0.493427	2.247843	5.031014
281	95	2.289744	0.582736	3.134010	6.006490
281	96	2.289744	0.453670	1.853355	4.596769
281	97	2.289744	0.448319	1.800257	4.538320
281	98	2.289744	0.496656	2.279885	5.066286
281	99	2.289744	0.487367	2.187715	4.964826
282	0	2.261923	0.607336	3.378102	6.247361
282	1	2.261923	0.491478	2.228509	4.981910
282	2	2.261923	0.456705	1.883465	4.602093
282	3	2.261923	0.491604	2.229754	4.983281
282	4	2.261923	0.596113	3.266740	6.124776
282	5	2.261923	0.479893	2.113557	4.855374
282	6	2.261923	0.572142	3.240751	6.074817
282	7	2.261923	0.580163	3.108482	5.950569
282	8	2.261923	0.615940	3.463474	6.341337
282	9	2.261923	0.533438	2.644854	5.440215
282	10	2.261923	0.491604	2.229754	4.983281
282	11	2.261923	0.573640	3.043754	5.879317
282	12	2.261923	0.496024	2.273612	5.031560
282	13	2.261923	0.560396	2.912346	5.734665
282	14	2.261923	0.518576	2.497380	5.277879
282	15	2.261923	0.479893	2.113557	4.855374
282	16	2.261923	0.587743	3.183696	6.033362
282	17	2.261923	0.536310	2.673350	5.471583
282	18	2.261923	0.560792	2.916275	5.738991
282	19	2.261923	0.535926	2.881396	5.679246
282	20	2.261923	0.486116	2.175302	4.923342
282	21	2.261923	0.580163	3.108482	5.950569
282	22	2.261923	0.595122	3.256909	6.113954
282	23	2.261923	0.623196	3.535479	6.420599
282	24	2.261923	0.491316	2.226900	4.980140
282	25	2.261923	0.433421	1.652435	4.347779
282	26	2.261923	0.572142	3.240751	6.074817
282	27	2.261923	0.456705	1.883465	4.602093
282	28	2.261923	0.468161	1.997144	4.727228
282	29	2.261923	0.539714	2.707127	5.508764
282	30	2.261923	0.496024	2.273612	5.031560
282	31	2.261923	0.500357	2.316610	5.078890
282	32	2.261923	0.551178	2.820878	5.633979
282	33	2.261923	0.533438	2.644854	5.440215
282	34	2.261923	0.507595	2.388427	5.157945
282	35	2.261923	0.560792	2.916275	5.738991
282	36	2.261923	0.465616	1.971892	4.699432
282	37	2.261923	0.567574	2.983565	5.813062
282	38	2.261923	0.505012	2.362794	5.129729
282	39	2.261923	0.536310	2.673350	5.471583
282	40	2.261923	0.499457	2.307680	5.069061
282	41	2.261923	0.550112	2.810298	5.622334
282	42	2.261923	0.499457	2.307680	5.069061
282	43	2.261923	0.545142	2.760986	5.568052
282	44	2.261923	0.500357	2.316610	5.078890
282	45	2.261923	0.519052	2.978779	5.759754
282	46	2.261923	0.499457	2.307680	5.069061
282	47	2.261923	0.499457	2.307680	5.069061
282	48	2.261923	0.574840	3.055668	5.892431
282	49	2.261923	0.493428	2.247857	5.003209
282	50	2.261923	0.491478	2.228509	4.981910
282	51	2.261923	0.500302	2.316057	5.078282
282	52	2.261923	0.576684	3.073956	5.912563
282	53	2.261923	0.504155	2.354288	5.120366
282	54	2.261923	0.536980	2.680001	5.478905
282	55	2.261923	0.623901	3.595435	6.481259
282	56	2.261923	0.560396	2.912346	5.734665
282	57	2.261923	0.560792	2.916275	5.738991
282	58	2.261923	0.508332	2.713520	5.483775
282	59	2.261923	0.491478	2.228509	4.981910
282	60	2.261923	0.507595	2.388427	5.157945
282	61	2.261923	0.524791	2.559056	5.345771
282	62	2.261923	0.533438	2.644854	5.440215
282	63	2.261923	0.514068	2.452654	5.228646
282	64	2.261923	0.571090	3.018457	5.851470
282	65	2.261923	0.593572	3.241535	6.097031
282	66	2.261923	0.499457	2.307680	5.069061
282	67	2.261923	0.440933	1.726970	4.429826
282	68	2.261923	0.461183	1.927899	4.651006
282	69	2.261923	0.532680	2.955111	5.749714
282	70	2.261923	0.474484	2.536552	5.272959
282	71	2.261923	0.475473	2.069691	4.807087
282	72	2.261923	0.468161	1.997144	4.727228
282	73	2.261923	0.641116	3.713290	6.616330
282	74	2.261923	0.566276	2.970692	5.798892
282	75	2.261923	0.507595	2.388427	5.157945
282	76	2.261923	0.504155	2.354288	5.120366
282	77	2.261923	0.491604	2.229754	4.983281
282	78	2.261923	0.499457	2.307680	5.069061
282	79	2.261923	0.465616	1.971892	4.699432
282	80	2.261923	0.560396	2.912346	5.734665
282	81	2.261923	0.465616	1.971892	4.699432
282	82	2.261923	0.454366	1.860257	4.576546
282	83	2.261923	0.566276	2.970692	5.798892
282	84	2.261923	0.475473	2.069691	4.807087
282	85	2.261923	0.504155	2.354288	5.120366
282	86	2.261923	0.500302	2.316057	5.078282
282	87	2.261923	0.576684	3.073956	5.912563
282	88	2.261923	0.565071	2.958729	5.785723
282	89	2.261923	0.587937	3.185615	6.035475
282	90	2.261923	0.527484	2.585770	5.375177
282	91	2.261923	0.566385	3.077699	5.906007
282	92	2.261923	0.539612	2.706110	5.507645
282	93	2.261923	0.520119	2.512697	5.294740
282	94	2.261923	0.504155	2.354288	5.120366
282	95	2.261923	0.500302	2.316057	5.078282
282	96	2.261923	0.560742	3.021701	5.844366
282	97	2.261923	0.499055	2.303683	5.064661
282	98	2.261923	0.496024	2.273612	5.031560
282	99	2.261923	0.550112	2.810298	5.622334
283	0	2.206135	0.497856	2.291787	4.995777
283	1	2.206135	0.556592	2.874600	5.637327
283	2	2.206135	0.564972	3.010709	5.781816
283	3	2.206135	0.500090	2.313953	5.020177
283	4	2.206135	0.532418	2.634735	5.373288
283	5	2.206135	0.479002	2.104707	4.789844
283	6	2.206135	0.593902	3.244807	6.044845
283	7	2.206135	0.511749	2.429644	5.147528
283	8	2.206135	0.548082	2.790162	5.544380
283	9	2.206135	0.478922	2.103913	4.788970
283	10	2.206135	0.618012	3.484036	6.308183
283	11	2.206135	0.609313	3.450690	6.266139
283	12	2.206135	0.595018	3.255884	6.057038
283	13	2.206135	0.479769	2.112319	4.798223
283	14	2.206135	0.478922	2.103913	4.788970
283	15	2.206135	0.566557	2.973474	5.746166
283	16	2.206135	0.544469	2.754305	5.504909
283	17	2.206135	0.566557	2.973474	5.746166
283	18	2.206135	0.497441	2.817312	5.520888
283	19	2.206135	0.510704	2.419271	5.136110
283	20	2.206135	0.448049	1.797579	4.451763
283	21	2.206135	0.585129	3.157760	5.949025
283	22	2.206135	0.508978	2.402150	5.117264
283	23	2.206135	0.452472	2.424070	5.082678
283	24	2.206135	0.523855	2.549764	5.279754
283	25	2.206135	0.556592	2.874600	5.637327
283	26	2.206135	0.587021	3.229497	6.022654
283	27	2.206135	0.550361	2.812769	5.569265
283	28	2.206135	0.511200	2.424194	5.141528
283	29	2.206135	0.562530	3.092413	5.861078
283	30	2.206135	0.595018	3.255884	6.057038
283	31	2.206135	0.471736	2.032614	4.710485
283	32	2.206135	0.550257	2.811742	5.568135
283	33	2.206135	0.478922	2.103913	4.788970
283	34	2.206135	0.515324	2.465120	5.186579
283	35	2.206135	0.563241	2.940577	5.709953
283	36	2.206135	0.506406	2.376630	5.089172
283	37	2.206135	0.539940	2.709372	5.455448
283	38	2.206135	0.548082	2.790162	5.544380
283	39	2.206135	0.425259	1.571449	4.202844
283	40	2.206135	0.595018	3.255884	6.057038
283	41	2.206135	0.585182	3.158284	5.949602
283	42	2.206135	0.448049	1.797579	4.451763
283	43	2.206135	0.570203	3.115581	5.891919
283	44	2.206135	0.531445	2.625081	5.362661
283	45	2.206135	0.600640	3.311669	6.118445
283	46	2.206135	0.550361	2.812769	5.569265
283	47	2.206135	0.508978	2.402150	5.117264
283	48	2.206135	0.566557	2.973474	5.746166
283	49	2.206135	0.542121	2.731006	5.479262
283	50	2.206135	0.563241	2.940577	5.709953
283	51	2.206135	0.469462	2.010053	4.685650
283	52	2.206135	0.534314	2.653544	5.393993
283	53	2.206135	0.534314	2.653544	5.393993
283	54	2.206135	0.518454	2.496169	5.220758
283	55	2.206135	0.403370	2.095742	4.705246
283	56	2.206135	0.585179	3.158248	5.949562
283	57	2.206135	0.504744	2.360140	5.071019
283	58	2.206135	0.585179	3.158248	5.949562
283	59	2.206135	0.469462	2.010053	4.685650
283	60	2.206135	0.481267	2.127182	4.814584
283	61	2.206135	0.551174	2.820842	5.578152
283	62	2.206135	0.556239	2.871094	5.633468
283	63	2.206135	0.498347	2.296661	5.001143
283	64	2.206135	0.566557	2.973474	5.746166
283	65	2.206135	0.539940	2.709372	5.455448
283	66	2.206135	0.497856	2.291787	4.995777
283	67	2.206135	0.597038	3.275925	6.079098
283	68	2.206135	0.498347	2.296661	5.001143
283	69	2.206135	0.532418	2.634735	5.373288
283	70	2.206135	0.551174	2.820842	5.578152
283	71	2.206135	0.511200	2.424194	5.141528
283	72	2.206135	0.479520	2.109848	4.795503
283	73	2.206135	0.624803	3.551419	6.382357
283	74	2.206135	0.479002	2.104707	4.789844
283	75	2.206135	0.434362	1.661774	4.302272
283	76	2.206135	0.554134	3.115028	5.875297
283	77	2.206135	0.576819	3.075299	5.858253
283	78	2.206135	0.577784	3.084873	5.868792
283	79	2.206135	0.532418	2.634735	5.373288
283	80	2.206135	0.507564	2.388115	5.101814
283	81	2.206135	0.479520	2.109848	4.795503
283	82	2.206135	0.506406	2.376630	5.089172
283	83	2.206135	0.520162	2.513121	5.239418
283	84	2.206135	0.471736	2.032614	4.710485
283	85	2.206135	0.548082	2.790162	5.544380
283	86	2.206135	0.518454	2.496169	5.220758
283	87	2.206135	0.539000	2.700039	5.445174
283	88	2.206135	0.473578	2.050891	4.730604
283	89	2.206135	0.451456	1.831383	4.488974
283	90	2.206135	0.518546	2.497085	5.221766
283	91	2.206135	0.498347	2.296661	5.001143
283	92	2.206135	0.576819	3.075299	5.858253
283	93	2.206135	0.479002	2.104707	4.789844
283	94	2.206135	0.514919	2.461101	5.182155
283	95	2.206135	0.478922	2.103913	4.788970
283	96	2.206135	0.425259	1.571449	4.202844
283	97	2.206135	0.595018	3.255884	6.057038
283	98	2.206135	0.588645	3.192644	5.987424
283	99	2.206135	0.618012	3.484036	6.308183
284	0	2.134993	0.480833	2.122879	4.738705
284	1	2.134993	0.551464	2.823719	5.510177
284	2	2.134993	0.471694	2.032193	4.638880
284	3	2.134993	0.438280	1.700648	4.273921
284	4	2.134993	0.509604	2.408360	5.052957
284	5	2.134993	0.561313	2.921447	5.617754
284	6	2.134993	0.438280	1.700648	4.273921
284	7	2.134993	0.473929	2.054377	4.663299
284	8	2.134993	0.523002	2.541298	5.199293
284	9	2.134993	0.586037	3.272695	5.993725
284	10	2.134993	0.496571	2.279036	4.910599
284	11	2.134993	0.481207	2.126589	4.742790
284	12	2.134993	0.509604	2.408360	5.052957
284	13	2.134993	0.465602	2.607313	5.207909
284	14	2.134993	0.573648	3.043839	5.752481
284	15	2.134993	0.555249	2.861267	5.551509
284	16	2.134993	0.523002	2.541298	5.199293
284	17	2.134993	0.566184	2.969775	5.670952
284	18	2.134993	0.492376	2.237410	4.864779
284	19	2.134993	0.560151	2.909911	5.605056
284	20	2.134993	0.433677	1.654969	4.223639
284	21	2.134993	0.474837	2.063379	4.673209
284	22	2.134993	0.535149	2.767753	5.437895
284	23	2.134993	0.568965	2.997374	5.701333
284	24	2.134993	0.629359	3.596625	6.360977
284	25	2.134993	0.490876	2.222530	4.848399
284	26	2.134993	0.414804	1.467706	4.017503
284	27	2.134993	0.496571	2.279036	4.910599
284	28	2.134993	0.619683	3.500623	6.255299
284	29	2.134993	0.594008	3.245855	5.974856
284	30	2.134993	0.548205	2.791383	5.474582
284	31	2.134993	0.541571	2.725553	5.402117
284	32	2.134993	0.544593	2.755535	5.435121
284	33	2.134993	0.608867	3.393298	6.137158
284	34	2.134993	0.491206	2.225804	4.852003
284	35	2.134993	0.475574	2.070696	4.681264
284	36	2.134993	0.523002	2.541298	5.199293
284	37	2.134993	0.496571	2.279036	4.910599
284	38	2.134993	0.548205	2.791383	5.474582
284	39	2.134993	0.474837	2.063379	4.673209
284	40	2.134993	0.536555	2.728745	5.400293
284	41	2.134993	0.550017	2.809359	5.494369
284	42	2.134993	0.602433	3.435381	6.172807
284	43	2.134993	0.504285	2.355580	4.994859
284	44	2.134993	0.573568	3.043038	5.751598
284	45	2.134993	0.576778	3.074896	5.786667
284	46	2.134993	0.567953	2.987329	5.690276
284	47	2.134993	0.544209	2.751732	5.430935
284	48	2.134993	0.544427	2.753894	5.433315
284	49	2.134993	0.590442	3.210475	5.935911
284	50	2.134993	0.473929	2.054377	4.663299
284	51	2.134993	0.599012	3.295508	6.029513
284	52	2.134993	0.576778	3.074896	5.786667
284	53	2.134993	0.504285	2.355580	4.994859
284	54	2.134993	0.619683	3.500623	6.255299
284	55	2.134993	0.544428	2.965760	5.645181
284	56	2.134993	0.523002	2.541298	5.199293
284	57	2.134993	0.544531	2.913811	5.593335
284	58	2.134993	0.573568	3.043038	5.751598
284	59	2.134993	0.519928	2.510803	5.165725
284	60	2.134993	0.541101	2.985707	5.661801
284	61	2.134993	0.471694	2.032193	4.638880
284	62	2.134993	0.491206	2.225804	4.852003
284	63	2.134993	0.594345	3.249205	5.978544
284	64	2.134993	0.543747	2.747145	5.425885
284	65	2.134993	0.481207	2.126589	4.742790
284	66	2.134993	0.634013	3.642812	6.411819
284	67	2.134993	0.533499	2.645458	5.313950
284	68	2.134993	0.561313	2.921447	5.617754
284	69	2.134993	0.567953	2.987329	5.690276
284	70	2.134993	0.539433	2.704333	5.378759
284	71	2.134993	0.517191	2.483646	5.135831
284	72	2.134993	0.529858	2.927114	5.591966
284	73	2.134993	0.558948	2.897971	5.591911
284	74	2.134993	0.430058	1.619067	4.184119
284	75	2.134993	0.474837	2.063379	4.673209
284	76	2.134993	0.439240	1.710173	4.284407
284	77	2.134993	0.535430	2.664622	5.335046
284	78	2.134993	0.529858	2.927114	5.591966
284	79	2.134993	0.599389	3.299256	6.033639
284	80	2.134993	0.439240	1.710173	4.284407
284	81	2.134993	0.471694	2.032193	4.638880
284	82	2.134993	0.465382	1.969562	4.569937
284	83	2.134993	0.494564	2.259124	4.888682
284	84	2.134993	0.494564	2.259124	4.888682
284	85	2.134993	0.590442	3.210475	5.935911
284	86	2.134993	0.465382	1.969562	4.569937
284	87	2.134993	0.578812	3.095075	5.808880
284	88	2.134993	0.573568	3.043038	5.751598
284	89	2.134993	0.475574	2.070696	4.681264
284	90	2.134993	0.541571	2.725553	5.402117
284	91	2.134993	0.619683	3.500623	6.255299
284	92	2.134993	0.465382	1.969562	4.569937
284	93	2.134993	0.558948	2.897971	5.591911
284	94	2.134993	0.451040	1.827255	4.413288
284	95	2.134993	0.524360	2.554775	5.214128
284	96	2.134993	0.568965	2.997374	5.701333
284	97	2.134993	0.496571	2.279036	4.910599
284	98	2.134993	0.439240	1.710173	4.284407
284	99	2.134993	0.535430	2.664622	5.335046
285	0	2.209287	0.562935	2.937541	5.709764
285	1	2.209287	0.493268	2.246263	4.948818
285	2	2.209287	0.427102	1.589737	4.226126
285	3	2.209287	0.594439	3.250136	6.053862
285	4	2.209287	0.551028	3.031246	5.791562
285	5	2.209287	0.596372	3.269319	6.074979
285	6	2.209287	0.579171	3.151602	5.940061
285	7	2.209287	0.486900	2.183078	4.879265
285	8	2.209287	0.528830	2.599134	5.337252
285	9	2.209287	0.469905	2.014445	4.693637
285	10	2.209287	0.524975	2.560881	5.295143
285	11	2.209287	0.510118	2.413458	5.132863
285	12	2.209287	0.593220	3.238041	6.040549
285	13	2.209287	0.543505	2.744744	5.497536
285	14	2.209287	0.521121	2.522640	5.253049
285	15	2.209287	0.586309	3.169464	5.965060
285	16	2.209287	0.562313	2.931362	5.702962
285	17	2.209287	0.478773	2.102434	4.790494
285	18	2.209287	0.484261	2.156891	4.850439
285	19	2.209287	0.486357	2.177693	4.873338
285	20	2.209287	0.549096	2.800215	5.558598
285	21	2.209287	0.548593	2.795232	5.553112
285	22	2.209287	0.543229	2.742004	5.494520
285	23	2.209287	0.496703	2.280353	4.986343
285	24	2.209287	0.427102	1.589737	4.226126
285	25	2.209287	0.517351	2.485230	5.211868
285	26	2.209287	0.468805	2.003527	4.681619
285	27	2.209287	0.513105	2.443094	5.165486
285	28	2.209287	0.488824	2.202175	4.900287
285	29	2.209287	0.541758	2.727404	5.478449
285	30	2.209287	0.551171	2.873768	5.634225
285	31	2.209287	0.526765	2.896424	5.632476
285	32	2.209287	0.516673	2.478505	5.204465
285	33	2.209287	0.513105	2.443094	5.165486
285	34	2.209287	0.468805	2.003527	4.681619
285	35	2.209287	0.484261	2.156891	4.850439
285	36	2.209287	0.592028	3.226207	6.027522
285	37	2.209287	0.486514	2.179253	4.875055
285	38	2.209287	0.545708	2.819563	5.574558
285	39	2.209287	0.549096	2.800215	5.558598
285	40	2.209287	0.484261	2.156891	4.850439
285	41	2.209287	0.628556	3.588657	6.426500
285	42	2.209287	0.611288	3.417317	6.237892
285	43	2.209287	0.468805	2.003527	4.681619
285	44	2.209287	0.329374	1.626334	4.164995
285	45	2.209287	0.498292	2.296116	5.003695
285	46	2.209287	0.488671	2.200649	4.898606
285	47	2.209287	0.493268	2.246263	4.948818
285	48	2.209287	0.486357	2.177693	4.873338
285	49	2.209287	0.594335	3.249105	6.052727
285	50	2.209287	0.549096	2.800215	5.558598
285	51	2.209287	0.468805	2.003527	4.681619
285	52	2.209287	0.486357	2.177693	4.873338
285	53	2.209287	0.551171	2.873768	5.634225
285	54	2.209287	0.502746	2.340309	5.052342
285	55	2.209287	0.578242	3.089417	5.876946
285	56	2.209287	0.543505	2.744744	5.497536
285	57	2.209287	0.469905	2.014445	4.693637
285	58	2.209287	0.533140	2.641892	5.384319
285	59	2.209287	0.468805	2.003527	4.681619
285	60	2.209287	0.484261	2.156891	4.850439
285	61	2.209287	0.427102	1.589737	4.226126
285	62	2.209287	0.534701	2.657383	5.401371
285	63	2.209287	0.535837	2.668656	5.413780
285	64	2.209287	0.540038	2.710344	5.459669
285	65	2.209287	0.421340	1.532562	4.163189
285	66	2.209287	0.505121	2.363874	5.078282
285	67	2.209287	0.482873	2.143121	4.835282
285	68	2.209287	0.581154	3.118319	5.908761
285	69	2.209287	0.450731	1.824194	4.484212
285	70	2.209287	0.481566	2.130150	4.821003
285	71	2.209287	0.521121	2.522640	5.253049
285	72	2.209287	0.435931	1.677344	4.322563
285	73	2.209287	0.549096	2.800215	5.558598
285	74	2.209287	0.502746	2.340309	5.052342
285	75	2.209287	0.594439	3.250136	6.053862
285	76	2.209287	0.591890	3.224843	6.026021
285	77	2.209287	0.411491	1.434833	4.055612
285	78	2.209287	0.468805	2.003527	4.681619
285	79	2.209287	0.620193	3.505679	6.335160
285	80	2.209287	0.468805	2.003527	4.681619
285	81	2.209287	0.468805	2.003527	4.681619
285	82	2.209287	0.468805	2.003527	4.681619
285	83	2.209287	0.486357	2.177693	4.873338
285	84	2.209287	0.596372	3.269319	6.074979
285	85	2.209287	0.502746	2.340309	5.052342
285	86	2.209287	0.401081	2.073035	4.683403
285	87	2.209287	0.540038	2.710344	5.459669
285	88	2.209287	0.540038	2.710344	5.459669
285	89	2.209287	0.421340	1.532562	4.163189
285	90	2.209287	0.590959	3.321536	6.121782
285	91	2.209287	0.493268	2.246263	4.948818
285	92	2.209287	0.481566	2.130150	4.821003
285	93	2.209287	0.557945	2.888026	5.655258
285	94	2.209287	0.473043	2.416330	5.098660
285	95	2.209287	0.435931	1.677344	4.322563
285	96	2.209287	0.575435	3.061571	5.846294
285	97	2.209287	0.482873	2.143121	4.835282
285	98	2.209287	0.528830	2.599134	5.337252
285	99	2.209287	0.578242	3.089417	5.876946
286	0	2.173149	0.620194	3.505688	6.299031
286	1	2.173149	0.490706	2.220839	4.884694
286	2	2.173149	0.638427	3.686603	6.498179
286	3	2.173149	0.524785	2.558997	5.256932
286	4	2.173149	0.518673	2.498342	5.190164
286	5	2.173149	0.554852	2.857333	5.585334
286	6	2.173149	0.470313	2.018499	4.661962
286	7	2.173149	0.484074	2.155039	4.812262
286	8	2.173149	0.530383	2.614544	5.318076
286	9	2.173149	0.466926	1.984884	4.624959
286	10	2.173149	0.615965	3.463731	6.252846
286	11	2.173149	0.564291	2.950994	5.688434
286	12	2.173149	0.532874	2.692215	5.398238
286	13	2.173149	0.458525	1.901526	4.533200
286	14	2.173149	0.579806	3.104938	5.857893
286	15	2.173149	0.550299	2.812160	5.535608
286	16	2.173149	0.549555	2.804771	5.527474
286	17	2.173149	0.466926	1.984884	4.624959
286	18	2.173149	0.466926	1.984884	4.624959
286	19	2.173149	0.458525	1.901526	4.533200
286	20	2.173149	0.590836	3.214387	5.978372
286	21	2.173149	0.535932	2.669595	5.378675
286	22	2.173149	0.471281	2.028098	4.672528
286	23	2.173149	0.496979	2.283091	4.953219
286	24	2.173149	0.590893	3.214949	5.978991
286	25	2.173149	0.506746	2.380002	5.059897
286	26	2.173149	0.483280	2.147162	4.803591
286	27	2.173149	0.472187	2.037091	4.682428
286	28	2.173149	0.407124	1.391502	3.971775
286	29	2.173149	0.564291	2.950994	5.688434
286	30	2.173149	0.548541	2.794708	5.516398
286	31	2.173149	0.497200	2.285277	4.955626
286	32	2.173149	0.520098	2.512487	5.205735
286	33	2.173149	0.575078	3.058027	5.806254
286	34	2.173149	0.553799	2.899852	5.626801
286	35	2.173149	0.524785	2.558997	5.256932
286	36	2.173149	0.574170	3.154940	5.902258
286	37	2.173149	0.516238	2.474184	5.163571
286	38	2.173149	0.524785	2.558997	5.256932
286	39	2.173149	0.550390	2.971954	5.695494
286	40	2.173149	0.580002	3.106879	5.860030
286	41	2.173149	0.458525	1.901526	4.533200
286	42	2.173149	0.564291	2.950994	5.688434
286	43	2.173149	0.434711	1.665238	4.273098
286	44	2.173149	0.598426	3.289697	6.061272
286	45	2.173149	0.536501	2.940062	5.649712
286	46	2.173149	0.472187	2.037091	4.682428
286	47	2.173149	0.554852	2.857333	5.585334
286	48	2.173149	0.502220	2.335095	5.010465
286	49	2.173149	0.603147	3.336543	6.112840
286	50	2.173149	0.472519	2.040381	4.686049
286	51	2.173149	0.484074	2.155039	4.812262
286	52	2.173149	0.419514	1.514441	4.107104
286	53	2.173149	0.532235	2.791809	5.497193
286	54	2.173149	0.532894	2.639459	5.345502
286	55	2.173149	0.579806	3.104938	5.857893
286	56	2.173149	0.520098	2.512487	5.205735
286	57	2.173149	0.530087	2.611602	5.314838
286	58	2.173149	0.603147	3.336543	6.112840
286	59	2.173149	0.523812	2.549337	5.246298
286	60	2.173149	0.439397	1.711731	4.324277
286	61	2.173149	0.561224	2.920559	5.654932
286	62	2.173149	0.564291	2.950994	5.688434
286	63	2.173149	0.407124	1.391502	3.971775
286	64	2.173149	0.419514	1.514441	4.107104
286	65	2.173149	0.470313	2.018499	4.661962
286	66	2.173149	0.564291	2.950994	5.688434
286	67	2.173149	0.590836	3.214387	5.978372
286	68	2.173149	0.590893	3.214949	5.978991
286	69	2.173149	0.466926	1.984884	4.624959
286	70	2.173149	0.542206	2.996673	5.712029
286	71	2.173149	0.523812	2.549337	5.246298
286	72	2.173149	0.524785	2.558997	5.256932
286	73	2.173149	0.542476	2.734532	5.450157
286	74	2.173149	0.490706	2.220839	4.884694
286	75	2.173149	0.552465	2.939577	5.665191
286	76	2.173149	0.561503	3.082221	5.816874
286	77	2.173149	0.520098	2.512487	5.205735
286	78	2.173149	0.542476	2.734532	5.450157
286	79	2.173149	0.564088	2.948972	5.686209
286	80	2.173149	0.590893	3.214949	5.978991
286	81	2.173149	0.590893	3.214949	5.978991
286	82	2.173149	0.603936	3.344366	6.121450
286	83	2.173149	0.550299	2.812160	5.535608
286	84	2.173149	0.544510	2.754717	5.472376
286	85	2.173149	0.535932	2.669595	5.378675
286	86	2.173149	0.575078	3.058027	5.806254
286	87	2.173149	0.502220	2.335095	5.010465
286	88	2.173149	0.520098	2.512487	5.205735
286	89	2.173149	0.472187	2.037091	4.682428
286	90	2.173149	0.541924	2.729050	5.444123
286	91	2.173149	0.518673	2.498342	5.190164
286	92	2.173149	0.535932	2.669595	5.378675
286	93	2.173149	0.497200	2.285277	4.955626
286	94	2.173149	0.520098	2.512487	5.205735
286	95	2.173149	0.479837	2.112994	4.765979
286	96	2.173149	0.530087	2.611602	5.314838
286	97	2.173149	0.494151	2.255030	4.922330
286	98	2.173149	0.588453	3.296667	6.058269
286	99	2.173149	0.603147	3.336543	6.112840
287	0	2.177381	0.570992	3.017479	5.765851
287	1	2.177381	0.593631	3.242114	6.013125
287	2	2.177381	0.593217	3.238012	6.008610
287	3	2.177381	0.557403	2.882644	5.617427
287	4	2.177381	0.503704	2.349822	5.030907
287	5	2.177381	0.556316	2.871862	5.605558
287	6	2.177381	0.543386	2.743563	5.464330
287	7	2.177381	0.569459	3.108198	5.855037
287	8	2.177381	0.543386	2.743563	5.464330
287	9	2.177381	0.546452	2.773982	5.497814
287	10	2.177381	0.489101	2.628625	5.295106
287	11	2.177381	0.582961	3.136243	5.896585
287	12	2.177381	0.538839	2.698446	5.414665
287	13	2.177381	0.564566	2.953716	5.695662
287	14	2.177381	0.485534	2.169529	4.832444
287	15	2.177381	0.591657	3.222526	5.991564
287	16	2.177381	0.617091	3.474895	6.269366
287	17	2.177381	0.495903	2.272416	4.945700
287	18	2.177381	0.574418	3.051472	5.803270
287	19	2.177381	0.593217	3.238012	6.008610
287	20	2.177381	0.515077	2.462670	5.155128
287	21	2.177381	0.613893	3.443168	6.234442
287	22	2.177381	0.514657	2.458498	5.150535
287	23	2.177381	0.480137	2.115972	4.773489
287	24	2.177381	0.551846	2.827505	5.556732
287	25	2.177381	0.570992	3.017479	5.765851
287	26	2.177381	0.485534	2.169529	4.832444
287	27	2.177381	0.634565	3.648282	6.460227
287	28	2.177381	0.591657	3.222526	5.991564
287	29	2.177381	0.543386	2.743563	5.464330
287	30	2.177381	0.494372	2.257219	4.928972
287	31	2.177381	0.567650	2.984316	5.729346
287	32	2.177381	0.492614	2.239780	4.909775
287	33	2.177381	0.510131	2.413589	5.101100
287	34	2.177381	0.567650	2.984316	5.729346
287	35	2.177381	0.593217	3.238012	6.008610
287	36	2.177381	0.460054	1.916695	4.554129
287	37	2.177381	0.570465	3.065218	5.813064
287	38	2.177381	0.593217	3.238012	6.008610
287	39	2.177381	0.425973	2.320019	4.923372
287	40	2.177381	0.569453	3.108137	5.854971
287	41	2.177381	0.570209	3.009712	5.757302
287	42	2.177381	0.626041	3.563703	6.367124
287	43	2.177381	0.586776	3.174096	5.938253
287	44	2.177381	0.487004	2.184112	4.848496
287	45	2.177381	0.547646	2.785830	5.510856
287	46	2.177381	0.584613	3.258562	6.020556
287	47	2.177381	0.550178	2.810955	5.538513
287	48	2.177381	0.439630	1.714047	4.331058
287	49	2.177381	0.470150	2.016873	4.664403
287	50	2.177381	0.491016	2.223917	4.892313
287	51	2.177381	0.448631	1.803355	4.429367
287	52	2.177381	0.571178	3.019327	5.767886
287	53	2.177381	0.593631	3.242114	6.013125
287	54	2.177381	0.550178	2.810955	5.538513
287	55	2.177381	0.626041	3.563703	6.367124
287	56	2.177381	0.523070	2.859759	5.560210
287	57	2.177381	0.487099	2.185056	4.849535
287	58	2.177381	0.538765	2.697707	5.413852
287	59	2.177381	0.492614	2.239780	4.909775
287	60	2.177381	0.570992	3.017479	5.765851
287	61	2.177381	0.510131	2.413589	5.101100
287	62	2.177381	0.523186	2.543126	5.243692
287	63	2.177381	0.613893	3.443168	6.234442
287	64	2.177381	0.504276	2.355493	5.037150
287	65	2.177381	0.561616	2.924453	5.663450
287	66	2.177381	0.523742	2.866422	5.567544
287	67	2.177381	0.487004	2.184112	4.848496
287	68	2.177381	0.531476	2.625388	5.334245
287	69	2.177381	0.487004	2.184112	4.848496
287	70	2.177381	0.411619	2.124631	4.713630
287	71	2.177381	0.418815	1.507504	4.103700
287	72	2.177381	0.495903	2.272416	4.945700
287	73	2.177381	0.576049	3.067659	5.821088
287	74	2.177381	0.418815	1.507504	4.103700
287	75	2.177381	0.570209	3.009712	5.757302
287	76	2.177381	0.546452	2.773982	5.497814
287	77	2.177381	0.577684	3.083884	5.838949
287	78	2.177381	0.491016	2.223917	4.892313
287	79	2.177381	0.523186	2.543126	5.243692
287	80	2.177381	0.461412	1.930179	4.568972
287	81	2.177381	0.480137	2.115972	4.773489
287	82	2.177381	0.517307	2.484791	5.179479
287	83	2.177381	0.494372	2.257219	4.928972
287	84	2.177381	0.570209	3.009712	5.757302
287	85	2.177381	0.586776	3.174096	5.938253
287	86	2.177381	0.552548	2.834476	5.564405
287	87	2.177381	0.510254	2.414804	5.102438
287	88	2.177381	0.577684	3.083884	5.838949
287	89	2.177381	0.634565	3.648282	6.460227
287	90	2.177381	0.611165	3.416102	6.204648
287	91	2.177381	0.494431	2.257809	4.929621
287	92	2.177381	0.556316	2.871862	5.605558
287	93	2.177381	0.480137	2.115972	4.773489
287	94	2.177381	0.514657	2.458498	5.150535
287	95	2.177381	0.510254	2.414804	5.102438
287	96	2.177381	0.552548	2.834476	5.564405
287	97	2.177381	0.465419	2.605500	5.248300
287	98	2.177381	0.448631	1.803355	4.429367
287	99	2.177381	0.480137	2.115972	4.773489
288	0	2.309691	0.561559	2.923886	5.795136
288	1	2.309691	0.427930	1.597952	4.335573
288	2	2.309691	0.486258	2.176707	4.972655
288	3	2.309691	0.556051	2.869234	5.734977
288	4	2.309691	0.557123	2.879866	5.746680
288	5	2.309691	0.591337	3.219355	6.120383
288	6	2.309691	0.445613	1.773409	4.528714
288	7	2.309691	0.467734	1.992907	4.770332
288	8	2.309691	0.496653	2.279850	5.086193
288	9	2.309691	0.561559	2.923886	5.795136
288	10	2.309691	0.508599	2.398387	5.216677
288	11	2.309691	0.524443	2.555595	5.389729
288	12	2.309691	0.602261	3.327744	6.239696
288	13	2.309691	0.518183	2.493485	5.321359
288	14	2.309691	0.549544	2.804659	5.663894
288	15	2.309691	0.487715	2.773770	5.571176
288	16	2.309691	0.527496	2.585896	5.423084
288	17	2.309691	0.423509	2.295572	5.028772
288	18	2.309691	0.473790	2.052993	4.836474
288	19	2.309691	0.543075	2.740479	5.593246
288	20	2.309691	0.568144	3.042183	5.920017
288	21	2.309691	0.473790	2.052993	4.836474
288	22	2.309691	0.525343	2.564532	5.399567
288	23	2.309691	0.427930	1.597952	4.335573
288	24	2.309691	0.545871	2.768216	5.623778
288	25	2.309691	0.543075	2.740479	5.593246
288	26	2.309691	0.641005	3.712181	6.662877
288	27	2.309691	0.505623	2.368854	5.184167
288	28	2.309691	0.590983	3.374734	6.275408
288	29	2.309691	0.486979	2.183867	4.980538
288	30	2.309691	0.440141	1.719114	4.468947
288	31	2.309691	0.497572	2.288967	5.096230
288	32	2.309691	0.487603	2.190056	4.987350
288	33	2.309691	0.420817	1.527367	4.257875
288	34	2.309691	0.502919	2.342026	5.154636
288	35	2.309691	0.591337	3.219355	6.120383
288	36	2.309691	0.464570	1.961507	4.735767
288	37	2.309691	0.537588	2.686032	5.533312
288	38	2.309691	0.526729	2.578280	5.414700
288	39	2.309691	0.497877	2.292002	5.099570
288	40	2.309691	0.518183	2.493485	5.321359
288	41	2.309691	0.497877	2.292002	5.099570
288	42	2.309691	0.543075	2.740479	5.593246
288	43	2.309691	0.591337	3.219355	6.120383
288	44	2.309691	0.597764	3.283123	6.190578
288	45	2.309691	0.575380	3.061022	5.946093
288	46	2.309691	0.486258	2.176707	4.972655
288	47	2.309691	0.479768	2.112308	4.901766
288	48	2.309691	0.573032	3.037725	5.920449
288	49	2.309691	0.496653	2.279850	5.086193
288	50	2.309691	0.518183	2.493485	5.321359
288	51	2.309691	0.427930	1.597952	4.335573
288	52	2.309691	0.493064	2.244246	5.047002
288	53	2.309691	0.573032	3.037725	5.920449
288	54	2.309691	0.570456	3.012167	5.892314
288	55	2.309691	0.536181	2.672073	5.517946
288	56	2.309691	0.559563	2.904082	5.773336
288	57	2.309691	0.502919	2.342026	5.154636
288	58	2.309691	0.553150	2.840445	5.703286
288	59	2.309691	0.559563	2.904082	5.773336
288	60	2.309691	0.546761	2.777049	5.633501
288	61	2.309691	0.568144	3.042183	5.920017
288	62	2.309691	0.549544	2.804659	5.663894
288	63	2.309691	0.486960	2.183670	4.980321
288	64	2.309691	0.479768	2.112308	4.901766
288	65	2.309691	0.525343	2.564532	5.399567
288	66	2.309691	0.467734	1.992907	4.770332
288	67	2.309691	0.464570	1.961507	4.735767
288	68	2.309691	0.547405	2.942328	5.799424
288	69	2.309691	0.530411	2.985567	5.825670
288	70	2.309691	0.569389	3.107507	5.986588
288	71	2.309691	0.497572	2.288967	5.096230
288	72	2.309691	0.548477	2.794074	5.652242
288	73	2.309691	0.560845	2.916795	5.787330
288	74	2.309691	0.548477	2.794074	5.652242
288	75	2.309691	0.543659	3.117019	5.970369
288	76	2.309691	0.549544	2.804659	5.663894
288	77	2.309691	0.539652	2.706516	5.555859
288	78	2.309691	0.505906	2.371669	5.187266
288	79	2.309691	0.573072	3.038120	5.920883
288	80	2.309691	0.570456	3.012167	5.892314
288	81	2.309691	0.502919	2.342026	5.154636
288	82	2.309691	0.486258	2.176707	4.972655
288	83	2.309691	0.497572	2.288967	5.096230
288	84	2.309691	0.526729	2.578280	5.414700
288	85	2.309691	0.486258	2.176707	4.972655
288	86	2.309691	0.505737	2.369994	5.185423
288	87	2.309691	0.549544	2.804659	5.663894
288	88	2.309691	0.525343	2.564532	5.399567
288	89	2.309691	0.445613	1.773409	4.528714
288	90	2.309691	0.505623	2.368854	5.184167
288	91	2.309691	0.536181	2.672073	5.517946
288	92	2.309691	0.605528	3.360161	6.275380
288	93	2.309691	0.556051	2.869234	5.734977
288	94	2.309691	0.486960	2.183670	4.980321
288	95	2.309691	0.536181	2.672073	5.517946
288	96	2.309691	0.546761	2.777049	5.633501
288	97	2.309691	0.558797	3.055367	5.923855
288	98	2.309691	0.502429	2.337161	5.149281
288	99	2.309691	0.578514	3.092121	5.980326
289	0	2.199143	0.561464	2.922937	5.683543
289	1	2.199143	0.511421	2.426388	5.136952
289	2	2.199143	0.412498	1.444822	4.056462
289	3	2.199143	0.486090	2.175044	4.860276
289	4	2.199143	0.577334	3.080414	5.856891
289	5	2.199143	0.625591	3.559238	6.383972
289	6	2.199143	0.577508	3.082141	5.858792
289	7	2.199143	0.511421	2.426388	5.136952
289	8	2.199143	0.475891	2.073845	4.748880
289	9	2.199143	0.565977	2.967720	5.732840
289	10	2.199143	0.534302	2.653429	5.386874
289	11	2.199143	0.433341	1.651640	4.284124
289	12	2.199143	0.487434	2.188375	4.874951
289	13	2.199143	0.542885	2.738588	5.480615
289	14	2.199143	0.584367	3.150200	5.933710
289	15	2.199143	0.528000	2.590895	5.318038
289	16	2.199143	0.471541	2.030677	4.701361
289	17	2.199143	0.500278	2.315819	5.015239
289	18	2.199143	0.491273	2.544253	5.234669
289	19	2.199143	0.569295	3.000648	5.769087
289	20	2.199143	0.570880	3.016367	5.786389
289	21	2.199143	0.501936	2.332275	5.033353
289	22	2.199143	0.440933	1.726968	4.367044
289	23	2.199143	0.571473	3.022256	5.792872
289	24	2.199143	0.547209	2.781491	5.527843
289	25	2.199143	0.540685	2.716765	5.456593
289	26	2.199143	0.558013	2.888699	5.645854
289	27	2.199143	0.526401	2.575024	5.300568
289	28	2.199143	0.543124	2.740966	5.483233
289	29	2.199143	0.475255	2.067529	4.741927
289	30	2.199143	0.554475	2.853594	5.607212
289	31	2.199143	0.453901	1.855648	4.508692
289	32	2.199143	0.549580	2.805019	5.553741
289	33	2.199143	0.505743	2.370044	5.074929
289	34	2.199143	0.574053	3.047858	5.821054
289	35	2.199143	0.558399	2.892524	5.650065
289	36	2.199143	0.585263	3.159085	5.943490
289	37	2.199143	0.584367	3.150200	5.933710
289	38	2.199143	0.547209	2.781491	5.527843
289	39	2.199143	0.577508	3.082141	5.858792
289	40	2.199143	0.497083	2.284119	4.980344
289	41	2.199143	0.577508	3.082141	5.858792
289	42	2.199143	0.469825	2.013654	4.682622
289	43	2.199143	0.587462	3.180909	5.967514
289	44	2.199143	0.556122	3.028824	5.784088
289	45	2.199143	0.597654	3.335001	6.131798
289	46	2.199143	0.539776	2.707736	5.446655
289	47	2.199143	0.433341	1.651640	4.284124
289	48	2.199143	0.475891	2.073845	4.748880
289	49	2.199143	0.591782	3.276739	6.067664
289	50	2.199143	0.453901	1.855648	4.508692
289	51	2.199143	0.543124	2.740966	5.483233
289	52	2.199143	0.571540	3.022920	5.793602
289	53	2.199143	0.585263	3.159085	5.943490
289	54	2.199143	0.587773	3.183990	5.970906
289	55	2.199143	0.594471	3.250451	6.044064
289	56	2.199143	0.528000	2.590895	5.318038
289	57	2.199143	0.508237	2.394792	5.102171
289	58	2.199143	0.539592	2.705911	5.444645
289	59	2.199143	0.532735	2.637877	5.369754
289	60	2.199143	0.501547	2.328418	5.029108
289	61	2.199143	0.444216	1.759544	4.402902
289	62	2.199143	0.475255	2.067529	4.741927
289	63	2.199143	0.554475	2.853594	5.607212
289	64	2.199143	0.453901	1.855648	4.508692
289	65	2.199143	0.577334	3.080414	5.856891
289	66	2.199143	0.597650	3.281996	6.078789
289	67	2.199143	0.558399	2.892524	5.650065
289	68	2.199143	0.540685	2.716765	5.456593
289	69	2.199143	0.538495	2.695034	5.432672
289	70	2.199143	0.449876	1.815708	4.464727
289	71	2.199143	0.501959	2.332501	5.033603
289	72	2.199143	0.528000	2.590895	5.318038
289	73	2.199143	0.539592	2.705911	5.444645
289	74	2.199143	0.587773	3.183990	5.970906
289	75	2.199143	0.549214	2.801386	5.549742
289	76	2.199143	0.625591	3.559238	6.383972
289	77	2.199143	0.530225	2.983722	5.713090
289	78	2.199143	0.561464	2.922937	5.683543
289	79	2.199143	0.530225	2.983722	5.713090
289	80	2.199143	0.558399	2.892524	5.650065
289	81	2.199143	0.425603	1.574856	4.199601
289	82	2.199143	0.570880	3.016367	5.786389
289	83	2.199143	0.471541	2.030677	4.701361
289	84	2.199143	0.626544	3.568698	6.394385
289	85	2.199143	0.571473	3.022256	5.792872
289	86	2.199143	0.425603	1.574856	4.199601
289	87	2.199143	0.412498	1.444822	4.056462
289	88	2.199143	0.505743	2.370044	5.074929
289	89	2.199143	0.539776	2.707736	5.446655
289	90	2.199143	0.469825	2.013654	4.682622
289	91	2.199143	0.456962	2.362697	5.018803
289	92	2.199143	0.557407	3.041572	5.798121
289	93	2.199143	0.514777	2.459693	5.173614
289	94	2.199143	0.592072	3.491465	6.282680
289	95	2.199143	0.557173	2.880359	5.636675
289	96	2.199143	0.549580	2.805019	5.553741
289	97	2.199143	0.587462	3.180909	5.967514
289	98	2.199143	0.557407	3.041572	5.798121
289	99	2.199143	0.543374	2.743443	5.485960
290	0	2.290480	0.562232	2.930560	5.783272
290	1	2.290480	0.590742	3.213448	6.094670
290	2	2.290480	0.546684	2.776286	5.613450
290	3	2.290480	0.584648	3.152980	6.028108
290	4	2.290480	0.528128	2.592168	5.410777
290	5	2.290480	0.478590	2.100618	4.869688
290	6	2.290480	0.526735	2.578343	5.395558
290	7	2.290480	0.579659	3.103477	5.973616
290	8	2.290480	0.474403	2.059080	4.823964
290	9	2.290480	0.481645	2.130940	4.903066
290	10	2.290480	0.533357	2.644051	5.467888
290	11	2.290480	0.539167	2.701699	5.531346
290	12	2.290480	0.531997	2.630551	5.453028
290	13	2.290480	0.489462	2.208505	4.988447
290	14	2.290480	0.570124	3.008865	5.869469
290	15	2.290480	0.446011	1.777355	4.513846
290	16	2.290480	0.576531	3.125402	5.992413
290	17	2.290480	0.539167	2.701699	5.531346
290	18	2.290480	0.476657	2.081444	4.848581
290	19	2.290480	0.578479	3.091773	5.960732
290	20	2.290480	0.545045	2.971882	5.807408
290	21	2.290480	0.506680	2.379346	5.176506
290	22	2.290480	0.471572	2.560620	5.322672
290	23	2.290480	0.474403	2.059080	4.823964
290	24	2.290480	0.578479	3.091773	5.960732
290	25	2.290480	0.581563	3.122375	5.994419
290	26	2.290480	0.509497	2.407296	5.207273
290	27	2.290480	0.507755	2.390012	5.188247
290	28	2.290480	0.506477	2.377329	5.174286
290	29	2.290480	0.520794	2.731245	5.542519
290	30	2.290480	0.539435	2.704360	5.534275
290	31	2.290480	0.446011	1.777355	4.513846
290	32	2.290480	0.629307	3.596117	6.515905
290	33	2.290480	0.491999	2.233672	5.016150
290	34	2.290480	0.614592	3.503063	6.408135
290	35	2.290480	0.562911	2.937296	5.790687
290	36	2.290480	0.546684	2.776286	5.613450
290	37	2.290480	0.484231	2.156597	4.931309
290	38	2.290480	0.470901	2.024333	4.785715
290	39	2.290480	0.511067	2.422881	5.224428
290	40	2.290480	0.539167	2.701699	5.531346
290	41	2.290480	0.528128	2.592168	5.410777
290	42	2.290480	0.533357	2.644051	5.467888
290	43	2.290480	0.492503	2.238677	5.021660
290	44	2.290480	0.562911	2.937296	5.790687
290	45	2.290480	0.527322	2.584168	5.401971
290	46	2.290480	0.487617	2.190198	4.968295
290	47	2.290480	0.565249	2.960495	5.816224
290	48	2.290480	0.555740	2.866141	5.712361
290	49	2.290480	0.526768	2.790526	5.607774
290	50	2.290480	0.437908	1.696955	4.425343
290	51	2.290480	0.546684	2.776286	5.613450
290	52	2.290480	0.529051	2.601326	5.420858
290	53	2.290480	0.554274	2.851594	5.696347
290	54	2.290480	0.614977	3.506886	6.412343
290	55	2.290480	0.523568	2.546920	5.360968
290	56	2.290480	0.476657	2.081444	4.848581
290	57	2.290480	0.516849	2.903959	5.711288
290	58	2.290480	0.571816	3.025658	5.887954
290	59	2.290480	0.487617	2.190198	4.968295
290	60	2.290480	0.421953	1.538641	4.251074
290	61	2.290480	0.421953	1.538641	4.251074
290	62	2.290480	0.537111	2.681294	5.508884
290	63	2.290480	0.622378	3.527363	6.440221
290	64	2.290480	0.554274	2.851594	5.696347
290	65	2.290480	0.545045	2.971882	5.807408
290	66	2.290480	0.527322	2.584168	5.401971
290	67	2.290480	0.527322	2.584168	5.401971
290	68	2.290480	0.492216	2.235829	5.018526
290	69	2.290480	0.553284	2.841777	5.685541
290	70	2.290480	0.506680	2.379346	5.176506
290	71	2.290480	0.491999	2.233672	5.016150
290	72	2.290480	0.553284	2.841777	5.685541
290	73	2.290480	0.446623	1.783427	4.520530
290	74	2.290480	0.484231	2.156597	4.931309
290	75	2.290480	0.491999	2.233672	5.016150
290	76	2.290480	0.523293	2.544185	5.357958
290	77	2.290480	0.465728	1.972997	4.729205
290	78	2.290480	0.446623	1.783427	4.520530
290	79	2.290480	0.540959	2.719476	5.550915
290	80	2.290480	0.474403	2.059080	4.823964
290	81	2.290480	0.522498	2.536304	5.349282
290	82	2.290480	0.615195	3.456082	6.361757
290	83	2.290480	0.490724	2.221025	5.002230
290	84	2.290480	0.482699	2.141396	4.914575
290	85	2.290480	0.540959	2.719476	5.550915
290	86	2.290480	0.529051	2.601326	5.420858
290	87	2.290480	0.406955	1.972431	4.669866
290	88	2.290480	0.633325	3.635983	6.559788
290	89	2.290480	0.523705	2.548272	5.362457
290	90	2.290480	0.614056	3.444785	6.349321
290	91	2.290480	0.421953	1.538641	4.251074
290	92	2.290480	0.520439	2.515867	5.326785
290	93	2.290480	0.507755	2.390012	5.188247
290	94	2.290480	0.490724	2.221025	5.002230
290	95	2.290480	0.502965	2.342488	5.135934
290	96	2.290480	0.413180	1.451594	4.155254
290	97	2.290480	0.528128	2.592168	5.410777
290	98	2.290480	0.523568	2.546920	5.360968
290	99	2.290480	0.502965	2.342488	5.135934
291	0	2.300904	0.531533	2.625954	5.458391
291	1	2.300904	0.447536	1.792494	4.540934
291	2	2.300904	0.595250	3.258178	6.154332
291	3	2.300904	0.517868	2.755180	5.573952
291	4	2.300904	0.507028	2.382798	5.190730
291	5	2.300904	0.583467	3.141267	6.025639
291	6	2.300904	0.562085	2.929105	5.792095
291	7	2.300904	0.562199	2.930233	5.793336
291	8	2.300904	0.475792	2.072858	4.849553
291	9	2.300904	0.524568	2.874623	5.700095
291	10	2.300904	0.467418	1.989772	4.758095
291	11	2.300904	0.524568	2.874623	5.700095
291	12	2.300904	0.539109	2.701119	5.541131
291	13	2.300904	0.601657	3.321757	6.224318
291	14	2.300904	0.539109	2.701119	5.541131
291	15	2.300904	0.630343	3.606393	6.537640
291	16	2.300904	0.444524	1.762602	4.508029
291	17	2.300904	0.570029	3.007931	5.878865
291	18	2.300904	0.502595	2.338816	5.142315
291	19	2.300904	0.482591	2.140326	4.923821
291	20	2.300904	0.523088	2.542156	5.366148
291	21	2.300904	0.483493	2.149274	4.933671
291	22	2.300904	0.482591	2.140326	4.923821
291	23	2.300904	0.471521	2.030482	4.802907
291	24	2.300904	0.553133	2.840276	5.694313
291	25	2.300904	0.494851	2.261976	5.057731
291	26	2.300904	0.573439	3.041761	5.916103
291	27	2.300904	0.510720	2.419433	5.231057
291	28	2.300904	0.513296	2.444990	5.259190
291	29	2.300904	0.416271	1.482267	4.199442
291	30	2.300904	0.545169	2.761252	5.607325
291	31	2.300904	0.523088	2.542156	5.366148
291	32	2.300904	0.423263	1.551641	4.275808
291	33	2.300904	0.447536	1.792494	4.540934
291	34	2.300904	0.489623	2.210095	5.000622
291	35	2.300904	0.431705	1.635410	4.368019
291	36	2.300904	0.531533	2.625954	5.458391
291	37	2.300904	0.415232	2.160483	4.876619
291	38	2.300904	0.564680	2.954855	5.820440
291	39	2.300904	0.587197	3.178274	6.066375
291	40	2.300904	0.478680	2.101519	4.881104
291	41	2.300904	0.407587	1.396095	4.104586
291	42	2.300904	0.549625	2.805469	5.655998
291	43	2.300904	0.471091	2.026217	4.798212
291	44	2.300904	0.562085	2.929105	5.792095
291	45	2.300904	0.526520	2.576204	5.403627
291	46	2.300904	0.481956	2.134025	4.916885
291	47	2.300904	0.423263	1.551641	4.275808
291	48	2.300904	0.423263	1.551641	4.275808
291	49	2.300904	0.529015	2.600963	5.430882
291	50	2.300904	0.613135	3.435642	6.349680
291	51	2.300904	0.522434	2.535668	5.359006
291	52	2.300904	0.461870	2.464361	5.227135
291	53	2.300904	0.471521	2.030482	4.802907
291	54	2.300904	0.474422	2.059264	4.834589
291	55	2.300904	0.416271	1.482267	4.199442
291	56	2.300904	0.583467	3.141267	6.025639
291	57	2.300904	0.491920	2.232892	5.025716
291	58	2.300904	0.474422	2.059264	4.834589
291	59	2.300904	0.533272	2.643202	5.477378
291	60	2.300904	0.595612	3.261772	6.158287
291	61	2.300904	0.483493	2.149274	4.933671
291	62	2.300904	0.536906	3.050010	5.887820
291	63	2.300904	0.522434	2.535668	5.359006
291	64	2.300904	0.515301	2.464884	5.281088
291	65	2.300904	0.471091	2.026217	4.798212
291	66	2.300904	0.548487	2.794179	5.643570
291	67	2.300904	0.490200	2.533605	5.324709
291	68	2.300904	0.446367	2.363490	5.110761
291	69	2.300904	0.499980	2.312865	5.113749
291	70	2.300904	0.458558	1.901857	4.661319
291	71	2.300904	0.489623	2.210095	5.000622
291	72	2.300904	0.533387	2.644342	5.478632
291	73	2.300904	0.416271	1.482267	4.199442
291	74	2.300904	0.553133	2.840276	5.694313
291	75	2.300904	0.531533	2.625954	5.458391
291	76	2.300904	0.583467	3.141267	6.025639
291	77	2.300904	0.544915	2.758732	5.604551
291	78	2.300904	0.490804	2.221815	5.013522
291	79	2.300904	0.506827	2.380804	5.188535
291	80	2.300904	0.483493	2.149274	4.933671
291	81	2.300904	0.497225	2.285529	5.083658
291	82	2.300904	0.490804	2.221815	5.013522
291	83	2.300904	0.539109	2.701119	5.541131
291	84	2.300904	0.600673	3.364956	6.266532
291	85	2.300904	0.526520	2.576204	5.403627
291	86	2.300904	0.458558	1.901857	4.661319
291	87	2.300904	0.507028	2.382798	5.190730
291	88	2.300904	0.501988	2.650570	5.453462
291	89	2.300904	0.544915	2.758732	5.604551
291	90	2.300904	0.523088	2.542156	5.366148
291	91	2.300904	0.532951	2.640017	5.473872
291	92	2.300904	0.577782	3.084858	5.963544
291	93	2.300904	0.458558	1.901857	4.661319
291	94	2.300904	0.416271	1.482267	4.199442
291	95	2.300904	0.491920	2.232892	5.025716
291	96	2.300904	0.522065	2.532004	5.354972
291	97	2.300904	0.549934	2.808529	5.659366
291	98	2.300904	0.416271	1.482267	4.199442
291	99	2.300904	0.474422	2.059264	4.834589
292	0	2.314644	0.489141	2.205315	5.009100
292	1	2.314644	0.427832	1.596978	4.339454
292	2	2.314644	0.487317	2.187216	4.989177
292	3	2.314644	0.546023	2.769723	5.630389
292	4	2.314644	0.514089	2.611756	5.440489
292	5	2.314644	0.524019	2.551397	5.390060
292	6	2.314644	0.549318	2.802424	5.666386
292	7	2.314644	0.450062	1.817555	4.582261
292	8	2.314644	0.427832	1.596978	4.339454
292	9	2.314644	0.514089	2.611756	5.440489
292	10	2.314644	0.547160	2.781012	5.642816
292	11	2.314644	0.468233	1.997852	4.780728
292	12	2.314644	0.475911	2.074041	4.864596
292	13	2.314644	0.555665	2.865398	5.735706
292	14	2.314644	0.578422	3.091206	5.984272
292	15	2.314644	0.568984	2.997556	5.881184
292	16	2.314644	0.551219	2.821287	5.687150
292	17	2.314644	0.494376	2.257258	5.066278
292	18	2.314644	0.609357	3.398162	6.322163
292	19	2.314644	0.554434	2.853187	5.722265
292	20	2.314644	0.499290	2.306023	5.119957
292	21	2.314644	0.548158	2.790911	5.653713
292	22	2.314644	0.498585	2.299023	5.112251
292	23	2.314644	0.540375	2.713687	5.568706
292	24	2.314644	0.524125	2.552449	5.391218
292	25	2.314644	0.566237	3.129195	6.010077
292	26	2.314644	0.524125	2.552449	5.391218
292	27	2.314644	0.479326	2.107928	4.901898
292	28	2.314644	0.546023	2.769723	5.630389
292	29	2.314644	0.563446	2.942602	5.820691
292	30	2.314644	0.534088	2.651301	5.500033
292	31	2.314644	0.523219	2.543455	5.381318
292	32	2.314644	0.584805	3.154544	6.053993
292	33	2.314644	0.534088	2.651301	5.500033
292	34	2.314644	0.422310	1.542186	4.279140
292	35	2.314644	0.496167	2.275027	5.085837
292	36	2.314644	0.466432	1.979983	4.761059
292	37	2.314644	0.551219	2.821287	5.687150
292	38	2.314644	0.563828	2.946400	5.824872
292	39	2.314644	0.643458	3.789489	6.747591
292	40	2.314644	0.568984	2.997556	5.881184
292	41	2.314644	0.475911	2.074041	4.864596
292	42	2.314644	0.512302	2.435131	5.262077
292	43	2.314644	0.595229	3.257970	6.167842
292	44	2.314644	0.446732	1.784516	4.545892
292	45	2.314644	0.487105	2.185109	4.986857
292	46	2.314644	0.498585	2.299023	5.112251
292	47	2.314644	0.485707	2.171241	4.971592
292	48	2.314644	0.547160	2.781012	5.642816
292	49	2.314644	0.459808	1.914256	4.688708
292	50	2.314644	0.494376	2.257258	5.066278
292	51	2.314644	0.496167	2.275027	5.085837
292	52	2.314644	0.523219	2.543455	5.381318
292	53	2.314644	0.451178	1.828623	4.594444
292	54	2.314644	0.558630	3.106678	5.979952
292	55	2.314644	0.489255	2.206444	5.010342
292	56	2.314644	0.485241	2.166615	4.966499
292	57	2.314644	0.422310	1.542186	4.279140
292	58	2.314644	0.534082	2.651245	5.499971
292	59	2.314644	0.581072	3.223428	6.119143
292	60	2.314644	0.519727	2.773627	5.607998
292	61	2.314644	0.488201	2.195992	4.998837
292	62	2.314644	0.650650	3.807891	6.773186
292	63	2.314644	0.624837	3.551758	6.491239
292	64	2.314644	0.489141	2.205315	5.009100
292	65	2.314644	0.412191	2.183267	4.910102
292	66	2.314644	0.553246	2.947328	5.815219
292	67	2.314644	0.489141	2.205315	5.009100
292	68	2.314644	0.594436	3.250107	6.159187
292	69	2.314644	0.523041	2.541687	5.379372
292	70	2.314644	0.490748	2.221265	5.026657
292	71	2.314644	0.578422	3.091206	5.984272
292	72	2.314644	0.492879	2.242410	5.049933
292	73	2.314644	0.485707	2.171241	4.971592
292	74	2.314644	0.524125	2.552449	5.391218
292	75	2.314644	0.563446	2.942602	5.820691
292	76	2.314644	0.575891	3.119054	6.009588
292	77	2.314644	0.563828	2.946400	5.824872
292	78	2.314644	0.499290	2.306023	5.119957
292	79	2.314644	0.480480	2.119378	4.914501
292	80	2.314644	0.523219	2.543455	5.381318
292	81	2.314644	0.480480	2.119378	4.914501
292	82	2.314644	0.534082	2.651245	5.499971
292	83	2.314644	0.523219	2.543455	5.381318
292	84	2.314644	0.492879	2.242410	5.049933
292	85	2.314644	0.413240	1.452190	4.180073
292	86	2.314644	0.522060	2.531955	5.368659
292	87	2.314644	0.487317	2.187216	4.989177
292	88	2.314644	0.466432	1.979983	4.761059
292	89	2.314644	0.539216	2.702183	5.556043
292	90	2.314644	0.468233	1.997852	4.780728
292	91	2.314644	0.479353	2.108193	4.902190
292	92	2.314644	0.479326	2.107928	4.901898
292	93	2.314644	0.490748	2.221265	5.026657
292	94	2.314644	0.451178	1.828623	4.594444
292	95	2.314644	0.521430	2.525707	5.361781
292	96	2.314644	0.592285	3.228763	6.135692
292	97	2.314644	0.524019	2.551397	5.390060
292	98	2.314644	0.539034	2.700383	5.554062
292	99	2.314644	0.549318	2.802424	5.666386
293	0	2.310426	0.604439	3.349355	6.264220
293	1	2.310426	0.420778	1.526982	4.258186
293	2	2.310426	0.498143	2.294640	5.103210
293	3	2.310426	0.524068	2.551875	5.386369
293	4	2.310426	0.484728	2.161529	4.956683
293	5	2.310426	0.447310	1.790249	4.547985
293	6	2.310426	0.405445	1.374844	4.090715
293	7	2.310426	0.514277	2.454726	5.279429
293	8	2.310426	0.526860	2.579581	5.416867
293	9	2.310426	0.517413	2.803629	5.631468
293	10	2.310426	0.428744	1.606027	4.345197
293	11	2.310426	0.461595	1.931992	4.704014
293	12	2.310426	0.541275	2.722613	5.574314
293	13	2.310426	0.482992	2.144297	4.937715
293	14	2.310426	0.602784	3.332933	6.246143
293	15	2.310426	0.498143	2.294640	5.103210
293	16	2.310426	0.484728	2.161529	4.956683
293	17	2.310426	0.543390	2.743603	5.597419
293	18	2.310426	0.552224	2.831252	5.693902
293	19	2.310426	0.551726	2.985210	5.847363
293	20	2.310426	0.519176	2.503342	5.332945
293	21	2.310426	0.523852	2.549735	5.384013
293	22	2.310426	0.575469	3.061901	5.947796
293	23	2.310426	0.526308	2.574108	5.410842
293	24	2.310426	0.478358	2.098319	4.887103
293	25	2.310426	0.420778	1.526982	4.258186
293	26	2.310426	0.612194	3.426311	6.348931
293	27	2.310426	0.497972	2.292942	5.101340
293	28	2.310426	0.587809	3.184346	6.082581
293	29	2.310426	0.456628	1.882703	4.649757
293	30	2.310426	0.542470	2.734475	5.587371
293	31	2.310426	0.552224	2.831252	5.693902
293	32	2.310426	0.575535	3.062560	5.948521
293	33	2.310426	0.552224	2.831252	5.693902
293	34	2.310426	0.500097	2.314027	5.124551
293	35	2.310426	0.594929	3.255000	6.160355
293	36	2.310426	0.437142	1.689358	4.436926
293	37	2.310426	0.518435	2.495986	5.324847
293	38	2.310426	0.542459	2.734363	5.587248
293	39	2.310426	0.543390	2.743603	5.597419
293	40	2.310426	0.532785	2.850229	5.693441
293	41	2.310426	0.622241	3.631926	6.564593
293	42	2.310426	0.538304	2.852029	5.700760
293	43	2.310426	0.500604	2.795729	5.606759
293	44	2.310426	0.542459	2.734363	5.587248
293	45	2.310426	0.456628	1.882703	4.649757
293	46	2.310426	0.538744	2.697497	5.546667
293	47	2.310426	0.546769	2.777131	5.634326
293	48	2.310426	0.582485	3.131523	6.024435
293	49	2.310426	0.466607	1.981718	4.758751
293	50	2.310426	0.519176	2.503342	5.332945
293	51	2.310426	0.465274	1.968498	4.744198
293	52	2.310426	0.526860	2.579581	5.416867
293	53	2.310426	0.586831	3.227610	6.124867
293	54	2.310426	0.534206	2.652475	5.497107
293	55	2.310426	0.485083	2.165046	4.960555
293	56	2.310426	0.550655	2.815687	5.676767
293	57	2.310426	0.526308	2.574108	5.410842
293	58	2.310426	0.482992	2.144297	4.937715
293	59	2.310426	0.534206	2.652475	5.497107
293	60	2.310426	0.506077	2.373366	5.189869
293	61	2.310426	0.534206	2.652475	5.497107
293	62	2.310426	0.522854	2.539838	5.373118
293	63	2.310426	0.437142	1.689358	4.436926
293	64	2.310426	0.487098	2.185048	4.982572
293	65	2.310426	0.551257	2.821662	5.683345
293	66	2.310426	0.534206	2.652475	5.497107
293	67	2.310426	0.549261	2.907781	5.767467
293	68	2.310426	0.522854	2.539838	5.373118
293	69	2.310426	0.485083	2.165046	4.960555
293	70	2.310426	0.478358	2.098319	4.887103
293	71	2.310426	0.550655	2.815687	5.676767
293	72	2.310426	0.612194	3.426311	6.348931
293	73	2.310426	0.551814	2.827184	5.689423
293	74	2.310426	0.478358	2.098319	4.887103
293	75	2.310426	0.542459	2.734363	5.587248
293	76	2.310426	0.514515	2.457092	5.282034
293	77	2.310426	0.612194	3.426311	6.348931
293	78	2.310426	0.543390	2.743603	5.597419
293	79	2.310426	0.546769	2.777131	5.634326
293	80	2.310426	0.594533	3.251063	6.156021
293	81	2.310426	0.545754	2.767054	5.623234
293	82	2.310426	0.518288	2.494529	5.323243
293	83	2.310426	0.474992	2.064920	4.850338
293	84	2.310426	0.456628	1.882703	4.649757
293	85	2.310426	0.582485	3.131523	6.024435
293	86	2.310426	0.532785	2.850229	5.693441
293	87	2.310426	0.484728	2.161529	4.956683
293	88	2.310426	0.487098	2.185048	4.982572
293	89	2.310426	0.484728	2.161529	4.956683
293	90	2.310426	0.482992	2.144297	4.937715
293	91	2.310426	0.466607	1.981718	4.758751
293	92	2.310426	0.551726	2.985210	5.847363
293	93	2.310426	0.437142	1.689358	4.436926
293	94	2.310426	0.543390	2.743603	5.597419
293	95	2.310426	0.524068	2.551875	5.386369
293	96	2.310426	0.465274	1.968498	4.744198
293	97	2.310426	0.521956	2.530927	5.363309
293	98	2.310426	0.482992	2.144297	4.937715
293	99	2.310426	0.488853	2.202455	5.001733
294	0	2.252288	0.642694	3.781913	6.676896
294	1	2.252288	0.500817	2.321170	5.074275
294	2	2.252288	0.582164	3.128338	5.962790
294	3	2.252288	0.531376	2.624397	5.408061
294	4	2.252288	0.573171	3.039100	5.864558
294	5	2.252288	0.585467	3.267033	6.104787
294	6	2.252288	0.497500	2.288258	5.038046
294	7	2.252288	0.450485	1.821751	4.524524
294	8	2.252288	0.606194	3.366772	6.225254
294	9	2.252288	0.397782	2.040294	4.690363
294	10	2.252288	0.502995	2.342783	5.098066
294	11	2.252288	0.526945	2.580422	5.359654
294	12	2.252288	0.475231	2.067295	4.794814
294	13	2.252288	0.577649	3.083536	5.913472
294	14	2.252288	0.450485	1.821751	4.524524
294	15	2.252288	0.527030	2.899049	5.678367
294	16	2.252288	0.450485	1.821751	4.524524
294	17	2.252288	0.508991	2.402281	5.163560
294	18	2.252288	0.569495	3.002631	5.824414
294	19	2.252288	0.508808	2.400461	5.161557
294	20	2.252288	0.544411	2.753732	5.550431
294	21	2.252288	0.492551	2.239152	4.983991
294	22	2.252288	0.475231	2.067295	4.794814
294	23	2.252288	0.544411	2.753732	5.550431
294	24	2.252288	0.605176	3.409638	6.267102
294	25	2.252288	0.609163	3.396229	6.257679
294	26	2.252288	0.479148	2.106161	4.837597
294	27	2.252288	0.588631	3.192502	6.033420
294	28	2.252288	0.420506	1.524287	4.197081
294	29	2.252288	0.588680	3.192993	6.033961
294	30	2.252288	0.526082	2.571860	5.350230
294	31	2.252288	0.573171	3.039100	5.864558
294	32	2.252288	0.562159	3.035765	5.850212
294	33	2.252288	0.479594	2.746149	5.478031
294	34	2.252288	0.425686	1.575682	4.253655
294	35	2.252288	0.497500	2.288258	5.038046
294	36	2.252288	0.508991	2.402281	5.163560
294	37	2.252288	0.425686	1.575682	4.253655
294	38	2.252288	0.436189	1.679898	4.368374
294	39	2.252288	0.494252	2.256029	5.002569
294	40	2.252288	0.502995	2.342783	5.098066
294	41	2.252288	0.528230	2.593178	5.373696
294	42	2.252288	0.497500	2.288258	5.038046
294	43	2.252288	0.502146	2.334358	5.088792
294	44	2.252288	0.582338	3.130066	5.964692
294	45	2.252288	0.582338	3.130066	5.964692
294	46	2.252288	0.500817	2.321170	5.074275
294	47	2.252288	0.660199	3.902635	6.815121
294	48	2.252288	0.553616	2.845071	5.650975
294	49	2.252288	0.479148	2.106161	4.837597
294	50	2.252288	0.522142	2.532770	5.307200
294	51	2.252288	0.425686	1.575682	4.253655
294	52	2.252288	0.577649	3.083536	5.913472
294	53	2.252288	0.526082	2.571860	5.350230
294	54	2.252288	0.581225	3.119016	5.952528
294	55	2.252288	0.508991	2.402281	5.163560
294	56	2.252288	0.559265	2.901122	5.712675
294	57	2.252288	0.470465	2.020007	4.742760
294	58	2.252288	0.525726	2.886117	5.664131
294	59	2.252288	0.575366	3.060880	5.888533
294	60	2.252288	0.511914	2.431278	5.195480
294	61	2.252288	0.475231	2.067295	4.794814
294	62	2.252288	0.559265	2.901122	5.712675
294	63	2.252288	0.565039	2.958417	5.775744
294	64	2.252288	0.574383	3.051127	5.877797
294	65	2.252288	0.557708	3.097524	5.907520
294	66	2.252288	0.438642	2.339808	5.030738
294	67	2.252288	0.528958	2.600400	5.381645
294	68	2.252288	0.503675	2.349531	5.105494
294	69	2.252288	0.544411	2.753732	5.550431
294	70	2.252288	0.475231	2.067295	4.794814
294	71	2.252288	0.497500	2.288258	5.038046
294	72	2.252288	0.481241	2.126926	4.860455
294	73	2.252288	0.575366	3.060880	5.888533
294	74	2.252288	0.588680	3.192993	6.033961
294	75	2.252288	0.479148	2.106161	4.837597
294	76	2.252288	0.519585	2.507396	5.279269
294	77	2.252288	0.493769	2.251233	4.997289
294	78	2.252288	0.582164	3.128338	5.962790
294	79	2.252288	0.546672	2.776164	5.575124
294	80	2.252288	0.577649	3.083536	5.913472
294	81	2.252288	0.475231	2.067295	4.794814
294	82	2.252288	0.591262	3.218616	6.062166
294	83	2.252288	0.557028	2.878928	5.688244
294	84	2.252288	0.479148	2.106161	4.837597
294	85	2.252288	0.447114	1.788300	4.487701
294	86	2.252288	0.528230	2.593178	5.373696
294	87	2.252288	0.588680	3.192993	6.033961
294	88	2.252288	0.559265	2.901122	5.712675
294	89	2.252288	0.561980	2.928059	5.742326
294	90	2.252288	0.502146	2.334358	5.088792
294	91	2.252288	0.526082	2.571860	5.350230
294	92	2.252288	0.503675	2.349531	5.105494
294	93	2.252288	0.510000	2.412287	5.174575
294	94	2.252288	0.549315	2.802395	5.603998
294	95	2.252288	0.575996	3.067132	5.895416
294	96	2.252288	0.575366	3.060880	5.888533
294	97	2.252288	0.528230	2.593178	5.373696
294	98	2.252288	0.494252	2.256029	5.002569
294	99	2.252288	0.479148	2.106161	4.837597
295	0	2.241200	0.572302	3.030480	5.843981
295	1	2.241200	0.485744	2.171610	4.898553
295	2	2.241200	0.515747	2.469310	5.226256
295	3	2.241200	0.538844	2.698489	5.478532
295	4	2.241200	0.586463	3.170993	5.998656
295	5	2.241200	0.629276	3.648772	6.519248
295	6	2.241200	0.568968	2.997395	5.807562
295	7	2.241200	0.539007	2.700108	5.480315
295	8	2.241200	0.520897	2.520410	5.282506
295	9	2.241200	0.487970	2.193692	4.922861
295	10	2.241200	0.554533	2.854170	5.649903
295	11	2.241200	0.486608	2.180179	4.907986
295	12	2.241200	0.618213	3.486032	6.345444
295	13	2.241200	0.533264	2.643129	5.417593
295	14	2.241200	0.568968	2.997395	5.807562
295	15	2.241200	0.618213	3.486032	6.345444
295	16	2.241200	0.532374	2.634292	5.407866
295	17	2.241200	0.554533	2.854170	5.649903
295	18	2.241200	0.515583	2.785469	5.542251
295	19	2.241200	0.532374	2.634292	5.407866
295	20	2.241200	0.524332	2.554498	5.320030
295	21	2.241200	0.487970	2.193692	4.922861
295	22	2.241200	0.618213	3.486032	6.345444
295	23	2.241200	0.563713	2.945261	5.750174
295	24	2.241200	0.518887	2.500474	5.260560
295	25	2.241200	0.513171	2.708573	5.462943
295	26	2.241200	0.505996	2.372561	5.119757
295	27	2.241200	0.512393	2.436032	5.189625
295	28	2.241200	0.486290	2.177026	4.904515
295	29	2.241200	0.479537	2.110017	4.830753
295	30	2.241200	0.498097	2.294186	5.033483
295	31	2.241200	0.618213	3.486032	6.345444
295	32	2.241200	0.518887	2.500474	5.260560
295	33	2.241200	0.486608	2.180179	4.907986
295	34	2.241200	0.572302	3.030480	5.843981
295	35	2.241200	0.528363	2.594492	5.364055
295	36	2.241200	0.462348	1.939465	4.643013
295	37	2.241200	0.561702	2.925297	5.728198
295	38	2.241200	0.500571	2.318733	5.060504
295	39	2.241200	0.515583	2.785469	5.542251
295	40	2.241200	0.624413	3.547549	6.413162
295	41	2.241200	0.490466	2.218460	4.950126
295	42	2.241200	0.472547	2.040664	4.754411
295	43	2.241200	0.427324	1.591936	4.260459
295	44	2.241200	0.481712	2.131603	4.854515
295	45	2.241200	0.436080	1.678819	4.356099
295	46	2.241200	0.552918	3.049995	5.844112
295	47	2.241200	0.498097	2.294186	5.033483
295	48	2.241200	0.539007	2.700108	5.480315
295	49	2.241200	0.516135	2.473160	5.230495
295	50	2.241200	0.587021	3.176535	6.004756
295	51	2.241200	0.539437	2.704376	5.485012
295	52	2.241200	0.486290	2.177026	4.904515
295	53	2.241200	0.533264	2.643129	5.417593
295	54	2.241200	0.476682	2.081687	4.799568
295	55	2.241200	0.468798	2.003466	4.713464
295	56	2.241200	0.552918	3.049995	5.844112
295	57	2.241200	0.515789	2.469729	5.226717
295	58	2.241200	0.595736	3.263005	6.099941
295	59	2.241200	0.568968	2.997395	5.807562
295	60	2.241200	0.487970	2.193692	4.922861
295	61	2.241200	0.472547	2.040664	4.754411
295	62	2.241200	0.468798	2.003466	4.713464
295	63	2.241200	0.492398	2.237635	4.971233
295	64	2.241200	0.514719	2.459117	5.215036
295	65	2.241200	0.541882	2.728635	5.511716
295	66	2.241200	0.454177	1.858387	4.553764
295	67	2.241200	0.590386	3.209923	6.041509
295	68	2.241200	0.556973	2.878381	5.676554
295	69	2.241200	0.572302	3.030480	5.843981
295	70	2.241200	0.485744	2.171610	4.898553
295	71	2.241200	0.569505	3.002726	5.813430
295	72	2.241200	0.516135	2.473160	5.230495
295	73	2.241200	0.517333	2.485053	5.243586
295	74	2.241200	0.556973	2.878381	5.676554
295	75	2.241200	0.561702	2.925297	5.728198
295	76	2.241200	0.437806	1.695945	4.374951
295	77	2.241200	0.498097	2.294186	5.033483
295	78	2.241200	0.409433	1.414414	4.065047
295	79	2.241200	0.480748	2.122033	4.843980
295	80	2.241200	0.437806	1.695945	4.374951
295	81	2.241200	0.503099	2.343812	5.088110
295	82	2.241200	0.538502	2.959914	5.739615
295	83	2.241200	0.429318	1.611724	4.282242
295	84	2.241200	0.487970	2.193692	4.922861
295	85	2.241200	0.490466	2.218460	4.950126
295	86	2.241200	0.527488	2.585818	5.354507
295	87	2.241200	0.568740	3.101068	5.911008
295	88	2.241200	0.476682	2.081687	4.799568
295	89	2.241200	0.486975	2.183827	4.912001
295	90	2.241200	0.527488	2.585818	5.354507
295	91	2.241200	0.502778	2.817301	5.561278
295	92	2.241200	0.538844	2.698489	5.478532
295	93	2.241200	0.644015	3.742048	6.627262
295	94	2.241200	0.663197	3.932388	6.836785
295	95	2.241200	0.524332	2.554498	5.320030
295	96	2.241200	0.534489	2.655284	5.430973
295	97	2.241200	0.561316	2.921473	5.723989
295	98	2.241200	0.644015	3.742048	6.627262
295	99	2.241200	0.572570	3.033138	5.846908
296	0	2.298260	0.599844	3.303769	6.201873
296	1	2.298260	0.551437	2.823449	5.673146
296	2	2.298260	0.543465	2.744347	5.586072
296	3	2.298260	0.496346	2.276806	5.071412
296	4	2.298260	0.473409	2.049213	4.820882
296	5	2.298260	0.501139	2.324363	5.123762
296	6	2.298260	0.470277	2.018140	4.786677
296	7	2.298260	0.581780	3.124524	6.004564
296	8	2.298260	0.554589	2.854720	5.707568
296	9	2.298260	0.555097	2.859762	5.713118
296	10	2.298260	0.516432	2.476107	5.290798
296	11	2.298260	0.549546	2.804683	5.652489
296	12	2.298260	0.503887	2.351635	5.153782
296	13	2.298260	0.551437	2.823449	5.673146
296	14	2.298260	0.526542	2.576428	5.401230
296	15	2.298260	0.518620	2.815603	5.632483
296	16	2.298260	0.440261	1.720306	4.458827
296	17	2.298260	0.470277	2.018140	4.786677
296	18	2.298260	0.549344	2.802676	5.650279
296	19	2.298260	0.527891	2.589817	5.415968
296	20	2.298260	0.562124	2.929493	5.789877
296	21	2.298260	0.470277	2.018140	4.786677
296	22	2.298260	0.543465	2.744347	5.586072
296	23	2.298260	0.602348	3.328611	6.229218
296	24	2.298260	0.554589	2.854720	5.707568
296	25	2.298260	0.536256	2.884668	5.719183
296	26	2.298260	0.537346	2.683625	5.519230
296	27	2.298260	0.500952	2.322506	5.121718
296	28	2.298260	0.465830	1.974015	4.738105
296	29	2.298260	0.564678	3.060756	5.923693
296	30	2.298260	0.432267	1.640983	4.371509
296	31	2.298260	0.504241	2.355147	5.157648
296	32	2.298260	0.484713	2.161381	4.944354
296	33	2.298260	0.503603	2.348810	5.150672
296	34	2.298260	0.480801	2.122562	4.901623
296	35	2.298260	0.470277	2.018140	4.786677
296	36	2.298260	0.550567	2.814814	5.663641
296	37	2.298260	0.485565	2.169834	4.953659
296	38	2.298260	0.455391	2.294138	5.047788
296	39	2.298260	0.521594	2.527333	5.347187
296	40	2.298260	0.488899	2.202912	4.990071
296	41	2.298260	0.509319	2.405530	5.213109
296	42	2.298260	0.503546	2.348253	5.150059
296	43	2.298260	0.521967	2.689921	5.510148
296	44	2.298260	0.521594	2.527333	5.347187
296	45	2.298260	0.485565	2.169834	4.953659
296	46	2.298260	0.516432	2.476107	5.290798
296	47	2.298260	0.484713	2.161381	4.944354
296	48	2.298260	0.582366	3.130343	6.010969
296	49	2.298260	0.566069	2.968635	5.832963
296	50	2.298260	0.485565	2.169834	4.953659
296	51	2.298260	0.473409	2.049213	4.820882
296	52	2.298260	0.496346	2.276806	5.071412
296	53	2.298260	0.459399	1.910198	4.667856
296	54	2.298260	0.441541	2.368572	5.108373
296	55	2.298260	0.537346	2.683625	5.519230
296	56	2.298260	0.529832	2.609077	5.437169
296	57	2.298260	0.551437	2.823449	5.673146
296	58	2.298260	0.537346	2.683625	5.519230
296	59	2.298260	0.496300	2.276351	5.070911
296	60	2.298260	0.549344	2.802676	5.650279
296	61	2.298260	0.521972	2.531077	5.351308
296	62	2.298260	0.553045	2.839403	5.690708
296	63	2.298260	0.579359	3.100504	5.978123
296	64	2.298260	0.583434	3.140942	6.022637
296	65	2.298260	0.513893	2.450920	5.263073
296	66	2.298260	0.459399	1.910198	4.667856
296	67	2.298260	0.440261	1.720306	4.458827
296	68	2.298260	0.440261	1.720306	4.458827
296	69	2.298260	0.483296	2.147315	4.928870
296	70	2.298260	0.645640	3.811136	6.755035
296	71	2.298260	0.468491	2.530051	5.296801
296	72	2.298260	0.516432	2.476107	5.290798
296	73	2.298260	0.499637	2.309462	5.107358
296	74	2.298260	0.513535	2.447365	5.259160
296	75	2.298260	0.499637	2.309462	5.107358
296	76	2.298260	0.581780	3.124524	6.004564
296	77	2.298260	0.521594	2.527333	5.347187
296	78	2.298260	0.566503	2.972937	5.837699
296	79	2.298260	0.503887	2.351635	5.153782
296	80	2.298260	0.549344	2.802676	5.650279
296	81	2.298260	0.526542	2.576428	5.401230
296	82	2.298260	0.553045	2.839403	5.690708
296	83	2.298260	0.602348	3.328611	6.229218
296	84	2.298260	0.496346	2.276806	5.071412
296	85	2.298260	0.585465	3.161089	6.044813
296	86	2.298260	0.543465	2.744347	5.586072
296	87	2.298260	0.628338	3.586501	6.513100
296	88	2.298260	0.602348	3.328611	6.229218
296	89	2.298260	0.630249	3.658426	6.586935
296	90	2.298260	0.484651	2.160766	4.943677
296	91	2.298260	0.470277	2.018140	4.786677
296	92	2.298260	0.501443	2.327383	5.127086
296	93	2.298260	0.566876	3.029602	5.894738
296	94	2.298260	0.550567	2.814814	5.663641
296	95	2.298260	0.582366	3.130343	6.010969
296	96	2.298260	0.581780	3.124524	6.004564
296	97	2.298260	0.545197	2.761529	5.604986
296	98	2.298260	0.542695	2.736703	5.577658
296	99	2.298260	0.551437	2.823449	5.673146
297	0	2.349217	0.528420	2.806914	5.684551
297	1	2.349217	0.445055	1.767874	4.562146
297	2	2.349217	0.486003	2.174179	5.009398
297	3	2.349217	0.511876	2.430906	5.291999
297	4	2.349217	0.583549	3.142076	6.074842
297	5	2.349217	0.545456	2.764097	5.658770
297	6	2.349217	0.420406	1.523290	4.292913
297	7	2.349217	0.456557	1.881999	4.687773
297	8	2.349217	0.497656	2.289806	5.136679
297	9	2.349217	0.517531	2.487014	5.353762
297	10	2.349217	0.583549	3.142076	6.074842
297	11	2.349217	0.598830	3.346668	6.294715
297	12	2.349217	0.527531	2.586238	5.462986
297	13	2.349217	0.564357	2.951641	5.865215
297	14	2.349217	0.532972	2.640228	5.522416
297	15	2.349217	0.505553	2.685948	5.540718
297	16	2.349217	0.425978	1.578582	4.353777
297	17	2.349217	0.547505	2.784433	5.681155
297	18	2.349217	0.483161	2.145982	4.978360
297	19	2.349217	0.588429	3.190505	6.128151
297	20	2.349217	0.456557	1.881999	4.687773
297	21	2.349217	0.551266	2.821755	5.722238
297	22	2.349217	0.583147	3.138092	6.070456
297	23	2.349217	0.468096	1.996500	4.813813
297	24	2.349217	0.520424	2.515718	5.385358
297	25	2.349217	0.576487	3.072006	5.997709
297	26	2.349217	0.501600	2.328939	5.179756
297	27	2.349217	0.523749	2.548717	5.421683
297	28	2.349217	0.577865	3.085682	6.012764
297	29	2.349217	0.532972	2.640228	5.522416
297	30	2.349217	0.497656	2.289806	5.136679
297	31	2.349217	0.551266	2.821755	5.722238
297	32	2.349217	0.475234	2.596965	5.421416
297	33	2.349217	0.468096	1.996500	4.813813
297	34	2.349217	0.445874	1.776001	4.571092
297	35	2.349217	0.476623	2.081105	4.906944
297	36	2.349217	0.523749	2.548717	5.421683
297	37	2.349217	0.578334	3.090331	6.017881
297	38	2.349217	0.550892	2.818037	5.718146
297	39	2.349217	0.445055	1.767874	4.562146
297	40	2.349217	0.545456	2.764097	5.658770
297	41	2.349217	0.535599	2.772218	5.657033
297	42	2.349217	0.541500	2.724846	5.615563
297	43	2.349217	0.535599	2.772218	5.657033
297	44	2.349217	0.542738	2.737134	5.629089
297	45	2.349217	0.483246	2.146820	4.979283
297	46	2.349217	0.536579	2.676016	5.561812
297	47	2.349217	0.578334	3.090331	6.017881
297	48	2.349217	0.518971	2.501307	5.369496
297	49	2.349217	0.492488	2.238523	5.080227
297	50	2.349217	0.553016	2.839114	5.741347
297	51	2.349217	0.583147	3.138092	6.070456
297	52	2.349217	0.555299	2.861767	5.766283
297	53	2.349217	0.564357	2.951641	5.865215
297	54	2.349217	0.478805	2.102758	4.930780
297	55	2.349217	0.544885	2.758431	5.652533
297	56	2.349217	0.553016	2.839114	5.741347
297	57	2.349217	0.486003	2.174179	5.009398
297	58	2.349217	0.490445	2.218251	5.057912
297	59	2.349217	0.445055	1.767874	4.562146
297	60	2.349217	0.497656	2.289806	5.136679
297	61	2.349217	0.520424	2.515718	5.385358
297	62	2.349217	0.494472	2.258213	5.101902
297	63	2.349217	0.564357	2.951641	5.865215
297	64	2.349217	0.532291	2.633472	5.514980
297	65	2.349217	0.497656	2.289806	5.136679
297	66	2.349217	0.492488	2.238523	5.080227
297	67	2.349217	0.601197	3.317194	6.267608
297	68	2.349217	0.520424	2.515718	5.385358
297	69	2.349217	0.501600	2.328939	5.179756
297	70	2.349217	0.504046	2.353207	5.206469
297	71	2.349217	0.495346	2.743559	5.588122
297	72	2.349217	0.483161	2.145982	4.978360
297	73	2.349217	0.527531	2.586238	5.462986
297	74	2.349217	0.550892	2.818037	5.718146
297	75	2.349217	0.553016	2.839114	5.741347
297	76	2.349217	0.536579	2.676016	5.561812
297	77	2.349217	0.550892	2.818037	5.718146
297	78	2.349217	0.471992	2.035159	4.856368
297	79	2.349217	0.456557	1.881999	4.687773
297	80	2.349217	0.520228	2.513776	5.383221
297	81	2.349217	0.486003	2.174179	5.009398
297	82	2.349217	0.486627	2.180373	5.016218
297	83	2.349217	0.498254	2.507590	5.355060
297	84	2.349217	0.520228	2.513776	5.383221
297	85	2.349217	0.500892	2.321912	5.172021
297	86	2.349217	0.557453	3.200928	6.107599
297	87	2.349217	0.477265	2.087473	4.913954
297	88	2.349217	0.551266	2.821755	5.722238
297	89	2.349217	0.564357	2.951641	5.865215
297	90	2.349217	0.495790	2.271286	5.116293
297	91	2.349217	0.511876	2.430906	5.291999
297	92	2.349217	0.532972	2.640228	5.522416
297	93	2.349217	0.541500	2.724846	5.615563
297	94	2.349217	0.545456	2.764097	5.658770
297	95	2.349217	0.576674	3.073863	5.999754
297	96	2.349217	0.535644	2.666743	5.551604
297	97	2.349217	0.574447	3.263624	6.187288
297	98	2.349217	0.528293	2.593800	5.471310
297	99	2.349217	0.445055	1.767874	4.562146
298	0	2.066499	0.592897	3.234834	5.894231
298	1	2.066499	0.539342	2.703437	5.309279
298	2	2.066499	0.539879	2.867657	5.474035
298	3	2.066499	0.571987	3.027358	5.665844
298	4	2.066499	0.539342	2.703437	5.309279
298	5	2.066499	0.556192	2.870632	5.493324
298	6	2.066499	0.605703	3.467825	6.140027
298	7	2.066499	0.588248	3.188706	5.843453
298	8	2.066499	0.582833	3.134974	5.784306
298	9	2.066499	0.447350	1.790640	4.304489
298	10	2.066499	0.514085	2.452827	5.033411
298	11	2.066499	0.500707	2.320075	4.887281
298	12	2.066499	0.591804	3.223993	5.882296
298	13	2.066499	0.455617	1.872677	4.394794
298	14	2.066499	0.538048	2.690591	5.295137
298	15	2.066499	0.513862	2.450610	5.030971
298	16	2.066499	0.633664	3.639347	6.339510
298	17	2.066499	0.631971	3.622551	6.321021
298	18	2.066499	0.445031	2.403200	4.914730
298	19	2.066499	0.582833	3.134974	5.784306
298	20	2.066499	0.504776	2.360450	4.931724
298	21	2.066499	0.523094	2.542210	5.131803
298	22	2.066499	0.588248	3.188706	5.843453
298	23	2.066499	0.631184	3.614740	6.312424
298	24	2.066499	0.523005	2.541328	5.130832
298	25	2.066499	0.588248	3.188706	5.843453
298	26	2.066499	0.539342	2.703437	5.309279
298	27	2.066499	0.549789	2.807095	5.423383
298	28	2.066499	0.538048	2.690591	5.295137
298	29	2.066499	0.505613	2.368760	4.940873
298	30	2.066499	0.458729	1.903556	4.428784
298	31	2.066499	0.462658	1.942534	4.471690
298	32	2.066499	0.585801	3.164426	5.816726
298	33	2.066499	0.479111	2.105795	4.651405
298	34	2.066499	0.505613	2.368760	4.940873
298	35	2.066499	0.631184	3.614740	6.312424
298	36	2.066499	0.591804	3.223993	5.882296
298	37	2.066499	0.549789	2.807095	5.423383
298	38	2.066499	0.455617	1.872677	4.394794
298	39	2.066499	0.538340	2.693490	5.298328
298	40	2.066499	0.362573	1.902789	4.331861
298	41	2.066499	0.513862	2.450610	5.030971
298	42	2.066499	0.598967	3.295062	5.960528
298	43	2.066499	0.487189	2.185944	4.739632
298	44	2.066499	0.600014	3.305455	5.971969
298	45	2.066499	0.559377	2.902230	5.528106
298	46	2.066499	0.516110	2.472917	5.055526
298	47	2.066499	0.556192	2.870632	5.493324
298	48	2.066499	0.592897	3.234834	5.894231
298	49	2.066499	0.603455	3.339599	6.009554
298	50	2.066499	0.487828	2.192292	4.746620
298	51	2.066499	0.537007	2.680268	5.283774
298	52	2.066499	0.591682	3.222783	5.880964
298	53	2.066499	0.539342	2.703437	5.309279
298	54	2.066499	0.487828	2.192292	4.746620
298	55	2.066499	0.490830	2.592823	5.150152
298	56	2.066499	0.532290	2.633462	5.232251
298	57	2.066499	0.598967	3.295062	5.960528
298	58	2.066499	0.658542	3.886193	6.611233
298	59	2.066499	0.514085	2.452827	5.033411
298	60	2.066499	0.603455	3.339599	6.009554
298	61	2.066499	0.539342	2.703437	5.309279
298	62	2.066499	0.479111	2.105795	4.651405
298	63	2.066499	0.499207	2.305190	4.870896
298	64	2.066499	0.543953	2.749184	5.359636
298	65	2.066499	0.516351	2.475303	5.058153
298	66	2.066499	0.516351	2.475303	5.058153
298	67	2.066499	0.591804	3.223993	5.882296
298	68	2.066499	0.562639	3.040530	5.669668
298	69	2.066499	0.601281	3.318027	5.985808
298	70	2.066499	0.505252	2.365172	4.936923
298	71	2.066499	0.487673	2.773350	5.327522
298	72	2.066499	0.523005	2.541328	5.130832
298	73	2.066499	0.514085	2.452827	5.033411
298	74	2.066499	0.608406	3.388722	6.063627
298	75	2.066499	0.492894	2.242551	4.801944
298	76	2.066499	0.549149	2.800749	5.416398
298	77	2.066499	0.504776	2.360450	4.931724
298	78	2.066499	0.589764	3.203742	5.860005
298	79	2.066499	0.565495	3.068863	5.700857
298	80	2.066499	0.488826	2.202193	4.757518
298	81	2.066499	0.513804	2.450039	5.030342
298	82	2.066499	0.589943	3.205523	5.861965
298	83	2.066499	0.571987	3.027358	5.665844
298	84	2.066499	0.504776	2.360450	4.931724
298	85	2.066499	0.591682	3.222783	5.880964
298	86	2.066499	0.492894	2.242551	4.801944
298	87	2.066499	0.636068	3.663203	6.365771
298	88	2.066499	0.516110	2.472917	5.055526
298	89	2.066499	0.608406	3.388722	6.063627
298	90	2.066499	0.487189	2.185944	4.739632
298	91	2.066499	0.538048	2.690591	5.295137
298	92	2.066499	0.516351	2.475303	5.058153
298	93	2.066499	0.559221	2.900682	5.526402
298	94	2.066499	0.504776	2.360450	4.931724
298	95	2.066499	0.436201	1.680015	4.182715
298	96	2.066499	0.603455	3.339599	6.009554
298	97	2.066499	0.488826	2.202193	4.757518
298	98	2.066499	0.468826	2.480418	5.015744
298	99	2.066499	0.589764	3.203742	5.860005
299	0	2.347334	0.577785	3.190816	6.115935
299	1	2.347334	0.527672	2.587640	5.462646
299	2	2.347334	0.509082	2.403180	5.259596
299	3	2.347334	0.531861	2.629201	5.508396
299	4	2.347334	0.559099	2.899475	5.805909
299	5	2.347334	0.489724	2.211102	5.048160
299	6	2.347334	0.524920	2.931076	5.803330
299	7	2.347334	0.496425	2.277586	5.121345
299	8	2.347334	0.546293	2.772406	5.666034
299	9	2.347334	0.470953	2.024840	4.843127
299	10	2.347334	0.551906	3.039960	5.939201
299	11	2.347334	0.611180	3.416244	6.374758
299	12	2.347334	0.520810	2.519547	5.387691
299	13	2.347334	0.404742	1.367870	4.119946
299	14	2.347334	0.446649	1.783688	4.577671
299	15	2.347334	0.499312	2.306236	5.152882
299	16	2.347334	0.483503	2.149372	4.980209
299	17	2.347334	0.496425	2.277586	5.121345
299	18	2.347334	0.587350	3.179796	6.114480
299	19	2.347334	0.560678	2.915143	5.823155
299	20	2.347334	0.468116	1.996695	4.812145
299	21	2.347334	0.531861	2.629201	5.508396
299	22	2.347334	0.486947	2.183545	5.017826
299	23	2.347334	0.479213	2.106805	4.933352
299	24	2.347334	0.557479	2.883399	5.788212
299	25	2.347334	0.577785	3.190816	6.115935
299	26	2.347334	0.579522	3.102120	6.028976
299	27	2.347334	0.550374	2.971796	5.869504
299	28	2.347334	0.446649	1.783688	4.577671
299	29	2.347334	0.489857	2.212421	5.049612
299	30	2.347334	0.524297	2.554152	5.425783
299	31	2.347334	0.559099	2.899475	5.805909
299	32	2.347334	0.530584	2.616537	5.494456
299	33	2.347334	0.551601	2.825070	5.724005
299	34	2.347334	0.582153	3.234152	6.163639
299	35	2.347334	0.551906	3.039960	5.939201
299	36	2.347334	0.564085	2.948943	5.860362
299	37	2.347334	0.546293	2.772406	5.666034
299	38	2.347334	0.560678	2.915143	5.823155
299	39	2.347334	0.543666	2.746343	5.637343
299	40	2.347334	0.579522	3.102120	6.028976
299	41	2.347334	0.543666	2.746343	5.637343
299	42	2.347334	0.448013	1.797218	4.592564
299	43	2.347334	0.506190	2.374480	5.228004
299	44	2.347334	0.502321	2.336090	5.185744
299	45	2.347334	0.577933	3.086351	6.011617
299	46	2.347334	0.468116	1.996695	4.812145
299	47	2.347334	0.467783	1.993395	4.808513
299	48	2.347334	0.532952	2.640028	5.520313
299	49	2.347334	0.470684	2.022178	4.840196
299	50	2.347334	0.466512	1.980779	4.794625
299	51	2.347334	0.509082	2.403180	5.259596
299	52	2.347334	0.486947	2.183545	5.017826
299	53	2.347334	0.483503	2.149372	4.980209
299	54	2.347334	0.551601	2.825070	5.724005
299	55	2.347334	0.530506	2.615761	5.493601
299	56	2.347334	0.486947	2.183545	5.017826
299	57	2.347334	0.531861	2.629201	5.508396
299	58	2.347334	0.523143	2.542700	5.413177
299	59	2.347334	0.464703	1.962828	4.774865
299	60	2.347334	0.483503	2.149372	4.980209
299	61	2.347334	0.523143	2.542700	5.413177
299	62	2.347334	0.530584	2.616537	5.494456
299	63	2.347334	0.543666	2.746343	5.637343
299	64	2.347334	0.509082	2.403180	5.259596
299	65	2.347334	0.520810	2.519547	5.387691
299	66	2.347334	0.509082	2.403180	5.259596
299	67	2.347334	0.470684	2.022178	4.840196
299	68	2.347334	0.540223	2.712178	5.599735
299	69	2.347334	0.500578	2.318803	5.166716
299	70	2.347334	0.427382	2.281044	5.055760
299	71	2.347334	0.431436	1.632741	4.411511
299	72	2.347334	0.563520	2.943345	5.854199
299	73	2.347334	0.544136	2.751000	5.642469
299	74	2.347334	0.596623	3.324766	6.268722
299	75	2.347334	0.571669	3.130132	6.049135
299	76	2.347334	0.559099	2.899475	5.805909
299	77	2.347334	0.563520	2.943345	5.854199
299	78	2.347334	0.497148	2.284761	5.129243
299	79	2.347334	0.513051	2.442564	5.302949
299	80	2.347334	0.540715	2.717058	5.605107
299	81	2.347334	0.579684	3.103733	6.030752
299	82	2.347334	0.470953	2.024840	4.843127
299	83	2.347334	0.546293	2.772406	5.666034
299	84	2.347334	0.486947	2.183545	5.017826
299	85	2.347334	0.486764	2.181731	5.015829
299	86	2.347334	0.545517	2.764702	5.657553
299	87	2.347334	0.557479	2.883399	5.788212
299	88	2.347334	0.631096	3.613860	6.592290
299	89	2.347334	0.486764	2.181731	5.015829
299	90	2.347334	0.464703	1.962828	4.774865
299	91	2.347334	0.497148	2.284761	5.129243
299	92	2.347334	0.404742	1.367870	4.119946
299	93	2.347334	0.540715	2.717058	5.605107
299	94	2.347334	0.432684	1.645117	4.425135
299	95	2.347334	0.540715	2.717058	5.605107
299	96	2.347334	0.557240	2.881023	5.785596
299	97	2.347334	0.468116	1.996695	4.812145
299	98	2.347334	0.425876	1.577568	4.350778
299	99	2.347334	0.536063	2.670897	5.554294
