replicate	universe	detection_yr	orbit_yr	char_yr	total_yr
0	0	2.219799	0.454613	1.862711	4.537124
0	1	2.219799	0.443035	1.747826	4.410660
0	2	2.219799	0.489439	2.208276	4.917515
0	3	2.219799	0.502257	2.547311	5.269367
0	4	2.219799	0.489439	2.208276	4.917515
0	5	2.219799	0.525878	2.569837	5.315514
0	6	2.219799	0.443035	1.747826	4.410660
0	7	2.219799	0.489439	2.208276	4.917515
0	8	2.219799	0.497950	2.292728	5.010477
0	9	2.219799	0.499941	2.312474	5.032214
0	10	2.219799	0.403429	1.354839	3.978068
0	11	2.219799	0.478449	2.099224	4.797472
0	12	2.219799	0.580963	3.116419	5.917182
0	13	2.219799	0.513996	2.451937	5.185732
0	14	2.219799	0.443035	1.747826	4.410660
0	15	2.219799	0.479836	2.112989	4.812624
0	16	2.219799	0.403429	1.354839	3.978068
0	17	2.219799	0.446566	1.782865	4.449230
0	18	2.219799	0.437775	2.119349	4.776924
0	19	2.219799	0.485380	2.432820	5.137999
0	20	2.219799	0.446566	1.782865	4.449230
0	21	2.219799	0.457638	1.892722	4.570159
0	22	2.219799	0.475426	2.069225	4.764450
0	23	2.219799	0.533284	2.802214	5.555297
0	24	2.219799	0.512335	2.435457	5.167591
0	25	2.219799	0.515927	2.471097	5.206824
0	26	2.219799	0.496139	2.274749	4.990687
0	27	2.219799	0.492138	2.235052	4.946989
0	28	2.219799	0.457638	1.892722	4.570159
0	29	2.219799	0.525878	2.569837	5.315514
0	30	2.219799	0.518462	2.496256	5.234517
0	31	2.219799	0.519944	2.510957	5.250700
0	32	2.219799	0.411449	1.434416	4.065665
0	33	2.219799	0.513996	2.451937	5.185732
0	34	2.219799	0.527632	2.587246	5.334678
0	35	2.219799	0.474675	2.061780	4.756255
0	36	2.219799	0.479836	2.112989	4.812624
0	37	2.219799	0.513996	2.451937	5.185732
0	38	2.219799	0.497974	2.292956	5.010729
0	39	2.219799	0.472326	2.038471	4.730596
0	40	2.219799	0.534556	2.655944	5.410299
0	41	2.219799	0.471252	2.027814	4.718866
0	42	2.219799	0.504534	2.358055	5.082389
0	43	2.219799	0.447532	1.792453	4.459784
0	44	2.219799	0.485128	2.165496	4.870423
0	45	2.219799	0.489439	2.208276	4.917515
0	46	2.219799	0.578676	3.146686	5.945161
0	47	2.219799	0.497950	2.292728	5.010477
0	48	2.219799	0.473542	2.050537	4.743878
0	49	2.219799	0.518462	2.496256	5.234517
0	50	2.219799	0.478074	2.095501	4.793374
0	51	2.219799	0.487243	2.186481	4.893524
0	52	2.219799	0.526041	2.571452	5.317292
0	53	2.219799	0.430100	1.619482	4.269382
0	54	2.219799	0.513044	2.442495	5.175339
0	55	2.219799	0.545971	2.875142	5.640912
0	56	2.219799	0.544592	2.861459	5.625851
0	57	2.219799	0.530171	2.612435	5.362405
0	58	2.219799	0.525878	2.569837	5.315514
0	59	2.219799	0.526852	2.579500	5.326151
0	60	2.219799	0.536406	2.674304	5.430509
0	61	2.219799	0.492138	2.235052	4.946989
0	62	2.219799	0.527632	2.587246	5.334678
0	63	2.219799	0.459449	1.910698	4.589946
0	64	2.219799	0.542035	2.783125	5.544959
0	65	2.219799	0.530171	2.612435	5.362405
0	66	2.219799	0.527632	2.587246	5.334678
0	67	2.219799	0.545971	2.875142	5.640912
0	68	2.219799	0.554056	2.849438	5.623294
0	69	2.219799	0.473542	2.050537	4.743878
0	70	2.219799	0.403429	1.354839	3.978068
0	71	2.219799	0.475426	2.069225	4.764450
0	72	2.219799	0.504534	2.358055	5.082389
0	73	2.219799	0.411449	1.434416	4.065665
0	74	2.219799	0.563217	2.940339	5.723355
0	75	2.219799	0.485851	2.172675	4.878326
0	76	2.219799	0.454613	1.862711	4.537124
0	77	2.219799	0.430100	1.619482	4.269382
0	78	2.219799	0.525450	2.565590	5.310839
0	79	2.219799	0.530171	2.612435	5.362405
0	80	2.219799	0.430100	1.619482	4.269382
0	81	2.219799	0.512335	2.435457	5.167591
0	82	2.219799	0.492260	2.236264	4.948324
0	83	2.219799	0.416419	1.483728	4.119946
0	84	2.219799	0.416419	1.483728	4.119946
0	85	2.219799	0.568526	2.993011	5.781336
0	86	2.219799	0.490995	2.223713	4.934507
0	87	2.219799	0.496139	2.274749	4.990687
0	88	2.219799	0.578676	3.146686	5.945161
0	89	2.219799	0.513052	2.442575	5.175427
0	90	2.219799	0.447532	1.792453	4.459784
0	91	2.219799	0.472326	2.038471	4.730596
0	92	2.219799	0.473542	2.050537	4.743878
0	93	2.219799	0.519303	2.504602	5.243705
0	94	2.219799	0.515927	2.471097	5.206824
0	95	2.219799	0.397595	1.296949	3.914343
0	96	2.219799	0.492138	2.235052	4.946989
0	97	2.219799	0.507637	2.388845	5.116282
0	98	2.219799	0.497950	2.292728	5.010477
0	99	2.219799	0.499751	2.310594	5.030144
1	0	2.003926	0.462924	1.945182	4.412032
1	1	2.003926	0.465970	1.975400	4.445296
1	2	2.003926	0.467745	1.993012	4.464682
1	3	2.003926	0.546122	2.770707	5.320754
1	4	2.003926	0.490889	2.222656	4.717471
1	5	2.003926	0.545544	2.764973	5.314443
1	6	2.003926	0.544529	2.754899	5.303353
1	7	2.003926	0.568165	2.989432	5.561522
1	8	2.003926	0.557517	2.936736	5.498178
1	9	2.003926	0.432826	1.646530	4.083282
1	10	2.003926	0.583056	3.137187	5.724168
1	11	2.003926	0.546291	2.772384	5.322601
1	12	2.003926	0.399901	1.319828	3.723654
1	13	2.003926	0.500373	2.316762	4.821061
1	14	2.003926	0.545544	2.764973	5.314443
1	15	2.003926	0.569172	3.052391	5.625489
1	16	2.003926	0.509500	2.407327	4.920753
1	17	2.003926	0.528791	2.598738	5.131454
1	18	2.003926	0.563302	2.941177	5.508404
1	19	2.003926	0.526549	2.576498	5.106972
1	20	2.003926	0.593465	3.240470	5.837861
1	21	2.003926	0.539616	2.706152	5.249693
1	22	2.003926	0.462177	1.937764	4.403866
1	23	2.003926	0.525429	2.565380	5.094734
1	24	2.003926	0.467745	1.993012	4.464682
1	25	2.003926	0.564802	3.114954	5.683682
1	26	2.003926	0.564802	3.114954	5.683682
1	27	2.003926	0.537116	2.681349	5.222391
1	28	2.003926	0.465970	1.975400	4.445296
1	29	2.003926	0.464171	1.957555	4.425653
1	30	2.003926	0.442286	1.740398	4.186610
1	31	2.003926	0.537642	2.686570	5.228138
1	32	2.003926	0.534254	2.864807	5.402986
1	33	2.003926	0.509500	2.407327	4.920753
1	34	2.003926	0.539471	2.704718	5.248115
1	35	2.003926	0.494994	2.263393	4.762313
1	36	2.003926	0.523908	2.550287	5.078121
1	37	2.003926	0.549025	2.799516	5.352467
1	38	2.003926	0.451452	1.831348	4.286726
1	39	2.003926	0.505792	2.370540	4.880258
1	40	2.003926	0.496631	2.279634	4.780191
1	41	2.003926	0.415666	1.476264	3.895856
1	42	2.003926	0.523908	2.550287	5.078121
1	43	2.003926	0.473043	2.363366	4.840334
1	44	2.003926	0.509500	2.407327	4.920753
1	45	2.003926	0.518558	2.497210	5.019694
1	46	2.003926	0.486078	2.174927	4.664931
1	47	2.003926	0.562064	2.928893	5.494882
1	48	2.003926	0.486078	2.174927	4.664931
1	49	2.003926	0.467382	1.989408	4.460716
1	50	2.003926	0.544454	2.754163	5.302544
1	51	2.003926	0.457868	1.895004	4.356797
1	52	2.003926	0.432469	1.642983	4.079378
1	53	2.003926	0.462924	1.945182	4.412032
1	54	2.003926	0.563851	2.946630	5.514407
1	55	2.003926	0.481977	2.134235	4.620138
1	56	2.003926	0.545544	2.764973	5.314443
1	57	2.003926	0.451452	1.831348	4.286726
1	58	2.003926	0.457676	1.893103	4.354704
1	59	2.003926	0.462177	1.937764	4.403866
1	60	2.003926	0.457868	1.895004	4.356797
1	61	2.003926	0.546122	2.770707	5.320754
1	62	2.003926	0.462924	1.945182	4.412032
1	63	2.003926	0.501191	2.324882	4.829998
1	64	2.003926	0.432469	1.642983	4.079378
1	65	2.003926	0.520061	2.512122	5.036109
1	66	2.003926	0.445990	2.200857	4.650772
1	67	2.003926	0.510480	2.417050	4.931456
1	68	2.003926	0.568001	2.987800	5.559727
1	69	2.003926	0.415666	1.476264	3.895856
1	70	2.003926	0.411239	2.014935	4.430100
1	71	2.003926	0.539471	2.704718	5.248115
1	72	2.003926	0.514308	2.455032	4.973265
1	73	2.003926	0.415666	1.476264	3.895856
1	74	2.003926	0.500323	2.634047	5.138296
1	75	2.003926	0.550653	2.815665	5.370243
1	76	2.003926	0.518558	2.497210	5.019694
1	77	2.003926	0.549025	2.799516	5.352467
1	78	2.003926	0.537116	2.681349	5.222391
1	79	2.003926	0.514308	2.455032	4.973265
1	80	2.003926	0.528791	2.598738	5.131454
1	81	2.003926	0.482994	2.144325	4.631245
1	82	2.003926	0.399901	1.319828	3.723654
1	83	2.003926	0.486078	2.174927	4.664931
1	84	2.003926	0.544454	2.754163	5.302544
1	85	2.003926	0.568001	2.987800	5.559727
1	86	2.003926	0.550653	2.815665	5.370243
1	87	2.003926	0.528791	2.598738	5.131454
1	88	2.003926	0.537116	2.681349	5.222391
1	89	2.003926	0.491800	2.231700	4.727426
1	90	2.003926	0.526352	2.574540	5.104817
1	91	2.003926	0.537642	2.686570	5.228138
1	92	2.003926	0.482994	2.144325	4.631245
1	93	2.003926	0.591275	3.218737	5.813937
1	94	2.003926	0.550653	2.815665	5.370243
1	95	2.003926	0.415666	1.476264	3.895856
1	96	2.003926	0.481977	2.134235	4.620138
1	97	2.003926	0.588866	3.300769	5.893561
1	98	2.003926	0.464171	1.957555	4.425653
1	99	2.003926	0.442286	1.740398	4.186610
2	0	2.073903	0.521279	2.736063	5.331246
2	1	2.073903	0.518887	2.500474	5.093265
2	2	2.073903	0.507286	2.544253	5.125443
2	3	2.073903	0.469774	2.013149	4.556827
2	4	2.073903	0.523107	2.542344	5.139355
2	5	2.073903	0.500664	2.319653	4.894221
2	6	2.073903	0.527320	2.637106	5.238329
2	7	2.073903	0.501442	2.327371	4.902716
2	8	2.073903	0.447871	1.795815	4.317589
2	9	2.073903	0.456117	1.877639	4.407660
2	10	2.073903	0.555134	2.860127	5.489164
2	11	2.073903	0.531639	2.627001	5.232543
2	12	2.073903	0.524174	2.552926	5.151003
2	13	2.073903	0.538061	2.690721	5.302685
2	14	2.073903	0.466487	1.980529	4.520919
2	15	2.073903	0.429615	1.614671	4.118190
2	16	2.073903	0.419592	1.515220	4.008716
2	17	2.073903	0.569993	3.007565	5.651461
2	18	2.073903	0.511623	2.428392	5.013919
2	19	2.073903	0.509860	2.410895	4.994658
2	20	2.073903	0.465957	1.975269	4.515129
2	21	2.073903	0.394980	1.271003	3.739887
2	22	2.073903	0.524762	2.558768	5.157434
2	23	2.073903	0.528496	2.595819	5.198219
2	24	2.073903	0.448193	1.799005	4.321101
2	25	2.073903	0.553071	2.839663	5.466637
2	26	2.073903	0.538061	2.690721	5.302685
2	27	2.073903	0.566290	2.970827	5.611021
2	28	2.073903	0.419592	1.515220	4.008716
2	29	2.073903	0.394980	1.271003	3.739887
2	30	2.073903	0.448193	1.799005	4.321101
2	31	2.073903	0.502124	2.334143	4.910170
2	32	2.073903	0.434194	1.660102	4.168199
2	33	2.073903	0.511623	2.428392	5.013919
2	34	2.073903	0.451771	1.834509	4.360184
2	35	2.073903	0.538061	2.690721	5.302685
2	36	2.073903	0.464478	1.960598	4.498980
2	37	2.073903	0.467534	1.990916	4.532353
2	38	2.073903	0.568772	2.995454	5.638130
2	39	2.073903	0.499848	2.311558	4.885310
2	40	2.073903	0.511961	2.431746	5.017611
2	41	2.073903	0.566557	2.973476	5.613937
2	42	2.073903	0.527320	2.637106	5.238329
2	43	2.073903	0.509860	2.410895	4.994658
2	44	2.073903	0.437013	1.688073	4.198989
2	45	2.073903	0.520615	2.517618	5.112136
2	46	2.073903	0.419592	1.515220	4.008716
2	47	2.073903	0.524955	2.560676	5.159534
2	48	2.073903	0.469774	2.013149	4.556827
2	49	2.073903	0.575556	3.062766	5.712226
2	50	2.073903	0.501442	2.327371	4.902716
2	51	2.073903	0.466487	1.980529	4.520919
2	52	2.073903	0.564568	2.953735	5.592206
2	53	2.073903	0.575556	3.062766	5.712226
2	54	2.073903	0.456117	1.877639	4.407660
2	55	2.073903	0.520615	2.517618	5.112136
2	56	2.073903	0.523107	2.542344	5.139355
2	57	2.073903	0.500664	2.319653	4.894221
2	58	2.073903	0.504939	2.362074	4.940917
2	59	2.073903	0.524174	2.552926	5.151003
2	60	2.073903	0.473120	2.046348	4.593372
2	61	2.073903	0.447871	1.795815	4.317589
2	62	2.073903	0.518887	2.500474	5.093265
2	63	2.073903	0.511961	2.431746	5.017611
2	64	2.073903	0.502124	2.334143	4.910170
2	65	2.073903	0.577682	3.083859	5.735444
2	66	2.073903	0.502519	2.338055	4.914477
2	67	2.073903	0.524762	2.558768	5.157434
2	68	2.073903	0.548161	2.843905	5.465970
2	69	2.073903	0.413595	1.455708	3.943206
2	70	2.073903	0.518887	2.500474	5.093265
2	71	2.073903	0.469774	2.013149	4.556827
2	72	2.073903	0.472818	2.043350	4.590071
2	73	2.073903	0.566290	2.970827	5.611021
2	74	2.073903	0.509022	2.402585	4.985511
2	75	2.073903	0.465957	1.975269	4.515129
2	76	2.073903	0.503116	2.343987	4.921007
2	77	2.073903	0.524174	2.552926	5.151003
2	78	2.073903	0.524955	2.560676	5.159534
2	79	2.073903	0.557643	2.885030	5.516576
2	80	2.073903	0.481149	2.443798	4.998851
2	81	2.073903	0.511921	2.431351	5.017175
2	82	2.073903	0.566557	2.973476	5.613937
2	83	2.073903	0.484614	2.584108	5.142625
2	84	2.073903	0.456273	1.879182	4.409359
2	85	2.073903	0.520262	2.514109	5.108274
2	86	2.073903	0.467534	1.990916	4.532353
2	87	2.073903	0.520615	2.517618	5.112136
2	88	2.073903	0.434194	1.660102	4.168199
2	89	2.073903	0.487072	2.184789	4.745765
2	90	2.073903	0.539487	2.863762	5.477152
2	91	2.073903	0.422874	2.236312	4.733090
2	92	2.073903	0.475617	2.547797	5.097317
2	93	2.073903	0.467534	1.990916	4.532353
2	94	2.073903	0.541254	2.722406	5.337563
2	95	2.073903	0.500664	2.319653	4.894221
2	96	2.073903	0.470960	2.024918	4.569781
2	97	2.073903	0.447871	1.795815	4.317589
2	98	2.073903	0.456117	1.877639	4.407660
2	99	2.073903	0.523107	2.542344	5.139355
3	0	2.161091	0.553127	2.840215	5.554432
3	1	2.161091	0.507383	2.704106	5.372580
3	2	2.161091	0.509209	2.404436	5.074735
3	3	2.161091	0.533018	2.640686	5.334796
3	4	2.161091	0.486202	2.176149	4.823442
3	5	2.161091	0.486202	2.176149	4.823442
3	6	2.161091	0.494642	2.259896	4.915628
3	7	2.161091	0.462771	1.943662	4.567524
3	8	2.161091	0.391483	2.030763	4.583337
3	9	2.161091	0.497826	2.291492	4.950409
3	10	2.161091	0.468145	1.996986	4.626223
3	11	2.161091	0.463873	1.954597	4.579561
3	12	2.161091	0.500492	2.635725	5.297308
3	13	2.161091	0.475380	2.068774	4.705245
3	14	2.161091	0.467522	1.990796	4.619409
3	15	2.161091	0.442125	1.738797	4.342013
3	16	2.161091	0.591722	3.223171	5.975983
3	17	2.161091	0.495387	2.267292	4.923771
3	18	2.161091	0.484058	2.154881	4.800031
3	19	2.161091	0.470411	2.019472	4.650974
3	20	2.161091	0.495387	2.267292	4.923771
3	21	2.161091	0.488999	2.203907	4.853997
3	22	2.161091	0.458394	1.900227	4.519712
3	23	2.161091	0.531762	2.628218	5.321071
3	24	2.161091	0.463873	1.954597	4.579561
3	25	2.161091	0.541465	2.724500	5.427056
3	26	2.161091	0.572717	3.034597	5.768405
3	27	2.161091	0.511212	2.424319	5.096622
3	28	2.161091	0.484058	2.154881	4.800031
3	29	2.161091	0.523400	2.545248	5.229739
3	30	2.161091	0.418340	1.502795	4.082226
3	31	2.161091	0.523755	2.548768	5.233614
3	32	2.161091	0.520133	2.512831	5.194055
3	33	2.161091	0.546444	2.773902	5.481437
3	34	2.161091	0.443597	1.753406	4.358094
3	35	2.161091	0.470146	2.493510	5.124747
3	36	2.161091	0.520597	2.517438	5.199126
3	37	2.161091	0.463873	1.954597	4.579561
3	38	2.161091	0.495387	2.267292	4.923771
3	39	2.161091	0.592012	3.279021	6.032125
3	40	2.161091	0.450750	1.824376	4.436216
3	41	2.161091	0.529137	2.602176	5.292404
3	42	2.161091	0.493840	2.251938	4.906868
3	43	2.161091	0.467522	1.990796	4.619409
3	44	2.161091	0.466870	1.984336	4.612297
3	45	2.161091	0.493840	2.251938	4.906868
3	46	2.161091	0.511212	2.424319	5.096622
3	47	2.161091	0.470411	2.019472	4.650974
3	48	2.161091	0.565705	3.017981	5.744776
3	49	2.161091	0.574424	3.051536	5.787051
3	50	2.161091	0.462771	1.943662	4.567524
3	51	2.161091	0.505242	2.629892	5.296225
3	52	2.161091	0.490082	2.214656	4.865830
3	53	2.161091	0.493840	2.251938	4.906868
3	54	2.161091	0.464642	1.962227	4.587961
3	55	2.161091	0.471701	2.032271	4.665063
3	56	2.161091	0.538417	2.694256	5.393764
3	57	2.161091	0.515070	2.462594	5.138755
3	58	2.161091	0.520597	2.517438	5.199126
3	59	2.161091	0.463422	1.950122	4.574635
3	60	2.161091	0.520381	2.515294	5.196766
3	61	2.161091	0.450750	1.824376	4.436216
3	62	2.161091	0.545556	2.765094	5.471741
3	63	2.161091	0.493840	2.251938	4.906868
3	64	2.161091	0.418340	1.502795	4.082226
3	65	2.161091	0.463873	1.954597	4.579561
3	66	2.161091	0.499308	2.306202	4.966601
3	67	2.161091	0.458394	1.900227	4.519712
3	68	2.161091	0.500492	2.635725	5.297308
3	69	2.161091	0.467522	1.990796	4.619409
3	70	2.161091	0.459284	1.909063	4.529438
3	71	2.161091	0.466870	1.984336	4.612297
3	72	2.161091	0.538417	2.694256	5.393764
3	73	2.161091	0.470232	2.017691	4.649014
3	74	2.161091	0.568655	2.994291	5.724037
3	75	2.161091	0.565752	3.018454	5.745298
3	76	2.161091	0.462771	1.943662	4.567524
3	77	2.161091	0.410744	1.427426	3.999261
3	78	2.161091	0.550615	2.815292	5.526998
3	79	2.161091	0.509209	2.404436	5.074735
3	80	2.161091	0.443597	1.753406	4.358094
3	81	2.161091	0.550513	2.920204	5.631807
3	82	2.161091	0.495387	2.267292	4.923771
3	83	2.161091	0.433715	1.655349	4.250154
3	84	2.161091	0.460784	1.923945	4.545821
3	85	2.161091	0.503084	2.343663	5.007838
3	86	2.161091	0.466812	1.983757	4.611660
3	87	2.161091	0.487477	2.188800	4.837368
3	88	2.161091	0.493840	2.251938	4.906868
3	89	2.161091	0.426655	1.585293	4.173039
3	90	2.161091	0.442125	1.738797	4.342013
3	91	2.161091	0.460669	1.922801	4.544561
3	92	2.161091	0.463873	1.954597	4.579561
3	93	2.161091	0.477434	2.089151	4.727676
3	94	2.161091	0.511212	2.424319	5.096622
3	95	2.161091	0.535695	2.667251	5.364037
3	96	2.161091	0.486202	2.176149	4.823442
3	97	2.161091	0.577861	3.085642	5.824594
3	98	2.161091	0.499017	2.303310	4.963417
3	99	2.161091	0.535499	2.665307	5.361898
4	0	2.194710	0.514760	2.459519	5.168989
4	1	2.194710	0.470779	2.023114	4.688602
4	2	2.194710	0.448653	1.803570	4.446933
4	3	2.194710	0.514951	2.461411	5.171072
4	4	2.194710	0.475316	2.068133	4.738159
4	5	2.194710	0.493337	2.564729	5.252775
4	6	2.194710	0.453911	1.855749	4.504370
4	7	2.194710	0.511539	2.427556	5.133805
4	8	2.194710	0.476967	2.084523	4.756200
4	9	2.194710	0.448551	1.802566	4.445827
4	10	2.194710	0.515528	2.467142	5.177380
4	11	2.194710	0.554746	3.068140	5.817596
4	12	2.194710	0.462102	1.937019	4.593831
4	13	2.194710	0.501662	2.329553	5.025924
4	14	2.194710	0.448653	1.803570	4.446933
4	15	2.194710	0.458821	1.904462	4.557992
4	16	2.194710	0.540791	2.717811	5.453312
4	17	2.194710	0.560758	3.021867	5.777335
4	18	2.194710	0.459132	1.907556	4.561398
4	19	2.194710	0.493337	2.564729	5.252775
4	20	2.194710	0.540791	2.717811	5.453312
4	21	2.194710	0.503780	2.350566	5.049056
4	22	2.194710	0.453911	1.855749	4.504370
4	23	2.194710	0.523010	2.541378	5.259097
4	24	2.194710	0.566754	2.975427	5.736891
4	25	2.194710	0.519579	2.666231	5.380521
4	26	2.194710	0.545382	2.763367	5.503458
4	27	2.194710	0.429483	1.613359	4.237552
4	28	2.194710	0.518113	2.492793	5.205616
4	29	2.194710	0.518113	2.492793	5.205616
4	30	2.194710	0.498247	2.295669	4.988625
4	31	2.194710	0.499134	2.304475	4.998319
4	32	2.194710	0.514760	2.459519	5.168989
4	33	2.194710	0.523010	2.541378	5.259097
4	34	2.194710	0.427471	1.593390	4.215570
4	35	2.194710	0.464970	1.965480	4.625159
4	36	2.194710	0.491499	2.228711	4.914920
4	37	2.194710	0.478353	2.098269	4.771332
4	38	2.194710	0.501662	2.329553	5.025924
4	39	2.194710	0.473367	2.048793	4.716870
4	40	2.194710	0.468632	2.001813	4.665155
4	41	2.194710	0.554746	3.068140	5.817596
4	42	2.194710	0.476149	2.076405	4.747264
4	43	2.194710	0.545299	2.762547	5.502556
4	44	2.194710	0.509059	2.402954	5.106723
4	45	2.194710	0.578343	3.196353	5.969406
4	46	2.194710	0.545299	2.762547	5.502556
4	47	2.194710	0.473417	2.049295	4.717422
4	48	2.194710	0.468632	2.001813	4.665155
4	49	2.194710	0.476967	2.084523	4.756200
4	50	2.194710	0.534992	2.660269	5.389971
4	51	2.194710	0.545382	2.763367	5.503458
4	52	2.194710	0.479885	2.113474	4.788069
4	53	2.194710	0.544164	2.751285	5.490159
4	54	2.194710	0.525408	2.565179	5.285298
4	55	2.194710	0.523010	2.541378	5.259097
4	56	2.194710	0.515528	2.467142	5.177380
4	57	2.194710	0.473367	2.048793	4.716870
4	58	2.194710	0.478353	2.098269	4.771332
4	59	2.194710	0.501662	2.329553	5.025924
4	60	2.194710	0.545930	2.768804	5.509444
4	61	2.194710	0.475316	2.068133	4.738159
4	62	2.194710	0.503780	2.350566	5.049056
4	63	2.194710	0.499134	2.304475	4.998319
4	64	2.194710	0.523959	2.868578	5.587246
4	65	2.194710	0.472567	2.040856	4.708132
4	66	2.194710	0.478353	2.098269	4.771332
4	67	2.194710	0.473417	2.049295	4.717422
4	68	2.194710	0.523864	2.549853	5.268426
4	69	2.194710	0.453911	1.855749	4.504370
4	70	2.194710	0.523010	2.541378	5.259097
4	71	2.194710	0.494448	2.257972	4.947129
4	72	2.194710	0.582062	3.127323	5.904095
4	73	2.194710	0.464970	1.965480	4.625159
4	74	2.194710	0.475383	2.068803	4.738896
4	75	2.194710	0.514951	2.461411	5.171072
4	76	2.194710	0.496228	2.275632	4.966569
4	77	2.194710	0.479885	2.113474	4.788069
4	78	2.194710	0.475293	2.597542	5.267544
4	79	2.194710	0.501662	2.329553	5.025924
4	80	2.194710	0.518113	2.492793	5.205616
4	81	2.194710	0.526515	2.576160	5.297385
4	82	2.194710	0.415036	1.470007	4.079753
4	83	2.194710	0.514951	2.461411	5.171072
4	84	2.194710	0.468632	2.001813	4.665155
4	85	2.194710	0.526201	2.573040	5.293950
4	86	2.194710	0.577770	3.084735	5.857215
4	87	2.194710	0.509059	2.402954	5.106723
4	88	2.194710	0.566754	2.975427	5.736891
4	89	2.194710	0.508520	2.397599	5.100828
4	90	2.194710	0.545930	2.768804	5.509444
4	91	2.194710	0.493257	2.563936	5.251902
4	92	2.194710	0.514951	2.461411	5.171072
4	93	2.194710	0.519314	2.504710	5.218734
4	94	2.194710	0.476149	2.076405	4.747264
4	95	2.194710	0.555919	2.867916	5.618544
4	96	2.194710	0.494448	2.257972	4.947129
4	97	2.194710	0.459489	1.911089	4.565287
4	98	2.194710	0.459132	1.907556	4.561398
4	99	2.194710	0.504563	2.358341	5.057614
5	0	2.037253	0.483811	2.152424	4.673488
5	1	2.037253	0.509019	2.402551	4.948822
5	2	2.037253	0.538990	2.699944	5.276187
5	3	2.037253	0.478198	2.096734	4.612185
5	4	2.037253	0.579074	3.097672	5.713999
5	5	2.037253	0.497744	2.290677	4.825674
5	6	2.037253	0.509517	2.407499	4.954270
5	7	2.037253	0.470866	2.023986	4.532106
5	8	2.037253	0.448032	1.797414	4.282699
5	9	2.037253	0.412915	2.084530	4.534699
5	10	2.037253	0.499367	2.306782	4.843402
5	11	2.037253	0.516019	2.472017	5.025289
5	12	2.037253	0.469954	2.014931	4.522138
5	13	2.037253	0.551632	2.825387	5.414272
5	14	2.037253	0.507820	2.390662	4.935736
5	15	2.037253	0.478198	2.096734	4.612185
5	16	2.037253	0.484428	2.158549	4.680230
5	17	2.037253	0.489699	2.210856	4.737809
5	18	2.037253	0.457383	1.890201	4.384837
5	19	2.037253	0.536731	2.677530	5.251514
5	20	2.037253	0.552166	2.830677	5.420095
5	21	2.037253	0.488458	2.198540	4.724251
5	22	2.037253	0.469595	2.011371	4.518219
5	23	2.037253	0.454775	1.864319	4.356347
5	24	2.037253	0.498565	2.298825	4.834643
5	25	2.037253	0.510752	2.419753	4.967759
5	26	2.037253	0.548393	2.793241	5.378887
5	27	2.037253	0.507820	2.390662	4.935736
5	28	2.037253	0.469954	2.014931	4.522138
5	29	2.037253	0.497744	2.290677	4.825674
5	30	2.037253	0.498565	2.298825	4.834643
5	31	2.037253	0.516019	2.472017	5.025289
5	32	2.037253	0.445087	1.768187	4.250527
5	33	2.037253	0.460900	1.925098	4.423251
5	34	2.037253	0.457688	1.893218	4.388159
5	35	2.037253	0.480049	2.432883	4.950186
5	36	2.037253	0.499367	2.306782	4.843402
5	37	2.037253	0.554970	2.911467	5.503690
5	38	2.037253	0.443369	1.751142	4.231764
5	39	2.037253	0.469595	2.011371	4.518219
5	40	2.037253	0.495154	2.264984	4.797391
5	41	2.037253	0.558534	2.893863	5.489650
5	42	2.037253	0.485408	2.168272	4.690932
5	43	2.037253	0.538990	2.699944	5.276187
5	44	2.037253	0.460900	1.925098	4.423251
5	45	2.037253	0.575839	3.118542	5.731635
5	46	2.037253	0.420099	1.520248	3.977600
5	47	2.037253	0.465944	2.504785	5.007982
5	48	2.037253	0.593230	3.291100	5.921583
5	49	2.037253	0.457383	1.890201	4.384837
5	50	2.037253	0.411175	1.431700	3.880129
5	51	2.037253	0.525416	2.565255	5.127924
5	52	2.037253	0.548393	2.793241	5.378887
5	53	2.037253	0.445087	1.768187	4.250527
5	54	2.037253	0.564646	2.954512	5.556411
5	55	2.037253	0.541763	2.727459	5.306475
5	56	2.037253	0.444990	1.767229	4.249473
5	57	2.037253	0.571495	3.022476	5.631225
5	58	2.037253	0.486601	2.444934	4.968789
5	59	2.037253	0.488147	2.195449	4.720849
5	60	2.037253	0.554323	2.852080	5.443656
5	61	2.037253	0.545129	2.760854	5.343236
5	62	2.037253	0.398534	1.306265	3.742052
5	63	2.037253	0.570013	3.007768	5.615034
5	64	2.037253	0.541763	2.727459	5.306475
5	65	2.037253	0.470588	2.021225	4.529067
5	66	2.037253	0.441985	1.737410	4.216648
5	67	2.037253	0.505622	2.368848	4.911723
5	68	2.037253	0.448032	1.797414	4.282699
5	69	2.037253	0.484428	2.158549	4.680230
5	70	2.037253	0.538990	2.699944	5.276187
5	71	2.037253	0.545129	2.760854	5.343236
5	72	2.037253	0.494299	2.256496	4.788048
5	73	2.037253	0.443369	1.751142	4.231764
5	74	2.037253	0.570013	3.007768	5.615034
5	75	2.037253	0.464190	2.434410	4.935853
5	76	2.037253	0.509628	2.408597	4.955478
5	77	2.037253	0.504370	2.356425	4.898048
5	78	2.037253	0.454775	1.864319	4.356347
5	79	2.037253	0.443369	1.751142	4.231764
5	80	2.037253	0.540724	2.717143	5.295120
5	81	2.037253	0.440282	2.250151	4.727687
5	82	2.037253	0.509019	2.402551	4.948822
5	83	2.037253	0.469954	2.014931	4.522138
5	84	2.037253	0.460900	1.925098	4.423251
5	85	2.037253	0.507820	2.390662	4.935736
5	86	2.037253	0.470588	2.021225	4.529067
5	87	2.037253	0.538990	2.699944	5.276187
5	88	2.037253	0.538952	2.699567	5.275772
5	89	2.037253	0.571520	3.022722	5.631495
5	90	2.037253	0.499119	2.304325	4.840698
5	91	2.037253	0.516019	2.472017	5.025289
5	92	2.037253	0.477609	2.090888	4.605750
5	93	2.037253	0.509517	2.407499	4.954270
5	94	2.037253	0.575839	3.118542	5.731635
5	95	2.037253	0.501101	2.323987	4.862341
5	96	2.037253	0.518843	2.500032	5.056128
5	97	2.037253	0.528632	2.597166	5.163051
5	98	2.037253	0.564646	2.954512	5.556411
5	99	2.037253	0.455707	1.873567	4.366527
6	0	2.173575	0.424765	1.566548	4.164888
6	1	2.173575	0.522076	2.532117	5.227768
6	2	2.173575	0.461833	1.934355	4.569763
6	3	2.173575	0.559855	2.906975	5.640405
6	4	2.173575	0.513810	2.450095	5.137479
6	5	2.173575	0.492695	2.240578	4.906847
6	6	2.173575	0.493111	2.244707	4.911392
6	7	2.173575	0.598870	3.347066	6.119511
6	8	2.173575	0.439685	1.714592	4.327852
6	9	2.173575	0.488793	2.201866	4.864234
6	10	2.173575	0.509485	2.407178	5.090238
6	11	2.173575	0.539670	2.706693	5.419938
6	12	2.173575	0.464054	1.956393	4.594022
6	13	2.173575	0.505253	2.524074	5.202901
6	14	2.173575	0.464054	1.956393	4.594022
6	15	2.173575	0.424765	1.566548	4.164888
6	16	2.173575	0.463381	1.949711	4.586667
6	17	2.173575	0.463381	1.949711	4.586667
6	18	2.173575	0.487427	2.188304	4.849305
6	19	2.173575	0.488378	2.197744	4.859697
6	20	2.173575	0.485103	2.165253	4.823931
6	21	2.173575	0.490498	2.218778	4.882850
6	22	2.173575	0.524301	2.554195	5.252071
6	23	2.173575	0.478508	2.099807	4.751889
6	24	2.173575	0.537688	2.687026	5.398289
6	25	2.173575	0.487485	2.188886	4.849946
6	26	2.173575	0.617022	3.474217	6.264814
6	27	2.173575	0.472515	2.040346	4.686436
6	28	2.173575	0.470691	2.022249	4.666515
6	29	2.173575	0.467718	1.992746	4.634038
6	30	2.173575	0.500507	2.318097	4.992178
6	31	2.173575	0.470856	2.500560	5.144991
6	32	2.173575	0.525138	2.562498	5.261211
6	33	2.173575	0.549979	2.808980	5.532534
6	34	2.173575	0.538259	2.745650	5.457483
6	35	2.173575	0.471161	2.026908	4.671643
6	36	2.173575	0.522076	2.532117	5.227768
6	37	2.173575	0.488793	2.201866	4.864234
6	38	2.173575	0.454755	1.864117	4.492446
6	39	2.173575	0.524908	2.560214	5.258697
6	40	2.173575	0.492695	2.240578	4.906847
6	41	2.173575	0.522076	2.532117	5.227768
6	42	2.173575	0.439685	1.714592	4.327852
6	43	2.173575	0.508116	2.393592	5.075282
6	44	2.173575	0.464054	1.956393	4.594022
6	45	2.173575	0.509485	2.407178	5.090238
6	46	2.173575	0.585348	3.159927	5.918850
6	47	2.173575	0.516712	2.478888	5.169174
6	48	2.173575	0.439685	1.714592	4.327852
6	49	2.173575	0.516915	2.480903	5.171393
6	50	2.173575	0.465469	1.970431	4.609475
6	51	2.173575	0.472515	2.040346	4.686436
6	52	2.173575	0.463381	1.949711	4.586667
6	53	2.173575	0.439685	1.714592	4.327852
6	54	2.173575	0.516915	2.480903	5.171393
6	55	2.173575	0.415630	1.475899	4.065103
6	56	2.173575	0.453423	1.850904	4.477902
6	57	2.173575	0.506375	2.376318	5.056268
6	58	2.173575	0.471161	2.026908	4.671643
6	59	2.173575	0.471161	2.026908	4.671643
6	60	2.173575	0.500507	2.318097	4.992178
6	61	2.173575	0.522076	2.532117	5.227768
6	62	2.173575	0.560166	2.910060	5.643801
6	63	2.173575	0.403136	1.351931	3.928642
6	64	2.173575	0.488793	2.201866	4.864234
6	65	2.173575	0.482169	2.136134	4.791878
6	66	2.173575	0.471161	2.026908	4.671643
6	67	2.173575	0.537688	2.687026	5.398289
6	68	2.173575	0.575386	3.061082	5.810042
6	69	2.173575	0.472515	2.040346	4.686436
6	70	2.173575	0.547544	2.784821	5.505940
6	71	2.173575	0.559098	2.952429	5.685102
6	72	2.173575	0.488378	2.197744	4.859697
6	73	2.173575	0.485941	2.597271	5.256786
6	74	2.173575	0.492695	2.240578	4.906847
6	75	2.173575	0.509485	2.407178	5.090238
6	76	2.173575	0.561268	2.973955	5.708797
6	77	2.173575	0.432950	2.230358	4.836882
6	78	2.173575	0.539670	2.706693	5.419938
6	79	2.173575	0.461920	1.935211	4.570705
6	80	2.173575	0.488793	2.201866	4.864234
6	81	2.173575	0.552349	2.832498	5.558422
6	82	2.173575	0.453423	1.850904	4.477902
6	83	2.173575	0.598870	3.347066	6.119511
6	84	2.173575	0.458304	1.899332	4.531211
6	85	2.173575	0.467718	1.992746	4.634038
6	86	2.173575	0.513810	2.450095	5.137479
6	87	2.173575	0.521773	2.635031	5.330378
6	88	2.173575	0.516070	2.472519	5.162164
6	89	2.173575	0.468935	2.004818	4.647327
6	90	2.173575	0.458336	1.899648	4.531559
6	91	2.173575	0.506375	2.376318	5.056268
6	92	2.173575	0.442869	1.746178	4.362622
6	93	2.173575	0.533431	2.644786	5.351792
6	94	2.173575	0.403136	1.351931	3.928642
6	95	2.173575	0.537688	2.687026	5.398289
6	96	2.173575	0.468935	2.004818	4.647327
6	97	2.173575	0.394001	1.261294	3.828870
6	98	2.173575	0.505551	2.368141	5.047266
6	99	2.173575	0.435765	1.675688	4.285027
7	0	2.007478	0.475188	2.066862	4.549527
7	1	2.007478	0.557158	2.880210	5.444845
7	2	2.007478	0.499365	2.306768	4.813611
7	3	2.007478	0.556990	2.878548	5.443016
7	4	2.007478	0.507885	2.391307	4.906670
7	5	2.007478	0.493903	2.252571	4.753952
7	6	2.007478	0.488092	2.194902	4.690471
7	7	2.007478	0.521516	2.526561	5.055555
7	8	2.007478	0.582239	3.129084	5.718801
7	9	2.007478	0.453745	1.854096	4.315318
7	10	2.007478	0.490903	2.487620	4.986001
7	11	2.007478	0.511122	2.423424	4.942024
7	12	2.007478	0.453745	1.854096	4.315318
7	13	2.007478	0.464473	1.960547	4.432497
7	14	2.007478	0.471518	2.030455	4.509451
7	15	2.007478	0.533250	2.642991	5.183719
7	16	2.007478	0.403158	1.352151	3.762787
7	17	2.007478	0.484489	2.159151	4.651117
7	18	2.007478	0.499365	2.306768	4.813611
7	19	2.007478	0.527663	2.587551	5.122692
7	20	2.007478	0.531301	2.782535	5.321313
7	21	2.007478	0.491407	2.492621	4.991506
7	22	2.007478	0.527663	2.587551	5.122692
7	23	2.007478	0.533250	2.642991	5.183719
7	24	2.007478	0.565596	3.016903	5.589977
7	25	2.007478	0.417982	1.499243	3.924703
7	26	2.007478	0.557573	2.884333	5.449383
7	27	2.007478	0.484563	2.159889	4.651930
7	28	2.007478	0.526871	2.632650	5.166999
7	29	2.007478	0.461388	1.929935	4.398800
7	30	2.007478	0.453039	1.847093	4.307610
7	31	2.007478	0.516654	2.478314	5.002445
7	32	2.007478	0.471518	2.030455	4.509451
7	33	2.007478	0.544803	2.757617	5.309897
7	34	2.007478	0.445879	1.776049	4.229406
7	35	2.007478	0.575153	3.058769	5.641400
7	36	2.007478	0.507543	2.387912	4.902933
7	37	2.007478	0.451422	1.831046	4.289945
7	38	2.007478	0.545752	2.767043	5.320273
7	39	2.007478	0.453039	1.847093	4.307610
7	40	2.007478	0.445879	1.776049	4.229406
7	41	2.007478	0.526871	2.632650	5.166999
7	42	2.007478	0.542046	2.730267	5.279791
7	43	2.007478	0.516654	2.478314	5.002445
7	44	2.007478	0.442556	2.272714	4.722748
7	45	2.007478	0.451422	1.831046	4.289945
7	46	2.007478	0.453745	1.854096	4.315318
7	47	2.007478	0.523030	2.541577	5.072085
7	48	2.007478	0.582899	3.135627	5.726004
7	49	2.007478	0.465623	1.971958	4.445059
7	50	2.007478	0.557817	2.886749	5.452043
7	51	2.007478	0.527663	2.587551	5.122692
7	52	2.007478	0.537432	2.684479	5.229388
7	53	2.007478	0.564539	2.953453	5.525469
7	54	2.007478	0.557817	2.886749	5.452043
7	55	2.007478	0.516654	2.478314	5.002445
7	56	2.007478	0.582899	3.135627	5.726004
7	57	2.007478	0.452655	1.843279	4.303412
7	58	2.007478	0.459410	1.910313	4.377200
7	59	2.007478	0.469293	2.008370	4.485140
7	60	2.007478	0.465623	1.971958	4.445059
7	61	2.007478	0.559018	2.951638	5.518134
7	62	2.007478	0.547728	2.786643	5.341849
7	63	2.007478	0.472365	2.038851	4.518693
7	64	2.007478	0.409746	1.417518	3.834742
7	65	2.007478	0.539614	2.706135	5.253227
7	66	2.007478	0.598732	3.292737	5.898947
7	67	2.007478	0.544803	2.757617	5.309897
7	68	2.007478	0.499365	2.306768	4.813611
7	69	2.007478	0.514270	2.454658	4.976406
7	70	2.007478	0.514270	2.454658	4.976406
7	71	2.007478	0.492101	2.234690	4.734269
7	72	2.007478	0.523030	2.541577	5.072085
7	73	2.007478	0.461388	1.929935	4.398800
7	74	2.007478	0.478832	2.103025	4.589335
7	75	2.007478	0.494644	2.259922	4.762044
7	76	2.007478	0.582899	3.135627	5.726004
7	77	2.007478	0.533250	2.642991	5.183719
7	78	2.007478	0.471100	2.026307	4.504885
7	79	2.007478	0.508570	2.398101	4.914149
7	80	2.007478	0.518828	2.499883	5.026188
7	81	2.007478	0.461388	1.929935	4.398800
7	82	2.007478	0.538844	2.698497	5.244819
7	83	2.007478	0.559018	2.951638	5.518134
7	84	2.007478	0.445879	1.776049	4.229406
7	85	2.007478	0.503106	2.343886	4.854470
7	86	2.007478	0.472365	2.038851	4.518693
7	87	2.007478	0.409746	1.417518	3.834742
7	88	2.007478	0.474876	2.063775	4.546129
7	89	2.007478	0.474876	2.063775	4.546129
7	90	2.007478	0.542555	2.735314	5.285346
7	91	2.007478	0.507543	2.387912	4.902933
7	92	2.007478	0.469293	2.008370	4.485140
7	93	2.007478	0.531301	2.782535	5.321313
7	94	2.007478	0.557158	2.880210	5.444845
7	95	2.007478	0.409746	1.417518	3.834742
7	96	2.007478	0.580822	3.115019	5.703318
7	97	2.007478	0.453039	1.847093	4.307610
7	98	2.007478	0.465815	1.973859	4.447152
7	99	2.007478	0.557158	2.880210	5.444845
8	0	2.067216	0.468382	1.999335	4.534933
8	1	2.067216	0.468382	1.999335	4.534933
8	2	2.067216	0.538834	2.698399	5.304449
8	3	2.067216	0.466446	1.980128	4.513790
8	4	2.067216	0.532810	2.638618	5.238643
8	5	2.067216	0.526981	2.580787	5.174984
8	6	2.067216	0.523323	2.544483	5.135021
8	7	2.067216	0.501247	2.325435	4.893897
8	8	2.067216	0.529542	2.606191	5.202948
8	9	2.067216	0.474014	2.055213	4.596442
8	10	2.067216	0.524833	2.665394	5.257442
8	11	2.067216	0.446733	1.784523	4.298472
8	12	2.067216	0.557663	2.991155	5.616034
8	13	2.067216	0.442099	1.738539	4.247854
8	14	2.067216	0.572157	3.029041	5.668414
8	15	2.067216	0.510392	2.733961	5.311569
8	16	2.067216	0.451719	1.833999	4.352934
8	17	2.067216	0.472505	2.040249	4.579970
8	18	2.067216	0.451719	1.833999	4.352934
8	19	2.067216	0.411547	1.435386	3.914148
8	20	2.067216	0.469350	2.008937	4.545502
8	21	2.067216	0.469350	2.008937	4.545502
8	22	2.067216	0.579352	3.100436	5.747004
8	23	2.067216	0.532810	2.638618	5.238643
8	24	2.067216	0.526981	2.580787	5.174984
8	25	2.067216	0.421804	1.537163	4.026183
8	26	2.067216	0.411430	2.122755	4.601401
8	27	2.067216	0.571667	3.024181	5.663064
8	28	2.067216	0.520815	2.519599	5.107629
8	29	2.067216	0.532512	2.847519	5.447247
8	30	2.067216	0.446733	1.784523	4.298472
8	31	2.067216	0.442099	1.738539	4.247854
8	32	2.067216	0.534161	2.652025	5.253401
8	33	2.067216	0.506447	2.377033	4.950696
8	34	2.067216	0.435902	1.677047	4.180164
8	35	2.067216	0.484031	2.154609	4.705856
8	36	2.067216	0.506852	2.381049	4.955116
8	37	2.067216	0.593600	3.241814	5.902630
8	38	2.067216	0.544070	2.750346	5.361631
8	39	2.067216	0.346511	1.531561	3.945288
8	40	2.067216	0.501247	2.325435	4.893897
8	41	2.067216	0.587065	3.176970	5.831250
8	42	2.067216	0.529542	2.606191	5.202948
8	43	2.067216	0.506852	2.381049	4.955116
8	44	2.067216	0.510392	2.733961	5.311569
8	45	2.067216	0.460463	1.920755	4.448433
8	46	2.067216	0.467202	1.987630	4.522048
8	47	2.067216	0.446733	1.784523	4.298472
8	48	2.067216	0.490197	2.215796	4.773209
8	49	2.067216	0.498237	2.295569	4.861021
8	50	2.067216	0.534161	2.652025	5.253401
8	51	2.067216	0.446733	1.784523	4.298472
8	52	2.067216	0.532810	2.638618	5.238643
8	53	2.067216	0.460463	1.920755	4.448433
8	54	2.067216	0.472505	2.040249	4.579970
8	55	2.067216	0.579038	3.097320	5.743574
8	56	2.067216	0.537207	2.682246	5.286669
8	57	2.067216	0.442099	1.738539	4.247854
8	58	2.067216	0.481219	2.126707	4.675141
8	59	2.067216	0.568798	2.995716	5.631730
8	60	2.067216	0.498237	2.295569	4.861021
8	61	2.067216	0.552184	2.830861	5.450261
8	62	2.067216	0.510920	2.421422	4.999558
8	63	2.067216	0.460463	1.920755	4.448433
8	64	2.067216	0.487260	2.186649	4.741124
8	65	2.067216	0.481116	2.125687	4.674019
8	66	2.067216	0.501247	2.325435	4.893897
8	67	2.067216	0.468382	1.999335	4.534933
8	68	2.067216	0.477356	2.088378	4.632950
8	69	2.067216	0.480840	2.122947	4.671002
8	70	2.067216	0.516003	2.577786	5.161005
8	71	2.067216	0.467202	1.987630	4.522048
8	72	2.067216	0.469700	2.012409	4.549324
8	73	2.067216	0.539577	2.705764	5.312556
8	74	2.067216	0.446733	1.784523	4.298472
8	75	2.067216	0.518158	2.493236	5.078610
8	76	2.067216	0.534161	2.652025	5.253401
8	77	2.067216	0.519453	2.506081	5.092749
8	78	2.067216	0.449403	1.811019	4.327638
8	79	2.067216	0.411547	1.435386	3.914148
8	80	2.067216	0.552594	2.834926	5.454735
8	81	2.067216	0.571667	3.024181	5.663064
8	82	2.067216	0.487260	2.186649	4.741124
8	83	2.067216	0.460463	1.920755	4.448433
8	84	2.067216	0.506447	2.377033	4.950696
8	85	2.067216	0.523323	2.544483	5.135021
8	86	2.067216	0.498884	2.301992	4.868092
8	87	2.067216	0.479856	2.113190	4.660262
8	88	2.067216	0.534161	2.652025	5.253401
8	89	2.067216	0.451201	1.828857	4.347274
8	90	2.067216	0.529906	2.609811	5.206933
8	91	2.067216	0.498237	2.295569	4.861021
8	92	2.067216	0.508816	2.612400	5.188432
8	93	2.067216	0.467202	1.987630	4.522048
8	94	2.067216	0.528682	2.597660	5.193557
8	95	2.067216	0.468653	2.002022	4.537891
8	96	2.067216	0.477356	2.088378	4.632950
8	97	2.067216	0.532356	2.845974	5.445546
8	98	2.067216	0.467202	1.987630	4.522048
8	99	2.067216	0.481219	2.126707	4.675141
9	0	2.069297	0.463939	1.955249	4.488486
9	1	2.069297	0.525377	2.564871	5.159545
9	2	2.069297	0.455473	1.871246	4.396017
9	3	2.069297	0.446955	1.786726	4.302978
9	4	2.069297	0.478361	2.098348	4.646006
9	5	2.069297	0.518937	2.500963	5.089197
9	6	2.069297	0.420231	1.521559	4.011087
9	7	2.069297	0.543225	2.741967	5.354490
9	8	2.069297	0.502512	2.337988	4.909798
9	9	2.069297	0.548701	2.796301	5.414300
9	10	2.069297	0.414567	1.465357	3.949221
9	11	2.069297	0.550804	2.817171	5.437272
9	12	2.069297	0.449695	1.813909	4.332901
9	13	2.069297	0.471926	2.034501	4.575724
9	14	2.069297	0.503295	2.345763	4.918356
9	15	2.069297	0.597987	3.285336	5.952620
9	16	2.069297	0.479502	2.109673	4.658473
9	17	2.069297	0.455473	1.871246	4.396017
9	18	2.069297	0.533342	2.643903	5.246543
9	19	2.069297	0.449568	1.812648	4.331513
9	20	2.069297	0.424175	1.560689	4.054162
9	21	2.069297	0.483557	2.149910	4.702765
9	22	2.069297	0.515019	2.620985	5.205302
9	23	2.069297	0.533342	2.643903	5.246543
9	24	2.069297	0.544173	2.910258	5.523728
9	25	2.069297	0.550804	2.817171	5.437272
9	26	2.069297	0.546523	2.774686	5.390506
9	27	2.069297	0.534411	2.760434	5.364142
9	28	2.069297	0.442123	2.109529	4.620950
9	29	2.069297	0.488408	2.198039	4.755744
9	30	2.069297	0.523080	2.542079	5.134457
9	31	2.069297	0.503295	2.345763	4.918356
9	32	2.069297	0.520841	2.519861	5.110000
9	33	2.069297	0.561839	2.926663	5.557799
9	34	2.069297	0.518574	2.497368	5.085240
9	35	2.069297	0.538888	2.698925	5.307110
9	36	2.069297	0.446955	1.786726	4.302978
9	37	2.069297	0.480022	2.114837	4.664157
9	38	2.069297	0.528700	2.703768	5.301766
9	39	2.069297	0.534634	2.656723	5.260655
9	40	2.069297	0.525377	2.564871	5.159545
9	41	2.069297	0.471790	2.509821	5.050908
9	42	2.069297	0.464609	1.961896	4.495802
9	43	2.069297	0.588113	3.187360	5.844770
9	44	2.069297	0.470911	2.024424	4.564632
9	45	2.069297	0.397417	1.295185	3.761899
9	46	2.069297	0.449568	1.812648	4.331513
9	47	2.069297	0.461538	1.931427	4.462263
9	48	2.069297	0.492101	2.234682	4.796080
9	49	2.069297	0.525377	2.564871	5.159545
9	50	2.069297	0.533342	2.643903	5.246543
9	51	2.069297	0.505035	2.363028	4.937361
9	52	2.069297	0.471979	2.035030	4.576307
9	53	2.069297	0.479502	2.109673	4.658473
9	54	2.069297	0.496363	2.276971	4.842631
9	55	2.069297	0.538888	2.698925	5.307110
9	56	2.069297	0.521126	2.522686	5.113109
9	57	2.069297	0.477551	2.090311	4.637159
9	58	2.069297	0.538888	2.698925	5.307110
9	59	2.069297	0.544173	2.910258	5.523728
9	60	2.069297	0.440537	1.723038	4.232872
9	61	2.069297	0.562360	2.931830	5.563487
9	62	2.069297	0.471979	2.035030	4.576307
9	63	2.069297	0.455473	1.871246	4.396017
9	64	2.069297	0.476934	2.084191	4.630422
9	65	2.069297	0.499640	2.309487	4.878424
9	66	2.069297	0.478361	2.098348	4.646006
9	67	2.069297	0.533342	2.643903	5.246543
9	68	2.069297	0.503971	2.352462	4.925730
9	69	2.069297	0.502512	2.337988	4.909798
9	70	2.069297	0.424445	2.093002	4.586744
9	71	2.069297	0.572848	3.035900	5.678046
9	72	2.069297	0.543225	2.741967	5.354490
9	73	2.069297	0.480022	2.114837	4.664157
9	74	2.069297	0.449695	1.813909	4.332901
9	75	2.069297	0.503971	2.352462	4.925730
9	76	2.069297	0.518937	2.500963	5.089197
9	77	2.069297	0.561839	2.926663	5.557799
9	78	2.069297	0.502512	2.337988	4.909798
9	79	2.069297	0.480022	2.114837	4.664157
9	80	2.069297	0.499640	2.309487	4.878424
9	81	2.069297	0.526587	2.576874	5.172759
9	82	2.069297	0.554299	2.851841	5.475437
9	83	2.069297	0.499640	2.309487	4.878424
9	84	2.069297	0.510612	2.418363	4.998273
9	85	2.069297	0.510612	2.418363	4.998273
9	86	2.069297	0.449568	1.812648	4.331513
9	87	2.069297	0.521126	2.522686	5.113109
9	88	2.069297	0.597987	3.285336	5.952620
9	89	2.069297	0.449695	1.813909	4.332901
9	90	2.069297	0.440537	1.723038	4.232872
9	91	2.069297	0.463939	1.955249	4.488486
9	92	2.069297	0.518937	2.500963	5.089197
9	93	2.069297	0.517001	2.481757	5.068056
9	94	2.069297	0.515019	2.620985	5.205302
9	95	2.069297	0.471979	2.035030	4.576307
9	96	2.069297	0.548701	2.796301	5.414300
9	97	2.069297	0.492977	2.243374	4.805648
9	98	2.069297	0.561559	3.029813	5.660669
9	99	2.069297	0.503971	2.352462	4.925730
10	0	2.137543	0.519276	2.504335	5.161154
10	1	2.137543	0.463195	1.947862	4.548599
10	2	2.137543	0.482338	2.137811	4.757691
10	3	2.137543	0.465654	1.972265	4.575462
10	4	2.137543	0.523056	2.541834	5.202433
10	5	2.137543	0.460760	1.923702	4.522005
10	6	2.137543	0.431318	1.631569	4.200430
10	7	2.137543	0.550528	2.814429	5.502500
10	8	2.137543	0.450879	1.825659	4.414080
10	9	2.137543	0.579779	3.104671	5.821992
10	10	2.137543	0.452982	1.846530	4.437055
10	11	2.137543	0.498839	2.301540	4.937922
10	12	2.137543	0.463422	1.950122	4.551088
10	13	2.137543	0.415517	1.474785	4.027845
10	14	2.137543	0.465921	1.974914	4.578378
10	15	2.137543	0.449136	1.808363	4.395042
10	16	2.137543	0.487516	2.189193	4.814252
10	17	2.137543	0.462432	1.940300	4.540275
10	18	2.137543	0.415517	1.474785	4.027845
10	19	2.137543	0.519276	2.504335	5.161154
10	20	2.137543	0.488329	2.197257	4.823128
10	21	2.137543	0.527961	2.590505	5.256009
10	22	2.137543	0.461277	1.928840	4.527660
10	23	2.137543	0.468590	2.001393	4.607526
10	24	2.137543	0.563682	2.944949	5.646174
10	25	2.137543	0.579779	3.104671	5.821992
10	26	2.137543	0.549572	2.804944	5.492059
10	27	2.137543	0.512038	2.432508	5.082088
10	28	2.137543	0.509913	2.835135	5.482590
10	29	2.137543	0.460760	1.923702	4.522005
10	30	2.137543	0.472889	2.044058	4.654490
10	31	2.137543	0.416918	1.488679	4.043139
10	32	2.137543	0.451728	1.834087	4.423358
10	33	2.137543	0.572047	3.027954	5.737545
10	34	2.137543	0.449136	1.808363	4.395042
10	35	2.137543	0.461929	1.935305	4.534777
10	36	2.137543	0.549281	2.802056	5.488880
10	37	2.137543	0.468590	2.001393	4.607526
10	38	2.137543	0.563682	2.944949	5.646174
10	39	2.137543	0.563682	2.944949	5.646174
10	40	2.137543	0.545945	2.874877	5.558364
10	41	2.137543	0.472889	2.044058	4.654490
10	42	2.137543	0.473792	2.053013	4.664348
10	43	2.137543	0.484350	2.475557	5.097450
10	44	2.137543	0.445702	1.774296	4.357541
10	45	2.137543	0.475388	2.068846	4.681777
10	46	2.137543	0.517435	2.486063	5.141040
10	47	2.137543	0.391096	1.232461	3.761099
10	48	2.137543	0.535331	2.663632	5.336505
10	49	2.137543	0.455022	2.396406	4.988971
10	50	2.137543	0.447746	1.794571	4.379860
10	51	2.137543	0.454469	1.861285	4.453298
10	52	2.137543	0.452982	1.846530	4.437055
10	53	2.137543	0.485558	2.434585	5.057687
10	54	2.137543	0.545619	2.765720	5.448882
10	55	2.137543	0.476032	2.075245	4.688820
10	56	2.137543	0.498839	2.301540	4.937922
10	57	2.137543	0.519276	2.504335	5.161154
10	58	2.137543	0.535331	2.663632	5.336505
10	59	2.137543	0.452982	1.846530	4.437055
10	60	2.137543	0.500384	2.316871	4.954797
10	61	2.137543	0.475544	2.070399	4.683486
10	62	2.137543	0.463422	1.950122	4.551088
10	63	2.137543	0.534725	2.657618	5.329885
10	64	2.137543	0.433198	1.650218	4.220958
10	65	2.137543	0.561032	3.024579	5.723154
10	66	2.137543	0.475388	2.068846	4.681777
10	67	2.137543	0.391096	1.232461	3.761099
10	68	2.137543	0.452982	1.846530	4.437055
10	69	2.137543	0.438658	2.128107	4.704308
10	70	2.137543	0.525088	2.562000	5.224631
10	71	2.137543	0.450879	1.825659	4.414080
10	72	2.137543	0.549281	2.802056	5.488880
10	73	2.137543	0.523056	2.541834	5.202433
10	74	2.137543	0.517435	2.486063	5.141040
10	75	2.137543	0.588345	3.242631	5.968519
10	76	2.137543	0.463839	1.954255	4.555636
10	77	2.137543	0.475544	2.070399	4.683486
10	78	2.137543	0.519276	2.504335	5.161154
10	79	2.137543	0.462432	1.940300	4.540275
10	80	2.137543	0.451728	1.834087	4.423358
10	81	2.137543	0.512328	2.647245	5.297116
10	82	2.137543	0.462432	1.940300	4.540275
10	83	2.137543	0.444558	1.762942	4.345043
10	84	2.137543	0.523056	2.541834	5.202433
10	85	2.137543	0.463422	1.950122	4.551088
10	86	2.137543	0.461929	1.935305	4.534777
10	87	2.137543	0.475544	2.070399	4.683486
10	88	2.137543	0.447746	1.794571	4.379860
10	89	2.137543	0.511752	2.429669	5.078963
10	90	2.137543	0.475544	2.070399	4.683486
10	91	2.137543	0.563682	2.944949	5.646174
10	92	2.137543	0.507826	2.390720	5.036089
10	93	2.137543	0.513752	2.449523	5.100818
10	94	2.137543	0.519276	2.504335	5.161154
10	95	2.137543	0.401497	1.335671	3.874711
10	96	2.137543	0.431394	1.632325	4.201262
10	97	2.137543	0.539821	2.814112	5.491475
10	98	2.137543	0.401497	1.335671	3.874711
10	99	2.137543	0.513752	2.449523	5.100818
11	0	2.180838	0.518026	2.491929	5.190794
11	1	2.180838	0.497041	2.495559	5.173439
11	2	2.180838	0.509965	2.411946	5.102750
11	3	2.180838	0.487160	2.185659	4.853657
11	4	2.180838	0.473109	2.046233	4.700180
11	5	2.180838	0.454167	1.858283	4.493288
11	6	2.180838	0.592219	3.281075	6.054133
11	7	2.180838	0.537710	2.687242	5.405790
11	8	2.180838	0.516703	2.478800	5.176341
11	9	2.180838	0.540951	2.719401	5.441191
11	10	2.180838	0.454167	1.858283	4.493288
11	11	2.180838	0.545170	2.761261	5.487269
11	12	2.180838	0.536038	2.670651	5.387528
11	13	2.180838	0.416046	1.480034	4.076919
11	14	2.180838	0.481938	2.133840	4.796615
11	15	2.180838	0.510968	2.421889	5.113695
11	16	2.180838	0.443010	1.747583	4.371431
11	17	2.180838	0.497865	2.291876	4.970579
11	18	2.180838	0.525866	2.569722	5.276426
11	19	2.180838	0.445759	1.774860	4.401458
11	20	2.180838	0.525795	2.569017	5.275650
11	21	2.180838	0.454155	1.858172	4.493165
11	22	2.180838	0.536038	2.670651	5.387528
11	23	2.180838	0.511921	2.431349	5.124108
11	24	2.180838	0.460758	1.923686	4.565283
11	25	2.180838	0.460758	1.923686	4.565283
11	26	2.180838	0.478775	2.102461	4.762075
11	27	2.180838	0.568802	2.995752	5.745392
11	28	2.180838	0.511921	2.431349	5.124108
11	29	2.180838	0.492493	2.238576	4.911907
11	30	2.180838	0.443010	1.747583	4.371431
11	31	2.180838	0.445070	1.768019	4.393927
11	32	2.180838	0.537710	2.687242	5.405790
11	33	2.180838	0.564490	3.005926	5.751254
11	34	2.180838	0.458981	1.906055	4.545875
11	35	2.180838	0.510968	2.421889	5.113695
11	36	2.180838	0.454155	1.858172	4.493165
11	37	2.180838	0.445759	1.774860	4.401458
11	38	2.180838	0.549125	2.800507	5.530471
11	39	2.180838	0.445759	1.774860	4.401458
11	40	2.180838	0.459262	1.908837	4.548937
11	41	2.180838	0.546261	2.772092	5.499192
11	42	2.180838	0.525866	2.569722	5.276426
11	43	2.180838	0.454155	1.858172	4.493165
11	44	2.180838	0.525962	2.570672	5.277473
11	45	2.180838	0.452832	1.845040	4.478711
11	46	2.180838	0.416046	1.480034	4.076919
11	47	2.180838	0.488833	2.202261	4.871933
11	48	2.180838	0.518026	2.491929	5.190794
11	49	2.180838	0.592219	3.281075	6.054133
11	50	2.180838	0.558743	2.895943	5.635525
11	51	2.180838	0.512783	2.439900	5.133521
11	52	2.180838	0.513868	2.450672	5.145378
11	53	2.180838	0.416046	1.480034	4.076919
11	54	2.180838	0.452832	1.845040	4.478711
11	55	2.180838	0.459262	1.908837	4.548937
11	56	2.180838	0.454000	1.856632	4.491471
11	57	2.180838	0.459262	1.908837	4.548937
11	58	2.180838	0.515658	2.733248	5.429744
11	59	2.180838	0.548923	2.798498	5.528259
11	60	2.180838	0.445070	1.768019	4.393927
11	61	2.180838	0.549125	2.800507	5.530471
11	62	2.180838	0.480646	2.121024	4.782509
11	63	2.180838	0.575640	3.116570	5.873049
11	64	2.180838	0.424178	2.249247	4.854263
11	65	2.180838	0.526468	2.575696	5.283003
11	66	2.180838	0.610301	3.407526	6.198666
11	67	2.180838	0.509965	2.411946	5.102750
11	68	2.180838	0.497414	2.287408	4.965661
11	69	2.180838	0.548923	2.798498	5.528259
11	70	2.180838	0.585030	3.156774	5.922642
11	71	2.180838	0.473183	2.046968	4.700989
11	72	2.180838	0.548923	2.798498	5.528259
11	73	2.180838	0.452189	1.838654	4.471681
11	74	2.180838	0.575640	3.116570	5.873049
11	75	2.180838	0.480646	2.121024	4.782509
11	76	2.180838	0.525795	2.569017	5.275650
11	77	2.180838	0.431250	1.630889	4.242977
11	78	2.180838	0.410697	1.426950	4.018485
11	79	2.180838	0.504183	2.354566	5.039587
11	80	2.180838	0.533447	2.644945	5.359230
11	81	2.180838	0.574272	3.050031	5.805142
11	82	2.180838	0.536038	2.670651	5.387528
11	83	2.180838	0.416046	1.480034	4.076919
11	84	2.180838	0.533447	2.644945	5.359230
11	85	2.180838	0.526468	2.575696	5.283003
11	86	2.180838	0.470769	2.023019	4.674627
11	87	2.180838	0.549648	2.805697	5.536183
11	88	2.180838	0.460945	1.925539	4.567322
11	89	2.180838	0.490916	2.222932	4.894686
11	90	2.180838	0.525795	2.569017	5.275650
11	91	2.180838	0.454000	1.856632	4.491471
11	92	2.180838	0.533800	2.648439	5.363077
11	93	2.180838	0.473109	2.046233	4.700180
11	94	2.180838	0.497865	2.291876	4.970579
11	95	2.180838	0.495162	2.265062	4.941062
11	96	2.180838	0.546261	2.772092	5.499192
11	97	2.180838	0.454167	1.858283	4.493288
11	98	2.180838	0.548923	2.798498	5.528259
11	99	2.180838	0.510968	2.421889	5.113695
12	0	1.930240	0.494357	2.257069	4.681666
12	1	1.930240	0.453349	1.850167	4.233756
12	2	1.930240	0.535239	2.662721	5.128200
12	3	1.930240	0.492728	2.240907	4.663874
12	4	1.930240	0.469158	2.007035	4.406432
12	5	1.930240	0.572825	3.088630	5.591694
12	6	1.930240	0.453349	1.850167	4.233756
12	7	1.930240	0.528445	2.595310	5.053995
12	8	1.930240	0.538418	2.853160	5.321818
12	9	1.930240	0.514814	2.460059	4.905113
12	10	1.930240	0.554253	2.851387	5.335880
12	11	1.930240	0.535253	2.662864	5.128358
12	12	1.930240	0.551507	2.824147	5.305894
12	13	1.930240	0.535253	2.662864	5.128358
12	14	1.930240	0.519369	2.505249	4.954857
12	15	1.930240	0.514299	2.613838	5.058377
12	16	1.930240	0.514814	2.460059	4.905113
12	17	1.930240	0.491829	2.231989	4.654058
12	18	1.930240	0.503836	2.351126	4.785201
12	19	1.930240	0.504022	2.352969	4.787231
12	20	1.930240	0.465390	1.969649	4.365280
12	21	1.930240	0.579474	3.207571	5.717285
12	22	1.930240	0.575351	3.060739	5.566330
12	23	1.930240	0.495168	2.265119	4.690527
12	24	1.930240	0.497185	2.285128	4.712552
12	25	1.930240	0.530991	2.620572	5.081803
12	26	1.930240	0.492728	2.240907	4.663874
12	27	1.930240	0.571134	3.018890	5.520264
12	28	1.930240	0.487017	2.184239	4.601496
12	29	1.930240	0.515511	2.466973	4.912724
12	30	1.930240	0.554253	2.851387	5.335880
12	31	1.930240	0.561869	2.926963	5.419073
12	32	1.930240	0.477244	2.087268	4.494752
12	33	1.930240	0.546700	2.776447	5.253387
12	34	1.930240	0.519369	2.505249	4.954857
12	35	1.930240	0.496201	2.275371	4.701812
12	36	1.930240	0.468539	2.000896	4.399676
12	37	1.930240	0.561869	2.926963	5.419073
12	38	1.930240	0.507420	2.386686	4.824345
12	39	1.930240	0.520373	2.515218	4.965831
12	40	1.930240	0.543970	2.749360	5.223570
12	41	1.930240	0.491529	2.229013	4.650782
12	42	1.930240	0.491529	2.229013	4.650782
12	43	1.930240	0.554253	2.851387	5.335880
12	44	1.930240	0.585514	3.161572	5.677325
12	45	1.930240	0.495168	2.265119	4.690527
12	46	1.930240	0.573717	3.044521	5.548478
12	47	1.930240	0.469158	2.007035	4.406432
12	48	1.930240	0.427216	1.590860	3.948316
12	49	1.930240	0.554253	2.851387	5.335880
12	50	1.930240	0.403311	1.353668	3.687219
12	51	1.930240	0.507420	2.386686	4.824345
12	52	1.930240	0.510781	2.420037	4.861057
12	53	1.930240	0.465390	1.969649	4.365280
12	54	1.930240	0.495598	2.269384	4.695222
12	55	1.930240	0.487864	2.192647	4.610752
12	56	1.930240	0.507420	2.386686	4.824345
12	57	1.930240	0.507420	2.386686	4.824345
12	58	1.930240	0.515511	2.466973	4.912724
12	59	1.930240	0.546700	2.776447	5.253387
12	60	1.930240	0.412619	2.187517	4.530376
12	61	1.930240	0.545062	2.866118	5.341420
12	62	1.930240	0.501798	2.330905	4.762943
12	63	1.930240	0.571134	3.018890	5.520264
12	64	1.930240	0.470688	2.022219	4.423147
12	65	1.930240	0.545062	2.866118	5.341420
12	66	1.930240	0.495598	2.269384	4.695222
12	67	1.930240	0.488659	2.200536	4.619435
12	68	1.930240	0.503836	2.351126	4.785201
12	69	1.930240	0.501798	2.330905	4.762943
12	70	1.930240	0.561869	2.926963	5.419073
12	71	1.930240	0.520373	2.515218	4.965831
12	72	1.930240	0.515511	2.466973	4.912724
12	73	1.930240	0.528445	2.595310	5.053995
12	74	1.930240	0.494357	2.257069	4.681666
12	75	1.930240	0.530991	2.620572	5.081803
12	76	1.930240	0.598540	3.290824	5.819604
12	77	1.930240	0.535239	2.662721	5.128200
12	78	1.930240	0.554253	2.851387	5.335880
12	79	1.930240	0.465390	1.969649	4.365280
12	80	1.930240	0.616835	3.472363	6.019439
12	81	1.930240	0.549442	2.803653	5.283336
12	82	1.930240	0.431041	2.105492	4.466773
12	83	1.930240	0.477244	2.087268	4.494752
12	84	1.930240	0.598540	3.290824	5.819604
12	85	1.930240	0.535239	2.662721	5.128200
12	86	1.930240	0.478259	2.097335	4.505834
12	87	1.930240	0.520173	2.513226	4.963639
12	88	1.930240	0.585514	3.161572	5.677325
12	89	1.930240	0.592895	3.287775	5.810910
12	90	1.930240	0.470688	2.022219	4.423147
12	91	1.930240	0.403311	1.353668	3.687219
12	92	1.930240	0.465390	1.969649	4.365280
12	93	1.930240	0.488659	2.200536	4.619435
12	94	1.930240	0.496201	2.275371	4.701812
12	95	1.930240	0.453349	1.850167	4.233756
12	96	1.930240	0.439387	1.711634	4.081262
12	97	1.930240	0.491829	2.231989	4.654058
12	98	1.930240	0.514299	2.613838	5.058377
12	99	1.930240	0.514814	2.460059	4.905113
13	0	2.058193	0.445016	1.767483	4.270692
13	1	2.058193	0.445016	1.767483	4.270692
13	2	2.058193	0.477462	2.089429	4.625084
13	3	2.058193	0.451475	1.831576	4.341244
13	4	2.058193	0.529275	2.603549	5.191017
13	5	2.058193	0.533195	2.642446	5.233834
13	6	2.058193	0.556200	2.870708	5.485101
13	7	2.058193	0.555482	2.863583	5.477258
13	8	2.058193	0.492285	2.236514	4.786992
13	9	2.058193	0.412896	1.448778	3.919867
13	10	2.058193	0.542773	2.896368	5.497334
13	11	2.058193	0.541542	2.990078	5.589813
13	12	2.058193	0.502018	2.333090	4.893301
13	13	2.058193	0.514716	2.459083	5.031992
13	14	2.058193	0.436675	1.684719	4.179586
13	15	2.058193	0.555482	2.863583	5.477258
13	16	2.058193	0.476150	2.076412	4.610755
13	17	2.058193	0.493919	2.252726	4.804838
13	18	2.058193	0.450327	1.820181	4.328701
13	19	2.058193	0.602474	3.329858	5.990524
13	20	2.058193	0.554785	2.856664	5.469642
13	21	2.058193	0.550740	2.816530	5.425462
13	22	2.058193	0.517303	2.749576	5.325072
13	23	2.058193	0.452831	1.845028	4.356052
13	24	2.058193	0.495133	2.264772	4.818098
13	25	2.058193	0.503812	2.350888	4.912892
13	26	2.058193	0.517303	2.749576	5.325072
13	27	2.058193	0.477462	2.089429	4.625084
13	28	2.058193	0.452831	1.845028	4.356052
13	29	2.058193	0.508953	2.401897	4.969042
13	30	2.058193	0.431132	1.629720	4.119045
13	31	2.058193	0.529275	2.603549	5.191017
13	32	2.058193	0.467521	2.308569	4.834282
13	33	2.058193	0.508953	2.401897	4.969042
13	34	2.058193	0.524991	2.561034	5.144217
13	35	2.058193	0.507602	2.388497	4.954292
13	36	2.058193	0.429937	1.617868	4.105998
13	37	2.058193	0.492285	2.236514	4.786992
13	38	2.058193	0.429118	1.609733	4.097044
13	39	2.058193	0.479459	2.109247	4.646899
13	40	2.058193	0.560350	2.911888	5.530430
13	41	2.058193	0.529926	2.610009	5.198128
13	42	2.058193	0.501823	2.331157	4.891173
13	43	2.058193	0.565113	2.959144	5.582449
13	44	2.058193	0.515299	2.464868	5.038359
13	45	2.058193	0.458227	1.898568	4.414988
13	46	2.058193	0.513724	2.449240	5.021156
13	47	2.058193	0.529395	2.604731	5.192318
13	48	2.058193	0.536256	2.672812	5.267261
13	49	2.058193	0.515299	2.464868	5.038359
13	50	2.058193	0.470271	2.494756	5.023220
13	51	2.058193	0.503812	2.350888	4.912892
13	52	2.058193	0.541542	2.990078	5.589813
13	53	2.058193	0.451475	1.831576	4.341244
13	54	2.058193	0.396037	1.281488	3.735717
13	55	2.058193	0.524991	2.561034	5.144217
13	56	2.058193	0.545813	2.926533	5.530538
13	57	2.058193	0.479063	2.105314	4.642569
13	58	2.058193	0.564150	2.949591	5.571934
13	59	2.058193	0.565859	2.966549	5.590601
13	60	2.058193	0.452831	1.845028	4.356052
13	61	2.058193	0.502388	2.601576	5.162156
13	62	2.058193	0.554003	2.848911	5.461107
13	63	2.058193	0.458227	1.898568	4.414988
13	64	2.058193	0.536256	2.672812	5.267261
13	65	2.058193	0.573730	3.097613	5.729536
13	66	2.058193	0.479063	2.105314	4.642569
13	67	2.058193	0.480849	2.123038	4.662079
13	68	2.058193	0.455824	1.874730	4.388747
13	69	2.058193	0.501823	2.331157	4.891173
13	70	2.058193	0.514716	2.459083	5.031992
13	71	2.058193	0.472215	2.037365	4.567773
13	72	2.058193	0.575441	3.061625	5.695259
13	73	2.058193	0.567426	2.982101	5.607720
13	74	2.058193	0.455824	1.874730	4.388747
13	75	2.058193	0.415654	1.476139	3.949986
13	76	2.058193	0.511273	2.424921	4.994387
13	77	2.058193	0.503812	2.350888	4.912892
13	78	2.058193	0.492285	2.236514	4.786992
13	79	2.058193	0.536256	2.672812	5.267261
13	80	2.058193	0.555482	2.863583	5.477258
13	81	2.058193	0.514716	2.459083	5.031992
13	82	2.058193	0.475794	2.072879	4.606865
13	83	2.058193	0.541519	2.725034	5.324746
13	84	2.058193	0.417859	1.498015	3.974066
13	85	2.058193	0.484328	2.157559	4.700079
13	86	2.058193	0.529395	2.604731	5.192318
13	87	2.058193	0.505194	2.364604	4.927991
13	88	2.058193	0.555482	2.863583	5.477258
13	89	2.058193	0.509384	2.406174	4.973750
13	90	2.058193	0.450327	1.820181	4.328701
13	91	2.058193	0.507602	2.388497	4.954292
13	92	2.058193	0.476150	2.076412	4.610755
13	93	2.058193	0.529275	2.603549	5.191017
13	94	2.058193	0.475794	2.072879	4.606865
13	95	2.058193	0.520236	2.513853	5.092281
13	96	2.058193	0.485511	2.169300	4.713004
13	97	2.058193	0.505194	2.364604	4.927991
13	98	2.058193	0.479063	2.105314	4.642569
13	99	2.058193	0.436675	1.684719	4.179586
14	0	1.986976	0.397931	1.300288	3.685196
14	1	1.986976	0.535231	2.662646	5.184853
14	2	1.986976	0.531271	2.623353	5.141600
14	3	1.986976	0.482717	2.141573	4.611266
14	4	1.986976	0.445548	1.772766	4.205290
14	5	1.986976	0.482849	2.142886	4.612712
14	6	1.986976	0.467320	1.988792	4.443088
14	7	1.986976	0.488371	2.197673	4.673020
14	8	1.986976	0.532329	2.633848	5.153153
14	9	1.986976	0.512252	2.752417	5.251646
14	10	1.986976	0.534029	2.650717	5.171722
14	11	1.986976	0.507185	2.384353	4.878514
14	12	1.986976	0.483213	2.146499	4.616688
14	13	1.986976	0.549961	2.808803	5.345740
14	14	1.986976	0.555079	2.859581	5.401636
14	15	1.986976	0.478296	2.097703	4.562975
14	16	1.986976	0.463281	2.478353	4.928610
14	17	1.986976	0.467320	1.988792	4.443088
14	18	1.986976	0.475653	2.071479	4.534108
14	19	1.986976	0.445548	1.772766	4.205290
14	20	1.986976	0.397931	1.300288	3.685196
14	21	1.986976	0.559330	2.901763	5.448069
14	22	1.986976	0.522768	2.538983	5.048728
14	23	1.986976	0.502146	2.334360	4.823483
14	24	1.986976	0.429731	1.615820	4.032527
14	25	1.986976	0.547563	2.785009	5.319548
14	26	1.986976	0.485348	2.167675	4.639999
14	27	1.986976	0.542221	2.732003	5.261200
14	28	1.986976	0.429731	1.615820	4.032527
14	29	1.986976	0.568451	2.992264	5.547691
14	30	1.986976	0.429731	1.615820	4.032527
14	31	1.986976	0.445548	1.772766	4.205290
14	32	1.986976	0.454998	1.866533	4.308507
14	33	1.986976	0.576481	3.071951	5.635408
14	34	1.986976	0.542221	2.732003	5.261200
14	35	1.986976	0.542221	2.732003	5.261200
14	36	1.986976	0.487742	2.191431	4.666149
14	37	1.986976	0.511404	2.691041	5.189422
14	38	1.986976	0.474711	2.062138	4.523825
14	39	1.986976	0.462292	1.938902	4.388170
14	40	1.986976	0.516419	2.475980	4.979375
14	41	1.986976	0.445548	1.772766	4.205290
14	42	1.986976	0.543623	2.745915	5.276515
14	43	1.986976	0.570209	3.009711	5.566896
14	44	1.986976	0.497458	2.287844	4.772279
14	45	1.986976	0.568451	2.992264	5.547691
14	46	1.986976	0.566840	2.976284	5.530100
14	47	1.986976	0.503473	2.347522	4.837971
14	48	1.986976	0.487713	2.191143	4.665832
14	49	1.986976	0.503473	2.347522	4.837971
14	50	1.986976	0.485348	2.167675	4.639999
14	51	1.986976	0.454998	1.866533	4.308507
14	52	1.986976	0.598002	3.285485	5.870463
14	53	1.986976	0.532329	2.633848	5.153153
14	54	1.986976	0.507185	2.384353	4.878514
14	55	1.986976	0.512252	2.752417	5.251646
14	56	1.986976	0.479675	2.111394	4.578045
14	57	1.986976	0.454049	1.857113	4.298138
14	58	1.986976	0.492407	2.343647	4.823029
14	59	1.986976	0.482717	2.141573	4.611266
14	60	1.986976	0.415237	1.472000	3.874213
14	61	1.986976	0.512413	2.436235	4.935624
14	62	1.986976	0.512413	2.436235	4.935624
14	63	1.986976	0.513903	2.451019	4.951898
14	64	1.986976	0.528602	2.596868	5.112446
14	65	1.986976	0.473378	2.048905	4.509259
14	66	1.986976	0.472052	2.353532	4.812560
14	67	1.986976	0.487713	2.191143	4.665832
14	68	1.986976	0.447728	2.165141	4.599846
14	69	1.986976	0.424961	1.568494	3.980432
14	70	1.986976	0.576481	3.071951	5.635408
14	71	1.986976	0.506240	2.374979	4.868195
14	72	1.986976	0.570209	3.009711	5.566896
14	73	1.986976	0.503473	2.347522	4.837971
14	74	1.986976	0.420437	1.523597	3.931010
14	75	1.986976	0.532329	2.633848	5.153153
14	76	1.986976	0.415237	1.472000	3.874213
14	77	1.986976	0.513561	2.447619	4.948156
14	78	1.986976	0.535821	2.668498	5.191295
14	79	1.986976	0.535231	2.662646	5.184853
14	80	1.986976	0.528602	2.596868	5.112446
14	81	1.986976	0.496423	2.277566	4.760965
14	82	1.986976	0.462292	1.938902	4.388170
14	83	1.986976	0.570209	3.009711	5.566896
14	84	1.986976	0.477016	2.085010	4.549003
14	85	1.986976	0.551373	2.822817	5.361167
14	86	1.986976	0.482849	2.142886	4.612712
14	87	1.986976	0.477016	2.085010	4.549003
14	88	1.986976	0.535231	2.662646	5.184853
14	89	1.986976	0.477033	2.085174	4.549183
14	90	1.986976	0.567098	3.031806	5.585880
14	91	1.986976	0.535231	2.662646	5.184853
14	92	1.986976	0.477033	2.085174	4.549183
14	93	1.986976	0.497018	2.707183	5.191177
14	94	1.986976	0.570209	3.009711	5.566896
14	95	1.986976	0.507185	2.384353	4.878514
14	96	1.986976	0.412660	1.446430	3.846066
14	97	1.986976	0.506240	2.374979	4.868195
14	98	1.986976	0.526111	2.784005	5.297092
14	99	1.986976	0.483213	2.146499	4.616688
15	0	2.096513	0.497679	2.290031	4.884222
15	1	2.096513	0.480630	2.120869	4.698012
15	2	2.096513	0.516756	2.479329	5.092599
15	3	2.096513	0.443938	1.756791	4.297242
15	4	2.096513	0.598471	3.290138	5.985121
15	5	2.096513	0.508269	2.395117	4.999899
15	6	2.096513	0.524168	2.552873	5.173554
15	7	2.096513	0.523107	2.542345	5.161965
15	8	2.096513	0.441163	1.729251	4.266926
15	9	2.096513	0.485456	2.168754	4.750724
15	10	2.096513	0.499916	2.312226	4.908654
15	11	2.096513	0.561816	2.979395	5.637724
15	12	2.096513	0.527620	2.587126	5.211259
15	13	2.096513	0.479115	2.105836	4.681464
15	14	2.096513	0.562361	2.931842	5.590716
15	15	2.096513	0.391022	1.231734	3.719270
15	16	2.096513	0.400355	1.324336	3.821204
15	17	2.096513	0.546506	2.774519	5.417538
15	18	2.096513	0.598471	3.290138	5.985121
15	19	2.096513	0.497679	2.290031	4.884222
15	20	2.096513	0.518318	2.494826	5.109657
15	21	2.096513	0.459694	1.913123	4.469330
15	22	2.096513	0.507926	2.391712	4.996151
15	23	2.096513	0.555132	2.860107	5.511752
15	24	2.096513	0.527962	2.590512	5.214986
15	25	2.096513	0.441163	1.729251	4.266926
15	26	2.096513	0.518285	2.812275	5.427073
15	27	2.096513	0.518318	2.494826	5.109657
15	28	2.096513	0.460330	1.919439	4.476282
15	29	2.096513	0.453024	1.846946	4.396483
15	30	2.096513	0.604515	3.350113	6.051141
15	31	2.096513	0.446036	1.777607	4.320156
15	32	2.096513	0.505770	2.370320	4.972604
15	33	2.096513	0.426917	1.587899	4.111329
15	34	2.096513	0.495230	2.265730	4.857472
15	35	2.096513	0.527770	2.588609	5.212891
15	36	2.096513	0.439823	1.715953	4.252289
15	37	2.096513	0.446036	1.777607	4.320156
15	38	2.096513	0.458006	1.896378	4.450897
15	39	2.096513	0.462153	1.937529	4.496195
15	40	2.096513	0.444806	1.765399	4.306718
15	41	2.096513	0.514515	2.457090	5.068118
15	42	2.096513	0.428848	1.607063	4.132424
15	43	2.096513	0.499916	2.312226	4.908654
15	44	2.096513	0.439140	1.709182	4.244835
15	45	2.096513	0.557952	3.046983	5.701448
15	46	2.096513	0.557297	2.881591	5.535400
15	47	2.096513	0.400355	1.324336	3.821204
15	48	2.096513	0.458006	1.896378	4.450897
15	49	2.096513	0.459694	1.913123	4.469330
15	50	2.096513	0.400355	1.324336	3.821204
15	51	2.096513	0.484358	2.422672	5.003543
15	52	2.096513	0.527620	2.587126	5.211259
15	53	2.096513	0.492171	2.235377	4.824061
15	54	2.096513	0.526848	2.579466	5.202827
15	55	2.096513	0.528333	2.594203	5.219049
15	56	2.096513	0.543394	2.743638	5.383544
15	57	2.096513	0.510483	2.628940	5.235937
15	58	2.096513	0.558521	2.893743	5.548777
15	59	2.096513	0.460330	1.919439	4.476282
15	60	2.096513	0.515153	2.463418	5.075084
15	61	2.096513	0.428848	1.607063	4.132424
15	62	2.096513	0.535845	2.668737	5.301095
15	63	2.096513	0.534771	2.658080	5.289364
15	64	2.096513	0.480630	2.120869	4.698012
15	65	2.096513	0.527620	2.587126	5.211259
15	66	2.096513	0.493632	2.567656	5.157801
15	67	2.096513	0.482168	2.136127	4.714808
15	68	2.096513	0.552645	2.835439	5.484597
15	69	2.096513	0.529439	2.605173	5.231125
15	70	2.096513	0.460509	1.921211	4.478233
15	71	2.096513	0.439140	1.709182	4.244835
15	72	2.096513	0.460509	1.921211	4.478233
15	73	2.096513	0.463691	1.952785	4.512988
15	74	2.096513	0.494521	2.258700	4.849734
15	75	2.096513	0.514515	2.457090	5.068118
15	76	2.096513	0.391022	1.231734	3.719270
15	77	2.096513	0.493632	2.567656	5.157801
15	78	2.096513	0.530945	2.831966	5.459423
15	79	2.096513	0.449685	1.813812	4.360009
15	80	2.096513	0.558521	2.893743	5.548777
15	81	2.096513	0.446036	1.777607	4.320156
15	82	2.096513	0.536579	2.781944	5.415035
15	83	2.096513	0.439823	1.715953	4.252289
15	84	2.096513	0.453024	1.846946	4.396483
15	85	2.096513	0.460509	1.921211	4.478233
15	86	2.096513	0.444806	1.765399	4.306718
15	87	2.096513	0.485456	2.168754	4.750724
15	88	2.096513	0.449685	1.813812	4.360009
15	89	2.096513	0.512279	2.434907	5.043699
15	90	2.096513	0.480283	2.117417	4.694213
15	91	2.096513	0.508269	2.395117	4.999899
15	92	2.096513	0.503596	2.348743	4.948852
15	93	2.096513	0.526848	2.579466	5.202827
15	94	2.096513	0.534771	2.658080	5.289364
15	95	2.096513	0.516756	2.479329	5.092599
15	96	2.096513	0.503596	2.348743	4.948852
15	97	2.096513	0.480630	2.120869	4.698012
15	98	2.096513	0.443938	1.756791	4.297242
15	99	2.096513	0.598471	3.290138	5.985121
16	0	1.904940	0.530112	2.611851	5.046903
16	1	1.904940	0.517223	2.483959	4.906122
16	2	1.904940	0.543507	2.744761	5.193208
16	3	1.904940	0.450556	1.822457	4.177953
16	4	1.904940	0.517443	2.486145	4.908528
16	5	1.904940	0.517223	2.483959	4.906122
16	6	1.904940	0.468708	2.002571	4.376220
16	7	1.904940	0.500705	2.320057	4.725702
16	8	1.904940	0.579258	3.099499	5.583697
16	9	1.904940	0.604891	3.353843	5.863674
16	10	1.904940	0.447972	1.796819	4.149732
16	11	1.904940	0.462254	1.938527	4.305722
16	12	1.904940	0.480525	2.278711	4.664176
16	13	1.904940	0.570716	3.014743	5.490399
16	14	1.904940	0.575925	3.066427	5.547292
16	15	1.904940	0.572517	3.032616	5.510074
16	16	1.904940	0.515547	2.467325	4.887812
16	17	1.904940	0.475332	2.068299	4.448572
16	18	1.904940	0.570716	3.014743	5.490399
16	19	1.904940	0.530391	2.614620	5.049951
16	20	1.904940	0.461599	1.932033	4.298573
16	21	1.904940	0.517443	2.486145	4.908528
16	22	1.904940	0.517443	2.486145	4.908528
16	23	1.904940	0.483976	2.154067	4.542983
16	24	1.904940	0.462254	1.938527	4.305722
16	25	1.904940	0.455843	1.874920	4.235704
16	26	1.904940	0.483775	2.152075	4.540791
16	27	1.904940	0.517718	2.488873	4.911532
16	28	1.904940	0.576408	3.071218	5.552566
16	29	1.904940	0.464477	2.331331	4.700748
16	30	1.904940	0.543110	2.740818	5.188868
16	31	1.904940	0.575925	3.066427	5.547292
16	32	1.904940	0.522963	2.752772	5.180676
16	33	1.904940	0.461599	1.932033	4.298573
16	34	1.904940	0.500705	2.320057	4.725702
16	35	1.904940	0.462254	1.938527	4.305722
16	36	1.904940	0.471105	2.397099	4.773144
16	37	1.904940	0.450556	1.822457	4.177953
16	38	1.904940	0.461599	1.932033	4.298573
16	39	1.904940	0.482570	2.140110	4.527621
16	40	1.904940	0.399407	1.314933	3.619280
16	41	1.904940	0.468708	2.002571	4.376220
16	42	1.904940	0.461344	1.929496	4.295780
16	43	1.904940	0.546567	2.986984	5.438492
16	44	1.904940	0.570716	3.014743	5.490399
16	45	1.904940	0.559721	2.958609	5.423270
16	46	1.904940	0.537183	2.682014	5.124138
16	47	1.904940	0.441721	1.734790	4.081451
16	48	1.904940	0.522736	2.538659	4.966335
16	49	1.904940	0.482715	2.141550	4.529205
16	50	1.904940	0.462254	1.938527	4.305722
16	51	1.904940	0.399407	1.314933	3.619280
16	52	1.904940	0.549507	2.804293	5.258740
16	53	1.904940	0.482570	2.140110	4.527621
16	54	1.904940	0.523294	2.544200	4.972434
16	55	1.904940	0.449952	1.816463	4.171355
16	56	1.904940	0.549507	2.804293	5.258740
16	57	1.904940	0.468708	2.002571	4.376220
16	58	1.904940	0.471606	2.031325	4.407871
16	59	1.904940	0.390231	2.018334	4.313505
16	60	1.904940	0.475332	2.068299	4.448572
16	61	1.904940	0.576408	3.071218	5.552566
16	62	1.904940	0.510129	2.413567	4.828636
16	63	1.904940	0.482715	2.141550	4.529205
16	64	1.904940	0.496757	2.280886	4.682584
16	65	1.904940	0.461344	1.929496	4.295780
16	66	1.904940	0.561272	2.921031	5.387243
16	67	1.904940	0.497419	2.287455	4.689815
16	68	1.904940	0.475332	2.068299	4.448572
16	69	1.904940	0.569868	3.006331	5.481140
16	70	1.904940	0.482570	2.140110	4.527621
16	71	1.904940	0.375778	1.716033	3.996751
16	72	1.904940	0.598475	3.290186	5.793602
16	73	1.904940	0.471606	2.031325	4.407871
16	74	1.904940	0.449952	1.816463	4.171355
16	75	1.904940	0.421896	1.538075	3.864911
16	76	1.904940	0.496757	2.280886	4.682584
16	77	1.904940	0.417707	1.496508	3.819155
16	78	1.904940	0.517718	2.488873	4.911532
16	79	1.904940	0.569868	3.006331	5.481140
16	80	1.904940	0.508033	2.392773	4.805746
16	81	1.904940	0.483976	2.154067	4.542983
16	82	1.904940	0.471498	2.030251	4.406689
16	83	1.904940	0.537183	2.682014	5.124138
16	84	1.904940	0.487489	2.188919	4.581348
16	85	1.904940	0.484181	2.632771	5.021892
16	86	1.904940	0.399407	1.314933	3.619280
16	87	1.904940	0.468708	2.002571	4.376220
16	88	1.904940	0.613189	3.436184	5.954314
16	89	1.904940	0.421896	1.538075	3.864911
16	90	1.904940	0.515247	2.517317	4.937505
16	91	1.904940	0.480307	2.117664	4.502912
16	92	1.904940	0.530112	2.611851	5.046903
16	93	1.904940	0.573758	3.044924	5.523622
16	94	1.904940	0.598475	3.290186	5.793602
16	95	1.904940	0.517205	2.483782	4.905928
16	96	1.904940	0.455843	1.874920	4.235704
16	97	1.904940	0.526912	2.580098	5.011951
16	98	1.904940	0.506880	2.381327	4.793148
16	99	1.904940	0.529889	2.609642	5.044472
17	0	2.043538	0.462317	1.939154	4.445010
17	1	2.043538	0.486553	2.179633	4.709724
17	2	2.043538	0.448237	1.799445	4.291221
17	3	2.043538	0.555977	2.868499	5.468015
17	4	2.043538	0.480061	2.115219	4.638818
17	5	2.043538	0.527074	2.581710	5.152323
17	6	2.043538	0.534783	2.658197	5.236519
17	7	2.043538	0.475757	2.072513	4.591809
17	8	2.043538	0.427628	1.594955	4.066121
17	9	2.043538	0.422872	1.547764	4.014174
17	10	2.043538	0.469663	2.012046	4.525248
17	11	2.043538	0.531298	2.623615	5.198452
17	12	2.043538	0.454465	1.861246	4.359250
17	13	2.043538	0.578236	3.089358	5.711132
17	14	2.043538	0.427628	1.594955	4.066121
17	15	2.043538	0.518077	2.492431	5.054047
17	16	2.043538	0.575695	3.064144	5.683377
17	17	2.043538	0.583693	3.143511	5.770743
17	18	2.043538	0.522667	2.537976	5.104181
17	19	2.043538	0.446146	2.255367	4.745052
17	20	2.043538	0.468567	2.001171	4.513276
17	21	2.043538	0.526013	2.571182	5.140734
17	22	2.043538	0.461501	1.931060	4.436100
17	23	2.043538	0.509201	2.457322	5.010061
17	24	2.043538	0.461501	1.931060	4.436100
17	25	2.043538	0.476805	2.347730	4.868073
17	26	2.043538	0.518077	2.492431	5.054047
17	27	2.043538	0.502418	2.337052	4.883008
17	28	2.043538	0.560230	2.910698	5.514466
17	29	2.043538	0.532934	2.639847	5.216319
17	30	2.043538	0.459916	1.915330	4.418785
17	31	2.043538	0.511343	2.637467	5.192348
17	32	2.043538	0.519885	2.510371	5.073795
17	33	2.043538	0.462365	1.939635	4.445539
17	34	2.043538	0.473493	2.050044	4.567075
17	35	2.043538	0.527074	2.581710	5.152323
17	36	2.043538	0.396012	1.281242	3.720792
17	37	2.043538	0.502418	2.337052	4.883008
17	38	2.043538	0.462317	1.939154	4.445010
17	39	2.043538	0.509981	2.412099	4.965619
17	40	2.043538	0.484626	2.160518	4.688683
17	41	2.043538	0.462317	1.939154	4.445010
17	42	2.043538	0.448237	1.799445	4.291221
17	43	2.043538	0.517210	2.536795	5.097544
17	44	2.043538	0.459663	1.912820	4.416022
17	45	2.043538	0.468567	2.001171	4.513276
17	46	2.043538	0.469909	2.014482	4.527929
17	47	2.043538	0.524821	2.559353	5.127712
17	48	2.043538	0.481618	2.395485	4.920641
17	49	2.043538	0.473493	2.050044	4.567075
17	50	2.043538	0.518077	2.492431	5.054047
17	51	2.043538	0.519133	2.502912	5.065584
17	52	2.043538	0.481521	2.129704	4.654763
17	53	2.043538	0.469663	2.012046	4.525248
17	54	2.043538	0.524899	2.560127	5.128565
17	55	2.043538	0.489685	2.422566	4.955789
17	56	2.043538	0.512766	2.439735	4.996039
17	57	2.043538	0.505420	2.366844	4.915802
17	58	2.043538	0.519133	2.502912	5.065584
17	59	2.043538	0.518077	2.492431	5.054047
17	60	2.043538	0.492869	2.507120	5.043527
17	61	2.043538	0.544895	2.758531	5.346965
17	62	2.043538	0.489724	2.211102	4.744365
17	63	2.043538	0.480061	2.115219	4.638818
17	64	2.043538	0.484199	2.156274	4.684011
17	65	2.043538	0.362857	1.799683	4.206078
17	66	2.043538	0.556588	2.874561	5.474688
17	67	2.043538	0.502418	2.337052	4.883008
17	68	2.043538	0.482393	2.138362	4.664294
17	69	2.043538	0.527492	2.585849	5.156879
17	70	2.043538	0.507177	2.384280	4.934996
17	71	2.043538	0.446146	2.255367	4.745052
17	72	2.043538	0.519885	2.510371	5.073795
17	73	2.043538	0.560230	2.910698	5.514466
17	74	2.043538	0.482393	2.138362	4.664294
17	75	2.043538	0.396012	1.281242	3.720792
17	76	2.043538	0.454282	1.859424	4.357245
17	77	2.043538	0.505420	2.366844	4.915802
17	78	2.043538	0.448237	1.799445	4.291221
17	79	2.043538	0.468567	2.001171	4.513276
17	80	2.043538	0.410498	1.424980	3.879017
17	81	2.043538	0.532934	2.639847	5.216319
17	82	2.043538	0.469663	2.012046	4.525248
17	83	2.043538	0.569810	3.005753	5.619102
17	84	2.043538	0.519885	2.510371	5.073795
17	85	2.043538	0.559154	2.900018	5.502711
17	86	2.043538	0.462365	1.939635	4.445539
17	87	2.043538	0.469909	2.014482	4.527929
17	88	2.043538	0.466785	1.983493	4.493817
17	89	2.043538	0.527778	2.588688	5.160004
17	90	2.043538	0.469909	2.014482	4.527929
17	91	2.043538	0.454465	1.861246	4.359250
17	92	2.043538	0.509981	2.412099	4.965619
17	93	2.043538	0.459916	1.915330	4.418785
17	94	2.043538	0.453942	1.856056	4.353537
17	95	2.043538	0.569810	3.005753	5.619102
17	96	2.043538	0.498086	2.294072	4.835696
17	97	2.043538	0.560230	2.910698	5.514466
17	98	2.043538	0.569810	3.005753	5.619102
17	99	2.043538	0.522667	2.537976	5.104181
18	0	2.067390	0.539089	2.700922	5.307401
18	1	2.067390	0.474482	2.430610	4.972482
18	2	2.067390	0.558138	2.889935	5.515462
18	3	2.067390	0.472594	2.041124	4.581107
18	4	2.067390	0.457077	1.887159	4.411626
18	5	2.067390	0.493898	2.252516	4.813804
18	6	2.067390	0.476852	2.083381	4.627623
18	7	2.067390	0.524787	2.559013	5.151190
18	8	2.067390	0.490381	2.217624	4.775396
18	9	2.067390	0.544449	2.754105	5.365944
18	10	2.067390	0.501062	2.323599	4.892050
18	11	2.067390	0.457077	1.887159	4.411626
18	12	2.067390	0.435989	1.677919	4.181298
18	13	2.067390	0.542889	2.738629	5.348908
18	14	2.067390	0.558138	2.889935	5.515462
18	15	2.067390	0.541321	2.723070	5.331781
18	16	2.067390	0.540212	2.712068	5.319670
18	17	2.067390	0.548074	2.790080	5.405544
18	18	2.067390	0.512124	2.433365	5.012879
18	19	2.067390	0.501149	2.324464	4.893003
18	20	2.067390	0.512984	2.441902	5.022277
18	21	2.067390	0.501149	2.324464	4.893003
18	22	2.067390	0.548063	2.789970	5.405422
18	23	2.067390	0.521530	2.526693	5.115613
18	24	2.067390	0.480933	2.123868	4.672191
18	25	2.067390	0.485251	2.166719	4.719360
18	26	2.067390	0.497661	2.289855	4.854905
18	27	2.067390	0.569616	3.003831	5.640837
18	28	2.067390	0.552295	2.831965	5.451650
18	29	2.067390	0.501149	2.324464	4.893003
18	30	2.067390	0.542889	2.738629	5.348908
18	31	2.067390	0.398305	1.303993	3.769688
18	32	2.067390	0.488125	2.671908	5.227423
18	33	2.067390	0.532935	2.639860	5.240185
18	34	2.067390	0.538095	2.691057	5.296542
18	35	2.067390	0.496761	2.651670	5.215821
18	36	2.067390	0.424894	2.203387	4.695670
18	37	2.067390	0.472594	2.041124	4.581107
18	38	2.067390	0.562276	2.931000	5.560666
18	39	2.067390	0.497018	2.283479	4.847887
18	40	2.067390	0.501062	2.323599	4.892050
18	41	2.067390	0.526597	2.576970	5.170957
18	42	2.067390	0.550491	2.814057	5.431938
18	43	2.067390	0.576823	3.128304	5.772517
18	44	2.067390	0.524787	2.559013	5.151190
18	45	2.067390	0.570688	3.014470	5.652548
18	46	2.067390	0.512124	2.433365	5.012879
18	47	2.067390	0.512984	2.441902	5.022277
18	48	2.067390	0.413048	2.085844	4.566282
18	49	2.067390	0.413085	1.450651	3.931126
18	50	2.067390	0.518380	2.495442	5.081212
18	51	2.067390	0.518380	2.495442	5.081212
18	52	2.067390	0.460017	2.393005	4.920412
18	53	2.067390	0.556593	2.874609	5.498592
18	54	2.067390	0.470663	2.021972	4.560025
18	55	2.067390	0.495522	2.268636	4.831548
18	56	2.067390	0.512041	2.432542	5.011973
18	57	2.067390	0.562276	2.931000	5.560666
18	58	2.067390	0.476702	2.081889	4.625981
18	59	2.067390	0.518380	2.495442	5.081212
18	60	2.067390	0.538971	2.699755	5.306116
18	61	2.067390	0.480933	2.123868	4.672191
18	62	2.067390	0.501062	2.323599	4.892050
18	63	2.067390	0.509989	2.412184	4.989563
18	64	2.067390	0.530694	2.670585	5.268669
18	65	2.067390	0.524787	2.559013	5.151190
18	66	2.067390	0.570688	3.014470	5.652548
18	67	2.067390	0.534532	2.655710	5.257632
18	68	2.067390	0.398305	1.303993	3.769688
18	69	2.067390	0.460017	2.393005	4.920412
18	70	2.067390	0.562560	2.933815	5.563765
18	71	2.067390	0.548074	2.790080	5.405544
18	72	2.067390	0.552295	2.831965	5.451650
18	73	2.067390	0.548074	2.790080	5.405544
18	74	2.067390	0.489633	2.210196	4.767219
18	75	2.067390	0.398305	1.303993	3.769688
18	76	2.067390	0.588544	3.191639	5.847573
18	77	2.067390	0.540212	2.712068	5.319670
18	78	2.067390	0.504330	2.356030	4.927750
18	79	2.067390	0.475990	2.074827	4.618207
18	80	2.067390	0.509989	2.412184	4.989563
18	81	2.067390	0.530694	2.670585	5.268669
18	82	2.067390	0.518380	2.495442	5.081212
18	83	2.067390	0.501149	2.324464	4.893003
18	84	2.067390	0.546962	2.779047	5.393399
18	85	2.067390	0.476852	2.083381	4.627623
18	86	2.067390	0.421151	1.530680	4.019220
18	87	2.067390	0.541321	2.723070	5.331781
18	88	2.067390	0.515965	2.471474	5.054829
18	89	2.067390	0.585967	3.166074	5.819431
18	90	2.067390	0.546962	2.779047	5.393399
18	91	2.067390	0.560626	2.914630	5.542646
18	92	2.067390	0.398305	1.303993	3.769688
18	93	2.067390	0.521530	2.526693	5.115613
18	94	2.067390	0.472594	2.041124	4.581107
18	95	2.067390	0.538095	2.691057	5.296542
18	96	2.067390	0.511783	2.429977	5.009150
18	97	2.067390	0.475990	2.074827	4.618207
18	98	2.067390	0.538971	2.699755	5.306116
18	99	2.067390	0.532935	2.639860	5.240185
19	0	2.025465	0.500639	2.319408	4.845513
19	1	2.025465	0.504925	2.361935	4.892326
19	2	2.025465	0.490928	2.223048	4.739441
19	3	2.025465	0.464169	1.957531	4.447165
19	4	2.025465	0.565408	2.962073	5.552946
19	5	2.025465	0.570966	3.017225	5.613656
19	6	2.025465	0.496251	2.275868	4.797584
19	7	2.025465	0.572341	3.030872	5.628678
19	8	2.025465	0.475311	2.068091	4.568867
19	9	2.025465	0.447346	1.790604	4.263415
19	10	2.025465	0.496251	2.275868	4.797584
19	11	2.025465	0.492150	2.235175	4.752790
19	12	2.025465	0.497825	2.291484	4.814774
19	13	2.025465	0.471289	2.345959	4.842713
19	14	2.025465	0.514092	2.452893	4.992450
19	15	2.025465	0.406562	1.385921	3.817947
19	16	2.025465	0.444326	1.760638	4.230429
19	17	2.025465	0.552235	2.990260	5.567960
19	18	2.025465	0.501209	2.536918	5.063592
19	19	2.025465	0.491396	2.227686	4.744546
19	20	2.025465	0.507191	2.384414	4.917070
19	21	2.025465	0.492150	2.235175	4.752790
19	22	2.025465	0.572341	3.030872	5.628678
19	23	2.025465	0.541523	2.725076	5.292064
19	24	2.025465	0.513205	2.444087	4.982756
19	25	2.025465	0.497700	2.290240	4.813404
19	26	2.025465	0.572341	3.030872	5.628678
19	27	2.025465	0.456507	1.881500	4.363472
19	28	2.025465	0.572341	3.030872	5.628678
19	29	2.025465	0.454461	1.861203	4.341129
19	30	2.025465	0.497633	2.289578	4.812676
19	31	2.025465	0.463896	1.954823	4.444184
19	32	2.025465	0.590566	3.264666	5.880696
19	33	2.025465	0.396390	2.026483	4.448338
19	34	2.025465	0.509044	2.402806	4.937315
19	35	2.025465	0.495959	2.272965	4.794388
19	36	2.025465	0.497700	2.290240	4.813404
19	37	2.025465	0.473279	2.047930	4.546674
19	38	2.025465	0.475311	2.068091	4.568867
19	39	2.025465	0.461073	1.926812	4.413351
19	40	2.025465	0.560017	2.961547	5.547029
19	41	2.025465	0.491396	2.227686	4.744546
19	42	2.025465	0.501834	2.649043	5.176342
19	43	2.025465	0.531107	2.621720	5.178291
19	44	2.025465	0.541523	2.725076	5.292064
19	45	2.025465	0.461073	1.926812	4.413351
19	46	2.025465	0.491396	2.227686	4.744546
19	47	2.025465	0.423799	1.556955	4.006218
19	48	2.025465	0.447346	1.790604	4.263415
19	49	2.025465	0.461073	1.926812	4.413351
19	50	2.025465	0.508165	2.394084	4.927714
19	51	2.025465	0.475047	2.065469	4.565981
19	52	2.025465	0.464958	1.965361	4.455784
19	53	2.025465	0.500639	2.319408	4.845513
19	54	2.025465	0.508746	2.399843	4.934054
19	55	2.025465	0.508165	2.394084	4.927714
19	56	2.025465	0.565408	2.962073	5.552946
19	57	2.025465	0.554719	2.856010	5.436194
19	58	2.025465	0.461073	1.926812	4.413351
19	59	2.025465	0.514079	2.558694	5.098238
19	60	2.025465	0.506048	2.373077	4.904591
19	61	2.025465	0.406562	1.385921	3.817947
19	62	2.025465	0.490810	2.221875	4.738149
19	63	2.025465	0.475364	2.068615	4.569444
19	64	2.025465	0.475364	2.068615	4.569444
19	65	2.025465	0.456507	1.881500	4.363472
19	66	2.025465	0.428093	1.599567	4.053125
19	67	2.025465	0.504925	2.361935	4.892326
19	68	2.025465	0.435078	2.092588	4.553131
19	69	2.025465	0.406562	1.385921	3.817947
19	70	2.025465	0.464991	1.965688	4.456144
19	71	2.025465	0.492150	2.235175	4.752790
19	72	2.025465	0.422651	1.545568	3.993684
19	73	2.025465	0.565484	2.962826	5.553775
19	74	2.025465	0.504759	2.360284	4.890508
19	75	2.025465	0.470581	2.021158	4.517204
19	76	2.025465	0.528340	2.594268	5.148073
19	77	2.025465	0.508165	2.394084	4.927714
19	78	2.025465	0.485878	2.437758	4.949101
19	79	2.025465	0.473279	2.047930	4.546674
19	80	2.025465	0.497825	2.291484	4.814774
19	81	2.025465	0.535866	2.668948	5.230279
19	82	2.025465	0.509044	2.402806	4.937315
19	83	2.025465	0.544999	2.759569	5.330033
19	84	2.025465	0.506048	2.373077	4.904591
19	85	2.025465	0.540856	2.718453	5.284774
19	86	2.025465	0.404522	1.365679	3.795666
19	87	2.025465	0.535866	2.668948	5.230279
19	88	2.025465	0.504759	2.360284	4.890508
19	89	2.025465	0.526144	2.572478	5.124087
19	90	2.025465	0.499567	2.308764	4.833795
19	91	2.025465	0.508746	2.399843	4.934054
19	92	2.025465	0.470581	2.021158	4.517204
19	93	2.025465	0.478817	2.102877	4.607159
19	94	2.025465	0.515005	2.461950	5.002420
19	95	2.025465	0.526144	2.572478	5.124087
19	96	2.025465	0.491396	2.227686	4.744546
19	97	2.025465	0.489184	2.205745	4.720395
19	98	2.025465	0.530754	2.618216	5.174434
19	99	2.025465	0.541523	2.725076	5.292064
20	0	2.116637	0.565438	2.962374	5.644448
20	1	2.116637	0.469339	2.008829	4.594804
20	2	2.116637	0.442164	1.739182	4.297982
20	3	2.116637	0.464173	1.957569	4.538379
20	4	2.116637	0.502672	2.339581	4.958890
20	5	2.116637	0.510461	2.416861	5.043959
20	6	2.116637	0.544019	2.855772	5.516428
20	7	2.116637	0.453217	1.848864	4.418718
20	8	2.116637	0.465669	1.972412	4.554717
20	9	2.116637	0.487030	2.184365	4.788031
20	10	2.116637	0.464007	1.955923	4.536566
20	11	2.116637	0.502672	2.339581	4.958890
20	12	2.116637	0.466037	1.976062	4.558735
20	13	2.116637	0.494859	2.262050	4.873546
20	14	2.116637	0.465045	1.966218	4.547899
20	15	2.116637	0.467779	1.993354	4.577770
20	16	2.116637	0.406135	1.381687	3.904458
20	17	2.116637	0.543815	2.747815	5.408266
20	18	2.116637	0.456791	1.884323	4.457751
20	19	2.116637	0.568385	2.991609	5.676630
20	20	2.116637	0.536410	2.674337	5.327383
20	21	2.116637	0.538769	2.697753	5.353159
20	22	2.116637	0.553582	2.844729	5.514948
20	23	2.116637	0.526583	2.788690	5.431910
20	24	2.116637	0.414488	1.464573	3.995697
20	25	2.116637	0.469339	2.008829	4.594804
20	26	2.116637	0.516127	2.473086	5.105850
20	27	2.116637	0.515127	2.463159	5.094923
20	28	2.116637	0.565256	2.960563	5.642455
20	29	2.116637	0.493485	2.248421	4.858543
20	30	2.116637	0.450459	1.821491	4.388586
20	31	2.116637	0.468993	2.005395	4.591024
20	32	2.116637	0.523266	2.543924	5.183826
20	33	2.116637	0.493485	2.248421	4.858543
20	34	2.116637	0.515127	2.463159	5.094923
20	35	2.116637	0.545410	2.763642	5.425688
20	36	2.116637	0.522005	2.531408	5.170049
20	37	2.116637	0.467001	1.985631	4.569268
20	38	2.116637	0.514660	2.458531	5.089828
20	39	2.116637	0.538769	2.697753	5.353159
20	40	2.116637	0.466037	1.976062	4.558735
20	41	2.116637	0.473253	2.047664	4.637553
20	42	2.116637	0.545410	2.763642	5.425688
20	43	2.116637	0.454886	1.865416	4.436939
20	44	2.116637	0.416394	1.483488	4.016519
20	45	2.116637	0.484590	2.160154	4.761380
20	46	2.116637	0.464007	1.955923	4.536566
20	47	2.116637	0.465045	1.966218	4.547899
20	48	2.116637	0.462123	1.937233	4.515993
20	49	2.116637	0.528947	2.600290	5.245873
20	50	2.116637	0.414488	1.464573	3.995697
20	51	2.116637	0.467779	1.993354	4.577770
20	52	2.116637	0.479210	2.106773	4.702619
20	53	2.116637	0.561505	2.923348	5.601489
20	54	2.116637	0.464007	1.955923	4.536566
20	55	2.116637	0.416394	1.483488	4.016519
20	56	2.116637	0.493485	2.248421	4.858543
20	57	2.116637	0.517079	2.482534	5.116250
20	58	2.116637	0.585198	3.211408	5.913243
20	59	2.116637	0.443881	1.756223	4.316740
20	60	2.116637	0.450459	1.821491	4.388586
20	61	2.116637	0.526625	2.577247	5.220508
20	62	2.116637	0.536338	2.673630	5.326605
20	63	2.116637	0.516765	2.479418	5.112820
20	64	2.116637	0.516127	2.473086	5.105850
20	65	2.116637	0.494859	2.262050	4.873546
20	66	2.116637	0.464173	1.957569	4.538379
20	67	2.116637	0.506179	2.639193	5.262008
20	68	2.116637	0.453217	1.848864	4.418718
20	69	2.116637	0.473253	2.047664	4.637553
20	70	2.116637	0.465045	1.966218	4.547899
20	71	2.116637	0.552719	2.836169	5.505524
20	72	2.116637	0.515127	2.463159	5.094923
20	73	2.116637	0.516765	2.479418	5.112820
20	74	2.116637	0.493485	2.248421	4.858543
20	75	2.116637	0.597921	3.337647	6.052204
20	76	2.116637	0.522005	2.531408	5.170049
20	77	2.116637	0.513199	2.444030	5.073866
20	78	2.116637	0.468993	2.005395	4.591024
20	79	2.116637	0.501342	2.326376	4.944354
20	80	2.116637	0.557560	2.884200	5.558396
20	81	2.116637	0.490189	2.321639	4.928464
20	82	2.116637	0.501560	2.328546	4.946743
20	83	2.116637	0.429872	1.617216	4.163724
20	84	2.116637	0.519795	2.509479	5.145910
20	85	2.116637	0.506179	2.639193	5.262008
20	86	2.116637	0.543815	2.747815	5.408266
20	87	2.116637	0.519795	2.509479	5.145910
20	88	2.116637	0.454886	1.865416	4.436939
20	89	2.116637	0.463822	1.954090	4.534549
20	90	2.116637	0.493285	2.405327	5.015249
20	91	2.116637	0.542479	2.787522	5.446637
20	92	2.116637	0.567446	2.982299	5.666382
20	93	2.116637	0.494859	2.262050	4.873546
20	94	2.116637	0.508234	2.394767	5.019638
20	95	2.116637	0.513199	2.444030	5.073866
20	96	2.116637	0.493285	2.405327	5.015249
20	97	2.116637	0.467001	1.985631	4.569268
20	98	2.116637	0.508234	2.394767	5.019638
20	99	2.116637	0.462123	1.937233	4.515993
21	0	2.091248	0.496612	2.279448	4.867308
21	1	2.091248	0.533589	2.646346	5.271183
21	2	2.091248	0.449373	1.810714	4.351335
21	3	2.091248	0.415298	1.472607	3.979153
21	4	2.091248	0.462937	1.945309	4.499494
21	5	2.091248	0.473363	2.048754	4.613364
21	6	2.091248	0.474555	2.060590	4.626393
21	7	2.091248	0.505326	2.365908	4.962482
21	8	2.091248	0.592880	3.287634	5.971762
21	9	2.091248	0.592880	3.287634	5.971762
21	10	2.091248	0.430903	1.627446	4.149597
21	11	2.091248	0.493170	2.245296	4.829714
21	12	2.091248	0.498102	2.294229	4.883578
21	13	2.091248	0.418756	1.506919	4.016923
21	14	2.091248	0.496612	2.279448	4.867308
21	15	2.091248	0.430903	1.627446	4.149597
21	16	2.091248	0.494093	2.254451	4.839792
21	17	2.091248	0.451148	1.828326	4.370722
21	18	2.091248	0.524625	2.663330	5.279202
21	19	2.091248	0.455229	1.868819	4.415295
21	20	2.091248	0.463565	1.951537	4.506350
21	21	2.091248	0.449373	1.810714	4.351335
21	22	2.091248	0.473363	2.048754	4.613364
21	23	2.091248	0.507796	2.390416	4.989460
21	24	2.091248	0.446757	1.784761	4.322766
21	25	2.091248	0.506732	2.379866	4.977847
21	26	2.091248	0.478028	2.095043	4.664319
21	27	2.091248	0.451569	1.832511	4.375328
21	28	2.091248	0.423946	1.558422	4.073617
21	29	2.091248	0.556009	2.974740	5.621997
21	30	2.091248	0.418756	1.506919	4.016923
21	31	2.091248	0.553961	2.848489	5.493698
21	32	2.091248	0.479893	2.113556	4.684697
21	33	2.091248	0.523458	2.545826	5.160532
21	34	2.091248	0.514827	2.460185	5.066259
21	35	2.091248	0.474555	2.060590	4.626393
21	36	2.091248	0.462653	1.942493	4.496394
21	37	2.091248	0.523458	2.545826	5.160532
21	38	2.091248	0.488311	2.197081	4.776640
21	39	2.091248	0.462653	1.942493	4.496394
21	40	2.091248	0.515914	2.470968	5.078129
21	41	2.091248	0.529532	2.606095	5.226874
21	42	2.091248	0.544137	2.751016	5.386401
21	43	2.091248	0.430925	1.627664	4.149837
21	44	2.091248	0.478028	2.095043	4.664319
21	45	2.091248	0.452858	1.845293	4.389398
21	46	2.091248	0.454645	1.863032	4.408926
21	47	2.091248	0.496776	2.281071	4.869095
21	48	2.091248	0.476959	2.084437	4.652644
21	49	2.091248	0.567096	2.978822	5.637166
21	50	2.091248	0.475946	2.074392	4.641586
21	51	2.091248	0.497584	2.606878	5.195710
21	52	2.091248	0.452858	1.845293	4.389398
21	53	2.091248	0.508369	2.396105	4.995722
21	54	2.091248	0.569802	3.005676	5.666726
21	55	2.091248	0.521513	2.685421	5.298182
21	56	2.091248	0.476959	2.084437	4.652644
21	57	2.091248	0.489207	2.205975	4.786431
21	58	2.091248	0.457946	1.895785	4.444979
21	59	2.091248	0.553961	2.848489	5.493698
21	60	2.091248	0.505326	2.365908	4.962482
21	61	2.091248	0.566107	2.969012	5.626367
21	62	2.091248	0.463565	1.951537	4.506350
21	63	2.091248	0.515914	2.470968	5.078129
21	64	2.091248	0.393143	1.252779	3.737171
21	65	2.091248	0.496612	2.279448	4.867308
21	66	2.091248	0.573980	3.047127	5.712355
21	67	2.091248	0.446757	1.784761	4.322766
21	68	2.091248	0.423946	1.558422	4.073617
21	69	2.091248	0.514827	2.460185	5.066259
21	70	2.091248	0.579179	3.098722	5.769149
21	71	2.091248	0.508369	2.396105	4.995722
21	72	2.091248	0.531284	2.623480	5.246012
21	73	2.091248	0.507993	2.392372	4.991612
21	74	2.091248	0.454645	1.863032	4.408926
21	75	2.091248	0.446757	1.784761	4.322766
21	76	2.091248	0.463565	1.951537	4.506350
21	77	2.091248	0.507796	2.390416	4.989460
21	78	2.091248	0.494093	2.254451	4.839792
21	79	2.091248	0.533063	2.747061	5.371372
21	80	2.091248	0.462937	1.945309	4.499494
21	81	2.091248	0.493170	2.245296	4.829714
21	82	2.091248	0.513038	2.442438	5.046725
21	83	2.091248	0.498102	2.294229	4.883578
21	84	2.091248	0.478028	2.095043	4.664319
21	85	2.091248	0.411092	1.430872	3.933212
21	86	2.091248	0.599249	3.297861	5.988358
21	87	2.091248	0.542440	2.734172	5.367860
21	88	2.091248	0.506732	2.379866	4.977847
21	89	2.091248	0.514827	2.460185	5.066259
21	90	2.091248	0.528070	2.591592	5.210910
21	91	2.091248	0.507796	2.390416	4.989460
21	92	2.091248	0.405467	2.010627	4.507343
21	93	2.091248	0.451569	1.832511	4.375328
21	94	2.091248	0.524625	2.663330	5.279202
21	95	2.091248	0.531611	2.626722	5.249581
21	96	2.091248	0.533801	2.648453	5.273502
21	97	2.091248	0.469441	2.009840	4.570528
21	98	2.091248	0.371498	1.885420	4.348165
21	99	2.091248	0.469441	2.009840	4.570528
22	0	2.168434	0.548027	2.789611	5.506072
22	1	2.168434	0.553006	2.839020	5.560460
22	2	2.168434	0.509025	2.402614	5.080072
22	3	2.168434	0.543271	2.742423	5.454129
22	4	2.168434	0.518998	2.501569	5.189001
22	5	2.168434	0.551476	2.823837	5.543747
22	6	2.168434	0.496488	2.278217	4.943139
22	7	2.168434	0.475887	2.073805	4.718127
22	8	2.168434	0.527032	2.581292	5.276759
22	9	2.168434	0.446211	1.779343	4.393988
22	10	2.168434	0.445459	1.771878	4.385771
22	11	2.168434	0.437967	1.697540	4.303941
22	12	2.168434	0.457009	1.886489	4.511932
22	13	2.168434	0.514523	2.457171	5.140129
22	14	2.168434	0.443582	2.335857	4.947873
22	15	2.168434	0.398392	1.304857	3.871683
22	16	2.168434	0.472833	2.043501	4.684768
22	17	2.168434	0.445574	1.773020	4.387028
22	18	2.168434	0.551118	2.820282	5.539834
22	19	2.168434	0.496488	2.278217	4.943139
22	20	2.168434	0.390066	1.222243	3.780742
22	21	2.168434	0.467592	1.991496	4.627522
22	22	2.168434	0.398392	1.304857	3.871683
22	23	2.168434	0.505772	2.370341	5.044547
22	24	2.168434	0.582204	3.128728	5.879366
22	25	2.168434	0.440844	1.726093	4.335371
22	26	2.168434	0.467592	1.991496	4.627522
22	27	2.168434	0.415466	1.474279	4.058179
22	28	2.168434	0.457471	1.891072	4.516978
22	29	2.168434	0.426863	1.587366	4.182664
22	30	2.168434	0.517327	2.537950	5.223710
22	31	2.168434	0.543106	2.740784	5.452324
22	32	2.168434	0.449545	1.812422	4.430401
22	33	2.168434	0.483834	2.523399	5.175667
22	34	2.168434	0.500690	2.319910	4.989034
22	35	2.168434	0.561741	2.978652	5.708827
22	36	2.168434	0.398392	1.304857	3.871683
22	37	2.168434	0.576085	3.120984	5.865504
22	38	2.168434	0.445459	1.771878	4.385771
22	39	2.168434	0.513593	2.447938	5.129964
22	40	2.168434	0.499334	2.306457	4.974226
22	41	2.168434	0.518998	2.501569	5.189001
22	42	2.168434	0.481144	2.125967	4.775545
22	43	2.168434	0.439035	1.708139	4.315608
22	44	2.168434	0.482103	2.135477	4.786014
22	45	2.168434	0.507444	2.386923	5.062801
22	46	2.168434	0.518317	2.494814	5.181565
22	47	2.168434	0.527268	2.583634	5.279336
22	48	2.168434	0.457009	1.886489	4.511932
22	49	2.168434	0.463100	1.946925	4.578459
22	50	2.168434	0.470841	2.023733	4.663008
22	51	2.168434	0.479365	2.108312	4.756111
22	52	2.168434	0.408346	1.403622	3.980402
22	53	2.168434	0.457471	1.891072	4.516978
22	54	2.168434	0.518998	2.501569	5.189001
22	55	2.168434	0.576085	3.120984	5.865504
22	56	2.168434	0.527268	2.583634	5.279336
22	57	2.168434	0.440844	1.726093	4.335371
22	58	2.168434	0.455548	1.871990	4.495972
22	59	2.168434	0.446211	1.779343	4.393988
22	60	2.168434	0.521128	2.522707	5.212269
22	61	2.168434	0.515244	2.464325	5.148003
22	62	2.168434	0.576085	3.120984	5.865504
22	63	2.168434	0.486810	2.182187	4.837431
22	64	2.168434	0.554950	2.858307	5.581691
22	65	2.168434	0.450799	1.824867	4.444100
22	66	2.168434	0.543307	2.795745	5.507486
22	67	2.168434	0.528799	2.598819	5.296051
22	68	2.168434	0.442217	1.739712	4.350363
22	69	2.168434	0.460198	1.918132	4.546764
22	70	2.168434	0.415466	1.474279	4.058179
22	71	2.168434	0.546995	2.779367	5.494796
22	72	2.168434	0.472833	2.043501	4.684768
22	73	2.168434	0.515244	2.464325	5.148003
22	74	2.168434	0.519885	2.563334	5.251653
22	75	2.168434	0.505772	2.370341	5.044547
22	76	2.168434	0.433578	1.653996	4.256008
22	77	2.168434	0.553006	2.839020	5.560460
22	78	2.168434	0.543283	2.742542	5.454260
22	79	2.168434	0.522941	2.540695	5.232070
22	80	2.168434	0.551070	2.819810	5.539314
22	81	2.168434	0.437967	1.697540	4.303941
22	82	2.168434	0.504405	2.356772	5.029611
22	83	2.168434	0.460198	1.918132	4.546764
22	84	2.168434	0.470841	2.023733	4.663008
22	85	2.168434	0.445574	1.773020	4.387028
22	86	2.168434	0.450799	1.824867	4.444100
22	87	2.168434	0.553006	2.839020	5.560460
22	88	2.168434	0.556459	2.873275	5.598168
22	89	2.168434	0.495890	2.272286	4.936611
22	90	2.168434	0.442217	1.739712	4.350363
22	91	2.168434	0.460198	1.918132	4.546764
22	92	2.168434	0.551476	2.823837	5.543747
22	93	2.168434	0.518998	2.501569	5.189001
22	94	2.168434	0.533415	2.750548	5.452397
22	95	2.168434	0.437967	1.697540	4.303941
22	96	2.168434	0.518998	2.501569	5.189001
22	97	2.168434	0.446211	1.779343	4.393988
22	98	2.168434	0.512768	2.439751	5.120953
22	99	2.168434	0.445574	1.773020	4.387028
23	0	2.138487	0.454282	1.859428	4.452197
23	1	2.138487	0.536944	2.891498	5.566930
23	2	2.138487	0.502091	2.333816	4.974395
23	3	2.138487	0.446401	2.099013	4.683902
23	4	2.138487	0.510640	2.418642	5.067769
23	5	2.138487	0.603390	3.338955	6.080833
23	6	2.138487	0.540461	2.714534	5.393481
23	7	2.138487	0.500539	2.318408	4.957434
23	8	2.138487	0.437280	1.690726	4.266494
23	9	2.138487	0.458240	1.898705	4.495433
23	10	2.138487	0.492305	2.236707	4.867499
23	11	2.138487	0.458361	1.899899	4.496748
23	12	2.138487	0.500652	2.319538	4.958678
23	13	2.138487	0.399094	1.311828	3.849409
23	14	2.138487	0.483083	2.145201	4.766771
23	15	2.138487	0.433900	2.080892	4.653279
23	16	2.138487	0.503181	2.344630	4.986298
23	17	2.138487	0.445974	1.776991	4.361452
23	18	2.138487	0.516116	2.472975	5.127578
23	19	2.138487	0.514196	2.453928	5.106612
23	20	2.138487	0.467162	1.987232	4.592882
23	21	2.138487	0.474475	2.059791	4.672753
23	22	2.138487	0.580733	3.167102	5.886323
23	23	2.138487	0.410452	2.060087	4.609027
23	24	2.138487	0.405804	1.378406	3.922697
23	25	2.138487	0.391583	1.237296	3.767367
23	26	2.138487	0.458240	1.898705	4.495433
23	27	2.138487	0.467470	1.990288	4.596246
23	28	2.138487	0.399094	1.311828	3.849409
23	29	2.138487	0.552506	2.834054	5.525048
23	30	2.138487	0.530477	2.615473	5.284437
23	31	2.138487	0.500652	2.319538	4.958678
23	32	2.138487	0.530477	2.615473	5.284437
23	33	2.138487	0.507916	2.391609	5.038013
23	34	2.138487	0.492336	2.237020	4.867844
23	35	2.138487	0.459578	1.911978	4.510043
23	36	2.138487	0.470781	2.023143	4.632412
23	37	2.138487	0.546184	2.771327	5.455999
23	38	2.138487	0.513982	2.451799	5.104268
23	39	2.138487	0.513574	2.447751	5.099813
23	40	2.138487	0.502310	2.335982	4.976779
23	41	2.138487	0.502091	2.333816	4.974395
23	42	2.138487	0.530446	2.615168	5.284102
23	43	2.138487	0.566834	2.976223	5.681544
23	44	2.138487	0.566834	2.976223	5.681544
23	45	2.138487	0.458240	1.898705	4.495433
23	46	2.138487	0.531524	2.625864	5.295875
23	47	2.138487	0.459803	1.914212	4.512503
23	48	2.138487	0.428251	1.601135	4.167874
23	49	2.138487	0.536944	2.891498	5.566930
23	50	2.138487	0.457290	1.889279	4.485057
23	51	2.138487	0.455308	1.869612	4.463408
23	52	2.138487	0.502310	2.335982	4.976779
23	53	2.138487	0.513982	2.451799	5.104268
23	54	2.138487	0.584790	3.154388	5.877665
23	55	2.138487	0.495159	2.265028	4.898675
23	56	2.138487	0.515065	2.462548	5.116101
23	57	2.138487	0.445974	1.776991	4.361452
23	58	2.138487	0.487089	2.184952	4.810528
23	59	2.138487	0.534639	2.709732	5.382858
23	60	2.138487	0.487089	2.184952	4.810528
23	61	2.138487	0.420723	1.526438	4.085649
23	62	2.138487	0.437280	1.690726	4.266494
23	63	2.138487	0.421460	1.533748	4.093695
23	64	2.138487	0.495159	2.265028	4.898675
23	65	2.138487	0.510640	2.418642	5.067769
23	66	2.138487	0.487089	2.184952	4.810528
23	67	2.138487	0.537038	2.680577	5.356103
23	68	2.138487	0.545555	2.765086	5.449129
23	69	2.138487	0.564409	2.952164	5.655060
23	70	2.138487	0.459803	1.914212	4.512503
23	71	2.138487	0.459803	1.914212	4.512503
23	72	2.138487	0.549384	2.803078	5.490950
23	73	2.138487	0.544670	3.021125	5.704283
23	74	2.138487	0.500652	2.319538	4.958678
23	75	2.138487	0.534017	2.650602	5.323107
23	76	2.138487	0.514196	2.453928	5.106612
23	77	2.138487	0.454282	1.859428	4.452197
23	78	2.138487	0.492336	2.237020	4.867844
23	79	2.138487	0.492394	2.608338	5.239220
23	80	2.138487	0.457909	1.895416	4.491812
23	81	2.138487	0.431909	1.637432	4.207828
23	82	2.138487	0.500539	2.318408	4.957434
23	83	2.138487	0.534017	2.650602	5.323107
23	84	2.138487	0.445974	1.776991	4.361452
23	85	2.138487	0.408262	2.091321	4.638070
23	86	2.138487	0.499291	2.306026	4.943804
23	87	2.138487	0.487089	2.184952	4.810528
23	88	2.138487	0.503181	2.344630	4.986298
23	89	2.138487	0.487089	2.184952	4.810528
23	90	2.138487	0.479760	2.112235	4.730483
23	91	2.138487	0.420723	1.526438	4.085649
23	92	2.138487	0.470781	2.023143	4.632412
23	93	2.138487	0.454282	1.859428	4.452197
23	94	2.138487	0.470781	2.023143	4.632412
23	95	2.138487	0.515065	2.462548	5.116101
23	96	2.138487	0.537150	2.681680	5.357317
23	97	2.138487	0.541014	2.720025	5.399526
23	98	2.138487	0.476960	2.084449	4.699897
23	99	2.138487	0.513982	2.451799	5.104268
24	0	2.178446	0.515919	2.682879	5.377244
24	1	2.178446	0.489300	2.206892	4.874638
24	2	2.178446	0.590191	3.207979	5.976616
24	3	2.178446	0.467537	1.990950	4.636934
24	4	2.178446	0.485753	2.171699	4.835899
24	5	2.178446	0.508067	2.393107	5.079620
24	6	2.178446	0.531719	2.627797	5.337962
24	7	2.178446	0.524855	2.559692	5.262994
24	8	2.178446	0.531719	2.627797	5.337962
24	9	2.178446	0.514411	2.456054	5.148911
24	10	2.178446	0.463777	1.953638	4.595861
24	11	2.178446	0.414809	1.467758	4.061013
24	12	2.178446	0.467978	1.995327	4.641752
24	13	2.178446	0.467978	1.995327	4.641752
24	14	2.178446	0.590191	3.207979	5.976616
24	15	2.178446	0.472529	2.040482	4.691457
24	16	2.178446	0.485609	2.170271	4.834327
24	17	2.178446	0.491791	2.231607	4.901844
24	18	2.178446	0.534665	2.657026	5.370137
24	19	2.178446	0.554259	2.851446	5.584151
24	20	2.178446	0.438668	1.704494	4.321609
24	21	2.178446	0.438668	1.704494	4.321609
24	22	2.178446	0.505298	2.577486	5.261230
24	23	2.178446	0.524855	2.559692	5.262994
24	24	2.178446	0.450794	1.824815	4.454055
24	25	2.178446	0.442898	1.746474	4.367818
24	26	2.178446	0.494637	2.259852	4.932936
24	27	2.178446	0.539083	2.700861	5.418390
24	28	2.178446	0.546563	2.775081	5.500090
24	29	2.178446	0.499473	2.307830	4.985749
24	30	2.178446	0.522533	2.536650	5.237629
24	31	2.178446	0.542435	2.734120	5.455001
24	32	2.178446	0.514411	2.456054	5.148911
24	33	2.178446	0.562278	2.931017	5.671741
24	34	2.178446	0.460594	2.451691	5.090731
24	35	2.178446	0.491791	2.231607	4.901844
24	36	2.178446	0.428490	1.603506	4.210443
24	37	2.178446	0.489300	2.206892	4.874638
24	38	2.178446	0.485753	2.171699	4.835899
24	39	2.178446	0.514411	2.456054	5.148911
24	40	2.178446	0.491791	2.231607	4.901844
24	41	2.178446	0.539083	2.700861	5.418390
24	42	2.178446	0.460015	1.916318	4.554780
24	43	2.178446	0.450794	1.824815	4.454055
24	44	2.178446	0.462543	1.941400	4.582390
24	45	2.178446	0.485753	2.171699	4.835899
24	46	2.178446	0.544253	2.752163	5.474862
24	47	2.178446	0.562649	2.934695	5.675790
24	48	2.178446	0.472529	2.040482	4.691457
24	49	2.178446	0.543792	2.747587	5.469825
24	50	2.178446	0.489300	2.206892	4.874638
24	51	2.178446	0.444386	1.761234	4.384067
24	52	2.178446	0.406770	1.387987	3.973203
24	53	2.178446	0.467978	1.995327	4.641752
24	54	2.178446	0.562649	2.934695	5.675790
24	55	2.178446	0.414809	1.467758	4.061013
24	56	2.178446	0.532699	2.637523	5.348669
24	57	2.178446	0.489300	2.206892	4.874638
24	58	2.178446	0.491501	2.228732	4.898679
24	59	2.178446	0.467978	1.995327	4.641752
24	60	2.178446	0.455759	2.297793	4.931998
24	61	2.178446	0.532699	2.637523	5.348669
24	62	2.178446	0.509147	2.615682	5.303275
24	63	2.178446	0.428490	1.603506	4.210443
24	64	2.178446	0.515637	2.468225	5.162308
24	65	2.178446	0.533263	2.643121	5.354831
24	66	2.178446	0.442898	1.746474	4.367818
24	67	2.178446	0.493329	2.617619	5.289394
24	68	2.178446	0.491791	2.231607	4.901844
24	69	2.178446	0.453238	2.166854	4.798539
24	70	2.178446	0.466003	1.975732	4.620181
24	71	2.178446	0.467978	1.995327	4.641752
24	72	2.178446	0.406770	1.387987	3.973203
24	73	2.178446	0.580300	3.109845	5.868592
24	74	2.178446	0.406770	1.387987	3.973203
24	75	2.178446	0.463777	1.953638	4.595861
24	76	2.178446	0.460015	1.916318	4.554780
24	77	2.178446	0.454135	1.857966	4.490548
24	78	2.178446	0.444386	1.761234	4.384067
24	79	2.178446	0.570221	3.009829	5.758496
24	80	2.178446	0.491501	2.228732	4.898679
24	81	2.178446	0.524855	2.559692	5.262994
24	82	2.178446	0.426029	1.579089	4.183565
24	83	2.178446	0.393221	1.253549	3.825217
24	84	2.178446	0.561937	2.927637	5.668021
24	85	2.178446	0.465909	1.974801	4.619157
24	86	2.178446	0.478099	2.095751	4.752297
24	87	2.178446	0.494637	2.259852	4.932936
24	88	2.178446	0.543792	2.747587	5.469825
24	89	2.178446	0.455759	2.297793	4.931998
24	90	2.178446	0.489300	2.206892	4.874638
24	91	2.178446	0.509742	2.621582	5.309770
24	92	2.178446	0.488010	2.194089	4.860545
24	93	2.178446	0.562649	2.934695	5.675790
24	94	2.178446	0.485753	2.171699	4.835899
24	95	2.178446	0.485753	2.171699	4.835899
24	96	2.178446	0.465909	1.974801	4.619157
24	97	2.178446	0.467537	1.990950	4.636934
24	98	2.178446	0.491501	2.228732	4.898679
24	99	2.178446	0.543792	2.747587	5.469825
25	0	2.077284	0.459367	1.909879	4.446530
25	1	2.077284	0.452938	1.846094	4.376317
25	2	2.077284	0.524016	2.551358	5.152657
25	3	2.077284	0.390928	1.230799	3.699011
25	4	2.077284	0.536231	2.672562	5.286077
25	5	2.077284	0.438886	1.706658	4.222827
25	6	2.077284	0.532674	2.637272	5.247229
25	7	2.077284	0.539508	2.705087	5.321879
25	8	2.077284	0.501821	2.331134	4.910239
25	9	2.077284	0.544160	2.751246	5.372690
25	10	2.077284	0.439011	1.707901	4.224196
25	11	2.077284	0.542501	2.734778	5.354563
25	12	2.077284	0.502441	2.337281	4.917005
25	13	2.077284	0.530270	2.613422	5.220977
25	14	2.077284	0.498959	2.302731	4.878973
25	15	2.077284	0.438886	1.706658	4.222827
25	16	2.077284	0.495530	2.268710	4.841524
25	17	2.077284	0.439011	1.707901	4.224196
25	18	2.077284	0.406948	1.389758	3.873990
25	19	2.077284	0.501821	2.331134	4.910239
25	20	2.077284	0.519682	2.720209	5.317174
25	21	2.077284	0.513600	2.448013	5.038897
25	22	2.077284	0.530270	2.613422	5.220977
25	23	2.077284	0.431043	1.628839	4.137166
25	24	2.077284	0.558678	3.001227	5.637189
25	25	2.077284	0.448870	1.805730	4.331885
25	26	2.077284	0.512742	2.439494	5.029520
25	27	2.077284	0.390928	1.230799	3.699011
25	28	2.077284	0.558678	3.001227	5.637189
25	29	2.077284	0.553704	2.845939	5.476926
25	30	2.077284	0.501308	2.326045	4.904637
25	31	2.077284	0.588707	3.193261	5.859251
25	32	2.077284	0.512742	2.439494	5.029520
25	33	2.077284	0.504007	2.352823	4.934113
25	34	2.077284	0.406948	1.389758	3.873990
25	35	2.077284	0.474005	2.055128	4.606417
25	36	2.077284	0.543903	2.748695	5.369882
25	37	2.077284	0.475891	2.073845	4.627020
25	38	2.077284	0.543630	2.957837	5.578750
25	39	2.077284	0.543462	2.744314	5.365060
25	40	2.077284	0.455384	1.870362	4.403030
25	41	2.077284	0.501817	2.331097	4.910198
25	42	2.077284	0.489099	2.204895	4.771277
25	43	2.077284	0.505308	2.365730	4.948322
25	44	2.077284	0.485589	2.170070	4.732942
25	45	2.077284	0.511354	2.425725	5.014363
25	46	2.077284	0.518536	2.496984	5.092804
25	47	2.077284	0.525913	2.570182	5.173378
25	48	2.077284	0.520918	2.520627	5.118829
25	49	2.077284	0.413464	1.454406	3.945154
25	50	2.077284	0.469261	2.008053	4.554598
25	51	2.077284	0.525913	2.570182	5.173378
25	52	2.077284	0.439011	1.707901	4.224196
25	53	2.077284	0.489517	2.209047	4.775848
25	54	2.077284	0.469261	2.008053	4.554598
25	55	2.077284	0.542501	2.734778	5.354563
25	56	2.077284	0.469563	2.011055	4.557902
25	57	2.077284	0.455384	1.870362	4.403030
25	58	2.077284	0.570761	3.015194	5.663239
25	59	2.077284	0.501308	2.326045	4.904637
25	60	2.077284	0.520918	2.520627	5.118829
25	61	2.077284	0.502441	2.337281	4.917005
25	62	2.077284	0.523302	2.544283	5.144869
25	63	2.077284	0.498191	2.295115	4.870590
25	64	2.077284	0.565013	2.958154	5.600450
25	65	2.077284	0.543462	2.744314	5.365060
25	66	2.077284	0.500155	2.314604	4.892043
25	67	2.077284	0.525913	2.570182	5.173378
25	68	2.077284	0.476416	2.079054	4.632754
25	69	2.077284	0.539508	2.705087	5.321879
25	70	2.077284	0.514523	2.669025	5.260832
25	71	2.077284	0.473750	2.052600	4.603634
25	72	2.077284	0.536820	2.678414	5.292519
25	73	2.077284	0.500155	2.314604	4.892043
25	74	2.077284	0.524262	2.553806	5.155352
25	75	2.077284	0.516594	2.689575	5.283453
25	76	2.077284	0.523302	2.544283	5.144869
25	77	2.077284	0.548846	2.797738	5.423867
25	78	2.077284	0.448870	1.805730	4.331885
25	79	2.077284	0.406948	1.389758	3.873990
25	80	2.077284	0.431043	1.628839	4.137166
25	81	2.077284	0.406452	1.384830	3.868565
25	82	2.077284	0.428758	2.029875	4.535917
25	83	2.077284	0.459367	1.909879	4.446530
25	84	2.077284	0.558480	2.893331	5.529094
25	85	2.077284	0.505308	2.365730	4.948322
25	86	2.077284	0.513962	2.451602	5.042848
25	87	2.077284	0.614896	3.453119	6.145299
25	88	2.077284	0.475891	2.073845	4.627020
25	89	2.077284	0.526778	2.578765	5.182826
25	90	2.077284	0.469563	2.011055	4.557902
25	91	2.077284	0.561510	2.923401	5.562195
25	92	2.077284	0.504557	2.358283	4.940124
25	93	2.077284	0.524963	2.560757	5.163003
25	94	2.077284	0.477254	2.564045	5.118583
25	95	2.077284	0.595962	3.265249	5.938495
25	96	2.077284	0.413464	1.454406	3.945154
25	97	2.077284	0.423751	1.556478	4.057512
25	98	2.077284	0.526778	2.578765	5.182826
25	99	2.077284	0.614896	3.453119	6.145299
26	0	2.164094	0.460980	1.925885	4.550959
26	1	2.164094	0.485099	2.165211	4.814405
26	2	2.164094	0.419538	1.514683	4.098316
26	3	2.164094	0.394301	1.264264	3.822659
26	4	2.164094	0.599030	3.295686	6.058810
26	5	2.164094	0.512166	2.433776	5.110036
26	6	2.164094	0.452736	1.844087	4.460918
26	7	2.164094	0.394301	1.264264	3.822659
26	8	2.164094	0.458712	1.903379	4.526185
26	9	2.164094	0.485099	2.165211	4.814405
26	10	2.164094	0.498923	2.302372	4.965389
26	11	2.164094	0.417284	1.492310	4.073688
26	12	2.164094	0.522923	2.540522	5.227540
26	13	2.164094	0.482642	2.140829	4.787566
26	14	2.164094	0.461241	1.928473	4.553808
26	15	2.164094	0.472750	2.042677	4.679522
26	16	2.164094	0.520557	2.781855	5.466506
26	17	2.164094	0.493009	2.243700	4.900804
26	18	2.164094	0.535283	2.769085	5.468462
26	19	2.164094	0.478275	2.097495	4.739864
26	20	2.164094	0.491348	2.227211	4.882654
26	21	2.164094	0.480623	2.120799	4.765517
26	22	2.164094	0.484696	2.161207	4.809997
26	23	2.164094	0.426325	1.582027	4.172447
26	24	2.164094	0.518596	2.497581	5.180271
26	25	2.164094	0.450037	1.817310	4.431442
26	26	2.164094	0.580592	3.112740	5.857427
26	27	2.164094	0.450037	1.817310	4.431442
26	28	2.164094	0.490207	2.215893	4.870194
26	29	2.164094	0.500893	2.321924	4.986911
26	30	2.164094	0.488422	2.198183	4.850699
26	31	2.164094	0.478188	2.096634	4.738916
26	32	2.164094	0.459415	1.910357	4.533867
26	33	2.164094	0.547670	2.786068	5.497833
26	34	2.164094	0.463437	1.950266	4.577797
26	35	2.164094	0.479966	2.114280	4.758341
26	36	2.164094	0.516960	2.481349	5.162403
26	37	2.164094	0.460980	1.925885	4.550959
26	38	2.164094	0.487602	2.190049	4.841745
26	39	2.164094	0.389056	1.212221	3.765371
26	40	2.164094	0.484696	2.161207	4.809997
26	41	2.164094	0.558307	2.891612	5.614014
26	42	2.164094	0.473205	2.047188	4.684487
26	43	2.164094	0.504860	2.626105	5.295059
26	44	2.164094	0.408048	1.400665	3.972807
26	45	2.164094	0.491348	2.227211	4.882654
26	46	2.164094	0.453527	1.851936	4.469557
26	47	2.164094	0.482642	2.140829	4.787566
26	48	2.164094	0.563742	2.945548	5.673385
26	49	2.164094	0.536015	2.670419	5.370528
26	50	2.164094	0.461263	1.928699	4.554056
26	51	2.164094	0.510869	2.420914	5.095878
26	52	2.164094	0.503917	2.351927	5.019939
26	53	2.164094	0.503917	2.351927	5.019939
26	54	2.164094	0.505796	2.370572	5.040462
26	55	2.164094	0.402664	1.347248	3.914006
26	56	2.164094	0.488422	2.198183	4.850699
26	57	2.164094	0.443657	1.754001	4.361753
26	58	2.164094	0.505796	2.370572	5.040462
26	59	2.164094	0.470611	2.021447	4.656152
26	60	2.164094	0.510869	2.420914	5.095878
26	61	2.164094	0.472750	2.042677	4.679522
26	62	2.164094	0.529569	2.606462	5.300126
26	63	2.164094	0.490207	2.215893	4.870194
26	64	2.164094	0.442560	1.743119	4.349774
26	65	2.164094	0.546342	2.772889	5.483325
26	66	2.164094	0.484696	2.161207	4.809997
26	67	2.164094	0.408048	1.400665	3.972807
26	68	2.164094	0.529569	2.606462	5.300126
26	69	2.164094	0.502597	2.338830	5.005522
26	70	2.164094	0.426325	1.582027	4.172447
26	71	2.164094	0.503917	2.351927	5.019939
26	72	2.164094	0.477056	2.085406	4.726557
26	73	2.164094	0.442560	1.743119	4.349774
26	74	2.164094	0.536521	2.834331	5.534946
26	75	2.164094	0.419538	1.514683	4.098316
26	76	2.164094	0.599030	3.295686	6.058810
26	77	2.164094	0.526553	2.629500	5.320147
26	78	2.164094	0.472750	2.042677	4.679522
26	79	2.164094	0.490782	2.433450	5.088326
26	80	2.164094	0.448601	1.803058	4.415753
26	81	2.164094	0.505796	2.370572	5.040462
26	82	2.164094	0.429225	2.193399	4.786719
26	83	2.164094	0.402664	1.347248	3.914006
26	84	2.164094	0.469647	2.011883	4.645624
26	85	2.164094	0.516291	2.474715	5.155101
26	86	2.164094	0.564446	2.952529	5.681069
26	87	2.164094	0.426325	1.582027	4.172447
26	88	2.164094	0.459415	1.910357	4.533867
26	89	2.164094	0.426325	1.582027	4.172447
26	90	2.164094	0.543916	2.748817	5.456827
26	91	2.164094	0.516960	2.481349	5.162403
26	92	2.164094	0.512166	2.433776	5.110036
26	93	2.164094	0.493009	2.243700	4.900804
26	94	2.164094	0.480623	2.120799	4.765517
26	95	2.164094	0.394301	1.264264	3.822659
26	96	2.164094	0.509501	2.407341	5.080937
26	97	2.164094	0.554506	2.853900	5.572501
26	98	2.164094	0.507053	2.753790	5.424937
26	99	2.164094	0.536521	2.834331	5.534946
27	0	2.090787	0.512985	2.441911	5.045684
27	1	2.090787	0.473368	2.048806	4.612960
27	2	2.090787	0.579071	3.097651	5.767509
27	3	2.090787	0.539512	2.705119	5.335418
27	4	2.090787	0.588624	3.298366	5.977778
27	5	2.090787	0.461809	1.934110	4.486705
27	6	2.090787	0.487196	2.186019	4.764003
27	7	2.090787	0.531036	2.621016	5.242839
27	8	2.090787	0.500248	2.686267	5.277302
27	9	2.090787	0.455251	1.869038	4.415075
27	10	2.090787	0.514193	2.453898	5.058878
27	11	2.090787	0.444876	1.766099	4.301762
27	12	2.090787	0.434487	1.663011	4.188285
27	13	2.090787	0.473368	2.048806	4.612960
27	14	2.090787	0.498018	2.293394	4.882198
27	15	2.090787	0.525624	2.567320	5.183731
27	16	2.090787	0.492248	2.236149	4.819184
27	17	2.090787	0.472555	2.040739	4.604081
27	18	2.090787	0.507606	2.706318	5.304711
27	19	2.090787	0.492248	2.236149	4.819184
27	20	2.090787	0.514193	2.453898	5.058878
27	21	2.090787	0.444143	1.758821	4.293751
27	22	2.090787	0.510098	2.413256	5.014141
27	23	2.090787	0.588624	3.298366	5.977778
27	24	2.090787	0.453423	1.850901	4.395110
27	25	2.090787	0.395223	1.273417	3.759427
27	26	2.090787	0.453423	1.850901	4.395110
27	27	2.090787	0.517556	2.487267	5.095610
27	28	2.090787	0.466433	1.979991	4.537210
27	29	2.090787	0.592792	3.233792	5.917371
27	30	2.090787	0.480552	2.120086	4.691425
27	31	2.090787	0.434487	1.663011	4.188285
27	32	2.090787	0.525202	2.563131	5.179120
27	33	2.090787	0.509153	2.403889	5.003830
27	34	2.090787	0.529041	2.601220	5.221047
27	35	2.090787	0.529041	2.601220	5.221047
27	36	2.090787	0.523604	2.547273	5.161664
27	37	2.090787	0.492248	2.236149	4.819184
27	38	2.090787	0.472555	2.040739	4.604081
27	39	2.090787	0.525624	2.567320	5.183731
27	40	2.090787	0.522061	2.531964	5.144812
27	41	2.090787	0.506661	2.379161	4.976609
27	42	2.090787	0.532815	2.638673	5.262275
27	43	2.090787	0.529041	2.601220	5.221047
27	44	2.090787	0.539512	2.705119	5.335418
27	45	2.090787	0.431300	2.108065	4.630152
27	46	2.090787	0.540918	2.719077	5.350782
27	47	2.090787	0.529041	2.601220	5.221047
27	48	2.090787	0.510098	2.413256	5.014141
27	49	2.090787	0.411725	1.437155	3.939667
27	50	2.090787	0.435005	1.668148	4.193940
27	51	2.090787	0.444143	1.758821	4.293751
27	52	2.090787	0.395223	1.273417	3.759427
27	53	2.090787	0.444876	1.766099	4.301762
27	54	2.090787	0.523604	2.547273	5.161664
27	55	2.090787	0.394998	2.065642	4.551427
27	56	2.090787	0.467956	1.995112	4.553855
27	57	2.090787	0.472113	2.036360	4.599260
27	58	2.090787	0.564984	2.957868	5.613639
27	59	2.090787	0.532815	2.638673	5.262275
27	60	2.090787	0.506661	2.379161	4.976609
27	61	2.090787	0.472257	2.037785	4.600829
27	62	2.090787	0.476713	2.081998	4.649498
27	63	2.090787	0.425915	1.577957	4.094659
27	64	2.090787	0.454290	1.859503	4.404580
27	65	2.090787	0.562035	2.928603	5.581424
27	66	2.090787	0.498167	2.294876	4.883830
27	67	2.090787	0.532828	2.638802	5.262417
27	68	2.090787	0.558839	2.896891	5.546517
27	69	2.090787	0.532815	2.638673	5.262275
27	70	2.090787	0.535380	2.664122	5.290289
27	71	2.090787	0.476713	2.081998	4.649498
27	72	2.090787	0.577990	3.086922	5.755699
27	73	2.090787	0.418180	1.501202	4.010168
27	74	2.090787	0.531036	2.621016	5.242839
27	75	2.090787	0.590262	3.261650	5.942698
27	76	2.090787	0.455251	1.869038	4.415075
27	77	2.090787	0.534090	2.863174	5.488050
27	78	2.090787	0.525160	2.562712	5.178659
27	79	2.090787	0.540918	2.719077	5.350782
27	80	2.090787	0.525160	2.562712	5.178659
27	81	2.090787	0.444876	1.766099	4.301762
27	82	2.090787	0.492248	2.236149	4.819184
27	83	2.090787	0.497910	2.292326	4.881023
27	84	2.090787	0.512985	2.441911	5.045684
27	85	2.090787	0.583227	3.138885	5.812899
27	86	2.090787	0.525261	2.563721	5.179769
27	87	2.090787	0.519842	2.509942	5.120570
27	88	2.090787	0.532828	2.638802	5.262417
27	89	2.090787	0.471354	2.028825	4.590966
27	90	2.090787	0.511430	2.426473	5.028690
27	91	2.090787	0.444876	1.766099	4.301762
27	92	2.090787	0.411725	1.437155	3.939667
27	93	2.090787	0.455251	1.869038	4.415075
27	94	2.090787	0.444876	1.766099	4.301762
27	95	2.090787	0.439937	2.299693	4.830417
27	96	2.090787	0.556056	2.869280	5.516123
27	97	2.090787	0.472257	2.037785	4.600829
27	98	2.090787	0.495732	2.270714	4.857233
27	99	2.090787	0.534090	2.863174	5.488050
28	0	2.066467	0.479563	2.110273	4.656302
28	1	2.066467	0.460781	1.923915	4.451163
28	2	2.066467	0.448393	1.800998	4.315858
28	3	2.066467	0.451117	1.828024	4.345607
28	4	2.066467	0.451117	1.828024	4.345607
28	5	2.066467	0.561448	2.922781	5.550695
28	6	2.066467	0.394388	1.265125	3.725979
28	7	2.066467	0.522956	2.540848	5.130271
28	8	2.066467	0.492336	2.237016	4.795818
28	9	2.066467	0.467840	2.470632	5.004939
28	10	2.066467	0.548166	2.790991	5.405624
28	11	2.066467	0.394388	1.265125	3.725979
28	12	2.066467	0.557875	2.993252	5.617593
28	13	2.066467	0.552478	2.833773	5.452717
28	14	2.066467	0.488756	2.201500	4.756723
28	15	2.066467	0.440047	1.718183	4.224697
28	16	2.066467	0.516492	2.476702	5.059660
28	17	2.066467	0.448393	1.800998	4.315858
28	18	2.066467	0.516492	2.476702	5.059660
28	19	2.066467	0.571512	3.022646	5.660625
28	20	2.066467	0.476426	2.079152	4.622045
28	21	2.066467	0.457677	1.893119	4.417263
28	22	2.066467	0.469297	2.008416	4.544180
28	23	2.066467	0.414048	1.460201	3.940715
28	24	2.066467	0.492336	2.237016	4.795818
28	25	2.066467	0.571512	3.022646	5.660625
28	26	2.066467	0.505640	2.369023	4.941129
28	27	2.066467	0.457677	1.893119	4.417263
28	28	2.066467	0.542803	2.737778	5.347048
28	29	2.066467	0.480198	2.487328	5.033993
28	30	2.066467	0.506921	2.381734	4.955121
28	31	2.066467	0.440047	1.718183	4.224697
28	32	2.066467	0.440047	1.718183	4.224697
28	33	2.066467	0.552478	2.833773	5.452717
28	34	2.066467	0.465025	2.442702	4.974194
28	35	2.066467	0.557194	2.880569	5.504230
28	36	2.066467	0.475511	2.070070	4.612047
28	37	2.066467	0.549770	2.806907	5.423144
28	38	2.066467	0.505640	2.369023	4.941129
28	39	2.066467	0.451117	1.828024	4.345607
28	40	2.066467	0.533167	2.642161	5.241794
28	41	2.066467	0.453884	1.855476	4.375826
28	42	2.066467	0.560229	2.910684	5.537379
28	43	2.066467	0.524234	2.553529	5.144230
28	44	2.066467	0.492336	2.237016	4.795818
28	45	2.066467	0.521922	2.530587	5.118976
28	46	2.066467	0.470295	2.018315	4.555076
28	47	2.066467	0.549770	2.806907	5.423144
28	48	2.066467	0.475511	2.070070	4.612047
28	49	2.066467	0.506921	2.381734	4.955121
28	50	2.066467	0.476426	2.079152	4.622045
28	51	2.066467	0.505518	2.367818	4.939803
28	52	2.066467	0.602485	3.329976	5.998928
28	53	2.066467	0.516492	2.476702	5.059660
28	54	2.066467	0.500231	2.315358	4.882056
28	55	2.066467	0.588358	3.189799	5.844624
28	56	2.066467	0.533167	2.642161	5.241794
28	57	2.066467	0.451117	1.828024	4.345607
28	58	2.066467	0.568955	3.050236	5.685658
28	59	2.066467	0.571050	3.018059	5.655576
28	60	2.066467	0.556178	2.870485	5.493130
28	61	2.066467	0.545230	2.761861	5.373558
28	62	2.066467	0.501864	2.331558	4.899888
28	63	2.066467	0.545230	2.761861	5.373558
28	64	2.066467	0.521922	2.530587	5.118976
28	65	2.066467	0.489799	2.211847	4.768113
28	66	2.066467	0.513151	2.443558	5.023176
28	67	2.066467	0.451117	1.828024	4.345607
28	68	2.066467	0.479563	2.110273	4.656302
28	69	2.066467	0.533616	2.646616	5.246699
28	70	2.066467	0.545230	2.761861	5.373558
28	71	2.066467	0.475576	2.070722	4.612765
28	72	2.066467	0.453884	1.855476	4.375826
28	73	2.066467	0.472952	2.044684	4.584103
28	74	2.066467	0.533616	2.646616	5.246699
28	75	2.066467	0.516492	2.476702	5.059660
28	76	2.066467	0.534397	2.707332	5.308196
28	77	2.066467	0.518788	2.499491	5.084746
28	78	2.066467	0.470295	2.018315	4.555076
28	79	2.066467	0.492674	2.240375	4.799516
28	80	2.066467	0.394388	1.265125	3.725979
28	81	2.066467	0.505518	2.367818	4.939803
28	82	2.066467	0.488756	2.201500	4.756723
28	83	2.066467	0.525953	2.570584	5.163004
28	84	2.066467	0.557875	2.993252	5.617593
28	85	2.066467	0.556178	2.870485	5.493130
28	86	2.066467	0.518788	2.499491	5.084746
28	87	2.066467	0.472952	2.044684	4.584103
28	88	2.066467	0.466837	1.984007	4.517311
28	89	2.066467	0.485380	2.697634	5.249481
28	90	2.066467	0.477584	2.090638	4.634689
28	91	2.066467	0.525364	2.564742	5.156573
28	92	2.066467	0.542786	2.737603	5.346855
28	93	2.066467	0.516492	2.476702	5.059660
28	94	2.066467	0.503612	2.348906	4.918985
28	95	2.066467	0.501864	2.331558	4.899888
28	96	2.066467	0.524644	2.557597	5.148709
28	97	2.066467	0.448311	1.800183	4.314961
28	98	2.066467	0.506921	2.381734	4.955121
28	99	2.066467	0.534397	2.707332	5.308196
29	0	2.081899	0.551284	2.821926	5.455108
29	1	2.081899	0.541751	2.727342	5.350992
29	2	2.081899	0.557446	2.883073	5.522417
29	3	2.081899	0.486938	2.183456	4.752293
29	4	2.081899	0.486938	2.183456	4.752293
29	5	2.081899	0.527327	2.584211	5.193437
29	6	2.081899	0.486107	2.175212	4.743218
29	7	2.081899	0.527239	2.583347	5.192485
29	8	2.081899	0.506749	2.697813	5.286460
29	9	2.081899	0.448581	1.802855	4.333334
29	10	2.081899	0.468947	2.004936	4.555782
29	11	2.081899	0.596231	3.267917	5.946047
29	12	2.081899	0.494532	2.258807	4.835238
29	13	2.081899	0.427692	1.595587	4.105178
29	14	2.081899	0.506749	2.697813	5.286460
29	15	2.081899	0.427168	1.590386	4.099453
29	16	2.081899	0.485976	2.173915	4.741791
29	17	2.081899	0.477776	2.092546	4.652221
29	18	2.081899	0.470665	2.021989	4.574552
29	19	2.081899	0.522219	2.639461	5.243579
29	20	2.081899	0.472345	2.038656	4.592899
29	21	2.081899	0.427692	1.595587	4.105178
29	22	2.081899	0.489004	2.203952	4.774854
29	23	2.081899	0.405798	1.378343	3.866039
29	24	2.081899	0.505038	2.733796	5.320733
29	25	2.081899	0.549247	2.801718	5.432864
29	26	2.081899	0.527348	2.690351	5.299598
29	27	2.081899	0.513402	2.446046	5.041347
29	28	2.081899	0.448581	1.802855	4.333334
29	29	2.081899	0.460361	1.919750	4.462010
29	30	2.081899	0.565332	2.961316	5.608546
29	31	2.081899	0.471800	2.033247	4.586946
29	32	2.081899	0.364491	1.815900	4.262290
29	33	2.081899	0.527348	2.690351	5.299598
29	34	2.081899	0.520140	2.512900	5.114939
29	35	2.081899	0.420742	1.526626	4.029266
29	36	2.081899	0.526671	2.577704	5.186273
29	37	2.081899	0.501558	2.328518	4.911975
29	38	2.081899	0.571391	3.021444	5.674734
29	39	2.081899	0.496921	2.282515	4.861334
29	40	2.081899	0.533642	2.646875	5.262416
29	41	2.081899	0.537301	2.683180	5.302379
29	42	2.081899	0.411958	1.439466	3.933323
29	43	2.081899	0.427168	1.590386	4.099453
29	44	2.081899	0.578437	3.091351	5.751687
29	45	2.081899	0.482508	2.139501	4.703908
29	46	2.081899	0.405798	1.378343	3.866039
29	47	2.081899	0.541686	2.726694	5.350279
29	48	2.081899	0.540745	2.717359	5.340003
29	49	2.081899	0.508134	2.393777	4.983810
29	50	2.081899	0.496921	2.282515	4.861334
29	51	2.081899	0.477776	2.092546	4.652221
29	52	2.081899	0.420742	1.526626	4.029266
29	53	2.081899	0.405798	1.378343	3.866039
29	54	2.081899	0.542239	2.732175	5.356313
29	55	2.081899	0.508134	2.393777	4.983810
29	56	2.081899	0.533642	2.646875	5.262416
29	57	2.081899	0.470774	2.023065	4.575737
29	58	2.081899	0.554366	2.852506	5.488770
29	59	2.081899	0.527239	2.583347	5.192485
29	60	2.081899	0.551284	2.821926	5.455108
29	61	2.081899	0.470665	2.021989	4.574552
29	62	2.081899	0.485976	2.173915	4.741791
29	63	2.081899	0.495295	2.637129	5.214323
29	64	2.081899	0.541751	2.727342	5.350992
29	65	2.081899	0.536712	2.677339	5.295950
29	66	2.081899	0.427168	1.590386	4.099453
29	67	2.081899	0.537045	2.680643	5.299587
29	68	2.081899	0.565864	2.966597	5.614360
29	69	2.081899	0.530195	2.612669	5.224762
29	70	2.081899	0.499635	2.309437	4.890971
29	71	2.081899	0.411958	1.439466	3.933323
29	72	2.081899	0.554366	2.852506	5.488770
29	73	2.081899	0.499635	2.309437	4.890971
29	74	2.081899	0.499635	2.309437	4.890971
29	75	2.081899	0.537045	2.680643	5.299587
29	76	2.081899	0.510552	2.417766	5.010217
29	77	2.081899	0.418602	1.505396	4.005897
29	78	2.081899	0.470665	2.021989	4.574552
29	79	2.081899	0.513958	2.451558	5.047414
29	80	2.081899	0.420742	1.526626	4.029266
29	81	2.081899	0.473475	2.049867	4.605241
29	82	2.081899	0.492494	2.238584	4.812976
29	83	2.081899	0.446038	1.777626	4.305563
29	84	2.081899	0.411958	1.439466	3.933323
29	85	2.081899	0.485976	2.173915	4.741791
29	86	2.081899	0.536712	2.677339	5.295950
29	87	2.081899	0.473475	2.049867	4.605241
29	88	2.081899	0.551813	2.933108	5.566820
29	89	2.081899	0.446038	1.777626	4.305563
29	90	2.081899	0.548752	2.796801	5.427451
29	91	2.081899	0.575310	3.060324	5.717532
29	92	2.081899	0.382576	1.942379	4.406854
29	93	2.081899	0.534940	2.659753	5.276591
29	94	2.081899	0.484763	2.161874	4.728536
29	95	2.081899	0.418602	1.505396	4.005897
29	96	2.081899	0.499160	2.304726	4.885785
29	97	2.081899	0.496902	2.282329	4.861130
29	98	2.081899	0.594188	3.247641	5.923727
29	99	2.081899	0.499635	2.309437	4.890971
30	0	1.975293	0.523663	2.547856	5.046812
30	1	1.975293	0.529251	2.603310	5.107854
30	2	1.975293	0.451185	1.828699	4.255177
30	3	1.975293	0.542242	2.732207	5.249741
30	4	1.975293	0.428477	1.603381	4.007151
30	5	1.975293	0.572042	3.027901	5.575236
30	6	1.975293	0.512409	2.436192	4.923893
30	7	1.975293	0.555302	2.861796	5.392391
30	8	1.975293	0.569122	2.998927	5.543342
30	9	1.975293	0.515342	2.465300	4.955935
30	10	1.975293	0.560247	2.963826	5.499365
30	11	1.975293	0.481672	2.131208	4.588173
30	12	1.975293	0.551025	2.819356	5.345673
30	13	1.975293	0.438760	1.705407	4.119460
30	14	1.975293	0.438760	1.705407	4.119460
30	15	1.975293	0.505766	2.370276	4.851335
30	16	1.975293	0.451185	1.828699	4.255177
30	17	1.975293	0.460559	1.921706	4.357557
30	18	1.975293	0.459002	1.906265	4.340560
30	19	1.975293	0.413395	1.453723	3.842411
30	20	1.975293	0.551025	2.819356	5.345673
30	21	1.975293	0.500106	2.314111	4.789509
30	22	1.975293	0.475851	2.073449	4.524593
30	23	1.975293	0.529251	2.603310	5.107854
30	24	1.975293	0.465807	1.973782	4.414882
30	25	1.975293	0.501099	2.323973	4.800365
30	26	1.975293	0.465807	1.973782	4.414882
30	27	1.975293	0.527778	2.588694	5.091765
30	28	1.975293	0.555302	2.861796	5.392391
30	29	1.975293	0.480278	2.117368	4.572938
30	30	1.975293	0.599771	3.303041	5.878104
30	31	1.975293	0.456338	1.879827	4.311458
30	32	1.975293	0.464521	2.384729	4.824543
30	33	1.975293	0.481672	2.131208	4.588173
30	34	1.975293	0.507974	2.551078	5.034345
30	35	1.975293	0.464521	2.384729	4.824543
30	36	1.975293	0.428477	1.603381	4.007151
30	37	1.975293	0.555302	2.861796	5.392391
30	38	1.975293	0.480906	2.123601	4.579800
30	39	1.975293	0.450007	1.817012	4.242312
30	40	1.975293	0.458180	2.268852	4.702325
30	41	1.975293	0.476690	2.081768	4.533751
30	42	1.975293	0.505766	2.370276	4.851335
30	43	1.975293	0.476903	2.083884	4.536080
30	44	1.975293	0.530412	2.614824	5.120529
30	45	1.975293	0.599771	3.303041	5.878104
30	46	1.975293	0.535286	2.928009	5.438588
30	47	1.975293	0.489657	2.210436	4.675385
30	48	1.975293	0.459002	1.906265	4.340560
30	49	1.975293	0.453848	1.855118	4.284259
30	50	1.975293	0.549152	2.800771	5.325215
30	51	1.975293	0.475851	2.073449	4.524593
30	52	1.975293	0.483834	2.576366	5.035493
30	53	1.975293	0.463101	1.946931	4.385325
30	54	1.975293	0.460218	1.918330	4.353841
30	55	1.975293	0.459112	2.278097	4.712502
30	56	1.975293	0.530819	2.618863	5.124974
30	57	1.975293	0.599771	3.303041	5.878104
30	58	1.975293	0.540294	2.712877	5.228464
30	59	1.975293	0.467919	1.994739	4.437951
30	60	1.975293	0.465807	1.973782	4.414882
30	61	1.975293	0.480278	2.117368	4.572938
30	62	1.975293	0.460218	1.918330	4.353841
30	63	1.975293	0.511424	2.426421	4.913138
30	64	1.975293	0.527778	2.588694	5.091765
30	65	1.975293	0.569122	2.998927	5.543342
30	66	1.975293	0.480278	2.117368	4.572938
30	67	1.975293	0.458404	1.900331	4.334028
30	68	1.975293	0.599771	3.303041	5.878104
30	69	1.975293	0.428477	1.603381	4.007151
30	70	1.975293	0.460559	1.921706	4.357557
30	71	1.975293	0.502346	2.336346	4.813985
30	72	1.975293	0.475571	2.070665	4.521529
30	73	1.975293	0.579603	3.102922	5.657817
30	74	1.975293	0.530819	2.618863	5.124974
30	75	1.975293	0.560409	2.912475	5.448177
30	76	1.975293	0.475571	2.070665	4.521529
30	77	1.975293	0.413395	1.453723	3.842411
30	78	1.975293	0.476903	2.083884	4.536080
30	79	1.975293	0.515665	2.468503	4.959461
30	80	1.975293	0.453848	1.855118	4.284259
30	81	1.975293	0.458404	1.900331	4.334028
30	82	1.975293	0.486548	2.179584	4.641425
30	83	1.975293	0.421177	1.530941	3.927411
30	84	1.975293	0.494911	2.262569	4.732773
30	85	1.975293	0.512409	2.436192	4.923893
30	86	1.975293	0.502346	2.336346	4.813985
30	87	1.975293	0.515342	2.465300	4.955935
30	88	1.975293	0.572042	3.027901	5.575236
30	89	1.975293	0.437885	1.696727	4.109904
30	90	1.975293	0.518696	2.763394	5.257383
30	91	1.975293	0.502346	2.336346	4.813985
30	92	1.975293	0.502346	2.336346	4.813985
30	93	1.975293	0.560409	2.912475	5.448177
30	94	1.975293	0.471964	2.564519	5.011776
30	95	1.975293	0.540294	2.712877	5.228464
30	96	1.975293	0.502346	2.336346	4.813985
30	97	1.975293	0.456338	1.879827	4.311458
30	98	1.975293	0.549152	2.800771	5.325215
30	99	1.975293	0.602803	3.333128	5.911224
31	0	1.977696	0.482165	2.136097	4.595959
31	1	1.977696	0.471194	2.027240	4.476131
31	2	1.977696	0.490369	2.217503	4.685568
31	3	1.977696	0.496215	2.275509	4.749421
31	4	1.977696	0.457839	1.894718	4.330253
31	5	1.977696	0.568034	2.988134	5.533864
31	6	1.977696	0.561669	2.924973	5.464339
31	7	1.977696	0.545791	2.767420	5.290907
31	8	1.977696	0.484763	2.161870	4.624329
31	9	1.977696	0.568034	2.988134	5.533864
31	10	1.977696	0.452158	1.838351	4.268205
31	11	1.977696	0.545791	2.767420	5.290907
31	12	1.977696	0.485509	2.169281	4.632486
31	13	1.977696	0.501591	2.328852	4.808139
31	14	1.977696	0.550578	2.814921	5.343195
31	15	1.977696	0.518998	2.501572	4.998266
31	16	1.977696	0.415731	2.165438	4.558865
31	17	1.977696	0.463433	1.950225	4.391354
31	18	1.977696	0.503656	2.455273	4.936626
31	19	1.977696	0.484763	2.161870	4.624329
31	20	1.977696	0.568034	2.988134	5.533864
31	21	1.977696	0.570997	3.017532	5.566225
31	22	1.977696	0.492779	2.241418	4.711894
31	23	1.977696	0.574641	3.053691	5.606028
31	24	1.977696	0.568764	2.995376	5.541836
31	25	1.977696	0.526789	2.578882	5.083367
31	26	1.977696	0.473037	2.045522	4.496255
31	27	1.977696	0.457839	1.894718	4.330253
31	28	1.977696	0.479043	2.105118	4.561857
31	29	1.977696	0.502669	2.339543	4.819908
31	30	1.977696	0.517567	2.699232	5.194496
31	31	1.977696	0.526789	2.578882	5.083367
31	32	1.977696	0.526789	2.578882	5.083367
31	33	1.977696	0.513483	2.446851	4.938031
31	34	1.977696	0.501536	2.328301	4.807533
31	35	1.977696	0.458850	1.904749	4.341295
31	36	1.977696	0.489135	2.205259	4.672091
31	37	1.977696	0.469699	2.012399	4.459794
31	38	1.977696	0.482165	2.136097	4.595959
31	39	1.977696	0.438243	1.700283	4.116223
31	40	1.977696	0.457839	1.894718	4.330253
31	41	1.977696	0.463433	1.950225	4.391354
31	42	1.977696	0.491318	2.491731	4.960744
31	43	1.977696	0.509352	2.405863	4.892912
31	44	1.977696	0.408329	1.403461	3.789486
31	45	1.977696	0.550578	2.814921	5.343195
31	46	1.977696	0.518998	2.501572	4.998266
31	47	1.977696	0.561531	2.923609	5.462837
31	48	1.977696	0.465946	1.975161	4.418803
31	49	1.977696	0.457839	1.894718	4.330253
31	50	1.977696	0.479043	2.105118	4.561857
31	51	1.977696	0.525479	2.565875	5.069049
31	52	1.977696	0.525479	2.565875	5.069049
31	53	1.977696	0.535839	2.668672	5.182207
31	54	1.977696	0.438243	1.700283	4.116223
31	55	1.977696	0.439369	2.241087	4.658152
31	56	1.977696	0.503649	2.349269	4.830614
31	57	1.977696	0.569275	3.000443	5.547414
31	58	1.977696	0.523143	2.754557	5.255397
31	59	1.977696	0.513483	2.446851	4.938031
31	60	1.977696	0.501591	2.328852	4.808139
31	61	1.977696	0.482165	2.136097	4.595959
31	62	1.977696	0.568034	2.988134	5.533864
31	63	1.977696	0.565129	2.959305	5.502131
31	64	1.977696	0.490286	2.216677	4.684659
31	65	1.977696	0.569275	3.000443	5.547414
31	66	1.977696	0.471895	2.034190	4.483781
31	67	1.977696	0.601601	3.321204	5.900502
31	68	1.977696	0.522302	2.534354	5.034352
31	69	1.977696	0.518998	2.501572	4.998266
31	70	1.977696	0.562692	2.935127	5.475515
31	71	1.977696	0.533963	2.650065	5.161725
31	72	1.977696	0.503649	2.349269	4.830614
31	73	1.977696	0.567180	2.979660	5.524536
31	74	1.977696	0.471194	2.027240	4.476131
31	75	1.977696	0.539361	2.756585	5.273643
31	76	1.977696	0.556825	2.876915	5.411436
31	77	1.977696	0.420977	1.528956	3.927630
31	78	1.977696	0.471194	2.027240	4.476131
31	79	1.977696	0.473037	2.045522	4.496255
31	80	1.977696	0.533963	2.650065	5.161725
31	81	1.977696	0.539361	2.756585	5.273643
31	82	1.977696	0.561531	2.923609	5.462837
31	83	1.977696	0.501591	2.328852	4.808139
31	84	1.977696	0.463433	1.950225	4.391354
31	85	1.977696	0.521106	2.681383	5.180186
31	86	1.977696	0.408329	1.403461	3.789486
31	87	1.977696	0.566076	2.968703	5.512476
31	88	1.977696	0.452158	1.838351	4.268205
31	89	1.977696	0.518045	2.862862	5.358604
31	90	1.977696	0.501591	2.328852	4.808139
31	91	1.977696	0.503698	2.349757	4.831152
31	92	1.977696	0.473037	2.045522	4.496255
31	93	1.977696	0.520853	2.519974	5.018523
31	94	1.977696	0.465946	1.975161	4.418803
31	95	1.977696	0.457839	1.894718	4.330253
31	96	1.977696	0.489135	2.205259	4.672091
31	97	1.977696	0.427666	1.595334	4.000697
31	98	1.977696	0.503649	2.349269	4.830614
31	99	1.977696	0.509352	2.405863	4.892912
32	0	2.003841	0.487070	2.184764	4.675674
32	1	2.003841	0.527757	2.588482	5.120080
32	2	2.003841	0.530709	2.617775	5.152325
32	3	2.003841	0.476269	2.077591	4.557700
32	4	2.003841	0.463547	1.951364	4.418752
32	5	2.003841	0.471741	2.032663	4.508245
32	6	2.003841	0.569573	3.056362	5.629775
32	7	2.003841	0.594621	3.251943	5.850405
32	8	2.003841	0.559414	2.902599	5.465854
32	9	2.003841	0.508315	2.395569	4.907724
32	10	2.003841	0.431192	1.630319	4.065352
32	11	2.003841	0.508817	2.400547	4.913204
32	12	2.003841	0.530709	2.617775	5.152325
32	13	2.003841	0.569027	2.997986	5.570854
32	14	2.003841	0.548283	2.951043	5.503166
32	15	2.003841	0.532886	2.639379	5.176107
32	16	2.003841	0.569573	3.056362	5.629775
32	17	2.003841	0.477121	2.086050	4.567013
32	18	2.003841	0.499439	2.307496	4.810776
32	19	2.003841	0.548283	2.951043	5.503166
32	20	2.003841	0.584089	3.253362	5.841291
32	21	2.003841	0.532102	2.631598	5.167541
32	22	2.003841	0.513854	2.450534	4.968229
32	23	2.003841	0.472550	2.040695	4.517086
32	24	2.003841	0.452009	1.836872	4.292722
32	25	2.003841	0.476269	2.077591	4.557700
32	26	2.003841	0.476269	2.077591	4.557700
32	27	2.003841	0.508817	2.400547	4.913204
32	28	2.003841	0.505868	2.371289	4.880997
32	29	2.003841	0.504756	2.360260	4.868857
32	30	2.003841	0.529847	2.609218	5.142906
32	31	2.003841	0.472550	2.040695	4.517086
32	32	2.003841	0.427996	1.598606	4.030443
32	33	2.003841	0.499439	2.307496	4.810776
32	34	2.003841	0.524783	2.558973	5.087596
32	35	2.003841	0.476269	2.077591	4.557700
32	36	2.003841	0.402316	1.343794	3.749951
32	37	2.003841	0.503900	2.351760	4.859501
32	38	2.003841	0.586371	3.170077	5.760289
32	39	2.003841	0.441624	1.733828	4.179293
32	40	2.003841	0.503900	2.351760	4.859501
32	41	2.003841	0.530709	2.617775	5.152325
32	42	2.003841	0.415395	1.473567	3.892802
32	43	2.003841	0.604877	3.353703	5.962421
32	44	2.003841	0.471741	2.032663	4.508245
32	45	2.003841	0.431031	1.628720	4.063592
32	46	2.003841	0.569573	3.056362	5.629775
32	47	2.003841	0.586371	3.170077	5.760289
32	48	2.003841	0.509047	2.402833	4.915721
32	49	2.003841	0.463547	1.951364	4.418752
32	50	2.003841	0.417028	2.125344	4.546213
32	51	2.003841	0.402316	1.343794	3.749951
32	52	2.003841	0.452009	1.836872	4.292722
32	53	2.003841	0.460296	1.919101	4.383238
32	54	2.003841	0.559414	2.902599	5.465854
32	55	2.003841	0.459985	1.916012	4.379837
32	56	2.003841	0.563375	2.941901	5.509116
32	57	2.003841	0.546736	2.829764	5.380341
32	58	2.003841	0.448422	1.801281	4.253544
32	59	2.003841	0.524783	2.558973	5.087596
32	60	2.003841	0.563678	2.944911	5.512430
32	61	2.003841	0.444249	1.759873	4.207963
32	62	2.003841	0.516835	2.744926	5.265602
32	63	2.003841	0.541482	2.724673	5.269996
32	64	2.003841	0.505510	2.367734	4.877085
32	65	2.003841	0.540963	2.772484	5.317287
32	66	2.003841	0.562760	2.935797	5.502397
32	67	2.003841	0.499439	2.307496	4.810776
32	68	2.003841	0.517926	2.490938	5.012706
32	69	2.003841	0.505510	2.367734	4.877085
32	70	2.003841	0.448422	1.801281	4.253544
32	71	2.003841	0.491349	2.227224	4.722414
32	72	2.003841	0.471728	2.032536	4.508104
32	73	2.003841	0.444249	1.759873	4.207963
32	74	2.003841	0.444249	1.759873	4.207963
32	75	2.003841	0.459985	1.916012	4.379837
32	76	2.003841	0.463547	1.951364	4.418752
32	77	2.003841	0.508817	2.400547	4.913204
32	78	2.003841	0.505868	2.371289	4.880997
32	79	2.003841	0.441624	1.733828	4.179293
32	80	2.003841	0.513439	2.446416	4.963696
32	81	2.003841	0.527757	2.588482	5.120080
32	82	2.003841	0.563188	2.940047	5.507076
32	83	2.003841	0.509047	2.402833	4.915721
32	84	2.003841	0.431192	1.630319	4.065352
32	85	2.003841	0.541482	2.724673	5.269996
32	86	2.003841	0.477121	2.086050	4.567013
32	87	2.003841	0.472611	2.041299	4.517751
32	88	2.003841	0.522206	2.533399	5.059446
32	89	2.003841	0.453153	1.848225	4.305218
32	90	2.003841	0.471741	2.032663	4.508245
32	91	2.003841	0.402316	1.343794	3.749951
32	92	2.003841	0.555308	2.861857	5.421005
32	93	2.003841	0.529847	2.609218	5.142906
32	94	2.003841	0.463547	1.951364	4.418752
32	95	2.003841	0.532102	2.631598	5.167541
32	96	2.003841	0.453153	1.848225	4.305218
32	97	2.003841	0.455637	1.872875	4.332353
32	98	2.003841	0.517926	2.490938	5.012706
32	99	2.003841	0.532102	2.631598	5.167541
33	0	1.987976	0.448730	1.804335	4.241040
33	1	1.987976	0.412958	1.449392	3.850326
33	2	1.987976	0.517926	2.490938	4.996841
33	3	1.987976	0.514800	2.459914	4.962690
33	4	1.987976	0.421498	1.534124	3.943598
33	5	1.987976	0.503451	2.347307	4.838734
33	6	1.987976	0.506571	2.378266	4.872813
33	7	1.987976	0.514800	2.459914	4.962690
33	8	1.987976	0.554390	2.852745	5.395111
33	9	1.987976	0.584068	3.253152	5.825196
33	10	1.987976	0.492592	2.239562	4.720130
33	11	1.987976	0.549370	2.961830	5.499176
33	12	1.987976	0.571538	3.022897	5.582411
33	13	1.987976	0.584090	3.147449	5.719516
33	14	1.987976	0.469702	2.012434	4.470112
33	15	1.987976	0.456524	1.881677	4.326177
33	16	1.987976	0.567100	2.978862	5.533938
33	17	1.987976	0.534754	2.657911	5.180641
33	18	1.987976	0.410548	1.955110	4.353634
33	19	1.987976	0.462238	1.938372	4.388586
33	20	1.987976	0.522529	2.536612	5.047117
33	21	1.987976	0.493628	2.249835	4.731439
33	22	1.987976	0.492196	2.235630	4.715803
33	23	1.987976	0.493628	2.249835	4.731439
33	24	1.987976	0.566139	2.969324	5.523439
33	25	1.987976	0.437260	1.690522	4.115758
33	26	1.987976	0.420126	1.520509	3.928611
33	27	1.987976	0.567100	2.978862	5.533938
33	28	1.987976	0.559032	2.898807	5.445815
33	29	1.987976	0.534319	2.653593	5.175887
33	30	1.987976	0.522529	2.536612	5.047117
33	31	1.987976	0.437260	1.690522	4.115758
33	32	1.987976	0.527540	2.586330	5.101846
33	33	1.987976	0.511902	2.431162	4.931040
33	34	1.987976	0.495716	2.270559	4.754251
33	35	1.987976	0.549370	2.961830	5.499176
33	36	1.987976	0.548262	2.844903	5.381140
33	37	1.987976	0.534319	2.653593	5.175887
33	38	1.987976	0.540570	2.715623	5.244170
33	39	1.987976	0.530540	2.616094	5.134610
33	40	1.987976	0.540183	2.711779	5.239938
33	41	1.987976	0.522529	2.536612	5.047117
33	42	1.987976	0.533615	2.646612	5.168203
33	43	1.987976	0.511902	2.431162	4.931040
33	44	1.987976	0.472071	2.035935	4.495981
33	45	1.987976	0.533733	2.647782	5.169491
33	46	1.987976	0.502297	2.335855	4.826128
33	47	1.987976	0.494967	2.263120	4.746063
33	48	1.987976	0.534754	2.657911	5.180641
33	49	1.987976	0.420126	1.520509	3.928611
33	50	1.987976	0.456524	1.881677	4.326177
33	51	1.987976	0.459144	1.907671	4.354791
33	52	1.987976	0.475887	2.073804	4.537667
33	53	1.987976	0.537437	2.684528	5.209940
33	54	1.987976	0.540183	2.711779	5.239938
33	55	1.987976	0.472900	2.044162	4.505038
33	56	1.987976	0.530540	2.616094	5.134610
33	57	1.987976	0.469702	2.012434	4.470112
33	58	1.987976	0.549370	2.961830	5.499176
33	59	1.987976	0.584090	3.147449	5.719516
33	60	1.987976	0.493628	2.249835	4.731439
33	61	1.987976	0.530540	2.616094	5.134610
33	62	1.987976	0.492592	2.239562	4.720130
33	63	1.987976	0.487656	2.190582	4.666214
33	64	1.987976	0.540570	2.715623	5.244170
33	65	1.987976	0.521970	2.531060	5.041006
33	66	1.987976	0.473654	2.051649	4.513280
33	67	1.987976	0.420126	1.520509	3.928611
33	68	1.987976	0.571538	3.022897	5.582411
33	69	1.987976	0.510518	2.629283	5.127777
33	70	1.987976	0.505488	2.685304	5.178768
33	71	1.987976	0.567100	2.978862	5.533938
33	72	1.987976	0.395489	1.276051	3.659516
33	73	1.987976	0.420126	1.520509	3.928611
33	74	1.987976	0.522529	2.536612	5.047117
33	75	1.987976	0.480150	2.116105	4.584231
33	76	1.987976	0.502297	2.335855	4.826128
33	77	1.987976	0.509076	2.403125	4.900178
33	78	1.987976	0.492592	2.239562	4.720130
33	79	1.987976	0.518880	2.500400	5.007256
33	80	1.987976	0.429351	2.247613	4.664939
33	81	1.987976	0.475055	2.065545	4.528576
33	82	1.987976	0.519172	2.503296	5.010444
33	83	1.987976	0.569254	3.000237	5.557467
33	84	1.987976	0.495687	2.270272	4.753935
33	85	1.987976	0.472105	2.036280	4.496361
33	86	1.987976	0.395489	1.276051	3.659516
33	87	1.987976	0.478206	2.096812	4.562994
33	88	1.987976	0.462238	1.938372	4.388586
33	89	1.987976	0.432013	1.638462	4.058451
33	90	1.987976	0.505488	2.685304	5.178768
33	91	1.987976	0.493628	2.249835	4.731439
33	92	1.987976	0.534319	2.653593	5.175887
33	93	1.987976	0.502297	2.335855	4.826128
33	94	1.987976	0.520678	2.518241	5.026895
33	95	1.987976	0.521970	2.531060	5.041006
33	96	1.987976	0.517926	2.490938	4.996841
33	97	1.987976	0.448730	1.804335	4.241040
33	98	1.987976	0.480150	2.116105	4.584231
33	99	1.987976	0.469702	2.012434	4.470112
34	0	2.092570	0.450155	1.818482	4.361207
34	1	2.092570	0.480331	2.117902	4.690803
34	2	2.092570	0.537851	2.688641	5.319062
34	3	2.092570	0.469890	2.014298	4.576758
34	4	2.092570	0.480255	2.117149	4.689974
34	5	2.092570	0.595734	3.262989	5.951294
34	6	2.092570	0.517988	2.491554	5.102112
34	7	2.092570	0.457786	1.894195	4.444552
34	8	2.092570	0.494502	2.258512	4.845585
34	9	2.092570	0.504932	2.361999	4.959501
34	10	2.092570	0.420521	1.524437	4.037529
34	11	2.092570	0.504634	2.359043	4.956247
34	12	2.092570	0.470663	2.021964	4.585197
34	13	2.092570	0.435661	1.674658	4.202889
34	14	2.092570	0.494502	2.258512	4.845585
34	15	2.092570	0.518406	2.495698	5.106674
34	16	2.092570	0.463892	1.954784	4.511246
34	17	2.092570	0.446355	1.780770	4.319695
34	18	2.092570	0.522912	2.540411	5.155894
34	19	2.092570	0.494502	2.258512	4.845585
34	20	2.092570	0.471899	2.034236	4.598705
34	21	2.092570	0.469890	2.014298	4.576758
34	22	2.092570	0.537851	2.688641	5.319062
34	23	2.092570	0.504932	2.361999	4.959501
34	24	2.092570	0.537065	2.680843	5.310478
34	25	2.092570	0.530033	2.611066	5.233669
34	26	2.092570	0.537851	2.688641	5.319062
34	27	2.092570	0.543960	2.802219	5.438749
34	28	2.092570	0.435661	1.674658	4.202889
34	29	2.092570	0.475319	2.068169	4.636058
34	30	2.092570	0.427919	1.597843	4.118332
34	31	2.092570	0.506527	2.748576	5.347673
34	32	2.092570	0.512235	2.646320	5.251125
34	33	2.092570	0.524603	2.557189	5.174362
34	34	2.092570	0.565524	2.963223	5.621317
34	35	2.092570	0.418833	1.507684	4.019087
34	36	2.092570	0.484725	2.161501	4.738797
34	37	2.092570	0.475319	2.068169	4.636058
34	38	2.092570	0.511905	2.431187	5.035662
34	39	2.092570	0.537203	2.682213	5.311986
34	40	2.092570	0.560702	2.968342	5.621614
34	41	2.092570	0.480255	2.117149	4.689974
34	42	2.092570	0.430209	1.620565	4.143344
34	43	2.092570	0.530033	2.611066	5.233669
34	44	2.092570	0.579026	3.097195	5.768790
34	45	2.092570	0.557326	2.987810	5.637706
34	46	2.092570	0.537174	2.681924	5.311668
34	47	2.092570	0.463103	1.946949	4.502622
34	48	2.092570	0.492907	2.560464	5.145941
34	49	2.092570	0.480547	2.120037	4.693153
34	50	2.092570	0.494502	2.258512	4.845585
34	51	2.092570	0.483281	2.147165	4.723015
34	52	2.092570	0.449973	1.816672	4.359215
34	53	2.092570	0.458539	1.901666	4.452775
34	54	2.092570	0.463460	1.950499	4.506530
34	55	2.092570	0.504932	2.361999	4.959501
34	56	2.092570	0.512898	2.441040	5.046507
34	57	2.092570	0.535826	2.668543	5.296938
34	58	2.092570	0.480255	2.117149	4.689974
34	59	2.092570	0.471899	2.034236	4.598705
34	60	2.092570	0.478484	2.099570	4.670624
34	61	2.092570	0.473374	2.048868	4.614812
34	62	2.092570	0.469890	2.014298	4.576758
34	63	2.092570	0.529895	2.609700	5.232166
34	64	2.092570	0.595734	3.262989	5.951294
34	65	2.092570	0.567659	2.984408	5.644637
34	66	2.092570	0.494502	2.258512	4.845585
34	67	2.092570	0.439746	1.715197	4.247513
34	68	2.092570	0.418833	1.507684	4.019087
34	69	2.092570	0.569817	3.111746	5.774132
34	70	2.092570	0.533857	2.649005	5.275432
34	71	2.092570	0.458539	1.901666	4.452775
34	72	2.092570	0.566934	2.977213	5.636717
34	73	2.092570	0.463460	1.950499	4.506530
34	74	2.092570	0.556417	2.872865	5.521853
34	75	2.092570	0.469788	2.013281	4.575638
34	76	2.092570	0.478484	2.099570	4.670624
34	77	2.092570	0.472724	2.042421	4.607715
34	78	2.092570	0.399308	1.313951	3.805830
34	79	2.092570	0.535826	2.668543	5.296938
34	80	2.092570	0.483669	2.151024	4.727263
34	81	2.092570	0.529895	2.609700	5.232166
34	82	2.092570	0.427919	1.597843	4.118332
34	83	2.092570	0.480547	2.120037	4.693153
34	84	2.092570	0.457786	1.894195	4.444552
34	85	2.092570	0.470663	2.021964	4.585197
34	86	2.092570	0.473374	2.048868	4.614812
34	87	2.092570	0.539813	2.708105	5.340488
34	88	2.092570	0.516726	2.743851	5.353147
34	89	2.092570	0.496244	2.275799	4.864613
34	90	2.092570	0.463103	1.946949	4.502622
34	91	2.092570	0.480331	2.117902	4.690803
34	92	2.092570	0.595734	3.262989	5.951294
34	93	2.092570	0.500016	2.313223	4.905810
34	94	2.092570	0.453332	2.379640	4.925542
34	95	2.092570	0.483669	2.151024	4.727263
34	96	2.092570	0.450155	1.818482	4.361207
34	97	2.092570	0.450155	1.818482	4.361207
34	98	2.092570	0.449973	1.816672	4.359215
34	99	2.092570	0.517988	2.491554	5.102112
35	0	2.105426	0.413644	1.456194	3.975264
35	1	2.105426	0.532146	2.632028	5.269600
35	2	2.105426	0.415341	1.473033	3.993800
35	3	2.105426	0.443498	1.752427	4.301352
35	4	2.105426	0.567901	2.986813	5.660140
35	5	2.105426	0.439235	1.710127	4.254788
35	6	2.105426	0.567901	2.986813	5.660140
35	7	2.105426	0.432839	1.646661	4.184926
35	8	2.105426	0.497431	2.287570	4.890427
35	9	2.105426	0.562741	2.935608	5.603775
35	10	2.105426	0.562741	2.935608	5.603775
35	11	2.105426	0.480163	2.116236	4.701825
35	12	2.105426	0.488093	2.194917	4.788436
35	13	2.105426	0.404315	1.363627	3.873368
35	14	2.105426	0.415341	1.473033	3.993800
35	15	2.105426	0.511898	2.431118	5.048442
35	16	2.105426	0.432839	1.646661	4.184926
35	17	2.105426	0.537337	2.683539	5.326303
35	18	2.105426	0.456196	1.878418	4.440040
35	19	2.105426	0.491928	2.232974	4.830329
35	20	2.105426	0.550815	2.817278	5.473520
35	21	2.105426	0.492235	2.236012	4.833673
35	22	2.105426	0.502242	2.335309	4.942977
35	23	2.105426	0.427428	1.592970	4.125824
35	24	2.105426	0.498819	2.301343	4.905588
35	25	2.105426	0.453949	1.856123	4.415498
35	26	2.105426	0.432839	1.646661	4.184926
35	27	2.105426	0.452285	1.839613	4.397324
35	28	2.105426	0.497431	2.287570	4.890427
35	29	2.105426	0.457900	1.895328	4.458655
35	30	2.105426	0.562741	2.935608	5.603775
35	31	2.105426	0.513547	2.659340	5.278313
35	32	2.105426	0.502242	2.335309	4.942977
35	33	2.105426	0.498819	2.301343	4.905588
35	34	2.105426	0.492665	2.240280	4.838371
35	35	2.105426	0.452285	1.839613	4.397324
35	36	2.105426	0.476619	2.081062	4.663107
35	37	2.105426	0.513547	2.659340	5.278313
35	38	2.105426	0.494934	2.262795	4.863155
35	39	2.105426	0.534355	2.706915	5.346696
35	40	2.105426	0.408887	1.408990	3.923303
35	41	2.105426	0.441012	1.727755	4.274193
35	42	2.105426	0.497431	2.287570	4.890427
35	43	2.105426	0.506137	2.373959	4.985522
35	44	2.105426	0.408887	1.408990	3.923303
35	45	2.105426	0.439235	1.710127	4.254788
35	46	2.105426	0.486245	2.176577	4.768247
35	47	2.105426	0.408887	1.408990	3.923303
35	48	2.105426	0.474653	2.061557	4.641637
35	49	2.105426	0.559924	2.907663	5.573014
35	50	2.105426	0.393209	1.253434	3.752070
35	51	2.105426	0.557173	2.880364	5.542963
35	52	2.105426	0.476619	2.081062	4.663107
35	53	2.105426	0.443498	1.752427	4.301352
35	54	2.105426	0.537849	2.688617	5.331892
35	55	2.105426	0.497431	2.287570	4.890427
35	56	2.105426	0.555802	2.866762	5.527991
35	57	2.105426	0.510940	2.421613	5.037979
35	58	2.105426	0.467224	1.987846	4.560496
35	59	2.105426	0.511898	2.431118	5.048442
35	60	2.105426	0.484422	2.158490	4.748339
35	61	2.105426	0.508361	2.607878	5.221665
35	62	2.105426	0.545210	2.761662	5.412299
35	63	2.105426	0.467224	1.987846	4.560496
35	64	2.105426	0.439235	1.710127	4.254788
35	65	2.105426	0.476619	2.081062	4.663107
35	66	2.105426	0.452285	1.839613	4.397324
35	67	2.105426	0.427428	1.592970	4.125824
35	68	2.105426	0.503663	2.349415	4.958504
35	69	2.105426	0.404495	1.365411	3.875332
35	70	2.105426	0.491928	2.232974	4.830329
35	71	2.105426	0.498819	2.301343	4.905588
35	72	2.105426	0.448340	1.800464	4.354230
35	73	2.105426	0.580877	3.168526	5.854829
35	74	2.105426	0.506137	2.373959	4.985522
35	75	2.105426	0.453949	1.856123	4.415498
35	76	2.105426	0.488093	2.194917	4.788436
35	77	2.105426	0.453949	1.856123	4.415498
35	78	2.105426	0.453949	1.856123	4.415498
35	79	2.105426	0.524041	2.551611	5.181078
35	80	2.105426	0.524041	2.551611	5.181078
35	81	2.105426	0.456493	1.881366	4.443285
35	82	2.105426	0.492235	2.236012	4.833673
35	83	2.105426	0.408887	1.408990	3.923303
35	84	2.105426	0.404495	1.365411	3.875332
35	85	2.105426	0.508361	2.607878	5.221665
35	86	2.105426	0.492665	2.240280	4.838371
35	87	2.105426	0.562741	2.935608	5.603775
35	88	2.105426	0.455164	1.868176	4.428766
35	89	2.105426	0.457900	1.895328	4.458655
35	90	2.105426	0.563632	3.050385	5.719443
35	91	2.105426	0.511898	2.431118	5.048442
35	92	2.105426	0.478636	2.101084	4.685147
35	93	2.105426	0.421136	1.530540	4.057103
35	94	2.105426	0.501992	2.544686	5.152105
35	95	2.105426	0.333465	1.613965	4.052856
35	96	2.105426	0.448340	1.800464	4.354230
35	97	2.105426	0.577102	3.078112	5.760641
35	98	2.105426	0.478869	2.103389	4.687684
35	99	2.105426	0.545584	2.765369	5.416379
36	0	2.155293	0.500966	2.322645	4.978904
36	1	2.155293	0.441359	1.731202	4.327855
36	2	2.155293	0.544866	2.758248	5.458407
36	3	2.155293	0.469274	2.008186	4.632754
36	4	2.155293	0.418376	1.503154	4.076823
36	5	2.155293	0.458599	1.902261	4.516153
36	6	2.155293	0.441359	1.731202	4.327855
36	7	2.155293	0.484182	2.156109	4.795584
36	8	2.155293	0.466927	1.984892	4.607112
36	9	2.155293	0.418376	1.503154	4.076823
36	10	2.155293	0.478277	2.362340	4.995911
36	11	2.155293	0.500253	2.315572	4.971118
36	12	2.155293	0.503667	2.349453	5.008413
36	13	2.155293	0.441359	1.731202	4.327855
36	14	2.155293	0.526186	2.572898	5.254377
36	15	2.155293	0.500253	2.315572	4.971118
36	16	2.155293	0.534738	2.657752	5.347783
36	17	2.155293	0.484748	2.161727	4.801768
36	18	2.155293	0.461886	1.934876	4.552055
36	19	2.155293	0.545324	2.762793	5.463411
36	20	2.155293	0.465665	1.972378	4.593337
36	21	2.155293	0.513115	2.443202	5.111610
36	22	2.155293	0.506420	2.376763	5.038476
36	23	2.155293	0.460223	1.918380	4.533896
36	24	2.155293	0.428932	1.607889	4.192114
36	25	2.155293	0.463454	1.950433	4.569180
36	26	2.155293	0.500966	2.322645	4.978904
36	27	2.155293	0.498875	2.566715	5.220883
36	28	2.155293	0.451739	1.834194	4.441226
36	29	2.155293	0.517913	2.490802	5.164008
36	30	2.155293	0.451739	1.834194	4.441226
36	31	2.155293	0.534738	2.657752	5.347783
36	32	2.155293	0.482755	2.141945	4.779993
36	33	2.155293	0.526186	2.572898	5.254377
36	34	2.155293	0.582628	3.132940	5.870862
36	35	2.155293	0.451247	1.829309	4.435849
36	36	2.155293	0.486045	2.174596	4.815934
36	37	2.155293	0.484748	2.161727	4.801768
36	38	2.155293	0.483203	2.146399	4.784895
36	39	2.155293	0.486045	2.174596	4.815934
36	40	2.155293	0.506420	2.376763	5.038476
36	41	2.155293	0.484748	2.161727	4.801768
36	42	2.155293	0.408629	1.406432	3.970354
36	43	2.155293	0.467405	1.989635	4.612333
36	44	2.155293	0.480884	2.123381	4.759558
36	45	2.155293	0.463454	1.950433	4.569180
36	46	2.155293	0.534181	2.652224	5.341698
36	47	2.155293	0.409593	1.416002	3.980888
36	48	2.155293	0.555656	2.918273	5.629222
36	49	2.155293	0.556766	2.876324	5.588383
36	50	2.155293	0.462076	1.936758	4.554127
36	51	2.155293	0.516797	2.479730	5.151820
36	52	2.155293	0.458599	1.902261	4.516153
36	53	2.155293	0.556591	2.874588	5.586472
36	54	2.155293	0.469274	2.008186	4.632754
36	55	2.155293	0.497324	2.657257	5.309875
36	56	2.155293	0.462818	1.944122	4.562233
36	57	2.155293	0.523969	2.656823	5.336086
36	58	2.155293	0.542320	2.785949	5.483562
36	59	2.155293	0.541765	2.727480	5.424539
36	60	2.155293	0.589337	3.199507	5.944137
36	61	2.155293	0.513500	2.817763	5.486556
36	62	2.155293	0.513605	2.448062	5.116960
36	63	2.155293	0.488689	2.200833	4.844815
36	64	2.155293	0.436148	1.679490	4.270931
36	65	2.155293	0.534181	2.652224	5.341698
36	66	2.155293	0.536086	2.671132	5.362511
36	67	2.155293	0.451247	1.829309	4.435849
36	68	2.155293	0.462818	1.944122	4.562233
36	69	2.155293	0.517913	2.490802	5.164008
36	70	2.155293	0.464066	1.956505	4.575864
36	71	2.155293	0.507236	2.384858	5.047387
36	72	2.155293	0.500253	2.315572	4.971118
36	73	2.155293	0.347609	1.648379	4.151281
36	74	2.155293	0.403618	1.992275	4.551186
36	75	2.155293	0.517913	2.490802	5.164008
36	76	2.155293	0.436148	1.679490	4.270931
36	77	2.155293	0.423608	1.555060	4.133961
36	78	2.155293	0.467405	1.989635	4.612333
36	79	2.155293	0.533485	2.645316	5.334094
36	80	2.155293	0.545324	2.762793	5.463411
36	81	2.155293	0.484748	2.161727	4.801768
36	82	2.155293	0.466927	1.984892	4.607112
36	83	2.155293	0.458599	1.902261	4.516153
36	84	2.155293	0.461886	1.934876	4.552055
36	85	2.155293	0.462076	1.936758	4.554127
36	86	2.155293	0.506420	2.376763	5.038476
36	87	2.155293	0.515003	2.461933	5.132229
36	88	2.155293	0.556591	2.874588	5.586472
36	89	2.155293	0.462818	1.944122	4.562233
36	90	2.155293	0.391887	1.240313	3.787493
36	91	2.155293	0.391887	1.240313	3.787493
36	92	2.155293	0.506471	2.377274	5.039039
36	93	2.155293	0.436148	1.679490	4.270931
36	94	2.155293	0.528041	2.750194	5.433528
36	95	2.155293	0.408629	1.406432	3.970354
36	96	2.155293	0.463454	1.950433	4.569180
36	97	2.155293	0.562808	2.936278	5.654379
36	98	2.155293	0.557053	2.879176	5.591523
36	99	2.155293	0.461886	1.934876	4.552055
37	0	2.091414	0.495509	2.639248	5.226170
37	1	2.091414	0.477930	2.094070	4.663413
37	2	2.091414	0.544332	2.752949	5.388694
37	3	2.091414	0.468586	2.001362	4.561362
37	4	2.091414	0.430003	1.618517	4.139934
37	5	2.091414	0.477011	2.084957	4.653382
37	6	2.091414	0.470966	2.024970	4.587349
37	7	2.091414	0.518765	2.499257	5.109436
37	8	2.091414	0.413974	1.459472	3.964859
37	9	2.091414	0.525031	2.561431	5.177875
37	10	2.091414	0.476143	2.076347	4.643904
37	11	2.091414	0.551464	2.823719	5.466596
37	12	2.091414	0.485592	2.170104	4.747110
37	13	2.091414	0.513326	2.445290	5.050029
37	14	2.091414	0.512294	2.752834	5.356542
37	15	2.091414	0.556628	2.874959	5.523001
37	16	2.091414	0.501097	2.323947	4.916457
37	17	2.091414	0.506464	2.377207	4.975085
37	18	2.091414	0.477011	2.084957	4.653382
37	19	2.091414	0.468815	2.003635	4.563864
37	20	2.091414	0.483688	2.416032	4.991134
37	21	2.091414	0.483858	2.152895	4.728167
37	22	2.091414	0.484576	2.160022	4.736012
37	23	2.091414	0.487639	2.190412	4.769464
37	24	2.091414	0.557705	2.885645	5.534764
37	25	2.091414	0.470969	2.025005	4.587388
37	26	2.091414	0.453058	1.847279	4.391750
37	27	2.091414	0.484576	2.160022	4.736012
37	28	2.091414	0.514354	2.455488	5.061256
37	29	2.091414	0.417928	1.498705	4.008047
37	30	2.091414	0.496457	2.277907	4.865777
37	31	2.091414	0.562802	2.936212	5.590427
37	32	2.091414	0.470969	2.025005	4.587388
37	33	2.091414	0.444197	1.759356	4.294966
37	34	2.091414	0.556381	2.872507	5.520302
37	35	2.091414	0.406152	1.381857	3.879423
37	36	2.091414	0.521992	2.531276	5.144681
37	37	2.091414	0.530895	2.619622	5.241931
37	38	2.091414	0.470969	2.025005	4.587388
37	39	2.091414	0.547414	2.783527	5.422355
37	40	2.091414	0.549223	2.801475	5.442111
37	41	2.091414	0.477011	2.084957	4.653382
37	42	2.091414	0.453058	1.847279	4.391750
37	43	2.091414	0.522151	2.532862	5.146427
37	44	2.091414	0.513326	2.445290	5.050029
37	45	2.091414	0.422201	1.541108	4.054723
37	46	2.091414	0.557126	2.879897	5.528437
37	47	2.091414	0.525031	2.561431	5.177875
37	48	2.091414	0.557640	2.884992	5.534045
37	49	2.091414	0.444197	1.759356	4.294966
37	50	2.091414	0.454376	1.860358	4.406148
37	51	2.091414	0.472533	2.040520	4.604466
37	52	2.091414	0.430631	1.624746	4.146791
37	53	2.091414	0.491929	2.232982	4.816325
37	54	2.091414	0.518699	2.498606	5.108719
37	55	2.091414	0.521992	2.531276	5.144681
37	56	2.091414	0.484576	2.160022	4.736012
37	57	2.091414	0.406152	1.381857	3.879423
37	58	2.091414	0.518765	2.499257	5.109436
37	59	2.091414	0.422201	1.541108	4.054723
37	60	2.091414	0.512294	2.752834	5.356542
37	61	2.091414	0.507239	2.384889	4.983541
37	62	2.091414	0.484775	2.161991	4.738179
37	63	2.091414	0.472705	2.518899	5.083018
37	64	2.091414	0.523679	2.548023	5.163116
37	65	2.091414	0.472533	2.040520	4.604466
37	66	2.091414	0.522151	2.532862	5.146427
37	67	2.091414	0.499778	2.310860	4.902051
37	68	2.091414	0.551081	2.819912	5.462406
37	69	2.091414	0.517268	2.802192	5.410874
37	70	2.091414	0.605122	3.356140	6.052675
37	71	2.091414	0.549223	2.801475	5.442111
37	72	2.091414	0.511148	2.476642	5.079204
37	73	2.091414	0.506464	2.377207	4.975085
37	74	2.091414	0.521992	2.531276	5.144681
37	75	2.091414	0.567257	2.980422	5.639092
37	76	2.091414	0.618045	3.484369	6.193828
37	77	2.091414	0.453178	1.848476	4.393068
37	78	2.091414	0.510170	2.678791	5.280374
37	79	2.091414	0.492585	2.239488	4.823487
37	80	2.091414	0.499778	2.310860	4.902051
37	81	2.091414	0.522151	2.532862	5.146427
37	82	2.091414	0.557705	2.885645	5.534764
37	83	2.091414	0.428918	2.243322	4.763654
37	84	2.091414	0.477192	2.086753	4.655359
37	85	2.091414	0.518699	2.498606	5.108719
37	86	2.091414	0.518699	2.498606	5.108719
37	87	2.091414	0.453058	1.847279	4.391750
37	88	2.091414	0.513326	2.445290	5.050029
37	89	2.091414	0.577764	3.190601	5.859778
37	90	2.091414	0.464419	1.960012	4.515845
37	91	2.091414	0.443538	1.752816	4.287767
37	92	2.091414	0.501097	2.323947	4.916457
37	93	2.091414	0.396370	1.284797	3.772580
37	94	2.091414	0.518699	2.498606	5.108719
37	95	2.091414	0.491576	2.229481	4.812471
37	96	2.091414	0.522352	2.534855	5.148621
37	97	2.091414	0.545096	2.760533	5.397043
37	98	2.091414	0.579187	3.098796	5.769396
37	99	2.091414	0.513122	2.443271	5.047807
38	0	2.082492	0.454429	1.860882	4.397802
38	1	2.082492	0.476381	2.078707	4.637580
38	2	2.082492	0.580814	3.114940	5.778246
38	3	2.082492	0.462803	1.943972	4.489267
38	4	2.082492	0.557700	2.885594	5.525785
38	5	2.082492	0.454429	1.860882	4.397802
38	6	2.082492	0.545107	2.760635	5.388234
38	7	2.082492	0.469953	2.014920	4.567365
38	8	2.082492	0.504363	2.356359	4.943214
38	9	2.082492	0.518946	2.501051	5.102488
38	10	2.082492	0.565257	2.960576	5.608324
38	11	2.082492	0.446834	1.785526	4.314852
38	12	2.082492	0.478217	2.467673	5.028382
38	13	2.082492	0.484619	2.160449	4.727560
38	14	2.082492	0.545107	2.760635	5.388234
38	15	2.082492	0.511302	2.425208	5.019002
38	16	2.082492	0.457433	1.890693	4.430618
38	17	2.082492	0.478512	2.099845	4.660848
38	18	2.082492	0.456487	1.881302	4.420281
38	19	2.082492	0.524287	2.554048	5.160827
38	20	2.082492	0.531236	2.834862	5.448590
38	21	2.082492	0.496385	2.277190	4.856066
38	22	2.082492	0.524287	2.554048	5.160827
38	23	2.082492	0.507697	2.389434	4.979623
38	24	2.082492	0.406086	1.381198	3.869775
38	25	2.082492	0.580814	3.114940	5.778246
38	26	2.082492	0.525852	2.834403	5.442748
38	27	2.082492	0.526278	2.573809	5.182578
38	28	2.082492	0.524287	2.554048	5.160827
38	29	2.082492	0.479702	2.111656	4.673850
38	30	2.082492	0.525852	2.834403	5.442748
38	31	2.082492	0.488221	2.196185	4.766897
38	32	2.082492	0.396346	1.284554	3.763392
38	33	2.082492	0.507894	2.391395	4.981781
38	34	2.082492	0.443302	1.750481	4.276275
38	35	2.082492	0.457433	1.890693	4.430618
38	36	2.082492	0.496385	2.277190	4.856066
38	37	2.082492	0.524287	2.554048	5.160827
38	38	2.082492	0.484619	2.160449	4.727560
38	39	2.082492	0.469085	2.006313	4.557890
38	40	2.082492	0.534724	2.657613	5.274828
38	41	2.082492	0.571207	3.019613	5.673311
38	42	2.082492	0.575433	3.061544	5.719468
38	43	2.082492	0.436365	2.370171	4.889028
38	44	2.082492	0.517107	2.482812	5.082411
38	45	2.082492	0.396346	1.284554	3.763392
38	46	2.082492	0.478512	2.099845	4.660848
38	47	2.082492	0.439951	1.717231	4.239674
38	48	2.082492	0.557700	2.885594	5.525785
38	49	2.082492	0.443302	1.750481	4.276275
38	50	2.082492	0.446834	1.785526	4.314852
38	51	2.082492	0.525422	2.565314	5.173228
38	52	2.082492	0.496293	2.276285	4.855070
38	53	2.082492	0.469953	2.014920	4.567365
38	54	2.082492	0.456487	1.881302	4.420281
38	55	2.082492	0.542861	2.738351	5.363703
38	56	2.082492	0.511302	2.425208	5.019002
38	57	2.082492	0.480546	2.120034	4.683072
38	58	2.082492	0.480546	2.120034	4.683072
38	59	2.082492	0.443302	1.750481	4.276275
38	60	2.082492	0.458155	1.897858	4.438504
38	61	2.082492	0.478217	2.467673	5.028382
38	62	2.082492	0.570434	3.011948	5.664874
38	63	2.082492	0.469953	2.014920	4.567365
38	64	2.082492	0.534724	2.657613	5.274828
38	65	2.082492	0.469031	2.005776	4.557299
38	66	2.082492	0.406086	1.381198	3.869775
38	67	2.082492	0.406086	1.381198	3.869775
38	68	2.082492	0.568032	3.147007	5.797531
38	69	2.082492	0.542248	2.732274	5.357014
38	70	2.082492	0.507697	2.389434	4.979623
38	71	2.082492	0.530895	2.619623	5.233010
38	72	2.082492	0.517107	2.482812	5.082411
38	73	2.082492	0.504083	2.353580	4.940155
38	74	2.082492	0.461029	1.926377	4.469898
38	75	2.082492	0.504363	2.356359	4.943214
38	76	2.082492	0.454429	1.860882	4.397802
38	77	2.082492	0.477664	2.091439	4.651595
38	78	2.082492	0.496293	2.276285	4.855070
38	79	2.082492	0.496293	2.276285	4.855070
38	80	2.082492	0.415359	2.161738	4.659588
38	81	2.082492	0.469031	2.005776	4.557299
38	82	2.082492	0.504083	2.353580	4.940155
38	83	2.082492	0.534724	2.657613	5.274828
38	84	2.082492	0.530895	2.619623	5.233010
38	85	2.082492	0.560156	2.909958	5.552605
38	86	2.082492	0.458155	1.897858	4.438504
38	87	2.082492	0.496385	2.277190	4.856066
38	88	2.082492	0.522428	2.535604	5.140523
38	89	2.082492	0.507697	2.389434	4.979623
38	90	2.082492	0.479702	2.111656	4.673850
38	91	2.082492	0.492266	2.236322	4.811080
38	92	2.082492	0.469031	2.005776	4.557299
38	93	2.082492	0.446834	1.785526	4.314852
38	94	2.082492	0.502641	2.604090	5.189223
38	95	2.082492	0.446834	1.785526	4.314852
38	96	2.082492	0.539811	2.708090	5.330393
38	97	2.082492	0.523128	2.701444	5.307064
38	98	2.082492	0.406086	1.381198	3.869775
38	99	2.082492	0.539811	2.708090	5.330393
39	0	2.129347	0.422252	1.541606	4.093205
39	1	2.129347	0.415665	2.111815	4.656827
39	2	2.129347	0.441473	1.732327	4.303146
39	3	2.129347	0.470987	2.025182	4.625516
39	4	2.129347	0.413045	1.450253	3.992645
39	5	2.129347	0.508268	2.395107	5.032723
39	6	2.129347	0.593885	3.244637	5.967870
39	7	2.129347	0.464794	1.963733	4.557874
39	8	2.129347	0.508268	2.395107	5.032723
39	9	2.129347	0.446836	1.785547	4.361730
39	10	2.129347	0.506341	2.375978	5.011666
39	11	2.129347	0.464328	1.959111	4.552786
39	12	2.129347	0.478356	2.098304	4.706007
39	13	2.129347	0.463813	1.953994	4.547154
39	14	2.129347	0.528935	2.600168	5.258450
39	15	2.129347	0.525610	2.567175	5.222132
39	16	2.129347	0.499583	2.308926	4.937856
39	17	2.129347	0.464794	1.963733	4.557874
39	18	2.129347	0.454997	1.866519	4.450862
39	19	2.129347	0.513153	2.443574	5.086074
39	20	2.129347	0.495116	2.264598	4.889061
39	21	2.129347	0.447006	1.787229	4.363582
39	22	2.129347	0.552049	2.882479	5.563875
39	23	2.129347	0.507698	2.389451	5.026496
39	24	2.129347	0.478356	2.098304	4.706007
39	25	2.129347	0.505452	2.631980	5.266779
39	26	2.129347	0.446299	2.150957	4.726603
39	27	2.129347	0.506451	2.377076	5.012875
39	28	2.129347	0.447006	1.787229	4.363582
39	29	2.129347	0.587140	3.177711	5.894199
39	30	2.129347	0.506451	2.377076	5.012875
39	31	2.129347	0.466071	1.976406	4.571824
39	32	2.129347	0.506341	2.375978	5.011666
39	33	2.129347	0.454997	1.866519	4.450862
39	34	2.129347	0.462788	1.943828	4.535963
39	35	2.129347	0.522167	2.533019	5.184534
39	36	2.129347	0.470987	2.025182	4.625516
39	37	2.129347	0.448451	1.801565	4.379363
39	38	2.129347	0.523746	2.548686	5.201780
39	39	2.129347	0.493846	2.252005	4.875199
39	40	2.129347	0.525610	2.567175	5.222132
39	41	2.129347	0.537784	2.687980	5.355111
39	42	2.129347	0.466071	1.976406	4.571824
39	43	2.129347	0.535639	2.878549	5.543535
39	44	2.129347	0.529642	2.819041	5.478030
39	45	2.129347	0.558843	3.055824	5.744014
39	46	2.129347	0.470987	2.025182	4.625516
39	47	2.129347	0.502128	2.334177	4.965652
39	48	2.129347	0.464328	1.959111	4.552786
39	49	2.129347	0.451430	1.831131	4.411909
39	50	2.129347	0.475104	2.066037	4.670488
39	51	2.129347	0.560173	2.910127	5.599646
39	52	2.129347	0.466071	1.976406	4.571824
39	53	2.129347	0.510697	2.419207	5.059251
39	54	2.129347	0.464328	1.959111	4.552786
39	55	2.129347	0.478021	2.094982	4.702351
39	56	2.129347	0.475104	2.066037	4.670488
39	57	2.129347	0.422252	1.541606	4.093205
39	58	2.129347	0.498641	2.299575	4.927563
39	59	2.129347	0.457044	2.098690	4.685082
39	60	2.129347	0.468579	2.001287	4.599214
39	61	2.129347	0.473580	2.050911	4.653838
39	62	2.129347	0.522167	2.533019	5.184534
39	63	2.129347	0.557901	2.887582	5.574830
39	64	2.129347	0.462788	1.943828	4.535963
39	65	2.129347	0.505445	2.367089	5.001881
39	66	2.129347	0.464794	1.963733	4.557874
39	67	2.129347	0.499583	2.308926	4.937856
39	68	2.129347	0.498641	2.299575	4.927563
39	69	2.129347	0.480991	2.124450	4.734789
39	70	2.129347	0.568849	2.996220	5.694417
39	71	2.129347	0.533560	2.646062	5.308969
39	72	2.129347	0.413825	1.457994	4.001166
39	73	2.129347	0.465513	1.970872	4.565732
39	74	2.129347	0.446836	1.785547	4.361730
39	75	2.129347	0.506341	2.375978	5.011666
39	76	2.129347	0.523746	2.548686	5.201780
39	77	2.129347	0.486087	2.175014	4.790448
39	78	2.129347	0.530919	2.619860	5.280127
39	79	2.129347	0.560173	2.910127	5.599646
39	80	2.129347	0.451430	1.831131	4.411909
39	81	2.129347	0.578836	3.095311	5.803494
39	82	2.129347	0.505452	2.631980	5.266779
39	83	2.129347	0.530919	2.619860	5.280127
39	84	2.129347	0.463813	1.953994	4.547154
39	85	2.129347	0.508359	2.396007	5.033714
39	86	2.129347	0.456597	1.882395	4.468339
39	87	2.129347	0.456143	1.877895	4.463386
39	88	2.129347	0.560173	2.910127	5.599646
39	89	2.129347	0.478356	2.098304	4.706007
39	90	2.129347	0.510697	2.419207	5.059251
39	91	2.129347	0.441473	1.732327	4.303146
39	92	2.129347	0.465513	1.970872	4.565732
39	93	2.129347	0.462788	1.943828	4.535963
39	94	2.129347	0.528935	2.600168	5.258450
39	95	2.129347	0.454014	2.227513	4.810874
39	96	2.129347	0.505445	2.367089	5.001881
39	97	2.129347	0.463813	1.953994	4.547154
39	98	2.129347	0.456143	1.877895	4.463386
39	99	2.129347	0.508359	2.396007	5.033714
40	0	2.068468	0.493699	2.250541	4.812708
40	1	2.068468	0.505215	2.364809	4.938492
40	2	2.068468	0.449526	1.812233	4.330227
40	3	2.068468	0.480485	2.119425	4.668378
40	4	2.068468	0.524831	2.559452	5.152751
40	5	2.068468	0.451738	1.834186	4.354392
40	6	2.068468	0.527373	2.584671	5.180512
40	7	2.068468	0.525236	2.563468	5.157172
40	8	2.068468	0.478997	2.422442	4.969907
40	9	2.068468	0.463328	1.949188	4.480985
40	10	2.068468	0.518889	2.500489	5.087846
40	11	2.068468	0.556552	2.874202	5.499222
40	12	2.068468	0.405579	1.376168	3.850215
40	13	2.068468	0.547717	2.786537	5.402722
40	14	2.068468	0.539484	2.704847	5.312800
40	15	2.068468	0.522349	2.534820	5.125638
40	16	2.068468	0.480737	2.121931	4.671137
40	17	2.068468	0.480309	2.117680	4.666457
40	18	2.068468	0.471670	2.031959	4.572097
40	19	2.068468	0.480485	2.119425	4.668378
40	20	2.068468	0.536828	2.678494	5.283791
40	21	2.068468	0.527003	2.739892	5.335364
40	22	2.068468	0.522349	2.534820	5.125638
40	23	2.068468	0.562432	2.932546	5.563447
40	24	2.068468	0.485233	2.166539	4.720241
40	25	2.068468	0.550233	2.811498	5.430199
40	26	2.068468	0.480485	2.119425	4.668378
40	27	2.068468	0.548568	2.794982	5.412019
40	28	2.068468	0.527373	2.584671	5.180512
40	29	2.068468	0.569630	3.003964	5.642062
40	30	2.068468	0.536828	2.678494	5.283791
40	31	2.068468	0.489712	2.210984	4.769164
40	32	2.068468	0.485500	2.169186	4.723155
40	33	2.068468	0.511319	2.425381	5.005169
40	34	2.068468	0.502296	2.335847	4.906612
40	35	2.068468	0.480737	2.121931	4.671137
40	36	2.068468	0.527726	2.588179	5.184374
40	37	2.068468	0.416156	1.481122	3.965747
40	38	2.068468	0.494838	2.261848	4.825155
40	39	2.068468	0.556552	2.874202	5.499222
40	40	2.068468	0.569976	3.007399	5.645843
40	41	2.068468	0.498307	2.296261	4.863035
40	42	2.068468	0.528423	2.753978	5.350869
40	43	2.068468	0.395873	1.279862	3.744203
40	44	2.068468	0.562432	2.932546	5.563447
40	45	2.068468	0.477072	2.085557	4.631096
40	46	2.068468	0.575556	3.062770	5.706795
40	47	2.068468	0.524468	2.555848	5.148784
40	48	2.068468	0.527881	2.589714	5.186064
40	49	2.068468	0.449526	1.812233	4.330227
40	50	2.068468	0.482700	2.141407	4.692575
40	51	2.068468	0.527160	2.582561	5.178190
40	52	2.068468	0.492883	2.719118	5.280469
40	53	2.068468	0.535255	2.662881	5.266604
40	54	2.068468	0.532620	2.636737	5.237825
40	55	2.068468	0.482700	2.141407	4.692575
40	56	2.068468	0.545156	2.814092	5.427716
40	57	2.068468	0.405579	1.376168	3.850215
40	58	2.068468	0.471670	2.031959	4.572097
40	59	2.068468	0.480485	2.119425	4.668378
40	60	2.068468	0.592043	3.226362	5.886873
40	61	2.068468	0.468488	2.318164	4.855120
40	62	2.068468	0.575556	3.062770	5.706795
40	63	2.068468	0.464406	1.959882	4.492757
40	64	2.068468	0.524468	2.555848	5.148784
40	65	2.068468	0.514650	2.458425	5.041543
40	66	2.068468	0.550233	2.811498	5.430199
40	67	2.068468	0.475851	2.073446	4.617765
40	68	2.068468	0.480309	2.117680	4.666457
40	69	2.068468	0.524468	2.555848	5.148784
40	70	2.068468	0.461182	1.927894	4.457545
40	71	2.068468	0.503521	2.348003	4.919992
40	72	2.068468	0.476786	2.082724	4.627978
40	73	2.068468	0.485500	2.169186	4.723155
40	74	2.068468	0.481117	2.549407	5.098993
40	75	2.068468	0.503521	2.348003	4.919992
40	76	2.068468	0.458217	1.898474	4.425159
40	77	2.068468	0.524831	2.559452	5.152751
40	78	2.068468	0.451738	1.834186	4.354392
40	79	2.068468	0.458217	1.898474	4.425159
40	80	2.068468	0.474053	2.055603	4.598124
40	81	2.068468	0.524468	2.555848	5.148784
40	82	2.068468	0.520130	2.512807	5.101406
40	83	2.068468	0.552981	2.891729	5.513178
40	84	2.068468	0.476786	2.082724	4.627978
40	85	2.068468	0.395873	1.279862	3.744203
40	86	2.068468	0.505215	2.364809	4.938492
40	87	2.068468	0.525236	2.563468	5.157172
40	88	2.068468	0.464406	1.959882	4.492757
40	89	2.068468	0.449526	1.812233	4.330227
40	90	2.068468	0.485233	2.166539	4.720241
40	91	2.068468	0.418400	1.503388	3.990257
40	92	2.068468	0.534146	2.916691	5.519305
40	93	2.068468	0.477072	2.085557	4.631096
40	94	2.068468	0.527373	2.584671	5.180512
40	95	2.068468	0.570180	3.009425	5.648073
40	96	2.068468	0.394842	2.064094	4.527405
40	97	2.068468	0.467333	1.988927	4.524729
40	98	2.068468	0.405579	1.376168	3.850215
40	99	2.068468	0.522349	2.534820	5.125638
41	0	2.194002	0.524919	2.560320	5.279241
41	1	2.194002	0.500656	2.319575	5.014233
41	2	2.194002	0.491309	2.226824	4.912134
41	3	2.194002	0.449365	1.810642	4.454010
41	4	2.194002	0.486160	2.175735	4.855897
41	5	2.194002	0.557713	2.885726	5.637441
41	6	2.194002	0.473420	2.049323	4.716745
41	7	2.194002	0.528096	2.591849	5.313947
41	8	2.194002	0.511491	2.427087	5.132581
41	9	2.194002	0.469404	2.009478	4.672885
41	10	2.194002	0.444802	1.765358	4.404161
41	11	2.194002	0.547815	2.787513	5.529330
41	12	2.194002	0.472629	2.041470	4.708101
41	13	2.194002	0.477595	2.090752	4.762349
41	14	2.194002	0.473420	2.049323	4.716745
41	15	2.194002	0.535179	2.662128	5.391309
41	16	2.194002	0.470523	2.020579	4.685104
41	17	2.194002	0.513014	2.759979	5.466995
41	18	2.194002	0.414745	2.102688	4.711435
41	19	2.194002	0.513813	2.450127	5.157942
41	20	2.194002	0.600956	3.314803	6.109761
41	21	2.194002	0.532606	2.636600	5.363208
41	22	2.194002	0.542345	2.733233	5.469580
41	23	2.194002	0.513957	2.451555	5.159514
41	24	2.194002	0.472466	2.039854	4.706322
41	25	2.194002	0.540829	2.718188	5.453019
41	26	2.194002	0.444802	1.765358	4.404161
41	27	2.194002	0.537563	2.685787	5.417352
41	28	2.194002	0.507983	2.763024	5.465009
41	29	2.194002	0.465682	1.972540	4.632224
41	30	2.194002	0.477595	2.090752	4.762349
41	31	2.194002	0.514859	2.460504	5.169365
41	32	2.194002	0.525730	2.621338	5.341070
41	33	2.194002	0.540311	2.713045	5.447358
41	34	2.194002	0.470106	2.016444	4.680553
41	35	2.194002	0.410737	2.062912	4.667651
41	36	2.194002	0.452956	1.846271	4.493229
41	37	2.194002	0.535179	2.662128	5.391309
41	38	2.194002	0.477595	2.090752	4.762349
41	39	2.194002	0.462171	1.937708	4.593882
41	40	2.194002	0.486160	2.175735	4.855897
41	41	2.194002	0.600462	3.309896	6.104360
41	42	2.194002	0.471761	2.350644	5.016407
41	43	2.194002	0.442927	1.746757	4.383686
41	44	2.194002	0.511491	2.427087	5.132581
41	45	2.194002	0.532606	2.636600	5.363208
41	46	2.194002	0.472629	2.041470	4.708101
41	47	2.194002	0.513813	2.450127	5.157942
41	48	2.194002	0.528096	2.591849	5.313947
41	49	2.194002	0.468216	1.997688	4.659906
41	50	2.194002	0.539103	2.701060	5.434165
41	51	2.194002	0.500656	2.319575	5.014233
41	52	2.194002	0.449365	1.810642	4.454010
41	53	2.194002	0.427597	2.230213	4.851813
41	54	2.194002	0.499984	2.312904	5.006890
41	55	2.194002	0.404849	1.368932	3.967784
41	56	2.194002	0.538127	2.691379	5.423508
41	57	2.194002	0.445703	1.774303	4.414008
41	58	2.194002	0.444802	1.765358	4.404161
41	59	2.194002	0.535179	2.662128	5.391309
41	60	2.194002	0.477595	2.090752	4.762349
41	61	2.194002	0.444802	1.765358	4.404161
41	62	2.194002	0.452956	1.846271	4.493229
41	63	2.194002	0.539478	2.704783	5.438263
41	64	2.194002	0.420455	1.523775	4.138231
41	65	2.194002	0.442927	1.746757	4.383686
41	66	2.194002	0.452956	1.846271	4.493229
41	67	2.194002	0.470106	2.016444	4.680553
41	68	2.194002	0.513014	2.759979	5.466995
41	69	2.194002	0.449365	1.810642	4.454010
41	70	2.194002	0.473420	2.049323	4.716745
41	71	2.194002	0.511491	2.427087	5.132581
41	72	2.194002	0.473868	2.053774	4.721644
41	73	2.194002	0.540311	2.713045	5.447358
41	74	2.194002	0.449365	1.810642	4.454010
41	75	2.194002	0.547580	2.785179	5.526761
41	76	2.194002	0.468216	1.997688	4.659906
41	77	2.194002	0.468122	2.367498	5.029622
41	78	2.194002	0.532606	2.636600	5.363208
41	79	2.194002	0.535179	2.662128	5.391309
41	80	2.194002	0.520234	2.513832	5.228068
41	81	2.194002	0.404849	1.368932	3.967784
41	82	2.194002	0.463454	1.950439	4.607895
41	83	2.194002	0.569875	3.059367	5.823244
41	84	2.194002	0.496861	2.281918	4.972781
41	85	2.194002	0.538127	2.691379	5.423508
41	86	2.194002	0.501776	2.330686	5.026464
41	87	2.194002	0.491271	2.226454	4.911727
41	88	2.194002	0.469457	2.010001	4.673460
41	89	2.194002	0.546535	2.774804	5.515341
41	90	2.194002	0.486160	2.175735	4.855897
41	91	2.194002	0.442927	1.746757	4.383686
41	92	2.194002	0.452956	1.846271	4.493229
41	93	2.194002	0.496853	2.281836	4.972691
41	94	2.194002	0.496861	2.281918	4.972781
41	95	2.194002	0.468216	1.997688	4.659906
41	96	2.194002	0.473868	2.053774	4.721644
41	97	2.194002	0.573874	3.046076	5.813952
41	98	2.194002	0.496861	2.281918	4.972781
41	99	2.194002	0.445703	1.774303	4.414008
42	0	2.024867	0.475240	2.067384	4.567492
42	1	2.024867	0.449148	1.808485	4.282501
42	2	2.024867	0.451876	1.835556	4.312300
42	3	2.024867	0.571895	3.026444	5.623206
42	4	2.024867	0.503875	2.351513	4.880255
42	5	2.024867	0.449148	1.808485	4.282501
42	6	2.024867	0.464091	2.327505	4.816464
42	7	2.024867	0.517283	2.484558	5.026709
42	8	2.024867	0.460645	1.922567	4.408080
42	9	2.024867	0.548871	2.797989	5.371727
42	10	2.024867	0.486445	2.178565	4.689877
42	11	2.024867	0.612344	3.427797	6.065009
42	12	2.024867	0.454662	1.863193	4.342722
42	13	2.024867	0.435704	2.151758	4.612329
42	14	2.024867	0.528272	2.593594	5.146733
42	15	2.024867	0.503875	2.351513	4.880255
42	16	2.024867	0.507645	2.547813	5.080325
42	17	2.024867	0.471922	2.034457	4.531246
42	18	2.024867	0.483972	2.418840	4.927679
42	19	2.024867	0.451876	1.835556	4.312300
42	20	2.024867	0.443142	1.748891	4.216900
42	21	2.024867	0.591865	3.224594	5.841327
42	22	2.024867	0.497497	2.288229	4.810593
42	23	2.024867	0.451876	1.835556	4.312300
42	24	2.024867	0.539105	2.701082	5.265054
42	25	2.024867	0.559136	2.899837	5.483840
42	26	2.024867	0.477654	2.091336	4.593858
42	27	2.024867	0.591865	3.224594	5.841327
42	28	2.024867	0.518526	2.496884	5.040278
42	29	2.024867	0.575350	3.060720	5.660937
42	30	2.024867	0.485501	2.169196	4.679564
42	31	2.024867	0.494852	2.261986	4.781706
42	32	2.024867	0.548483	2.953029	5.526379
42	33	2.024867	0.420626	1.525479	3.970973
42	34	2.024867	0.473519	2.050306	4.548692
42	35	2.024867	0.473519	2.050306	4.548692
42	36	2.024867	0.469504	2.010472	4.504844
42	37	2.024867	0.548672	2.796012	5.369551
42	38	2.024867	0.528946	2.600279	5.154092
42	39	2.024867	0.473592	2.051035	4.549495
42	40	2.024867	0.520963	2.521067	5.066897
42	41	2.024867	0.473592	2.051035	4.549495
42	42	2.024867	0.498827	2.301424	4.825119
42	43	2.024867	0.511584	2.428011	4.964463
42	44	2.024867	0.530354	2.614255	5.169477
42	45	2.024867	0.501446	2.327416	4.853730
42	46	2.024867	0.537190	2.682078	5.244135
42	47	2.024867	0.451676	1.833565	4.310108
42	48	2.024867	0.519462	2.506174	5.050503
42	49	2.024867	0.514126	2.453232	4.992226
42	50	2.024867	0.559136	2.899837	5.483840
42	51	2.024867	0.498827	2.301424	4.825119
42	52	2.024867	0.454662	1.863193	4.342722
42	53	2.024867	0.537190	2.682078	5.244135
42	54	2.024867	0.548871	2.797989	5.371727
42	55	2.024867	0.518526	2.496884	5.040278
42	56	2.024867	0.420626	1.525479	3.970973
42	57	2.024867	0.416497	1.484501	3.925865
42	58	2.024867	0.467482	2.361150	4.853500
42	59	2.024867	0.510996	2.422174	4.958038
42	60	2.024867	0.478978	2.104469	4.608314
42	61	2.024867	0.524524	2.556398	5.105789
42	62	2.024867	0.410854	1.428509	3.864230
42	63	2.024867	0.520963	2.521067	5.066897
42	64	2.024867	0.473592	2.051035	4.549495
42	65	2.024867	0.443142	1.748891	4.216900
42	66	2.024867	0.591865	3.224594	5.841327
42	67	2.024867	0.546837	2.777802	5.349506
42	68	2.024867	0.521382	2.525227	5.071476
42	69	2.024867	0.460440	1.920531	4.405838
42	70	2.024867	0.559136	2.899837	5.483840
42	71	2.024867	0.435921	1.677241	4.138029
42	72	2.024867	0.487173	2.450611	4.962651
42	73	2.024867	0.451676	1.833565	4.310108
42	74	2.024867	0.554465	2.906458	5.485791
42	75	2.024867	0.541993	2.729744	5.296605
42	76	2.024867	0.511584	2.428011	4.964463
42	77	2.024867	0.469504	2.010472	4.504844
42	78	2.024867	0.528272	2.593594	5.146733
42	79	2.024867	0.535588	2.666191	5.226647
42	80	2.024867	0.591865	3.224594	5.841327
42	81	2.024867	0.467482	2.361150	4.853500
42	82	2.024867	0.475056	2.065562	4.565485
42	83	2.024867	0.491460	2.228328	4.744656
42	84	2.024867	0.517944	2.650005	5.192816
42	85	2.024867	0.530354	2.614255	5.169477
42	86	2.024867	0.510482	2.417076	4.952426
42	87	2.024867	0.612344	3.427797	6.065009
42	88	2.024867	0.402784	1.348435	3.776086
42	89	2.024867	0.537190	2.682078	5.244135
42	90	2.024867	0.465736	1.973079	4.463683
42	91	2.024867	0.443142	1.748891	4.216900
42	92	2.024867	0.530354	2.614255	5.169477
42	93	2.024867	0.535588	2.666191	5.226647
42	94	2.024867	0.451676	1.833565	4.310108
42	95	2.024867	0.510482	2.417076	4.952426
42	96	2.024867	0.471922	2.034457	4.531246
42	97	2.024867	0.510482	2.417076	4.952426
42	98	2.024867	0.520963	2.521067	5.066897
42	99	2.024867	0.454662	1.863193	4.342722
43	0	2.025868	0.492392	2.237569	4.755829
43	1	2.025868	0.512160	2.804463	5.342491
43	2	2.025868	0.425931	1.578117	4.029917
43	3	2.025868	0.466227	1.977950	4.470045
43	4	2.025868	0.575448	3.061700	5.663017
43	5	2.025868	0.553868	2.847569	5.427305
43	6	2.025868	0.543318	2.742884	5.312070
43	7	2.025868	0.553010	2.839054	5.417932
43	8	2.025868	0.555285	2.861632	5.442786
43	9	2.025868	0.492392	2.237569	4.755829
43	10	2.025868	0.539109	2.701128	5.266106
43	11	2.025868	0.553868	2.847569	5.427305
43	12	2.025868	0.486924	2.183320	4.696113
43	13	2.025868	0.528241	2.593283	5.147393
43	14	2.025868	0.469762	2.013027	4.508657
43	15	2.025868	0.467260	1.988197	4.481325
43	16	2.025868	0.532883	2.639344	5.198095
43	17	2.025868	0.490949	2.223255	4.740072
43	18	2.025868	0.477294	2.087768	4.590931
43	19	2.025868	0.547640	2.785776	5.359285
43	20	2.025868	0.491651	2.230222	4.747741
43	21	2.025868	0.458064	1.896954	4.380887
43	22	2.025868	0.425931	1.578117	4.029917
43	23	2.025868	0.425931	1.578117	4.029917
43	24	2.025868	0.416003	1.479602	3.921474
43	25	2.025868	0.539109	2.701128	5.266106
43	26	2.025868	0.491651	2.230222	4.747741
43	27	2.025868	0.492067	2.605094	5.123029
43	28	2.025868	0.526836	2.579341	5.132045
43	29	2.025868	0.431606	1.634425	4.091900
43	30	2.025868	0.521172	2.523144	5.070184
43	31	2.025868	0.470150	2.016881	4.512899
43	32	2.025868	0.534702	2.657396	5.217966
43	33	2.025868	0.604942	3.354352	5.985162
43	34	2.025868	0.532883	2.639344	5.198095
43	35	2.025868	0.556630	3.033868	5.616366
43	36	2.025868	0.564802	2.956064	5.546734
43	37	2.025868	0.504976	2.362435	4.893279
43	38	2.025868	0.527072	2.581685	5.134625
43	39	2.025868	0.559386	2.902326	5.487581
43	40	2.025868	0.454996	1.866513	4.347378
43	41	2.025868	0.539100	2.701037	5.266006
43	42	2.025868	0.486924	2.183320	4.696113
43	43	2.025868	0.521172	2.523144	5.070184
43	44	2.025868	0.514924	2.461151	5.001944
43	45	2.025868	0.535470	2.665017	5.226356
43	46	2.025868	0.528360	2.594466	5.148695
43	47	2.025868	0.547640	2.785776	5.359285
43	48	2.025868	0.505047	2.733890	5.264805
43	49	2.025868	0.523069	2.541969	5.090907
43	50	2.025868	0.609955	3.404093	6.039916
43	51	2.025868	0.534702	2.657396	5.217966
43	52	2.025868	0.562855	2.936746	5.525470
43	53	2.025868	0.491651	2.230222	4.747741
43	54	2.025868	0.491651	2.230222	4.747741
43	55	2.025868	0.518118	2.757654	5.301639
43	56	2.025868	0.555285	2.861632	5.442786
43	57	2.025868	0.494393	2.575212	5.095473
43	58	2.025868	0.555285	2.861632	5.442786
43	59	2.025868	0.520009	2.511600	5.057478
43	60	2.025868	0.470150	2.016881	4.512899
43	61	2.025868	0.564802	2.956064	5.546734
43	62	2.025868	0.490919	2.222956	4.739743
43	63	2.025868	0.491651	2.230222	4.747741
43	64	2.025868	0.569792	3.005578	5.601238
43	65	2.025868	0.503644	2.349221	4.878733
43	66	2.025868	0.526836	2.579341	5.132045
43	67	2.025868	0.463856	1.954424	4.444148
43	68	2.025868	0.492067	2.605094	5.123029
43	69	2.025868	0.494005	2.253576	4.773449
43	70	2.025868	0.431606	1.634425	4.091900
43	71	2.025868	0.491651	2.230222	4.747741
43	72	2.025868	0.532883	2.639344	5.198095
43	73	2.025868	0.521853	2.529900	5.077621
43	74	2.025868	0.523118	2.542454	5.091440
43	75	2.025868	0.547497	2.784348	5.357713
43	76	2.025868	0.508292	2.713119	5.247279
43	77	2.025868	0.524407	2.555246	5.105522
43	78	2.025868	0.545830	2.767810	5.339508
43	79	2.025868	0.534702	2.657396	5.217966
43	80	2.025868	0.483583	2.150169	4.659620
43	81	2.025868	0.528360	2.594466	5.148695
43	82	2.025868	0.521853	2.529900	5.077621
43	83	2.025868	0.564802	2.956064	5.546734
43	84	2.025868	0.416003	1.479602	3.921474
43	85	2.025868	0.573543	3.042789	5.642200
43	86	2.025868	0.467260	1.988197	4.481325
43	87	2.025868	0.477286	2.087681	4.590835
43	88	2.025868	0.466227	1.977950	4.470045
43	89	2.025868	0.483583	2.150169	4.659620
43	90	2.025868	0.583158	3.138198	5.747224
43	91	2.025868	0.537026	2.680450	5.243344
43	92	2.025868	0.537026	2.680450	5.243344
43	93	2.025868	0.477286	2.087681	4.590835
43	94	2.025868	0.547640	2.785776	5.359285
43	95	2.025868	0.490919	2.222956	4.739743
43	96	2.025868	0.494005	2.253576	4.773449
43	97	2.025868	0.359778	1.769132	4.154779
43	98	2.025868	0.523069	2.541969	5.090907
43	99	2.025868	0.421866	1.537778	3.985512
44	0	2.132617	0.500337	2.316410	4.949364
44	1	2.132617	0.499750	2.310586	4.942954
44	2	2.132617	0.514131	2.453278	5.100026
44	3	2.132617	0.481608	2.130574	4.744799
44	4	2.132617	0.492092	2.234599	4.859308
44	5	2.132617	0.472998	2.045132	4.650747
44	6	2.132617	0.487131	2.185367	4.805115
44	7	2.132617	0.422245	2.018212	4.573074
44	8	2.132617	0.500337	2.316410	4.949364
44	9	2.132617	0.508602	2.398421	5.039640
44	10	2.132617	0.448281	2.382479	4.963377
44	11	2.132617	0.545514	2.764676	5.442807
44	12	2.132617	0.490372	2.588275	5.211264
44	13	2.132617	0.537202	2.682202	5.352021
44	14	2.132617	0.446290	1.780130	4.359037
44	15	2.132617	0.490187	2.215694	4.838498
44	16	2.132617	0.545813	2.767642	5.446071
44	17	2.132617	0.507837	2.390826	5.031280
44	18	2.132617	0.548612	2.795421	5.476650
44	19	2.132617	0.551326	2.822342	5.506284
44	20	2.132617	0.481730	2.131785	4.746132
44	21	2.132617	0.500467	2.317701	4.950785
44	22	2.132617	0.471395	2.029234	4.633246
44	23	2.132617	0.460455	2.397354	4.990426
44	24	2.132617	0.471395	2.029234	4.633246
44	25	2.132617	0.455864	1.875126	4.463607
44	26	2.132617	0.505960	2.372206	5.010783
44	27	2.132617	0.464278	1.958617	4.555512
44	28	2.132617	0.500337	2.316410	4.949364
44	29	2.132617	0.494289	2.627140	5.254046
44	30	2.132617	0.451471	1.831536	4.415624
44	31	2.132617	0.588204	3.188273	5.909094
44	32	2.132617	0.514131	2.453278	5.100026
44	33	2.132617	0.475199	2.066975	4.674790
44	34	2.132617	0.500467	2.317701	4.950785
44	35	2.132617	0.559529	2.903738	5.595883
44	36	2.132617	0.541317	2.723030	5.396963
44	37	2.132617	0.489235	2.206249	4.828101
44	38	2.132617	0.481730	2.131785	4.746132
44	39	2.132617	0.478399	2.098728	4.709744
44	40	2.132617	0.455864	1.875126	4.463607
44	41	2.132617	0.446290	1.780130	4.359037
44	42	2.132617	0.507837	2.390826	5.031280
44	43	2.132617	0.545813	2.767642	5.446071
44	44	2.132617	0.482002	2.134477	4.749096
44	45	2.132617	0.585574	3.162169	5.880360
44	46	2.132617	0.423019	1.549221	4.104857
44	47	2.132617	0.505960	2.372206	5.010783
44	48	2.132617	0.577186	3.078943	5.788746
44	49	2.132617	0.481608	2.130574	4.744799
44	50	2.132617	0.467165	1.987260	4.587042
44	51	2.132617	0.585574	3.162169	5.880360
44	52	2.132617	0.472998	2.045132	4.650747
44	53	2.132617	0.434003	1.658206	4.224826
44	54	2.132617	0.408590	1.406048	3.947255
44	55	2.132617	0.481608	2.130574	4.744799
44	56	2.132617	0.468648	2.001976	4.603241
44	57	2.132617	0.549652	2.911666	5.593935
44	58	2.132617	0.500467	2.317701	4.950785
44	59	2.132617	0.545813	2.767642	5.446071
44	60	2.132617	0.397161	1.292641	3.822419
44	61	2.132617	0.408590	1.406048	3.947255
44	62	2.132617	0.516600	2.477775	5.126991
44	63	2.132617	0.478399	2.098728	4.709744
44	64	2.132617	0.529097	2.601780	5.263494
44	65	2.132617	0.502439	2.337267	4.972323
44	66	2.132617	0.529097	2.601780	5.263494
44	67	2.132617	0.526494	2.575946	5.235057
44	68	2.132617	0.529760	2.608361	5.270738
44	69	2.132617	0.526494	2.575946	5.235057
44	70	2.132617	0.545514	2.764676	5.442807
44	71	2.132617	0.537202	2.682202	5.352021
44	72	2.132617	0.492572	2.239355	4.864544
44	73	2.132617	0.526494	2.575946	5.235057
44	74	2.132617	0.498992	2.303062	4.934671
44	75	2.132617	0.466513	1.980788	4.579918
44	76	2.132617	0.487131	2.185367	4.805115
44	77	2.132617	0.549546	2.804681	5.486844
44	78	2.132617	0.545514	2.764676	5.442807
44	79	2.132617	0.564410	3.111066	5.808093
44	80	2.132617	0.418857	1.507927	4.059402
44	81	2.132617	0.548612	2.795421	5.476650
44	82	2.132617	0.530163	2.718287	5.381068
44	83	2.132617	0.529027	2.601084	5.262728
44	84	2.132617	0.463390	1.949799	4.545805
44	85	2.132617	0.471395	2.029234	4.633246
44	86	2.132617	0.529760	2.608361	5.270738
44	87	2.132617	0.503041	2.343238	4.978895
44	88	2.132617	0.397161	1.292641	3.822419
44	89	2.132617	0.518149	2.493146	5.143912
44	90	2.132617	0.468648	2.001976	4.603241
44	91	2.132617	0.481730	2.131785	4.746132
44	92	2.132617	0.508602	2.398421	5.039640
44	93	2.132617	0.537202	2.682202	5.352021
44	94	2.132617	0.547696	2.786325	5.466638
44	95	2.132617	0.526494	2.575946	5.235057
44	96	2.132617	0.397161	1.292641	3.822419
44	97	2.132617	0.490372	2.588275	5.211264
44	98	2.132617	0.529027	2.601084	5.262728
44	99	2.132617	0.448005	1.797142	4.377764
45	0	1.953562	0.399749	1.318324	3.671634
45	1	1.953562	0.578272	3.089717	5.621551
45	2	1.953562	0.506240	2.374984	4.834786
45	3	1.953562	0.514957	2.461472	4.929991
45	4	1.953562	0.494276	2.256269	4.704107
45	5	1.953562	0.527557	2.586498	5.067616
45	6	1.953562	0.426938	1.588107	3.968607
45	7	1.953562	0.480149	2.116087	4.549797
45	8	1.953562	0.539032	2.965178	5.457772
45	9	1.953562	0.433818	2.238969	4.626348
45	10	1.953562	0.485537	2.169554	4.608652
45	11	1.953562	0.465581	2.289325	4.708468
45	12	1.953562	0.536674	2.676957	5.167192
45	13	1.953562	0.536674	2.676957	5.167192
45	14	1.953562	0.543116	2.740882	5.237559
45	15	1.953562	0.536423	2.674468	5.164452
45	16	1.953562	0.508716	2.399544	4.861821
45	17	1.953562	0.552118	2.830206	5.335886
45	18	1.953562	0.479243	2.107102	4.539907
45	19	1.953562	0.526300	2.574030	5.053892
45	20	1.953562	0.514957	2.461472	4.929991
45	21	1.953562	0.508716	2.399544	4.861821
45	22	1.953562	0.545224	2.761804	5.260590
45	23	1.953562	0.487055	2.396467	4.837084
45	24	1.953562	0.457514	1.891493	4.302568
45	25	1.953562	0.509026	2.402622	4.865209
45	26	1.953562	0.553072	2.839675	5.346309
45	27	1.953562	0.585530	3.161730	5.700822
45	28	1.953562	0.533147	2.641962	5.128671
45	29	1.953562	0.576578	3.072909	5.603049
45	30	1.953562	0.410679	1.426778	3.791019
45	31	1.953562	0.480149	2.116087	4.549797
45	32	1.953562	0.503869	2.351456	4.808887
45	33	1.953562	0.509026	2.402622	4.865209
45	34	1.953562	0.467727	1.992831	4.414119
45	35	1.953562	0.546298	2.772454	5.272313
45	36	1.953562	0.549506	2.804290	5.307358
45	37	1.953562	0.482296	2.137398	4.573256
45	38	1.953562	0.506240	2.374984	4.834786
45	39	1.953562	0.487120	2.185264	4.625946
45	40	1.953562	0.563803	2.946147	5.463512
45	41	1.953562	0.523558	2.546819	5.023939
45	42	1.953562	0.490425	2.218055	4.662041
45	43	1.953562	0.530810	2.618781	5.103153
45	44	1.953562	0.553977	2.848650	5.356189
45	45	1.953562	0.343515	1.660722	3.957799
45	46	1.953562	0.521304	2.524448	4.999313
45	47	1.953562	0.509026	2.402622	4.865209
45	48	1.953562	0.455934	1.875815	4.285310
45	49	1.953562	0.506240	2.374984	4.834786
45	50	1.953562	0.508626	2.451615	4.913802
45	51	1.953562	0.553332	2.842251	5.349145
45	52	1.953562	0.465616	1.971885	4.391062
45	53	1.953562	0.485537	2.169554	4.608652
45	54	1.953562	0.546298	2.772454	5.272313
45	55	1.953562	0.498828	2.301433	4.753823
45	56	1.953562	0.470566	2.021007	4.445135
45	57	1.953562	0.477143	2.086269	4.516974
45	58	1.953562	0.552037	2.935329	5.440928
45	59	1.953562	0.514957	2.461472	4.929991
45	60	1.953562	0.569097	2.998677	5.521335
45	61	1.953562	0.599323	3.298595	5.851480
45	62	1.953562	0.546736	2.776804	5.277102
45	63	1.953562	0.421206	1.531228	3.905995
45	64	1.953562	0.480149	2.116087	4.549797
45	65	1.953562	0.546298	2.772454	5.272313
45	66	1.953562	0.576578	3.072909	5.603049
45	67	1.953562	0.569097	2.998677	5.521335
45	68	1.953562	0.514241	2.454366	4.922168
45	69	1.953562	0.523986	2.551067	5.028615
45	70	1.953562	0.506240	2.374984	4.834786
45	71	1.953562	0.549506	2.804290	5.307358
45	72	1.953562	0.487055	2.396467	4.837084
45	73	1.953562	0.517701	2.488706	4.959969
45	74	1.953562	0.467727	1.992831	4.414119
45	75	1.953562	0.526300	2.574030	5.053892
45	76	1.953562	0.506240	2.374984	4.834786
45	77	1.953562	0.508716	2.399544	4.861821
45	78	1.953562	0.536475	2.674987	5.165023
45	79	1.953562	0.521304	2.524448	4.999313
45	80	1.953562	0.498828	2.301433	4.753823
45	81	1.953562	0.475813	2.073064	4.502439
45	82	1.953562	0.509026	2.402622	4.865209
45	83	1.953562	0.514957	2.461472	4.929991
45	84	1.953562	0.536423	2.674468	5.164452
45	85	1.953562	0.495218	2.265610	4.714389
45	86	1.953562	0.494522	2.258706	4.706790
45	87	1.953562	0.521304	2.524448	4.999313
45	88	1.953562	0.549033	3.011446	5.514041
45	89	1.953562	0.410679	1.426778	3.791019
45	90	1.953562	0.511851	2.430654	4.896067
45	91	1.953562	0.561342	2.921734	5.436638
45	92	1.953562	0.399749	1.318324	3.671634
45	93	1.953562	0.561342	2.921734	5.436638
45	94	1.953562	0.508626	2.451615	4.913802
45	95	1.953562	0.536423	2.674468	5.164452
45	96	1.953562	0.526300	2.574030	5.053892
45	97	1.953562	0.576578	3.072909	5.603049
45	98	1.953562	0.571332	3.020860	5.545754
45	99	1.953562	0.526300	2.574030	5.053892
46	0	2.123510	0.532527	2.635817	5.291855
46	1	2.123510	0.560178	2.910176	5.593864
46	2	2.123510	0.444747	1.764817	4.333074
46	3	2.123510	0.498161	2.294819	4.916491
46	4	2.123510	0.414361	1.463308	4.001179
46	5	2.123510	0.530413	2.614833	5.268756
46	6	2.123510	0.511452	2.426701	5.061664
46	7	2.123510	0.504225	2.354985	4.982720
46	8	2.123510	0.511452	2.426701	5.061664
46	9	2.123510	0.536459	2.674827	5.334796
46	10	2.123510	0.487153	2.185589	4.796252
46	11	2.123510	0.520770	2.731013	5.375294
46	12	2.123510	0.407494	1.395172	3.926176
46	13	2.123510	0.461175	1.927818	4.512503
46	14	2.123510	0.407494	1.395172	3.926176
46	15	2.123510	0.550441	2.813567	5.487519
46	16	2.123510	0.459705	1.913238	4.496454
46	17	2.123510	0.484975	2.163980	4.772465
46	18	2.123510	0.571227	3.019813	5.714550
46	19	2.123510	0.480081	2.327270	4.930861
46	20	2.123510	0.464567	1.961482	4.549559
46	21	2.123510	0.456401	1.880450	4.460361
46	22	2.123510	0.458143	1.897737	4.479390
46	23	2.123510	0.459705	1.913238	4.496454
46	24	2.123510	0.550441	2.813567	5.487519
46	25	2.123510	0.543655	2.746227	5.413392
46	26	2.123510	0.491696	2.230663	4.845869
46	27	2.123510	0.452441	1.841157	4.417108
46	28	2.123510	0.441365	1.731262	4.296137
46	29	2.123510	0.480072	2.115333	4.718915
46	30	2.123510	0.473693	2.052035	4.649238
46	31	2.123510	0.571227	3.019813	5.714550
46	32	2.123510	0.505336	2.366008	4.994854
46	33	2.123510	0.493421	2.247781	4.864712
46	34	2.123510	0.520770	2.731013	5.375294
46	35	2.123510	0.499847	2.311546	4.934903
46	36	2.123510	0.464567	1.961482	4.549559
46	37	2.123510	0.467878	1.994331	4.585719
46	38	2.123510	0.467878	1.994331	4.585719
46	39	2.123510	0.536459	2.674827	5.334796
46	40	2.123510	0.561795	2.926228	5.611534
46	41	2.123510	0.444747	1.764817	4.333074
46	42	2.123510	0.462240	1.938388	4.524138
46	43	2.123510	0.462600	1.941958	4.528068
46	44	2.123510	0.493421	2.247781	4.864712
46	45	2.123510	0.474142	2.056486	4.654138
46	46	2.123510	0.504225	2.354985	4.982720
46	47	2.123510	0.520770	2.731013	5.375294
46	48	2.123510	0.442482	1.742342	4.308334
46	49	2.123510	0.560178	2.910176	5.593864
46	50	2.123510	0.508169	2.394122	5.025801
46	51	2.123510	0.493421	2.247781	4.864712
46	52	2.123510	0.417074	1.490233	4.030818
46	53	2.123510	0.442482	1.742342	4.308334
46	54	2.123510	0.529692	2.713613	5.366815
46	55	2.123510	0.464567	1.961482	4.549559
46	56	2.123510	0.486974	2.183810	4.794293
46	57	2.123510	0.487153	2.185589	4.796252
46	58	2.123510	0.441365	1.731262	4.296137
46	59	2.123510	0.515595	2.785589	5.424694
46	60	2.123510	0.419373	1.513039	4.055922
46	61	2.123510	0.417074	1.490233	4.030818
46	62	2.123510	0.499847	2.311546	4.934903
46	63	2.123510	0.550524	2.814391	5.488425
46	64	2.123510	0.520054	2.512048	5.155612
46	65	2.123510	0.505336	2.366008	4.994854
46	66	2.123510	0.452441	1.841157	4.417108
46	67	2.123510	0.504225	2.354985	4.982720
46	68	2.123510	0.462240	1.938388	4.524138
46	69	2.123510	0.512580	2.596783	5.232874
46	70	2.123510	0.514272	2.454673	5.092455
46	71	2.123510	0.419373	1.513039	4.055922
46	72	2.123510	0.470693	2.022266	4.616470
46	73	2.123510	0.518729	2.498901	5.141140
46	74	2.123510	0.520054	2.512048	5.155612
46	75	2.123510	0.563395	2.942096	5.629001
46	76	2.123510	0.571997	3.027453	5.722960
46	77	2.123510	0.459705	1.913238	4.496454
46	78	2.123510	0.469992	2.015311	4.608813
46	79	2.123510	0.508169	2.394122	5.025801
46	80	2.123510	0.491696	2.230663	4.845869
46	81	2.123510	0.467878	1.994331	4.585719
46	82	2.123510	0.444747	1.764817	4.333074
46	83	2.123510	0.511452	2.426701	5.061664
46	84	2.123510	0.492604	2.239675	4.855789
46	85	2.123510	0.459705	1.913238	4.496454
46	86	2.123510	0.473693	2.052035	4.649238
46	87	2.123510	0.521829	2.635592	5.280931
46	88	2.123510	0.419373	1.513039	4.055922
46	89	2.123510	0.440265	1.720347	4.284123
46	90	2.123510	0.459705	1.913238	4.496454
46	91	2.123510	0.464567	1.961482	4.549559
46	92	2.123510	0.530038	2.611119	5.264668
46	93	2.123510	0.565176	2.959773	5.648459
46	94	2.123510	0.517194	2.483669	5.124373
46	95	2.123510	0.471093	2.502904	5.097506
46	96	2.123510	0.507681	2.389283	5.020475
46	97	2.123510	0.464567	1.961482	4.549559
46	98	2.123510	0.550524	2.814391	5.488425
46	99	2.123510	0.408731	1.407447	3.939689
47	0	2.208892	0.510898	2.421196	5.140986
47	1	2.208892	0.488532	2.199269	4.896693
47	2	2.208892	0.466376	1.979433	4.654701
47	3	2.208892	0.518172	2.493374	5.220438
47	4	2.208892	0.472176	2.036981	4.718048
47	5	2.208892	0.507859	2.391042	5.107792
47	6	2.208892	0.546852	2.777956	5.533700
47	7	2.208892	0.446380	1.781016	4.436288
47	8	2.208892	0.551029	2.819400	5.579321
47	9	2.208892	0.539881	2.708785	5.457559
47	10	2.208892	0.518172	2.493374	5.220438
47	11	2.208892	0.413555	1.455313	4.077760
47	12	2.208892	0.446980	1.786972	4.442844
47	13	2.208892	0.448294	1.800007	4.457192
47	14	2.208892	0.489798	2.370726	5.069416
47	15	2.208892	0.443827	1.755690	4.408409
47	16	2.208892	0.479064	2.105323	4.793279
47	17	2.208892	0.413555	1.455313	4.077760
47	18	2.208892	0.443827	1.755690	4.408409
47	19	2.208892	0.529317	2.603960	5.342168
47	20	2.208892	0.450594	1.822833	4.482319
47	21	2.208892	0.508711	2.399501	5.117104
47	22	2.208892	0.508711	2.399501	5.117104
47	23	2.208892	0.457618	1.892532	4.559043
47	24	2.208892	0.582215	3.128843	5.919950
47	25	2.208892	0.446980	1.786972	4.442844
47	26	2.208892	0.495125	2.423582	5.127598
47	27	2.208892	0.440173	1.719432	4.368497
47	28	2.208892	0.421301	1.532176	4.162369
47	29	2.208892	0.440173	1.719432	4.368497
47	30	2.208892	0.528619	2.597037	5.334548
47	31	2.208892	0.477538	2.090186	4.776616
47	32	2.208892	0.421301	1.532176	4.162369
47	33	2.208892	0.483435	2.148699	4.841026
47	34	2.208892	0.454680	1.863380	4.526952
47	35	2.208892	0.476603	2.080904	4.766398
47	36	2.208892	0.421301	1.532176	4.162369
47	37	2.208892	0.418511	1.504486	4.131888
47	38	2.208892	0.473042	2.045578	4.727512
47	39	2.208892	0.462886	1.944803	4.616581
47	40	2.208892	0.505687	2.369494	5.084073
47	41	2.208892	0.450922	1.826083	4.485896
47	42	2.208892	0.507859	2.391042	5.107792
47	43	2.208892	0.447069	1.787851	4.443812
47	44	2.208892	0.503210	2.344913	5.057014
47	45	2.208892	0.494128	2.254799	4.957819
47	46	2.208892	0.511803	2.483140	5.203834
47	47	2.208892	0.528075	2.750530	5.487497
47	48	2.208892	0.473042	2.045578	4.727512
47	49	2.208892	0.546852	2.777956	5.533700
47	50	2.208892	0.488532	2.199269	4.896693
47	51	2.208892	0.447069	1.787851	4.443812
47	52	2.208892	0.446980	1.786972	4.442844
47	53	2.208892	0.358866	1.707116	4.274874
47	54	2.208892	0.479985	2.114468	4.803346
47	55	2.208892	0.529317	2.603960	5.342168
47	56	2.208892	0.446380	1.781016	4.436288
47	57	2.208892	0.490560	2.219391	4.918842
47	58	2.208892	0.476603	2.080904	4.766398
47	59	2.208892	0.537093	2.681118	5.427103
47	60	2.208892	0.523839	2.761461	5.494192
47	61	2.208892	0.446380	1.781016	4.436288
47	62	2.208892	0.512279	2.434906	5.156077
47	63	2.208892	0.557567	2.884276	5.650735
47	64	2.208892	0.477538	2.090186	4.776616
47	65	2.208892	0.483648	2.415631	5.108171
47	66	2.208892	0.493658	2.250136	4.952686
47	67	2.208892	0.467135	1.986957	4.662984
47	68	2.208892	0.531126	2.621911	5.361929
47	69	2.208892	0.543237	2.795042	5.547171
47	70	2.208892	0.528619	2.597037	5.334548
47	71	2.208892	0.450922	1.826083	4.485896
47	72	2.208892	0.464990	1.965682	4.639564
47	73	2.208892	0.512279	2.434906	5.156077
47	74	2.208892	0.467135	1.986957	4.662984
47	75	2.208892	0.507859	2.391042	5.107792
47	76	2.208892	0.501209	2.325060	5.035161
47	77	2.208892	0.494128	2.254799	4.957819
47	78	2.208892	0.488532	2.199269	4.896693
47	79	2.208892	0.522144	2.532789	5.263826
47	80	2.208892	0.546449	3.038777	5.794118
47	81	2.208892	0.396281	1.283915	3.889088
47	82	2.208892	0.477538	2.090186	4.776616
47	83	2.208892	0.505687	2.369494	5.084073
47	84	2.208892	0.568838	2.996105	5.773835
47	85	2.208892	0.467759	1.993154	4.669806
47	86	2.208892	0.516739	2.796942	5.522574
47	87	2.208892	0.413555	1.455313	4.077760
47	88	2.208892	0.464990	1.965682	4.639564
47	89	2.208892	0.464990	1.965682	4.639564
47	90	2.208892	0.554890	2.857706	5.621487
47	91	2.208892	0.450594	1.822833	4.482319
47	92	2.208892	0.493658	2.250136	4.952686
47	93	2.208892	0.450594	1.822833	4.482319
47	94	2.208892	0.488532	2.199269	4.896693
47	95	2.208892	0.462886	1.944803	4.616581
47	96	2.208892	0.524566	2.556824	5.290282
47	97	2.208892	0.466376	1.979433	4.654701
47	98	2.208892	0.472176	2.036981	4.718048
47	99	2.208892	0.505687	2.369494	5.084073
48	0	2.101279	0.529494	2.605717	5.236490
48	1	2.101279	0.450207	1.818991	4.370477
48	2	2.101279	0.494466	2.681859	5.277603
48	3	2.101279	0.529494	2.605717	5.236490
48	4	2.101279	0.596651	3.272082	5.970012
48	5	2.101279	0.439120	1.708987	4.249387
48	6	2.101279	0.508077	2.393207	5.002563
48	7	2.101279	0.466206	1.977743	4.545228
48	8	2.101279	0.529426	2.605043	5.235748
48	9	2.101279	0.421540	1.534541	4.057360
48	10	2.101279	0.459853	1.914706	4.475838
48	11	2.101279	0.492143	2.235102	4.828524
48	12	2.101279	0.389838	1.219985	3.711103
48	13	2.101279	0.550788	2.817006	5.469073
48	14	2.101279	0.439597	2.084466	4.625343
48	15	2.101279	0.458292	1.899213	4.458784
48	16	2.101279	0.466206	1.977743	4.545228
48	17	2.101279	0.502658	2.339439	4.943377
48	18	2.101279	0.487775	2.191763	4.780818
48	19	2.101279	0.540683	2.716744	5.358707
48	20	2.101279	0.496744	2.280758	4.878781
48	21	2.101279	0.540388	2.713817	5.355484
48	22	2.101279	0.453725	1.853899	4.408904
48	23	2.101279	0.421540	1.534541	4.057360
48	24	2.101279	0.486832	2.182402	4.770513
48	25	2.101279	0.460377	1.919900	4.481556
48	26	2.101279	0.537345	2.789548	5.428173
48	27	2.101279	0.439120	1.708987	4.249387
48	28	2.101279	0.488705	2.200994	4.790978
48	29	2.101279	0.453825	1.854891	4.409995
48	30	2.101279	0.566242	2.970347	5.637868
48	31	2.101279	0.450207	1.818991	4.370477
48	32	2.101279	0.488705	2.200994	4.790978
48	33	2.101279	0.496744	2.280758	4.878781
48	34	2.101279	0.539095	2.700986	5.341360
48	35	2.101279	0.502658	2.339439	4.943377
48	36	2.101279	0.453725	1.853899	4.408904
48	37	2.101279	0.587128	3.177594	5.866001
48	38	2.101279	0.531284	2.623481	5.256044
48	39	2.101279	0.528371	2.594573	5.224222
48	40	2.101279	0.458292	1.899213	4.458784
48	41	2.101279	0.528371	2.594573	5.224222
48	42	2.101279	0.492379	2.237440	4.831097
48	43	2.101279	0.461398	1.930036	4.492713
48	44	2.101279	0.466206	1.977743	4.545228
48	45	2.101279	0.488812	2.202047	4.792137
48	46	2.101279	0.459781	1.913995	4.475056
48	47	2.101279	0.447408	1.791221	4.339909
48	48	2.101279	0.488812	2.202047	4.792137
48	49	2.101279	0.423029	1.549319	4.073627
48	50	2.101279	0.566242	2.970347	5.637868
48	51	2.101279	0.446492	1.782127	4.329898
48	52	2.101279	0.531284	2.623481	5.256044
48	53	2.101279	0.421540	1.534541	4.057360
48	54	2.101279	0.516385	2.581567	5.199231
48	55	2.101279	0.484699	2.531986	5.117964
48	56	2.101279	0.410242	1.422436	3.933956
48	57	2.101279	0.403192	1.352484	3.856954
48	58	2.101279	0.488705	2.200994	4.790978
48	59	2.101279	0.505297	2.365626	4.972203
48	60	2.101279	0.510889	2.421106	5.033274
48	61	2.101279	0.596651	3.272082	5.970012
48	62	2.101279	0.562068	2.928930	5.592277
48	63	2.101279	0.518516	2.496792	5.116588
48	64	2.101279	0.446492	1.782127	4.329898
48	65	2.101279	0.499031	2.303452	4.903763
48	66	2.101279	0.596651	3.272082	5.970012
48	67	2.101279	0.442694	1.744445	4.288418
48	68	2.101279	0.492776	2.241381	4.835436
48	69	2.101279	0.459853	1.914706	4.475838
48	70	2.101279	0.502168	2.334575	4.938022
48	71	2.101279	0.459853	1.914706	4.475838
48	72	2.101279	0.460377	1.919900	4.481556
48	73	2.101279	0.458292	1.899213	4.458784
48	74	2.101279	0.517626	2.487954	5.106859
48	75	2.101279	0.492815	2.241776	4.835870
48	76	2.101279	0.579746	3.104346	5.785372
48	77	2.101279	0.425485	1.573687	4.100451
48	78	2.101279	0.460043	1.916587	4.477909
48	79	2.101279	0.460377	1.919900	4.481556
48	80	2.101279	0.459781	1.913995	4.475056
48	81	2.101279	0.579850	3.211302	5.892432
48	82	2.101279	0.524954	2.560666	5.186898
48	83	2.101279	0.461398	1.930036	4.492713
48	84	2.101279	0.389838	1.219985	3.711103
48	85	2.101279	0.447408	1.791221	4.339909
48	86	2.101279	0.439120	1.708987	4.249387
48	87	2.101279	0.458837	1.904622	4.464738
48	88	2.101279	0.524954	2.560666	5.186898
48	89	2.101279	0.465618	2.448578	5.015475
48	90	2.101279	0.537345	2.789548	5.428173
48	91	2.101279	0.508077	2.393207	5.002563
48	92	2.101279	0.460043	1.916587	4.477909
48	93	2.101279	0.540226	2.712202	5.353706
48	94	2.101279	0.462922	1.945156	4.509358
48	95	2.101279	0.522761	2.538908	5.162948
48	96	2.101279	0.501665	2.329584	4.932528
48	97	2.101279	0.502658	2.339439	4.943377
48	98	2.101279	0.421540	1.534541	4.057360
48	99	2.101279	0.579471	3.101616	5.782367
49	0	2.256206	0.448058	1.797667	4.501931
49	1	2.256206	0.529312	2.603912	5.389430
49	2	2.256206	0.502998	2.342816	5.102020
49	3	2.256206	0.442411	1.741637	4.440254
49	4	2.256206	0.547284	2.941130	5.744620
49	5	2.256206	0.502998	2.342816	5.102020
49	6	2.256206	0.401767	1.338349	3.996322
49	7	2.256206	0.507054	2.383055	5.146314
49	8	2.256206	0.440929	1.726929	4.424064
49	9	2.256206	0.430899	1.627412	4.314518
49	10	2.256206	0.505084	2.522396	5.283686
49	11	2.256206	0.442411	1.741637	4.440254
49	12	2.256206	0.443911	1.756521	4.456638
49	13	2.256206	0.502998	2.342816	5.102020
49	14	2.256206	0.440929	1.726929	4.424064
49	15	2.256206	0.443562	1.753056	4.452824
49	16	2.256206	0.474287	2.057930	4.788424
49	17	2.256206	0.525527	2.566351	5.348083
49	18	2.256206	0.559105	2.899533	5.714844
49	19	2.256206	0.585730	3.216687	6.058623
49	20	2.256206	0.466652	1.982166	4.705024
49	21	2.256206	0.392329	1.244703	3.893238
49	22	2.256206	0.448058	1.797667	4.501931
49	23	2.256206	0.490089	2.214725	4.961020
49	24	2.256206	0.528821	2.599040	5.384067
49	25	2.256206	0.474287	2.057930	4.788424
49	26	2.256206	0.537038	2.680571	5.473815
49	27	2.256206	0.453464	1.851312	4.560982
49	28	2.256206	0.484465	2.158920	4.899592
49	29	2.256206	0.515087	2.462762	5.234055
49	30	2.256206	0.524675	2.557901	5.338782
49	31	2.256206	0.525527	2.566351	5.348083
49	32	2.256206	0.499240	2.305523	5.060969
49	33	2.256206	0.540123	2.711189	5.507518
49	34	2.256206	0.499240	2.305523	5.060969
49	35	2.256206	0.468286	1.998383	4.722875
49	36	2.256206	0.499240	2.305523	5.060969
49	37	2.256206	0.413889	1.458624	4.128719
49	38	2.256206	0.527624	2.587162	5.370992
49	39	2.256206	0.542755	2.737297	5.536258
49	40	2.256206	0.537124	2.681431	5.474762
49	41	2.256206	0.528821	2.599040	5.384067
49	42	2.256206	0.468286	1.998383	4.722875
49	43	2.256206	0.516614	2.477918	5.250739
49	44	2.256206	0.525606	2.567140	5.348952
49	45	2.256206	0.491327	2.227006	4.974539
49	46	2.256206	0.468331	1.998828	4.723365
49	47	2.256206	0.451754	1.834338	4.542298
49	48	2.256206	0.401767	1.338349	3.996322
49	49	2.256206	0.563779	2.998870	5.818855
49	50	2.256206	0.533607	2.752455	5.542268
49	51	2.256206	0.446588	1.783081	4.485874
49	52	2.256206	0.463322	1.949129	4.668658
49	53	2.256206	0.532540	2.635947	5.424693
49	54	2.256206	0.533963	2.650063	5.440232
49	55	2.256206	0.547284	2.941130	5.744620
49	56	2.256206	0.532540	2.635947	5.424693
49	57	2.256206	0.507054	2.383055	5.146314
49	58	2.256206	0.505467	2.367308	5.128981
49	59	2.256206	0.413889	1.458624	4.128719
49	60	2.256206	0.533963	2.650063	5.440232
49	61	2.256206	0.552099	2.830011	5.638316
49	62	2.256206	0.446588	1.783081	4.485874
49	63	2.256206	0.505262	2.365271	5.126739
49	64	2.256206	0.532540	2.635947	5.424693
49	65	2.256206	0.401767	1.338349	3.996322
49	66	2.256206	0.505360	2.366251	5.127818
49	67	2.256206	0.505467	2.367308	5.128981
49	68	2.256206	0.418859	1.507942	4.183008
49	69	2.256206	0.451754	1.834338	4.542298
49	70	2.256206	0.462237	1.938359	4.656802
49	71	2.256206	0.427350	1.592196	4.275753
49	72	2.256206	0.442411	1.741637	4.440254
49	73	2.256206	0.525606	2.567140	5.348952
49	74	2.256206	0.510591	2.418149	5.184945
49	75	2.256206	0.466652	1.982166	4.705024
49	76	2.256206	0.490378	2.217586	4.964169
49	77	2.256206	0.413889	1.458624	4.128719
49	78	2.256206	0.531163	2.728202	5.515570
49	79	2.256206	0.454760	1.864175	4.575141
49	80	2.256206	0.591516	3.327057	6.174779
49	81	2.256206	0.591516	3.327057	6.174779
49	82	2.256206	0.489386	2.207750	4.953343
49	83	2.256206	0.443562	1.753056	4.452824
49	84	2.256206	0.559105	2.899533	5.714844
49	85	2.256206	0.503754	2.350315	5.110276
49	86	2.256206	0.443911	1.756521	4.456638
49	87	2.256206	0.577202	3.079101	5.912510
49	88	2.256206	0.413889	1.458624	4.128719
49	89	2.256206	0.510535	2.735379	5.502120
49	90	2.256206	0.508314	2.395559	5.160079
49	91	2.256206	0.430899	1.627412	4.314518
49	92	2.256206	0.489441	2.208294	4.953941
49	93	2.256206	0.431863	1.636978	4.325048
49	94	2.256206	0.507799	2.390450	5.154455
49	95	2.256206	0.505360	2.366251	5.127818
49	96	2.256206	0.392329	1.244703	3.893238
49	97	2.256206	0.524675	2.557901	5.338782
49	98	2.256206	0.448058	1.797667	4.501931
49	99	2.256206	0.494729	2.260762	5.011697
