replicate	universe	detection_yr	orbit_yr	char_yr	total_yr
0	0	1.397573	0.385431	1.176249	2.959253
0	1	1.397573	0.382072	1.142920	2.922565
0	2	1.397573	0.424596	1.564868	3.387037
0	3	1.397573	0.405777	1.537030	3.340380
0	4	1.397573	0.424596	1.564868	3.387037
0	5	1.397573	0.418370	1.503092	3.319035
0	6	1.397573	0.382072	1.142920	2.922565
0	7	1.397573	0.424596	1.564868	3.387037
0	8	1.397573	0.399169	1.312569	3.109311
0	9	1.397573	0.414550	1.518146	3.330269
0	10	1.397573	0.354364	0.867995	2.619932
0	11	1.397573	0.385442	1.176364	2.959379
0	12	1.397573	0.456823	1.884642	3.739038
0	13	1.397573	0.424190	1.560840	3.382603
0	14	1.397573	0.382072	1.142920	2.922565
0	15	1.397573	0.404774	1.368185	3.170532
0	16	1.397573	0.354364	0.867995	2.619932
0	17	1.397573	0.380759	1.129893	2.908225
0	18	1.397573	0.395141	1.590378	3.383092
0	19	1.397573	0.448203	1.799109	3.644886
0	20	1.397573	0.380759	1.129893	2.908225
0	21	1.397573	0.393520	1.256519	3.047612
0	22	1.397573	0.385815	1.180065	2.963453
0	23	1.397573	0.463704	1.952917	3.814194
0	24	1.397573	0.438004	1.697907	3.533483
0	25	1.397573	0.420464	1.523864	3.341900
0	26	1.397573	0.418921	1.508562	3.325057
0	27	1.397573	0.399180	1.312680	3.109433
0	28	1.397573	0.393520	1.256519	3.047612
0	29	1.397573	0.418370	1.503092	3.319035
0	30	1.397573	0.425038	1.569257	3.391868
0	31	1.397573	0.424381	1.562729	3.384683
0	32	1.397573	0.349375	0.818485	2.565433
0	33	1.397573	0.424190	1.560840	3.382603
0	34	1.397573	0.429639	1.614904	3.442116
0	35	1.397573	0.387717	1.198938	2.984229
0	36	1.397573	0.404774	1.368185	3.170532
0	37	1.397573	0.424190	1.560840	3.382603
0	38	1.397573	0.423510	1.554092	3.375175
0	39	1.397573	0.391308	1.234567	3.023448
0	40	1.397573	0.426776	1.586502	3.410851
0	41	1.397573	0.388242	1.204148	2.989963
0	42	1.397573	0.400261	1.323400	3.121233
0	43	1.397573	0.383929	1.161345	2.942846
0	44	1.397573	0.393234	1.253674	3.044480
0	45	1.397573	0.424596	1.564868	3.387037
0	46	1.397573	0.411465	1.699394	3.508432
0	47	1.397573	0.399169	1.312569	3.109311
0	48	1.397573	0.390691	1.228443	3.016706
0	49	1.397573	0.425038	1.569257	3.391868
0	50	1.397573	0.391949	1.240923	3.030444
0	51	1.397573	0.390126	1.222840	3.010539
0	52	1.397573	0.421707	1.536206	3.355487
0	53	1.397573	0.357903	0.903106	2.658582
0	54	1.397573	0.409947	1.419510	3.227030
0	55	1.397573	0.327340	1.182449	2.907362
0	56	1.397573	0.389284	1.532270	3.319127
0	57	1.397573	0.432914	1.647404	3.477891
0	58	1.397573	0.418370	1.503092	3.319035
0	59	1.397573	0.413321	1.611883	3.422777
0	60	1.397573	0.446481	1.782018	3.626071
0	61	1.397573	0.399180	1.312680	3.109433
0	62	1.397573	0.429639	1.614904	3.442116
0	63	1.397573	0.372370	1.046658	2.816601
0	64	1.397573	0.435069	1.668788	3.501430
0	65	1.397573	0.432914	1.647404	3.477891
0	66	1.397573	0.429639	1.614904	3.442116
0	67	1.397573	0.327340	1.182449	2.907362
0	68	1.397573	0.449549	1.812469	3.659591
0	69	1.397573	0.390691	1.228443	3.016706
0	70	1.397573	0.354364	0.867995	2.619932
0	71	1.397573	0.385815	1.180065	2.963453
0	72	1.397573	0.400261	1.323400	3.121233
0	73	1.397573	0.349375	0.818485	2.565433
0	74	1.397573	0.436158	1.679593	3.513324
0	75	1.397573	0.406168	1.382016	3.185757
0	76	1.397573	0.385431	1.176249	2.959253
0	77	1.397573	0.357903	0.903106	2.658582
0	78	1.397573	0.419072	1.510051	3.326695
0	79	1.397573	0.432914	1.647404	3.477891
0	80	1.397573	0.357903	0.903106	2.658582
0	81	1.397573	0.438004	1.697907	3.533483
0	82	1.397573	0.414153	1.461246	3.272972
0	83	1.397573	0.356528	0.889461	2.643562
0	84	1.397573	0.356528	0.889461	2.643562
0	85	1.397573	0.464268	2.011472	3.873313
0	86	1.397573	0.431484	1.633215	3.462273
0	87	1.397573	0.418921	1.508562	3.325057
0	88	1.397573	0.411465	1.699394	3.508432
0	89	1.397573	0.422465	1.543719	3.363756
0	90	1.397573	0.383929	1.161345	2.942846
0	91	1.397573	0.391308	1.234567	3.023448
0	92	1.397573	0.390691	1.228443	3.016706
0	93	1.397573	0.402761	1.348206	3.148539
0	94	1.397573	0.420464	1.523864	3.341900
0	95	1.397573	0.350430	0.828959	2.576962
0	96	1.397573	0.399180	1.312680	3.109433
0	97	1.397573	0.412905	1.448863	3.259340
0	98	1.397573	0.399169	1.312569	3.109311
0	99	1.397573	0.406354	1.383858	3.187784
1	0	1.289446	0.385881	1.180718	2.856046
1	1	1.289446	0.373666	1.059513	2.722625
1	2	1.289446	0.388287	1.204592	2.882325
1	3	1.289446	0.430484	1.623287	3.343217
1	4	1.289446	0.395138	1.272573	2.957157
1	5	1.289446	0.465262	1.968376	3.723084
1	6	1.289446	0.395154	1.484580	3.169180
1	7	1.289446	0.439798	1.715709	3.444953
1	8	1.289446	0.435059	1.668690	3.393195
1	9	1.289446	0.359716	0.921100	2.570263
1	10	1.289446	0.453095	1.847653	3.590194
1	11	1.289446	0.422031	1.539420	3.250898
1	12	1.289446	0.345260	0.777657	2.412363
1	13	1.289446	0.399415	1.315007	3.003869
1	14	1.289446	0.465262	1.968376	3.723084
1	15	1.289446	0.429223	1.822632	3.541301
1	16	1.289446	0.412269	1.442550	3.144265
1	17	1.289446	0.428988	1.608449	3.326883
1	18	1.289446	0.439035	1.708136	3.436616
1	19	1.289446	0.421407	1.533225	3.244078
1	20	1.289446	0.457968	1.895999	3.643413
1	21	1.289446	0.435511	1.673170	3.398127
1	22	1.289446	0.384137	1.163414	2.836997
1	23	1.289446	0.436904	1.686991	3.413341
1	24	1.289446	0.388287	1.204592	2.882325
1	25	1.289446	0.384077	1.533561	3.207084
1	26	1.289446	0.384077	1.533561	3.207084
1	27	1.289446	0.425647	1.575295	3.290388
1	28	1.289446	0.373666	1.059513	2.722625
1	29	1.289446	0.384365	1.165675	2.839486
1	30	1.289446	0.363451	0.958153	2.611050
1	31	1.289446	0.435264	1.670726	3.395436
1	32	1.289446	0.383386	1.526710	3.199543
1	33	1.289446	0.412269	1.442550	3.144265
1	34	1.289446	0.443094	1.748418	3.480958
1	35	1.289446	0.396662	1.287689	2.973797
1	36	1.289446	0.408462	1.404775	3.102683
1	37	1.289446	0.445004	1.767365	3.501815
1	38	1.289446	0.379007	1.112509	2.780962
1	39	1.289446	0.407785	1.398057	3.095287
1	40	1.289446	0.390468	1.226236	2.906151
1	41	1.289446	0.349761	0.822316	2.461523
1	42	1.289446	0.408462	1.404775	3.102683
1	43	1.289446	0.428225	1.759763	3.477434
1	44	1.289446	0.412269	1.442550	3.144265
1	45	1.289446	0.421071	1.529893	3.240411
1	46	1.289446	0.398836	1.309262	2.997544
1	47	1.289446	0.427898	1.597634	3.314978
1	48	1.289446	0.398836	1.309262	2.997544
1	49	1.289446	0.390853	1.230053	2.910352
1	50	1.289446	0.438406	1.701896	3.429749
1	51	1.289446	0.388348	1.205196	2.882990
1	52	1.289446	0.369039	1.013603	2.672088
1	53	1.289446	0.385881	1.180718	2.856046
1	54	1.289446	0.433382	1.652049	3.374878
1	55	1.289446	0.404287	1.363352	3.057085
1	56	1.289446	0.465262	1.968376	3.723084
1	57	1.289446	0.379007	1.112509	2.780962
1	58	1.289446	0.382063	1.142831	2.814340
1	59	1.289446	0.384137	1.163414	2.836997
1	60	1.289446	0.388348	1.205196	2.882990
1	61	1.289446	0.430484	1.623287	3.343217
1	62	1.289446	0.385881	1.180718	2.856046
1	63	1.289446	0.403065	1.351225	3.043736
1	64	1.289446	0.369039	1.013603	2.672088
1	65	1.289446	0.411723	1.437140	3.138310
1	66	1.289446	0.389042	1.582831	3.261320
1	67	1.289446	0.424216	1.561094	3.274756
1	68	1.289446	0.448964	1.806661	3.545072
1	69	1.289446	0.349761	0.822316	2.461523
1	70	1.289446	0.452369	2.052299	3.794114
1	71	1.289446	0.443094	1.748418	3.480958
1	72	1.289446	0.425563	1.574461	3.289470
1	73	1.289446	0.349761	0.822316	2.461523
1	74	1.289446	0.497236	2.285636	4.072318
1	75	1.289446	0.428795	1.606531	3.324772
1	76	1.289446	0.421071	1.529893	3.240411
1	77	1.289446	0.445004	1.767365	3.501815
1	78	1.289446	0.425647	1.575295	3.290388
1	79	1.289446	0.425563	1.574461	3.289470
1	80	1.289446	0.428988	1.608449	3.326883
1	81	1.289446	0.403765	1.358171	3.051382
1	82	1.289446	0.345260	0.777657	2.412363
1	83	1.289446	0.398836	1.309262	2.997544
1	84	1.289446	0.438406	1.701896	3.429749
1	85	1.289446	0.448964	1.806661	3.545072
1	86	1.289446	0.428795	1.606531	3.324772
1	87	1.289446	0.428988	1.608449	3.326883
1	88	1.289446	0.425647	1.575295	3.290388
1	89	1.289446	0.408786	1.407997	3.106229
1	90	1.289446	0.409592	1.415993	3.115032
1	91	1.289446	0.435264	1.670726	3.395436
1	92	1.289446	0.403765	1.358171	3.051382
1	93	1.289446	0.472946	2.044622	3.807015
1	94	1.289446	0.428795	1.606531	3.324772
1	95	1.289446	0.349761	0.822316	2.461523
1	96	1.289446	0.404287	1.363352	3.057085
1	97	1.289446	0.427396	1.857467	3.574309
1	98	1.289446	0.384365	1.165675	2.839486
1	99	1.289446	0.363451	0.958153	2.611050
2	0	1.283207	0.419050	1.774655	3.476913
2	1	1.283207	0.419297	1.512284	3.214788
2	2	1.283207	0.426302	1.581799	3.291309
2	3	1.283207	0.373390	1.056774	2.713371
2	4	1.283207	0.417771	1.497146	3.198124
2	5	1.283207	0.398874	1.309638	2.991719
2	6	1.283207	0.449849	1.815445	3.548501
2	7	1.283207	0.414074	1.460460	3.157741
2	8	1.283207	0.368190	1.005183	2.656581
2	9	1.283207	0.377493	1.097486	2.758186
2	10	1.283207	0.429547	1.613999	3.326754
2	11	1.283207	0.407276	1.393005	3.083488
2	12	1.283207	0.415974	1.479312	3.178493
2	13	1.283207	0.412901	1.448827	3.144936
2	14	1.283207	0.379225	1.114672	2.777104
2	15	1.283207	0.357684	0.900932	2.541823
2	16	1.283207	0.348537	0.810170	2.441915
2	17	1.283207	0.467217	2.040741	3.791166
2	18	1.283207	0.405460	1.374988	3.063655
2	19	1.283207	0.412183	1.441704	3.137095
2	20	1.283207	0.393815	1.259448	2.936471
2	21	1.283207	0.339236	0.717883	2.340327
2	22	1.283207	0.422090	1.540006	3.245304
2	23	1.283207	0.415490	1.474509	3.173206
2	24	1.283207	0.373627	1.059127	2.715962
2	25	1.283207	0.423683	1.555807	3.262697
2	26	1.283207	0.412901	1.448827	3.144936
2	27	1.283207	0.450649	1.823378	3.557235
2	28	1.283207	0.348537	0.810170	2.441915
2	29	1.283207	0.339236	0.717883	2.340327
2	30	1.283207	0.373627	1.059127	2.715962
2	31	1.283207	0.388232	1.204048	2.875488
2	32	1.283207	0.354160	0.865966	2.503334
2	33	1.283207	0.405460	1.374988	3.063655
2	34	1.283207	0.378486	1.107342	2.769035
2	35	1.283207	0.412901	1.448827	3.144936
2	36	1.283207	0.393738	1.258681	2.935627
2	37	1.283207	0.374822	1.070987	2.729017
2	38	1.283207	0.405634	1.535607	3.224448
2	39	1.283207	0.406631	1.439574	3.129413
2	40	1.283207	0.410436	1.424370	3.118014
2	41	1.283207	0.456909	1.885493	3.625609
2	42	1.283207	0.449849	1.815445	3.548501
2	43	1.283207	0.412183	1.441704	3.137095
2	44	1.283207	0.372377	1.046724	2.702308
2	45	1.283207	0.409768	1.417737	3.110712
2	46	1.283207	0.348537	0.810170	2.441915
2	47	1.283207	0.465473	1.970468	3.719148
2	48	1.283207	0.373390	1.056774	2.713371
2	49	1.283207	0.458868	1.904936	3.647012
2	50	1.283207	0.414074	1.460460	3.157741
2	51	1.283207	0.379225	1.114672	2.777104
2	52	1.283207	0.418617	1.505536	3.207360
2	53	1.283207	0.458868	1.904936	3.647012
2	54	1.283207	0.377493	1.097486	2.758186
2	55	1.283207	0.409768	1.417737	3.110712
2	56	1.283207	0.417771	1.497146	3.198124
2	57	1.283207	0.398874	1.309638	2.991719
2	58	1.283207	0.401360	1.334311	3.018879
2	59	1.283207	0.415974	1.479312	3.178493
2	60	1.283207	0.389035	1.212012	2.884254
2	61	1.283207	0.368190	1.005183	2.656581
2	62	1.283207	0.419297	1.512284	3.214788
2	63	1.283207	0.410436	1.424370	3.118014
2	64	1.283207	0.388232	1.204048	2.875488
2	65	1.283207	0.442396	1.741489	3.467092
2	66	1.283207	0.406582	1.386127	3.075917
2	67	1.283207	0.422090	1.540006	3.245304
2	68	1.283207	0.429319	1.611736	3.324263
2	69	1.283207	0.346395	0.788921	2.418523
2	70	1.283207	0.419297	1.512284	3.214788
2	71	1.283207	0.373390	1.056774	2.713371
2	72	1.283207	0.384829	1.170279	2.838315
2	73	1.283207	0.450649	1.823378	3.557235
2	74	1.283207	0.403274	1.353297	3.039778
2	75	1.283207	0.393815	1.259448	2.936471
2	76	1.283207	0.414205	1.461763	3.159176
2	77	1.283207	0.415974	1.479312	3.178493
2	78	1.283207	0.465473	1.970468	3.719148
2	79	1.283207	0.424562	1.564532	3.272302
2	80	1.283207	0.358071	1.381442	3.022720
2	81	1.283207	0.404521	1.365673	3.053401
2	82	1.283207	0.456909	1.885493	3.625609
2	83	1.283207	0.383093	1.523797	3.190097
2	84	1.283207	0.386107	1.182962	2.852277
2	85	1.283207	0.408714	1.407275	3.099196
2	86	1.283207	0.374822	1.070987	2.729017
2	87	1.283207	0.409768	1.417737	3.110712
2	88	1.283207	0.354160	0.865966	2.503334
2	89	1.283207	0.401790	1.338572	3.023569
2	90	1.283207	0.441380	1.784370	3.508957
2	91	1.283207	0.321370	1.282101	2.886679
2	92	1.283207	0.371029	1.562985	3.217222
2	93	1.283207	0.374822	1.070987	2.729017
2	94	1.283207	0.418400	1.503385	3.204992
2	95	1.283207	0.398874	1.309638	2.991719
2	96	1.283207	0.382577	1.147933	2.813718
2	97	1.283207	0.368190	1.005183	2.656581
2	98	1.283207	0.377493	1.097486	2.758186
2	99	1.283207	0.417771	1.497146	3.198124
3	0	1.406312	0.417510	1.494561	3.318384
3	1	1.406312	0.366941	1.469463	3.242716
3	2	1.406312	0.397805	1.299032	3.103148
3	3	1.406312	0.414742	1.467096	3.288150
3	4	1.406312	0.388825	1.209927	3.005064
3	5	1.406312	0.388825	1.209927	3.005064
3	6	1.406312	0.384429	1.166314	2.957055
3	7	1.406312	0.377733	1.099871	2.883916
3	8	1.406312	0.303262	1.102427	2.812001
3	9	1.406312	0.390341	1.224972	3.021625
3	10	1.406312	0.407237	1.392625	3.206174
3	11	1.406312	0.364631	0.969863	2.740805
3	12	1.406312	0.395991	1.598819	3.401122
3	13	1.406312	0.383247	1.154581	2.944140
3	14	1.406312	0.374842	1.071183	2.852337
3	15	1.406312	0.361069	0.934519	2.701900
3	16	1.406312	0.440907	1.726718	3.573937
3	17	1.406312	0.393753	1.258825	3.058889
3	18	1.406312	0.383873	1.160789	2.950974
3	19	1.406312	0.377348	1.096048	2.879708
3	20	1.406312	0.393753	1.258825	3.058889
3	21	1.406312	0.405818	1.378543	3.190673
3	22	1.406312	0.383589	1.157978	2.947880
3	23	1.406312	0.408873	1.408854	3.224039
3	24	1.406312	0.364631	0.969863	2.740805
3	25	1.406312	0.432293	1.641237	3.479841
3	26	1.406312	0.453267	1.849356	3.708935
3	27	1.406312	0.413374	1.453520	3.273206
3	28	1.406312	0.383873	1.160789	2.950974
3	29	1.406312	0.409892	1.418963	3.235166
3	30	1.406312	0.344583	0.770943	2.521839
3	31	1.406312	0.414765	1.467315	3.288392
3	32	1.406312	0.406966	1.389935	3.203213
3	33	1.406312	0.432784	1.646115	3.485212
3	34	1.406312	0.364517	0.968737	2.739566
3	35	1.406312	0.402719	1.665577	3.474608
3	36	1.406312	0.419619	1.515488	3.341419
3	37	1.406312	0.364631	0.969863	2.740805
3	38	1.406312	0.393753	1.258825	3.058889
3	39	1.406312	0.451823	1.887995	3.746130
3	40	1.406312	0.362332	0.947054	2.715698
3	41	1.406312	0.413107	1.450864	3.270282
3	42	1.406312	0.377504	1.097597	2.881413
3	43	1.406312	0.374842	1.071183	2.852337
3	44	1.406312	0.377286	1.095432	2.879030
3	45	1.406312	0.377504	1.097597	2.881413
3	46	1.406312	0.413374	1.453520	3.273206
3	47	1.406312	0.377348	1.096048	2.879708
3	48	1.406312	0.436669	1.684659	3.527640
3	49	1.406312	0.473575	2.050864	3.930751
3	50	1.406312	0.377733	1.099871	2.883916
3	51	1.406312	0.420860	1.633726	3.460898
3	52	1.406312	0.399107	1.311958	3.117377
3	53	1.406312	0.377504	1.097597	2.881413
3	54	1.406312	0.365576	0.979245	2.751134
3	55	1.406312	0.385466	1.176596	2.968374
3	56	1.406312	0.419799	1.517268	3.343378
3	57	1.406312	0.395834	1.279477	3.081622
3	58	1.406312	0.419619	1.515488	3.341419
3	59	1.406312	0.387190	1.193708	2.987210
3	60	1.406312	0.403314	1.353701	3.163328
3	61	1.406312	0.362332	0.947054	2.715698
3	62	1.406312	0.414506	1.464745	3.285562
3	63	1.406312	0.377504	1.097597	2.881413
3	64	1.406312	0.344583	0.770943	2.521839
3	65	1.406312	0.364631	0.969863	2.740805
3	66	1.406312	0.389667	1.218289	3.014269
3	67	1.406312	0.383589	1.157978	2.947880
3	68	1.406312	0.395991	1.598819	3.401122
3	69	1.406312	0.374842	1.071183	2.852337
3	70	1.406312	0.376014	1.082816	2.865142
3	71	1.406312	0.377286	1.095432	2.879030
3	72	1.406312	0.419799	1.517268	3.343378
3	73	1.406312	0.374844	1.071205	2.852361
3	74	1.406312	0.436341	1.681412	3.524065
3	75	1.406312	0.426178	1.686490	3.518980
3	76	1.406312	0.377733	1.099871	2.883916
3	77	1.406312	0.340955	0.734939	2.482206
3	78	1.406312	0.426144	1.580227	3.412683
3	79	1.406312	0.397805	1.299032	3.103148
3	80	1.406312	0.364517	0.968737	2.739566
3	81	1.406312	0.420974	1.634855	3.462141
3	82	1.406312	0.393753	1.258825	3.058889
3	83	1.406312	0.352982	0.854282	2.613576
3	84	1.406312	0.378092	1.103434	2.887838
3	85	1.406312	0.396365	1.284741	3.087417
3	86	1.406312	0.374855	1.071310	2.852477
3	87	1.406312	0.377053	1.093119	2.876484
3	88	1.406312	0.377504	1.097597	2.881413
3	89	1.406312	0.351662	0.841178	2.599152
3	90	1.406312	0.361069	0.934519	2.701900
3	91	1.406312	0.379837	1.120749	2.906899
3	92	1.406312	0.364631	0.969863	2.740805
3	93	1.406312	0.377578	1.098332	2.882222
3	94	1.406312	0.413374	1.453520	3.273206
3	95	1.406312	0.403583	1.356367	3.166262
3	96	1.406312	0.388825	1.209927	3.005064
3	97	1.406312	0.448198	1.957952	3.812462
3	98	1.406312	0.396141	1.282518	3.084971
3	99	1.406312	0.443715	1.754576	3.604603
4	0	1.315978	0.408748	1.407611	3.132337
4	1	1.315978	0.374621	1.068994	2.759593
4	2	1.315978	0.368954	1.012760	2.697692
4	3	1.315978	0.418126	1.500666	3.234770
4	4	1.315978	0.381809	1.140311	2.838097
4	5	1.315978	0.400390	1.642467	3.358835
4	6	1.315978	0.359788	0.921807	2.597572
4	7	1.315978	0.406017	1.380520	3.102515
4	8	1.315978	0.382712	1.149274	2.847964
4	9	1.315978	0.375134	1.074079	2.765190
4	10	1.315978	0.396257	1.283669	2.995903
4	11	1.315978	0.415329	1.684770	3.416077
4	12	1.315978	0.379523	1.117627	2.813127
4	13	1.315978	0.396077	1.281884	2.993939
4	14	1.315978	0.368954	1.012760	2.697692
4	15	1.315978	0.368155	1.004834	2.688967
4	16	1.315978	0.417551	1.494959	3.228487
4	17	1.315978	0.438192	1.858662	3.612832
4	18	1.315978	0.383862	1.160682	2.860521
4	19	1.315978	0.400390	1.642467	3.358835
4	20	1.315978	0.417551	1.494959	3.228487
4	21	1.315978	0.393868	1.259972	2.969818
4	22	1.315978	0.359788	0.921807	2.597572
4	23	1.315978	0.413712	1.456874	3.186564
4	24	1.315978	0.449243	1.809423	3.574643
4	25	1.315978	0.464510	1.960916	3.741404
4	26	1.315978	0.419427	1.513575	3.248980
4	27	1.315978	0.356111	0.885328	2.557418
4	28	1.315978	0.409554	1.415616	3.141148
4	29	1.315978	0.409554	1.415616	3.141148
4	30	1.315978	0.397218	1.293214	3.006410
4	31	1.315978	0.392696	1.248337	2.957011
4	32	1.315978	0.408748	1.407611	3.132337
4	33	1.315978	0.413712	1.456874	3.186564
4	34	1.315978	0.351947	0.844010	2.511935
4	35	1.315978	0.393502	1.256338	2.965817
4	36	1.315978	0.394311	1.264360	2.974648
4	37	1.315978	0.389637	1.217983	2.923598
4	38	1.315978	0.396077	1.281884	2.993939
4	39	1.315978	0.386854	1.190371	2.893203
4	40	1.315978	0.371242	1.035466	2.722687
4	41	1.315978	0.415329	1.684770	3.416077
4	42	1.315978	0.399431	1.315172	3.030581
4	43	1.315978	0.445024	1.767561	3.528563
4	44	1.315978	0.400988	1.330616	3.047582
4	45	1.315978	0.409745	1.735288	3.461011
4	46	1.315978	0.445024	1.767561	3.528563
4	47	1.315978	0.370682	1.029903	2.716563
4	48	1.315978	0.371242	1.035466	2.722687
4	49	1.315978	0.382712	1.149274	2.847964
4	50	1.315978	0.433168	1.649927	3.399074
4	51	1.315978	0.419427	1.513575	3.248980
4	52	1.315978	0.391402	1.235496	2.942875
4	53	1.315978	0.410321	1.423226	3.149525
4	54	1.315978	0.417818	1.497609	3.231404
4	55	1.315978	0.413712	1.456874	3.186564
4	56	1.315978	0.396257	1.283669	2.995903
4	57	1.315978	0.386854	1.190371	2.893203
4	58	1.315978	0.389637	1.217983	2.923598
4	59	1.315978	0.396077	1.281884	2.993939
4	60	1.315978	0.441842	1.735993	3.493813
4	61	1.315978	0.381809	1.140311	2.838097
4	62	1.315978	0.393868	1.259972	2.969818
4	63	1.315978	0.392696	1.248337	2.957011
4	64	1.315978	0.379619	1.542295	3.237892
4	65	1.315978	0.385833	1.180244	2.882055
4	66	1.315978	0.389637	1.217983	2.923598
4	67	1.315978	0.370682	1.029903	2.716563
4	68	1.315978	0.425756	1.576376	3.318109
4	69	1.315978	0.359788	0.921807	2.597572
4	70	1.315978	0.413712	1.456874	3.186564
4	71	1.315978	0.391894	1.240378	2.948249
4	72	1.315978	0.448235	1.799430	3.563643
4	73	1.315978	0.393502	1.256338	2.965817
4	74	1.315978	0.383334	1.155444	2.854756
4	75	1.315978	0.418126	1.500666	3.234770
4	76	1.315978	0.395777	1.278914	2.990669
4	77	1.315978	0.391402	1.235496	2.942875
4	78	1.315978	0.352640	1.433486	3.102104
4	79	1.315978	0.396077	1.281884	2.993939
4	80	1.315978	0.409554	1.415616	3.141148
4	81	1.315978	0.403278	1.353343	3.072600
4	82	1.315978	0.356704	0.891205	2.563887
4	83	1.315978	0.418126	1.500666	3.234770
4	84	1.315978	0.371242	1.035466	2.722687
4	85	1.315978	0.415391	1.473531	3.204900
4	86	1.315978	0.462584	1.941808	3.720370
4	87	1.315978	0.400988	1.330616	3.047582
4	88	1.315978	0.449243	1.809423	3.574643
4	89	1.315978	0.400351	1.324294	3.040623
4	90	1.315978	0.441842	1.735993	3.493813
4	91	1.315978	0.441657	1.840083	3.597717
4	92	1.315978	0.418126	1.500666	3.234770
4	93	1.315978	0.407024	1.390511	3.113513
4	94	1.315978	0.399431	1.315172	3.030581
4	95	1.315978	0.425112	1.569986	3.311076
4	96	1.315978	0.391894	1.240378	2.948249
4	97	1.315978	0.382253	1.144720	2.842951
4	98	1.315978	0.383862	1.160682	2.860521
4	99	1.315978	0.403351	1.354065	3.073394
5	0	1.313658	0.401538	1.336078	3.051274
5	1	1.313658	0.407264	1.392893	3.113816
5	2	1.313658	0.424855	1.567437	3.305950
5	3	1.313658	0.386909	1.190920	2.891488
5	4	1.313658	0.426049	1.579290	3.318997
5	5	1.313658	0.387316	1.194961	2.895936
5	6	1.313658	0.414636	1.466043	3.194338
5	7	1.313658	0.382569	1.147853	2.844080
5	8	1.313658	0.371552	1.038542	2.723753
5	9	1.313658	0.369079	1.543641	3.226379
5	10	1.313658	0.409263	1.412721	3.135642
5	11	1.313658	0.417636	1.495807	3.227101
5	12	1.313658	0.379321	1.115623	2.808601
5	13	1.313658	0.434178	1.659941	3.407777
5	14	1.313658	0.397123	1.292262	3.003043
5	15	1.313658	0.386909	1.190920	2.891488
5	16	1.313658	0.393644	1.257751	2.965054
5	17	1.313658	0.392265	1.244067	2.949990
5	18	1.313658	0.375372	1.076440	2.765469
5	19	1.313658	0.444841	1.765745	3.524244
5	20	1.313658	0.428846	1.607040	3.349544
5	21	1.313658	0.401764	1.338314	3.053736
5	22	1.313658	0.391740	1.238859	2.944257
5	23	1.313658	0.360592	0.929787	2.604037
5	24	1.313658	0.394390	1.265147	2.973195
5	25	1.313658	0.412406	1.443912	3.169976
5	26	1.313658	0.444478	1.762151	3.520288
5	27	1.313658	0.397123	1.292262	3.003043
5	28	1.313658	0.379321	1.115623	2.808601
5	29	1.313658	0.387316	1.194961	2.895936
5	30	1.313658	0.394390	1.265147	2.973195
5	31	1.313658	0.417636	1.495807	3.227101
5	32	1.313658	0.391806	1.239513	2.944978
5	33	1.313658	0.376571	1.088337	2.778566
5	34	1.313658	0.382002	1.142226	2.837885
5	35	1.313658	0.437865	1.802460	3.553984
5	36	1.313658	0.409263	1.412721	3.135642
5	37	1.313658	0.431970	1.743962	3.489590
5	38	1.313658	0.364497	0.968534	2.646689
5	39	1.313658	0.391740	1.238859	2.944257
5	40	1.313658	0.404815	1.368588	3.087061
5	41	1.313658	0.420181	1.521057	3.254896
5	42	1.313658	0.395130	1.272487	2.981275
5	43	1.313658	0.424855	1.567437	3.305950
5	44	1.313658	0.376571	1.088337	2.778566
5	45	1.313658	0.408257	1.614602	3.336517
5	46	1.313658	0.355122	0.875508	2.544287
5	47	1.313658	0.310760	1.176826	2.801244
5	48	1.313658	0.461398	1.930034	3.705090
5	49	1.313658	0.375372	1.076440	2.765469
5	50	1.313658	0.351172	0.836316	2.501146
5	51	1.313658	0.421459	1.533738	3.268855
5	52	1.313658	0.444478	1.762151	3.520288
5	53	1.313658	0.391806	1.239513	2.944978
5	54	1.313658	0.451994	1.836722	3.602374
5	55	1.313658	0.426571	1.584462	3.324691
5	56	1.313658	0.374267	1.065479	2.753404
5	57	1.313658	0.340326	1.258338	2.912322
5	58	1.313658	0.443930	1.756711	3.514299
5	59	1.313658	0.399220	1.313079	3.025957
5	60	1.313658	0.414045	1.460172	3.187875
5	61	1.313658	0.432852	1.646787	3.393297
5	62	1.313658	0.343450	0.759695	2.416803
5	63	1.313658	0.459903	1.915200	3.688761
5	64	1.313658	0.426571	1.584462	3.324691
5	65	1.313658	0.381978	1.141994	2.837630
5	66	1.313658	0.357309	0.897208	2.568174
5	67	1.313658	0.402390	1.344527	3.060575
5	68	1.313658	0.371552	1.038542	2.723753
5	69	1.313658	0.393644	1.257751	2.965054
5	70	1.313658	0.424855	1.567437	3.305950
5	71	1.313658	0.432852	1.646787	3.393297
5	72	1.313658	0.390969	1.231206	2.935834
5	73	1.313658	0.364497	0.968534	2.646689
5	74	1.313658	0.459903	1.915200	3.688761
5	75	1.313658	0.375639	1.555770	3.245068
5	76	1.313658	0.418575	1.505128	3.237361
5	77	1.313658	0.416210	1.481655	3.211523
5	78	1.313658	0.360592	0.929787	2.604037
5	79	1.313658	0.364497	0.968534	2.646689
5	80	1.313658	0.426484	1.583599	3.323741
5	81	1.313658	0.392534	1.617480	3.323672
5	82	1.313658	0.407264	1.392893	3.113816
5	83	1.313658	0.379321	1.115623	2.808601
5	84	1.313658	0.376571	1.088337	2.778566
5	85	1.313658	0.397123	1.292262	3.003043
5	86	1.313658	0.381978	1.141994	2.837630
5	87	1.313658	0.424855	1.567437	3.305950
5	88	1.313658	0.415372	1.473344	3.202374
5	89	1.313658	0.425068	1.569547	3.308273
5	90	1.313658	0.413113	1.450932	3.177704
5	91	1.313658	0.417636	1.495807	3.227101
5	92	1.313658	0.387538	1.197155	2.898351
5	93	1.313658	0.414636	1.466043	3.194338
5	94	1.313658	0.408257	1.614602	3.336517
5	95	1.313658	0.401228	1.332995	3.047880
5	96	1.313658	0.423943	1.558392	3.295994
5	97	1.313658	0.412607	1.445904	3.172169
5	98	1.313658	0.451994	1.836722	3.602374
5	99	1.313658	0.382985	1.151987	2.848631
6	0	1.427759	0.353869	0.863077	2.644706
6	1	1.427759	0.402598	1.346597	3.176954
6	2	1.427759	0.374864	1.071403	2.874026
6	3	1.427759	0.449733	1.814290	3.691783
6	4	1.427759	0.390374	1.225298	3.043431
6	5	1.427759	0.387165	1.193461	3.008386
6	6	1.427759	0.403869	1.359199	3.190827
6	7	1.427759	0.407383	1.658889	3.494032
6	8	1.427759	0.361841	0.942186	2.731786
6	9	1.427759	0.395141	1.272605	3.095505
6	10	1.427759	0.399476	1.315613	3.142848
6	11	1.427759	0.436310	1.681104	3.545173
6	12	1.427759	0.373783	1.060671	2.862213
6	13	1.427759	0.419865	1.623849	3.471473
6	14	1.427759	0.373783	1.060671	2.862213
6	15	1.427759	0.353869	0.863077	2.644706
6	16	1.427759	0.381645	1.138687	2.948092
6	17	1.427759	0.381645	1.138687	2.948092
6	18	1.427759	0.377842	1.100956	2.906558
6	19	1.427759	0.393161	1.252955	3.073875
6	20	1.427759	0.401420	1.334907	3.164087
6	21	1.427759	0.397061	1.291655	3.116476
6	22	1.427759	0.403859	1.359106	3.190725
6	23	1.427759	0.388409	1.205804	3.021973
6	24	1.427759	0.423234	1.551354	3.402347
6	25	1.427759	0.391767	1.239120	3.058646
6	26	1.427759	0.476798	2.082842	3.987399
6	27	1.427759	0.372024	1.043224	2.843008
6	28	1.427759	0.371629	1.039305	2.838693
6	29	1.427759	0.396152	1.282636	3.106548
6	30	1.427759	0.408052	1.400713	3.236524
6	31	1.427759	0.434566	1.875650	3.737976
6	32	1.427759	0.426899	1.587723	3.442381
6	33	1.427759	0.437961	1.697477	3.563197
6	34	1.427759	0.397476	1.560584	3.385819
6	35	1.427759	0.389400	1.215637	3.032796
6	36	1.427759	0.402598	1.346597	3.176954
6	37	1.427759	0.395141	1.272605	3.095505
6	38	1.427759	0.376544	1.088074	2.892378
6	39	1.427759	0.413281	1.452597	3.293638
6	40	1.427759	0.387165	1.193461	3.008386
6	41	1.427759	0.402598	1.346597	3.176954
6	42	1.427759	0.361841	0.942186	2.731786
6	43	1.427759	0.406605	1.386349	3.220712
6	44	1.427759	0.373783	1.060671	2.862213
6	45	1.427759	0.399476	1.315613	3.142848
6	46	1.427759	0.451025	1.827106	3.705889
6	47	1.427759	0.401087	1.331602	3.160448
6	48	1.427759	0.361841	0.942186	2.731786
6	49	1.427759	0.412865	1.448470	3.289094
6	50	1.427759	0.377003	1.092623	2.897385
6	51	1.427759	0.372024	1.043224	2.843008
6	52	1.427759	0.381645	1.138687	2.948092
6	53	1.427759	0.361841	0.942186	2.731786
6	54	1.427759	0.412865	1.448470	3.289094
6	55	1.427759	0.349098	0.815742	2.592600
6	56	1.427759	0.377309	1.095667	2.900736
6	57	1.427759	0.403795	1.358468	3.190022
6	58	1.427759	0.389400	1.215637	3.032796
6	59	1.427759	0.389400	1.215637	3.032796
6	60	1.427759	0.408052	1.400713	3.236524
6	61	1.427759	0.402598	1.346597	3.176954
6	62	1.427759	0.443726	1.754685	3.626170
6	63	1.427759	0.348477	0.809581	2.585817
6	64	1.427759	0.395141	1.272605	3.095505
6	65	1.427759	0.383049	1.152618	2.963426
6	66	1.427759	0.389400	1.215637	3.032796
6	67	1.427759	0.423234	1.551354	3.402347
6	68	1.427759	0.447197	1.789122	3.664078
6	69	1.427759	0.372024	1.043224	2.843008
6	70	1.427759	0.450431	1.821215	3.699405
6	71	1.427759	0.451736	1.834161	3.713656
6	72	1.427759	0.393161	1.252955	3.073875
6	73	1.427759	0.388602	1.578460	3.394821
6	74	1.427759	0.387165	1.193461	3.008386
6	75	1.427759	0.399476	1.315613	3.142848
6	76	1.427759	0.416009	1.638550	3.482317
6	77	1.427759	0.349371	1.401045	3.178175
6	78	1.427759	0.436310	1.681104	3.545173
6	79	1.427759	0.359909	0.923009	2.710677
6	80	1.427759	0.395141	1.272605	3.095505
6	81	1.427759	0.416133	1.586817	3.430709
6	82	1.427759	0.377309	1.095667	2.900736
6	83	1.427759	0.407383	1.658889	3.494032
6	84	1.427759	0.380094	1.123301	2.931154
6	85	1.427759	0.396152	1.282636	3.106548
6	86	1.427759	0.390374	1.225298	3.043431
6	87	1.427759	0.442966	1.747141	3.617866
6	88	1.427759	0.409309	1.413184	3.250252
6	89	1.427759	0.385680	1.178725	2.992165
6	90	1.427759	0.377332	1.095890	2.900981
6	91	1.427759	0.403795	1.358468	3.190022
6	92	1.427759	0.359035	0.914337	2.701131
6	93	1.427759	0.405601	1.376388	3.209748
6	94	1.427759	0.348477	0.809581	2.585817
6	95	1.427759	0.423234	1.551354	3.402347
6	96	1.427759	0.385680	1.178725	2.992165
6	97	1.427759	0.340521	0.730633	2.498914
6	98	1.427759	0.404357	1.364046	3.196162
6	99	1.427759	0.369239	1.015590	2.812588
7	0	1.315117	0.386329	1.185161	2.886608
7	1	1.315117	0.449016	1.807179	3.571312
7	2	1.315117	0.408037	1.400566	3.123720
7	3	1.315117	0.455048	1.867024	3.637189
7	4	1.315117	0.423819	1.557162	3.296098
7	5	1.315117	0.405301	1.373414	3.093833
7	6	1.315117	0.410157	1.421598	3.146873
7	7	1.315117	0.436587	1.683846	3.435550
7	8	1.315117	0.454699	1.863560	3.633376
7	9	1.315117	0.382294	1.145122	2.842533
7	10	1.315117	0.436779	1.738721	3.490618
7	11	1.315117	0.410647	1.426462	3.152227
7	12	1.315117	0.382294	1.145122	2.842533
7	13	1.315117	0.389690	1.218518	2.923326
7	14	1.315117	0.401655	1.337240	3.054013
7	15	1.315117	0.414385	1.463552	3.193055
7	16	1.315117	0.348465	0.809460	2.473043
7	17	1.315117	0.398378	1.304715	3.018210
7	18	1.315117	0.408037	1.400566	3.123720
7	19	1.315117	0.416246	1.482016	3.213379
7	20	1.315117	0.379790	1.491023	3.185930
7	21	1.315117	0.416886	1.753188	3.485192
7	22	1.315117	0.416246	1.482016	3.213379
7	23	1.315117	0.414385	1.463552	3.193055
7	24	1.315117	0.328782	1.249719	2.893619
7	25	1.315117	0.356384	0.888029	2.559530
7	26	1.315117	0.422961	1.707538	3.445616
7	27	1.315117	0.384943	1.171414	2.871475
7	28	1.315117	0.426465	1.583412	3.324994
7	29	1.315117	0.382255	1.144743	2.842116
7	30	1.315117	0.389382	1.215457	2.919957
7	31	1.315117	0.426052	1.579312	3.320481
7	32	1.315117	0.401655	1.337240	3.054013
7	33	1.315117	0.428623	1.604824	3.348564
7	34	1.315117	0.374418	1.066974	2.756509
7	35	1.315117	0.432017	1.638500	3.385634
7	36	1.315117	0.400795	1.328703	3.044615
7	37	1.315117	0.379331	1.115730	2.810179
7	38	1.315117	0.434487	1.663016	3.412621
7	39	1.315117	0.389382	1.215457	2.919957
7	40	1.315117	0.374418	1.066974	2.756509
7	41	1.315117	0.426465	1.583412	3.324994
7	42	1.315117	0.438002	1.697885	3.451004
7	43	1.315117	0.426052	1.579312	3.320481
7	44	1.315117	0.401671	1.655181	3.371970
7	45	1.315117	0.379331	1.115730	2.810179
7	46	1.315117	0.382294	1.145122	2.842533
7	47	1.315117	0.407465	1.394890	3.117472
7	48	1.315117	0.470160	2.016977	3.802255
7	49	1.315117	0.400683	1.327588	3.043388
7	50	1.315117	0.445558	1.772865	3.533540
7	51	1.315117	0.416246	1.482016	3.213379
7	52	1.315117	0.439540	1.713152	3.467810
7	53	1.315117	0.445246	1.769772	3.530136
7	54	1.315117	0.445558	1.772865	3.533540
7	55	1.315117	0.426052	1.579312	3.320481
7	56	1.315117	0.470160	2.016977	3.802255
7	57	1.315117	0.382847	1.150616	2.848581
7	58	1.315117	0.381931	1.141524	2.838573
7	59	1.315117	0.394499	1.266229	2.975845
7	60	1.315117	0.400683	1.327588	3.043388
7	61	1.315117	0.434437	1.768447	3.518002
7	62	1.315117	0.424628	1.565183	3.304928
7	63	1.315117	0.390942	1.230937	2.936997
7	64	1.315117	0.346686	0.791803	2.453607
7	65	1.315117	0.443346	1.750919	3.509383
7	66	1.315117	0.499184	2.304967	4.119268
7	67	1.315117	0.428623	1.604824	3.348564
7	68	1.315117	0.408037	1.400566	3.123720
7	69	1.315117	0.417034	1.489837	3.221989
7	70	1.315117	0.417034	1.489837	3.221989
7	71	1.315117	0.406003	1.380376	3.101496
7	72	1.315117	0.407465	1.394890	3.117472
7	73	1.315117	0.382255	1.144743	2.842116
7	74	1.315117	0.391303	1.234523	2.940944
7	75	1.315117	0.391850	1.239949	2.946917
7	76	1.315117	0.470160	2.016977	3.802255
7	77	1.315117	0.414385	1.463552	3.193055
7	78	1.315117	0.435826	1.676298	3.427241
7	79	1.315117	0.407609	1.396313	3.119040
7	80	1.315117	0.418420	1.503587	3.237125
7	81	1.315117	0.382255	1.144743	2.842116
7	82	1.315117	0.427662	1.595289	3.338068
7	83	1.315117	0.434437	1.768447	3.518002
7	84	1.315117	0.374418	1.066974	2.756509
7	85	1.315117	0.396324	1.284341	2.995783
7	86	1.315117	0.390942	1.230937	2.936997
7	87	1.315117	0.346686	0.791803	2.453607
7	88	1.315117	0.395168	1.272869	2.983155
7	89	1.315117	0.395168	1.272869	2.983155
7	90	1.315117	0.439765	1.715384	3.470266
7	91	1.315117	0.400795	1.328703	3.044615
7	92	1.315117	0.394499	1.266229	2.975845
7	93	1.315117	0.379790	1.491023	3.185930
7	94	1.315117	0.449016	1.807179	3.571312
7	95	1.315117	0.346686	0.791803	2.453607
7	96	1.315117	0.454054	1.857168	3.626339
7	97	1.315117	0.389382	1.215457	2.919957
7	98	1.315117	0.375392	1.076645	2.767155
7	99	1.315117	0.449016	1.807179	3.571312
8	0	1.318505	0.376021	1.082886	2.777413
8	1	1.318505	0.376021	1.082886	2.777413
8	2	1.318505	0.413302	1.452804	3.184612
8	3	1.318505	0.382481	1.146981	2.847967
8	4	1.318505	0.415102	1.470666	3.204274
8	5	1.318505	0.406577	1.386075	3.111157
8	6	1.318505	0.412967	1.449479	3.180951
8	7	1.318505	0.400476	1.325534	3.044515
8	8	1.318505	0.439117	1.708956	3.466578
8	9	1.318505	0.377401	1.096571	2.792477
8	10	1.318505	0.427873	1.597379	3.343757
8	11	1.318505	0.369146	1.014663	2.702314
8	12	1.318505	0.393428	1.520423	3.232357
8	13	1.318505	0.361756	0.941337	2.621598
8	14	1.318505	0.447880	1.795907	3.562293
8	15	1.318505	0.420579	1.789827	3.528912
8	16	1.318505	0.374740	1.070167	2.763412
8	17	1.318505	0.393257	1.253902	2.965664
8	18	1.318505	0.374740	1.070167	2.763412
8	19	1.318505	0.343948	0.764639	2.427092
8	20	1.318505	0.374977	1.072524	2.766007
8	21	1.318505	0.374977	1.072524	2.766007
8	22	1.318505	0.443577	1.806175	3.568258
8	23	1.318505	0.415102	1.470666	3.204274
8	24	1.318505	0.406577	1.386075	3.111157
8	25	1.318505	0.348314	0.807964	2.474784
8	26	1.318505	0.309253	1.161872	2.789631
8	27	1.318505	0.452209	1.838863	3.609578
8	28	1.318505	0.402913	1.349720	3.071138
8	29	1.318505	0.478823	2.102938	3.900266
8	30	1.318505	0.369146	1.014663	2.702314
8	31	1.318505	0.361756	0.941337	2.621598
8	32	1.318505	0.426470	1.583464	3.328440
8	33	1.318505	0.397603	1.297034	3.013142
8	34	1.318505	0.371969	1.042672	2.733146
8	35	1.318505	0.383967	1.161727	2.864199
8	36	1.318505	0.407464	1.394874	3.120843
8	37	1.318505	0.457694	1.999209	3.775408
8	38	1.318505	0.413557	1.455330	3.187392
8	39	1.318505	0.337346	1.228768	2.884620
8	40	1.318505	0.400476	1.325534	3.044515
8	41	1.318505	0.464258	1.958411	3.741175
8	42	1.318505	0.439117	1.708956	3.466578
8	43	1.318505	0.407464	1.394874	3.120843
8	44	1.318505	0.420579	1.789827	3.528912
8	45	1.318505	0.378675	1.109216	2.806397
8	46	1.318505	0.384409	1.166113	2.869028
8	47	1.318505	0.369146	1.014663	2.702314
8	48	1.318505	0.400101	1.321819	3.040425
8	49	1.318505	0.402674	1.347347	3.068526
8	50	1.318505	0.426470	1.583464	3.328440
8	51	1.318505	0.369146	1.014663	2.702314
8	52	1.318505	0.415102	1.470666	3.204274
8	53	1.318505	0.378675	1.109216	2.806397
8	54	1.318505	0.393257	1.253902	2.965664
8	55	1.318505	0.457264	1.889015	3.664785
8	56	1.318505	0.435200	1.670083	3.423788
8	57	1.318505	0.361756	0.941337	2.621598
8	58	1.318505	0.373489	1.057756	2.749750
8	59	1.318505	0.449771	1.814668	3.582945
8	60	1.318505	0.402674	1.347347	3.068526
8	61	1.318505	0.455927	1.875747	3.650179
8	62	1.318505	0.410606	1.426047	3.155158
8	63	1.318505	0.378675	1.109216	2.806397
8	64	1.318505	0.395517	1.276331	2.990354
8	65	1.318505	0.404472	1.365187	3.088165
8	66	1.318505	0.400476	1.325534	3.044515
8	67	1.318505	0.376021	1.082886	2.777413
8	68	1.318505	0.387804	1.199801	2.906111
8	69	1.318505	0.398056	1.301525	3.018087
8	70	1.318505	0.403014	1.403682	3.125201
8	71	1.318505	0.384409	1.166113	2.869028
8	72	1.318505	0.386531	1.187168	2.892205
8	73	1.318505	0.437943	1.697303	3.453751
8	74	1.318505	0.369146	1.014663	2.702314
8	75	1.318505	0.414993	1.469581	3.203079
8	76	1.318505	0.426470	1.583464	3.328440
8	77	1.318505	0.421265	1.531813	3.271583
8	78	1.318505	0.360186	0.925759	2.604451
8	79	1.318505	0.343948	0.764639	2.427092
8	80	1.318505	0.428477	1.603377	3.350359
8	81	1.318505	0.452209	1.838863	3.609578
8	82	1.318505	0.395517	1.276331	2.990354
8	83	1.318505	0.378675	1.109216	2.806397
8	84	1.318505	0.397603	1.297034	3.013142
8	85	1.318505	0.412967	1.449479	3.180951
8	86	1.318505	0.383031	1.152442	2.853978
8	87	1.318505	0.416157	1.481129	3.215791
8	88	1.318505	0.426470	1.583464	3.328440
8	89	1.318505	0.374990	1.072651	2.766146
8	90	1.318505	0.410370	1.423708	3.152583
8	91	1.318505	0.402674	1.347347	3.068526
8	92	1.318505	0.410418	1.583076	3.311999
8	93	1.318505	0.384409	1.166113	2.869028
8	94	1.318505	0.416009	1.479665	3.214180
8	95	1.318505	0.382158	1.143777	2.844441
8	96	1.318505	0.387804	1.199801	2.906111
8	97	1.318505	0.439207	1.762809	3.520522
8	98	1.318505	0.384409	1.166113	2.869028
8	99	1.318505	0.373489	1.057756	2.749750
9	0	1.388845	0.374558	1.068368	2.831771
9	1	1.388845	0.417189	1.491370	3.297404
9	2	1.388845	0.368389	1.007150	2.764383
9	3	1.388845	0.368853	1.011759	2.769457
9	4	1.388845	0.389543	1.217057	2.995445
9	5	1.388845	0.406881	1.389089	3.184815
9	6	1.388845	0.349937	0.824060	2.562841
9	7	1.388845	0.433606	1.654267	3.476718
9	8	1.388845	0.390379	1.225353	3.004577
9	9	1.388845	0.448533	1.802387	3.639765
9	10	1.388845	0.357588	0.899981	2.646414
9	11	1.388845	0.425513	1.573963	3.388321
9	12	1.388845	0.371120	1.034251	2.794216
9	13	1.388845	0.390400	1.225557	3.004802
9	14	1.388845	0.397987	1.300840	3.087671
9	15	1.388845	0.475222	2.067204	3.931270
9	16	1.388845	0.393711	1.258415	3.040971
9	17	1.388845	0.368389	1.007150	2.764383
9	18	1.388845	0.430818	1.626606	3.446269
9	19	1.388845	0.372457	1.047518	2.808819
9	20	1.388845	0.354676	0.871091	2.614612
9	21	1.388845	0.403689	1.357420	3.149954
9	22	1.388845	0.461115	1.927225	3.777185
9	23	1.388845	0.430818	1.626606	3.446269
9	24	1.388845	0.415623	1.687683	3.492151
9	25	1.388845	0.425513	1.573963	3.388321
9	26	1.388845	0.421785	1.536977	3.347606
9	27	1.388845	0.439292	1.710685	3.538821
9	28	1.388845	0.427694	1.648567	3.465105
9	29	1.388845	0.407777	1.397976	3.194598
9	30	1.388845	0.418197	1.501375	3.308417
9	31	1.388845	0.397987	1.300840	3.087671
9	32	1.388845	0.421772	1.642769	3.453386
9	33	1.388845	0.439966	1.717375	3.546185
9	34	1.388845	0.410014	1.420175	3.219033
9	35	1.388845	0.427189	1.590594	3.406628
9	36	1.388845	0.368853	1.011759	2.769457
9	37	1.388845	0.398007	1.301034	3.087885
9	38	1.388845	0.432539	1.696645	3.518029
9	39	1.388845	0.426553	1.584287	3.399685
9	40	1.388845	0.417189	1.491370	3.297404
9	41	1.388845	0.360963	1.463104	3.212911
9	42	1.388845	0.382822	1.150360	2.922027
9	43	1.388845	0.454798	1.970476	3.814119
9	44	1.388845	0.369269	1.015883	2.773997
9	45	1.388845	0.341864	0.743956	2.474665
9	46	1.388845	0.372457	1.047518	2.808819
9	47	1.388845	0.385067	1.172639	2.946550
9	48	1.388845	0.399425	1.315105	3.103375
9	49	1.388845	0.417189	1.491370	3.297404
9	50	1.388845	0.430818	1.626606	3.446269
9	51	1.388845	0.392644	1.247828	3.029317
9	52	1.388845	0.387921	1.200960	2.977725
9	53	1.388845	0.393711	1.258415	3.040971
9	54	1.388845	0.404466	1.365131	3.158442
9	55	1.388845	0.427189	1.590594	3.406628
9	56	1.388845	0.412481	1.444661	3.245987
9	57	1.388845	0.381344	1.135702	2.905891
9	58	1.388845	0.427189	1.590594	3.406628
9	59	1.388845	0.415623	1.687683	3.492151
9	60	1.388845	0.358015	0.904219	2.651079
9	61	1.388845	0.426383	1.582600	3.397827
9	62	1.388845	0.387921	1.200960	2.977725
9	63	1.388845	0.368389	1.007150	2.764383
9	64	1.388845	0.383106	1.153179	2.925129
9	65	1.388845	0.406765	1.387940	3.183549
9	66	1.388845	0.389543	1.217057	2.995445
9	67	1.388845	0.430818	1.626606	3.446269
9	68	1.388845	0.403684	1.357370	3.149899
9	69	1.388845	0.390379	1.225353	3.004577
9	70	1.388845	0.450677	1.823654	3.663176
9	71	1.388845	0.443783	1.755254	3.587882
9	72	1.388845	0.433606	1.654267	3.476718
9	73	1.388845	0.398007	1.301034	3.087885
9	74	1.388845	0.371120	1.034251	2.794216
9	75	1.388845	0.403684	1.357370	3.149899
9	76	1.388845	0.406881	1.389089	3.184815
9	77	1.388845	0.439966	1.717375	3.546185
9	78	1.388845	0.390379	1.225353	3.004577
9	79	1.388845	0.398007	1.301034	3.087885
9	80	1.388845	0.406765	1.387940	3.183549
9	81	1.388845	0.407841	1.398611	3.195296
9	82	1.388845	0.425879	1.577602	3.392326
9	83	1.388845	0.406765	1.387940	3.183549
9	84	1.388845	0.411351	1.433444	3.233639
9	85	1.388845	0.411351	1.433444	3.233639
9	86	1.388845	0.372457	1.047518	2.808819
9	87	1.388845	0.412481	1.444661	3.245987
9	88	1.388845	0.475222	2.067204	3.931270
9	89	1.388845	0.371120	1.034251	2.794216
9	90	1.388845	0.358015	0.904219	2.651079
9	91	1.388845	0.374558	1.068368	2.831771
9	92	1.388845	0.406881	1.389089	3.184815
9	93	1.388845	0.421117	1.530347	3.340309
9	94	1.388845	0.461115	1.927225	3.777185
9	95	1.388845	0.387921	1.200960	2.977725
9	96	1.388845	0.448533	1.802387	3.639765
9	97	1.388845	0.388218	1.203903	2.980965
9	98	1.388845	0.375882	1.452251	3.216977
9	99	1.388845	0.403684	1.357370	3.149899
10	0	1.342541	0.397195	1.292982	3.032718
10	1	1.342541	0.371882	1.041810	2.756232
10	2	1.342541	0.378301	1.105506	2.826348
10	3	1.342541	0.371465	1.037680	2.751686
10	4	1.342541	0.408033	1.400516	3.151090
10	5	1.342541	0.380159	1.123938	2.846638
10	6	1.342541	0.356771	0.891878	2.591190
10	7	1.342541	0.419546	1.514758	3.276845
10	8	1.342541	0.376563	1.088260	2.807364
10	9	1.342541	0.379234	1.485512	3.207287
10	10	1.342541	0.370843	1.031504	2.744888
10	11	1.342541	0.400901	1.329755	3.073197
10	12	1.342541	0.367112	0.994486	2.704139
10	13	1.342541	0.343908	0.764243	2.450692
10	14	1.342541	0.396689	1.287957	3.027186
10	15	1.342541	0.370655	1.029639	2.742835
10	16	1.342541	0.384493	1.166947	2.893980
10	17	1.342541	0.369129	1.014501	2.726171
10	18	1.342541	0.343908	0.764243	2.450692
10	19	1.342541	0.397195	1.292982	3.032718
10	20	1.342541	0.389385	1.215486	2.947412
10	21	1.342541	0.442660	1.744110	3.529311
10	22	1.342541	0.379682	1.119209	2.841432
10	23	1.342541	0.385589	1.177825	2.905955
10	24	1.342541	0.443945	1.756857	3.543342
10	25	1.342541	0.379234	1.485512	3.207287
10	26	1.342541	0.417590	1.495351	3.255482
10	27	1.342541	0.392569	1.247076	2.982185
10	28	1.342541	0.357334	1.480058	3.179933
10	29	1.342541	0.380159	1.123938	2.846638
10	30	1.342541	0.388717	1.208854	2.940112
10	31	1.342541	0.347447	0.799362	2.489350
10	32	1.342541	0.361949	0.943250	2.647740
10	33	1.342541	0.434892	1.667026	3.444459
10	34	1.342541	0.370655	1.029639	2.742835
10	35	1.342541	0.375141	1.074150	2.791832
10	36	1.342541	0.446124	1.778481	3.567146
10	37	1.342541	0.385589	1.177825	2.905955
10	38	1.342541	0.443945	1.756857	3.543342
10	39	1.342541	0.443945	1.756857	3.543342
10	40	1.342541	0.474263	2.057688	3.874492
10	41	1.342541	0.388717	1.208854	2.940112
10	42	1.342541	0.380741	1.129718	2.853000
10	43	1.342541	0.411991	1.704618	3.459150
10	44	1.342541	0.370822	1.031293	2.744655
10	45	1.342541	0.388354	1.205256	2.936151
10	46	1.342541	0.395485	1.276018	3.014044
10	47	1.342541	0.333763	0.663575	2.339878
10	48	1.342541	0.428041	1.599054	3.369636
10	49	1.342541	0.354924	1.350225	3.047690
10	50	1.342541	0.371529	1.038310	2.752379
10	51	1.342541	0.371167	1.034721	2.748429
10	52	1.342541	0.370843	1.031504	2.744888
10	53	1.342541	0.447386	1.843969	3.633896
10	54	1.342541	0.410541	1.425410	3.178492
10	55	1.342541	0.390348	1.225040	2.957928
10	56	1.342541	0.400901	1.329755	3.073197
10	57	1.342541	0.397195	1.292982	3.032718
10	58	1.342541	0.428041	1.599054	3.369636
10	59	1.342541	0.370843	1.031504	2.744888
10	60	1.342541	0.424753	1.566426	3.333720
10	61	1.342541	0.379802	1.120395	2.842737
10	62	1.342541	0.367112	0.994486	2.704139
10	63	1.342541	0.424622	1.565129	3.332292
10	64	1.342541	0.351068	0.835284	2.528892
10	65	1.342541	0.413610	1.667716	3.423867
10	66	1.342541	0.388354	1.205256	2.936151
10	67	1.342541	0.333763	0.663575	2.339878
10	68	1.342541	0.370843	1.031504	2.744888
10	69	1.342541	0.411479	1.593605	3.347625
10	70	1.342541	0.435921	1.677242	3.455704
10	71	1.342541	0.376563	1.088260	2.807364
10	72	1.342541	0.446124	1.778481	3.567146
10	73	1.342541	0.408033	1.400516	3.151090
10	74	1.342541	0.395485	1.276018	3.014044
10	75	1.342541	0.422279	1.700768	3.465587
10	76	1.342541	0.372912	1.052035	2.767488
10	77	1.342541	0.379802	1.120395	2.842737
10	78	1.342541	0.397195	1.292982	3.032718
10	79	1.342541	0.369129	1.014501	2.726171
10	80	1.342541	0.361949	0.943250	2.647740
10	81	1.342541	0.465059	1.966362	3.773962
10	82	1.342541	0.369129	1.014501	2.726171
10	83	1.342541	0.373333	1.056206	2.772080
10	84	1.342541	0.408033	1.400516	3.151090
10	85	1.342541	0.367112	0.994486	2.704139
10	86	1.342541	0.375141	1.074150	2.791832
10	87	1.342541	0.379802	1.120395	2.842737
10	88	1.342541	0.371529	1.038310	2.752379
10	89	1.342541	0.407516	1.395391	3.145447
10	90	1.342541	0.379802	1.120395	2.842737
10	91	1.342541	0.443945	1.756857	3.543342
10	92	1.342541	0.401171	1.332430	3.076142
10	93	1.342541	0.406041	1.380757	3.129339
10	94	1.342541	0.397195	1.292982	3.032718
10	95	1.342541	0.342345	0.748732	2.433617
10	96	1.342541	0.380925	1.131538	2.855004
10	97	1.342541	0.433711	1.655306	3.431558
10	98	1.342541	0.342345	0.748732	2.433617
10	99	1.342541	0.406041	1.380757	3.129339
11	0	1.385527	0.419297	1.512288	3.317112
11	1	1.385527	0.457355	1.889917	3.732800
11	2	1.385527	0.406474	1.385055	3.177056
11	3	1.385527	0.424541	1.564317	3.374385
11	4	1.385527	0.401531	1.336006	3.123064
11	5	1.385527	0.387852	1.200277	2.973657
11	6	1.385527	0.395872	1.597631	3.379030
11	7	1.385527	0.426056	1.579359	3.390942
11	8	1.385527	0.417080	1.490292	3.292899
11	9	1.385527	0.429421	1.612739	3.427687
11	10	1.385527	0.387852	1.200277	2.973657
11	11	1.385527	0.421503	1.534177	3.341207
11	12	1.385527	0.429217	1.610722	3.425467
11	13	1.385527	0.353028	0.854737	2.593293
11	14	1.385527	0.400217	1.322971	3.108716
11	15	1.385527	0.405613	1.376510	3.167650
11	16	1.385527	0.370655	1.029642	2.785824
11	17	1.385527	0.403069	1.351269	3.139866
11	18	1.385527	0.423970	1.558656	3.368153
11	19	1.385527	0.379057	1.113005	2.877589
11	20	1.385527	0.420556	1.524782	3.330865
11	21	1.385527	0.374029	1.063121	2.822677
11	22	1.385527	0.429217	1.610722	3.425467
11	23	1.385527	0.421708	1.536207	3.343441
11	24	1.385527	0.390179	1.223367	2.999073
11	25	1.385527	0.390179	1.223367	2.999073
11	26	1.385527	0.384492	1.166931	2.936949
11	27	1.385527	0.446891	1.786086	3.618504
11	28	1.385527	0.421708	1.536207	3.343441
11	29	1.385527	0.406553	1.385834	3.177914
11	30	1.385527	0.370655	1.029642	2.785824
11	31	1.385527	0.375575	1.078461	2.839564
11	32	1.385527	0.426056	1.579359	3.390942
11	33	1.385527	0.435082	1.668911	3.489519
11	34	1.385527	0.389101	1.212666	2.987294
11	35	1.385527	0.405613	1.376510	3.167650
11	36	1.385527	0.374029	1.063121	2.822677
11	37	1.385527	0.379057	1.113005	2.877589
11	38	1.385527	0.426211	1.580897	3.392636
11	39	1.385527	0.379057	1.113005	2.877589
11	40	1.385527	0.391305	1.234540	3.011372
11	41	1.385527	0.446941	1.786589	3.619057
11	42	1.385527	0.423970	1.558656	3.368153
11	43	1.385527	0.374029	1.063121	2.822677
11	44	1.385527	0.415200	1.471637	3.272365
11	45	1.385527	0.384199	1.164027	2.933753
11	46	1.385527	0.353028	0.854737	2.593293
11	47	1.385527	0.423171	1.550727	3.359426
11	48	1.385527	0.419297	1.512288	3.317112
11	49	1.385527	0.395872	1.597631	3.379030
11	50	1.385527	0.406214	1.541359	3.333099
11	51	1.385527	0.427554	1.594219	3.407300
11	52	1.385527	0.426007	1.578871	3.390405
11	53	1.385527	0.353028	0.854737	2.593293
11	54	1.385527	0.384199	1.164027	2.933753
11	55	1.385527	0.391305	1.234540	3.011372
11	56	1.385527	0.372491	1.047856	2.805875
11	57	1.385527	0.391305	1.234540	3.011372
11	58	1.385527	0.412700	1.711647	3.509874
11	59	1.385527	0.436227	1.680275	3.502030
11	60	1.385527	0.375575	1.078461	2.839564
11	61	1.385527	0.426211	1.580897	3.392636
11	62	1.385527	0.381648	1.138715	2.905890
11	63	1.385527	0.412082	1.705519	3.503129
11	64	1.385527	0.328320	1.298100	3.011947
11	65	1.385527	0.434125	1.659423	3.479075
11	66	1.385527	0.414282	1.727348	3.527157
11	67	1.385527	0.406474	1.385055	3.177056
11	68	1.385527	0.408202	1.402197	3.195926
11	69	1.385527	0.436227	1.680275	3.502030
11	70	1.385527	0.453838	1.855023	3.694388
11	71	1.385527	0.385262	1.174574	2.945363
11	72	1.385527	0.436227	1.680275	3.502030
11	73	1.385527	0.388405	1.205761	2.979694
11	74	1.385527	0.412082	1.705519	3.503129
11	75	1.385527	0.381648	1.138715	2.905890
11	76	1.385527	0.420556	1.524782	3.330865
11	77	1.385527	0.376866	1.091269	2.853662
11	78	1.385527	0.361763	0.941402	2.688692
11	79	1.385527	0.425086	1.569728	3.380341
11	80	1.385527	0.444616	1.763520	3.593663
11	81	1.385527	0.460547	1.974553	3.820627
11	82	1.385527	0.429217	1.610722	3.425467
11	83	1.385527	0.353028	0.854737	2.593293
11	84	1.385527	0.444616	1.763520	3.593663
11	85	1.385527	0.434125	1.659423	3.479075
11	86	1.385527	0.392532	1.246717	3.024776
11	87	1.385527	0.430798	1.679369	3.495694
11	88	1.385527	0.373198	1.054875	2.813601
11	89	1.385527	0.405875	1.379107	3.170509
11	90	1.385527	0.420556	1.524782	3.330865
11	91	1.385527	0.372491	1.047856	2.805875
11	92	1.385527	0.440266	1.720356	3.546149
11	93	1.385527	0.401531	1.336006	3.123064
11	94	1.385527	0.403069	1.351269	3.139866
11	95	1.385527	0.405268	1.373088	3.163883
11	96	1.385527	0.446941	1.786589	3.619057
11	97	1.385527	0.387852	1.200277	2.973657
11	98	1.385527	0.436227	1.680275	3.502030
11	99	1.385527	0.405613	1.376510	3.167650
12	0	1.250745	0.402524	1.345855	2.999124
12	1	1.250745	0.398527	1.306194	2.955466
12	2	1.250745	0.420172	1.520974	3.191892
12	3	1.250745	0.393302	1.254350	2.898397
12	4	1.250745	0.389455	1.216184	2.856384
12	5	1.250745	0.429043	1.661954	3.341742
12	6	1.250745	0.398527	1.306194	2.955466
12	7	1.250745	0.435135	1.669442	3.355322
12	8	1.250745	0.361723	1.364725	2.977194
12	9	1.250745	0.424371	1.562639	3.237755
12	10	1.250745	0.445270	1.770010	3.466026
12	11	1.250745	0.422557	1.544635	3.217938
12	12	1.250745	0.447383	1.843938	3.542066
12	13	1.250745	0.422557	1.544635	3.217938
12	14	1.250745	0.410673	1.426718	3.088136
12	15	1.250745	0.455695	1.873451	3.579892
12	16	1.250745	0.424371	1.562639	3.237755
12	17	1.250745	0.408673	1.406872	3.066290
12	18	1.250745	0.393680	1.258101	2.902526
12	19	1.250745	0.413900	1.458734	3.123379
12	20	1.250745	0.384853	1.170520	2.806119
12	21	1.250745	0.434900	1.667108	3.352753
12	22	1.250745	0.449323	1.810218	3.510286
12	23	1.250745	0.406124	1.381578	3.038447
12	24	1.250745	0.399539	1.316244	2.966529
12	25	1.250745	0.417436	1.493819	3.162000
12	26	1.250745	0.393302	1.254350	2.898397
12	27	1.250745	0.429859	1.617086	3.297690
12	28	1.250745	0.396659	1.287663	2.935067
12	29	1.250745	0.436969	1.687634	3.375348
12	30	1.250745	0.445270	1.770010	3.466026
12	31	1.250745	0.431137	1.629775	3.311658
12	32	1.250745	0.387594	1.197712	2.836051
12	33	1.250745	0.442181	1.739352	3.432278
12	34	1.250745	0.410673	1.426718	3.088136
12	35	1.250745	0.408214	1.402318	3.061277
12	36	1.250745	0.405569	1.376069	3.032384
12	37	1.250745	0.431137	1.629775	3.311658
12	38	1.250745	0.412109	1.440962	3.103816
12	39	1.250745	0.416174	1.481301	3.148220
12	40	1.250745	0.406525	1.385553	3.042823
12	41	1.250745	0.404817	1.368608	3.024171
12	42	1.250745	0.404817	1.368608	3.024171
12	43	1.250745	0.445270	1.770010	3.466026
12	44	1.250745	0.346489	1.266520	2.863754
12	45	1.250745	0.406124	1.381578	3.038447
12	46	1.250745	0.454092	1.857539	3.562376
12	47	1.250745	0.389455	1.216184	2.856384
12	48	1.250745	0.356838	0.892535	2.500118
12	49	1.250745	0.445270	1.770010	3.466026
12	50	1.250745	0.345449	0.779535	2.375730
12	51	1.250745	0.412109	1.440962	3.103816
12	52	1.250745	0.423108	1.550105	3.223958
12	53	1.250745	0.384853	1.170520	2.806119
12	54	1.250745	0.400338	1.324170	2.975254
12	55	1.250745	0.382624	1.148398	2.781767
12	56	1.250745	0.412109	1.440962	3.103816
12	57	1.250745	0.412109	1.440962	3.103816
12	58	1.250745	0.436969	1.687634	3.375348
12	59	1.250745	0.442181	1.739352	3.432278
12	60	1.250745	0.285995	1.089979	2.626719
12	61	1.250745	0.453306	1.955667	3.659718
12	62	1.250745	0.408245	1.402627	3.061618
12	63	1.250745	0.429859	1.617086	3.297690
12	64	1.250745	0.386154	1.183422	2.820321
12	65	1.250745	0.453306	1.955667	3.659718
12	66	1.250745	0.400338	1.324170	2.975254
12	67	1.250745	0.409496	1.415040	3.075282
12	68	1.250745	0.393680	1.258101	2.902526
12	69	1.250745	0.408245	1.402627	3.061618
12	70	1.250745	0.431137	1.629775	3.311658
12	71	1.250745	0.416174	1.481301	3.148220
12	72	1.250745	0.436969	1.687634	3.375348
12	73	1.250745	0.435135	1.669442	3.355322
12	74	1.250745	0.402524	1.345855	2.999124
12	75	1.250745	0.417436	1.493819	3.162000
12	76	1.250745	0.496461	2.277950	4.025157
12	77	1.250745	0.420172	1.520974	3.191892
12	78	1.250745	0.445270	1.770010	3.466026
12	79	1.250745	0.384853	1.170520	2.806119
12	80	1.250745	0.471260	2.027895	3.749901
12	81	1.250745	0.432601	1.644301	3.327648
12	82	1.250745	0.342597	1.333838	2.927181
12	83	1.250745	0.387594	1.197712	2.836051
12	84	1.250745	0.496461	2.277950	4.025157
12	85	1.250745	0.420172	1.520974	3.191892
12	86	1.250745	0.389639	1.218011	2.858396
12	87	1.250745	0.413375	1.453530	3.117650
12	88	1.250745	0.346489	1.266520	2.863754
12	89	1.250745	0.453766	1.854310	3.558821
12	90	1.250745	0.386154	1.183422	2.820321
12	91	1.250745	0.345449	0.779535	2.375730
12	92	1.250745	0.384853	1.170520	2.806119
12	93	1.250745	0.409496	1.415040	3.075282
12	94	1.250745	0.408214	1.402318	3.061277
12	95	1.250745	0.398527	1.306194	2.955466
12	96	1.250745	0.361815	0.941925	2.554486
12	97	1.250745	0.408673	1.406872	3.066290
12	98	1.250745	0.455695	1.873451	3.579892
12	99	1.250745	0.424371	1.562639	3.237755
13	0	1.333611	0.375044	1.073190	2.781845
13	1	1.333611	0.375044	1.073190	2.781845
13	2	1.333611	0.389653	1.218150	2.941415
13	3	1.333611	0.372571	1.048645	2.754827
13	4	1.333611	0.409766	1.417717	3.161094
13	5	1.333611	0.439695	1.714683	3.487988
13	6	1.333611	0.450183	1.818754	3.602548
13	7	1.333611	0.440364	1.721330	3.495305
13	8	1.333611	0.402801	1.348607	3.085020
13	9	1.333611	0.355500	0.879258	2.568369
13	10	1.333611	0.454775	1.917283	3.705669
13	11	1.333611	0.325102	1.213200	2.871912
13	12	1.333611	0.400034	1.321154	3.054799
13	13	1.333611	0.406288	1.383204	3.123103
13	14	1.333611	0.354496	0.869303	2.557410
13	15	1.333611	0.440364	1.721330	3.495305
13	16	1.333611	0.392036	1.241788	2.967435
13	17	1.333611	0.403176	1.352331	3.089119
13	18	1.333611	0.375305	1.075782	2.784699
13	19	1.333611	0.457557	1.891920	3.683087
13	20	1.333611	0.459055	1.906792	3.699459
13	21	1.333611	0.441740	1.734979	3.510330
13	22	1.333611	0.436680	1.790696	3.560987
13	23	1.333611	0.375844	1.081131	2.790586
13	24	1.333611	0.422930	1.548341	3.304883
13	25	1.333611	0.391729	1.238744	2.964084
13	26	1.333611	0.436680	1.790696	3.560987
13	27	1.333611	0.389653	1.218150	2.941415
13	28	1.333611	0.375844	1.081131	2.790586
13	29	1.333611	0.394705	1.268272	2.996588
13	30	1.333611	0.369930	1.022441	2.725982
13	31	1.333611	0.409766	1.417717	3.161094
13	32	1.333611	0.421443	1.586547	3.341601
13	33	1.333611	0.394705	1.268272	2.996588
13	34	1.333611	0.429640	1.614921	3.378173
13	35	1.333611	0.414497	1.464663	3.212772
13	36	1.333611	0.356122	0.885435	2.575168
13	37	1.333611	0.402801	1.348607	3.085020
13	38	1.333611	0.363413	0.957775	2.654798
13	39	1.333611	0.404015	1.360650	3.098276
13	40	1.333611	0.422867	1.547707	3.304185
13	41	1.333611	0.422580	1.544868	3.301059
13	42	1.333611	0.402187	1.342516	3.078314
13	43	1.333611	0.448484	1.801901	3.583997
13	44	1.333611	0.406327	1.383591	3.123529
13	45	1.333611	0.379559	1.117984	2.831153
13	46	1.333611	0.404397	1.364442	3.102450
13	47	1.333611	0.420575	1.524967	3.279153
13	48	1.333611	0.421472	1.533872	3.288955
13	49	1.333611	0.406327	1.383591	3.123529
13	50	1.333611	0.390741	1.652653	3.377005
13	51	1.333611	0.391729	1.238744	2.964084
13	52	1.333611	0.325102	1.213200	2.871912
13	53	1.333611	0.372571	1.048645	2.754827
13	54	1.333611	0.343021	0.755443	2.432075
13	55	1.333611	0.429640	1.614921	3.378173
13	56	1.333611	0.470391	2.019268	3.823270
13	57	1.333611	0.395853	1.279661	3.009125
13	58	1.333611	0.430342	1.621883	3.385836
13	59	1.333611	0.429618	1.614702	3.377931
13	60	1.333611	0.375844	1.081131	2.790586
13	61	1.333611	0.462765	1.943603	3.739980
13	62	1.333611	0.428020	1.704771	3.466402
13	63	1.333611	0.379559	1.117984	2.831153
13	64	1.333611	0.421472	1.533872	3.288955
13	65	1.333611	0.382005	1.513009	3.228626
13	66	1.333611	0.395853	1.279661	3.009125
13	67	1.333611	0.381765	1.139880	2.855257
13	68	1.333611	0.379228	1.114708	2.827548
13	69	1.333611	0.402187	1.342516	3.078314
13	70	1.333611	0.406288	1.383204	3.123103
13	71	1.333611	0.390799	1.229513	2.953923
13	72	1.333611	0.445084	1.768164	3.546860
13	73	1.333611	0.430532	1.623766	3.387909
13	74	1.333611	0.379228	1.114708	2.827548
13	75	1.333611	0.347806	0.802924	2.484341
13	76	1.333611	0.401692	1.337607	3.072910
13	77	1.333611	0.391729	1.238744	2.964084
13	78	1.333611	0.402801	1.348607	3.085020
13	79	1.333611	0.421472	1.533872	3.288955
13	80	1.333611	0.440364	1.721330	3.495305
13	81	1.333611	0.406288	1.383204	3.123103
13	82	1.333611	0.392271	1.244127	2.970010
13	83	1.333611	0.423597	1.554959	3.312167
13	84	1.333611	0.351532	0.839894	2.525037
13	85	1.333611	0.381997	1.142175	2.857782
13	86	1.333611	0.420575	1.524967	3.279153
13	87	1.333611	0.435583	1.673884	3.443078
13	88	1.333611	0.440364	1.721330	3.495305
13	89	1.333611	0.414133	1.461048	3.208792
13	90	1.333611	0.375305	1.075782	2.784699
13	91	1.333611	0.414497	1.464663	3.212772
13	92	1.333611	0.392036	1.241788	2.967435
13	93	1.333611	0.409766	1.417717	3.161094
13	94	1.333611	0.392271	1.244127	2.970010
13	95	1.333611	0.425070	1.622538	3.381219
13	96	1.333611	0.398778	1.308691	3.041080
13	97	1.333611	0.435583	1.673884	3.443078
13	98	1.333611	0.395853	1.279661	3.009125
13	99	1.333611	0.354496	0.869303	2.557410
14	0	1.298083	0.341009	0.735480	2.374573
14	1	1.298083	0.409371	1.413802	3.121256
14	2	1.298083	0.418127	1.500676	3.216885
14	3	1.298083	0.399458	1.315438	3.012979
14	4	1.298083	0.381701	1.139244	2.819028
14	5	1.298083	0.405765	1.378020	3.081867
14	6	1.298083	0.389088	1.212538	2.899708
14	7	1.298083	0.396099	1.282105	2.976287
14	8	1.298083	0.420246	1.521704	3.240032
14	9	1.298083	0.406735	1.652462	3.357280
14	10	1.298083	0.411115	1.431098	3.140295
14	11	1.298083	0.407479	1.395028	3.100590
14	12	1.298083	0.393369	1.255015	2.946466
14	13	1.298083	0.406529	1.491529	3.196141
14	14	1.298083	0.442843	1.745920	3.486845
14	15	1.298083	0.386864	1.190475	2.875422
14	16	1.298083	0.373455	1.534099	3.205637
14	17	1.298083	0.389088	1.212538	2.899708
14	18	1.298083	0.377514	1.097701	2.773298
14	19	1.298083	0.381701	1.139244	2.819028
14	20	1.298083	0.341009	0.735480	2.374573
14	21	1.298083	0.418380	1.503190	3.219653
14	22	1.298083	0.412163	1.441503	3.151749
14	23	1.298083	0.384023	1.162283	2.844389
14	24	1.298083	0.360546	0.929329	2.587958
14	25	1.298083	0.418781	1.507169	3.224033
14	26	1.298083	0.398560	1.306527	3.003170
14	27	1.298083	0.414418	1.463875	3.176375
14	28	1.298083	0.360546	0.929329	2.587958
14	29	1.298083	0.438294	1.753751	3.490128
14	30	1.298083	0.360546	0.929329	2.587958
14	31	1.298083	0.381701	1.139244	2.819028
14	32	1.298083	0.377932	1.101847	2.777862
14	33	1.298083	0.471108	2.026378	3.795568
14	34	1.298083	0.414418	1.463875	3.176375
14	35	1.298083	0.414418	1.463875	3.176375
14	36	1.298083	0.404277	1.363250	3.065610
14	37	1.298083	0.425531	1.733040	3.456654
14	38	1.298083	0.372956	1.052474	2.723513
14	39	1.298083	0.382103	1.143235	2.823421
14	40	1.298083	0.406967	1.389948	3.094998
14	41	1.298083	0.381701	1.139244	2.819028
14	42	1.298083	0.432605	1.644338	3.375025
14	43	1.298083	0.445180	1.769109	3.512372
14	44	1.298083	0.400708	1.327838	3.026628
14	45	1.298083	0.438294	1.753751	3.490128
14	46	1.298083	0.423982	1.558773	3.280838
14	47	1.298083	0.408361	1.403777	3.110221
14	48	1.298083	0.387878	1.200532	2.886492
14	49	1.298083	0.408361	1.403777	3.110221
14	50	1.298083	0.398560	1.306527	3.003170
14	51	1.298083	0.377932	1.101847	2.777862
14	52	1.298083	0.464772	1.963517	3.726372
14	53	1.298083	0.420246	1.521704	3.240032
14	54	1.298083	0.407479	1.395028	3.100590
14	55	1.298083	0.406735	1.652462	3.357280
14	56	1.298083	0.387171	1.193520	2.878774
14	57	1.298083	0.372312	1.046075	2.716469
14	58	1.298083	0.409150	1.411601	3.118833
14	59	1.298083	0.399458	1.315438	3.012979
14	60	1.298083	0.345904	0.784046	2.428033
14	61	1.298083	0.392813	1.249502	2.940397
14	62	1.298083	0.392813	1.249502	2.940397
14	63	1.298083	0.396378	1.284870	2.979330
14	64	1.298083	0.457531	1.891662	3.647275
14	65	1.298083	0.375713	1.079825	2.753621
14	66	1.298083	0.457912	1.895444	3.651438
14	67	1.298083	0.387878	1.200532	2.886492
14	68	1.298083	0.410139	1.686238	3.394459
14	69	1.298083	0.359608	0.920024	2.577714
14	70	1.298083	0.471108	2.026378	3.795568
14	71	1.298083	0.402564	1.346254	3.046900
14	72	1.298083	0.445180	1.769109	3.512372
14	73	1.298083	0.408361	1.403777	3.110221
14	74	1.298083	0.351612	0.840686	2.490381
14	75	1.298083	0.420246	1.521704	3.240032
14	76	1.298083	0.345904	0.784046	2.428033
14	77	1.298083	0.403300	1.353560	3.054943
14	78	1.298083	0.419361	1.512920	3.230363
14	79	1.298083	0.409371	1.413802	3.121256
14	80	1.298083	0.457531	1.891662	3.647275
14	81	1.298083	0.389051	1.212171	2.899305
14	82	1.298083	0.382103	1.143235	2.823421
14	83	1.298083	0.445180	1.769109	3.512372
14	84	1.298083	0.395478	1.275943	2.969503
14	85	1.298083	0.409697	1.417028	3.124807
14	86	1.298083	0.405765	1.378020	3.081867
14	87	1.298083	0.395478	1.275943	2.969503
14	88	1.298083	0.409371	1.413802	3.121256
14	89	1.298083	0.401804	1.338714	3.038600
14	90	1.298083	0.419512	1.673317	3.390912
14	91	1.298083	0.409371	1.413802	3.121256
14	92	1.298083	0.401804	1.338714	3.038600
14	93	1.298083	0.412245	1.760092	3.470419
14	94	1.298083	0.445180	1.769109	3.512372
14	95	1.298083	0.407479	1.395028	3.100590
14	96	1.298083	0.359354	0.917505	2.574941
14	97	1.298083	0.402564	1.346254	3.046900
14	98	1.298083	0.461822	1.934241	3.694146
14	99	1.298083	0.393369	1.255015	2.946466
15	0	1.376194	0.399063	1.311513	3.086770
15	1	1.376194	0.379288	1.115301	2.870783
15	2	1.376194	0.397227	1.293298	3.066719
15	3	1.376194	0.365438	0.977869	2.719501
15	4	1.376194	0.395699	1.595919	3.367812
15	5	1.376194	0.402207	1.342717	3.121119
15	6	1.376194	0.399650	1.317340	3.093184
15	7	1.376194	0.427500	1.593687	3.397382
15	8	1.376194	0.362383	0.947560	2.686137
15	9	1.376194	0.387093	1.192742	2.956029
15	10	1.376194	0.394592	1.267155	3.037941
15	11	1.376194	0.434627	1.664403	3.475224
15	12	1.376194	0.415927	1.478847	3.270968
15	13	1.376194	0.387797	1.199729	2.963720
15	14	1.376194	0.441933	1.736898	3.555025
15	15	1.376194	0.334838	0.674246	2.385278
15	16	1.376194	0.339861	0.724086	2.440141
15	17	1.376194	0.413299	1.452771	3.242264
15	18	1.376194	0.395699	1.595919	3.367812
15	19	1.376194	0.399063	1.311513	3.086770
15	20	1.376194	0.454990	1.866452	3.697636
15	21	1.376194	0.386160	1.183483	2.945837
15	22	1.376194	0.402256	1.343195	3.121644
15	23	1.376194	0.464097	1.956820	3.797112
15	24	1.376194	0.412115	1.441023	3.229332
15	25	1.376194	0.362383	0.947560	2.686137
15	26	1.376194	0.348924	1.290690	3.015808
15	27	1.376194	0.454990	1.866452	3.697636
15	28	1.376194	0.384665	1.168656	2.929516
15	29	1.376194	0.374831	1.071076	2.822101
15	30	1.376194	0.454769	1.970183	3.801145
15	31	1.376194	0.369327	1.016459	2.761980
15	32	1.376194	0.386290	1.184779	2.947263
15	33	1.376194	0.361836	0.942128	2.680157
15	34	1.376194	0.392793	1.249300	3.018287
15	35	1.376194	0.398304	1.303982	3.078480
15	36	1.376194	0.363326	0.956915	2.696435
15	37	1.376194	0.369327	1.016459	2.761980
15	38	1.376194	0.374409	1.066892	2.817496
15	39	1.376194	0.364944	0.972968	2.714106
15	40	1.376194	0.364952	0.973047	2.714193
15	41	1.376194	0.407815	1.398359	3.182368
15	42	1.376194	0.349150	0.816253	2.541597
15	43	1.376194	0.394592	1.267155	3.037941
15	44	1.376194	0.365688	0.980351	2.722233
15	45	1.376194	0.449135	1.808351	3.633680
15	46	1.376194	0.413144	1.504198	3.293536
15	47	1.376194	0.339861	0.724086	2.440141
15	48	1.376194	0.374409	1.066892	2.817496
15	49	1.376194	0.386160	1.183483	2.945837
15	50	1.376194	0.339861	0.724086	2.440141
15	51	1.376194	0.435959	1.677615	3.489768
15	52	1.376194	0.415927	1.478847	3.270968
15	53	1.376194	0.393651	1.257814	3.027659
15	54	1.376194	0.405298	1.373382	3.154874
15	55	1.376194	0.422850	1.547539	3.346583
15	56	1.376194	0.417288	1.492359	3.285841
15	57	1.376194	0.428303	1.601651	3.406149
15	58	1.376194	0.444201	1.759399	3.579794
15	59	1.376194	0.384665	1.168656	2.929516
15	60	1.376194	0.402123	1.341882	3.120200
15	61	1.376194	0.349150	0.816253	2.541597
15	62	1.376194	0.415689	1.476489	3.268373
15	63	1.376194	0.419594	1.515231	3.311018
15	64	1.376194	0.379288	1.115301	2.870783
15	65	1.376194	0.415927	1.478847	3.270968
15	66	1.376194	0.423957	1.717415	3.517565
15	67	1.376194	0.375115	1.073893	2.825202
15	68	1.376194	0.421845	1.537570	3.335609
15	69	1.376194	0.401878	1.339446	3.117518
15	70	1.376194	0.368084	1.004126	2.748404
15	71	1.376194	0.365688	0.980351	2.722233
15	72	1.376194	0.368084	1.004126	2.748404
15	73	1.376194	0.371899	1.041983	2.790076
15	74	1.376194	0.395634	1.277492	3.049320
15	75	1.376194	0.407815	1.398359	3.182368
15	76	1.376194	0.334838	0.674246	2.385278
15	77	1.376194	0.423957	1.717415	3.517565
15	78	1.376194	0.421134	1.689408	3.486737
15	79	1.376194	0.364391	0.967482	2.708067
15	80	1.376194	0.444201	1.759399	3.579794
15	81	1.376194	0.369327	1.016459	2.761980
15	82	1.376194	0.446182	1.832019	3.654396
15	83	1.376194	0.363326	0.956915	2.696435
15	84	1.376194	0.374831	1.071076	2.822101
15	85	1.376194	0.368084	1.004126	2.748404
15	86	1.376194	0.364952	0.973047	2.714193
15	87	1.376194	0.387093	1.192742	2.956029
15	88	1.376194	0.364391	0.967482	2.708067
15	89	1.376194	0.396603	1.287108	3.059906
15	90	1.376194	0.371709	1.040096	2.787999
15	91	1.376194	0.402207	1.342717	3.121119
15	92	1.376194	0.399387	1.314736	3.090317
15	93	1.376194	0.405298	1.373382	3.154874
15	94	1.376194	0.419594	1.515231	3.311018
15	95	1.376194	0.397227	1.293298	3.066719
15	96	1.376194	0.399387	1.314736	3.090317
15	97	1.376194	0.379288	1.115301	2.870783
15	98	1.376194	0.365438	0.977869	2.719501
15	99	1.376194	0.395699	1.595919	3.367812
16	0	1.377302	0.413257	1.452353	3.242911
16	1	1.377302	0.399818	1.319008	3.096129
16	2	1.377302	0.395263	1.273808	3.046373
16	3	1.377302	0.373252	1.055408	2.805962
16	4	1.377302	0.404775	1.368192	3.150269
16	5	1.377302	0.399818	1.319008	3.096129
16	6	1.377302	0.380600	1.128322	2.886225
16	7	1.377302	0.389061	1.212273	2.978636
16	8	1.377302	0.438301	1.700851	3.516454
16	9	1.377302	0.426171	1.633461	3.436935
16	10	1.377302	0.372021	1.043189	2.792511
16	11	1.377302	0.375045	1.073197	2.825545
16	12	1.377302	0.413141	1.451205	3.241648
16	13	1.377302	0.428785	1.606438	3.412526
16	14	1.377302	0.415560	1.581140	3.374003
16	15	1.377302	0.423940	1.558360	3.359603
16	16	1.377302	0.405216	1.372568	3.155086
16	17	1.377302	0.375135	1.074089	2.826526
16	18	1.377302	0.428785	1.606438	3.412526
16	19	1.377302	0.417143	1.490913	3.285358
16	20	1.377302	0.368675	1.009991	2.755968
16	21	1.377302	0.404775	1.368192	3.150269
16	22	1.377302	0.404775	1.368192	3.150269
16	23	1.377302	0.396392	1.285016	3.058711
16	24	1.377302	0.375045	1.073197	2.825545
16	25	1.377302	0.369955	1.022693	2.769950
16	26	1.377302	0.377446	1.097027	2.851775
16	27	1.377302	0.409415	1.414230	3.200946
16	28	1.377302	0.448551	1.802557	3.628410
16	29	1.377302	0.457924	1.895562	3.730788
16	30	1.377302	0.421979	1.538905	3.338187
16	31	1.377302	0.415560	1.581140	3.374003
16	32	1.377302	0.351948	1.214767	2.944017
16	33	1.377302	0.368675	1.009991	2.755968
16	34	1.377302	0.389061	1.212273	2.978636
16	35	1.377302	0.375045	1.073197	2.825545
16	36	1.377302	0.420845	1.686543	3.484691
16	37	1.377302	0.373252	1.055408	2.805962
16	38	1.377302	0.368675	1.009991	2.755968
16	39	1.377302	0.382889	1.151027	2.911218
16	40	1.377302	0.338862	0.714168	2.430332
16	41	1.377302	0.380600	1.128322	2.886225
16	42	1.377302	0.376426	1.086900	2.840628
16	43	1.377302	0.361758	1.365070	3.104130
16	44	1.377302	0.428785	1.606438	3.412526
16	45	1.377302	0.433223	1.650471	3.460996
16	46	1.377302	0.427453	1.593220	3.397976
16	47	1.377302	0.360260	0.926489	2.664050
16	48	1.377302	0.406813	1.388412	3.172526
16	49	1.377302	0.384378	1.165801	2.927481
16	50	1.377302	0.375045	1.073197	2.825545
16	51	1.377302	0.338862	0.714168	2.430332
16	52	1.377302	0.410404	1.424052	3.211759
16	53	1.377302	0.382889	1.151027	2.911218
16	54	1.377302	0.430568	1.624127	3.431997
16	55	1.377302	0.366006	0.983507	2.726815
16	56	1.377302	0.410404	1.424052	3.211759
16	57	1.377302	0.380600	1.128322	2.886225
16	58	1.377302	0.379528	1.117685	2.874516
16	59	1.377302	0.348441	1.391824	3.117567
16	60	1.377302	0.375135	1.074089	2.826526
16	61	1.377302	0.448551	1.802557	3.628410
16	62	1.377302	0.382702	1.149172	2.909176
16	63	1.377302	0.384378	1.165801	2.927481
16	64	1.377302	0.399044	1.311332	3.087679
16	65	1.377302	0.376426	1.086900	2.840628
16	66	1.377302	0.420243	1.521679	3.319225
16	67	1.377302	0.398748	1.308387	3.084437
16	68	1.377302	0.375135	1.074089	2.826526
16	69	1.377302	0.436308	1.681078	3.494688
16	70	1.377302	0.382889	1.151027	2.911218
16	71	1.377302	0.413202	1.663668	3.454172
16	72	1.377302	0.448924	1.806263	3.632490
16	73	1.377302	0.379528	1.117685	2.874516
16	74	1.377302	0.366006	0.983507	2.726815
16	75	1.377302	0.350005	0.824737	2.552043
16	76	1.377302	0.399044	1.311332	3.087679
16	77	1.377302	0.354853	0.872842	2.604998
16	78	1.377302	0.409415	1.414230	3.200946
16	79	1.377302	0.436308	1.681078	3.494688
16	80	1.377302	0.407828	1.398487	3.183617
16	81	1.377302	0.396392	1.285016	3.058711
16	82	1.377302	0.387782	1.199583	2.964668
16	83	1.377302	0.427453	1.593220	3.397976
16	84	1.377302	0.393471	1.256026	3.026799
16	85	1.377302	0.407971	1.717684	3.502957
16	86	1.377302	0.338862	0.714168	2.430332
16	87	1.377302	0.380600	1.128322	2.886225
16	88	1.377302	0.430827	1.626694	3.434823
16	89	1.377302	0.350005	0.824737	2.552043
16	90	1.377302	0.404101	1.361504	3.142907
16	91	1.377302	0.383674	1.158815	2.919791
16	92	1.377302	0.413257	1.452353	3.242911
16	93	1.377302	0.419937	1.677525	3.474764
16	94	1.377302	0.448924	1.806263	3.632490
16	95	1.377302	0.409168	1.411787	3.198258
16	96	1.377302	0.369955	1.022693	2.769950
16	97	1.377302	0.400221	1.323009	3.100532
16	98	1.377302	0.385199	1.173954	2.936456
16	99	1.377302	0.410127	1.421296	3.208725
17	0	1.290010	0.392435	1.245747	2.928192
17	1	1.290010	0.412279	1.442650	3.144940
17	2	1.290010	0.381361	1.135869	2.807241
17	3	1.290010	0.434453	1.662676	3.387140
17	4	1.290010	0.412438	1.444234	3.146683
17	5	1.290010	0.451601	1.832827	3.574439
17	6	1.290010	0.423467	1.553661	3.267137
17	7	1.290010	0.424860	1.567486	3.282356
17	8	1.290010	0.359471	0.918664	2.568145
17	9	1.290010	0.363436	0.958009	2.611456
17	10	1.290010	0.382684	1.148995	2.821689
17	11	1.290010	0.438703	1.704845	3.433559
17	12	1.290010	0.387276	1.194557	2.871843
17	13	1.290010	0.400621	1.591796	3.282427
17	14	1.290010	0.359471	0.918664	2.568145
17	15	1.290010	0.424842	1.567312	3.282165
17	16	1.290010	0.455247	1.868998	3.614255
17	17	1.290010	0.402804	1.613456	3.306270
17	18	1.290010	0.443934	1.756746	3.490690
17	19	1.290010	0.352667	1.327824	2.970501
17	20	1.290010	0.400174	1.322540	3.012724
17	21	1.290010	0.417322	1.492691	3.200024
17	22	1.290010	0.388780	1.209485	2.888276
17	23	1.290010	0.421122	1.530400	3.241533
17	24	1.290010	0.388780	1.209485	2.888276
17	25	1.290010	0.407525	1.554369	3.251903
17	26	1.290010	0.424842	1.567312	3.282165
17	27	1.290010	0.415337	1.472993	3.178340
17	28	1.290010	0.466741	1.983048	3.739799
17	29	1.290010	0.417470	1.494160	3.201640
17	30	1.290010	0.384666	1.168661	2.843337
17	31	1.290010	0.433917	1.763286	3.487214
17	32	1.290010	0.417955	1.498975	3.206941
17	33	1.290010	0.376772	1.090331	2.757113
17	34	1.290010	0.405761	1.377980	3.073752
17	35	1.290010	0.451601	1.832827	3.574439
17	36	1.290010	0.344171	0.766853	2.401034
17	37	1.290010	0.415337	1.472993	3.178340
17	38	1.290010	0.392435	1.245747	2.928192
17	39	1.290010	0.429741	1.615919	3.335671
17	40	1.290010	0.412588	1.445715	3.148313
17	41	1.290010	0.392435	1.245747	2.928192
17	42	1.290010	0.381361	1.135869	2.807241
17	43	1.290010	0.428286	1.601480	3.319776
17	44	1.290010	0.383003	1.152158	2.825171
17	45	1.290010	0.400174	1.322540	3.012724
17	46	1.290010	0.384276	1.164793	2.839079
17	47	1.290010	0.423403	1.553027	3.266440
17	48	1.290010	0.383913	1.426004	3.099927
17	49	1.290010	0.405761	1.377980	3.073752
17	50	1.290010	0.424842	1.567312	3.282165
17	51	1.290010	0.401501	1.335707	3.027218
17	52	1.290010	0.381281	1.135070	2.806361
17	53	1.290010	0.382684	1.148995	2.821689
17	54	1.290010	0.453403	1.850702	3.594116
17	55	1.290010	0.337055	1.225877	2.852942
17	56	1.290010	0.416126	1.480822	3.186959
17	57	1.290010	0.423948	1.558439	3.272397
17	58	1.290010	0.401501	1.335707	3.027218
17	59	1.290010	0.424842	1.567312	3.282165
17	60	1.290010	0.346033	1.314966	2.951010
17	61	1.290010	0.418040	1.499813	3.207863
17	62	1.290010	0.413930	1.459030	3.162970
17	63	1.290010	0.412438	1.444234	3.146683
17	64	1.290010	0.400898	1.329723	3.020632
17	65	1.290010	0.293130	1.107820	2.690961
17	66	1.290010	0.435419	1.672255	3.397684
17	67	1.290010	0.415337	1.472993	3.178340
17	68	1.290010	0.386908	1.190909	2.867827
17	69	1.290010	0.433235	1.650587	3.373832
17	70	1.290010	0.407226	1.392517	3.089753
17	71	1.290010	0.352667	1.327824	2.970501
17	72	1.290010	0.417955	1.498975	3.206941
17	73	1.290010	0.466741	1.983048	3.739799
17	74	1.290010	0.386908	1.190909	2.867827
17	75	1.290010	0.344171	0.766853	2.401034
17	76	1.290010	0.371105	1.034100	2.695215
17	77	1.290010	0.423948	1.558439	3.272397
17	78	1.290010	0.381361	1.135869	2.807241
17	79	1.290010	0.400174	1.322540	3.012724
17	80	1.290010	0.365769	0.981157	2.636936
17	81	1.290010	0.417470	1.494160	3.201640
17	82	1.290010	0.382684	1.148995	2.821689
17	83	1.290010	0.453853	1.855166	3.599029
17	84	1.290010	0.417955	1.498975	3.206941
17	85	1.290010	0.441204	1.729663	3.460877
17	86	1.290010	0.376772	1.090331	2.757113
17	87	1.290010	0.384276	1.164793	2.839079
17	88	1.290010	0.394037	1.261650	2.945698
17	89	1.290010	0.416680	1.486325	3.193016
17	90	1.290010	0.384276	1.164793	2.839079
17	91	1.290010	0.387276	1.194557	2.871843
17	92	1.290010	0.429741	1.615919	3.335671
17	93	1.290010	0.384666	1.168661	2.843337
17	94	1.290010	0.387429	1.196075	2.873514
17	95	1.290010	0.453853	1.855166	3.599029
17	96	1.290010	0.408001	1.400201	3.098213
17	97	1.290010	0.466741	1.983048	3.739799
17	98	1.290010	0.453853	1.855166	3.599029
17	99	1.290010	0.443934	1.756746	3.490690
18	0	1.353445	0.421819	1.537313	3.312577
18	1	1.353445	0.440421	1.774857	3.568724
18	2	1.353445	0.433145	1.702657	3.489247
18	3	1.353445	0.381225	1.134516	2.869185
18	4	1.353445	0.377970	1.102221	2.833636
18	5	1.353445	0.399990	1.320716	3.074152
18	6	1.353445	0.400246	1.323258	3.076950
18	7	1.353445	0.408305	1.403222	3.164973
18	8	1.353445	0.386560	1.187451	2.927456
18	9	1.353445	0.431096	1.629360	3.413901
18	10	1.353445	0.420906	1.528254	3.302606
18	11	1.353445	0.377970	1.102221	2.833636
18	12	1.353445	0.358502	0.909047	2.620994
18	13	1.353445	0.428090	1.599533	3.381068
18	14	1.353445	0.433145	1.702657	3.489247
18	15	1.353445	0.412005	1.439931	3.205381
18	16	1.353445	0.418585	1.505220	3.277249
18	17	1.353445	0.440402	1.721700	3.515547
18	18	1.353445	0.406725	1.387542	3.147712
18	19	1.353445	0.387085	1.192665	2.933196
18	20	1.353445	0.395221	1.273394	3.022060
18	21	1.353445	0.387085	1.192665	2.933196
18	22	1.353445	0.434361	1.661766	3.449572
18	23	1.353445	0.410644	1.426428	3.190517
18	24	1.353445	0.386204	1.183922	2.923571
18	25	1.353445	0.382857	1.150712	2.887014
18	26	1.353445	0.380447	1.126796	2.860687
18	27	1.353445	0.449540	1.812379	3.615365
18	28	1.353445	0.421326	1.532419	3.307190
18	29	1.353445	0.387085	1.192665	2.933196
18	30	1.353445	0.428090	1.599533	3.381068
18	31	1.353445	0.339189	0.717421	2.410055
18	32	1.353445	0.322902	1.191371	2.867718
18	33	1.353445	0.460977	1.925857	3.740279
18	34	1.353445	0.426548	1.584234	3.364227
18	35	1.353445	0.499254	2.305663	4.158362
18	36	1.353445	0.362897	1.429333	3.145675
18	37	1.353445	0.381225	1.134516	2.869185
18	38	1.353445	0.433812	1.656318	3.443575
18	39	1.353445	0.381781	1.140034	2.875260
18	40	1.353445	0.420906	1.528254	3.302606
18	41	1.353445	0.413035	1.450155	3.216635
18	42	1.353445	0.453670	1.853357	3.660472
18	43	1.353445	0.456038	1.876854	3.686337
18	44	1.353445	0.408305	1.403222	3.164973
18	45	1.353445	0.421199	1.531163	3.305807
18	46	1.353445	0.406725	1.387542	3.147712
18	47	1.353445	0.395221	1.273394	3.022060
18	48	1.353445	0.297100	1.094247	2.744793
18	49	1.353445	0.353220	0.856637	2.563301
18	50	1.353445	0.400254	1.323331	3.077030
18	51	1.353445	0.400254	1.323331	3.077030
18	52	1.353445	0.415303	1.737474	3.506222
18	53	1.353445	0.416815	1.487662	3.257922
18	54	1.353445	0.373600	1.058857	2.785901
18	55	1.353445	0.389672	1.218336	2.961454
18	56	1.353445	0.407801	1.398223	3.159470
18	57	1.353445	0.433812	1.656318	3.443575
18	58	1.353445	0.394276	1.264015	3.011736
18	59	1.353445	0.400254	1.323331	3.077030
18	60	1.353445	0.434227	1.660430	3.448102
18	61	1.353445	0.386204	1.183922	2.923571
18	62	1.353445	0.420906	1.528254	3.302606
18	63	1.353445	0.405457	1.374961	3.133863
18	64	1.353445	0.414083	1.566476	3.334004
18	65	1.353445	0.408305	1.403222	3.164973
18	66	1.353445	0.421199	1.531163	3.305807
18	67	1.353445	0.424272	1.561656	3.339374
18	68	1.353445	0.339189	0.717421	2.410055
18	69	1.353445	0.415303	1.737474	3.506222
18	70	1.353445	0.421589	1.535030	3.310064
18	71	1.353445	0.440402	1.721700	3.515547
18	72	1.353445	0.421326	1.532419	3.307190
18	73	1.353445	0.440402	1.721700	3.515547
18	74	1.353445	0.391857	1.240016	2.985318
18	75	1.353445	0.339189	0.717421	2.410055
18	76	1.353445	0.480241	2.117001	3.950687
18	77	1.353445	0.418585	1.505220	3.277249
18	78	1.353445	0.418944	1.508790	3.281180
18	79	1.353445	0.395804	1.279182	3.028432
18	80	1.353445	0.405457	1.374961	3.133863
18	81	1.353445	0.414083	1.566476	3.334004
18	82	1.353445	0.400254	1.323331	3.077030
18	83	1.353445	0.387085	1.192665	2.933196
18	84	1.353445	0.414515	1.464843	3.232803
18	85	1.353445	0.400246	1.323258	3.076950
18	86	1.353445	0.353009	0.854545	2.560999
18	87	1.353445	0.412005	1.439931	3.205381
18	88	1.353445	0.435265	1.670729	3.459439
18	89	1.353445	0.421690	1.536036	3.311171
18	90	1.353445	0.414515	1.464843	3.232803
18	91	1.353445	0.431625	1.634614	3.419684
18	92	1.353445	0.339189	0.717421	2.410055
18	93	1.353445	0.410644	1.426428	3.190517
18	94	1.353445	0.381225	1.134516	2.869185
18	95	1.353445	0.426548	1.584234	3.364227
18	96	1.353445	0.411511	1.435034	3.199991
18	97	1.353445	0.395804	1.279182	3.028432
18	98	1.353445	0.434227	1.660430	3.448102
18	99	1.353445	0.460977	1.925857	3.740279
19	0	1.429778	0.413744	1.457186	3.300708
19	1	1.429778	0.401037	1.331102	3.161916
19	2	1.429778	0.384212	1.164157	2.978147
19	3	1.429778	0.378520	1.107678	2.915976
19	4	1.429778	0.422813	1.547171	3.399761
19	5	1.429778	0.437414	1.692059	3.559252
19	6	1.429778	0.397423	1.295245	3.122446
19	7	1.429778	0.448605	1.856061	3.734445
19	8	1.429778	0.390400	1.225556	3.045734
19	9	1.429778	0.372899	1.051907	2.854585
19	10	1.429778	0.397423	1.295245	3.122446
19	11	1.429778	0.387052	1.192341	3.009171
19	12	1.429778	0.397094	1.291982	3.118855
19	13	1.429778	0.414064	1.460365	3.304207
19	14	1.429778	0.402631	1.346915	3.179324
19	15	1.429778	0.338276	0.708358	2.476412
19	16	1.429778	0.365668	0.980152	2.775598
19	17	1.429778	0.452761	1.844331	3.726870
19	18	1.429778	0.446617	1.783374	3.659769
19	19	1.429778	0.377504	1.097597	2.904879
19	20	1.429778	0.390068	1.222259	3.042105
19	21	1.429778	0.387052	1.192341	3.009171
19	22	1.429778	0.448605	1.856061	3.734445
19	23	1.429778	0.422048	1.539590	3.391416
19	24	1.429778	0.396356	1.284654	3.110788
19	25	1.429778	0.395730	1.278441	3.103949
19	26	1.429778	0.448605	1.856061	3.734445
19	27	1.429778	0.365076	0.974280	2.769134
19	28	1.429778	0.448605	1.856061	3.734445
19	29	1.429778	0.368820	1.011435	2.810034
19	30	1.429778	0.394009	1.261372	3.085160
19	31	1.429778	0.386084	1.182735	2.998598
19	32	1.429778	0.432481	1.801998	3.664257
19	33	1.429778	0.339791	1.305991	3.075560
19	34	1.429778	0.400320	1.323987	3.154085
19	35	1.429778	0.389242	1.214066	3.033085
19	36	1.429778	0.395730	1.278441	3.103949
19	37	1.429778	0.387797	1.199729	3.017304
19	38	1.429778	0.390400	1.225556	3.045734
19	39	1.429778	0.369021	1.013425	2.812224
19	40	1.429778	0.446445	1.834633	3.710856
19	41	1.429778	0.377504	1.097597	2.904879
19	42	1.429778	0.368885	1.382823	3.181486
19	43	1.429778	0.400008	1.320898	3.150684
19	44	1.429778	0.422048	1.539590	3.391416
19	45	1.429778	0.369021	1.013425	2.812224
19	46	1.429778	0.377504	1.097597	2.904879
19	47	1.429778	0.348605	0.810846	2.589229
19	48	1.429778	0.372899	1.051907	2.854585
19	49	1.429778	0.369021	1.013425	2.812224
19	50	1.429778	0.402090	1.341548	3.173416
19	51	1.429778	0.369924	1.022388	2.822091
19	52	1.429778	0.374956	1.072314	2.877048
19	53	1.429778	0.413744	1.457186	3.300708
19	54	1.429778	0.405344	1.373840	3.208962
19	55	1.429778	0.402090	1.341548	3.173416
19	56	1.429778	0.422813	1.547171	3.399761
19	57	1.429778	0.420624	1.525452	3.375854
19	58	1.429778	0.369021	1.013425	2.812224
19	59	1.429778	0.427120	1.589908	3.446806
19	60	1.429778	0.392409	1.245494	3.067681
19	61	1.429778	0.338276	0.708358	2.476412
19	62	1.429778	0.385939	1.181294	2.997011
19	63	1.429778	0.387299	1.194790	3.011867
19	64	1.429778	0.387299	1.194790	3.011867
19	65	1.429778	0.365076	0.974280	2.769134
19	66	1.429778	0.362427	0.948000	2.740206
19	67	1.429778	0.401037	1.331102	3.161916
19	68	1.429778	0.331295	1.115762	2.876835
19	69	1.429778	0.338276	0.708358	2.476412
19	70	1.429778	0.380261	1.124949	2.934988
19	71	1.429778	0.387052	1.192341	3.009171
19	72	1.429778	0.353566	0.860068	2.643411
19	73	1.429778	0.456294	1.879391	3.765463
19	74	1.429778	0.393537	1.256686	3.080002
19	75	1.429778	0.366633	0.989726	2.786136
19	76	1.429778	0.409884	1.418888	3.258550
19	77	1.429778	0.402090	1.341548	3.173416
19	78	1.429778	0.449737	1.920257	3.799772
19	79	1.429778	0.387797	1.199729	3.017304
19	80	1.429778	0.397094	1.291982	3.118855
19	81	1.429778	0.412190	1.441773	3.283741
19	82	1.429778	0.400320	1.323987	3.154085
19	83	1.429778	0.403731	1.357839	3.191348
19	84	1.429778	0.392409	1.245494	3.067681
19	85	1.429778	0.421564	1.534781	3.386123
19	86	1.429778	0.346040	0.785400	2.561219
19	87	1.429778	0.412190	1.441773	3.283741
19	88	1.429778	0.393537	1.256686	3.080002
19	89	1.429778	0.397152	1.292552	3.119482
19	90	1.429778	0.389467	1.216297	3.035542
19	91	1.429778	0.405344	1.373840	3.208962
19	92	1.429778	0.366633	0.989726	2.786136
19	93	1.429778	0.393445	1.255777	3.079000
19	94	1.429778	0.399598	1.316824	3.146200
19	95	1.429778	0.397152	1.292552	3.119482
19	96	1.429778	0.377504	1.097597	2.904879
19	97	1.429778	0.389378	1.215419	3.034575
19	98	1.429778	0.406866	1.388940	3.225584
19	99	1.429778	0.422048	1.539590	3.391416
20	0	1.228647	0.461740	1.933428	3.623815
20	1	1.228647	0.406200	1.382335	3.017182
20	2	1.228647	0.369515	1.018326	2.616488
20	3	1.228647	0.399944	1.320254	2.948844
20	4	1.228647	0.404286	1.363340	2.996273
20	5	1.228647	0.412998	1.449789	3.091434
20	6	1.228647	0.296290	0.980277	2.505213
20	7	1.228647	0.383067	1.152793	2.764506
20	8	1.228647	0.393816	1.259449	2.881911
20	9	1.228647	0.434483	1.662968	3.326097
20	10	1.228647	0.379937	1.121736	2.730319
20	11	1.228647	0.404286	1.363340	2.996273
20	12	1.228647	0.405690	1.377275	3.011612
20	13	1.228647	0.392970	1.251063	2.872680
20	14	1.228647	0.379963	1.121999	2.730609
20	15	1.228647	0.386935	1.191173	2.806754
20	16	1.228647	0.361423	0.938032	2.528101
20	17	1.228647	0.457418	1.890545	3.576610
20	18	1.228647	0.382223	1.144417	2.755286
20	19	1.228647	0.480574	2.120309	3.829529
20	20	1.228647	0.459885	1.967991	3.656523
20	21	1.228647	0.431343	1.631813	3.291802
20	22	1.228647	0.390860	1.547905	3.167411
20	23	1.228647	0.488431	2.198274	3.915351
20	24	1.228647	0.354489	0.869227	2.452362
20	25	1.228647	0.406200	1.382335	3.017182
20	26	1.228647	0.429484	1.613370	3.271501
20	27	1.228647	0.419822	1.517496	3.165965
20	28	1.228647	0.437522	1.693125	3.359294
20	29	1.228647	0.409184	1.411940	3.049771
20	30	1.228647	0.387356	1.195351	2.811354
20	31	1.228647	0.397451	1.295517	2.921614
20	32	1.228647	0.417413	1.493593	3.139653
20	33	1.228647	0.409184	1.411940	3.049771
20	34	1.228647	0.419822	1.517496	3.165965
20	35	1.228647	0.412231	1.548105	3.188983
20	36	1.228647	0.465681	1.972530	3.666857
20	37	1.228647	0.397486	1.295872	2.922005
20	38	1.228647	0.424193	1.560868	3.213708
20	39	1.228647	0.431343	1.631813	3.291802
20	40	1.228647	0.405690	1.377275	3.011612
20	41	1.228647	0.382784	1.149990	2.761420
20	42	1.228647	0.412231	1.548105	3.188983
20	43	1.228647	0.373756	1.060405	2.662807
20	44	1.228647	0.355783	0.882068	2.466497
20	45	1.228647	0.402408	1.344709	2.975764
20	46	1.228647	0.379937	1.121736	2.730319
20	47	1.228647	0.379963	1.121999	2.730609
20	48	1.228647	0.380349	1.125824	2.734819
20	49	1.228647	0.434543	1.663567	3.326756
20	50	1.228647	0.354489	0.869227	2.452362
20	51	1.228647	0.386935	1.191173	2.806754
20	52	1.228647	0.406604	1.386337	3.021587
20	53	1.228647	0.418504	1.769235	3.416385
20	54	1.228647	0.379937	1.121736	2.730319
20	55	1.228647	0.355783	0.882068	2.466497
20	56	1.228647	0.409184	1.411940	3.049771
20	57	1.228647	0.421288	1.532040	3.181974
20	58	1.228647	0.467226	1.987863	3.683735
20	59	1.228647	0.385257	1.174526	2.788429
20	60	1.228647	0.387356	1.195351	2.811354
20	61	1.228647	0.426399	1.582753	3.237799
20	62	1.228647	0.454669	1.863268	3.546584
20	63	1.228647	0.426396	1.582728	3.237770
20	64	1.228647	0.429484	1.613370	3.271501
20	65	1.228647	0.392970	1.251063	2.872680
20	66	1.228647	0.399944	1.320254	2.948844
20	67	1.228647	0.330385	1.265619	2.824650
20	68	1.228647	0.383067	1.152793	2.764506
20	69	1.228647	0.382784	1.149990	2.761420
20	70	1.228647	0.379963	1.121999	2.730609
20	71	1.228647	0.429988	1.618373	3.277008
20	72	1.228647	0.419822	1.517496	3.165965
20	73	1.228647	0.426396	1.582728	3.237770
20	74	1.228647	0.409184	1.411940	3.049771
20	75	1.228647	0.381691	1.562856	3.173194
20	76	1.228647	0.465681	1.972530	3.666857
20	77	1.228647	0.412823	1.448053	3.089523
20	78	1.228647	0.397451	1.295517	2.921614
20	79	1.228647	0.407687	1.397090	3.033423
20	80	1.228647	0.430195	1.620427	3.279269
20	81	1.228647	0.440568	1.723352	3.392567
20	82	1.228647	0.445788	1.775146	3.449581
20	83	1.228647	0.379544	1.117834	2.726025
20	84	1.228647	0.439701	1.714742	3.383090
20	85	1.228647	0.330385	1.265619	2.824650
20	86	1.228647	0.457418	1.890545	3.576610
20	87	1.228647	0.439701	1.714742	3.383090
20	88	1.228647	0.373756	1.060405	2.662807
20	89	1.228647	0.388961	1.211281	2.828889
20	90	1.228647	0.442551	1.743028	3.414226
20	91	1.228647	0.452786	1.844582	3.526014
20	92	1.228647	0.458829	1.904540	3.592015
20	93	1.228647	0.392970	1.251063	2.872680
20	94	1.228647	0.448697	1.804007	3.481351
20	95	1.228647	0.412823	1.448053	3.089523
20	96	1.228647	0.442551	1.743028	3.414226
20	97	1.228647	0.397486	1.295872	2.922005
20	98	1.228647	0.448697	1.804007	3.481351
20	99	1.228647	0.380349	1.125824	2.734819
21	0	1.360805	0.401809	1.338764	3.101378
21	1	1.360805	0.426360	1.582366	3.369531
21	2	1.360805	0.377598	1.098528	2.836931
21	3	1.360805	0.350677	0.831410	2.542893
21	4	1.360805	0.374959	1.072344	2.808108
21	5	1.360805	0.376024	1.082914	2.819743
21	6	1.360805	0.394256	1.263815	3.018876
21	7	1.360805	0.404008	1.360586	3.125399
21	8	1.360805	0.416748	1.698856	3.476409
21	9	1.360805	0.416748	1.698856	3.476409
21	10	1.360805	0.353818	0.862576	2.577199
21	11	1.360805	0.408933	1.409451	3.179189
21	12	1.360805	0.401522	1.335917	3.098244
21	13	1.360805	0.348238	0.807207	2.516250
21	14	1.360805	0.401809	1.338764	3.101378
21	15	1.360805	0.353818	0.862576	2.577199
21	16	1.360805	0.398049	1.301453	3.060307
21	17	1.360805	0.384039	1.162445	2.907289
21	18	1.360805	0.442814	1.798597	3.602215
21	19	1.360805	0.374705	1.069820	2.805330
21	20	1.360805	0.379634	1.118730	2.859169
21	21	1.360805	0.377598	1.098528	2.836931
21	22	1.360805	0.376024	1.082914	2.819743
21	23	1.360805	0.399172	1.312599	3.072576
21	24	1.360805	0.374618	1.068958	2.804381
21	25	1.360805	0.405735	1.377717	3.144257
21	26	1.360805	0.388162	1.203353	2.952320
21	27	1.360805	0.368552	1.008775	2.738133
21	28	1.360805	0.352910	0.853562	2.567278
21	29	1.360805	0.441819	1.735763	3.538388
21	30	1.360805	0.348238	0.807207	2.516250
21	31	1.360805	0.460822	1.924322	3.745949
21	32	1.360805	0.395823	1.279367	3.035995
21	33	1.360805	0.422270	1.541787	3.324862
21	34	1.360805	0.409625	1.416318	3.186748
21	35	1.360805	0.394256	1.263815	3.018876
21	36	1.360805	0.386458	1.186441	2.933704
21	37	1.360805	0.422270	1.541787	3.324862
21	38	1.360805	0.399282	1.313690	3.073777
21	39	1.360805	0.386458	1.186441	2.933704
21	40	1.360805	0.422358	1.542658	3.325821
21	41	1.360805	0.396938	1.290429	3.048172
21	42	1.360805	0.415448	1.474093	3.250346
21	43	1.360805	0.370067	1.023807	2.754679
21	44	1.360805	0.388162	1.203353	2.952320
21	45	1.360805	0.373241	1.055302	2.789348
21	46	1.360805	0.366833	0.991712	2.719350
21	47	1.360805	0.397501	1.296017	3.054323
21	48	1.360805	0.394857	1.269786	3.025448
21	49	1.360805	0.420925	1.528446	3.310176
21	50	1.360805	0.382714	1.149291	2.892810
21	51	1.360805	0.480034	2.114953	3.955792
21	52	1.360805	0.373241	1.055302	2.789348
21	53	1.360805	0.402761	1.348208	3.111774
21	54	1.360805	0.476246	2.077360	3.914411
21	55	1.360805	0.452461	1.841355	3.654621
21	56	1.360805	0.394857	1.269786	3.025448
21	57	1.360805	0.405790	1.378267	3.144862
21	58	1.360805	0.381354	1.135803	2.877963
21	59	1.360805	0.460822	1.924322	3.745949
21	60	1.360805	0.404008	1.360586	3.125399
21	61	1.360805	0.439944	1.823087	3.623837
21	62	1.360805	0.379634	1.118730	2.859169
21	63	1.360805	0.422358	1.542658	3.325821
21	64	1.360805	0.339893	0.724402	2.425100
21	65	1.360805	0.401809	1.338764	3.101378
21	66	1.360805	0.422715	1.546208	3.329728
21	67	1.360805	0.374618	1.068958	2.804381
21	68	1.360805	0.352910	0.853562	2.567278
21	69	1.360805	0.409625	1.416318	3.186748
21	70	1.360805	0.435509	1.673157	3.469471
21	71	1.360805	0.402761	1.348208	3.111774
21	72	1.360805	0.416696	1.486484	3.263986
21	73	1.360805	0.388029	1.202030	2.950865
21	74	1.360805	0.366833	0.991712	2.719350
21	75	1.360805	0.374618	1.068958	2.804381
21	76	1.360805	0.379634	1.118730	2.859169
21	77	1.360805	0.399172	1.312599	3.072576
21	78	1.360805	0.398049	1.301453	3.060307
21	79	1.360805	0.440809	1.778701	3.580315
21	80	1.360805	0.374959	1.072344	2.808108
21	81	1.360805	0.408933	1.409451	3.179189
21	82	1.360805	0.404658	1.367035	3.132498
21	83	1.360805	0.401522	1.335917	3.098244
21	84	1.360805	0.388162	1.203353	2.952320
21	85	1.360805	0.343390	0.759105	2.463301
21	86	1.360805	0.372946	1.423120	3.156871
21	87	1.360805	0.397674	1.509591	3.268070
21	88	1.360805	0.405735	1.377717	3.144257
21	89	1.360805	0.409625	1.416318	3.186748
21	90	1.360805	0.425566	1.574491	3.360862
21	91	1.360805	0.399172	1.312599	3.072576
21	92	1.360805	0.393245	1.624537	3.378588
21	93	1.360805	0.368552	1.008775	2.738133
21	94	1.360805	0.442814	1.798597	3.602215
21	95	1.360805	0.410776	1.427736	3.199317
21	96	1.360805	0.402762	1.348220	3.111787
21	97	1.360805	0.385421	1.176151	2.922377
21	98	1.360805	0.389711	1.642430	3.392946
21	99	1.360805	0.385421	1.176151	2.922377
22	0	1.370658	0.430288	1.621351	3.422297
22	1	1.370658	0.436088	1.678899	3.485645
22	2	1.370658	0.401758	1.338262	3.110678
22	3	1.370658	0.414968	1.469339	3.254965
22	4	1.370658	0.414546	1.465150	3.250354
22	5	1.370658	0.437091	1.688853	3.496603
22	6	1.370658	0.387016	1.191980	2.949654
22	7	1.370658	0.394036	1.261640	3.026335
22	8	1.370658	0.403880	1.465236	3.239774
22	9	1.370658	0.357534	0.899446	2.627638
22	10	1.370658	0.354273	0.867092	2.592024
22	11	1.370658	0.357357	0.897684	2.625699
22	12	1.370658	0.368736	1.010593	2.749987
22	13	1.370658	0.408014	1.400331	3.179003
22	14	1.370658	0.310713	1.176354	2.857725
22	15	1.370658	0.339861	0.724086	2.434605
22	16	1.370658	0.389636	1.217980	2.978275
22	17	1.370658	0.370281	1.025930	2.766869
22	18	1.370658	0.459221	1.908434	3.738314
22	19	1.370658	0.387016	1.191980	2.949654
22	20	1.370658	0.337890	0.704526	2.413074
22	21	1.370658	0.378905	1.111501	2.861065
22	22	1.370658	0.339861	0.724086	2.434605
22	23	1.370658	0.395265	1.273833	3.039757
22	24	1.370658	0.442154	1.792052	3.604864
22	25	1.370658	0.366001	0.983456	2.720115
22	26	1.370658	0.378905	1.111501	2.861065
22	27	1.370658	0.344583	0.770943	2.486185
22	28	1.370658	0.379448	1.116887	2.866993
22	29	1.370658	0.349163	0.816388	2.536210
22	30	1.370658	0.400275	1.323539	3.094472
22	31	1.370658	0.443079	1.748270	3.562008
22	32	1.370658	0.374280	1.065604	2.810542
22	33	1.370658	0.341830	1.273262	2.985751
22	34	1.370658	0.382802	1.150170	2.903631
22	35	1.370658	0.450984	1.879668	3.701310
22	36	1.370658	0.339861	0.724086	2.434605
22	37	1.370658	0.446501	1.782223	3.599383
22	38	1.370658	0.354273	0.867092	2.592024
22	39	1.370658	0.411612	1.436038	3.218308
22	40	1.370658	0.398842	1.309320	3.078820
22	41	1.370658	0.414546	1.465150	3.250354
22	42	1.370658	0.387146	1.193271	2.951075
22	43	1.370658	0.377402	1.096582	2.844642
22	44	1.370658	0.372690	1.049830	2.793179
22	45	1.370658	0.399270	1.313566	3.083493
22	46	1.370658	0.413619	1.455953	3.240230
22	47	1.370658	0.408362	1.403788	3.182809
22	48	1.370658	0.368736	1.010593	2.749987
22	49	1.370658	0.369590	1.019073	2.759322
22	50	1.370658	0.389127	1.212931	2.972717
22	51	1.370658	0.385903	1.180934	2.937495
22	52	1.370658	0.342753	0.752780	2.466191
22	53	1.370658	0.379448	1.116887	2.866993
22	54	1.370658	0.414546	1.465150	3.250354
22	55	1.370658	0.446501	1.782223	3.599383
22	56	1.370658	0.408362	1.403788	3.182809
22	57	1.370658	0.366001	0.983456	2.720115
22	58	1.370658	0.387391	1.195698	2.953747
22	59	1.370658	0.357534	0.899446	2.627638
22	60	1.370658	0.414926	1.468919	3.254503
22	61	1.370658	0.417504	1.494495	3.282657
22	62	1.370658	0.446501	1.782223	3.599383
22	63	1.370658	0.401695	1.337631	3.109984
22	64	1.370658	0.420992	1.635038	3.426688
22	65	1.370658	0.367621	0.999535	2.737814
22	66	1.370658	0.410919	1.429154	3.210731
22	67	1.370658	0.403231	1.352873	3.126762
22	68	1.370658	0.367743	1.000743	2.739144
22	69	1.370658	0.367112	0.994486	2.732257
22	70	1.370658	0.344583	0.770943	2.486185
22	71	1.370658	0.427786	1.596516	3.394959
22	72	1.370658	0.389636	1.217980	2.978275
22	73	1.370658	0.417504	1.494495	3.282657
22	74	1.370658	0.412971	1.449522	3.233151
22	75	1.370658	0.395265	1.273833	3.039757
22	76	1.370658	0.364445	0.968023	2.703127
22	77	1.370658	0.436088	1.678899	3.485645
22	78	1.370658	0.418503	1.557373	3.346534
22	79	1.370658	0.448245	1.799528	3.618432
22	80	1.370658	0.423803	1.556997	3.351458
22	81	1.370658	0.357357	0.897684	2.625699
22	82	1.370658	0.408400	1.404165	3.183224
22	83	1.370658	0.367112	0.994486	2.732257
22	84	1.370658	0.389127	1.212931	2.972717
22	85	1.370658	0.370281	1.025930	2.766869
22	86	1.370658	0.367621	0.999535	2.737814
22	87	1.370658	0.436088	1.678899	3.485645
22	88	1.370658	0.452278	1.839545	3.662482
22	89	1.370658	0.401729	1.337965	3.110352
22	90	1.370658	0.367743	1.000743	2.739144
22	91	1.370658	0.367112	0.994486	2.732257
22	92	1.370658	0.437091	1.688853	3.496603
22	93	1.370658	0.414546	1.465150	3.250354
22	94	1.370658	0.427996	1.651563	3.450217
22	95	1.370658	0.357357	0.897684	2.625699
22	96	1.370658	0.414546	1.465150	3.250354
22	97	1.370658	0.357534	0.899446	2.627638
22	98	1.370658	0.409445	1.414527	3.194630
22	99	1.370658	0.370281	1.025930	2.766869
23	0	1.441539	0.370022	1.023359	2.834920
23	1	1.441539	0.423442	1.712312	3.577292
23	2	1.441539	0.392764	1.249019	3.083322
23	3	1.441539	0.433550	1.653713	3.528801
23	4	1.441539	0.403866	1.359177	3.204582
23	5	1.441539	0.455650	1.872996	3.770185
23	6	1.441539	0.406118	1.381517	3.229173
23	7	1.441539	0.402732	1.347921	3.192191
23	8	1.441539	0.359508	0.919033	2.720079
23	9	1.441539	0.369021	1.013425	2.823984
23	10	1.441539	0.393096	1.252309	3.086943
23	11	1.441539	0.372191	1.044880	2.858610
23	12	1.441539	0.404516	1.365624	3.211678
23	13	1.441539	0.342293	0.748220	2.532051
23	14	1.441539	0.372811	1.051028	2.865377
23	15	1.441539	0.412711	1.605826	3.460075
23	16	1.441539	0.400329	1.324082	3.165950
23	17	1.441539	0.362359	0.947322	2.751220
23	18	1.441539	0.412974	1.449551	3.304063
23	19	1.441539	0.420315	1.522394	3.384248
23	20	1.441539	0.393438	1.255700	3.090676
23	21	1.441539	0.375521	1.077917	2.894976
23	22	1.441539	0.445302	1.770324	3.657165
23	23	1.441539	0.350447	1.411722	3.203707
23	24	1.441539	0.339190	0.717422	2.498150
23	25	1.441539	0.336392	0.689660	2.467591
23	26	1.441539	0.369021	1.013425	2.823984
23	27	1.441539	0.401443	1.335132	3.178113
23	28	1.441539	0.342293	0.748220	2.532051
23	29	1.441539	0.419356	1.618801	3.479696
23	30	1.441539	0.411599	1.435908	3.289046
23	31	1.441539	0.404516	1.365624	3.211678
23	32	1.441539	0.411599	1.435908	3.289046
23	33	1.441539	0.396674	1.287813	3.126026
23	34	1.441539	0.389390	1.215539	3.046468
23	35	1.441539	0.367215	0.995502	2.804255
23	36	1.441539	0.380369	1.126023	2.947930
23	37	1.441539	0.413390	1.453674	3.308602
23	38	1.441539	0.397611	1.297106	3.136255
23	39	1.441539	0.409779	1.417848	3.269166
23	40	1.441539	0.420309	1.522328	3.384175
23	41	1.441539	0.392764	1.249019	3.083322
23	42	1.441539	0.401532	1.336019	3.179090
23	43	1.441539	0.435454	1.672604	3.549597
23	44	1.441539	0.435454	1.672604	3.549597
23	45	1.441539	0.369021	1.013425	2.823984
23	46	1.441539	0.413672	1.456471	3.311681
23	47	1.441539	0.372695	1.049882	2.864115
23	48	1.441539	0.356384	0.888034	2.685957
23	49	1.441539	0.423442	1.712312	3.577292
23	50	1.441539	0.357499	0.899100	2.698138
23	51	1.441539	0.378163	1.104133	2.923835
23	52	1.441539	0.420309	1.522328	3.384175
23	53	1.441539	0.397611	1.297106	3.136255
23	54	1.441539	0.427785	1.596507	3.465831
23	55	1.441539	0.397262	1.293641	3.132441
23	56	1.441539	0.418955	1.508898	3.369392
23	57	1.441539	0.362359	0.947322	2.751220
23	58	1.441539	0.395000	1.271204	3.107742
23	59	1.441539	0.422045	1.539559	3.403143
23	60	1.441539	0.395000	1.271204	3.107742
23	61	1.441539	0.350226	0.826929	2.618693
23	62	1.441539	0.359508	0.919033	2.720079
23	63	1.441539	0.347342	0.798312	2.587193
23	64	1.441539	0.397262	1.293641	3.132441
23	65	1.441539	0.403866	1.359177	3.204582
23	66	1.441539	0.395000	1.271204	3.107742
23	67	1.441539	0.411753	1.437434	3.290726
23	68	1.441539	0.427458	1.593266	3.462262
23	69	1.441539	0.468902	2.004498	3.914939
23	70	1.441539	0.372695	1.049882	2.864115
23	71	1.441539	0.372695	1.049882	2.864115
23	72	1.441539	0.433822	1.762337	3.637697
23	73	1.441539	0.325374	1.162943	2.929856
23	74	1.441539	0.404516	1.365624	3.211678
23	75	1.441539	0.417690	1.496343	3.355571
23	76	1.441539	0.420315	1.522394	3.384248
23	77	1.441539	0.370022	1.023359	2.834920
23	78	1.441539	0.389390	1.215539	3.046468
23	79	1.441539	0.352116	1.269394	3.063049
23	80	1.441539	0.375247	1.075202	2.891988
23	81	1.441539	0.351734	0.841895	2.635167
23	82	1.441539	0.402732	1.347921	3.192191
23	83	1.441539	0.417690	1.496343	3.355571
23	84	1.441539	0.362359	0.947322	2.751220
23	85	1.441539	0.325309	1.215259	2.982107
23	86	1.441539	0.404217	1.362653	3.208408
23	87	1.441539	0.395000	1.271204	3.107742
23	88	1.441539	0.400329	1.324082	3.165950
23	89	1.441539	0.395000	1.271204	3.107742
23	90	1.441539	0.390488	1.226435	3.058462
23	91	1.441539	0.350226	0.826929	2.618693
23	92	1.441539	0.380369	1.126023	2.947930
23	93	1.441539	0.370022	1.023359	2.834920
23	94	1.441539	0.380369	1.126023	2.947930
23	95	1.441539	0.418955	1.508898	3.369392
23	96	1.441539	0.424327	1.562196	3.428061
23	97	1.441539	0.426137	1.633123	3.500799
23	98	1.441539	0.382072	1.142928	2.966539
23	99	1.441539	0.397611	1.297106	3.136255
24	0	1.403468	0.426060	1.579397	3.408925
24	1	1.403468	0.387699	1.198759	2.989926
24	2	1.403468	0.431096	1.629363	3.463926
24	3	1.403468	0.373884	1.061681	2.839033
24	4	1.403468	0.383016	1.152290	2.938774
24	5	1.403468	0.405527	1.375653	3.184647
24	6	1.403468	0.415160	1.471241	3.289869
24	7	1.403468	0.418667	1.506035	3.328170
24	8	1.403468	0.415160	1.471241	3.289869
24	9	1.403468	0.390226	1.223835	3.017529
24	10	1.403468	0.380567	1.127986	2.912020
24	11	1.403468	0.345613	0.781160	2.530241
24	12	1.403468	0.365716	0.980635	2.749819
24	13	1.403468	0.365716	0.980635	2.749819
24	14	1.403468	0.431096	1.629363	3.463926
24	15	1.403468	0.377365	1.096219	2.877052
24	16	1.403468	0.403815	1.358666	3.165949
24	17	1.403468	0.377504	1.097597	2.878569
24	18	1.403468	0.409828	1.418329	3.231624
24	19	1.403468	0.412372	1.443571	3.259411
24	20	1.403468	0.359508	0.919033	2.682009
24	21	1.403468	0.359508	0.919033	2.682009
24	22	1.403468	0.334028	1.142875	2.880371
24	23	1.403468	0.418667	1.506035	3.328170
24	24	1.403468	0.370522	1.028317	2.802307
24	25	1.403468	0.363765	0.961267	2.728500
24	26	1.403468	0.386203	1.183909	2.973580
24	27	1.403468	0.416155	1.481110	3.300732
24	28	1.403468	0.437924	1.697113	3.538505
24	29	1.403468	0.395858	1.279717	3.079043
24	30	1.403468	0.421577	1.534909	3.359954
24	31	1.403468	0.421304	1.532203	3.356975
24	32	1.403468	0.390226	1.223835	3.017529
24	33	1.403468	0.428783	1.606412	3.438663
24	34	1.403468	0.348583	1.393225	3.145276
24	35	1.403468	0.377504	1.097597	2.878569
24	36	1.403468	0.350085	0.825535	2.579088
24	37	1.403468	0.387699	1.198759	2.989926
24	38	1.403468	0.383016	1.152290	2.938774
24	39	1.403468	0.390226	1.223835	3.017529
24	40	1.403468	0.377504	1.097597	2.878569
24	41	1.403468	0.416155	1.481110	3.300732
24	42	1.403468	0.369641	1.019576	2.792684
24	43	1.403468	0.370522	1.028317	2.802307
24	44	1.403468	0.376194	1.084604	2.864266
24	45	1.403468	0.383016	1.152290	2.938774
24	46	1.403468	0.414975	1.469399	3.287841
24	47	1.403468	0.431892	1.637264	3.472624
24	48	1.403468	0.377365	1.096219	2.877052
24	49	1.403468	0.423031	1.549341	3.375841
24	50	1.403468	0.387699	1.198759	2.989926
24	51	1.403468	0.366372	0.987142	2.756982
24	52	1.403468	0.338276	0.708358	2.450101
24	53	1.403468	0.365716	0.980635	2.749819
24	54	1.403468	0.431892	1.637264	3.472624
24	55	1.403468	0.345613	0.781160	2.530241
24	56	1.403468	0.408939	1.462471	3.274878
24	57	1.403468	0.387699	1.198759	2.989926
24	58	1.403468	0.400182	1.322621	3.126270
24	59	1.403468	0.365716	0.980635	2.749819
24	60	1.403468	0.420255	1.733653	3.557376
24	61	1.403468	0.408939	1.462471	3.274878
24	62	1.403468	0.442178	1.739328	3.584974
24	63	1.403468	0.350085	0.825535	2.579088
24	64	1.403468	0.396840	1.289454	3.089761
24	65	1.403468	0.436787	1.685832	3.526087
24	66	1.403468	0.363765	0.961267	2.728500
24	67	1.403468	0.379263	1.538760	3.321491
24	68	1.403468	0.377504	1.097597	2.878569
24	69	1.403468	0.441597	1.786521	3.631586
24	70	1.403468	0.372965	1.052564	2.828997
24	71	1.403468	0.365716	0.980635	2.749819
24	72	1.403468	0.338276	0.708358	2.450101
24	73	1.403468	0.403895	1.518351	3.325713
24	74	1.403468	0.338276	0.708358	2.450101
24	75	1.403468	0.380567	1.127986	2.912020
24	76	1.403468	0.369641	1.019576	2.792684
24	77	1.403468	0.367317	0.996514	2.767299
24	78	1.403468	0.366372	0.987142	2.756982
24	79	1.403468	0.419176	1.511092	3.333736
24	80	1.403468	0.400182	1.322621	3.126270
24	81	1.403468	0.418667	1.506035	3.328170
24	82	1.403468	0.350565	0.830299	2.584332
24	83	1.403468	0.338759	0.713146	2.455373
24	84	1.403468	0.435055	1.668649	3.507172
24	85	1.403468	0.371294	1.035980	2.810742
24	86	1.403468	0.367122	0.994580	2.765169
24	87	1.403468	0.386203	1.183909	2.973580
24	88	1.403468	0.423031	1.549341	3.375841
24	89	1.403468	0.420255	1.733653	3.557376
24	90	1.403468	0.387699	1.198759	2.989926
24	91	1.403468	0.434964	1.773674	3.612106
24	92	1.403468	0.396348	1.284576	3.084392
24	93	1.403468	0.431892	1.637264	3.472624
24	94	1.403468	0.383016	1.152290	2.938774
24	95	1.403468	0.383016	1.152290	2.938774
24	96	1.403468	0.371294	1.035980	2.810742
24	97	1.403468	0.373884	1.061681	2.839033
24	98	1.403468	0.400182	1.322621	3.126270
24	99	1.403468	0.423031	1.549341	3.375841
25	0	1.331235	0.391757	1.239026	2.962018
25	1	1.331235	0.409794	1.417996	3.159026
25	2	1.331235	0.404660	1.367051	3.102946
25	3	1.331235	0.338588	0.711455	2.381278
25	4	1.331235	0.414836	1.573953	3.320025
25	5	1.331235	0.365411	0.977604	2.674250
25	6	1.331235	0.419133	1.510665	3.261033
25	7	1.331235	0.423657	1.555555	3.310447
25	8	1.331235	0.435012	1.668217	3.434464
25	9	1.331235	0.427117	1.589881	3.348233
25	10	1.331235	0.372551	1.048451	2.752237
25	11	1.331235	0.414674	1.466421	3.212331
25	12	1.331235	0.394684	1.268068	2.993987
25	13	1.331235	0.414342	1.463120	3.208697
25	14	1.331235	0.403142	1.351989	3.086366
25	15	1.331235	0.365411	0.977604	2.674250
25	16	1.331235	0.384556	1.167569	2.883360
25	17	1.331235	0.372551	1.048451	2.752237
25	18	1.331235	0.342321	0.748492	2.422047
25	19	1.331235	0.435012	1.668217	3.434464
25	20	1.331235	0.443250	1.855887	3.630372
25	21	1.331235	0.415886	1.478445	3.225566
25	22	1.331235	0.414342	1.463120	3.208697
25	23	1.331235	0.350969	0.834303	2.516506
25	24	1.331235	0.431697	1.741253	3.504184
25	25	1.331235	0.378161	1.104113	2.813509
25	26	1.331235	0.423762	1.556588	3.311584
25	27	1.331235	0.338588	0.711455	2.381278
25	28	1.331235	0.431697	1.741253	3.504184
25	29	1.331235	0.432245	1.640768	3.404249
25	30	1.331235	0.406875	1.389031	3.127141
25	31	1.331235	0.470962	2.024933	3.827130
25	32	1.331235	0.423762	1.556588	3.311584
25	33	1.331235	0.397113	1.292168	3.020516
25	34	1.331235	0.342321	0.748492	2.422047
25	35	1.331235	0.392878	1.250147	2.974260
25	36	1.331235	0.415407	1.473687	3.220329
25	37	1.331235	0.394347	1.264723	2.990305
25	38	1.331235	0.374868	1.495156	3.201259
25	39	1.331235	0.444616	1.763512	3.539363
25	40	1.331235	0.369627	1.019438	2.720300
25	41	1.331235	0.399710	1.317933	3.048877
25	42	1.331235	0.387435	1.196140	2.914810
25	43	1.331235	0.399405	1.314912	3.045552
25	44	1.331235	0.400148	1.322281	3.053664
25	45	1.331235	0.406843	1.388717	3.126796
25	46	1.331235	0.423473	1.553720	3.308427
25	47	1.331235	0.433946	1.657646	3.422828
25	48	1.331235	0.428341	1.602025	3.361601
25	49	1.331235	0.349496	0.819690	2.500421
25	50	1.331235	0.384380	1.165825	2.881440
25	51	1.331235	0.433946	1.657646	3.422828
25	52	1.331235	0.372551	1.048451	2.752237
25	53	1.331235	0.408703	1.407166	3.147104
25	54	1.331235	0.384380	1.165825	2.881440
25	55	1.331235	0.414674	1.466421	3.212331
25	56	1.331235	0.395866	1.279790	3.006890
25	57	1.331235	0.369627	1.019438	2.720300
25	58	1.331235	0.461328	1.929342	3.721905
25	59	1.331235	0.406875	1.389031	3.127141
25	60	1.331235	0.428341	1.602025	3.361601
25	61	1.331235	0.394684	1.268068	2.993987
25	62	1.331235	0.408549	1.405639	3.145423
25	63	1.331235	0.406680	1.387096	3.125011
25	64	1.331235	0.429703	1.615537	3.376475
25	65	1.331235	0.444616	1.763512	3.539363
25	66	1.331235	0.405585	1.376231	3.113051
25	67	1.331235	0.433946	1.657646	3.422828
25	68	1.331235	0.408767	1.407804	3.147806
25	69	1.331235	0.423657	1.555555	3.310447
25	70	1.331235	0.450428	1.821186	3.602849
25	71	1.331235	0.398053	1.301498	3.030787
25	72	1.331235	0.435572	1.673778	3.440586
25	73	1.331235	0.405585	1.376231	3.113051
25	74	1.331235	0.413173	1.451518	3.195926
25	75	1.331235	0.447863	1.848703	3.627802
25	76	1.331235	0.408549	1.405639	3.145423
25	77	1.331235	0.425979	1.578588	3.335801
25	78	1.331235	0.378161	1.104113	2.813509
25	79	1.331235	0.342321	0.748492	2.422047
25	80	1.331235	0.350969	0.834303	2.516506
25	81	1.331235	0.357623	0.900325	2.589182
25	82	1.331235	0.356740	1.315275	3.003249
25	83	1.331235	0.391757	1.239026	2.962018
25	84	1.331235	0.464891	1.964698	3.760824
25	85	1.331235	0.399405	1.314912	3.045552
25	86	1.331235	0.421453	1.533680	3.286368
25	87	1.331235	0.376904	1.515355	3.223494
25	88	1.331235	0.394347	1.264723	2.990305
25	89	1.331235	0.426703	1.585777	3.343716
25	90	1.331235	0.395866	1.279790	3.006890
25	91	1.331235	0.474464	2.059687	3.865387
25	92	1.331235	0.404917	1.369607	3.105760
25	93	1.331235	0.431988	1.638216	3.401439
25	94	1.331235	0.329346	1.255318	2.915899
25	95	1.331235	0.477329	2.088109	3.896673
25	96	1.331235	0.349496	0.819690	2.500421
25	97	1.331235	0.351398	0.838558	2.521191
25	98	1.331235	0.426703	1.585777	3.343716
25	99	1.331235	0.376904	1.515355	3.223494
26	0	1.403481	0.373946	1.062296	2.839723
26	1	1.403481	0.425496	1.573796	3.402773
26	2	1.403481	0.351163	0.836229	2.590873
26	3	1.403481	0.345006	0.775133	2.523620
26	4	1.403481	0.403700	1.622347	3.429529
26	5	1.403481	0.428810	1.606681	3.438972
26	6	1.403481	0.382028	1.142490	2.928000
26	7	1.403481	0.345006	0.775133	2.523620
26	8	1.403481	0.381245	1.134718	2.919444
26	9	1.403481	0.425496	1.573796	3.402773
26	10	1.403481	0.411303	1.432969	3.247753
26	11	1.403481	0.352541	0.849905	2.605927
26	12	1.403481	0.417370	1.493165	3.314016
26	13	1.403481	0.401717	1.337854	3.143053
26	14	1.403481	0.386005	1.181953	2.971439
26	15	1.403481	0.396806	1.289118	3.089405
26	16	1.403481	0.347917	1.333658	3.085056
26	17	1.403481	0.409058	1.410689	3.223227
26	18	1.403481	0.441854	1.736108	3.581443
26	19	1.403481	0.408201	1.402191	3.213873
26	20	1.403481	0.391312	1.234612	3.029405
26	21	1.403481	0.401429	1.334997	3.139907
26	22	1.403481	0.399956	1.320373	3.123810
26	23	1.403481	0.375732	1.080014	2.859227
26	24	1.403481	0.434138	1.659544	3.497162
26	25	1.403481	0.387790	1.199660	2.990931
26	26	1.403481	0.458681	1.903078	3.765240
26	27	1.403481	0.387790	1.199660	2.990931
26	28	1.403481	0.401585	1.336538	3.141604
26	29	1.403481	0.416466	1.484195	3.304142
26	30	1.403481	0.394061	1.261883	3.059425
26	31	1.403481	0.396853	1.289586	3.089919
26	32	1.403481	0.371052	1.033577	2.808110
26	33	1.403481	0.432031	1.638643	3.474155
26	34	1.403481	0.374869	1.071452	2.849802
26	35	1.403481	0.398757	1.308475	3.110713
26	36	1.403481	0.413210	1.451886	3.268576
26	37	1.403481	0.373946	1.062296	2.839723
26	38	1.403481	0.405133	1.371743	3.180356
26	39	1.403481	0.340190	0.727348	2.471018
26	40	1.403481	0.399956	1.320373	3.123810
26	41	1.403481	0.476450	2.079390	3.959321
26	42	1.403481	0.393023	1.251589	3.048094
26	43	1.403481	0.489036	2.204269	4.096786
26	44	1.403481	0.348538	0.810187	2.562207
26	45	1.403481	0.391312	1.234612	3.029405
26	46	1.403481	0.379339	1.115804	2.898624
26	47	1.403481	0.401717	1.337854	3.143053
26	48	1.403481	0.395524	1.488255	3.287260
26	49	1.403481	0.433245	1.650687	3.487413
26	50	1.403481	0.376056	1.083227	2.862764
26	51	1.403481	0.400179	1.322589	3.126249
26	52	1.403481	0.413006	1.449865	3.266353
26	53	1.403481	0.413006	1.449865	3.266353
26	54	1.403481	0.402934	1.349931	3.156347
26	55	1.403481	0.343010	0.755334	2.501825
26	56	1.403481	0.394061	1.261883	3.059425
26	57	1.403481	0.377303	1.095608	2.876392
26	58	1.403481	0.402934	1.349931	3.156347
26	59	1.403481	0.395547	1.276624	3.075652
26	60	1.403481	0.400179	1.322589	3.126249
26	61	1.403481	0.396806	1.289118	3.089405
26	62	1.403481	0.426693	1.585679	3.415854
26	63	1.403481	0.401585	1.336538	3.141604
26	64	1.403481	0.376458	1.087219	2.867158
26	65	1.403481	0.457329	1.889662	3.750472
26	66	1.403481	0.399956	1.320373	3.123810
26	67	1.403481	0.348538	0.810187	2.562207
26	68	1.403481	0.426693	1.585679	3.415854
26	69	1.403481	0.414364	1.463336	3.281180
26	70	1.403481	0.375732	1.080014	2.859227
26	71	1.403481	0.413006	1.449865	3.266353
26	72	1.403481	0.393329	1.254618	3.051428
26	73	1.403481	0.376458	1.087219	2.867158
26	74	1.403481	0.431394	1.791214	3.626089
26	75	1.403481	0.351163	0.836229	2.590873
26	76	1.403481	0.403700	1.622347	3.429529
26	77	1.403481	0.436498	1.682965	3.522944
26	78	1.403481	0.396806	1.289118	3.089405
26	79	1.403481	0.440785	1.778464	3.622730
26	80	1.403481	0.370532	1.028418	2.802431
26	81	1.403481	0.402934	1.349931	3.156347
26	82	1.403481	0.354280	1.449755	3.207516
26	83	1.403481	0.343010	0.755334	2.501825
26	84	1.403481	0.403825	1.358767	3.166073
26	85	1.403481	0.411141	1.431365	3.245988
26	86	1.403481	0.451716	1.886925	3.742121
26	87	1.403481	0.375732	1.080014	2.859227
26	88	1.403481	0.371052	1.033577	2.808110
26	89	1.403481	0.375732	1.080014	2.859227
26	90	1.403481	0.427442	1.593107	3.424030
26	91	1.403481	0.413210	1.451886	3.268576
26	92	1.403481	0.428810	1.606681	3.438972
26	93	1.403481	0.409058	1.410689	3.223227
26	94	1.403481	0.401429	1.334997	3.139907
26	95	1.403481	0.345006	0.775133	2.523620
26	96	1.403481	0.427848	1.597138	3.428467
26	97	1.403481	0.448521	1.802262	3.654264
26	98	1.403481	0.356554	1.472326	3.232361
26	99	1.403481	0.431394	1.791214	3.626089
27	0	1.300452	0.413105	1.450845	3.164401
27	1	1.300452	0.392427	1.245666	2.938545
27	2	1.300452	0.446915	1.786323	3.533690
27	3	1.300452	0.434478	1.662923	3.397854
27	4	1.300452	0.404146	1.679738	3.384336
27	5	1.300452	0.383250	1.154613	2.838316
27	6	1.300452	0.408894	1.409064	3.118411
27	7	1.300452	0.437351	1.691430	3.429234
27	8	1.300452	0.316914	1.184920	2.802286
27	9	1.300452	0.382643	1.148588	2.831684
27	10	1.300452	0.402768	1.348284	3.051505
27	11	1.300452	0.377556	1.098110	2.776118
27	12	1.300452	0.359159	0.915568	2.575180
27	13	1.300452	0.392427	1.245666	2.938545
27	14	1.300452	0.393062	1.251969	2.945483
27	15	1.300452	0.425229	1.571151	3.296833
27	16	1.300452	0.421531	1.534457	3.256441
27	17	1.300452	0.397473	1.295738	2.993663
27	18	1.300452	0.383707	1.582852	3.267010
27	19	1.300452	0.421531	1.534457	3.256441
27	20	1.300452	0.402768	1.348284	3.051505
27	21	1.300452	0.409684	1.416901	3.127037
27	22	1.300452	0.409624	1.416311	3.126387
27	23	1.300452	0.404146	1.679738	3.384336
27	24	1.300452	0.380994	1.132227	2.813673
27	25	1.300452	0.342224	0.747530	2.390206
27	26	1.300452	0.380994	1.132227	2.813673
27	27	1.300452	0.410286	1.422875	3.133613
27	28	1.300452	0.375719	1.079886	2.756058
27	29	1.300452	0.454732	1.863897	3.619081
27	30	1.300452	0.394759	1.268815	2.964026
27	31	1.300452	0.359159	0.915568	2.575180
27	32	1.300452	0.425255	1.571411	3.297119
27	33	1.300452	0.420616	1.525373	3.246441
27	34	1.300452	0.411704	1.436942	3.149098
27	35	1.300452	0.411704	1.436942	3.149098
27	36	1.300452	0.419971	1.518976	3.239400
27	37	1.300452	0.421531	1.534457	3.256441
27	38	1.300452	0.397473	1.295738	2.993663
27	39	1.300452	0.425229	1.571151	3.296833
27	40	1.300452	0.422975	1.548779	3.272206
27	41	1.300452	0.399581	1.316654	3.016688
27	42	1.300452	0.421365	1.532807	3.254624
27	43	1.300452	0.411704	1.436942	3.149098
27	44	1.300452	0.434478	1.662923	3.397854
27	45	1.300452	0.351559	1.316827	2.968837
27	46	1.300452	0.442458	1.742104	3.485014
27	47	1.300452	0.411704	1.436942	3.149098
27	48	1.300452	0.409624	1.416311	3.126387
27	49	1.300452	0.347444	0.799323	2.447219
27	50	1.300452	0.370648	1.029571	2.700672
27	51	1.300452	0.409684	1.416901	3.127037
27	52	1.300452	0.342224	0.747530	2.390206
27	53	1.300452	0.377556	1.098110	2.776118
27	54	1.300452	0.419971	1.518976	3.239400
27	55	1.300452	0.393862	1.736584	3.430898
27	56	1.300452	0.383411	1.156209	2.840073
27	57	1.300452	0.380214	1.124491	2.805157
27	58	1.300452	0.413213	1.557846	3.271511
27	59	1.300452	0.421365	1.532807	3.254624
27	60	1.300452	0.399581	1.316654	3.016688
27	61	1.300452	0.391313	1.234617	2.926382
27	62	1.300452	0.397062	1.291664	2.989179
27	63	1.300452	0.358003	0.904099	2.562554
27	64	1.300452	0.392336	1.244764	2.937551
27	65	1.300452	0.435180	1.669891	3.405523
27	66	1.300452	0.395052	1.271720	2.967225
27	67	1.300452	0.447275	1.789896	3.537623
27	68	1.300452	0.445749	1.774755	3.520956
27	69	1.300452	0.421365	1.532807	3.254624
27	70	1.300452	0.426788	1.586613	3.313853
27	71	1.300452	0.397062	1.291664	2.989179
27	72	1.300452	0.442863	1.746119	3.489433
27	73	1.300452	0.353768	0.862079	2.516300
27	74	1.300452	0.437351	1.691430	3.429234
27	75	1.300452	0.481623	2.130718	3.912793
27	76	1.300452	0.382643	1.148588	2.831684
27	77	1.300452	0.341701	1.324941	2.967095
27	78	1.300452	0.446845	1.785636	3.532933
27	79	1.300452	0.442458	1.742104	3.485014
27	80	1.300452	0.446845	1.785636	3.532933
27	81	1.300452	0.377556	1.098110	2.776118
27	82	1.300452	0.421531	1.534457	3.256441
27	83	1.300452	0.394037	1.261644	2.956133
27	84	1.300452	0.413105	1.450845	3.164401
27	85	1.300452	0.452117	1.837947	3.590516
27	86	1.300452	0.409658	1.416642	3.126752
27	87	1.300452	0.425090	1.569773	3.295316
27	88	1.300452	0.447275	1.789896	3.537623
27	89	1.300452	0.381157	1.133845	2.815454
27	90	1.300452	0.409153	1.411636	3.121242
27	91	1.300452	0.377556	1.098110	2.776118
27	92	1.300452	0.347444	0.799323	2.447219
27	93	1.300452	0.382643	1.148588	2.831684
27	94	1.300452	0.377556	1.098110	2.776118
27	95	1.300452	0.339103	1.405094	3.044650
27	96	1.300452	0.429099	1.609552	3.339104
27	97	1.300452	0.391313	1.234617	2.926382
27	98	1.300452	0.402473	1.345352	3.048277
27	99	1.300452	0.341701	1.324941	2.967095
28	0	1.285415	0.386532	1.187181	2.859129
28	1	1.285415	0.373575	1.058616	2.717606
28	2	1.285415	0.377435	1.096916	2.759767
28	3	1.285415	0.374914	1.071900	2.732230
28	4	1.285415	0.374914	1.071900	2.732230
28	5	1.285415	0.437915	1.697028	3.420358
28	6	1.285415	0.340471	0.730137	2.356023
28	7	1.285415	0.420723	1.526442	3.232580
28	8	1.285415	0.424678	1.565682	3.275775
28	9	1.285415	0.377215	1.571404	3.234035
28	10	1.285415	0.449875	1.815698	3.550988
28	11	1.285415	0.340471	0.730137	2.356023
28	12	1.285415	0.387280	1.565344	3.238039
28	13	1.285415	0.449398	1.810965	3.545778
28	14	1.285415	0.408517	1.405320	3.099252
28	15	1.285415	0.386226	1.184146	2.855788
28	16	1.285415	0.416122	1.480785	3.182322
28	17	1.285415	0.377435	1.096916	2.759767
28	18	1.285415	0.416122	1.480785	3.182322
28	19	1.285415	0.455946	1.875937	3.617297
28	20	1.285415	0.384825	1.170235	2.840475
28	21	1.285415	0.380385	1.126179	2.791979
28	22	1.285415	0.388488	1.206587	2.880490
28	23	1.285415	0.354311	0.867465	2.507191
28	24	1.285415	0.424678	1.565682	3.275775
28	25	1.285415	0.455946	1.875937	3.617297
28	26	1.285415	0.410991	1.429875	3.126281
28	27	1.285415	0.380385	1.126179	2.791979
28	28	1.285415	0.446709	1.784284	3.516408
28	29	1.285415	0.350587	1.466079	3.102081
28	30	1.285415	0.405006	1.370481	3.060902
28	31	1.285415	0.386226	1.184146	2.855788
28	32	1.285415	0.386226	1.184146	2.855788
28	33	1.285415	0.449398	1.810965	3.545778
28	34	1.285415	0.368479	1.431761	3.085656
28	35	1.285415	0.431989	1.638224	3.355628
28	36	1.285415	0.389082	1.212482	2.886979
28	37	1.285415	0.460623	1.922347	3.668385
28	38	1.285415	0.410991	1.429875	3.126281
28	39	1.285415	0.374914	1.071900	2.732230
28	40	1.285415	0.422451	1.543582	3.251448
28	41	1.285415	0.364115	0.964743	2.614273
28	42	1.285415	0.421925	1.538369	3.245710
28	43	1.285415	0.427503	1.593714	3.306633
28	44	1.285415	0.424678	1.565682	3.275775
28	45	1.285415	0.410981	1.429769	3.126164
28	46	1.285415	0.391437	1.235848	2.912701
28	47	1.285415	0.460623	1.922347	3.668385
28	48	1.285415	0.389082	1.212482	2.886979
28	49	1.285415	0.405006	1.370481	3.060902
28	50	1.285415	0.384825	1.170235	2.840475
28	51	1.285415	0.411870	1.438592	3.135877
28	52	1.285415	0.451816	1.834957	3.572187
28	53	1.285415	0.416122	1.480785	3.182322
28	54	1.285415	0.402059	1.341249	3.028724
28	55	1.285415	0.457711	1.893452	3.636578
28	56	1.285415	0.422451	1.543582	3.251448
28	57	1.285415	0.374914	1.071900	2.732230
28	58	1.285415	0.432447	1.748698	3.466560
28	59	1.285415	0.438450	1.702332	3.426197
28	60	1.285415	0.438867	1.706469	3.430751
28	61	1.285415	0.438544	1.756232	3.480192
28	62	1.285415	0.399795	1.318777	3.003987
28	63	1.285415	0.438544	1.756232	3.480192
28	64	1.285415	0.410981	1.429769	3.126164
28	65	1.285415	0.410282	1.422840	3.118538
28	66	1.285415	0.415580	1.475409	3.176404
28	67	1.285415	0.374914	1.071900	2.732230
28	68	1.285415	0.386532	1.187181	2.859129
28	69	1.285415	0.436206	1.680066	3.401687
28	70	1.285415	0.438544	1.756232	3.480192
28	71	1.285415	0.386223	1.184109	2.855747
28	72	1.285415	0.364115	0.964743	2.614273
28	73	1.285415	0.404223	1.362716	3.052354
28	74	1.285415	0.436206	1.680066	3.401687
28	75	1.285415	0.416122	1.480785	3.182322
28	76	1.285415	0.420836	1.527564	3.233815
28	77	1.285415	0.416234	1.481894	3.183542
28	78	1.285415	0.391437	1.235848	2.912701
28	79	1.285415	0.418015	1.499569	3.202999
28	80	1.285415	0.340471	0.730137	2.356023
28	81	1.285415	0.411870	1.438592	3.135877
28	82	1.285415	0.408517	1.405320	3.099252
28	83	1.285415	0.424355	1.562473	3.272243
28	84	1.285415	0.387280	1.565344	3.238039
28	85	1.285415	0.438867	1.706469	3.430751
28	86	1.285415	0.416234	1.481894	3.183542
28	87	1.285415	0.404223	1.362716	3.052354
28	88	1.285415	0.379363	1.116039	2.780817
28	89	1.285415	0.344178	1.402486	3.032079
28	90	1.285415	0.379680	1.119193	2.784288
28	91	1.285415	0.407831	1.398518	3.091764
28	92	1.285415	0.424392	1.562840	3.272647
28	93	1.285415	0.416122	1.480785	3.182322
28	94	1.285415	0.397679	1.297784	2.980878
28	95	1.285415	0.399795	1.318777	3.003987
28	96	1.285415	0.420652	1.525734	3.231801
28	97	1.285415	0.382572	1.147889	2.815876
28	98	1.285415	0.405006	1.370481	3.060902
28	99	1.285415	0.420836	1.527564	3.233815
29	0	1.407767	0.423455	1.553549	3.384772
29	1	1.407767	0.445322	1.770524	3.623614
29	2	1.407767	0.445703	1.774298	3.627768
29	3	1.407767	0.390851	1.230030	3.028649
29	4	1.407767	0.390851	1.230030	3.028649
29	5	1.407767	0.410578	1.478737	3.297082
29	6	1.407767	0.402288	1.343518	3.153574
29	7	1.407767	0.397626	1.297255	3.102649
29	8	1.407767	0.425478	1.732508	3.565753
29	9	1.407767	0.392861	1.249977	3.050606
29	10	1.407767	0.379495	1.117350	2.904612
29	11	1.407767	0.445879	1.776052	3.629699
29	12	1.407767	0.397979	1.300760	3.106507
29	13	1.407767	0.352548	0.849967	2.610282
29	14	1.407767	0.425478	1.732508	3.565753
29	15	1.407767	0.354444	0.868784	2.630996
29	16	1.407767	0.386510	1.186955	2.981232
29	17	1.407767	0.380849	1.130784	2.919400
29	18	1.407767	0.373138	1.054271	2.835176
29	19	1.407767	0.417634	1.495791	3.321193
29	20	1.407767	0.382021	1.142419	2.932207
29	21	1.407767	0.352548	0.849967	2.610282
29	22	1.407767	0.395344	1.274619	3.077731
29	23	1.407767	0.344522	0.770336	2.522625
29	24	1.407767	0.354712	1.348114	3.110594
29	25	1.407767	0.426104	1.579832	3.413703
29	26	1.407767	0.419929	1.624487	3.452183
29	27	1.407767	0.396349	1.284583	3.088699
29	28	1.407767	0.392861	1.249977	3.050606
29	29	1.407767	0.363455	0.958198	2.729420
29	30	1.407767	0.421890	1.538015	3.367672
29	31	1.407767	0.372802	1.050944	2.831514
29	32	1.407767	0.343406	1.394827	3.146000
29	33	1.407767	0.419929	1.624487	3.452183
29	34	1.407767	0.411506	1.434987	3.254261
29	35	1.407767	0.346772	0.792662	2.547202
29	36	1.407767	0.410608	1.426067	3.244442
29	37	1.407767	0.406142	1.381758	3.195668
29	38	1.407767	0.434957	1.667675	3.510399
29	39	1.407767	0.402897	1.349555	3.160218
29	40	1.407767	0.411445	1.434376	3.253588
29	41	1.407767	0.410131	1.421337	3.239235
29	42	1.407767	0.341016	0.735545	2.484329
29	43	1.407767	0.354444	0.868784	2.630996
29	44	1.407767	0.432844	1.646711	3.487323
29	45	1.407767	0.395302	1.274197	3.077267
29	46	1.407767	0.344522	0.770336	2.522625
29	47	1.407767	0.405219	1.372595	3.185581
29	48	1.407767	0.426126	1.580051	3.413945
29	49	1.407767	0.407274	1.392986	3.208027
29	50	1.407767	0.402897	1.349555	3.160218
29	51	1.407767	0.380849	1.130784	2.919400
29	52	1.407767	0.346772	0.792662	2.547202
29	53	1.407767	0.344522	0.770336	2.522625
29	54	1.407767	0.410148	1.421511	3.239427
29	55	1.407767	0.407274	1.392986	3.208027
29	56	1.407767	0.411445	1.434376	3.253588
29	57	1.407767	0.379850	1.120876	2.908493
29	58	1.407767	0.436641	1.684384	3.528792
29	59	1.407767	0.397626	1.297255	3.102649
29	60	1.407767	0.423455	1.553549	3.384772
29	61	1.407767	0.373138	1.054271	2.835176
29	62	1.407767	0.386510	1.186955	2.981232
29	63	1.407767	0.435294	1.882870	3.725931
29	64	1.407767	0.445322	1.770524	3.623614
29	65	1.407767	0.426711	1.585850	3.420328
29	66	1.407767	0.354444	0.868784	2.630996
29	67	1.407767	0.414336	1.463066	3.285170
29	68	1.407767	0.449034	1.807357	3.664158
29	69	1.407767	0.409744	1.417495	3.235006
29	70	1.407767	0.393622	1.257526	3.058916
29	71	1.407767	0.341016	0.735545	2.484329
29	72	1.407767	0.436641	1.684384	3.528792
29	73	1.407767	0.393622	1.257526	3.058916
29	74	1.407767	0.393622	1.257526	3.058916
29	75	1.407767	0.414336	1.463066	3.285170
29	76	1.407767	0.396716	1.288230	3.092713
29	77	1.407767	0.348245	0.807279	2.563292
29	78	1.407767	0.373138	1.054271	2.835176
29	79	1.407767	0.408396	1.404125	3.220289
29	80	1.407767	0.346772	0.792662	2.547202
29	81	1.407767	0.380773	1.130034	2.918574
29	82	1.407767	0.382081	1.143015	2.932864
29	83	1.407767	0.370190	1.025025	2.802983
29	84	1.407767	0.341016	0.735545	2.484329
29	85	1.407767	0.386510	1.186955	2.981232
29	86	1.407767	0.426711	1.585850	3.420328
29	87	1.407767	0.380773	1.130034	2.918574
29	88	1.407767	0.450164	1.818563	3.676495
29	89	1.407767	0.370190	1.025025	2.802983
29	90	1.407767	0.383231	1.366282	3.157281
29	91	1.407767	0.418151	1.500916	3.326835
29	92	1.407767	0.311658	1.185728	2.905153
29	93	1.407767	0.424723	1.566124	3.398615
29	94	1.407767	0.388158	1.203310	2.999236
29	95	1.407767	0.348245	0.807279	2.563292
29	96	1.407767	0.375888	1.081561	2.865217
29	97	1.407767	0.395345	1.274622	3.077734
29	98	1.407767	0.463481	1.950701	3.821949
29	99	1.407767	0.393622	1.257526	3.058916
30	0	1.401845	0.396030	1.281420	3.079295
30	1	1.401845	0.395996	1.281085	3.078926
30	2	1.401845	0.368820	1.011429	2.782094
30	3	1.401845	0.423848	1.557442	3.383135
30	4	1.401845	0.349098	0.815735	2.566678
30	5	1.401845	0.429069	1.609251	3.440165
30	6	1.401845	0.397889	1.299865	3.099599
30	7	1.401845	0.415277	1.472396	3.289518
30	8	1.401845	0.444142	1.758816	3.604803
30	9	1.401845	0.383907	1.161132	2.946884
30	10	1.401845	0.446214	1.779369	3.627428
30	11	1.401845	0.381684	1.139073	2.922602
30	12	1.401845	0.419305	1.512369	3.333520
30	13	1.401845	0.348314	0.807958	2.558117
30	14	1.401845	0.348314	0.807958	2.558117
30	15	1.401845	0.389710	1.218711	3.010266
30	16	1.401845	0.368820	1.011429	2.782094
30	17	1.401845	0.362801	0.951702	2.716348
30	18	1.401845	0.372561	1.048552	2.822958
30	19	1.401845	0.340593	0.731348	2.473786
30	20	1.401845	0.419305	1.512369	3.333520
30	21	1.401845	0.391685	1.238310	3.031841
30	22	1.401845	0.387490	1.196681	2.986016
30	23	1.401845	0.395996	1.281085	3.078926
30	24	1.401845	0.371217	1.035217	2.808279
30	25	1.401845	0.398186	1.302812	3.102843
30	26	1.401845	0.371217	1.035217	2.808279
30	27	1.401845	0.387093	1.192747	2.981685
30	28	1.401845	0.415277	1.472396	3.289518
30	29	1.401845	0.366046	0.983910	2.751802
30	30	1.401845	0.435621	1.780191	3.617657
30	31	1.401845	0.363005	0.953729	2.718579
30	32	1.401845	0.414442	1.675966	3.492252
30	33	1.401845	0.381684	1.139073	2.922602
30	34	1.401845	0.407714	1.503283	3.312842
30	35	1.401845	0.414442	1.675966	3.492252
30	36	1.401845	0.349098	0.815735	2.566678
30	37	1.401845	0.415277	1.472396	3.289518
30	38	1.401845	0.376784	1.090453	2.869082
30	39	1.401845	0.369809	1.021241	2.792895
30	40	1.401845	0.385331	1.387115	3.174291
30	41	1.401845	0.374125	1.064068	2.840038
30	42	1.401845	0.389710	1.218711	3.010266
30	43	1.401845	0.382169	1.143890	2.927904
30	44	1.401845	0.389317	1.214814	3.005977
30	45	1.401845	0.435621	1.780191	3.617657
30	46	1.401845	0.470357	2.018928	3.891130
30	47	1.401845	0.377551	1.098062	2.877458
30	48	1.401845	0.372561	1.048552	2.822958
30	49	1.401845	0.367188	0.995238	2.764271
30	50	1.401845	0.408515	1.405304	3.215664
30	51	1.401845	0.387490	1.196681	2.986016
30	52	1.401845	0.399454	1.580216	3.381515
30	53	1.401845	0.368403	1.007290	2.777538
30	54	1.401845	0.354034	0.864721	2.620600
30	55	1.401845	0.473017	2.045327	3.920190
30	56	1.401845	0.398614	1.307061	3.107520
30	57	1.401845	0.435621	1.780191	3.617657
30	58	1.401845	0.393138	1.252723	3.047706
30	59	1.401845	0.371405	1.037076	2.810326
30	60	1.401845	0.371217	1.035217	2.808279
30	61	1.401845	0.366046	0.983910	2.751802
30	62	1.401845	0.354034	0.864721	2.620600
30	63	1.401845	0.391039	1.231898	3.024783
30	64	1.401845	0.387093	1.192747	2.981685
30	65	1.401845	0.444142	1.758816	3.604803
30	66	1.401845	0.366046	0.983910	2.751802
30	67	1.401845	0.399568	1.316529	3.117942
30	68	1.401845	0.435621	1.780191	3.617657
30	69	1.401845	0.349098	0.815735	2.566678
30	70	1.401845	0.362801	0.951702	2.716348
30	71	1.401845	0.394572	1.266953	3.063370
30	72	1.401845	0.376759	1.090210	2.868815
30	73	1.401845	0.413739	1.457134	3.272718
30	74	1.401845	0.398614	1.307061	3.107520
30	75	1.401845	0.429664	1.615153	3.446662
30	76	1.401845	0.376759	1.090210	2.868815
30	77	1.401845	0.340593	0.731348	2.473786
30	78	1.401845	0.382169	1.143890	2.927904
30	79	1.401845	0.409457	1.414652	3.225955
30	80	1.401845	0.367188	0.995238	2.764271
30	81	1.401845	0.399568	1.316529	3.117942
30	82	1.401845	0.376834	1.090954	2.869634
30	83	1.401845	0.348475	0.809561	2.559881
30	84	1.401845	0.396643	1.287503	3.085992
30	85	1.401845	0.397889	1.299865	3.099599
30	86	1.401845	0.394572	1.266953	3.063370
30	87	1.401845	0.383907	1.161132	2.946884
30	88	1.401845	0.429069	1.609251	3.440165
30	89	1.401845	0.350565	0.830299	2.582709
30	90	1.401845	0.454709	1.863661	3.720214
30	91	1.401845	0.394572	1.266953	3.063370
30	92	1.401845	0.394572	1.266953	3.063370
30	93	1.401845	0.429664	1.615153	3.446662
30	94	1.401845	0.367570	1.422736	3.192151
30	95	1.401845	0.393138	1.252723	3.047706
30	96	1.401845	0.394572	1.266953	3.063370
30	97	1.401845	0.363005	0.953729	2.718579
30	98	1.401845	0.408515	1.405304	3.215664
30	99	1.401845	0.467667	1.992244	3.861757
31	0	1.358112	0.387369	1.195483	2.940964
31	1	1.358112	0.373931	1.062143	2.794186
31	2	1.358112	0.397590	1.296899	3.052600
31	3	1.358112	0.373368	1.056558	2.788038
31	4	1.358112	0.371968	1.042663	2.772742
31	5	1.358112	0.435633	1.674380	3.468125
31	6	1.358112	0.409020	1.410313	3.177444
31	7	1.358112	0.432133	1.639655	3.429901
31	8	1.358112	0.389627	1.217891	2.965630
31	9	1.358112	0.435633	1.674380	3.468125
31	10	1.358112	0.393579	1.257106	3.008797
31	11	1.358112	0.432133	1.639655	3.429901
31	12	1.358112	0.382611	1.148272	2.888995
31	13	1.358112	0.399671	1.317554	3.075337
31	14	1.358112	0.414565	1.465339	3.238016
31	15	1.358112	0.432992	1.648181	3.439286
31	16	1.358112	0.345132	1.306026	3.009271
31	17	1.358112	0.378069	1.103208	2.839390
31	18	1.358112	0.414893	1.468591	3.241596
31	19	1.358112	0.389627	1.217891	2.965630
31	20	1.358112	0.435633	1.674380	3.468125
31	21	1.358112	0.392606	1.406343	3.157061
31	22	1.358112	0.404348	1.363953	3.126413
31	23	1.358112	0.417056	1.490052	3.265220
31	24	1.358112	0.421295	1.532111	3.311518
31	25	1.358112	0.407156	1.391816	3.157084
31	26	1.358112	0.378616	1.108633	2.845362
31	27	1.358112	0.371968	1.042663	2.772742
31	28	1.358112	0.376148	1.084145	2.818405
31	29	1.358112	0.395946	1.280585	3.034643
31	30	1.358112	0.383621	1.423115	3.164848
31	31	1.358112	0.407156	1.391816	3.157084
31	32	1.358112	0.407156	1.391816	3.157084
31	33	1.358112	0.409973	1.419775	3.187860
31	34	1.358112	0.385331	1.175259	2.918702
31	35	1.358112	0.375520	1.077906	2.811538
31	36	1.358112	0.376763	1.090245	2.825120
31	37	1.358112	0.378222	1.104717	2.841051
31	38	1.358112	0.387369	1.195483	2.940964
31	39	1.358112	0.349167	0.816422	2.523701
31	40	1.358112	0.371968	1.042663	2.772742
31	41	1.358112	0.378069	1.103208	2.839390
31	42	1.358112	0.425763	1.576447	3.360322
31	43	1.358112	0.397981	1.300777	3.056870
31	44	1.358112	0.347848	0.803339	2.509300
31	45	1.358112	0.414565	1.465339	3.238016
31	46	1.358112	0.432992	1.648181	3.439286
31	47	1.358112	0.411522	1.435137	3.204771
31	48	1.358112	0.378126	1.103769	2.840007
31	49	1.358112	0.371968	1.042663	2.772742
31	50	1.358112	0.376148	1.084145	2.818405
31	51	1.358112	0.391015	1.231660	2.980787
31	52	1.358112	0.391015	1.231660	2.980787
31	53	1.358112	0.404982	1.370248	3.133342
31	54	1.358112	0.349167	0.816422	2.523701
31	55	1.358112	0.426527	1.795886	3.580525
31	56	1.358112	0.399236	1.313230	3.070578
31	57	1.358112	0.456822	1.884628	3.699562
31	58	1.358112	0.451755	1.887315	3.697182
31	59	1.358112	0.409973	1.419775	3.187860
31	60	1.358112	0.399671	1.317554	3.075337
31	61	1.358112	0.387369	1.195483	2.940964
31	62	1.358112	0.435633	1.674380	3.468125
31	63	1.358112	0.436604	1.684017	3.478733
31	64	1.358112	0.376707	1.089685	2.824504
31	65	1.358112	0.456822	1.884628	3.699562
31	66	1.358112	0.376085	1.083514	2.817711
31	67	1.358112	0.460427	2.026331	3.844871
31	68	1.358112	0.411278	1.432719	3.202109
31	69	1.358112	0.432992	1.648181	3.439286
31	70	1.358112	0.422648	1.545542	3.326302
31	71	1.358112	0.424456	1.563478	3.346046
31	72	1.358112	0.399236	1.313230	3.070578
31	73	1.358112	0.407912	1.505250	3.271274
31	74	1.358112	0.373931	1.062143	2.794186
31	75	1.358112	0.439538	1.713126	3.510776
31	76	1.358112	0.411239	1.432337	3.201688
31	77	1.358112	0.351439	0.838967	2.548518
31	78	1.358112	0.373931	1.062143	2.794186
31	79	1.358112	0.378616	1.108633	2.845362
31	80	1.358112	0.424456	1.563478	3.346046
31	81	1.358112	0.439538	1.713126	3.510776
31	82	1.358112	0.411522	1.435137	3.204771
31	83	1.358112	0.399671	1.317554	3.075337
31	84	1.358112	0.378069	1.103208	2.839390
31	85	1.358112	0.458587	1.902141	3.718840
31	86	1.358112	0.347848	0.803339	2.509300
31	87	1.358112	0.433836	1.656550	3.448498
31	88	1.358112	0.393579	1.257106	3.008797
31	89	1.358112	0.353608	1.390128	3.101848
31	90	1.358112	0.399671	1.317554	3.075337
31	91	1.358112	0.409086	1.410970	3.178169
31	92	1.358112	0.378616	1.108633	2.845362
31	93	1.358112	0.409195	1.412047	3.179353
31	94	1.358112	0.378126	1.103769	2.840007
31	95	1.358112	0.371968	1.042663	2.772742
31	96	1.358112	0.376763	1.090245	2.825120
31	97	1.358112	0.349970	0.824394	2.532476
31	98	1.358112	0.399236	1.313230	3.070578
31	99	1.358112	0.397981	1.300777	3.056870
32	0	1.313813	0.387596	1.197737	2.899146
32	1	1.313813	0.404249	1.362979	3.081041
32	2	1.313813	0.416952	1.489025	3.219790
32	3	1.313813	0.390386	1.225415	2.929613
32	4	1.313813	0.381186	1.134131	2.829130
32	5	1.313813	0.384042	1.162475	2.860330
32	6	1.313813	0.398720	1.572935	3.285468
32	7	1.313813	0.474179	2.056855	3.844846
32	8	1.313813	0.452483	1.841581	3.607877
32	9	1.313813	0.408331	1.403477	3.125620
32	10	1.313813	0.353749	0.861887	2.529449
32	11	1.313813	0.403639	1.356925	3.074377
32	12	1.313813	0.416952	1.489025	3.219790
32	13	1.313813	0.438618	1.703997	3.456428
32	14	1.313813	0.398630	1.572042	3.284485
32	15	1.313813	0.412109	1.440961	3.166882
32	16	1.313813	0.398720	1.572935	3.285468
32	17	1.313813	0.386845	1.190284	2.890941
32	18	1.313813	0.410573	1.425724	3.150110
32	19	1.313813	0.398630	1.572042	3.284485
32	20	1.313813	0.479027	2.104957	3.897797
32	21	1.313813	0.417740	1.496836	3.228389
32	22	1.313813	0.415926	1.478844	3.208583
32	23	1.313813	0.388096	1.202700	2.904608
32	24	1.313813	0.368573	1.008979	2.691365
32	25	1.313813	0.390386	1.225415	2.929613
32	26	1.313813	0.390386	1.225415	2.929613
32	27	1.313813	0.403639	1.356925	3.074377
32	28	1.313813	0.395948	1.280608	2.990368
32	29	1.313813	0.408990	1.410012	3.132814
32	30	1.313813	0.412803	1.447856	3.174472
32	31	1.313813	0.388096	1.202700	2.904608
32	32	1.313813	0.359517	0.919125	2.592454
32	33	1.313813	0.410573	1.425724	3.150110
32	34	1.313813	0.408210	1.402282	3.124305
32	35	1.313813	0.390386	1.225415	2.929613
32	36	1.313813	0.348788	0.812663	2.475263
32	37	1.313813	0.405851	1.378868	3.098531
32	38	1.313813	0.420241	1.733513	3.467567
32	39	1.313813	0.378104	1.103547	2.795464
32	40	1.313813	0.405851	1.378868	3.098531
32	41	1.313813	0.416952	1.489025	3.219790
32	42	1.313813	0.352412	0.848617	2.514842
32	43	1.313813	0.459502	1.911226	3.684541
32	44	1.313813	0.384042	1.162475	2.860330
32	45	1.313813	0.371973	1.042717	2.728502
32	46	1.313813	0.398720	1.572935	3.285468
32	47	1.313813	0.420241	1.733513	3.467567
32	48	1.313813	0.403307	1.353624	3.070743
32	49	1.313813	0.381186	1.134131	2.829130
32	50	1.313813	0.309683	1.166132	2.789628
32	51	1.313813	0.348788	0.812663	2.475263
32	52	1.313813	0.368573	1.008979	2.691365
32	53	1.313813	0.381418	1.136434	2.831665
32	54	1.313813	0.452483	1.841581	3.607877
32	55	1.313813	0.379879	1.121167	2.814859
32	56	1.313813	0.454980	1.866357	3.635150
32	57	1.313813	0.445253	1.769836	3.528902
32	58	1.313813	0.379670	1.119088	2.812570
32	59	1.313813	0.408210	1.402282	3.124305
32	60	1.313813	0.435445	1.672520	3.421778
32	61	1.313813	0.369723	1.020389	2.703924
32	62	1.313813	0.369835	1.445214	3.128862
32	63	1.313813	0.429498	1.613506	3.356817
32	64	1.313813	0.402866	1.349248	3.065926
32	65	1.313813	0.372986	1.317584	3.004382
32	66	1.313813	0.426075	1.579538	3.319425
32	67	1.313813	0.410573	1.425724	3.150110
32	68	1.313813	0.430232	1.620789	3.364834
32	69	1.313813	0.402866	1.349248	3.065926
32	70	1.313813	0.379670	1.119088	2.812570
32	71	1.313813	0.417795	1.497383	3.228990
32	72	1.313813	0.393495	1.256263	2.963570
32	73	1.313813	0.369723	1.020389	2.703924
32	74	1.313813	0.369723	1.020389	2.703924
32	75	1.313813	0.379879	1.121167	2.814859
32	76	1.313813	0.381186	1.134131	2.829130
32	77	1.313813	0.403639	1.356925	3.074377
32	78	1.313813	0.395948	1.280608	2.990368
32	79	1.313813	0.378104	1.103547	2.795464
32	80	1.313813	0.401558	1.336269	3.051639
32	81	1.313813	0.404249	1.362979	3.081041
32	82	1.313813	0.446051	1.777756	3.537619
32	83	1.313813	0.403307	1.353624	3.070743
32	84	1.313813	0.353749	0.861887	2.529449
32	85	1.313813	0.429498	1.613506	3.356817
32	86	1.313813	0.386845	1.190284	2.890941
32	87	1.313813	0.385824	1.180155	2.879792
32	88	1.313813	0.401995	1.340612	3.056420
32	89	1.313813	0.377977	1.102286	2.794075
32	90	1.313813	0.384042	1.162475	2.860330
32	91	1.313813	0.348788	0.812663	2.475263
32	92	1.313813	0.421033	1.529511	3.264357
32	93	1.313813	0.412803	1.447856	3.174472
32	94	1.313813	0.381186	1.134131	2.829130
32	95	1.313813	0.417740	1.496836	3.228389
32	96	1.313813	0.377977	1.102286	2.794075
32	97	1.313813	0.385188	1.173837	2.872837
32	98	1.313813	0.430232	1.620789	3.364834
32	99	1.313813	0.417740	1.496836	3.228389
33	0	1.299956	0.372567	1.048613	2.721136
33	1	1.299956	0.347830	0.803156	2.450942
33	2	1.299956	0.413642	1.456174	3.169772
33	3	1.299956	0.393659	1.257892	2.951507
33	4	1.299956	0.357256	0.896690	2.553902
33	5	1.299956	0.397787	1.298859	2.996602
33	6	1.299956	0.385541	1.177349	2.862847
33	7	1.299956	0.393659	1.257892	2.951507
33	8	1.299956	0.439540	1.713148	3.452644
33	9	1.299956	0.471377	2.029057	3.800390
33	10	1.299956	0.398567	1.306598	3.005122
33	11	1.299956	0.439616	1.819827	3.559399
33	12	1.299956	0.449105	1.808059	3.557120
33	13	1.299956	0.462248	1.938471	3.700675
33	14	1.299956	0.374513	1.067922	2.742391
33	15	1.299956	0.359647	0.920407	2.580009
33	16	1.299956	0.445026	1.767586	3.512569
33	17	1.299956	0.429347	1.612013	3.341316
33	18	1.299956	0.376747	1.460834	3.137537
33	19	1.299956	0.376705	1.089673	2.766335
33	20	1.299956	0.408473	1.404885	3.113314
33	21	1.299956	0.393093	1.252282	2.945331
33	22	1.299956	0.404532	1.365780	3.070268
33	23	1.299956	0.393093	1.252282	2.945331
33	24	1.299956	0.412251	1.442373	3.154579
33	25	1.299956	0.354334	0.867688	2.521978
33	26	1.299956	0.347790	0.802763	2.450509
33	27	1.299956	0.445026	1.767586	3.512569
33	28	1.299956	0.432179	1.640107	3.372242
33	29	1.299956	0.416380	1.483348	3.199685
33	30	1.299956	0.408473	1.404885	3.113314
33	31	1.299956	0.354334	0.867688	2.521978
33	32	1.299956	0.414820	1.467861	3.182637
33	33	1.299956	0.438757	1.705377	3.444090
33	34	1.299956	0.406854	1.388820	3.095630
33	35	1.299956	0.439616	1.819827	3.559399
33	36	1.299956	0.426131	1.580094	3.306181
33	37	1.299956	0.416380	1.483348	3.199685
33	38	1.299956	0.433694	1.761071	3.494721
33	39	1.299956	0.419652	1.515808	3.235416
33	40	1.299956	0.425657	1.575396	3.301009
33	41	1.299956	0.408473	1.404885	3.113314
33	42	1.299956	0.421871	1.537829	3.259656
33	43	1.299956	0.438757	1.705377	3.444090
33	44	1.299956	0.370622	1.029313	2.699892
33	45	1.299956	0.420343	1.522663	3.242962
33	46	1.299956	0.398925	1.310143	3.009024
33	47	1.299956	0.402204	1.342680	3.044840
33	48	1.299956	0.429347	1.612013	3.341316
33	49	1.299956	0.347790	0.802763	2.450509
33	50	1.299956	0.359647	0.920407	2.580009
33	51	1.299956	0.391363	1.235111	2.926430
33	52	1.299956	0.372293	1.045893	2.718142
33	53	1.299956	0.427801	1.596669	3.324426
33	54	1.299956	0.425657	1.575396	3.301009
33	55	1.299956	0.380154	1.123895	2.804005
33	56	1.299956	0.419652	1.515808	3.235416
33	57	1.299956	0.374513	1.067922	2.742391
33	58	1.299956	0.439616	1.819827	3.559399
33	59	1.299956	0.462248	1.938471	3.700675
33	60	1.299956	0.393093	1.252282	2.945331
33	61	1.299956	0.419652	1.515808	3.235416
33	62	1.299956	0.398567	1.306598	3.005122
33	63	1.299956	0.432669	1.644972	3.377598
33	64	1.299956	0.433694	1.761071	3.494721
33	65	1.299956	0.414632	1.465999	3.180587
33	66	1.299956	0.370798	1.031054	2.701808
33	67	1.299956	0.347790	0.802763	2.450509
33	68	1.299956	0.449105	1.808059	3.557120
33	69	1.299956	0.426407	1.688765	3.415129
33	70	1.299956	0.370044	1.394326	3.064327
33	71	1.299956	0.445026	1.767586	3.512569
33	72	1.299956	0.338596	0.711532	2.350085
33	73	1.299956	0.347790	0.802763	2.450509
33	74	1.299956	0.408473	1.404885	3.113314
33	75	1.299956	0.396119	1.282306	2.978381
33	76	1.299956	0.398925	1.310143	3.009024
33	77	1.299956	0.408662	1.406762	3.115380
33	78	1.299956	0.398567	1.306598	3.005122
33	79	1.299956	0.414522	1.464909	3.179387
33	80	1.299956	0.293003	1.053596	2.646556
33	81	1.299956	0.388947	1.211140	2.900043
33	82	1.299956	0.399405	1.314906	3.014267
33	83	1.299956	0.453764	1.854288	3.608008
33	84	1.299956	0.401857	1.339243	3.041057
33	85	1.299956	0.383717	1.159247	2.842921
33	86	1.299956	0.338596	0.711532	2.350085
33	87	1.299956	0.388711	1.208802	2.897469
33	88	1.299956	0.376705	1.089673	2.766335
33	89	1.299956	0.355106	0.875357	2.530419
33	90	1.299956	0.370044	1.394326	3.064327
33	91	1.299956	0.393093	1.252282	2.945331
33	92	1.299956	0.416380	1.483348	3.199685
33	93	1.299956	0.398925	1.310143	3.009024
33	94	1.299956	0.431396	1.632337	3.363689
33	95	1.299956	0.414632	1.465999	3.180587
33	96	1.299956	0.413642	1.456174	3.169772
33	97	1.299956	0.372567	1.048613	2.721136
33	98	1.299956	0.396119	1.282306	2.978381
33	99	1.299956	0.374513	1.067922	2.742391
34	0	1.415135	0.371254	1.035578	2.821967
34	1	1.415135	0.380204	1.124392	2.919732
34	2	1.415135	0.424413	1.563056	3.402605
34	3	1.415135	0.377537	1.097927	2.890600
34	4	1.415135	0.393779	1.259082	3.067996
34	5	1.415135	0.439355	1.817240	3.671730
34	6	1.415135	0.410907	1.429043	3.255085
34	7	1.415135	0.363318	0.956839	2.735292
34	8	1.415135	0.417898	1.498404	3.331437
34	9	1.415135	0.400846	1.329211	3.145192
34	10	1.415135	0.348606	0.810860	2.574602
34	11	1.415135	0.401983	1.340489	3.157607
34	12	1.415135	0.394849	1.269702	3.079686
34	13	1.415135	0.357666	0.900758	2.673559
34	14	1.415135	0.417898	1.498404	3.331437
34	15	1.415135	0.406632	1.386619	3.208386
34	16	1.415135	0.380143	1.123782	2.919060
34	17	1.415135	0.385844	1.180354	2.981333
34	18	1.415135	0.420446	1.523688	3.359269
34	19	1.415135	0.417898	1.498404	3.331437
34	20	1.415135	0.398770	1.308614	3.122519
34	21	1.415135	0.377537	1.097927	2.890600
34	22	1.415135	0.424413	1.563056	3.402605
34	23	1.415135	0.400846	1.329211	3.145192
34	24	1.415135	0.433094	1.649189	3.497418
34	25	1.415135	0.427167	1.590378	3.432680
34	26	1.415135	0.424413	1.563056	3.402605
34	27	1.415135	0.431222	1.630616	3.476974
34	28	1.415135	0.357666	0.900758	2.673559
34	29	1.415135	0.384486	1.166872	2.966492
34	30	1.415135	0.355440	0.878670	2.649246
34	31	1.415135	0.334361	1.305080	3.054576
34	32	1.415135	0.435616	1.674217	3.524969
34	33	1.415135	0.408492	1.405079	3.228707
34	34	1.415135	0.434419	1.662341	3.511896
34	35	1.415135	0.351684	0.841401	2.608220
34	36	1.415135	0.407424	1.394475	3.217034
34	37	1.415135	0.384486	1.166872	2.966492
34	38	1.415135	0.418156	1.500967	3.334259
34	39	1.415135	0.430348	1.621943	3.467427
34	40	1.415135	0.446606	1.783261	3.645002
34	41	1.415135	0.393779	1.259082	3.067996
34	42	1.415135	0.356393	0.888119	2.659647
34	43	1.415135	0.427167	1.590378	3.432680
34	44	1.415135	0.431360	1.684952	3.531447
34	45	1.415135	0.466095	2.029607	3.910838
34	46	1.415135	0.410604	1.426036	3.251776
34	47	1.415135	0.370979	1.032856	2.818970
34	48	1.415135	0.356577	1.313660	3.085372
34	49	1.415135	0.389726	1.218873	3.023735
34	50	1.415135	0.417898	1.498404	3.331437
34	51	1.415135	0.384310	1.165133	2.964579
34	52	1.415135	0.371518	1.038203	2.824856
34	53	1.415135	0.367441	0.997745	2.780321
34	54	1.415135	0.374277	1.065581	2.854993
34	55	1.415135	0.400846	1.329211	3.145192
34	56	1.415135	0.416715	1.486670	3.318520
34	57	1.415135	0.406252	1.382850	3.204237
34	58	1.415135	0.393779	1.259082	3.067996
34	59	1.415135	0.398770	1.308614	3.122519
34	60	1.415135	0.392359	1.244998	3.052492
34	61	1.415135	0.389418	1.215809	3.020362
34	62	1.415135	0.377537	1.097927	2.890600
34	63	1.415135	0.428457	1.603174	3.446765
34	64	1.415135	0.439355	1.817240	3.671730
34	65	1.415135	0.418796	1.507317	3.341249
34	66	1.415135	0.417898	1.498404	3.331437
34	67	1.415135	0.367224	0.995591	2.777950
34	68	1.415135	0.351684	0.841401	2.608220
34	69	1.415135	0.441803	1.841529	3.698467
34	70	1.415135	0.416100	1.480568	3.311803
34	71	1.415135	0.367441	0.997745	2.780321
34	72	1.415135	0.439693	1.714664	3.569492
34	73	1.415135	0.374277	1.065581	2.854993
34	74	1.415135	0.435131	1.669404	3.519670
34	75	1.415135	0.386280	1.184682	2.986097
34	76	1.415135	0.392359	1.244998	3.052492
34	77	1.415135	0.382277	1.144959	2.942371
34	78	1.415135	0.343793	0.763105	2.522033
34	79	1.415135	0.406252	1.382850	3.204237
34	80	1.415135	0.389410	1.215738	3.020284
34	81	1.415135	0.428457	1.603174	3.446765
34	82	1.415135	0.355440	0.878670	2.649246
34	83	1.415135	0.389726	1.218873	3.023735
34	84	1.415135	0.363318	0.956839	2.735292
34	85	1.415135	0.394849	1.269702	3.079686
34	86	1.415135	0.389418	1.215809	3.020362
34	87	1.415135	0.434314	1.661292	3.510741
34	88	1.415135	0.459805	2.020159	3.895099
34	89	1.415135	0.420346	1.522695	3.358176
34	90	1.415135	0.370979	1.032856	2.818970
34	91	1.415135	0.380204	1.124392	2.919732
34	92	1.415135	0.439355	1.817240	3.671730
34	93	1.415135	0.402238	1.343018	3.160391
34	94	1.415135	0.366367	1.463763	3.245265
34	95	1.415135	0.389410	1.215738	3.020284
34	96	1.415135	0.371254	1.035578	2.821967
34	97	1.415135	0.371254	1.035578	2.821967
34	98	1.415135	0.371518	1.038203	2.824856
34	99	1.415135	0.410907	1.429043	3.255085
35	0	1.452491	0.347342	0.798312	2.598145
35	1	1.452491	0.432433	1.642635	3.527559
35	2	1.452491	0.352654	0.851028	2.656173
35	3	1.452491	0.374011	1.062936	2.889438
35	4	1.452491	0.446349	1.780712	3.679551
35	5	1.452491	0.350411	0.828769	2.631671
35	6	1.452491	0.446349	1.780712	3.679551
35	7	1.452491	0.357560	0.899701	2.709751
35	8	1.452491	0.404692	1.367368	3.224550
35	9	1.452491	0.465561	1.971345	3.889397
35	10	1.452491	0.465561	1.971345	3.889397
35	11	1.452491	0.385578	1.177713	3.015782
35	12	1.452491	0.391974	1.241180	3.085645
35	13	1.452491	0.351116	0.835765	2.639372
35	14	1.452491	0.352654	0.851028	2.656173
35	15	1.452491	0.397195	1.292982	3.142668
35	16	1.452491	0.357560	0.899701	2.709751
35	17	1.452491	0.417423	1.546658	3.416571
35	18	1.452491	0.368018	1.003468	2.823976
35	19	1.452491	0.383904	1.161105	2.997500
35	20	1.452491	0.416920	1.488704	3.358114
35	21	1.452491	0.397777	1.298758	3.149026
35	22	1.452491	0.398297	1.303919	3.154707
35	23	1.452491	0.350102	0.825696	2.628288
35	24	1.452491	0.403131	1.351881	3.207502
35	25	1.452491	0.367793	1.001241	2.821525
35	26	1.452491	0.357560	0.899701	2.709751
35	27	1.452491	0.370982	1.032882	2.856354
35	28	1.452491	0.404692	1.367368	3.224550
35	29	1.452491	0.373959	1.062423	2.888872
35	30	1.452491	0.465561	1.971345	3.889397
35	31	1.452491	0.408210	1.614136	3.474837
35	32	1.452491	0.398297	1.303919	3.154707
35	33	1.452491	0.403131	1.351881	3.207502
35	34	1.452491	0.398667	1.307588	3.158745
35	35	1.452491	0.370982	1.032882	2.856354
35	36	1.452491	0.402670	1.347312	3.202472
35	37	1.452491	0.408210	1.614136	3.474837
35	38	1.452491	0.400883	1.329577	3.182951
35	39	1.452491	0.455925	1.875729	3.784144
35	40	1.452491	0.344457	0.769691	2.566639
35	41	1.452491	0.369703	1.020194	2.842388
35	42	1.452491	0.404692	1.367368	3.224550
35	43	1.452491	0.398866	1.309567	3.160924
35	44	1.452491	0.344457	0.769691	2.566639
35	45	1.452491	0.350411	0.828769	2.631671
35	46	1.452491	0.399655	1.317393	3.169539
35	47	1.452491	0.344457	0.769691	2.566639
35	48	1.452491	0.391405	1.235531	3.079426
35	49	1.452491	0.429573	1.614250	3.496313
35	50	1.452491	0.339141	0.716942	2.508574
35	51	1.452491	0.431397	1.685319	3.569207
35	52	1.452491	0.402670	1.347312	3.202472
35	53	1.452491	0.374011	1.062936	2.889438
35	54	1.452491	0.431430	1.632677	3.516598
35	55	1.452491	0.404692	1.367368	3.224550
35	56	1.452491	0.415003	1.469681	3.337175
35	57	1.452491	0.423852	1.557483	3.433825
35	58	1.452491	0.379742	1.119804	2.952037
35	59	1.452491	0.397195	1.292982	3.142668
35	60	1.452491	0.396545	1.286536	3.135572
35	61	1.452491	0.412621	1.551975	3.417086
35	62	1.452491	0.420150	1.520750	3.393391
35	63	1.452491	0.379742	1.119804	2.952037
35	64	1.452491	0.350411	0.828769	2.631671
35	65	1.452491	0.402670	1.347312	3.202472
35	66	1.452491	0.370982	1.032882	2.856354
35	67	1.452491	0.350102	0.825696	2.628288
35	68	1.452491	0.419113	1.510465	3.382069
35	69	1.452491	0.339190	0.717422	2.509102
35	70	1.452491	0.383904	1.161105	2.997500
35	71	1.452491	0.403131	1.351881	3.207502
35	72	1.452491	0.368710	1.010337	2.831537
35	73	1.452491	0.438540	1.703224	3.594254
35	74	1.452491	0.398866	1.309567	3.160924
35	75	1.452491	0.367793	1.001241	2.821525
35	76	1.452491	0.391974	1.241180	3.085645
35	77	1.452491	0.367793	1.001241	2.821525
35	78	1.452491	0.367793	1.001241	2.821525
35	79	1.452491	0.426883	1.587563	3.466936
35	80	1.452491	0.426883	1.587563	3.466936
35	81	1.452491	0.362509	0.948807	2.763806
35	82	1.452491	0.397777	1.298758	3.149026
35	83	1.452491	0.344457	0.769691	2.566639
35	84	1.452491	0.339190	0.717422	2.509102
35	85	1.452491	0.412621	1.551975	3.417086
35	86	1.452491	0.398667	1.307588	3.158745
35	87	1.452491	0.465561	1.971345	3.889397
35	88	1.452491	0.368216	1.005438	2.826144
35	89	1.452491	0.373959	1.062423	2.888872
35	90	1.452491	0.406473	1.596894	3.455857
35	91	1.452491	0.397195	1.292982	3.142668
35	92	1.452491	0.392043	1.241859	3.086392
35	93	1.452491	0.353566	0.860068	2.666124
35	94	1.452491	0.419929	1.677448	3.549867
35	95	1.452491	0.346276	1.370343	3.169110
35	96	1.452491	0.368710	1.010337	2.831537
35	97	1.452491	0.443607	1.753505	3.649603
35	98	1.452491	0.392894	1.250302	3.095686
35	99	1.452491	0.415777	1.477365	3.345633
36	0	1.409458	0.388676	1.208450	3.006584
36	1	1.409458	0.357357	0.897684	2.664498
36	2	1.409458	0.438426	1.702099	3.549983
36	3	1.409458	0.372549	1.048429	2.830436
36	4	1.409458	0.344583	0.770943	2.524985
36	5	1.409458	0.370138	1.024507	2.804103
36	6	1.409458	0.357357	0.897684	2.664498
36	7	1.409458	0.384620	1.168206	2.962284
36	8	1.409458	0.379259	1.115014	2.903731
36	9	1.409458	0.344583	0.770943	2.524985
36	10	1.409458	0.417890	1.498328	3.325676
36	11	1.409458	0.390585	1.227392	3.027434
36	12	1.409458	0.399573	1.316575	3.125605
36	13	1.409458	0.357357	0.897684	2.664498
36	14	1.409458	0.443864	1.756053	3.609375
36	15	1.409458	0.390585	1.227392	3.027434
36	16	1.409458	0.420029	1.519551	3.349038
36	17	1.409458	0.388990	1.211568	3.010016
36	18	1.409458	0.367793	1.001241	2.778492
36	19	1.409458	0.387300	1.353684	3.150442
36	20	1.409458	0.373775	1.060593	2.843825
36	21	1.409458	0.404532	1.365780	3.179769
36	22	1.409458	0.406784	1.388125	3.204367
36	23	1.409458	0.369892	1.022069	2.801419
36	24	1.409458	0.362313	0.946862	2.718633
36	25	1.409458	0.369021	1.013425	2.791903
36	26	1.409458	0.388676	1.208450	3.006584
36	27	1.409458	0.450100	1.870897	3.730455
36	28	1.409458	0.373187	1.054766	2.837412
36	29	1.409458	0.390226	1.223835	3.023519
36	30	1.409458	0.373187	1.054766	2.837412
36	31	1.409458	0.420029	1.519551	3.349038
36	32	1.409458	0.386162	1.183507	2.979127
36	33	1.409458	0.443864	1.756053	3.609375
36	34	1.409458	0.455454	1.924022	3.788934
36	35	1.409458	0.369451	1.017690	2.796598
36	36	1.409458	0.388136	1.203093	3.000686
36	37	1.409458	0.388990	1.211568	3.010016
36	38	1.409458	0.388319	1.204911	3.002688
36	39	1.409458	0.388136	1.203093	3.000686
36	40	1.409458	0.406784	1.388125	3.204367
36	41	1.409458	0.388990	1.211568	3.010016
36	42	1.409458	0.339190	0.717422	2.466070
36	43	1.409458	0.376543	1.088060	2.874061
36	44	1.409458	0.374295	1.065754	2.849507
36	45	1.409458	0.369021	1.013425	2.791903
36	46	1.409458	0.411118	1.431130	3.251705
36	47	1.409458	0.349919	0.823887	2.583264
36	48	1.409458	0.452573	1.842473	3.704504
36	49	1.409458	0.403310	1.353662	3.166430
36	50	1.409458	0.380116	1.123515	2.913088
36	51	1.409458	0.402533	1.345949	3.157940
36	52	1.409458	0.370138	1.024507	2.804103
36	53	1.409458	0.440325	1.720941	3.570724
36	54	1.409458	0.372549	1.048429	2.830436
36	55	1.409458	0.366725	1.414354	3.190536
36	56	1.409458	0.377733	1.099871	2.887062
36	57	1.409458	0.411165	1.431601	3.252224
36	58	1.409458	0.414199	1.461700	3.285357
36	59	1.409458	0.421642	1.535558	3.366658
36	60	1.409458	0.449143	1.808439	3.667041
36	61	1.409458	0.366028	1.407438	3.182924
36	62	1.409458	0.411485	1.434774	3.255717
36	63	1.409458	0.394367	1.264924	3.068749
36	64	1.409458	0.369174	1.014945	2.793577
36	65	1.409458	0.411118	1.431130	3.251705
36	66	1.409458	0.421942	1.538532	3.369931
36	67	1.409458	0.369451	1.017690	2.796598
36	68	1.409458	0.377733	1.099871	2.887062
36	69	1.409458	0.390226	1.223835	3.023519
36	70	1.409458	0.381419	1.136441	2.927317
36	71	1.409458	0.402942	1.350001	3.162401
36	72	1.409458	0.390585	1.227392	3.027434
36	73	1.409458	0.337177	1.333019	3.079654
36	74	1.409458	0.352091	1.322110	3.083659
36	75	1.409458	0.390226	1.223835	3.023519
36	76	1.409458	0.369174	1.014945	2.793577
36	77	1.409458	0.350226	0.826929	2.586612
36	78	1.409458	0.376543	1.088060	2.874061
36	79	1.409458	0.428428	1.602889	3.440775
36	80	1.409458	0.387300	1.353684	3.150442
36	81	1.409458	0.388990	1.211568	3.010016
36	82	1.409458	0.379259	1.115014	2.903731
36	83	1.409458	0.370138	1.024507	2.804103
36	84	1.409458	0.367793	1.001241	2.778492
36	85	1.409458	0.380116	1.123515	2.913088
36	86	1.409458	0.406784	1.388125	3.204367
36	87	1.409458	0.412517	1.445010	3.266984
36	88	1.409458	0.440325	1.720941	3.570724
36	89	1.409458	0.377733	1.099871	2.887062
36	90	1.409458	0.334137	0.667287	2.410882
36	91	1.409458	0.334137	0.667287	2.410882
36	92	1.409458	0.401460	1.335297	3.146215
36	93	1.409458	0.369174	1.014945	2.793577
36	94	1.409458	0.407789	1.609953	3.427200
36	95	1.409458	0.339190	0.717422	2.466070
36	96	1.409458	0.369021	1.013425	2.791903
36	97	1.409458	0.441324	1.783812	3.634594
36	98	1.409458	0.419802	1.517303	3.346563
36	99	1.409458	0.367793	1.001241	2.778492
37	0	1.382958	0.444876	1.924992	3.752826
37	1	1.382958	0.406123	1.381566	3.170647
37	2	1.382958	0.426568	1.584436	3.393962
37	3	1.382958	0.388270	1.204420	2.975647
37	4	1.382958	0.358726	0.911270	2.652953
37	5	1.382958	0.380306	1.125404	2.888669
37	6	1.382958	0.422183	1.540929	3.346070
37	7	1.382958	0.416561	1.485138	3.284656
37	8	1.382958	0.351048	0.835088	2.569094
37	9	1.382958	0.418108	1.500486	3.301551
37	10	1.382958	0.382390	1.146082	2.911430
37	11	1.382958	0.432960	1.647863	3.463781
37	12	1.382958	0.410202	1.422041	3.215201
37	13	1.382958	0.422686	1.545918	3.351562
37	14	1.382958	0.358707	1.440721	3.182385
37	15	1.382958	0.435843	1.676470	3.495271
37	16	1.382958	0.401793	1.338603	3.123353
37	17	1.382958	0.421611	1.535247	3.339816
37	18	1.382958	0.380306	1.125404	2.888669
37	19	1.382958	0.384017	1.162220	2.929195
37	20	1.382958	0.426125	1.738932	3.548015
37	21	1.382958	0.411477	1.434689	3.229124
37	22	1.382958	0.399555	1.316400	3.098912
37	23	1.382958	0.416569	1.485223	3.284750
37	24	1.382958	0.437701	1.694903	3.515562
37	25	1.382958	0.390154	1.223117	2.996229
37	26	1.382958	0.378146	1.103967	2.865071
37	27	1.382958	0.399555	1.316400	3.098912
37	28	1.382958	0.403797	1.358492	3.145247
37	29	1.382958	0.353607	0.860475	2.597039
37	30	1.382958	0.385387	1.175820	2.944165
37	31	1.382958	0.455193	1.868468	3.706619
37	32	1.382958	0.390154	1.223117	2.996229
37	33	1.382958	0.370297	1.026088	2.779342
37	34	1.382958	0.435494	1.673003	3.491455
37	35	1.382958	0.354732	0.871640	2.609330
37	36	1.382958	0.417019	1.489683	3.289659
37	37	1.382958	0.421872	1.537839	3.342668
37	38	1.382958	0.390154	1.223117	2.996229
37	39	1.382958	0.425735	1.576166	3.384858
37	40	1.382958	0.429161	1.610167	3.422286
37	41	1.382958	0.380306	1.125404	2.888669
37	42	1.382958	0.378146	1.103967	2.865071
37	43	1.382958	0.420469	1.523915	3.327341
37	44	1.382958	0.422686	1.545918	3.351562
37	45	1.382958	0.355933	0.883559	2.622450
37	46	1.382958	0.423648	1.555457	3.362062
37	47	1.382958	0.418108	1.500486	3.301551
37	48	1.382958	0.460876	1.977817	3.821650
37	49	1.382958	0.370297	1.026088	2.779342
37	50	1.382958	0.383536	1.157446	2.923939
37	51	1.382958	0.392239	1.243809	3.019006
37	52	1.382958	0.372294	1.045898	2.801150
37	53	1.382958	0.400674	1.327498	3.111130
37	54	1.382958	0.420623	1.525445	3.329026
37	55	1.382958	0.417019	1.489683	3.289659
37	56	1.382958	0.399555	1.316400	3.098912
37	57	1.382958	0.354732	0.871640	2.609330
37	58	1.382958	0.416561	1.485138	3.284656
37	59	1.382958	0.355933	0.883559	2.622450
37	60	1.382958	0.358707	1.440721	3.182385
37	61	1.382958	0.400049	1.321297	3.104304
37	62	1.382958	0.399088	1.311764	3.093810
37	63	1.382958	0.433517	1.918204	3.734678
37	64	1.382958	0.416685	1.486368	3.286010
37	65	1.382958	0.392239	1.243809	3.019006
37	66	1.382958	0.420469	1.523915	3.327341
37	67	1.382958	0.413490	1.454669	3.251117
37	68	1.382958	0.434913	1.667240	3.485111
37	69	1.382958	0.381962	1.618510	3.383430
37	70	1.382958	0.460114	1.917298	3.760370
37	71	1.382958	0.429161	1.610167	3.422286
37	72	1.382958	0.416240	1.481953	3.281150
37	73	1.382958	0.421611	1.535247	3.339816
37	74	1.382958	0.417019	1.489683	3.289659
37	75	1.382958	0.472202	2.037242	3.892402
37	76	1.382958	0.482609	2.140502	4.006069
37	77	1.382958	0.386012	1.182020	2.950990
37	78	1.382958	0.432173	1.851908	3.667039
37	79	1.382958	0.414168	1.461393	3.258519
37	80	1.382958	0.413490	1.454669	3.251117
37	81	1.382958	0.420469	1.523915	3.327341
37	82	1.382958	0.437701	1.694903	3.515562
37	83	1.382958	0.316919	1.237939	2.937816
37	84	1.382958	0.387213	1.193938	2.964109
37	85	1.382958	0.420623	1.525445	3.329026
37	86	1.382958	0.420623	1.525445	3.329026
37	87	1.382958	0.378146	1.103967	2.865071
37	88	1.382958	0.422686	1.545918	3.351562
37	89	1.382958	0.459065	1.906886	3.748908
37	90	1.382958	0.384211	1.164151	2.931320
37	91	1.382958	0.358150	0.905555	2.646663
37	92	1.382958	0.401793	1.338603	3.123353
37	93	1.382958	0.344299	0.768124	2.495382
37	94	1.382958	0.420623	1.525445	3.329026
37	95	1.382958	0.408815	1.408278	3.200051
37	96	1.382958	0.430914	1.627555	3.441426
37	97	1.382958	0.434385	1.661997	3.479340
37	98	1.382958	0.440908	1.726725	3.550591
37	99	1.382958	0.417870	1.498125	3.298952
38	0	1.310302	0.375971	1.082387	2.768661
38	1	1.310302	0.382648	1.148642	2.841593
38	2	1.310302	0.459756	1.913745	3.683804
38	3	1.310302	0.384821	1.170197	2.865320
38	4	1.310302	0.419223	1.511556	3.241082
38	5	1.310302	0.375971	1.082387	2.768661
38	6	1.310302	0.448077	1.797854	3.556233
38	7	1.310302	0.375581	1.078520	2.764404
38	8	1.310302	0.404287	1.363349	3.077938
38	9	1.310302	0.400237	1.323164	3.033703
38	10	1.310302	0.428686	1.605453	3.344441
38	11	1.310302	0.365525	0.978739	2.654567
38	12	1.310302	0.373854	1.432123	3.116279
38	13	1.310302	0.404004	1.360548	3.074855
38	14	1.310302	0.448077	1.797854	3.556233
38	15	1.310302	0.410962	1.429589	3.150854
38	16	1.310302	0.378396	1.106447	2.795146
38	17	1.310302	0.381009	1.132372	2.823683
38	18	1.310302	0.376673	1.089351	2.776326
38	19	1.310302	0.399828	1.319108	3.029238
38	20	1.310302	0.367311	1.420166	3.097779
38	21	1.310302	0.422136	1.540460	3.272898
38	22	1.310302	0.399828	1.319108	3.029238
38	23	1.310302	0.392005	1.241483	2.943790
38	24	1.310302	0.348082	0.805653	2.464037
38	25	1.310302	0.459756	1.913745	3.683804
38	26	1.310302	0.426730	1.797893	3.534925
38	27	1.310302	0.419154	1.510874	3.240330
38	28	1.310302	0.399828	1.319108	3.029238
38	29	1.310302	0.375350	1.076223	2.761875
38	30	1.310302	0.426730	1.797893	3.534925
38	31	1.310302	0.397873	1.299713	3.007888
38	32	1.310302	0.339751	0.722993	2.373046
38	33	1.310302	0.411629	1.436201	3.158132
38	34	1.310302	0.383832	1.160382	2.854516
38	35	1.310302	0.378396	1.106447	2.795146
38	36	1.310302	0.422136	1.540460	3.272898
38	37	1.310302	0.399828	1.319108	3.029238
38	38	1.310302	0.404004	1.360548	3.074855
38	39	1.310302	0.383988	1.161937	2.856228
38	40	1.310302	0.417115	1.490636	3.218053
38	41	1.310302	0.425780	1.629580	3.365663
38	42	1.310302	0.436635	1.684327	3.431265
38	43	1.310302	0.341565	1.376554	3.028421
38	44	1.310302	0.405379	1.374190	3.089871
38	45	1.310302	0.339751	0.722993	2.373046
38	46	1.310302	0.381009	1.132372	2.823683
38	47	1.310302	0.366214	0.985573	2.662090
38	48	1.310302	0.419223	1.511556	3.241082
38	49	1.310302	0.383832	1.160382	2.854516
38	50	1.310302	0.365525	0.978739	2.654567
38	51	1.310302	0.415214	1.471770	3.197286
38	52	1.310302	0.401946	1.340125	3.052373
38	53	1.310302	0.375581	1.078520	2.764404
38	54	1.310302	0.376673	1.089351	2.776326
38	55	1.310302	0.415718	1.476779	3.202799
38	56	1.310302	0.410962	1.429589	3.150854
38	57	1.310302	0.395896	1.280093	2.986291
38	58	1.310302	0.395896	1.280093	2.986291
38	59	1.310302	0.383832	1.160382	2.854516
38	60	1.310302	0.365685	0.980318	2.656305
38	61	1.310302	0.373854	1.432123	3.116279
38	62	1.310302	0.471683	2.032090	3.814075
38	63	1.310302	0.375581	1.078520	2.764404
38	64	1.310302	0.417115	1.490636	3.218053
38	65	1.310302	0.391738	1.238834	2.940875
38	66	1.310302	0.348082	0.805653	2.464037
38	67	1.310302	0.348082	0.805653	2.464037
38	68	1.310302	0.444948	1.872735	3.627985
38	69	1.310302	0.406353	1.383849	3.100504
38	70	1.310302	0.392005	1.241483	2.943790
38	71	1.310302	0.429385	1.612385	3.352072
38	72	1.310302	0.405379	1.374190	3.089871
38	73	1.310302	0.397364	1.294657	3.002323
38	74	1.310302	0.365502	0.978511	2.654315
38	75	1.310302	0.404287	1.363349	3.077938
38	76	1.310302	0.375971	1.082387	2.768661
38	77	1.310302	0.382992	1.152056	2.845351
38	78	1.310302	0.401946	1.340125	3.052373
38	79	1.310302	0.401946	1.340125	3.052373
38	80	1.310302	0.302083	1.143688	2.756073
38	81	1.310302	0.391738	1.238834	2.940875
38	82	1.310302	0.397364	1.294657	3.002323
38	83	1.310302	0.417115	1.490636	3.218053
38	84	1.310302	0.429385	1.612385	3.352072
38	85	1.310302	0.428630	1.604899	3.343832
38	86	1.310302	0.365685	0.980318	2.656305
38	87	1.310302	0.422136	1.540460	3.272898
38	88	1.310302	0.424722	1.566114	3.301138
38	89	1.310302	0.392005	1.241483	2.943790
38	90	1.310302	0.375350	1.076223	2.761875
38	91	1.310302	0.397287	1.293895	3.001484
38	92	1.310302	0.391738	1.238834	2.940875
38	93	1.310302	0.365525	0.978739	2.654567
38	94	1.310302	0.329154	1.147486	2.786943
38	95	1.310302	0.365525	0.978739	2.654567
38	96	1.310302	0.461502	1.931067	3.702872
38	97	1.310302	0.442596	1.743475	3.496373
38	98	1.310302	0.348082	0.805653	2.464037
38	99	1.310302	0.461502	1.931067	3.702872
39	0	1.408838	0.358881	0.912815	2.680534
39	1	1.408838	0.301017	1.133115	2.842971
39	2	1.408838	0.363470	0.958345	2.730653
39	3	1.408838	0.381171	1.133986	2.923995
39	4	1.408838	0.342721	0.752460	2.504019
39	5	1.408838	0.427213	1.590838	3.426889
39	6	1.408838	0.473662	2.104693	3.987193
39	7	1.408838	0.371472	1.037748	2.818058
39	8	1.408838	0.427213	1.590838	3.426889
39	9	1.408838	0.373560	1.058465	2.840863
39	10	1.408838	0.395564	1.276794	3.081195
39	11	1.408838	0.374164	1.064458	2.847460
39	12	1.408838	0.388065	1.202385	2.999287
39	13	1.408838	0.379559	1.117992	2.906389
39	14	1.408838	0.409380	1.413892	3.232110
39	15	1.408838	0.408066	1.400844	3.217747
39	16	1.408838	0.390379	1.225354	3.024572
39	17	1.408838	0.371472	1.037748	2.818058
39	18	1.408838	0.380465	1.126980	2.916283
39	19	1.408838	0.397675	1.297745	3.104258
39	20	1.408838	0.397666	1.297656	3.104160
39	21	1.408838	0.390668	1.228216	3.027721
39	22	1.408838	0.415398	1.473599	3.297835
39	23	1.408838	0.404369	1.364165	3.177372
39	24	1.408838	0.388065	1.202385	2.999287
39	25	1.408838	0.360741	1.407937	3.177516
39	26	1.408838	0.398842	1.574146	3.381827
39	27	1.408838	0.405367	1.374070	3.188276
39	28	1.408838	0.390668	1.228216	3.027721
39	29	1.408838	0.451346	1.830293	3.690476
39	30	1.408838	0.405367	1.374070	3.188276
39	31	1.408838	0.371815	1.041151	2.821804
39	32	1.408838	0.395564	1.276794	3.081195
39	33	1.408838	0.380465	1.126980	2.916283
39	34	1.408838	0.378526	1.107736	2.895100
39	35	1.408838	0.416707	1.486592	3.312137
39	36	1.408838	0.381171	1.133986	2.923995
39	37	1.408838	0.359460	0.918557	2.686855
39	38	1.408838	0.413470	1.454472	3.276780
39	39	1.408838	0.392419	1.245588	3.046844
39	40	1.408838	0.408066	1.400844	3.217747
39	41	1.408838	0.442016	1.737720	3.588575
39	42	1.408838	0.371815	1.041151	2.821804
39	43	1.408838	0.459909	1.968222	3.836969
39	44	1.408838	0.441339	1.783966	3.634143
39	45	1.408838	0.481289	2.127407	4.017534
39	46	1.408838	0.381171	1.133986	2.923995
39	47	1.408838	0.393662	1.257924	3.060424
39	48	1.408838	0.374164	1.064458	2.847460
39	49	1.408838	0.363929	0.962901	2.735668
39	50	1.408838	0.391865	1.240097	3.040801
39	51	1.408838	0.436834	1.686302	3.531975
39	52	1.408838	0.371815	1.041151	2.821804
39	53	1.408838	0.407761	1.397821	3.214420
39	54	1.408838	0.374164	1.064458	2.847460
39	55	1.408838	0.397530	1.296302	3.102669
39	56	1.408838	0.391865	1.240097	3.040801
39	57	1.408838	0.358881	0.912815	2.680534
39	58	1.408838	0.392063	1.242063	3.042964
39	59	1.408838	0.401250	1.333215	3.143303
39	60	1.408838	0.383826	1.160324	2.952988
39	61	1.408838	0.378778	1.110243	2.897860
39	62	1.408838	0.416707	1.486592	3.312137
39	63	1.408838	0.436895	1.686905	3.532638
39	64	1.408838	0.378526	1.107736	2.895100
39	65	1.408838	0.410405	1.424061	3.243304
39	66	1.408838	0.371472	1.037748	2.818058
39	67	1.408838	0.390379	1.225354	3.024572
39	68	1.408838	0.392063	1.242063	3.042964
39	69	1.408838	0.394811	1.269323	3.072972
39	70	1.408838	0.419332	1.512638	3.340808
39	71	1.408838	0.420314	1.522384	3.351536
39	72	1.408838	0.351240	0.836989	2.597067
39	73	1.408838	0.384366	1.165682	2.958885
39	74	1.408838	0.373560	1.058465	2.840863
39	75	1.408838	0.395564	1.276794	3.081195
39	76	1.408838	0.413470	1.454472	3.276780
39	77	1.408838	0.380846	1.130757	2.920441
39	78	1.408838	0.423540	1.607353	3.439731
39	79	1.408838	0.436834	1.686302	3.531975
39	80	1.408838	0.363929	0.962901	2.735668
39	81	1.408838	0.448196	1.799035	3.656069
39	82	1.408838	0.360741	1.407937	3.177516
39	83	1.408838	0.423540	1.607353	3.439731
39	84	1.408838	0.379559	1.117992	2.906389
39	85	1.408838	0.404156	1.362050	3.175044
39	86	1.408838	0.374790	1.070665	2.854293
39	87	1.408838	0.377986	1.102377	2.889201
39	88	1.408838	0.436834	1.686302	3.531975
39	89	1.408838	0.388065	1.202385	2.999287
39	90	1.408838	0.407761	1.397821	3.214420
39	91	1.408838	0.363470	0.958345	2.730653
39	92	1.408838	0.384366	1.165682	2.958885
39	93	1.408838	0.378526	1.107736	2.895100
39	94	1.408838	0.409380	1.413892	3.232110
39	95	1.408838	0.365967	1.406836	3.181641
39	96	1.408838	0.410405	1.424061	3.243304
39	97	1.408838	0.379559	1.117992	2.906389
39	98	1.408838	0.377986	1.102377	2.889201
39	99	1.408838	0.404156	1.362050	3.175044
40	0	1.362142	0.398721	1.308125	3.068988
40	1	1.362142	0.407249	1.392746	3.162138
40	2	1.362142	0.370321	1.026324	2.758788
40	3	1.362142	0.391065	1.232154	2.985361
40	4	1.362142	0.414101	1.460730	3.236973
40	5	1.362142	0.372042	1.043398	2.777582
40	6	1.362142	0.403444	1.354986	3.120572
40	7	1.362142	0.411737	1.437273	3.211151
40	8	1.362142	0.444567	1.763033	3.569742
40	9	1.362142	0.383103	1.153151	2.898396
40	10	1.362142	0.419188	1.511212	3.292542
40	11	1.362142	0.412297	1.548763	3.323202
40	12	1.362142	0.349832	0.823025	2.534999
40	13	1.362142	0.422758	1.546628	3.331528
40	14	1.362142	0.414523	1.464923	3.241588
40	15	1.362142	0.413653	1.456287	3.232082
40	16	1.362142	0.377320	1.095773	2.835235
40	17	1.362142	0.393296	1.254296	3.009734
40	18	1.362142	0.394701	1.268237	3.025080
40	19	1.362142	0.391065	1.232154	2.985361
40	20	1.362142	0.414791	1.467574	3.244506
40	21	1.362142	0.449249	1.915411	3.726802
40	22	1.362142	0.413653	1.456287	3.232082
40	23	1.362142	0.450422	1.821128	3.633692
40	24	1.362142	0.378354	1.106034	2.846530
40	25	1.362142	0.435113	1.669226	3.466481
40	26	1.362142	0.391065	1.232154	2.985361
40	27	1.362142	0.433457	1.652792	3.448391
40	28	1.362142	0.403444	1.354986	3.120572
40	29	1.362142	0.461889	1.934908	3.758940
40	30	1.362142	0.414791	1.467574	3.244506
40	31	1.362142	0.402240	1.343040	3.107422
40	32	1.362142	0.396994	1.290985	3.050121
40	33	1.362142	0.407680	1.397014	3.166836
40	34	1.362142	0.414632	1.466002	3.242777
40	35	1.362142	0.377320	1.095773	2.835235
40	36	1.362142	0.400966	1.330398	3.093506
40	37	1.362142	0.349095	0.815713	2.526950
40	38	1.362142	0.400393	1.324714	3.087249
40	39	1.362142	0.412297	1.548763	3.323202
40	40	1.362142	0.427681	1.595477	3.385299
40	41	1.362142	0.397476	1.295773	3.055391
40	42	1.362142	0.385509	1.494813	3.242465
40	43	1.362142	0.340818	0.733583	2.436543
40	44	1.362142	0.450422	1.821128	3.633692
40	45	1.362142	0.379065	1.113091	2.854299
40	46	1.362142	0.464319	1.959015	3.785475
40	47	1.362142	0.415161	1.471251	3.248554
40	48	1.362142	0.424140	1.560342	3.346624
40	49	1.362142	0.370321	1.026324	2.758788
40	50	1.362142	0.397795	1.298934	3.058871
40	51	1.362142	0.396689	1.287958	3.046789
40	52	1.362142	0.313228	1.201314	2.876684
40	53	1.362142	0.423381	1.552814	3.338337
40	54	1.362142	0.428382	1.602435	3.392959
40	55	1.362142	0.397795	1.298934	3.058871
40	56	1.362142	0.432370	1.642006	3.436518
40	57	1.362142	0.349832	0.823025	2.534999
40	58	1.362142	0.394701	1.268237	3.025080
40	59	1.362142	0.391065	1.232154	2.985361
40	60	1.362142	0.427705	1.860539	3.650386
40	61	1.362142	0.395232	1.591288	3.348662
40	62	1.362142	0.464319	1.959015	3.785475
40	63	1.362142	0.381503	1.137276	2.880921
40	64	1.362142	0.415161	1.471251	3.248554
40	65	1.362142	0.401575	1.336442	3.100159
40	66	1.362142	0.435113	1.669226	3.466481
40	67	1.362142	0.385103	1.173001	2.920246
40	68	1.362142	0.393296	1.254296	3.009734
40	69	1.362142	0.415161	1.471251	3.248554
40	70	1.362142	0.384267	1.164704	2.911113
40	71	1.362142	0.407342	1.393668	3.163152
40	72	1.362142	0.389302	1.214664	2.966108
40	73	1.362142	0.396994	1.290985	3.050121
40	74	1.362142	0.416295	1.747321	3.525758
40	75	1.362142	0.407342	1.393668	3.163152
40	76	1.362142	0.381022	1.132508	2.875672
40	77	1.362142	0.414101	1.460730	3.236973
40	78	1.362142	0.372042	1.043398	2.777582
40	79	1.362142	0.381022	1.132508	2.875672
40	80	1.362142	0.378392	1.106405	2.846939
40	81	1.362142	0.415161	1.471251	3.248554
40	82	1.362142	0.401169	1.332418	3.095729
40	83	1.362142	0.433511	1.653329	3.448982
40	84	1.362142	0.389302	1.214664	2.966108
40	85	1.362142	0.340818	0.733583	2.436543
40	86	1.362142	0.407249	1.392746	3.162138
40	87	1.362142	0.411737	1.437273	3.211151
40	88	1.362142	0.381503	1.137276	2.880921
40	89	1.362142	0.370321	1.026324	2.758788
40	90	1.362142	0.378354	1.106034	2.846530
40	91	1.362142	0.353088	0.855326	2.570556
40	92	1.362142	0.445288	1.876109	3.683538
40	93	1.362142	0.379065	1.113091	2.854299
40	94	1.362142	0.403444	1.354986	3.120572
40	95	1.362142	0.438633	1.704154	3.504930
40	96	1.362142	0.370384	1.556591	3.289118
40	97	1.362142	0.411361	1.433542	3.207044
40	98	1.362142	0.349832	0.823025	2.534999
40	99	1.362142	0.413653	1.456287	3.232082
41	0	1.285383	0.416729	1.486809	3.188922
41	1	1.285383	0.413288	1.452668	3.151340
41	2	1.285383	0.413254	1.452324	3.150962
41	3	1.285383	0.373613	1.058988	2.717985
41	4	1.285383	0.389053	1.212191	2.886627
41	5	1.285383	0.427434	1.593027	3.305844
41	6	1.285383	0.380956	1.131849	2.798188
41	7	1.285383	0.443688	1.754305	3.483376
41	8	1.285383	0.403334	1.353892	3.042609
41	9	1.285383	0.382074	1.142946	2.810404
41	10	1.285383	0.368621	1.009451	2.663455
41	11	1.285383	0.415451	1.474128	3.174963
41	12	1.285383	0.389879	1.220389	2.895651
41	13	1.285383	0.387617	1.197945	2.870946
41	14	1.285383	0.380956	1.131849	2.798188
41	15	1.285383	0.414769	1.467356	3.167508
41	16	1.285383	0.413663	1.456382	3.155428
41	17	1.285383	0.351507	1.369275	3.006165
41	18	1.285383	0.294000	1.063489	2.642873
41	19	1.285383	0.396381	1.284904	2.966668
41	20	1.285383	0.422688	1.704826	3.412897
41	21	1.285383	0.412389	1.443739	3.141511
41	22	1.285383	0.407582	1.396049	3.089014
41	23	1.285383	0.412182	1.441685	3.139250
41	24	1.285383	0.379582	1.118218	2.783184
41	25	1.285383	0.422209	1.541187	3.248779
41	26	1.285383	0.368621	1.009451	2.663455
41	27	1.285383	0.410886	1.428829	3.125098
41	28	1.285383	0.497126	2.284548	4.067057
41	29	1.285383	0.369650	1.019663	2.674696
41	30	1.285383	0.387617	1.197945	2.870946
41	31	1.285383	0.419626	1.515553	3.220562
41	32	1.285383	0.399700	1.317842	3.002926
41	33	1.285383	0.449645	1.813416	3.548444
41	34	1.285383	0.397322	1.294237	2.976942
41	35	1.285383	0.319520	1.104856	2.709759
41	36	1.285383	0.374646	1.069241	2.729270
41	37	1.285383	0.414769	1.467356	3.167508
41	38	1.285383	0.387617	1.197945	2.870946
41	39	1.285383	0.378435	1.106835	2.770653
41	40	1.285383	0.389053	1.212191	2.886627
41	41	1.285383	0.409387	1.731738	3.426509
41	42	1.285383	0.460824	1.924340	3.670547
41	43	1.285383	0.371836	1.041352	2.698571
41	44	1.285383	0.403334	1.353892	3.042609
41	45	1.285383	0.412389	1.443739	3.141511
41	46	1.285383	0.389879	1.220389	2.895651
41	47	1.285383	0.396381	1.284904	2.966668
41	48	1.285383	0.443688	1.754305	3.483376
41	49	1.285383	0.380925	1.131542	2.797850
41	50	1.285383	0.408929	1.409412	3.103724
41	51	1.285383	0.413288	1.452668	3.151340
41	52	1.285383	0.373613	1.058988	2.717985
41	53	1.285383	0.400379	1.695320	3.381082
41	54	1.285383	0.437780	1.695691	3.418854
41	55	1.285383	0.349979	0.824483	2.459846
41	56	1.285383	0.443142	1.748886	3.477411
41	57	1.285383	0.366469	0.988102	2.639954
41	58	1.285383	0.368621	1.009451	2.663455
41	59	1.285383	0.414769	1.467356	3.167508
41	60	1.285383	0.387617	1.197945	2.870946
41	61	1.285383	0.368621	1.009451	2.663455
41	62	1.285383	0.374646	1.069241	2.729270
41	63	1.285383	0.443017	1.747650	3.476050
41	64	1.285383	0.353411	0.858536	2.497331
41	65	1.285383	0.371836	1.041352	2.698571
41	66	1.285383	0.374646	1.069241	2.729270
41	67	1.285383	0.397322	1.294237	2.976942
41	68	1.285383	0.351507	1.369275	3.006165
41	69	1.285383	0.373613	1.058988	2.717985
41	70	1.285383	0.380956	1.131849	2.798188
41	71	1.285383	0.403334	1.353892	3.042609
41	72	1.285383	0.374875	1.071512	2.731770
41	73	1.285383	0.449645	1.813416	3.548444
41	74	1.285383	0.373613	1.058988	2.717985
41	75	1.285383	0.435238	1.776394	3.497016
41	76	1.285383	0.380925	1.131542	2.797850
41	77	1.285383	0.322194	1.131380	2.738957
41	78	1.285383	0.412389	1.443739	3.141511
41	79	1.285383	0.414769	1.467356	3.167508
41	80	1.285383	0.412647	1.446300	3.144330
41	81	1.285383	0.349979	0.824483	2.459846
41	82	1.285383	0.381330	1.135558	2.802271
41	83	1.285383	0.425188	1.729634	3.440205
41	84	1.285383	0.401953	1.340193	3.027529
41	85	1.285383	0.443142	1.748886	3.477411
41	86	1.285383	0.397939	1.300362	2.983685
41	87	1.285383	0.399041	1.311301	2.995726
41	88	1.285383	0.382503	1.147198	2.815084
41	89	1.285383	0.423673	1.555707	3.264763
41	90	1.285383	0.389053	1.212191	2.886627
41	91	1.285383	0.371836	1.041352	2.698571
41	92	1.285383	0.374646	1.069241	2.729270
41	93	1.285383	0.424803	1.566921	3.277107
41	94	1.285383	0.401953	1.340193	3.027529
41	95	1.285383	0.380925	1.131542	2.797850
41	96	1.285383	0.374875	1.071512	2.731770
41	97	1.285383	0.444979	1.767122	3.497485
41	98	1.285383	0.401953	1.340193	3.027529
41	99	1.285383	0.366469	0.988102	2.639954
42	0	1.498068	0.374734	1.070112	2.942914
42	1	1.498068	0.361623	0.940015	2.799706
42	2	1.498068	0.368285	1.006125	2.872478
42	3	1.498068	0.442634	1.743845	3.684547
42	4	1.498068	0.380059	1.122949	3.001076
42	5	1.498068	0.361623	0.940015	2.799706
42	6	1.498068	0.465168	1.967443	3.930678
42	7	1.498068	0.391803	1.239475	3.129345
42	8	1.498068	0.369296	1.016156	2.883520
42	9	1.498068	0.419842	1.517697	3.435607
42	10	1.498068	0.392323	1.244637	3.135028
42	11	1.498068	0.437415	1.797993	3.733476
42	12	1.498068	0.370281	1.025930	2.894279
42	13	1.498068	0.437479	1.745661	3.681207
42	14	1.498068	0.406574	1.386044	3.290686
42	15	1.498068	0.380059	1.122949	3.001076
42	16	1.498068	0.418059	1.500005	3.416132
42	17	1.498068	0.379608	1.118476	2.996152
42	18	1.498068	0.417243	1.650795	3.566106
42	19	1.498068	0.368285	1.006125	2.872478
42	20	1.498068	0.365246	0.975968	2.839282
42	21	1.498068	0.452117	1.890907	3.841092
42	22	1.498068	0.393381	1.255137	3.146586
42	23	1.498068	0.368285	1.006125	2.872478
42	24	1.498068	0.414560	1.465282	3.377910
42	25	1.498068	0.425852	1.577326	3.501246
42	26	1.498068	0.384365	1.165676	3.048109
42	27	1.498068	0.452117	1.890907	3.841092
42	28	1.498068	0.401321	1.333920	3.233308
42	29	1.498068	0.426522	1.583973	3.508563
42	30	1.498068	0.371863	1.041623	2.911553
42	31	1.498068	0.380772	1.130027	3.008867
42	32	1.498068	0.421169	1.530859	3.450096
42	33	1.498068	0.343908	0.764243	2.606220
42	34	1.498068	0.375141	1.074150	2.947359
42	35	1.498068	0.375141	1.074150	2.947359
42	36	1.498068	0.375936	1.082037	2.956041
42	37	1.498068	0.440453	1.722210	3.660731
42	38	1.498068	0.403526	1.355797	3.257390
42	39	1.498068	0.374030	1.063131	2.935229
42	40	1.498068	0.402884	1.349432	3.250384
42	41	1.498068	0.374030	1.063131	2.935229
42	42	1.498068	0.393781	1.259105	3.150954
42	43	1.498068	0.399107	1.311951	3.209126
42	44	1.498068	0.406924	1.389522	3.294514
42	45	1.498068	0.396125	1.282369	3.176562
42	46	1.498068	0.412073	1.440603	3.350744
42	47	1.498068	0.367975	1.003048	2.869091
42	48	1.498068	0.396741	1.288480	3.183289
42	49	1.498068	0.401827	1.338943	3.238838
42	50	1.498068	0.425852	1.577326	3.501246
42	51	1.498068	0.393781	1.259105	3.150954
42	52	1.498068	0.370281	1.025930	2.894279
42	53	1.498068	0.412073	1.440603	3.350744
42	54	1.498068	0.419842	1.517697	3.435607
42	55	1.498068	0.401321	1.333920	3.233308
42	56	1.498068	0.343908	0.764243	2.606220
42	57	1.498068	0.345687	0.781896	2.625651
42	58	1.498068	0.388129	1.520810	3.407007
42	59	1.498068	0.400119	1.321991	3.220178
42	60	1.498068	0.373522	1.058086	2.929676
42	61	1.498068	0.399001	1.310906	3.207975
42	62	1.498068	0.345424	0.779285	2.622777
42	63	1.498068	0.402884	1.349432	3.250384
42	64	1.498068	0.374030	1.063131	2.935229
42	65	1.498068	0.365246	0.975968	2.839282
42	66	1.498068	0.452117	1.890907	3.841092
42	67	1.498068	0.412872	1.448533	3.359473
42	68	1.498068	0.408832	1.408448	3.315347
42	69	1.498068	0.376982	1.092422	2.967472
42	70	1.498068	0.425852	1.577326	3.501246
42	71	1.498068	0.360929	0.933132	2.792128
42	72	1.498068	0.447656	1.793680	3.739404
42	73	1.498068	0.367975	1.003048	2.869091
42	74	1.498068	0.423190	1.550914	3.472172
42	75	1.498068	0.407035	1.390615	3.295718
42	76	1.498068	0.399107	1.311951	3.209126
42	77	1.498068	0.375936	1.082037	2.956041
42	78	1.498068	0.406574	1.386044	3.290686
42	79	1.498068	0.400406	1.324839	3.223312
42	80	1.498068	0.452117	1.890907	3.841092
42	81	1.498068	0.388129	1.520810	3.407007
42	82	1.498068	0.379595	1.118349	2.996012
42	83	1.498068	0.377591	1.098460	2.974119
42	84	1.498068	0.413637	1.456122	3.367827
42	85	1.498068	0.406924	1.389522	3.294514
42	86	1.498068	0.404081	1.361304	3.263453
42	87	1.498068	0.437415	1.797993	3.733476
42	88	1.498068	0.338305	0.708641	2.545013
42	89	1.498068	0.412073	1.440603	3.350744
42	90	1.498068	0.372083	1.043807	2.913958
42	91	1.498068	0.365246	0.975968	2.839282
42	92	1.498068	0.406924	1.389522	3.294514
42	93	1.498068	0.400406	1.324839	3.223312
42	94	1.498068	0.367975	1.003048	2.869091
42	95	1.498068	0.404081	1.361304	3.263453
42	96	1.498068	0.379608	1.118476	2.996152
42	97	1.498068	0.404081	1.361304	3.263453
42	98	1.498068	0.402884	1.349432	3.250384
42	99	1.498068	0.370281	1.025930	2.894279
43	0	1.285776	0.394923	1.270441	2.951140
43	1	1.285776	0.422865	1.759544	3.468185
43	2	1.285776	0.353888	0.863268	2.502932
43	3	1.285776	0.373519	1.058052	2.717347
43	4	1.285776	0.436950	1.687451	3.410177
43	5	1.285776	0.418355	1.502945	3.207076
43	6	1.285776	0.428358	1.602198	3.316333
43	7	1.285776	0.423487	1.553864	3.263127
43	8	1.285776	0.425405	1.572890	3.284071
43	9	1.285776	0.394923	1.270441	2.951140
43	10	1.285776	0.418160	1.501006	3.204942
43	11	1.285776	0.418355	1.502945	3.207076
43	12	1.285776	0.382818	1.150329	2.818924
43	13	1.285776	0.418120	1.500614	3.204510
43	14	1.285776	0.397774	1.298731	2.982281
43	15	1.285776	0.380124	1.123592	2.789492
43	16	1.285776	0.414979	1.469440	3.170195
43	17	1.285776	0.386333	1.185202	2.857312
43	18	1.285776	0.394932	1.270527	2.951236
43	19	1.285776	0.424787	1.566764	3.277327
43	20	1.285776	0.401130	1.332031	3.018938
43	21	1.285776	0.369148	1.014682	2.669606
43	22	1.285776	0.353888	0.863268	2.502932
43	23	1.285776	0.353888	0.863268	2.502932
43	24	1.285776	0.356259	0.886798	2.528834
43	25	1.285776	0.418160	1.501006	3.204942
43	26	1.285776	0.401130	1.332031	3.018938
43	27	1.285776	0.394594	1.637914	3.318284
43	28	1.285776	0.411936	1.439253	3.136966
43	29	1.285776	0.357216	0.896293	2.539286
43	30	1.285776	0.419342	1.512732	3.217850
43	31	1.285776	0.383736	1.159432	2.828944
43	32	1.285776	0.462784	1.943785	3.692345
43	33	1.285776	0.447442	1.791557	3.524775
43	34	1.285776	0.414979	1.469440	3.170195
43	35	1.285776	0.450377	1.873644	3.609797
43	36	1.285776	0.435372	1.671796	3.392945
43	37	1.285776	0.408587	1.406020	3.100383
43	38	1.285776	0.443061	1.748083	3.476920
43	39	1.285776	0.423989	1.558843	3.268609
43	40	1.285776	0.382512	1.147284	2.815572
43	41	1.285776	0.427002	1.588738	3.301516
43	42	1.285776	0.382818	1.150329	2.818924
43	43	1.285776	0.419342	1.512732	3.217850
43	44	1.285776	0.426346	1.582230	3.294352
43	45	1.285776	0.412138	1.441251	3.139165
43	46	1.285776	0.415934	1.478918	3.180629
43	47	1.285776	0.424787	1.566764	3.277327
43	48	1.285776	0.397868	1.617439	3.301083
43	49	1.285776	0.397581	1.296815	2.980173
43	50	1.285776	0.430387	1.781218	3.497381
43	51	1.285776	0.462784	1.943785	3.692345
43	52	1.285776	0.423016	1.549192	3.257985
43	53	1.285776	0.401130	1.332031	3.018938
43	54	1.285776	0.401130	1.332031	3.018938
43	55	1.285776	0.484088	2.155172	3.925036
43	56	1.285776	0.425405	1.572890	3.284071
43	57	1.285776	0.351687	1.371066	3.008529
43	58	1.285776	0.425405	1.572890	3.284071
43	59	1.285776	0.408703	1.407171	3.101650
43	60	1.285776	0.383736	1.159432	2.828944
43	61	1.285776	0.435372	1.671796	3.392945
43	62	1.285776	0.381933	1.141541	2.809250
43	63	1.285776	0.401130	1.332031	3.018938
43	64	1.285776	0.469136	2.006812	3.761723
43	65	1.285776	0.424082	1.559765	3.269623
43	66	1.285776	0.411936	1.439253	3.136966
43	67	1.285776	0.386221	1.184095	2.856092
43	68	1.285776	0.394594	1.637914	3.318284
43	69	1.285776	0.405096	1.371377	3.062250
43	70	1.285776	0.357216	0.896293	2.539286
43	71	1.285776	0.401130	1.332031	3.018938
43	72	1.285776	0.414979	1.469440	3.170195
43	73	1.285776	0.411819	1.438087	3.135682
43	74	1.285776	0.416053	1.480102	3.181931
43	75	1.285776	0.432100	1.639329	3.357206
43	76	1.285776	0.486154	2.175679	3.947609
43	77	1.285776	0.436285	1.680851	3.402912
43	78	1.285776	0.386442	1.398144	3.070363
43	79	1.285776	0.462784	1.943785	3.692345
43	80	1.285776	0.395025	1.271450	2.952251
43	81	1.285776	0.415934	1.478918	3.180629
43	82	1.285776	0.411819	1.438087	3.135682
43	83	1.285776	0.435372	1.671796	3.392945
43	84	1.285776	0.356259	0.886798	2.528834
43	85	1.285776	0.455988	1.876360	3.618125
43	86	1.285776	0.380124	1.123592	2.789492
43	87	1.285776	0.388042	1.202158	2.875976
43	88	1.285776	0.373519	1.058052	2.717347
43	89	1.285776	0.395025	1.271450	2.952251
43	90	1.285776	0.460396	1.920090	3.666262
43	91	1.285776	0.441199	1.729611	3.456586
43	92	1.285776	0.441199	1.729611	3.456586
43	93	1.285776	0.388042	1.202158	2.875976
43	94	1.285776	0.424787	1.566764	3.277327
43	95	1.285776	0.381933	1.141541	2.809250
43	96	1.285776	0.405096	1.371377	3.062250
43	97	1.285776	0.304202	1.111749	2.701727
43	98	1.285776	0.397581	1.296815	2.980173
43	99	1.285776	0.353385	0.858276	2.497437
44	0	1.346000	0.387862	1.200379	2.934241
44	1	1.346000	0.411927	1.439163	3.197090
44	2	1.346000	0.404097	1.361471	3.111569
44	3	1.346000	0.395733	1.278479	3.020212
44	4	1.346000	0.379576	1.118152	2.843728
44	5	1.346000	0.397642	1.297416	3.041058
44	6	1.346000	0.393621	1.257522	2.997144
44	7	1.346000	0.407255	1.604660	3.357915
44	8	1.346000	0.387862	1.200379	2.934241
44	9	1.346000	0.400908	1.329826	3.076734
44	10	1.346000	0.334051	1.302001	2.982052
44	11	1.346000	0.439476	1.712517	3.497993
44	12	1.346000	0.410461	1.742400	3.498862
44	13	1.346000	0.425095	1.569819	3.340914
44	14	1.346000	0.366617	0.989569	2.702186
44	15	1.346000	0.408227	1.402445	3.156671
44	16	1.346000	0.428341	1.602032	3.376373
44	17	1.346000	0.403680	1.357326	3.107006
44	18	1.346000	0.440141	1.719110	3.505251
44	19	1.346000	0.412737	1.447200	3.205938
44	20	1.346000	0.395684	1.277986	3.019670
44	21	1.346000	0.400637	1.327131	3.073768
44	22	1.346000	0.375882	1.081503	2.803384
44	23	1.346000	0.351029	1.364535	3.061564
44	24	1.346000	0.375882	1.081503	2.803384
44	25	1.346000	0.372292	1.045885	2.764177
44	26	1.346000	0.404480	1.365271	3.115751
44	27	1.346000	0.381719	1.139425	2.867145
44	28	1.346000	0.387862	1.200379	2.934241
44	29	1.346000	0.393217	1.518327	3.257544
44	30	1.346000	0.374587	1.068651	2.789238
44	31	1.346000	0.451320	1.882996	3.680315
44	32	1.346000	0.404097	1.361471	3.111569
44	33	1.346000	0.382720	1.149349	2.878068
44	34	1.346000	0.400637	1.327131	3.073768
44	35	1.346000	0.453927	1.855908	3.655835
44	36	1.346000	0.439894	1.716664	3.502559
44	37	1.346000	0.406841	1.388691	3.141532
44	38	1.346000	0.395684	1.277986	3.019670
44	39	1.346000	0.390498	1.226528	2.963026
44	40	1.346000	0.372292	1.045885	2.764177
44	41	1.346000	0.366617	0.989569	2.702186
44	42	1.346000	0.403680	1.357326	3.107006
44	43	1.346000	0.428341	1.602032	3.376373
44	44	1.346000	0.383444	1.156541	2.885985
44	45	1.346000	0.455309	1.869618	3.670927
44	46	1.346000	0.352210	0.846617	2.544827
44	47	1.346000	0.404480	1.365271	3.115751
44	48	1.346000	0.437813	1.696015	3.479828
44	49	1.346000	0.395733	1.278479	3.020212
44	50	1.346000	0.384710	1.169098	2.899808
44	51	1.346000	0.455309	1.869618	3.670927
44	52	1.346000	0.397642	1.297416	3.041058
44	53	1.346000	0.380958	1.131869	2.858827
44	54	1.346000	0.350559	0.830233	2.526791
44	55	1.346000	0.395733	1.278479	3.020212
44	56	1.346000	0.384872	1.170704	2.901575
44	57	1.346000	0.437143	1.795291	3.578433
44	58	1.346000	0.400637	1.327131	3.073768
44	59	1.346000	0.428341	1.602032	3.376373
44	60	1.346000	0.339411	0.719619	2.405030
44	61	1.346000	0.350559	0.830233	2.526791
44	62	1.346000	0.404900	1.369437	3.120337
44	63	1.346000	0.390498	1.226528	2.963026
44	64	1.346000	0.433275	1.650983	3.430257
44	65	1.346000	0.415198	1.471617	3.232815
44	66	1.346000	0.433275	1.650983	3.430257
44	67	1.346000	0.415397	1.473595	3.234992
44	68	1.346000	0.418963	1.508971	3.273933
44	69	1.346000	0.415397	1.473595	3.234992
44	70	1.346000	0.439476	1.712517	3.497993
44	71	1.346000	0.425095	1.569819	3.340914
44	72	1.346000	0.381904	1.141254	2.869158
44	73	1.346000	0.415397	1.473595	3.234992
44	74	1.346000	0.395599	1.277150	3.018749
44	75	1.346000	0.372591	1.048845	2.767436
44	76	1.346000	0.393621	1.257522	2.997144
44	77	1.346000	0.419475	1.514053	3.279528
44	78	1.346000	0.439476	1.712517	3.497993
44	79	1.346000	0.431534	1.739635	3.517169
44	80	1.346000	0.345382	0.778865	2.470247
44	81	1.346000	0.440141	1.719110	3.505251
44	82	1.346000	0.423366	1.658591	3.427957
44	83	1.346000	0.454752	1.864086	3.664837
44	84	1.346000	0.383402	1.156121	2.885523
44	85	1.346000	0.375882	1.081503	2.803384
44	86	1.346000	0.418963	1.508971	3.273933
44	87	1.346000	0.404760	1.368046	3.118805
44	88	1.346000	0.339411	0.719619	2.405030
44	89	1.346000	0.409810	1.418151	3.173960
44	90	1.346000	0.384872	1.170704	2.901575
44	91	1.346000	0.395684	1.277986	3.019670
44	92	1.346000	0.400908	1.329826	3.076734
44	93	1.346000	0.425095	1.569819	3.340914
44	94	1.346000	0.411980	1.439685	3.197665
44	95	1.346000	0.415397	1.473595	3.234992
44	96	1.346000	0.339411	0.719619	2.405030
44	97	1.346000	0.410461	1.742400	3.498862
44	98	1.346000	0.454752	1.864086	3.664837
44	99	1.346000	0.367058	0.993947	2.707005
45	0	1.278021	0.344633	0.771436	2.394090
45	1	1.278021	0.447157	1.788734	3.513912
45	2	1.278021	0.401079	1.331525	3.010625
45	3	1.278021	0.410164	1.421669	3.109854
45	4	1.278021	0.387064	1.192452	2.857536
45	5	1.278021	0.365386	1.242172	2.885579
45	6	1.278021	0.367792	1.001234	2.647047
45	7	1.278021	0.388907	1.210743	2.877671
45	8	1.278021	0.375188	1.498328	3.151537
45	9	1.278021	0.351500	1.369212	2.998733
45	10	1.278021	0.393357	1.254895	2.926272
45	11	1.278021	0.395451	1.593463	3.266936
45	12	1.278021	0.448961	1.806625	3.533606
45	13	1.278021	0.448961	1.806625	3.533606
45	14	1.278021	0.449399	1.810973	3.538392
45	15	1.278021	0.433810	1.656296	3.368127
45	16	1.278021	0.414016	1.459892	3.151929
45	17	1.278021	0.455931	1.875790	3.609742
45	18	1.278021	0.419312	1.512433	3.209765
45	19	1.278021	0.442177	1.739318	3.459516
45	20	1.278021	0.410164	1.421669	3.109854
45	21	1.278021	0.414016	1.459892	3.151929
45	22	1.278021	0.419895	1.518225	3.216141
45	23	1.278021	0.432698	1.645264	3.355984
45	24	1.278021	0.376513	1.087760	2.742293
45	25	1.278021	0.413122	1.451015	3.142157
45	26	1.278021	0.434816	1.666276	3.379113
45	27	1.278021	0.459961	1.915776	3.653758
45	28	1.278021	0.410852	1.428491	3.117364
45	29	1.278021	0.461036	1.926447	3.665504
45	30	1.278021	0.356571	0.889891	2.524483
45	31	1.278021	0.388907	1.210743	2.877671
45	32	1.278021	0.416236	1.481917	3.176174
45	33	1.278021	0.413122	1.451015	3.142157
45	34	1.278021	0.372016	1.043138	2.693174
45	35	1.278021	0.422482	1.543896	3.244399
45	36	1.278021	0.435090	1.668994	3.382105
45	37	1.278021	0.393945	1.260735	2.932701
45	38	1.278021	0.401079	1.331525	3.010625
45	39	1.278021	0.397776	1.298744	2.974541
45	40	1.278021	0.448390	1.800967	3.527378
45	41	1.278021	0.428262	1.601245	3.307528
45	42	1.278021	0.407573	1.395952	3.081545
45	43	1.278021	0.429465	1.613184	3.320670
45	44	1.278021	0.386312	1.343887	3.008219
45	45	1.278021	0.329849	1.366236	2.974106
45	46	1.278021	0.414179	1.461504	3.153703
45	47	1.278021	0.413122	1.451015	3.142157
45	48	1.278021	0.387437	1.196161	2.861619
45	49	1.278021	0.401079	1.331525	3.010625
45	50	1.278021	0.413049	1.450297	3.141367
45	51	1.278021	0.441343	1.731037	3.450401
45	52	1.278021	0.391891	1.240348	2.910259
45	53	1.278021	0.393357	1.254895	2.926272
45	54	1.278021	0.422482	1.543896	3.244399
45	55	1.278021	0.399323	1.314101	2.991445
45	56	1.278021	0.385493	1.176865	2.840379
45	57	1.278021	0.381630	1.138535	2.798186
45	58	1.278021	0.392036	1.506612	3.176669
45	59	1.278021	0.410164	1.421669	3.109854
45	60	1.278021	0.404488	1.630164	3.312672
45	61	1.278021	0.468310	1.998617	3.744948
45	62	1.278021	0.437324	1.691160	3.406505
45	63	1.278021	0.353226	0.856703	2.487950
45	64	1.278021	0.388907	1.210743	2.877671
45	65	1.278021	0.422482	1.543896	3.244399
45	66	1.278021	0.461036	1.926447	3.665504
45	67	1.278021	0.404488	1.630164	3.312672
45	68	1.278021	0.406916	1.389434	3.074371
45	69	1.278021	0.396328	1.284381	2.958730
45	70	1.278021	0.401079	1.331525	3.010625
45	71	1.278021	0.435090	1.668994	3.382105
45	72	1.278021	0.432698	1.645264	3.355984
45	73	1.278021	0.434451	1.662650	3.375122
45	74	1.278021	0.372016	1.043138	2.693174
45	75	1.278021	0.442177	1.739318	3.459516
45	76	1.278021	0.401079	1.331525	3.010625
45	77	1.278021	0.414016	1.459892	3.151929
45	78	1.278021	0.440495	1.722630	3.441146
45	79	1.278021	0.414179	1.461504	3.153703
45	80	1.278021	0.399323	1.314101	2.991445
45	81	1.278021	0.385150	1.173468	2.836639
45	82	1.278021	0.413122	1.451015	3.142157
45	83	1.278021	0.410164	1.421669	3.109854
45	84	1.278021	0.433810	1.656296	3.368127
45	85	1.278021	0.408141	1.401598	3.087760
45	86	1.278021	0.392571	1.247097	2.917689
45	87	1.278021	0.414179	1.461504	3.153703
45	88	1.278021	0.437843	1.802240	3.518104
45	89	1.278021	0.356571	0.889891	2.524483
45	90	1.278021	0.409806	1.418116	3.105943
45	91	1.278021	0.449172	1.808722	3.535915
45	92	1.278021	0.344633	0.771436	2.394090
45	93	1.278021	0.449172	1.808722	3.535915
45	94	1.278021	0.413049	1.450297	3.141367
45	95	1.278021	0.433810	1.656296	3.368127
45	96	1.278021	0.442177	1.739318	3.459516
45	97	1.278021	0.461036	1.926447	3.665504
45	98	1.278021	0.456938	1.885784	3.620743
45	99	1.278021	0.442177	1.739318	3.459516
46	0	1.325942	0.405945	1.379801	3.111688
46	1	1.325942	0.450547	1.822363	3.598851
46	2	1.325942	0.350751	0.832140	2.508833
46	3	1.325942	0.398242	1.303372	3.027556
46	4	1.325942	0.348475	0.809561	2.483978
46	5	1.325942	0.452256	1.839328	3.617527
46	6	1.325942	0.402224	1.342878	3.071043
46	7	1.325942	0.403700	1.357528	3.087170
46	8	1.325942	0.402224	1.342878	3.071043
46	9	1.325942	0.442788	1.745374	3.514104
46	10	1.325942	0.409072	1.410830	3.145844
46	11	1.325942	0.460223	1.918373	3.704538
46	12	1.325942	0.342905	0.754285	2.423132
46	13	1.325942	0.370399	1.027099	2.723440
46	14	1.325942	0.342905	0.754285	2.423132
46	15	1.325942	0.436928	1.687232	3.450102
46	16	1.325942	0.367793	1.001241	2.694977
46	17	1.325942	0.387687	1.198643	2.912272
46	18	1.325942	0.351378	1.262069	2.939388
46	19	1.325942	0.409470	1.467739	3.203151
46	20	1.325942	0.373520	1.058066	2.757528
46	21	1.325942	0.379279	1.115210	2.820431
46	22	1.325942	0.377557	1.098125	2.801624
46	23	1.325942	0.367793	1.001241	2.694977
46	24	1.325942	0.436928	1.687232	3.450102
46	25	1.325942	0.410004	1.420080	3.156026
46	26	1.325942	0.379924	1.121608	2.827474
46	27	1.325942	0.386067	1.182565	2.894574
46	28	1.325942	0.376817	1.090779	2.793538
46	29	1.325942	0.389897	1.220562	2.936401
46	30	1.325942	0.376695	1.089568	2.792205
46	31	1.325942	0.351378	1.262069	2.939388
46	32	1.325942	0.407654	1.396759	3.130355
46	33	1.325942	0.397044	1.291481	3.014467
46	34	1.325942	0.460223	1.918373	3.704538
46	35	1.325942	0.390882	1.230336	2.947159
46	36	1.325942	0.373520	1.058066	2.757528
46	37	1.325942	0.368200	1.005282	2.699424
46	38	1.325942	0.368200	1.005282	2.699424
46	39	1.325942	0.442788	1.745374	3.514104
46	40	1.325942	0.417143	1.543877	3.286962
46	41	1.325942	0.350751	0.832140	2.508833
46	42	1.325942	0.373490	1.057768	2.757200
46	43	1.325942	0.380440	1.126727	2.833108
46	44	1.325942	0.397044	1.291481	3.014467
46	45	1.325942	0.376658	1.089201	2.791801
46	46	1.325942	0.403700	1.357528	3.087170
46	47	1.325942	0.460223	1.918373	3.704538
46	48	1.325942	0.367448	0.997816	2.691206
46	49	1.325942	0.450547	1.822363	3.598851
46	50	1.325942	0.417150	1.490980	3.234071
46	51	1.325942	0.397044	1.291481	3.014467
46	52	1.325942	0.344583	0.770943	2.441469
46	53	1.325942	0.367448	0.997816	2.691206
46	54	1.325942	0.379002	1.377283	3.082228
46	55	1.325942	0.373520	1.058066	2.757528
46	56	1.325942	0.400308	1.323868	3.050117
46	57	1.325942	0.409072	1.410830	3.145844
46	58	1.325942	0.376817	1.090779	2.793538
46	59	1.325942	0.330601	1.214802	2.871345
46	60	1.325942	0.349098	0.815735	2.490775
46	61	1.325942	0.344583	0.770943	2.441469
46	62	1.325942	0.390882	1.230336	2.947159
46	63	1.325942	0.439317	1.710940	3.476199
46	64	1.325942	0.412928	1.449088	3.187957
46	65	1.325942	0.407654	1.396759	3.130355
46	66	1.325942	0.386067	1.182565	2.894574
46	67	1.325942	0.403700	1.357528	3.087170
46	68	1.325942	0.373490	1.057768	2.757200
46	69	1.325942	0.406589	1.545086	3.277617
46	70	1.325942	0.414085	1.460568	3.200595
46	71	1.325942	0.349098	0.815735	2.490775
46	72	1.325942	0.373059	1.053487	2.752487
46	73	1.325942	0.411715	1.437054	3.174711
46	74	1.325942	0.412928	1.449088	3.187957
46	75	1.325942	0.433479	1.653009	3.412430
46	76	1.325942	0.434329	1.661445	3.421716
46	77	1.325942	0.367793	1.001241	2.694977
46	78	1.325942	0.380433	1.126664	2.833040
46	79	1.325942	0.417150	1.490980	3.234071
46	80	1.325942	0.379924	1.121608	2.827474
46	81	1.325942	0.368200	1.005282	2.699424
46	82	1.325942	0.350751	0.832140	2.508833
46	83	1.325942	0.402224	1.342878	3.071043
46	84	1.325942	0.390641	1.227952	2.944536
46	85	1.325942	0.367793	1.001241	2.694977
46	86	1.325942	0.376695	1.089568	2.792205
46	87	1.325942	0.448502	1.802074	3.576518
46	88	1.325942	0.349098	0.815735	2.490775
46	89	1.325942	0.368614	1.009384	2.703940
46	90	1.325942	0.367793	1.001241	2.694977
46	91	1.325942	0.373520	1.058066	2.757528
46	92	1.325942	0.426574	1.584499	3.337016
46	93	1.325942	0.417115	1.649527	3.392584
46	94	1.325942	0.396912	1.290169	3.013023
46	95	1.325942	0.335091	1.312319	2.973352
46	96	1.325942	0.394408	1.265331	2.985682
46	97	1.325942	0.373520	1.058066	2.757528
46	98	1.325942	0.439317	1.710940	3.476199
46	99	1.325942	0.345136	0.776429	2.447508
47	0	1.364584	0.419288	1.512195	3.296067
47	1	1.364584	0.393333	1.254661	3.012578
47	2	1.364584	0.394854	1.269751	3.029189
47	3	1.364584	0.451931	1.836099	3.652614
47	4	1.364584	0.398120	1.302162	3.064866
47	5	1.364584	0.411496	1.434881	3.210961
47	6	1.364584	0.445343	1.823695	3.633622
47	7	1.364584	0.378408	1.106564	2.849556
47	8	1.364584	0.450140	1.818326	3.633049
47	9	1.364584	0.416006	1.479630	3.260220
47	10	1.364584	0.451931	1.836099	3.652614
47	11	1.364584	0.350726	0.831893	2.547203
47	12	1.364584	0.360572	0.929587	2.654742
47	13	1.364584	0.388879	1.210463	2.963925
47	14	1.364584	0.437462	1.692531	3.494577
47	15	1.364584	0.378132	1.103828	2.846544
47	16	1.364584	0.405169	1.372107	3.141860
47	17	1.364584	0.350726	0.831893	2.547203
47	18	1.364584	0.378132	1.103828	2.846544
47	19	1.364584	0.417549	1.494946	3.277079
47	20	1.364584	0.371007	1.033129	2.768720
47	21	1.364584	0.438433	1.702160	3.505177
47	22	1.364584	0.438433	1.702160	3.505177
47	23	1.364584	0.383542	1.157506	2.905631
47	24	1.364584	0.477235	2.087180	3.928999
47	25	1.364584	0.360572	0.929587	2.654742
47	26	1.364584	0.395201	1.538012	3.297796
47	27	1.364584	0.368029	1.003581	2.736194
47	28	1.364584	0.360726	0.931120	2.656431
47	29	1.364584	0.368029	1.003581	2.736194
47	30	1.364584	0.406906	1.389337	3.160827
47	31	1.364584	0.398094	1.301902	3.064580
47	32	1.364584	0.360726	0.931120	2.656431
47	33	1.364584	0.399875	1.319578	3.084037
47	34	1.364584	0.390009	1.221679	2.976272
47	35	1.364584	0.395699	1.278137	3.038420
47	36	1.364584	0.360726	0.931120	2.656431
47	37	1.364584	0.353920	0.863583	2.582087
47	38	1.364584	0.380112	1.123475	2.868171
47	39	1.364584	0.395921	1.280340	3.040845
47	40	1.364584	0.410072	1.420749	3.195404
47	41	1.364584	0.379900	1.121367	2.865850
47	42	1.364584	0.411496	1.434881	3.210961
47	43	1.364584	0.375334	1.076067	2.815985
47	44	1.364584	0.398026	1.301231	3.063841
47	45	1.364584	0.392209	1.243511	3.000304
47	46	1.364584	0.385902	1.392784	3.143270
47	47	1.364584	0.420895	1.740000	3.525479
47	48	1.364584	0.380112	1.123475	2.868171
47	49	1.364584	0.445343	1.823695	3.633622
47	50	1.364584	0.393333	1.254661	3.012578
47	51	1.364584	0.375334	1.076067	2.815985
47	52	1.364584	0.360572	0.929587	2.654742
47	53	1.364584	0.289871	1.075483	2.729939
47	54	1.364584	0.404758	1.368029	3.137372
47	55	1.364584	0.417549	1.494946	3.277079
47	56	1.364584	0.378408	1.106564	2.849556
47	57	1.364584	0.412632	1.446152	3.223367
47	58	1.364584	0.395699	1.278137	3.038420
47	59	1.364584	0.443938	1.756784	3.565306
47	60	1.364584	0.407709	1.715085	3.487378
47	61	1.364584	0.378408	1.106564	2.849556
47	62	1.364584	0.423729	1.556263	3.344576
47	63	1.364584	0.461405	1.930101	3.756089
47	64	1.364584	0.398094	1.301902	3.064580
47	65	1.364584	0.402985	1.562286	3.329854
47	66	1.364584	0.409540	1.415473	3.189597
47	67	1.364584	0.396812	1.289183	3.050579
47	68	1.364584	0.431338	1.631768	3.427691
47	69	1.364584	0.427769	1.596354	3.388708
47	70	1.364584	0.406906	1.389337	3.160827
47	71	1.364584	0.379900	1.121367	2.865850
47	72	1.364584	0.377418	1.096742	2.838744
47	73	1.364584	0.423729	1.556263	3.344576
47	74	1.364584	0.396812	1.289183	3.050579
47	75	1.364584	0.411496	1.434881	3.210961
47	76	1.364584	0.405836	1.378718	3.149137
47	77	1.364584	0.392209	1.243511	3.000304
47	78	1.364584	0.393333	1.254661	3.012578
47	79	1.364584	0.415772	1.477309	3.257665
47	80	1.364584	0.357695	1.430676	3.152955
47	81	1.364584	0.345922	0.784223	2.494728
47	82	1.364584	0.398094	1.301902	3.064580
47	83	1.364584	0.410072	1.420749	3.195404
47	84	1.364584	0.441055	1.728179	3.533818
47	85	1.364584	0.408377	1.403934	3.176894
47	86	1.364584	0.338595	1.294124	2.997303
47	87	1.364584	0.350726	0.831893	2.547203
47	88	1.364584	0.377418	1.096742	2.838744
47	89	1.364584	0.377418	1.096742	2.838744
47	90	1.364584	0.433335	1.651579	3.449498
47	91	1.364584	0.371007	1.033129	2.768720
47	92	1.364584	0.409540	1.415473	3.189597
47	93	1.364584	0.371007	1.033129	2.768720
47	94	1.364584	0.393333	1.254661	3.012578
47	95	1.364584	0.395921	1.280340	3.040845
47	96	1.364584	0.426506	1.583823	3.374913
47	97	1.364584	0.394854	1.269751	3.029189
47	98	1.364584	0.398120	1.302162	3.064866
47	99	1.364584	0.410072	1.420749	3.195404
48	0	1.428093	0.425229	1.571147	3.424469
48	1	1.428093	0.372211	1.045075	2.845378
48	2	1.428093	0.388347	1.628899	3.445339
48	3	1.428093	0.425229	1.571147	3.424469
48	4	1.428093	0.440265	1.773305	3.641663
48	5	1.428093	0.361217	0.935992	2.725303
48	6	1.428093	0.396552	1.286599	3.111245
48	7	1.428093	0.366046	0.983910	2.778050
48	8	1.428093	0.408202	1.402194	3.238489
48	9	1.428093	0.350226	0.826929	2.605248
48	10	1.428093	0.369021	1.013425	2.810539
48	11	1.428093	0.386708	1.188926	3.003728
48	12	1.428093	0.333860	0.664540	2.426493
48	13	1.428093	0.442729	1.744791	3.615613
48	14	1.428093	0.438718	1.757959	3.624771
48	15	1.428093	0.370544	1.028536	2.827173
48	16	1.428093	0.366046	0.983910	2.778050
48	17	1.428093	0.395087	1.272069	3.095250
48	18	1.428093	0.392346	1.244865	3.065305
48	19	1.428093	0.406259	1.382915	3.217267
48	20	1.428093	0.389693	1.218540	3.036325
48	21	1.428093	0.415627	1.475872	3.319592
48	22	1.428093	0.369897	1.022114	2.820104
48	23	1.428093	0.350226	0.826929	2.605248
48	24	1.428093	0.371573	1.038744	2.838410
48	25	1.428093	0.364758	0.971127	2.763978
48	26	1.428093	0.415830	1.583813	3.427736
48	27	1.428093	0.361217	0.935992	2.725303
48	28	1.428093	0.389658	1.218199	3.035951
48	29	1.428093	0.374047	1.063295	2.865435
48	30	1.428093	0.448084	1.797932	3.674110
48	31	1.428093	0.372211	1.045075	2.845378
48	32	1.428093	0.389658	1.218199	3.035951
48	33	1.428093	0.389693	1.218540	3.036325
48	34	1.428093	0.432943	1.647690	3.508726
48	35	1.428093	0.395087	1.272069	3.095250
48	36	1.428093	0.369897	1.022114	2.820104
48	37	1.428093	0.435223	1.670319	3.533635
48	38	1.428093	0.406410	1.384415	3.218918
48	39	1.428093	0.411838	1.438277	3.278208
48	40	1.428093	0.370544	1.028536	2.827173
48	41	1.428093	0.411838	1.438277	3.278208
48	42	1.428093	0.382480	1.146977	2.957550
48	43	1.428093	0.384491	1.166922	2.979506
48	44	1.428093	0.366046	0.983910	2.778050
48	45	1.428093	0.401741	1.338094	3.167928
48	46	1.428093	0.370812	1.031201	2.830106
48	47	1.428093	0.371130	1.034351	2.833574
48	48	1.428093	0.401741	1.338094	3.167928
48	49	1.428093	0.351050	0.835104	2.614246
48	50	1.428093	0.448084	1.797932	3.674110
48	51	1.428093	0.351835	0.842897	2.622825
48	52	1.428093	0.406410	1.384415	3.218918
48	53	1.428093	0.350226	0.826929	2.605248
48	54	1.428093	0.428417	1.602783	3.459294
48	55	1.428093	0.404762	1.632881	3.465736
48	56	1.428093	0.341591	0.741246	2.510930
48	57	1.428093	0.344935	0.774427	2.547454
48	58	1.428093	0.389658	1.218199	3.035951
48	59	1.428093	0.408985	1.409963	3.247041
48	60	1.428093	0.407607	1.396294	3.231994
48	61	1.428093	0.440265	1.773305	3.641663
48	62	1.428093	0.400781	1.328562	3.157436
48	63	1.428093	0.414274	1.462444	3.304811
48	64	1.428093	0.351835	0.842897	2.622825
48	65	1.428093	0.399005	1.310941	3.138039
48	66	1.428093	0.440265	1.773305	3.641663
48	67	1.428093	0.368589	1.009141	2.805824
48	68	1.428093	0.385339	1.175337	2.988769
48	69	1.428093	0.369021	1.013425	2.810539
48	70	1.428093	0.400619	1.326954	3.155666
48	71	1.428093	0.369021	1.013425	2.810539
48	72	1.428093	0.364758	0.971127	2.763978
48	73	1.428093	0.370544	1.028536	2.827173
48	74	1.428093	0.415694	1.476535	3.320322
48	75	1.428093	0.398214	1.303091	3.129398
48	76	1.428093	0.454772	1.864288	3.747153
48	77	1.428093	0.365744	0.980912	2.774750
48	78	1.428093	0.376080	1.083468	2.887641
48	79	1.428093	0.364758	0.971127	2.763978
48	80	1.428093	0.370812	1.031201	2.830106
48	81	1.428093	0.456155	1.878008	3.762256
48	82	1.428093	0.402566	1.346278	3.176938
48	83	1.428093	0.384491	1.166922	2.979506
48	84	1.428093	0.333860	0.664540	2.426493
48	85	1.428093	0.371130	1.034351	2.833574
48	86	1.428093	0.361217	0.935992	2.725303
48	87	1.428093	0.375587	1.078580	2.882261
48	88	1.428093	0.402566	1.346278	3.176938
48	89	1.428093	0.410084	1.632730	3.470908
48	90	1.428093	0.415830	1.583813	3.427736
48	91	1.428093	0.396552	1.286599	3.111245
48	92	1.428093	0.376080	1.083468	2.887641
48	93	1.428093	0.415650	1.529067	3.372810
48	94	1.428093	0.365513	0.978615	2.772221
48	95	1.428093	0.412336	1.443220	3.283650
48	96	1.428093	0.386168	1.183570	2.997831
48	97	1.428093	0.395087	1.272069	3.095250
48	98	1.428093	0.350226	0.826929	2.605248
48	99	1.428093	0.447579	1.792916	3.668588
49	0	1.376927	0.378527	1.107750	2.863204
49	1	1.376927	0.418802	1.560339	3.356068
49	2	1.376927	0.406958	1.389852	3.173737
49	3	1.376927	0.376393	1.086574	2.839895
49	4	1.376927	0.429803	1.828392	3.635123
49	5	1.376927	0.406958	1.389852	3.173737
49	6	1.376927	0.351287	0.837454	2.565668
49	7	1.376927	0.416798	1.487494	3.281219
49	8	1.376927	0.379003	1.112473	2.868404
49	9	1.376927	0.360270	0.926596	2.663794
49	10	1.376927	0.381648	1.509463	3.268039
49	11	1.376927	0.376393	1.086574	2.839895
49	12	1.376927	0.368057	1.003857	2.748841
49	13	1.376927	0.406958	1.389852	3.173737
49	14	1.376927	0.379003	1.112473	2.868404
49	15	1.376927	0.396324	1.284342	3.057593
49	16	1.376927	0.382344	1.145622	2.904894
49	17	1.376927	0.434853	1.666639	3.478419
49	18	1.376927	0.445886	1.776119	3.598932
49	19	1.376927	0.431116	1.788456	3.596499
49	20	1.376927	0.384001	1.162062	2.922991
49	21	1.376927	0.341638	0.741712	2.460277
49	22	1.376927	0.378527	1.107750	2.863204
49	23	1.376927	0.411703	1.436940	3.225571
49	24	1.376927	0.419647	1.515765	3.312340
49	25	1.376927	0.382344	1.145622	2.904894
49	26	1.376927	0.433592	1.654128	3.464647
49	27	1.376927	0.384130	1.163343	2.924401
49	28	1.376927	0.405804	1.378400	3.161131
49	29	1.376927	0.428882	1.607395	3.413204
49	30	1.376927	0.407805	1.398262	3.182995
49	31	1.376927	0.434853	1.666639	3.478419
49	32	1.376927	0.411332	1.433256	3.221515
49	33	1.376927	0.424693	1.565826	3.367446
49	34	1.376927	0.411332	1.433256	3.221515
49	35	1.376927	0.394814	1.269356	3.041097
49	36	1.376927	0.411332	1.433256	3.221515
49	37	1.376927	0.351455	0.839129	2.567512
49	38	1.376927	0.450780	1.824680	3.652387
49	39	1.376927	0.423530	1.554292	3.354750
49	40	1.376927	0.444869	1.766023	3.587819
49	41	1.376927	0.419647	1.515765	3.312340
49	42	1.376927	0.394814	1.269356	3.041097
49	43	1.376927	0.425637	1.575197	3.377761
49	44	1.376927	0.424883	1.567720	3.369530
49	45	1.376927	0.383446	1.156560	2.916934
49	46	1.376927	0.379528	1.117682	2.874138
49	47	1.376927	0.382010	1.142313	2.901251
49	48	1.376927	0.351287	0.837454	2.565668
49	49	1.376927	0.466603	1.981680	3.825210
49	50	1.376927	0.463567	1.951555	3.792049
49	51	1.376927	0.374489	1.067679	2.819095
49	52	1.376927	0.382648	1.148638	2.908213
49	53	1.376927	0.421856	1.537677	3.336460
49	54	1.376927	0.425414	1.572985	3.375327
49	55	1.376927	0.429803	1.828392	3.635123
49	56	1.376927	0.421856	1.537677	3.336460
49	57	1.376927	0.416798	1.487494	3.281219
49	58	1.376927	0.419263	1.511956	3.308146
49	59	1.376927	0.351455	0.839129	2.567512
49	60	1.376927	0.425414	1.572985	3.375327
49	61	1.376927	0.439902	1.716739	3.533568
49	62	1.376927	0.374489	1.067679	2.819095
49	63	1.376927	0.405334	1.373745	3.156007
49	64	1.376927	0.421856	1.537677	3.336460
49	65	1.376927	0.351287	0.837454	2.565668
49	66	1.376927	0.413547	1.455230	3.245704
49	67	1.376927	0.419263	1.511956	3.308146
49	68	1.376927	0.354329	0.867643	2.598899
49	69	1.376927	0.382010	1.142313	2.901251
49	70	1.376927	0.382275	1.144939	2.904141
49	71	1.376927	0.387416	1.195949	2.960292
49	72	1.376927	0.376393	1.086574	2.839895
49	73	1.376927	0.424883	1.567720	3.369530
49	74	1.376927	0.414285	1.462557	3.253769
49	75	1.376927	0.384001	1.162062	2.922991
49	76	1.376927	0.405632	1.376697	3.159256
49	77	1.376927	0.351455	0.839129	2.567512
49	78	1.376927	0.424795	1.619806	3.421529
49	79	1.376927	0.392945	1.250810	3.020683
49	80	1.376927	0.383561	1.581408	3.341897
49	81	1.376927	0.383561	1.581408	3.341897
49	82	1.376927	0.415857	1.478151	3.270935
49	83	1.376927	0.396324	1.284342	3.057593
49	84	1.376927	0.445886	1.776119	3.598932
49	85	1.376927	0.415149	1.471134	3.263211
49	86	1.376927	0.368057	1.003857	2.748841
49	87	1.376927	0.410087	1.685724	3.472739
49	88	1.376927	0.351455	0.839129	2.567512
49	89	1.376927	0.384529	1.591011	3.352468
49	90	1.376927	0.406351	1.383835	3.167114
49	91	1.376927	0.360270	0.926596	2.663794
49	92	1.376927	0.422506	1.544127	3.343560
49	93	1.376927	0.368480	1.008056	2.753463
49	94	1.376927	0.435284	1.670920	3.483132
49	95	1.376927	0.413547	1.455230	3.245704
49	96	1.376927	0.341638	0.741712	2.460277
49	97	1.376927	0.407805	1.398262	3.182995
49	98	1.376927	0.378527	1.107750	2.863204
49	99	1.376927	0.404676	1.367207	3.148810
