replicate	universe	detection_yr	orbit_yr	char_yr	total_yr
50	0	1.639696	0.433832	1.656513	3.730042
50	1	1.639696	0.350373	0.828392	2.818461
50	2	1.639696	0.468418	1.999692	4.107806
50	3	1.639696	0.369687	1.020031	3.029414
50	4	1.639696	0.427881	1.597463	3.665040
50	5	1.639696	0.388690	1.208589	3.236975
50	6	1.639696	0.438149	1.699348	3.777193
50	7	1.639696	0.367338	0.996725	3.003759
50	8	1.639696	0.411414	1.434073	3.485183
50	9	1.639696	0.428679	1.605377	3.673751
50	10	1.639696	0.399777	1.318604	3.358077
50	11	1.639696	0.426355	1.741213	3.807265
50	12	1.639696	0.422036	1.539469	3.601201
50	13	1.639696	0.425216	1.571016	3.635928
50	14	1.639696	0.432390	1.642203	3.714289
50	15	1.639696	0.440016	1.717875	3.797587
50	16	1.639696	0.422036	1.539469	3.601201
50	17	1.639696	0.428566	1.604258	3.672520
50	18	1.639696	0.423195	1.550967	3.613858
50	19	1.639696	0.376650	1.089119	3.105465
50	20	1.639696	0.423054	1.549569	3.612320
50	21	1.639696	0.466671	1.982352	4.088719
50	22	1.639696	0.443355	1.751007	3.834058
50	23	1.639696	0.386701	1.188854	3.215251
50	24	1.639696	0.350373	0.828392	2.818461
50	25	1.639696	0.428798	1.871382	3.939876
50	26	1.639696	0.418229	1.501694	3.559619
50	27	1.639696	0.385720	1.179122	3.204539
50	28	1.639696	0.481001	2.177512	4.298210
50	29	1.639696	0.434832	1.931250	4.005778
50	30	1.639696	0.425607	1.945645	4.010947
50	31	1.639696	0.416347	1.853758	3.909801
50	32	1.639696	0.509872	2.411021	4.560589
50	33	1.639696	0.385720	1.179122	3.204539
50	34	1.639696	0.436397	1.681960	3.758053
50	35	1.639696	0.428566	1.604258	3.672520
50	36	1.639696	0.386779	1.189632	3.216107
50	37	1.639696	0.437038	1.688320	3.765053
50	38	1.639696	0.391515	1.236625	3.267836
50	39	1.639696	0.425607	1.945645	4.010947
50	40	1.639696	0.355763	0.881872	2.877331
50	41	1.639696	0.443355	1.751007	3.834058
50	42	1.639696	0.402053	1.341182	3.382931
50	43	1.639696	0.391515	1.236625	3.267836
50	44	1.639696	0.474678	2.061808	4.176182
50	45	1.639696	0.391515	1.236625	3.267836
50	46	1.639696	0.456241	1.878863	3.974800
50	47	1.639696	0.432390	1.642203	3.714289
50	48	1.639696	0.418229	1.501694	3.559619
50	49	1.639696	0.433832	1.656513	3.730042
50	50	1.639696	0.407061	1.390879	3.437636
50	51	1.639696	0.406012	1.380468	3.426176
50	52	1.639696	0.395517	1.276331	3.311544
50	53	1.639696	0.426355	1.741213	3.807265
50	54	1.639696	0.422036	1.539469	3.601201
50	55	1.639696	0.448637	1.803416	3.891750
50	56	1.639696	0.474678	2.061808	4.176182
50	57	1.639696	0.437378	1.691695	3.768769
50	58	1.639696	0.454491	1.967426	4.061612
50	59	1.639696	0.386701	1.188854	3.215251
50	60	1.639696	0.425633	1.575160	3.640490
50	61	1.639696	0.391515	1.236625	3.267836
50	62	1.639696	0.427881	1.597463	3.665040
50	63	1.639696	0.391366	1.235145	3.266207
50	64	1.639696	0.432390	1.642203	3.714289
50	65	1.639696	0.406241	1.382742	3.428680
50	66	1.639696	0.360749	0.931344	2.931789
50	67	1.639696	0.391366	1.235145	3.266207
50	68	1.639696	0.440016	1.717875	3.797587
50	69	1.639696	0.411414	1.434073	3.485183
50	70	1.639696	0.410971	1.429669	3.480336
50	71	1.639696	0.437038	1.688320	3.765053
50	72	1.639696	0.386779	1.189632	3.216107
50	73	1.639696	0.486465	2.178764	4.304926
50	74	1.639696	0.416158	1.481146	3.537001
50	75	1.639696	0.423054	1.549569	3.612320
50	76	1.639696	0.406241	1.382742	3.428680
50	77	1.639696	0.432481	1.643102	3.715279
50	78	1.639696	0.411928	1.439171	3.490795
50	79	1.639696	0.386779	1.189632	3.216107
50	80	1.639696	0.406012	1.380468	3.426176
50	81	1.639696	0.456241	1.878863	3.974800
50	82	1.639696	0.455095	2.079351	4.174142
50	83	1.639696	0.439035	1.708141	3.786873
50	84	1.639696	0.422036	1.539469	3.601201
50	85	1.639696	0.412829	1.448108	3.500633
50	86	1.639696	0.423520	1.554187	3.617403
50	87	1.639696	0.407061	1.390879	3.437636
50	88	1.639696	0.463637	1.952254	4.055587
50	89	1.639696	0.448637	1.803416	3.891750
50	90	1.639696	0.448584	1.802893	3.891173
50	91	1.639696	0.445520	1.772488	3.857704
50	92	1.639696	0.422036	1.539469	3.601201
50	93	1.639696	0.423520	1.554187	3.617403
50	94	1.639696	0.418229	1.501694	3.559619
50	95	1.639696	0.448637	1.803416	3.891750
50	96	1.639696	0.396428	1.285371	3.321495
50	97	1.639696	0.422571	1.544771	3.607037
50	98	1.639696	0.448637	1.803416	3.891750
50	99	1.639696	0.444257	1.759949	3.843902
51	0	1.587285	0.469578	2.011206	4.068070
51	1	1.587285	0.465267	1.968430	4.020983
51	2	1.587285	0.509361	2.405948	4.502594
51	3	1.587285	0.401903	1.339696	3.328884
51	4	1.587285	0.402007	1.340724	3.330016
51	5	1.587285	0.356009	1.466910	3.410203
51	6	1.587285	0.402007	1.340724	3.330016
51	7	1.587285	0.466401	2.032646	4.086333
51	8	1.587285	0.415186	1.471496	3.473966
51	9	1.587285	0.443123	1.748705	3.779113
51	10	1.587285	0.439815	1.874772	3.901873
51	11	1.587285	0.407199	1.392244	3.386728
51	12	1.587285	0.375469	1.077408	3.040162
51	13	1.587285	0.400161	1.322410	3.309856
51	14	1.587285	0.440365	1.721340	3.748991
51	15	1.587285	0.434415	1.662299	3.683999
51	16	1.587285	0.401465	1.335349	3.324098
51	17	1.587285	0.422355	1.542636	3.552276
51	18	1.587285	0.421530	1.534447	3.543262
51	19	1.587285	0.405180	1.372208	3.364672
51	20	1.587285	0.382723	1.149384	3.119392
51	21	1.587285	0.470462	2.019970	4.077717
51	22	1.587285	0.465094	2.019670	4.072048
51	23	1.587285	0.487269	2.186742	4.261296
51	24	1.587285	0.369407	1.493927	3.450619
51	25	1.587285	0.400161	1.322410	3.309856
51	26	1.587285	0.354931	0.873617	2.815833
51	27	1.587285	0.432935	1.647610	3.667830
51	28	1.587285	0.395101	1.272204	3.254590
51	29	1.587285	0.375469	1.077408	3.040162
51	30	1.587285	0.393592	1.257234	3.238111
51	31	1.587285	0.427182	1.749423	3.763890
51	32	1.587285	0.465094	2.019670	4.072048
51	33	1.587285	0.450950	1.826365	3.864600
51	34	1.587285	0.396641	1.287486	3.271412
51	35	1.587285	0.432672	1.645005	3.664963
51	36	1.587285	0.392733	1.248706	3.228723
51	37	1.587285	0.429546	1.613988	3.630819
51	38	1.587285	0.424720	1.566102	3.578107
51	39	1.587285	0.424720	1.566102	3.578107
51	40	1.587285	0.432672	1.645005	3.664963
51	41	1.587285	0.401465	1.335349	3.324098
51	42	1.587285	0.432953	1.647786	3.668024
51	43	1.587285	0.392733	1.248706	3.228723
51	44	1.587285	0.406265	1.382973	3.376523
51	45	1.587285	0.457164	1.888028	3.932477
51	46	1.587285	0.434629	1.664418	3.686331
51	47	1.587285	0.400987	1.330608	3.318880
51	48	1.587285	0.396641	1.287486	3.271412
51	49	1.587285	0.422355	1.542636	3.552276
51	50	1.587285	0.423139	1.550407	3.560831
51	51	1.587285	0.432935	1.647610	3.667830
51	52	1.587285	0.465740	2.184973	4.237997
51	53	1.587285	0.365688	0.980354	2.933327
51	54	1.587285	0.400161	1.322410	3.309856
51	55	1.587285	0.432672	1.645005	3.664963
51	56	1.587285	0.413567	1.455429	3.456281
51	57	1.587285	0.396641	1.287486	3.271412
51	58	1.587285	0.407199	1.392244	3.386728
51	59	1.587285	0.395776	1.278904	3.261965
51	60	1.587285	0.422276	1.541852	3.551413
51	61	1.587285	0.433656	1.654764	3.675704
51	62	1.587285	0.401465	1.335349	3.324098
51	63	1.587285	0.470021	2.015593	4.072898
51	64	1.587285	0.393592	1.257234	3.238111
51	65	1.587285	0.424720	1.566102	3.578107
51	66	1.587285	0.387965	1.201398	3.176648
51	67	1.587285	0.426994	1.588666	3.602945
51	68	1.587285	0.398516	1.306093	3.291894
51	69	1.587285	0.426994	1.588666	3.602945
51	70	1.587285	0.422355	1.542636	3.552276
51	71	1.587285	0.488918	2.203105	4.279308
51	72	1.587285	0.412714	1.446972	3.446972
51	73	1.587285	0.401903	1.339696	3.328884
51	74	1.587285	0.456879	1.885196	3.929360
51	75	1.587285	0.370085	1.023985	2.981355
51	76	1.587285	0.396641	1.287486	3.271412
51	77	1.587285	0.413567	1.455429	3.456281
51	78	1.587285	0.407068	1.390943	3.385295
51	79	1.587285	0.456817	1.884582	3.928684
51	80	1.587285	0.462443	1.940403	3.990131
51	81	1.587285	0.456817	1.884582	3.928684
51	82	1.587285	0.425159	1.570451	3.582895
51	83	1.587285	0.387965	1.201398	3.176648
51	84	1.587285	0.425159	1.570451	3.582895
51	85	1.587285	0.403542	1.832629	3.823455
51	86	1.587285	0.382723	1.149384	3.119392
51	87	1.587285	0.407068	1.390943	3.385295
51	88	1.587285	0.456817	1.884582	3.928684
51	89	1.587285	0.375469	1.077408	3.040162
51	90	1.587285	0.392733	1.248706	3.228723
51	91	1.587285	0.354931	0.873617	2.815833
51	92	1.587285	0.382723	1.149384	3.119392
51	93	1.587285	0.395101	1.272204	3.254590
51	94	1.587285	0.461470	1.983712	4.032467
51	95	1.587285	0.458429	1.900577	3.946291
51	96	1.587285	0.395101	1.272204	3.254590
51	97	1.587285	0.429546	1.613988	3.630819
51	98	1.587285	0.396641	1.287486	3.271412
51	99	1.587285	0.400987	1.330608	3.318880
52	0	1.530840	0.503711	2.349891	4.384442
52	1	1.530840	0.459950	1.915670	3.906460
52	2	1.530840	0.446051	1.777756	3.754646
52	3	1.530840	0.425763	1.576445	3.533047
52	4	1.530840	0.449305	1.810045	3.790190
52	5	1.530840	0.421127	1.530450	3.482417
52	6	1.530840	0.419630	1.515596	3.466067
52	7	1.530840	0.423288	1.551890	3.506018
52	8	1.530840	0.467102	1.986636	3.984578
52	9	1.530840	0.454547	1.862059	3.847446
52	10	1.530840	0.472698	2.042158	4.045695
52	11	1.530840	0.430408	1.675501	3.636749
52	12	1.530840	0.357143	0.895568	2.783551
52	13	1.530840	0.431454	1.632913	3.595206
52	14	1.530840	0.467102	1.986636	3.984578
52	15	1.530840	0.471964	2.034874	4.037678
52	16	1.530840	0.459386	1.910071	3.900297
52	17	1.530840	0.464789	1.963683	3.959312
52	18	1.530840	0.437956	1.697436	3.666233
52	19	1.530840	0.366761	1.626564	3.524165
52	20	1.530840	0.475006	2.065064	4.070910
52	21	1.530840	0.401640	1.337083	3.269562
52	22	1.530840	0.454099	1.857610	3.842549
52	23	1.530840	0.423288	1.551890	3.506018
52	24	1.530840	0.491791	2.231610	4.254241
52	25	1.530840	0.448067	1.797762	3.776669
52	26	1.530840	0.401640	1.337083	3.269562
52	27	1.530840	0.392589	1.247281	3.170710
52	28	1.530840	0.434083	1.659002	3.623925
52	29	1.530840	0.421127	1.530450	3.482417
52	30	1.530840	0.448495	1.802008	3.781343
52	31	1.530840	0.400897	1.329714	3.261450
52	32	1.530840	0.464789	1.963683	3.959312
52	33	1.530840	0.406708	1.387371	3.324919
52	34	1.530840	0.425057	1.569443	3.525339
52	35	1.530840	0.455361	1.870131	3.856331
52	36	1.530840	0.392589	1.247281	3.170710
52	37	1.530840	0.441960	1.737163	3.709963
52	38	1.530840	0.357143	0.895568	2.783551
52	39	1.530840	0.425057	1.569443	3.525339
52	40	1.530840	0.425763	1.576445	3.533047
52	41	1.530840	0.399084	1.311721	3.241645
52	42	1.530840	0.425057	1.569443	3.525339
52	43	1.530840	0.395782	1.702675	3.629297
52	44	1.530840	0.464789	1.963683	3.959312
52	45	1.530840	0.425684	1.575666	3.532190
52	46	1.530840	0.429850	1.617000	3.577690
52	47	1.530840	0.408663	1.406777	3.346280
52	48	1.530840	0.399084	1.311721	3.241645
52	49	1.530840	0.440700	1.989475	3.961015
52	50	1.530840	0.357143	0.895568	2.783551
52	51	1.530840	0.410977	1.429737	3.371554
52	52	1.530840	0.425684	1.575666	3.532190
52	53	1.530840	0.459298	2.015125	4.005262
52	54	1.530840	0.401640	1.337083	3.269562
52	55	1.530840	0.444006	1.757462	3.732308
52	56	1.530840	0.446051	1.777756	3.754646
52	57	1.530840	0.418740	1.506761	3.456340
52	58	1.530840	0.487328	2.187327	4.205495
52	59	1.530840	0.426773	1.586468	3.544080
52	60	1.530840	0.428166	1.600287	3.559292
52	61	1.530840	0.509778	2.410086	4.450704
52	62	1.530840	0.448067	1.797762	3.776669
52	63	1.530840	0.407626	1.396485	3.334952
52	64	1.530840	0.467102	1.986636	3.984578
52	65	1.530840	0.458062	1.896933	3.885835
52	66	1.530840	0.408663	1.406777	3.346280
52	67	1.530840	0.389403	1.215661	3.135904
52	68	1.530840	0.445382	1.771119	3.747341
52	69	1.530840	0.425763	1.576445	3.533047
52	70	1.530840	0.399994	1.320755	3.251589
52	71	1.530840	0.434246	1.660621	3.625707
52	72	1.530840	0.372978	1.052691	2.956509
52	73	1.530840	0.400897	1.329714	3.261450
52	74	1.530840	0.398300	1.303944	3.233083
52	75	1.530840	0.419701	1.516300	3.466841
52	76	1.530840	0.419701	1.516300	3.466841
52	77	1.530840	0.428166	1.600287	3.559292
52	78	1.530840	0.461401	1.983028	3.975269
52	79	1.530840	0.465578	2.183363	4.179780
52	80	1.530840	0.389403	1.215661	3.135904
52	81	1.530840	0.393239	1.253727	3.177806
52	82	1.530840	0.454099	1.857610	3.842549
52	83	1.530840	0.425684	1.575666	3.532190
52	84	1.530840	0.429850	1.617000	3.577690
52	85	1.530840	0.480504	2.119615	4.130959
52	86	1.530840	0.448067	1.797762	3.776669
52	87	1.530840	0.410977	1.429737	3.371554
52	88	1.530840	0.421127	1.530450	3.482417
52	89	1.530840	0.473964	2.213615	4.218419
52	90	1.530840	0.370954	1.032607	2.934402
52	91	1.530840	0.445382	1.771119	3.747341
52	92	1.530840	0.389403	1.215661	3.135904
52	93	1.530840	0.374665	1.069430	2.974935
52	94	1.530840	0.465578	2.183363	4.179780
52	95	1.530840	0.444006	1.757462	3.732308
52	96	1.530840	0.461014	2.085115	4.076969
52	97	1.530840	0.405513	1.375521	3.311874
52	98	1.530840	0.404465	1.365117	3.300422
52	99	1.530840	0.384239	1.164422	3.079500
53	0	1.574255	0.422262	1.541709	3.538226
53	1	1.574255	0.487259	2.186646	4.248160
53	2	1.574255	0.481981	2.134274	4.190510
53	3	1.574255	0.433295	1.651183	3.658732
53	4	1.574255	0.384216	1.164201	3.122672
53	5	1.574255	0.399836	1.319184	3.293274
53	6	1.574255	0.399836	1.319184	3.293274
53	7	1.574255	0.413297	1.452756	3.440308
53	8	1.574255	0.401080	1.331529	3.306863
53	9	1.574255	0.449148	1.808485	3.831888
53	10	1.574255	0.396220	1.283304	3.253778
53	11	1.574255	0.424773	1.566621	3.565648
53	12	1.574255	0.382651	1.148671	3.105578
53	13	1.574255	0.384216	1.164201	3.122672
53	14	1.574255	0.349326	0.818002	2.741583
53	15	1.574255	0.430213	1.620600	3.625068
53	16	1.574255	0.384526	1.167275	3.126056
53	17	1.574255	0.454661	1.969118	3.998034
53	18	1.574255	0.478831	2.103012	4.156098
53	19	1.574255	0.442057	1.738124	3.754435
53	20	1.574255	0.401786	1.338534	3.314575
53	21	1.574255	0.437741	1.695298	3.707293
53	22	1.574255	0.435578	1.673834	3.683667
53	23	1.574255	0.365237	1.611439	3.550931
53	24	1.574255	0.437046	1.688402	3.699703
53	25	1.574255	0.429898	1.617474	3.621627
53	26	1.574255	0.417377	1.758054	3.749685
53	27	1.574255	0.437046	1.688402	3.699703
53	28	1.574255	0.441759	1.947026	3.963040
53	29	1.574255	0.415441	1.474029	3.463725
53	30	1.574255	0.459662	1.912810	3.946727
53	31	1.574255	0.426706	1.585807	3.586768
53	32	1.574255	0.415238	1.472016	3.461509
53	33	1.574255	0.433640	1.654607	3.662502
53	34	1.574255	0.366027	0.983719	2.924001
53	35	1.574255	0.415238	1.472016	3.461509
53	36	1.574255	0.419047	1.509808	3.503110
53	37	1.574255	0.486882	2.235861	4.296998
53	38	1.574255	0.401080	1.331529	3.306863
53	39	1.574255	0.425438	1.573226	3.572919
53	40	1.574255	0.399836	1.319184	3.293274
53	41	1.574255	0.393132	1.252668	3.220055
53	42	1.574255	0.449148	1.808485	3.831888
53	43	1.574255	0.428839	1.606965	3.610058
53	44	1.574255	0.422262	1.541709	3.538226
53	45	1.574255	0.384526	1.167275	3.126056
53	46	1.574255	0.379945	1.492559	3.446759
53	47	1.574255	0.415127	1.470911	3.460293
53	48	1.574255	0.396360	1.284693	3.255307
53	49	1.574255	0.415238	1.472016	3.461509
53	50	1.574255	0.412932	1.449129	3.436316
53	51	1.574255	0.430213	1.620600	3.625068
53	52	1.574255	0.366252	0.985947	2.926454
53	53	1.574255	0.384526	1.167275	3.126056
53	54	1.574255	0.376061	1.083276	3.033591
53	55	1.574255	0.441939	1.736953	3.753146
53	56	1.574255	0.384216	1.164201	3.122672
53	57	1.574255	0.389273	1.214374	3.177901
53	58	1.574255	0.433640	1.654607	3.662502
53	59	1.574255	0.454661	1.969118	3.998034
53	60	1.574255	0.405944	1.379790	3.359988
53	61	1.574255	0.412132	1.441189	3.427576
53	62	1.574255	0.439711	1.767811	3.781777
53	63	1.574255	0.360535	0.929225	2.864015
53	64	1.574255	0.421521	1.534353	3.530128
53	65	1.574255	0.411289	1.432825	3.418369
53	66	1.574255	0.424992	1.568797	3.568044
53	67	1.574255	0.389273	1.214374	3.177901
53	68	1.574255	0.355647	0.880717	2.810619
53	69	1.574255	0.395520	1.276362	3.246137
53	70	1.574255	0.382651	1.148671	3.105578
53	71	1.574255	0.396220	1.283304	3.253778
53	72	1.574255	0.465154	1.967309	4.006719
53	73	1.574255	0.401786	1.338534	3.314575
53	74	1.574255	0.379945	1.492559	3.446759
53	75	1.574255	0.442057	1.738124	3.754435
53	76	1.574255	0.460967	1.925760	3.960982
53	77	1.574255	0.480093	2.115538	4.169886
53	78	1.574255	0.428839	1.606965	3.610058
53	79	1.574255	0.384526	1.167275	3.126056
53	80	1.574255	0.398807	1.308972	3.282033
53	81	1.574255	0.422704	1.546091	3.543050
53	82	1.574255	0.458921	1.905452	3.938628
53	83	1.574255	0.459629	1.912485	3.946369
53	84	1.574255	0.412932	1.449129	3.436316
53	85	1.574255	0.459629	1.912485	3.946369
53	86	1.574255	0.353359	1.387654	3.315267
53	87	1.574255	0.384526	1.167275	3.126056
53	88	1.574255	0.460967	1.925760	3.960982
53	89	1.574255	0.384526	1.167275	3.126056
53	90	1.574255	0.445862	1.775878	3.795995
53	91	1.574255	0.478831	2.103012	4.156098
53	92	1.574255	0.401901	1.339680	3.315836
53	93	1.574255	0.500772	2.320725	4.395752
53	94	1.574255	0.412932	1.449129	3.436316
53	95	1.574255	0.398807	1.308972	3.282033
53	96	1.574255	0.459558	1.911776	3.945589
53	97	1.574255	0.366252	0.985947	2.926454
53	98	1.574255	0.451144	1.828289	3.853687
53	99	1.574255	0.410875	1.428722	3.413852
54	0	1.512526	0.456435	1.880787	3.849748
54	1	1.512526	0.398351	1.304448	3.215324
54	2	1.512526	0.455267	1.869199	3.836991
54	3	1.512526	0.399214	1.313016	3.224756
54	4	1.512526	0.414035	1.460079	3.386640
54	5	1.512526	0.391606	1.237527	3.141659
54	6	1.512526	0.402650	1.347106	3.262282
54	7	1.512526	0.411257	1.432513	3.356296
54	8	1.512526	0.400581	1.326575	3.239681
54	9	1.512526	0.411679	1.436704	3.360909
54	10	1.512526	0.485151	2.165721	4.163397
54	11	1.512526	0.422670	1.545761	3.480957
54	12	1.512526	0.393844	1.259735	3.166105
54	13	1.512526	0.413326	1.453037	3.378888
54	14	1.512526	0.353929	0.863670	2.730124
54	15	1.512526	0.438885	1.706646	3.658056
54	16	1.512526	0.426371	1.582477	3.521373
54	17	1.512526	0.452572	1.842460	3.807558
54	18	1.512526	0.407248	1.710515	3.630288
54	19	1.512526	0.469529	2.010712	3.992767
54	20	1.512526	0.373998	1.062808	2.949332
54	21	1.512526	0.476933	2.084183	4.073642
54	22	1.512526	0.429130	1.768743	3.710398
54	23	1.512526	0.476933	2.084183	4.073642
54	24	1.512526	0.430007	1.618557	3.561089
54	25	1.512526	0.408390	1.404065	3.324981
54	26	1.512526	0.454519	1.861777	3.828822
54	27	1.512526	0.373998	1.062808	2.949332
54	28	1.512526	0.408390	1.404065	3.324981
54	29	1.512526	0.452739	1.844115	3.809379
54	30	1.512526	0.452536	1.842099	3.807160
54	31	1.512526	0.442038	1.737941	3.692505
54	32	1.512526	0.426238	1.581158	3.519922
54	33	1.512526	0.373998	1.062808	2.949332
54	34	1.512526	0.470228	2.017649	4.000402
54	35	1.512526	0.429049	1.609056	3.550631
54	36	1.512526	0.397042	1.291461	3.201028
54	37	1.512526	0.438934	1.707134	3.658593
54	38	1.512526	0.405013	1.370552	3.288091
54	39	1.512526	0.413326	1.453037	3.378888
54	40	1.512526	0.429049	1.609056	3.550631
54	41	1.512526	0.393844	1.259735	3.166105
54	42	1.512526	0.494247	2.255984	4.262757
54	43	1.512526	0.410149	1.421522	3.344197
54	44	1.512526	0.388836	1.210041	3.111403
54	45	1.512526	0.479026	2.263841	4.255393
54	46	1.512526	0.438934	1.707134	3.658593
54	47	1.512526	0.426078	1.579569	3.518172
54	48	1.512526	0.397042	1.291461	3.201028
54	49	1.512526	0.441743	1.735007	3.689276
54	50	1.512526	0.441743	1.735007	3.689276
54	51	1.512526	0.359018	0.914168	2.785712
54	52	1.512526	0.454304	1.859648	3.826478
54	53	1.512526	0.426787	1.586603	3.525915
54	54	1.512526	0.470721	2.022543	4.005790
54	55	1.512526	0.438934	1.707134	3.658593
54	56	1.512526	0.399214	1.313016	3.224756
54	57	1.512526	0.410128	1.421309	3.343963
54	58	1.512526	0.407459	1.394822	3.314806
54	59	1.512526	0.359018	0.914168	2.785712
54	60	1.512526	0.391606	1.237527	3.141659
54	61	1.512526	0.456457	1.881004	3.849986
54	62	1.512526	0.394675	1.267972	3.175173
54	63	1.512526	0.410128	1.421309	3.343963
54	64	1.512526	0.430007	1.618557	3.561089
54	65	1.512526	0.353929	0.863670	2.730124
54	66	1.512526	0.427936	1.598004	3.538465
54	67	1.512526	0.415871	1.478296	3.406693
54	68	1.512526	0.452536	1.842099	3.807160
54	69	1.512526	0.479026	2.263841	4.255393
54	70	1.512526	0.403799	1.358514	3.274839
54	71	1.512526	0.455304	1.869567	3.837396
54	72	1.512526	0.476933	2.084183	4.073642
54	73	1.512526	0.439529	1.871931	3.823986
54	74	1.512526	0.484974	2.163971	4.161471
54	75	1.512526	0.413326	1.453037	3.378888
54	76	1.512526	0.408390	1.404065	3.324981
54	77	1.512526	0.439529	1.871931	3.823986
54	78	1.512526	0.455267	1.869199	3.836991
54	79	1.512526	0.394805	1.640010	3.547340
54	80	1.512526	0.479026	2.263841	4.255393
54	81	1.512526	0.432623	1.644513	3.589662
54	82	1.512526	0.472885	2.044019	4.029430
54	83	1.512526	0.470721	2.022543	4.005790
54	84	1.512526	0.430007	1.618557	3.561089
54	85	1.512526	0.454519	1.861777	3.828822
54	86	1.512526	0.343756	1.451266	3.307548
54	87	1.512526	0.424543	1.564340	3.501408
54	88	1.512526	0.394675	1.267972	3.175173
54	89	1.512526	0.422670	1.545761	3.480957
54	90	1.512526	0.408390	1.404065	3.324981
54	91	1.512526	0.372923	1.052146	2.937594
54	92	1.512526	0.428820	1.606778	3.548123
54	93	1.512526	0.398351	1.304448	3.215324
54	94	1.512526	0.471792	2.033168	4.017485
54	95	1.512526	0.416082	1.798168	3.726776
54	96	1.512526	0.438885	1.706646	3.658056
54	97	1.512526	0.454304	1.859648	3.826478
54	98	1.512526	0.426787	1.586603	3.525915
54	99	1.512526	0.430740	1.625831	3.569097
55	0	1.521616	0.470527	2.020621	4.012765
55	1	1.521616	0.436721	1.685175	3.643512
55	2	1.521616	0.414887	1.468526	3.405029
55	3	1.521616	0.419979	1.624985	3.566581
55	4	1.521616	0.466711	1.982753	3.971080
55	5	1.521616	0.362251	0.946254	2.830122
55	6	1.521616	0.459392	1.910127	3.891134
55	7	1.521616	0.383232	1.154436	3.059285
55	8	1.521616	0.348221	0.807032	2.676868
55	9	1.521616	0.401146	1.332184	3.254946
55	10	1.521616	0.413388	1.718474	3.653478
55	11	1.521616	0.386776	1.189601	3.097994
55	12	1.521616	0.442589	1.743401	3.707606
55	13	1.521616	0.420362	1.522858	3.464837
55	14	1.521616	0.454603	1.862616	3.838836
55	15	1.521616	0.379148	1.113910	3.014675
55	16	1.521616	0.431725	1.635606	3.588947
55	17	1.521616	0.349637	0.821086	2.692339
55	18	1.521616	0.454713	1.863704	3.840033
55	19	1.521616	0.488878	2.255667	4.266161
55	20	1.521616	0.383232	1.154436	3.059285
55	21	1.521616	0.406969	1.389963	3.318549
55	22	1.521616	0.414402	1.463719	3.399737
55	23	1.521616	0.390927	1.230783	3.143326
55	24	1.521616	0.453821	1.854848	3.830285
55	25	1.521616	0.466736	1.983003	3.971355
55	26	1.521616	0.382978	1.151908	3.056502
55	27	1.521616	0.434925	1.667358	3.623899
55	28	1.521616	0.362251	0.946254	2.830122
55	29	1.521616	0.383232	1.154436	3.059285
55	30	1.521616	0.406822	1.388504	3.316942
55	31	1.521616	0.390387	1.225429	3.137433
55	32	1.521616	0.477002	2.084870	4.083489
55	33	1.521616	0.442589	1.743401	3.707606
55	34	1.521616	0.380851	1.130808	3.033275
55	35	1.521616	0.449752	1.814474	3.785841
55	36	1.521616	0.349637	0.821086	2.692339
55	37	1.521616	0.430513	1.623579	3.575709
55	38	1.521616	0.429742	1.615928	3.567286
55	39	1.521616	0.435624	1.674289	3.631529
55	40	1.521616	0.434693	1.823943	3.780252
55	41	1.521616	0.370553	1.028622	2.920791
55	42	1.521616	0.442163	1.739173	3.702952
55	43	1.521616	0.430212	1.620592	3.572421
55	44	1.521616	0.455433	1.923816	3.900865
55	45	1.521616	0.454603	1.862616	3.838836
55	46	1.521616	0.434480	1.662945	3.619042
55	47	1.521616	0.395597	1.277121	3.194334
55	48	1.521616	0.345409	0.779134	2.646160
55	49	1.521616	0.487123	2.185295	4.194035
55	50	1.521616	0.413388	1.718474	3.653478
55	51	1.521616	0.453821	1.854848	3.830285
55	52	1.521616	0.390387	1.225429	3.137433
55	53	1.521616	0.477002	2.084870	4.083489
55	54	1.521616	0.406969	1.389963	3.318549
55	55	1.521616	0.379148	1.113910	3.014675
55	56	1.521616	0.379148	1.113910	3.014675
55	57	1.521616	0.345409	0.779134	2.646160
55	58	1.521616	0.427725	1.595910	3.545251
55	59	1.521616	0.430513	1.623579	3.575709
55	60	1.521616	0.451163	1.828480	3.801260
55	61	1.521616	0.461948	1.988461	3.972026
55	62	1.521616	0.386776	1.189601	3.097994
55	63	1.521616	0.485188	2.219055	4.225859
55	64	1.521616	0.477002	2.084870	4.083489
55	65	1.521616	0.401159	1.332317	3.255092
55	66	1.521616	0.449904	1.815990	3.787511
55	67	1.521616	0.427725	1.595910	3.545251
55	68	1.521616	0.348221	0.807032	2.676868
55	69	1.521616	0.460996	1.926051	3.908664
55	70	1.521616	0.414402	1.463719	3.399737
55	71	1.521616	0.387869	1.200444	3.109929
55	72	1.521616	0.367167	0.995028	2.883811
55	73	1.521616	0.398061	1.301577	3.221254
55	74	1.521616	0.366816	0.991543	2.879975
55	75	1.521616	0.387786	1.199616	3.109018
55	76	1.521616	0.485188	2.219055	4.225859
55	77	1.521616	0.348221	0.807032	2.676868
55	78	1.521616	0.380851	1.130808	3.033275
55	79	1.521616	0.392165	1.243067	3.156848
55	80	1.521616	0.427539	1.594067	3.543222
55	81	1.521616	0.454603	1.862616	3.838836
55	82	1.521616	0.390927	1.230783	3.143326
55	83	1.521616	0.382978	1.151908	3.056502
55	84	1.521616	0.466711	1.982753	3.971080
55	85	1.521616	0.431725	1.635606	3.588947
55	86	1.521616	0.414402	1.463719	3.399737
55	87	1.521616	0.425043	1.569307	3.515966
55	88	1.521616	0.423064	1.549664	3.494344
55	89	1.521616	0.395597	1.277121	3.194334
55	90	1.521616	0.485188	2.219055	4.225859
55	91	1.521616	0.466736	1.983003	3.971355
55	92	1.521616	0.387869	1.200444	3.109929
55	93	1.521616	0.370553	1.028622	2.920791
55	94	1.521616	0.362251	0.946254	2.830122
55	95	1.521616	0.432666	1.644946	3.599229
55	96	1.521616	0.400741	1.328169	3.250527
55	97	1.521616	0.408878	1.408909	3.339404
55	98	1.521616	0.423064	1.549664	3.494344
55	99	1.521616	0.416814	1.487654	3.426085
56	0	1.520546	0.433382	1.652050	3.605978
56	1	1.520546	0.410173	1.421753	3.352472
56	2	1.520546	0.395906	1.650938	3.567391
56	3	1.520546	0.390536	1.703577	3.614659
56	4	1.520546	0.428332	1.601933	3.550811
56	5	1.520546	0.458469	1.900974	3.879990
56	6	1.520546	0.406276	1.383084	3.309906
56	7	1.520546	0.458756	1.903818	3.883120
56	8	1.520546	0.444451	1.761875	3.726871
56	9	1.520546	0.488277	2.196745	4.205569
56	10	1.520546	0.451443	1.937186	3.909175
56	11	1.520546	0.360009	0.924007	2.804562
56	12	1.520546	0.488277	2.196745	4.205569
56	13	1.520546	0.469076	2.006223	3.995845
56	14	1.520546	0.446664	1.783839	3.751049
56	15	1.520546	0.441832	1.735893	3.698271
56	16	1.520546	0.418259	1.501990	3.440795
56	17	1.520546	0.444451	1.761875	3.726871
56	18	1.520546	0.504986	2.362536	4.388068
56	19	1.520546	0.458469	1.900974	3.879990
56	20	1.520546	0.413650	1.456260	3.390456
56	21	1.520546	0.409802	1.418074	3.348422
56	22	1.520546	0.392109	1.242517	3.155172
56	23	1.520546	0.391701	1.238466	3.150713
56	24	1.520546	0.459683	1.913023	3.893253
56	25	1.520546	0.454720	2.075626	4.050891
56	26	1.520546	0.418840	1.507755	3.447141
56	27	1.520546	0.408242	1.402592	3.331380
56	28	1.520546	0.363557	0.959205	2.843308
56	29	1.520546	0.426909	1.693743	3.641198
56	30	1.520546	0.484938	2.163613	4.169097
56	31	1.520546	0.428332	1.601933	3.550811
56	32	1.520546	0.418259	1.501990	3.440795
56	33	1.520546	0.418840	1.507755	3.447141
56	34	1.520546	0.469437	2.009799	3.999782
56	35	1.520546	0.479069	2.105378	4.104993
56	36	1.520546	0.428332	1.601933	3.550811
56	37	1.520546	0.432563	1.643916	3.597025
56	38	1.520546	0.469076	2.006223	3.995845
56	39	1.520546	0.446664	1.783839	3.751049
56	40	1.520546	0.409570	1.415774	3.345890
56	41	1.520546	0.466706	1.982707	3.969959
56	42	1.520546	0.419759	1.516873	3.457179
56	43	1.520546	0.458469	1.900974	3.879990
56	44	1.520546	0.400113	1.321940	3.242599
56	45	1.520546	0.410204	1.422060	3.352809
56	46	1.520546	0.452861	1.845326	3.818733
56	47	1.520546	0.400113	1.321940	3.242599
56	48	1.520546	0.400395	1.324734	3.245675
56	49	1.520546	0.463940	1.955257	3.939743
56	50	1.520546	0.483649	2.150818	4.155013
56	51	1.520546	0.427081	1.589528	3.537155
56	52	1.520546	0.409802	1.418074	3.348422
56	53	1.520546	0.441710	1.734685	3.696942
56	54	1.520546	0.453538	1.852045	3.826129
56	55	1.520546	0.463357	1.949473	3.933375
56	56	1.520546	0.458469	1.900974	3.879990
56	57	1.520546	0.395015	1.642096	3.557657
56	58	1.520546	0.424470	1.563616	3.508632
56	59	1.520546	0.469076	2.006223	3.995845
56	60	1.520546	0.460712	1.923231	3.904490
56	61	1.520546	0.433382	1.652050	3.605978
56	62	1.520546	0.435408	1.672150	3.628104
56	63	1.520546	0.402265	1.343290	3.266101
56	64	1.520546	0.360009	0.924007	2.804562
56	65	1.520546	0.441421	1.731816	3.693784
56	66	1.520546	0.409802	1.418074	3.348422
56	67	1.520546	0.410005	1.420089	3.350640
56	68	1.520546	0.406276	1.383084	3.309906
56	69	1.520546	0.440486	1.881431	3.842463
56	70	1.520546	0.377726	1.099804	2.998076
56	71	1.520546	0.458756	1.903818	3.883120
56	72	1.520546	0.400395	1.324734	3.245675
56	73	1.520546	0.370654	1.029632	2.920833
56	74	1.520546	0.431302	1.631408	3.583256
56	75	1.520546	0.442216	1.739698	3.702460
56	76	1.520546	0.410204	1.422060	3.352809
56	77	1.520546	0.412237	1.442240	3.375023
56	78	1.520546	0.460712	1.923231	3.904490
56	79	1.520546	0.442462	1.742146	3.705154
56	80	1.520546	0.469076	2.006223	3.995845
56	81	1.520546	0.431302	1.631408	3.583256
56	82	1.520546	0.418459	1.768792	3.707797
56	83	1.520546	0.412237	1.442240	3.375023
56	84	1.520546	0.427426	1.592951	3.540924
56	85	1.520546	0.364916	1.661218	3.546680
56	86	1.520546	0.441832	1.735893	3.698271
56	87	1.520546	0.391701	1.238466	3.150713
56	88	1.520546	0.463241	1.948323	3.932110
56	89	1.520546	0.456532	1.881752	3.858830
56	90	1.520546	0.453668	1.853337	3.827552
56	91	1.520546	0.392109	1.242517	3.155172
56	92	1.520546	0.441710	1.734685	3.696942
56	93	1.520546	0.404947	1.369904	3.295398
56	94	1.520546	0.463502	1.950910	3.934958
56	95	1.520546	0.391701	1.238466	3.150713
56	96	1.520546	0.377726	1.099804	2.998076
56	97	1.520546	0.520030	2.511812	4.552388
56	98	1.520546	0.414029	1.460020	3.394595
56	99	1.520546	0.453538	1.852045	3.826129
57	0	1.519889	0.401178	1.332506	3.253574
57	1	1.519889	0.472408	2.039281	4.031578
57	2	1.519889	0.375921	1.081894	2.977705
57	3	1.519889	0.423400	1.553001	3.496290
57	4	1.519889	0.372742	1.050350	2.942981
57	5	1.519889	0.485256	2.219732	4.224877
57	6	1.519889	0.393054	1.251895	3.164839
57	7	1.519889	0.396088	1.281996	3.197973
57	8	1.519889	0.470542	2.020764	4.011195
57	9	1.519889	0.397985	1.300821	3.218695
57	10	1.519889	0.445161	1.768923	3.733973
57	11	1.519889	0.408737	1.407508	3.336135
57	12	1.519889	0.452811	1.844827	3.817527
57	13	1.519889	0.386431	1.186172	3.092492
57	14	1.519889	0.400028	1.321096	3.241014
57	15	1.519889	0.474091	2.055979	4.049959
57	16	1.519889	0.479293	2.107600	4.106782
57	17	1.519889	0.393054	1.251895	3.164839
57	18	1.519889	0.457692	1.893267	3.870849
57	19	1.519889	0.439086	1.708643	3.667618
57	20	1.519889	0.384657	1.168570	3.073117
57	21	1.519889	0.439768	1.715415	3.675073
57	22	1.519889	0.466729	1.982933	3.969551
57	23	1.519889	0.430110	1.619583	3.569583
57	24	1.519889	0.446329	1.780512	3.746731
57	25	1.519889	0.396909	1.290145	3.206944
57	26	1.519889	0.420025	1.519507	3.459421
57	27	1.519889	0.414506	1.464751	3.399147
57	28	1.519889	0.427713	1.595792	3.543395
57	29	1.519889	0.449113	1.967027	3.936030
57	30	1.519889	0.471918	2.034425	4.026233
57	31	1.519889	0.491759	2.231294	4.242942
57	32	1.519889	0.367254	0.995892	2.883035
57	33	1.519889	0.431495	1.633327	3.584712
57	34	1.519889	0.416418	1.483725	3.420033
57	35	1.519889	0.499720	2.310290	4.329900
57	36	1.519889	0.437616	1.852950	3.810456
57	37	1.519889	0.479293	2.107600	4.106782
57	38	1.519889	0.408948	1.409605	3.338443
57	39	1.519889	0.396909	1.290145	3.206944
57	40	1.519889	0.464116	1.957001	3.941006
57	41	1.519889	0.408948	1.409605	3.338443
57	42	1.519889	0.391755	1.239004	3.150649
57	43	1.519889	0.445071	1.768032	3.732992
57	44	1.519889	0.440235	1.720049	3.680174
57	45	1.519889	0.401178	1.332506	3.253574
57	46	1.519889	0.375921	1.081894	2.977705
57	47	1.519889	0.461195	1.928023	3.909108
57	48	1.519889	0.392559	1.246977	3.159425
57	49	1.519889	0.439086	1.708643	3.667618
57	50	1.519889	0.407375	1.817705	3.744969
57	51	1.519889	0.367254	0.995892	2.883035
57	52	1.519889	0.402001	1.340665	3.262555
57	53	1.519889	0.464116	1.957001	3.941006
57	54	1.519889	0.405833	1.378693	3.304415
57	55	1.519889	0.439768	1.715415	3.675073
57	56	1.519889	0.432320	1.641508	3.593717
57	57	1.519889	0.397985	1.300821	3.218695
57	58	1.519889	0.478105	2.095813	4.093807
57	59	1.519889	0.423400	1.553001	3.496290
57	60	1.519889	0.482508	2.192464	4.194862
57	61	1.519889	0.401178	1.332506	3.253574
57	62	1.519889	0.466729	1.982933	3.969551
57	63	1.519889	0.369404	1.017225	2.906518
57	64	1.519889	0.449037	1.807384	3.776310
57	65	1.519889	0.432320	1.641508	3.593717
57	66	1.519889	0.396088	1.281996	3.197973
57	67	1.519889	0.457047	1.886862	3.863798
57	68	1.519889	0.400028	1.321096	3.241014
57	69	1.519889	0.452811	1.844827	3.817527
57	70	1.519889	0.402955	1.350138	3.272983
57	71	1.519889	0.391755	1.239004	3.150649
57	72	1.519889	0.410631	1.426299	3.356819
57	73	1.519889	0.401178	1.332506	3.253574
57	74	1.519889	0.414506	1.464751	3.399147
57	75	1.519889	0.393054	1.251895	3.164839
57	76	1.519889	0.479293	2.107600	4.106782
57	77	1.519889	0.392559	1.246977	3.159425
57	78	1.519889	0.464116	1.957001	3.941006
57	79	1.519889	0.423400	1.553001	3.496290
57	80	1.519889	0.396909	1.290145	3.206944
57	81	1.519889	0.410631	1.426299	3.356819
57	82	1.519889	0.468675	2.055201	4.043765
57	83	1.519889	0.437624	1.694139	3.651652
57	84	1.519889	0.412240	1.548188	3.480317
57	85	1.519889	0.445161	1.768923	3.733973
57	86	1.519889	0.401178	1.332506	3.253574
57	87	1.519889	0.439768	1.715415	3.675073
57	88	1.519889	0.430110	1.619583	3.569583
57	89	1.519889	0.384657	1.168570	3.073117
57	90	1.519889	0.448964	1.806659	3.775512
57	91	1.519889	0.354087	0.865239	2.739216
57	92	1.519889	0.452573	1.842474	3.814936
57	93	1.519889	0.407375	1.817705	3.744969
57	94	1.519889	0.452573	1.842474	3.814936
57	95	1.519889	0.420204	1.521289	3.461383
57	96	1.519889	0.439086	1.708643	3.667618
57	97	1.519889	0.360624	1.618633	3.499147
57	98	1.519889	0.384657	1.168570	3.073117
57	99	1.519889	0.421818	1.537305	3.479013
58	0	1.485610	0.425752	1.576341	3.487703
58	1	1.485610	0.428510	1.603708	3.517829
58	2	1.485610	0.431120	1.629604	3.546335
58	3	1.485610	0.399268	1.313546	3.198424
58	4	1.485610	0.431824	1.636587	3.554022
58	5	1.485610	0.474201	2.057071	4.016882
58	6	1.485610	0.440205	1.719749	3.645564
58	7	1.485610	0.416486	1.484398	3.386494
58	8	1.485610	0.346671	1.321294	3.153575
58	9	1.485610	0.425752	1.576341	3.487703
58	10	1.485610	0.367321	0.996557	2.849488
58	11	1.485610	0.394319	1.264443	3.144372
58	12	1.485610	0.402947	1.350051	3.238608
58	13	1.485610	0.384599	1.167997	3.038207
58	14	1.485610	0.409137	1.411474	3.306221
58	15	1.485610	0.425919	1.577997	3.489526
58	16	1.485610	0.443581	1.859175	3.788366
58	17	1.485610	0.439489	1.712640	3.637739
58	18	1.485610	0.445233	1.769634	3.700477
58	19	1.485610	0.431824	1.636587	3.554022
58	20	1.485610	0.385049	1.649139	3.519799
58	21	1.485610	0.415703	1.476625	3.377938
58	22	1.485610	0.419234	1.511660	3.416504
58	23	1.485610	0.474474	2.059777	4.019861
58	24	1.485610	0.425752	1.576341	3.487703
58	25	1.485610	0.369122	1.014422	2.869154
58	26	1.485610	0.416486	1.484398	3.386494
58	27	1.485610	0.398906	1.309954	3.194470
58	28	1.485610	0.476633	2.081207	4.043451
58	29	1.485610	0.402947	1.350051	3.238608
58	30	1.485610	0.350416	0.828818	2.664845
58	31	1.485610	0.434677	1.664893	3.585180
58	32	1.485610	0.415703	1.476625	3.377938
58	33	1.485610	0.354977	0.874069	2.714655
58	34	1.485610	0.431120	1.629604	3.546335
58	35	1.485610	0.444853	1.765866	3.696329
58	36	1.485610	0.457568	2.050928	3.994107
58	37	1.485610	0.401152	1.332241	3.219003
58	38	1.485610	0.390004	1.221633	3.097248
58	39	1.485610	0.384599	1.167997	3.038207
58	40	1.485610	0.405386	1.374253	3.265249
58	41	1.485610	0.431120	1.629604	3.546335
58	42	1.485610	0.355806	0.882295	2.723711
58	43	1.485610	0.389962	1.221209	3.096781
58	44	1.485610	0.401152	1.332241	3.219003
58	45	1.485610	0.423477	1.818582	3.727669
58	46	1.485610	0.491052	2.224281	4.200943
58	47	1.485610	0.453950	1.856137	3.795698
58	48	1.485610	0.426323	1.582002	3.493935
58	49	1.485610	0.424793	1.566818	3.477221
58	50	1.485610	0.462473	2.046629	3.994712
58	51	1.485610	0.431120	1.629604	3.546335
58	52	1.485610	0.354977	0.874069	2.714655
58	53	1.485610	0.458280	1.899101	3.842991
58	54	1.485610	0.369122	1.014422	2.869154
58	55	1.485610	0.397012	1.291162	3.173784
58	56	1.485610	0.424793	1.566818	3.477221
58	57	1.485610	0.350416	0.828818	2.664845
58	58	1.485610	0.402074	1.765103	3.652787
58	59	1.485610	0.384599	1.167997	3.038207
58	60	1.485610	0.367416	0.997501	2.850527
58	61	1.485610	0.427867	1.597323	3.510800
58	62	1.485610	0.431824	1.636587	3.554022
58	63	1.485610	0.409132	1.411422	3.306164
58	64	1.485610	0.426323	1.582002	3.493935
58	65	1.485610	0.425122	1.570090	3.480822
58	66	1.485610	0.495328	2.266705	4.247643
58	67	1.485610	0.350416	0.828818	2.664845
58	68	1.485610	0.407247	1.392726	3.285584
58	69	1.485610	0.434677	1.664893	3.585180
58	70	1.485610	0.484914	2.163371	4.133895
58	71	1.485610	0.400225	1.323043	3.208878
58	72	1.485610	0.402947	1.350051	3.238608
58	73	1.485610	0.424793	1.566818	3.477221
58	74	1.485610	0.412314	1.442996	3.340920
58	75	1.485610	0.478136	2.096114	4.059860
58	76	1.485610	0.436920	1.687155	3.609685
58	77	1.485610	0.468240	1.997927	3.951777
58	78	1.485610	0.428510	1.603708	3.517829
58	79	1.485610	0.419773	1.517016	3.422400
58	80	1.485610	0.389962	1.221209	3.096781
58	81	1.485610	0.415204	1.471672	3.372486
58	82	1.485610	0.412117	1.441047	3.338774
58	83	1.485610	0.443956	1.756968	3.686534
58	84	1.485610	0.416759	1.487104	3.389473
58	85	1.485610	0.419234	1.511660	3.416504
58	86	1.485610	0.468240	1.997927	3.951777
58	87	1.485610	0.444853	1.765866	3.696329
58	88	1.485610	0.423477	1.818582	3.727669
58	89	1.485610	0.400225	1.323043	3.208878
58	90	1.485610	0.400225	1.323043	3.208878
58	91	1.485610	0.458280	1.899101	3.842991
58	92	1.485610	0.495328	2.266705	4.247643
58	93	1.485610	0.415204	1.471672	3.372486
58	94	1.485610	0.443674	1.754170	3.683454
58	95	1.485610	0.377012	1.675312	3.537934
58	96	1.485610	0.468240	1.997927	3.951777
58	97	1.485610	0.369122	1.014422	2.869154
58	98	1.485610	0.377012	1.675312	3.537934
58	99	1.485610	0.394319	1.264443	3.144372
59	0	1.488678	0.433523	1.653441	3.575642
59	1	1.488678	0.439100	1.708782	3.636560
59	2	1.488678	0.414673	1.784187	3.687538
59	3	1.488678	0.424498	1.563892	3.477067
59	4	1.488678	0.396022	1.281338	3.166038
59	5	1.488678	0.408854	1.408665	3.306196
59	6	1.488678	0.403623	1.356763	3.249064
59	7	1.488678	0.447596	1.793085	3.729359
59	8	1.488678	0.429472	1.719178	3.637328
59	9	1.488678	0.370107	1.024201	2.882987
59	10	1.488678	0.395362	1.274797	3.158837
59	11	1.488678	0.486238	2.176511	4.151427
59	12	1.488678	0.455384	1.870359	3.814421
59	13	1.488678	0.439100	1.708782	3.636560
59	14	1.488678	0.426619	1.584944	3.500242
59	15	1.488678	0.406561	1.385918	3.281157
59	16	1.488678	0.395362	1.274797	3.158837
59	17	1.488678	0.455384	1.870359	3.814421
59	18	1.488678	0.406561	1.385918	3.281157
59	19	1.488678	0.425960	1.578404	3.493042
59	20	1.488678	0.437327	1.691193	3.617198
59	21	1.488678	0.421910	1.538214	3.448801
59	22	1.488678	0.414284	1.462548	3.365510
59	23	1.488678	0.391648	1.237942	3.118268
59	24	1.488678	0.435061	1.668708	3.592447
59	25	1.488678	0.445784	1.775109	3.709571
59	26	1.488678	0.402961	1.720939	3.612577
59	27	1.488678	0.404560	1.366062	3.259300
59	28	1.488678	0.395362	1.274797	3.158837
59	29	1.488678	0.404535	1.365814	3.259027
59	30	1.488678	0.462324	1.939219	3.890221
59	31	1.488678	0.462324	1.939219	3.890221
59	32	1.488678	0.380606	1.128372	2.997656
59	33	1.488678	0.445918	1.776432	3.711028
59	34	1.488678	0.475008	2.065076	4.028761
59	35	1.488678	0.469829	2.013689	3.972196
59	36	1.488678	0.428452	1.603134	3.520264
59	37	1.488678	0.419347	1.512789	3.420815
59	38	1.488678	0.441702	1.734607	3.664987
59	39	1.488678	0.391648	1.237942	3.118268
59	40	1.488678	0.399338	1.314245	3.202261
59	41	1.488678	0.456632	1.935706	3.881016
59	42	1.488678	0.421910	1.538214	3.448801
59	43	1.488678	0.385651	1.178440	3.052770
59	44	1.488678	0.396022	1.281338	3.166038
59	45	1.488678	0.367107	0.994432	2.850217
59	46	1.488678	0.404535	1.365814	3.259027
59	47	1.488678	0.463219	1.948105	3.900002
59	48	1.488678	0.395369	1.645611	3.529658
59	49	1.488678	0.478792	2.102632	4.070103
59	50	1.488678	0.447596	1.793085	3.729359
59	51	1.488678	0.433590	1.654114	3.576383
59	52	1.488678	0.482840	2.301686	4.273204
59	53	1.488678	0.424498	1.563892	3.477067
59	54	1.488678	0.379890	1.121272	2.989840
59	55	1.488678	0.476023	2.075156	4.039857
59	56	1.488678	0.345462	1.468186	3.302326
59	57	1.488678	0.367932	1.002620	2.859230
59	58	1.488678	0.476023	2.075156	4.039857
59	59	1.488678	0.440690	1.724562	3.653930
59	60	1.488678	0.395362	1.274797	3.158837
59	61	1.488678	0.463219	1.948105	3.900002
59	62	1.488678	0.471551	2.189668	4.149897
59	63	1.488678	0.439100	1.708782	3.636560
59	64	1.488678	0.404560	1.366062	3.259300
59	65	1.488678	0.440690	1.724562	3.653930
59	66	1.488678	0.449896	1.815909	3.754483
59	67	1.488678	0.441702	1.734607	3.664987
59	68	1.488678	0.413545	1.455214	3.357437
59	69	1.488678	0.476023	2.075156	4.039857
59	70	1.488678	0.434972	1.667823	3.591473
59	71	1.488678	0.385651	1.178440	3.052770
59	72	1.488678	0.476023	2.075156	4.039857
59	73	1.488678	0.445784	1.775109	3.709571
59	74	1.488678	0.385651	1.178440	3.052770
59	75	1.488678	0.404684	1.367288	3.260650
59	76	1.488678	0.458068	1.896991	3.843737
59	77	1.488678	0.478792	2.102632	4.070103
59	78	1.488678	0.479509	2.109745	4.077932
59	79	1.488678	0.385651	1.178440	3.052770
59	80	1.488678	0.411226	1.432206	3.332110
59	81	1.488678	0.404560	1.366062	3.259300
59	82	1.488678	0.409751	1.735349	3.633778
59	83	1.488678	0.391648	1.237942	3.118268
59	84	1.488678	0.421910	1.538214	3.448801
59	85	1.488678	0.408433	1.404489	3.301599
59	86	1.488678	0.434874	1.666853	3.590405
59	87	1.488678	0.408433	1.404489	3.301599
59	88	1.488678	0.433590	1.654114	3.576383
59	89	1.488678	0.378883	1.640914	3.508474
59	90	1.488678	0.367932	1.002620	2.859230
59	91	1.488678	0.379890	1.121272	2.989840
59	92	1.488678	0.414284	1.462548	3.365510
59	93	1.488678	0.370107	1.024201	2.882987
59	94	1.488678	0.395362	1.274797	3.158837
59	95	1.488678	0.404560	1.366062	3.259300
59	96	1.488678	0.447596	1.793085	3.729359
59	97	1.488678	0.379890	1.121272	2.989840
59	98	1.488678	0.426619	1.584944	3.500242
59	99	1.488678	0.421910	1.538214	3.448801
60	0	1.462198	0.412174	1.441613	3.315986
60	1	1.462198	0.435307	1.671145	3.568651
60	2	1.462198	0.410108	1.421112	3.293419
60	3	1.462198	0.429646	2.038686	3.930530
60	4	1.462198	0.447132	1.788480	3.697811
60	5	1.462198	0.433174	1.649983	3.545355
60	6	1.462198	0.437858	1.696455	3.596511
60	7	1.462198	0.421055	1.529733	3.412987
60	8	1.462198	0.402917	1.349754	3.214869
60	9	1.462198	0.434810	1.666220	3.563229
60	10	1.462198	0.447132	1.788480	3.697811
60	11	1.462198	0.441652	1.734103	3.637953
60	12	1.462198	0.410055	1.420582	3.292835
60	13	1.462198	0.489357	2.207459	4.159014
60	14	1.462198	0.405897	1.379331	3.247427
60	15	1.462198	0.434810	1.666220	3.563229
60	16	1.462198	0.402917	1.349754	3.214869
60	17	1.462198	0.463306	1.948963	3.874467
60	18	1.462198	0.443582	1.753260	3.659041
60	19	1.462198	0.402917	1.349754	3.214869
60	20	1.462198	0.373181	1.054702	2.890082
60	21	1.462198	0.401086	1.331589	3.194873
60	22	1.462198	0.459915	1.915319	3.837432
60	23	1.462198	0.435336	1.671436	3.568970
60	24	1.462198	0.441652	1.734103	3.637953
60	25	1.462198	0.463538	1.951266	3.877002
60	26	1.462198	0.433166	1.649903	3.545268
60	27	1.462198	0.500505	2.318070	4.280773
60	28	1.462198	0.471905	2.034290	3.968393
60	29	1.462198	0.441652	1.734103	3.637953
60	30	1.462198	0.472455	2.039750	3.974404
60	31	1.462198	0.402917	1.349754	3.214869
60	32	1.462198	0.451720	1.834008	3.747927
60	33	1.462198	0.418365	1.503038	3.383601
60	34	1.462198	0.458704	1.903303	3.824205
60	35	1.462198	0.437858	1.696455	3.596511
60	36	1.462198	0.473437	2.049488	3.985122
60	37	1.462198	0.435336	1.671436	3.568970
60	38	1.462198	0.457387	1.890238	3.809824
60	39	1.462198	0.480403	2.118615	4.061217
60	40	1.462198	0.445303	1.876259	3.783761
60	41	1.462198	0.433666	1.654860	3.550724
60	42	1.462198	0.465903	1.974736	3.902838
60	43	1.462198	0.410955	1.429512	3.302665
60	44	1.462198	0.497660	2.289843	4.249702
60	45	1.462198	0.373181	1.054702	2.890082
60	46	1.462198	0.465903	1.974736	3.902838
60	47	1.462198	0.462405	1.940027	3.864631
60	48	1.462198	0.419237	1.511689	3.393124
60	49	1.462198	0.416820	1.911424	3.790443
60	50	1.462198	0.441568	1.839199	3.742965
60	51	1.462198	0.457921	1.895537	3.815657
60	52	1.462198	0.515992	2.471744	4.449934
60	53	1.462198	0.443732	1.754747	3.660678
60	54	1.462198	0.443003	1.800475	3.705677
60	55	1.462198	0.463538	1.951266	3.877002
60	56	1.462198	0.380714	1.712051	3.554963
60	57	1.462198	0.410055	1.420582	3.292835
60	58	1.462198	0.410108	1.421112	3.293419
60	59	1.462198	0.373181	1.054702	2.890082
60	60	1.462198	0.421055	1.529733	3.412987
60	61	1.462198	0.465903	1.974736	3.902838
60	62	1.462198	0.405897	1.379331	3.247427
60	63	1.462198	0.464070	1.956552	3.882821
60	64	1.462198	0.433666	1.654860	3.550724
60	65	1.462198	0.443582	1.753260	3.659041
60	66	1.462198	0.465903	1.974736	3.902838
60	67	1.462198	0.398830	1.732911	3.593940
60	68	1.462198	0.437858	1.696455	3.596511
60	69	1.462198	0.421507	1.957926	3.841632
60	70	1.462198	0.443582	1.753260	3.659041
60	71	1.462198	0.452289	1.839653	3.754141
60	72	1.462198	0.437571	1.693610	3.593380
60	73	1.462198	0.451720	1.834008	3.747927
60	74	1.462198	0.414523	1.835665	3.712386
60	75	1.462198	0.460178	1.917932	3.840309
60	76	1.462198	0.419237	1.511689	3.393124
60	77	1.462198	0.458704	1.903303	3.824205
60	78	1.462198	0.462405	1.940027	3.864631
60	79	1.462198	0.457921	1.895537	3.815657
60	80	1.462198	0.447132	1.788480	3.697811
60	81	1.462198	0.380714	1.712051	3.554963
60	82	1.462198	0.381061	1.132887	2.976146
60	83	1.462198	0.454994	1.866495	3.783687
60	84	1.462198	0.401086	1.331589	3.194873
60	85	1.462198	0.443582	1.753260	3.659041
60	86	1.462198	0.380128	1.123638	2.965964
60	87	1.462198	0.373181	1.054702	2.890082
60	88	1.462198	0.480403	2.118615	4.061217
60	89	1.462198	0.472455	2.039750	3.974404
60	90	1.462198	0.457387	1.890238	3.809824
60	91	1.462198	0.505431	2.366952	4.334581
60	92	1.462198	0.515992	2.471744	4.449934
60	93	1.462198	0.373181	1.054702	2.890082
60	94	1.462198	0.473437	2.049488	3.985122
60	95	1.462198	0.410055	1.420582	3.292835
60	96	1.462198	0.447132	1.788480	3.697811
60	97	1.462198	0.419237	1.511689	3.393124
60	98	1.462198	0.439591	1.713660	3.615450
60	99	1.462198	0.443582	1.753260	3.659041
61	0	1.566934	0.460927	1.925366	3.953227
61	1	1.566934	0.457632	1.945634	3.970200
61	2	1.566934	0.381349	1.135746	3.084029
61	3	1.566934	0.441592	1.733511	3.742037
61	4	1.566934	0.440864	1.726288	3.734086
61	5	1.566934	0.395696	1.278103	3.240732
61	6	1.566934	0.409421	1.414296	3.390651
61	7	1.566934	0.370350	1.026607	2.963890
61	8	1.566934	0.420920	1.528388	3.516241
61	9	1.566934	0.389669	1.218302	3.174905
61	10	1.566934	0.420920	1.528388	3.516241
61	11	1.566934	0.445714	1.774411	3.787059
61	12	1.566934	0.428905	1.607620	3.603458
61	13	1.566934	0.411084	1.430797	3.408815
61	14	1.566934	0.401055	1.331285	3.299273
61	15	1.566934	0.391191	1.233407	3.191532
61	16	1.566934	0.427057	1.589288	3.583278
61	17	1.566934	0.423889	1.822667	3.813490
61	18	1.566934	0.443614	1.753571	3.764119
61	19	1.566934	0.434763	1.665748	3.667445
61	20	1.566934	0.457632	1.945634	3.970200
61	21	1.566934	0.405058	1.370999	3.342990
61	22	1.566934	0.460925	1.925347	3.953206
61	23	1.566934	0.420550	1.524719	3.512202
61	24	1.566934	0.395696	1.278103	3.240732
61	25	1.566934	0.398184	1.302797	3.267915
61	26	1.566934	0.450876	1.825631	3.843441
61	27	1.566934	0.411844	1.756118	3.734896
61	28	1.566934	0.394463	1.265870	3.227266
61	29	1.566934	0.428446	1.603065	3.598444
61	30	1.566934	0.390508	1.226629	3.184071
61	31	1.566934	0.370350	1.026607	2.963890
61	32	1.566934	0.394463	1.265870	3.227266
61	33	1.566934	0.458823	2.116336	4.142093
61	34	1.566934	0.413325	1.453027	3.433285
61	35	1.566934	0.447382	1.790958	3.805273
61	36	1.566934	0.351187	0.836463	2.754583
61	37	1.566934	0.381349	1.135746	3.084029
61	38	1.566934	0.428446	1.603065	3.598444
61	39	1.566934	0.427057	1.589288	3.583278
61	40	1.566934	0.398184	1.302797	3.267915
61	41	1.566934	0.398595	1.306875	3.272404
61	42	1.566934	0.428905	1.607620	3.603458
61	43	1.566934	0.428550	1.604102	3.599586
61	44	1.566934	0.402013	1.340789	3.309736
61	45	1.566934	0.450481	1.821710	3.839124
61	46	1.566934	0.402013	1.340789	3.309736
61	47	1.566934	0.477677	2.091564	4.136175
61	48	1.566934	0.411084	1.430797	3.408815
61	49	1.566934	0.411084	1.430797	3.408815
61	50	1.566934	0.450880	1.984566	4.002381
61	51	1.566934	0.428905	1.607620	3.603458
61	52	1.566934	0.366032	0.983762	2.916728
61	53	1.566934	0.360181	0.925713	2.852828
61	54	1.566934	0.428905	1.607620	3.603458
61	55	1.566934	0.419464	1.513943	3.500340
61	56	1.566934	0.473262	2.047756	4.087951
61	57	1.566934	0.396805	1.289111	3.252849
61	58	1.566934	0.412744	1.447261	3.426938
61	59	1.566934	0.477677	2.091564	4.136175
61	60	1.566934	0.449745	1.814410	3.831089
61	61	1.566934	0.465258	1.968339	4.000531
61	62	1.566934	0.441592	1.733511	3.742037
61	63	1.566934	0.389669	1.218302	3.174905
61	64	1.566934	0.427057	1.589288	3.583278
61	65	1.566934	0.390831	1.229837	3.187602
61	66	1.566934	0.450298	1.819894	3.837126
61	67	1.566934	0.443614	1.753571	3.764119
61	68	1.566934	0.370779	1.030866	2.968579
61	69	1.566934	0.443242	1.749883	3.760059
61	70	1.566934	0.443614	1.753571	3.764119
61	71	1.566934	0.370350	1.026607	2.963890
61	72	1.566934	0.360181	0.925713	2.852828
61	73	1.566934	0.394463	1.265870	3.227266
61	74	1.566934	0.441911	1.736671	3.745516
61	75	1.566934	0.406700	1.811004	3.784638
61	76	1.566934	0.360181	0.925713	2.852828
61	77	1.566934	0.395906	1.280194	3.243034
61	78	1.566934	0.441592	1.733511	3.742037
61	79	1.566934	0.462099	2.042923	4.071957
61	80	1.566934	0.438620	1.704019	3.709573
61	81	1.566934	0.404165	1.362143	3.333242
61	82	1.566934	0.428550	1.604102	3.599586
61	83	1.566934	0.395696	1.278103	3.240732
61	84	1.566934	0.462099	2.042923	4.071957
61	85	1.566934	0.460566	1.921779	3.949279
61	86	1.566934	0.347332	0.798220	2.712486
61	87	1.566934	0.364742	0.970963	2.902639
61	88	1.566934	0.433421	1.652431	3.652786
61	89	1.566934	0.413325	1.453027	3.433285
61	90	1.566934	0.428596	1.604560	3.600090
61	91	1.566934	0.428550	1.604102	3.599586
61	92	1.566934	0.391191	1.233407	3.191532
61	93	1.566934	0.420145	1.520702	3.507781
61	94	1.566934	0.411844	1.756118	3.734896
61	95	1.566934	0.486523	2.179341	4.232799
61	96	1.566934	0.395906	1.280194	3.243034
61	97	1.566934	0.398184	1.302797	3.267915
61	98	1.566934	0.404165	1.362143	3.333242
61	99	1.566934	0.351187	0.836463	2.754583
62	0	1.552070	0.409441	1.414492	3.376002
62	1	1.552070	0.450407	1.820974	3.823450
62	2	1.552070	0.390243	1.223999	3.166312
62	3	1.552070	0.413428	1.454058	3.419556
62	4	1.552070	0.414924	1.468902	3.435896
62	5	1.552070	0.457956	1.895882	3.905908
62	6	1.552070	0.415942	1.479003	3.447015
62	7	1.552070	0.465908	1.974790	3.992768
62	8	1.552070	0.463926	1.955121	3.971116
62	9	1.552070	0.425066	1.569533	3.546669
62	10	1.552070	0.412864	1.448454	3.413388
62	11	1.552070	0.368639	1.009636	2.930345
62	12	1.552070	0.463926	1.955121	3.971116
62	13	1.552070	0.458993	1.906170	3.917233
62	14	1.552070	0.405007	1.370498	3.327575
62	15	1.552070	0.429227	1.981560	3.962857
62	16	1.552070	0.399924	1.743774	3.695768
62	17	1.552070	0.462857	1.944508	3.959434
62	18	1.552070	0.456475	1.881184	3.889729
62	19	1.552070	0.439860	1.716321	3.708251
62	20	1.552070	0.439860	1.716321	3.708251
62	21	1.552070	0.458993	1.906170	3.917233
62	22	1.552070	0.439239	1.710164	3.701472
62	23	1.552070	0.415942	1.479003	3.447015
62	24	1.552070	0.415520	1.474808	3.442397
62	25	1.552070	0.390243	1.223999	3.166312
62	26	1.552070	0.461078	2.138715	4.151862
62	27	1.552070	0.456450	1.880939	3.889458
62	28	1.552070	0.448760	1.804635	3.805465
62	29	1.552070	0.451327	1.830105	3.833501
62	30	1.552070	0.358449	0.908528	2.819047
62	31	1.552070	0.368261	1.005883	2.926214
62	32	1.552070	0.503942	2.352183	4.408195
62	33	1.552070	0.503803	2.350798	4.406671
62	34	1.552070	0.465030	1.966071	3.983170
62	35	1.552070	0.459631	1.912503	3.924204
62	36	1.552070	0.445417	1.771459	3.768945
62	37	1.552070	0.415520	1.474808	3.442397
62	38	1.552070	0.372890	1.051811	2.976770
62	39	1.552070	0.422119	1.540288	3.514476
62	40	1.552070	0.416425	1.483790	3.452284
62	41	1.552070	0.445417	1.771459	3.768945
62	42	1.552070	0.473370	2.048828	4.074268
62	43	1.552070	0.454757	1.864143	3.870970
62	44	1.552070	0.386941	1.191240	3.130251
62	45	1.552070	0.441317	1.730780	3.724167
62	46	1.552070	0.462857	1.944508	3.959434
62	47	1.552070	0.413428	1.454058	3.419556
62	48	1.552070	0.447295	1.790096	3.789460
62	49	1.552070	0.394707	1.268296	3.215072
62	50	1.552070	0.415520	1.474808	3.442397
62	51	1.552070	0.477069	2.085536	4.114675
62	52	1.552070	0.472232	2.037535	4.061836
62	53	1.552070	0.372890	1.051811	2.976770
62	54	1.552070	0.503942	2.352183	4.408195
62	55	1.552070	0.454757	1.864143	3.870970
62	56	1.552070	0.375149	1.074233	3.001452
62	57	1.552070	0.414546	1.465144	3.431760
62	58	1.552070	0.419312	1.512434	3.483815
62	59	1.552070	0.442304	1.740574	3.734948
62	60	1.552070	0.386941	1.191240	3.130251
62	61	1.552070	0.425066	1.569533	3.546669
62	62	1.552070	0.372890	1.051811	2.976770
62	63	1.552070	0.465908	1.974790	3.992768
62	64	1.552070	0.314683	1.321674	3.188427
62	65	1.552070	0.393191	1.253252	3.198512
62	66	1.552070	0.445417	1.771459	3.768945
62	67	1.552070	0.451294	1.829779	3.833142
62	68	1.552070	0.444973	1.767062	3.764105
62	69	1.552070	0.414546	1.465144	3.431760
62	70	1.552070	0.432799	1.964040	3.948909
62	71	1.552070	0.439239	1.710164	3.701472
62	72	1.552070	0.425381	1.572653	3.550103
62	73	1.552070	0.444973	1.767062	3.764105
62	74	1.552070	0.503942	2.352183	4.408195
62	75	1.552070	0.469885	2.173138	4.195093
62	76	1.552070	0.398010	1.301070	3.251150
62	77	1.552070	0.442304	1.740574	3.734948
62	78	1.552070	0.416858	1.752905	3.721832
62	79	1.552070	0.394707	1.268296	3.215072
62	80	1.552070	0.407613	1.396354	3.356037
62	81	1.552070	0.398010	1.301070	3.251150
62	82	1.552070	0.456475	1.881184	3.889729
62	83	1.552070	0.462857	1.944508	3.959434
62	84	1.552070	0.390243	1.223999	3.166312
62	85	1.552070	0.446340	1.780620	3.779029
62	86	1.552070	0.414546	1.465144	3.431760
62	87	1.552070	0.446340	1.780620	3.779029
62	88	1.552070	0.439860	1.716321	3.708251
62	89	1.552070	0.405007	1.370498	3.327575
62	90	1.552070	0.394707	1.268296	3.215072
62	91	1.552070	0.415454	1.474154	3.441678
62	92	1.552070	0.394707	1.268296	3.215072
62	93	1.552070	0.405007	1.370498	3.327575
62	94	1.552070	0.465030	1.966071	3.983170
62	95	1.552070	0.442304	1.740574	3.734948
62	96	1.552070	0.471502	2.189184	4.212756
62	97	1.552070	0.441192	1.729546	3.722808
62	98	1.552070	0.422212	1.541209	3.515490
62	99	1.552070	0.393191	1.253252	3.198512
63	0	1.552373	0.420280	1.892785	3.865438
63	1	1.552373	0.451849	1.835288	3.839510
63	2	1.552373	0.405152	1.371936	3.329461
63	3	1.552373	0.462383	1.939811	3.954567
63	4	1.552373	0.425098	1.569849	3.547320
63	5	1.552373	0.395926	1.280390	3.228688
63	6	1.552373	0.421168	1.530854	3.504395
63	7	1.552373	0.408752	1.407652	3.368776
63	8	1.552373	0.414402	1.463719	3.430494
63	9	1.552373	0.355687	0.881118	2.789177
63	10	1.552373	0.402278	1.343422	3.298073
63	11	1.552373	0.369013	1.013348	2.934734
63	12	1.552373	0.471917	2.034407	4.058697
63	13	1.552373	0.378311	1.105603	3.036287
63	14	1.552373	0.355687	0.881118	2.789177
63	15	1.552373	0.392396	1.245363	3.190132
63	16	1.552373	0.471917	2.034407	4.058697
63	17	1.552373	0.449154	1.808546	3.810073
63	18	1.552373	0.386817	1.190001	3.129190
63	19	1.552373	0.434943	1.667537	3.654853
63	20	1.552373	0.443379	1.751245	3.746997
63	21	1.552373	0.398900	1.309899	3.261172
63	22	1.552373	0.376178	1.084437	3.012987
63	23	1.552373	0.474605	2.114050	4.141029
63	24	1.552373	0.378311	1.105603	3.036287
63	25	1.552373	0.459064	1.906879	3.918316
63	26	1.552373	0.365256	0.976065	2.893694
63	27	1.552373	0.407817	1.398381	3.358571
63	28	1.552373	0.419227	1.511598	3.483198
63	29	1.552373	0.420280	1.892785	3.865438
63	30	1.552373	0.434943	1.667537	3.654853
63	31	1.552373	0.400710	1.327861	3.280944
63	32	1.552373	0.434253	1.660690	3.647315
63	33	1.552373	0.421077	1.529947	3.503397
63	34	1.552373	0.403736	1.357879	3.313988
63	35	1.552373	0.398900	1.309899	3.261172
63	36	1.552373	0.440485	1.722527	3.715385
63	37	1.552373	0.470112	2.016500	4.038985
63	38	1.552373	0.435566	1.673718	3.661657
63	39	1.552373	0.469771	2.119045	4.141189
63	40	1.552373	0.388357	1.681963	3.622693
63	41	1.552373	0.443885	1.756261	3.752519
63	42	1.552373	0.405152	1.371936	3.329461
63	43	1.552373	0.419227	1.511598	3.483198
63	44	1.552373	0.407817	1.398381	3.358571
63	45	1.552373	0.420742	1.526626	3.499741
63	46	1.552373	0.454377	1.860371	3.867120
63	47	1.552373	0.414795	1.467620	3.434788
63	48	1.552373	0.469771	2.119045	4.141189
63	49	1.552373	0.456249	1.878942	3.887564
63	50	1.552373	0.395926	1.280390	3.228688
63	51	1.552373	0.419227	1.511598	3.483198
63	52	1.552373	0.440485	1.722527	3.715385
63	53	1.552373	0.405152	1.371936	3.329461
63	54	1.552373	0.453893	1.855565	3.861830
63	55	1.552373	0.419227	1.511598	3.483198
63	56	1.552373	0.386817	1.190001	3.129190
63	57	1.552373	0.501505	2.327999	4.381877
63	58	1.552373	0.427571	1.594389	3.574333
63	59	1.552373	0.365256	0.976065	2.893694
63	60	1.552373	0.407967	1.399862	3.360202
63	61	1.552373	0.454377	1.860371	3.867120
63	62	1.552373	0.403736	1.357879	3.313988
63	63	1.552373	0.368766	1.010891	2.932029
63	64	1.552373	0.462383	1.939811	3.954567
63	65	1.552373	0.453704	1.853694	3.859771
63	66	1.552373	0.469465	2.063047	4.084885
63	67	1.552373	0.414795	1.467620	3.434788
63	68	1.552373	0.462383	1.939811	3.954567
63	69	1.552373	0.398900	1.309899	3.261172
63	70	1.552373	0.463143	1.947355	3.962871
63	71	1.552373	0.463946	1.955317	3.971636
63	72	1.552373	0.398900	1.309899	3.261172
63	73	1.552373	0.358643	1.598980	3.509996
63	74	1.552373	0.403736	1.357879	3.313988
63	75	1.552373	0.365256	0.976065	2.893694
63	76	1.552373	0.456249	1.878942	3.887564
63	77	1.552373	0.437747	1.695356	3.685476
63	78	1.552373	0.407817	1.398381	3.358571
63	79	1.552373	0.376178	1.084437	3.012987
63	80	1.552373	0.424767	1.566567	3.543707
63	81	1.552373	0.425098	1.569849	3.547320
63	82	1.552373	0.445095	1.768267	3.765735
63	83	1.552373	0.462737	2.049246	4.064356
63	84	1.552373	0.445095	1.768267	3.765735
63	85	1.552373	0.421133	1.530510	3.504016
63	86	1.552373	0.378311	1.105603	3.036287
63	87	1.552373	0.356475	0.888934	2.797781
63	88	1.552373	0.398900	1.309899	3.261172
63	89	1.552373	0.423530	1.554288	3.530191
63	90	1.552373	0.449618	1.813150	3.815140
63	91	1.552373	0.437747	1.695356	3.685476
63	92	1.552373	0.392396	1.245363	3.190132
63	93	1.552373	0.410088	1.420914	3.383375
63	94	1.552373	0.400826	1.329006	3.282204
63	95	1.552373	0.429361	1.612149	3.593883
63	96	1.552373	0.414795	1.467620	3.434788
63	97	1.552373	0.400710	1.327861	3.280944
63	98	1.552373	0.456249	1.878942	3.887564
63	99	1.552373	0.433495	1.653169	3.639036
64	0	1.489960	0.417843	1.497864	3.405667
64	1	1.489960	0.366152	0.984955	2.841067
64	2	1.489960	0.418782	1.507176	3.415917
64	3	1.489960	0.474745	2.062468	4.027172
64	4	1.489960	0.395962	1.280750	3.166672
64	5	1.489960	0.435412	1.672188	3.597560
64	6	1.489960	0.492052	2.234196	4.216207
64	7	1.489960	0.437483	1.692743	3.620187
64	8	1.489960	0.394989	1.271088	3.156036
64	9	1.489960	0.505715	2.369774	4.365449
64	10	1.489960	0.414395	1.463644	3.367998
64	11	1.489960	0.414064	1.460366	3.364390
64	12	1.489960	0.449511	1.812089	3.751560
64	13	1.489960	0.429508	1.613605	3.533072
64	14	1.489960	0.397115	1.662936	3.550011
64	15	1.489960	0.394989	1.271088	3.156036
64	16	1.489960	0.453241	1.849099	3.792299
64	17	1.489960	0.488036	2.194356	4.172352
64	18	1.489960	0.446744	1.784627	3.721331
64	19	1.489960	0.472050	2.035725	3.997734
64	20	1.489960	0.443343	1.750886	3.684189
64	21	1.489960	0.411282	1.432760	3.334002
64	22	1.489960	0.406869	1.388976	3.285805
64	23	1.489960	0.374124	1.064061	2.928145
64	24	1.489960	0.412981	1.449615	3.352555
64	25	1.489960	0.459015	1.906390	3.855364
64	26	1.489960	0.402476	1.345379	3.237814
64	27	1.489960	0.451286	1.829702	3.770948
64	28	1.489960	0.357372	0.897839	2.745171
64	29	1.489960	0.461771	1.933733	3.885463
64	30	1.489960	0.414064	1.460366	3.364390
64	31	1.489960	0.422548	1.915290	3.827798
64	32	1.489960	0.417843	1.497864	3.405667
64	33	1.489960	0.444847	1.765809	3.700616
64	34	1.489960	0.413039	1.450198	3.353197
64	35	1.489960	0.505715	2.369774	4.365449
64	36	1.489960	0.459015	1.906390	3.855364
64	37	1.489960	0.444847	1.765809	3.700616
64	38	1.489960	0.444847	1.765809	3.700616
64	39	1.489960	0.370964	1.032705	2.893628
64	40	1.489960	0.404665	1.367098	3.261722
64	41	1.489960	0.411282	1.432760	3.334002
64	42	1.489960	0.417843	1.497864	3.405667
64	43	1.489960	0.421305	1.532210	3.443474
64	44	1.489960	0.434541	1.663550	3.588050
64	45	1.489960	0.429508	1.613605	3.533072
64	46	1.489960	0.469974	2.174023	4.133957
64	47	1.489960	0.395962	1.280750	3.166672
64	48	1.489960	0.362569	0.949407	2.801936
64	49	1.489960	0.457378	1.890144	3.837481
64	50	1.489960	0.448178	1.798859	3.736996
64	51	1.489960	0.429508	1.613605	3.533072
64	52	1.489960	0.488559	2.252507	4.231026
64	53	1.489960	0.435650	1.674553	3.600162
64	54	1.489960	0.480207	2.169635	4.139802
64	55	1.489960	0.434541	1.663550	3.588050
64	56	1.489960	0.434445	1.662596	3.587001
64	57	1.489960	0.456545	2.040769	3.987273
64	58	1.489960	0.421305	1.532210	3.443474
64	59	1.489960	0.362569	0.949407	2.801936
64	60	1.489960	0.460973	1.925819	3.876751
64	61	1.489960	0.370964	1.032705	2.893628
64	62	1.489960	0.429508	1.613605	3.533072
64	63	1.489960	0.457378	1.890144	3.837481
64	64	1.489960	0.492777	2.241391	4.224127
64	65	1.489960	0.471750	2.032749	3.994459
64	66	1.489960	0.448413	2.066008	4.004380
64	67	1.489960	0.402476	1.345379	3.237814
64	68	1.489960	0.412981	1.449615	3.352555
64	69	1.489960	0.474812	2.063138	4.027910
64	70	1.489960	0.414395	1.463644	3.367998
64	71	1.489960	0.412981	1.449615	3.352555
64	72	1.489960	0.453241	1.849099	3.792299
64	73	1.489960	0.370964	1.032705	2.893628
64	74	1.489960	0.472050	2.035725	3.997734
64	75	1.489960	0.448178	1.798859	3.736996
64	76	1.489960	0.394989	1.271088	3.156036
64	77	1.489960	0.420126	1.520514	3.430599
64	78	1.489960	0.380440	1.126732	2.997132
64	79	1.489960	0.419136	1.510694	3.419790
64	80	1.489960	0.402476	1.345379	3.237814
64	81	1.489960	0.443343	1.750886	3.684189
64	82	1.489960	0.412701	1.764623	3.667283
64	83	1.489960	0.374124	1.064061	2.928145
64	84	1.489960	0.451741	1.834215	3.775916
64	85	1.489960	0.357372	0.897839	2.745171
64	86	1.489960	0.470213	2.017502	3.977675
64	87	1.489960	0.411282	1.432760	3.334002
64	88	1.489960	0.451286	1.829702	3.770948
64	89	1.489960	0.464149	1.957331	3.911440
64	90	1.489960	0.460973	1.925819	3.876751
64	91	1.489960	0.414395	1.463644	3.367998
64	92	1.489960	0.395962	1.280750	3.166672
64	93	1.489960	0.472050	2.035725	3.997734
64	94	1.489960	0.419526	1.885311	3.794798
64	95	1.489960	0.380440	1.126732	2.997132
64	96	1.489960	0.406869	1.388976	3.285805
64	97	1.489960	0.453086	1.847564	3.790611
64	98	1.489960	0.434541	1.663550	3.588050
64	99	1.489960	0.381318	1.612115	3.483392
65	0	1.478330	0.390392	1.225480	3.094202
65	1	1.478330	0.433212	1.809248	3.720790
65	2	1.478330	0.486504	2.285074	4.249908
65	3	1.478330	0.415706	1.476659	3.370695
65	4	1.478330	0.471575	2.031019	3.980924
65	5	1.478330	0.408974	1.409857	3.297160
65	6	1.478330	0.487028	2.184352	4.149710
65	7	1.478330	0.398290	1.303844	3.180464
65	8	1.478330	0.398290	1.303844	3.180464
65	9	1.478330	0.473740	2.052495	4.004564
65	10	1.478330	0.442049	1.738041	3.658420
65	11	1.478330	0.449077	1.807781	3.735188
65	12	1.478330	0.429214	1.610685	3.518229
65	13	1.478330	0.411394	1.433871	3.323595
65	14	1.478330	0.414087	1.884302	3.776719
65	15	1.478330	0.408974	1.409857	3.297160
65	16	1.478330	0.429214	1.610685	3.518229
65	17	1.478330	0.425074	1.569609	3.473012
65	18	1.478330	0.410170	1.421727	3.310226
65	19	1.478330	0.460068	1.916842	3.855240
65	20	1.478330	0.428098	1.599621	3.506049
65	21	1.478330	0.400758	1.328332	3.207419
65	22	1.478330	0.487028	2.184352	4.149710
65	23	1.478330	0.431940	1.637735	3.548004
65	24	1.478330	0.445526	1.772549	3.696405
65	25	1.478330	0.408974	1.409857	3.297160
65	26	1.478330	0.457121	1.887595	3.823046
65	27	1.478330	0.425993	1.578734	3.483057
65	28	1.478330	0.414087	1.884302	3.776719
65	29	1.478330	0.400650	1.327263	3.206242
65	30	1.478330	0.447720	1.794320	3.720371
65	31	1.478330	0.391768	1.239132	3.109229
65	32	1.478330	0.414785	1.467518	3.360632
65	33	1.478330	0.425074	1.569609	3.473012
65	34	1.478330	0.428098	1.599621	3.506049
65	35	1.478330	0.454911	1.865667	3.798907
65	36	1.478330	0.442699	1.744497	3.665526
65	37	1.478330	0.410170	1.421727	3.310226
65	38	1.478330	0.459904	1.915209	3.853442
65	39	1.478330	0.411911	1.439005	3.329246
65	40	1.478330	0.428098	1.599621	3.506049
65	41	1.478330	0.451194	1.828781	3.758305
65	42	1.478330	0.480611	2.120676	4.079617
65	43	1.478330	0.451585	1.832668	3.762583
65	44	1.478330	0.430866	1.785978	3.695174
65	45	1.478330	0.414785	1.467518	3.360632
65	46	1.478330	0.407071	1.390973	3.276374
65	47	1.478330	0.470031	2.015693	3.964053
65	48	1.478330	0.383439	1.156486	3.018254
65	49	1.478330	0.400650	1.327263	3.206242
65	50	1.478330	0.400604	1.326806	3.205740
65	51	1.478330	0.375210	1.074836	2.928376
65	52	1.478330	0.449453	1.811512	3.739294
65	53	1.478330	0.415706	1.476659	3.370695
65	54	1.478330	0.422690	1.545958	3.446978
65	55	1.478330	0.400936	1.330103	3.209369
65	56	1.478330	0.414992	1.469574	3.362896
65	57	1.478330	0.441277	1.730388	3.649996
65	58	1.478330	0.415232	1.471956	3.365518
65	59	1.478330	0.487028	2.184352	4.149710
65	60	1.478330	0.451187	1.828714	3.758230
65	61	1.478330	0.378411	1.477342	3.334082
65	62	1.478330	0.415706	1.476659	3.370695
65	63	1.478330	0.474534	2.060373	4.013236
65	64	1.478330	0.439768	1.715410	3.633508
65	65	1.478330	0.445125	1.768570	3.692025
65	66	1.478330	0.473740	2.052495	4.004564
65	67	1.478330	0.414796	1.467622	3.360748
65	68	1.478330	0.449077	1.807781	3.735188
65	69	1.478330	0.437777	1.695655	3.611762
65	70	1.478330	0.455870	1.875183	3.809382
65	71	1.478330	0.432625	1.644538	3.555494
65	72	1.478330	0.468842	2.003896	3.951068
65	73	1.478330	0.455276	1.869289	3.802895
65	74	1.478330	0.391768	1.239132	3.109229
65	75	1.478330	0.461906	1.935079	3.875315
65	76	1.478330	0.428724	1.605830	3.512884
65	77	1.478330	0.463839	1.954257	3.896426
65	78	1.478330	0.411911	1.439005	3.329246
65	79	1.478330	0.468842	2.003896	3.951068
65	80	1.478330	0.432750	1.645776	3.556856
65	81	1.478330	0.445526	1.772549	3.696405
65	82	1.478330	0.425993	1.578733	3.483056
65	83	1.478330	0.431940	1.637735	3.548004
65	84	1.478330	0.471380	2.029085	3.978795
65	85	1.478330	0.442699	1.744497	3.665526
65	86	1.478330	0.436911	1.740026	3.655267
65	87	1.478330	0.442049	1.738041	3.658420
65	88	1.478330	0.390392	1.225480	3.094202
65	89	1.478330	0.480340	2.117984	4.076654
65	90	1.478330	0.421266	1.743676	3.643272
65	91	1.478330	0.480611	2.120676	4.079617
65	92	1.478330	0.489550	2.209375	4.177255
65	93	1.478330	0.416327	1.482822	3.377479
65	94	1.478330	0.447374	1.790887	3.716591
65	95	1.478330	0.348663	1.499952	3.326945
65	96	1.478330	0.403295	1.353505	3.235130
65	97	1.478330	0.441277	1.730388	3.649996
65	98	1.478330	0.414796	1.467622	3.360748
65	99	1.478330	0.437975	1.856509	3.772813
66	0	1.607692	0.417265	1.492122	3.517078
66	1	1.607692	0.439147	1.709248	3.756087
66	2	1.607692	0.405851	1.378875	3.392419
66	3	1.607692	0.419631	1.515598	3.542921
66	4	1.607692	0.366249	0.985917	2.959858
66	5	1.607692	0.373140	1.054294	3.035126
66	6	1.607692	0.434321	1.661365	3.703378
66	7	1.607692	0.383713	1.159202	3.150606
66	8	1.607692	0.454412	1.860712	3.922816
66	9	1.607692	0.417265	1.492122	3.517078
66	10	1.607692	0.434321	1.661365	3.703378
66	11	1.607692	0.422868	1.547723	3.578283
66	12	1.607692	0.397855	1.299535	3.305082
66	13	1.607692	0.387129	1.669776	3.664598
66	14	1.607692	0.419631	1.515598	3.542921
66	15	1.607692	0.404763	1.368076	3.380531
66	16	1.607692	0.436174	1.679750	3.723616
66	17	1.607692	0.523877	2.549979	4.681547
66	18	1.607692	0.339230	1.459320	3.406243
66	19	1.607692	0.411256	1.697323	3.716271
66	20	1.607692	0.393609	1.257400	3.258701
66	21	1.607692	0.380751	1.129814	3.118257
66	22	1.607692	0.402549	1.346108	3.356349
66	23	1.607692	0.391248	1.233975	3.232915
66	24	1.607692	0.413556	1.455327	3.476576
66	25	1.607692	0.465415	1.969898	4.043006
66	26	1.607692	0.404763	1.368076	3.380531
66	27	1.607692	0.419599	1.515286	3.542578
66	28	1.607692	0.410082	1.420857	3.438631
66	29	1.607692	0.453731	1.853957	3.915380
66	30	1.607692	0.393319	1.254518	3.255528
66	31	1.607692	0.383713	1.159202	3.150606
66	32	1.607692	0.417687	1.496312	3.521691
66	33	1.607692	0.420805	1.527247	3.555743
66	34	1.607692	0.397855	1.299535	3.305082
66	35	1.607692	0.409897	1.419015	3.436604
66	36	1.607692	0.473185	2.046993	4.127870
66	37	1.607692	0.432926	1.753451	3.794069
66	38	1.607692	0.395258	1.273766	3.276716
66	39	1.607692	0.453731	1.853957	3.915380
66	40	1.607692	0.419599	1.515286	3.542578
66	41	1.607692	0.365083	0.974354	2.947129
66	42	1.607692	0.452428	1.841032	3.901153
66	43	1.607692	0.410082	1.420857	3.438631
66	44	1.607692	0.366249	0.985917	2.959858
66	45	1.607692	0.397855	1.299535	3.305082
66	46	1.607692	0.398558	1.306501	3.312751
66	47	1.607692	0.453731	1.853957	3.915380
66	48	1.607692	0.410082	1.420857	3.438631
66	49	1.607692	0.419631	1.515598	3.542921
66	50	1.607692	0.436174	1.679750	3.723616
66	51	1.607692	0.413556	1.455327	3.476576
66	52	1.607692	0.416117	1.480738	3.504547
66	53	1.607692	0.472707	2.148172	4.228570
66	54	1.607692	0.444061	1.758009	3.809762
66	55	1.607692	0.417265	1.492122	3.517078
66	56	1.607692	0.405976	1.380108	3.393776
66	57	1.607692	0.432926	1.753451	3.794069
66	58	1.607692	0.436504	1.683027	3.727224
66	59	1.607692	0.472707	2.148172	4.228570
66	60	1.607692	0.380751	1.129814	3.118257
66	61	1.607692	0.385707	1.178994	3.172394
66	62	1.607692	0.449592	1.812892	3.870177
66	63	1.607692	0.393319	1.254518	3.255528
66	64	1.607692	0.373140	1.054294	3.035126
66	65	1.607692	0.461731	1.933338	4.002761
66	66	1.607692	0.409989	1.419925	3.437605
66	67	1.607692	0.393972	1.261005	3.262669
66	68	1.607692	0.410082	1.420857	3.438631
66	69	1.607692	0.449592	1.812892	3.870177
66	70	1.607692	0.504982	2.362494	4.475167
66	71	1.607692	0.420526	1.524479	3.552697
66	72	1.607692	0.419509	1.673280	3.700481
66	73	1.607692	0.439147	1.709248	3.756087
66	74	1.607692	0.488533	2.199282	4.295507
66	75	1.607692	0.421654	1.535674	3.565020
66	76	1.607692	0.462573	1.941698	4.011963
66	77	1.607692	0.473185	2.046993	4.127870
66	78	1.607692	0.366249	0.985917	2.959858
66	79	1.607692	0.436504	1.683027	3.727224
66	80	1.607692	0.442670	1.744210	3.794572
66	81	1.607692	0.409989	1.419925	3.437605
66	82	1.607692	0.391945	1.240891	3.240529
66	83	1.607692	0.419451	1.513818	3.540961
66	84	1.607692	0.365592	0.979398	2.952682
66	85	1.607692	0.413556	1.455327	3.476576
66	86	1.607692	0.414928	1.468939	3.491560
66	87	1.607692	0.485266	2.219827	4.312785
66	88	1.607692	0.419631	1.515598	3.542921
66	89	1.607692	0.414398	1.463677	3.485767
66	90	1.607692	0.414928	1.468939	3.491560
66	91	1.607692	0.391248	1.233975	3.232915
66	92	1.607692	0.469351	2.008952	4.085995
66	93	1.607692	0.417265	1.492122	3.517078
66	94	1.607692	0.365592	0.979398	2.952682
66	95	1.607692	0.412100	1.440873	3.460665
66	96	1.607692	0.424240	1.561334	3.593265
66	97	1.607692	0.414928	1.468939	3.491560
66	98	1.607692	0.427816	1.861635	3.897143
66	99	1.607692	0.391945	1.240891	3.240529
67	0	1.553819	0.448034	1.797431	3.799284
67	1	1.553819	0.423290	1.551913	3.529023
67	2	1.553819	0.431833	1.636675	3.622327
67	3	1.553819	0.445494	1.772233	3.771546
67	4	1.553819	0.447212	1.789276	3.790307
67	5	1.553819	0.399999	1.320809	3.274627
67	6	1.553819	0.431410	1.632484	3.617714
67	7	1.553819	0.409085	1.410963	3.373867
67	8	1.553819	0.415645	1.476050	3.445513
67	9	1.553819	0.399999	1.320809	3.274627
67	10	1.553819	0.368543	1.008679	2.931040
67	11	1.553819	0.460370	1.919832	3.934020
67	12	1.553819	0.470437	2.019729	4.043985
67	13	1.553819	0.423174	1.550761	3.527754
67	14	1.553819	0.423290	1.551913	3.529023
67	15	1.553819	0.434001	1.658186	3.646005
67	16	1.553819	0.457151	1.993823	4.004793
67	17	1.553819	0.411141	1.431362	3.396321
67	18	1.553819	0.420846	1.527656	3.502320
67	19	1.553819	0.431410	1.632484	3.617714
67	20	1.553819	0.448034	1.797431	3.799284
67	21	1.553819	0.422708	1.652059	3.628585
67	22	1.553819	0.438237	1.700218	3.692273
67	23	1.553819	0.449990	1.975732	3.979540
67	24	1.553819	0.426423	1.582999	3.563241
67	25	1.553819	0.434001	1.658186	3.646005
67	26	1.553819	0.438237	1.700218	3.692273
67	27	1.553819	0.368543	1.008679	2.931040
67	28	1.553819	0.391347	1.234955	3.180121
67	29	1.553819	0.425102	1.569886	3.548806
67	30	1.553819	0.429266	1.611208	3.594293
67	31	1.553819	0.413367	1.453443	3.420628
67	32	1.553819	0.392394	1.669051	3.615264
67	33	1.553819	0.445494	1.772233	3.771546
67	34	1.553819	0.422136	1.540456	3.516410
67	35	1.553819	0.391416	1.235636	3.180870
67	36	1.553819	0.396630	1.287377	3.237826
67	37	1.553819	0.438094	1.698801	3.690714
67	38	1.553819	0.425102	1.569886	3.548806
67	39	1.553819	0.391416	1.235636	3.180870
67	40	1.553819	0.471338	2.028668	4.053825
67	41	1.553819	0.438237	1.700218	3.692273
67	42	1.553819	0.440441	1.722090	3.716350
67	43	1.553819	0.434001	1.658186	3.646005
67	44	1.553819	0.432718	1.645455	3.631991
67	45	1.553819	0.398641	1.307327	3.259787
67	46	1.553819	0.478215	2.096903	4.128937
67	47	1.553819	0.471338	2.028668	4.053825
67	48	1.553819	0.425102	1.569886	3.548806
67	49	1.553819	0.391416	1.235636	3.180870
67	50	1.553819	0.425102	1.569886	3.548806
67	51	1.553819	0.446305	1.780277	3.780401
67	52	1.553819	0.441868	1.736254	3.731941
67	53	1.553819	0.423898	1.557946	3.535663
67	54	1.553819	0.409085	1.410963	3.373867
67	55	1.553819	0.463090	1.946821	3.963730
67	56	1.553819	0.508222	2.447608	4.509648
67	57	1.553819	0.441868	1.736254	3.731941
67	58	1.553819	0.423290	1.551913	3.529023
67	59	1.553819	0.358614	0.910161	2.822593
67	60	1.553819	0.380278	1.548829	3.482926
67	61	1.553819	0.401214	1.332864	3.287897
67	62	1.553819	0.446305	1.780277	3.780401
67	63	1.553819	0.375628	1.078978	3.008424
67	64	1.553819	0.429266	1.611208	3.594293
67	65	1.553819	0.449990	1.975732	3.979540
67	66	1.553819	0.425871	1.577514	3.557203
67	67	1.553819	0.358281	0.906855	2.818955
67	68	1.553819	0.401214	1.332864	3.287897
67	69	1.553819	0.434001	1.658186	3.646005
67	70	1.553819	0.398641	1.307327	3.259787
67	71	1.553819	0.358614	0.910161	2.822593
67	72	1.553819	0.463090	1.946821	3.963730
67	73	1.553819	0.508284	2.395265	4.457368
67	74	1.553819	0.471338	2.028668	4.053825
67	75	1.553819	0.368543	1.008679	2.931040
67	76	1.553819	0.422136	1.540456	3.516410
67	77	1.553819	0.457151	1.993823	4.004793
67	78	1.553819	0.475043	2.065426	4.094287
67	79	1.553819	0.431833	1.636675	3.622327
67	80	1.553819	0.449990	1.975732	3.979540
67	81	1.553819	0.413367	1.453443	3.420628
67	82	1.553819	0.423290	1.551913	3.529023
67	83	1.553819	0.508284	2.395265	4.457368
67	84	1.553819	0.398641	1.307327	3.259787
67	85	1.553819	0.434001	1.658186	3.646005
67	86	1.553819	0.516657	2.478343	4.548819
67	87	1.553819	0.383414	1.156236	3.093468
67	88	1.553819	0.422362	1.542701	3.518882
67	89	1.553819	0.411735	1.437257	3.402811
67	90	1.553819	0.409085	1.410963	3.373867
67	91	1.553819	0.443689	1.754313	3.751820
67	92	1.553819	0.411735	1.437257	3.402811
67	93	1.553819	0.459460	1.910803	3.924081
67	94	1.553819	0.396630	1.287377	3.237826
67	95	1.553819	0.396630	1.287377	3.237826
67	96	1.553819	0.422362	1.542701	3.518882
67	97	1.553819	0.447212	1.789276	3.790307
67	98	1.553819	0.398353	1.304476	3.256648
67	99	1.553819	0.397882	1.299794	3.251495
68	0	1.514158	0.428086	1.599497	3.541741
68	1	1.514158	0.437344	1.691358	3.642860
68	2	1.514158	0.420251	1.521756	3.456165
68	3	1.514158	0.373141	1.054305	2.941604
68	4	1.514158	0.432007	1.797292	3.743457
68	5	1.514158	0.386143	1.183315	3.083616
68	6	1.514158	0.472326	2.250324	4.236808
68	7	1.514158	0.388405	1.205763	3.108326
68	8	1.514158	0.403470	1.355248	3.272876
68	9	1.514158	0.423570	1.554686	3.492414
68	10	1.514158	0.440968	1.727323	3.682450
68	11	1.514158	0.426497	1.583735	3.524390
68	12	1.514158	0.405366	1.374053	3.293577
68	13	1.514158	0.471426	2.029534	4.015117
68	14	1.514158	0.451496	1.831782	3.797436
68	15	1.514158	0.384349	1.165521	3.064029
68	16	1.514158	0.394721	1.268435	3.177314
68	17	1.514158	0.415045	1.470099	3.399302
68	18	1.514158	0.465903	1.974741	3.954802
68	19	1.514158	0.368342	1.006689	2.889189
68	20	1.514158	0.440968	1.727323	3.682450
68	21	1.514158	0.403470	1.355248	3.272876
68	22	1.514158	0.448562	1.802674	3.765395
68	23	1.514158	0.428086	1.599497	3.541741
68	24	1.514158	0.407608	1.396306	3.318072
68	25	1.514158	0.394721	1.268435	3.177314
68	26	1.514158	0.396978	1.608611	3.519747
68	27	1.514158	0.432956	1.647824	3.594939
68	28	1.514158	0.419669	1.515978	3.449805
68	29	1.514158	0.434109	1.659259	3.607526
68	30	1.514158	0.400997	1.330702	3.245856
68	31	1.514158	0.409819	1.418244	3.342222
68	32	1.514158	0.396169	1.653544	3.563871
68	33	1.514158	0.405366	1.374053	3.293577
68	34	1.514158	0.394337	1.264624	3.173119
68	35	1.514158	0.458866	1.904908	3.877932
68	36	1.514158	0.399279	1.684409	3.597847
68	37	1.514158	0.486090	2.175041	4.175289
68	38	1.514158	0.394337	1.264624	3.173119
68	39	1.514158	0.454650	1.916046	3.884854
68	40	1.514158	0.384349	1.165521	3.064029
68	41	1.514158	0.487625	2.190275	4.192059
68	42	1.514158	0.400997	1.330702	3.245856
68	43	1.514158	0.443254	2.014825	3.972237
68	44	1.514158	0.444091	1.758310	3.716560
68	45	1.514158	0.394721	1.268435	3.177314
68	46	1.514158	0.394721	1.268435	3.177314
68	47	1.514158	0.444751	1.764858	3.723768
68	48	1.514158	0.471493	2.030204	4.015855
68	49	1.514158	0.464331	1.959138	3.937627
68	50	1.514158	0.464463	1.960449	3.939070
68	51	1.514158	0.478411	2.098845	4.091414
68	52	1.514158	0.476949	2.190269	4.181376
68	53	1.514158	0.475150	2.066486	4.055793
68	54	1.514158	0.465903	1.974741	3.954802
68	55	1.514158	0.437344	1.691358	3.642860
68	56	1.514158	0.384349	1.165521	3.064029
68	57	1.514158	0.430999	1.628403	3.573560
68	58	1.514158	0.437890	1.696778	3.648826
68	59	1.514158	0.442244	1.739983	3.696385
68	60	1.514158	0.471493	2.030204	4.015855
68	61	1.514158	0.487625	2.190275	4.192059
68	62	1.514158	0.390181	1.223384	3.127723
68	63	1.514158	0.435863	1.676668	3.626689
68	64	1.514158	0.486090	2.175041	4.175289
68	65	1.514158	0.471493	2.030204	4.015855
68	66	1.514158	0.466583	1.981479	3.962220
68	67	1.514158	0.407608	1.396306	3.318072
68	68	1.514158	0.412565	1.445487	3.372210
68	69	1.514158	0.443254	2.014825	3.972237
68	70	1.514158	0.400997	1.330702	3.245856
68	71	1.514158	0.437344	1.691358	3.642860
68	72	1.514158	0.435788	1.675923	3.625869
68	73	1.514158	0.400997	1.330702	3.245856
68	74	1.514158	0.384349	1.165521	3.064029
68	75	1.514158	0.390181	1.223384	3.127723
68	76	1.514158	0.414247	1.462184	3.390590
68	77	1.514158	0.408997	1.410084	3.333239
68	78	1.514158	0.501012	2.323109	4.338279
68	79	1.514158	0.417138	1.490865	3.422161
68	80	1.514158	0.426497	1.583735	3.524390
68	81	1.514158	0.437890	1.696778	3.648826
68	82	1.514158	0.417138	1.490865	3.422161
68	83	1.514158	0.410384	1.423846	3.348388
68	84	1.514158	0.373736	1.060212	2.948106
68	85	1.514158	0.373141	1.054305	2.941604
68	86	1.514158	0.427109	1.589803	3.531070
68	87	1.514158	0.404926	1.369690	3.288773
68	88	1.514158	0.430999	1.628403	3.573560
68	89	1.514158	0.368342	1.006689	2.889189
68	90	1.514158	0.409371	1.413798	3.337327
68	91	1.514158	0.400882	1.329563	3.244603
68	92	1.514158	0.388405	1.205763	3.108326
68	93	1.514158	0.448784	1.804877	3.767819
68	94	1.514158	0.405688	1.377257	3.297103
68	95	1.514158	0.447380	1.790945	3.752483
68	96	1.514158	0.418169	1.871841	3.804168
68	97	1.514158	0.421486	1.534009	3.469654
68	98	1.514158	0.412565	1.445487	3.372210
68	99	1.514158	0.448784	1.804877	3.767819
69	0	1.505468	0.445202	1.769334	3.720004
69	1	1.505468	0.376277	1.085427	2.967173
69	2	1.505468	0.490213	2.215957	4.211638
69	3	1.505468	0.473504	2.103124	4.082097
69	4	1.505468	0.409868	1.418733	3.334069
69	5	1.505468	0.376277	1.085427	2.967173
69	6	1.505468	0.427737	1.596030	3.529235
69	7	1.505468	0.457833	1.894661	3.857961
69	8	1.505468	0.412331	1.443167	3.360966
69	9	1.505468	0.421970	1.538815	3.466253
69	10	1.505468	0.464117	1.957012	3.926597
69	11	1.505468	0.482022	2.134681	4.122171
69	12	1.505468	0.452702	1.843748	3.801918
69	13	1.505468	0.475157	2.066558	4.047183
69	14	1.505468	0.405703	1.377404	3.288575
69	15	1.505468	0.482022	2.134681	4.122171
69	16	1.505468	0.356460	0.888788	2.750716
69	17	1.505468	0.411511	1.435035	3.352014
69	18	1.505468	0.433319	1.651426	3.590213
69	19	1.505468	0.415584	1.475450	3.396503
69	20	1.505468	0.422560	1.544668	3.472696
69	21	1.505468	0.471699	2.032245	4.009412
69	22	1.505468	0.431007	1.628484	3.564959
69	23	1.505468	0.427174	1.590448	3.523089
69	24	1.505468	0.410243	1.422449	3.338160
69	25	1.505468	0.441706	1.734640	3.681814
69	26	1.505468	0.427174	1.590448	3.523089
69	27	1.505468	0.449901	1.815958	3.771327
69	28	1.505468	0.411983	1.439711	3.357161
69	29	1.505468	0.430489	1.623341	3.559298
69	30	1.505468	0.394936	1.270569	3.170974
69	31	1.505468	0.475157	2.066558	4.047183
69	32	1.505468	0.440725	1.883796	3.829989
69	33	1.505468	0.413048	1.450280	3.368796
69	34	1.505468	0.394719	1.268408	3.168595
69	35	1.505468	0.390040	1.221990	3.117498
69	36	1.505468	0.479242	2.107094	4.091804
69	37	1.505468	0.394719	1.268408	3.168595
69	38	1.505468	0.369783	1.020983	2.896234
69	39	1.505468	0.418571	1.505088	3.429128
69	40	1.505468	0.440259	1.720286	3.666013
69	41	1.505468	0.405703	1.377404	3.288575
69	42	1.505468	0.411983	1.439711	3.357161
69	43	1.505468	0.471357	2.028849	4.005673
69	44	1.505468	0.356460	0.888788	2.750716
69	45	1.505468	0.394719	1.268408	3.168595
69	46	1.505468	0.436824	1.686204	3.628496
69	47	1.505468	0.441706	1.734640	3.681814
69	48	1.505468	0.479242	2.107094	4.091804
69	49	1.505468	0.451856	1.994246	3.951570
69	50	1.505468	0.471357	2.028849	4.005673
69	51	1.505468	0.469771	2.013120	3.988359
69	52	1.505468	0.427174	1.590448	3.523089
69	53	1.505468	0.436824	1.686204	3.628496
69	54	1.505468	0.462387	1.992812	3.960667
69	55	1.505468	0.400815	1.328897	3.235179
69	56	1.505468	0.389900	1.220596	3.115964
69	57	1.505468	0.359984	0.923758	2.789210
69	58	1.505468	0.418571	1.505088	3.429128
69	59	1.505468	0.468335	1.998863	3.972665
69	60	1.505468	0.471905	2.034294	4.011667
69	61	1.505468	0.436824	1.686204	3.628496
69	62	1.505468	0.418624	1.505614	3.429707
69	63	1.505468	0.432550	1.749723	3.687741
69	64	1.505468	0.442050	1.949910	3.897428
69	65	1.505468	0.415584	1.475450	3.396503
69	66	1.505468	0.436895	1.686903	3.629266
69	67	1.505468	0.396580	1.657625	3.559672
69	68	1.505468	0.378932	1.535472	3.419871
69	69	1.505468	0.389900	1.220596	3.115964
69	70	1.505468	0.400815	1.328897	3.235179
69	71	1.505468	0.394936	1.270569	3.170974
69	72	1.505468	0.356460	0.888788	2.750716
69	73	1.505468	0.397543	1.296435	3.199446
69	74	1.505468	0.461732	1.933351	3.900551
69	75	1.505468	0.441706	1.734640	3.681814
69	76	1.505468	0.425100	1.569873	3.500442
69	77	1.505468	0.452702	1.843748	3.801918
69	78	1.505468	0.471699	2.032245	4.009412
69	79	1.505468	0.465965	1.975351	3.946784
69	80	1.505468	0.410243	1.422449	3.338160
69	81	1.505468	0.436157	1.679577	3.621202
69	82	1.505468	0.441706	1.734640	3.681814
69	83	1.505468	0.397033	1.609152	3.511653
69	84	1.505468	0.454456	1.861155	3.821079
69	85	1.505468	0.406282	1.383144	3.294894
69	86	1.505468	0.422560	1.544668	3.472696
69	87	1.505468	0.400815	1.328897	3.235179
69	88	1.505468	0.361318	1.625523	3.492309
69	89	1.505468	0.405703	1.377404	3.288575
69	90	1.505468	0.458767	1.903931	3.868166
69	91	1.505468	0.400815	1.328897	3.235179
69	92	1.505468	0.439791	1.715636	3.660894
69	93	1.505468	0.479242	2.107094	4.091804
69	94	1.505468	0.390040	1.221990	3.117498
69	95	1.505468	0.418571	1.505088	3.429128
69	96	1.505468	0.450076	1.817694	3.773238
69	97	1.505468	0.433319	1.651426	3.590213
69	98	1.505468	0.441723	1.734812	3.682004
69	99	1.505468	0.409868	1.418733	3.334069
70	0	1.517491	0.416876	1.488266	3.422634
70	1	1.517491	0.384087	1.162914	3.064493
70	2	1.517491	0.436414	1.682130	3.636035
70	3	1.517491	0.433315	1.651387	3.602194
70	4	1.517491	0.421310	1.532260	3.471061
70	5	1.517491	0.421157	1.530748	3.469397
70	6	1.517491	0.415081	1.629343	3.561915
70	7	1.517491	0.421310	1.532260	3.471061
70	8	1.517491	0.402786	1.348463	3.268741
70	9	1.517491	0.459211	1.908335	3.885037
70	10	1.517491	0.477829	2.304931	4.300252
70	11	1.517491	0.469176	2.007216	3.993884
70	12	1.517491	0.409816	1.418209	3.345516
70	13	1.517491	0.412192	1.441792	3.371476
70	14	1.517491	0.409009	1.780954	3.707455
70	15	1.517491	0.460759	1.923699	3.901950
70	16	1.517491	0.409816	1.418209	3.345516
70	17	1.517491	0.460548	1.921605	3.899645
70	18	1.517491	0.454878	1.865339	3.837708
70	19	1.517491	0.455927	1.875749	3.849168
70	20	1.517491	0.394854	1.269748	3.182093
70	21	1.517491	0.481800	2.132474	4.131765
70	22	1.517491	0.361915	0.942918	2.822324
70	23	1.517491	0.409677	1.416835	3.344003
70	24	1.517491	0.466505	2.033678	4.017675
70	25	1.517491	0.474006	2.055136	4.046633
70	26	1.517491	0.402786	1.348463	3.268741
70	27	1.517491	0.399739	1.318224	3.235454
70	28	1.517491	0.422727	1.546323	3.486541
70	29	1.517491	0.424943	1.568309	3.510744
70	30	1.517491	0.408278	1.402951	3.328721
70	31	1.517491	0.421157	1.530748	3.469397
70	32	1.517491	0.405821	1.855249	3.778562
70	33	1.517491	0.412192	1.441792	3.371476
70	34	1.517491	0.436414	1.682130	3.636035
70	35	1.517491	0.414512	1.464806	3.396809
70	36	1.517491	0.429359	1.612130	3.558981
70	37	1.517491	0.464402	1.959840	3.941734
70	38	1.517491	0.414512	1.464806	3.396809
70	39	1.517491	0.459211	1.908335	3.885037
70	40	1.517491	0.492386	2.237516	4.247394
70	41	1.517491	0.433315	1.651387	3.602194
70	42	1.517491	0.402207	1.342713	3.262412
70	43	1.517491	0.421385	1.533009	3.471886
70	44	1.517491	0.439778	1.874398	3.831667
70	45	1.517491	0.364015	0.963753	2.845260
70	46	1.517491	0.399739	1.318224	3.235454
70	47	1.517491	0.404552	1.365983	3.288026
70	48	1.517491	0.361915	0.942918	2.822324
70	49	1.517491	0.402207	1.342713	3.262412
70	50	1.517491	0.466005	1.975745	3.959241
70	51	1.517491	0.358952	0.913518	2.789962
70	52	1.517491	0.417530	1.494754	3.429776
70	53	1.517491	0.429359	1.612130	3.558981
70	54	1.517491	0.481800	2.132474	4.131765
70	55	1.517491	0.435607	1.674124	3.627222
70	56	1.517491	0.467199	1.987598	3.972289
70	57	1.517491	0.399739	1.318224	3.235454
70	58	1.517491	0.404798	1.368421	3.290711
70	59	1.517491	0.478778	2.155456	4.151726
70	60	1.517491	0.451753	1.834332	3.803577
70	61	1.517491	0.409009	1.780954	3.707455
70	62	1.517491	0.460548	1.921605	3.899645
70	63	1.517491	0.438029	1.698154	3.653675
70	64	1.517491	0.402387	1.344500	3.264379
70	65	1.517491	0.438069	1.857449	3.813009
70	66	1.517491	0.409816	1.418209	3.345516
70	67	1.517491	0.488809	2.202020	4.208320
70	68	1.517491	0.392599	1.247379	3.157470
70	69	1.517491	0.416876	1.488266	3.422634
70	70	1.517491	0.384087	1.162914	3.064493
70	71	1.517491	0.392599	1.247379	3.157470
70	72	1.517491	0.472940	2.044563	4.034994
70	73	1.517491	0.422727	1.546323	3.486541
70	74	1.517491	0.432007	1.638407	3.587906
70	75	1.517491	0.442890	1.746393	3.706775
70	76	1.517491	0.453811	1.854750	3.826052
70	77	1.517491	0.412192	1.441792	3.371476
70	78	1.517491	0.409816	1.418209	3.345516
70	79	1.517491	0.450215	2.030925	3.998631
70	80	1.517491	0.440756	1.725216	3.683463
70	81	1.517491	0.449017	1.807188	3.773697
70	82	1.517491	0.434239	1.660548	3.612278
70	83	1.517491	0.454878	1.865339	3.837708
70	84	1.517491	0.433810	1.656294	3.607596
70	85	1.517491	0.453811	1.854750	3.826052
70	86	1.517491	0.409816	1.418209	3.345516
70	87	1.517491	0.410438	1.424387	3.352317
70	88	1.517491	0.472927	2.044431	4.034849
70	89	1.517491	0.415451	1.474123	3.407065
70	90	1.517491	0.490238	2.216205	4.223935
70	91	1.517491	0.409677	1.416835	3.344003
70	92	1.517491	0.392599	1.247379	3.157470
70	93	1.517491	0.394854	1.269748	3.182093
70	94	1.517491	0.488809	2.202020	4.208320
70	95	1.517491	0.384087	1.162914	3.064493
70	96	1.517491	0.433810	1.656294	3.607596
70	97	1.517491	0.421310	1.532260	3.471061
70	98	1.517491	0.421385	1.533009	3.471886
70	99	1.517491	0.412608	1.445920	3.376020
71	0	1.580534	0.429743	1.615943	3.626220
71	1	1.580534	0.396883	1.660634	3.638051
71	2	1.580534	0.434685	1.664977	3.680196
71	3	1.580534	0.433138	1.649630	3.663303
71	4	1.580534	0.409783	1.417881	3.408198
71	5	1.580534	0.400102	1.321826	3.302462
71	6	1.580534	0.388198	1.203704	3.172435
71	7	1.580534	0.426121	1.580000	3.586655
71	8	1.580534	0.426121	1.580000	3.586655
71	9	1.580534	0.395478	1.275945	3.251957
71	10	1.580534	0.441894	1.736508	3.758936
71	11	1.580534	0.459444	1.910651	3.950629
71	12	1.580534	0.426951	1.588235	3.595720
71	13	1.580534	0.463531	2.110095	4.154161
71	14	1.580534	0.382818	1.150326	3.113679
71	15	1.580534	0.389863	1.220228	3.190624
71	16	1.580534	0.459444	1.910651	3.950629
71	17	1.580534	0.439261	1.710381	3.730176
71	18	1.580534	0.440426	1.721937	3.742896
71	19	1.580534	0.459669	1.912875	3.953077
71	20	1.580534	0.395478	1.275945	3.251957
71	21	1.580534	0.387506	1.196843	3.164883
71	22	1.580534	0.416891	1.488417	3.485843
71	23	1.580534	0.457150	1.887881	3.925565
71	24	1.580534	0.400102	1.321826	3.302462
71	25	1.580534	0.459669	1.912875	3.953077
71	26	1.580534	0.416610	1.485630	3.482775
71	27	1.580534	0.413238	1.452171	3.445943
71	28	1.580534	0.393647	1.257775	3.231956
71	29	1.580534	0.433087	1.649122	3.662743
71	30	1.580534	0.418686	1.506230	3.505450
71	31	1.580534	0.407725	1.397465	3.385724
71	32	1.580534	0.433087	1.649122	3.662743
71	33	1.580534	0.482680	2.194167	4.257381
71	34	1.580534	0.382879	1.150934	3.114347
71	35	1.580534	0.411211	1.432055	3.423800
71	36	1.580534	0.464724	1.963037	4.008295
71	37	1.580534	0.418110	1.500505	3.499149
71	38	1.580534	0.497408	2.287346	4.365288
71	39	1.580534	0.432427	1.642573	3.655534
71	40	1.580534	0.416610	1.485630	3.482775
71	41	1.580534	0.364769	0.971234	2.916537
71	42	1.580534	0.427986	1.598507	3.607027
71	43	1.580534	0.426945	1.641144	3.648623
71	44	1.580534	0.416891	1.488417	3.485843
71	45	1.580534	0.450358	2.032350	4.063243
71	46	1.580534	0.441149	1.729117	3.750801
71	47	1.580534	0.416610	1.485630	3.482775
71	48	1.580534	0.460899	1.925084	3.966517
71	49	1.580534	0.387555	1.197325	3.165414
71	50	1.580534	0.417271	1.492182	3.489987
71	51	1.580534	0.399132	1.312197	3.291862
71	52	1.580534	0.387251	1.194313	3.162098
71	53	1.580534	0.407027	1.390544	3.378105
71	54	1.580534	0.405212	1.372528	3.358274
71	55	1.580534	0.432458	1.642875	3.655866
71	56	1.580534	0.437065	1.688594	3.706194
71	57	1.580534	0.403953	1.360034	3.344521
71	58	1.580534	0.388198	1.203704	3.172435
71	59	1.580534	0.431451	1.632883	3.644867
71	60	1.580534	0.382879	1.150934	3.114347
71	61	1.580534	0.422889	1.547929	3.551352
71	62	1.580534	0.365155	0.975069	2.920759
71	63	1.580534	0.387506	1.196843	3.164883
71	64	1.580534	0.407027	1.390544	3.378105
71	65	1.580534	0.349490	0.819627	2.749651
71	66	1.580534	0.390498	1.226526	3.197557
71	67	1.580534	0.426951	1.588235	3.595720
71	68	1.580534	0.431451	1.632883	3.644867
71	69	1.580534	0.423416	1.553161	3.557111
71	70	1.580534	0.487418	2.188222	4.256174
71	71	1.580534	0.463531	2.110095	4.154161
71	72	1.580534	0.467886	2.153309	4.201729
71	73	1.580534	0.460298	1.919117	3.959949
71	74	1.580534	0.426121	1.580000	3.586655
71	75	1.580534	0.432268	1.640998	3.653800
71	76	1.580534	0.422889	1.547929	3.551352
71	77	1.580534	0.406534	1.385649	3.372717
71	78	1.580534	0.409783	1.417881	3.408198
71	79	1.580534	0.483447	2.148815	4.212796
71	80	1.580534	0.427948	1.704059	3.712542
71	81	1.580534	0.423416	1.553161	3.557111
71	82	1.580534	0.456570	1.882126	3.919230
71	83	1.580534	0.441894	1.736508	3.758936
71	84	1.580534	0.397847	1.299451	3.277833
71	85	1.580534	0.448466	1.801722	3.830722
71	86	1.580534	0.467776	1.993316	4.041626
71	87	1.580534	0.382818	1.150326	3.113679
71	88	1.580534	0.463549	2.057302	4.101385
71	89	1.580534	0.417271	1.492182	3.489987
71	90	1.580534	0.399132	1.312197	3.291862
71	91	1.580534	0.441894	1.736508	3.758936
71	92	1.580534	0.432427	1.642573	3.655534
71	93	1.580534	0.365155	0.975069	2.920759
71	94	1.580534	0.382879	1.150934	3.114347
71	95	1.580534	0.403953	1.360034	3.344521
71	96	1.580534	0.437065	1.688594	3.706194
71	97	1.580534	0.463549	2.057302	4.101385
71	98	1.580534	0.364769	0.971234	2.916537
71	99	1.580534	0.366439	0.987801	2.934774
72	0	1.608159	0.411778	1.437684	3.457621
72	1	1.608159	0.421723	1.536359	3.566241
72	2	1.608159	0.435027	1.668374	3.711560
72	3	1.608159	0.396929	1.290346	3.295434
72	4	1.608159	0.427245	1.591150	3.626553
72	5	1.608159	0.423685	1.555824	3.587668
72	6	1.608159	0.388654	1.208237	3.205050
72	7	1.608159	0.437008	1.846915	3.892082
72	8	1.608159	0.396071	1.281825	3.286055
72	9	1.608159	0.433733	1.655528	3.697420
72	10	1.608159	0.399488	1.792406	3.800054
72	11	1.608159	0.437198	1.689916	3.735273
72	12	1.608159	0.348717	0.811958	2.768834
72	13	1.608159	0.394507	1.266312	3.268979
72	14	1.608159	0.388761	1.209294	3.206214
72	15	1.608159	0.410410	1.424108	3.442677
72	16	1.608159	0.365229	0.975802	2.949190
72	17	1.608159	0.437070	1.688643	3.733873
72	18	1.608159	0.432498	1.643271	3.683927
72	19	1.608159	0.365229	0.975802	2.949190
72	20	1.608159	0.442951	1.746996	3.798106
72	21	1.608159	0.433725	1.655451	3.697335
72	22	1.608159	0.462685	1.942801	4.013645
72	23	1.608159	0.424424	1.563162	3.595745
72	24	1.608159	0.423685	1.555824	3.587668
72	25	1.608159	0.413702	1.668627	3.690488
72	26	1.608159	0.462685	1.942801	4.013645
72	27	1.608159	0.396929	1.290346	3.295434
72	28	1.608159	0.427412	1.592806	3.628376
72	29	1.608159	0.398434	1.305271	3.311863
72	30	1.608159	0.411778	1.437684	3.457621
72	31	1.608159	0.410410	1.424108	3.442677
72	32	1.608159	0.417894	1.498362	3.524415
72	33	1.608159	0.401798	1.338656	3.348614
72	34	1.608159	0.421723	1.536359	3.566241
72	35	1.608159	0.397352	1.294540	3.300051
72	36	1.608159	0.421703	1.536163	3.566025
72	37	1.608159	0.427245	1.591150	3.626553
72	38	1.608159	0.459651	1.912698	3.980508
72	39	1.608159	0.446394	1.781156	3.835709
72	40	1.608159	0.406033	1.698459	3.712651
72	41	1.608159	0.472620	2.041381	4.122160
72	42	1.608159	0.414856	1.468219	3.491234
72	43	1.608159	0.406117	1.381511	3.395788
72	44	1.608159	0.432530	1.643588	3.684277
72	45	1.608159	0.424424	1.563162	3.595745
72	46	1.608159	0.388654	1.208237	3.205050
72	47	1.608159	0.396791	1.288973	3.293923
72	48	1.608159	0.396071	1.281825	3.286055
72	49	1.608159	0.406117	1.381511	3.395788
72	50	1.608159	0.396929	1.290346	3.295434
72	51	1.608159	0.470867	2.023991	4.103017
72	52	1.608159	0.432367	1.641980	3.682506
72	53	1.608159	0.393112	1.252466	3.253737
72	54	1.608159	0.393338	1.254714	3.256211
72	55	1.608159	0.401798	1.338656	3.348614
72	56	1.608159	0.382876	1.150901	3.141936
72	57	1.608159	0.396071	1.281825	3.286055
72	58	1.608159	0.418345	1.502844	3.529348
72	59	1.608159	0.493020	2.243804	4.344983
72	60	1.608159	0.449376	1.810743	3.868278
72	61	1.608159	0.446939	1.786565	3.841663
72	62	1.608159	0.411298	1.432919	3.452376
72	63	1.608159	0.408119	1.401371	3.417649
72	64	1.608159	0.366109	0.984532	2.958800
72	65	1.608159	0.389887	1.220468	3.218515
72	66	1.608159	0.456532	1.881750	3.946440
72	67	1.608159	0.470478	2.126059	4.204696
72	68	1.608159	0.493020	2.243804	4.344983
72	69	1.608159	0.432498	1.643271	3.683927
72	70	1.608159	0.396791	1.288973	3.293923
72	71	1.608159	0.445895	1.776210	3.830264
72	72	1.608159	0.404925	1.369681	3.382765
72	73	1.608159	0.431521	1.792471	3.832151
72	74	1.608159	0.435126	1.669347	3.712632
72	75	1.608159	0.379450	1.116911	3.104521
72	76	1.608159	0.393544	1.256758	3.258461
72	77	1.608159	0.414856	1.468219	3.491234
72	78	1.608159	0.450814	1.825019	3.883993
72	79	1.608159	0.382876	1.150901	3.141936
72	80	1.608159	0.396071	1.281825	3.286055
72	81	1.608159	0.394507	1.266312	3.268979
72	82	1.608159	0.438295	1.859688	3.906142
72	83	1.608159	0.422231	1.541406	3.571796
72	84	1.608159	0.414856	1.468219	3.491234
72	85	1.608159	0.462685	1.942801	4.013645
72	86	1.608159	0.435027	1.668374	3.711560
72	87	1.608159	0.414887	1.468530	3.491576
72	88	1.608159	0.422121	1.540311	3.570591
72	89	1.608159	0.396791	1.288973	3.293923
72	90	1.608159	0.437008	1.846915	3.892082
72	91	1.608159	0.470478	2.126059	4.204696
72	92	1.608159	0.424424	1.563162	3.595745
72	93	1.608159	0.411778	1.437684	3.457621
72	94	1.608159	0.414856	1.468219	3.491234
72	95	1.608159	0.389582	1.217437	3.215177
72	96	1.608159	0.412776	1.447584	3.468519
72	97	1.608159	0.459651	1.912698	3.980508
72	98	1.608159	0.406524	1.385551	3.400234
72	99	1.608159	0.429267	1.823070	3.860496
73	0	1.565733	0.464691	1.962709	3.993133
73	1	1.565733	0.434279	1.660950	3.660962
73	2	1.565733	0.433638	1.654582	3.653953
73	3	1.565733	0.410521	1.425206	3.401460
73	4	1.565733	0.454268	1.859285	3.879286
73	5	1.565733	0.441795	1.735521	3.743049
73	6	1.565733	0.421471	1.533857	3.521060
73	7	1.565733	0.405785	1.378217	3.349735
73	8	1.565733	0.444823	1.765571	3.776127
73	9	1.565733	0.433638	1.654582	3.653953
73	10	1.565733	0.442499	1.901398	3.909629
73	11	1.565733	0.386164	1.660198	3.612095
73	12	1.565733	0.430676	1.995943	3.992352
73	13	1.565733	0.390807	1.229601	3.186141
73	14	1.565733	0.370249	1.025613	2.961595
73	15	1.565733	0.392960	1.250963	3.209656
73	16	1.565733	0.429463	1.613161	3.608357
73	17	1.565733	0.430676	1.995943	3.992352
73	18	1.565733	0.429463	1.613161	3.608357
73	19	1.565733	0.424635	1.565251	3.555619
73	20	1.565733	0.448677	1.803815	3.818226
73	21	1.565733	0.445353	1.770829	3.781914
73	22	1.565733	0.390807	1.229601	3.186141
73	23	1.565733	0.398764	1.679297	3.643794
73	24	1.565733	0.412142	1.441288	3.419163
73	25	1.565733	0.441795	1.735521	3.743049
73	26	1.565733	0.444829	1.765625	3.776186
73	27	1.565733	0.431807	1.636417	3.633957
73	28	1.565733	0.371464	1.037661	2.974857
73	29	1.565733	0.428334	1.601954	3.596020
73	30	1.565733	0.426174	1.580525	3.572432
73	31	1.565733	0.373175	1.054642	2.993550
73	32	1.565733	0.412142	1.441288	3.419163
73	33	1.565733	0.452276	1.839520	3.857529
73	34	1.565733	0.455290	1.869434	3.890457
73	35	1.565733	0.431807	1.636417	3.633957
73	36	1.565733	0.392960	1.250963	3.209656
73	37	1.565733	0.438810	1.705904	3.710446
73	38	1.565733	0.357887	0.902945	2.826564
73	39	1.565733	0.431502	1.633390	3.630625
73	40	1.565733	0.410521	1.425206	3.401460
73	41	1.565733	0.387495	1.196735	3.149964
73	42	1.565733	0.395593	1.277086	3.238412
73	43	1.565733	0.467352	1.989112	4.022197
73	44	1.565733	0.473315	2.048282	4.087330
73	45	1.565733	0.452306	1.839822	3.857861
73	46	1.565733	0.414245	1.462160	3.442138
73	47	1.565733	0.460575	2.080758	4.107066
73	48	1.565733	0.396458	1.285664	3.247855
73	49	1.565733	0.466082	1.976514	4.008329
73	50	1.565733	0.412104	1.440920	3.418757
73	51	1.565733	0.392960	1.250963	3.209656
73	52	1.565733	0.406504	1.385353	3.357590
73	53	1.565733	0.421396	1.533118	3.520247
73	54	1.565733	0.410521	1.425206	3.401460
73	55	1.565733	0.470695	2.181180	4.217609
73	56	1.565733	0.404085	1.361352	3.331170
73	57	1.565733	0.412142	1.441288	3.419163
73	58	1.565733	0.412142	1.441288	3.419163
73	59	1.565733	0.479562	2.110267	4.155562
73	60	1.565733	0.417773	1.497170	3.480677
73	61	1.565733	0.400569	1.326460	3.292761
73	62	1.565733	0.449232	1.809320	3.824285
73	63	1.565733	0.388488	1.577328	3.531549
73	64	1.565733	0.428334	1.601954	3.596020
73	65	1.565733	0.396458	1.285664	3.247855
73	66	1.565733	0.390807	1.229601	3.186141
73	67	1.565733	0.414245	1.462160	3.442138
73	68	1.565733	0.454268	1.859285	3.879286
73	69	1.565733	0.429526	1.613785	3.609044
73	70	1.565733	0.395593	1.277086	3.238412
73	71	1.565733	0.444829	1.765625	3.776186
73	72	1.565733	0.371022	1.033280	2.970035
73	73	1.565733	0.354205	0.866411	2.786349
73	74	1.565733	0.433638	1.654582	3.653953
73	75	1.565733	0.419909	1.518360	3.504002
73	76	1.565733	0.421471	1.533857	3.521060
73	77	1.565733	0.421396	1.533118	3.520247
73	78	1.565733	0.421717	1.536298	3.523747
73	79	1.565733	0.424421	1.563134	3.553288
73	80	1.565733	0.410521	1.425206	3.401460
73	81	1.565733	0.403461	1.355154	3.324348
73	82	1.565733	0.354205	0.866411	2.786349
73	83	1.565733	0.428334	1.601954	3.596020
73	84	1.565733	0.371464	1.037661	2.974857
73	85	1.565733	0.429463	1.613161	3.608357
73	86	1.565733	0.357887	0.902945	2.826564
73	87	1.565733	0.470695	2.181180	4.217609
73	88	1.565733	0.464691	1.962709	3.993133
73	89	1.565733	0.439565	1.713397	3.718695
73	90	1.565733	0.477117	2.086011	4.128861
73	91	1.565733	0.397239	1.505276	3.468248
73	92	1.565733	0.417773	1.497170	3.480677
73	93	1.565733	0.502795	2.340797	4.409325
73	94	1.565733	0.455028	1.866829	3.887590
73	95	1.565733	0.441746	1.735039	3.742518
73	96	1.565733	0.495816	2.271544	4.333093
73	97	1.565733	0.441795	1.735521	3.743049
73	98	1.565733	0.439565	1.713397	3.718695
73	99	1.565733	0.452306	1.839822	3.857861
74	0	1.496501	0.463105	1.946975	3.906582
74	1	1.496501	0.387284	1.194641	3.078426
74	2	1.496501	0.417450	1.493965	3.407917
74	3	1.496501	0.431574	1.634108	3.562183
74	4	1.496501	0.412628	1.446115	3.355245
74	5	1.496501	0.418002	1.499437	3.413940
74	6	1.496501	0.403229	1.617668	3.517398
74	7	1.496501	0.444401	1.761381	3.702283
74	8	1.496501	0.418206	1.501467	3.416175
74	9	1.496501	0.473654	2.051647	4.021802
74	10	1.496501	0.450405	1.820955	3.767861
74	11	1.496501	0.432922	1.647481	3.576904
74	12	1.496501	0.427227	1.590978	3.514707
74	13	1.496501	0.370397	1.027076	2.893974
74	14	1.496501	0.455641	2.031804	3.983947
74	15	1.496501	0.465764	1.973354	3.935620
74	16	1.496501	0.369686	1.020023	2.886210
74	17	1.496501	0.360049	0.924400	2.780951
74	18	1.496501	0.453872	1.855359	3.805733
74	19	1.496501	0.440291	1.720603	3.657396
74	20	1.496501	0.450405	1.820955	3.767861
74	21	1.496501	0.450405	1.820961	3.767868
74	22	1.496501	0.473654	2.051647	4.021802
74	23	1.496501	0.400017	1.320979	3.217496
74	24	1.496501	0.441334	1.942805	3.880640
74	25	1.496501	0.430668	1.625118	3.552288
74	26	1.496501	0.431574	1.634108	3.562183
74	27	1.496501	0.453256	1.902212	3.851970
74	28	1.496501	0.448656	1.803600	3.748757
74	29	1.496501	0.431574	1.634108	3.562183
74	30	1.496501	0.469510	2.010526	3.976538
74	31	1.496501	0.407659	1.396809	3.300969
74	32	1.496501	0.453872	1.855359	3.805733
74	33	1.496501	0.432922	1.647481	3.576904
74	34	1.496501	0.469769	2.013092	3.979362
74	35	1.496501	0.446531	1.782520	3.725553
74	36	1.496501	0.407659	1.396809	3.300969
74	37	1.496501	0.466904	1.984667	3.948072
74	38	1.496501	0.441850	1.736069	3.674421
74	39	1.496501	0.421321	1.903120	3.820942
74	40	1.496501	0.406581	1.386117	3.289200
74	41	1.496501	0.353118	1.597115	3.446734
74	42	1.496501	0.446531	1.782520	3.725553
74	43	1.496501	0.483722	2.151548	4.131772
74	44	1.496501	0.426434	1.583102	3.506037
74	45	1.496501	0.442004	1.737600	3.676105
74	46	1.496501	0.370397	1.027076	2.893974
74	47	1.496501	0.416068	1.480251	3.392821
74	48	1.496501	0.415944	1.479014	3.391459
74	49	1.496501	0.393827	1.259560	3.149889
74	50	1.496501	0.430350	1.621965	3.548816
74	51	1.496501	0.417450	1.493965	3.407917
74	52	1.496501	0.369686	1.020023	2.886210
74	53	1.496501	0.417450	1.493965	3.407917
74	54	1.496501	0.486778	2.181871	4.165151
74	55	1.496501	0.376794	1.090548	2.963843
74	56	1.496501	0.427227	1.590978	3.514707
74	57	1.496501	0.421321	1.903120	3.820942
74	58	1.496501	0.399798	1.318812	3.215112
74	59	1.496501	0.469115	2.006611	3.972227
74	60	1.496501	0.418206	1.501467	3.416175
74	61	1.496501	0.415271	1.472336	3.384108
74	62	1.496501	0.404705	1.367503	3.268709
74	63	1.496501	0.393827	1.259560	3.149889
74	64	1.496501	0.424588	1.564784	3.485873
74	65	1.496501	0.376794	1.090548	2.963843
74	66	1.496501	0.456444	1.933847	3.886793
74	67	1.496501	0.358385	0.907888	2.762774
74	68	1.496501	0.410326	1.423270	3.330097
74	69	1.496501	0.446208	1.779309	3.722018
74	70	1.496501	0.442709	1.744594	3.683805
74	71	1.496501	0.401313	1.333845	3.231659
74	72	1.496501	0.404705	1.367503	3.268709
74	73	1.496501	0.405423	1.374625	3.276549
74	74	1.496501	0.469510	2.010526	3.976538
74	75	1.496501	0.456444	1.933847	3.886793
74	76	1.496501	0.446331	1.780529	3.723361
74	77	1.496501	0.441850	1.736069	3.674421
74	78	1.496501	0.369686	1.020023	2.886210
74	79	1.496501	0.465764	1.973354	3.935620
74	80	1.496501	0.415271	1.472336	3.384108
74	81	1.496501	0.465764	1.973354	3.935620
74	82	1.496501	0.446208	1.779309	3.722018
74	83	1.496501	0.412635	1.446181	3.355317
74	84	1.496501	0.489978	2.213616	4.200095
74	85	1.496501	0.489978	2.213616	4.200095
74	86	1.496501	0.342992	1.443677	3.283170
74	87	1.496501	0.479843	2.113060	4.089404
74	88	1.496501	0.410326	1.423270	3.330097
74	89	1.496501	0.412628	1.446115	3.355245
74	90	1.496501	0.473654	2.051647	4.021802
74	91	1.496501	0.422057	1.539678	3.458236
74	92	1.496501	0.451401	1.830839	3.778741
74	93	1.496501	0.440747	1.725124	3.662373
74	94	1.496501	0.462866	1.944597	3.903964
74	95	1.496501	0.462866	1.944597	3.903964
74	96	1.496501	0.407659	1.396809	3.300969
74	97	1.496501	0.511954	2.431676	4.440131
74	98	1.496501	0.406581	1.386117	3.289200
74	99	1.496501	0.430350	1.621965	3.548816
75	0	1.506592	0.392597	1.247360	3.146549
75	1	1.506592	0.421394	1.533100	3.461086
75	2	1.506592	0.440974	1.727382	3.674949
75	3	1.506592	0.419028	1.509623	3.435243
75	4	1.506592	0.435908	1.677111	3.619611
75	5	1.506592	0.413405	1.612713	3.532709
75	6	1.506592	0.422855	1.547588	3.477034
75	7	1.506592	0.440974	1.727382	3.674949
75	8	1.506592	0.486376	2.177882	4.170851
75	9	1.506592	0.421394	1.533100	3.461086
75	10	1.506592	0.437358	1.691503	3.635453
75	11	1.506592	0.419028	1.509623	3.435243
75	12	1.506592	0.421394	1.533100	3.461086
75	13	1.506592	0.437472	1.692625	3.636688
75	14	1.506592	0.440974	1.727382	3.674949
75	15	1.506592	0.360129	0.925197	2.791918
75	16	1.506592	0.412784	1.924335	3.843711
75	17	1.506592	0.437358	1.691503	3.635453
75	18	1.506592	0.422868	1.547726	3.477186
75	19	1.506592	0.432090	1.639226	3.577908
75	20	1.506592	0.419028	1.509623	3.435243
75	21	1.506592	0.482399	2.297308	4.286299
75	22	1.506592	0.461329	1.982313	3.950234
75	23	1.506592	0.354768	0.872004	2.733365
75	24	1.506592	0.473159	2.046734	4.026485
75	25	1.506592	0.462234	1.938333	3.907159
75	26	1.506592	0.422783	1.546873	3.476248
75	27	1.506592	0.432966	1.647920	3.587478
75	28	1.506592	0.431326	1.631642	3.569559
75	29	1.506592	0.452584	1.842578	3.801754
75	30	1.506592	0.447273	1.789879	3.743743
75	31	1.506592	0.439742	1.715153	3.661487
75	32	1.506592	0.354768	0.872004	2.733365
75	33	1.506592	0.435908	1.677111	3.619611
75	34	1.506592	0.392597	1.247360	3.146549
75	35	1.506592	0.447273	1.789879	3.743743
75	36	1.506592	0.372472	1.047663	2.926726
75	37	1.506592	0.411362	1.433555	3.351509
75	38	1.506592	0.418648	1.505845	3.431085
75	39	1.506592	0.415985	1.479426	3.402004
75	40	1.506592	0.482113	2.135583	4.124288
75	41	1.506592	0.415985	1.479426	3.402004
75	42	1.506592	0.457403	1.890398	3.854394
75	43	1.506592	0.476126	2.076171	4.058889
75	44	1.506592	0.415572	1.475329	3.397493
75	45	1.506592	0.459597	1.912166	3.878355
75	46	1.506592	0.419028	1.509623	3.435243
75	47	1.506592	0.419849	1.517768	3.444209
75	48	1.506592	0.411362	1.433555	3.351509
75	49	1.506592	0.426986	1.588587	3.522165
75	50	1.506592	0.495613	2.269535	4.271741
75	51	1.506592	0.360093	0.924836	2.791521
75	52	1.506592	0.435908	1.677111	3.619611
75	53	1.506592	0.411362	1.433555	3.351509
75	54	1.506592	0.446759	1.784779	3.738129
75	55	1.506592	0.436634	1.843205	3.786431
75	56	1.506592	0.413349	1.453272	3.373213
75	57	1.506592	0.417699	1.496431	3.420722
75	58	1.506592	0.434730	1.665425	3.606747
75	59	1.506592	0.380435	1.656320	3.543347
75	60	1.506592	0.454770	1.864267	3.825628
75	61	1.506592	0.417699	1.496431	3.420722
75	62	1.506592	0.422868	1.547726	3.477186
75	63	1.506592	0.398122	1.672921	3.577634
75	64	1.506592	0.422868	1.547726	3.477186
75	65	1.506592	0.372472	1.047663	2.926726
75	66	1.506592	0.368696	1.010199	2.885487
75	67	1.506592	0.426986	1.588587	3.522165
75	68	1.506592	0.393130	1.252647	3.152369
75	69	1.506592	0.401615	1.336835	3.245042
75	70	1.506592	0.457403	1.890398	3.854394
75	71	1.506592	0.409333	1.413417	3.329342
75	72	1.506592	0.354768	0.872004	2.733365
75	73	1.506592	0.473159	2.046734	4.026485
75	74	1.506592	0.468907	2.004544	3.980043
75	75	1.506592	0.440974	1.727382	3.674949
75	76	1.506592	0.393130	1.252647	3.152369
75	77	1.506592	0.495613	2.269535	4.271741
75	78	1.506592	0.435908	1.677111	3.619611
75	79	1.506592	0.415572	1.475329	3.397493
75	80	1.506592	0.393130	1.252647	3.152369
75	81	1.506592	0.422783	1.546873	3.476248
75	82	1.506592	0.360093	0.924836	2.791521
75	83	1.506592	0.437472	1.692625	3.636688
75	84	1.506592	0.431326	1.631642	3.569559
75	85	1.506592	0.482113	2.135583	4.124288
75	86	1.506592	0.447273	1.789879	3.743743
75	87	1.506592	0.368696	1.010199	2.885487
75	88	1.506592	0.410541	1.425408	3.342541
75	89	1.506592	0.353203	1.386104	3.245898
75	90	1.506592	0.446956	1.786732	3.740280
75	91	1.506592	0.437358	1.691503	3.635453
75	92	1.506592	0.382907	1.151208	3.040707
75	93	1.506592	0.382907	1.151208	3.040707
75	94	1.506592	0.439742	1.715153	3.661487
75	95	1.506592	0.378177	1.580948	3.465717
75	96	1.506592	0.485145	2.218633	4.210370
75	97	1.506592	0.424872	1.567605	3.499068
75	98	1.506592	0.486376	2.177882	4.170851
75	99	1.506592	0.371911	1.042099	2.920602
76	0	1.579500	0.382986	1.151995	3.114481
76	1	1.579500	0.412992	1.449724	3.442216
76	2	1.579500	0.353650	0.860908	2.794058
76	3	1.579500	0.398509	1.306019	3.284028
76	4	1.579500	0.423466	1.553652	3.556618
76	5	1.579500	0.460462	1.920752	3.960715
76	6	1.579500	0.384758	1.169572	3.133830
76	7	1.579500	0.492526	2.238905	4.310931
76	8	1.579500	0.412001	1.439892	3.431393
76	9	1.579500	0.392532	1.246713	3.218745
76	10	1.579500	0.382823	1.150377	3.112700
76	11	1.579500	0.398403	1.304967	3.282870
76	12	1.579500	0.384758	1.169572	3.133830
76	13	1.579500	0.435970	1.677721	3.693191
76	14	1.579500	0.425446	1.573300	3.578247
76	15	1.579500	0.426822	1.586955	3.593278
76	16	1.579500	0.398509	1.306019	3.284028
76	17	1.579500	0.425523	1.574068	3.579092
76	18	1.579500	0.392202	1.243434	3.215136
76	19	1.579500	0.446117	1.778409	3.804027
76	20	1.579500	0.422422	1.543297	3.545220
76	21	1.579500	0.406382	1.384141	3.370023
76	22	1.579500	0.446117	1.778409	3.804027
76	23	1.579500	0.425523	1.574068	3.579092
76	24	1.579500	0.382986	1.151995	3.114481
76	25	1.579500	0.449257	1.862531	3.891289
76	26	1.579500	0.456260	1.879058	3.914818
76	27	1.579500	0.406730	1.387592	3.373823
76	28	1.579500	0.386990	1.191719	3.158210
76	29	1.579500	0.417022	1.489710	3.486232
76	30	1.579500	0.415601	1.475619	3.470721
76	31	1.579500	0.385253	1.174491	3.139245
76	32	1.579500	0.330697	1.268717	3.178914
76	33	1.579500	0.398509	1.306019	3.284028
76	34	1.579500	0.433235	1.809479	3.822215
76	35	1.579500	0.425446	1.573300	3.578247
76	36	1.579500	0.414211	1.461827	3.455539
76	37	1.579500	0.450920	2.037924	4.068345
76	38	1.579500	0.415711	1.900421	3.895633
76	39	1.579500	0.426822	1.586955	3.593278
76	40	1.579500	0.461434	1.930391	3.971325
76	41	1.579500	0.420557	1.524790	3.524847
76	42	1.579500	0.432761	1.645889	3.658151
76	43	1.579500	0.387684	1.198605	3.165789
76	44	1.579500	0.425523	1.574068	3.579092
76	45	1.579500	0.398403	1.304967	3.282870
76	46	1.579500	0.416164	1.481203	3.476867
76	47	1.579500	0.398403	1.304967	3.282870
76	48	1.579500	0.408796	1.408095	3.396392
76	49	1.579500	0.386990	1.191719	3.158210
76	50	1.579500	0.430420	1.622654	3.632574
76	51	1.579500	0.405023	1.370656	3.355179
76	52	1.579500	0.402292	1.555407	3.537199
76	53	1.579500	0.416164	1.481203	3.476867
76	54	1.579500	0.423466	1.553652	3.556618
76	55	1.579500	0.416164	1.481203	3.476867
76	56	1.579500	0.437878	1.696654	3.714032
76	57	1.579500	0.414216	1.461876	3.455592
76	58	1.579500	0.349363	0.818371	2.747234
76	59	1.579500	0.442721	1.903601	3.925822
76	60	1.579500	0.502176	2.334653	4.416329
76	61	1.579500	0.392202	1.243434	3.215136
76	62	1.579500	0.417071	1.490200	3.486771
76	63	1.579500	0.468369	1.999201	4.047070
76	64	1.579500	0.411765	1.437547	3.428812
76	65	1.579500	0.481603	2.130517	4.191620
76	66	1.579500	0.432761	1.645889	3.658151
76	67	1.579500	0.462488	1.940850	3.982838
76	68	1.579500	0.449257	1.862531	3.891289
76	69	1.579500	0.416713	1.486644	3.482857
76	70	1.579500	0.489497	2.208849	4.277846
76	71	1.579500	0.412992	1.449724	3.442216
76	72	1.579500	0.454955	1.866104	3.900559
76	73	1.579500	0.400033	1.321141	3.300674
76	74	1.579500	0.415601	1.475619	3.470721
76	75	1.579500	0.502176	2.334653	4.416329
76	76	1.579500	0.425446	1.573300	3.578247
76	77	1.579500	0.433404	1.864116	3.877020
76	78	1.579500	0.386990	1.191719	3.158210
76	79	1.579500	0.436612	1.684095	3.700208
76	80	1.579500	0.425446	1.573300	3.578247
76	81	1.579500	0.432371	1.642013	3.653884
76	82	1.579500	0.448746	1.804492	3.832738
76	83	1.579500	0.406382	1.384141	3.370023
76	84	1.579500	0.432761	1.645889	3.658151
76	85	1.579500	0.387405	1.619554	3.586460
76	86	1.579500	0.422422	1.543297	3.545220
76	87	1.579500	0.436392	1.681916	3.697808
76	88	1.579500	0.392202	1.243434	3.215136
76	89	1.579500	0.432761	1.645889	3.658151
76	90	1.579500	0.388847	1.210146	3.178493
76	91	1.579500	0.425523	1.574068	3.579092
76	92	1.579500	0.432371	1.642013	3.653884
76	93	1.579500	0.440879	1.726435	3.746814
76	94	1.579500	0.491520	2.228919	4.299939
76	95	1.579500	0.402368	1.344310	3.326178
76	96	1.579500	0.382986	1.151995	3.114481
76	97	1.579500	0.365130	0.974815	2.919445
76	98	1.579500	0.468369	1.999201	4.047070
76	99	1.579500	0.354399	0.868339	2.802239
77	0	1.585739	0.438676	1.704577	3.728992
77	1	1.585739	0.416299	1.482545	3.484583
77	2	1.585739	0.430715	1.996333	4.012787
77	3	1.585739	0.411192	1.431869	3.428800
77	4	1.585739	0.403895	1.359460	3.349093
77	5	1.585739	0.439548	1.713226	3.738512
77	6	1.585739	0.466974	1.985363	4.038076
77	7	1.585739	0.394006	1.261335	3.241079
77	8	1.585739	0.402948	1.350066	3.338753
77	9	1.585739	0.402948	1.350066	3.338753
77	10	1.585739	0.394635	1.267578	3.247951
77	11	1.585739	0.388007	1.201811	3.175557
77	12	1.585739	0.434833	1.666440	3.687011
77	13	1.585739	0.455149	1.868027	3.908915
77	14	1.585739	0.388007	1.201811	3.175557
77	15	1.585739	0.421365	1.532812	3.539916
77	16	1.585739	0.424510	1.564014	3.574262
77	17	1.585739	0.403895	1.359460	3.349093
77	18	1.585739	0.457569	1.997974	4.041282
77	19	1.585739	0.418803	1.507389	3.511931
77	20	1.585739	0.357110	0.895234	2.838082
77	21	1.585739	0.446095	1.778187	3.810021
77	22	1.585739	0.415017	1.787604	3.788359
77	23	1.585739	0.481890	2.133364	4.200992
77	24	1.585739	0.493569	2.302215	4.381522
77	25	1.585739	0.425501	1.944598	3.955838
77	26	1.585739	0.426186	1.580647	3.592571
77	27	1.585739	0.465523	1.970962	4.022223
77	28	1.585739	0.452150	1.838275	3.876164
77	29	1.585739	0.389167	1.213322	3.188228
77	30	1.585739	0.411557	1.435488	3.432784
77	31	1.585739	0.418548	1.504861	3.509148
77	32	1.585739	0.388007	1.201811	3.175557
77	33	1.585739	0.388957	1.211235	3.185931
77	34	1.585739	0.382236	1.144550	3.112524
77	35	1.585739	0.392439	1.245794	3.223972
77	36	1.585739	0.490024	2.214078	4.289841
77	37	1.585739	0.425212	1.570976	3.581926
77	38	1.585739	0.392439	1.245794	3.223972
77	39	1.585739	0.450830	1.825171	3.861739
77	40	1.585739	0.444023	1.916525	3.946287
77	41	1.585739	0.453885	1.855492	3.895116
77	42	1.585739	0.446042	1.777666	3.809446
77	43	1.585739	0.375928	1.611600	3.573267
77	44	1.585739	0.453997	1.856598	3.896334
77	45	1.585739	0.423245	1.551466	3.560449
77	46	1.585739	0.388957	1.211235	3.185931
77	47	1.585739	0.446095	1.778187	3.810021
77	48	1.585739	0.404890	1.369334	3.359963
77	49	1.585739	0.392205	1.243465	3.221408
77	50	1.585739	0.418803	1.507389	3.511931
77	51	1.585739	0.425035	1.569227	3.580001
77	52	1.585739	0.399831	1.319141	3.304711
77	53	1.585739	0.471834	2.033587	4.091159
77	54	1.585739	0.480627	2.279726	4.346091
77	55	1.585739	0.402948	1.350066	3.338753
77	56	1.585739	0.425661	1.575438	3.586838
77	57	1.585739	0.422789	1.546942	3.555470
77	58	1.585739	0.408085	1.401038	3.394861
77	59	1.585739	0.413587	1.455627	3.454953
77	60	1.585739	0.411192	1.431869	3.428800
77	61	1.585739	0.475715	2.072093	4.133547
77	62	1.585739	0.434833	1.666440	3.687011
77	63	1.585739	0.349526	1.508515	3.443780
77	64	1.585739	0.455149	1.868027	3.908915
77	65	1.585739	0.403895	1.359460	3.349093
77	66	1.585739	0.411557	1.435488	3.432784
77	67	1.585739	0.438676	1.704577	3.728992
77	68	1.585739	0.452150	1.838275	3.876164
77	69	1.585739	0.456708	1.883503	3.925951
77	70	1.585739	0.513338	2.445410	4.544487
77	71	1.585739	0.446095	1.778187	3.810021
77	72	1.585739	0.466862	1.984249	4.036850
77	73	1.585739	0.423245	1.551466	3.560449
77	74	1.585739	0.425661	1.575438	3.586838
77	75	1.585739	0.389167	1.213322	3.188228
77	76	1.585739	0.434833	1.666440	3.687011
77	77	1.585739	0.438676	1.704577	3.728992
77	78	1.585739	0.455149	1.868027	3.908915
77	79	1.585739	0.423245	1.551466	3.560449
77	80	1.585739	0.446095	1.778187	3.810021
77	81	1.585739	0.434447	1.662611	3.682796
77	82	1.585739	0.405433	1.374726	3.365898
77	83	1.585739	0.396609	1.287170	3.269517
77	84	1.585739	0.389167	1.213322	3.188228
77	85	1.585739	0.408085	1.401038	3.394861
77	86	1.585739	0.386700	1.188840	3.161279
77	87	1.585739	0.425035	1.569227	3.580001
77	88	1.585739	0.388957	1.211235	3.185931
77	89	1.585739	0.399831	1.319141	3.304711
77	90	1.585739	0.396609	1.287170	3.269517
77	91	1.585739	0.437934	1.697216	3.720889
77	92	1.585739	0.367216	0.995512	2.948466
77	93	1.585739	0.418862	1.507975	3.512576
77	94	1.585739	0.394635	1.267578	3.247951
77	95	1.585739	0.452150	1.838275	3.876164
77	96	1.585739	0.399771	1.318544	3.304054
77	97	1.585739	0.386700	1.188840	3.161279
77	98	1.585739	0.426186	1.580647	3.592571
77	99	1.585739	0.444023	1.916525	3.946287
78	0	1.505742	0.413085	1.450646	3.369473
78	1	1.505742	0.361338	0.937192	2.804272
78	2	1.505742	0.401681	1.337497	3.244920
78	3	1.505742	0.446495	1.782163	3.734399
78	4	1.505742	0.445909	1.776350	3.728001
78	5	1.505742	0.417518	1.494635	3.417894
78	6	1.505742	0.428977	1.608339	3.543058
78	7	1.505742	0.428977	1.608339	3.543058
78	8	1.505742	0.416323	1.482780	3.404844
78	9	1.505742	0.431026	1.628670	3.565438
78	10	1.505742	0.470922	2.024539	4.001202
78	11	1.505742	0.345791	1.471451	3.322983
78	12	1.505742	0.422790	1.546952	3.475484
78	13	1.505742	0.414924	1.468902	3.389568
78	14	1.505742	0.502506	2.337933	4.346181
78	15	1.505742	0.413818	1.457927	3.377487
78	16	1.505742	0.458512	2.060290	4.024543
78	17	1.505742	0.455866	1.875143	3.836750
78	18	1.505742	0.447626	1.793386	3.746754
78	19	1.505742	0.431026	1.628670	3.565438
78	20	1.505742	0.428977	1.608339	3.543058
78	21	1.505742	0.413818	1.457927	3.377487
78	22	1.505742	0.475608	2.071033	4.052383
78	23	1.505742	0.434294	1.661099	3.601135
78	24	1.505742	0.424788	1.566771	3.497300
78	25	1.505742	0.467499	1.990569	3.963810
78	26	1.505742	0.441704	1.734620	3.682066
78	27	1.505742	0.411095	1.430903	3.347740
78	28	1.505742	0.411095	1.430903	3.347740
78	29	1.505742	0.380553	1.127854	3.014149
78	30	1.505742	0.473587	2.050976	4.030304
78	31	1.505742	0.401681	1.337497	3.244920
78	32	1.505742	0.465057	2.019308	3.990107
78	33	1.505742	0.500171	2.314758	4.320670
78	34	1.505742	0.460289	1.919035	3.885066
78	35	1.505742	0.437562	1.693524	3.636828
78	36	1.505742	0.450851	1.825385	3.781978
78	37	1.505742	0.373341	1.056294	2.935377
78	38	1.505742	0.425792	1.576739	3.508273
78	39	1.505742	0.380553	1.127854	3.014149
78	40	1.505742	0.424788	1.566771	3.497300
78	41	1.505742	0.361829	0.942065	2.809636
78	42	1.505742	0.412688	1.446714	3.365144
78	43	1.505742	0.398743	1.308337	3.212821
78	44	1.505742	0.417518	1.494635	3.417894
78	45	1.505742	0.373341	1.056294	2.935377
78	46	1.505742	0.404078	1.361275	3.271094
78	47	1.505742	0.438600	1.703818	3.648159
78	48	1.505742	0.386296	1.184835	3.076873
78	49	1.505742	0.411095	1.430903	3.347740
78	50	1.505742	0.472467	2.092836	4.071045
78	51	1.505742	0.400587	1.326642	3.232971
78	52	1.505742	0.368915	1.436081	3.310737
78	53	1.505742	0.386296	1.184835	3.076873
78	54	1.505742	0.353207	0.856511	2.715460
78	55	1.505742	0.404971	1.370142	3.280855
78	56	1.505742	0.400646	1.327221	3.233608
78	57	1.505742	0.470408	2.019435	3.995585
78	58	1.505742	0.439145	1.709227	3.654113
78	59	1.505742	0.457926	1.895583	3.859251
78	60	1.505742	0.436644	1.684416	3.626802
78	61	1.505742	0.386296	1.184835	3.076873
78	62	1.505742	0.455866	1.875143	3.836750
78	63	1.505742	0.415622	1.475826	3.397190
78	64	1.505742	0.386296	1.184835	3.076873
78	65	1.505742	0.447626	1.793386	3.746754
78	66	1.505742	0.403785	1.358368	3.267894
78	67	1.505742	0.425792	1.576739	3.508273
78	68	1.505742	0.477716	2.091946	4.075404
78	69	1.505742	0.400587	1.326642	3.232971
78	70	1.505742	0.441704	1.734620	3.682066
78	71	1.505742	0.436267	1.680674	3.622682
78	72	1.505742	0.388596	1.631366	3.525703
78	73	1.505742	0.447038	1.787552	3.740332
78	74	1.505742	0.467499	1.990569	3.963810
78	75	1.505742	0.472467	2.092836	4.071045
78	76	1.505742	0.473006	2.045219	4.023967
78	77	1.505742	0.380553	1.127854	3.014149
78	78	1.505742	0.436644	1.684416	3.626802
78	79	1.505742	0.416735	1.486864	3.409340
78	80	1.505742	0.500171	2.314758	4.320670
78	81	1.505742	0.479966	2.114281	4.099990
78	82	1.505742	0.473006	2.045219	4.023967
78	83	1.505742	0.471035	2.025662	4.002439
78	84	1.505742	0.425273	1.889371	3.820386
78	85	1.505742	0.448214	1.799222	3.753178
78	86	1.505742	0.502506	2.337933	4.346181
78	87	1.505742	0.400587	1.326642	3.232971
78	88	1.505742	0.436644	1.684416	3.626802
78	89	1.505742	0.467499	1.990569	3.963810
78	90	1.505742	0.436856	1.686522	3.629121
78	91	1.505742	0.475882	2.179684	4.161308
78	92	1.505742	0.415472	1.898045	3.819259
78	93	1.505742	0.373341	1.056294	2.935377
78	94	1.505742	0.401252	1.333235	3.240229
78	95	1.505742	0.386296	1.184835	3.076873
78	96	1.505742	0.427771	1.596372	3.529885
78	97	1.505742	0.445198	1.769288	3.720227
78	98	1.505742	0.401681	1.337497	3.244920
78	99	1.505742	0.470922	2.024539	4.001202
79	0	1.537837	0.465100	1.966773	3.969711
79	1	1.537837	0.442339	1.740922	3.721098
79	2	1.537837	0.430380	1.622258	3.590475
79	3	1.537837	0.438927	1.707064	3.683828
79	4	1.537837	0.390222	1.223790	3.151849
79	5	1.537837	0.445408	1.771374	3.754619
79	6	1.537837	0.410221	1.422236	3.370295
79	7	1.537837	0.450708	1.823960	3.812505
79	8	1.537837	0.469823	2.013634	4.021294
79	9	1.537837	0.403817	1.358691	3.300346
79	10	1.537837	0.436205	1.680056	3.654098
79	11	1.537837	0.449943	1.816369	3.804149
79	12	1.537837	0.463776	1.953632	3.955246
79	13	1.537837	0.432548	1.643772	3.614158
79	14	1.537837	0.442478	2.007124	3.987439
79	15	1.537837	0.399539	1.316244	3.253620
79	16	1.537837	0.449480	1.811774	3.799091
79	17	1.537837	0.442339	1.740922	3.721098
79	18	1.537837	0.449311	1.810104	3.797252
79	19	1.537837	0.435252	1.670600	3.643689
79	20	1.537837	0.410221	1.422236	3.370295
79	21	1.537837	0.486841	2.182497	4.207176
79	22	1.537837	0.442254	1.740076	3.720167
79	23	1.537837	0.405971	1.380059	3.323867
79	24	1.537837	0.475990	2.074820	4.088647
79	25	1.537837	0.414993	1.469581	3.422411
79	26	1.537837	0.465100	1.966773	3.969711
79	27	1.537837	0.399539	1.316244	3.253620
79	28	1.537837	0.399539	1.316244	3.253620
79	29	1.537837	0.417716	1.496604	3.452157
79	30	1.537837	0.397272	1.293743	3.228851
79	31	1.537837	0.449400	1.810984	3.798221
79	32	1.537837	0.471938	2.034617	4.044392
79	33	1.537837	0.416481	1.484344	3.438662
79	34	1.537837	0.390222	1.223790	3.151849
79	35	1.537837	0.417716	1.496604	3.452157
79	36	1.537837	0.465100	1.966773	3.969711
79	37	1.537837	0.442339	1.740922	3.721098
79	38	1.537837	0.442254	1.740076	3.720167
79	39	1.537837	0.413936	1.723912	3.675685
79	40	1.537837	0.490220	2.216026	4.244084
79	41	1.537837	0.459668	1.912866	3.910371
79	42	1.537837	0.442254	1.740076	3.720167
79	43	1.537837	0.438776	1.705566	3.682179
79	44	1.537837	0.404237	1.362856	3.304930
79	45	1.537837	0.430380	1.622258	3.590475
79	46	1.537837	0.410221	1.422236	3.370295
79	47	1.537837	0.405971	1.380059	3.323867
79	48	1.537837	0.471565	2.030922	4.040324
79	49	1.537837	0.447063	1.946692	3.931592
79	50	1.537837	0.457024	2.151452	4.146313
79	51	1.537837	0.432559	1.643882	3.614279
79	52	1.537837	0.365286	0.976364	2.879487
79	53	1.537837	0.449480	1.811774	3.799091
79	54	1.537837	0.424800	1.884679	3.847316
79	55	1.537837	0.405971	1.380059	3.323867
79	56	1.537837	0.408222	1.402399	3.348459
79	57	1.537837	0.411699	1.436902	3.386438
79	58	1.537837	0.417716	1.496604	3.452157
79	59	1.537837	0.426040	1.579192	3.543069
79	60	1.537837	0.497789	2.291127	4.326753
79	61	1.537837	0.372266	1.045621	2.955724
79	62	1.537837	0.394929	1.270500	3.203267
79	63	1.537837	0.394929	1.270500	3.203267
79	64	1.537837	0.444454	1.761909	3.744200
79	65	1.537837	0.460729	1.976365	3.974932
79	66	1.537837	0.396175	1.282857	3.216869
79	67	1.537837	0.396175	1.282857	3.216869
79	68	1.537837	0.410221	1.422236	3.370295
79	69	1.537837	0.357943	0.903504	2.799284
79	70	1.537837	0.375315	1.711437	3.624589
79	71	1.537837	0.392374	1.245145	3.175356
79	72	1.537837	0.460729	1.976365	3.974932
79	73	1.537837	0.436718	1.685150	3.659706
79	74	1.537837	0.410221	1.422236	3.370295
79	75	1.537837	0.449311	1.810104	3.797252
79	76	1.537837	0.426983	1.588549	3.553368
79	77	1.537837	0.397272	1.293743	3.228851
79	78	1.537837	0.445408	1.771374	3.754619
79	79	1.537837	0.432548	1.643772	3.614158
79	80	1.537837	0.457024	2.151452	4.146313
79	81	1.537837	0.460729	1.976365	3.974932
79	82	1.537837	0.402750	1.348097	3.288684
79	83	1.537837	0.447943	1.796530	3.782310
79	84	1.537837	0.391403	1.235513	3.164753
79	85	1.537837	0.422143	1.540529	3.500509
79	86	1.537837	0.444454	1.761909	3.744200
79	87	1.537837	0.392374	1.245145	3.175356
79	88	1.537837	0.471426	2.029540	4.038804
79	89	1.537837	0.411699	1.436902	3.386438
79	90	1.537837	0.378565	1.108123	3.024524
79	91	1.537837	0.433249	1.650723	3.621809
79	92	1.537837	0.439640	1.714140	3.691617
79	93	1.537837	0.426850	1.587237	3.551925
79	94	1.537837	0.448334	1.800407	3.786578
79	95	1.537837	0.448334	1.800407	3.786578
79	96	1.537837	0.465480	1.970536	3.973852
79	97	1.537837	0.412546	1.445301	3.395684
79	98	1.537837	0.414993	1.469581	3.422411
79	99	1.537837	0.449943	1.816369	3.804149
80	0	1.550602	0.412099	1.440868	3.403570
80	1	1.550602	0.402694	1.347541	3.300836
80	2	1.550602	0.394462	1.265866	3.210930
80	3	1.550602	0.447777	1.794884	3.793264
80	4	1.550602	0.440254	1.720229	3.711085
80	5	1.550602	0.426909	1.587821	3.565333
80	6	1.550602	0.421246	1.531625	3.503473
80	7	1.550602	0.447791	1.795025	3.793418
80	8	1.550602	0.426909	1.587821	3.565333
80	9	1.550602	0.420021	1.519475	3.490099
80	10	1.550602	0.434017	1.658346	3.642965
80	11	1.550602	0.414465	1.464343	3.429410
80	12	1.550602	0.453273	1.849415	3.853290
80	13	1.550602	0.414465	1.464343	3.429410
80	14	1.550602	0.412825	1.448071	3.411498
80	15	1.550602	0.451453	1.831352	3.833407
80	16	1.550602	0.416121	1.480771	3.447494
80	17	1.550602	0.370187	1.024993	2.945781
80	18	1.550602	0.400019	1.691748	3.642369
80	19	1.550602	0.410966	1.429620	3.391187
80	20	1.550602	0.451453	1.831352	3.833407
80	21	1.550602	0.416121	1.480771	3.447494
80	22	1.550602	0.466995	2.091502	4.109100
80	23	1.550602	0.412825	1.448071	3.411498
80	24	1.550602	0.403912	1.359627	3.314140
80	25	1.550602	0.416487	1.484407	3.451496
80	26	1.550602	0.435471	1.672775	3.658848
80	27	1.550602	0.503186	2.344677	4.398465
80	28	1.550602	0.371888	1.041869	2.964359
80	29	1.550602	0.406521	1.809224	3.766346
80	30	1.550602	0.392562	1.247014	3.190178
80	31	1.550602	0.429927	1.617761	3.598290
80	32	1.550602	0.452342	1.840179	3.843123
80	33	1.550602	0.406521	1.809224	3.766346
80	34	1.550602	0.451637	1.833184	3.835424
80	35	1.550602	0.357937	0.903448	2.811988
80	36	1.550602	0.402694	1.347541	3.300836
80	37	1.550602	0.421246	1.531625	3.503473
80	38	1.550602	0.424188	1.560821	3.535611
80	39	1.550602	0.424188	1.560821	3.535611
80	40	1.550602	0.484701	2.161255	4.196557
80	41	1.550602	0.444164	1.759032	3.753798
80	42	1.550602	0.471860	2.086812	4.109275
80	43	1.550602	0.421246	1.531625	3.503473
80	44	1.550602	0.452342	1.840179	3.843123
80	45	1.550602	0.421246	1.531625	3.503473
80	46	1.550602	0.446630	1.783502	3.780735
80	47	1.550602	0.457572	2.103926	4.112100
80	48	1.550602	0.392562	1.247014	3.190178
80	49	1.550602	0.429817	1.616669	3.597087
80	50	1.550602	0.421246	1.531625	3.503473
80	51	1.550602	0.499502	2.308121	4.358225
80	52	1.550602	0.453273	1.849415	3.853290
80	53	1.550602	0.451453	1.831352	3.833407
80	54	1.550602	0.437129	1.954041	3.941772
80	55	1.550602	0.450968	1.826543	3.828113
80	56	1.550602	0.403912	1.359627	3.314140
80	57	1.550602	0.453594	1.852604	3.856801
80	58	1.550602	0.403912	1.359627	3.314140
80	59	1.550602	0.471166	2.026958	4.048726
80	60	1.550602	0.435471	1.672775	3.658848
80	61	1.550602	0.440254	1.720229	3.711085
80	62	1.550602	0.446630	1.783502	3.780735
80	63	1.550602	0.438316	1.701002	3.689920
80	64	1.550602	0.370187	1.024993	2.945781
80	65	1.550602	0.410966	1.429620	3.391187
80	66	1.550602	0.414949	1.469142	3.434693
80	67	1.550602	0.401676	1.337448	3.289727
80	68	1.550602	0.461247	1.928533	3.940381
80	69	1.550602	0.453594	1.852604	3.856801
80	70	1.550602	0.454465	1.967171	3.972239
80	71	1.550602	0.499502	2.308121	4.358225
80	72	1.550602	0.451453	1.831352	3.833407
80	73	1.550602	0.402694	1.347541	3.300836
80	74	1.550602	0.416487	1.484407	3.451496
80	75	1.550602	0.471166	2.026958	4.048726
80	76	1.550602	0.447791	1.795025	3.793418
80	77	1.550602	0.426909	1.587821	3.565333
80	78	1.550602	0.409421	1.414289	3.374312
80	79	1.550602	0.439184	1.709616	3.699402
80	80	1.550602	0.424188	1.560821	3.535611
80	81	1.550602	0.437129	1.954041	3.941772
80	82	1.550602	0.420021	1.519475	3.490099
80	83	1.550602	0.487510	2.189136	4.227248
80	84	1.550602	0.459701	1.913196	3.923499
80	85	1.550602	0.412099	1.440868	3.403570
80	86	1.550602	0.426909	1.587821	3.565333
80	87	1.550602	0.403912	1.359627	3.314140
80	88	1.550602	0.413289	1.452671	3.416561
80	89	1.550602	0.413289	1.452671	3.416561
80	90	1.550602	0.440207	1.719771	3.710580
80	91	1.550602	0.445625	1.773528	3.769755
80	92	1.550602	0.454465	1.967171	3.972239
80	93	1.550602	0.415409	1.473708	3.439718
80	94	1.550602	0.464435	1.960171	3.975208
80	95	1.550602	0.420021	1.519475	3.490099
80	96	1.550602	0.394199	1.263251	3.208052
80	97	1.550602	0.410006	1.420093	3.380701
80	98	1.550602	0.423910	1.558057	3.532569
80	99	1.550602	0.410340	1.423415	3.384358
81	0	1.481474	0.389138	1.742674	3.613286
81	1	1.481474	0.453192	1.848614	3.783281
81	2	1.481474	0.431233	1.630720	3.543427
81	3	1.481474	0.433570	1.653914	3.568958
81	4	1.481474	0.452361	1.840364	3.774199
81	5	1.481474	0.407276	1.393013	3.281763
81	6	1.481474	0.408488	1.405035	3.294997
81	7	1.481474	0.445087	1.874119	3.800680
81	8	1.481474	0.411919	1.439077	3.332470
81	9	1.481474	0.480660	2.280056	4.242191
81	10	1.481474	0.391149	1.232988	3.105611
81	11	1.481474	0.442538	1.742892	3.666904
81	12	1.481474	0.396381	1.284909	3.162765
81	13	1.481474	0.420527	1.524497	3.426498
81	14	1.481474	0.435659	1.674645	3.591779
81	15	1.481474	0.429291	1.611454	3.522220
81	16	1.481474	0.393028	1.622381	3.496884
81	17	1.481474	0.488222	2.196192	4.165888
81	18	1.481474	0.429291	1.611454	3.522220
81	19	1.481474	0.466660	1.982248	3.930382
81	20	1.481474	0.440395	1.721635	3.643504
81	21	1.481474	0.488222	2.196192	4.165888
81	22	1.481474	0.432974	1.647996	3.562444
81	23	1.481474	0.466748	1.983120	3.931343
81	24	1.481474	0.466087	1.976561	3.924122
81	25	1.481474	0.435659	1.674645	3.591779
81	26	1.481474	0.396381	1.284909	3.162765
81	27	1.481474	0.459501	1.911216	3.852192
81	28	1.481474	0.432114	1.798354	3.711942
81	29	1.481474	0.409252	1.412620	3.303347
81	30	1.481474	0.431790	1.636255	3.549520
81	31	1.481474	0.420960	1.528791	3.431225
81	32	1.481474	0.468447	1.999977	3.949898
81	33	1.481474	0.415281	1.472440	3.369195
81	34	1.481474	0.429345	1.611989	3.522808
81	35	1.481474	0.450810	1.824979	3.757263
81	36	1.481474	0.442538	1.742892	3.666904
81	37	1.481474	0.449019	1.966095	3.896588
81	38	1.481474	0.432427	1.642572	3.556473
81	39	1.481474	0.408760	1.407738	3.297973
81	40	1.481474	0.408488	1.405035	3.294997
81	41	1.481474	0.410009	1.420127	3.311611
81	42	1.481474	0.408760	1.407738	3.297973
81	43	1.481474	0.431233	1.630720	3.543427
81	44	1.481474	0.467683	2.151294	4.100452
81	45	1.481474	0.399754	1.318373	3.199601
81	46	1.481474	0.453192	1.848614	3.783281
81	47	1.481474	0.420960	1.528791	3.431225
81	48	1.481474	0.459501	1.911216	3.852192
81	49	1.481474	0.404481	1.365276	3.251231
81	50	1.481474	0.465839	2.132988	4.080301
81	51	1.481474	0.456582	1.882250	3.820306
81	52	1.481474	0.420960	1.528791	3.431225
81	53	1.481474	0.409252	1.412620	3.303347
81	54	1.481474	0.440395	1.721635	3.643504
81	55	1.481474	0.440395	1.721635	3.643504
81	56	1.481474	0.404481	1.365276	3.251231
81	57	1.481474	0.416625	1.485772	3.383871
81	58	1.481474	0.459501	1.911216	3.852192
81	59	1.481474	0.480371	2.118290	4.080135
81	60	1.481474	0.425249	1.571348	3.478071
81	61	1.481474	0.427206	1.590767	3.499448
81	62	1.481474	0.450810	1.824979	3.757263
81	63	1.481474	0.429291	1.611454	3.522220
81	64	1.481474	0.435659	1.674645	3.591779
81	65	1.481474	0.450927	1.826136	3.758537
81	66	1.481474	0.391149	1.232988	3.105611
81	67	1.481474	0.474835	2.063361	4.019670
81	68	1.481474	0.391149	1.232988	3.105611
81	69	1.481474	0.416625	1.485772	3.383871
81	70	1.481474	0.431233	1.630720	3.543427
81	71	1.481474	0.439827	1.715997	3.637298
81	72	1.481474	0.488222	2.196192	4.165888
81	73	1.481474	0.453192	1.848614	3.783281
81	74	1.481474	0.409252	1.412620	3.303347
81	75	1.481474	0.425249	1.571348	3.478071
81	76	1.481474	0.482650	2.140912	4.105037
81	77	1.481474	0.420960	1.528791	3.431225
81	78	1.481474	0.376090	1.083564	2.941128
81	79	1.481474	0.425249	1.571348	3.478071
81	80	1.481474	0.404481	1.365276	3.251231
81	81	1.481474	0.466660	1.982248	3.930382
81	82	1.481474	0.466087	1.976561	3.924122
81	83	1.481474	0.427206	1.590767	3.499448
81	84	1.481474	0.426890	1.587628	3.495993
81	85	1.481474	0.480371	2.118290	4.080135
81	86	1.481474	0.409917	1.419220	3.310612
81	87	1.481474	0.434816	1.666274	3.582564
81	88	1.481474	0.452793	1.844655	3.778923
81	89	1.481474	0.351639	1.529482	3.362595
81	90	1.481474	0.420960	1.528791	3.431225
81	91	1.481474	0.428937	1.607944	3.518356
81	92	1.481474	0.467908	1.994634	3.944017
81	93	1.481474	0.434816	1.666274	3.582564
81	94	1.481474	0.409917	1.419220	3.310612
81	95	1.481474	0.411919	1.439077	3.332470
81	96	1.481474	0.426890	1.587628	3.495993
81	97	1.481474	0.381745	1.669313	3.532532
81	98	1.481474	0.411919	1.439077	3.332470
81	99	1.481474	0.439760	1.715332	3.636567
82	0	1.621676	0.432138	1.639705	3.693519
82	1	1.621676	0.435741	1.728420	3.785837
82	2	1.621676	0.398245	1.303395	3.323316
82	3	1.621676	0.490114	2.214966	4.326756
82	4	1.621676	0.427350	1.592190	3.641215
82	5	1.621676	0.436190	1.679909	3.737775
82	6	1.621676	0.398271	1.303655	3.323602
82	7	1.621676	0.425147	1.570335	3.617158
82	8	1.621676	0.348145	0.806281	2.776102
82	9	1.621676	0.407337	1.817328	3.846342
82	10	1.621676	0.397301	1.294032	3.313009
82	11	1.621676	0.399934	1.320164	3.341774
82	12	1.621676	0.425147	1.570335	3.617158
82	13	1.621676	0.448240	1.799474	3.869390
82	14	1.621676	0.410102	1.421050	3.452828
82	15	1.621676	0.351783	0.842382	2.815841
82	16	1.621676	0.464124	1.957086	4.042886
82	17	1.621676	0.410102	1.421050	3.452828
82	18	1.621676	0.415858	1.478163	3.515697
82	19	1.621676	0.432572	1.802897	3.857145
82	20	1.621676	0.433125	1.649496	3.704297
82	21	1.621676	0.401277	1.333483	3.356436
82	22	1.621676	0.426043	1.579221	3.626940
82	23	1.621676	0.364989	0.973421	2.960086
82	24	1.621676	0.413770	1.457446	3.492892
82	25	1.621676	0.383144	1.153565	3.158386
82	26	1.621676	0.410758	1.427556	3.459990
82	27	1.621676	0.383144	1.153565	3.158386
82	28	1.621676	0.493782	2.251368	4.366826
82	29	1.621676	0.398245	1.303395	3.323316
82	30	1.621676	0.425147	1.570335	3.617158
82	31	1.621676	0.413770	1.457446	3.492892
82	32	1.621676	0.399934	1.320164	3.341774
82	33	1.621676	0.392145	1.242873	3.256694
82	34	1.621676	0.462788	1.943825	4.028289
82	35	1.621676	0.392145	1.242873	3.256694
82	36	1.621676	0.398245	1.303395	3.323316
82	37	1.621676	0.397809	1.299075	3.318560
82	38	1.621676	0.383033	1.152460	3.157170
82	39	1.621676	0.417061	1.490101	3.528839
82	40	1.621676	0.398739	1.308297	3.328712
82	41	1.621676	0.462788	1.943825	4.028289
82	42	1.621676	0.490256	2.269346	4.381278
82	43	1.621676	0.480640	2.120963	4.223279
82	44	1.621676	0.419156	1.881635	3.922468
82	45	1.621676	0.348145	0.806281	2.776102
82	46	1.621676	0.382895	1.151085	3.155656
82	47	1.621676	0.427350	1.592190	3.641215
82	48	1.621676	0.459000	1.906238	3.986914
82	49	1.621676	0.425147	1.570335	3.617158
82	50	1.621676	0.435741	1.728420	3.785837
82	51	1.621676	0.407447	1.394708	3.423831
82	52	1.621676	0.410758	1.427556	3.459990
82	53	1.621676	0.469454	2.009969	4.101099
82	54	1.621676	0.400823	1.328978	3.351477
82	55	1.621676	0.413770	1.457446	3.492892
82	56	1.621676	0.351783	0.842382	2.815841
82	57	1.621676	0.433125	1.649496	3.704297
82	58	1.621676	0.422166	1.540756	3.584598
82	59	1.621676	0.469454	2.009969	4.101099
82	60	1.621676	0.407944	1.399640	3.429260
82	61	1.621676	0.392188	1.243296	3.257160
82	62	1.621676	0.493782	2.251368	4.366826
82	63	1.621676	0.422166	1.540756	3.584598
82	64	1.621676	0.494499	2.258481	4.374656
82	65	1.621676	0.383033	1.152460	3.157170
82	66	1.621676	0.405402	1.374416	3.401495
82	67	1.621676	0.410102	1.421050	3.452828
82	68	1.621676	0.442579	1.743300	3.807554
82	69	1.621676	0.426061	1.579409	3.627146
82	70	1.621676	0.392145	1.242873	3.256694
82	71	1.621676	0.415858	1.478163	3.515697
82	72	1.621676	0.395666	1.648559	3.665902
82	73	1.621676	0.397301	1.294032	3.313009
82	74	1.621676	0.458323	1.899521	3.979520
82	75	1.621676	0.408323	1.403401	3.433401
82	76	1.621676	0.419156	1.881635	3.922468
82	77	1.621676	0.448193	1.799014	3.868883
82	78	1.621676	0.459585	1.912050	3.993311
82	79	1.621676	0.403833	1.358845	3.384355
82	80	1.621676	0.435527	1.673330	3.730533
82	81	1.621676	0.401130	1.332029	3.354835
82	82	1.621676	0.494928	2.262734	4.379338
82	83	1.621676	0.400823	1.328978	3.351477
82	84	1.621676	0.382895	1.151085	3.155656
82	85	1.621676	0.391980	1.241234	3.254890
82	86	1.621676	0.404582	1.789990	3.816249
82	87	1.621676	0.356633	0.890502	2.868811
82	88	1.621676	0.410758	1.427556	3.459990
82	89	1.621676	0.398245	1.303395	3.323316
82	90	1.621676	0.441283	1.730439	3.793398
82	91	1.621676	0.364989	0.973421	2.960086
82	92	1.621676	0.452935	1.846057	3.920668
82	93	1.621676	0.435527	1.673330	3.730533
82	94	1.621676	0.432138	1.639705	3.693519
82	95	1.621676	0.430215	1.620625	3.672516
82	96	1.621676	0.410102	1.421050	3.452828
82	97	1.621676	0.467718	1.992744	4.082138
82	98	1.621676	0.436190	1.679909	3.737775
82	99	1.621676	0.392145	1.242873	3.256694
83	0	1.454753	0.396792	1.288985	3.140531
83	1	1.454753	0.461555	1.931593	3.847901
83	2	1.454753	0.481230	2.126821	4.062805
83	3	1.454753	0.430116	1.619635	3.504504
83	4	1.454753	0.423554	1.819346	3.697653
83	5	1.454753	0.409894	1.418989	3.283637
83	6	1.454753	0.408052	1.400706	3.263511
83	7	1.454753	0.417365	1.757935	3.630054
83	8	1.454753	0.445707	1.774338	3.674798
83	9	1.454753	0.387033	1.192145	3.033931
83	10	1.454753	0.424532	1.564230	3.443515
83	11	1.454753	0.435311	1.671186	3.561250
83	12	1.454753	0.364853	0.972070	2.791676
83	13	1.454753	0.419585	1.515151	3.389490
83	14	1.454753	0.478172	2.096471	4.029396
83	15	1.454753	0.428738	1.605965	3.489456
83	16	1.454753	0.413752	1.457263	3.325768
83	17	1.454753	0.398945	1.310342	3.164040
83	18	1.454753	0.440361	1.721294	3.616408
83	19	1.454753	0.384030	1.162355	3.001139
83	20	1.454753	0.368328	1.006549	2.829631
83	21	1.454753	0.406635	1.386652	3.248041
83	22	1.454753	0.371469	1.037712	2.863935
83	23	1.454753	0.426349	1.582260	3.463362
83	24	1.454753	0.477642	2.091217	4.023612
83	25	1.454753	0.409894	1.418989	3.283637
83	26	1.454753	0.384030	1.162355	3.001139
83	27	1.454753	0.431570	1.634071	3.520394
83	28	1.454753	0.403485	1.355397	3.213636
83	29	1.454753	0.449841	1.815360	3.719954
83	30	1.454753	0.435813	1.676167	3.566733
83	31	1.454753	0.432457	1.642872	3.530082
83	32	1.454753	0.483884	2.153152	4.091789
83	33	1.454753	0.406635	1.386652	3.248041
83	34	1.454753	0.419585	1.515151	3.389490
83	35	1.454753	0.478172	2.096471	4.029396
83	36	1.454753	0.435813	1.676167	3.566733
83	37	1.454753	0.413752	1.457263	3.325768
83	38	1.454753	0.481230	2.126821	4.062805
83	39	1.454753	0.408052	1.400706	3.263511
83	40	1.454753	0.445707	1.774338	3.674798
83	41	1.454753	0.429821	1.616713	3.501287
83	42	1.454753	0.428255	1.601176	3.484185
83	43	1.454753	0.414571	1.465390	3.334714
83	44	1.454753	0.413091	1.450714	3.318558
83	45	1.454753	0.419585	1.515151	3.389490
83	46	1.454753	0.406635	1.386652	3.248041
83	47	1.454753	0.481230	2.126821	4.062805
83	48	1.454753	0.461467	1.930718	3.846938
83	49	1.454753	0.384030	1.162355	3.001139
83	50	1.454753	0.441193	1.729550	3.625496
83	51	1.454753	0.418235	1.501748	3.374736
83	52	1.454753	0.408052	1.400706	3.263511
83	53	1.454753	0.440361	1.721294	3.616408
83	54	1.454753	0.392412	1.616264	3.463429
83	55	1.454753	0.461467	1.930718	3.846938
83	56	1.454753	0.364853	0.972070	2.791676
83	57	1.454753	0.428255	1.601176	3.484185
83	58	1.454753	0.484962	2.216809	4.156524
83	59	1.454753	0.482707	2.141474	4.078934
83	60	1.454753	0.448711	1.804144	3.707608
83	61	1.454753	0.424532	1.564230	3.443515
83	62	1.454753	0.414571	1.465390	3.334714
83	63	1.454753	0.402660	1.347211	3.204625
83	64	1.454753	0.467354	2.148020	4.070127
83	65	1.454753	0.482707	2.141474	4.078934
83	66	1.454753	0.389401	1.215641	3.059795
83	67	1.454753	0.411973	1.598505	3.465231
83	68	1.454753	0.460905	2.031067	3.946725
83	69	1.454753	0.386820	1.190032	3.031605
83	70	1.454753	0.475702	2.071969	4.002425
83	71	1.454753	0.388206	1.203793	3.046752
83	72	1.454753	0.389401	1.215641	3.059795
83	73	1.454753	0.464930	1.965077	3.884760
83	74	1.454753	0.408052	1.400706	3.263511
83	75	1.454753	0.406635	1.386652	3.248041
83	76	1.454753	0.441193	1.729550	3.625496
83	77	1.454753	0.461467	1.930718	3.846938
83	78	1.454753	0.387033	1.192145	3.033931
83	79	1.454753	0.371469	1.037712	2.863935
83	80	1.454753	0.427117	1.589885	3.471756
83	81	1.454753	0.356389	0.888088	2.699231
83	82	1.454753	0.403316	1.353719	3.211788
83	83	1.454753	0.435311	1.671186	3.561250
83	84	1.454753	0.433162	1.649859	3.537774
83	85	1.454753	0.453696	1.853615	3.762065
83	86	1.454753	0.438472	1.702556	3.595781
83	87	1.454753	0.414571	1.465390	3.334714
83	88	1.454753	0.288707	1.169852	2.913312
83	89	1.454753	0.409894	1.418989	3.283637
83	90	1.454753	0.398945	1.310342	3.164040
83	91	1.454753	0.453696	1.853615	3.762065
83	92	1.454753	0.419679	1.516083	3.390516
83	93	1.454753	0.408050	1.665506	3.528309
83	94	1.454753	0.453696	1.853615	3.762065
83	95	1.454753	0.443783	1.755247	3.653783
83	96	1.454753	0.451852	1.888275	3.794880
83	97	1.454753	0.409894	1.418989	3.283637
83	98	1.454753	0.398945	1.310342	3.164040
83	99	1.454753	0.398945	1.310342	3.164040
84	0	1.534097	0.426948	1.694129	3.655174
84	1	1.534097	0.440827	1.725924	3.700848
84	2	1.534097	0.406539	1.385699	3.326336
84	3	1.534097	0.356065	0.884873	2.775035
84	4	1.534097	0.386872	1.190552	3.111520
84	5	1.534097	0.501729	2.436145	4.471971
84	6	1.534097	0.443741	1.754838	3.732677
84	7	1.534097	0.410044	1.420477	3.364618
84	8	1.534097	0.439271	1.710484	3.683853
84	9	1.534097	0.494499	2.258482	4.287078
84	10	1.534097	0.371046	1.033514	2.938657
84	11	1.534097	0.460709	1.923202	3.918008
84	12	1.534097	0.467575	2.097255	4.098927
84	13	1.534097	0.415880	1.478379	3.428356
84	14	1.534097	0.439060	1.867278	3.840435
84	15	1.534097	0.480430	2.118880	4.133407
84	16	1.534097	0.446033	1.777576	3.757706
84	17	1.534097	0.430728	1.625715	3.590540
84	18	1.534097	0.484875	2.162988	4.181960
84	19	1.534097	0.442306	1.740598	3.717001
84	20	1.534097	0.472301	2.197107	4.203505
84	21	1.534097	0.448137	1.798452	3.780686
84	22	1.534097	0.422129	1.858168	3.814394
84	23	1.534097	0.415823	1.477819	3.427739
84	24	1.534097	0.369339	1.016575	2.920011
84	25	1.534097	0.421994	1.539049	3.495140
84	26	1.534097	0.395826	1.279401	3.209325
84	27	1.534097	0.389057	1.212227	3.135381
84	28	1.534097	0.430880	1.627222	3.592199
84	29	1.534097	0.429162	1.610174	3.573433
84	30	1.534097	0.445600	1.773281	3.752978
84	31	1.534097	0.431931	1.637647	3.603675
84	32	1.534097	0.448017	1.797259	3.779373
84	33	1.534097	0.466267	1.978347	3.978710
84	34	1.534097	0.422347	1.542548	3.498991
84	35	1.534097	0.404665	1.367105	3.305867
84	36	1.534097	0.389057	1.212227	3.135381
84	37	1.534097	0.452362	1.840373	3.826832
84	38	1.534097	0.443211	1.749577	3.726886
84	39	1.534097	0.405175	1.372160	3.311432
84	40	1.534097	0.434228	1.660443	3.628769
84	41	1.534097	0.466267	1.978347	3.978710
84	42	1.534097	0.443211	1.749577	3.726886
84	43	1.534097	0.430728	1.625715	3.590540
84	44	1.534097	0.446033	1.777576	3.757706
84	45	1.534097	0.404960	1.370034	3.309091
84	46	1.534097	0.464845	1.964240	3.963182
84	47	1.534097	0.405175	1.372160	3.311432
84	48	1.534097	0.433343	1.651662	3.619102
84	49	1.534097	0.484875	2.162988	4.181960
84	50	1.534097	0.465351	1.969257	3.968705
84	51	1.534097	0.467142	1.987030	3.988269
84	52	1.534097	0.430728	1.625715	3.590540
84	53	1.534097	0.423933	1.558294	3.516324
84	54	1.534097	0.443145	1.748920	3.726162
84	55	1.534097	0.396152	1.282633	3.212882
84	56	1.534097	0.396599	1.287065	3.217761
84	57	1.534097	0.444863	1.765963	3.744922
84	58	1.534097	0.448017	1.797259	3.779373
84	59	1.534097	0.352119	0.845715	2.731931
84	60	1.534097	0.448137	1.798452	3.780686
84	61	1.534097	0.404961	1.740783	3.679841
84	62	1.534097	0.389057	1.212227	3.135381
84	63	1.534097	0.396599	1.287065	3.217761
84	64	1.534097	0.430880	1.627222	3.592199
84	65	1.534097	0.444415	1.761520	3.740032
84	66	1.534097	0.442431	1.741837	3.718365
84	67	1.534097	0.442682	1.744324	3.721103
84	68	1.534097	0.448454	1.801599	3.784150
84	69	1.534097	0.470098	2.122285	4.126479
84	70	1.534097	0.463795	2.006779	4.004670
84	71	1.534097	0.466267	1.978347	3.978710
84	72	1.534097	0.439271	1.710484	3.683853
84	73	1.534097	0.443741	1.754838	3.732677
84	74	1.534097	0.415998	1.479558	3.429653
84	75	1.534097	0.448137	1.798452	3.780686
84	76	1.534097	0.415165	1.471287	3.420549
84	77	1.534097	0.448454	1.801599	3.784150
84	78	1.534097	0.431931	1.637647	3.603675
84	79	1.534097	0.455769	1.874178	3.864044
84	80	1.534097	0.446748	1.784669	3.765514
84	81	1.534097	0.386872	1.190552	3.111520
84	82	1.534097	0.406539	1.385699	3.326336
84	83	1.534097	0.352119	0.845715	2.731931
84	84	1.534097	0.407119	1.391448	3.332664
84	85	1.534097	0.448454	1.801599	3.784150
84	86	1.534097	0.437857	1.696445	3.668399
84	87	1.534097	0.356065	0.884873	2.775035
84	88	1.534097	0.448017	1.797259	3.779373
84	89	1.534097	0.449082	1.966721	3.949900
84	90	1.534097	0.415998	1.479558	3.429653
84	91	1.534097	0.446319	1.780413	3.760829
84	92	1.534097	0.395595	1.277106	3.206798
84	93	1.534097	0.410044	1.420477	3.364618
84	94	1.534097	0.370622	1.029310	2.934029
84	95	1.534097	0.430880	1.627222	3.592199
84	96	1.534097	0.448137	1.798452	3.780686
84	97	1.534097	0.386872	1.190552	3.111520
84	98	1.534097	0.507439	2.386878	4.428414
84	99	1.534097	0.395826	1.279401	3.209325
85	0	1.504558	0.457961	1.895930	3.858449
85	1	1.504558	0.470600	2.021345	3.996503
85	2	1.504558	0.431576	1.634127	3.570261
85	3	1.504558	0.455409	1.870611	3.830578
85	4	1.504558	0.451164	1.828487	3.784209
85	5	1.504558	0.372246	1.045421	2.922225
85	6	1.504558	0.407484	1.395072	3.307114
85	7	1.504558	0.395515	1.276307	3.176380
85	8	1.504558	0.447509	1.792221	3.744288
85	9	1.504558	0.440193	1.719631	3.664383
85	10	1.504558	0.414460	1.464289	3.383307
85	11	1.504558	0.431576	1.634127	3.570261
85	12	1.504558	0.372246	1.045421	2.922225
85	13	1.504558	0.473219	2.047330	4.025107
85	14	1.504558	0.374014	1.062968	2.941540
85	15	1.504558	0.409202	1.412122	3.325882
85	16	1.504558	0.447470	1.791839	3.743867
85	17	1.504558	0.395212	1.273302	3.173073
85	18	1.504558	0.464656	2.068289	4.037503
85	19	1.504558	0.360475	1.458260	3.323293
85	20	1.504558	0.447125	1.788408	3.740091
85	21	1.504558	0.432288	1.641188	3.578034
85	22	1.504558	0.414460	1.464289	3.383307
85	23	1.504558	0.401983	1.340491	3.247032
85	24	1.504558	0.447509	1.792221	3.744288
85	25	1.504558	0.446090	1.937033	3.887682
85	26	1.504558	0.455409	1.870611	3.830578
85	27	1.504558	0.398931	1.310211	3.213701
85	28	1.504558	0.465802	1.973735	3.944096
85	29	1.504558	0.423471	1.553709	3.481739
85	30	1.504558	0.431576	1.634127	3.570261
85	31	1.504558	0.395394	1.275114	3.175067
85	32	1.504558	0.438898	1.706781	3.650238
85	33	1.504558	0.438898	1.706781	3.650238
85	34	1.504558	0.370993	1.032987	2.908538
85	35	1.504558	0.457587	1.892217	3.854361
85	36	1.504558	0.458812	1.904372	3.867742
85	37	1.504558	0.500063	2.313689	4.318311
85	38	1.504558	0.416355	1.800883	3.721797
85	39	1.504558	0.395057	1.801408	3.701024
85	40	1.504558	0.473219	2.047330	4.025107
85	41	1.504558	0.365294	0.976440	2.846292
85	42	1.504558	0.374014	1.062968	2.941540
85	43	1.504558	0.489121	2.205120	4.198800
85	44	1.504558	0.454034	1.856965	3.815557
85	45	1.504558	0.465767	1.973388	3.943714
85	46	1.504558	0.464002	1.955872	3.924432
85	47	1.504558	0.412750	1.447328	3.364636
85	48	1.504558	0.408235	1.826234	3.739027
85	49	1.504558	0.395515	1.276307	3.176380
85	50	1.504558	0.451164	1.828487	3.784209
85	51	1.504558	0.428158	1.600212	3.532929
85	52	1.504558	0.482402	2.138449	4.125410
85	53	1.504558	0.461178	1.927856	3.893592
85	54	1.504558	0.390288	1.224447	3.119293
85	55	1.504558	0.443395	1.751398	3.699352
85	56	1.504558	0.409202	1.412122	3.325882
85	57	1.504558	0.461670	2.038662	4.004890
85	58	1.504558	0.513789	2.449889	4.468237
85	59	1.504558	0.513789	2.449889	4.468237
85	60	1.504558	0.422123	1.540328	3.467010
85	61	1.504558	0.500063	2.313689	4.318311
85	62	1.504558	0.422088	1.539977	3.466623
85	63	1.504558	0.407917	1.399372	3.311848
85	64	1.504558	0.415455	1.474164	3.394177
85	65	1.504558	0.473219	2.047330	4.025107
85	66	1.504558	0.465767	1.973388	3.943714
85	67	1.504558	0.464848	1.964270	3.933676
85	68	1.504558	0.454011	1.909705	3.868274
85	69	1.504558	0.431576	1.634127	3.570261
85	70	1.504558	0.374014	1.062968	2.941540
85	71	1.504558	0.413602	1.455777	3.373937
85	72	1.504558	0.476556	2.080440	4.061554
85	73	1.504558	0.402762	1.348222	3.255543
85	74	1.504558	0.445357	1.770867	3.720783
85	75	1.504558	0.423601	1.554999	3.483159
85	76	1.504558	0.432288	1.641188	3.578034
85	77	1.504558	0.401983	1.340491	3.247032
85	78	1.504558	0.428158	1.600212	3.532929
85	79	1.504558	0.440305	1.720743	3.665606
85	80	1.504558	0.415455	1.474164	3.394177
85	81	1.504558	0.487602	2.190040	4.182200
85	82	1.504558	0.423601	1.554999	3.483159
85	83	1.504558	0.457961	1.895930	3.858449
85	84	1.504558	0.443395	1.751398	3.699352
85	85	1.504558	0.447509	1.792221	3.744288
85	86	1.504558	0.453521	1.851875	3.809954
85	87	1.504558	0.421067	1.529846	3.455471
85	88	1.504558	0.386158	1.660137	3.550853
85	89	1.504558	0.412750	1.447328	3.364636
85	90	1.504558	0.447470	1.791839	3.743867
85	91	1.504558	0.421067	1.529846	3.455471
85	92	1.504558	0.422088	1.539977	3.466623
85	93	1.504558	0.453521	1.851875	3.809954
85	94	1.504558	0.470600	2.021345	3.996503
85	95	1.504558	0.402762	1.348222	3.255543
85	96	1.504558	0.498961	2.302750	4.306269
85	97	1.504558	0.424786	1.725640	3.654984
85	98	1.504558	0.464002	1.955872	3.924432
85	99	1.504558	0.395394	1.275114	3.175067
86	0	1.551156	0.431026	1.681632	3.663814
86	1	1.551156	0.449348	2.022324	4.022828
86	2	1.551156	0.444038	1.757779	3.752973
86	3	1.551156	0.426652	1.585272	3.563080
86	4	1.551156	0.393963	1.260915	3.206034
86	5	1.551156	0.381656	1.138800	3.071612
86	6	1.551156	0.437955	1.697426	3.686537
86	7	1.551156	0.426652	1.585272	3.563080
86	8	1.551156	0.408879	1.408914	3.368949
86	9	1.551156	0.425467	1.573507	3.550130
86	10	1.551156	0.437955	1.697426	3.686537
86	11	1.551156	0.437955	1.697426	3.686537
86	12	1.551156	0.439451	1.712271	3.702878
86	13	1.551156	0.466617	1.981816	3.999589
86	14	1.551156	0.420310	1.522341	3.493807
86	15	1.551156	0.461805	1.934075	3.947036
86	16	1.551156	0.324379	1.311960	3.187496
86	17	1.551156	0.426652	1.585272	3.563080
86	18	1.551156	0.451219	1.829033	3.831408
86	19	1.551156	0.418070	1.500111	3.469337
86	20	1.551156	0.388421	1.205926	3.145504
86	21	1.551156	0.445488	1.931060	3.927704
86	22	1.551156	0.439928	1.716998	3.708082
86	23	1.551156	0.406879	1.389066	3.347101
86	24	1.551156	0.449903	1.815980	3.817040
86	25	1.551156	0.368326	1.006533	2.926016
86	26	1.551156	0.488505	2.199004	4.238665
86	27	1.551156	0.505576	2.368390	4.425122
86	28	1.551156	0.403999	1.360496	3.315651
86	29	1.551156	0.390235	1.223918	3.165309
86	30	1.551156	0.388421	1.205926	3.145504
86	31	1.551156	0.419368	1.512995	3.483520
86	32	1.551156	0.415097	1.788392	3.754644
86	33	1.551156	0.437955	1.697426	3.686537
86	34	1.551156	0.447993	1.849990	3.849140
86	35	1.551156	0.444038	1.757779	3.752973
86	36	1.551156	0.353114	0.855589	2.759860
86	37	1.551156	0.459094	1.907179	3.917429
86	38	1.551156	0.455674	1.873243	3.880074
86	39	1.551156	0.417352	1.492987	3.461495
86	40	1.551156	0.408117	1.401350	3.360623
86	41	1.551156	0.393488	1.256197	3.200841
86	42	1.551156	0.474311	2.058167	4.083634
86	43	1.551156	0.426652	1.585272	3.563080
86	44	1.551156	0.410407	1.424076	3.385639
86	45	1.551156	0.424833	1.567217	3.543206
86	46	1.551156	0.406879	1.389066	3.347101
86	47	1.551156	0.393963	1.260915	3.206034
86	48	1.551156	0.394378	1.265034	3.210568
86	49	1.551156	0.419993	1.519197	3.490346
86	50	1.551156	0.464398	1.959802	3.975356
86	51	1.551156	0.445488	1.931060	3.927704
86	52	1.551156	0.403999	1.360496	3.315651
86	53	1.551156	0.451821	1.835003	3.837980
86	54	1.551156	0.388421	1.205926	3.145504
86	55	1.551156	0.413637	1.456129	3.420922
86	56	1.551156	0.451219	1.829033	3.831408
86	57	1.551156	0.466861	1.984243	4.002261
86	58	1.551156	0.393073	1.252078	3.196307
86	59	1.551156	0.353114	0.855589	2.759860
86	60	1.551156	0.393488	1.256197	3.200841
86	61	1.551156	0.370187	1.024999	2.946343
86	62	1.551156	0.405980	1.380154	3.337291
86	63	1.551156	0.370187	1.024999	2.946343
86	64	1.551156	0.439451	1.712271	3.702878
86	65	1.551156	0.398326	1.304205	3.253688
86	66	1.551156	0.411622	1.436132	3.398910
86	67	1.551156	0.419368	1.512995	3.483520
86	68	1.551156	0.419816	1.517442	3.488415
86	69	1.551156	0.488351	2.197479	4.236986
86	70	1.551156	0.426652	1.585272	3.563080
86	71	1.551156	0.425467	1.573507	3.550130
86	72	1.551156	0.465394	1.969685	3.986235
86	73	1.551156	0.417352	1.492987	3.461495
86	74	1.551156	0.403776	1.358285	3.313218
86	75	1.551156	0.422325	1.542330	3.515811
86	76	1.551156	0.334950	1.469812	3.355918
86	77	1.551156	0.447129	1.788453	3.786738
86	78	1.551156	0.447129	1.788453	3.786738
86	79	1.551156	0.401382	1.334531	3.287070
86	80	1.551156	0.391579	1.766898	3.709633
86	81	1.551156	0.368326	1.006533	2.926016
86	82	1.551156	0.488351	2.197479	4.236986
86	83	1.551156	0.419993	1.519197	3.490346
86	84	1.551156	0.428124	1.599872	3.579152
86	85	1.551156	0.424833	1.567217	3.543206
86	86	1.551156	0.512780	2.439873	4.503809
86	87	1.551156	0.465394	1.969685	3.986235
86	88	1.551156	0.410407	1.424076	3.385639
86	89	1.551156	0.403999	1.360496	3.315651
86	90	1.551156	0.422627	1.545329	3.519112
86	91	1.551156	0.411622	1.436132	3.398910
86	92	1.551156	0.412198	1.759629	3.722983
86	93	1.551156	0.429754	1.616046	3.596956
86	94	1.551156	0.428164	1.600271	3.579591
86	95	1.551156	0.446108	1.778323	3.775587
86	96	1.551156	0.462915	1.945087	3.959158
86	97	1.551156	0.412701	1.446838	3.410695
86	98	1.551156	0.408117	1.401350	3.360623
86	99	1.551156	0.403776	1.358285	3.313218
87	0	1.485625	0.402571	1.346326	3.234522
87	1	1.485625	0.453572	1.852379	3.791575
87	2	1.485625	0.498610	2.352231	4.336466
87	3	1.485625	0.433181	1.914867	3.833672
87	4	1.485625	0.470732	2.128580	4.084937
87	5	1.485625	0.424195	1.560893	3.470713
87	6	1.485625	0.446024	1.777489	3.709138
87	7	1.485625	0.413541	1.455177	3.354343
87	8	1.485625	0.392499	1.670094	3.548218
87	9	1.485625	0.446886	1.786039	3.718549
87	10	1.485625	0.417591	1.495364	3.398580
87	11	1.485625	0.366708	0.990479	2.842812
87	12	1.485625	0.448951	1.806532	3.741108
87	13	1.485625	0.410995	1.429908	3.326527
87	14	1.485625	0.353076	0.855206	2.693906
87	15	1.485625	0.421445	1.533606	3.440676
87	16	1.485625	0.455384	1.870363	3.811371
87	17	1.485625	0.383324	1.155348	3.024297
87	18	1.485625	0.406189	1.382229	3.274043
87	19	1.485625	0.407372	1.393967	3.286964
87	20	1.485625	0.410033	1.420368	3.316026
87	21	1.485625	0.441676	1.734341	3.661641
87	22	1.485625	0.473759	2.105648	4.065031
87	23	1.485625	0.436071	1.678727	3.600422
87	24	1.485625	0.482179	2.136237	4.104041
87	25	1.485625	0.427683	1.595499	3.508807
87	26	1.485625	0.445799	1.775254	3.706678
87	27	1.485625	0.433181	1.914867	3.833672
87	28	1.485625	0.453572	1.852379	3.791575
87	29	1.485625	0.424195	1.560893	3.470713
87	30	1.485625	0.449412	1.811104	3.746140
87	31	1.485625	0.431692	1.635282	3.552599
87	32	1.485625	0.425367	1.572522	3.483514
87	33	1.485625	0.445302	1.982181	3.913108
87	34	1.485625	0.449115	1.808154	3.742894
87	35	1.485625	0.395813	1.279267	3.160704
87	36	1.485625	0.365719	0.980661	2.832004
87	37	1.485625	0.446578	1.782985	3.715187
87	38	1.485625	0.433925	1.657439	3.576989
87	39	1.485625	0.441676	1.734341	3.661641
87	40	1.485625	0.421155	1.530725	3.437505
87	41	1.485625	0.415570	1.475306	3.376500
87	42	1.485625	0.399815	1.318982	3.204422
87	43	1.485625	0.421005	1.529239	3.435869
87	44	1.485625	0.441676	1.734341	3.661641
87	45	1.485625	0.406189	1.382229	3.274043
87	46	1.485625	0.420185	1.521101	3.426911
87	47	1.485625	0.356057	0.884786	2.726467
87	48	1.485625	0.356057	0.884786	2.726467
87	49	1.485625	0.454084	1.857461	3.797169
87	50	1.485625	0.498610	2.352231	4.336466
87	51	1.485625	0.434347	1.661618	3.581589
87	52	1.485625	0.379371	1.116118	2.981113
87	53	1.485625	0.414305	1.462754	3.362683
87	54	1.485625	0.365719	0.980661	2.832004
87	55	1.485625	0.414305	1.462754	3.362683
87	56	1.485625	0.365719	0.980661	2.832004
87	57	1.485625	0.399815	1.318982	3.204422
87	58	1.485625	0.448951	1.806532	3.741108
87	59	1.485625	0.391313	1.234619	3.111557
87	60	1.485625	0.410995	1.429908	3.326527
87	61	1.485625	0.470736	2.022692	3.979053
87	62	1.485625	0.433925	1.657439	3.576989
87	63	1.485625	0.498147	2.294674	4.278445
87	64	1.485625	0.407372	1.393967	3.286964
87	65	1.485625	0.414305	1.462754	3.362683
87	66	1.485625	0.446306	1.780286	3.712216
87	67	1.485625	0.425367	1.572522	3.483514
87	68	1.485625	0.446578	1.782985	3.715187
87	69	1.485625	0.447246	1.789613	3.722484
87	70	1.485625	0.433925	1.657439	3.576989
87	71	1.485625	0.453572	1.852379	3.791575
87	72	1.485625	0.398306	1.304003	3.187934
87	73	1.485625	0.432727	1.645550	3.563902
87	74	1.485625	0.445302	1.982181	3.913108
87	75	1.485625	0.421445	1.533606	3.440676
87	76	1.485625	0.432727	1.645550	3.563902
87	77	1.485625	0.455384	1.870363	3.811371
87	78	1.485625	0.398251	1.303454	3.187329
87	79	1.485625	0.423621	1.555190	3.464435
87	80	1.485625	0.449115	1.808154	3.742894
87	81	1.485625	0.498147	2.294674	4.278445
87	82	1.485625	0.459538	1.911577	3.856739
87	83	1.485625	0.498610	2.352231	4.336466
87	84	1.485625	0.413541	1.455177	3.354343
87	85	1.485625	0.406229	1.382619	3.274472
87	86	1.485625	0.380546	1.127786	2.993956
87	87	1.485625	0.434261	1.660772	3.580658
87	88	1.485625	0.487912	2.193123	4.166660
87	89	1.485625	0.401266	1.333375	3.220265
87	90	1.485625	0.419543	1.514734	3.419902
87	91	1.485625	0.406229	1.382619	3.274472
87	92	1.485625	0.437656	1.694451	3.617732
87	93	1.485625	0.398251	1.303454	3.187329
87	94	1.485625	0.433925	1.657439	3.576989
87	95	1.485625	0.362340	0.947135	2.795100
87	96	1.485625	0.383324	1.155348	3.024297
87	97	1.485625	0.467769	1.993255	3.946649
87	98	1.485625	0.427683	1.595499	3.508807
87	99	1.485625	0.468970	2.005171	3.959766
88	0	1.564409	0.408651	1.671474	3.644534
88	1	1.564409	0.472198	2.037202	4.073809
88	2	1.564409	0.384938	1.171358	3.120705
88	3	1.564409	0.433068	1.648936	3.646413
88	4	1.564409	0.389836	1.219963	3.174208
88	5	1.564409	0.443328	1.750734	3.758471
88	6	1.564409	0.501216	2.325131	4.390756
88	7	1.564409	0.449153	2.020388	4.033950
88	8	1.564409	0.399908	1.319899	3.284216
88	9	1.564409	0.413066	1.450460	3.427935
88	10	1.564409	0.424962	1.568502	3.557873
88	11	1.564409	0.389836	1.219963	3.174208
88	12	1.564409	0.408549	1.405642	3.378599
88	13	1.564409	0.389836	1.219963	3.174208
88	14	1.564409	0.453301	1.955618	3.973328
88	15	1.564409	0.394324	1.264497	3.223230
88	16	1.564409	0.467872	1.994277	4.026558
88	17	1.564409	0.435773	1.993557	3.993739
88	18	1.564409	0.436016	1.678180	3.678604
88	19	1.564409	0.453802	1.854660	3.872870
88	20	1.564409	0.399908	1.319899	3.284216
88	21	1.564409	0.419706	1.516345	3.500459
88	22	1.564409	0.467681	1.992378	4.024467
88	23	1.564409	0.400589	1.326654	3.291651
88	24	1.564409	0.405756	1.377924	3.348089
88	25	1.564409	0.414681	1.466486	3.445576
88	26	1.564409	0.401549	1.336180	3.302137
88	27	1.564409	0.453802	1.854660	3.872870
88	28	1.564409	0.424889	1.567776	3.557074
88	29	1.564409	0.384938	1.171358	3.120705
88	30	1.564409	0.394360	1.264846	3.223615
88	31	1.564409	0.475776	2.072704	4.112889
88	32	1.564409	0.389707	1.218684	3.172800
88	33	1.564409	0.423696	1.555936	3.544040
88	34	1.564409	0.319301	1.367499	3.251209
88	35	1.564409	0.367953	1.002831	2.935193
88	36	1.564409	0.400589	1.326654	3.291651
88	37	1.564409	0.416223	1.799572	3.780204
88	38	1.564409	0.431913	1.637471	3.633793
88	39	1.564409	0.391530	1.766403	3.722341
88	40	1.564409	0.456982	1.886220	3.907610
88	41	1.564409	0.400589	1.326654	3.291651
88	42	1.564409	0.424541	1.564322	3.553272
88	43	1.564409	0.459729	1.913476	3.937614
88	44	1.564409	0.405756	1.377924	3.348089
88	45	1.564409	0.400589	1.326654	3.291651
88	46	1.564409	0.408549	1.405642	3.378599
88	47	1.564409	0.411925	1.439136	3.415469
88	48	1.564409	0.453802	1.854660	3.872870
88	49	1.564409	0.430933	1.627743	3.623084
88	50	1.564409	0.407804	1.398252	3.370465
88	51	1.564409	0.415026	1.469909	3.449344
88	52	1.564409	0.459264	1.908856	3.932529
88	53	1.564409	0.438749	1.705303	3.708460
88	54	1.564409	0.439318	1.710943	3.714670
88	55	1.564409	0.508986	2.402230	4.475625
88	56	1.564409	0.466066	1.976353	4.006827
88	57	1.564409	0.424889	1.567776	3.557074
88	58	1.564409	0.384938	1.171358	3.120705
88	59	1.564409	0.384938	1.171358	3.120705
88	60	1.564409	0.400589	1.326654	3.291651
88	61	1.564409	0.433944	1.657626	3.655979
88	62	1.564409	0.431057	1.628981	3.624447
88	63	1.564409	0.381173	1.133999	3.079580
88	64	1.564409	0.431057	1.628981	3.624447
88	65	1.564409	0.471360	2.028884	4.064652
88	66	1.564409	0.394360	1.264846	3.223615
88	67	1.564409	0.418714	1.506506	3.489629
88	68	1.564409	0.459729	1.913476	3.937614
88	69	1.564409	0.389707	1.218684	3.172800
88	70	1.564409	0.446491	1.782118	3.793017
88	71	1.564409	0.454348	1.860079	3.878835
88	72	1.564409	0.435773	1.993557	3.993739
88	73	1.564409	0.389836	1.219963	3.174208
88	74	1.564409	0.501216	2.325131	4.390756
88	75	1.564409	0.452186	1.838627	3.855221
88	76	1.564409	0.431057	1.628981	3.624447
88	77	1.564409	0.415026	1.469909	3.449344
88	78	1.564409	0.414868	1.733165	3.712442
88	79	1.564409	0.424889	1.567776	3.557074
88	80	1.564409	0.436541	1.683390	3.684340
88	81	1.564409	0.407804	1.398252	3.370465
88	82	1.564409	0.422892	1.547962	3.535264
88	83	1.564409	0.466629	1.981941	4.012979
88	84	1.564409	0.405756	1.377924	3.348089
88	85	1.564409	0.411033	1.430289	3.405731
88	86	1.564409	0.394324	1.264497	3.223230
88	87	1.564409	0.486349	2.177614	4.228372
88	88	1.564409	0.389707	1.218684	3.172800
88	89	1.564409	0.472198	2.037202	4.073809
88	90	1.564409	0.423696	1.555936	3.544040
88	91	1.564409	0.438749	1.705303	3.708460
88	92	1.564409	0.401289	1.333605	3.299303
88	93	1.564409	0.378468	1.107165	3.050042
88	94	1.564409	0.378468	1.107165	3.050042
88	95	1.564409	0.466902	1.984653	4.015964
88	96	1.564409	0.486349	2.177614	4.228372
88	97	1.564409	0.378468	1.107165	3.050042
88	98	1.564409	0.393158	1.623672	3.581239
88	99	1.564409	0.446491	1.782118	3.793017
89	0	1.494931	0.439441	1.712168	3.646540
89	1	1.494931	0.398279	1.621522	3.514732
89	2	1.494931	0.449274	1.809735	3.753940
89	3	1.494931	0.368217	1.641007	3.504154
89	4	1.494931	0.429193	1.610485	3.534609
89	5	1.494931	0.409835	1.418402	3.323167
89	6	1.494931	0.453016	1.846867	3.794814
89	7	1.494931	0.357334	0.897458	2.749723
89	8	1.494931	0.393498	1.256294	3.144723
89	9	1.494931	0.426496	1.583722	3.505149
89	10	1.494931	0.439900	1.716723	3.651554
89	11	1.494931	0.471758	2.032829	3.999518
89	12	1.494931	0.406307	1.383391	3.284629
89	13	1.494931	0.419636	1.515655	3.430223
89	14	1.494931	0.413787	1.457612	3.366330
89	15	1.494931	0.412064	1.440521	3.347516
89	16	1.494931	0.457762	1.893953	3.846645
89	17	1.494931	0.451614	1.832954	3.779498
89	18	1.494931	0.415776	1.477347	3.388053
89	19	1.494931	0.449262	1.862583	3.806776
89	20	1.494931	0.357334	0.897458	2.749723
89	21	1.494931	0.409769	1.417749	3.322449
89	22	1.494931	0.409835	1.418402	3.323167
89	23	1.494931	0.414982	1.469476	3.379389
89	24	1.494931	0.446427	1.781481	3.722838
89	25	1.494931	0.409769	1.417749	3.322449
89	26	1.494931	0.449274	1.809735	3.753940
89	27	1.494931	0.454889	1.865448	3.815267
89	28	1.494931	0.358198	0.906030	2.759158
89	29	1.494931	0.407338	1.552520	3.454789
89	30	1.494931	0.414982	1.469476	3.379389
89	31	1.494931	0.418356	1.714811	3.628098
89	32	1.494931	0.456986	1.886255	3.838171
89	33	1.494931	0.414050	1.460227	3.369208
89	34	1.494931	0.426496	1.583722	3.505149
89	35	1.494931	0.462046	1.936466	3.893443
89	36	1.494931	0.358198	0.906030	2.759158
89	37	1.494931	0.391279	1.234280	3.120489
89	38	1.494931	0.374200	1.064817	2.933948
89	39	1.494931	0.499509	2.308196	4.302637
89	40	1.494931	0.371479	1.037811	2.904220
89	41	1.494931	0.483785	2.258100	4.236816
89	42	1.494931	0.405528	1.375666	3.276125
89	43	1.494931	0.426496	1.583722	3.505149
89	44	1.494931	0.406651	1.386812	3.288394
89	45	1.494931	0.453016	1.846867	3.794814
89	46	1.494931	0.418890	1.508247	3.422067
89	47	1.494931	0.457404	1.890400	3.842735
89	48	1.494931	0.462046	1.936466	3.893443
89	49	1.494931	0.413787	1.457612	3.366330
89	50	1.494931	0.456986	1.886255	3.838171
89	51	1.494931	0.405779	1.378158	3.278868
89	52	1.494931	0.399645	1.317288	3.211864
89	53	1.494931	0.412064	1.440521	3.347516
89	54	1.494931	0.457306	1.889437	3.841674
89	55	1.494931	0.484179	2.156079	4.135189
89	56	1.494931	0.419636	1.515655	3.430223
89	57	1.494931	0.445519	1.772473	3.712923
89	58	1.494931	0.457404	1.890400	3.842735
89	59	1.494931	0.439441	1.712168	3.646540
89	60	1.494931	0.406651	1.386812	3.288394
89	61	1.494931	0.456986	1.886255	3.838171
89	62	1.494931	0.409769	1.417749	3.322449
89	63	1.494931	0.416620	1.485726	3.397277
89	64	1.494931	0.457306	1.889437	3.841674
89	65	1.494931	0.358198	0.906030	2.759158
89	66	1.494931	0.468228	2.103730	4.066889
89	67	1.494931	0.471758	2.032829	3.999518
89	68	1.494931	0.462046	1.936466	3.893443
89	69	1.494931	0.357334	0.897458	2.749723
89	70	1.494931	0.391279	1.234280	3.120489
89	71	1.494931	0.498203	2.295235	4.288369
89	72	1.494931	0.439441	1.712168	3.646540
89	73	1.494931	0.406651	1.386812	3.288394
89	74	1.494931	0.445519	1.772473	3.712923
89	75	1.494931	0.441829	1.735861	3.672620
89	76	1.494931	0.399645	1.317288	3.211864
89	77	1.494931	0.429193	1.610485	3.534609
89	78	1.494931	0.458992	1.906158	3.860080
89	79	1.494931	0.462046	1.936466	3.893443
89	80	1.494931	0.472217	2.037388	4.004536
89	81	1.494931	0.393498	1.256294	3.144723
89	82	1.494931	0.428213	1.600756	3.523899
89	83	1.494931	0.451614	1.832954	3.779498
89	84	1.494931	0.412769	1.765298	3.672998
89	85	1.494931	0.409835	1.418402	3.323167
89	86	1.494931	0.426496	1.583722	3.505149
89	87	1.494931	0.508225	2.394677	4.397833
89	88	1.494931	0.457306	1.889437	3.841674
89	89	1.494931	0.428213	1.600756	3.523899
89	90	1.494931	0.497006	2.283357	4.275294
89	91	1.494931	0.456986	1.886255	3.838171
89	92	1.494931	0.415776	1.477347	3.388053
89	93	1.494931	0.497006	2.283357	4.275294
89	94	1.494931	0.445603	1.773311	3.713845
89	95	1.494931	0.405779	1.378158	3.278868
89	96	1.494931	0.361840	1.471806	3.328576
89	97	1.494931	0.371479	1.037811	2.904220
89	98	1.494931	0.320698	1.275435	3.091065
89	99	1.494931	0.439441	1.712168	3.646540
90	0	1.557433	0.398617	1.307091	3.263140
90	1	1.557433	0.468419	2.052664	4.078516
90	2	1.557433	0.414439	1.464080	3.435951
90	3	1.557433	0.443917	1.756578	3.757927
90	4	1.557433	0.402244	1.343084	3.302762
90	5	1.557433	0.445647	1.773744	3.776824
90	6	1.557433	0.408857	1.408699	3.374989
90	7	1.557433	0.437007	1.688013	3.682453
90	8	1.557433	0.434432	1.874324	3.866189
90	9	1.557433	0.430239	1.620860	3.608532
90	10	1.557433	0.404772	1.368166	3.330371
90	11	1.557433	0.422781	1.546860	3.527074
90	12	1.557433	0.468419	2.052664	4.078516
90	13	1.557433	0.441791	1.735480	3.734703
90	14	1.557433	0.459768	1.913858	3.931059
90	15	1.557433	0.408857	1.408699	3.374989
90	16	1.557433	0.395221	1.273390	3.226043
90	17	1.557433	0.449612	1.813085	3.820129
90	18	1.557433	0.435701	1.675056	3.668190
90	19	1.557433	0.437007	1.688013	3.682453
90	20	1.557433	0.495677	2.270173	4.323284
90	21	1.557433	0.402244	1.343084	3.302762
90	22	1.557433	0.475475	2.122679	4.155587
90	23	1.557433	0.486016	2.174304	4.217753
90	24	1.557433	0.489826	2.212117	4.259376
90	25	1.557433	0.458732	1.903585	3.919750
90	26	1.557433	0.443917	1.756578	3.757927
90	27	1.557433	0.445408	1.771377	3.774218
90	28	1.557433	0.421758	1.536709	3.515900
90	29	1.557433	0.411978	1.439666	3.409077
90	30	1.557433	0.420091	1.520169	3.497693
90	31	1.557433	0.407679	1.397010	3.362122
90	32	1.557433	0.489826	2.212117	4.259376
90	33	1.557433	0.397683	1.297827	3.252943
90	34	1.557433	0.437193	1.689862	3.684487
90	35	1.557433	0.434919	1.667301	3.659653
90	36	1.557433	0.415763	1.477218	3.450413
90	37	1.557433	0.403897	1.359482	3.320812
90	38	1.557433	0.404772	1.368166	3.330371
90	39	1.557433	0.368766	1.010896	2.937095
90	40	1.557433	0.368766	1.010896	2.937095
90	41	1.557433	0.409018	1.410298	3.376749
90	42	1.557433	0.369177	1.650539	3.577149
90	43	1.557433	0.427205	1.590756	3.575394
90	44	1.557433	0.455895	1.875433	3.888761
90	45	1.557433	0.403897	1.359482	3.320812
90	46	1.557433	0.385084	1.172814	3.115331
90	47	1.557433	0.466782	1.983463	4.007678
90	48	1.557433	0.448540	1.802453	3.808426
90	49	1.557433	0.399219	1.313062	3.269714
90	50	1.557433	0.411978	1.439666	3.409077
90	51	1.557433	0.454049	2.068965	4.080447
90	52	1.557433	0.372412	1.047072	2.976917
90	53	1.557433	0.460223	1.918377	3.936033
90	54	1.557433	0.425167	1.570530	3.553129
90	55	1.557433	0.466782	1.983463	4.007678
90	56	1.557433	0.450159	1.818513	3.826105
90	57	1.557433	0.408754	1.407671	3.373857
90	58	1.557433	0.422781	1.546860	3.527074
90	59	1.557433	0.398617	1.307091	3.263140
90	60	1.557433	0.404772	1.368166	3.330371
90	61	1.557433	0.425167	1.570530	3.553129
90	62	1.557433	0.447761	1.847690	3.852884
90	63	1.557433	0.449612	1.813085	3.820129
90	64	1.557433	0.449020	1.807219	3.813673
90	65	1.557433	0.397897	1.299951	3.255281
90	66	1.557433	0.414132	1.461036	3.432601
90	67	1.557433	0.445408	1.771377	3.774218
90	68	1.557433	0.443297	1.750431	3.751161
90	69	1.557433	0.399219	1.313062	3.269714
90	70	1.557433	0.427205	1.590756	3.575394
90	71	1.557433	0.460223	1.918377	3.936033
90	72	1.557433	0.443297	1.750431	3.751161
90	73	1.557433	0.400521	1.325986	3.283940
90	74	1.557433	0.357016	0.894307	2.808756
90	75	1.557433	0.357016	0.894307	2.808756
90	76	1.557433	0.397897	1.299951	3.255281
90	77	1.557433	0.351828	0.842831	2.752093
90	78	1.557433	0.437193	1.689862	3.684487
90	79	1.557433	0.464469	1.960503	3.982404
90	80	1.557433	0.399219	1.313062	3.269714
90	81	1.557433	0.409018	1.410298	3.376749
90	82	1.557433	0.385084	1.172814	3.115331
90	83	1.557433	0.415763	1.477218	3.450413
90	84	1.557433	0.391732	1.238774	3.187939
90	85	1.557433	0.455895	1.875433	3.888761
90	86	1.557433	0.425239	1.677172	3.659844
90	87	1.557433	0.435701	1.675056	3.668190
90	88	1.557433	0.455895	1.875433	3.888761
90	89	1.557433	0.414132	1.461036	3.432601
90	90	1.557433	0.450159	1.818513	3.826105
90	91	1.557433	0.391732	1.238774	3.187939
90	92	1.557433	0.421758	1.536709	3.515900
90	93	1.557433	0.430239	1.620860	3.608532
90	94	1.557433	0.460223	1.918377	3.936033
90	95	1.557433	0.472685	2.042032	4.072150
90	96	1.557433	0.430409	1.834406	3.822249
90	97	1.557433	0.403897	1.359482	3.320812
90	98	1.557433	0.351828	0.842831	2.752093
90	99	1.557433	0.445179	1.927994	3.930606
91	0	1.516670	0.460360	1.919739	3.896769
91	1	1.516670	0.424182	1.560756	3.501608
91	2	1.516670	0.407230	1.392551	3.316451
91	3	1.516670	0.405692	1.377289	3.299650
91	4	1.516670	0.444644	1.763794	3.725108
91	5	1.516670	0.472098	2.036205	4.024974
91	6	1.516670	0.444461	1.761980	3.723111
91	7	1.516670	0.403563	1.356166	3.276399
91	8	1.516670	0.416158	1.481142	3.413970
91	9	1.516670	0.358234	0.906395	2.781300
91	10	1.516670	0.450721	1.824094	3.791485
91	11	1.516670	0.450721	1.824094	3.791485
91	12	1.516670	0.471318	2.081434	4.069422
91	13	1.516670	0.371096	1.034015	2.921782
91	14	1.516670	0.458772	1.903979	3.879421
91	15	1.516670	0.458772	1.903979	3.879421
91	16	1.516670	0.457753	1.893872	3.868295
91	17	1.516670	0.395579	1.700657	3.612907
91	18	1.516670	0.456730	1.883718	3.857118
91	19	1.516670	0.471826	2.139436	4.127932
91	20	1.516670	0.388694	1.738263	3.643627
91	21	1.516670	0.442351	1.741046	3.700067
91	22	1.516670	0.442351	1.741046	3.700067
91	23	1.516670	0.435884	1.676875	3.629430
91	24	1.516670	0.420463	1.523857	3.460990
91	25	1.516670	0.379950	1.121870	3.018490
91	26	1.516670	0.409555	1.415624	3.341849
91	27	1.516670	0.428239	1.601019	3.545929
91	28	1.516670	0.461230	1.981332	3.959232
91	29	1.516670	0.456727	1.883691	3.857089
91	30	1.516670	0.460360	1.919739	3.896769
91	31	1.516670	0.416031	1.479884	3.412585
91	32	1.516670	0.506240	2.374984	4.397894
91	33	1.516670	0.438274	1.700587	3.655531
91	34	1.516670	0.411883	1.438724	3.367277
91	35	1.516670	0.375150	1.074237	2.966058
91	36	1.516670	0.449261	1.809610	3.775541
91	37	1.516670	0.428403	1.973392	3.918465
91	38	1.516670	0.409252	1.412622	3.338544
91	39	1.516670	0.456727	1.883691	3.857089
91	40	1.516670	0.441720	1.734778	3.693168
91	41	1.516670	0.444461	1.761980	3.723111
91	42	1.516670	0.435788	1.675924	3.628382
91	43	1.516670	0.405692	1.377289	3.299650
91	44	1.516670	0.475555	2.070511	4.062737
91	45	1.516670	0.454320	1.859802	3.830793
91	46	1.516670	0.436952	1.687468	3.641090
91	47	1.516670	0.457753	1.893872	3.868295
91	48	1.516670	0.457491	1.891269	3.865430
91	49	1.516670	0.436952	1.687468	3.641090
91	50	1.516670	0.450320	1.820112	3.787102
91	51	1.516670	0.456643	1.882855	3.856168
91	52	1.516670	0.431767	1.636021	3.584459
91	53	1.516670	0.405692	1.377289	3.299650
91	54	1.516670	0.492165	2.235318	4.244154
91	55	1.516670	0.441720	1.734778	3.693168
91	56	1.516670	0.436952	1.687468	3.641090
91	57	1.516670	0.416158	1.481142	3.413970
91	58	1.516670	0.450320	1.820112	3.787102
91	59	1.516670	0.417628	1.495726	3.430025
91	60	1.516670	0.411190	1.431850	3.359710
91	61	1.516670	0.405692	1.377289	3.299650
91	62	1.516670	0.409252	1.412622	3.338544
91	63	1.516670	0.444644	1.763794	3.725108
91	64	1.516670	0.468551	2.001014	3.986236
91	65	1.516670	0.450320	1.820112	3.787102
91	66	1.516670	0.438968	1.707477	3.663115
91	67	1.516670	0.433914	1.657330	3.607915
91	68	1.516670	0.406040	1.380745	3.303456
91	69	1.516670	0.420463	1.523857	3.460990
91	70	1.516670	0.442351	1.741046	3.700067
91	71	1.516670	0.424182	1.560756	3.501608
91	72	1.516670	0.441720	1.734778	3.693168
91	73	1.516670	0.416158	1.481142	3.413970
91	74	1.516670	0.492165	2.235318	4.244154
91	75	1.516670	0.456730	1.883718	3.857118
91	76	1.516670	0.409252	1.412622	3.338544
91	77	1.516670	0.358234	0.906395	2.781300
91	78	1.516670	0.431038	1.628792	3.576501
91	79	1.516670	0.401760	1.338278	3.256708
91	80	1.516670	0.460360	1.919739	3.896769
91	81	1.516670	0.419325	1.512565	3.448560
91	82	1.516670	0.513271	2.444745	4.474686
91	83	1.516670	0.457491	1.891269	3.865430
91	84	1.516670	0.460782	1.923923	3.901376
91	85	1.516670	0.464555	2.067293	4.048519
91	86	1.516670	0.449261	1.809610	3.775541
91	87	1.516670	0.456730	1.883718	3.857118
91	88	1.516670	0.377903	1.737121	3.631695
91	89	1.516670	0.475555	2.070511	4.062737
91	90	1.516670	0.379950	1.121870	3.018490
91	91	1.516670	0.456643	1.882855	3.856168
91	92	1.516670	0.455139	1.867929	3.839738
91	93	1.516670	0.441150	1.729125	3.686945
91	94	1.516670	0.468551	2.001014	3.986236
91	95	1.516670	0.454442	1.913976	3.885088
91	96	1.516670	0.417368	1.652043	3.586082
91	97	1.516670	0.441150	1.729125	3.686945
91	98	1.516670	0.379950	1.121870	3.018490
91	99	1.516670	0.455139	1.867929	3.839738
92	0	1.609589	0.448156	1.798639	3.856384
92	1	1.609589	0.390696	1.228491	3.228775
92	2	1.609589	0.455666	1.873161	3.938416
92	3	1.609589	0.398481	1.305743	3.313813
92	4	1.609589	0.366145	0.984887	2.960621
92	5	1.609589	0.396498	1.286070	3.292157
92	6	1.609589	0.458670	1.902966	3.971225
92	7	1.609589	0.441120	1.728830	3.779540
92	8	1.609589	0.458916	1.905412	3.973918
92	9	1.609589	0.439111	1.708892	3.757592
92	10	1.609589	0.425984	1.578644	3.614217
92	11	1.609589	0.470922	2.024538	4.105048
92	12	1.609589	0.458670	1.902966	3.971225
92	13	1.609589	0.445558	1.984716	4.039863
92	14	1.609589	0.428761	1.606197	3.644547
92	15	1.609589	0.458916	1.905412	3.973918
92	16	1.609589	0.384211	1.164146	3.157945
92	17	1.609589	0.436482	1.682811	3.728882
92	18	1.609589	0.411505	1.434971	3.456064
92	19	1.609589	0.411828	1.438179	3.459596
92	20	1.609589	0.407942	1.399615	3.417146
92	21	1.609589	0.411828	1.438179	3.459596
92	22	1.609589	0.413505	1.454821	3.477915
92	23	1.609589	0.396498	1.286070	3.292157
92	24	1.609589	0.370820	1.031276	3.011685
92	25	1.609589	0.443082	1.748293	3.800964
92	26	1.609589	0.441119	1.728819	3.779527
92	27	1.609589	0.435076	1.668855	3.713519
92	28	1.609589	0.391748	1.238934	3.240270
92	29	1.609589	0.441120	1.728830	3.779540
92	30	1.609589	0.425984	1.578644	3.614217
92	31	1.609589	0.437810	1.907835	3.955234
92	32	1.609589	0.436075	1.678771	3.724435
92	33	1.609589	0.483891	2.153224	4.246704
92	34	1.609589	0.447137	1.788530	3.845256
92	35	1.609589	0.423523	1.554222	3.587333
92	36	1.609589	0.410798	1.427961	3.448348
92	37	1.609589	0.399959	1.320403	3.329951
92	38	1.609589	0.457697	1.893311	3.960596
92	39	1.609589	0.442530	1.742819	3.794937
92	40	1.609589	0.392655	1.247937	3.250181
92	41	1.609589	0.524700	2.611117	4.745406
92	42	1.609589	0.407743	1.397641	3.414972
92	43	1.609589	0.419815	1.517431	3.546835
92	44	1.609589	0.498505	2.351197	4.459291
92	45	1.609589	0.434523	1.663370	3.707482
92	46	1.609589	0.435076	1.668855	3.713519
92	47	1.609589	0.447137	1.788530	3.845256
92	48	1.609589	0.452466	1.841405	3.903459
92	49	1.609589	0.457697	1.893311	3.960596
92	50	1.609589	0.391748	1.238934	3.240270
92	51	1.609589	0.442563	1.743146	3.795298
92	52	1.609589	0.474414	2.059187	4.143190
92	53	1.609589	0.423790	1.556869	3.590247
92	54	1.609589	0.447137	1.788530	3.845256
92	55	1.609589	0.420723	1.844222	3.874534
92	56	1.609589	0.445558	1.984716	4.039863
92	57	1.609589	0.406110	1.381436	3.397135
92	58	1.609589	0.428478	1.603391	3.641458
92	59	1.609589	0.456205	1.878505	3.944299
92	60	1.609589	0.454858	1.865138	3.929585
92	61	1.609589	0.357119	0.895327	2.862034
92	62	1.609589	0.396498	1.286070	3.292157
92	63	1.609589	0.378071	1.685825	3.673484
92	64	1.609589	0.452738	1.844109	3.906436
92	65	1.609589	0.357119	0.895327	2.862034
92	66	1.609589	0.436482	1.682811	3.728882
92	67	1.609589	0.384211	1.164146	3.157945
92	68	1.609589	0.470922	2.024538	4.105048
92	69	1.609589	0.399396	1.314820	3.323804
92	70	1.609589	0.421548	1.534627	3.565764
92	71	1.609589	0.357119	0.895327	2.862034
92	72	1.609589	0.357119	0.895327	2.862034
92	73	1.609589	0.407942	1.399615	3.417146
92	74	1.609589	0.423393	1.552932	3.585914
92	75	1.609589	0.458670	1.902966	3.971225
92	76	1.609589	0.412584	1.445679	3.467852
92	77	1.609589	0.391502	1.236489	3.237580
92	78	1.609589	0.407743	1.397641	3.414972
92	79	1.609589	0.406110	1.381436	3.397135
92	80	1.609589	0.442530	1.742819	3.794937
92	81	1.609589	0.438662	1.969255	4.017506
92	82	1.609589	0.391502	1.236489	3.237580
92	83	1.609589	0.441120	1.728830	3.779540
92	84	1.609589	0.399559	1.793114	3.802262
92	85	1.609589	0.448156	1.798639	3.856384
92	86	1.609589	0.469895	2.014344	4.093827
92	87	1.609589	0.427898	1.597631	3.635118
92	88	1.609589	0.457697	1.893311	3.960596
92	89	1.609589	0.463925	2.008078	4.081592
92	90	1.609589	0.410798	1.427961	3.448348
92	91	1.609589	0.444909	1.766423	3.820921
92	92	1.609589	0.444909	1.766423	3.820921
92	93	1.609589	0.412584	1.445679	3.467852
92	94	1.609589	0.406110	1.381436	3.397135
92	95	1.609589	0.435076	1.668855	3.713519
92	96	1.609589	0.390696	1.228491	3.228775
92	97	1.609589	0.446939	1.786567	3.843095
92	98	1.609589	0.427898	1.597631	3.635118
92	99	1.609589	0.448156	1.798639	3.856384
93	0	1.459294	0.452323	1.839986	3.751602
93	1	1.459294	0.471684	2.085063	4.016041
93	2	1.459294	0.428154	1.600171	3.487618
93	3	1.459294	0.458501	1.901287	3.819081
93	4	1.459294	0.372003	1.625619	3.456917
93	5	1.459294	0.425836	1.577175	3.462305
93	6	1.459294	0.483527	2.202578	4.145399
93	7	1.459294	0.428154	1.600171	3.487618
93	8	1.459294	0.411562	1.435537	3.306392
93	9	1.459294	0.448517	1.802223	3.710034
93	10	1.459294	0.411562	1.435537	3.306392
93	11	1.459294	0.436743	1.685393	3.581429
93	12	1.459294	0.388865	1.210328	3.058487
93	13	1.459294	0.446998	1.787149	3.693441
93	14	1.459294	0.449821	1.815159	3.724274
93	15	1.459294	0.434296	1.661119	3.554709
93	16	1.459294	0.423965	1.558602	3.441861
93	17	1.459294	0.426022	1.579018	3.464334
93	18	1.459294	0.471417	2.029453	3.960165
93	19	1.459294	0.376308	1.085734	2.921337
93	20	1.459294	0.425451	1.573355	3.458100
93	21	1.459294	0.401855	1.339222	3.200371
93	22	1.459294	0.367064	0.994010	2.820368
93	23	1.459294	0.458501	1.901287	3.819081
93	24	1.459294	0.452323	1.839986	3.751602
93	25	1.459294	0.410423	1.424237	3.293954
93	26	1.459294	0.410423	1.424237	3.293954
93	27	1.459294	0.363807	0.961684	2.784785
93	28	1.459294	0.417403	1.493493	3.370189
93	29	1.459294	0.489711	2.210971	4.159975
93	30	1.459294	0.441488	1.732481	3.633264
93	31	1.459294	0.471684	2.085063	4.016041
93	32	1.459294	0.475692	2.177796	4.112782
93	33	1.459294	0.367064	0.994010	2.820368
93	34	1.459294	0.363807	0.961684	2.784785
93	35	1.459294	0.449451	2.023345	3.932089
93	36	1.459294	0.440882	1.726467	3.626643
93	37	1.459294	0.402848	1.349068	3.211210
93	38	1.459294	0.427072	1.589434	3.475799
93	39	1.459294	0.392384	1.245243	3.096920
93	40	1.459294	0.424421	1.563135	3.446850
93	41	1.459294	0.427951	1.598162	3.485407
93	42	1.459294	0.420907	1.528266	3.408467
93	43	1.459294	0.427072	1.589434	3.475799
93	44	1.459294	0.451046	1.827320	3.737659
93	45	1.459294	0.488787	2.201798	4.149879
93	46	1.459294	0.353739	0.861792	2.674826
93	47	1.459294	0.363807	0.961684	2.784785
93	48	1.459294	0.353739	0.861792	2.674826
93	49	1.459294	0.435781	1.675855	3.570930
93	50	1.459294	0.458835	2.116464	4.034593
93	51	1.459294	0.418172	1.501123	3.378588
93	52	1.459294	0.402848	1.349068	3.211210
93	53	1.459294	0.363807	0.961684	2.784785
93	54	1.459294	0.354978	0.874080	2.688351
93	55	1.459294	0.424421	1.563135	3.446850
93	56	1.459294	0.450452	1.821423	3.731168
93	57	1.459294	0.367064	0.994010	2.820368
93	58	1.459294	0.369808	1.021238	2.850340
93	59	1.459294	0.483527	2.202578	4.145399
93	60	1.459294	0.436743	1.685393	3.581429
93	61	1.459294	0.428154	1.600171	3.487618
93	62	1.459294	0.481120	2.125725	4.066139
93	63	1.459294	0.452363	1.840381	3.752038
93	64	1.459294	0.416559	1.485123	3.360976
93	65	1.459294	0.392384	1.245243	3.096920
93	66	1.459294	0.446693	1.784128	3.690115
93	67	1.459294	0.450691	1.823791	3.733776
93	68	1.459294	0.449821	1.815159	3.724274
93	69	1.459294	0.397035	1.291397	3.147727
93	70	1.459294	0.424421	1.563135	3.446850
93	71	1.459294	0.418879	1.508143	3.386317
93	72	1.459294	0.449451	2.023345	3.932089
93	73	1.459294	0.497228	2.285556	4.242078
93	74	1.459294	0.398374	1.304679	3.162346
93	75	1.459294	0.489644	2.210308	4.159246
93	76	1.459294	0.367064	0.994010	2.820368
93	77	1.459294	0.479008	2.157738	4.096041
93	78	1.459294	0.450452	1.821423	3.731168
93	79	1.459294	0.397035	1.291397	3.147727
93	80	1.459294	0.469805	2.013456	3.942554
93	81	1.459294	0.450691	1.823791	3.733776
93	82	1.459294	0.418172	1.501123	3.378588
93	83	1.459294	0.367064	0.994010	2.820368
93	84	1.459294	0.452363	1.840381	3.752038
93	85	1.459294	0.376308	1.085734	2.921337
93	86	1.459294	0.446998	1.787149	3.693441
93	87	1.459294	0.462502	1.940991	3.862787
93	88	1.459294	0.411562	1.435537	3.306392
93	89	1.459294	0.437813	1.696014	3.593121
93	90	1.459294	0.450452	1.821423	3.731168
93	91	1.459294	0.353739	0.861792	2.674826
93	92	1.459294	0.437813	1.696014	3.593121
93	93	1.459294	0.446693	1.784128	3.690115
93	94	1.459294	0.418172	1.501123	3.378588
93	95	1.459294	0.440241	1.720105	3.619640
93	96	1.459294	0.434296	1.661119	3.554709
93	97	1.459294	0.422716	1.546213	3.428223
93	98	1.459294	0.376308	1.085734	2.921337
93	99	1.459294	0.418879	1.508143	3.386317
94	0	1.493980	0.369115	1.014361	2.877457
94	1	1.493980	0.420810	1.527298	3.442088
94	2	1.493980	0.421602	1.535163	3.450746
94	3	1.493980	0.386783	1.189664	3.070426
94	4	1.493980	0.422407	1.543144	3.459531
94	5	1.493980	0.378513	1.107607	2.980100
94	6	1.493980	0.477415	2.088964	4.060359
94	7	1.493980	0.438366	1.701502	3.633848
94	8	1.493980	0.428358	1.602197	3.524535
94	9	1.493980	0.387406	1.195854	3.077240
94	10	1.493980	0.356421	0.888399	2.738799
94	11	1.493980	0.356421	0.888399	2.738799
94	12	1.493980	0.394672	1.267943	3.156595
94	13	1.493980	0.472182	2.037043	4.003206
94	14	1.493980	0.388720	1.208887	3.091587
94	15	1.493980	0.412285	1.707528	3.613792
94	16	1.493980	0.387406	1.195854	3.077240
94	17	1.493980	0.423103	1.550055	3.467139
94	18	1.493980	0.369115	1.014361	2.877457
94	19	1.493980	0.367685	1.582767	3.444432
94	20	1.493980	0.424641	1.565312	3.483933
94	21	1.493980	0.420439	1.523623	3.438043
94	22	1.493980	0.356421	0.888399	2.738799
94	23	1.493980	0.480529	2.119862	4.094371
94	24	1.493980	0.470276	2.018126	3.982382
94	25	1.493980	0.409941	1.419458	3.323380
94	26	1.493980	0.438366	1.701502	3.633848
94	27	1.493980	0.478290	2.150607	4.122877
94	28	1.493980	0.443042	1.747901	3.684923
94	29	1.493980	0.435878	1.676810	3.606667
94	30	1.493980	0.353701	0.861411	2.709092
94	31	1.493980	0.410242	1.422437	3.326659
94	32	1.493980	0.425855	1.577365	3.497201
94	33	1.493980	0.423103	1.550055	3.467139
94	34	1.493980	0.399936	1.320176	3.214092
94	35	1.493980	0.410034	1.420374	3.324387
94	36	1.493980	0.389997	1.221555	3.105532
94	37	1.493980	0.357837	0.902452	2.754269
94	38	1.493980	0.388720	1.208887	3.091587
94	39	1.493980	0.369115	1.014361	2.877457
94	40	1.493980	0.369831	1.657024	3.520834
94	41	1.493980	0.493544	2.249002	4.236525
94	42	1.493980	0.458447	1.900753	3.853180
94	43	1.493980	0.387096	1.775379	3.656456
94	44	1.493980	0.466950	1.985124	3.946053
94	45	1.493980	0.408825	1.408381	3.311186
94	46	1.493980	0.391613	1.237589	3.123182
94	47	1.493980	0.409517	1.415247	3.318744
94	48	1.493980	0.387406	1.195854	3.077240
94	49	1.493980	0.458447	1.900753	3.853180
94	50	1.493980	0.456910	1.885502	3.836391
94	51	1.493980	0.410034	1.420374	3.324387
94	52	1.493980	0.476708	2.081945	4.052633
94	53	1.493980	0.423103	1.550055	3.467139
94	54	1.493980	0.424641	1.565312	3.483933
94	55	1.493980	0.422806	1.547111	3.463897
94	56	1.493980	0.463099	1.946918	3.903997
94	57	1.493980	0.458276	1.899058	3.851314
94	58	1.493980	0.435978	1.677808	3.607767
94	59	1.493980	0.371455	1.037581	2.903017
94	60	1.493980	0.420439	1.523623	3.438043
94	61	1.493980	0.410034	1.420374	3.324387
94	62	1.493980	0.435654	1.674595	3.604230
94	63	1.493980	0.422806	1.547111	3.463897
94	64	1.493980	0.451439	1.831216	3.776635
94	65	1.493980	0.461040	1.926482	3.881502
94	66	1.493980	0.444591	1.763270	3.701841
94	67	1.493980	0.443042	1.747901	3.684923
94	68	1.493980	0.388720	1.208887	3.091587
94	69	1.493980	0.472182	2.037043	4.003206
94	70	1.493980	0.393101	1.729031	3.616112
94	71	1.493980	0.438219	1.753010	3.685209
94	72	1.493980	0.509199	2.404342	4.407521
94	73	1.493980	0.471062	2.131859	4.096901
94	74	1.493980	0.432994	1.648197	3.575171
94	75	1.493980	0.398446	1.305394	3.197820
94	76	1.493980	0.408825	1.408381	3.311186
94	77	1.493980	0.373265	1.055540	2.922786
94	78	1.493980	0.424641	1.565312	3.483933
94	79	1.493980	0.390324	1.224802	3.109106
94	80	1.493980	0.399936	1.320176	3.214092
94	81	1.493980	0.425551	1.574341	3.493872
94	82	1.493980	0.431787	1.636217	3.561984
94	83	1.493980	0.488308	2.197046	4.179333
94	84	1.493980	0.428358	1.602197	3.524535
94	85	1.493980	0.480529	2.119862	4.094371
94	86	1.493980	0.420810	1.527298	3.442088
94	87	1.493980	0.389997	1.221555	3.105532
94	88	1.493980	0.461532	1.984326	3.939837
94	89	1.493980	0.463099	1.946918	3.903997
94	90	1.493980	0.402608	1.346689	3.243276
94	91	1.493980	0.421602	1.535163	3.450746
94	92	1.493980	0.419948	1.518744	3.432672
94	93	1.493980	0.390324	1.224802	3.109106
94	94	1.493980	0.394672	1.267943	3.156595
94	95	1.493980	0.477415	2.088964	4.060359
94	96	1.493980	0.435878	1.676810	3.606667
94	97	1.493980	0.463099	1.946918	3.903997
94	98	1.493980	0.438366	1.701502	3.633848
94	99	1.493980	0.391613	1.237589	3.123182
95	0	1.595556	0.369233	1.015526	2.980315
95	1	1.595556	0.422880	1.547843	3.566279
95	2	1.595556	0.427279	1.591492	3.614327
95	3	1.595556	0.446632	1.889446	3.931634
95	4	1.595556	0.426963	1.588358	3.610877
95	5	1.595556	0.415388	1.473503	3.484447
95	6	1.595556	0.425749	1.576309	3.597614
95	7	1.595556	0.387270	1.194499	3.177324
95	8	1.595556	0.444263	1.760015	3.799834
95	9	1.595556	0.398225	1.303197	3.296977
95	10	1.595556	0.438471	1.702543	3.736571
95	11	1.595556	0.415718	1.476778	3.488052
95	12	1.595556	0.438471	1.702543	3.736571
95	13	1.595556	0.465479	1.970530	4.031565
95	14	1.595556	0.450936	1.826226	3.872718
95	15	1.595556	0.392831	1.249682	3.238069
95	16	1.595556	0.459917	1.915336	3.970809
95	17	1.595556	0.389689	1.218500	3.203745
95	18	1.595556	0.424066	1.559609	3.579231
95	19	1.595556	0.427279	1.591492	3.614327
95	20	1.595556	0.424426	1.563179	3.583161
95	21	1.595556	0.418813	1.507487	3.521856
95	22	1.595556	0.424426	1.563179	3.583161
95	23	1.595556	0.389689	1.218500	3.203745
95	24	1.595556	0.375343	1.076151	3.047050
95	25	1.595556	0.386733	1.189170	3.171459
95	26	1.595556	0.459928	1.915453	3.970937
95	27	1.595556	0.470511	2.020462	4.086529
95	28	1.595556	0.386733	1.189170	3.171459
95	29	1.595556	0.460021	1.916367	3.971944
95	30	1.595556	0.430799	1.626421	3.652776
95	31	1.595556	0.399902	1.319840	3.315298
95	32	1.595556	0.387270	1.194499	3.177324
95	33	1.595556	0.459832	1.914496	3.969884
95	34	1.595556	0.432724	1.645522	3.673802
95	35	1.595556	0.389689	1.218500	3.203745
95	36	1.595556	0.432724	1.645522	3.673802
95	37	1.595556	0.419666	1.515952	3.531174
95	38	1.595556	0.405500	1.375391	3.376448
95	39	1.595556	0.405500	1.375391	3.376448
95	40	1.595556	0.389689	1.218500	3.203745
95	41	1.595556	0.449035	1.807365	3.851956
95	42	1.595556	0.352030	0.844828	2.792414
95	43	1.595556	0.419666	1.515952	3.531174
95	44	1.595556	0.399902	1.319840	3.315298
95	45	1.595556	0.357408	0.898191	2.851154
95	46	1.595556	0.466531	1.980963	4.043049
95	47	1.595556	0.392831	1.249682	3.238069
95	48	1.595556	0.399902	1.319840	3.315298
95	49	1.595556	0.357408	0.898191	2.851154
95	50	1.595556	0.458376	2.005980	4.059912
95	51	1.595556	0.405357	1.797681	3.798594
95	52	1.595556	0.426894	1.587668	3.610118
95	53	1.595556	0.369233	1.015526	2.980315
95	54	1.595556	0.415388	1.473503	3.484447
95	55	1.595556	0.435469	1.672752	3.703776
95	56	1.595556	0.426866	1.587396	3.609818
95	57	1.595556	0.453393	1.850604	3.899552
95	58	1.595556	0.448043	1.797524	3.841123
95	59	1.595556	0.432159	1.639909	3.667624
95	60	1.595556	0.352030	0.844828	2.792414
95	61	1.595556	0.435469	1.672752	3.703776
95	62	1.595556	0.415388	1.473503	3.484447
95	63	1.595556	0.488466	2.198621	4.282643
95	64	1.595556	0.405426	1.374649	3.375630
95	65	1.595556	0.426963	1.588358	3.610877
95	66	1.595556	0.387270	1.194499	3.177324
95	67	1.595556	0.419631	1.515602	3.530789
95	68	1.595556	0.497633	2.289580	4.382769
95	69	1.595556	0.426963	1.588358	3.610877
95	70	1.595556	0.378755	1.110008	3.084318
95	71	1.595556	0.456031	2.035675	4.087262
95	72	1.595556	0.405426	1.374649	3.375630
95	73	1.595556	0.456031	2.035675	4.087262
95	74	1.595556	0.352572	1.538735	3.486862
95	75	1.595556	0.462405	1.940023	3.997983
95	76	1.595556	0.432159	1.639909	3.667624
95	77	1.595556	0.427279	1.591492	3.614327
95	78	1.595556	0.462405	1.940023	3.997983
95	79	1.595556	0.430799	1.626421	3.652776
95	80	1.595556	0.430799	1.626421	3.652776
95	81	1.595556	0.443745	1.754869	3.794170
95	82	1.595556	0.436200	1.944825	3.976580
95	83	1.595556	0.461635	1.932385	3.989576
95	84	1.595556	0.445089	1.980060	4.020704
95	85	1.595556	0.445089	1.980060	4.020704
95	86	1.595556	0.456914	1.938506	3.990976
95	87	1.595556	0.378755	1.110008	3.084318
95	88	1.595556	0.449035	1.807365	3.851956
95	89	1.595556	0.378755	1.110008	3.084318
95	90	1.595556	0.408453	1.404685	3.408693
95	91	1.595556	0.437437	1.692278	3.725271
95	92	1.595556	0.390318	1.224746	3.210620
95	93	1.595556	0.422880	1.547843	3.566279
95	94	1.595556	0.444263	1.760015	3.799834
95	95	1.595556	0.458669	1.902952	3.957177
95	96	1.595556	0.390318	1.224746	3.210620
95	97	1.595556	0.435605	1.674104	3.705265
95	98	1.595556	0.386733	1.189170	3.171459
95	99	1.595556	0.475262	2.067603	4.138421
96	0	1.540281	0.407548	1.395704	3.343533
96	1	1.540281	0.393733	1.258633	3.192648
96	2	1.540281	0.460822	1.924322	3.925426
96	3	1.540281	0.389294	1.214581	3.144156
96	4	1.540281	0.453624	1.852894	3.846799
96	5	1.540281	0.384089	1.162937	3.087307
96	6	1.540281	0.407548	1.395704	3.343533
96	7	1.540281	0.434644	1.664567	3.639492
96	8	1.540281	0.461658	1.932615	3.934555
96	9	1.540281	0.389977	1.221359	3.151617
96	10	1.540281	0.437831	1.696193	3.674306
96	11	1.540281	0.410304	1.423054	3.373639
96	12	1.540281	0.383368	1.155783	3.079432
96	13	1.540281	0.505709	2.369708	4.415698
96	14	1.540281	0.425082	1.569686	3.535049
96	15	1.540281	0.384717	1.169172	3.094170
96	16	1.540281	0.349783	0.822531	2.712595
96	17	1.540281	0.364159	0.965180	2.869620
96	18	1.540281	0.431445	1.632825	3.604551
96	19	1.540281	0.463344	1.949345	3.952970
96	20	1.540281	0.427828	1.596933	3.565042
96	21	1.540281	0.408848	1.408606	3.357735
96	22	1.540281	0.400380	1.324587	3.265248
96	23	1.540281	0.472221	2.037424	4.049926
96	24	1.540281	0.415021	1.469856	3.425158
96	25	1.540281	0.415021	1.469856	3.425158
96	26	1.540281	0.387707	1.198835	3.126823
96	27	1.540281	0.486026	2.227367	4.253674
96	28	1.540281	0.429460	1.613131	3.582873
96	29	1.540281	0.448539	1.802446	3.791266
96	30	1.540281	0.448527	1.802322	3.791131
96	31	1.540281	0.383368	1.155783	3.079432
96	32	1.540281	0.393733	1.258633	3.192648
96	33	1.540281	0.505709	2.369708	4.415698
96	34	1.540281	0.434644	1.664567	3.639492
96	35	1.540281	0.400967	1.330405	3.271653
96	36	1.540281	0.440633	1.723995	3.704910
96	37	1.540281	0.425082	1.569686	3.535049
96	38	1.540281	0.364397	0.967542	2.872220
96	39	1.540281	0.428907	1.660607	3.629796
96	40	1.540281	0.419703	1.516318	3.476303
96	41	1.540281	0.441252	1.730134	3.711666
96	42	1.540281	0.454905	1.865607	3.860793
96	43	1.540281	0.439131	1.709091	3.688503
96	44	1.540281	0.431070	1.629102	3.600453
96	45	1.540281	0.476405	2.078944	4.095631
96	46	1.540281	0.389977	1.221359	3.151617
96	47	1.540281	0.389294	1.214581	3.144156
96	48	1.540281	0.384717	1.169172	3.094170
96	49	1.540281	0.442553	1.848976	3.831810
96	50	1.540281	0.449055	1.966454	3.955790
96	51	1.540281	0.464040	1.956247	3.960568
96	52	1.540281	0.460542	1.921541	3.922364
96	53	1.540281	0.459438	1.910592	3.910311
96	54	1.540281	0.387707	1.198835	3.126823
96	55	1.540281	0.399577	1.316613	3.256471
96	56	1.540281	0.501036	2.323345	4.364662
96	57	1.540281	0.429460	1.613131	3.582873
96	58	1.540281	0.364397	0.967542	2.872220
96	59	1.540281	0.410304	1.423054	3.373639
96	60	1.540281	0.505709	2.369708	4.415698
96	61	1.540281	0.440633	1.723995	3.704910
96	62	1.540281	0.473243	2.047572	4.061096
96	63	1.540281	0.439131	1.709091	3.688503
96	64	1.540281	0.429460	1.613131	3.582873
96	65	1.540281	0.400967	1.330405	3.271653
96	66	1.540281	0.472221	2.037424	4.049926
96	67	1.540281	0.400034	1.321152	3.261467
96	68	1.540281	0.425082	1.569686	3.535049
96	69	1.540281	0.415028	1.469932	3.425242
96	70	1.540281	0.411419	1.434114	3.385814
96	71	1.540281	0.400380	1.324587	3.265248
96	72	1.540281	0.428218	1.600807	3.569306
96	73	1.540281	0.454232	1.858931	3.853444
96	74	1.540281	0.484622	2.266405	4.291309
96	75	1.540281	0.389977	1.221359	3.151617
96	76	1.540281	0.400967	1.330405	3.271653
96	77	1.540281	0.404381	1.787991	3.732653
96	78	1.540281	0.439460	1.818279	3.798020
96	79	1.540281	0.446638	1.783577	3.770496
96	80	1.540281	0.415021	1.469856	3.425158
96	81	1.540281	0.349783	0.822531	2.712595
96	82	1.540281	0.458088	1.897196	3.895565
96	83	1.540281	0.385864	1.180549	3.106694
96	84	1.540281	0.404212	1.362607	3.307100
96	85	1.540281	0.400380	1.324587	3.265248
96	86	1.540281	0.383368	1.155783	3.079432
96	87	1.540281	0.385864	1.180549	3.106694
96	88	1.540281	0.473243	2.047572	4.061096
96	89	1.540281	0.393733	1.258633	3.192648
96	90	1.540281	0.400034	1.321152	3.261467
96	91	1.540281	0.442553	1.848976	3.831810
96	92	1.540281	0.446638	1.783577	3.770496
96	93	1.540281	0.443973	1.757140	3.741395
96	94	1.540281	0.410153	1.421560	3.371995
96	95	1.540281	0.422093	1.540036	3.502411
96	96	1.540281	0.424841	1.567295	3.532417
96	97	1.540281	0.393733	1.258633	3.192648
96	98	1.540281	0.393733	1.258633	3.192648
96	99	1.540281	0.410901	1.428979	3.380161
97	0	1.570183	0.353613	0.860539	2.784334
97	1	1.570183	0.407716	1.450344	3.428243
97	2	1.570183	0.417940	1.498827	3.486950
97	3	1.570183	0.475713	2.072081	4.117977
97	4	1.570183	0.441826	1.735831	3.747840
97	5	1.570183	0.421783	1.536953	3.528918
97	6	1.570183	0.411030	1.748045	3.729258
97	7	1.570183	0.464575	1.961558	3.996315
97	8	1.570183	0.411199	1.431933	3.413315
97	9	1.570183	0.380264	1.124983	3.075430
97	10	1.570183	0.411199	1.431933	3.413315
97	11	1.570183	0.385787	1.179782	3.135752
97	12	1.570183	0.444135	1.758746	3.773064
97	13	1.570183	0.423321	1.552212	3.545715
97	14	1.570183	0.360271	0.926605	2.857059
97	15	1.570183	0.385143	1.173396	3.128722
97	16	1.570183	0.390392	1.225481	3.186056
97	17	1.570183	0.382627	1.148435	3.101245
97	18	1.570183	0.385787	1.179782	3.135752
97	19	1.570183	0.420942	1.528609	3.519734
97	20	1.570183	0.424168	1.560617	3.554967
97	21	1.570183	0.485578	2.169966	4.225727
97	22	1.570183	0.446178	1.779016	3.795377
97	23	1.570183	0.420942	1.528609	3.519734
97	24	1.570183	0.417940	1.498827	3.486950
97	25	1.570183	0.360271	0.926605	2.857059
97	26	1.570183	0.424168	1.560617	3.554967
97	27	1.570183	0.421783	1.536953	3.528918
97	28	1.570183	0.470052	2.015901	4.056136
97	29	1.570183	0.393277	1.254105	3.217565
97	30	1.570183	0.398785	1.308760	3.277728
97	31	1.570183	0.400133	1.481024	3.451339
97	32	1.570183	0.418144	1.500844	3.489170
97	33	1.570183	0.408129	1.401476	3.379788
97	34	1.570183	0.380264	1.124983	3.075430
97	35	1.570183	0.409398	1.414064	3.393645
97	36	1.570183	0.470047	2.068819	4.109049
97	37	1.570183	0.415348	1.473100	3.458631
97	38	1.570183	0.392379	1.245194	3.207755
97	39	1.570183	0.495134	2.264782	4.330099
97	40	1.570183	0.385662	1.178542	3.134386
97	41	1.570183	0.378663	1.109100	3.057946
97	42	1.570183	0.390392	1.225481	3.186056
97	43	1.570183	0.436848	1.686441	3.693471
97	44	1.570183	0.441826	1.735831	3.747840
97	45	1.570183	0.436848	1.686441	3.693471
97	46	1.570183	0.417940	1.498827	3.486950
97	47	1.570183	0.409398	1.414064	3.393645
97	48	1.570183	0.436848	1.686441	3.693471
97	49	1.570183	0.358192	0.905971	2.834346
97	50	1.570183	0.407909	1.399288	3.377380
97	51	1.570183	0.373312	1.056004	2.999499
97	52	1.570183	0.408588	1.406030	3.384801
97	53	1.570183	0.470047	2.068819	4.109049
97	54	1.570183	0.416021	1.479786	3.465990
97	55	1.570183	0.416021	1.479786	3.465990
97	56	1.570183	0.351000	0.834615	2.755799
97	57	1.570183	0.372189	1.044856	2.987227
97	58	1.570183	0.411199	1.431933	3.413315
97	59	1.570183	0.385143	1.173396	3.128722
97	60	1.570183	0.440963	1.833200	3.844346
97	61	1.570183	0.407791	1.398119	3.376092
97	62	1.570183	0.413752	1.457271	3.441207
97	63	1.570183	0.408558	1.405730	3.384470
97	64	1.570183	0.413752	1.457271	3.441207
97	65	1.570183	0.440963	1.833200	3.844346
97	66	1.570183	0.441826	1.735831	3.747840
97	67	1.570183	0.434443	1.662577	3.667203
97	68	1.570183	0.418144	1.500844	3.489170
97	69	1.570183	0.415348	1.473100	3.458631
97	70	1.570183	0.470047	2.068819	4.109049
97	71	1.570183	0.385143	1.173396	3.128722
97	72	1.570183	0.435574	1.673795	3.679552
97	73	1.570183	0.378663	1.109100	3.057946
97	74	1.570183	0.385055	1.172517	3.127754
97	75	1.570183	0.382627	1.148435	3.101245
97	76	1.570183	0.443178	1.749245	3.762606
97	77	1.570183	0.403316	1.353720	3.327219
97	78	1.570183	0.443178	1.749245	3.762606
97	79	1.570183	0.390392	1.225481	3.186056
97	80	1.570183	0.428412	1.602730	3.601324
97	81	1.570183	0.421783	1.536953	3.528918
97	82	1.570183	0.470047	2.068819	4.109049
97	83	1.570183	0.386531	1.187167	3.143880
97	84	1.570183	0.420942	1.528609	3.519734
97	85	1.570183	0.416021	1.479786	3.465990
97	86	1.570183	0.495134	2.264782	4.330099
97	87	1.570183	0.466684	1.982483	4.019349
97	88	1.570183	0.372189	1.044856	2.987227
97	89	1.570183	0.398785	1.308760	3.277728
97	90	1.570183	0.428181	1.600440	3.598804
97	91	1.570183	0.411992	1.439802	3.421976
97	92	1.570183	0.415242	1.472057	3.457482
97	93	1.570183	0.405023	1.370659	3.345866
97	94	1.570183	0.385662	1.178542	3.134386
97	95	1.570183	0.408588	1.406030	3.384801
97	96	1.570183	0.418144	1.500844	3.489170
97	97	1.570183	0.402478	1.345398	3.318058
97	98	1.570183	0.434443	1.662577	3.667203
97	99	1.570183	0.390660	1.228142	3.188985
98	0	1.554640	0.389201	1.213658	3.157499
98	1	1.554640	0.438339	1.701235	3.694215
98	2	1.554640	0.408179	1.401966	3.364785
98	3	1.554640	0.405597	1.376354	3.336592
98	4	1.554640	0.421978	1.538887	3.515504
98	5	1.554640	0.422266	1.541752	3.518658
98	6	1.554640	0.427318	1.803735	3.785693
98	7	1.554640	0.430378	1.622237	3.607255
98	8	1.554640	0.439418	1.711940	3.705998
98	9	1.554640	0.417020	1.489696	3.461356
98	10	1.554640	0.437704	1.694933	3.687277
98	11	1.554640	0.393810	1.259393	3.207843
98	12	1.554640	0.393810	1.259393	3.207843
98	13	1.554640	0.405597	1.376354	3.336592
98	14	1.554640	0.430378	1.622237	3.607255
98	15	1.554640	0.394078	1.262057	3.210775
98	16	1.554640	0.471606	2.031323	4.057569
98	17	1.554640	0.370282	1.025937	2.950859
98	18	1.554640	0.405597	1.376354	3.336592
98	19	1.554640	0.417020	1.489696	3.461356
98	20	1.554640	0.456998	1.939345	3.950983
98	21	1.554640	0.438339	1.701235	3.694215
98	22	1.554640	0.389853	1.220134	3.164627
98	23	1.554640	0.412258	1.442447	3.409345
98	24	1.554640	0.413528	1.455046	3.423214
98	25	1.554640	0.479742	2.217985	4.252368
98	26	1.554640	0.410344	1.423454	3.388438
98	27	1.554640	0.389853	1.220134	3.164627
98	28	1.554640	0.438674	1.704557	3.697871
98	29	1.554640	0.417757	1.497004	3.469401
98	30	1.554640	0.443032	1.747796	3.745467
98	31	1.554640	0.399695	1.317788	3.272123
98	32	1.554640	0.397753	1.298516	3.250909
98	33	1.554640	0.358984	0.913829	2.827453
98	34	1.554640	0.400268	1.323476	3.278385
98	35	1.554640	0.363906	1.545276	3.463822
98	36	1.554640	0.446149	1.778729	3.779518
98	37	1.554640	0.421447	1.533620	3.509707
98	38	1.554640	0.408179	1.401966	3.364785
98	39	1.554640	0.371578	1.038794	2.965012
98	40	1.554640	0.400268	1.323476	3.278385
98	41	1.554640	0.410344	1.423454	3.388438
98	42	1.554640	0.410344	1.423454	3.388438
98	43	1.554640	0.389201	1.213658	3.157499
98	44	1.554640	0.483708	2.310296	4.348644
98	45	1.554640	0.389853	1.220134	3.164627
98	46	1.554640	0.417382	1.599212	3.571233
98	47	1.554640	0.468805	2.109457	4.132901
98	48	1.554640	0.413528	1.455046	3.423214
98	49	1.554640	0.460686	1.922967	3.938292
98	50	1.554640	0.389201	1.213658	3.157499
98	51	1.554640	0.422910	1.548143	3.525693
98	52	1.554640	0.445005	1.767378	3.767024
98	53	1.554640	0.463826	1.954132	3.972598
98	54	1.554640	0.362225	0.945993	2.862859
98	55	1.554640	0.389201	1.213658	3.157499
98	56	1.554640	0.479031	2.104999	4.138670
98	57	1.554640	0.382980	1.151937	3.089558
98	58	1.554640	0.410320	1.423211	3.388171
98	59	1.554640	0.418597	1.505343	3.478580
98	60	1.554640	0.460686	1.922967	3.938292
98	61	1.554640	0.397753	1.298516	3.250909
98	62	1.554640	0.389698	1.218596	3.162934
98	63	1.554640	0.460686	1.922967	3.938292
98	64	1.554640	0.465399	1.969739	3.989779
98	65	1.554640	0.393810	1.259393	3.207843
98	66	1.554640	0.437704	1.694933	3.687277
98	67	1.554640	0.417757	1.497004	3.469401
98	68	1.554640	0.438674	1.704557	3.697871
98	69	1.554640	0.404890	1.687118	3.646649
98	70	1.554640	0.461697	1.933007	3.949344
98	71	1.554640	0.394078	1.262057	3.210775
98	72	1.554640	0.356208	0.886288	2.797137
98	73	1.554640	0.437704	1.694933	3.687277
98	74	1.554640	0.469681	2.012225	4.036546
98	75	1.554640	0.450089	1.817819	3.822548
98	76	1.554640	0.451799	1.834793	3.841233
98	77	1.554640	0.431594	1.634301	3.620535
98	78	1.554640	0.389698	1.218596	3.162934
98	79	1.554640	0.469681	2.012225	4.036546
98	80	1.554640	0.469244	2.007890	4.031774
98	81	1.554640	0.431594	1.634301	3.620535
98	82	1.554640	0.449732	1.814276	3.818647
98	83	1.554640	0.461037	1.926450	3.942126
98	84	1.554640	0.468805	2.109457	4.132901
98	85	1.554640	0.410054	1.420579	3.385274
98	86	1.554640	0.469681	2.012225	4.036546
98	87	1.554640	0.393810	1.259393	3.207843
98	88	1.554640	0.427913	1.597783	3.580336
98	89	1.554640	0.428990	1.608463	3.592093
98	90	1.554640	0.439418	1.711940	3.705998
98	91	1.554640	0.427913	1.597783	3.580336
98	92	1.554640	0.445930	1.776554	3.777124
98	93	1.554640	0.389853	1.220134	3.164627
98	94	1.554640	0.400268	1.323476	3.278385
98	95	1.554640	0.502456	2.337437	4.394533
98	96	1.554640	0.483952	2.259752	4.298344
98	97	1.554640	0.459677	1.912963	3.927281
98	98	1.554640	0.502456	2.337437	4.394533
98	99	1.554640	0.407266	1.392909	3.354815
99	0	1.627288	0.374521	1.544676	3.546486
99	1	1.627288	0.366612	0.989526	2.983427
99	2	1.627288	0.466182	1.977508	4.070979
99	3	1.627288	0.419157	1.510901	3.557346
99	4	1.627288	0.406986	1.390133	3.424407
99	5	1.627288	0.393397	1.255296	3.275981
99	6	1.627288	0.411112	1.431077	3.469477
99	7	1.627288	0.444211	1.759493	3.830991
99	8	1.627288	0.395007	1.271268	3.293563
99	9	1.627288	0.439800	1.715726	3.782813
99	10	1.627288	0.393594	1.257253	3.278136
99	11	1.627288	0.446531	1.782516	3.856335
99	12	1.627288	0.438312	1.700969	3.766569
99	13	1.627288	0.392188	1.243297	3.262773
99	14	1.627288	0.417413	1.493598	3.538300
99	15	1.627288	0.446309	1.939204	4.012801
99	16	1.627288	0.455435	1.870870	3.953593
99	17	1.627288	0.405477	1.375161	3.407927
99	18	1.627288	0.417897	1.498394	3.543579
99	19	1.627288	0.387255	1.194353	3.208896
99	20	1.627288	0.426707	1.585809	3.639804
99	21	1.627288	0.434613	1.664264	3.726165
99	22	1.627288	0.422905	1.548091	3.598284
99	23	1.627288	0.366612	0.989526	2.983427
99	24	1.627288	0.438938	1.707176	3.773403
99	25	1.627288	0.489478	2.208658	4.325424
99	26	1.627288	0.438550	1.703330	3.769169
99	27	1.627288	0.424161	1.560548	3.611997
99	28	1.627288	0.419157	1.510901	3.557346
99	29	1.627288	0.366612	0.989526	2.983427
99	30	1.627288	0.440667	1.724331	3.792286
99	31	1.627288	0.406587	1.386171	3.420046
99	32	1.627288	0.457708	1.999345	4.084341
99	33	1.627288	0.387539	1.197166	3.211993
99	34	1.627288	0.442444	1.741969	3.811701
99	35	1.627288	0.441172	1.729338	3.797798
99	36	1.627288	0.459354	1.909752	3.996394
99	37	1.627288	0.438938	1.707176	3.773403
99	38	1.627288	0.462189	1.937884	4.027361
99	39	1.627288	0.438312	1.700969	3.766569
99	40	1.627288	0.366874	0.992123	2.986285
99	41	1.627288	0.392188	1.243297	3.262773
99	42	1.627288	0.384285	1.164879	3.176451
99	43	1.627288	0.406916	1.389438	3.423642
99	44	1.627288	0.457362	1.889984	3.974634
99	45	1.627288	0.396073	1.281852	3.305214
99	46	1.627288	0.460027	1.916430	4.003745
99	47	1.627288	0.446309	1.939204	4.012801
99	48	1.627288	0.404927	1.369702	3.401917
99	49	1.627288	0.474687	2.114860	4.216835
99	50	1.627288	0.405860	1.378963	3.412112
99	51	1.627288	0.432760	1.645872	3.705920
99	52	1.627288	0.398629	1.307210	3.333127
99	53	1.627288	0.417897	1.498394	3.543579
99	54	1.627288	0.405860	1.378963	3.412112
99	55	1.627288	0.427437	1.593060	3.647785
99	56	1.627288	0.404927	1.369702	3.401917
99	57	1.627288	0.416897	1.488477	3.532662
99	58	1.627288	0.461662	1.932653	4.021603
99	59	1.627288	0.429644	1.614958	3.671890
99	60	1.627288	0.426609	1.584843	3.638740
99	61	1.627288	0.437924	1.803044	3.868256
99	62	1.627288	0.390157	1.223151	3.240597
99	63	1.627288	0.449019	1.807209	3.883516
99	64	1.627288	0.474687	2.114860	4.216835
99	65	1.627288	0.429644	1.614958	3.671890
99	66	1.627288	0.387255	1.194353	3.208896
99	67	1.627288	0.442444	1.741969	3.811701
99	68	1.627288	0.374521	1.544676	3.546486
99	69	1.627288	0.416519	1.484720	3.528527
99	70	1.627288	0.495216	2.265595	4.388099
99	71	1.627288	0.433423	1.652457	3.713169
99	72	1.627288	0.424161	1.560548	3.611997
99	73	1.627288	0.422905	1.548091	3.598284
99	74	1.627288	0.406587	1.386171	3.420046
99	75	1.627288	0.436231	1.680316	3.743835
99	76	1.627288	0.440846	1.726107	3.794241
99	77	1.627288	0.393397	1.255296	3.275981
99	78	1.627288	0.355432	0.878586	2.861306
99	79	1.627288	0.501798	2.330900	4.459985
99	80	1.627288	0.376663	1.565929	3.569880
99	81	1.627288	0.396665	1.287720	3.311672
99	82	1.627288	0.409852	1.418574	3.455714
99	83	1.627288	0.489478	2.208658	4.325424
99	84	1.627288	0.436231	1.680316	3.743835
99	85	1.627288	0.396073	1.281852	3.305214
99	86	1.627288	0.384285	1.164879	3.176451
99	87	1.627288	0.366874	0.992123	2.986285
99	88	1.627288	0.396073	1.281852	3.305214
99	89	1.627288	0.432760	1.645872	3.705920
99	90	1.627288	0.441883	1.736401	3.805573
99	91	1.627288	0.426456	1.583326	3.637071
99	92	1.627288	0.401980	1.340459	3.369727
99	93	1.627288	0.439800	1.715726	3.782813
99	94	1.627288	0.433423	1.652457	3.713169
99	95	1.627288	0.406986	1.390133	3.424407
99	96	1.627288	0.392188	1.243297	3.262773
99	97	1.627288	0.432474	1.643038	3.702800
99	98	1.627288	0.401112	1.808522	3.836923
99	99	1.627288	0.401980	1.340459	3.369727
