replicate	universe	detection_yr	orbit_yr	char_yr	total_yr
50	0	1.637047	0.427491	1.593598	3.658137
50	1	1.637047	0.345218	0.777237	2.759502
50	2	1.637047	0.453633	1.852988	3.943668
50	3	1.637047	0.365852	0.981982	2.984882
50	4	1.637047	0.416994	1.489441	3.543483
50	5	1.637047	0.383186	1.153973	3.174206
50	6	1.637047	0.423720	1.556180	3.616948
50	7	1.637047	0.365055	0.974074	2.976177
50	8	1.637047	0.401770	1.338380	3.377197
50	9	1.637047	0.425719	1.576007	3.638773
50	10	1.637047	0.390187	1.223447	3.250681
50	11	1.637047	0.417048	1.648861	3.702956
50	12	1.637047	0.409287	1.412967	3.459301
50	13	1.637047	0.421577	1.534914	3.593539
50	14	1.637047	0.423191	1.550931	3.611170
50	15	1.637047	0.429584	1.614364	3.680995
50	16	1.637047	0.409287	1.412967	3.459301
50	17	1.637047	0.414516	1.464844	3.516407
50	18	1.637047	0.417708	1.496519	3.551274
50	19	1.637047	0.368459	1.007849	3.013355
50	20	1.637047	0.419510	1.514404	3.570962
50	21	1.637047	0.457372	1.890086	3.984505
50	22	1.637047	0.433579	1.653998	3.724624
50	23	1.637047	0.378780	1.110254	3.126081
50	24	1.637047	0.345218	0.777237	2.759502
50	25	1.637047	0.428191	1.812398	3.877636
50	26	1.637047	0.408427	1.404431	3.449905
50	27	1.637047	0.380568	1.127996	3.145611
50	28	1.637047	0.489198	2.205883	4.332128
50	29	1.637047	0.413493	1.772477	3.823016
50	30	1.637047	0.428507	1.921454	3.987009
50	31	1.637047	0.435640	1.939270	4.011957
50	32	1.637047	0.479629	2.163901	4.280577
50	33	1.637047	0.380568	1.127996	3.145611
50	34	1.637047	0.430417	1.622627	3.690092
50	35	1.637047	0.414516	1.464844	3.516407
50	36	1.637047	0.378184	1.104345	3.119576
50	37	1.637047	0.431592	1.634286	3.702926
50	38	1.637047	0.383901	1.161070	3.182018
50	39	1.637047	0.428507	1.921454	3.987009
50	40	1.637047	0.353173	0.856171	2.846391
50	41	1.637047	0.433579	1.653998	3.724624
50	42	1.637047	0.403646	1.356989	3.397682
50	43	1.637047	0.383901	1.161070	3.182018
50	44	1.637047	0.459200	1.908229	4.004477
50	45	1.637047	0.383901	1.161070	3.182018
50	46	1.637047	0.448150	1.798582	3.883779
50	47	1.637047	0.423191	1.550931	3.611170
50	48	1.637047	0.408427	1.404431	3.449905
50	49	1.637047	0.427491	1.593598	3.658137
50	50	1.637047	0.406215	1.382479	3.425740
50	51	1.637047	0.396589	1.286972	3.320608
50	52	1.637047	0.391334	1.234827	3.263208
50	53	1.637047	0.417048	1.648861	3.702956
50	54	1.637047	0.409287	1.412967	3.459301
50	55	1.637047	0.436357	1.681565	3.754969
50	56	1.637047	0.459200	1.908229	4.004477
50	57	1.637047	0.430877	1.627194	3.695119
50	58	1.637047	0.454745	1.969945	4.061737
50	59	1.637047	0.378780	1.110254	3.126081
50	60	1.637047	0.418631	1.505679	3.561357
50	61	1.637047	0.383901	1.161070	3.182018
50	62	1.637047	0.416994	1.489441	3.543483
50	63	1.637047	0.386034	1.182239	3.205320
50	64	1.637047	0.423191	1.550931	3.611170
50	65	1.637047	0.401342	1.334129	3.372518
50	66	1.637047	0.351613	0.840691	2.829351
50	67	1.637047	0.386034	1.182239	3.205320
50	68	1.637047	0.429584	1.614364	3.680995
50	69	1.637047	0.401770	1.338380	3.377197
50	70	1.637047	0.409093	1.411044	3.457184
50	71	1.637047	0.431592	1.634286	3.702926
50	72	1.637047	0.378184	1.104345	3.119576
50	73	1.637047	0.475414	2.069112	4.181574
50	74	1.637047	0.407377	1.394013	3.438437
50	75	1.637047	0.419510	1.514404	3.570962
50	76	1.637047	0.401342	1.334129	3.372518
50	77	1.637047	0.420087	1.520125	3.577259
50	78	1.637047	0.408168	1.401862	3.447078
50	79	1.637047	0.378184	1.104345	3.119576
50	80	1.637047	0.396589	1.286972	3.320608
50	81	1.637047	0.448150	1.798582	3.883779
50	82	1.637047	0.477547	2.196200	4.310794
50	83	1.637047	0.426503	1.583789	3.647339
50	84	1.637047	0.409287	1.412967	3.459301
50	85	1.637047	0.406098	1.381325	3.424471
50	86	1.637047	0.413258	1.452365	3.502670
50	87	1.637047	0.406215	1.382479	3.425740
50	88	1.637047	0.451655	1.833360	3.922062
50	89	1.637047	0.436357	1.681565	3.754969
50	90	1.637047	0.437660	1.694498	3.769205
50	91	1.637047	0.439437	1.712125	3.788609
50	92	1.637047	0.409287	1.412967	3.459301
50	93	1.637047	0.413258	1.452365	3.502670
50	94	1.637047	0.408427	1.404431	3.449905
50	95	1.637047	0.436357	1.681565	3.754969
50	96	1.637047	0.388609	1.207792	3.233448
50	97	1.637047	0.419908	1.518350	3.575305
50	98	1.637047	0.436357	1.681565	3.754969
50	99	1.637047	0.438171	1.699563	3.774781
51	0	1.565849	0.410354	1.635403	3.611607
51	1	1.565849	0.462629	1.942246	3.970724
51	2	1.565849	0.494866	2.315088	4.375804
51	3	1.565849	0.402346	1.344095	3.312290
51	4	1.565849	0.403779	1.358314	3.327943
51	5	1.565849	0.329816	1.312937	3.208602
51	6	1.565849	0.403779	1.358314	3.327943
51	7	1.565849	0.482752	2.141920	4.190521
51	8	1.565849	0.413506	1.454828	3.434184
51	9	1.565849	0.444621	1.763569	3.774040
51	10	1.565849	0.388881	1.528264	3.482995
51	11	1.565849	0.405050	1.370919	3.341818
51	12	1.565849	0.373067	1.053575	2.992492
51	13	1.565849	0.400815	1.328899	3.295563
51	14	1.565849	0.443367	1.751124	3.760341
51	15	1.565849	0.436059	1.678606	3.680514
51	16	1.565849	0.400009	1.320901	3.286759
51	17	1.565849	0.423845	1.557418	3.547113
51	18	1.565849	0.417799	1.497423	3.481071
51	19	1.565849	0.406921	1.389486	3.362257
51	20	1.565849	0.381595	1.138187	3.085631
51	21	1.565849	0.474750	2.062519	4.103119
51	22	1.565849	0.479054	2.105224	4.150127
51	23	1.565849	0.462921	2.051075	4.079845
51	24	1.565849	0.359516	1.448752	3.374118
51	25	1.565849	0.400815	1.328899	3.295563
51	26	1.565849	0.354094	0.865310	2.785253
51	27	1.565849	0.431804	1.636386	3.634039
51	28	1.565849	0.395775	1.278888	3.240512
51	29	1.565849	0.373067	1.053575	2.992492
51	30	1.565849	0.391826	1.239703	3.197379
51	31	1.565849	0.430948	1.786784	3.783581
51	32	1.565849	0.479054	2.105224	4.150127
51	33	1.565849	0.451517	1.831993	3.849360
51	34	1.565849	0.394921	1.270422	3.231193
51	35	1.565849	0.434530	1.663440	3.663820
51	36	1.565849	0.392810	1.249476	3.208136
51	37	1.565849	0.425134	1.570210	3.561194
51	38	1.565849	0.424934	1.568218	3.559001
51	39	1.565849	0.424934	1.568218	3.559001
51	40	1.565849	0.434530	1.663440	3.663820
51	41	1.565849	0.400009	1.320901	3.286759
51	42	1.565849	0.432679	1.645072	3.643600
51	43	1.565849	0.392810	1.249476	3.208136
51	44	1.565849	0.406190	1.382236	3.354275
51	45	1.565849	0.452481	1.841552	3.859882
51	46	1.565849	0.429006	1.608622	3.603477
51	47	1.565849	0.400482	1.325592	3.291923
51	48	1.565849	0.394921	1.270422	3.231193
51	49	1.565849	0.423845	1.557418	3.547113
51	50	1.565849	0.424084	1.559785	3.549718
51	51	1.565849	0.431804	1.636386	3.634039
51	52	1.565849	0.450528	2.086992	4.103369
51	53	1.565849	0.367204	0.995397	2.928451
51	54	1.565849	0.400815	1.328899	3.295563
51	55	1.565849	0.434530	1.663440	3.663820
51	56	1.565849	0.413489	1.454655	3.433993
51	57	1.565849	0.394921	1.270422	3.231193
51	58	1.565849	0.405050	1.370919	3.341818
51	59	1.565849	0.396138	1.282496	3.244483
51	60	1.565849	0.423952	1.558482	3.548283
51	61	1.565849	0.434088	1.659054	3.658991
51	62	1.565849	0.400009	1.320901	3.286759
51	63	1.565849	0.466167	1.977352	4.009368
51	64	1.565849	0.391826	1.239703	3.197379
51	65	1.565849	0.424934	1.568218	3.559001
51	66	1.565849	0.385942	1.181324	3.133116
51	67	1.565849	0.424468	1.563595	3.553912
51	68	1.565849	0.402442	1.345040	3.313331
51	69	1.565849	0.424468	1.563595	3.553912
51	70	1.565849	0.423845	1.557418	3.547113
51	71	1.565849	0.489383	2.207717	4.262950
51	72	1.565849	0.412438	1.444226	3.422513
51	73	1.565849	0.402346	1.344095	3.312290
51	74	1.565849	0.460935	1.925440	3.952224
51	75	1.565849	0.371773	1.040736	2.978359
51	76	1.565849	0.394921	1.270422	3.231193
51	77	1.565849	0.413489	1.454655	3.433993
51	78	1.565849	0.408740	1.407541	3.382131
51	79	1.565849	0.451353	1.830367	3.847569
51	80	1.565849	0.472580	2.040985	4.079414
51	81	1.565849	0.451353	1.830367	3.847569
51	82	1.565849	0.423634	1.555319	3.544803
51	83	1.565849	0.385942	1.181324	3.133116
51	84	1.565849	0.423634	1.555319	3.544803
51	85	1.565849	0.375540	1.660709	3.602099
51	86	1.565849	0.381595	1.138187	3.085631
51	87	1.565849	0.408740	1.407541	3.382131
51	88	1.565849	0.451353	1.830367	3.847569
51	89	1.565849	0.373067	1.053575	2.992492
51	90	1.565849	0.392810	1.249476	3.208136
51	91	1.565849	0.354094	0.865310	2.785253
51	92	1.565849	0.381595	1.138187	3.085631
51	93	1.565849	0.395775	1.278888	3.240512
51	94	1.565849	0.450353	1.926366	3.942568
51	95	1.565849	0.464865	1.964433	3.995147
51	96	1.565849	0.395775	1.278888	3.240512
51	97	1.565849	0.425134	1.570210	3.561194
51	98	1.565849	0.394921	1.270422	3.231193
51	99	1.565849	0.400482	1.325592	3.291923
52	0	1.549946	0.487698	2.190997	4.228640
52	1	1.549946	0.463925	1.955105	3.968975
52	2	1.549946	0.438022	1.698088	3.686056
52	3	1.549946	0.422626	1.545316	3.517888
52	4	1.549946	0.456377	1.880211	3.886533
52	5	1.549946	0.420409	1.523323	3.493677
52	6	1.549946	0.419553	1.514827	3.484325
52	7	1.549946	0.415754	1.477135	3.442835
52	8	1.549946	0.457053	1.886923	3.893922
52	9	1.549946	0.451210	1.828943	3.830098
52	10	1.549946	0.466761	1.983252	3.999959
52	11	1.549946	0.446081	1.778048	3.774074
52	12	1.549946	0.356670	0.890869	2.797485
52	13	1.549946	0.427265	1.591349	3.568560
52	14	1.549946	0.457053	1.886923	3.893922
52	15	1.549946	0.469401	2.009449	4.028796
52	16	1.549946	0.457346	1.889826	3.897118
52	17	1.549946	0.463881	1.954669	3.968496
52	18	1.549946	0.432438	1.642676	3.625059
52	19	1.549946	0.324683	1.367937	3.242565
52	20	1.549946	0.460003	1.916195	3.926144
52	21	1.549946	0.396709	1.288155	3.234809
52	22	1.549946	0.450369	1.820598	3.820912
52	23	1.549946	0.415754	1.477135	3.442835
52	24	1.549946	0.426327	1.793898	3.770170
52	25	1.549946	0.446592	1.783120	3.779657
52	26	1.549946	0.396709	1.288155	3.234809
52	27	1.549946	0.389990	1.221486	3.161421
52	28	1.549946	0.434355	1.661698	3.645998
52	29	1.549946	0.420409	1.523323	3.493677
52	30	1.549946	0.448250	1.799571	3.797767
52	31	1.549946	0.394584	1.267071	3.211600
52	32	1.549946	0.463881	1.954669	3.968496
52	33	1.549946	0.405826	1.378622	3.334394
52	34	1.549946	0.423359	1.552590	3.525895
52	35	1.549946	0.458475	1.901028	3.909448
52	36	1.549946	0.389990	1.221486	3.161421
52	37	1.549946	0.444390	1.761272	3.755607
52	38	1.549946	0.356670	0.890869	2.797485
52	39	1.549946	0.423359	1.552590	3.525895
52	40	1.549946	0.422626	1.545316	3.517888
52	41	1.549946	0.396598	1.287054	3.233597
52	42	1.549946	0.423359	1.552590	3.525895
52	43	1.549946	0.418610	1.823256	3.791812
52	44	1.549946	0.463881	1.954669	3.968496
52	45	1.549946	0.424894	1.567828	3.542668
52	46	1.549946	0.424529	1.564207	3.538682
52	47	1.549946	0.401161	1.332333	3.283439
52	48	1.549946	0.396598	1.287054	3.233597
52	49	1.549946	0.423377	1.870556	3.843878
52	50	1.549946	0.356670	0.890869	2.797485
52	51	1.549946	0.411605	1.435966	3.397517
52	52	1.549946	0.424894	1.567828	3.542668
52	53	1.549946	0.458055	2.002789	4.010789
52	54	1.549946	0.396709	1.288155	3.234809
52	55	1.549946	0.441445	1.732053	3.723444
52	56	1.549946	0.438022	1.698088	3.686056
52	57	1.549946	0.418076	1.500173	3.468195
52	58	1.549946	0.478835	2.103057	4.131838
52	59	1.549946	0.425820	1.577013	3.552778
52	60	1.549946	0.410465	1.424649	3.385059
52	61	1.549946	0.507194	2.384446	4.441586
52	62	1.549946	0.446592	1.783120	3.779657
52	63	1.549946	0.406049	1.380833	3.336828
52	64	1.549946	0.457053	1.886923	3.893922
52	65	1.549946	0.455744	1.873930	3.879619
52	66	1.549946	0.401161	1.332333	3.283439
52	67	1.549946	0.387365	1.195443	3.132753
52	68	1.549946	0.437071	1.688655	3.675672
52	69	1.549946	0.422626	1.545316	3.517888
52	70	1.549946	0.399553	1.316377	3.265875
52	71	1.549946	0.448467	1.801725	3.800137
52	72	1.549946	0.372649	1.049425	2.972020
52	73	1.549946	0.394584	1.267071	3.211600
52	74	1.549946	0.398456	1.305492	3.253894
52	75	1.549946	0.408805	1.408180	3.366930
52	76	1.549946	0.408805	1.408180	3.366930
52	77	1.549946	0.410465	1.424649	3.385059
52	78	1.549946	0.469423	2.009662	4.029030
52	79	1.549946	0.478231	2.255950	4.284126
52	80	1.549946	0.387365	1.195443	3.132753
52	81	1.549946	0.394930	1.270502	3.215377
52	82	1.549946	0.450369	1.820598	3.820912
52	83	1.549946	0.424894	1.567828	3.542668
52	84	1.549946	0.424529	1.564207	3.538682
52	85	1.549946	0.500865	2.321644	4.372454
52	86	1.549946	0.446592	1.783120	3.779657
52	87	1.549946	0.411605	1.435966	3.397517
52	88	1.549946	0.420409	1.523323	3.493677
52	89	1.549946	0.433538	1.918416	3.901900
52	90	1.549946	0.364660	0.970151	2.884756
52	91	1.549946	0.437071	1.688655	3.675672
52	92	1.549946	0.387365	1.195443	3.132753
52	93	1.549946	0.374614	1.068920	2.993479
52	94	1.549946	0.478231	2.255950	4.284126
52	95	1.549946	0.441445	1.732053	3.723444
52	96	1.549946	0.397345	1.665214	3.612505
52	97	1.549946	0.405162	1.372031	3.327138
52	98	1.549946	0.402382	1.344446	3.296774
52	99	1.549946	0.380974	1.132026	3.062946
53	0	1.649506	0.416041	1.479981	3.545529
53	1	1.649506	0.483389	2.148241	4.281136
53	2	1.649506	0.482277	2.137206	4.268990
53	3	1.649506	0.432125	1.639578	3.721210
53	4	1.649506	0.383908	1.161142	3.194557
53	5	1.649506	0.395578	1.276938	3.322023
53	6	1.649506	0.395578	1.276938	3.322023
53	7	1.649506	0.411200	1.431950	3.492657
53	8	1.649506	0.401150	1.332226	3.382883
53	9	1.649506	0.439887	1.716593	3.805986
53	10	1.649506	0.390341	1.224971	3.264818
53	11	1.649506	0.421087	1.530050	3.600644
53	12	1.649506	0.379010	1.112542	3.141058
53	13	1.649506	0.383908	1.161142	3.194557
53	14	1.649506	0.347561	0.800489	2.797557
53	15	1.649506	0.421191	1.531084	3.601782
53	16	1.649506	0.382990	1.152030	3.184527
53	17	1.649506	0.459022	2.012383	4.120911
53	18	1.649506	0.468279	1.998316	4.116102
53	19	1.649506	0.438312	1.700966	3.788784
53	20	1.649506	0.403193	1.352495	3.405194
53	21	1.649506	0.436773	1.685697	3.771977
53	22	1.649506	0.435103	1.669121	3.753731
53	23	1.649506	0.342851	1.442284	3.434641
53	24	1.649506	0.435622	1.674269	3.759397
53	25	1.649506	0.430090	1.619378	3.698974
53	26	1.649506	0.417019	1.754504	3.821030
53	27	1.649506	0.435622	1.674269	3.759397
53	28	1.649506	0.462099	2.042917	4.154523
53	29	1.649506	0.415527	1.474878	3.539911
53	30	1.649506	0.457501	1.891365	3.998372
53	31	1.649506	0.421235	1.531520	3.602261
53	32	1.649506	0.413947	1.459201	3.522654
53	33	1.649506	0.437118	1.689116	3.775740
53	34	1.649506	0.366087	0.984315	2.999909
53	35	1.649506	0.413947	1.459201	3.522654
53	36	1.649506	0.417418	1.493640	3.560564
53	37	1.649506	0.484661	2.213822	4.347989
53	38	1.649506	0.401150	1.332226	3.382883
53	39	1.649506	0.425283	1.571682	3.646471
53	40	1.649506	0.395578	1.276938	3.322023
53	41	1.649506	0.388773	1.209410	3.247689
53	42	1.649506	0.439887	1.716593	3.805986
53	43	1.649506	0.425984	1.578643	3.654133
53	44	1.649506	0.416041	1.479981	3.545529
53	45	1.649506	0.382990	1.152030	3.184527
53	46	1.649506	0.420882	1.739868	3.810256
53	47	1.649506	0.415550	1.475104	3.540160
53	48	1.649506	0.391711	1.238568	3.279785
53	49	1.649506	0.413947	1.459201	3.522654
53	50	1.649506	0.411413	1.434057	3.494976
53	51	1.649506	0.421191	1.531084	3.601782
53	52	1.649506	0.367425	0.997588	3.014519
53	53	1.649506	0.382990	1.152030	3.184527
53	54	1.649506	0.374366	1.066462	3.090334
53	55	1.649506	0.435285	1.670927	3.755718
53	56	1.649506	0.383908	1.161142	3.194557
53	57	1.649506	0.387109	1.192907	3.229523
53	58	1.649506	0.437118	1.689116	3.775740
53	59	1.649506	0.459022	2.012383	4.120911
53	60	1.649506	0.405940	1.379758	3.435205
53	61	1.649506	0.400467	1.325451	3.375424
53	62	1.649506	0.443786	1.755281	3.848574
53	63	1.649506	0.358736	0.911373	2.919616
53	64	1.649506	0.418219	1.501589	3.569314
53	65	1.649506	0.408171	1.401892	3.459569
53	66	1.649506	0.423341	1.552415	3.625262
53	67	1.649506	0.387109	1.192907	3.229523
53	68	1.649506	0.356365	0.887842	2.893713
53	69	1.649506	0.389615	1.217767	3.256888
53	70	1.649506	0.379010	1.112542	3.141058
53	71	1.649506	0.390341	1.224971	3.264818
53	72	1.649506	0.449846	1.815415	3.914768
53	73	1.649506	0.403193	1.352495	3.405194
53	74	1.649506	0.420882	1.739868	3.810256
53	75	1.649506	0.438312	1.700966	3.788784
53	76	1.649506	0.445419	1.771487	3.866412
53	77	1.649506	0.468693	2.002422	4.120622
53	78	1.649506	0.425984	1.578643	3.654133
53	79	1.649506	0.382990	1.152030	3.184527
53	80	1.649506	0.394943	1.270636	3.315085
53	81	1.649506	0.416016	1.479735	3.545258
53	82	1.649506	0.460697	1.923083	4.033287
53	83	1.649506	0.451972	1.836509	3.937987
53	84	1.649506	0.411413	1.434057	3.494976
53	85	1.649506	0.451972	1.836509	3.937987
53	86	1.649506	0.350255	1.356855	3.356617
53	87	1.649506	0.382990	1.152030	3.184527
53	88	1.649506	0.445419	1.771487	3.866412
53	89	1.649506	0.382990	1.152030	3.184527
53	90	1.649506	0.446673	1.783925	3.880105
53	91	1.649506	0.468279	1.998316	4.116102
53	92	1.649506	0.399532	1.316172	3.365210
53	93	1.649506	0.486819	2.235239	4.371565
53	94	1.649506	0.411413	1.434057	3.494976
53	95	1.649506	0.394943	1.270636	3.315085
53	96	1.649506	0.454553	1.862118	3.966178
53	97	1.649506	0.367425	0.997588	3.014519
53	98	1.649506	0.451400	1.830832	3.931738
53	99	1.649506	0.412224	1.442110	3.503841
54	0	1.569449	0.444307	1.760453	3.774210
54	1	1.569449	0.391749	1.238944	3.200142
54	2	1.569449	0.446009	1.777342	3.792801
54	3	1.569449	0.385100	1.172970	3.127520
54	4	1.569449	0.403302	1.353578	3.326329
54	5	1.569449	0.387436	1.196151	3.153037
54	6	1.569449	0.398129	1.302247	3.269825
54	7	1.569449	0.405407	1.374469	3.349325
54	8	1.569449	0.396112	1.282240	3.247802
54	9	1.569449	0.403285	1.353409	3.326144
54	10	1.569449	0.466751	1.983147	4.019347
54	11	1.569449	0.404566	1.366122	3.340138
54	12	1.569449	0.387741	1.199176	3.156367
54	13	1.569449	0.402944	1.350025	3.322419
54	14	1.569449	0.348959	0.814356	2.732764
54	15	1.569449	0.427987	1.598518	3.595955
54	16	1.569449	0.420672	1.525928	3.516049
54	17	1.569449	0.445869	1.775954	3.791272
54	18	1.569449	0.459868	2.073750	4.103068
54	19	1.569449	0.454809	1.864657	3.888916
54	20	1.569449	0.366474	0.988157	2.924081
54	21	1.569449	0.463369	1.949597	3.982416
54	22	1.569449	0.435272	1.776730	3.781451
54	23	1.569449	0.463369	1.949597	3.982416
54	24	1.569449	0.421072	1.529899	3.520420
54	25	1.569449	0.395337	1.274548	3.239335
54	26	1.569449	0.444682	1.764176	3.778307
54	27	1.569449	0.366474	0.988157	2.924081
54	28	1.569449	0.395337	1.274548	3.239335
54	29	1.569449	0.455342	1.869944	3.894735
54	30	1.569449	0.434137	1.659539	3.663126
54	31	1.569449	0.434357	1.661718	3.665524
54	32	1.569449	0.415317	1.472795	3.457561
54	33	1.569449	0.366474	0.988157	2.924081
54	34	1.569449	0.470400	2.019353	4.059202
54	35	1.569449	0.421077	1.529954	3.520481
54	36	1.569449	0.392096	1.242385	3.203930
54	37	1.569449	0.434268	1.660839	3.664556
54	38	1.569449	0.397835	1.299329	3.266613
54	39	1.569449	0.402944	1.350025	3.322419
54	40	1.569449	0.421077	1.529954	3.520481
54	41	1.569449	0.387741	1.199176	3.156367
54	42	1.569449	0.480318	2.117773	4.167541
54	43	1.569449	0.403418	1.354725	3.327592
54	44	1.569449	0.383710	1.159177	3.112337
54	45	1.569449	0.498115	2.347321	4.414885
54	46	1.569449	0.434268	1.660839	3.664556
54	47	1.569449	0.421249	1.531658	3.522356
54	48	1.569449	0.392096	1.242385	3.203930
54	49	1.569449	0.433838	1.656572	3.659860
54	50	1.569449	0.433838	1.656572	3.659860
54	51	1.569449	0.354854	0.872857	2.797161
54	52	1.569449	0.444031	1.757716	3.771197
54	53	1.569449	0.424502	1.563938	3.557889
54	54	1.569449	0.464735	1.963148	3.997333
54	55	1.569449	0.434268	1.660839	3.664556
54	56	1.569449	0.385100	1.172970	3.127520
54	57	1.569449	0.403040	1.350981	3.323470
54	58	1.569449	0.400132	1.322120	3.291701
54	59	1.569449	0.354854	0.872857	2.797161
54	60	1.569449	0.387436	1.196151	3.153037
54	61	1.569449	0.443117	1.748638	3.761204
54	62	1.569449	0.384098	1.163021	3.116568
54	63	1.569449	0.403040	1.350981	3.323470
54	64	1.569449	0.421072	1.529899	3.520420
54	65	1.569449	0.348959	0.814356	2.732764
54	66	1.569449	0.417852	1.497946	3.485247
54	67	1.569449	0.411726	1.437161	3.418336
54	68	1.569449	0.434137	1.659539	3.663126
54	69	1.569449	0.498115	2.347321	4.414885
54	70	1.569449	0.396761	1.288673	3.254883
54	71	1.569449	0.440205	1.719752	3.729407
54	72	1.569449	0.463369	1.949597	3.982416
54	73	1.569449	0.422831	1.706247	3.698528
54	74	1.569449	0.479115	2.105837	4.154402
54	75	1.569449	0.402944	1.350025	3.322419
54	76	1.569449	0.395337	1.274548	3.239335
54	77	1.569449	0.422831	1.706247	3.698528
54	78	1.569449	0.446009	1.777342	3.792801
54	79	1.569449	0.411385	1.698598	3.679432
54	80	1.569449	0.498115	2.347321	4.414885
54	81	1.569449	0.425883	1.577634	3.572966
54	82	1.569449	0.473639	2.051502	4.094591
54	83	1.569449	0.464735	1.963148	3.997333
54	84	1.569449	0.421072	1.529899	3.520420
54	85	1.569449	0.444682	1.764176	3.778307
54	86	1.569449	0.341102	1.424924	3.335475
54	87	1.569449	0.418707	1.506438	3.494595
54	88	1.569449	0.384098	1.163021	3.116568
54	89	1.569449	0.404566	1.366122	3.340138
54	90	1.569449	0.395337	1.274548	3.239335
54	91	1.569449	0.368730	1.010533	2.948712
54	92	1.569449	0.423150	1.550520	3.543120
54	93	1.569449	0.391749	1.238944	3.200142
54	94	1.569449	0.456949	1.885894	3.912292
54	95	1.569449	0.424002	1.823796	3.817248
54	96	1.569449	0.427987	1.598518	3.595955
54	97	1.569449	0.444031	1.757716	3.771197
54	98	1.569449	0.424502	1.563938	3.557889
54	99	1.569449	0.415288	1.472505	3.457243
55	0	1.568175	0.474498	2.060017	4.102690
55	1	1.568175	0.438803	1.705832	3.712810
55	2	1.568175	0.418185	1.501255	3.487615
55	3	1.568175	0.419375	1.618991	3.606542
55	4	1.568175	0.451437	1.884156	3.903768
55	5	1.568175	0.364400	0.967573	2.900149
55	6	1.568175	0.463480	1.950693	3.982349
55	7	1.568175	0.384981	1.171792	3.124949
55	8	1.568175	0.348474	0.809547	2.726196
55	9	1.568175	0.400835	1.329094	3.298104
55	10	1.568175	0.415050	1.734964	3.718189
55	11	1.568175	0.388577	1.207470	3.164223
55	12	1.568175	0.444339	1.760765	3.773279
55	13	1.568175	0.423293	1.551938	3.543406
55	14	1.568175	0.455932	1.875801	3.899909
55	15	1.568175	0.380532	1.127640	3.076348
55	16	1.568175	0.432504	1.643332	3.644011
55	17	1.568175	0.351110	0.835700	2.754986
55	18	1.568175	0.457429	1.890652	3.916256
55	19	1.568175	0.479501	2.215590	4.263267
55	20	1.568175	0.384981	1.171792	3.124949
55	21	1.568175	0.409160	1.411706	3.389042
55	22	1.568175	0.415581	1.475419	3.459175
55	23	1.568175	0.389374	1.215378	3.172928
55	24	1.568175	0.449519	1.812164	3.829859
55	25	1.568175	0.468457	2.000083	4.036716
55	26	1.568175	0.383360	1.155702	3.107237
55	27	1.568175	0.432402	1.642325	3.642902
55	28	1.568175	0.364400	0.967573	2.900149
55	29	1.568175	0.384981	1.171792	3.124949
55	30	1.568175	0.408504	1.405193	3.381872
55	31	1.568175	0.389002	1.211689	3.168867
55	32	1.568175	0.474365	2.058702	4.101243
55	33	1.568175	0.444339	1.760765	3.773279
55	34	1.568175	0.381191	1.134179	3.083545
55	35	1.568175	0.445128	1.768601	3.781905
55	36	1.568175	0.351110	0.835700	2.754986
55	37	1.568175	0.433021	1.648460	3.649656
55	38	1.568175	0.443473	1.752170	3.763818
55	39	1.568175	0.428585	1.604444	3.601204
55	40	1.568175	0.433485	1.811958	3.813619
55	41	1.568175	0.370700	1.030086	2.968962
55	42	1.568175	0.444917	1.766502	3.779595
55	43	1.568175	0.438546	1.703290	3.710012
55	44	1.568175	0.443597	1.806371	3.818144
55	45	1.568175	0.455932	1.875801	3.899909
55	46	1.568175	0.422096	1.540065	3.530337
55	47	1.568175	0.394718	1.268400	3.231293
55	48	1.568175	0.344946	0.774541	2.687662
55	49	1.568175	0.478231	2.097060	4.143467
55	50	1.568175	0.415050	1.734964	3.718189
55	51	1.568175	0.449519	1.812164	3.829859
55	52	1.568175	0.389002	1.211689	3.168867
55	53	1.568175	0.474365	2.058702	4.101243
55	54	1.568175	0.409160	1.411706	3.389042
55	55	1.568175	0.380532	1.127640	3.076348
55	56	1.568175	0.380532	1.127640	3.076348
55	57	1.568175	0.344946	0.774541	2.687662
55	58	1.568175	0.429049	1.609057	3.606281
55	59	1.568175	0.433021	1.648460	3.649656
55	60	1.568175	0.449839	1.815346	3.833361
55	61	1.568175	0.464403	2.012821	4.045399
55	62	1.568175	0.388577	1.207470	3.164223
55	63	1.568175	0.502726	2.340113	4.411014
55	64	1.568175	0.474365	2.058702	4.101243
55	65	1.568175	0.397158	1.292616	3.257949
55	66	1.568175	0.453523	1.851899	3.873597
55	67	1.568175	0.429049	1.609057	3.606281
55	68	1.568175	0.348474	0.809547	2.726196
55	69	1.568175	0.455950	1.875973	3.900098
55	70	1.568175	0.415581	1.475419	3.459175
55	71	1.568175	0.387979	1.201534	3.157689
55	72	1.568175	0.368274	1.006015	2.942465
55	73	1.568175	0.396893	1.289980	3.255048
55	74	1.568175	0.365143	0.974946	2.908264
55	75	1.568175	0.386588	1.187738	3.142501
55	76	1.568175	0.502726	2.340113	4.411014
55	77	1.568175	0.348474	0.809547	2.726196
55	78	1.568175	0.381191	1.134179	3.083545
55	79	1.568175	0.393370	1.255028	3.216573
55	80	1.568175	0.428116	1.599792	3.596083
55	81	1.568175	0.455932	1.875801	3.899909
55	82	1.568175	0.389374	1.215378	3.172928
55	83	1.568175	0.383360	1.155702	3.107237
55	84	1.568175	0.451437	1.884156	3.903768
55	85	1.568175	0.432504	1.643332	3.644011
55	86	1.568175	0.415581	1.475419	3.459175
55	87	1.568175	0.427778	1.596442	3.592395
55	88	1.568175	0.424468	1.563595	3.556239
55	89	1.568175	0.394718	1.268400	3.231293
55	90	1.568175	0.502726	2.340113	4.411014
55	91	1.568175	0.468457	2.000083	4.036716
55	92	1.568175	0.387979	1.201534	3.157689
55	93	1.568175	0.370700	1.030086	2.968962
55	94	1.568175	0.364400	0.967573	2.900149
55	95	1.568175	0.435090	1.668991	3.672256
55	96	1.568175	0.393073	1.252076	3.213324
55	97	1.568175	0.413052	1.450320	3.431547
55	98	1.568175	0.424468	1.563595	3.556239
55	99	1.568175	0.422414	1.543220	3.533810
56	0	1.583335	0.431332	1.631709	3.646377
56	1	1.583335	0.405064	1.371063	3.359463
56	2	1.583335	0.388096	1.573438	3.544869
56	3	1.583335	0.382187	1.620741	3.586264
56	4	1.583335	0.426245	1.581226	3.590806
56	5	1.583335	0.455143	1.867970	3.906449
56	6	1.583335	0.402988	1.350464	3.336788
56	7	1.583335	0.455204	1.868579	3.907118
56	8	1.583335	0.443952	1.756924	3.784211
56	9	1.583335	0.479688	2.111521	4.174544
56	10	1.583335	0.453542	1.958007	3.994884
56	11	1.583335	0.357723	0.901321	2.842380
56	12	1.583335	0.479688	2.111521	4.174544
56	13	1.583335	0.460044	1.916598	3.959977
56	14	1.583335	0.431289	1.631280	3.645905
56	15	1.583335	0.440234	1.720041	3.743610
56	16	1.583335	0.416705	1.486570	3.486610
56	17	1.583335	0.443952	1.756924	3.784211
56	18	1.583335	0.479784	2.112468	4.175587
56	19	1.583335	0.455143	1.867970	3.906449
56	20	1.583335	0.413939	1.459122	3.456396
56	21	1.583335	0.407142	1.391683	3.382160
56	22	1.583335	0.389424	1.215870	3.188629
56	23	1.583335	0.388951	1.211175	3.183461
56	24	1.583335	0.457221	1.888589	3.929145
56	25	1.583335	0.508199	2.447379	4.538913
56	26	1.583335	0.410901	1.428979	3.423215
56	27	1.583335	0.407645	1.396674	3.387655
56	28	1.583335	0.360492	0.928794	2.872621
56	29	1.583335	0.428354	1.708080	3.719769
56	30	1.583335	0.493327	2.246851	4.323513
56	31	1.583335	0.426245	1.581226	3.590806
56	32	1.583335	0.416705	1.486570	3.486610
56	33	1.583335	0.410901	1.428979	3.423215
56	34	1.583335	0.456932	1.885723	3.925991
56	35	1.583335	0.483662	2.150947	4.217944
56	36	1.583335	0.426245	1.581226	3.590806
56	37	1.583335	0.425813	1.576939	3.586087
56	38	1.583335	0.460044	1.916598	3.959977
56	39	1.583335	0.431289	1.631280	3.645905
56	40	1.583335	0.408923	1.409350	3.401608
56	41	1.583335	0.453215	1.848838	3.885388
56	42	1.583335	0.421100	1.530179	3.534614
56	43	1.583335	0.455143	1.867970	3.906449
56	44	1.583335	0.396356	1.284661	3.264353
56	45	1.583335	0.408868	1.408810	3.401014
56	46	1.583335	0.446910	1.786280	3.816526
56	47	1.583335	0.396356	1.284661	3.264353
56	48	1.583335	0.396251	1.283615	3.263201
56	49	1.583335	0.465627	2.024963	4.073925
56	50	1.583335	0.470922	2.024540	4.078798
56	51	1.583335	0.427039	1.589109	3.599484
56	52	1.583335	0.407142	1.391683	3.382160
56	53	1.583335	0.428639	1.604980	3.616954
56	54	1.583335	0.451808	1.834881	3.870025
56	55	1.583335	0.465761	1.973326	4.022422
56	56	1.583335	0.455143	1.867970	3.906449
56	57	1.583335	0.438159	1.911302	3.932796
56	58	1.583335	0.423898	1.557943	3.565177
56	59	1.583335	0.460044	1.916598	3.959977
56	60	1.583335	0.459236	1.908586	3.951157
56	61	1.583335	0.431332	1.631709	3.646377
56	62	1.583335	0.430603	1.624477	3.638416
56	63	1.583335	0.398025	1.301219	3.282579
56	64	1.583335	0.357723	0.901321	2.842380
56	65	1.583335	0.443968	1.757089	3.784393
56	66	1.583335	0.407142	1.391683	3.382160
56	67	1.583335	0.402003	1.340684	3.326022
56	68	1.583335	0.402988	1.350464	3.336788
56	69	1.583335	0.448178	1.904785	3.936298
56	70	1.583335	0.376265	1.085302	3.044902
56	71	1.583335	0.455204	1.868579	3.907118
56	72	1.583335	0.396251	1.283615	3.263201
56	73	1.583335	0.369744	1.020602	2.973682
56	74	1.583335	0.426919	1.587914	3.598168
56	75	1.583335	0.430700	1.625439	3.639475
56	76	1.583335	0.408868	1.408810	3.401014
56	77	1.583335	0.409989	1.419932	3.413256
56	78	1.583335	0.459236	1.908586	3.951157
56	79	1.583335	0.442565	1.743164	3.769064
56	80	1.583335	0.460044	1.916598	3.959977
56	81	1.583335	0.426919	1.587914	3.598168
56	82	1.583335	0.445461	1.930793	3.959590
56	83	1.583335	0.409989	1.419932	3.413256
56	84	1.583335	0.427583	1.594511	3.605429
56	85	1.583335	0.371520	1.673789	3.628644
56	86	1.583335	0.440234	1.720041	3.743610
56	87	1.583335	0.388951	1.211175	3.183461
56	88	1.583335	0.464403	1.959854	4.007593
56	89	1.583335	0.445251	1.769817	3.798404
56	90	1.583335	0.452290	1.839662	3.875287
56	91	1.583335	0.389424	1.215870	3.188629
56	92	1.583335	0.428639	1.604980	3.616954
56	93	1.583335	0.399432	1.315178	3.297945
56	94	1.583335	0.451125	1.828100	3.862560
56	95	1.583335	0.388951	1.211175	3.183461
56	96	1.583335	0.376265	1.085302	3.044902
56	97	1.583335	0.512461	2.436711	4.532508
56	98	1.583335	0.413027	1.450076	3.446439
56	99	1.583335	0.451808	1.834881	3.870025
57	0	1.492517	0.397811	1.299095	3.189423
57	1	1.492517	0.472615	2.041332	4.006463
57	2	1.492517	0.374580	1.068579	2.935676
57	3	1.492517	0.421756	1.536691	3.450964
57	4	1.492517	0.373589	1.058750	2.924856
57	5	1.492517	0.469957	2.120889	4.083363
57	6	1.492517	0.391825	1.239701	3.124043
57	7	1.492517	0.391599	1.237458	3.121574
57	8	1.492517	0.472852	2.043690	4.009059
57	9	1.492517	0.396216	1.283263	3.171995
57	10	1.492517	0.446812	1.785303	3.724631
57	11	1.492517	0.410243	1.422448	3.325208
57	12	1.492517	0.443636	1.753789	3.689942
57	13	1.492517	0.386101	1.182898	3.061516
57	14	1.492517	0.392622	1.247606	3.132745
57	15	1.492517	0.478950	2.104194	4.075661
57	16	1.492517	0.473177	2.046912	4.012605
57	17	1.492517	0.391825	1.239701	3.124043
57	18	1.492517	0.456538	1.881809	3.830863
57	19	1.492517	0.438785	1.705657	3.636958
57	20	1.492517	0.381485	1.137094	3.011096
57	21	1.492517	0.438176	1.699614	3.630307
57	22	1.492517	0.479228	2.106957	4.078703
57	23	1.492517	0.430879	1.627207	3.550603
57	24	1.492517	0.447010	1.787269	3.726796
57	25	1.492517	0.393458	1.255900	3.141874
57	26	1.492517	0.422988	1.548912	3.464417
57	27	1.492517	0.412488	1.444729	3.349734
57	28	1.492517	0.427591	1.594589	3.514697
57	29	1.492517	0.480841	2.175927	4.149286
57	30	1.492517	0.461066	1.926745	3.880329
57	31	1.492517	0.445794	1.934093	3.872404
57	32	1.492517	0.366524	0.988648	2.847689
57	33	1.492517	0.429284	1.611381	3.533181
57	34	1.492517	0.417574	1.495194	3.405286
57	35	1.492517	0.504159	2.354327	4.351002
57	36	1.492517	0.459592	1.965078	3.917187
57	37	1.492517	0.473177	2.046912	4.012605
57	38	1.492517	0.409174	1.411845	3.313536
57	39	1.492517	0.393458	1.255900	3.141874
57	40	1.492517	0.455059	1.867140	3.814716
57	41	1.492517	0.409174	1.411845	3.313536
57	42	1.492517	0.390847	1.229995	3.113359
57	43	1.492517	0.446760	1.784793	3.724070
57	44	1.492517	0.425735	1.576172	3.494424
57	45	1.492517	0.397811	1.299095	3.189423
57	46	1.492517	0.374580	1.068579	2.935676
57	47	1.492517	0.467384	1.989432	3.949333
57	48	1.492517	0.390572	1.227266	3.110356
57	49	1.492517	0.438785	1.705657	3.636958
57	50	1.492517	0.394186	1.739794	3.626497
57	51	1.492517	0.366524	0.988648	2.847689
57	52	1.492517	0.400735	1.328107	3.221359
57	53	1.492517	0.455059	1.867140	3.814716
57	54	1.492517	0.409784	1.417900	3.320202
57	55	1.492517	0.438176	1.699614	3.630307
57	56	1.492517	0.428550	1.604100	3.525167
57	57	1.492517	0.396216	1.283263	3.171995
57	58	1.492517	0.483345	2.147807	4.123669
57	59	1.492517	0.421756	1.536691	3.450964
57	60	1.492517	0.464174	2.063507	4.020198
57	61	1.492517	0.397811	1.299095	3.189423
57	62	1.492517	0.479228	2.106957	4.078703
57	63	1.492517	0.368788	1.011113	2.872417
57	64	1.492517	0.461536	1.931404	3.885457
57	65	1.492517	0.428550	1.604100	3.525167
57	66	1.492517	0.391599	1.237458	3.121574
57	67	1.492517	0.452616	1.842892	3.788024
57	68	1.492517	0.392622	1.247606	3.132745
57	69	1.492517	0.443636	1.753789	3.689942
57	70	1.492517	0.399232	1.313188	3.204937
57	71	1.492517	0.390847	1.229995	3.113359
57	72	1.492517	0.410524	1.425235	3.328276
57	73	1.492517	0.397811	1.299095	3.189423
57	74	1.492517	0.412488	1.444729	3.349734
57	75	1.492517	0.391825	1.239701	3.124043
57	76	1.492517	0.473177	2.046912	4.012605
57	77	1.492517	0.390572	1.227266	3.110356
57	78	1.492517	0.455059	1.867140	3.814716
57	79	1.492517	0.421756	1.536691	3.450964
57	80	1.492517	0.393458	1.255900	3.141874
57	81	1.492517	0.410524	1.425235	3.328276
57	82	1.492517	0.472038	2.088570	4.053125
57	83	1.492517	0.429872	1.617217	3.539605
57	84	1.492517	0.442039	1.737950	3.672506
57	85	1.492517	0.446812	1.785303	3.724631
57	86	1.492517	0.397811	1.299095	3.189423
57	87	1.492517	0.438176	1.699614	3.630307
57	88	1.492517	0.430879	1.627207	3.550603
57	89	1.492517	0.381485	1.137094	3.011096
57	90	1.492517	0.443220	1.749668	3.685405
57	91	1.492517	0.352237	0.846888	2.691642
57	92	1.492517	0.452750	1.844226	3.789493
57	93	1.492517	0.394186	1.739794	3.626497
57	94	1.492517	0.452750	1.844226	3.789493
57	95	1.492517	0.420018	1.519440	3.431975
57	96	1.492517	0.438785	1.705657	3.636958
57	97	1.492517	0.280026	1.083723	2.856267
57	98	1.492517	0.381485	1.137094	3.011096
57	99	1.492517	0.417841	1.497844	3.408202
58	0	1.576580	0.416987	1.489369	3.482936
58	1	1.576580	0.427033	1.589048	3.592660
58	2	1.576580	0.427182	1.590532	3.594294
58	3	1.576580	0.398416	1.305099	3.280095
58	4	1.576580	0.431227	1.630666	3.638473
58	5	1.576580	0.456892	1.885322	3.918793
58	6	1.576580	0.435941	1.677438	3.689958
58	7	1.576580	0.410937	1.429333	3.416849
58	8	1.576580	0.354948	1.350455	3.281982
58	9	1.576580	0.416987	1.489369	3.482936
58	10	1.576580	0.367981	1.003107	2.947668
58	11	1.576580	0.389624	1.217857	3.184061
58	12	1.576580	0.401255	1.333263	3.311097
58	13	1.576580	0.382514	1.147309	3.106403
58	14	1.576580	0.405903	1.379385	3.361867
58	15	1.576580	0.420832	1.527521	3.524933
58	16	1.576580	0.457353	1.942861	3.976793
58	17	1.576580	0.436648	1.684457	3.697685
58	18	1.576580	0.442417	1.741693	3.760689
58	19	1.576580	0.431227	1.630666	3.638473
58	20	1.576580	0.433182	1.967842	3.977603
58	21	1.576580	0.406533	1.385642	3.368755
58	22	1.576580	0.419651	1.515798	3.512028
58	23	1.576580	0.470699	2.075293	4.122572
58	24	1.576580	0.416987	1.489369	3.482936
58	25	1.576580	0.366878	0.992159	2.935616
58	26	1.576580	0.410937	1.429333	3.416849
58	27	1.576580	0.395029	1.271492	3.243101
58	28	1.576580	0.474586	2.060891	4.112056
58	29	1.576580	0.401255	1.333263	3.311097
58	30	1.576580	0.349212	0.816871	2.742663
58	31	1.576580	0.427936	1.598004	3.602519
58	32	1.576580	0.406533	1.385642	3.368755
58	33	1.576580	0.353867	0.863054	2.793500
58	34	1.576580	0.427182	1.590532	3.594294
58	35	1.576580	0.432815	1.646424	3.655818
58	36	1.576580	0.496505	2.278389	4.351473
58	37	1.576580	0.401506	1.335756	3.313841
58	38	1.576580	0.389974	1.221335	3.187889
58	39	1.576580	0.382514	1.147309	3.106403
58	40	1.576580	0.407152	1.391777	3.375508
58	41	1.576580	0.427182	1.590532	3.594294
58	42	1.576580	0.356945	0.893601	2.827125
58	43	1.576580	0.384237	1.164404	3.125220
58	44	1.576580	0.401506	1.335756	3.313841
58	45	1.576580	0.407830	1.716293	3.700703
58	46	1.576580	0.501548	2.328426	4.406554
58	47	1.576580	0.453264	1.849324	3.879168
58	48	1.576580	0.420513	1.524353	3.521446
58	49	1.576580	0.425372	1.572565	3.574516
58	50	1.576580	0.457728	1.999552	4.033860
58	51	1.576580	0.427182	1.590532	3.594294
58	52	1.576580	0.353867	0.863054	2.793500
58	53	1.576580	0.454640	1.862980	3.894200
58	54	1.576580	0.366878	0.992159	2.935616
58	55	1.576580	0.397184	1.292872	3.266636
58	56	1.576580	0.425372	1.572565	3.574516
58	57	1.576580	0.349212	0.816871	2.742663
58	58	1.576580	0.389755	1.642869	3.609203
58	59	1.576580	0.382514	1.147309	3.106403
58	60	1.576580	0.369242	1.015613	2.961434
58	61	1.576580	0.430259	1.621060	3.627899
58	62	1.576580	0.431227	1.630666	3.638473
58	63	1.576580	0.412211	1.441978	3.430769
58	64	1.576580	0.420513	1.524353	3.521446
58	65	1.576580	0.423953	1.558485	3.559017
58	66	1.576580	0.475118	2.066167	4.117864
58	67	1.576580	0.349212	0.816871	2.742663
58	68	1.576580	0.407939	1.399584	3.384103
58	69	1.576580	0.427936	1.598004	3.602519
58	70	1.576580	0.473981	2.054888	4.105449
58	71	1.576580	0.401214	1.332863	3.310657
58	72	1.576580	0.401255	1.333263	3.311097
58	73	1.576580	0.425372	1.572565	3.574516
58	74	1.576580	0.411357	1.433508	3.421445
58	75	1.576580	0.480424	2.118825	4.175828
58	76	1.576580	0.438356	1.701403	3.716339
58	77	1.576580	0.465723	1.972946	4.015248
58	78	1.576580	0.427033	1.589048	3.592660
58	79	1.576580	0.418566	1.505038	3.500184
58	80	1.576580	0.384237	1.164404	3.125220
58	81	1.576580	0.406396	1.384281	3.367257
58	82	1.576580	0.409004	1.410153	3.395737
58	83	1.576580	0.447613	1.793249	3.817441
58	84	1.576580	0.417854	1.497971	3.492405
58	85	1.576580	0.419651	1.515798	3.512028
58	86	1.576580	0.465723	1.972946	4.015248
58	87	1.576580	0.432815	1.646424	3.655818
58	88	1.576580	0.407830	1.716293	3.700703
58	89	1.576580	0.401214	1.332863	3.310657
58	90	1.576580	0.401214	1.332863	3.310657
58	91	1.576580	0.454640	1.862980	3.894200
58	92	1.576580	0.475118	2.066167	4.117864
58	93	1.576580	0.406396	1.384281	3.367257
58	94	1.576580	0.434837	1.666487	3.677904
58	95	1.576580	0.401308	1.810465	3.788352
58	96	1.576580	0.465723	1.972946	4.015248
58	97	1.576580	0.366878	0.992159	2.935616
58	98	1.576580	0.401308	1.810465	3.788352
58	99	1.576580	0.389624	1.217857	3.184061
59	0	1.499633	0.428892	1.607493	3.536018
59	1	1.499633	0.437197	1.689897	3.626727
59	2	1.499633	0.413690	1.774437	3.687760
59	3	1.499633	0.415330	1.472929	3.387892
59	4	1.499633	0.390465	1.226205	3.116303
59	5	1.499633	0.411843	1.438325	3.349800
59	6	1.499633	0.403539	1.355927	3.259098
59	7	1.499633	0.444263	1.760010	3.703905
59	8	1.499633	0.454467	1.861263	3.815363
59	9	1.499633	0.370394	1.027051	2.897078
59	10	1.499633	0.392736	1.248738	3.141106
59	11	1.499633	0.497516	2.288416	4.285565
59	12	1.499633	0.464808	1.963869	3.928309
59	13	1.499633	0.437197	1.689897	3.626727
59	14	1.499633	0.428290	1.601521	3.529444
59	15	1.499633	0.400421	1.324987	3.225040
59	16	1.499633	0.392736	1.248738	3.141106
59	17	1.499633	0.464808	1.963869	3.928309
59	18	1.499633	0.400421	1.324987	3.225040
59	19	1.499633	0.425162	1.570488	3.495283
59	20	1.499633	0.437200	1.689932	3.626765
59	21	1.499633	0.419677	1.516060	3.435370
59	22	1.499633	0.410053	1.420566	3.330252
59	23	1.499633	0.388826	1.209941	3.098400
59	24	1.499633	0.433132	1.649563	3.582328
59	25	1.499633	0.444439	1.761762	3.705834
59	26	1.499633	0.400694	1.698450	3.598777
59	27	1.499633	0.401928	1.339944	3.241504
59	28	1.499633	0.392736	1.248738	3.141106
59	29	1.499633	0.401920	1.339869	3.241422
59	30	1.499633	0.460418	1.920313	3.880364
59	31	1.499633	0.460418	1.920313	3.880364
59	32	1.499633	0.379472	1.117126	2.996230
59	33	1.499633	0.442146	1.739012	3.680791
59	34	1.499633	0.486753	2.181616	4.168001
59	35	1.499633	0.480869	2.123241	4.103744
59	36	1.499633	0.431665	1.635010	3.566308
59	37	1.499633	0.429958	1.618071	3.547661
59	38	1.499633	0.440260	1.720291	3.660183
59	39	1.499633	0.388826	1.209941	3.098400
59	40	1.499633	0.404026	1.360761	3.264420
59	41	1.499633	0.456644	1.935827	3.892104
59	42	1.499633	0.419677	1.516060	3.435370
59	43	1.499633	0.383673	1.158806	3.042112
59	44	1.499633	0.390465	1.226205	3.116303
59	45	1.499633	0.364200	0.965585	2.829418
59	46	1.499633	0.401920	1.339869	3.241422
59	47	1.499633	0.466682	1.982465	3.948780
59	48	1.499633	0.393477	1.626833	3.519942
59	49	1.499633	0.481815	2.132624	4.114071
59	50	1.499633	0.444263	1.760010	3.703905
59	51	1.499633	0.433033	1.648579	3.581245
59	52	1.499633	0.435374	1.989597	3.924604
59	53	1.499633	0.415330	1.472929	3.387892
59	54	1.499633	0.377054	1.093135	2.969822
59	55	1.499633	0.473775	2.052843	4.026250
59	56	1.499633	0.330447	1.372163	3.202242
59	57	1.499633	0.368097	1.004257	2.871987
59	58	1.499633	0.473775	2.052843	4.026250
59	59	1.499633	0.435506	1.673127	3.608266
59	60	1.499633	0.392736	1.248738	3.141106
59	61	1.499633	0.466682	1.982465	3.948780
59	62	1.499633	0.450767	2.036403	3.986802
59	63	1.499633	0.437197	1.689897	3.626727
59	64	1.499633	0.401928	1.339944	3.241504
59	65	1.499633	0.435506	1.673127	3.608266
59	66	1.499633	0.452230	1.839063	3.790926
59	67	1.499633	0.440260	1.720291	3.660183
59	68	1.499633	0.415567	1.475277	3.390477
59	69	1.499633	0.473775	2.052843	4.026250
59	70	1.499633	0.433064	1.648890	3.581586
59	71	1.499633	0.383673	1.158806	3.042112
59	72	1.499633	0.473775	2.052843	4.026250
59	73	1.499633	0.444439	1.761762	3.705834
59	74	1.499633	0.383673	1.158806	3.042112
59	75	1.499633	0.401648	1.337165	3.238445
59	76	1.499633	0.461140	1.927479	3.888252
59	77	1.499633	0.481815	2.132624	4.114071
59	78	1.499633	0.462988	2.051735	4.014355
59	79	1.499633	0.383673	1.158806	3.042112
59	80	1.499633	0.412538	1.445218	3.357388
59	81	1.499633	0.401928	1.339944	3.241504
59	82	1.499633	0.412207	1.759716	3.671556
59	83	1.499633	0.388826	1.209941	3.098400
59	84	1.499633	0.419677	1.516060	3.435370
59	85	1.499633	0.407825	1.398455	3.305913
59	86	1.499633	0.437916	1.697036	3.634585
59	87	1.499633	0.407825	1.398455	3.305913
59	88	1.499633	0.433033	1.648579	3.581245
59	89	1.499633	0.410059	1.844329	3.754021
59	90	1.499633	0.368097	1.004257	2.871987
59	91	1.499633	0.377054	1.093135	2.969822
59	92	1.499633	0.410053	1.420566	3.330252
59	93	1.499633	0.370394	1.027051	2.897078
59	94	1.499633	0.392736	1.248738	3.141106
59	95	1.499633	0.401928	1.339944	3.241504
59	96	1.499633	0.444263	1.760010	3.703905
59	97	1.499633	0.377054	1.093135	2.969822
59	98	1.499633	0.428290	1.601521	3.529444
59	99	1.499633	0.419677	1.516060	3.435370
60	0	1.463928	0.416076	1.480326	3.360329
60	1	1.463928	0.437376	1.691676	3.592979
60	2	1.463928	0.410007	1.420111	3.294046
60	3	1.463928	0.420778	1.950697	3.835403
60	4	1.463928	0.447756	1.794669	3.706353
60	5	1.463928	0.443083	1.748300	3.655311
60	6	1.463928	0.435487	1.672929	3.572343
60	7	1.463928	0.417470	1.494158	3.375555
60	8	1.463928	0.402936	1.349943	3.216807
60	9	1.463928	0.437497	1.692876	3.594301
60	10	1.463928	0.447756	1.794669	3.706353
60	11	1.463928	0.435876	1.676796	3.576600
60	12	1.463928	0.409337	1.413456	3.286720
60	13	1.463928	0.423091	1.814751	3.701770
60	14	1.463928	0.403898	1.359495	3.227321
60	15	1.463928	0.437497	1.692876	3.594301
60	16	1.463928	0.402936	1.349943	3.216807
60	17	1.463928	0.456634	1.882760	3.803322
60	18	1.463928	0.438229	1.700138	3.602295
60	19	1.463928	0.402936	1.349943	3.216807
60	20	1.463928	0.373630	1.059159	2.896717
60	21	1.463928	0.400336	1.324151	3.188415
60	22	1.463928	0.464414	1.959963	3.888305
60	23	1.463928	0.438199	1.699845	3.601972
60	24	1.463928	0.435876	1.676796	3.576600
60	25	1.463928	0.449179	1.808797	3.721904
60	26	1.463928	0.447760	1.794714	3.706401
60	27	1.463928	0.471603	2.084261	4.019791
60	28	1.463928	0.476600	2.080877	4.021405
60	29	1.463928	0.435876	1.676796	3.576600
60	30	1.463928	0.475608	2.071038	4.010574
60	31	1.463928	0.402936	1.349943	3.216807
60	32	1.463928	0.455669	1.873188	3.792784
60	33	1.463928	0.422438	1.543454	3.429819
60	34	1.463928	0.451255	1.829391	3.744574
60	35	1.463928	0.435487	1.672929	3.572343
60	36	1.463928	0.473188	2.047018	3.984134
60	37	1.463928	0.438199	1.699845	3.601972
60	38	1.463928	0.453749	1.854134	3.771810
60	39	1.463928	0.491323	2.226968	4.182219
60	40	1.463928	0.478215	2.096902	4.039044
60	41	1.463928	0.435507	1.673128	3.572562
60	42	1.463928	0.452342	1.840180	3.756450
60	43	1.463928	0.404874	1.369176	3.237978
60	44	1.463928	0.503293	2.345735	4.312955
60	45	1.463928	0.373630	1.059159	2.896717
60	46	1.463928	0.452342	1.840180	3.756450
60	47	1.463928	0.463540	1.951292	3.878760
60	48	1.463928	0.421070	1.529886	3.414884
60	49	1.463928	0.391101	1.709184	3.564212
60	50	1.463928	0.472438	2.039581	3.975947
60	51	1.463928	0.460797	1.924069	3.848793
60	52	1.463928	0.506934	2.381862	4.352723
60	53	1.463928	0.439539	1.713140	3.616606
60	54	1.463928	0.461724	1.933274	3.858926
60	55	1.463928	0.449179	1.808797	3.721904
60	56	1.463928	0.359488	1.554393	3.377809
60	57	1.463928	0.409337	1.413456	3.286720
60	58	1.463928	0.410007	1.420111	3.294046
60	59	1.463928	0.373630	1.059159	2.896717
60	60	1.463928	0.417470	1.494158	3.375555
60	61	1.463928	0.452342	1.840180	3.756450
60	62	1.463928	0.403898	1.359495	3.227321
60	63	1.463928	0.465012	1.965893	3.894833
60	64	1.463928	0.435507	1.673128	3.572562
60	65	1.463928	0.438229	1.700138	3.602295
60	66	1.463928	0.452342	1.840180	3.756450
60	67	1.463928	0.406254	1.753615	3.623796
60	68	1.463928	0.435487	1.672929	3.572343
60	69	1.463928	0.411213	1.908752	3.783893
60	70	1.463928	0.438229	1.700138	3.602295
60	71	1.463928	0.454544	1.862023	3.780494
60	72	1.463928	0.437483	1.692744	3.594155
60	73	1.463928	0.455669	1.873188	3.792784
60	74	1.463928	0.393554	1.680560	3.538042
60	75	1.463928	0.463298	1.948893	3.876119
60	76	1.463928	0.421070	1.529886	3.414884
60	77	1.463928	0.451255	1.829391	3.744574
60	78	1.463928	0.463540	1.951292	3.878760
60	79	1.463928	0.460797	1.924069	3.848793
60	80	1.463928	0.447756	1.794669	3.706353
60	81	1.463928	0.359488	1.554393	3.377809
60	82	1.463928	0.381795	1.140172	2.985895
60	83	1.463928	0.453622	1.852876	3.770426
60	84	1.463928	0.400336	1.324151	3.188415
60	85	1.463928	0.438229	1.700138	3.602295
60	86	1.463928	0.382400	1.146181	2.992509
60	87	1.463928	0.373630	1.059159	2.896717
60	88	1.463928	0.491323	2.226968	4.182219
60	89	1.463928	0.475608	2.071038	4.010574
60	90	1.463928	0.453749	1.854134	3.771810
60	91	1.463928	0.440899	1.938487	3.843314
60	92	1.463928	0.506934	2.381862	4.352723
60	93	1.463928	0.373630	1.059159	2.896717
60	94	1.463928	0.473188	2.047018	3.984134
60	95	1.463928	0.409337	1.413456	3.286720
60	96	1.463928	0.447756	1.794669	3.706353
60	97	1.463928	0.421070	1.529886	3.414884
60	98	1.463928	0.443930	1.756707	3.664565
60	99	1.463928	0.438229	1.700138	3.602295
61	0	1.588046	0.459674	1.912927	3.960646
61	1	1.588046	0.405675	1.588975	3.582696
61	2	1.588046	0.381358	1.135839	3.105243
61	3	1.588046	0.442307	1.740603	3.770955
61	4	1.588046	0.438312	1.700968	3.727326
61	5	1.588046	0.394650	1.267733	3.250429
61	6	1.588046	0.408295	1.403122	3.399463
61	7	1.588046	0.368113	1.004417	2.960576
61	8	1.588046	0.421593	1.535068	3.544707
61	9	1.588046	0.386771	1.189553	3.164370
61	10	1.588046	0.421593	1.535068	3.544707
61	11	1.588046	0.447218	1.789330	3.824593
61	12	1.588046	0.428856	1.607142	3.624044
61	13	1.588046	0.410028	1.420321	3.418395
61	14	1.588046	0.401763	1.338302	3.328111
61	15	1.588046	0.390429	1.225850	3.204325
61	16	1.588046	0.424091	1.559860	3.571997
61	17	1.588046	0.445804	1.987162	4.021012
61	18	1.588046	0.443893	1.756339	3.788278
61	19	1.588046	0.435834	1.676380	3.700260
61	20	1.588046	0.405675	1.588975	3.582696
61	21	1.588046	0.405423	1.374621	3.368089
61	22	1.588046	0.460026	1.916425	3.964497
61	23	1.588046	0.412436	1.444211	3.444693
61	24	1.588046	0.394650	1.267733	3.250429
61	25	1.588046	0.398427	1.305208	3.291681
61	26	1.588046	0.456803	1.884446	3.929295
61	27	1.588046	0.412422	1.761854	3.762322
61	28	1.588046	0.393312	1.254448	3.235805
61	29	1.588046	0.430254	1.621012	3.639312
61	30	1.588046	0.392204	1.243463	3.223713
61	31	1.588046	0.368113	1.004417	2.960576
61	32	1.588046	0.393312	1.254448	3.235805
61	33	1.588046	0.458167	2.109826	4.156039
61	34	1.588046	0.412576	1.445599	3.446221
61	35	1.588046	0.443580	1.753235	3.784861
61	36	1.588046	0.351743	0.841986	2.781775
61	37	1.588046	0.381358	1.135839	3.105243
61	38	1.588046	0.430254	1.621012	3.639312
61	39	1.588046	0.424091	1.559860	3.571997
61	40	1.588046	0.398427	1.305208	3.291681
61	41	1.588046	0.398918	1.310076	3.297040
61	42	1.588046	0.428856	1.607142	3.624044
61	43	1.588046	0.421729	1.536423	3.546198
61	44	1.588046	0.399262	1.313495	3.300804
61	45	1.588046	0.448703	1.804065	3.840814
61	46	1.588046	0.399262	1.313495	3.300804
61	47	1.588046	0.468711	2.002600	4.059357
61	48	1.588046	0.410028	1.420321	3.418395
61	49	1.588046	0.410028	1.420321	3.418395
61	50	1.588046	0.420272	1.786784	3.795102
61	51	1.588046	0.428856	1.607142	3.624044
61	52	1.588046	0.366492	0.988330	2.942868
61	53	1.588046	0.360362	0.927502	2.875909
61	54	1.588046	0.428856	1.607142	3.624044
61	55	1.588046	0.423696	1.555938	3.567680
61	56	1.588046	0.481508	2.129581	4.199135
61	57	1.588046	0.397620	1.297198	3.282864
61	58	1.588046	0.413890	1.458637	3.460573
61	59	1.588046	0.468711	2.002600	4.059357
61	60	1.588046	0.446903	1.786206	3.821155
61	61	1.588046	0.465179	1.967557	4.020782
61	62	1.588046	0.442307	1.740603	3.770955
61	63	1.588046	0.386771	1.189553	3.164370
61	64	1.588046	0.424091	1.559860	3.571997
61	65	1.588046	0.390511	1.226661	3.205219
61	66	1.588046	0.449799	1.814949	3.852795
61	67	1.588046	0.443893	1.756339	3.788278
61	68	1.588046	0.370356	1.026675	2.985077
61	69	1.588046	0.438429	1.702129	3.728605
61	70	1.588046	0.443893	1.756339	3.788278
61	71	1.588046	0.368113	1.004417	2.960576
61	72	1.588046	0.360362	0.927502	2.875909
61	73	1.588046	0.393312	1.254448	3.235805
61	74	1.588046	0.443854	1.755954	3.787854
61	75	1.588046	0.421203	1.901946	3.911195
61	76	1.588046	0.360362	0.927502	2.875909
61	77	1.588046	0.395028	1.271484	3.254558
61	78	1.588046	0.442307	1.740603	3.770955
61	79	1.588046	0.452159	1.997249	4.037453
61	80	1.588046	0.437835	1.696229	3.722110
61	81	1.588046	0.404501	1.365470	3.358017
61	82	1.588046	0.421729	1.536423	3.546198
61	83	1.588046	0.394650	1.267733	3.250429
61	84	1.588046	0.452159	1.997249	4.037453
61	85	1.588046	0.453673	1.853387	3.895106
61	86	1.588046	0.345910	0.784107	2.718063
61	87	1.588046	0.366159	0.985022	2.939226
61	88	1.588046	0.435361	1.671682	3.695089
61	89	1.588046	0.412576	1.445599	3.446221
61	90	1.588046	0.427910	1.597748	3.613704
61	91	1.588046	0.421729	1.536423	3.546198
61	92	1.588046	0.390429	1.225850	3.204325
61	93	1.588046	0.424580	1.564706	3.577332
61	94	1.588046	0.412422	1.761854	3.762322
61	95	1.588046	0.490963	2.223395	4.302404
61	96	1.588046	0.395028	1.271484	3.254558
61	97	1.588046	0.398427	1.305208	3.291681
61	98	1.588046	0.404501	1.365470	3.358017
61	99	1.588046	0.351743	0.841986	2.781775
62	0	1.604167	0.402772	1.348320	3.355259
62	1	1.604167	0.444429	1.761665	3.810261
62	2	1.604167	0.388048	1.202221	3.194435
62	3	1.604167	0.409041	1.410519	3.423727
62	4	1.604167	0.408934	1.409463	3.422564
62	5	1.604167	0.449407	1.811052	3.864626
62	6	1.604167	0.410900	1.428968	3.444035
62	7	1.604167	0.462999	1.945921	4.013087
62	8	1.604167	0.458010	1.896420	3.958597
62	9	1.604167	0.423463	1.553623	3.581252
62	10	1.604167	0.408104	1.401229	3.413500
62	11	1.604167	0.360246	0.926356	2.890769
62	12	1.604167	0.458010	1.896420	3.958597
62	13	1.604167	0.450861	1.825483	3.880511
62	14	1.604167	0.402404	1.344670	3.351241
62	15	1.604167	0.420469	1.894663	3.919299
62	16	1.604167	0.396785	1.712619	3.713571
62	17	1.604167	0.458770	1.903958	3.966894
62	18	1.604167	0.447915	1.796249	3.848330
62	19	1.604167	0.431674	1.635100	3.670941
62	20	1.604167	0.431674	1.635100	3.670941
62	21	1.604167	0.450861	1.825483	3.880511
62	22	1.604167	0.432219	1.640509	3.676894
62	23	1.604167	0.410900	1.428968	3.444035
62	24	1.604167	0.409301	1.413100	3.426567
62	25	1.604167	0.388048	1.202221	3.194435
62	26	1.604167	0.508906	2.454396	4.567469
62	27	1.604167	0.438890	1.706703	3.749760
62	28	1.604167	0.448899	1.806016	3.859082
62	29	1.604167	0.452519	1.841931	3.898616
62	30	1.604167	0.355267	0.876952	2.836386
62	31	1.604167	0.367864	1.001946	2.973977
62	32	1.604167	0.494040	2.253922	4.352128
62	33	1.604167	0.499396	2.307072	4.410634
62	34	1.604167	0.456296	1.879408	3.939871
62	35	1.604167	0.458818	1.904435	3.967419
62	36	1.604167	0.441214	1.729761	3.775141
62	37	1.604167	0.409301	1.413100	3.426567
62	38	1.604167	0.370926	1.032326	3.007419
62	39	1.604167	0.415887	1.478451	3.498505
62	40	1.604167	0.414395	1.463651	3.482213
62	41	1.604167	0.441214	1.729761	3.775141
62	42	1.604167	0.472791	2.043085	4.120043
62	43	1.604167	0.442746	1.744957	3.791869
62	44	1.604167	0.382515	1.147323	3.134005
62	45	1.604167	0.436801	1.685971	3.726939
62	46	1.604167	0.458770	1.903958	3.966894
62	47	1.604167	0.409041	1.410519	3.423727
62	48	1.604167	0.441058	1.728215	3.773440
62	49	1.604167	0.389305	1.214694	3.208166
62	50	1.604167	0.409301	1.413100	3.426567
62	51	1.604167	0.468861	2.004087	4.077114
62	52	1.604167	0.453716	1.853809	3.911692
62	53	1.604167	0.370926	1.032326	3.007419
62	54	1.604167	0.494040	2.253922	4.352128
62	55	1.604167	0.442746	1.744957	3.791869
62	56	1.604167	0.373861	1.061452	3.039480
62	57	1.604167	0.414177	1.461489	3.479833
62	58	1.604167	0.417902	1.498447	3.520515
62	59	1.604167	0.436383	1.681821	3.722370
62	60	1.604167	0.382515	1.147323	3.134005
62	61	1.604167	0.423463	1.553623	3.581252
62	62	1.604167	0.370926	1.032326	3.007419
62	63	1.604167	0.462999	1.945921	4.013087
62	64	1.604167	0.355832	1.571084	3.531083
62	65	1.604167	0.389588	1.217504	3.211259
62	66	1.604167	0.441214	1.729761	3.775141
62	67	1.604167	0.445520	1.772483	3.822169
62	68	1.604167	0.438638	1.704199	3.747003
62	69	1.604167	0.414177	1.461489	3.479833
62	70	1.604167	0.488427	2.251193	4.343787
62	71	1.604167	0.432219	1.640509	3.676894
62	72	1.604167	0.424772	1.566614	3.595553
62	73	1.604167	0.438638	1.704199	3.747003
62	74	1.604167	0.494040	2.253922	4.352128
62	75	1.604167	0.472132	2.195435	4.271733
62	76	1.604167	0.391987	1.241306	3.237460
62	77	1.604167	0.436383	1.681821	3.722370
62	78	1.604167	0.417903	1.763274	3.785344
62	79	1.604167	0.389305	1.214694	3.208166
62	80	1.604167	0.407988	1.400073	3.412228
62	81	1.604167	0.391987	1.241306	3.237460
62	82	1.604167	0.447915	1.796249	3.848330
62	83	1.604167	0.458770	1.903958	3.966894
62	84	1.604167	0.388048	1.202221	3.194435
62	85	1.604167	0.440657	1.724229	3.769052
62	86	1.604167	0.414177	1.461489	3.479833
62	87	1.604167	0.440657	1.724229	3.769052
62	88	1.604167	0.431674	1.635100	3.670941
62	89	1.604167	0.402404	1.344670	3.351241
62	90	1.604167	0.389305	1.214694	3.208166
62	91	1.604167	0.412276	1.442624	3.459067
62	92	1.604167	0.389305	1.214694	3.208166
62	93	1.604167	0.402404	1.344670	3.351241
62	94	1.604167	0.456296	1.879408	3.939871
62	95	1.604167	0.436383	1.681821	3.722370
62	96	1.604167	0.486049	2.280566	4.370782
62	97	1.604167	0.437302	1.690940	3.732408
62	98	1.604167	0.415004	1.469687	3.488857
62	99	1.604167	0.389588	1.217504	3.211259
63	0	1.558089	0.441515	2.050527	4.050132
63	1	1.558089	0.455331	1.869836	3.883256
63	2	1.558089	0.405235	1.372762	3.336087
63	3	1.558089	0.464234	1.958174	3.980497
63	4	1.558089	0.431648	1.634837	3.624575
63	5	1.558089	0.394758	1.268804	3.221652
63	6	1.558089	0.422765	1.546701	3.527555
63	7	1.558089	0.409684	1.416906	3.384680
63	8	1.558089	0.414876	1.468422	3.441388
63	9	1.558089	0.356895	0.893102	2.808086
63	10	1.558089	0.406718	1.387474	3.352282
63	11	1.558089	0.368336	1.006631	2.933057
63	12	1.558089	0.471009	2.025400	4.054498
63	13	1.558089	0.376543	1.088058	3.022690
63	14	1.558089	0.356895	0.893102	2.808086
63	15	1.558089	0.393344	1.254765	3.206198
63	16	1.558089	0.471009	2.025400	4.054498
63	17	1.558089	0.458268	1.898976	3.915333
63	18	1.558089	0.386012	1.182018	3.126119
63	19	1.558089	0.431227	1.630661	3.619977
63	20	1.558089	0.443373	1.751181	3.752644
63	21	1.558089	0.398960	1.310495	3.267544
63	22	1.558089	0.376516	1.087797	3.022403
63	23	1.558089	0.491153	2.225282	4.274525
63	24	1.558089	0.376543	1.088058	3.022690
63	25	1.558089	0.445752	1.827755	3.831597
63	26	1.558089	0.366161	0.985048	2.909299
63	27	1.558089	0.408178	1.401960	3.368227
63	28	1.558089	0.417452	1.493986	3.469527
63	29	1.558089	0.441515	2.050527	4.050132
63	30	1.558089	0.431227	1.630661	3.619977
63	31	1.558089	0.398581	1.306736	3.263407
63	32	1.558089	0.438358	1.701417	3.697864
63	33	1.558089	0.418474	1.504124	3.480687
63	34	1.558089	0.406388	1.384203	3.348681
63	35	1.558089	0.398960	1.310495	3.267544
63	36	1.558089	0.441543	1.733028	3.732660
63	37	1.558089	0.478236	2.097110	4.133436
63	38	1.558089	0.430178	1.620250	3.608517
63	39	1.558089	0.438646	1.916135	3.912870
63	40	1.558089	0.401413	1.758547	3.718049
63	41	1.558089	0.444965	1.766980	3.770035
63	42	1.558089	0.405235	1.372762	3.336087
63	43	1.558089	0.417452	1.493986	3.469527
63	44	1.558089	0.408178	1.401960	3.368227
63	45	1.558089	0.420525	1.524475	3.503089
63	46	1.558089	0.452201	1.838782	3.849072
63	47	1.558089	0.414570	1.465384	3.438044
63	48	1.558089	0.438646	1.916135	3.912870
63	49	1.558089	0.458922	1.905464	3.922475
63	50	1.558089	0.394758	1.268804	3.221652
63	51	1.558089	0.417452	1.493986	3.469527
63	52	1.558089	0.441543	1.733028	3.732660
63	53	1.558089	0.405235	1.372762	3.336087
63	54	1.558089	0.458552	1.901797	3.918439
63	55	1.558089	0.417452	1.493986	3.469527
63	56	1.558089	0.386012	1.182018	3.126119
63	57	1.558089	0.492854	2.295121	4.346065
63	58	1.558089	0.428292	1.601542	3.587923
63	59	1.558089	0.366161	0.985048	2.909299
63	60	1.558089	0.409375	1.413842	3.381307
63	61	1.558089	0.452201	1.838782	3.849072
63	62	1.558089	0.406388	1.384203	3.348681
63	63	1.558089	0.371071	1.033770	2.962931
63	64	1.558089	0.464234	1.958174	3.980497
63	65	1.558089	0.456523	1.881663	3.896275
63	66	1.558089	0.482479	2.139212	4.179780
63	67	1.558089	0.414570	1.465384	3.438044
63	68	1.558089	0.464234	1.958174	3.980497
63	69	1.558089	0.398960	1.310495	3.267544
63	70	1.558089	0.465976	1.975458	3.999524
63	71	1.558089	0.420337	1.681502	3.659929
63	72	1.558089	0.398960	1.310495	3.267544
63	73	1.558089	0.370156	1.660254	3.588500
63	74	1.558089	0.406388	1.384203	3.348681
63	75	1.558089	0.366161	0.985048	2.909299
63	76	1.558089	0.458922	1.905464	3.922475
63	77	1.558089	0.438357	1.701414	3.697861
63	78	1.558089	0.408178	1.401960	3.368227
63	79	1.558089	0.376516	1.087797	3.022403
63	80	1.558089	0.427237	1.591076	3.576403
63	81	1.558089	0.431648	1.634837	3.624575
63	82	1.558089	0.444139	1.758781	3.761009
63	83	1.558089	0.428784	1.871244	3.858118
63	84	1.558089	0.444139	1.758781	3.761009
63	85	1.558089	0.416780	1.487316	3.462186
63	86	1.558089	0.376543	1.088058	3.022690
63	87	1.558089	0.355406	0.878332	2.791828
63	88	1.558089	0.398960	1.310495	3.267544
63	89	1.558089	0.420853	1.527726	3.506668
63	90	1.558089	0.452211	1.838874	3.849174
63	91	1.558089	0.438357	1.701414	3.697861
63	92	1.558089	0.393344	1.254765	3.206198
63	93	1.558089	0.411019	1.430147	3.399255
63	94	1.558089	0.402601	1.346619	3.307309
63	95	1.558089	0.433185	1.650088	3.641362
63	96	1.558089	0.414570	1.465384	3.438044
63	97	1.558089	0.398581	1.306736	3.263407
63	98	1.558089	0.458922	1.905464	3.922475
63	99	1.558089	0.436529	1.683272	3.677890
64	0	1.526284	0.415704	1.476636	3.418625
64	1	1.526284	0.367221	0.995560	2.889065
64	2	1.526284	0.418943	1.508777	3.454004
64	3	1.526284	0.459242	2.014571	4.000098
64	4	1.526284	0.395694	1.278088	3.200067
64	5	1.526284	0.438805	1.705853	3.670942
64	6	1.526284	0.491535	2.229068	4.246887
64	7	1.526284	0.430097	1.619446	3.575827
64	8	1.526284	0.395219	1.273374	3.194877
64	9	1.526284	0.504681	2.359506	4.390471
64	10	1.526284	0.414075	1.460476	3.400836
64	11	1.526284	0.415897	1.478549	3.420730
64	12	1.526284	0.452548	1.842221	3.821053
64	13	1.526284	0.427236	1.591061	3.544581
64	14	1.526284	0.406723	1.705305	3.638312
64	15	1.526284	0.395219	1.273374	3.194877
64	16	1.526284	0.458707	1.903338	3.888329
64	17	1.526284	0.493257	2.246157	4.265698
64	18	1.526284	0.459098	1.907218	3.892600
64	19	1.526284	0.465584	1.971570	3.963439
64	20	1.526284	0.445290	1.770205	3.741779
64	21	1.526284	0.408686	1.407002	3.341973
64	22	1.526284	0.407409	1.394330	3.328023
64	23	1.526284	0.376484	1.087472	2.990240
64	24	1.526284	0.414085	1.460571	3.400941
64	25	1.526284	0.451615	1.832960	3.810859
64	26	1.526284	0.399698	1.317817	3.243799
64	27	1.526284	0.449224	1.809238	3.784746
64	28	1.526284	0.356566	0.889840	2.772691
64	29	1.526284	0.454553	1.862114	3.842951
64	30	1.526284	0.415897	1.478549	3.420730
64	31	1.526284	0.348931	1.449649	3.324865
64	32	1.526284	0.415704	1.476636	3.418625
64	33	1.526284	0.446970	1.786878	3.760133
64	34	1.526284	0.412482	1.444667	3.383433
64	35	1.526284	0.504681	2.359506	4.390471
64	36	1.526284	0.451615	1.832960	3.810859
64	37	1.526284	0.446970	1.786878	3.760133
64	38	1.526284	0.446970	1.786878	3.760133
64	39	1.526284	0.371756	1.040564	2.938605
64	40	1.526284	0.404862	1.369058	3.300204
64	41	1.526284	0.408686	1.407002	3.341973
64	42	1.526284	0.415704	1.476636	3.418625
64	43	1.526284	0.418404	1.503432	3.448121
64	44	1.526284	0.432424	1.642542	3.601250
64	45	1.526284	0.427236	1.591061	3.544581
64	46	1.526284	0.411980	1.810435	3.748700
64	47	1.526284	0.395694	1.278088	3.200067
64	48	1.526284	0.361736	0.941140	2.829160
64	49	1.526284	0.442356	1.741092	3.709732
64	50	1.526284	0.445307	1.770376	3.741968
64	51	1.526284	0.427236	1.591061	3.544581
64	52	1.526284	0.489520	2.262035	4.277839
64	53	1.526284	0.429670	1.615211	3.571165
64	54	1.526284	0.493113	2.244724	4.264121
64	55	1.526284	0.432424	1.642542	3.601250
64	56	1.526284	0.431417	1.632547	3.590248
64	57	1.526284	0.394520	1.637181	3.557985
64	58	1.526284	0.418404	1.503432	3.448121
64	59	1.526284	0.361736	0.941140	2.829160
64	60	1.526284	0.462781	1.943754	3.932818
64	61	1.526284	0.371756	1.040564	2.938605
64	62	1.526284	0.427236	1.591061	3.544581
64	63	1.526284	0.442356	1.741092	3.709732
64	64	1.526284	0.493712	2.250668	4.270663
64	65	1.526284	0.468359	1.999105	3.993749
64	66	1.526284	0.437002	1.952785	3.916072
64	67	1.526284	0.399698	1.317817	3.243799
64	68	1.526284	0.414085	1.460571	3.400941
64	69	1.526284	0.473117	2.046313	4.045714
64	70	1.526284	0.414075	1.460476	3.400836
64	71	1.526284	0.414085	1.460571	3.400941
64	72	1.526284	0.458707	1.903338	3.888329
64	73	1.526284	0.371756	1.040564	2.938605
64	74	1.526284	0.465584	1.971570	3.963439
64	75	1.526284	0.445307	1.770376	3.741968
64	76	1.526284	0.395219	1.273374	3.194877
64	77	1.526284	0.419457	1.513879	3.459621
64	78	1.526284	0.380322	1.125561	3.032168
64	79	1.526284	0.417897	1.498397	3.442578
64	80	1.526284	0.399698	1.317817	3.243799
64	81	1.526284	0.445290	1.770205	3.741779
64	82	1.526284	0.454237	2.017874	3.998396
64	83	1.526284	0.376484	1.087472	2.990240
64	84	1.526284	0.449980	1.816744	3.793009
64	85	1.526284	0.356566	0.889840	2.772691
64	86	1.526284	0.472791	2.043079	4.042154
64	87	1.526284	0.408686	1.407002	3.341973
64	88	1.526284	0.449224	1.809238	3.784746
64	89	1.526284	0.480050	2.115105	4.121439
64	90	1.526284	0.462781	1.943754	3.932818
64	91	1.526284	0.414075	1.460476	3.400836
64	92	1.526284	0.395694	1.278088	3.200067
64	93	1.526284	0.465584	1.971570	3.963439
64	94	1.526284	0.399161	1.736197	3.661642
64	95	1.526284	0.380322	1.125561	3.032168
64	96	1.526284	0.407409	1.394330	3.328023
64	97	1.526284	0.454420	1.860793	3.841497
64	98	1.526284	0.432424	1.642542	3.601250
64	99	1.526284	0.383712	1.582905	3.492901
65	0	1.545959	0.388368	1.205398	3.139726
65	1	1.545959	0.452117	1.890909	3.888985
65	2	1.545959	0.500596	2.371937	4.418492
65	3	1.545959	0.412029	1.440169	3.398157
65	4	1.545959	0.469682	2.012231	4.027871
65	5	1.545959	0.401370	1.334407	3.281736
65	6	1.545959	0.480270	2.117289	4.143518
65	7	1.545959	0.392489	1.246284	3.184731
65	8	1.545959	0.392489	1.246284	3.184731
65	9	1.545959	0.469918	2.014574	4.030450
65	10	1.545959	0.436272	1.680722	3.662953
65	11	1.545959	0.443256	1.750020	3.739234
65	12	1.545959	0.427519	1.593869	3.567347
65	13	1.545959	0.408063	1.400818	3.354840
65	14	1.545959	0.420970	1.899634	3.866563
65	15	1.545959	0.401370	1.334407	3.281736
65	16	1.545959	0.427519	1.593869	3.567347
65	17	1.545959	0.422677	1.545824	3.514460
65	18	1.545959	0.403846	1.358973	3.308778
65	19	1.545959	0.453604	1.852703	3.852267
65	20	1.545959	0.420519	1.524412	3.490890
65	21	1.545959	0.394186	1.263127	3.203272
65	22	1.545959	0.480270	2.117289	4.143518
65	23	1.545959	0.427014	1.588862	3.561835
65	24	1.545959	0.446892	1.786101	3.778953
65	25	1.545959	0.401370	1.334407	3.281736
65	26	1.545959	0.452711	1.843840	3.842510
65	27	1.545959	0.421651	1.535645	3.503255
65	28	1.545959	0.420970	1.899634	3.866563
65	29	1.545959	0.396398	1.285073	3.227430
65	30	1.545959	0.444459	1.761959	3.752377
65	31	1.545959	0.389065	1.212313	3.147337
65	32	1.545959	0.406736	1.387651	3.340346
65	33	1.545959	0.422677	1.545824	3.514460
65	34	1.545959	0.420519	1.524412	3.490890
65	35	1.545959	0.442592	1.743433	3.731984
65	36	1.545959	0.438904	1.706839	3.691702
65	37	1.545959	0.403846	1.358973	3.308778
65	38	1.545959	0.455165	1.868191	3.869316
65	39	1.545959	0.410629	1.426283	3.382871
65	40	1.545959	0.420519	1.524412	3.490890
65	41	1.545959	0.441779	1.735363	3.723101
65	42	1.545959	0.462345	1.939428	3.947732
65	43	1.545959	0.448827	1.805300	3.800086
65	44	1.545959	0.442864	1.852056	3.840878
65	45	1.545959	0.406736	1.387651	3.340346
65	46	1.545959	0.405492	1.375313	3.326765
65	47	1.545959	0.461014	1.926221	3.933193
65	48	1.545959	0.380946	1.131746	3.058651
65	49	1.545959	0.396398	1.285073	3.227430
65	50	1.545959	0.395058	1.271773	3.212790
65	51	1.545959	0.373357	1.056448	2.975764
65	52	1.545959	0.444109	1.758489	3.748558
65	53	1.545959	0.412029	1.440169	3.398157
65	54	1.545959	0.420632	1.525538	3.492129
65	55	1.545959	0.397083	1.291874	3.234916
65	56	1.545959	0.411922	1.439111	3.396992
65	57	1.545959	0.436077	1.678787	3.660823
65	58	1.545959	0.412080	1.440675	3.398713
65	59	1.545959	0.480270	2.117289	4.143518
65	60	1.545959	0.431357	1.631953	3.609269
65	61	1.545959	0.435378	1.830744	3.812081
65	62	1.545959	0.412029	1.440169	3.398157
65	63	1.545959	0.472815	2.043322	4.062096
65	64	1.545959	0.435443	1.672500	3.653902
65	65	1.545959	0.444347	1.760847	3.751153
65	66	1.545959	0.469918	2.014574	4.030450
65	67	1.545959	0.410544	1.425439	3.381943
65	68	1.545959	0.443256	1.750020	3.739234
65	69	1.545959	0.437342	1.691337	3.674637
65	70	1.545959	0.446713	1.784325	3.776997
65	71	1.545959	0.427776	1.596421	3.570156
65	72	1.545959	0.462623	1.942192	3.950775
65	73	1.545959	0.458748	1.903745	3.908453
65	74	1.545959	0.389065	1.212313	3.147337
65	75	1.545959	0.454794	1.864506	3.865258
65	76	1.545959	0.426435	1.583117	3.555511
65	77	1.545959	0.461073	1.926811	3.933843
65	78	1.545959	0.410629	1.426283	3.382871
65	79	1.545959	0.462623	1.942192	3.950775
65	80	1.545959	0.430070	1.619185	3.595214
65	81	1.545959	0.446892	1.786101	3.778953
65	82	1.545959	0.424759	1.566484	3.537202
65	83	1.545959	0.427014	1.588862	3.561835
65	84	1.545959	0.472952	2.044682	4.063593
65	85	1.545959	0.438904	1.706839	3.691702
65	86	1.545959	0.444417	1.761537	3.751913
65	87	1.545959	0.436272	1.680722	3.662953
65	88	1.545959	0.388368	1.205398	3.139726
65	89	1.545959	0.468966	2.005125	4.020050
65	90	1.545959	0.479478	2.109432	4.134869
65	91	1.545959	0.462345	1.939428	3.947732
65	92	1.545959	0.471294	2.028227	4.045480
65	93	1.545959	0.410665	1.426636	3.383260
65	94	1.545959	0.437931	1.697182	3.681072
65	95	1.545959	0.366852	1.627465	3.540276
65	96	1.545959	0.400977	1.330513	3.277449
65	97	1.545959	0.436077	1.678787	3.660823
65	98	1.545959	0.410544	1.425439	3.381943
65	99	1.545959	0.454845	1.917982	3.918786
66	0	1.577707	0.408895	1.409070	3.395671
66	1	1.577707	0.437169	1.689621	3.704497
66	2	1.577707	0.400506	1.325839	3.304052
66	3	1.577707	0.411863	1.438520	3.428089
66	4	1.577707	0.359872	0.922644	2.860223
66	5	1.577707	0.369188	1.015080	2.961974
66	6	1.577707	0.430241	1.620883	3.628831
66	7	1.577707	0.380628	1.128598	3.086933
66	8	1.577707	0.446929	1.786467	3.811103
66	9	1.577707	0.408895	1.409070	3.395671
66	10	1.577707	0.430241	1.620883	3.628831
66	11	1.577707	0.427641	1.595078	3.600425
66	12	1.577707	0.390590	1.227444	3.195741
66	13	1.577707	0.387293	1.671400	3.636399
66	14	1.577707	0.411863	1.438520	3.428089
66	15	1.577707	0.399229	1.313165	3.290100
66	16	1.577707	0.425303	1.571880	3.574889
66	17	1.577707	0.480835	2.228825	4.287367
66	18	1.577707	0.367095	1.576911	3.521712
66	19	1.577707	0.412682	1.711467	3.701855
66	20	1.577707	0.389921	1.220805	3.188432
66	21	1.577707	0.377364	1.096208	3.051278
66	22	1.577707	0.398372	1.304661	3.280740
66	23	1.577707	0.387074	1.192558	3.157339
66	24	1.577707	0.407023	1.390496	3.375226
66	25	1.577707	0.454349	1.860087	3.892142
66	26	1.577707	0.399229	1.313165	3.290100
66	27	1.577707	0.415686	1.476457	3.469849
66	28	1.577707	0.403738	1.357908	3.339353
66	29	1.577707	0.443139	1.748859	3.769704
66	30	1.577707	0.387746	1.199219	3.164671
66	31	1.577707	0.380628	1.128598	3.086933
66	32	1.577707	0.414490	1.464586	3.456783
66	33	1.577707	0.415978	1.479351	3.473036
66	34	1.577707	0.390590	1.227444	3.195741
66	35	1.577707	0.397175	1.292787	3.267669
66	36	1.577707	0.479157	2.106252	4.163116
66	37	1.577707	0.441608	1.839595	3.858909
66	38	1.577707	0.388760	1.209289	3.175756
66	39	1.577707	0.443139	1.748859	3.769704
66	40	1.577707	0.415686	1.476457	3.469849
66	41	1.577707	0.362041	0.944166	2.883913
66	42	1.577707	0.450492	1.821818	3.850017
66	43	1.577707	0.403738	1.357908	3.339353
66	44	1.577707	0.359872	0.922644	2.860223
66	45	1.577707	0.390590	1.227444	3.195741
66	46	1.577707	0.392404	1.245442	3.215553
66	47	1.577707	0.443139	1.748859	3.769704
66	48	1.577707	0.403738	1.357908	3.339353
66	49	1.577707	0.411863	1.438520	3.428089
66	50	1.577707	0.425303	1.571880	3.574889
66	51	1.577707	0.407023	1.390496	3.375226
66	52	1.577707	0.409497	1.415048	3.402252
66	53	1.577707	0.442603	1.955393	3.975702
66	54	1.577707	0.439624	1.713980	3.731310
66	55	1.577707	0.408895	1.409070	3.395671
66	56	1.577707	0.403686	1.357391	3.338784
66	57	1.577707	0.441608	1.839595	3.858909
66	58	1.577707	0.431838	1.636723	3.646267
66	59	1.577707	0.442603	1.955393	3.975702
66	60	1.577707	0.377364	1.096208	3.051278
66	61	1.577707	0.382059	1.142792	3.102557
66	62	1.577707	0.440887	1.726516	3.745109
66	63	1.577707	0.387746	1.199219	3.164671
66	64	1.577707	0.369188	1.015080	2.961974
66	65	1.577707	0.461349	1.929545	3.968600
66	66	1.577707	0.403095	1.351524	3.332326
66	67	1.577707	0.387303	1.194825	3.159834
66	68	1.577707	0.403738	1.357908	3.339353
66	69	1.577707	0.440887	1.726516	3.745109
66	70	1.577707	0.492606	2.239695	4.310008
66	71	1.577707	0.412820	1.448023	3.438550
66	72	1.577707	0.462450	1.940472	3.980628
66	73	1.577707	0.437169	1.689621	3.704497
66	74	1.577707	0.481517	2.129662	4.188886
66	75	1.577707	0.416379	1.483338	3.477424
66	76	1.577707	0.460195	1.918104	3.956006
66	77	1.577707	0.479157	2.106252	4.163116
66	78	1.577707	0.359872	0.922644	2.860223
66	79	1.577707	0.431838	1.636723	3.646267
66	80	1.577707	0.429789	1.616393	3.623889
66	81	1.577707	0.403095	1.351524	3.332326
66	82	1.577707	0.386101	1.182897	3.146704
66	83	1.577707	0.415955	1.479130	3.472792
66	84	1.577707	0.363989	0.963494	2.905190
66	85	1.577707	0.407023	1.390496	3.375226
66	86	1.577707	0.408319	1.403362	3.389388
66	87	1.577707	0.457872	2.000975	4.036553
66	88	1.577707	0.411863	1.438520	3.428089
66	89	1.577707	0.411713	1.437040	3.426461
66	90	1.577707	0.408319	1.403362	3.389388
66	91	1.577707	0.387074	1.192558	3.157339
66	92	1.577707	0.462252	1.938510	3.978469
66	93	1.577707	0.408895	1.409070	3.395671
66	94	1.577707	0.363989	0.963494	2.905190
66	95	1.577707	0.406600	1.386302	3.370609
66	96	1.577707	0.416983	1.489323	3.484012
66	97	1.577707	0.408319	1.403362	3.389388
66	98	1.577707	0.378142	1.527638	3.483486
66	99	1.577707	0.386101	1.182897	3.146704
67	0	1.532107	0.450670	1.823589	3.806366
67	1	1.532107	0.426457	1.583330	3.541893
67	2	1.532107	0.421289	1.532056	3.485452
67	3	1.532107	0.449858	1.815526	3.797491
67	4	1.532107	0.452743	1.844157	3.829007
67	5	1.532107	0.401788	1.338557	3.272453
67	6	1.532107	0.431393	1.632316	3.595816
67	7	1.532107	0.409637	1.416432	3.358176
67	8	1.532107	0.415056	1.470209	3.417372
67	9	1.532107	0.401788	1.338557	3.272453
67	10	1.532107	0.370594	1.029037	2.931739
67	11	1.532107	0.432867	1.752867	3.717842
67	12	1.532107	0.480646	2.121026	4.133779
67	13	1.532107	0.427609	1.594766	3.554482
67	14	1.532107	0.426457	1.583330	3.541893
67	15	1.532107	0.433228	1.650518	3.615853
67	16	1.532107	0.413024	1.714866	3.659998
67	17	1.532107	0.421822	1.537343	3.491272
67	18	1.532107	0.424054	1.559489	3.515649
67	19	1.532107	0.431393	1.632316	3.595816
67	20	1.532107	0.450670	1.823589	3.806366
67	21	1.532107	0.447170	1.841820	3.821096
67	22	1.532107	0.444572	1.763079	3.739758
67	23	1.532107	0.501679	2.329726	4.363512
67	24	1.532107	0.431824	1.636585	3.600516
67	25	1.532107	0.433228	1.650518	3.615853
67	26	1.532107	0.444572	1.763079	3.739758
67	27	1.532107	0.370594	1.029037	2.931739
67	28	1.532107	0.395049	1.271683	3.198839
67	29	1.532107	0.426919	1.587913	3.546939
67	30	1.532107	0.435216	1.670243	3.637566
67	31	1.532107	0.415791	1.477503	3.425401
67	32	1.532107	0.408262	1.773536	3.713905
67	33	1.532107	0.449858	1.815526	3.797491
67	34	1.532107	0.429082	1.609381	3.570570
67	35	1.532107	0.392067	1.242097	3.166271
67	36	1.532107	0.399410	1.314964	3.246481
67	37	1.532107	0.463404	1.949944	3.945455
67	38	1.532107	0.426919	1.587913	3.546939
67	39	1.532107	0.392067	1.242097	3.166271
67	40	1.532107	0.463824	1.954103	3.950033
67	41	1.532107	0.444572	1.763079	3.739758
67	42	1.532107	0.452863	1.845343	3.830313
67	43	1.532107	0.433228	1.650518	3.615853
67	44	1.532107	0.435560	1.673661	3.641328
67	45	1.532107	0.398141	1.302371	3.232619
67	46	1.532107	0.482341	2.137840	4.152288
67	47	1.532107	0.463824	1.954103	3.950033
67	48	1.532107	0.426919	1.587913	3.546939
67	49	1.532107	0.392067	1.242097	3.166271
67	50	1.532107	0.426919	1.587913	3.546939
67	51	1.532107	0.451638	1.833195	3.816940
67	52	1.532107	0.445290	1.770208	3.747606
67	53	1.532107	0.427608	1.594755	3.554470
67	54	1.532107	0.409637	1.416432	3.358176
67	55	1.532107	0.471385	2.029132	4.032624
67	56	1.532107	0.525449	2.565582	4.623138
67	57	1.532107	0.445290	1.770208	3.747606
67	58	1.532107	0.426457	1.583330	3.541893
67	59	1.532107	0.360835	0.932197	2.825138
67	60	1.532107	0.368440	1.484329	3.384876
67	61	1.532107	0.402764	1.348242	3.283114
67	62	1.532107	0.451638	1.833195	3.816940
67	63	1.532107	0.376075	1.083422	2.991604
67	64	1.532107	0.435216	1.670243	3.637566
67	65	1.532107	0.501679	2.329726	4.363512
67	66	1.532107	0.436118	1.679190	3.647415
67	67	1.532107	0.358338	0.907421	2.797866
67	68	1.532107	0.402764	1.348242	3.283114
67	69	1.532107	0.433228	1.650518	3.615853
67	70	1.532107	0.398141	1.302371	3.232619
67	71	1.532107	0.360835	0.932197	2.825138
67	72	1.532107	0.471385	2.029132	4.032624
67	73	1.532107	0.428807	1.871470	3.832385
67	74	1.532107	0.463824	1.954103	3.950033
67	75	1.532107	0.370594	1.029037	2.931739
67	76	1.532107	0.429082	1.609381	3.570570
67	77	1.532107	0.413024	1.714866	3.659998
67	78	1.532107	0.488732	2.201256	4.222095
67	79	1.532107	0.421289	1.532056	3.485452
67	80	1.532107	0.501679	2.329726	4.363512
67	81	1.532107	0.415791	1.477503	3.425401
67	82	1.532107	0.426457	1.583330	3.541893
67	83	1.532107	0.428807	1.871470	3.832385
67	84	1.532107	0.398141	1.302371	3.232619
67	85	1.532107	0.433228	1.650518	3.615853
67	86	1.532107	0.439799	1.980537	3.952443
67	87	1.532107	0.384756	1.169556	3.086419
67	88	1.532107	0.421334	1.532502	3.485944
67	89	1.532107	0.414839	1.468052	3.414998
67	90	1.532107	0.409637	1.416432	3.358176
67	91	1.532107	0.445175	1.822026	3.799309
67	92	1.532107	0.414839	1.468052	3.414998
67	93	1.532107	0.460953	1.925622	3.918682
67	94	1.532107	0.399410	1.314964	3.246481
67	95	1.532107	0.399410	1.314964	3.246481
67	96	1.532107	0.421334	1.532502	3.485944
67	97	1.532107	0.452743	1.844157	3.829007
67	98	1.532107	0.413589	1.455650	3.401346
67	99	1.532107	0.401296	1.333677	3.267080
68	0	1.566508	0.421807	1.537197	3.525512
68	1	1.566508	0.436251	1.680511	3.683269
68	2	1.566508	0.421871	1.537829	3.526207
68	3	1.566508	0.371149	1.034535	2.972192
68	4	1.566508	0.426320	1.740869	3.733697
68	5	1.566508	0.384870	1.170685	3.122063
68	6	1.566508	0.456657	2.147812	4.170977
68	7	1.566508	0.384783	1.169822	3.121113
68	8	1.566508	0.392167	1.243087	3.201761
68	9	1.566508	0.418236	1.501765	3.486509
68	10	1.566508	0.435083	1.668925	3.670516
68	11	1.566508	0.423928	1.558238	3.548673
68	12	1.566508	0.405140	1.371816	3.343464
68	13	1.566508	0.458714	1.903403	3.928624
68	14	1.566508	0.453984	1.856475	3.876967
68	15	1.566508	0.382395	1.146131	3.095034
68	16	1.566508	0.392723	1.248612	3.207843
68	17	1.566508	0.413642	1.456176	3.436325
68	18	1.566508	0.460385	1.919983	3.946876
68	19	1.566508	0.369587	1.019041	2.955136
68	20	1.566508	0.435083	1.668925	3.670516
68	21	1.566508	0.392167	1.243087	3.201761
68	22	1.566508	0.439084	1.708624	3.714216
68	23	1.566508	0.421807	1.537197	3.525512
68	24	1.566508	0.406001	1.380359	3.352868
68	25	1.566508	0.392723	1.248612	3.207843
68	26	1.566508	0.409057	1.675499	3.651064
68	27	1.566508	0.432461	1.642907	3.641876
68	28	1.566508	0.415384	1.473462	3.455354
68	29	1.566508	0.432985	1.648103	3.647596
68	30	1.566508	0.396636	1.287439	3.250583
68	31	1.566508	0.410345	1.423464	3.400317
68	32	1.566508	0.408987	1.727770	3.703264
68	33	1.566508	0.405140	1.371816	3.343464
68	34	1.566508	0.391389	1.235375	3.193272
68	35	1.566508	0.461948	1.935488	3.963943
68	36	1.566508	0.374430	1.543766	3.484703
68	37	1.566508	0.486380	2.177915	4.230802
68	38	1.566508	0.391389	1.235375	3.193272
68	39	1.566508	0.465126	1.967029	3.998663
68	40	1.566508	0.382395	1.146131	3.095034
68	41	1.566508	0.478993	2.104622	4.150123
68	42	1.566508	0.396636	1.287439	3.250583
68	43	1.566508	0.424838	1.832088	3.823434
68	44	1.566508	0.437792	1.695800	3.700100
68	45	1.566508	0.392723	1.248612	3.207843
68	46	1.566508	0.392723	1.248612	3.207843
68	47	1.566508	0.437678	1.694679	3.698865
68	48	1.566508	0.463111	1.947036	3.976656
68	49	1.566508	0.468572	2.001223	4.036304
68	50	1.566508	0.465821	1.973918	4.006246
68	51	1.566508	0.484834	2.162579	4.213921
68	52	1.566508	0.497990	2.293123	4.357621
68	53	1.566508	0.474732	2.062340	4.103579
68	54	1.566508	0.460385	1.919983	3.946876
68	55	1.566508	0.436251	1.680511	3.683269
68	56	1.566508	0.382395	1.146131	3.095034
68	57	1.566508	0.428500	1.603604	3.598612
68	58	1.566508	0.436841	1.686373	3.689722
68	59	1.566508	0.441056	1.728195	3.735759
68	60	1.566508	0.463111	1.947036	3.976656
68	61	1.566508	0.478993	2.104622	4.150123
68	62	1.566508	0.386570	1.187554	3.140632
68	63	1.566508	0.429584	1.614363	3.610455
68	64	1.566508	0.486380	2.177915	4.230802
68	65	1.566508	0.463111	1.947036	3.976656
68	66	1.566508	0.458875	1.904996	3.930379
68	67	1.566508	0.406001	1.380359	3.352868
68	68	1.566508	0.404076	1.361261	3.331845
68	69	1.566508	0.424838	1.832088	3.823434
68	70	1.566508	0.396636	1.287439	3.250583
68	71	1.566508	0.436251	1.680511	3.683269
68	72	1.566508	0.435513	1.673189	3.675210
68	73	1.566508	0.396636	1.287439	3.250583
68	74	1.566508	0.382395	1.146131	3.095034
68	75	1.566508	0.386570	1.187554	3.140632
68	76	1.566508	0.415316	1.472789	3.454614
68	77	1.566508	0.406741	1.387697	3.360945
68	78	1.566508	0.446046	1.936599	3.949153
68	79	1.566508	0.416821	1.487717	3.471045
68	80	1.566508	0.423928	1.558238	3.548673
68	81	1.566508	0.436841	1.686373	3.689722
68	82	1.566508	0.416821	1.487717	3.471045
68	83	1.566508	0.411562	1.435537	3.413607
68	84	1.566508	0.369573	1.018905	2.954987
68	85	1.566508	0.371149	1.034535	2.972192
68	86	1.566508	0.423969	1.558648	3.549125
68	87	1.566508	0.404403	1.364503	3.335414
68	88	1.566508	0.428500	1.603604	3.598612
68	89	1.566508	0.369587	1.019041	2.955136
68	90	1.566508	0.406493	1.385242	3.358243
68	91	1.566508	0.397616	1.297159	3.261283
68	92	1.566508	0.384783	1.169822	3.121113
68	93	1.566508	0.437613	1.694025	3.698146
68	94	1.566508	0.406142	1.381762	3.354412
68	95	1.566508	0.449048	1.807491	3.823047
68	96	1.566508	0.382835	1.627169	3.576512
68	97	1.566508	0.420170	1.520954	3.507632
68	98	1.566508	0.404076	1.361261	3.331845
68	99	1.566508	0.437613	1.694025	3.698146
69	0	1.570293	0.443904	1.756449	3.770646
69	1	1.570293	0.374240	1.065208	3.009741
69	2	1.570293	0.488535	2.199307	4.258136
69	3	1.570293	0.474223	2.110251	4.154767
69	4	1.570293	0.407003	1.390304	3.367601
69	5	1.570293	0.374240	1.065208	3.009741
69	6	1.570293	0.428352	1.602135	3.600780
69	7	1.570293	0.453538	1.852047	3.875878
69	8	1.570293	0.411970	1.439585	3.421848
69	9	1.570293	0.421663	1.535760	3.527716
69	10	1.570293	0.462067	1.936671	3.969031
69	11	1.570293	0.476467	2.079556	4.126316
69	12	1.570293	0.444380	1.761170	3.775842
69	13	1.570293	0.466816	1.983798	4.020907
69	14	1.570293	0.402997	1.350551	3.323841
69	15	1.570293	0.476467	2.079556	4.126316
69	16	1.570293	0.354295	0.867309	2.791897
69	17	1.570293	0.402709	1.347697	3.320699
69	18	1.570293	0.427011	1.588829	3.586133
69	19	1.570293	0.406411	1.384428	3.361132
69	20	1.570293	0.408235	1.402525	3.381053
69	21	1.570293	0.460396	1.920093	3.950782
69	22	1.570293	0.411613	1.436046	3.417953
69	23	1.570293	0.420153	1.520783	3.511230
69	24	1.570293	0.412268	1.442539	3.425099
69	25	1.570293	0.438394	1.701783	3.710470
69	26	1.570293	0.420153	1.520783	3.511230
69	27	1.570293	0.452431	1.841057	3.863781
69	28	1.570293	0.407604	1.396260	3.374157
69	29	1.570293	0.428182	1.600445	3.598920
69	30	1.570293	0.394400	1.265246	3.229939
69	31	1.570293	0.466816	1.983798	4.020907
69	32	1.570293	0.438781	1.864507	3.873581
69	33	1.570293	0.411286	1.432801	3.414381
69	34	1.570293	0.391209	1.233583	3.195084
69	35	1.570293	0.388208	1.203804	3.162304
69	36	1.570293	0.459141	1.907643	3.937077
69	37	1.570293	0.391209	1.233583	3.195084
69	38	1.570293	0.369284	1.016035	2.955612
69	39	1.570293	0.418057	1.499988	3.488338
69	40	1.570293	0.443113	1.748600	3.762006
69	41	1.570293	0.402997	1.350551	3.323841
69	42	1.570293	0.407604	1.396260	3.374157
69	43	1.570293	0.470093	2.016316	4.056703
69	44	1.570293	0.354295	0.867309	2.791897
69	45	1.570293	0.391209	1.233583	3.195084
69	46	1.570293	0.436876	1.686713	3.693882
69	47	1.570293	0.438394	1.701783	3.710470
69	48	1.570293	0.459141	1.907643	3.937077
69	49	1.570293	0.447008	1.946141	3.963442
69	50	1.570293	0.470093	2.016316	4.056703
69	51	1.570293	0.452981	1.899485	3.922760
69	52	1.570293	0.420153	1.520783	3.511230
69	53	1.570293	0.436876	1.686713	3.693882
69	54	1.570293	0.463631	1.952193	3.986117
69	55	1.570293	0.397268	1.293702	3.261263
69	56	1.570293	0.388539	1.207097	3.165930
69	57	1.570293	0.360021	0.924126	2.854441
69	58	1.570293	0.418057	1.499988	3.488338
69	59	1.570293	0.467511	1.990691	4.028495
69	60	1.570293	0.463236	1.948272	3.981801
69	61	1.570293	0.436876	1.686713	3.693882
69	62	1.570293	0.415146	1.471103	3.456543
69	63	1.570293	0.428286	1.707413	3.705992
69	64	1.570293	0.425516	1.785854	3.781664
69	65	1.570293	0.406411	1.384428	3.361132
69	66	1.570293	0.434759	1.665706	3.670757
69	67	1.570293	0.417815	1.762400	3.750508
69	68	1.570293	0.386780	1.560388	3.517462
69	69	1.570293	0.388539	1.207097	3.165930
69	70	1.570293	0.397268	1.293702	3.261263
69	71	1.570293	0.394400	1.265246	3.229939
69	72	1.570293	0.354295	0.867309	2.791897
69	73	1.570293	0.395787	1.279008	3.245088
69	74	1.570293	0.436124	1.679258	3.685676
69	75	1.570293	0.438394	1.701783	3.710470
69	76	1.570293	0.415145	1.471092	3.456530
69	77	1.570293	0.444380	1.761170	3.775842
69	78	1.570293	0.460396	1.920093	3.950782
69	79	1.570293	0.470419	2.019544	4.060256
69	80	1.570293	0.412268	1.442539	3.425099
69	81	1.570293	0.418118	1.500594	3.489006
69	82	1.570293	0.438394	1.701783	3.710470
69	83	1.570293	0.405219	1.637423	3.612935
69	84	1.570293	0.447004	1.787213	3.804510
69	85	1.570293	0.404950	1.369930	3.345173
69	86	1.570293	0.408235	1.402525	3.381053
69	87	1.570293	0.397268	1.293702	3.261263
69	88	1.570293	0.335145	1.418782	3.324220
69	89	1.570293	0.402997	1.350551	3.323841
69	90	1.570293	0.463044	1.946366	3.979703
69	91	1.570293	0.397268	1.293702	3.261263
69	92	1.570293	0.440108	1.718782	3.729182
69	93	1.570293	0.459141	1.907643	3.937077
69	94	1.570293	0.388208	1.203804	3.162304
69	95	1.570293	0.418057	1.499988	3.488338
69	96	1.570293	0.448972	1.806738	3.826003
69	97	1.570293	0.427011	1.588829	3.586133
69	98	1.570293	0.436962	1.687565	3.694820
69	99	1.570293	0.407003	1.390304	3.367601
70	0	1.528145	0.409574	1.415808	3.353526
70	1	1.528145	0.380336	1.125695	3.034175
70	2	1.528145	0.435445	1.672515	3.636104
70	3	1.528145	0.435390	1.671973	3.635508
70	4	1.528145	0.419933	1.518602	3.466680
70	5	1.528145	0.422390	1.542981	3.493516
70	6	1.528145	0.453422	1.850891	3.832457
70	7	1.528145	0.419933	1.518602	3.466680
70	8	1.528145	0.399329	1.314153	3.241627
70	9	1.528145	0.458634	1.902614	3.889393
70	10	1.528145	0.492759	2.400103	4.421006
70	11	1.528145	0.475990	2.074827	4.078962
70	12	1.528145	0.406426	1.384580	3.319151
70	13	1.528145	0.406239	1.382723	3.317107
70	14	1.528145	0.380303	1.549079	3.457526
70	15	1.528145	0.457252	1.888897	3.874294
70	16	1.528145	0.406426	1.384580	3.319151
70	17	1.528145	0.457189	1.888271	3.873605
70	18	1.528145	0.453927	1.855908	3.837980
70	19	1.528145	0.451760	1.834400	3.814304
70	20	1.528145	0.393135	1.252695	3.173975
70	21	1.528145	0.481376	2.128266	4.137787
70	22	1.528145	0.359668	0.920624	2.808438
70	23	1.528145	0.407103	1.391295	3.326543
70	24	1.528145	0.482478	2.139203	4.149826
70	25	1.528145	0.462000	1.936009	3.926154
70	26	1.528145	0.399329	1.314153	3.241627
70	27	1.528145	0.395547	1.276628	3.200320
70	28	1.528145	0.421279	1.531954	3.481378
70	29	1.528145	0.424595	1.564856	3.517595
70	30	1.528145	0.407189	1.392151	3.327485
70	31	1.528145	0.422390	1.542981	3.493516
70	32	1.528145	0.424366	1.986291	3.938801
70	33	1.528145	0.406239	1.382723	3.317107
70	34	1.528145	0.435445	1.672515	3.636104
70	35	1.528145	0.412536	1.445203	3.385884
70	36	1.528145	0.426422	1.582985	3.537552
70	37	1.528145	0.468196	1.997492	3.993833
70	38	1.528145	0.412536	1.445203	3.385884
70	39	1.528145	0.458634	1.902614	3.889393
70	40	1.528145	0.410818	1.692970	3.631932
70	41	1.528145	0.435390	1.671973	3.635508
70	42	1.528145	0.395609	1.277240	3.200993
70	43	1.528145	0.412440	1.444253	3.384838
70	44	1.528145	0.439032	1.919962	3.887139
70	45	1.528145	0.364462	0.968186	2.860792
70	46	1.528145	0.395547	1.276628	3.200320
70	47	1.528145	0.401382	1.334527	3.264054
70	48	1.528145	0.359668	0.920624	2.808438
70	49	1.528145	0.395609	1.277240	3.200993
70	50	1.528145	0.457754	1.946838	3.932736
70	51	1.528145	0.356540	0.889583	2.774267
70	52	1.528145	0.417742	1.496857	3.442743
70	53	1.528145	0.426422	1.582985	3.537552
70	54	1.528145	0.481376	2.128266	4.137787
70	55	1.528145	0.432939	1.647656	3.608740
70	56	1.528145	0.466370	2.032333	4.026848
70	57	1.528145	0.395547	1.276628	3.200320
70	58	1.528145	0.399318	1.314049	3.241512
70	59	1.528145	0.493241	2.245999	4.267385
70	60	1.528145	0.453803	1.854677	3.836625
70	61	1.528145	0.380303	1.549079	3.457526
70	62	1.528145	0.457189	1.888271	3.873605
70	63	1.528145	0.439886	1.716587	3.684618
70	64	1.528145	0.402358	1.344211	3.274713
70	65	1.528145	0.412600	1.710652	3.651396
70	66	1.528145	0.406426	1.384580	3.319151
70	67	1.528145	0.490666	2.220451	4.239262
70	68	1.528145	0.388680	1.208489	3.125313
70	69	1.528145	0.409574	1.415808	3.353526
70	70	1.528145	0.380336	1.125695	3.034175
70	71	1.528145	0.388680	1.208489	3.125313
70	72	1.528145	0.468437	1.999877	3.996458
70	73	1.528145	0.421279	1.531954	3.481378
70	74	1.528145	0.430046	1.618950	3.577141
70	75	1.528145	0.445613	1.773411	3.747169
70	76	1.528145	0.456172	1.878176	3.862492
70	77	1.528145	0.406239	1.382723	3.317107
70	78	1.528145	0.406426	1.384580	3.319151
70	79	1.528145	0.417255	1.809808	3.755208
70	80	1.528145	0.439944	1.717163	3.685252
70	81	1.528145	0.439280	1.710566	3.677990
70	82	1.528145	0.433046	1.648711	3.609901
70	83	1.528145	0.453927	1.855908	3.837980
70	84	1.528145	0.431677	1.635131	3.594953
70	85	1.528145	0.456172	1.878176	3.862492
70	86	1.528145	0.406426	1.384580	3.319151
70	87	1.528145	0.409156	1.411668	3.348969
70	88	1.528145	0.467897	1.994520	3.990561
70	89	1.528145	0.421193	1.531101	3.480439
70	90	1.528145	0.480745	2.122009	4.130899
70	91	1.528145	0.407103	1.391295	3.326543
70	92	1.528145	0.388680	1.208489	3.125313
70	93	1.528145	0.393135	1.252695	3.173975
70	94	1.528145	0.490666	2.220451	4.239262
70	95	1.528145	0.380336	1.125695	3.034175
70	96	1.528145	0.431677	1.635131	3.594953
70	97	1.528145	0.419933	1.518602	3.466680
70	98	1.528145	0.412440	1.444253	3.384838
70	99	1.528145	0.413776	1.457506	3.399426
71	0	1.632026	0.433797	1.656163	3.721985
71	1	1.632026	0.435889	1.941744	4.009659
71	2	1.632026	0.435271	1.670792	3.738089
71	3	1.632026	0.431760	1.635956	3.699742
71	4	1.632026	0.411317	1.433103	3.476446
71	5	1.632026	0.401774	1.338419	3.372219
71	6	1.632026	0.388594	1.207634	3.228254
71	7	1.632026	0.425588	1.574713	3.632327
71	8	1.632026	0.425588	1.574713	3.632327
71	9	1.632026	0.397217	1.293204	3.322447
71	10	1.632026	0.446193	1.779164	3.857383
71	11	1.632026	0.457868	1.895013	3.984907
71	12	1.632026	0.428227	1.600900	3.661153
71	13	1.632026	0.466909	2.143608	4.242543
71	14	1.632026	0.384558	1.167587	3.184170
71	15	1.632026	0.386556	1.187419	3.206001
71	16	1.632026	0.457868	1.895013	3.984907
71	17	1.632026	0.445028	1.767602	3.844655
71	18	1.632026	0.444084	1.758242	3.834352
71	19	1.632026	0.461486	1.930911	4.024424
71	20	1.632026	0.397217	1.293204	3.322447
71	21	1.632026	0.386583	1.187685	3.206294
71	22	1.632026	0.420374	1.522973	3.575373
71	23	1.632026	0.461468	1.930732	4.024226
71	24	1.632026	0.401774	1.338419	3.372219
71	25	1.632026	0.461486	1.930911	4.024424
71	26	1.632026	0.413439	1.454162	3.499626
71	27	1.632026	0.416936	1.488858	3.537820
71	28	1.632026	0.394705	1.268278	3.295009
71	29	1.632026	0.436687	1.684842	3.753555
71	30	1.632026	0.417579	1.495245	3.544850
71	31	1.632026	0.413351	1.453284	3.498661
71	32	1.632026	0.436687	1.684842	3.753555
71	33	1.632026	0.499252	2.305645	4.436924
71	34	1.632026	0.384349	1.165515	3.181890
71	35	1.632026	0.408223	1.402410	3.442659
71	36	1.632026	0.469619	2.011604	4.113249
71	37	1.632026	0.420428	1.523513	3.575968
71	38	1.632026	0.503407	2.346868	4.482301
71	39	1.632026	0.435476	1.672823	3.740325
71	40	1.632026	0.413439	1.454162	3.499626
71	41	1.632026	0.367252	0.995869	2.995146
71	42	1.632026	0.427841	1.597063	3.656929
71	43	1.632026	0.434563	1.663763	3.730352
71	44	1.632026	0.420374	1.522973	3.575373
71	45	1.632026	0.467188	2.146374	4.245587
71	46	1.632026	0.446132	1.778562	3.856720
71	47	1.632026	0.413439	1.454162	3.499626
71	48	1.632026	0.456722	1.883641	3.972389
71	49	1.632026	0.387589	1.197668	3.217283
71	50	1.632026	0.421255	1.531713	3.584994
71	51	1.632026	0.401834	1.339016	3.372876
71	52	1.632026	0.390131	1.222885	3.245042
71	53	1.632026	0.411158	1.431532	3.474717
71	54	1.632026	0.406500	1.385312	3.423838
71	55	1.632026	0.431654	1.634900	3.698579
71	56	1.632026	0.436297	1.680968	3.749290
71	57	1.632026	0.405871	1.379071	3.416968
71	58	1.632026	0.388594	1.207634	3.228254
71	59	1.632026	0.431634	1.634700	3.698360
71	60	1.632026	0.384349	1.165515	3.181890
71	61	1.632026	0.426124	1.580030	3.638180
71	62	1.632026	0.368488	1.008133	3.008646
71	63	1.632026	0.386583	1.187685	3.206294
71	64	1.632026	0.411158	1.431532	3.474717
71	65	1.632026	0.349770	0.822403	2.804198
71	66	1.632026	0.395039	1.271592	3.298657
71	67	1.632026	0.428227	1.600900	3.661153
71	68	1.632026	0.431634	1.634700	3.698360
71	69	1.632026	0.427756	1.596222	3.656004
71	70	1.632026	0.473335	2.101446	4.206808
71	71	1.632026	0.466909	2.143608	4.242543
71	72	1.632026	0.436306	1.945879	4.014211
71	73	1.632026	0.459052	1.906759	3.997837
71	74	1.632026	0.425588	1.574713	3.632327
71	75	1.632026	0.437919	1.697066	3.767011
71	76	1.632026	0.426124	1.580030	3.638180
71	77	1.632026	0.408494	1.405098	3.445618
71	78	1.632026	0.411317	1.433103	3.476446
71	79	1.632026	0.427496	1.805502	3.865025
71	80	1.632026	0.432677	1.698018	3.762721
71	81	1.632026	0.427756	1.596222	3.656004
71	82	1.632026	0.460629	1.922400	4.015055
71	83	1.632026	0.446193	1.779164	3.857383
71	84	1.632026	0.401318	1.333895	3.367240
71	85	1.632026	0.453650	1.853159	3.938835
71	86	1.632026	0.474895	2.063963	4.170885
71	87	1.632026	0.384558	1.167587	3.184170
71	88	1.632026	0.437996	1.909686	3.979708
71	89	1.632026	0.421255	1.531713	3.584994
71	90	1.632026	0.401834	1.339016	3.372876
71	91	1.632026	0.446193	1.779164	3.857383
71	92	1.632026	0.435476	1.672823	3.740325
71	93	1.632026	0.368488	1.008133	3.008646
71	94	1.632026	0.384349	1.165515	3.181890
71	95	1.632026	0.405871	1.379071	3.416968
71	96	1.632026	0.436297	1.680968	3.749290
71	97	1.632026	0.437996	1.909686	3.979708
71	98	1.632026	0.367252	0.995869	2.995146
71	99	1.632026	0.365022	0.973745	2.970793
72	0	1.660467	0.414686	1.466539	3.541693
72	1	1.660467	0.416071	1.480274	3.556812
72	2	1.660467	0.436852	1.686478	3.783798
72	3	1.660467	0.396794	1.289003	3.346264
72	4	1.660467	0.429164	1.610189	3.699820
72	5	1.660467	0.417733	1.496768	3.574968
72	6	1.660467	0.386523	1.187084	3.234074
72	7	1.660467	0.439502	1.871660	3.971629
72	8	1.660467	0.394794	1.269159	3.324420
72	9	1.660467	0.434864	1.666752	3.762084
72	10	1.660467	0.387984	1.731222	3.779673
72	11	1.660467	0.439146	1.709238	3.808851
72	12	1.660467	0.347775	0.802608	2.810850
72	13	1.660467	0.390129	1.222871	3.273468
72	14	1.660467	0.390327	1.224834	3.275629
72	15	1.660467	0.411808	1.437983	3.510259
72	16	1.660467	0.366300	0.986422	3.013189
72	17	1.660467	0.437696	1.694853	3.793017
72	18	1.660467	0.432815	1.646421	3.739703
72	19	1.660467	0.366300	0.986422	3.013189
72	20	1.660467	0.442964	1.747124	3.850555
72	21	1.660467	0.436122	1.679230	3.775818
72	22	1.660467	0.458860	1.904856	4.024184
72	23	1.660467	0.425555	1.574382	3.660404
72	24	1.660467	0.417733	1.496768	3.574968
72	25	1.660467	0.438808	1.811811	3.911086
72	26	1.660467	0.458860	1.904856	4.024184
72	27	1.660467	0.396794	1.289003	3.346264
72	28	1.660467	0.425440	1.573244	3.659152
72	29	1.660467	0.398984	1.310734	3.370186
72	30	1.660467	0.414686	1.466539	3.541693
72	31	1.660467	0.411808	1.437983	3.510259
72	32	1.660467	0.419563	1.514927	3.594957
72	33	1.660467	0.401876	1.339430	3.401773
72	34	1.660467	0.416071	1.480274	3.556812
72	35	1.660467	0.396961	1.290655	3.348083
72	36	1.660467	0.423782	1.556794	3.641043
72	37	1.660467	0.429164	1.610189	3.699820
72	38	1.660467	0.459855	1.914728	4.035051
72	39	1.660467	0.445884	1.776099	3.882451
72	40	1.660467	0.456258	1.984964	4.101690
72	41	1.660467	0.480137	2.115977	4.256582
72	42	1.660467	0.416182	1.481381	3.558031
72	43	1.660467	0.404314	1.363618	3.428400
72	44	1.660467	0.433886	1.657044	3.751397
72	45	1.660467	0.425555	1.574382	3.660404
72	46	1.660467	0.386523	1.187084	3.234074
72	47	1.660467	0.393482	1.256138	3.310088
72	48	1.660467	0.394794	1.269159	3.324420
72	49	1.660467	0.404314	1.363618	3.428400
72	50	1.660467	0.396794	1.289003	3.346264
72	51	1.660467	0.469361	2.009046	4.138874
72	52	1.660467	0.426836	1.587090	3.674393
72	53	1.660467	0.391474	1.236217	3.288158
72	54	1.660467	0.393753	1.258832	3.313053
72	55	1.660467	0.401876	1.339430	3.401773
72	56	1.660467	0.382363	1.145813	3.188644
72	57	1.660467	0.394794	1.269159	3.324420
72	58	1.660467	0.419791	1.517191	3.597450
72	59	1.660467	0.497084	2.284125	4.441676
72	60	1.660467	0.445262	1.769923	3.875652
72	61	1.660467	0.451858	1.835378	3.947703
72	62	1.660467	0.412459	1.444440	3.517366
72	63	1.660467	0.408427	1.404435	3.473329
72	64	1.660467	0.368318	1.006446	3.035231
72	65	1.660467	0.388444	1.206152	3.255064
72	66	1.660467	0.453937	1.856006	3.970411
72	67	1.660467	0.479372	2.161346	4.301185
72	68	1.660467	0.497084	2.284125	4.441676
72	69	1.660467	0.432815	1.646421	3.739703
72	70	1.660467	0.393482	1.256138	3.310088
72	71	1.660467	0.448440	1.801457	3.910364
72	72	1.660467	0.407498	1.395216	3.463181
72	73	1.660467	0.456354	1.985910	4.102731
72	74	1.660467	0.436158	1.679596	3.776222
72	75	1.660467	0.375814	1.080826	3.117108
72	76	1.660467	0.390027	1.221861	3.272356
72	77	1.660467	0.416182	1.481381	3.558031
72	78	1.660467	0.455044	1.866984	3.982495
72	79	1.660467	0.382363	1.145813	3.188644
72	80	1.660467	0.394794	1.269159	3.324420
72	81	1.660467	0.390129	1.222871	3.273468
72	82	1.660467	0.478686	2.154535	4.293688
72	83	1.660467	0.423535	1.554342	3.638345
72	84	1.660467	0.416182	1.481381	3.558031
72	85	1.660467	0.458860	1.904856	4.024184
72	86	1.660467	0.436852	1.686478	3.783798
72	87	1.660467	0.408740	1.407539	3.476747
72	88	1.660467	0.419973	1.518998	3.599438
72	89	1.660467	0.393482	1.256138	3.310088
72	90	1.660467	0.439502	1.871660	3.971629
72	91	1.660467	0.479372	2.161346	4.301185
72	92	1.660467	0.425555	1.574382	3.660404
72	93	1.660467	0.414686	1.466539	3.541693
72	94	1.660467	0.416182	1.481381	3.558031
72	95	1.660467	0.389844	1.220041	3.270352
72	96	1.660467	0.414412	1.463821	3.538701
72	97	1.660467	0.459855	1.914728	4.035051
72	98	1.660467	0.397618	1.297175	3.355260
72	99	1.660467	0.467420	2.095719	4.223607
73	0	1.638695	0.457594	1.892286	3.988574
73	1	1.638695	0.433192	1.650163	3.722050
73	2	1.638695	0.430113	1.619612	3.688420
73	3	1.638695	0.410565	1.425642	3.474901
73	4	1.638695	0.452864	1.845361	3.936920
73	5	1.638695	0.445274	1.770048	3.854016
73	6	1.638695	0.412112	1.440992	3.491799
73	7	1.638695	0.398763	1.308544	3.346002
73	8	1.638695	0.441417	1.731774	3.811886
73	9	1.638695	0.430113	1.619612	3.688420
73	10	1.638695	0.490321	2.217025	4.346041
73	11	1.638695	0.386548	1.664008	3.689251
73	12	1.638695	0.452102	2.155574	4.246371
73	13	1.638695	0.391896	1.240407	3.270998
73	14	1.638695	0.365648	0.979960	2.984302
73	15	1.638695	0.390552	1.227062	3.256308
73	16	1.638695	0.427543	1.594113	3.660351
73	17	1.638695	0.452102	2.155574	4.246371
73	18	1.638695	0.427543	1.594113	3.660351
73	19	1.638695	0.429106	1.609614	3.677414
73	20	1.638695	0.452135	1.838124	3.928953
73	21	1.638695	0.437844	1.749281	3.825819
73	22	1.638695	0.391896	1.240407	3.270998
73	23	1.638695	0.424764	1.831350	3.894808
73	24	1.638695	0.411053	1.430484	3.480231
73	25	1.638695	0.445274	1.770048	3.854016
73	26	1.638695	0.451788	1.834681	3.925163
73	27	1.638695	0.427566	1.594339	3.660599
73	28	1.638695	0.372904	1.051957	3.063556
73	29	1.638695	0.426270	1.581477	3.646441
73	30	1.638695	0.430181	1.620288	3.689164
73	31	1.638695	0.371431	1.037338	3.047463
73	32	1.638695	0.411053	1.430484	3.480231
73	33	1.638695	0.445872	1.775981	3.860548
73	34	1.638695	0.457844	1.894766	3.991304
73	35	1.638695	0.427566	1.594339	3.660599
73	36	1.638695	0.390552	1.227062	3.256308
73	37	1.638695	0.434857	1.666686	3.740238
73	38	1.638695	0.359416	0.918119	2.916230
73	39	1.638695	0.439743	1.715167	3.793605
73	40	1.638695	0.410565	1.425642	3.474901
73	41	1.638695	0.385695	1.178876	3.203265
73	42	1.638695	0.397441	1.295419	3.331554
73	43	1.638695	0.457114	1.887523	3.983331
73	44	1.638695	0.468064	1.996176	4.102934
73	45	1.638695	0.457231	1.888689	3.984614
73	46	1.638695	0.412249	1.442355	3.493299
73	47	1.638695	0.508214	2.394572	4.541481
73	48	1.638695	0.392367	1.245073	3.276135
73	49	1.638695	0.456909	1.885493	3.981097
73	50	1.638695	0.415234	1.471974	3.525902
73	51	1.638695	0.390552	1.227062	3.256308
73	52	1.638695	0.408847	1.408593	3.456135
73	53	1.638695	0.411175	1.431701	3.481571
73	54	1.638695	0.410565	1.425642	3.474901
73	55	1.638695	0.487993	2.299856	4.426544
73	56	1.638695	0.403074	1.351312	3.393080
73	57	1.638695	0.411053	1.430484	3.480231
73	58	1.638695	0.411053	1.430484	3.480231
73	59	1.638695	0.480764	2.122200	4.241659
73	60	1.638695	0.415356	1.473189	3.527240
73	61	1.638695	0.395347	1.274640	3.308682
73	62	1.638695	0.451433	1.831159	3.921287
73	63	1.638695	0.390600	1.598288	3.627583
73	64	1.638695	0.426270	1.581477	3.646441
73	65	1.638695	0.392367	1.245073	3.276135
73	66	1.638695	0.391896	1.240407	3.270998
73	67	1.638695	0.412249	1.442355	3.493299
73	68	1.638695	0.452864	1.845361	3.936920
73	69	1.638695	0.434341	1.661559	3.734594
73	70	1.638695	0.397441	1.295419	3.331554
73	71	1.638695	0.451788	1.834681	3.925163
73	72	1.638695	0.373810	1.060943	3.073448
73	73	1.638695	0.353649	0.860898	2.853242
73	74	1.638695	0.430113	1.619612	3.688420
73	75	1.638695	0.418440	1.503789	3.560924
73	76	1.638695	0.412112	1.440992	3.491799
73	77	1.638695	0.411175	1.431701	3.481571
73	78	1.638695	0.419149	1.510820	3.568664
73	79	1.638695	0.429329	1.611830	3.679854
73	80	1.638695	0.410565	1.425642	3.474901
73	81	1.638695	0.401298	1.333690	3.373682
73	82	1.638695	0.353649	0.860898	2.853242
73	83	1.638695	0.426270	1.581477	3.646441
73	84	1.638695	0.372904	1.051957	3.063556
73	85	1.638695	0.427543	1.594113	3.660351
73	86	1.638695	0.359416	0.918119	2.916230
73	87	1.638695	0.487993	2.299856	4.426544
73	88	1.638695	0.457594	1.892286	3.988574
73	89	1.638695	0.442224	1.739785	3.820704
73	90	1.638695	0.479588	2.110525	4.228807
73	91	1.638695	0.392335	1.509577	3.540607
73	92	1.638695	0.415356	1.473189	3.527240
73	93	1.638695	0.503682	2.349596	4.491972
73	94	1.638695	0.447482	1.791952	3.878128
73	95	1.638695	0.440942	1.727059	3.806696
73	96	1.638695	0.443988	1.916180	3.998863
73	97	1.638695	0.445274	1.770048	3.854016
73	98	1.638695	0.442224	1.739785	3.820704
73	99	1.638695	0.457231	1.888689	3.984614
74	0	1.531232	0.459255	1.908774	3.899261
74	1	1.531232	0.384528	1.167297	3.083057
74	2	1.531232	0.412290	1.442765	3.386287
74	3	1.531232	0.422645	1.545513	3.499391
74	4	1.531232	0.406850	1.388783	3.326865
74	5	1.531232	0.418648	1.505852	3.455732
74	6	1.531232	0.372081	1.414530	3.317842
74	7	1.531232	0.446313	1.780353	3.757897
74	8	1.531232	0.407461	1.394845	3.333538
74	9	1.531232	0.463929	1.955153	3.950314
74	10	1.531232	0.442361	1.741142	3.714735
74	11	1.531232	0.429516	1.613690	3.574439
74	12	1.531232	0.422346	1.542539	3.496116
74	13	1.531232	0.368698	1.010219	2.910149
74	14	1.531232	0.461986	2.041792	4.035010
74	15	1.531232	0.453256	1.849245	3.833733
74	16	1.531232	0.369846	1.021613	2.922691
74	17	1.531232	0.356813	0.892296	2.780341
74	18	1.531232	0.447017	1.787336	3.765585
74	19	1.531232	0.440439	1.722071	3.693742
74	20	1.531232	0.442361	1.741142	3.714735
74	21	1.531232	0.441515	1.732750	3.705497
74	22	1.531232	0.463929	1.955153	3.950314
74	23	1.531232	0.395678	1.277930	3.204840
74	24	1.531232	0.432867	1.858792	3.822890
74	25	1.531232	0.416753	1.487049	3.435034
74	26	1.531232	0.422645	1.545513	3.499391
74	27	1.531232	0.431393	1.685275	3.647900
74	28	1.531232	0.444375	1.761126	3.736733
74	29	1.531232	0.422645	1.545513	3.499391
74	30	1.531232	0.459181	1.908037	3.898449
74	31	1.531232	0.399228	1.313151	3.243611
74	32	1.531232	0.447017	1.787336	3.765585
74	33	1.531232	0.429516	1.613690	3.574439
74	34	1.531232	0.463811	1.953978	3.949021
74	35	1.531232	0.437697	1.694864	3.663793
74	36	1.531232	0.399228	1.313151	3.243611
74	37	1.531232	0.468428	1.999793	3.999453
74	38	1.531232	0.437356	1.691482	3.660070
74	39	1.531232	0.441691	1.946344	3.919266
74	40	1.531232	0.403147	1.352037	3.286415
74	41	1.531232	0.343326	1.499955	3.374513
74	42	1.531232	0.437697	1.694864	3.663793
74	43	1.531232	0.477443	2.089240	4.097915
74	44	1.531232	0.421199	1.531158	3.483589
74	45	1.531232	0.426392	1.582693	3.540317
74	46	1.531232	0.368698	1.010219	2.910149
74	47	1.531232	0.410083	1.420861	3.362176
74	48	1.531232	0.413124	1.451037	3.395393
74	49	1.531232	0.390623	1.227769	3.149624
74	50	1.531232	0.427273	1.591432	3.549937
74	51	1.531232	0.412290	1.442765	3.386287
74	52	1.531232	0.369846	1.021613	2.922691
74	53	1.531232	0.412290	1.442765	3.386287
74	54	1.531232	0.439768	1.874303	3.845303
74	55	1.531232	0.372025	1.043231	2.946488
74	56	1.531232	0.422346	1.542539	3.496116
74	57	1.531232	0.441691	1.946344	3.919266
74	58	1.531232	0.389889	1.220487	3.141608
74	59	1.531232	0.465743	1.973145	3.970120
74	60	1.531232	0.407461	1.394845	3.333538
74	61	1.531232	0.403965	1.360154	3.295351
74	62	1.531232	0.398675	1.307668	3.237575
74	63	1.531232	0.390623	1.227769	3.149624
74	64	1.531232	0.424388	1.562803	3.518423
74	65	1.531232	0.372025	1.043231	2.946488
74	66	1.531232	0.470687	2.022207	4.024126
74	67	1.531232	0.357565	0.899756	2.788553
74	68	1.531232	0.403508	1.355617	3.290357
74	69	1.531232	0.441743	1.735008	3.707983
74	70	1.531232	0.442527	1.742788	3.716546
74	71	1.531232	0.398088	1.301839	3.231158
74	72	1.531232	0.398675	1.307668	3.237575
74	73	1.531232	0.394575	1.266981	3.192788
74	74	1.531232	0.459181	1.908037	3.898449
74	75	1.531232	0.470687	2.022207	4.024126
74	76	1.531232	0.448159	1.798672	3.778063
74	77	1.531232	0.437356	1.691482	3.660070
74	78	1.531232	0.369846	1.021613	2.922691
74	79	1.531232	0.453256	1.849245	3.833733
74	80	1.531232	0.403965	1.360154	3.295351
74	81	1.531232	0.453256	1.849245	3.833733
74	82	1.531232	0.441743	1.735008	3.707983
74	83	1.531232	0.406306	1.383380	3.320918
74	84	1.531232	0.481090	2.125426	4.137747
74	85	1.531232	0.481090	2.125426	4.137747
74	86	1.531232	0.339717	1.411185	3.282134
74	87	1.531232	0.473972	2.054797	4.060001
74	88	1.531232	0.403508	1.355617	3.290357
74	89	1.531232	0.406850	1.388783	3.326865
74	90	1.531232	0.463929	1.955153	3.950314
74	91	1.531232	0.419646	1.515748	3.466625
74	92	1.531232	0.453270	1.849389	3.833891
74	93	1.531232	0.438172	1.699579	3.668983
74	94	1.531232	0.458106	1.897367	3.886704
74	95	1.531232	0.458106	1.897367	3.886704
74	96	1.531232	0.399228	1.313151	3.243611
74	97	1.531232	0.477161	2.192373	4.200766
74	98	1.531232	0.403147	1.352037	3.286415
74	99	1.531232	0.427273	1.591432	3.549937
75	0	1.524353	0.388240	1.204130	3.116724
75	1	1.524353	0.417693	1.496371	3.438417
75	2	1.524353	0.440365	1.721332	3.686049
75	3	1.524353	0.414797	1.467633	3.406782
75	4	1.524353	0.433968	1.657866	3.616188
75	5	1.524353	0.382209	1.409098	3.315660
75	6	1.524353	0.421234	1.531506	3.477093
75	7	1.524353	0.440365	1.721332	3.686049
75	8	1.524353	0.488557	2.199521	4.212431
75	9	1.524353	0.417693	1.496371	3.438417
75	10	1.524353	0.430826	1.626689	3.581869
75	11	1.524353	0.414797	1.467633	3.406782
75	12	1.524353	0.417693	1.496371	3.438417
75	13	1.524353	0.428979	1.608358	3.561690
75	14	1.524353	0.440365	1.721332	3.686049
75	15	1.524353	0.360005	0.923965	2.808323
75	16	1.524353	0.405361	1.903641	3.833355
75	17	1.524353	0.430826	1.626689	3.581869
75	18	1.524353	0.422151	1.540606	3.487110
75	19	1.524353	0.423646	1.555444	3.503443
75	20	1.524353	0.414797	1.467633	3.406782
75	21	1.524353	0.484913	2.322256	4.331522
75	22	1.524353	0.414913	1.680638	3.619904
75	23	1.524353	0.352173	0.846249	2.722775
75	24	1.524353	0.464739	1.963186	3.952278
75	25	1.524353	0.454107	1.857689	3.836149
75	26	1.524353	0.414818	1.467841	3.407012
75	27	1.524353	0.426708	1.585829	3.536890
75	28	1.524353	0.430405	1.622503	3.577261
75	29	1.524353	0.445404	1.771340	3.741097
75	30	1.524353	0.447116	1.788323	3.759792
75	31	1.524353	0.433436	1.652584	3.610373
75	32	1.524353	0.352173	0.846249	2.722775
75	33	1.524353	0.433968	1.657866	3.616188
75	34	1.524353	0.388240	1.204130	3.116724
75	35	1.524353	0.447116	1.788323	3.759792
75	36	1.524353	0.371515	1.038171	2.934039
75	37	1.524353	0.407897	1.399168	3.331417
75	38	1.524353	0.422279	1.541874	3.488506
75	39	1.524353	0.410853	1.428505	3.363711
75	40	1.524353	0.481410	2.128605	4.134368
75	41	1.524353	0.410853	1.428505	3.363711
75	42	1.524353	0.449274	1.809732	3.783359
75	43	1.524353	0.477426	2.089069	4.090848
75	44	1.524353	0.415484	1.474450	3.414286
75	45	1.524353	0.455030	1.866848	3.846232
75	46	1.524353	0.414797	1.467633	3.406782
75	47	1.524353	0.407721	1.397427	3.329501
75	48	1.524353	0.407897	1.399168	3.331417
75	49	1.524353	0.424465	1.563572	3.512390
75	50	1.524353	0.481246	2.126976	4.132575
75	51	1.524353	0.357784	0.901929	2.784066
75	52	1.524353	0.433968	1.657866	3.616188
75	53	1.524353	0.407897	1.399168	3.331417
75	54	1.524353	0.447009	1.787259	3.758621
75	55	1.524353	0.454356	1.966091	3.944800
75	56	1.524353	0.409785	1.417905	3.352043
75	57	1.524353	0.415010	1.469747	3.409109
75	58	1.524353	0.435984	1.677862	3.638198
75	59	1.524353	0.420570	1.948628	3.893551
75	60	1.524353	0.453827	1.854912	3.833092
75	61	1.524353	0.415010	1.469747	3.409109
75	62	1.524353	0.422151	1.540606	3.487110
75	63	1.524353	0.418020	1.764433	3.706806
75	64	1.524353	0.422151	1.540606	3.487110
75	65	1.524353	0.371515	1.038171	2.934039
75	66	1.524353	0.369194	1.015146	2.908693
75	67	1.524353	0.424465	1.563572	3.512390
75	68	1.524353	0.389466	1.216292	3.130111
75	69	1.524353	0.391732	1.238776	3.154862
75	70	1.524353	0.449274	1.809732	3.783359
75	71	1.524353	0.414972	1.469369	3.408694
75	72	1.524353	0.352173	0.846249	2.722775
75	73	1.524353	0.464739	1.963186	3.952278
75	74	1.524353	0.464247	1.958303	3.946903
75	75	1.524353	0.440365	1.721332	3.686049
75	76	1.524353	0.389466	1.216292	3.130111
75	77	1.524353	0.481246	2.126976	4.132575
75	78	1.524353	0.433968	1.657866	3.616188
75	79	1.524353	0.415484	1.474450	3.414286
75	80	1.524353	0.389466	1.216292	3.130111
75	81	1.524353	0.414818	1.467841	3.407012
75	82	1.524353	0.357784	0.901929	2.784066
75	83	1.524353	0.428979	1.608358	3.561690
75	84	1.524353	0.430405	1.622503	3.577261
75	85	1.524353	0.481410	2.128605	4.134368
75	86	1.524353	0.447116	1.788323	3.759792
75	87	1.524353	0.369194	1.015146	2.908693
75	88	1.524353	0.409859	1.418640	3.352853
75	89	1.524353	0.354873	1.402676	3.281902
75	90	1.524353	0.445181	1.769126	3.738660
75	91	1.524353	0.430826	1.626689	3.581869
75	92	1.524353	0.380527	1.127592	3.032472
75	93	1.524353	0.380527	1.127592	3.032472
75	94	1.524353	0.433436	1.652584	3.610373
75	95	1.524353	0.437793	1.960631	3.922777
75	96	1.524353	0.479145	2.159092	4.162590
75	97	1.524353	0.420005	1.519316	3.463674
75	98	1.524353	0.488557	2.199521	4.212431
75	99	1.524353	0.372500	1.047946	2.944799
76	0	1.665267	0.383476	1.156855	3.205598
76	1	1.665267	0.415292	1.472547	3.553106
76	2	1.665267	0.356456	0.888750	2.910473
76	3	1.665267	0.399629	1.317132	3.382028
76	4	1.665267	0.428070	1.599335	3.692673
76	5	1.665267	0.458109	1.897403	4.020779
76	6	1.665267	0.386889	1.190715	3.242871
76	7	1.665267	0.497889	2.292114	4.455270
76	8	1.665267	0.411199	1.431939	3.508406
76	9	1.665267	0.394263	1.263887	3.323417
76	10	1.665267	0.382455	1.146723	3.194446
76	11	1.665267	0.394929	1.270492	3.330688
76	12	1.665267	0.386889	1.190715	3.242871
76	13	1.665267	0.439335	1.711113	3.815716
76	14	1.665267	0.428664	1.605230	3.699162
76	15	1.665267	0.425419	1.573031	3.663717
76	16	1.665267	0.399629	1.317132	3.382028
76	17	1.665267	0.426027	1.579068	3.670362
76	18	1.665267	0.394830	1.269513	3.329610
76	19	1.665267	0.443664	1.754068	3.863000
76	20	1.665267	0.426451	1.583277	3.674996
76	21	1.665267	0.406155	1.381885	3.453308
76	22	1.665267	0.443664	1.754068	3.863000
76	23	1.665267	0.426027	1.579068	3.670362
76	24	1.665267	0.383476	1.156855	3.205598
76	25	1.665267	0.459472	1.910929	4.035669
76	26	1.665267	0.456045	1.876923	3.998236
76	27	1.665267	0.409911	1.419155	3.494333
76	28	1.665267	0.390106	1.222638	3.278011
76	29	1.665267	0.420660	1.525808	3.611735
76	30	1.665267	0.419366	1.512977	3.597611
76	31	1.665267	0.385260	1.174556	3.225083
76	32	1.665267	0.359278	1.446383	3.470928
76	33	1.665267	0.399629	1.317132	3.382028
76	34	1.665267	0.431059	1.787893	3.884220
76	35	1.665267	0.428664	1.605230	3.699162
76	36	1.665267	0.419331	1.512623	3.597221
76	37	1.665267	0.424963	1.886290	3.976520
76	38	1.665267	0.434741	2.036274	4.136283
76	39	1.665267	0.425419	1.573031	3.663717
76	40	1.665267	0.452554	1.842277	3.960098
76	41	1.665267	0.420371	1.522945	3.608583
76	42	1.665267	0.432881	1.647072	3.745220
76	43	1.665267	0.391436	1.235834	3.292537
76	44	1.665267	0.426027	1.579068	3.670362
76	45	1.665267	0.394929	1.270492	3.330688
76	46	1.665267	0.417732	1.496758	3.579757
76	47	1.665267	0.394929	1.270492	3.330688
76	48	1.665267	0.403419	1.354739	3.423426
76	49	1.665267	0.390106	1.222638	3.278011
76	50	1.665267	0.428744	1.606027	3.700039
76	51	1.665267	0.408038	1.400575	3.473881
76	52	1.665267	0.406068	1.592878	3.664213
76	53	1.665267	0.417732	1.496758	3.579757
76	54	1.665267	0.428070	1.599335	3.692673
76	55	1.665267	0.417732	1.496758	3.579757
76	56	1.665267	0.443866	1.756069	3.865202
76	57	1.665267	0.417246	1.491934	3.574447
76	58	1.665267	0.349697	0.821687	2.836652
76	59	1.665267	0.438905	1.865744	3.969916
76	60	1.665267	0.500173	2.314776	4.480216
76	61	1.665267	0.394830	1.269513	3.329610
76	62	1.665267	0.419913	1.518405	3.603586
76	63	1.665267	0.457664	1.892983	4.015914
76	64	1.665267	0.413881	1.458552	3.537701
76	65	1.665267	0.485922	2.173377	4.324567
76	66	1.665267	0.432881	1.647072	3.745220
76	67	1.665267	0.466833	1.983967	4.116068
76	68	1.665267	0.459472	1.910929	4.035669
76	69	1.665267	0.417740	1.496841	3.579849
76	70	1.665267	0.473896	2.107006	4.246169
76	71	1.665267	0.415292	1.472547	3.553106
76	72	1.665267	0.451462	1.831447	3.948177
76	73	1.665267	0.403118	1.351755	3.420141
76	74	1.665267	0.419366	1.512977	3.597611
76	75	1.665267	0.500173	2.314776	4.480216
76	76	1.665267	0.428664	1.605230	3.699162
76	77	1.665267	0.425228	1.835961	3.926456
76	78	1.665267	0.390106	1.222638	3.278011
76	79	1.665267	0.440638	1.724044	3.829949
76	80	1.665267	0.428664	1.605230	3.699162
76	81	1.665267	0.435762	1.675662	3.776692
76	82	1.665267	0.446858	1.785759	3.897884
76	83	1.665267	0.406155	1.381885	3.453308
76	84	1.665267	0.432881	1.647072	3.745220
76	85	1.665267	0.401959	1.711001	3.778228
76	86	1.665267	0.426451	1.583277	3.674996
76	87	1.665267	0.442071	1.738262	3.845600
76	88	1.665267	0.394830	1.269513	3.329610
76	89	1.665267	0.432881	1.647072	3.745220
76	90	1.665267	0.388562	1.207321	3.261150
76	91	1.665267	0.426027	1.579068	3.670362
76	92	1.665267	0.435762	1.675662	3.776692
76	93	1.665267	0.437784	1.695724	3.798775
76	94	1.665267	0.479281	2.160440	4.304988
76	95	1.665267	0.407168	1.391934	3.464369
76	96	1.665267	0.383476	1.156855	3.205598
76	97	1.665267	0.368640	1.009642	3.043549
76	98	1.665267	0.457664	1.892983	4.015914
76	99	1.665267	0.355566	0.879914	2.900747
77	0	1.629671	0.433928	1.657468	3.721068
77	1	1.629671	0.416290	1.482450	3.528411
77	2	1.629671	0.429706	2.039282	4.098659
77	3	1.629671	0.405661	1.376990	3.412322
77	4	1.629671	0.403218	1.352748	3.385637
77	5	1.629671	0.435028	1.668374	3.733073
77	6	1.629671	0.470083	2.016210	4.115963
77	7	1.629671	0.394978	1.270987	3.295637
77	8	1.629671	0.401260	1.333319	3.364251
77	9	1.629671	0.401260	1.333319	3.364251
77	10	1.629671	0.393075	1.252104	3.274850
77	11	1.629671	0.388433	1.206042	3.224146
77	12	1.629671	0.429181	1.610366	3.669218
77	13	1.629671	0.458342	1.899717	3.987730
77	14	1.629671	0.388433	1.206042	3.224146
77	15	1.629671	0.422760	1.546648	3.599078
77	16	1.629671	0.426618	1.584933	3.641222
77	17	1.629671	0.403218	1.352748	3.385637
77	18	1.629671	0.488402	2.197983	4.316056
77	19	1.629671	0.412974	1.449544	3.492189
77	20	1.629671	0.358650	0.910514	2.898835
77	21	1.629671	0.441568	1.733270	3.804509
77	22	1.629671	0.431594	1.899129	3.960394
77	23	1.629671	0.468047	2.048973	4.146691
77	24	1.629671	0.506929	2.381813	4.518413
77	25	1.629671	0.431278	1.948953	4.009902
77	26	1.629671	0.422233	1.541423	3.593328
77	27	1.629671	0.460818	1.924282	4.014771
77	28	1.629671	0.451555	1.832364	3.913590
77	29	1.629671	0.386825	1.190089	3.206585
77	30	1.629671	0.409819	1.418244	3.457734
77	31	1.629671	0.422850	1.547548	3.600069
77	32	1.629671	0.388433	1.206042	3.224146
77	33	1.629671	0.387588	1.197655	3.214913
77	34	1.629671	0.381787	1.140093	3.151550
77	35	1.629671	0.393857	1.259863	3.283391
77	36	1.629671	0.488568	2.199627	4.317865
77	37	1.629671	0.422744	1.546495	3.598911
77	38	1.629671	0.393857	1.259863	3.283391
77	39	1.629671	0.447911	1.796211	3.873793
77	40	1.629671	0.430527	1.835574	3.895772
77	41	1.629671	0.445478	1.772074	3.847223
77	42	1.629671	0.444202	1.759407	3.833280
77	43	1.629671	0.402552	1.769850	3.802073
77	44	1.629671	0.454572	1.862309	3.946552
77	45	1.629671	0.421848	1.537604	3.589123
77	46	1.629671	0.387588	1.197655	3.214913
77	47	1.629671	0.441568	1.733270	3.804509
77	48	1.629671	0.405526	1.375643	3.410839
77	49	1.629671	0.384170	1.163736	3.177577
77	50	1.629671	0.412974	1.449544	3.492189
77	51	1.629671	0.425412	1.572965	3.628048
77	52	1.629671	0.399720	1.318038	3.347429
77	53	1.629671	0.476603	2.080909	4.187183
77	54	1.629671	0.442103	2.056361	4.128134
77	55	1.629671	0.401260	1.333319	3.364251
77	56	1.629671	0.427781	1.596469	3.653921
77	57	1.629671	0.413540	1.455168	3.498379
77	58	1.629671	0.405345	1.373853	3.408869
77	59	1.629671	0.409905	1.419099	3.458675
77	60	1.629671	0.405661	1.376990	3.412322
77	61	1.629671	0.454000	1.962552	4.046222
77	62	1.629671	0.429181	1.610366	3.669218
77	63	1.629671	0.399058	1.841106	3.869836
77	64	1.629671	0.458342	1.899717	3.987730
77	65	1.629671	0.403218	1.352748	3.385637
77	66	1.629671	0.409819	1.418244	3.457734
77	67	1.629671	0.433928	1.657468	3.721068
77	68	1.629671	0.451555	1.832364	3.913590
77	69	1.629671	0.461582	1.931865	4.023118
77	70	1.629671	0.510609	2.418330	4.558609
77	71	1.629671	0.441568	1.733270	3.804509
77	72	1.629671	0.460720	1.923309	4.013699
77	73	1.629671	0.421848	1.537604	3.589123
77	74	1.629671	0.427781	1.596469	3.653921
77	75	1.629671	0.386825	1.190089	3.206585
77	76	1.629671	0.429181	1.610366	3.669218
77	77	1.629671	0.433928	1.657468	3.721068
77	78	1.629671	0.458342	1.899717	3.987730
77	79	1.629671	0.421848	1.537604	3.589123
77	80	1.629671	0.441568	1.733270	3.804509
77	81	1.629671	0.433549	1.653707	3.716928
77	82	1.629671	0.412464	1.444493	3.486628
77	83	1.629671	0.391477	1.236241	3.257388
77	84	1.629671	0.386825	1.190089	3.206585
77	85	1.629671	0.405345	1.373853	3.408869
77	86	1.629671	0.385825	1.180164	3.195660
77	87	1.629671	0.425412	1.572965	3.628048
77	88	1.629671	0.387588	1.197655	3.214913
77	89	1.629671	0.399720	1.318038	3.347429
77	90	1.629671	0.391477	1.236241	3.257388
77	91	1.629671	0.441615	1.733742	3.805029
77	92	1.629671	0.368312	1.006385	3.004368
77	93	1.629671	0.423305	1.552062	3.605038
77	94	1.629671	0.393075	1.252104	3.274850
77	95	1.629671	0.451555	1.832364	3.913590
77	96	1.629671	0.400003	1.320841	3.350515
77	97	1.629671	0.385825	1.180164	3.195660
77	98	1.629671	0.422233	1.541423	3.593328
77	99	1.629671	0.430527	1.835574	3.895772
78	0	1.555993	0.409634	1.416409	3.382036
78	1	1.555993	0.356857	0.892723	2.805573
78	2	1.555993	0.397444	1.295451	3.248888
78	3	1.555993	0.435640	1.674455	3.666089
78	4	1.555993	0.446174	1.778976	3.781143
78	5	1.555993	0.410029	1.420331	3.386354
78	6	1.555993	0.425182	1.570682	3.551857
78	7	1.555993	0.425182	1.570682	3.551857
78	8	1.555993	0.409848	1.418535	3.384377
78	9	1.555993	0.424672	1.565618	3.546283
78	10	1.555993	0.455135	1.867896	3.879025
78	11	1.555993	0.362797	1.587233	3.506024
78	12	1.555993	0.416029	1.479861	3.451883
78	13	1.555993	0.412221	1.442079	3.410293
78	14	1.555993	0.483989	2.207159	4.247141
78	15	1.555993	0.409531	1.415381	3.380905
78	16	1.555993	0.488084	2.194823	4.238900
78	17	1.555993	0.448386	1.800925	3.805305
78	18	1.555993	0.442726	1.744763	3.743482
78	19	1.555993	0.424672	1.565618	3.546283
78	20	1.555993	0.425182	1.570682	3.551857
78	21	1.555993	0.409531	1.415381	3.380905
78	22	1.555993	0.462117	1.937168	3.955278
78	23	1.555993	0.432589	1.644178	3.632761
78	24	1.555993	0.417253	1.492012	3.465258
78	25	1.555993	0.455854	1.875025	3.886872
78	26	1.555993	0.428319	1.601806	3.586118
78	27	1.555993	0.409902	1.419069	3.384964
78	28	1.555993	0.409902	1.419069	3.384964
78	29	1.555993	0.374735	1.070125	3.000854
78	30	1.555993	0.470866	2.023978	4.050837
78	31	1.555993	0.397444	1.295451	3.248888
78	32	1.555993	0.446292	1.886071	3.888357
78	33	1.555993	0.479774	2.112370	4.148137
78	34	1.555993	0.461286	1.928921	3.946200
78	35	1.555993	0.422384	1.542922	3.521299
78	36	1.555993	0.442913	1.746622	3.745529
78	37	1.555993	0.367642	0.999737	2.923372
78	38	1.555993	0.421099	1.530168	3.507261
78	39	1.555993	0.374735	1.070125	3.000854
78	40	1.555993	0.417253	1.492012	3.465258
78	41	1.555993	0.360465	0.928524	2.844982
78	42	1.555993	0.413883	1.458565	3.428441
78	43	1.555993	0.392999	1.251342	3.200334
78	44	1.555993	0.410029	1.420331	3.386354
78	45	1.555993	0.367642	0.999737	2.923372
78	46	1.555993	0.390960	1.231111	3.178064
78	47	1.555993	0.434517	1.663313	3.653824
78	48	1.555993	0.383331	1.155412	3.094737
78	49	1.555993	0.409902	1.419069	3.384964
78	50	1.555993	0.445426	1.877481	3.878900
78	51	1.555993	0.393311	1.254443	3.203747
78	52	1.555993	0.380170	1.494792	3.430955
78	53	1.555993	0.383331	1.155412	3.094737
78	54	1.555993	0.349743	0.822140	2.727876
78	55	1.555993	0.402017	1.340825	3.298835
78	56	1.555993	0.397557	1.296571	3.250121
78	57	1.555993	0.466933	1.984956	4.007883
78	58	1.555993	0.435281	1.670889	3.662163
78	59	1.555993	0.455568	1.872185	3.883746
78	60	1.555993	0.427714	1.595802	3.579509
78	61	1.555993	0.383331	1.155412	3.094737
78	62	1.555993	0.448386	1.800925	3.805305
78	63	1.555993	0.410516	1.425158	3.391667
78	64	1.555993	0.383331	1.155412	3.094737
78	65	1.555993	0.442726	1.744763	3.743482
78	66	1.555993	0.396395	1.285040	3.237428
78	67	1.555993	0.421099	1.530168	3.507261
78	68	1.555993	0.472202	2.037233	4.065428
78	69	1.555993	0.393311	1.254443	3.203747
78	70	1.555993	0.428319	1.601806	3.586118
78	71	1.555993	0.433470	1.652923	3.642387
78	72	1.555993	0.433965	1.922647	3.912606
78	73	1.555993	0.438656	1.704379	3.699028
78	74	1.555993	0.455854	1.875025	3.886872
78	75	1.555993	0.445426	1.877481	3.878900
78	76	1.555993	0.469588	2.011296	4.036877
78	77	1.555993	0.374735	1.070125	3.000854
78	78	1.555993	0.427714	1.595802	3.579509
78	79	1.555993	0.410698	1.426963	3.393654
78	80	1.555993	0.479774	2.112370	4.148137
78	81	1.555993	0.462681	1.942762	3.961436
78	82	1.555993	0.469588	2.011296	4.036877
78	83	1.555993	0.476657	2.081445	4.114096
78	84	1.555993	0.411942	1.757090	3.725025
78	85	1.555993	0.433439	1.652613	3.642045
78	86	1.555993	0.483989	2.207159	4.247141
78	87	1.555993	0.393311	1.254443	3.203747
78	88	1.555993	0.427714	1.595802	3.579509
78	89	1.555993	0.455854	1.875025	3.886872
78	90	1.555993	0.427444	1.593129	3.576567
78	91	1.555993	0.497059	2.283882	4.336934
78	92	1.555993	0.391095	1.709126	3.656214
78	93	1.555993	0.367642	0.999737	2.923372
78	94	1.555993	0.391370	1.235186	3.182550
78	95	1.555993	0.383331	1.155412	3.094737
78	96	1.555993	0.426488	1.583645	3.566127
78	97	1.555993	0.429146	1.610012	3.595151
78	98	1.555993	0.397444	1.295451	3.248888
78	99	1.555993	0.455135	1.867896	3.879025
79	0	1.597531	0.455136	1.867897	3.920564
79	1	1.597531	0.431225	1.630648	3.659405
79	2	1.597531	0.418788	1.507240	3.523559
79	3	1.597531	0.426390	1.582668	3.606589
79	4	1.597531	0.384757	1.169568	3.151856
79	5	1.597531	0.434998	1.668084	3.700613
79	6	1.597531	0.403540	1.355941	3.357012
79	7	1.597531	0.445651	1.773789	3.816971
79	8	1.597531	0.457459	1.890954	3.945944
79	9	1.597531	0.399725	1.318085	3.315341
79	10	1.597531	0.432131	1.639635	3.669298
79	11	1.597531	0.442882	1.746313	3.786726
79	12	1.597531	0.448885	1.805872	3.852288
79	13	1.597531	0.424263	1.561564	3.583358
79	14	1.597531	0.451157	2.040275	4.088963
79	15	1.597531	0.395938	1.280514	3.273983
79	16	1.597531	0.434605	1.664183	3.696319
79	17	1.597531	0.431225	1.630648	3.659405
79	18	1.597531	0.441821	1.735783	3.775135
79	19	1.597531	0.438310	1.700949	3.736790
79	20	1.597531	0.403540	1.355941	3.357012
79	21	1.597531	0.479696	2.111596	4.188823
79	22	1.597531	0.436131	1.679323	3.712986
79	23	1.597531	0.398991	1.310803	3.307325
79	24	1.597531	0.479117	2.105850	4.182498
79	25	1.597531	0.411995	1.439837	3.449364
79	26	1.597531	0.455136	1.867897	3.920564
79	27	1.597531	0.395938	1.280514	3.273983
79	28	1.597531	0.395938	1.280514	3.273983
79	29	1.597531	0.411322	1.433160	3.442014
79	30	1.597531	0.384820	1.170189	3.152540
79	31	1.597531	0.443754	1.754962	3.796247
79	32	1.597531	0.449660	1.866527	3.913718
79	33	1.597531	0.411989	1.439775	3.449295
79	34	1.597531	0.384757	1.169568	3.151856
79	35	1.597531	0.411322	1.433160	3.442014
79	36	1.597531	0.455136	1.867897	3.920564
79	37	1.597531	0.431225	1.630648	3.659405
79	38	1.597531	0.436131	1.679323	3.712986
79	39	1.597531	0.408612	1.671080	3.677223
79	40	1.597531	0.477340	2.088222	4.163094
79	41	1.597531	0.447646	1.793582	3.838759
79	42	1.597531	0.436131	1.679323	3.712986
79	43	1.597531	0.430983	1.628244	3.656758
79	44	1.597531	0.400516	1.325929	3.323975
79	45	1.597531	0.418788	1.507240	3.523559
79	46	1.597531	0.403540	1.355941	3.357012
79	47	1.597531	0.398991	1.310803	3.307325
79	48	1.597531	0.460019	1.916353	3.973903
79	49	1.597531	0.398413	1.622851	3.618795
79	50	1.597531	0.466942	2.196902	4.261376
79	51	1.597531	0.427382	1.592509	3.617421
79	52	1.597531	0.359694	0.920879	2.878105
79	53	1.597531	0.434605	1.664183	3.696319
79	54	1.597531	0.421362	1.850556	3.869449
79	55	1.597531	0.398991	1.310803	3.307325
79	56	1.597531	0.403479	1.355336	3.356347
79	57	1.597531	0.400515	1.325925	3.323971
79	58	1.597531	0.411322	1.433160	3.442014
79	59	1.597531	0.422401	1.543085	3.563017
79	60	1.597531	0.479816	2.165748	4.243095
79	61	1.597531	0.369733	1.020490	2.987754
79	62	1.597531	0.386546	1.187320	3.171398
79	63	1.597531	0.386546	1.187320	3.171398
79	64	1.597531	0.438363	1.701471	3.737365
79	65	1.597531	0.464200	1.957843	4.019575
79	66	1.597531	0.391069	1.232201	3.220801
79	67	1.597531	0.391069	1.232201	3.220801
79	68	1.597531	0.403540	1.355941	3.357012
79	69	1.597531	0.353831	0.862704	2.814067
79	70	1.597531	0.384568	1.697326	3.679425
79	71	1.597531	0.387753	1.199292	3.184576
79	72	1.597531	0.464200	1.957843	4.019575
79	73	1.597531	0.418917	1.508517	3.524965
79	74	1.597531	0.403540	1.355941	3.357012
79	75	1.597531	0.441821	1.735783	3.775135
79	76	1.597531	0.420420	1.523433	3.541384
79	77	1.597531	0.384820	1.170189	3.152540
79	78	1.597531	0.434998	1.668084	3.700613
79	79	1.597531	0.424263	1.561564	3.583358
79	80	1.597531	0.466942	2.196902	4.261376
79	81	1.597531	0.464200	1.957843	4.019575
79	82	1.597531	0.391918	1.240617	3.230065
79	83	1.597531	0.437701	1.694902	3.730134
79	84	1.597531	0.385216	1.174121	3.156869
79	85	1.597531	0.412723	1.447058	3.457312
79	86	1.597531	0.438363	1.701471	3.737365
79	87	1.597531	0.387753	1.199292	3.184576
79	88	1.597531	0.463466	1.950558	4.011555
79	89	1.597531	0.400515	1.325925	3.323971
79	90	1.597531	0.375710	1.079797	3.053038
79	91	1.597531	0.431361	1.631992	3.660884
79	92	1.597531	0.429359	1.612125	3.639015
79	93	1.597531	0.418420	1.503590	3.519541
79	94	1.597531	0.438278	1.700626	3.736435
79	95	1.597531	0.438278	1.700626	3.736435
79	96	1.597531	0.450775	1.824628	3.872934
79	97	1.597531	0.411514	1.435063	3.444108
79	98	1.597531	0.411995	1.439837	3.449364
79	99	1.597531	0.442882	1.746313	3.786726
80	0	1.578032	0.408188	1.402056	3.388275
80	1	1.578032	0.400848	1.329224	3.308104
80	2	1.578032	0.390212	1.223691	3.191934
80	3	1.578032	0.441333	1.730939	3.750304
80	4	1.578032	0.429852	1.617018	3.624902
80	5	1.578032	0.423526	1.554246	3.555804
80	6	1.578032	0.419807	1.517347	3.515186
80	7	1.578032	0.440354	1.721223	3.739608
80	8	1.578032	0.423526	1.554246	3.555804
80	9	1.578032	0.417515	1.494604	3.490151
80	10	1.578032	0.429990	1.618391	3.626413
80	11	1.578032	0.412182	1.441690	3.431904
80	12	1.578032	0.446933	1.786511	3.811476
80	13	1.578032	0.412182	1.441690	3.431904
80	14	1.578032	0.409306	1.413148	3.400486
80	15	1.578032	0.442127	1.738816	3.758975
80	16	1.578032	0.411243	1.432369	3.421644
80	17	1.578032	0.368619	1.009433	2.956084
80	18	1.578032	0.395539	1.647293	3.620864
80	19	1.578032	0.409515	1.415224	3.402771
80	20	1.578032	0.442127	1.738816	3.758975
80	21	1.578032	0.411243	1.432369	3.421644
80	22	1.578032	0.468112	2.102579	4.148722
80	23	1.578032	0.409306	1.413148	3.400486
80	24	1.578032	0.399958	1.320395	3.298385
80	25	1.578032	0.407037	1.390641	3.375710
80	26	1.578032	0.428898	1.607551	3.614481
80	27	1.578032	0.505047	2.363141	4.446220
80	28	1.578032	0.371946	1.042447	2.992425
80	29	1.578032	0.398993	1.681569	3.658594
80	30	1.578032	0.388406	1.205773	3.172211
80	31	1.578032	0.426533	1.584084	3.588649
80	32	1.578032	0.447442	1.791552	3.817026
80	33	1.578032	0.398993	1.681569	3.658594
80	34	1.578032	0.445864	1.775903	3.799799
80	35	1.578032	0.354765	0.871974	2.804771
80	36	1.578032	0.400848	1.329224	3.308104
80	37	1.578032	0.419807	1.517347	3.515186
80	38	1.578032	0.421909	1.538205	3.538146
80	39	1.578032	0.421909	1.538205	3.538146
80	40	1.578032	0.424982	1.727590	3.730604
80	41	1.578032	0.443505	1.752494	3.774031
80	42	1.578032	0.488133	2.195317	4.261483
80	43	1.578032	0.419807	1.517347	3.515186
80	44	1.578032	0.447442	1.791552	3.817026
80	45	1.578032	0.419807	1.517347	3.515186
80	46	1.578032	0.442576	1.743270	3.763878
80	47	1.578032	0.456854	2.096800	4.131686
80	48	1.578032	0.388406	1.205773	3.172211
80	49	1.578032	0.427683	1.595502	3.601217
80	50	1.578032	0.419807	1.517347	3.515186
80	51	1.578032	0.485522	2.169408	4.232963
80	52	1.578032	0.446933	1.786511	3.811476
80	53	1.578032	0.442127	1.738816	3.758975
80	54	1.578032	0.433838	1.921388	3.933258
80	55	1.578032	0.448734	1.804373	3.831139
80	56	1.578032	0.399958	1.320395	3.298385
80	57	1.578032	0.449679	1.813752	3.841462
80	58	1.578032	0.399958	1.320395	3.298385
80	59	1.578032	0.462024	1.936245	3.976301
80	60	1.578032	0.428898	1.607551	3.614481
80	61	1.578032	0.429852	1.617018	3.624902
80	62	1.578032	0.442576	1.743270	3.763878
80	63	1.578032	0.433999	1.658171	3.670202
80	64	1.578032	0.368619	1.009433	2.956084
80	65	1.578032	0.409515	1.415224	3.402771
80	66	1.578032	0.411458	1.434510	3.424000
80	67	1.578032	0.393437	1.255690	3.227159
80	68	1.578032	0.451328	1.830112	3.859472
80	69	1.578032	0.449679	1.813752	3.841462
80	70	1.578032	0.461707	1.986068	4.025807
80	71	1.578032	0.485522	2.169408	4.232963
80	72	1.578032	0.442127	1.738816	3.758975
80	73	1.578032	0.400848	1.329224	3.308104
80	74	1.578032	0.407037	1.390641	3.375710
80	75	1.578032	0.462024	1.936245	3.976301
80	76	1.578032	0.440354	1.721223	3.739608
80	77	1.578032	0.423526	1.554246	3.555804
80	78	1.578032	0.405679	1.377161	3.360871
80	79	1.578032	0.439266	1.710426	3.727724
80	80	1.578032	0.421909	1.538205	3.538146
80	81	1.578032	0.433838	1.921388	3.933258
80	82	1.578032	0.417515	1.494604	3.490151
80	83	1.578032	0.484872	2.162956	4.225860
80	84	1.578032	0.454254	1.859146	3.891432
80	85	1.578032	0.408188	1.402056	3.388275
80	86	1.578032	0.423526	1.554246	3.555804
80	87	1.578032	0.399958	1.320395	3.298385
80	88	1.578032	0.412819	1.448011	3.438862
80	89	1.578032	0.412819	1.448011	3.438862
80	90	1.578032	0.433150	1.649746	3.660928
80	91	1.578032	0.443837	1.755789	3.777658
80	92	1.578032	0.461707	1.986068	4.025807
80	93	1.578032	0.410114	1.421175	3.409321
80	94	1.578032	0.456868	1.885089	3.919989
80	95	1.578032	0.417515	1.494604	3.490151
80	96	1.578032	0.391903	1.240472	3.210407
80	97	1.578032	0.410483	1.424833	3.413348
80	98	1.578032	0.428102	1.599661	3.605795
80	99	1.578032	0.411531	1.435235	3.424798
81	0	1.553587	0.366517	1.571180	3.491284
81	1	1.553587	0.451380	1.830630	3.835597
81	2	1.553587	0.427681	1.595482	3.576751
81	3	1.553587	0.434533	1.663472	3.651593
81	4	1.553587	0.442187	1.739417	3.735192
81	5	1.553587	0.405873	1.379092	3.338553
81	6	1.553587	0.411089	1.430840	3.395516
81	7	1.553587	0.455104	1.920543	3.929233
81	8	1.553587	0.410863	1.428603	3.393054
81	9	1.553587	0.445689	2.038986	4.038262
81	10	1.553587	0.389492	1.216551	3.159630
81	11	1.553587	0.440798	1.725629	3.720014
81	12	1.553587	0.397770	1.298684	3.250041
81	13	1.553587	0.417590	1.495349	3.466526
81	14	1.553587	0.432160	1.639918	3.625665
81	15	1.553587	0.429839	1.616888	3.600314
81	16	1.553587	0.407660	1.714602	3.675849
81	17	1.553587	0.474569	2.060729	4.088886
81	18	1.553587	0.429839	1.616888	3.600314
81	19	1.553587	0.465348	1.969226	3.988161
81	20	1.553587	0.430021	1.618698	3.602306
81	21	1.553587	0.474569	2.060729	4.088886
81	22	1.553587	0.434179	1.659956	3.647723
81	23	1.553587	0.462091	1.936916	3.952595
81	24	1.553587	0.470625	2.021592	4.045804
81	25	1.553587	0.432160	1.639918	3.625665
81	26	1.553587	0.397770	1.298684	3.250041
81	27	1.553587	0.456940	1.885801	3.896328
81	28	1.553587	0.415147	1.682967	3.651701
81	29	1.553587	0.406574	1.386041	3.346202
81	30	1.553587	0.434759	1.665715	3.654061
81	31	1.553587	0.421446	1.533613	3.508646
81	32	1.553587	0.460536	1.921483	3.935607
81	33	1.553587	0.415026	1.469908	3.438521
81	34	1.553587	0.427432	1.593005	3.574024
81	35	1.553587	0.451175	1.828599	3.833361
81	36	1.553587	0.440798	1.725629	3.720014
81	37	1.553587	0.484509	2.212321	4.250418
81	38	1.553587	0.433440	1.652626	3.639654
81	39	1.553587	0.404206	1.362544	3.320337
81	40	1.553587	0.411089	1.430840	3.395516
81	41	1.553587	0.407759	1.397800	3.359146
81	42	1.553587	0.404206	1.362544	3.320337
81	43	1.553587	0.427681	1.595482	3.576751
81	44	1.553587	0.501956	2.332471	4.388014
81	45	1.553587	0.397310	1.294125	3.245023
81	46	1.553587	0.451380	1.830630	3.835597
81	47	1.553587	0.421446	1.533613	3.508646
81	48	1.553587	0.456940	1.885801	3.896328
81	49	1.553587	0.404182	1.362306	3.320075
81	50	1.553587	0.449520	2.024029	4.027135
81	51	1.553587	0.458724	1.903507	3.915818
81	52	1.553587	0.421446	1.533613	3.508646
81	53	1.553587	0.406574	1.386041	3.346202
81	54	1.553587	0.430021	1.618698	3.602306
81	55	1.553587	0.430021	1.618698	3.602306
81	56	1.553587	0.404182	1.362306	3.320075
81	57	1.553587	0.409120	1.411310	3.374018
81	58	1.553587	0.456940	1.885801	3.896328
81	59	1.553587	0.482528	2.139693	4.175808
81	60	1.553587	0.422604	1.545106	3.521297
81	61	1.553587	0.415056	1.470204	3.438847
81	62	1.553587	0.451175	1.828599	3.833361
81	63	1.553587	0.429839	1.616888	3.600314
81	64	1.553587	0.432160	1.639918	3.625665
81	65	1.553587	0.452599	1.842727	3.848913
81	66	1.553587	0.389492	1.216551	3.159630
81	67	1.553587	0.479518	2.109835	4.142941
81	68	1.553587	0.389492	1.216551	3.159630
81	69	1.553587	0.409120	1.411310	3.374018
81	70	1.553587	0.427681	1.595482	3.576751
81	71	1.553587	0.438090	1.698765	3.690443
81	72	1.553587	0.474569	2.060729	4.088886
81	73	1.553587	0.451380	1.830630	3.835597
81	74	1.553587	0.406574	1.386041	3.346202
81	75	1.553587	0.422604	1.545106	3.521297
81	76	1.553587	0.472092	2.036144	4.061823
81	77	1.553587	0.421446	1.533613	3.508646
81	78	1.553587	0.375844	1.081130	3.010562
81	79	1.553587	0.422604	1.545106	3.521297
81	80	1.553587	0.404182	1.362306	3.320075
81	81	1.553587	0.465348	1.969226	3.988161
81	82	1.553587	0.470625	2.021592	4.045804
81	83	1.553587	0.415056	1.470204	3.438847
81	84	1.553587	0.426183	1.580618	3.560389
81	85	1.553587	0.482528	2.139693	4.175808
81	86	1.553587	0.409482	1.414904	3.377973
81	87	1.553587	0.431478	1.633158	3.618223
81	88	1.553587	0.453950	1.856128	3.863665
81	89	1.553587	0.368812	1.646918	3.569318
81	90	1.553587	0.421446	1.533613	3.508646
81	91	1.553587	0.425571	1.574537	3.553695
81	92	1.553587	0.467452	1.990104	4.011143
81	93	1.553587	0.431478	1.633158	3.618223
81	94	1.553587	0.409482	1.414904	3.377973
81	95	1.553587	0.410863	1.428603	3.393054
81	96	1.553587	0.426183	1.580618	3.560389
81	97	1.553587	0.385696	1.708516	3.647799
81	98	1.553587	0.410863	1.428603	3.393054
81	99	1.553587	0.438919	1.706989	3.699496
82	0	1.572618	0.430542	1.623867	3.627027
82	1	1.572618	0.409783	1.576773	3.559174
82	2	1.572618	0.397450	1.295515	3.265583
82	3	1.572618	0.485262	2.166831	4.224711
82	4	1.572618	0.421019	1.529374	3.523011
82	5	1.572618	0.434383	1.661978	3.668979
82	6	1.572618	0.395906	1.280191	3.248715
82	7	1.572618	0.417394	1.493401	3.483413
82	8	1.572618	0.344833	0.773422	2.690874
82	9	1.572618	0.390644	1.704652	3.667914
82	10	1.572618	0.395351	1.274686	3.242655
82	11	1.572618	0.396443	1.285520	3.254581
82	12	1.572618	0.417394	1.493401	3.483413
82	13	1.572618	0.443891	1.756319	3.772828
82	14	1.572618	0.409497	1.415046	3.397161
82	15	1.572618	0.349124	0.815992	2.737734
82	16	1.572618	0.469113	2.006583	4.048313
82	17	1.572618	0.409497	1.415046	3.397161
82	18	1.572618	0.412345	1.443306	3.428269
82	19	1.572618	0.375220	1.445680	3.393518
82	20	1.572618	0.432287	1.641180	3.646085
82	21	1.572618	0.398454	1.305474	3.276546
82	22	1.572618	0.426565	1.584405	3.583588
82	23	1.572618	0.364661	0.970162	2.907441
82	24	1.572618	0.411736	1.437261	3.421615
82	25	1.572618	0.384130	1.163349	3.120097
82	26	1.572618	0.408202	1.402203	3.383024
82	27	1.572618	0.384130	1.163349	3.120097
82	28	1.572618	0.475195	2.119900	4.167714
82	29	1.572618	0.397450	1.295515	3.265583
82	30	1.572618	0.417394	1.493401	3.483413
82	31	1.572618	0.411736	1.437261	3.421615
82	32	1.572618	0.396443	1.285520	3.254581
82	33	1.572618	0.388292	1.204644	3.165554
82	34	1.572618	0.465905	1.974755	4.013278
82	35	1.572618	0.388292	1.204644	3.165554
82	36	1.572618	0.397450	1.295515	3.265583
82	37	1.572618	0.397074	1.291782	3.261474
82	38	1.572618	0.379996	1.122321	3.074934
82	39	1.572618	0.414820	1.467863	3.455301
82	40	1.572618	0.395825	1.279389	3.247832
82	41	1.572618	0.465905	1.974755	4.013278
82	42	1.572618	0.495255	2.265980	4.333853
82	43	1.572618	0.477286	2.087685	4.137589
82	44	1.572618	0.419764	1.887665	3.880046
82	45	1.572618	0.344833	0.773422	2.690874
82	46	1.572618	0.380117	1.123527	3.076262
82	47	1.572618	0.421019	1.529374	3.523011
82	48	1.572618	0.455078	1.867329	3.895025
82	49	1.572618	0.417394	1.493401	3.483413
82	50	1.572618	0.409783	1.576773	3.559174
82	51	1.572618	0.403772	1.358243	3.334633
82	52	1.572618	0.408202	1.402203	3.383024
82	53	1.572618	0.464343	1.959258	3.996219
82	54	1.572618	0.396565	1.286728	3.255911
82	55	1.572618	0.411736	1.437261	3.421615
82	56	1.572618	0.349124	0.815992	2.737734
82	57	1.572618	0.432287	1.641180	3.646085
82	58	1.572618	0.424179	1.560728	3.557524
82	59	1.572618	0.464343	1.959258	3.996219
82	60	1.572618	0.411285	1.432790	3.416693
82	61	1.572618	0.390080	1.222378	3.185075
82	62	1.572618	0.475195	2.119900	4.167714
82	63	1.572618	0.424179	1.560728	3.557524
82	64	1.572618	0.507595	2.388427	4.468640
82	65	1.572618	0.379996	1.122321	3.074934
82	66	1.572618	0.404906	1.369490	3.347014
82	67	1.572618	0.409497	1.415046	3.397161
82	68	1.572618	0.438354	1.701383	3.712356
82	69	1.572618	0.425806	1.576875	3.575299
82	70	1.572618	0.388292	1.204644	3.165554
82	71	1.572618	0.412345	1.443306	3.428269
82	72	1.572618	0.376333	1.509686	3.458637
82	73	1.572618	0.395351	1.274686	3.242655
82	74	1.572618	0.461653	1.932568	3.966840
82	75	1.572618	0.404321	1.363689	3.340628
82	76	1.572618	0.419764	1.887665	3.880046
82	77	1.572618	0.444983	1.767155	3.784756
82	78	1.572618	0.469127	2.006731	4.048476
82	79	1.572618	0.401853	1.339200	3.313671
82	80	1.572618	0.432962	1.647882	3.653462
82	81	1.572618	0.399460	1.315459	3.287537
82	82	1.572618	0.482989	2.144272	4.199879
82	83	1.572618	0.396565	1.286728	3.255911
82	84	1.572618	0.380117	1.123527	3.076262
82	85	1.572618	0.392206	1.243476	3.208300
82	86	1.572618	0.385869	1.657273	3.615760
82	87	1.572618	0.356014	0.884368	2.813000
82	88	1.572618	0.408202	1.402203	3.383024
82	89	1.572618	0.397450	1.295515	3.265583
82	90	1.572618	0.446461	1.781820	3.800899
82	91	1.572618	0.364661	0.970162	2.907441
82	92	1.572618	0.453746	1.854110	3.880474
82	93	1.572618	0.432962	1.647882	3.653462
82	94	1.572618	0.430542	1.623867	3.627027
82	95	1.572618	0.425125	1.570119	3.567862
82	96	1.572618	0.409497	1.415046	3.397161
82	97	1.572618	0.466331	1.978984	4.017933
82	98	1.572618	0.434383	1.661978	3.668979
82	99	1.572618	0.388292	1.204644	3.165554
83	0	1.509381	0.397462	1.295631	3.202475
83	1	1.509381	0.462569	1.941651	3.913601
83	2	1.509381	0.476575	2.080626	4.066582
83	3	1.509381	0.419346	1.512777	3.441505
83	4	1.509381	0.418143	1.765658	3.693182
83	5	1.509381	0.410800	1.427972	3.348153
83	6	1.509381	0.407806	1.398265	3.315452
83	7	1.509381	0.418729	1.771469	3.699579
83	8	1.509381	0.445918	1.776435	3.731734
83	9	1.509381	0.386879	1.190621	3.086881
83	10	1.509381	0.423894	1.557905	3.491180
83	11	1.509381	0.433095	1.649201	3.591677
83	12	1.509381	0.365627	0.979747	2.854755
83	13	1.509381	0.419933	1.518602	3.447916
83	14	1.509381	0.466493	1.980586	3.956459
83	15	1.509381	0.422330	1.542388	3.474100
83	16	1.509381	0.409738	1.417442	3.336561
83	17	1.509381	0.397724	1.298227	3.205332
83	18	1.509381	0.435889	1.676920	3.622190
83	19	1.509381	0.382366	1.145845	3.037592
83	20	1.509381	0.369231	1.015509	2.894121
83	21	1.509381	0.408203	1.402203	3.319787
83	22	1.509381	0.370370	1.026809	2.906560
83	23	1.509381	0.428848	1.607059	3.545288
83	24	1.509381	0.476300	2.077900	4.063581
83	25	1.509381	0.410800	1.427972	3.348153
83	26	1.509381	0.382366	1.145845	3.037592
83	27	1.509381	0.430209	1.620559	3.560149
83	28	1.509381	0.404409	1.364564	3.278355
83	29	1.509381	0.438626	1.704083	3.652090
83	30	1.509381	0.438427	1.702103	3.649911
83	31	1.509381	0.435101	1.669099	3.613580
83	32	1.509381	0.469051	2.005976	3.984409
83	33	1.509381	0.408203	1.402203	3.319787
83	34	1.509381	0.419933	1.518602	3.447916
83	35	1.509381	0.466493	1.980586	3.956459
83	36	1.509381	0.438427	1.702103	3.649911
83	37	1.509381	0.409738	1.417442	3.336561
83	38	1.509381	0.476575	2.080626	4.066582
83	39	1.509381	0.407806	1.398265	3.315452
83	40	1.509381	0.445918	1.776435	3.731734
83	41	1.509381	0.428224	1.600862	3.538467
83	42	1.509381	0.429133	1.609882	3.548396
83	43	1.509381	0.415875	1.478330	3.403586
83	44	1.509381	0.414178	1.461499	3.385059
83	45	1.509381	0.419933	1.518602	3.447916
83	46	1.509381	0.408203	1.402203	3.319787
83	47	1.509381	0.476575	2.080626	4.066582
83	48	1.509381	0.453056	1.847264	3.809701
83	49	1.509381	0.382366	1.145845	3.037592
83	50	1.509381	0.434644	1.664565	3.608590
83	51	1.509381	0.419380	1.513109	3.441870
83	52	1.509381	0.407806	1.398265	3.315452
83	53	1.509381	0.435889	1.676920	3.622190
83	54	1.509381	0.405582	1.693986	3.608950
83	55	1.509381	0.453056	1.847264	3.809701
83	56	1.509381	0.365627	0.979747	2.854755
83	57	1.509381	0.429133	1.609882	3.548396
83	58	1.509381	0.462639	2.101245	4.073265
83	59	1.509381	0.475000	2.065005	4.049386
83	60	1.509381	0.448787	1.804903	3.763071
83	61	1.509381	0.423894	1.557905	3.491180
83	62	1.509381	0.415875	1.478330	3.403586
83	63	1.509381	0.402016	1.340815	3.252212
83	64	1.509381	0.456424	2.039572	4.005377
83	65	1.509381	0.475000	2.065005	4.049386
83	66	1.509381	0.385412	1.176062	3.070854
83	67	1.509381	0.431927	1.743536	3.684844
83	68	1.509381	0.444571	1.921965	3.875917
83	69	1.509381	0.383448	1.156577	3.049406
83	70	1.509381	0.470356	2.018919	3.998656
83	71	1.509381	0.387563	1.197410	3.094355
83	72	1.509381	0.385412	1.176062	3.070854
83	73	1.509381	0.463249	1.948401	3.921031
83	74	1.509381	0.407806	1.398265	3.315452
83	75	1.509381	0.408203	1.402203	3.319787
83	76	1.509381	0.434644	1.664565	3.608590
83	77	1.509381	0.453056	1.847264	3.809701
83	78	1.509381	0.386879	1.190621	3.086881
83	79	1.509381	0.370370	1.026809	2.906560
83	80	1.509381	0.424383	1.562750	3.496514
83	81	1.509381	0.357881	0.902890	2.770152
83	82	1.509381	0.399788	1.318714	3.227883
83	83	1.509381	0.433095	1.649201	3.591677
83	84	1.509381	0.426453	1.583290	3.519124
83	85	1.509381	0.450398	1.820888	3.780667
83	86	1.509381	0.441290	1.730510	3.681181
83	87	1.509381	0.415875	1.478330	3.403586
83	88	1.509381	0.272022	1.057266	2.838669
83	89	1.509381	0.410800	1.427972	3.348153
83	90	1.509381	0.397724	1.298227	3.205332
83	91	1.509381	0.450398	1.820888	3.780667
83	92	1.509381	0.421159	1.530766	3.461306
83	93	1.509381	0.432047	1.797696	3.739124
83	94	1.509381	0.450398	1.820888	3.780667
83	95	1.509381	0.444631	1.763663	3.717674
83	96	1.509381	0.453593	1.905553	3.868527
83	97	1.509381	0.410800	1.427972	3.348153
83	98	1.509381	0.397724	1.298227	3.205332
83	99	1.509381	0.397724	1.298227	3.205332
84	0	1.557446	0.453803	1.854679	3.865928
84	1	1.557446	0.434383	1.661979	3.653808
84	2	1.557446	0.402628	1.346888	3.306961
84	3	1.557446	0.354506	0.869403	2.781356
84	4	1.557446	0.382163	1.143829	3.083438
84	5	1.557446	0.477133	2.245061	4.279640
84	6	1.557446	0.444986	1.767187	3.769619
84	7	1.557446	0.406240	1.382728	3.346414
84	8	1.557446	0.434704	1.665169	3.657319
84	9	1.557446	0.492743	2.241059	4.291248
84	10	1.557446	0.369066	1.013872	2.940384
84	11	1.557446	0.455519	1.871703	3.884668
84	12	1.557446	0.445300	1.929199	3.931945
84	13	1.557446	0.415080	1.470444	3.442970
84	14	1.557446	0.461433	1.983348	4.002227
84	15	1.557446	0.462044	1.989404	4.008894
84	16	1.557446	0.436322	1.681224	3.674992
84	17	1.557446	0.426865	1.587380	3.571691
84	18	1.557446	0.472594	2.041128	4.071168
84	19	1.557446	0.437716	1.695051	3.690213
84	20	1.557446	0.468153	2.155956	4.181556
84	21	1.557446	0.437240	1.690330	3.685016
84	22	1.557446	0.467983	2.154268	4.179697
84	23	1.557446	0.413485	1.454623	3.425555
84	24	1.557446	0.367416	0.997501	2.922363
84	25	1.557446	0.421832	1.537444	3.516722
84	26	1.557446	0.389603	1.217646	3.164694
84	27	1.557446	0.383663	1.158708	3.099817
84	28	1.557446	0.425543	1.574263	3.557252
84	29	1.557446	0.426889	1.587622	3.571957
84	30	1.557446	0.442754	1.745036	3.745236
84	31	1.557446	0.427156	1.590266	3.574867
84	32	1.557446	0.433411	1.652335	3.643192
84	33	1.557446	0.458926	1.905504	3.921876
84	34	1.557446	0.409833	1.418383	3.385662
84	35	1.557446	0.399338	1.314248	3.271032
84	36	1.557446	0.383663	1.158708	3.099817
84	37	1.557446	0.442452	1.742045	3.741943
84	38	1.557446	0.437430	1.692210	3.687086
84	39	1.557446	0.402001	1.340664	3.300111
84	40	1.557446	0.430021	1.618694	3.606160
84	41	1.557446	0.458926	1.905504	3.921876
84	42	1.557446	0.437430	1.692210	3.687086
84	43	1.557446	0.426865	1.587380	3.571691
84	44	1.557446	0.436322	1.681224	3.674992
84	45	1.557446	0.401067	1.331397	3.289910
84	46	1.557446	0.469915	2.014542	4.041902
84	47	1.557446	0.402001	1.340664	3.300111
84	48	1.557446	0.433404	1.652265	3.643115
84	49	1.557446	0.472594	2.041128	4.071168
84	50	1.557446	0.449014	1.807152	3.813612
84	51	1.557446	0.466381	1.979479	4.003306
84	52	1.557446	0.426865	1.587380	3.571691
84	53	1.557446	0.418833	1.507688	3.483968
84	54	1.557446	0.440430	1.721978	3.719854
84	55	1.557446	0.393752	1.258821	3.210019
84	56	1.557446	0.390407	1.225627	3.173479
84	57	1.557446	0.441383	1.731439	3.730268
84	58	1.557446	0.433411	1.652335	3.643192
84	59	1.557446	0.348576	0.810562	2.716585
84	60	1.557446	0.437240	1.690330	3.685016
84	61	1.557446	0.436734	1.950127	3.944307
84	62	1.557446	0.383663	1.158708	3.099817
84	63	1.557446	0.390407	1.225627	3.173479
84	64	1.557446	0.425543	1.574263	3.557252
84	65	1.557446	0.438492	1.702750	3.698688
84	66	1.557446	0.429079	1.609348	3.595873
84	67	1.557446	0.439149	1.709272	3.705867
84	68	1.557446	0.445349	1.770790	3.773585
84	69	1.557446	0.420409	1.788138	3.765993
84	70	1.557446	0.478085	2.095615	4.131146
84	71	1.557446	0.458926	1.905504	3.921876
84	72	1.557446	0.434704	1.665169	3.657319
84	73	1.557446	0.444986	1.767187	3.769619
84	74	1.557446	0.403846	1.358973	3.320265
84	75	1.557446	0.437240	1.690330	3.685016
84	76	1.557446	0.413577	1.455536	3.426559
84	77	1.557446	0.445349	1.770790	3.773585
84	78	1.557446	0.427156	1.590266	3.574867
84	79	1.557446	0.451941	1.836203	3.845590
84	80	1.557446	0.440524	1.722913	3.720882
84	81	1.557446	0.382163	1.143829	3.083438
84	82	1.557446	0.402628	1.346888	3.306961
84	83	1.557446	0.348576	0.810562	2.716585
84	84	1.557446	0.403828	1.358797	3.320071
84	85	1.557446	0.445349	1.770790	3.773585
84	86	1.557446	0.434143	1.659602	3.651191
84	87	1.557446	0.354506	0.869403	2.781356
84	88	1.557446	0.433411	1.652335	3.643192
84	89	1.557446	0.462271	2.044629	4.064346
84	90	1.557446	0.403846	1.358973	3.320265
84	91	1.557446	0.440981	1.727448	3.725875
84	92	1.557446	0.392936	1.250718	3.201099
84	93	1.557446	0.406240	1.382728	3.346414
84	94	1.557446	0.363702	0.960646	2.881794
84	95	1.557446	0.425543	1.574263	3.557252
84	96	1.557446	0.437240	1.690330	3.685016
84	97	1.557446	0.382163	1.143829	3.083438
84	98	1.557446	0.474174	2.162731	4.194350
84	99	1.557446	0.389603	1.217646	3.164694
85	0	1.528432	0.449121	1.808221	3.785774
85	1	1.528432	0.468128	1.996819	3.993379
85	2	1.528432	0.431912	1.637458	3.597802
85	3	1.528432	0.457714	1.893480	3.879625
85	4	1.528432	0.454752	1.864086	3.847269
85	5	1.528432	0.374160	1.064416	2.967007
85	6	1.528432	0.406599	1.386297	3.321328
85	7	1.528432	0.396664	1.287708	3.212804
85	8	1.528432	0.444492	1.762281	3.735204
85	9	1.528432	0.444178	1.759171	3.731780
85	10	1.528432	0.416915	1.488650	3.433997
85	11	1.528432	0.431912	1.637458	3.597802
85	12	1.528432	0.374160	1.064416	2.967007
85	13	1.528432	0.467365	1.989241	3.985038
85	14	1.528432	0.375503	1.077742	2.981677
85	15	1.528432	0.410552	1.425518	3.364501
85	16	1.528432	0.449067	1.807676	3.785174
85	17	1.528432	0.396750	1.288568	3.213749
85	18	1.528432	0.407150	1.709545	3.645127
85	19	1.528432	0.360142	1.454959	3.343532
85	20	1.528432	0.453909	1.855727	3.838067
85	21	1.528432	0.434194	1.660102	3.622727
85	22	1.528432	0.416915	1.488650	3.433997
85	23	1.528432	0.397763	1.298613	3.224807
85	24	1.528432	0.444492	1.762281	3.735204
85	25	1.528432	0.388715	1.579587	3.496733
85	26	1.528432	0.457714	1.893480	3.879625
85	27	1.528432	0.399235	1.313223	3.240890
85	28	1.528432	0.473394	2.049070	4.050896
85	29	1.528432	0.426265	1.581428	3.536125
85	30	1.528432	0.431912	1.637458	3.597802
85	31	1.528432	0.395780	1.278941	3.203153
85	32	1.528432	0.442020	1.737758	3.708209
85	33	1.528432	0.442020	1.737758	3.708209
85	34	1.528432	0.369700	1.020165	2.918297
85	35	1.528432	0.461058	1.926664	3.916154
85	36	1.528432	0.468315	1.998671	3.995418
85	37	1.528432	0.483179	2.146160	4.157771
85	38	1.528432	0.423135	1.868148	3.819715
85	39	1.528432	0.369077	1.649541	3.547049
85	40	1.528432	0.467365	1.989241	3.985038
85	41	1.528432	0.367575	0.999079	2.895086
85	42	1.528432	0.375503	1.077742	2.981677
85	43	1.528432	0.490710	2.220881	4.240022
85	44	1.528432	0.453921	1.855849	3.838202
85	45	1.528432	0.459722	1.913401	3.901554
85	46	1.528432	0.465893	1.974640	3.968964
85	47	1.528432	0.414471	1.464404	3.407307
85	48	1.528432	0.422531	1.915120	3.866082
85	49	1.528432	0.396664	1.287708	3.212804
85	50	1.528432	0.454752	1.864086	3.847269
85	51	1.528432	0.431923	1.637574	3.597929
85	52	1.528432	0.481422	2.128725	4.138579
85	53	1.528432	0.468237	1.997893	3.994562
85	54	1.528432	0.392090	1.242328	3.162850
85	55	1.528432	0.444357	1.760951	3.733740
85	56	1.528432	0.410552	1.425518	3.364501
85	57	1.528432	0.468487	2.000374	3.997292
85	58	1.528432	0.519636	2.507906	4.555974
85	59	1.528432	0.519636	2.507906	4.555974
85	60	1.528432	0.426166	1.580450	3.535048
85	61	1.528432	0.483179	2.146160	4.157771
85	62	1.528432	0.421732	1.536449	3.486612
85	63	1.528432	0.408874	1.408865	3.346171
85	64	1.528432	0.418085	1.500262	3.446779
85	65	1.528432	0.467365	1.989241	3.985038
85	66	1.528432	0.459722	1.913401	3.901554
85	67	1.528432	0.474184	2.056900	4.059515
85	68	1.528432	0.463502	1.950916	3.942850
85	69	1.528432	0.431912	1.637458	3.597802
85	70	1.528432	0.375503	1.077742	2.981677
85	71	1.528432	0.412154	1.441413	3.381999
85	72	1.528432	0.470806	2.023387	4.022625
85	73	1.528432	0.403388	1.354430	3.286249
85	74	1.528432	0.455339	1.869918	3.853689
85	75	1.528432	0.419358	1.512892	3.460681
85	76	1.528432	0.434194	1.660102	3.622727
85	77	1.528432	0.397763	1.298613	3.224807
85	78	1.528432	0.431923	1.637574	3.597929
85	79	1.528432	0.440316	1.720853	3.689601
85	80	1.528432	0.418085	1.500262	3.446779
85	81	1.528432	0.495323	2.266658	4.290412
85	82	1.528432	0.419358	1.512892	3.460681
85	83	1.528432	0.449121	1.808221	3.785774
85	84	1.528432	0.444357	1.760951	3.733740
85	85	1.528432	0.444492	1.762281	3.735204
85	86	1.528432	0.461393	1.929982	3.919807
85	87	1.528432	0.423837	1.557336	3.509605
85	88	1.528432	0.357611	1.482806	3.368849
85	89	1.528432	0.414471	1.464404	3.407307
85	90	1.528432	0.449067	1.807676	3.785174
85	91	1.528432	0.423837	1.557336	3.509605
85	92	1.528432	0.421732	1.536449	3.486612
85	93	1.528432	0.461393	1.929982	3.919807
85	94	1.528432	0.468128	1.996819	3.993379
85	95	1.528432	0.403388	1.354430	3.286249
85	96	1.528432	0.473775	2.158773	4.160980
85	97	1.528432	0.462690	1.995815	3.986936
85	98	1.528432	0.465893	1.974640	3.968964
85	99	1.528432	0.395780	1.278941	3.203153
86	0	1.600370	0.441583	1.733419	3.775372
86	1	1.600370	0.440231	1.984820	4.025421
86	2	1.600370	0.442793	1.745427	3.788590
86	3	1.600370	0.425311	1.571965	3.597646
86	4	1.600370	0.394180	1.263065	3.257615
86	5	1.600370	0.377940	1.101925	3.080235
86	6	1.600370	0.440265	1.720345	3.760980
86	7	1.600370	0.425311	1.571965	3.597646
86	8	1.600370	0.406470	1.385015	3.391855
86	9	1.600370	0.422453	1.543606	3.566429
86	10	1.600370	0.440265	1.720345	3.760980
86	11	1.600370	0.440265	1.720345	3.760980
86	12	1.600370	0.436186	1.679872	3.716429
86	13	1.600370	0.474035	2.055429	4.129834
86	14	1.600370	0.423032	1.549354	3.572756
86	15	1.600370	0.465281	1.968568	4.034219
86	16	1.600370	0.354993	1.509800	3.465163
86	17	1.600370	0.425311	1.571965	3.597646
86	18	1.600370	0.453218	1.848873	3.902461
86	19	1.600370	0.421309	1.532248	3.553926
86	20	1.600370	0.387639	1.198165	3.186174
86	21	1.600370	0.479795	2.165542	4.245707
86	22	1.600370	0.442771	1.745208	3.788349
86	23	1.600370	0.407348	1.393721	3.401439
86	24	1.600370	0.444006	1.757467	3.801843
86	25	1.600370	0.369132	1.014528	2.984030
86	26	1.600370	0.483759	2.151909	4.236038
86	27	1.600370	0.526637	2.577370	4.704377
86	28	1.600370	0.402280	1.343442	3.346092
86	29	1.600370	0.389915	1.220749	3.211034
86	30	1.600370	0.387639	1.198165	3.186174
86	31	1.600370	0.416038	1.479950	3.496358
86	32	1.600370	0.464078	2.115520	4.179968
86	33	1.600370	0.440265	1.720345	3.760980
86	34	1.600370	0.438732	1.811058	3.850160
86	35	1.600370	0.442793	1.745427	3.788590
86	36	1.600370	0.352120	0.845721	2.798210
86	37	1.600370	0.446545	1.782657	3.829572
86	38	1.600370	0.448849	1.805516	3.854734
86	39	1.600370	0.419238	1.511705	3.531313
86	40	1.600370	0.410533	1.425325	3.436227
86	41	1.600370	0.393687	1.258170	3.252227
86	42	1.600370	0.475720	2.072148	4.148238
86	43	1.600370	0.425311	1.571965	3.597646
86	44	1.600370	0.410660	1.426587	3.437617
86	45	1.600370	0.426351	1.582287	3.609008
86	46	1.600370	0.407348	1.393721	3.401439
86	47	1.600370	0.394180	1.263065	3.257615
86	48	1.600370	0.394370	1.264955	3.259695
86	49	1.600370	0.408770	1.407834	3.416974
86	50	1.600370	0.454823	1.864797	3.919990
86	51	1.600370	0.479795	2.165542	4.245707
86	52	1.600370	0.402280	1.343442	3.346092
86	53	1.600370	0.456765	1.884064	3.941199
86	54	1.600370	0.387639	1.198165	3.186174
86	55	1.600370	0.414506	1.464752	3.479628
86	56	1.600370	0.453218	1.848873	3.902461
86	57	1.600370	0.452212	1.891850	3.944431
86	58	1.600370	0.394916	1.270369	3.265655
86	59	1.600370	0.352120	0.845721	2.798210
86	60	1.600370	0.393687	1.258170	3.252227
86	61	1.600370	0.372440	1.047351	3.020161
86	62	1.600370	0.406571	1.386014	3.392954
86	63	1.600370	0.372440	1.047351	3.020161
86	64	1.600370	0.436186	1.679872	3.716429
86	65	1.600370	0.396247	1.283578	3.280195
86	66	1.600370	0.412045	1.440331	3.452746
86	67	1.600370	0.416038	1.479950	3.496358
86	68	1.600370	0.419512	1.514422	3.534304
86	69	1.600370	0.486295	2.177077	4.263741
86	70	1.600370	0.425311	1.571965	3.597646
86	71	1.600370	0.422453	1.543606	3.566429
86	72	1.600370	0.448377	1.800831	3.849577
86	73	1.600370	0.419238	1.511705	3.531313
86	74	1.600370	0.404506	1.365527	3.370403
86	75	1.600370	0.414106	1.460784	3.475260
86	76	1.600370	0.320744	1.381813	3.302926
86	77	1.600370	0.444777	1.765118	3.810265
86	78	1.600370	0.444777	1.765118	3.810265
86	79	1.600370	0.401263	1.333347	3.334980
86	80	1.600370	0.393719	1.788124	3.782212
86	81	1.600370	0.369132	1.014528	2.984030
86	82	1.600370	0.486295	2.177077	4.263741
86	83	1.600370	0.408770	1.407834	3.416974
86	84	1.600370	0.429002	1.608582	3.637954
86	85	1.600370	0.426351	1.582287	3.609008
86	86	1.600370	0.517378	2.485493	4.603241
86	87	1.600370	0.448377	1.800831	3.849577
86	88	1.600370	0.410660	1.426587	3.437617
86	89	1.600370	0.402280	1.343442	3.346092
86	90	1.600370	0.424139	1.560329	3.584837
86	91	1.600370	0.412045	1.440331	3.452746
86	92	1.600370	0.425378	1.837446	3.863194
86	93	1.600370	0.426916	1.587884	3.615170
86	94	1.600370	0.424094	1.559884	3.584348
86	95	1.600370	0.442543	1.742942	3.785854
86	96	1.600370	0.454579	1.862371	3.917320
86	97	1.600370	0.399225	1.313121	3.312716
86	98	1.600370	0.410533	1.425325	3.436227
86	99	1.600370	0.404506	1.365527	3.370403
87	0	1.573821	0.398252	1.303469	3.275542
87	1	1.573821	0.457893	1.895254	3.926967
87	2	1.573821	0.500289	2.368900	4.443010
87	3	1.573821	0.402004	1.711447	3.687272
87	4	1.573821	0.504406	2.356782	4.435009
87	5	1.573821	0.421399	1.533141	3.528360
87	6	1.573821	0.451528	1.832103	3.857452
87	7	1.573821	0.410637	1.426362	3.410820
87	8	1.573821	0.380197	1.600993	3.555011
87	9	1.573821	0.454520	1.861789	3.890130
87	10	1.573821	0.422306	1.542150	3.538277
87	11	1.573821	0.370537	1.028464	2.972822
87	12	1.573821	0.452276	1.839521	3.865618
87	13	1.573821	0.415622	1.475822	3.465265
87	14	1.573821	0.353515	0.859564	2.786899
87	15	1.573821	0.426606	1.584808	3.585234
87	16	1.573821	0.454191	1.858523	3.886535
87	17	1.573821	0.383314	1.155246	3.112381
87	18	1.573821	0.406977	1.390042	3.370840
87	19	1.573821	0.404158	1.362071	3.340050
87	20	1.573821	0.413406	1.453831	3.441058
87	21	1.573821	0.447640	1.793526	3.814987
87	22	1.573821	0.447940	1.955387	3.977147
87	23	1.573821	0.436950	1.687445	3.698216
87	24	1.573821	0.470843	2.023751	4.068414
87	25	1.573821	0.428293	1.601549	3.603663
87	26	1.573821	0.454749	1.864063	3.892633
87	27	1.573821	0.402004	1.711447	3.687272
87	28	1.573821	0.457893	1.895254	3.926967
87	29	1.573821	0.421399	1.533141	3.528360
87	30	1.573821	0.452670	1.843432	3.869922
87	31	1.573821	0.437253	1.690453	3.701527
87	32	1.573821	0.429758	1.616084	3.619662
87	33	1.573821	0.497112	2.284404	4.355336
87	34	1.573821	0.444043	1.757829	3.775692
87	35	1.573821	0.399459	1.315450	3.288730
87	36	1.573821	0.368224	1.005521	2.947566
87	37	1.573821	0.443649	1.753919	3.771388
87	38	1.573821	0.437610	1.694004	3.705435
87	39	1.573821	0.447640	1.793526	3.814987
87	40	1.573821	0.422945	1.548485	3.545251
87	41	1.573821	0.405497	1.375355	3.354673
87	42	1.573821	0.404226	1.362747	3.340793
87	43	1.573821	0.422337	1.542455	3.538612
87	44	1.573821	0.447640	1.793526	3.814987
87	45	1.573821	0.406977	1.390042	3.370840
87	46	1.573821	0.423525	1.554236	3.551581
87	47	1.573821	0.357306	0.897180	2.828307
87	48	1.573821	0.357306	0.897180	2.828307
87	49	1.573821	0.461417	1.930228	3.965466
87	50	1.573821	0.500289	2.368900	4.443010
87	51	1.573821	0.436155	1.679567	3.689543
87	52	1.573821	0.381050	1.132784	3.087655
87	53	1.573821	0.416785	1.487361	3.477967
87	54	1.573821	0.368224	1.005521	2.947566
87	55	1.573821	0.416785	1.487361	3.477967
87	56	1.573821	0.368224	1.005521	2.947566
87	57	1.573821	0.404226	1.362747	3.340793
87	58	1.573821	0.452276	1.839521	3.865618
87	59	1.573821	0.389754	1.219149	3.182723
87	60	1.573821	0.415622	1.475822	3.465265
87	61	1.573821	0.460439	1.973486	4.007746
87	62	1.573821	0.437610	1.694004	3.705435
87	63	1.573821	0.492193	2.288562	4.354575
87	64	1.573821	0.404158	1.362071	3.340050
87	65	1.573821	0.416785	1.487361	3.477967
87	66	1.573821	0.449932	1.816262	3.840015
87	67	1.573821	0.429758	1.616084	3.619662
87	68	1.573821	0.443649	1.753919	3.771388
87	69	1.573821	0.445403	1.771322	3.790545
87	70	1.573821	0.437610	1.694004	3.705435
87	71	1.573821	0.457893	1.895254	3.926967
87	72	1.573821	0.402775	1.348344	3.324939
87	73	1.573821	0.436845	1.686408	3.697074
87	74	1.573821	0.497112	2.284404	4.355336
87	75	1.573821	0.426606	1.584808	3.585234
87	76	1.573821	0.436845	1.686408	3.697074
87	77	1.573821	0.454191	1.858523	3.886535
87	78	1.573821	0.395561	1.276771	3.246153
87	79	1.573821	0.422183	1.540921	3.536925
87	80	1.573821	0.444043	1.757829	3.775692
87	81	1.573821	0.492193	2.288562	4.354575
87	82	1.573821	0.462036	1.936364	3.972221
87	83	1.573821	0.500289	2.368900	4.443010
87	84	1.573821	0.410637	1.426362	3.410820
87	85	1.573821	0.404755	1.367996	3.346572
87	86	1.573821	0.375994	1.082616	3.032431
87	87	1.573821	0.440762	1.725278	3.739861
87	88	1.573821	0.481932	2.133785	4.189538
87	89	1.573821	0.403432	1.354868	3.332120
87	90	1.573821	0.414729	1.466960	3.455510
87	91	1.573821	0.404755	1.367996	3.346572
87	92	1.573821	0.441835	1.735918	3.751574
87	93	1.573821	0.395561	1.276771	3.246153
87	94	1.573821	0.437610	1.694004	3.705435
87	95	1.573821	0.361950	0.943265	2.879036
87	96	1.573821	0.383314	1.155246	3.112381
87	97	1.573821	0.468714	2.002624	4.045158
87	98	1.573821	0.428293	1.601549	3.603663
87	99	1.573821	0.469068	2.006141	4.049029
88	0	1.586522	0.398186	1.567630	3.552338
88	1	1.586522	0.462303	1.939018	3.987844
88	2	1.586522	0.381786	1.140083	3.108390
88	3	1.586522	0.430875	1.627170	3.644567
88	4	1.586522	0.384959	1.171567	3.143048
88	5	1.586522	0.439566	1.713411	3.739500
88	6	1.586522	0.494354	2.257040	4.337916
88	7	1.586522	0.465217	2.126818	4.178557
88	8	1.586522	0.391434	1.235818	3.213774
88	9	1.586522	0.411691	1.436817	3.435030
88	10	1.586522	0.418585	1.505226	3.510333
88	11	1.586522	0.384959	1.171567	3.143048
88	12	1.586522	0.397219	1.293215	3.276956
88	13	1.586522	0.384959	1.171567	3.143048
88	14	1.586522	0.448879	1.911739	3.947140
88	15	1.586522	0.391967	1.241102	3.219591
88	16	1.586522	0.460580	1.921920	3.969022
88	17	1.586522	0.417999	1.870151	3.874672
88	18	1.586522	0.433184	1.650080	3.669786
88	19	1.586522	0.446995	1.787125	3.820643
88	20	1.586522	0.391434	1.235818	3.213774
88	21	1.586522	0.420437	1.523595	3.530554
88	22	1.586522	0.458173	1.898033	3.942728
88	23	1.586522	0.395091	1.272104	3.253718
88	24	1.586522	0.397422	1.295236	3.279181
88	25	1.586522	0.410997	1.429933	3.427452
88	26	1.586522	0.395349	1.274665	3.256536
88	27	1.586522	0.446995	1.787125	3.820643
88	28	1.586522	0.420562	1.524844	3.531928
88	29	1.586522	0.381786	1.140083	3.108390
88	30	1.586522	0.390662	1.228160	3.205345
88	31	1.586522	0.470041	2.015799	4.072362
88	32	1.586522	0.384448	1.166496	3.137466
88	33	1.586522	0.418169	1.501096	3.505788
88	34	1.586522	0.332639	1.446876	3.366037
88	35	1.586522	0.361251	0.936329	2.884102
88	36	1.586522	0.395091	1.272104	3.253718
88	37	1.586522	0.407539	1.713400	3.707461
88	38	1.586522	0.429280	1.611345	3.627148
88	39	1.586522	0.417452	1.917689	3.921663
88	40	1.586522	0.447965	1.796750	3.831237
88	41	1.586522	0.395091	1.272104	3.253718
88	42	1.586522	0.421980	1.538912	3.547415
88	43	1.586522	0.455251	1.869041	3.910815
88	44	1.586522	0.397422	1.295236	3.279181
88	45	1.586522	0.395091	1.272104	3.253718
88	46	1.586522	0.397219	1.293215	3.276956
88	47	1.586522	0.407229	1.392540	3.386291
88	48	1.586522	0.446995	1.787125	3.820643
88	49	1.586522	0.416580	1.485329	3.488432
88	50	1.586522	0.406313	1.383456	3.376292
88	51	1.586522	0.401771	1.338386	3.326679
88	52	1.586522	0.450527	1.822165	3.859214
88	53	1.586522	0.436993	1.687879	3.711395
88	54	1.586522	0.436915	1.687107	3.710545
88	55	1.586522	0.510996	2.422169	4.519687
88	56	1.586522	0.451313	1.829968	3.867804
88	57	1.586522	0.420562	1.524844	3.531928
88	58	1.586522	0.381786	1.140083	3.108390
88	59	1.586522	0.381786	1.140083	3.108390
88	60	1.586522	0.395091	1.272104	3.253718
88	61	1.586522	0.430761	1.626041	3.643325
88	62	1.586522	0.422270	1.541785	3.550577
88	63	1.586522	0.374051	1.063338	3.023911
88	64	1.586522	0.422270	1.541785	3.550577
88	65	1.586522	0.448534	1.802395	3.837451
88	66	1.586522	0.390662	1.228160	3.205345
88	67	1.586522	0.414072	1.460439	3.461033
88	68	1.586522	0.455251	1.869041	3.910815
88	69	1.586522	0.384448	1.166496	3.137466
88	70	1.586522	0.447882	1.795927	3.830331
88	71	1.586522	0.450015	1.817084	3.853621
88	72	1.586522	0.417999	1.870151	3.874672
88	73	1.586522	0.384959	1.171567	3.143048
88	74	1.586522	0.494354	2.257040	4.337916
88	75	1.586522	0.447189	1.789042	3.822753
88	76	1.586522	0.422270	1.541785	3.550577
88	77	1.586522	0.401771	1.338386	3.326679
88	78	1.586522	0.383014	1.523015	3.492551
88	79	1.586522	0.420562	1.524844	3.531928
88	80	1.586522	0.427878	1.597435	3.611836
88	81	1.586522	0.406313	1.383456	3.376292
88	82	1.586522	0.420276	1.521998	3.528796
88	83	1.586522	0.448936	1.806377	3.841835
88	84	1.586522	0.397422	1.295236	3.279181
88	85	1.586522	0.407239	1.392646	3.386408
88	86	1.586522	0.391967	1.241102	3.219591
88	87	1.586522	0.469534	2.010767	4.066824
88	88	1.586522	0.384448	1.166496	3.137466
88	89	1.586522	0.462303	1.939018	3.987844
88	90	1.586522	0.418169	1.501096	3.505788
88	91	1.586522	0.436993	1.687879	3.711395
88	92	1.586522	0.394116	1.262431	3.243069
88	93	1.586522	0.372582	1.048763	3.007868
88	94	1.586522	0.372582	1.048763	3.007868
88	95	1.586522	0.465706	1.972786	4.025015
88	96	1.586522	0.469534	2.010767	4.066824
88	97	1.586522	0.372582	1.048763	3.007868
88	98	1.586522	0.400931	1.647835	3.635289
88	99	1.586522	0.447882	1.795927	3.830331
89	0	1.542616	0.441684	1.734422	3.718722
89	1	1.542616	0.427849	1.808999	3.779464
89	2	1.542616	0.444462	1.761992	3.749071
89	3	1.542616	0.387015	1.721603	3.651234
89	4	1.542616	0.431754	1.635893	3.610263
89	5	1.542616	0.404541	1.365877	3.313034
89	6	1.542616	0.449315	1.810141	3.802073
89	7	1.542616	0.358006	0.904131	2.804753
89	8	1.542616	0.393069	1.252041	3.187726
89	9	1.542616	0.422468	1.543756	3.508840
89	10	1.542616	0.436505	1.683037	3.662159
89	11	1.542616	0.479348	2.108141	4.130105
89	12	1.542616	0.407864	1.398849	3.349330
89	13	1.542616	0.420416	1.523396	3.486429
89	14	1.542616	0.411308	1.433022	3.386946
89	15	1.542616	0.402212	1.342766	3.287595
89	16	1.542616	0.455541	1.871924	3.870082
89	17	1.542616	0.439225	1.710023	3.691864
89	18	1.542616	0.412898	1.448789	3.404303
89	19	1.542616	0.464875	1.964534	3.972025
89	20	1.542616	0.358006	0.904131	2.804753
89	21	1.542616	0.406790	1.388185	3.337591
89	22	1.542616	0.404541	1.365877	3.313034
89	23	1.542616	0.417541	1.494868	3.455026
89	24	1.542616	0.448334	1.853368	3.844318
89	25	1.542616	0.406790	1.388185	3.337591
89	26	1.542616	0.444462	1.761992	3.749071
89	27	1.542616	0.450199	1.818912	3.811728
89	28	1.542616	0.357172	0.895855	2.795643
89	29	1.542616	0.454646	1.863040	3.860303
89	30	1.542616	0.417541	1.494868	3.455026
89	31	1.542616	0.456492	1.934317	3.933425
89	32	1.542616	0.455662	1.873123	3.871402
89	33	1.542616	0.417578	1.495236	3.455430
89	34	1.542616	0.422468	1.543756	3.508840
89	35	1.542616	0.458348	1.899768	3.900732
89	36	1.542616	0.357172	0.895855	2.795643
89	37	1.542616	0.390874	1.230262	3.163753
89	38	1.542616	0.374694	1.069711	2.987021
89	39	1.542616	0.502702	2.339870	4.385188
89	40	1.542616	0.372358	1.046541	2.961516
89	41	1.542616	0.516228	2.474083	4.532927
89	42	1.542616	0.407263	1.392876	3.342755
89	43	1.542616	0.422468	1.543756	3.508840
89	44	1.542616	0.408196	1.402140	3.352952
89	45	1.542616	0.449315	1.810141	3.802073
89	46	1.542616	0.419637	1.515665	3.477918
89	47	1.542616	0.453581	1.852474	3.848672
89	48	1.542616	0.458348	1.899768	3.900732
89	49	1.542616	0.411308	1.433022	3.386946
89	50	1.542616	0.455662	1.873123	3.871402
89	51	1.542616	0.400727	1.328031	3.271375
89	52	1.542616	0.400424	1.325025	3.268066
89	53	1.542616	0.402212	1.342766	3.287595
89	54	1.542616	0.456155	1.878014	3.876786
89	55	1.542616	0.467288	1.988480	3.998384
89	56	1.542616	0.420416	1.523396	3.486429
89	57	1.542616	0.448290	1.799968	3.790875
89	58	1.542616	0.453581	1.852474	3.848672
89	59	1.542616	0.441684	1.734422	3.718722
89	60	1.542616	0.408196	1.402140	3.352952
89	61	1.542616	0.455662	1.873123	3.871402
89	62	1.542616	0.406790	1.388185	3.337591
89	63	1.542616	0.416998	1.489479	3.449094
89	64	1.542616	0.456155	1.878014	3.876786
89	65	1.542616	0.357172	0.895855	2.795643
89	66	1.542616	0.485432	2.274439	4.302488
89	67	1.542616	0.479348	2.108141	4.130105
89	68	1.542616	0.458348	1.899768	3.900732
89	69	1.542616	0.358006	0.904131	2.804753
89	70	1.542616	0.390874	1.230262	3.163753
89	71	1.542616	0.490160	2.215431	4.248208
89	72	1.542616	0.441684	1.734422	3.718722
89	73	1.542616	0.408196	1.402140	3.352952
89	74	1.542616	0.448290	1.799968	3.790875
89	75	1.542616	0.444213	1.759521	3.746351
89	76	1.542616	0.400424	1.325025	3.268066
89	77	1.542616	0.431754	1.635893	3.610263
89	78	1.542616	0.455792	1.874409	3.872817
89	79	1.542616	0.458348	1.899768	3.900732
89	80	1.542616	0.480878	2.123325	4.146819
89	81	1.542616	0.393069	1.252041	3.187726
89	82	1.542616	0.428766	1.606242	3.577624
89	83	1.542616	0.439225	1.710023	3.691864
89	84	1.542616	0.430998	1.893208	3.866822
89	85	1.542616	0.404541	1.365877	3.313034
89	86	1.542616	0.422468	1.543756	3.508840
89	87	1.542616	0.523743	2.548658	4.615017
89	88	1.542616	0.456155	1.878014	3.876786
89	89	1.542616	0.428766	1.606242	3.577624
89	90	1.542616	0.490831	2.222087	4.255535
89	91	1.542616	0.455662	1.873123	3.871402
89	92	1.542616	0.412898	1.448789	3.404303
89	93	1.542616	0.490831	2.222087	4.255535
89	94	1.542616	0.445291	1.770210	3.758117
89	95	1.542616	0.400727	1.328031	3.271375
89	96	1.542616	0.361476	1.468196	3.372288
89	97	1.542616	0.372358	1.046541	2.961516
89	98	1.542616	0.321508	1.283469	3.147593
89	99	1.542616	0.441684	1.734422	3.718722
90	0	1.592913	0.400035	1.321165	3.314114
90	1	1.592913	0.489336	2.207249	4.289498
90	2	1.592913	0.418301	1.502408	3.513622
90	3	1.592913	0.444873	1.766064	3.803849
90	4	1.592913	0.407114	1.391405	3.391432
90	5	1.592913	0.446648	1.783677	3.823238
90	6	1.592913	0.414042	1.460145	3.467099
90	7	1.592913	0.441685	1.734430	3.769028
90	8	1.592913	0.410976	1.747502	3.751391
90	9	1.592913	0.434446	1.662603	3.689962
90	10	1.592913	0.408198	1.402162	3.403273
90	11	1.592913	0.431375	1.632135	3.656423
90	12	1.592913	0.489336	2.207249	4.289498
90	13	1.592913	0.446367	1.780887	3.820167
90	14	1.592913	0.463953	1.955383	4.012248
90	15	1.592913	0.414042	1.460145	3.467099
90	16	1.592913	0.399716	1.317995	3.310624
90	17	1.592913	0.452546	1.842199	3.887658
90	18	1.592913	0.439315	1.710912	3.743140
90	19	1.592913	0.441685	1.734430	3.769028
90	20	1.592913	0.461980	2.041735	4.096627
90	21	1.592913	0.407114	1.391405	3.391432
90	22	1.592913	0.476218	2.130046	4.199177
90	23	1.592913	0.485145	2.165668	4.243726
90	24	1.592913	0.483913	2.153444	4.230271
90	25	1.592913	0.472295	2.038160	4.103368
90	26	1.592913	0.444873	1.766064	3.803849
90	27	1.592913	0.450983	1.826693	3.870589
90	28	1.592913	0.425114	1.570005	3.588032
90	29	1.592913	0.411734	1.437240	3.441886
90	30	1.592913	0.424781	1.566706	3.584400
90	31	1.592913	0.409972	1.419758	3.422642
90	32	1.592913	0.483913	2.153444	4.230271
90	33	1.592913	0.401589	1.336582	3.331084
90	34	1.592913	0.442570	1.743215	3.778698
90	35	1.592913	0.434085	1.659024	3.686022
90	36	1.592913	0.419985	1.519117	3.532015
90	37	1.592913	0.403753	1.358051	3.354716
90	38	1.592913	0.408198	1.402162	3.403273
90	39	1.592913	0.371921	1.042196	3.007029
90	40	1.592913	0.371921	1.042196	3.007029
90	41	1.592913	0.410271	1.422723	3.425906
90	42	1.592913	0.375306	1.711355	3.679574
90	43	1.592913	0.431523	1.633600	3.658036
90	44	1.592913	0.460631	1.922421	3.975965
90	45	1.592913	0.403753	1.358051	3.354716
90	46	1.592913	0.387420	1.195992	3.176325
90	47	1.592913	0.473163	2.046772	4.112847
90	48	1.592913	0.460121	1.917363	3.970396
90	49	1.592913	0.402471	1.345331	3.340714
90	50	1.592913	0.411734	1.437240	3.441886
90	51	1.592913	0.411424	1.804919	3.809256
90	52	1.592913	0.375499	1.077703	3.046114
90	53	1.592913	0.464458	1.960397	4.017768
90	54	1.592913	0.429209	1.610639	3.632760
90	55	1.592913	0.473163	2.046772	4.112847
90	56	1.592913	0.447319	1.790335	3.830567
90	57	1.592913	0.410343	1.423441	3.426697
90	58	1.592913	0.431375	1.632135	3.656423
90	59	1.592913	0.400035	1.321165	3.314114
90	60	1.592913	0.408198	1.402162	3.403273
90	61	1.592913	0.429209	1.610639	3.632760
90	62	1.592913	0.459535	1.911549	3.963996
90	63	1.592913	0.452546	1.842199	3.887658
90	64	1.592913	0.456177	1.878226	3.927315
90	65	1.592913	0.396603	1.287105	3.276620
90	66	1.592913	0.418161	1.501014	3.512088
90	67	1.592913	0.450983	1.826693	3.870589
90	68	1.592913	0.447202	1.789175	3.829290
90	69	1.592913	0.402471	1.345331	3.340714
90	70	1.592913	0.431523	1.633600	3.658036
90	71	1.592913	0.464458	1.960397	4.017768
90	72	1.592913	0.447202	1.789175	3.829290
90	73	1.592913	0.402640	1.347006	3.342558
90	74	1.592913	0.358562	0.909647	2.861122
90	75	1.592913	0.358562	0.909647	2.861122
90	76	1.592913	0.396603	1.287105	3.276620
90	77	1.592913	0.352789	0.852364	2.798066
90	78	1.592913	0.442570	1.743215	3.778698
90	79	1.592913	0.462004	1.936044	3.990960
90	80	1.592913	0.402471	1.345331	3.340714
90	81	1.592913	0.410271	1.422723	3.425906
90	82	1.592913	0.387420	1.195992	3.176325
90	83	1.592913	0.419985	1.519117	3.532015
90	84	1.592913	0.388872	1.210401	3.192186
90	85	1.592913	0.460631	1.922421	3.975965
90	86	1.592913	0.434817	1.772210	3.799939
90	87	1.592913	0.439315	1.710912	3.743140
90	88	1.592913	0.460631	1.922421	3.975965
90	89	1.592913	0.418161	1.501014	3.512088
90	90	1.592913	0.447319	1.790335	3.830567
90	91	1.592913	0.388872	1.210401	3.192186
90	92	1.592913	0.425114	1.570005	3.588032
90	93	1.592913	0.434446	1.662603	3.689962
90	94	1.592913	0.464458	1.960397	4.017768
90	95	1.592913	0.452842	1.951069	3.996824
90	96	1.592913	0.405241	1.690598	3.688752
90	97	1.592913	0.403753	1.358051	3.354716
90	98	1.592913	0.352789	0.852364	2.798066
90	99	1.592913	0.436931	1.846156	3.876001
91	0	1.515913	0.471158	2.026875	4.013945
91	1	1.515913	0.422996	1.548989	3.487898
91	2	1.515913	0.410325	1.423263	3.349501
91	3	1.515913	0.406715	1.387443	3.310071
91	4	1.515913	0.451213	1.828972	3.796097
91	5	1.515913	0.478578	2.100500	4.094990
91	6	1.515913	0.444541	1.762776	3.723229
91	7	1.515913	0.406460	1.384916	3.307289
91	8	1.515913	0.415940	1.478977	3.410829
91	9	1.515913	0.358709	0.911099	2.785720
91	10	1.515913	0.454651	1.863090	3.833654
91	11	1.515913	0.454651	1.863090	3.833654
91	12	1.515913	0.410560	1.690413	3.616886
91	13	1.515913	0.367191	0.995267	2.878371
91	14	1.515913	0.459569	1.911888	3.887370
91	15	1.515913	0.459569	1.911888	3.887370
91	16	1.515913	0.463531	1.951202	3.930646
91	17	1.515913	0.346130	1.368888	3.230930
91	18	1.515913	0.462118	1.937184	3.915215
91	19	1.515913	0.471879	2.139965	4.127757
91	20	1.515913	0.384448	1.749103	3.649464
91	21	1.515913	0.444034	1.757737	3.717683
91	22	1.515913	0.444034	1.757737	3.717683
91	23	1.515913	0.441255	1.730166	3.687333
91	24	1.515913	0.423625	1.555233	3.494771
91	25	1.515913	0.380002	1.122383	3.018297
91	26	1.515913	0.410973	1.429694	3.356580
91	27	1.515913	0.430932	1.627735	3.574580
91	28	1.515913	0.404293	1.628229	3.548435
91	29	1.515913	0.459406	1.910272	3.885591
91	30	1.515913	0.471158	2.026875	4.013945
91	31	1.515913	0.418093	1.500346	3.434352
91	32	1.515913	0.508559	2.450951	4.475422
91	33	1.515913	0.435432	1.672391	3.623736
91	34	1.515913	0.419686	1.516148	3.451746
91	35	1.515913	0.380474	1.127069	3.023456
91	36	1.515913	0.452280	1.839562	3.807754
91	37	1.515913	0.384897	1.700593	3.601403
91	38	1.515913	0.411262	1.432559	3.359733
91	39	1.515913	0.459406	1.910272	3.885591
91	40	1.515913	0.440881	1.726459	3.683253
91	41	1.515913	0.444541	1.762776	3.723229
91	42	1.515913	0.441864	1.736211	3.693988
91	43	1.515913	0.406715	1.387443	3.310071
91	44	1.515913	0.472004	2.035272	4.023188
91	45	1.515913	0.458195	1.898253	3.872360
91	46	1.515913	0.440485	1.722527	3.678925
91	47	1.515913	0.463531	1.951202	3.930646
91	48	1.515913	0.461478	1.930827	3.908218
91	49	1.515913	0.440485	1.722527	3.678925
91	50	1.515913	0.452775	1.844477	3.813165
91	51	1.515913	0.459597	1.912170	3.887680
91	52	1.515913	0.444150	1.758891	3.718953
91	53	1.515913	0.406715	1.387443	3.310071
91	54	1.515913	0.503822	2.350992	4.370727
91	55	1.515913	0.440881	1.726459	3.683253
91	56	1.515913	0.440485	1.722527	3.678925
91	57	1.515913	0.415940	1.478977	3.410829
91	58	1.515913	0.452775	1.844477	3.813165
91	59	1.515913	0.426114	1.579926	3.521952
91	60	1.515913	0.417529	1.494750	3.428192
91	61	1.515913	0.406715	1.387443	3.310071
91	62	1.515913	0.411262	1.432559	3.359733
91	63	1.515913	0.451213	1.828972	3.796097
91	64	1.515913	0.471919	2.034433	4.022265
91	65	1.515913	0.452775	1.844477	3.813165
91	66	1.515913	0.443006	1.747538	3.706457
91	67	1.515913	0.432545	1.643740	3.592198
91	68	1.515913	0.408281	1.402978	3.327171
91	69	1.515913	0.423625	1.555233	3.494771
91	70	1.515913	0.444034	1.757737	3.717683
91	71	1.515913	0.422996	1.548989	3.487898
91	72	1.515913	0.440881	1.726459	3.683253
91	73	1.515913	0.415940	1.478977	3.410829
91	74	1.515913	0.503822	2.350992	4.370727
91	75	1.515913	0.462118	1.937184	3.915215
91	76	1.515913	0.411262	1.432559	3.359733
91	77	1.515913	0.358709	0.911099	2.785720
91	78	1.515913	0.443167	1.749141	3.708221
91	79	1.515913	0.404852	1.368958	3.289723
91	80	1.515913	0.471158	2.026875	4.013945
91	81	1.515913	0.420928	1.528469	3.465309
91	82	1.515913	0.529226	2.603060	4.648199
91	83	1.515913	0.461478	1.930827	3.908218
91	84	1.515913	0.467852	1.994076	3.977841
91	85	1.515913	0.504069	2.353436	4.373417
91	86	1.515913	0.452280	1.839562	3.807754
91	87	1.515913	0.462118	1.937184	3.915215
91	88	1.515913	0.319751	1.371966	3.207630
91	89	1.515913	0.472004	2.035272	4.023188
91	90	1.515913	0.380002	1.122383	3.018297
91	91	1.515913	0.459597	1.912170	3.887680
91	92	1.515913	0.458770	1.903956	3.878638
91	93	1.515913	0.447327	1.790416	3.753655
91	94	1.515913	0.471919	2.034433	4.022265
91	95	1.515913	0.405209	1.637314	3.558435
91	96	1.515913	0.437016	1.794029	3.746957
91	97	1.515913	0.447327	1.790416	3.753655
91	98	1.515913	0.380002	1.122383	3.018297
91	99	1.515913	0.458770	1.903956	3.878638
92	0	1.618355	0.441493	1.732525	3.792372
92	1	1.618355	0.387486	1.196646	3.202486
92	2	1.618355	0.447059	1.787759	3.853173
92	3	1.618355	0.391880	1.240245	3.250480
92	4	1.618355	0.360229	0.926185	2.904768
92	5	1.618355	0.390149	1.223066	3.231569
92	6	1.618355	0.451563	1.832450	3.902368
92	7	1.618355	0.437080	1.688739	3.744174
92	8	1.618355	0.449815	1.815100	3.883269
92	9	1.618355	0.436957	1.687519	3.742831
92	10	1.618355	0.421946	1.538568	3.578868
92	11	1.618355	0.461656	1.932596	4.012607
92	12	1.618355	0.451563	1.832450	3.902368
92	13	1.618355	0.443478	1.964075	4.025907
92	14	1.618355	0.428675	1.605343	3.652372
92	15	1.618355	0.449815	1.815100	3.883269
92	16	1.618355	0.381416	1.136417	3.136188
92	17	1.618355	0.432023	1.638562	3.688940
92	18	1.618355	0.403982	1.360323	3.382660
92	19	1.618355	0.409264	1.412741	3.440360
92	20	1.618355	0.402620	1.346811	3.367785
92	21	1.618355	0.409264	1.412741	3.440360
92	22	1.618355	0.403581	1.356350	3.378286
92	23	1.618355	0.390149	1.223066	3.231569
92	24	1.618355	0.369292	1.016114	3.003760
92	25	1.618355	0.435483	1.672891	3.726729
92	26	1.618355	0.439622	1.713964	3.771940
92	27	1.618355	0.424320	1.562126	3.604800
92	28	1.618355	0.383329	1.155401	3.157085
92	29	1.618355	0.437080	1.688739	3.744174
92	30	1.618355	0.421946	1.538568	3.578868
92	31	1.618355	0.465923	2.080859	4.165136
92	32	1.618355	0.418415	1.503532	3.540301
92	33	1.618355	0.475918	2.074110	4.168383
92	34	1.618355	0.441011	1.727745	3.787111
92	35	1.618355	0.413761	1.457362	3.489478
92	36	1.618355	0.402405	1.344674	3.365433
92	37	1.618355	0.396106	1.282175	3.296635
92	38	1.618355	0.450437	1.821277	3.890068
92	39	1.618355	0.433720	1.655397	3.707471
92	40	1.618355	0.383864	1.160703	3.162921
92	41	1.618355	0.479343	2.266989	4.364686
92	42	1.618355	0.396530	1.286378	3.301263
92	43	1.618355	0.412536	1.445206	3.476097
92	44	1.618355	0.475030	2.171223	4.264608
92	45	1.618355	0.425455	1.573394	3.617204
92	46	1.618355	0.424320	1.562126	3.604800
92	47	1.618355	0.441011	1.727745	3.787111
92	48	1.618355	0.444729	1.764636	3.827719
92	49	1.618355	0.450437	1.821277	3.890068
92	50	1.618355	0.383329	1.155401	3.157085
92	51	1.618355	0.436715	1.685117	3.740187
92	52	1.618355	0.450929	1.932080	4.001363
92	53	1.618355	0.418431	1.503698	3.540483
92	54	1.618355	0.441011	1.727745	3.787111
92	55	1.618355	0.410957	1.747316	3.776627
92	56	1.618355	0.443478	1.964075	4.025907
92	57	1.618355	0.401870	1.339371	3.359595
92	58	1.618355	0.422891	1.547949	3.589194
92	59	1.618355	0.449077	1.807785	3.875217
92	60	1.618355	0.447728	1.794396	3.860479
92	61	1.618355	0.354308	0.867431	2.840093
92	62	1.618355	0.390149	1.223066	3.231569
92	63	1.618355	0.376351	1.668753	3.663458
92	64	1.618355	0.450639	1.823280	3.892273
92	65	1.618355	0.354308	0.867431	2.840093
92	66	1.618355	0.432023	1.638562	3.688940
92	67	1.618355	0.381416	1.136417	3.136188
92	68	1.618355	0.461656	1.932596	4.012607
92	69	1.618355	0.394543	1.266664	3.279561
92	70	1.618355	0.413227	1.452063	3.483645
92	71	1.618355	0.354308	0.867431	2.840093
92	72	1.618355	0.354308	0.867431	2.840093
92	73	1.618355	0.402620	1.346811	3.367785
92	74	1.618355	0.412827	1.448093	3.479275
92	75	1.618355	0.451563	1.832450	3.902368
92	76	1.618355	0.406508	1.385390	3.410253
92	77	1.618355	0.386189	1.183777	3.188320
92	78	1.618355	0.396530	1.286378	3.301263
92	79	1.618355	0.401870	1.339371	3.359595
92	80	1.618355	0.433720	1.655397	3.707471
92	81	1.618355	0.456570	2.041023	4.115948
92	82	1.618355	0.386189	1.183777	3.188320
92	83	1.618355	0.437080	1.688739	3.744174
92	84	1.618355	0.397753	1.775191	3.791299
92	85	1.618355	0.441493	1.732525	3.792372
92	86	1.618355	0.461628	1.932321	4.012304
92	87	1.618355	0.416333	1.482875	3.517563
92	88	1.618355	0.450437	1.821277	3.890068
92	89	1.618355	0.464966	1.965441	4.048762
92	90	1.618355	0.402405	1.344674	3.365433
92	91	1.618355	0.427659	1.595256	3.641269
92	92	1.618355	0.427659	1.595256	3.641269
92	93	1.618355	0.406508	1.385390	3.410253
92	94	1.618355	0.401870	1.339371	3.359595
92	95	1.618355	0.424320	1.562126	3.604800
92	96	1.618355	0.387486	1.196646	3.202486
92	97	1.618355	0.429592	1.614442	3.662389
92	98	1.618355	0.416333	1.482875	3.517563
92	99	1.618355	0.441493	1.732525	3.792372
93	0	1.494701	0.455361	1.870129	3.820190
93	1	1.494701	0.487185	2.185908	4.167794
93	2	1.494701	0.426593	1.584686	3.505980
93	3	1.494701	0.455307	1.869593	3.819600
93	4	1.494701	0.384689	1.698523	3.577912
93	5	1.494701	0.428327	1.601890	3.524918
93	6	1.494701	0.476960	2.137411	4.109071
93	7	1.494701	0.426593	1.584686	3.505980
93	8	1.494701	0.409595	1.416017	3.320312
93	9	1.494701	0.442979	1.747272	3.684952
93	10	1.494701	0.409595	1.416017	3.320312
93	11	1.494701	0.432553	1.643821	3.571075
93	12	1.494701	0.389096	1.212623	3.096420
93	13	1.494701	0.439394	1.711698	3.645792
93	14	1.494701	0.447125	1.788411	3.730236
93	15	1.494701	0.428067	1.599307	3.522074
93	16	1.494701	0.422762	1.546672	3.464135
93	17	1.494701	0.429419	1.612726	3.536846
93	18	1.494701	0.471505	2.030322	3.996528
93	19	1.494701	0.371720	1.040207	2.906628
93	20	1.494701	0.421833	1.537448	3.453982
93	21	1.494701	0.401285	1.333561	3.229546
93	22	1.494701	0.367606	0.999382	2.861689
93	23	1.494701	0.455307	1.869593	3.819600
93	24	1.494701	0.455361	1.870129	3.820190
93	25	1.494701	0.410510	1.425094	3.330305
93	26	1.494701	0.410510	1.425094	3.330305
93	27	1.494701	0.362944	0.953125	2.810769
93	28	1.494701	0.417838	1.497807	3.410345
93	29	1.494701	0.408255	1.667541	3.570497
93	30	1.494701	0.438106	1.698922	3.631729
93	31	1.494701	0.487185	2.185908	4.167794
93	32	1.494701	0.485550	2.222643	4.202893
93	33	1.494701	0.367606	0.999382	2.861689
93	34	1.494701	0.362944	0.953125	2.810769
93	35	1.494701	0.459090	2.066025	4.019815
93	36	1.494701	0.431609	1.634455	3.560765
93	37	1.494701	0.403402	1.354569	3.252672
93	38	1.494701	0.423432	1.553314	3.471446
93	39	1.494701	0.387246	1.194263	3.076209
93	40	1.494701	0.413495	1.454718	3.362914
93	41	1.494701	0.434153	1.659698	3.588552
93	42	1.494701	0.418636	1.505728	3.419064
93	43	1.494701	0.423432	1.553314	3.471446
93	44	1.494701	0.450189	1.818810	3.763699
93	45	1.494701	0.477786	2.092644	4.065131
93	46	1.494701	0.353083	0.855275	2.703059
93	47	1.494701	0.362944	0.953125	2.810769
93	48	1.494701	0.353083	0.855275	2.703059
93	49	1.494701	0.431531	1.633685	3.559917
93	50	1.494701	0.514635	2.458278	4.467613
93	51	1.494701	0.415925	1.478826	3.389451
93	52	1.494701	0.403402	1.354569	3.252672
93	53	1.494701	0.362944	0.953125	2.810769
93	54	1.494701	0.352584	0.850324	2.697608
93	55	1.494701	0.413495	1.454718	3.362914
93	56	1.494701	0.443474	1.752182	3.690357
93	57	1.494701	0.367606	0.999382	2.861689
93	58	1.494701	0.369145	1.014655	2.878500
93	59	1.494701	0.476960	2.137411	4.109071
93	60	1.494701	0.432553	1.643821	3.571075
93	61	1.494701	0.426593	1.584686	3.505980
93	62	1.494701	0.486745	2.181540	4.162986
93	63	1.494701	0.447393	1.791068	3.733162
93	64	1.494701	0.415351	1.473136	3.383188
93	65	1.494701	0.387246	1.194263	3.076209
93	66	1.494701	0.442880	1.746296	3.683877
93	67	1.494701	0.449402	1.811000	3.755103
93	68	1.494701	0.447125	1.788411	3.730236
93	69	1.494701	0.391111	1.232615	3.118426
93	70	1.494701	0.413495	1.454718	3.362914
93	71	1.494701	0.413598	1.455742	3.364041
93	72	1.494701	0.459090	2.066025	4.019815
93	73	1.494701	0.498423	2.297417	4.290541
93	74	1.494701	0.396192	1.283032	3.173924
93	75	1.494701	0.466852	2.090079	4.051631
93	76	1.494701	0.367606	0.999382	2.861689
93	77	1.494701	0.472614	2.041330	4.008645
93	78	1.494701	0.443474	1.752182	3.690357
93	79	1.494701	0.391111	1.232615	3.118426
93	80	1.494701	0.472261	2.037825	4.004787
93	81	1.494701	0.449402	1.811000	3.755103
93	82	1.494701	0.415925	1.478826	3.389451
93	83	1.494701	0.367606	0.999382	2.861689
93	84	1.494701	0.447393	1.791068	3.733162
93	85	1.494701	0.371720	1.040207	2.906628
93	86	1.494701	0.439394	1.711698	3.645792
93	87	1.494701	0.431296	1.737273	3.663269
93	88	1.494701	0.409595	1.416017	3.320312
93	89	1.494701	0.431853	1.636877	3.563430
93	90	1.494701	0.443474	1.752182	3.690357
93	91	1.494701	0.353083	0.855275	2.703059
93	92	1.494701	0.431853	1.636877	3.563430
93	93	1.494701	0.442880	1.746296	3.683877
93	94	1.494701	0.415925	1.478826	3.389451
93	95	1.494701	0.445557	1.772850	3.713107
93	96	1.494701	0.428067	1.599307	3.522074
93	97	1.494701	0.410773	1.427704	3.333177
93	98	1.494701	0.371720	1.040207	2.906628
93	99	1.494701	0.413598	1.455742	3.364041
94	0	1.553809	0.371331	1.036347	2.961487
94	1	1.553809	0.421391	1.533062	3.508261
94	2	1.553809	0.420636	1.525574	3.500019
94	3	1.553809	0.385457	1.176511	3.115776
94	4	1.553809	0.421555	1.534691	3.510054
94	5	1.553809	0.378682	1.109290	3.041781
94	6	1.553809	0.472570	2.040887	4.067266
94	7	1.553809	0.434087	1.659039	3.646934
94	8	1.553809	0.428229	1.600916	3.582953
94	9	1.553809	0.386625	1.188096	3.128529
94	10	1.553809	0.355584	0.880095	2.789488
94	11	1.553809	0.355584	0.880095	2.789488
94	12	1.553809	0.394034	1.261616	3.209458
94	13	1.553809	0.467649	1.992065	4.013522
94	14	1.553809	0.389265	1.214300	3.157374
94	15	1.553809	0.440464	1.881206	3.875478
94	16	1.553809	0.386625	1.188096	3.128529
94	17	1.553809	0.422364	1.542717	3.518890
94	18	1.553809	0.371331	1.036347	2.961487
94	19	1.553809	0.348070	1.388135	3.290013
94	20	1.553809	0.423247	1.551483	3.528538
94	21	1.553809	0.419533	1.514633	3.487975
94	22	1.553809	0.355584	0.880095	2.789488
94	23	1.553809	0.478522	2.099951	4.132282
94	24	1.553809	0.461382	1.929872	3.945062
94	25	1.553809	0.413763	1.457375	3.424947
94	26	1.553809	0.434087	1.659039	3.646934
94	27	1.553809	0.490567	2.219468	4.263844
94	28	1.553809	0.444595	1.763303	3.761706
94	29	1.553809	0.437531	1.693213	3.684552
94	30	1.553809	0.352828	0.852745	2.759381
94	31	1.553809	0.406127	1.381611	3.341547
94	32	1.553809	0.426674	1.585486	3.565968
94	33	1.553809	0.422364	1.542717	3.518890
94	34	1.553809	0.400739	1.328142	3.282689
94	35	1.553809	0.412482	1.444669	3.410960
94	36	1.553809	0.389837	1.219972	3.163618
94	37	1.553809	0.359264	0.916616	2.829689
94	38	1.553809	0.389265	1.214300	3.157374
94	39	1.553809	0.371331	1.036347	2.961487
94	40	1.553809	0.343865	1.452338	3.350011
94	41	1.553809	0.492435	2.238000	4.284244
94	42	1.553809	0.459801	1.914188	3.927798
94	43	1.553809	0.409731	1.894046	3.857586
94	44	1.553809	0.465107	1.966837	3.985752
94	45	1.553809	0.409370	1.413791	3.376970
94	46	1.553809	0.386441	1.186278	3.126528
94	47	1.553809	0.408857	1.408696	3.371362
94	48	1.553809	0.386625	1.188096	3.128529
94	49	1.553809	0.459801	1.914188	3.927798
94	50	1.553809	0.454707	1.863648	3.872164
94	51	1.553809	0.412482	1.444669	3.410960
94	52	1.553809	0.475140	2.119353	4.148301
94	53	1.553809	0.422364	1.542717	3.518890
94	54	1.553809	0.423247	1.551483	3.528538
94	55	1.553809	0.413161	1.451408	3.418378
94	56	1.553809	0.455175	1.868284	3.877267
94	57	1.553809	0.461629	1.932327	3.947765
94	58	1.553809	0.440076	1.718465	3.712349
94	59	1.553809	0.374726	1.070030	2.998565
94	60	1.553809	0.419533	1.514633	3.487975
94	61	1.553809	0.412482	1.444669	3.410960
94	62	1.553809	0.438210	1.699952	3.691970
94	63	1.553809	0.413161	1.451408	3.418378
94	64	1.553809	0.449366	1.810649	3.813824
94	65	1.553809	0.457061	1.886999	3.897869
94	66	1.553809	0.448389	1.800956	3.803153
94	67	1.553809	0.444595	1.763303	3.761706
94	68	1.553809	0.389265	1.214300	3.157374
94	69	1.553809	0.467649	1.992065	4.013522
94	70	1.553809	0.368275	1.588621	3.510704
94	71	1.553809	0.451071	1.827567	3.832447
94	72	1.553809	0.497183	2.338073	4.389064
94	73	1.553809	0.491497	2.281659	4.326965
94	74	1.553809	0.436735	1.685318	3.675861
94	75	1.553809	0.399346	1.314329	3.267484
94	76	1.553809	0.409370	1.413791	3.376970
94	77	1.553809	0.373262	1.055501	2.982571
94	78	1.553809	0.423247	1.551483	3.528538
94	79	1.553809	0.389286	1.214508	3.157603
94	80	1.553809	0.400739	1.328142	3.282689
94	81	1.553809	0.428012	1.598760	3.580581
94	82	1.553809	0.431638	1.634744	3.620191
94	83	1.553809	0.455111	1.973581	3.982500
94	84	1.553809	0.428229	1.600916	3.582953
94	85	1.553809	0.478522	2.099951	4.132282
94	86	1.553809	0.421391	1.533062	3.508261
94	87	1.553809	0.389837	1.219972	3.163618
94	88	1.553809	0.452409	1.946773	3.952990
94	89	1.553809	0.455175	1.868284	3.877267
94	90	1.553809	0.399399	1.314854	3.268062
94	91	1.553809	0.420636	1.525574	3.500019
94	92	1.553809	0.416994	1.489432	3.460234
94	93	1.553809	0.389286	1.214508	3.157603
94	94	1.553809	0.394034	1.261616	3.209458
94	95	1.553809	0.472570	2.040887	4.067266
94	96	1.553809	0.437531	1.693213	3.684552
94	97	1.553809	0.455175	1.868284	3.877267
94	98	1.553809	0.434087	1.659039	3.646934
94	99	1.553809	0.386441	1.186278	3.126528
95	0	1.616721	0.366574	0.989144	2.972440
95	1	1.616721	0.419649	1.515784	3.552155
95	2	1.616721	0.414608	1.465763	3.497092
95	3	1.616721	0.462177	1.990733	4.069632
95	4	1.616721	0.422956	1.548594	3.588272
95	5	1.616721	0.408602	1.406163	3.431486
95	6	1.616721	0.419813	1.517409	3.553943
95	7	1.616721	0.380641	1.128728	3.126091
95	8	1.616721	0.438894	1.706736	3.762351
95	9	1.616721	0.391782	1.239267	3.247770
95	10	1.616721	0.439288	1.710647	3.766657
95	11	1.616721	0.405693	1.377306	3.399721
95	12	1.616721	0.439288	1.710647	3.766657
95	13	1.616721	0.444414	1.761512	3.822647
95	14	1.616721	0.441782	1.735396	3.793899
95	15	1.616721	0.389079	1.212448	3.218249
95	16	1.616721	0.454993	1.866486	3.938201
95	17	1.616721	0.382386	1.146035	3.145142
95	18	1.616721	0.420399	1.523222	3.560342
95	19	1.616721	0.414608	1.465763	3.497092
95	20	1.616721	0.421061	1.529793	3.567575
95	21	1.616721	0.413799	1.457732	3.488252
95	22	1.616721	0.421061	1.529793	3.567575
95	23	1.616721	0.382386	1.146035	3.145142
95	24	1.616721	0.373662	1.059475	3.049859
95	25	1.616721	0.381301	1.135276	3.133299
95	26	1.616721	0.437059	1.688528	3.742308
95	27	1.616721	0.460779	1.923891	4.001391
95	28	1.616721	0.381301	1.135276	3.133299
95	29	1.616721	0.445425	1.771548	3.833694
95	30	1.616721	0.420881	1.528007	3.565610
95	31	1.616721	0.394538	1.266618	3.277877
95	32	1.616721	0.380641	1.128728	3.126091
95	33	1.616721	0.436977	1.687717	3.741415
95	34	1.616721	0.422400	1.543075	3.582196
95	35	1.616721	0.382386	1.146035	3.145142
95	36	1.616721	0.422400	1.543075	3.582196
95	37	1.616721	0.417559	1.495043	3.529324
95	38	1.616721	0.396482	1.285902	3.299105
95	39	1.616721	0.396482	1.285902	3.299105
95	40	1.616721	0.382386	1.146035	3.145142
95	41	1.616721	0.439889	1.716617	3.773228
95	42	1.616721	0.348002	0.804866	2.769590
95	43	1.616721	0.417559	1.495043	3.529324
95	44	1.616721	0.394538	1.266618	3.277877
95	45	1.616721	0.353944	0.863824	2.834489
95	46	1.616721	0.464520	1.961010	4.042251
95	47	1.616721	0.389079	1.212448	3.218249
95	48	1.616721	0.394538	1.266618	3.277877
95	49	1.616721	0.353944	0.863824	2.834489
95	50	1.616721	0.471075	2.079017	4.166813
95	51	1.616721	0.410065	1.844392	3.871178
95	52	1.616721	0.421215	1.531323	3.569260
95	53	1.616721	0.366574	0.989144	2.972440
95	54	1.616721	0.408602	1.406163	3.431486
95	55	1.616721	0.428443	1.603041	3.648206
95	56	1.616721	0.423180	1.550814	3.590715
95	57	1.616721	0.464111	1.956958	4.037790
95	58	1.616721	0.440647	1.724133	3.781501
95	59	1.616721	0.427726	1.595927	3.640374
95	60	1.616721	0.348002	0.804866	2.769590
95	61	1.616721	0.428443	1.603041	3.648206
95	62	1.616721	0.408602	1.406163	3.431486
95	63	1.616721	0.491366	2.227389	4.335476
95	64	1.616721	0.402035	1.341006	3.359762
95	65	1.616721	0.422956	1.548594	3.588272
95	66	1.616721	0.380641	1.128728	3.126091
95	67	1.616721	0.417498	1.494437	3.528656
95	68	1.616721	0.494174	2.255257	4.366152
95	69	1.616721	0.422956	1.548594	3.588272
95	70	1.616721	0.371576	1.038778	3.027076
95	71	1.616721	0.462825	1.997158	4.076705
95	72	1.616721	0.402035	1.341006	3.359762
95	73	1.616721	0.462825	1.997158	4.076705
95	74	1.616721	0.359224	1.551782	3.527728
95	75	1.616721	0.463648	1.952363	4.032733
95	76	1.616721	0.427726	1.595927	3.640374
95	77	1.616721	0.414608	1.465763	3.497092
95	78	1.616721	0.463648	1.952363	4.032733
95	79	1.616721	0.420881	1.528007	3.565610
95	80	1.616721	0.420881	1.528007	3.565610
95	81	1.616721	0.439378	1.711543	3.767642
95	82	1.616721	0.391825	1.610447	3.618994
95	83	1.616721	0.454236	1.858969	3.929926
95	84	1.616721	0.432411	1.854264	3.903396
95	85	1.616721	0.432411	1.854264	3.903396
95	86	1.616721	0.450674	1.876590	3.943986
95	87	1.616721	0.371576	1.038778	3.027076
95	88	1.616721	0.439889	1.716617	3.773228
95	89	1.616721	0.371576	1.038778	3.027076
95	90	1.616721	0.402125	1.341894	3.360740
95	91	1.616721	0.430448	1.622934	3.670103
95	92	1.616721	0.385837	1.180277	3.182835
95	93	1.616721	0.419649	1.515784	3.552155
95	94	1.616721	0.438894	1.706736	3.762351
95	95	1.616721	0.461480	1.930845	4.009045
95	96	1.616721	0.385837	1.180277	3.182835
95	97	1.616721	0.425815	1.576959	3.619495
95	98	1.616721	0.381301	1.135276	3.133299
95	99	1.616721	0.463106	1.946983	4.026810
96	0	1.517210	0.401828	1.338957	3.257996
96	1	1.517210	0.392779	1.249162	3.159151
96	2	1.517210	0.463764	1.953508	3.934482
96	3	1.517210	0.386598	1.187831	3.091639
96	4	1.517210	0.451806	1.834863	3.803880
96	5	1.517210	0.386372	1.185589	3.089171
96	6	1.517210	0.401828	1.338957	3.257996
96	7	1.517210	0.428755	1.606131	3.552096
96	8	1.517210	0.450220	1.819123	3.786554
96	9	1.517210	0.387997	1.201717	3.106925
96	10	1.517210	0.435958	1.677604	3.630773
96	11	1.517210	0.400659	1.327350	3.245219
96	12	1.517210	0.380707	1.129383	3.027301
96	13	1.517210	0.501929	2.332206	4.351346
96	14	1.517210	0.419261	1.511926	3.448397
96	15	1.517210	0.383437	1.156465	3.057112
96	16	1.517210	0.347196	0.796867	2.661273
96	17	1.517210	0.362599	0.949698	2.829507
96	18	1.517210	0.430926	1.627677	3.575813
96	19	1.517210	0.467417	1.989759	3.974386
96	20	1.517210	0.428845	1.607031	3.553086
96	21	1.517210	0.404557	1.366026	3.287793
96	22	1.517210	0.395691	1.278054	3.190955
96	23	1.517210	0.469139	2.006847	3.993196
96	24	1.517210	0.415788	1.477466	3.410464
96	25	1.517210	0.415788	1.477466	3.410464
96	26	1.517210	0.385027	1.172246	3.074483
96	27	1.517210	0.430237	1.885660	3.833108
96	28	1.517210	0.425701	1.575835	3.518747
96	29	1.517210	0.441738	1.734957	3.693905
96	30	1.517210	0.457573	1.892086	3.866869
96	31	1.517210	0.380707	1.129383	3.027301
96	32	1.517210	0.392779	1.249162	3.159151
96	33	1.517210	0.501929	2.332206	4.351346
96	34	1.517210	0.428755	1.606131	3.552096
96	35	1.517210	0.398526	1.306191	3.221927
96	36	1.517210	0.438466	1.702493	3.658170
96	37	1.517210	0.419261	1.511926	3.448397
96	38	1.517210	0.363533	0.958965	2.839708
96	39	1.517210	0.428835	1.659895	3.605940
96	40	1.517210	0.427706	1.595726	3.540642
96	41	1.517210	0.432229	1.640602	3.590041
96	42	1.517210	0.441035	1.780945	3.739190
96	43	1.517210	0.440271	1.720402	3.677883
96	44	1.517210	0.430712	1.625553	3.573476
96	45	1.517210	0.468622	2.001719	3.987552
96	46	1.517210	0.387997	1.201717	3.106925
96	47	1.517210	0.386598	1.187831	3.091639
96	48	1.517210	0.383437	1.156465	3.057112
96	49	1.517210	0.429679	1.774196	3.721086
96	50	1.517210	0.411386	1.751574	3.680171
96	51	1.517210	0.459834	1.914514	3.891558
96	52	1.517210	0.450556	1.822452	3.790218
96	53	1.517210	0.464731	1.963110	3.945052
96	54	1.517210	0.385027	1.172246	3.074483
96	55	1.517210	0.397011	1.291156	3.205377
96	56	1.517210	0.486286	2.229949	4.233446
96	57	1.517210	0.425701	1.575835	3.518747
96	58	1.517210	0.363533	0.958965	2.839708
96	59	1.517210	0.400659	1.327350	3.245219
96	60	1.517210	0.501929	2.332206	4.351346
96	61	1.517210	0.438466	1.702493	3.658170
96	62	1.517210	0.471074	2.026045	4.014330
96	63	1.517210	0.440271	1.720402	3.677883
96	64	1.517210	0.425701	1.575835	3.518747
96	65	1.517210	0.398526	1.306191	3.221927
96	66	1.517210	0.469139	2.006847	3.993196
96	67	1.517210	0.397935	1.300319	3.215464
96	68	1.517210	0.419261	1.511926	3.448397
96	69	1.517210	0.411780	1.437700	3.366691
96	70	1.517210	0.409276	1.412857	3.339344
96	71	1.517210	0.395691	1.278054	3.190955
96	72	1.517210	0.421346	1.532615	3.471171
96	73	1.517210	0.453065	1.847348	3.817623
96	74	1.517210	0.468574	2.160134	4.145919
96	75	1.517210	0.387997	1.201717	3.106925
96	76	1.517210	0.398526	1.306191	3.221927
96	77	1.517210	0.388784	1.686199	3.592194
96	78	1.517210	0.446158	1.831781	3.795149
96	79	1.517210	0.438435	1.702182	3.657828
96	80	1.517210	0.415788	1.477466	3.410464
96	81	1.517210	0.347196	0.796867	2.661273
96	82	1.517210	0.450885	1.825719	3.793814
96	83	1.517210	0.385127	1.173240	3.075577
96	84	1.517210	0.397467	1.295683	3.210361
96	85	1.517210	0.395691	1.278054	3.190955
96	86	1.517210	0.380707	1.129383	3.027301
96	87	1.517210	0.385127	1.173240	3.075577
96	88	1.517210	0.471074	2.026045	4.014330
96	89	1.517210	0.392779	1.249162	3.159151
96	90	1.517210	0.397935	1.300319	3.215464
96	91	1.517210	0.429679	1.774196	3.721086
96	92	1.517210	0.438435	1.702182	3.657828
96	93	1.517210	0.445116	1.768480	3.730806
96	94	1.517210	0.404276	1.363242	3.284729
96	95	1.517210	0.417328	1.492754	3.427292
96	96	1.517210	0.424033	1.559284	3.500527
96	97	1.517210	0.392779	1.249162	3.159151
96	98	1.517210	0.392779	1.249162	3.159151
96	99	1.517210	0.412048	1.440360	3.369619
97	0	1.636919	0.359344	0.917401	2.913664
97	1	1.636919	0.418398	1.556330	3.611647
97	2	1.636919	0.423561	1.554597	3.615077
97	3	1.636919	0.462428	1.993217	4.092564
97	4	1.636919	0.449770	1.814659	3.901349
97	5	1.636919	0.432659	1.644876	3.714454
97	6	1.636919	0.395998	1.704811	3.737728
97	7	1.636919	0.483553	2.149867	4.270339
97	8	1.636919	0.420992	1.529102	3.587013
97	9	1.636919	0.388126	1.202993	3.228038
97	10	1.636919	0.420992	1.529102	3.587013
97	11	1.636919	0.394303	1.264281	3.295503
97	12	1.636919	0.456727	1.883687	3.977333
97	13	1.636919	0.425925	1.578054	3.640898
97	14	1.636919	0.366719	0.990583	2.994221
97	15	1.636919	0.394317	1.264427	3.295663
97	16	1.636919	0.399487	1.315721	3.352127
97	17	1.636919	0.389696	1.218573	3.245188
97	18	1.636919	0.394303	1.264281	3.295503
97	19	1.636919	0.432022	1.638554	3.707495
97	20	1.636919	0.435205	1.670140	3.742265
97	21	1.636919	0.492717	2.240795	4.370431
97	22	1.636919	0.456051	1.876977	3.969947
97	23	1.636919	0.432022	1.638554	3.707495
97	24	1.636919	0.423561	1.554597	3.615077
97	25	1.636919	0.366719	0.990583	2.994221
97	26	1.636919	0.435205	1.670140	3.742265
97	27	1.636919	0.432659	1.644876	3.714454
97	28	1.636919	0.481715	2.131626	4.250260
97	29	1.636919	0.402051	1.341161	3.380130
97	30	1.636919	0.401678	1.337466	3.376063
97	31	1.636919	0.421709	1.589186	3.647814
97	32	1.636919	0.428010	1.598742	3.663671
97	33	1.636919	0.416787	1.487382	3.541088
97	34	1.636919	0.388126	1.202993	3.228038
97	35	1.636919	0.419876	1.518030	3.574824
97	36	1.636919	0.498591	2.299086	4.434596
97	37	1.636919	0.427258	1.591281	3.655458
97	38	1.636919	0.399733	1.318166	3.354818
97	39	1.636919	0.443041	1.959740	4.039700
97	40	1.636919	0.394169	1.262958	3.294046
97	41	1.636919	0.386902	1.190848	3.214670
97	42	1.636919	0.399487	1.315721	3.352127
97	43	1.636919	0.445294	1.770245	3.852459
97	44	1.636919	0.449770	1.814659	3.901349
97	45	1.636919	0.445294	1.770245	3.852459
97	46	1.636919	0.423561	1.554597	3.615077
97	47	1.636919	0.419876	1.518030	3.574824
97	48	1.636919	0.445294	1.770245	3.852459
97	49	1.636919	0.364516	0.968721	2.970156
97	50	1.636919	0.417422	1.493680	3.548021
97	51	1.636919	0.374761	1.070378	3.082058
97	52	1.636919	0.418648	1.505852	3.561420
97	53	1.636919	0.498591	2.299086	4.434596
97	54	1.636919	0.426659	1.585340	3.648918
97	55	1.636919	0.426659	1.585340	3.648918
97	56	1.636919	0.357124	0.895376	2.889419
97	57	1.636919	0.379851	1.120885	3.137655
97	58	1.636919	0.420992	1.529102	3.587013
97	59	1.636919	0.394317	1.264427	3.295663
97	60	1.636919	0.437026	1.847093	3.921038
97	61	1.636919	0.420203	1.521273	3.578395
97	62	1.636919	0.424461	1.563529	3.624909
97	63	1.636919	0.417240	1.491880	3.546039
97	64	1.636919	0.424461	1.563529	3.624909
97	65	1.636919	0.437026	1.847093	3.921038
97	66	1.636919	0.449770	1.814659	3.901349
97	67	1.636919	0.441245	1.730066	3.808230
97	68	1.636919	0.428010	1.598742	3.663671
97	69	1.636919	0.427258	1.591281	3.655458
97	70	1.636919	0.498591	2.299086	4.434596
97	71	1.636919	0.394317	1.264427	3.295663
97	72	1.636919	0.447335	1.790497	3.874752
97	73	1.636919	0.386902	1.190848	3.214670
97	74	1.636919	0.398184	1.302792	3.337895
97	75	1.636919	0.389696	1.218573	3.245188
97	76	1.636919	0.455717	1.873665	3.966301
97	77	1.636919	0.413926	1.458992	3.509836
97	78	1.636919	0.455717	1.873665	3.966301
97	79	1.636919	0.399487	1.315721	3.352127
97	80	1.636919	0.439501	1.712758	3.789177
97	81	1.636919	0.432659	1.644876	3.714454
97	82	1.636919	0.498591	2.299086	4.434596
97	83	1.636919	0.394136	1.262627	3.293682
97	84	1.636919	0.432022	1.638554	3.707495
97	85	1.636919	0.426659	1.585340	3.648918
97	86	1.636919	0.443041	1.959740	4.039700
97	87	1.636919	0.476218	2.077087	4.190224
97	88	1.636919	0.379851	1.120885	3.137655
97	89	1.636919	0.401678	1.337466	3.376063
97	90	1.636919	0.433599	1.654202	3.724721
97	91	1.636919	0.423738	1.556356	3.617013
97	92	1.636919	0.425568	1.574514	3.637002
97	93	1.636919	0.410238	1.422395	3.469552
97	94	1.636919	0.394169	1.262958	3.294046
97	95	1.636919	0.418648	1.505852	3.561420
97	96	1.636919	0.428010	1.598742	3.663671
97	97	1.636919	0.412577	1.445611	3.495108
97	98	1.636919	0.441245	1.730066	3.808230
97	99	1.636919	0.398706	1.307978	3.343603
98	0	1.573979	0.390549	1.227033	3.191561
98	1	1.573979	0.442312	1.740656	3.756948
98	2	1.573979	0.410988	1.429845	3.414813
98	3	1.573979	0.405873	1.379085	3.358937
98	4	1.573979	0.436674	1.684714	3.695367
98	5	1.573979	0.425907	1.577878	3.577764
98	6	1.573979	0.414454	1.729055	3.717489
98	7	1.573979	0.431117	1.629576	3.634672
98	8	1.573979	0.432550	1.643789	3.650318
98	9	1.573979	0.412558	1.445420	3.431957
98	10	1.573979	0.440285	1.720544	3.734808
98	11	1.573979	0.395580	1.276958	3.246517
98	12	1.573979	0.395580	1.276958	3.246517
98	13	1.573979	0.405873	1.379085	3.358937
98	14	1.573979	0.431117	1.629576	3.634672
98	15	1.573979	0.394434	1.265587	3.234001
98	16	1.573979	0.465484	1.970576	4.010039
98	17	1.573979	0.373508	1.057943	3.005430
98	18	1.573979	0.405873	1.379085	3.358937
98	19	1.573979	0.412558	1.445420	3.431957
98	20	1.573979	0.436021	1.784160	3.794160
98	21	1.573979	0.442312	1.740656	3.756948
98	22	1.573979	0.388094	1.202676	3.164749
98	23	1.573979	0.416481	1.484343	3.474803
98	24	1.573979	0.408905	1.409169	3.392053
98	25	1.573979	0.462684	2.101684	4.138347
98	26	1.573979	0.413874	1.458483	3.446337
98	27	1.573979	0.388094	1.202676	3.164749
98	28	1.573979	0.439369	1.711450	3.724798
98	29	1.573979	0.419303	1.512350	3.505633
98	30	1.573979	0.448821	1.805236	3.828036
98	31	1.573979	0.399113	1.312013	3.285106
98	32	1.573979	0.399851	1.319338	3.293168
98	33	1.573979	0.361271	0.936527	2.871777
98	34	1.573979	0.401323	1.333943	3.309246
98	35	1.573979	0.357075	1.530450	3.461504
98	36	1.573979	0.446345	1.780671	3.800995
98	37	1.573979	0.428346	1.602080	3.604406
98	38	1.573979	0.410988	1.429845	3.414813
98	39	1.573979	0.373345	1.056326	3.003650
98	40	1.573979	0.401323	1.333943	3.309246
98	41	1.573979	0.413874	1.458483	3.446337
98	42	1.573979	0.413874	1.458483	3.446337
98	43	1.573979	0.390549	1.227033	3.191561
98	44	1.573979	0.477755	2.251228	4.302962
98	45	1.573979	0.388094	1.202676	3.164749
98	46	1.573979	0.449436	1.811343	3.834759
98	47	1.573979	0.451463	1.990347	4.015789
98	48	1.573979	0.408905	1.409169	3.392053
98	49	1.573979	0.467467	1.990257	4.031703
98	50	1.573979	0.390549	1.227033	3.191561
98	51	1.573979	0.426055	1.579342	3.579376
98	52	1.573979	0.457279	1.889163	3.920421
98	53	1.573979	0.460750	1.923606	3.958336
98	54	1.573979	0.361118	0.935009	2.870107
98	55	1.573979	0.390549	1.227033	3.191561
98	56	1.573979	0.487451	2.188542	4.249971
98	57	1.573979	0.382142	1.143613	3.099734
98	58	1.573979	0.415599	1.475596	3.465175
98	59	1.573979	0.421412	1.533279	3.528671
98	60	1.573979	0.467467	1.990257	4.031703
98	61	1.573979	0.399851	1.319338	3.293168
98	62	1.573979	0.391068	1.232189	3.197237
98	63	1.573979	0.467467	1.990257	4.031703
98	64	1.573979	0.464848	1.964271	4.003098
98	65	1.573979	0.395580	1.276958	3.246517
98	66	1.573979	0.440285	1.720544	3.734808
98	67	1.573979	0.419303	1.512350	3.505633
98	68	1.573979	0.439369	1.711450	3.724798
98	69	1.573979	0.440344	1.932977	3.947300
98	70	1.573979	0.463929	1.955153	3.993061
98	71	1.573979	0.394434	1.265587	3.234001
98	72	1.573979	0.355809	0.882328	2.812116
98	73	1.573979	0.440285	1.720544	3.734808
98	74	1.573979	0.466919	1.984816	4.025714
98	75	1.573979	0.458549	1.901769	3.934298
98	76	1.573979	0.456006	1.876529	3.906514
98	77	1.573979	0.429216	1.610710	3.613906
98	78	1.573979	0.391068	1.232189	3.197237
98	79	1.573979	0.466919	1.984816	4.025714
98	80	1.573979	0.467068	1.986295	4.027342
98	81	1.573979	0.429216	1.610710	3.613906
98	82	1.573979	0.454461	1.861207	3.889648
98	83	1.573979	0.458433	1.953580	3.985993
98	84	1.573979	0.451463	1.990347	4.015789
98	85	1.573979	0.411614	1.436055	3.421649
98	86	1.573979	0.466919	1.984816	4.025714
98	87	1.573979	0.395580	1.276958	3.246517
98	88	1.573979	0.430905	1.627473	3.632357
98	89	1.573979	0.430304	1.621502	3.625785
98	90	1.573979	0.432550	1.643789	3.650318
98	91	1.573979	0.430905	1.627473	3.632357
98	92	1.573979	0.451855	1.835350	3.861184
98	93	1.573979	0.388094	1.202676	3.164749
98	94	1.573979	0.401323	1.333943	3.309246
98	95	1.573979	0.507969	2.392132	4.474080
98	96	1.573979	0.502004	2.385912	4.461896
98	97	1.573979	0.463978	1.955639	3.993596
98	98	1.573979	0.507969	2.392132	4.474080
98	99	1.573979	0.407698	1.397200	3.378878
99	0	1.637417	0.417206	1.809326	3.863950
99	1	1.637417	0.367833	1.001634	3.006885
99	2	1.637417	0.469264	2.008090	4.114772
99	3	1.637417	0.419620	1.515493	3.572530
99	4	1.637417	0.404226	1.362744	3.404387
99	5	1.637417	0.388190	1.203630	3.229237
99	6	1.637417	0.410871	1.428678	3.476966
99	7	1.637417	0.447076	1.787925	3.872419
99	8	1.637417	0.395253	1.273711	3.306381
99	9	1.637417	0.435854	1.676575	3.749846
99	10	1.637417	0.394259	1.263846	3.295522
99	11	1.637417	0.446416	1.781379	3.865212
99	12	1.637417	0.439644	1.714185	3.791247
99	13	1.637417	0.391425	1.235724	3.264565
99	14	1.637417	0.411392	1.433852	3.482662
99	15	1.637417	0.434952	1.879480	3.951849
99	16	1.637417	0.470441	2.019769	4.127627
99	17	1.637417	0.405555	1.375936	3.418909
99	18	1.637417	0.414814	1.467807	3.520039
99	19	1.637417	0.385372	1.175670	3.198459
99	20	1.637417	0.427124	1.589953	3.654494
99	21	1.637417	0.435331	1.671381	3.744129
99	22	1.637417	0.418786	1.507222	3.563426
99	23	1.637417	0.367833	1.001634	3.006885
99	24	1.637417	0.437374	1.691661	3.766453
99	25	1.637417	0.466518	2.033805	4.137741
99	26	1.637417	0.433221	1.650449	3.721088
99	27	1.637417	0.423586	1.554847	3.615851
99	28	1.637417	0.419620	1.515493	3.572530
99	29	1.637417	0.367833	1.001634	3.006885
99	30	1.637417	0.437838	1.696258	3.771514
99	31	1.637417	0.407793	1.398135	3.443345
99	32	1.637417	0.488897	2.202894	4.329209
99	33	1.637417	0.387621	1.197978	3.223016
99	34	1.637417	0.442768	1.745183	3.825368
99	35	1.637417	0.440316	1.720848	3.798581
99	36	1.637417	0.453379	1.850470	3.941266
99	37	1.637417	0.437374	1.691661	3.766453
99	38	1.637417	0.468371	1.999222	4.105010
99	39	1.637417	0.439644	1.714185	3.791247
99	40	1.637417	0.366929	0.992668	2.997014
99	41	1.637417	0.391425	1.235724	3.264565
99	42	1.637417	0.380939	1.131685	3.150041
99	43	1.637417	0.406094	1.381281	3.424793
99	44	1.637417	0.454982	1.866369	3.958768
99	45	1.637417	0.394582	1.267049	3.299048
99	46	1.637417	0.459756	1.913738	4.010911
99	47	1.637417	0.434952	1.879480	3.951849
99	48	1.637417	0.406397	1.384290	3.428104
99	49	1.637417	0.503697	2.349744	4.490858
99	50	1.637417	0.404450	1.364970	3.406837
99	51	1.637417	0.431740	1.635750	3.704907
99	52	1.637417	0.394450	1.265739	3.297606
99	53	1.637417	0.414814	1.467807	3.520039
99	54	1.637417	0.404450	1.364970	3.406837
99	55	1.637417	0.425650	1.575327	3.638394
99	56	1.637417	0.406397	1.384290	3.428104
99	57	1.637417	0.416992	1.489418	3.543827
99	58	1.637417	0.457293	1.889308	3.984019
99	59	1.637417	0.427803	1.596690	3.661911
99	60	1.637417	0.425825	1.577062	3.640304
99	61	1.637417	0.452570	1.895406	3.985394
99	62	1.637417	0.389090	1.212557	3.239064
99	63	1.637417	0.448761	1.804649	3.890828
99	64	1.637417	0.503697	2.349744	4.490858
99	65	1.637417	0.427803	1.596690	3.661911
99	66	1.637417	0.385372	1.175670	3.198459
99	67	1.637417	0.442768	1.745183	3.825368
99	68	1.637417	0.417206	1.809326	3.863950
99	69	1.637417	0.418715	1.506516	3.562649
99	70	1.637417	0.500779	2.320798	4.458994
99	71	1.637417	0.433133	1.649581	3.720132
99	72	1.637417	0.423586	1.554847	3.615851
99	73	1.637417	0.418786	1.507222	3.563426
99	74	1.637417	0.407793	1.398135	3.443345
99	75	1.637417	0.436051	1.678527	3.751995
99	76	1.637417	0.435943	1.677461	3.750822
99	77	1.637417	0.388190	1.203630	3.229237
99	78	1.637417	0.356045	0.884675	2.878138
99	79	1.637417	0.503705	2.349824	4.490946
99	80	1.637417	0.428676	1.870166	3.936259
99	81	1.637417	0.395261	1.273792	3.306471
99	82	1.637417	0.410076	1.420794	3.468288
99	83	1.637417	0.466518	2.033805	4.137741
99	84	1.637417	0.436051	1.678527	3.751995
99	85	1.637417	0.394582	1.267049	3.299048
99	86	1.637417	0.380939	1.131685	3.150041
99	87	1.637417	0.366929	0.992668	2.997014
99	88	1.637417	0.394582	1.267049	3.299048
99	89	1.637417	0.431740	1.635750	3.704907
99	90	1.637417	0.444394	1.761311	3.843122
99	91	1.637417	0.425848	1.577286	3.640551
99	92	1.637417	0.405960	1.379954	3.423332
99	93	1.637417	0.435854	1.676575	3.749846
99	94	1.637417	0.433133	1.649581	3.720132
99	95	1.637417	0.404226	1.362744	3.404387
99	96	1.637417	0.391425	1.235724	3.264565
99	97	1.637417	0.435477	1.672832	3.745726
99	98	1.637417	0.387681	1.728218	3.753317
99	99	1.637417	0.405960	1.379954	3.423332
