replicate	universe	detection_yr	orbit_yr	char_yr	total_yr
100	0	1.748785	0.421071	1.529887	3.699743
100	1	1.748785	0.496037	2.273742	4.518565
100	2	1.748785	0.455204	1.868577	4.072567
100	3	1.748785	0.513630	2.448311	4.710727
100	4	1.748785	0.421071	1.529887	3.699743
100	5	1.748785	0.472733	2.042506	4.264025
100	6	1.748785	0.439571	1.713461	3.901818
100	7	1.748785	0.455811	1.874602	4.079198
100	8	1.748785	0.478825	2.102952	4.330562
100	9	1.748785	0.446597	1.783174	3.978557
100	10	1.748785	0.496996	2.283254	4.529035
100	11	1.748785	0.384644	1.168448	3.301878
100	12	1.748785	0.435696	1.675007	3.859488
100	13	1.748785	0.369596	1.019126	3.137507
100	14	1.748785	0.513630	2.448311	4.710727
100	15	1.748785	0.449741	1.814368	4.012895
100	16	1.748785	0.476063	2.075552	4.300400
100	17	1.748785	0.369596	1.019126	3.137507
100	18	1.748785	0.468354	1.999060	4.216200
100	19	1.748785	0.463764	1.953507	4.166056
100	20	1.748785	0.501468	2.327627	4.577881
100	21	1.748785	0.413774	1.457486	3.620045
100	22	1.748785	0.466243	1.978115	4.193144
100	23	1.748785	0.492039	2.234072	4.474896
100	24	1.748785	0.417930	1.498729	3.665444
100	25	1.748785	0.430724	1.625668	3.805177
100	26	1.748785	0.501712	2.383018	4.633516
100	27	1.748785	0.361107	1.676388	3.786281
100	28	1.748785	0.501712	2.383018	4.633516
100	29	1.748785	0.423599	1.554980	3.727365
100	30	1.748785	0.498018	2.293393	4.540196
100	31	1.748785	0.424087	1.559821	3.732694
100	32	1.748785	0.438710	1.704916	3.892411
100	33	1.748785	0.385887	1.180775	3.315447
100	34	1.748785	0.384644	1.168448	3.301878
100	35	1.748785	0.429428	1.612818	3.791031
100	36	1.748785	0.480844	2.122984	4.352613
100	37	1.748785	0.496037	2.273742	4.518565
100	38	1.748785	0.447856	1.795665	3.992307
100	39	1.748785	0.498018	2.293393	4.540196
100	40	1.748785	0.498488	2.403993	4.651267
100	41	1.748785	0.465618	1.971904	4.186307
100	42	1.748785	0.470158	2.016961	4.235904
100	43	1.748785	0.409803	1.418080	3.576668
100	44	1.748785	0.421071	1.529887	3.699743
100	45	1.748785	0.465857	1.974275	4.188917
100	46	1.748785	0.377088	1.093468	3.219342
100	47	1.748785	0.492403	2.237680	4.478868
100	48	1.748785	0.439571	1.713461	3.901818
100	49	1.748785	0.473092	2.046065	4.267942
100	50	1.748785	0.519818	2.509712	4.778316
100	51	1.748785	0.449741	1.814368	4.012895
100	52	1.748785	0.462921	1.945147	4.156853
100	53	1.748785	0.423599	1.554980	3.727365
100	54	1.748785	0.475329	2.068267	4.292382
100	55	1.748785	0.441136	2.152697	4.342618
100	56	1.748785	0.419119	1.510522	3.678427
100	57	1.748785	0.455204	1.868577	4.072567
100	58	1.748785	0.466965	1.985278	4.201029
100	59	1.748785	0.430724	1.625668	3.805177
100	60	1.748785	0.468512	2.000623	4.217920
100	61	1.748785	0.494204	2.255555	4.498544
100	62	1.748785	0.498018	2.293393	4.540196
100	63	1.748785	0.441252	1.994958	4.184996
100	64	1.748785	0.437528	1.693189	3.879503
100	65	1.748785	0.462921	1.945147	4.156853
100	66	1.748785	0.462921	1.945147	4.156853
100	67	1.748785	0.468283	1.998354	4.215422
100	68	1.748785	0.430504	1.623486	3.802775
100	69	1.748785	0.466965	1.985278	4.201029
100	70	1.748785	0.476063	2.075552	4.300400
100	71	1.748785	0.478825	2.102952	4.330562
100	72	1.748785	0.463764	1.953507	4.166056
100	73	1.748785	0.497201	2.285290	4.531276
100	74	1.748785	0.367383	0.997174	3.113343
100	75	1.748785	0.439571	1.713461	3.901818
100	76	1.748785	0.475329	2.068267	4.292382
100	77	1.748785	0.468283	1.998354	4.215422
100	78	1.748785	0.468354	1.999060	4.216200
100	79	1.748785	0.463764	1.953507	4.166056
100	80	1.748785	0.384644	1.168448	3.301878
100	81	1.748785	0.498018	2.293393	4.540196
100	82	1.748785	0.468354	1.999060	4.216200
100	83	1.748785	0.465857	1.974275	4.188917
100	84	1.748785	0.430504	1.623486	3.802775
100	85	1.748785	0.413774	1.457486	3.620045
100	86	1.748785	0.446403	1.781249	3.976438
100	87	1.748785	0.499109	2.516081	4.763976
100	88	1.748785	0.384644	1.168448	3.301878
100	89	1.748785	0.499109	2.516081	4.763976
100	90	1.748785	0.400233	1.323130	3.472148
100	91	1.748785	0.395564	1.753469	3.897818
100	92	1.748785	0.430504	1.623486	3.802775
100	93	1.748785	0.423599	1.554980	3.727365
100	94	1.748785	0.499109	2.516081	4.763976
100	95	1.748785	0.424846	1.567344	3.740975
100	96	1.748785	0.369596	1.019126	3.137507
100	97	1.748785	0.409803	1.418080	3.576668
100	98	1.748785	0.468512	2.000623	4.217920
100	99	1.748785	0.427318	1.591881	3.767984
101	0	1.686153	0.416929	1.488790	3.591872
101	1	1.686153	0.437300	1.690926	3.814380
101	2	1.686153	0.462669	1.942648	4.091470
101	3	1.686153	0.524121	2.605367	4.815641
101	4	1.686153	0.540778	2.717683	4.944613
101	5	1.686153	0.481675	2.290125	4.457953
101	6	1.686153	0.490574	2.219539	4.396266
101	7	1.686153	0.420928	1.528474	3.635555
101	8	1.686153	0.455130	1.867837	4.009119
101	9	1.686153	0.458736	1.903623	4.048512
101	10	1.686153	0.453646	1.853112	3.992911
101	11	1.686153	0.437300	1.690926	3.814380
101	12	1.686153	0.496673	2.280053	4.462880
101	13	1.686153	0.426685	1.585600	3.698438
101	14	1.686153	0.453646	1.853112	3.992911
101	15	1.686153	0.437300	1.690926	3.814380
101	16	1.686153	0.429028	1.608843	3.724024
101	17	1.686153	0.426744	1.586183	3.699080
101	18	1.686153	0.427007	1.588788	3.701948
101	19	1.686153	0.490574	2.219539	4.396266
101	20	1.686153	0.421676	1.535896	3.643725
101	21	1.686153	0.444599	1.763344	3.894096
101	22	1.686153	0.427007	1.588788	3.701948
101	23	1.686153	0.455130	1.867837	4.009119
101	24	1.686153	0.405261	1.373015	3.464429
101	25	1.686153	0.458736	1.903623	4.048512
101	26	1.686153	0.437241	1.690337	3.813731
101	27	1.686153	0.439142	1.709199	3.834494
101	28	1.686153	0.429028	1.608843	3.724024
101	29	1.686153	0.463387	2.267550	4.417090
101	30	1.686153	0.450344	1.820353	3.956850
101	31	1.686153	0.474123	2.056296	4.216572
101	32	1.686153	0.490758	2.221365	4.398276
101	33	1.686153	0.474447	2.059515	4.220115
101	34	1.686153	0.437073	1.688672	3.811898
101	35	1.686153	0.454488	1.861467	4.002108
101	36	1.686153	0.445551	2.196506	4.328210
101	37	1.686153	0.427333	1.592030	3.705516
101	38	1.686153	0.481494	2.129440	4.297087
101	39	1.686153	0.494016	2.253685	4.433854
101	40	1.686153	0.458736	1.903623	4.048512
101	41	1.686153	0.492409	2.237740	4.416302
101	42	1.686153	0.450611	1.823006	3.959770
101	43	1.686153	0.484235	2.156636	4.327024
101	44	1.686153	0.545152	2.761088	4.992394
101	45	1.686153	0.519574	2.507290	4.713018
101	46	1.686153	0.421676	1.535896	3.643725
101	47	1.686153	0.393219	1.253528	3.332900
101	48	1.686153	0.375754	1.080232	3.142138
101	49	1.686153	0.376192	1.084579	3.146924
101	50	1.686153	0.461662	2.197469	4.345284
101	51	1.686153	0.416929	1.488790	3.591872
101	52	1.686153	0.458981	1.906053	4.051187
101	53	1.686153	0.493924	2.252771	4.432848
101	54	1.686153	0.447607	1.793191	3.926951
101	55	1.686153	0.490760	2.221381	4.398294
101	56	1.686153	0.449469	1.811675	3.947297
101	57	1.686153	0.499971	2.365740	4.551864
101	58	1.686153	0.391228	1.233775	3.311156
101	59	1.686153	0.471180	2.027095	4.184428
101	60	1.686153	0.500239	2.315433	4.501825
101	61	1.686153	0.462669	1.942648	4.091470
101	62	1.686153	0.494082	2.254344	4.434579
101	63	1.686153	0.411553	1.435449	3.533155
101	64	1.686153	0.375754	1.080232	3.142138
101	65	1.686153	0.416929	1.488790	3.591872
101	66	1.686153	0.540611	2.716026	4.942790
101	67	1.686153	0.480519	2.119764	4.286436
101	68	1.686153	0.437073	1.688672	3.811898
101	69	1.686153	0.445551	2.196506	4.328210
101	70	1.686153	0.411553	1.435449	3.533155
101	71	1.686153	0.464913	1.964915	4.115981
101	72	1.686153	0.376192	1.084579	3.146924
101	73	1.686153	0.437424	1.692152	3.815729
101	74	1.686153	0.484235	2.156636	4.327024
101	75	1.686153	0.437241	1.690337	3.813731
101	76	1.686153	0.429028	1.608843	3.724024
101	77	1.686153	0.495215	2.371511	4.552878
101	78	1.686153	0.464913	1.964915	4.115981
101	79	1.686153	0.437300	1.690926	3.814380
101	80	1.686153	0.496673	2.280053	4.462880
101	81	1.686153	0.497122	2.284508	4.467783
101	82	1.686153	0.508452	2.396930	4.591535
101	83	1.686153	0.488088	2.194868	4.369109
101	84	1.686153	0.455865	1.875135	4.017153
101	85	1.686153	0.426744	1.586183	3.699080
101	86	1.686153	0.482769	2.195049	4.363971
101	87	1.686153	0.455130	1.867837	4.009119
101	88	1.686153	0.496673	2.280053	4.462880
101	89	1.686153	0.428636	1.604951	3.719740
101	90	1.686153	0.490760	2.221381	4.398294
101	91	1.686153	0.429028	1.608843	3.724024
101	92	1.686153	0.416929	1.488790	3.591872
101	93	1.686153	0.439142	1.709199	3.834494
101	94	1.686153	0.446709	1.784284	3.917146
101	95	1.686153	0.438659	1.704411	3.829223
101	96	1.686153	0.426744	1.586183	3.699080
101	97	1.686153	0.520378	2.515261	4.721791
101	98	1.686153	0.474710	2.379903	4.540766
101	99	1.686153	0.455130	1.867837	4.009119
102	0	1.594676	0.386088	1.182776	3.163540
102	1	1.594676	0.458006	1.896376	3.949057
102	2	1.594676	0.433472	1.652943	3.681092
102	3	1.594676	0.525777	2.621796	4.742249
102	4	1.594676	0.519443	2.505982	4.620101
102	5	1.594676	0.449815	1.815099	3.859589
102	6	1.594676	0.442653	1.744037	3.781366
102	7	1.594676	0.386090	1.182788	3.163554
102	8	1.594676	0.416516	1.484693	3.495885
102	9	1.594676	0.429715	1.615663	3.640054
102	10	1.594676	0.525777	2.621796	4.742249
102	11	1.594676	0.491109	2.224839	4.310623
102	12	1.594676	0.412329	1.443151	3.450156
102	13	1.594676	0.475434	2.069306	4.139416
102	14	1.594676	0.461309	1.929155	3.985140
102	15	1.594676	0.441596	1.733551	3.769823
102	16	1.594676	0.418308	1.502472	3.515456
102	17	1.594676	0.452819	1.844914	3.892409
102	18	1.594676	0.448458	1.801640	3.844775
102	19	1.594676	0.493287	2.246453	4.334416
102	20	1.594676	0.436167	1.679683	3.710527
102	21	1.594676	0.502911	2.341948	4.439535
102	22	1.594676	0.467687	1.992437	4.054799
102	23	1.594676	0.434095	1.659117	3.687887
102	24	1.594676	0.380352	1.761422	3.736450
102	25	1.594676	0.441596	1.733551	3.769823
102	26	1.594676	0.364772	0.971259	2.930707
102	27	1.594676	0.498977	2.302912	4.396565
102	28	1.594676	0.506867	2.381204	4.482747
102	29	1.594676	0.491109	2.224839	4.310623
102	30	1.594676	0.420562	1.524842	3.540080
102	31	1.594676	0.421127	1.530450	3.546253
102	32	1.594676	0.502736	2.340209	4.437621
102	33	1.594676	0.455408	1.870604	3.920689
102	34	1.594676	0.505821	2.370825	4.471322
102	35	1.594676	0.467518	1.990758	4.052952
102	36	1.594676	0.454024	1.856866	3.905566
102	37	1.594676	0.424189	1.560826	3.579691
102	38	1.594676	0.467687	1.992437	4.054799
102	39	1.594676	0.467328	1.988873	4.050876
102	40	1.594676	0.510684	2.419073	4.524432
102	41	1.594676	0.343423	1.447962	3.386061
102	42	1.594676	0.510684	2.419073	4.524432
102	43	1.594676	0.433643	1.654634	3.682953
102	44	1.594676	0.452819	1.844914	3.892409
102	45	1.594676	0.400706	1.327817	3.323199
102	46	1.594676	0.463824	1.954107	4.012607
102	47	1.594676	0.505302	2.365677	4.465656
102	48	1.594676	0.457733	2.052557	4.104966
102	49	1.594676	0.521932	2.530684	4.647292
102	50	1.594676	0.431898	1.637321	3.663894
102	51	1.594676	0.433472	1.652943	3.681092
102	52	1.594676	0.477640	2.197122	4.269437
102	53	1.594676	0.490874	2.222511	4.308061
102	54	1.594676	0.424745	1.566344	3.585765
102	55	1.594676	0.424745	1.566344	3.585765
102	56	1.594676	0.433562	1.653834	3.682073
102	57	1.594676	0.463824	1.954107	4.012607
102	58	1.594676	0.386090	1.182788	3.163554
102	59	1.594676	0.515843	2.470270	4.580790
102	60	1.594676	0.439960	1.929169	3.963804
102	61	1.594676	0.503029	2.343122	4.440827
102	62	1.594676	0.449804	1.814990	3.859470
102	63	1.594676	0.477050	2.350164	4.421890
102	64	1.594676	0.364772	0.971259	2.930707
102	65	1.594676	0.418308	1.502472	3.515456
102	66	1.594676	0.431898	1.637321	3.663894
102	67	1.594676	0.458470	1.900979	3.954125
102	68	1.594676	0.506867	2.381204	4.482747
102	69	1.594676	0.458470	1.900979	3.954125
102	70	1.594676	0.434575	1.663886	3.693137
102	71	1.594676	0.458470	1.900979	3.954125
102	72	1.594676	0.436167	1.679683	3.710527
102	73	1.594676	0.489644	2.210305	4.294625
102	74	1.594676	0.491109	2.224839	4.310623
102	75	1.594676	0.458006	1.896376	3.949057
102	76	1.594676	0.477050	2.350164	4.421890
102	77	1.594676	0.464714	1.962943	4.022333
102	78	1.594676	0.420543	1.524647	3.539866
102	79	1.594676	0.513609	2.448103	4.556389
102	80	1.594676	0.433562	1.653834	3.682073
102	81	1.594676	0.489310	2.259954	4.343939
102	82	1.594676	0.441596	1.733551	3.769823
102	83	1.594676	0.452016	1.836946	3.883638
102	84	1.594676	0.521932	2.530684	4.647292
102	85	1.594676	0.494816	2.261626	4.351118
102	86	1.594676	0.455408	1.870604	3.920689
102	87	1.594676	0.449804	1.814990	3.859470
102	88	1.594676	0.518876	2.500362	4.613914
102	89	1.594676	0.412329	1.443151	3.450156
102	90	1.594676	0.430615	1.624595	3.649886
102	91	1.594676	0.458470	1.900979	3.954125
102	92	1.594676	0.430615	1.624595	3.649886
102	93	1.594676	0.386088	1.182776	3.163540
102	94	1.594676	0.489644	2.210305	4.294625
102	95	1.594676	0.463824	1.954107	4.012607
102	96	1.594676	0.510684	2.419073	4.524432
102	97	1.594676	0.434095	1.659117	3.687887
102	98	1.594676	0.433643	1.654634	3.682953
102	99	1.594676	0.461685	1.932882	3.989243
103	0	1.681566	0.439298	1.710744	3.831608
103	1	1.681566	0.454572	1.862302	3.998440
103	2	1.681566	0.488340	2.197366	4.367272
103	3	1.681566	0.463852	1.954386	4.099805
103	4	1.681566	0.406642	1.386721	3.474929
103	5	1.681566	0.406177	1.382110	3.469854
103	6	1.681566	0.431579	1.634160	3.747306
103	7	1.681566	0.406177	1.382110	3.469854
103	8	1.681566	0.444477	1.762136	3.888179
103	9	1.681566	0.456481	2.146062	4.284109
103	10	1.681566	0.424638	1.565283	3.671487
103	11	1.681566	0.412393	1.443787	3.537746
103	12	1.681566	0.370507	1.028166	3.080239
103	13	1.681566	0.450584	1.822730	3.954880
103	14	1.681566	0.429706	1.615568	3.726840
103	15	1.681566	0.435064	1.668740	3.785370
103	16	1.681566	0.416792	1.487432	3.585790
103	17	1.681566	0.416219	1.481744	3.579529
103	18	1.681566	0.498283	2.296030	4.475879
103	19	1.681566	0.406439	1.384708	3.472713
103	20	1.681566	0.478139	2.096151	4.255856
103	21	1.681566	0.475403	2.069000	4.225969
103	22	1.681566	0.463852	1.954386	4.099805
103	23	1.681566	0.459597	1.912168	4.053332
103	24	1.681566	0.431579	1.634160	3.747306
103	25	1.681566	0.439298	1.710744	3.831608
103	26	1.681566	0.551969	2.828729	5.062264
103	27	1.681566	0.458700	1.903263	4.043530
103	28	1.681566	0.386944	1.191264	3.259774
103	29	1.681566	0.444477	1.762136	3.888179
103	30	1.681566	0.416219	1.481744	3.579529
103	31	1.681566	0.439298	1.710744	3.831608
103	32	1.681566	0.459597	1.912168	4.053332
103	33	1.681566	0.458520	1.901480	4.041566
103	34	1.681566	0.551969	2.828729	5.062264
103	35	1.681566	0.464082	1.956669	4.102317
103	36	1.681566	0.424353	1.562456	3.668376
103	37	1.681566	0.491991	2.233594	4.407151
103	38	1.681566	0.424353	1.562456	3.668376
103	39	1.681566	0.425425	1.573092	3.680083
103	40	1.681566	0.448165	1.798733	3.928464
103	41	1.681566	0.484115	2.367302	4.532983
103	42	1.681566	0.394394	1.265192	3.341153
103	43	1.681566	0.500340	2.316441	4.498347
103	44	1.681566	0.508254	2.394963	4.584783
103	45	1.681566	0.496136	2.274723	4.452425
103	46	1.681566	0.493545	2.354937	4.530047
103	47	1.681566	0.429706	1.615568	3.726840
103	48	1.681566	0.500340	2.316441	4.498347
103	49	1.681566	0.441011	1.727744	3.850321
103	50	1.681566	0.448165	1.798733	3.928464
103	51	1.681566	0.522694	2.538249	4.742509
103	52	1.681566	0.401554	1.918830	4.001950
103	53	1.681566	0.522694	2.538249	4.742509
103	54	1.681566	0.448782	1.804858	3.935207
103	55	1.681566	0.500188	2.314932	4.496686
103	56	1.681566	0.478139	2.096151	4.255856
103	57	1.681566	0.394394	1.265192	3.341153
103	58	1.681566	0.491971	2.233400	4.406938
103	59	1.681566	0.398187	1.302822	3.382574
103	60	1.681566	0.496136	2.274723	4.452425
103	61	1.681566	0.450256	1.819479	3.951301
103	62	1.681566	0.385695	1.178872	3.246133
103	63	1.681566	0.406439	1.384708	3.472713
103	64	1.681566	0.477832	2.093106	4.252505
103	65	1.681566	0.450584	1.822730	3.954880
103	66	1.681566	0.424638	1.565283	3.671487
103	67	1.681566	0.406642	1.386721	3.474929
103	68	1.681566	0.412393	1.443787	3.537746
103	69	1.681566	0.431064	1.629050	3.741681
103	70	1.681566	0.435064	1.668740	3.785370
103	71	1.681566	0.410925	1.429218	3.521709
103	72	1.681566	0.427405	1.592744	3.701716
103	73	1.681566	0.406439	1.384708	3.472713
103	74	1.681566	0.551969	2.828729	5.062264
103	75	1.681566	0.382486	1.147029	3.211081
103	76	1.681566	0.464759	2.175238	4.321563
103	77	1.681566	0.502415	2.337031	4.521013
103	78	1.681566	0.431064	1.629050	3.741681
103	79	1.681566	0.425801	1.576826	3.684194
103	80	1.681566	0.458520	1.901480	4.041566
103	81	1.681566	0.456481	2.146062	4.284109
103	82	1.681566	0.443982	1.757222	3.882769
103	83	1.681566	0.454572	1.862302	3.998440
103	84	1.681566	0.444168	1.759072	3.884807
103	85	1.681566	0.491348	2.439072	4.611987
103	86	1.681566	0.458520	1.901480	4.041566
103	87	1.681566	0.458700	1.903263	4.043530
103	88	1.681566	0.427405	1.592744	3.701716
103	89	1.681566	0.406642	1.386721	3.474929
103	90	1.681566	0.432108	1.639405	3.753079
103	91	1.681566	0.386079	1.765285	3.832930
103	92	1.681566	0.458700	1.903263	4.043530
103	93	1.681566	0.370507	1.028166	3.080239
103	94	1.681566	0.479766	2.218217	4.379548
103	95	1.681566	0.455800	1.874490	4.011856
103	96	1.681566	0.499565	2.414678	4.595809
103	97	1.681566	0.410925	1.429218	3.521709
103	98	1.681566	0.413209	1.451881	3.546657
103	99	1.681566	0.394394	1.265192	3.341153
104	0	1.701058	0.448182	1.798903	3.948143
104	1	1.701058	0.403662	1.939749	4.044469
104	2	1.701058	0.455295	1.869474	4.025827
104	3	1.701058	0.425263	1.571487	3.697809
104	4	1.701058	0.460900	1.925097	4.087055
104	5	1.701058	0.472635	2.041535	4.215229
104	6	1.701058	0.424868	1.567563	3.693488
104	7	1.701058	0.507601	2.388489	4.597149
104	8	1.701058	0.459782	1.914000	4.074840
104	9	1.701058	0.386600	1.187850	3.275507
104	10	1.701058	0.485612	2.170300	4.356970
104	11	1.701058	0.488283	2.196798	4.386139
104	12	1.701058	0.474098	2.056047	4.231203
104	13	1.701058	0.432348	1.641791	3.775198
104	14	1.701058	0.472635	2.041535	4.215229
104	15	1.701058	0.471893	2.034176	4.207128
104	16	1.701058	0.470192	2.017296	4.188546
104	17	1.701058	0.508122	2.393657	4.602838
104	18	1.701058	0.450042	2.082176	4.233276
104	19	1.701058	0.403662	1.939749	4.044469
104	20	1.701058	0.424868	1.567563	3.693488
104	21	1.701058	0.425263	1.571487	3.697809
104	22	1.701058	0.508122	2.393657	4.602838
104	23	1.701058	0.525572	2.566799	4.793429
104	24	1.701058	0.412017	1.440051	3.553126
104	25	1.701058	0.435633	1.674385	3.811076
104	26	1.701058	0.370523	1.028325	3.099906
104	27	1.701058	0.508122	2.393657	4.602838
104	28	1.701058	0.416095	1.480518	3.597672
104	29	1.701058	0.415623	1.475838	3.592519
104	30	1.701058	0.413561	1.455373	3.569992
104	31	1.701058	0.508279	2.395213	4.604550
104	32	1.701058	0.371342	1.036454	3.108854
104	33	1.701058	0.421300	2.008841	4.131199
104	34	1.701058	0.432633	1.644614	3.778306
104	35	1.701058	0.391658	1.820644	3.913360
104	36	1.701058	0.430727	1.625703	3.757488
104	37	1.701058	0.424868	1.567563	3.693488
104	38	1.701058	0.488283	2.196798	4.386139
104	39	1.701058	0.470192	2.017296	4.188546
104	40	1.701058	0.517068	2.482425	4.700552
104	41	1.701058	0.472111	2.301156	4.474325
104	42	1.701058	0.498965	2.302790	4.502812
104	43	1.701058	0.455295	1.869474	4.025827
104	44	1.701058	0.370523	1.028325	3.099906
104	45	1.701058	0.464129	1.957135	4.122323
104	46	1.701058	0.425263	1.571487	3.697809
104	47	1.701058	0.461555	1.931592	4.094205
104	48	1.701058	0.371342	1.036454	3.108854
104	49	1.701058	0.488283	2.196798	4.386139
104	50	1.701058	0.370523	1.028325	3.099906
104	51	1.701058	0.412017	1.440051	3.553126
104	52	1.701058	0.487628	2.190300	4.378986
104	53	1.701058	0.432763	1.645901	3.779722
104	54	1.701058	0.418527	1.504652	3.624237
104	55	1.701058	0.479384	2.267391	4.447833
104	56	1.701058	0.408797	1.408103	3.517958
104	57	1.701058	0.408797	1.408103	3.517958
104	58	1.701058	0.423892	1.557887	3.682837
104	59	1.701058	0.410136	1.421390	3.532584
104	60	1.701058	0.464987	1.965651	4.131696
104	61	1.701058	0.464129	1.957135	4.122323
104	62	1.701058	0.448182	1.798903	3.948143
104	63	1.701058	0.418527	1.504652	3.624237
104	64	1.701058	0.419305	1.512365	3.632728
104	65	1.701058	0.432633	1.644614	3.778306
104	66	1.701058	0.459782	1.914000	4.074840
104	67	1.701058	0.429579	1.614307	3.744944
104	68	1.701058	0.497132	2.284603	4.482792
104	69	1.701058	0.450731	1.824190	3.975979
104	70	1.701058	0.448182	1.798903	3.948143
104	71	1.701058	0.498965	2.302790	4.502812
104	72	1.701058	0.422885	1.971601	4.095544
104	73	1.701058	0.400336	1.324145	3.425539
104	74	1.701058	0.413561	1.455373	3.569992
104	75	1.701058	0.460900	1.925097	4.087055
104	76	1.701058	0.424868	1.567563	3.693488
104	77	1.701058	0.464129	1.957135	4.122323
104	78	1.701058	0.423892	1.557887	3.682837
104	79	1.701058	0.474098	2.056047	4.231203
104	80	1.701058	0.416095	1.480518	3.597672
104	81	1.701058	0.478270	2.362268	4.541597
104	82	1.701058	0.456559	1.882018	4.039635
104	83	1.701058	0.370523	1.028325	3.099906
104	84	1.701058	0.487613	2.190158	4.378829
104	85	1.701058	0.408797	1.408103	3.517958
104	86	1.701058	0.474098	2.056047	4.231203
104	87	1.701058	0.472780	2.148896	4.322734
104	88	1.701058	0.437884	1.696721	3.835663
104	89	1.701058	0.368503	1.008286	3.077847
104	90	1.701058	0.450667	1.823558	3.975283
104	91	1.701058	0.386600	1.187850	3.275507
104	92	1.701058	0.479287	2.107544	4.287889
104	93	1.701058	0.408797	1.408103	3.517958
104	94	1.701058	0.471893	2.034176	4.207128
104	95	1.701058	0.431843	1.636771	3.769672
104	96	1.701058	0.479287	2.107544	4.287889
104	97	1.701058	0.492415	2.237806	4.431279
104	98	1.701058	0.435633	1.674385	3.811076
104	99	1.701058	0.410136	1.421390	3.532584
105	0	1.766097	0.397470	1.295706	3.459272
105	1	1.766097	0.447975	1.796850	4.010923
105	2	1.766097	0.519219	2.503765	4.789080
105	3	1.766097	0.473481	2.049924	4.289502
105	4	1.766097	0.407469	1.394923	3.568489
105	5	1.766097	0.395882	1.279952	3.441930
105	6	1.766097	0.444509	1.762458	3.973065
105	7	1.766097	0.458674	2.114861	4.339631
105	8	1.766097	0.429444	1.612976	3.808518
105	9	1.766097	0.362669	0.950401	3.079167
105	10	1.766097	0.415980	1.479376	3.661453
105	11	1.766097	0.457946	1.895782	4.119824
105	12	1.766097	0.464452	2.119229	4.349777
105	13	1.766097	0.478968	2.104377	4.349442
105	14	1.766097	0.440355	1.721235	3.927686
105	15	1.766097	0.410962	1.429586	3.606645
105	16	1.766097	0.511327	2.425456	4.702880
105	17	1.766097	0.400713	1.327884	3.494693
105	18	1.766097	0.463631	2.217014	4.446742
105	19	1.766097	0.456032	1.876787	4.098915
105	20	1.766097	0.395642	1.277570	3.439308
105	21	1.766097	0.391726	1.238714	3.396536
105	22	1.766097	0.410962	1.429586	3.606645
105	23	1.766097	0.391726	1.238714	3.396536
105	24	1.766097	0.410962	1.429586	3.606645
105	25	1.766097	0.376667	1.089288	3.232051
105	26	1.766097	0.505231	2.417931	4.689259
105	27	1.766097	0.458490	1.901185	4.125773
105	28	1.766097	0.456032	1.876787	4.098915
105	29	1.766097	0.444357	1.760951	3.971405
105	30	1.766097	0.444509	1.762458	3.973065
105	31	1.766097	0.397470	1.295706	3.459272
105	32	1.766097	0.384901	1.170998	3.321996
105	33	1.766097	0.361192	0.935743	3.063032
105	34	1.766097	0.474952	2.064526	4.305575
105	35	1.766097	0.361192	0.935743	3.063032
105	36	1.766097	0.415980	1.479376	3.661453
105	37	1.766097	0.430754	1.625970	3.822821
105	38	1.766097	0.395642	1.277570	3.439308
105	39	1.766097	0.451397	1.830800	4.048294
105	40	1.766097	0.469761	2.013015	4.248872
105	41	1.766097	0.505231	2.417931	4.689259
105	42	1.766097	0.524122	2.552412	4.842630
105	43	1.766097	0.457945	2.054661	4.278702
105	44	1.766097	0.478968	2.104377	4.349442
105	45	1.766097	0.518397	2.495608	4.780101
105	46	1.766097	0.412867	1.448484	3.627448
105	47	1.766097	0.519219	2.503765	4.789080
105	48	1.766097	0.464472	1.960539	4.191108
105	49	1.766097	0.400906	1.329802	3.496805
105	50	1.766097	0.425615	1.574983	3.766695
105	51	1.766097	0.447885	1.795950	4.009932
105	52	1.766097	0.400906	1.329802	3.496805
105	53	1.766097	0.495132	2.264763	4.525992
105	54	1.766097	0.444509	1.762458	3.973065
105	55	1.766097	0.378811	1.110561	3.255469
105	56	1.766097	0.476273	2.077629	4.319998
105	57	1.766097	0.391726	1.238714	3.396536
105	58	1.766097	0.435570	1.673754	3.875421
105	59	1.766097	0.412600	1.445839	3.624536
105	60	1.766097	0.456531	1.881738	4.104365
105	61	1.766097	0.410962	1.429586	3.606645
105	62	1.766097	0.498796	2.301121	4.566014
105	63	1.766097	0.407937	1.399571	3.573605
105	64	1.766097	0.453730	1.853953	4.073780
105	65	1.766097	0.451397	1.830800	4.048294
105	66	1.766097	0.436397	1.681961	3.884454
105	67	1.766097	0.447975	1.796850	4.010923
105	68	1.766097	0.472223	2.090407	4.328727
105	69	1.766097	0.440355	1.721235	3.927686
105	70	1.766097	0.519219	2.503765	4.789080
105	71	1.766097	0.412600	1.445839	3.624536
105	72	1.766097	0.407937	1.399571	3.573605
105	73	1.766097	0.412600	1.445839	3.624536
105	74	1.766097	0.432662	1.644898	3.843656
105	75	1.766097	0.438356	1.701396	3.905849
105	76	1.766097	0.384901	1.170998	3.321996
105	77	1.766097	0.361192	0.935743	3.063032
105	78	1.766097	0.415761	1.477203	3.659061
105	79	1.766097	0.401642	1.337104	3.504843
105	80	1.766097	0.401642	1.337104	3.504843
105	81	1.766097	0.460562	1.921744	4.148403
105	82	1.766097	0.430330	1.621758	3.818185
105	83	1.766097	0.450931	1.826181	4.043210
105	84	1.766097	0.407937	1.399571	3.573605
105	85	1.766097	0.362669	0.950401	3.079167
105	86	1.766097	0.458674	2.114861	4.339631
105	87	1.766097	0.395882	1.279952	3.441930
105	88	1.766097	0.361192	0.935743	3.063032
105	89	1.766097	0.395642	1.277570	3.439308
105	90	1.766097	0.413092	1.450715	3.629903
105	91	1.766097	0.452228	2.156827	4.375151
105	92	1.766097	0.400713	1.327884	3.494693
105	93	1.766097	0.447885	1.795950	4.009932
105	94	1.766097	0.400906	1.329802	3.496805
105	95	1.766097	0.519219	2.503765	4.789080
105	96	1.766097	0.430754	1.625970	3.822821
105	97	1.766097	0.478458	2.152272	4.396826
105	98	1.766097	0.384901	1.170998	3.321996
105	99	1.766097	0.436596	1.683937	3.886630
106	0	1.641233	0.465983	1.975528	4.082744
106	1	1.641233	0.518016	2.491826	4.651075
106	2	1.641233	0.494240	2.255910	4.391384
106	3	1.641233	0.475441	2.069382	4.186057
106	4	1.641233	0.534234	2.652748	4.828215
106	5	1.641233	0.431393	2.108983	4.181609
106	6	1.641233	0.441445	1.732053	3.814732
106	7	1.641233	0.414592	1.465605	3.521430
106	8	1.641233	0.415148	1.471115	3.527496
106	9	1.641233	0.441445	1.732053	3.814732
106	10	1.641233	0.511424	2.426414	4.579071
106	11	1.641233	0.474771	2.062729	4.178734
106	12	1.641233	0.448749	1.804526	3.894509
106	13	1.641233	0.414120	1.460920	3.516273
106	14	1.641233	0.494412	2.257619	4.393265
106	15	1.641233	0.521402	2.525428	4.688063
106	16	1.641233	0.392057	1.242001	3.275292
106	17	1.641233	0.494240	2.255910	4.391384
106	18	1.641233	0.456151	1.877970	3.975354
106	19	1.641233	0.474771	2.062729	4.178734
106	20	1.641233	0.400493	1.325702	3.367428
106	21	1.641233	0.507351	2.386007	4.534592
106	22	1.641233	0.494865	2.262114	4.398213
106	23	1.641233	0.417507	1.494528	3.553268
106	24	1.641233	0.494412	2.257619	4.393265
106	25	1.641233	0.436970	1.687649	3.765853
106	26	1.641233	0.430237	1.620836	3.692306
106	27	1.641233	0.436495	1.682933	3.760661
106	28	1.641233	0.402393	1.344557	3.388183
106	29	1.641233	0.415148	1.471115	3.527496
106	30	1.641233	0.449187	1.808875	3.899295
106	31	1.641233	0.433222	1.650459	3.724914
106	32	1.641233	0.476974	2.084586	4.202793
106	33	1.641233	0.471942	2.193553	4.306729
106	34	1.641233	0.391769	1.239146	3.272148
106	35	1.641233	0.391769	1.239146	3.272148
106	36	1.641233	0.425451	1.573349	3.640033
106	37	1.641233	0.456151	1.877970	3.975354
106	38	1.641233	0.434324	1.661389	3.736946
106	39	1.641233	0.438296	1.700808	3.780338
106	40	1.641233	0.494385	2.257352	4.392971
106	41	1.641233	0.448818	1.805214	3.895266
106	42	1.641233	0.436495	1.682933	3.760661
106	43	1.641233	0.415148	1.471115	3.527496
106	44	1.641233	0.485426	2.168458	4.295118
106	45	1.641233	0.414120	1.460920	3.516273
106	46	1.641233	0.409903	1.842790	3.893927
106	47	1.641233	0.488759	2.201521	4.331513
106	48	1.641233	0.432063	1.638962	3.712258
106	49	1.641233	0.478106	2.095823	4.215163
106	50	1.641233	0.518016	2.491826	4.651075
106	51	1.641233	0.414592	1.465605	3.521430
106	52	1.641233	0.402393	1.344557	3.388183
106	53	1.641233	0.485426	2.168458	4.295118
106	54	1.641233	0.448749	1.804526	3.894509
106	55	1.641233	0.494412	2.257619	4.393265
106	56	1.641233	0.478006	2.094831	4.214071
106	57	1.641233	0.495174	2.265181	4.401588
106	58	1.641233	0.473306	2.048195	4.162735
106	59	1.641233	0.516989	2.481635	4.639858
106	60	1.641233	0.479984	2.167416	4.288633
106	61	1.641233	0.512367	2.435780	4.589380
106	62	1.641233	0.436432	1.682311	3.759976
106	63	1.641233	0.414592	1.465605	3.521430
106	64	1.641233	0.476974	2.084586	4.202793
106	65	1.641233	0.488401	2.250937	4.380572
106	66	1.641233	0.474771	2.062729	4.178734
106	67	1.641233	0.507509	2.387575	4.536317
106	68	1.641233	0.348186	1.601149	3.590569
106	69	1.641233	0.448555	1.802599	3.892387
106	70	1.641233	0.392057	1.242001	3.275292
106	71	1.641233	0.488401	2.250937	4.380572
106	72	1.641233	0.430237	1.620836	3.692306
106	73	1.641233	0.436970	1.687649	3.765853
106	74	1.641233	0.476974	2.084586	4.202793
106	75	1.641233	0.393768	1.258977	3.293978
106	76	1.641233	0.494385	2.257352	4.392971
106	77	1.641233	0.463648	1.952356	4.057237
106	78	1.641233	0.402393	1.344557	3.388183
106	79	1.641233	0.420516	1.524387	3.586136
106	80	1.641233	0.459435	1.910558	4.011226
106	81	1.641233	0.440068	1.718387	3.799688
106	82	1.641233	0.420516	1.524387	3.586136
106	83	1.641233	0.431393	2.108983	4.181609
106	84	1.641233	0.551032	2.819433	5.011699
106	85	1.641233	0.485291	2.378968	4.505493
106	86	1.641233	0.429246	1.611010	3.681490
106	87	1.641233	0.506261	2.375193	4.522688
106	88	1.641233	0.505569	2.368323	4.515126
106	89	1.641233	0.417507	1.494528	3.553268
106	90	1.641233	0.512299	2.435098	4.588630
106	91	1.641233	0.452208	1.838844	3.932285
106	92	1.641233	0.478005	2.094818	4.214057
106	93	1.641233	0.516649	2.637152	4.795034
106	94	1.641233	0.507509	2.387575	4.536317
106	95	1.641233	0.505137	2.364034	4.510405
106	96	1.641233	0.501714	2.330074	4.473022
106	97	1.641233	0.505884	2.371451	4.518569
106	98	1.641233	0.434324	1.661389	3.736946
106	99	1.641233	0.454480	1.861390	3.957103
107	0	1.739757	0.460630	1.922417	4.122805
107	1	1.739757	0.423761	2.033257	4.196776
107	2	1.739757	0.501800	2.330929	4.572487
107	3	1.739757	0.449175	1.808753	3.997685
107	4	1.739757	0.526039	2.571436	4.837232
107	5	1.739757	0.415745	1.477040	3.632542
107	6	1.739757	0.507237	2.384872	4.631866
107	7	1.739757	0.377283	1.095401	3.212441
107	8	1.739757	0.460630	1.922417	4.122805
107	9	1.739757	0.481211	2.126628	4.347596
107	10	1.739757	0.425576	1.574590	3.739923
107	11	1.739757	0.504293	2.355664	4.599715
107	12	1.739757	0.423761	2.033257	4.196776
107	13	1.739757	0.429003	1.608592	3.777352
107	14	1.739757	0.451811	1.834908	4.026476
107	15	1.739757	0.433698	1.655184	3.828640
107	16	1.739757	0.427574	1.594419	3.761751
107	17	1.739757	0.505431	2.366954	4.612142
107	18	1.739757	0.431835	1.636693	3.808285
107	19	1.739757	0.427568	1.594362	3.761688
107	20	1.739757	0.451465	1.831479	4.022702
107	21	1.739757	0.481211	2.126628	4.347596
107	22	1.739757	0.470836	2.023687	4.234281
107	23	1.739757	0.503770	2.350468	4.593995
107	24	1.739757	0.446588	1.783085	3.969430
107	25	1.739757	0.475474	2.069706	4.284938
107	26	1.739757	0.429488	2.037120	4.206365
107	27	1.739757	0.482098	2.135434	4.357290
107	28	1.739757	0.414238	1.462089	3.616084
107	29	1.739757	0.481211	2.126628	4.347596
107	30	1.739757	0.427574	1.594419	3.761751
107	31	1.739757	0.371762	1.040620	3.152139
107	32	1.739757	0.435623	1.939098	4.114478
107	33	1.739757	0.472294	2.038155	4.250207
107	34	1.739757	0.425576	1.574590	3.739923
107	35	1.739757	0.415745	1.477040	3.632542
107	36	1.739757	0.466975	1.985374	4.192107
107	37	1.739757	0.458706	1.903323	4.101786
107	38	1.739757	0.417597	1.495417	3.652771
107	39	1.739757	0.462256	1.938545	4.140558
107	40	1.739757	0.513534	2.447351	4.700641
107	41	1.739757	0.401171	1.332433	3.473362
107	42	1.739757	0.412601	1.445842	3.598200
107	43	1.739757	0.405340	1.373797	3.518893
107	44	1.739757	0.419944	1.518711	3.678413
107	45	1.739757	0.425576	1.574590	3.739923
107	46	1.739757	0.466975	1.985374	4.192107
107	47	1.739757	0.468602	2.001521	4.209881
107	48	1.739757	0.420816	2.004036	4.164609
107	49	1.739757	0.369743	1.020593	3.130094
107	50	1.739757	0.451465	1.831479	4.022702
107	51	1.739757	0.497060	2.283893	4.520711
107	52	1.739757	0.429003	1.608592	3.777352
107	53	1.739757	0.491947	2.233156	4.464860
107	54	1.739757	0.434901	1.667115	3.841773
107	55	1.739757	0.412601	1.445842	3.598200
107	56	1.739757	0.446588	1.783085	3.969430
107	57	1.739757	0.478045	2.148177	4.365979
107	58	1.739757	0.486383	2.177949	4.404089
107	59	1.739757	0.433698	1.655184	3.828640
107	60	1.739757	0.449175	1.808753	3.997685
107	61	1.739757	0.472294	2.038155	4.250207
107	62	1.739757	0.466975	1.985374	4.192107
107	63	1.739757	0.475474	2.069706	4.284938
107	64	1.739757	0.405340	1.373797	3.518893
107	65	1.739757	0.427574	1.594419	3.761751
107	66	1.739757	0.449438	1.811360	4.000556
107	67	1.739757	0.464289	1.958722	4.162769
107	68	1.739757	0.440432	1.722002	3.902191
107	69	1.739757	0.388771	1.209391	3.337919
107	70	1.739757	0.414238	1.462089	3.616084
107	71	1.739757	0.414238	1.462089	3.616084
107	72	1.739757	0.482026	2.134713	4.356496
107	73	1.739757	0.405340	1.373797	3.518893
107	74	1.739757	0.509826	2.410563	4.660146
107	75	1.739757	0.476040	2.128289	4.344086
107	76	1.739757	0.464362	1.959451	4.163570
107	77	1.739757	0.431835	1.636693	3.808285
107	78	1.739757	0.413268	1.876172	4.029197
107	79	1.739757	0.404537	1.365832	3.510126
107	80	1.739757	0.427568	1.594362	3.761688
107	81	1.739757	0.371762	1.040620	3.152139
107	82	1.739757	0.461113	2.297954	4.498824
107	83	1.739757	0.482098	2.135434	4.357290
107	84	1.739757	0.515056	2.462453	4.717266
107	85	1.739757	0.446588	1.783085	3.969430
107	86	1.739757	0.472294	2.038155	4.250207
107	87	1.739757	0.461347	1.929533	4.130637
107	88	1.739757	0.476226	2.077164	4.293147
107	89	1.739757	0.467134	1.986947	4.193838
107	90	1.739757	0.481211	2.126628	4.347596
107	91	1.739757	0.470873	2.024050	4.234681
107	92	1.739757	0.434901	1.667115	3.841773
107	93	1.739757	0.515056	2.462453	4.717266
107	94	1.739757	0.467134	1.986947	4.193838
107	95	1.739757	0.481211	2.126628	4.347596
107	96	1.739757	0.468602	2.001521	4.209881
107	97	1.739757	0.460630	1.922417	4.122805
107	98	1.739757	0.464289	1.958722	4.162769
107	99	1.739757	0.436401	1.682002	3.858161
108	0	1.752640	0.434579	1.663926	3.851145
108	1	1.752640	0.481890	2.133367	4.367896
108	2	1.752640	0.390967	1.231183	3.374789
108	3	1.752640	0.516328	2.475075	4.744042
108	4	1.752640	0.412922	1.449035	3.614598
108	5	1.752640	0.419266	1.511983	3.683889
108	6	1.752640	0.391370	1.235182	3.379192
108	7	1.752640	0.441996	1.737517	3.932153
108	8	1.752640	0.460452	1.920646	4.133737
108	9	1.752640	0.456701	1.883430	4.092770
108	10	1.752640	0.433538	1.653590	3.839768
108	11	1.752640	0.412922	1.449035	3.614598
108	12	1.752640	0.497743	2.290672	4.541055
108	13	1.752640	0.415539	1.898714	4.066893
108	14	1.752640	0.437446	1.692371	3.882456
108	15	1.752640	0.487019	2.184259	4.423918
108	16	1.752640	0.374958	1.072330	3.199927
108	17	1.752640	0.425107	1.569941	3.747688
108	18	1.752640	0.469446	2.009891	4.231977
108	19	1.752640	0.490459	2.218398	4.461497
108	20	1.752640	0.497233	2.285607	4.535480
108	21	1.752640	0.419266	1.511983	3.683889
108	22	1.752640	0.371316	1.036193	3.160148
108	23	1.752640	0.469208	2.007533	4.229381
108	24	1.752640	0.485338	2.167575	4.405553
108	25	1.752640	0.472624	2.041423	4.266687
108	26	1.752640	0.479916	2.113776	4.346331
108	27	1.752640	0.479179	2.106468	4.338287
108	28	1.752640	0.423142	1.550440	3.726222
108	29	1.752640	0.544661	2.756209	5.053510
108	30	1.752640	0.433557	1.653782	3.839978
108	31	1.752640	0.490640	2.220191	4.463471
108	32	1.752640	0.412922	1.449035	3.614598
108	33	1.752640	0.411087	1.430826	3.594553
108	34	1.752640	0.429502	1.613545	3.795686
108	35	1.752640	0.432615	1.644437	3.829691
108	36	1.752640	0.473712	2.052218	4.278569
108	37	1.752640	0.439436	1.712118	3.904194
108	38	1.752640	0.433485	1.653073	3.839199
108	39	1.752640	0.457524	1.891600	4.101764
108	40	1.752640	0.490459	2.218398	4.461497
108	41	1.752640	0.520673	2.518189	4.791501
108	42	1.752640	0.499217	2.305297	4.557154
108	43	1.752640	0.449355	1.810539	4.012534
108	44	1.752640	0.490459	2.218398	4.461497
108	45	1.752640	0.419266	1.511983	3.683889
108	46	1.752640	0.432615	1.644437	3.829691
108	47	1.752640	0.516328	2.475075	4.744042
108	48	1.752640	0.455113	1.867675	4.075428
108	49	1.752640	0.455113	1.867675	4.075428
108	50	1.752640	0.421708	1.536208	3.710556
108	51	1.752640	0.433557	1.653782	3.839978
108	52	1.752640	0.412922	1.449035	3.614598
108	53	1.752640	0.421708	1.536208	3.710556
108	54	1.752640	0.496021	2.273586	4.522248
108	55	1.752640	0.473712	2.052218	4.278569
108	56	1.752640	0.374958	1.072330	3.199927
108	57	1.752640	0.472624	2.041423	4.266687
108	58	1.752640	0.432615	1.644437	3.829691
108	59	1.752640	0.454156	1.858180	4.064976
108	60	1.752640	0.520532	2.569761	4.842934
108	61	1.752640	0.445089	1.768210	3.965939
108	62	1.752640	0.475181	2.066802	4.294623
108	63	1.752640	0.467449	1.990078	4.210167
108	64	1.752640	0.490459	2.218398	4.461497
108	65	1.752640	0.455113	1.867675	4.075428
108	66	1.752640	0.433538	1.653590	3.839768
108	67	1.752640	0.374958	1.072330	3.199927
108	68	1.752640	0.436892	1.686872	3.876404
108	69	1.752640	0.391370	1.235182	3.379192
108	70	1.752640	0.433538	1.653590	3.839768
108	71	1.752640	0.475181	2.066802	4.294623
108	72	1.752640	0.483323	2.147583	4.383545
108	73	1.752640	0.437446	1.692371	3.882456
108	74	1.752640	0.469446	2.009891	4.231977
108	75	1.752640	0.450795	1.824827	4.028262
108	76	1.752640	0.482483	2.139249	4.374371
108	77	1.752640	0.516328	2.475075	4.744042
108	78	1.752640	0.429502	1.613545	3.795686
108	79	1.752640	0.487019	2.184259	4.423918
108	80	1.752640	0.508138	2.552707	4.813486
108	81	1.752640	0.420713	1.526339	3.699692
108	82	1.752640	0.483323	2.147583	4.383545
108	83	1.752640	0.480467	2.119248	4.352355
108	84	1.752640	0.490459	2.218398	4.461497
108	85	1.752640	0.483323	2.147583	4.383545
108	86	1.752640	0.398471	1.835278	3.986389
108	87	1.752640	0.482352	2.243883	4.478876
108	88	1.752640	0.530575	2.616441	4.899656
108	89	1.752640	0.457524	1.891600	4.101764
108	90	1.752640	0.425107	1.569941	3.747688
108	91	1.752640	0.460658	1.975659	4.188958
108	92	1.752640	0.471777	2.244880	4.469297
108	93	1.752640	0.465118	1.966943	4.184701
108	94	1.752640	0.400549	1.961822	4.115010
108	95	1.752640	0.390967	1.231183	3.374789
108	96	1.752640	0.453482	2.169272	4.375394
108	97	1.752640	0.502289	2.335775	4.590704
108	98	1.752640	0.429502	1.613545	3.795686
108	99	1.752640	0.441996	1.737517	3.932153
109	0	1.748828	0.468975	2.005214	4.223016
109	1	1.748828	0.448173	1.798815	3.995816
109	2	1.748828	0.407100	1.391262	3.547190
109	3	1.748828	0.425671	1.575534	3.750032
109	4	1.748828	0.485529	2.169473	4.403830
109	5	1.748828	0.419588	1.515180	3.683596
109	6	1.748828	0.413345	1.982867	4.145039
109	7	1.748828	0.461024	1.926323	4.136175
109	8	1.748828	0.433908	1.657269	3.840005
109	9	1.748828	0.410443	1.424438	3.583708
109	10	1.748828	0.410288	1.422901	3.582017
109	11	1.748828	0.422499	1.544061	3.715388
109	12	1.748828	0.469196	2.007413	4.225437
109	13	1.748828	0.409222	1.412322	3.570372
109	14	1.748828	0.412265	1.442515	3.603607
109	15	1.748828	0.452513	1.841871	4.043211
109	16	1.748828	0.461457	1.930618	4.140902
109	17	1.748828	0.367571	0.999035	3.115434
109	18	1.748828	0.378023	1.102746	3.229596
109	19	1.748828	0.433908	1.657269	3.840005
109	20	1.748828	0.383941	1.161470	3.294239
109	21	1.748828	0.433908	1.657269	3.840005
109	22	1.748828	0.486298	2.177107	4.412232
109	23	1.748828	0.505711	2.369729	4.624267
109	24	1.748828	0.434548	1.663612	3.846987
109	25	1.748828	0.409490	1.414974	3.573292
109	26	1.748828	0.469196	2.007413	4.225437
109	27	1.748828	0.460692	1.923034	4.132554
109	28	1.748828	0.400560	1.326373	3.475761
109	29	1.748828	0.461428	2.089220	4.299475
109	30	1.748828	0.367571	0.999035	3.115434
109	31	1.748828	0.411831	1.438205	3.598863
109	32	1.748828	0.461457	1.930618	4.140902
109	33	1.748828	0.421817	1.537297	3.707942
109	34	1.748828	0.485529	2.169473	4.403830
109	35	1.748828	0.412898	1.448793	3.610519
109	36	1.748828	0.392971	1.251070	3.392869
109	37	1.748828	0.407100	1.391262	3.547190
109	38	1.748828	0.475531	2.070268	4.294626
109	39	1.748828	0.431642	1.634778	3.815248
109	40	1.748828	0.409490	1.414974	3.573292
109	41	1.748828	0.466806	2.195552	4.411186
109	42	1.748828	0.428250	1.601123	3.778201
109	43	1.748828	0.410443	1.424438	3.583708
109	44	1.748828	0.434548	1.663612	3.846987
109	45	1.748828	0.431642	1.634778	3.815248
109	46	1.748828	0.403247	1.353035	3.505110
109	47	1.748828	0.469299	2.008432	4.226558
109	48	1.748828	0.491048	2.224233	4.464108
109	49	1.748828	0.466183	2.136403	4.351413
109	50	1.748828	0.468975	2.005214	4.223016
109	51	1.748828	0.469196	2.007413	4.225437
109	52	1.748828	0.410794	1.427921	3.587542
109	53	1.748828	0.378023	1.102746	3.229596
109	54	1.748828	0.439442	1.712178	3.900448
109	55	1.748828	0.500724	2.320245	4.569797
109	56	1.748828	0.456959	1.885985	4.091772
109	57	1.748828	0.378023	1.102746	3.229596
109	58	1.748828	0.433908	1.657269	3.840005
109	59	1.748828	0.486963	2.183701	4.419491
109	60	1.748828	0.480242	2.117013	4.346082
109	61	1.748828	0.483517	2.149507	4.381851
109	62	1.748828	0.448868	1.805711	4.003407
109	63	1.748828	0.490627	2.220064	4.459519
109	64	1.748828	0.469299	2.008432	4.226558
109	65	1.748828	0.378090	1.738981	3.865899
109	66	1.748828	0.439442	1.712178	3.900448
109	67	1.748828	0.476447	2.238251	4.463525
109	68	1.748828	0.435438	1.672451	3.856717
109	69	1.748828	0.490627	2.220064	4.459519
109	70	1.748828	0.465708	1.972803	4.187339
109	71	1.748828	0.426364	1.582416	3.757608
109	72	1.748828	0.443256	2.173735	4.365818
109	73	1.748828	0.392971	1.251070	3.392869
109	74	1.748828	0.419588	1.515180	3.683596
109	75	1.748828	0.383941	1.161470	3.294239
109	76	1.748828	0.491735	2.442905	4.683467
109	77	1.748828	0.421817	1.537297	3.707942
109	78	1.748828	0.503681	2.349585	4.602093
109	79	1.748828	0.409222	1.412322	3.570372
109	80	1.748828	0.447716	1.794271	3.990814
109	81	1.748828	0.448868	1.805711	4.003407
109	82	1.748828	0.415690	1.476499	3.641016
109	83	1.748828	0.400560	1.326373	3.475761
109	84	1.748828	0.415690	1.476499	3.641016
109	85	1.748828	0.496099	2.274351	4.519278
109	86	1.748828	0.403247	1.353035	3.505110
109	87	1.748828	0.484750	2.373596	4.607173
109	88	1.748828	0.452513	1.841871	4.043211
109	89	1.748828	0.476447	2.238251	4.463525
109	90	1.748828	0.456959	1.885985	4.091772
109	91	1.748828	0.499464	2.307747	4.556039
109	92	1.748828	0.444052	1.757925	3.950805
109	93	1.748828	0.431642	1.634778	3.815248
109	94	1.748828	0.422499	1.544061	3.715388
109	95	1.748828	0.546052	2.770017	5.064897
109	96	1.748828	0.425671	1.575534	3.750032
109	97	1.748828	0.383941	1.161470	3.294239
109	98	1.748828	0.435438	1.672451	3.856717
109	99	1.748828	0.439442	1.712178	3.900448
110	0	1.731099	0.382402	1.146194	3.259694
110	1	1.731099	0.403438	1.354924	3.489461
110	2	1.731099	0.458566	1.901936	4.091601
110	3	1.731099	0.420736	1.526571	3.678406
110	4	1.731099	0.367844	1.001750	3.100693
110	5	1.731099	0.360844	0.932293	3.024237
110	6	1.731099	0.413739	1.457137	3.601974
110	7	1.731099	0.456942	1.885818	4.073859
110	8	1.731099	0.366486	0.988276	3.085861
110	9	1.731099	0.456494	1.881372	4.068964
110	10	1.731099	0.475433	2.069301	4.275833
110	11	1.731099	0.451177	1.828619	4.010895
110	12	1.731099	0.432125	1.639574	3.802798
110	13	1.731099	0.454818	1.864748	4.050665
110	14	1.731099	0.402969	1.350277	3.484345
110	15	1.731099	0.493011	2.243719	4.467829
110	16	1.731099	0.461536	1.931405	4.124040
110	17	1.731099	0.461536	1.931405	4.124040
110	18	1.731099	0.420736	1.526571	3.678406
110	19	1.731099	0.367844	1.001750	3.100693
110	20	1.731099	0.440799	1.725644	3.897542
110	21	1.731099	0.411201	1.431951	3.574250
110	22	1.731099	0.377792	1.100456	3.209347
110	23	1.731099	0.431692	2.006027	4.168818
110	24	1.731099	0.428972	1.608290	3.768361
110	25	1.731099	0.496399	2.277334	4.504832
110	26	1.731099	0.460506	1.921185	4.112790
110	27	1.731099	0.413173	1.451523	3.595795
110	28	1.731099	0.475433	2.069301	4.275833
110	29	1.731099	0.422929	1.548327	3.702355
110	30	1.731099	0.514831	2.460221	4.706151
110	31	1.731099	0.399117	1.312052	3.442268
110	32	1.731099	0.512752	2.439597	4.683448
110	33	1.731099	0.442444	1.741960	3.915502
110	34	1.731099	0.403751	1.358031	3.492881
110	35	1.731099	0.438002	1.697884	3.866985
110	36	1.731099	0.411201	1.431951	3.574250
110	37	1.731099	0.360844	0.932293	3.024237
110	38	1.731099	0.422929	1.548327	3.702355
110	39	1.731099	0.440240	1.720097	3.891436
110	40	1.731099	0.511504	2.480176	4.722779
110	41	1.731099	0.428665	1.605243	3.765007
110	42	1.731099	0.481806	2.291422	4.504326
110	43	1.731099	0.403438	1.354924	3.489461
110	44	1.731099	0.487912	2.193125	4.412137
110	45	1.731099	0.456942	1.885818	4.073859
110	46	1.731099	0.526576	2.576761	4.834436
110	47	1.731099	0.471137	2.026672	4.228908
110	48	1.731099	0.512982	2.494838	4.738919
110	49	1.731099	0.441441	1.732013	3.904553
110	50	1.731099	0.487285	2.186902	4.405286
110	51	1.731099	0.458566	1.901936	4.091601
110	52	1.731099	0.512982	2.494838	4.738919
110	53	1.731099	0.420736	1.526571	3.678406
110	54	1.731099	0.360844	0.932293	3.024237
110	55	1.731099	0.399117	1.312052	3.442268
110	56	1.731099	0.366486	0.988276	3.085861
110	57	1.731099	0.447288	1.790027	3.968414
110	58	1.731099	0.449392	1.810903	3.991393
110	59	1.731099	0.521892	2.583254	4.836245
110	60	1.731099	0.464687	1.962666	4.158452
110	61	1.731099	0.532450	2.635050	4.898599
110	62	1.731099	0.439781	1.715537	3.886416
110	63	1.731099	0.413173	1.451523	3.595795
110	64	1.731099	0.460506	1.921185	4.112790
110	65	1.731099	0.411201	1.431951	3.574250
110	66	1.731099	0.449392	1.810903	3.991393
110	67	1.731099	0.404062	1.943718	4.078879
110	68	1.731099	0.366486	0.988276	3.085861
110	69	1.731099	0.420684	2.002726	4.154509
110	70	1.731099	0.454818	1.864748	4.050665
110	71	1.731099	0.425371	1.572553	3.729022
110	72	1.731099	0.403094	1.351518	3.485711
110	73	1.731099	0.423064	1.549662	3.703824
110	74	1.731099	0.425371	1.572553	3.729022
110	75	1.731099	0.366486	0.988276	3.085861
110	76	1.731099	0.442444	1.741960	3.915502
110	77	1.731099	0.456942	1.885818	4.073859
110	78	1.731099	0.406283	1.383154	3.520535
110	79	1.731099	0.399117	1.312052	3.442268
110	80	1.731099	0.440799	1.725644	3.897542
110	81	1.731099	0.521892	2.583254	4.836245
110	82	1.731099	0.440799	1.725644	3.897542
110	83	1.731099	0.449392	1.810903	3.991393
110	84	1.731099	0.377792	1.100456	3.209347
110	85	1.731099	0.403094	1.351518	3.485711
110	86	1.731099	0.382104	1.143241	3.256444
110	87	1.731099	0.454613	1.862715	4.048427
110	88	1.731099	0.423064	1.549662	3.703824
110	89	1.731099	0.422246	1.541550	3.694895
110	90	1.731099	0.456942	1.885818	4.073859
110	91	1.731099	0.403094	1.351518	3.485711
110	92	1.731099	0.455289	1.869416	4.055804
110	93	1.731099	0.402969	1.350277	3.484345
110	94	1.731099	0.491211	2.225858	4.448169
110	95	1.731099	0.382104	1.143241	3.256444
110	96	1.731099	0.465119	2.178814	4.375032
110	97	1.731099	0.485704	2.171211	4.388014
110	98	1.731099	0.454818	1.864748	4.050665
110	99	1.731099	0.440736	1.725012	3.896847
111	0	1.797969	0.374041	1.063234	3.235244
111	1	1.797969	0.441978	1.737343	3.977290
111	2	1.797969	0.455672	1.873221	4.126862
111	3	1.797969	0.469455	2.062940	4.330364
111	4	1.797969	0.449377	1.810761	4.058107
111	5	1.797969	0.475874	2.073672	4.347515
111	6	1.797969	0.423678	1.555756	3.777402
111	7	1.797969	0.383909	1.161153	3.343031
111	8	1.797969	0.441948	2.107790	4.347707
111	9	1.797969	0.422110	1.540201	3.760280
111	10	1.797969	0.421995	1.539060	3.759023
111	11	1.797969	0.419916	1.518435	3.736320
111	12	1.797969	0.420260	1.521846	3.740075
111	13	1.797969	0.422567	1.544735	3.765271
111	14	1.797969	0.417130	1.490783	3.705882
111	15	1.797969	0.478904	2.103738	4.380610
111	16	1.797969	0.440905	1.726692	3.965566
111	17	1.797969	0.408596	1.406112	3.612677
111	18	1.797969	0.492106	2.234734	4.524808
111	19	1.797969	0.417425	1.493709	3.709102
111	20	1.797969	0.443684	1.754271	3.995924
111	21	1.797969	0.491529	2.229007	4.518504
111	22	1.797969	0.443132	1.748791	3.989891
111	23	1.797969	0.463885	1.954714	4.216567
111	24	1.797969	0.455672	1.873221	4.126862
111	25	1.797969	0.392035	1.241783	3.431787
111	26	1.797969	0.367560	0.998924	3.164453
111	27	1.797969	0.423722	1.979905	4.201596
111	28	1.797969	0.449120	1.808207	4.055295
111	29	1.797969	0.535395	2.664270	4.997634
111	30	1.797969	0.422567	1.544735	3.765271
111	31	1.797969	0.501870	2.331617	4.631456
111	32	1.797969	0.437894	1.696816	3.932679
111	33	1.797969	0.365763	0.981100	3.144832
111	34	1.797969	0.443736	1.754785	3.996490
111	35	1.797969	0.479721	2.111847	4.389537
111	36	1.797969	0.482094	2.135390	4.415453
111	37	1.797969	0.442429	1.741813	3.982210
111	38	1.797969	0.385033	1.172304	3.355306
111	39	1.797969	0.492106	2.234734	4.524808
111	40	1.797969	0.437894	1.696816	3.932679
111	41	1.797969	0.494178	2.255300	4.547447
111	42	1.797969	0.485548	2.169669	4.453186
111	43	1.797969	0.441978	1.737343	3.977290
111	44	1.797969	0.440905	1.726692	3.965566
111	45	1.797969	0.413626	1.456014	3.667608
111	46	1.797969	0.383909	1.161153	3.343031
111	47	1.797969	0.424652	1.565419	3.788039
111	48	1.797969	0.440905	1.726692	3.965566
111	49	1.797969	0.473653	2.104603	4.376226
111	50	1.797969	0.367560	0.998924	3.164453
111	51	1.797969	0.496725	2.280564	4.575258
111	52	1.797969	0.535395	2.664270	4.997634
111	53	1.797969	0.392035	1.241783	3.431787
111	54	1.797969	0.383909	1.161153	3.343031
111	55	1.797969	0.470864	2.023958	4.292790
111	56	1.797969	0.419916	1.518435	3.736320
111	57	1.797969	0.408596	1.406112	3.612677
111	58	1.797969	0.424850	1.567385	3.790204
111	59	1.797969	0.399821	1.319033	3.516822
111	60	1.797969	0.420412	1.523349	3.741729
111	61	1.797969	0.455672	1.873221	4.126862
111	62	1.797969	0.402417	1.344794	3.545180
111	63	1.797969	0.402417	1.344794	3.545180
111	64	1.797969	0.437800	2.172558	4.408327
111	65	1.797969	0.411150	1.431453	3.640572
111	66	1.797969	0.424652	1.565419	3.788039
111	67	1.797969	0.425291	1.571759	3.795019
111	68	1.797969	0.399821	1.319033	3.516822
111	69	1.797969	0.417130	1.490783	3.705882
111	70	1.797969	0.461200	1.928073	4.187242
111	71	1.797969	0.434532	1.663453	3.895953
111	72	1.797969	0.465307	1.968819	4.232095
111	73	1.797969	0.449377	1.810761	4.058107
111	74	1.797969	0.455856	1.875041	4.128865
111	75	1.797969	0.439323	1.710993	3.948285
111	76	1.797969	0.438534	1.703167	3.939669
111	77	1.797969	0.482094	2.135390	4.415453
111	78	1.797969	0.454227	1.858885	4.111081
111	79	1.797969	0.475874	2.073672	4.347515
111	80	1.797969	0.473052	2.045669	4.316690
111	81	1.797969	0.420412	1.523349	3.741729
111	82	1.797969	0.496725	2.280564	4.575258
111	83	1.797969	0.402417	1.344794	3.545180
111	84	1.797969	0.455856	1.875041	4.128865
111	85	1.797969	0.419916	1.518435	3.736320
111	86	1.797969	0.480034	2.114948	4.392950
111	87	1.797969	0.479132	2.105999	4.383099
111	88	1.797969	0.413448	1.454253	3.665670
111	89	1.797969	0.413448	1.454253	3.665670
111	90	1.797969	0.402417	1.344794	3.545180
111	91	1.797969	0.421995	1.539060	3.759023
111	92	1.797969	0.535395	2.664270	4.997634
111	93	1.797969	0.443684	1.754271	3.995924
111	94	1.797969	0.420412	1.523349	3.741729
111	95	1.797969	0.425291	1.571759	3.795019
111	96	1.797969	0.472543	2.040623	4.311135
111	97	1.797969	0.494178	2.255300	4.547447
111	98	1.797969	0.417130	1.490783	3.705882
111	99	1.797969	0.473653	2.104603	4.376226
112	0	1.731887	0.475220	2.067182	4.274289
112	1	1.731887	0.475220	2.067182	4.274289
112	2	1.731887	0.422505	1.544122	3.698513
112	3	1.731887	0.470204	2.017418	4.219509
112	4	1.731887	0.526325	2.574278	4.832490
112	5	1.731887	0.443151	1.748983	3.924021
112	6	1.731887	0.383660	1.158683	3.274230
112	7	1.731887	0.456358	1.880028	4.068272
112	8	1.731887	0.448737	1.804406	3.985029
112	9	1.731887	0.402972	1.350302	3.485161
112	10	1.731887	0.462730	1.943255	4.137872
112	11	1.731887	0.422505	1.544122	3.698513
112	12	1.731887	0.491441	2.334065	4.557392
112	13	1.731887	0.536980	2.680000	4.948866
112	14	1.731887	0.402703	1.347632	3.482222
112	15	1.731887	0.438509	1.702920	3.873316
112	16	1.731887	0.451827	1.835069	4.018783
112	17	1.731887	0.425638	1.575207	3.732731
112	18	1.731887	0.415064	1.470291	3.617242
112	19	1.731887	0.445608	1.773355	3.950849
112	20	1.731887	0.438828	1.706082	3.876796
112	21	1.731887	0.442955	1.747037	3.921879
112	22	1.731887	0.468492	2.000424	4.200803
112	23	1.731887	0.406488	1.385195	3.523570
112	24	1.731887	0.407805	1.398255	3.537946
112	25	1.731887	0.455475	1.871262	4.058623
112	26	1.731887	0.383660	1.158683	3.274230
112	27	1.731887	0.317101	1.398634	3.447622
112	28	1.731887	0.444153	1.758920	3.934959
112	29	1.731887	0.438488	1.702714	3.873088
112	30	1.731887	0.406488	1.385195	3.523570
112	31	1.731887	0.493861	2.305118	4.530866
112	32	1.731887	0.424472	1.563633	3.719991
112	33	1.731887	0.407805	1.398255	3.537946
112	34	1.731887	0.427987	1.598511	3.758384
112	35	1.731887	0.462788	1.943830	4.138504
112	36	1.731887	0.486402	2.231099	4.449387
112	37	1.731887	0.433842	1.656611	3.822340
112	38	1.731887	0.438488	1.702714	3.873088
112	39	1.731887	0.439782	1.715553	3.887222
112	40	1.731887	0.473842	2.053511	4.259240
112	41	1.731887	0.461201	2.245859	4.438946
112	42	1.731887	0.496253	2.381816	4.609955
112	43	1.731887	0.482247	2.136909	4.351043
112	44	1.731887	0.469887	2.014272	4.216046
112	45	1.731887	0.387534	1.197116	3.316536
112	46	1.731887	0.402703	1.347632	3.482222
112	47	1.731887	0.418126	1.500667	3.650679
112	48	1.731887	0.474888	2.222776	4.429550
112	49	1.731887	0.411802	1.437920	3.581608
112	50	1.731887	0.407805	1.398255	3.537946
112	51	1.731887	0.482247	2.136909	4.351043
112	52	1.731887	0.491477	2.281456	4.504819
112	53	1.731887	0.411305	1.432991	3.576183
112	54	1.731887	0.462730	1.943255	4.137872
112	55	1.731887	0.419789	1.517172	3.668848
112	56	1.731887	0.416656	1.486078	3.634620
112	57	1.731887	0.444153	1.758920	3.934959
112	58	1.731887	0.442955	1.747037	3.921879
112	59	1.731887	0.498955	2.302691	4.533532
112	60	1.731887	0.482247	2.136909	4.351043
112	61	1.731887	0.443392	1.751375	3.926654
112	62	1.731887	0.529788	2.608634	4.870309
112	63	1.731887	0.461981	1.935816	4.129683
112	64	1.731887	0.423113	1.550149	3.705148
112	65	1.731887	0.529788	2.608634	4.870309
112	66	1.731887	0.418662	1.505989	3.656538
112	67	1.731887	0.526505	2.576059	4.834451
112	68	1.731887	0.458833	1.904583	4.095303
112	69	1.731887	0.427369	1.592384	3.751640
112	70	1.731887	0.461201	2.245859	4.438946
112	71	1.731887	0.383660	1.158683	3.274230
112	72	1.731887	0.419755	1.516831	3.668472
112	73	1.731887	0.419789	1.517172	3.668848
112	74	1.731887	0.426836	1.587097	3.745820
112	75	1.731887	0.426836	1.587097	3.745820
112	76	1.731887	0.482247	2.136909	4.351043
112	77	1.731887	0.431139	1.629793	3.792819
112	78	1.731887	0.446837	1.785555	3.964279
112	79	1.731887	0.448612	1.803171	3.983670
112	80	1.731887	0.473842	2.053511	4.259240
112	81	1.731887	0.402703	1.347632	3.482222
112	82	1.731887	0.423113	1.550149	3.705148
112	83	1.731887	0.445608	1.773355	3.950849
112	84	1.731887	0.443392	1.751375	3.926654
112	85	1.731887	0.419789	1.517172	3.668848
112	86	1.731887	0.456358	1.880028	4.068272
112	87	1.731887	0.381160	1.133872	3.246918
112	88	1.731887	0.418126	1.500667	3.650679
112	89	1.731887	0.425638	1.575207	3.732731
112	90	1.731887	0.427987	1.598511	3.758384
112	91	1.731887	0.456358	1.880028	4.068272
112	92	1.731887	0.463608	2.004932	4.200427
112	93	1.731887	0.402972	1.350302	3.485161
112	94	1.731887	0.402703	1.347632	3.482222
112	95	1.731887	0.425362	1.572464	3.729712
112	96	1.731887	0.424472	1.563633	3.719991
112	97	1.731887	0.484555	2.159814	4.376255
112	98	1.731887	0.445608	1.773355	3.950849
112	99	1.731887	0.458833	1.904583	4.095303
113	0	1.725612	0.539002	2.700061	4.964675
113	1	1.725612	0.454027	1.856900	4.036540
113	2	1.725612	0.489996	2.213798	4.429406
113	3	1.725612	0.513252	2.550481	4.789344
113	4	1.725612	0.478626	2.100984	4.305223
113	5	1.725612	0.494995	2.263401	4.484008
113	6	1.725612	0.483780	2.152120	4.361512
113	7	1.725612	0.382126	1.143463	3.251202
113	8	1.725612	0.489603	2.209901	4.425116
113	9	1.725612	0.430786	1.626285	3.782682
113	10	1.725612	0.454027	1.856900	4.036540
113	11	1.725612	0.491121	2.224963	4.441696
113	12	1.725612	0.406850	1.388783	3.521244
113	13	1.725612	0.424123	1.560179	3.709914
113	14	1.725612	0.448262	1.799697	3.973571
113	15	1.725612	0.485733	2.171503	4.382849
113	16	1.725612	0.464983	1.965608	4.156203
113	17	1.725612	0.421108	1.901001	4.047721
113	18	1.725612	0.462707	1.943029	4.131348
113	19	1.725612	0.367634	0.999665	3.092911
113	20	1.725612	0.458571	1.901983	4.086166
113	21	1.725612	0.500884	2.321838	4.548334
113	22	1.725612	0.422640	2.075094	4.223346
113	23	1.725612	0.445436	1.771652	3.942700
113	24	1.725612	0.489996	2.213798	4.429406
113	25	1.725612	0.406850	1.388783	3.521244
113	26	1.725612	0.421250	1.531669	3.678532
113	27	1.725612	0.482682	2.141222	4.349516
113	28	1.725612	0.489603	2.209901	4.425116
113	29	1.725612	0.403122	1.351793	3.480528
113	30	1.725612	0.415216	1.471799	3.612627
113	31	1.725612	0.360863	0.932474	3.018949
113	32	1.725612	0.404142	1.361914	3.491668
113	33	1.725612	0.457213	1.888506	4.071330
113	34	1.725612	0.440665	1.724312	3.890589
113	35	1.725612	0.440598	1.723647	3.889857
113	36	1.725612	0.457213	1.888506	4.071330
113	37	1.725612	0.463399	1.949886	4.138897
113	38	1.725612	0.463665	2.270307	4.459584
113	39	1.725612	0.382706	1.149216	3.257534
113	40	1.725612	0.463399	1.949886	4.138897
113	41	1.725612	0.466338	1.979049	4.170999
113	42	1.725612	0.487925	2.246211	4.459748
113	43	1.725612	0.430786	1.626285	3.782682
113	44	1.725612	0.411920	1.439087	3.576619
113	45	1.725612	0.483264	2.147003	4.355879
113	46	1.725612	0.424520	1.987825	4.137958
113	47	1.725612	0.527004	2.581007	4.833623
113	48	1.725612	0.415216	1.471799	3.612627
113	49	1.725612	0.440598	1.723647	3.889857
113	50	1.725612	0.403122	1.351793	3.480528
113	51	1.725612	0.463665	2.270307	4.459584
113	52	1.725612	0.421250	1.531669	3.678532
113	53	1.725612	0.441688	1.734463	3.901763
113	54	1.725612	0.406850	1.388783	3.521244
113	55	1.725612	0.407830	1.398508	3.531951
113	56	1.725612	0.403122	1.351793	3.480528
113	57	1.725612	0.478626	2.100984	4.305223
113	58	1.725612	0.405823	1.378596	3.510031
113	59	1.725612	0.360863	0.932474	3.018949
113	60	1.725612	0.487925	2.246211	4.459748
113	61	1.725612	0.407830	1.398508	3.531951
113	62	1.725612	0.443307	1.750525	3.919443
113	63	1.725612	0.367634	0.999665	3.092911
113	64	1.725612	0.426402	1.582785	3.734799
113	65	1.725612	0.445436	1.771652	3.942700
113	66	1.725612	0.404142	1.361914	3.491668
113	67	1.725612	0.463399	1.949886	4.138897
113	68	1.725612	0.463427	1.950172	4.139211
113	69	1.725612	0.499324	2.359321	4.584257
113	70	1.725612	0.484282	2.157097	4.366991
113	71	1.725612	0.483264	2.147003	4.355879
113	72	1.725612	0.367381	0.997156	3.090149
113	73	1.725612	0.496773	2.281048	4.503433
113	74	1.725612	0.462707	1.943029	4.131348
113	75	1.725612	0.383985	1.161903	3.271499
113	76	1.725612	0.415216	1.471799	3.612627
113	77	1.725612	0.440665	1.724312	3.890589
113	78	1.725612	0.426402	1.582785	3.734799
113	79	1.725612	0.428274	1.601363	3.755249
113	80	1.725612	0.405823	1.378596	3.510031
113	81	1.725612	0.458571	1.901983	4.086166
113	82	1.725612	0.474296	2.058019	4.257927
113	83	1.725612	0.407830	1.398508	3.531951
113	84	1.725612	0.437563	1.693535	3.856710
113	85	1.725612	0.464300	1.958829	4.148741
113	86	1.725612	0.367381	0.997156	3.090149
113	87	1.725612	0.496855	2.281857	4.504324
113	88	1.725612	0.382126	1.143463	3.251202
113	89	1.725612	0.490236	2.216181	4.432029
113	90	1.725612	0.485414	2.168333	4.379359
113	91	1.725612	0.406121	1.381546	3.513279
113	92	1.725612	0.407400	1.394237	3.527249
113	93	1.725612	0.485733	2.171503	4.382849
113	94	1.725612	0.440598	1.723647	3.889857
113	95	1.725612	0.434601	1.664146	3.824359
113	96	1.725612	0.406850	1.388783	3.521244
113	97	1.725612	0.539002	2.700061	4.964675
113	98	1.725612	0.407400	1.394237	3.527249
113	99	1.725612	0.435905	1.677078	3.838595
114	0	1.632596	0.498195	2.295156	4.425948
114	1	1.632596	0.479771	2.112343	4.224710
114	2	1.632596	0.482638	2.140790	4.256025
114	3	1.632596	0.449823	1.815182	3.897601
114	4	1.632596	0.499979	2.365814	4.498389
114	5	1.632596	0.498195	2.295156	4.425948
114	6	1.632596	0.440192	1.719621	3.792409
114	7	1.632596	0.514288	2.454835	4.601719
114	8	1.632596	0.526673	2.577726	4.736996
114	9	1.632596	0.399776	2.007119	4.039491
114	10	1.632596	0.462857	1.944513	4.039966
114	11	1.632596	0.435127	1.669364	3.737088
114	12	1.632596	0.447445	1.791588	3.871630
114	13	1.632596	0.475915	2.074085	4.182597
114	14	1.632596	0.466764	1.983276	4.082636
114	15	1.632596	0.506451	2.377070	4.516117
114	16	1.632596	0.447992	1.797010	3.877598
114	17	1.632596	0.442709	1.744596	3.819902
114	18	1.632596	0.416454	1.907786	3.956837
114	19	1.632596	0.483980	2.154107	4.270684
114	20	1.632596	0.498664	2.299805	4.431066
114	21	1.632596	0.438682	1.704640	3.775919
114	22	1.632596	0.408915	1.409278	3.450790
114	23	1.632596	0.443816	1.967434	4.043846
114	24	1.632596	0.440192	1.719621	3.792409
114	25	1.632596	0.482638	2.140790	4.256025
114	26	1.632596	0.446869	1.785868	3.865334
114	27	1.632596	0.448153	1.798611	3.879361
114	28	1.632596	0.393454	1.255856	3.281906
114	29	1.632596	0.435127	1.669364	3.737088
114	30	1.632596	0.526673	2.577726	4.736996
114	31	1.632596	0.478111	2.095866	4.206573
114	32	1.632596	0.447992	1.797010	3.877598
114	33	1.632596	0.487632	2.190339	4.310568
114	34	1.632596	0.447445	1.791588	3.871630
114	35	1.632596	0.481696	2.396258	4.510550
114	36	1.632596	0.444649	1.763840	3.841085
114	37	1.632596	0.479771	2.112343	4.224710
114	38	1.632596	0.460654	1.922648	4.015898
114	39	1.632596	0.393454	1.255856	3.281906
114	40	1.632596	0.474053	2.055604	4.162254
114	41	1.632596	0.491731	2.231016	4.355343
114	42	1.632596	0.514288	2.454835	4.601719
114	43	1.632596	0.495647	2.269870	4.398113
114	44	1.632596	0.462857	1.944513	4.039966
114	45	1.632596	0.526673	2.577726	4.736996
114	46	1.632596	0.480186	2.328316	4.441098
114	47	1.632596	0.545013	2.759703	4.937312
114	48	1.632596	0.442709	1.744596	3.819902
114	49	1.632596	0.398334	1.304282	3.335212
114	50	1.632596	0.462845	1.944391	4.039832
114	51	1.632596	0.444649	1.763840	3.841085
114	52	1.632596	0.498664	2.299805	4.431066
114	53	1.632596	0.475915	2.074085	4.182597
114	54	1.632596	0.393454	1.255856	3.281906
114	55	1.632596	0.446869	1.785868	3.865334
114	56	1.632596	0.462857	1.944513	4.039966
114	57	1.632596	0.469529	2.010719	4.112844
114	58	1.632596	0.479771	2.112343	4.224710
114	59	1.632596	0.427955	1.598200	3.658751
114	60	1.632596	0.474053	2.055604	4.162254
114	61	1.632596	0.514111	2.453082	4.599790
114	62	1.632596	0.424947	1.568346	3.625888
114	63	1.632596	0.495647	2.269870	4.398113
114	64	1.632596	0.442709	1.744596	3.819902
114	65	1.632596	0.495647	2.269870	4.398113
114	66	1.632596	0.462845	1.944391	4.039832
114	67	1.632596	0.424947	1.568346	3.625888
114	68	1.632596	0.462845	1.944391	4.039832
114	69	1.632596	0.462845	1.944391	4.039832
114	70	1.632596	0.447516	1.792290	3.872402
114	71	1.632596	0.474452	2.059559	4.166607
114	72	1.632596	0.550802	2.870115	5.053513
114	73	1.632596	0.474452	2.059559	4.166607
114	74	1.632596	0.427955	1.598200	3.658751
114	75	1.632596	0.474752	2.062544	4.169892
114	76	1.632596	0.491626	2.282938	4.407161
114	77	1.632596	0.438682	1.704640	3.775919
114	78	1.632596	0.437200	1.689934	3.759731
114	79	1.632596	0.479771	2.112343	4.224710
114	80	1.632596	0.447516	1.792290	3.872402
114	81	1.632596	0.416454	1.907786	3.956837
114	82	1.632596	0.424947	1.568346	3.625888
114	83	1.632596	0.511594	2.428107	4.572297
114	84	1.632596	0.447516	1.792290	3.872402
114	85	1.632596	0.522906	2.540350	4.695853
114	86	1.632596	0.466764	1.983276	4.082636
114	87	1.632596	0.398334	1.304282	3.335212
114	88	1.632596	0.498195	2.295156	4.425948
114	89	1.632596	0.357689	1.589515	3.579801
114	90	1.632596	0.449823	1.815182	3.897601
114	91	1.632596	0.477554	2.090343	4.200494
114	92	1.632596	0.491902	2.232710	4.357208
114	93	1.632596	0.462845	1.944391	4.039832
114	94	1.632596	0.475915	2.074085	4.182597
114	95	1.632596	0.452998	1.846685	3.932279
114	96	1.632596	0.432419	1.642494	3.707509
114	97	1.632596	0.483980	2.154107	4.270684
114	98	1.632596	0.442709	1.744596	3.819902
114	99	1.632596	0.446869	1.785868	3.865334
115	0	1.799305	0.424601	1.564916	3.788821
115	1	1.799305	0.472259	2.037799	4.309362
115	2	1.799305	0.419633	1.515623	3.734560
115	3	1.799305	0.520887	2.520317	4.840509
115	4	1.799305	0.487094	2.185005	4.471404
115	5	1.799305	0.445048	2.085588	4.329941
115	6	1.799305	0.472697	2.042152	4.314154
115	7	1.799305	0.471457	2.029851	4.300613
115	8	1.799305	0.388450	1.206212	3.393967
115	9	1.799305	0.369899	1.022138	3.191342
115	10	1.799305	0.426090	1.579691	3.805086
115	11	1.799305	0.491044	2.330127	4.620475
115	12	1.799305	0.421830	1.537425	3.758560
115	13	1.799305	0.457539	2.156563	4.413407
115	14	1.799305	0.448066	1.797748	4.045119
115	15	1.799305	0.414030	1.460030	3.673365
115	16	1.799305	0.426090	1.579691	3.805086
115	17	1.799305	0.444037	1.969627	4.212968
115	18	1.799305	0.438077	1.963452	4.200833
115	19	1.799305	0.452331	1.840066	4.091701
115	20	1.799305	0.438500	1.702830	3.940635
115	21	1.799305	0.533100	2.641498	4.973902
115	22	1.799305	0.427961	1.598259	3.825524
115	23	1.799305	0.528136	2.592247	4.919688
115	24	1.799305	0.405604	1.376417	3.581326
115	25	1.799305	0.462140	1.937393	4.198837
115	26	1.799305	0.547289	2.782288	5.128882
115	27	1.799305	0.406120	1.381544	3.586969
115	28	1.799305	0.459377	1.909977	4.168658
115	29	1.799305	0.465315	1.968904	4.233524
115	30	1.799305	0.425629	1.575114	3.800047
115	31	1.799305	0.513263	2.444668	4.757236
115	32	1.799305	0.447539	1.792521	4.039364
115	33	1.799305	0.405604	1.376417	3.581326
115	34	1.799305	0.418164	1.501047	3.718516
115	35	1.799305	0.421830	1.537425	3.758560
115	36	1.799305	0.404551	1.365968	3.569823
115	37	1.799305	0.421830	1.537425	3.758560
115	38	1.799305	0.465048	1.966258	4.230611
115	39	1.799305	0.498044	2.346623	4.643972
115	40	1.799305	0.466706	2.194559	4.460570
115	41	1.799305	0.406120	1.381544	3.586969
115	42	1.799305	0.432751	1.645785	3.877841
115	43	1.799305	0.489221	2.206111	4.494637
115	44	1.799305	0.407292	1.393165	3.599761
115	45	1.799305	0.405384	1.374239	3.578928
115	46	1.799305	0.462140	1.937393	4.198837
115	47	1.799305	0.465048	1.966258	4.230611
115	48	1.799305	0.447539	1.792521	4.039364
115	49	1.799305	0.369899	1.022138	3.191342
115	50	1.799305	0.473365	2.048775	4.321445
115	51	1.799305	0.427961	1.598259	3.825524
115	52	1.799305	0.383382	1.155924	3.338611
115	53	1.799305	0.405384	1.374239	3.578928
115	54	1.799305	0.465315	1.968904	4.233524
115	55	1.799305	0.490687	2.220659	4.510651
115	56	1.799305	0.520887	2.520317	4.840509
115	57	1.799305	0.492934	2.242955	4.535194
115	58	1.799305	0.383382	1.155924	3.338611
115	59	1.799305	0.463769	1.953563	4.216637
115	60	1.799305	0.473365	2.048775	4.321445
115	61	1.799305	0.447539	1.792521	4.039364
115	62	1.799305	0.418164	1.501047	3.718516
115	63	1.799305	0.369899	1.022138	3.191342
115	64	1.799305	0.406120	1.381544	3.586969
115	65	1.799305	0.476011	2.075036	4.350352
115	66	1.799305	0.440508	1.722755	3.962567
115	67	1.799305	0.451073	1.827583	4.077960
115	68	1.799305	0.433961	1.657794	3.891059
115	69	1.799305	0.407292	1.393165	3.599761
115	70	1.799305	0.450229	1.819211	4.068744
115	71	1.799305	0.421830	1.537425	3.758560
115	72	1.799305	0.477981	2.200507	4.477793
115	73	1.799305	0.468179	1.997324	4.264808
115	74	1.799305	0.468965	2.005115	4.273384
115	75	1.799305	0.450229	1.819211	4.068744
115	76	1.799305	0.440508	1.722755	3.962567
115	77	1.799305	0.471242	2.027710	4.298256
115	78	1.799305	0.464411	1.959927	4.223642
115	79	1.799305	0.397574	1.296744	3.493623
115	80	1.799305	0.448296	2.170779	4.418379
115	81	1.799305	0.426090	1.579691	3.805086
115	82	1.799305	0.405384	1.374239	3.578928
115	83	1.799305	0.425629	1.575114	3.800047
115	84	1.799305	0.411797	1.437871	3.648972
115	85	1.799305	0.468179	1.997324	4.264808
115	86	1.799305	0.489221	2.206111	4.494637
115	87	1.799305	0.490687	2.220659	4.510651
115	88	1.799305	0.466706	2.194559	4.460570
115	89	1.799305	0.404551	1.365968	3.569823
115	90	1.799305	0.411797	1.437871	3.648972
115	91	1.799305	0.405384	1.374239	3.578928
115	92	1.799305	0.433961	1.657794	3.891059
115	93	1.799305	0.465595	1.971685	4.236585
115	94	1.799305	0.479742	2.112052	4.391099
115	95	1.799305	0.406120	1.381544	3.586969
115	96	1.799305	0.418509	1.504471	3.722285
115	97	1.799305	0.440581	1.723477	3.963362
115	98	1.799305	0.440508	1.722755	3.962567
115	99	1.799305	0.465595	1.971685	4.236585
116	0	1.729554	0.447723	1.794343	3.971619
116	1	1.729554	0.421934	1.538453	3.689941
116	2	1.729554	0.412569	2.028132	4.170256
116	3	1.729554	0.488139	2.248340	4.466033
116	4	1.729554	0.469349	2.008932	4.207836
116	5	1.729554	0.447723	1.794343	3.971619
116	6	1.729554	0.495523	2.268642	4.493719
116	7	1.729554	0.513584	2.447852	4.690990
116	8	1.729554	0.448026	1.797351	3.974931
116	9	1.729554	0.456741	2.254572	4.440867
116	10	1.729554	0.413058	1.450377	3.592988
116	11	1.729554	0.462814	1.944090	4.136459
116	12	1.729554	0.461638	1.932413	4.123605
116	13	1.729554	0.487355	2.240557	4.457466
116	14	1.729554	0.456932	1.885723	4.072209
116	15	1.729554	0.473825	2.053347	4.256726
116	16	1.729554	0.407991	1.400106	3.537651
116	17	1.729554	0.491112	2.224874	4.445541
116	18	1.729554	0.385853	1.180445	3.295853
116	19	1.729554	0.469077	2.006234	4.204865
116	20	1.729554	0.411563	1.435545	3.576661
116	21	1.729554	0.431637	1.634729	3.795919
116	22	1.729554	0.450621	1.823104	4.003279
116	23	1.729554	0.411563	1.435545	3.576661
116	24	1.729554	0.478266	2.309263	4.517083
116	25	1.729554	0.430515	1.623599	3.783668
116	26	1.729554	0.451818	1.834974	4.016345
116	27	1.729554	0.447425	1.791389	3.968368
116	28	1.729554	0.453831	1.854954	4.038339
116	29	1.729554	0.413058	1.450377	3.592988
116	30	1.729554	0.458289	1.899189	4.087032
116	31	1.729554	0.455898	1.875462	4.060914
116	32	1.729554	0.387211	1.193912	3.310677
116	33	1.729554	0.395688	1.278025	3.403266
116	34	1.729554	0.451818	1.834974	4.016345
116	35	1.729554	0.488139	2.248340	4.466033
116	36	1.729554	0.469077	2.006234	4.204865
116	37	1.729554	0.483945	2.153762	4.367261
116	38	1.729554	0.433669	1.654892	3.818114
116	39	1.729554	0.445088	1.980058	4.154700
116	40	1.729554	0.434775	1.665870	3.830199
116	41	1.729554	0.385853	1.180445	3.295853
116	42	1.729554	0.522841	2.592668	4.845063
116	43	1.729554	0.469349	2.008932	4.207836
116	44	1.729554	0.426459	1.583353	3.739366
116	45	1.729554	0.434231	1.660468	3.824253
116	46	1.729554	0.421934	1.538453	3.689941
116	47	1.729554	0.431637	1.634729	3.795919
116	48	1.729554	0.411326	1.433195	3.574075
116	49	1.729554	0.388164	1.203367	3.321084
116	50	1.729554	0.428745	1.606040	3.764340
116	51	1.729554	0.426459	1.583353	3.739366
116	52	1.729554	0.413058	1.450377	3.592988
116	53	1.729554	0.404967	1.370100	3.504621
116	54	1.729554	0.428745	1.606040	3.764340
116	55	1.729554	0.508969	2.402063	4.640586
116	56	1.729554	0.452016	1.836945	4.018515
116	57	1.729554	0.388671	1.208397	3.326621
116	58	1.729554	0.507728	2.389746	4.627028
116	59	1.729554	0.413224	1.452025	3.594802
116	60	1.729554	0.430515	1.623599	3.783668
116	61	1.729554	0.426459	1.583353	3.739366
116	62	1.729554	0.490990	2.223662	4.444206
116	63	1.729554	0.491688	2.230584	4.451826
116	64	1.729554	0.385853	1.180445	3.295853
116	65	1.729554	0.413224	1.452025	3.594802
116	66	1.729554	0.461638	1.932413	4.123605
116	67	1.729554	0.447723	1.794343	3.971619
116	68	1.729554	0.322481	1.452013	3.504047
116	69	1.729554	0.456932	1.885723	4.072209
116	70	1.729554	0.411563	1.435545	3.576661
116	71	1.729554	0.416111	1.480672	3.626337
116	72	1.729554	0.464511	1.960927	4.154992
116	73	1.729554	0.413224	1.452025	3.594802
116	74	1.729554	0.447425	1.791389	3.968368
116	75	1.729554	0.455898	1.875462	4.060914
116	76	1.729554	0.404967	1.370100	3.504621
116	77	1.729554	0.424729	1.566185	3.720467
116	78	1.729554	0.461638	1.932413	4.123605
116	79	1.729554	0.464283	1.958665	4.152502
116	80	1.729554	0.460713	1.923238	4.113505
116	81	1.729554	0.461719	1.933220	4.124493
116	82	1.729554	0.446329	1.780515	3.956399
116	83	1.729554	0.472029	2.035517	4.237100
116	84	1.729554	0.481425	2.128755	4.339735
116	85	1.729554	0.464511	1.960927	4.154992
116	86	1.729554	0.519713	2.508662	4.757929
116	87	1.729554	0.453831	1.854954	4.038339
116	88	1.729554	0.421934	1.538453	3.689941
116	89	1.729554	0.503515	2.453872	4.686941
116	90	1.729554	0.434231	1.660468	3.824253
116	91	1.729554	0.508969	2.402063	4.640586
116	92	1.729554	0.407991	1.400106	3.537651
116	93	1.729554	0.549940	2.808589	5.088083
116	94	1.729554	0.411326	1.433195	3.574075
116	95	1.729554	0.513584	2.447852	4.690990
116	96	1.729554	0.414986	1.469514	3.614054
116	97	1.729554	0.461719	1.933220	4.124493
116	98	1.729554	0.423461	1.553609	3.706624
116	99	1.729554	0.433669	1.654892	3.818114
117	0	1.679906	0.434975	1.667853	3.782734
117	1	1.679906	0.493815	2.357620	4.531341
117	2	1.679906	0.462893	1.944868	4.087667
117	3	1.679906	0.481290	2.127409	4.288605
117	4	1.679906	0.414540	1.465087	3.559534
117	5	1.679906	0.423669	1.555673	3.659249
117	6	1.679906	0.467625	1.991820	4.139351
117	7	1.679906	0.430679	1.625227	3.735812
117	8	1.679906	0.425175	1.570609	3.675690
117	9	1.679906	0.415542	1.475030	3.570479
117	10	1.679906	0.415542	1.475030	3.570479
117	11	1.679906	0.438933	1.707123	3.825962
117	12	1.679906	0.429001	1.608577	3.717484
117	13	1.679906	0.493839	2.251927	4.425672
117	14	1.679906	0.429001	1.608577	3.717484
117	15	1.679906	0.429001	1.608577	3.717484
117	16	1.679906	0.375596	1.502376	3.557879
117	17	1.679906	0.526113	2.572165	4.778184
117	18	1.679906	0.422630	1.545358	3.647895
117	19	1.679906	0.462893	1.944868	4.087667
117	20	1.679906	0.467480	1.990380	4.137766
117	21	1.679906	0.461367	1.929730	4.071004
117	22	1.679906	0.451833	1.835126	3.966866
117	23	1.679906	0.523034	2.541617	4.744557
117	24	1.679906	0.426618	1.955672	4.062196
117	25	1.679906	0.455352	1.870047	4.005306
117	26	1.679906	0.482255	2.242919	4.405081
117	27	1.679906	0.506765	2.380190	4.566861
117	28	1.679906	0.451833	1.835126	3.966866
117	29	1.679906	0.462893	1.944868	4.087667
117	30	1.679906	0.413590	1.455660	3.549156
117	31	1.679906	0.420266	1.521906	3.622079
117	32	1.679906	0.501766	2.330589	4.512262
117	33	1.679906	0.455352	1.870047	4.005306
117	34	1.679906	0.363684	0.960470	3.004060
117	35	1.679906	0.386548	1.187340	3.253794
117	36	1.679906	0.485292	2.326016	4.491215
117	37	1.679906	0.411140	1.431348	3.522394
117	38	1.679906	0.422630	1.545358	3.647895
117	39	1.679906	0.480447	2.119046	4.279399
117	40	1.679906	0.451833	1.835126	3.966866
117	41	1.679906	0.385829	1.180204	3.245939
117	42	1.679906	0.408594	1.406087	3.494588
117	43	1.679906	0.474169	2.056756	4.210832
117	44	1.679906	0.445285	1.770151	3.895342
117	45	1.679906	0.434975	1.667853	3.782734
117	46	1.679906	0.466865	1.984280	4.131052
117	47	1.679906	0.462893	1.944868	4.087667
117	48	1.679906	0.423669	1.555673	3.659249
117	49	1.679906	0.424757	1.566463	3.671126
117	50	1.679906	0.372781	1.580367	3.633054
117	51	1.679906	0.443139	1.748858	3.871903
117	52	1.679906	0.441404	2.049430	4.170740
117	53	1.679906	0.408594	1.406087	3.494588
117	54	1.679906	0.427698	1.595650	3.703254
117	55	1.679906	0.461603	1.932065	4.073574
117	56	1.679906	0.433433	1.652553	3.765892
117	57	1.679906	0.444321	1.760590	3.884818
117	58	1.679906	0.386548	1.187340	3.253794
117	59	1.679906	0.413590	1.455660	3.549156
117	60	1.679906	0.528513	2.595980	4.804399
117	61	1.679906	0.433469	1.652906	3.766281
117	62	1.679906	0.461367	1.929730	4.071004
117	63	1.679906	0.466865	1.984280	4.131052
117	64	1.679906	0.501766	2.330589	4.512262
117	65	1.679906	0.462893	1.944868	4.087667
117	66	1.679906	0.407082	1.391083	3.478071
117	67	1.679906	0.481290	2.127409	4.288605
117	68	1.679906	0.489430	2.208183	4.377519
117	69	1.679906	0.429138	1.609933	3.718978
117	70	1.679906	0.508893	2.401308	4.590108
117	71	1.679906	0.443139	1.748858	3.871903
117	72	1.679906	0.445285	1.770151	3.895342
117	73	1.679906	0.482488	2.245232	4.407627
117	74	1.679906	0.450352	1.820431	3.950690
117	75	1.679906	0.488873	2.202652	4.371431
117	76	1.679906	0.531806	2.628656	4.840368
117	77	1.679906	0.425175	1.570609	3.675690
117	78	1.679906	0.469404	2.009475	4.158786
117	79	1.679906	0.417276	1.492233	3.589415
117	80	1.679906	0.441566	1.733252	3.854725
117	81	1.679906	0.493815	2.357620	4.531341
117	82	1.679906	0.430679	1.625227	3.735812
117	83	1.679906	0.506008	2.372681	4.558596
117	84	1.679906	0.429138	1.609933	3.718978
117	85	1.679906	0.445285	1.770151	3.895342
117	86	1.679906	0.465401	1.969757	4.115065
117	87	1.679906	0.461367	1.929730	4.071004
117	88	1.679906	0.504348	2.356209	4.540464
117	89	1.679906	0.363684	0.960470	3.004060
117	90	1.679906	0.471065	2.131887	4.282859
117	91	1.679906	0.411140	1.431348	3.522394
117	92	1.679906	0.448122	1.798306	3.926335
117	93	1.679906	0.460977	1.925855	4.066739
117	94	1.679906	0.445219	1.769500	3.894626
117	95	1.679906	0.469404	2.009475	4.158786
117	96	1.679906	0.470848	2.023805	4.174560
117	97	1.679906	0.430679	1.625227	3.735812
117	98	1.679906	0.423669	1.555673	3.659249
117	99	1.679906	0.427698	1.595650	3.703254
118	0	1.790394	0.418720	1.506567	3.715682
118	1	1.790394	0.473691	2.369795	4.633880
118	2	1.790394	0.418286	1.502252	3.710932
118	3	1.790394	0.457821	1.894544	4.142759
118	4	1.790394	0.480911	2.123651	4.394957
118	5	1.790394	0.476304	2.289797	4.556496
118	6	1.790394	0.405810	1.378467	3.574671
118	7	1.790394	0.456298	1.879435	4.126128
118	8	1.790394	0.428196	1.600592	3.819183
118	9	1.790394	0.417454	1.494003	3.701852
118	10	1.790394	0.363307	0.956724	3.110425
118	11	1.790394	0.475434	2.122271	4.388099
118	12	1.790394	0.415840	1.477987	3.684221
118	13	1.790394	0.493335	2.246933	4.530662
118	14	1.790394	0.469768	2.013089	4.273251
118	15	1.790394	0.473179	2.046934	4.310508
118	16	1.790394	0.474949	2.064494	4.329837
118	17	1.790394	0.472415	2.198240	4.461049
118	18	1.790394	0.476304	2.289797	4.556496
118	19	1.790394	0.417738	1.496823	3.704956
118	20	1.790394	0.457821	1.894544	4.142759
118	21	1.790394	0.515007	2.461968	4.767369
118	22	1.790394	0.467793	1.993487	4.251675
118	23	1.790394	0.486583	2.179935	4.456913
118	24	1.790394	0.478239	2.097141	4.365775
118	25	1.790394	0.491619	2.282866	4.564880
118	26	1.790394	0.380049	1.122854	3.293298
118	27	1.790394	0.432779	1.963844	4.187017
118	28	1.790394	0.496922	2.282518	4.569834
118	29	1.790394	0.443350	1.750951	3.984695
118	30	1.790394	0.410248	1.422501	3.623144
118	31	1.790394	0.418286	1.502252	3.710932
118	32	1.790394	0.437824	1.696124	3.924343
118	33	1.790394	0.430855	1.944757	4.166007
118	34	1.790394	0.418720	1.506567	3.715682
118	35	1.790394	0.428196	1.600592	3.819183
118	36	1.790394	0.455098	1.867520	4.113012
118	37	1.790394	0.418286	1.502252	3.710932
118	38	1.790394	0.410548	1.425472	3.626414
118	39	1.790394	0.422578	1.544847	3.757820
118	40	1.790394	0.468853	2.004011	4.263259
118	41	1.790394	0.412562	1.445459	3.648416
118	42	1.790394	0.414655	1.466231	3.671281
118	43	1.790394	0.393104	1.252393	3.435892
118	44	1.790394	0.490379	2.217600	4.498374
118	45	1.790394	0.434705	1.665170	3.890269
118	46	1.790394	0.402534	1.345955	3.538883
118	47	1.790394	0.423496	1.553949	3.767839
118	48	1.790394	0.477246	2.087290	4.354931
118	49	1.790394	0.422517	1.544243	3.757155
118	50	1.790394	0.527570	2.586626	4.904590
118	51	1.790394	0.405810	1.378467	3.574671
118	52	1.790394	0.445117	1.768491	4.004003
118	53	1.790394	0.422517	1.544243	3.757155
118	54	1.790394	0.439748	1.715211	3.945353
118	55	1.790394	0.424755	1.566447	3.781597
118	56	1.790394	0.402534	1.345955	3.538883
118	57	1.790394	0.451305	1.935812	4.177511
118	58	1.790394	0.470914	2.024455	4.285764
118	59	1.790394	0.423323	1.552239	3.765957
118	60	1.790394	0.414655	1.466231	3.671281
118	61	1.790394	0.484220	2.156490	4.431105
118	62	1.790394	0.417738	1.496823	3.704956
118	63	1.790394	0.420243	1.521678	3.732316
118	64	1.790394	0.409416	1.414244	3.614055
118	65	1.790394	0.473179	2.046934	4.310508
118	66	1.790394	0.415840	1.477987	3.684221
118	67	1.790394	0.477512	2.089926	4.357833
118	68	1.790394	0.393626	1.257566	3.441586
118	69	1.790394	0.439748	1.715211	3.945353
118	70	1.790394	0.455436	1.870879	4.116710
118	71	1.790394	0.437824	1.696124	3.924343
118	72	1.790394	0.445117	1.768491	4.004003
118	73	1.790394	0.486583	2.179935	4.456913
118	74	1.790394	0.495625	2.269652	4.555671
118	75	1.790394	0.430855	1.944757	4.166007
118	76	1.790394	0.483649	2.150821	4.424864
118	77	1.790394	0.472576	2.040948	4.303919
118	78	1.790394	0.423496	1.553949	3.767839
118	79	1.790394	0.417738	1.496823	3.704956
118	80	1.790394	0.490379	2.217600	4.498374
118	81	1.790394	0.404480	1.365271	3.560146
118	82	1.790394	0.436825	1.686209	3.913428
118	83	1.790394	0.404480	1.365271	3.560146
118	84	1.790394	0.412562	1.445459	3.648416
118	85	1.790394	0.414655	1.466231	3.671281
118	86	1.790394	0.479727	2.111903	4.382024
118	87	1.790394	0.412562	1.445459	3.648416
118	88	1.790394	0.428196	1.600592	3.819183
118	89	1.790394	0.428196	1.600592	3.819183
118	90	1.790394	0.404480	1.365271	3.560146
118	91	1.790394	0.475686	2.071806	4.337886
118	92	1.790394	0.493305	2.246636	4.530336
118	93	1.790394	0.404480	1.365271	3.560146
118	94	1.790394	0.410548	1.425472	3.626414
118	95	1.790394	0.423323	1.552239	3.765957
118	96	1.790394	0.423323	1.552239	3.765957
118	97	1.790394	0.405810	1.378467	3.574671
118	98	1.790394	0.486728	2.181376	4.458499
118	99	1.790394	0.480911	2.123651	4.394957
119	0	1.748699	0.491722	2.283886	4.524307
119	1	1.748699	0.411061	1.430564	3.590325
119	2	1.748699	0.450800	1.824876	4.024375
119	3	1.748699	0.417953	1.498949	3.665601
119	4	1.748699	0.406634	1.386638	3.541971
119	5	1.748699	0.372802	1.050944	3.172446
119	6	1.748699	0.487212	2.186170	4.422081
119	7	1.748699	0.446199	1.779223	3.974121
119	8	1.748699	0.423547	1.554460	3.726706
119	9	1.748699	0.464112	1.956968	4.169779
119	10	1.748699	0.465027	1.966045	4.179772
119	11	1.748699	0.411370	1.433632	3.593701
119	12	1.748699	0.450800	1.824876	4.024375
119	13	1.748699	0.411061	1.430564	3.590325
119	14	1.748699	0.485047	2.217661	4.451408
119	15	1.748699	0.467590	1.991474	4.207764
119	16	1.748699	0.472549	2.040680	4.261928
119	17	1.748699	0.424421	1.563135	3.736256
119	18	1.748699	0.386533	1.187185	3.322417
119	19	1.748699	0.406634	1.386638	3.541971
119	20	1.748699	0.473193	2.047071	4.268963
119	21	1.748699	0.463253	1.948442	4.160394
119	22	1.748699	0.450800	1.824876	4.024375
119	23	1.748699	0.415855	1.478139	3.642693
119	24	1.748699	0.502053	2.333438	4.584191
119	25	1.748699	0.413145	1.451241	3.613086
119	26	1.748699	0.404518	1.365642	3.518859
119	27	1.748699	0.513207	2.444106	4.706012
119	28	1.748699	0.424421	1.563135	3.736256
119	29	1.748699	0.502890	2.341743	4.593333
119	30	1.748699	0.449873	1.815683	4.014256
119	31	1.748699	0.394939	1.853197	3.996835
119	32	1.748699	0.448245	1.799521	3.996465
119	33	1.748699	0.491722	2.283886	4.524307
119	34	1.748699	0.473318	2.048308	4.270325
119	35	1.748699	0.467590	1.991474	4.207764
119	36	1.748699	0.473318	2.048308	4.270325
119	37	1.748699	0.406634	1.386638	3.541971
119	38	1.748699	0.449873	1.815683	4.014256
119	39	1.748699	0.413145	1.451241	3.613086
119	40	1.748699	0.396022	1.281341	3.426062
119	41	1.748699	0.391663	1.238089	3.378451
119	42	1.748699	0.459205	1.908275	4.116179
119	43	1.748699	0.455426	1.870775	4.074900
119	44	1.748699	0.464131	1.957152	4.169982
119	45	1.748699	0.442421	1.741732	3.932852
119	46	1.748699	0.411681	1.913392	4.073772
119	47	1.748699	0.443287	1.962186	4.154173
119	48	1.748699	0.396022	1.281341	3.426062
119	49	1.748699	0.513207	2.444106	4.706012
119	50	1.748699	0.396022	1.281341	3.426062
119	51	1.748699	0.423547	1.554460	3.726706
119	52	1.748699	0.502053	2.333438	4.584191
119	53	1.748699	0.465027	1.966045	4.179772
119	54	1.748699	0.477261	2.087437	4.313398
119	55	1.748699	0.468546	2.000963	4.218209
119	56	1.748699	0.424421	1.563135	3.736256
119	57	1.748699	0.514074	2.452717	4.715491
119	58	1.748699	0.464809	2.281662	4.495170
119	59	1.748699	0.464131	1.957152	4.169982
119	60	1.748699	0.454016	1.856784	4.059499
119	61	1.748699	0.455426	1.870775	4.074900
119	62	1.748699	0.373136	1.054261	3.176097
119	63	1.748699	0.391663	1.238089	3.378451
119	64	1.748699	0.373136	1.054261	3.176097
119	65	1.748699	0.464973	1.965510	4.179183
119	66	1.748699	0.464131	1.957152	4.169982
119	67	1.748699	0.448611	1.803161	4.000472
119	68	1.748699	0.417953	1.498949	3.665601
119	69	1.748699	0.389040	1.212060	3.349799
119	70	1.748699	0.464375	1.959572	4.172646
119	71	1.748699	0.464987	1.965644	4.179330
119	72	1.748699	0.422426	1.543340	3.714466
119	73	1.748699	0.540687	2.716777	5.006163
119	74	1.748699	0.454800	1.864563	4.068062
119	75	1.748699	0.482321	2.243571	4.474591
119	76	1.748699	0.429408	1.612616	3.790724
119	77	1.748699	0.438728	1.705093	3.892520
119	78	1.748699	0.435110	1.669197	3.853007
119	79	1.748699	0.438728	1.705093	3.892520
119	80	1.748699	0.413145	1.451241	3.613086
119	81	1.748699	0.404518	1.365642	3.518859
119	82	1.748699	0.481650	2.130988	4.361337
119	83	1.748699	0.432855	1.646819	3.828374
119	84	1.748699	0.411370	1.433632	3.593701
119	85	1.748699	0.502890	2.341743	4.593333
119	86	1.748699	0.365577	0.979255	3.093532
119	87	1.748699	0.472716	2.042342	4.263757
119	88	1.748699	0.459205	1.908275	4.116179
119	89	1.748699	0.464112	1.956968	4.169779
119	90	1.748699	0.464131	1.957152	4.169982
119	91	1.748699	0.491649	2.230204	4.470553
119	92	1.748699	0.429408	1.612616	3.790724
119	93	1.748699	0.494218	2.255688	4.498605
119	94	1.748699	0.415855	1.478139	3.642693
119	95	1.748699	0.411681	1.913392	4.073772
119	96	1.748699	0.418422	1.503602	3.670723
119	97	1.748699	0.473190	2.205928	4.427817
119	98	1.748699	0.473193	2.047071	4.268963
119	99	1.748699	0.540687	2.716777	5.006163
120	0	1.733717	0.428389	1.602501	3.764607
120	1	1.733717	0.441182	1.729439	3.904338
120	2	1.733717	0.406911	1.389392	3.530020
120	3	1.733717	0.464841	1.964202	4.162760
120	4	1.733717	0.419170	1.511025	3.663911
120	5	1.733717	0.496731	2.280624	4.511072
120	6	1.733717	0.459764	1.966789	4.160271
120	7	1.733717	0.441496	1.732554	3.907767
120	8	1.733717	0.475849	2.285277	4.494843
120	9	1.733717	0.411260	1.432536	3.577513
120	10	1.733717	0.504778	2.360474	4.598969
120	11	1.733717	0.411777	1.437676	3.583171
120	12	1.733717	0.397905	1.300023	3.431645
120	13	1.733717	0.482744	2.141845	4.358306
120	14	1.733717	0.431643	1.634788	3.800148
120	15	1.733717	0.437047	1.688415	3.859179
120	16	1.733717	0.392091	1.242335	3.368142
120	17	1.733717	0.380722	1.129523	3.243962
120	18	1.733717	0.437706	1.694953	3.866376
120	19	1.733717	0.411545	1.435373	3.580635
120	20	1.733717	0.456537	1.881803	4.072057
120	21	1.733717	0.370007	1.023211	3.126935
120	22	1.733717	0.436223	1.680234	3.850174
120	23	1.733717	0.491476	2.228481	4.453674
120	24	1.733717	0.369102	1.014225	3.117044
120	25	1.733717	0.411545	1.435373	3.580635
120	26	1.733717	0.499617	2.309259	4.542593
120	27	1.733717	0.477893	2.093708	4.305318
120	28	1.733717	0.396767	1.288733	3.419216
120	29	1.733717	0.476803	2.082891	4.293411
120	30	1.733717	0.413480	1.454568	3.601765
120	31	1.733717	0.396767	1.288733	3.419216
120	32	1.733717	0.420482	1.524048	3.678247
120	33	1.733717	0.398491	1.305838	3.438046
120	34	1.733717	0.496731	2.280624	4.511072
120	35	1.733717	0.437047	1.688415	3.859179
120	36	1.733717	0.455171	1.868250	4.057139
120	37	1.733717	0.410100	1.421031	3.564848
120	38	1.733717	0.473096	2.046113	4.252927
120	39	1.733717	0.419170	1.511025	3.663911
120	40	1.733717	0.399847	1.319298	3.452862
120	41	1.733717	0.446240	1.779631	3.959588
120	42	1.733717	0.436270	1.680702	3.850689
120	43	1.733717	0.409851	1.418563	3.562131
120	44	1.733717	0.411777	1.437676	3.583171
120	45	1.733717	0.432543	1.643719	3.809978
120	46	1.733717	0.452303	1.998679	4.184699
120	47	1.733717	0.476803	2.082891	4.293411
120	48	1.733717	0.376889	1.091496	3.202102
120	49	1.733717	0.399847	1.319298	3.452862
120	50	1.733717	0.456537	1.881803	4.072057
120	51	1.733717	0.436223	1.680234	3.850174
120	52	1.733717	0.491476	2.228481	4.453674
120	53	1.733717	0.479179	2.106470	4.319367
120	54	1.733717	0.395601	1.753843	3.883161
120	55	1.733717	0.450808	1.824956	4.009481
120	56	1.733717	0.450808	1.824956	4.009481
120	57	1.733717	0.522648	2.537785	4.794150
120	58	1.733717	0.398491	1.305838	3.438046
120	59	1.733717	0.464841	1.964202	4.162760
120	60	1.733717	0.411260	1.432536	3.577513
120	61	1.733717	0.441182	1.729439	3.904338
120	62	1.733717	0.450808	1.824956	4.009481
120	63	1.733717	0.428389	1.602501	3.764607
120	64	1.733717	0.411777	1.437676	3.583171
120	65	1.733717	0.476766	2.082524	4.293007
120	66	1.733717	0.412087	1.440749	3.586553
120	67	1.733717	0.424369	1.562611	3.720697
120	68	1.733717	0.436223	1.680234	3.850174
120	69	1.733717	0.433953	1.657711	3.825381
120	70	1.733717	0.392091	1.242335	3.368142
120	71	1.733717	0.461513	1.931172	4.126402
120	72	1.733717	0.461513	1.931172	4.126402
120	73	1.733717	0.454716	1.863735	4.052168
120	74	1.733717	0.495593	2.269336	4.498646
120	75	1.733717	0.393031	1.834265	3.961013
120	76	1.733717	0.476803	2.082891	4.293411
120	77	1.733717	0.381998	1.142185	3.257900
120	78	1.733717	0.493123	2.297793	4.524634
120	79	1.733717	0.473895	2.054037	4.261649
120	80	1.733717	0.499617	2.309259	4.542593
120	81	1.733717	0.525096	2.562080	4.820894
120	82	1.733717	0.442798	1.745479	3.921994
120	83	1.733717	0.442798	1.745479	3.921994
120	84	1.733717	0.480548	2.120049	4.334314
120	85	1.733717	0.465347	2.128107	4.327171
120	86	1.733717	0.420482	1.524048	3.678247
120	87	1.733717	0.411777	1.437676	3.583171
120	88	1.733717	0.436270	1.680702	3.850689
120	89	1.733717	0.450129	1.818221	4.002067
120	90	1.733717	0.474490	2.165864	4.374071
120	91	1.733717	0.376889	1.091496	3.202102
120	92	1.733717	0.454716	1.863735	4.052168
120	93	1.733717	0.396767	1.288733	3.419216
120	94	1.733717	0.411545	1.435373	3.580635
120	95	1.733717	0.493123	2.297793	4.524634
120	96	1.733717	0.409851	1.418563	3.562131
120	97	1.733717	0.493123	2.297793	4.524634
120	98	1.733717	0.442011	1.737671	3.913400
120	99	1.733717	0.409851	1.418563	3.562131
121	0	1.781195	0.463940	1.955260	4.200395
121	1	1.781195	0.458833	1.904580	4.144608
121	2	1.781195	0.436967	1.687619	3.905781
121	3	1.781195	0.421075	1.529934	3.732204
121	4	1.781195	0.449124	1.808252	4.038571
121	5	1.781195	0.447015	1.787323	4.015533
121	6	1.781195	0.492710	2.240727	4.514632
121	7	1.781195	0.458638	1.902649	4.142482
121	8	1.781195	0.492710	2.240727	4.514632
121	9	1.781195	0.492066	2.234336	4.507597
121	10	1.781195	0.422402	1.543101	3.746699
121	11	1.781195	0.490381	2.217619	4.489195
121	12	1.781195	0.422402	1.543101	3.746699
121	13	1.781195	0.420614	1.525351	3.727160
121	14	1.781195	0.422906	1.548099	3.752200
121	15	1.781195	0.467507	1.990655	4.239357
121	16	1.781195	0.410380	1.423805	3.615379
121	17	1.781195	0.449124	1.808252	4.038571
121	18	1.781195	0.461985	2.041784	4.284964
121	19	1.781195	0.439438	2.029922	4.250556
121	20	1.781195	0.465303	1.968782	4.215279
121	21	1.781195	0.406935	1.389627	3.577756
121	22	1.781195	0.415640	1.475999	3.672833
121	23	1.781195	0.395235	1.273536	3.449966
121	24	1.781195	0.473720	2.052304	4.307219
121	25	1.781195	0.496452	2.277855	4.555501
121	26	1.781195	0.406935	1.389627	3.577756
121	27	1.781195	0.426167	1.580453	3.787815
121	28	1.781195	0.451344	1.830274	4.062813
121	29	1.781195	0.415640	1.475999	3.672833
121	30	1.781195	0.448710	1.804142	4.034047
121	31	1.781195	0.395235	1.273536	3.449966
121	32	1.781195	0.448710	1.804142	4.034047
121	33	1.781195	0.447132	1.788485	4.016812
121	34	1.781195	0.417210	1.491585	3.689990
121	35	1.781195	0.503591	2.348700	4.633486
121	36	1.781195	0.420395	1.523180	3.724769
121	37	1.781195	0.492710	2.240727	4.514632
121	38	1.781195	0.447132	1.788485	4.016812
121	39	1.781195	0.459351	2.227502	4.468047
121	40	1.781195	0.422906	1.548099	3.752200
121	41	1.781195	0.473720	2.052304	4.307219
121	42	1.781195	0.453013	1.846834	4.081041
121	43	1.781195	0.455217	1.868700	4.105111
121	44	1.781195	0.455936	1.981770	4.218901
121	45	1.781195	0.533991	2.650339	4.965525
121	46	1.781195	0.490682	2.220609	4.492486
121	47	1.781195	0.374274	1.065549	3.221018
121	48	1.781195	0.402886	1.349450	3.533531
121	49	1.781195	0.437810	1.695986	3.914991
121	50	1.781195	0.402886	1.349450	3.533531
121	51	1.781195	0.430142	1.619894	3.831231
121	52	1.781195	0.363779	0.961408	3.106381
121	53	1.781195	0.443714	1.754567	3.979476
121	54	1.781195	0.449027	1.807287	4.037509
121	55	1.781195	0.467507	1.990655	4.239357
121	56	1.781195	0.416010	1.479676	3.676881
121	57	1.781195	0.422906	1.548099	3.752200
121	58	1.781195	0.406935	1.389627	3.577756
121	59	1.781195	0.533991	2.650339	4.965525
121	60	1.781195	0.458833	1.904580	4.144608
121	61	1.781195	0.467236	1.987959	4.236389
121	62	1.781195	0.422402	1.543101	3.746699
121	63	1.781195	0.440432	1.722004	3.943631
121	64	1.781195	0.460043	1.916587	4.157824
121	65	1.781195	0.363779	0.961408	3.106381
121	66	1.781195	0.458833	1.904580	4.144608
121	67	1.781195	0.490867	2.222437	4.494499
121	68	1.781195	0.426167	1.580453	3.787815
121	69	1.781195	0.387223	1.194036	3.362453
121	70	1.781195	0.447015	1.787323	4.015533
121	71	1.781195	0.440432	1.722004	3.943631
121	72	1.781195	0.423062	1.549648	3.753905
121	73	1.781195	0.397652	1.774185	3.953031
121	74	1.781195	0.451344	1.830274	4.062813
121	75	1.781195	0.442956	1.747046	3.971197
121	76	1.781195	0.469851	2.119842	4.370889
121	77	1.781195	0.430142	1.619894	3.831231
121	78	1.781195	0.455217	1.868700	4.105111
121	79	1.781195	0.412131	1.441186	3.634512
121	80	1.781195	0.499103	2.304162	4.584460
121	81	1.781195	0.458339	2.164497	4.404030
121	82	1.781195	0.451344	1.830274	4.062813
121	83	1.781195	0.402886	1.349450	3.533531
121	84	1.781195	0.420614	1.525351	3.727160
121	85	1.781195	0.420614	1.525351	3.727160
121	86	1.781195	0.377697	1.099513	3.258405
121	87	1.781195	0.457610	2.051336	4.290140
121	88	1.781195	0.440432	1.722004	3.943631
121	89	1.781195	0.522789	2.592150	4.896133
121	90	1.781195	0.416010	1.479676	3.676881
121	91	1.781195	0.422906	1.548099	3.752200
121	92	1.781195	0.421075	1.529934	3.732204
121	93	1.781195	0.415640	1.475999	3.672833
121	94	1.781195	0.423410	1.553104	3.757709
121	95	1.781195	0.412131	1.441186	3.634512
121	96	1.781195	0.492710	2.240727	4.514632
121	97	1.781195	0.459087	1.907101	4.147383
121	98	1.781195	0.447015	1.787323	4.015533
121	99	1.781195	0.454953	1.866085	4.102233
122	0	1.672456	0.372589	1.048827	3.093872
122	1	1.672456	0.441912	1.736685	3.851053
122	2	1.672456	0.502928	2.342119	4.517504
122	3	1.672456	0.470849	2.023812	4.167117
122	4	1.672456	0.490101	2.214842	4.377399
122	5	1.672456	0.424077	1.559720	3.656253
122	6	1.672456	0.330122	1.527829	3.530406
122	7	1.672456	0.488346	2.197429	4.358232
122	8	1.672456	0.512546	2.437550	4.622552
122	9	1.672456	0.449375	1.810738	3.932570
122	10	1.672456	0.496637	2.279690	4.448783
122	11	1.672456	0.473792	2.053014	4.199262
122	12	1.672456	0.409666	1.416721	3.498843
122	13	1.672456	0.445936	1.776616	3.895009
122	14	1.672456	0.459937	2.074427	4.206819
122	15	1.672456	0.490101	2.214842	4.377399
122	16	1.672456	0.427738	1.596048	3.696243
122	17	1.672456	0.427738	1.596048	3.696243
122	18	1.672456	0.426900	1.587727	3.687082
122	19	1.672456	0.476199	2.076897	4.225552
122	20	1.672456	0.449492	1.970786	4.092734
122	21	1.672456	0.470849	2.023812	4.167117
122	22	1.672456	0.504816	2.413811	4.591082
122	23	1.672456	0.424077	1.559720	3.656253
122	24	1.672456	0.441912	1.736685	3.851053
122	25	1.672456	0.470863	2.288767	4.432086
122	26	1.672456	0.434942	1.667522	3.774919
122	27	1.672456	0.519660	2.508140	4.700256
122	28	1.672456	0.459092	1.907151	4.038699
122	29	1.672456	0.429490	1.613424	3.715369
122	30	1.672456	0.445936	1.776616	3.895009
122	31	1.672456	0.413969	1.459425	3.545851
122	32	1.672456	0.496637	2.279690	4.448783
122	33	1.672456	0.460393	1.920062	4.052910
122	34	1.672456	0.449779	1.814749	3.936985
122	35	1.672456	0.429490	1.613424	3.715369
122	36	1.672456	0.438621	1.704034	3.815112
122	37	1.672456	0.429490	1.613424	3.715369
122	38	1.672456	0.480003	2.114643	4.267102
122	39	1.672456	0.441912	1.736685	3.851053
122	40	1.672456	0.528401	2.594876	4.795733
122	41	1.672456	0.414595	1.465636	3.552687
122	42	1.672456	0.401654	1.337222	3.411331
122	43	1.672456	0.391302	1.817109	3.880867
122	44	1.672456	0.466547	2.351875	4.490878
122	45	1.672456	0.465784	1.973557	4.111797
122	46	1.672456	0.422191	1.541007	3.635654
122	47	1.672456	0.409666	1.416721	3.498843
122	48	1.672456	0.476199	2.076897	4.225552
122	49	1.672456	0.391003	1.231538	3.294996
122	50	1.672456	0.373692	1.059769	3.105917
122	51	1.672456	0.372589	1.048827	3.093872
122	52	1.672456	0.468495	2.000452	4.141402
122	53	1.672456	0.413446	1.454233	3.540135
122	54	1.672456	0.460077	2.128781	4.261313
122	55	1.672456	0.391895	1.240395	3.304746
122	56	1.672456	0.537336	2.683526	4.893318
122	57	1.672456	0.401654	1.337222	3.411331
122	58	1.672456	0.473792	2.053014	4.199262
122	59	1.672456	0.444684	1.764190	3.881330
122	60	1.672456	0.523812	2.549341	4.745609
122	61	1.672456	0.466263	1.978313	4.117032
122	62	1.672456	0.462138	1.937377	4.071971
122	63	1.672456	0.413446	1.454233	3.540135
122	64	1.672456	0.431387	1.632249	3.736092
122	65	1.672456	0.372589	1.048827	3.093872
122	66	1.672456	0.475815	2.073084	4.221355
122	67	1.672456	0.466151	1.977194	4.115800
122	68	1.672456	0.422391	1.542991	3.637838
122	69	1.672456	0.422391	1.542991	3.637838
122	70	1.672456	0.438621	1.704034	3.815112
122	71	1.672456	0.488346	2.197429	4.358232
122	72	1.672456	0.373692	1.059769	3.105917
122	73	1.672456	0.466257	2.296035	4.434748
122	74	1.672456	0.451029	1.827149	3.950634
122	75	1.672456	0.413446	1.454233	3.540135
122	76	1.672456	0.515664	2.468485	4.656605
122	77	1.672456	0.414595	1.465636	3.552687
122	78	1.672456	0.496890	2.282204	4.451550
122	79	1.672456	0.441912	1.736685	3.851053
122	80	1.672456	0.500254	2.315587	4.488297
122	81	1.672456	0.432353	1.641839	3.746649
122	82	1.672456	0.540326	2.713195	4.925976
122	83	1.672456	0.427738	1.596048	3.696243
122	84	1.672456	0.445936	1.776616	3.895009
122	85	1.672456	0.490101	2.214842	4.377399
122	86	1.672456	0.441912	1.736685	3.851053
122	87	1.672456	0.434942	1.667522	3.774919
122	88	1.672456	0.413969	1.459425	3.545851
122	89	1.672456	0.498948	2.355589	4.526993
122	90	1.672456	0.493317	2.246755	4.412528
122	91	1.672456	0.446506	1.782267	3.901229
122	92	1.672456	0.460393	1.920062	4.052910
122	93	1.672456	0.490989	2.223647	4.387092
122	94	1.672456	0.512348	2.435586	4.620390
122	95	1.672456	0.434035	1.658530	3.765021
122	96	1.672456	0.479647	2.111108	4.263211
122	97	1.672456	0.460393	1.920062	4.052910
122	98	1.672456	0.490989	2.223647	4.387092
122	99	1.672456	0.424077	1.559720	3.656253
123	0	1.745183	0.471694	2.032196	4.249073
123	1	1.745183	0.424615	1.565056	3.734854
123	2	1.745183	0.408163	1.401809	3.555154
123	3	1.745183	0.421630	1.535438	3.702251
123	4	1.745183	0.449206	1.809065	4.003454
123	5	1.745183	0.434773	1.665844	3.845800
123	6	1.745183	0.431122	1.629623	3.805928
123	7	1.745183	0.485665	2.276750	4.507597
123	8	1.745183	0.508183	2.447221	4.700587
123	9	1.745183	0.408163	1.401809	3.555154
123	10	1.745183	0.425304	1.571897	3.742385
123	11	1.745183	0.495068	2.264131	4.504382
123	12	1.745183	0.498206	2.295259	4.538648
123	13	1.745183	0.475881	2.073740	4.294803
123	14	1.745183	0.543219	2.741901	5.030303
123	15	1.745183	0.425646	1.575289	3.746118
123	16	1.745183	0.465532	1.971058	4.181773
123	17	1.745183	0.475255	2.279390	4.499829
123	18	1.745183	0.470147	2.016852	4.232183
123	19	1.745183	0.478629	2.101007	4.324819
123	20	1.745183	0.472249	2.037704	4.255136
123	21	1.745183	0.449266	1.809652	4.004101
123	22	1.745183	0.440440	1.722078	3.907701
123	23	1.745183	0.409419	1.414277	3.568880
123	24	1.745183	0.460534	1.921464	4.127181
123	25	1.745183	0.364894	0.972472	3.082549
123	26	1.745183	0.424933	1.568216	3.738333
123	27	1.745183	0.462424	1.940217	4.147824
123	28	1.745183	0.465532	1.971058	4.181773
123	29	1.745183	0.449692	1.813883	4.008759
123	30	1.745183	0.440440	1.722078	3.907701
123	31	1.745183	0.425304	1.571897	3.742385
123	32	1.745183	0.447752	1.953524	4.146459
123	33	1.745183	0.449206	1.809065	4.003454
123	34	1.745183	0.443001	1.747489	3.935673
123	35	1.745183	0.475881	2.073740	4.294803
123	36	1.745183	0.441476	1.732355	3.919014
123	37	1.745183	0.449683	2.025644	4.220509
123	38	1.745183	0.387404	1.195834	3.328421
123	39	1.745183	0.398958	1.310477	3.454619
123	40	1.745183	0.412893	1.448743	3.606819
123	41	1.745183	0.421630	1.535438	3.702251
123	42	1.745183	0.420627	1.525482	3.691292
123	43	1.745183	0.425646	1.575289	3.746118
123	44	1.745183	0.440440	1.722078	3.907701
123	45	1.745183	0.449266	1.809652	4.004101
123	46	1.745183	0.433388	1.652102	3.830672
123	47	1.745183	0.442349	1.741022	3.928554
123	48	1.745183	0.431976	1.638091	3.815250
123	49	1.745183	0.409419	1.414277	3.568880
123	50	1.745183	0.430558	1.624029	3.799771
123	51	1.745183	0.415409	1.473710	3.634302
123	52	1.745183	0.425304	1.571897	3.742385
123	53	1.745183	0.421630	1.535438	3.702251
123	54	1.745183	0.499578	2.308881	4.553643
123	55	1.745183	0.414652	1.466198	3.626033
123	56	1.745183	0.364894	0.972472	3.082549
123	57	1.745183	0.449206	1.809065	4.003454
123	58	1.745183	0.418574	1.505114	3.668871
123	59	1.745183	0.412893	1.448743	3.606819
123	60	1.745183	0.449266	1.809652	4.004101
123	61	1.745183	0.461322	1.929282	4.135787
123	62	1.745183	0.520087	2.512380	4.777650
123	63	1.745183	0.433578	1.653991	3.832752
123	64	1.745183	0.414652	1.466198	3.626033
123	65	1.745183	0.503170	2.397486	4.645839
123	66	1.745183	0.431122	1.629623	3.805928
123	67	1.745183	0.488404	2.198004	4.431591
123	68	1.745183	0.389657	1.218190	3.353031
123	69	1.745183	0.520087	2.512380	4.777650
123	70	1.745183	0.398958	1.310477	3.454619
123	71	1.745183	0.431486	1.633234	3.809903
123	72	1.745183	0.488404	2.198004	4.431591
123	73	1.745183	0.415731	1.476902	3.637815
123	74	1.745183	0.441476	1.732355	3.919014
123	75	1.745183	0.460220	1.918347	4.123750
123	76	1.745183	0.481886	2.186288	4.413357
123	77	1.745183	0.475881	2.073740	4.294803
123	78	1.745183	0.459928	1.968416	4.173527
123	79	1.745183	0.424933	1.568216	3.738333
123	80	1.745183	0.504983	2.362510	4.612677
123	81	1.745183	0.424933	1.568216	3.738333
123	82	1.745183	0.520091	2.512421	4.777696
123	83	1.745183	0.387404	1.195834	3.328421
123	84	1.745183	0.464462	1.960434	4.170078
123	85	1.745183	0.430558	1.624029	3.799771
123	86	1.745183	0.462424	1.940217	4.147824
123	87	1.745183	0.421484	1.957695	4.124362
123	88	1.745183	0.464462	1.960434	4.170078
123	89	1.745183	0.475255	2.279390	4.499829
123	90	1.745183	0.431486	1.633234	3.809903
123	91	1.745183	0.430558	1.624029	3.799771
123	92	1.745183	0.408163	1.401809	3.555154
123	93	1.745183	0.433388	1.652102	3.830672
123	94	1.745183	0.498206	2.295259	4.538648
123	95	1.745183	0.430558	1.624029	3.799771
123	96	1.745183	0.490981	2.223575	4.459740
123	97	1.745183	0.499729	2.310371	4.555283
123	98	1.745183	0.488404	2.198004	4.431591
123	99	1.745183	0.449692	1.813883	4.008759
124	0	1.754226	0.464754	1.963333	4.182313
124	1	1.754226	0.385942	1.181323	3.321490
124	2	1.754226	0.424926	1.568147	3.747299
124	3	1.754226	0.464754	1.963333	4.182313
124	4	1.754226	0.424016	1.559109	3.737350
124	5	1.754226	0.371780	1.040803	3.166809
124	6	1.754226	0.382728	1.149433	3.286387
124	7	1.754226	0.487036	2.184429	4.425691
124	8	1.754226	0.483449	2.148836	4.386510
124	9	1.754226	0.459790	1.914080	4.128095
124	10	1.754226	0.482643	2.140834	4.377703
124	11	1.754226	0.370956	1.615229	3.740411
124	12	1.754226	0.473236	2.047496	4.274958
124	13	1.754226	0.394379	1.265043	3.413648
124	14	1.754226	0.409877	1.418818	3.582920
124	15	1.754226	0.419654	1.515826	3.689705
124	16	1.754226	0.446158	1.778820	3.979204
124	17	1.754226	0.458116	1.897467	4.109808
124	18	1.754226	0.449756	1.814515	4.018496
124	19	1.754226	0.460057	1.916729	4.131012
124	20	1.754226	0.458279	1.899089	4.111593
124	21	1.754226	0.504167	2.354415	4.612808
124	22	1.754226	0.471668	2.031941	4.257834
124	23	1.754226	0.428151	1.600147	3.782524
124	24	1.754226	0.409998	1.420018	3.584241
124	25	1.754226	0.439146	1.709242	3.902614
124	26	1.754226	0.473236	2.047496	4.274958
124	27	1.754226	0.483449	2.148836	4.386510
124	28	1.754226	0.446158	1.778820	3.979204
124	29	1.754226	0.484025	2.154548	4.392798
124	30	1.754226	0.467742	1.992983	4.214951
124	31	1.754226	0.451314	2.200725	4.406265
124	32	1.754226	0.512616	2.438249	4.705091
124	33	1.754226	0.493842	2.251957	4.500025
124	34	1.754226	0.483553	2.149869	4.387647
124	35	1.754226	0.459790	1.914080	4.128095
124	36	1.754226	0.458669	2.061846	4.274740
124	37	1.754226	0.378093	1.739010	3.871329
124	38	1.754226	0.467742	1.992983	4.214951
124	39	1.754226	0.532925	2.639763	4.926913
124	40	1.754226	0.415915	1.478730	3.648870
124	41	1.754226	0.446748	1.784669	3.985642
124	42	1.754226	0.434105	1.659220	3.847551
124	43	1.754226	0.419761	1.516891	3.690877
124	44	1.754226	0.415404	1.473663	3.643293
124	45	1.754226	0.369108	1.014291	3.137625
124	46	1.754226	0.369108	1.014291	3.137625
124	47	1.754226	0.446158	1.778820	3.979204
124	48	1.754226	0.413385	1.453623	3.621233
124	49	1.754226	0.428151	1.600147	3.782524
124	50	1.754226	0.447263	2.107562	4.309051
124	51	1.754226	0.448063	1.797722	4.000011
124	52	1.754226	0.469230	2.113681	4.337137
124	53	1.754226	0.483449	2.148836	4.386510
124	54	1.754226	0.415404	1.473663	3.643293
124	55	1.754226	0.424016	1.559109	3.737350
124	56	1.754226	0.409877	1.418818	3.582920
124	57	1.754226	0.512616	2.438249	4.705091
124	58	1.754226	0.448063	1.797722	4.000011
124	59	1.754226	0.428151	1.600147	3.782524
124	60	1.754226	0.456468	2.040009	4.250703
124	61	1.754226	0.412952	1.449332	3.616509
124	62	1.754226	0.512616	2.438249	4.705091
124	63	1.754226	0.430887	1.627287	3.812399
124	64	1.754226	0.430883	1.627251	3.812359
124	65	1.754226	0.494791	2.261381	4.510398
124	66	1.754226	0.369108	1.014291	3.137625
124	67	1.754226	0.422496	1.544031	3.720753
124	68	1.754226	0.459790	1.914080	4.128095
124	69	1.754226	0.472454	2.304555	4.531234
124	70	1.754226	0.398247	1.303415	3.455887
124	71	1.754226	0.424926	1.568147	3.747299
124	72	1.754226	0.413874	1.458483	3.626583
124	73	1.754226	0.476423	2.079117	4.309766
124	74	1.754226	0.483449	2.148836	4.386510
124	75	1.754226	0.513124	2.443286	4.710635
124	76	1.754226	0.424926	1.568147	3.747299
124	77	1.754226	0.407869	1.398896	3.560991
124	78	1.754226	0.407869	1.398896	3.560991
124	79	1.754226	0.439146	1.709242	3.902614
124	80	1.754226	0.422496	1.544031	3.720753
124	81	1.754226	0.447793	1.795037	3.997055
124	82	1.754226	0.473236	2.047496	4.274958
124	83	1.754226	0.493842	2.251957	4.500025
124	84	1.754226	0.433906	1.657246	3.845378
124	85	1.754226	0.451314	2.200725	4.406265
124	86	1.754226	0.470613	2.021476	4.246315
124	87	1.754226	0.415404	1.473663	3.643293
124	88	1.754226	0.415121	1.470847	3.640193
124	89	1.754226	0.491189	2.225639	4.471054
124	90	1.754226	0.409998	1.420018	3.584241
124	91	1.754226	0.458279	1.899089	4.111593
124	92	1.754226	0.457757	1.893906	4.105888
124	93	1.754226	0.478453	2.099259	4.331937
124	94	1.754226	0.491189	2.225639	4.471054
124	95	1.754226	0.448266	1.799731	4.002223
124	96	1.754226	0.456468	2.040009	4.250703
124	97	1.754226	0.489456	2.208444	4.452126
124	98	1.754226	0.430883	1.627251	3.812359
124	99	1.754226	0.489456	2.208444	4.452126
125	0	1.663180	0.481093	2.125461	4.269734
125	1	1.663180	0.414975	1.999044	4.077199
125	2	1.663180	0.533201	2.642503	4.838884
125	3	1.663180	0.425495	1.573788	3.662463
125	4	1.663180	0.491335	2.227089	4.381604
125	5	1.663180	0.463763	1.953500	4.080444
125	6	1.663180	0.421204	1.531212	3.615596
125	7	1.663180	0.491968	2.233369	4.388517
125	8	1.663180	0.444516	1.762520	3.870216
125	9	1.663180	0.421204	1.531212	3.615596
125	10	1.663180	0.415748	2.006713	4.085641
125	11	1.663180	0.446662	1.783820	3.893663
125	12	1.663180	0.493406	2.247632	4.404218
125	13	1.663180	0.489082	2.204733	4.356996
125	14	1.663180	0.443580	2.229912	4.336672
125	15	1.663180	0.485351	2.167706	4.316237
125	16	1.663180	0.425495	1.573788	3.662463
125	17	1.663180	0.434434	1.662489	3.760104
125	18	1.663180	0.492943	2.243036	4.399159
125	19	1.663180	0.438248	1.700331	3.801760
125	20	1.663180	0.447004	1.787210	3.897394
125	21	1.663180	0.368075	1.798495	3.829750
125	22	1.663180	0.468137	1.996903	4.128220
125	23	1.663180	0.402827	1.348868	3.414875
125	24	1.663180	0.451852	1.835312	3.950344
125	25	1.663180	0.496345	2.276793	4.436318
125	26	1.663180	0.445917	1.776429	3.885527
125	27	1.663180	0.444516	1.762520	3.870216
125	28	1.663180	0.421204	1.531212	3.615596
125	29	1.663180	0.431573	1.634099	3.728852
125	30	1.663180	0.481093	2.125461	4.269734
125	31	1.663180	0.486155	2.175683	4.325018
125	32	1.663180	0.503273	2.345536	4.511989
125	33	1.663180	0.449017	1.807186	3.919383
125	34	1.663180	0.447004	1.787210	3.897394
125	35	1.663180	0.445917	1.776429	3.885527
125	36	1.663180	0.438248	1.700331	3.801760
125	37	1.663180	0.472362	2.038827	4.174369
125	38	1.663180	0.496739	2.280706	4.440626
125	39	1.663180	0.376718	1.089797	3.129695
125	40	1.663180	0.520164	2.513145	4.696489
125	41	1.663180	0.421204	1.531212	3.615596
125	42	1.663180	0.408839	1.832226	3.904245
125	43	1.663180	0.390455	1.226105	3.279740
125	44	1.663180	0.438719	1.705005	3.806904
125	45	1.663180	0.484980	2.164032	4.312193
125	46	1.663180	0.533201	2.642503	4.838884
125	47	1.663180	0.434434	1.662489	3.760104
125	48	1.663180	0.503033	2.343162	4.509375
125	49	1.663180	0.496345	2.276793	4.436318
125	50	1.663180	0.469034	2.005807	4.138022
125	51	1.663180	0.496739	2.280706	4.440626
125	52	1.663180	0.508474	2.397147	4.568801
125	53	1.663180	0.420634	1.525559	3.609374
125	54	1.663180	0.434434	1.662489	3.760104
125	55	1.663180	0.420634	1.525559	3.609374
125	56	1.663180	0.487032	2.184392	4.334605
125	57	1.663180	0.449017	1.807186	3.919383
125	58	1.663180	0.493401	2.247582	4.404163
125	59	1.663180	0.486155	2.175683	4.325018
125	60	1.663180	0.492943	2.243036	4.399159
125	61	1.663180	0.491968	2.233369	4.388517
125	62	1.663180	0.446662	1.783820	3.893663
125	63	1.663180	0.485351	2.167706	4.316237
125	64	1.663180	0.463763	1.953500	4.080444
125	65	1.663180	0.503273	2.345536	4.511989
125	66	1.663180	0.473600	2.051105	4.187885
125	67	1.663180	0.491968	2.233369	4.388517
125	68	1.663180	0.488010	2.194094	4.345284
125	69	1.663180	0.451852	1.835312	3.950344
125	70	1.663180	0.482534	2.139758	4.285472
125	71	1.663180	0.452245	1.839213	3.954638
125	72	1.663180	0.436970	1.687650	3.787800
125	73	1.663180	0.431573	1.634099	3.728852
125	74	1.663180	0.496739	2.280706	4.440626
125	75	1.663180	0.493406	2.247632	4.404218
125	76	1.663180	0.456724	1.883657	4.003561
125	77	1.663180	0.488010	2.194094	4.345284
125	78	1.663180	0.492943	2.243036	4.399159
125	79	1.663180	0.472437	2.198459	4.334077
125	80	1.663180	0.484980	2.164032	4.312193
125	81	1.663180	0.520164	2.513145	4.696489
125	82	1.663180	0.434434	1.662489	3.760104
125	83	1.663180	0.420634	1.525559	3.609374
125	84	1.663180	0.453750	1.854148	3.971078
125	85	1.663180	0.564497	3.005995	5.233672
125	86	1.663180	0.434434	1.662489	3.760104
125	87	1.663180	0.430297	1.621435	3.714912
125	88	1.663180	0.413963	1.459362	3.536505
125	89	1.663180	0.439094	1.708723	3.810997
125	90	1.663180	0.438248	1.700331	3.801760
125	91	1.663180	0.493401	2.247582	4.404163
125	92	1.663180	0.450357	2.085296	4.198833
125	93	1.663180	0.493939	2.252919	4.410038
125	94	1.663180	0.488010	2.194094	4.345284
125	95	1.663180	0.446662	1.783820	3.893663
125	96	1.663180	0.494969	2.422037	4.580187
125	97	1.663180	0.474978	2.223675	4.361834
125	98	1.663180	0.503623	2.349010	4.515813
125	99	1.663180	0.492943	2.243036	4.399159
126	0	1.759710	0.446091	1.778153	3.983954
126	1	1.759710	0.462110	1.937103	4.158923
126	2	1.759710	0.403749	1.358018	3.521477
126	3	1.759710	0.440376	1.721448	3.921534
126	4	1.759710	0.418408	1.503471	3.681589
126	5	1.759710	0.412617	1.446009	3.618337
126	6	1.759710	0.439973	1.717441	3.917123
126	7	1.759710	0.465612	1.971844	4.197166
126	8	1.759710	0.413087	1.450672	3.623469
126	9	1.759710	0.444320	1.760576	3.964606
126	10	1.759710	0.421798	1.537107	3.718615
126	11	1.759710	0.390466	1.226213	3.376389
126	12	1.759710	0.442826	1.745751	3.948287
126	13	1.759710	0.398442	1.305359	3.463511
126	14	1.759710	0.436016	1.678182	3.873908
126	15	1.759710	0.430130	1.619777	3.809616
126	16	1.759710	0.436016	1.678182	3.873908
126	17	1.759710	0.471059	2.025899	4.256668
126	18	1.759710	0.418408	1.503471	3.681589
126	19	1.759710	0.471734	2.350374	4.581817
126	20	1.759710	0.413756	1.457310	3.630776
126	21	1.759710	0.471734	2.350374	4.581817
126	22	1.759710	0.480832	2.122867	4.363409
126	23	1.759710	0.479846	2.113084	4.352639
126	24	1.759710	0.471080	2.026109	4.256900
126	25	1.759710	0.475199	2.066974	4.301883
126	26	1.759710	0.497287	2.286148	4.543145
126	27	1.759710	0.493729	2.356763	4.610201
126	28	1.759710	0.423502	1.554009	3.737220
126	29	1.759710	0.418257	1.501973	3.679940
126	30	1.759710	0.455897	1.875449	4.091055
126	31	1.759710	0.442826	1.745751	3.948287
126	32	1.759710	0.491973	2.233418	4.485101
126	33	1.759710	0.351996	1.744873	3.856578
126	34	1.759710	0.430130	1.619777	3.809616
126	35	1.759710	0.497287	2.286148	4.543145
126	36	1.759710	0.465612	1.971844	4.197166
126	37	1.759710	0.491973	2.233418	4.485101
126	38	1.759710	0.509198	2.404327	4.673234
126	39	1.759710	0.449218	1.809184	4.018112
126	40	1.759710	0.432940	1.647657	3.840306
126	41	1.759710	0.412617	1.446009	3.618337
126	42	1.759710	0.478363	2.098367	4.336439
126	43	1.759710	0.475199	2.066974	4.301883
126	44	1.759710	0.494467	2.258165	4.512342
126	45	1.759710	0.437492	1.692824	3.890026
126	46	1.759710	0.351125	1.577346	3.688181
126	47	1.759710	0.438958	1.707370	3.906038
126	48	1.759710	0.484327	2.157544	4.401580
126	49	1.759710	0.390136	1.222943	3.372789
126	50	1.759710	0.411798	1.437883	3.609391
126	51	1.759710	0.446091	1.778153	3.983954
126	52	1.759710	0.380713	1.129442	3.269865
126	53	1.759710	0.386955	1.721015	3.867680
126	54	1.759710	0.471080	2.026109	4.256900
126	55	1.759710	0.493762	2.410059	4.663531
126	56	1.759710	0.437879	1.696668	3.894257
126	57	1.759710	0.420442	1.523646	3.703797
126	58	1.759710	0.492500	2.238642	4.490852
126	59	1.759710	0.517048	2.482220	4.758978
126	60	1.759710	0.431650	1.634858	3.826217
126	61	1.759710	0.460550	2.080516	4.300776
126	62	1.759710	0.437879	1.696668	3.894257
126	63	1.759710	0.458548	1.901756	4.120013
126	64	1.759710	0.421798	1.537107	3.718615
126	65	1.759710	0.476497	2.079852	4.316059
126	66	1.759710	0.455897	1.875449	4.091055
126	67	1.759710	0.390466	1.226213	3.376389
126	68	1.759710	0.438958	1.707370	3.906038
126	69	1.759710	0.390136	1.222943	3.372789
126	70	1.759710	0.418256	1.501961	3.679927
126	71	1.759710	0.413087	1.450672	3.623469
126	72	1.759710	0.497287	2.286148	4.543145
126	73	1.759710	0.376406	1.086703	3.222819
126	74	1.759710	0.431650	1.634858	3.826217
126	75	1.759710	0.461481	1.930863	4.152054
126	76	1.759710	0.411798	1.437883	3.609391
126	77	1.759710	0.444320	1.760576	3.964606
126	78	1.759710	0.463095	1.946873	4.169677
126	79	1.759710	0.513721	2.449210	4.722640
126	80	1.759710	0.432940	1.647657	3.840306
126	81	1.759710	0.450951	1.826373	4.037033
126	82	1.759710	0.411798	1.437883	3.609391
126	83	1.759710	0.454442	1.861018	4.075170
126	84	1.759710	0.412617	1.446009	3.618337
126	85	1.759710	0.484327	2.157544	4.401580
126	86	1.759710	0.492865	2.242270	4.494845
126	87	1.759710	0.418256	1.501961	3.679927
126	88	1.759710	0.476216	2.182995	4.418921
126	89	1.759710	0.457736	2.158515	4.375960
126	90	1.759710	0.418408	1.503471	3.681589
126	91	1.759710	0.446091	1.778153	3.983954
126	92	1.759710	0.455897	1.875449	4.091055
126	93	1.759710	0.480832	2.122867	4.363409
126	94	1.759710	0.495674	2.270135	4.525518
126	95	1.759710	0.509198	2.404327	4.673234
126	96	1.759710	0.413756	1.457310	3.630776
126	97	1.759710	0.398442	1.305359	3.463511
126	98	1.759710	0.420442	1.523646	3.703797
126	99	1.759710	0.476497	2.079852	4.316059
127	0	1.781088	0.406598	1.386282	3.573968
127	1	1.781088	0.434356	1.661716	3.877161
127	2	1.781088	0.462079	1.936792	4.179959
127	3	1.781088	0.429287	1.611410	3.821784
127	4	1.781088	0.465757	2.185141	4.431986
127	5	1.781088	0.477349	2.088311	4.346749
127	6	1.781088	0.443540	1.964694	4.189322
127	7	1.781088	0.450774	1.824618	4.056480
127	8	1.781088	0.375986	1.082530	3.239603
127	9	1.781088	0.420192	1.521169	3.722449
127	10	1.781088	0.494536	2.258845	4.534469
127	11	1.781088	0.449317	1.810161	4.040566
127	12	1.781088	0.448274	1.799816	4.029178
127	13	1.781088	0.494536	2.258845	4.534469
127	14	1.781088	0.469806	2.013466	4.264360
127	15	1.781088	0.439100	1.708788	3.928977
127	16	1.781088	0.492065	2.234327	4.507480
127	17	1.781088	0.504600	2.358706	4.644394
127	18	1.781088	0.439119	1.708970	3.929176
127	19	1.781088	0.439029	1.708081	3.928198
127	20	1.781088	0.439100	1.708788	3.928977
127	21	1.781088	0.459507	1.911268	4.151863
127	22	1.781088	0.504251	2.355242	4.640581
127	23	1.781088	0.445068	1.768006	3.994162
127	24	1.781088	0.420192	1.521169	3.722449
127	25	1.781088	0.471204	2.080295	4.332586
127	26	1.781088	0.462676	1.942720	4.186484
127	27	1.781088	0.402457	1.345189	3.528733
127	28	1.781088	0.438756	1.705373	3.925218
127	29	1.781088	0.424291	1.561843	3.767222
127	30	1.781088	0.371993	1.731438	3.884519
127	31	1.781088	0.449317	1.810161	4.040566
127	32	1.781088	0.450701	1.823892	4.055680
127	33	1.781088	0.492065	2.234327	4.507480
127	34	1.781088	0.533371	2.644189	4.958648
127	35	1.781088	0.460038	1.916540	4.157666
127	36	1.781088	0.424498	1.563892	3.769477
127	37	1.781088	0.492065	2.234327	4.507480
127	38	1.781088	0.415112	1.470762	3.666961
127	39	1.781088	0.492418	2.237836	4.511342
127	40	1.781088	0.448274	1.799816	4.029178
127	41	1.781088	0.363528	0.958918	3.103534
127	42	1.781088	0.474839	2.063403	4.319330
127	43	1.781088	0.482102	2.135476	4.398666
127	44	1.781088	0.458299	1.899290	4.138678
127	45	1.781088	0.453305	2.167519	4.401912
127	46	1.781088	0.439488	1.712632	3.933208
127	47	1.781088	0.485631	2.170485	4.437204
127	48	1.781088	0.466650	1.982152	4.229891
127	49	1.781088	0.409147	1.411576	3.601811
127	50	1.781088	0.446290	1.780127	4.007505
127	51	1.781088	0.409147	1.411576	3.601811
127	52	1.781088	0.462676	1.942720	4.186484
127	53	1.781088	0.492063	2.234310	4.507461
127	54	1.781088	0.419544	1.514738	3.715370
127	55	1.781088	0.363528	0.958918	3.103534
127	56	1.781088	0.462079	1.936792	4.179959
127	57	1.781088	0.454227	2.229628	4.464943
127	58	1.781088	0.454782	1.864386	4.100256
127	59	1.781088	0.383663	1.688347	3.853098
127	60	1.781088	0.485036	2.164587	4.430711
127	61	1.781088	0.439029	1.708081	3.928198
127	62	1.781088	0.431532	1.633693	3.846313
127	63	1.781088	0.424291	1.561843	3.767222
127	64	1.781088	0.402457	1.345189	3.528733
127	65	1.781088	0.449317	1.810161	4.040566
127	66	1.781088	0.440753	1.725187	3.947028
127	67	1.781088	0.492063	2.234310	4.507461
127	68	1.781088	0.439029	1.708081	3.928198
127	69	1.781088	0.505131	2.363977	4.650196
127	70	1.781088	0.492418	2.237836	4.511342
127	71	1.781088	0.407898	1.399177	3.588163
127	72	1.781088	0.398092	1.301882	3.481062
127	73	1.781088	0.425234	1.571196	3.777518
127	74	1.781088	0.448274	1.799816	4.029178
127	75	1.781088	0.457626	1.892606	4.131320
127	76	1.781088	0.445068	1.768006	3.994162
127	77	1.781088	0.485631	2.170485	4.437204
127	78	1.781088	0.372665	1.049585	3.203338
127	79	1.781088	0.411568	1.435596	3.628252
127	80	1.781088	0.423677	1.555753	3.760518
127	81	1.781088	0.474839	2.063403	4.319330
127	82	1.781088	0.429812	1.616628	3.827528
127	83	1.781088	0.459507	1.911268	4.151863
127	84	1.781088	0.462676	1.942720	4.186484
127	85	1.781088	0.505965	2.372251	4.659304
127	86	1.781088	0.402457	1.345189	3.528733
127	87	1.781088	0.465757	2.185141	4.431986
127	88	1.781088	0.427130	1.590008	3.798226
127	89	1.781088	0.462079	1.936792	4.179959
127	90	1.781088	0.415112	1.470762	3.666961
127	91	1.781088	0.454227	2.229628	4.464943
127	92	1.781088	0.488873	2.202658	4.472619
127	93	1.781088	0.406598	1.386282	3.573968
127	94	1.781088	0.464886	2.017608	4.263582
127	95	1.781088	0.489898	2.212826	4.483812
127	96	1.781088	0.449317	1.810161	4.040566
127	97	1.781088	0.454743	1.864004	4.099836
127	98	1.781088	0.450701	1.823892	4.055680
127	99	1.781088	0.424291	1.561843	3.767222
128	0	1.677362	0.524602	2.557180	4.759144
128	1	1.677362	0.495455	2.267969	4.440787
128	2	1.677362	0.461530	1.931349	4.070242
128	3	1.677362	0.464306	1.958893	4.100561
128	4	1.677362	0.432890	1.647166	3.757419
128	5	1.677362	0.520850	2.519948	4.718160
128	6	1.677362	0.501224	2.325209	4.503796
128	7	1.677362	0.442622	2.061513	4.181498
128	8	1.677362	0.477282	2.087642	4.242286
128	9	1.677362	0.456381	1.880258	4.014001
128	10	1.677362	0.460545	1.921572	4.059480
128	11	1.677362	0.494060	2.254122	4.425544
128	12	1.677362	0.492954	2.243148	4.413464
128	13	1.677362	0.508603	2.398428	4.584394
128	14	1.677362	0.477282	2.087642	4.242286
128	15	1.677362	0.434275	1.660909	3.772546
128	16	1.677362	0.476554	2.080423	4.234339
128	17	1.677362	0.498386	2.297053	4.472802
128	18	1.677362	0.457966	1.895986	4.031315
128	19	1.677362	0.474803	2.063045	4.215210
128	20	1.677362	0.498386	2.297053	4.472802
128	21	1.677362	0.457966	1.895986	4.031315
128	22	1.677362	0.484579	2.160045	4.321986
128	23	1.677362	0.433890	1.657089	3.768341
128	24	1.677362	0.401152	1.914844	3.993358
128	25	1.677362	0.442692	1.744425	3.864479
128	26	1.677362	0.484565	2.159907	4.321834
128	27	1.677362	0.392660	1.247987	3.318010
128	28	1.677362	0.444259	1.759969	3.881590
128	29	1.677362	0.435320	1.671274	3.783956
128	30	1.677362	0.493257	2.246153	4.416772
128	31	1.677362	0.376167	1.084331	3.137860
128	32	1.677362	0.414894	1.468604	3.560861
128	33	1.677362	0.435320	1.671274	3.783956
128	34	1.677362	0.414894	1.468604	3.560861
128	35	1.677362	0.411659	1.436499	3.525520
128	36	1.677362	0.465203	2.179648	4.322214
128	37	1.677362	0.426124	1.580029	3.683515
128	38	1.677362	0.446303	1.780251	3.903916
128	39	1.677362	0.495540	2.268809	4.441711
128	40	1.677362	0.480670	2.121262	4.279294
128	41	1.677362	0.360236	1.561823	3.599421
128	42	1.677362	0.438941	1.707209	3.823513
128	43	1.677362	0.468325	1.998766	4.144453
128	44	1.677362	0.495455	2.267969	4.440787
128	45	1.677362	0.457966	1.895986	4.031315
128	46	1.677362	0.433054	1.648788	3.759204
128	47	1.677362	0.503738	2.350155	4.531256
128	48	1.677362	0.420789	1.527091	3.625242
128	49	1.677362	0.469620	2.011614	4.158596
128	50	1.677362	0.461530	1.931349	4.070242
128	51	1.677362	0.434275	1.660909	3.772546
128	52	1.677362	0.464833	1.964123	4.106319
128	53	1.677362	0.477952	2.094294	4.249609
128	54	1.677362	0.515482	2.466686	4.659530
128	55	1.677362	0.434275	1.660909	3.772546
128	56	1.677362	0.376167	1.084331	3.137860
128	57	1.677362	0.414894	1.468604	3.560861
128	58	1.677362	0.486619	2.180287	4.344268
128	59	1.677362	0.438941	1.707209	3.823513
128	60	1.677362	0.515482	2.466686	4.659530
128	61	1.677362	0.459338	1.909595	4.046295
128	62	1.677362	0.469620	2.011614	4.158596
128	63	1.677362	0.388618	1.578624	3.644604
128	64	1.677362	0.480670	2.121262	4.279294
128	65	1.677362	0.481121	2.125737	4.284221
128	66	1.677362	0.442692	1.744425	3.864479
128	67	1.677362	0.427467	1.593357	3.698186
128	68	1.677362	0.488818	2.202108	4.368288
128	69	1.677362	0.392153	1.242948	3.312463
128	70	1.677362	0.444816	1.977357	4.099536
128	71	1.677362	0.427277	1.591474	3.696114
128	72	1.677362	0.404189	1.362382	3.443934
128	73	1.677362	0.493257	2.246153	4.416772
128	74	1.677362	0.400836	1.858747	3.936946
128	75	1.677362	0.503738	2.350155	4.531256
128	76	1.677362	0.438941	1.707209	3.823513
128	77	1.677362	0.433054	1.648788	3.759204
128	78	1.677362	0.461530	1.931349	4.070242
128	79	1.677362	0.483322	2.306470	4.467155
128	80	1.677362	0.432237	2.170318	4.279917
128	81	1.677362	0.520329	2.514780	4.712472
128	82	1.677362	0.415881	1.478388	3.571631
128	83	1.677362	0.444587	1.763225	3.885173
128	84	1.677362	0.442015	1.737708	3.857086
128	85	1.677362	0.392153	1.242948	3.312463
128	86	1.677362	0.503738	2.350155	4.531256
128	87	1.677362	0.437314	2.008848	4.123525
128	88	1.677362	0.477952	2.094294	4.249609
128	89	1.677362	0.415881	1.478388	3.571631
128	90	1.677362	0.503738	2.350155	4.531256
128	91	1.677362	0.486619	2.180287	4.344268
128	92	1.677362	0.438591	1.703729	3.819682
128	93	1.677362	0.524602	2.557180	4.759144
128	94	1.677362	0.420789	1.527091	3.625242
128	95	1.677362	0.392660	1.247987	3.318010
128	96	1.677362	0.439218	1.709955	3.826536
128	97	1.677362	0.477952	2.094294	4.249609
128	98	1.677362	0.376167	1.084331	3.137860
128	99	1.677362	0.498386	2.297053	4.472802
129	0	1.749334	0.494114	2.254664	4.498113
129	1	1.749334	0.473098	2.046132	4.268565
129	2	1.749334	0.433962	1.657799	3.841095
129	3	1.749334	0.535303	2.663358	4.947995
129	4	1.749334	0.421882	1.537939	3.709155
129	5	1.749334	0.448463	1.801687	3.999485
129	6	1.749334	0.479135	2.106035	4.334504
129	7	1.749334	0.399560	1.316445	3.465339
129	8	1.749334	0.367689	1.000211	3.117235
129	9	1.749334	0.431195	1.630342	3.810871
129	10	1.749334	0.503859	2.351354	4.604547
129	11	1.749334	0.448463	1.801687	3.999485
129	12	1.749334	0.459259	1.908809	4.117402
129	13	1.749334	0.419031	1.509653	3.678018
129	14	1.749334	0.426262	1.581403	3.757000
129	15	1.749334	0.435958	1.677608	3.862901
129	16	1.749334	0.490335	2.217159	4.456828
129	17	1.749334	0.452365	2.158190	4.359890
129	18	1.749334	0.489099	2.204895	4.443328
129	19	1.749334	0.460340	1.919536	4.129210
129	20	1.749334	0.450508	1.821978	4.021820
129	21	1.749334	0.481514	2.129633	4.360481
129	22	1.749334	0.480760	2.122159	4.352254
129	23	1.749334	0.459128	2.225294	4.433756
129	24	1.749334	0.419031	1.509653	3.678018
129	25	1.749334	0.450355	1.820464	4.020153
129	26	1.749334	0.399560	1.316445	3.465339
129	27	1.749334	0.480759	2.122142	4.352235
129	28	1.749334	0.375399	1.076707	3.201440
129	29	1.749334	0.451139	1.828238	4.028711
129	30	1.749334	0.448099	1.798073	3.995506
129	31	1.749334	0.459259	1.908809	4.117402
129	32	1.749334	0.439786	1.715589	3.904710
129	33	1.749334	0.399560	1.316445	3.465339
129	34	1.749334	0.499421	2.307323	4.556079
129	35	1.749334	0.480760	2.122159	4.352254
129	36	1.749334	0.425473	1.573568	3.748376
129	37	1.749334	0.403141	1.351975	3.504450
129	38	1.749334	0.466857	1.984205	4.200397
129	39	1.749334	0.451139	1.828238	4.028711
129	40	1.749334	0.450508	1.821978	4.021820
129	41	1.749334	0.403141	1.351975	3.504450
129	42	1.749334	0.402321	1.343842	3.495497
129	43	1.749334	0.385336	1.175311	3.309981
129	44	1.749334	0.438661	1.704424	3.892419
129	45	1.749334	0.419046	1.509798	3.678179
129	46	1.749334	0.421882	1.537939	3.709155
129	47	1.749334	0.402321	1.343842	3.495497
129	48	1.749334	0.503859	2.351354	4.604547
129	49	1.749334	0.418719	1.506558	3.674611
129	50	1.749334	0.474459	2.059632	4.283425
129	51	1.749334	0.367689	1.000211	3.117235
129	52	1.749334	0.448463	1.801687	3.999485
129	53	1.749334	0.442960	1.747086	3.939381
129	54	1.749334	0.480760	2.122159	4.352254
129	55	1.749334	0.481514	2.129633	4.360481
129	56	1.749334	0.479428	2.214869	4.443631
129	57	1.749334	0.393647	1.257776	3.400758
129	58	1.749334	0.418719	1.506558	3.674611
129	59	1.749334	0.425473	1.573568	3.748376
129	60	1.749334	0.413352	1.453296	3.615982
129	61	1.749334	0.535303	2.663358	4.947995
129	62	1.749334	0.535303	2.663358	4.947995
129	63	1.749334	0.452365	2.158190	4.359890
129	64	1.749334	0.451869	1.835483	4.036686
129	65	1.749334	0.421882	1.537939	3.709155
129	66	1.749334	0.459259	1.908809	4.117402
129	67	1.749334	0.445452	1.771812	3.966598
129	68	1.749334	0.433962	1.657799	3.841095
129	69	1.749334	0.479940	2.114018	4.343292
129	70	1.749334	0.407002	1.390287	3.546623
129	71	1.749334	0.451139	1.828238	4.028711
129	72	1.749334	0.411800	1.437903	3.599037
129	73	1.749334	0.463440	1.950294	4.163068
129	74	1.749334	0.480779	2.122346	4.352460
129	75	1.749334	0.417841	1.497837	3.665012
129	76	1.749334	0.535303	2.663358	4.947995
129	77	1.749334	0.419046	1.509798	3.678179
129	78	1.749334	0.426262	1.581403	3.757000
129	79	1.749334	0.466857	1.984205	4.200397
129	80	1.749334	0.416237	1.481930	3.647501
129	81	1.749334	0.394198	1.263239	3.406771
129	82	1.749334	0.479428	2.214869	4.443631
129	83	1.749334	0.455509	1.871599	4.076442
129	84	1.749334	0.460340	1.919536	4.129210
129	85	1.749334	0.494114	2.254664	4.498113
129	86	1.749334	0.394198	1.263239	3.406771
129	87	1.749334	0.399560	1.316445	3.465339
129	88	1.749334	0.433721	1.655414	3.838470
129	89	1.749334	0.450355	1.820464	4.020153
129	90	1.749334	0.419031	1.509653	3.678018
129	91	1.749334	0.496103	2.327356	4.572793
129	92	1.749334	0.407002	1.390287	3.546623
129	93	1.749334	0.535303	2.663358	4.947995
129	94	1.749334	0.438661	1.704424	3.892419
129	95	1.749334	0.480759	2.122142	4.352235
129	96	1.749334	0.451323	1.830071	4.030729
129	97	1.749334	0.466479	1.980447	4.196260
129	98	1.749334	0.438628	1.704097	3.892060
129	99	1.749334	0.489361	2.207498	4.446193
130	0	1.684752	0.433485	1.653067	3.771304
130	1	1.684752	0.387862	1.200378	3.272992
130	2	1.684752	0.472650	2.041685	4.199087
130	3	1.684752	0.411409	1.434022	3.530183
130	4	1.684752	0.427937	1.598017	3.710706
130	5	1.684752	0.481433	2.287726	4.453912
130	6	1.684752	0.515712	2.468967	4.669431
130	7	1.684752	0.492614	2.239775	4.417141
130	8	1.684752	0.415671	1.476310	3.576734
130	9	1.684752	0.515712	2.468967	4.669431
130	10	1.684752	0.454394	1.860534	3.999679
130	11	1.684752	0.427937	1.598017	3.710706
130	12	1.684752	0.449501	1.811987	3.946240
130	13	1.684752	0.433665	1.654858	3.773276
130	14	1.684752	0.507442	2.386904	4.579098
130	15	1.684752	0.434665	1.664778	3.784196
130	16	1.684752	0.388962	1.211288	3.285002
130	17	1.684752	0.492614	2.239775	4.417141
130	18	1.684752	0.427188	1.590590	3.702531
130	19	1.684752	0.444565	1.763007	3.892324
130	20	1.684752	0.420800	1.527199	3.632750
130	21	1.684752	0.409156	1.782406	3.876314
130	22	1.684752	0.466434	1.980002	4.131187
130	23	1.684752	0.531089	2.621549	4.837391
130	24	1.684752	0.446573	1.941829	4.073155
130	25	1.684752	0.444565	1.763007	3.892324
130	26	1.684752	0.478976	2.104451	4.268179
130	27	1.684752	0.517673	2.488423	4.690848
130	28	1.684752	0.415671	1.476310	3.576734
130	29	1.684752	0.462985	1.945782	4.093519
130	30	1.684752	0.464111	1.956957	4.105820
130	31	1.684752	0.484623	2.160488	4.329863
130	32	1.684752	0.454394	1.860534	3.999679
130	33	1.684752	0.451208	1.987814	4.123774
130	34	1.684752	0.507442	2.386904	4.579098
130	35	1.684752	0.446328	1.780505	3.911586
130	36	1.684752	0.464111	1.956957	4.105820
130	37	1.684752	0.483955	2.153860	4.322567
130	38	1.684752	0.466434	1.980002	4.131187
130	39	1.684752	0.415613	1.475729	3.576094
130	40	1.684752	0.482285	2.137289	4.304326
130	41	1.684752	0.427188	1.590590	3.702531
130	42	1.684752	0.385358	1.175533	3.245643
130	43	1.684752	0.483955	2.153860	4.322567
130	44	1.684752	0.404714	1.950185	4.039651
130	45	1.684752	0.420940	1.528586	3.634278
130	46	1.684752	0.454725	1.863819	4.003295
130	47	1.684752	0.424203	1.560972	3.669927
130	48	1.684752	0.531089	2.621549	4.837391
130	49	1.684752	0.454253	1.859137	3.998142
130	50	1.684752	0.465750	1.973219	4.123721
130	51	1.684752	0.422711	1.546165	3.653628
130	52	1.684752	0.450401	1.820917	3.956070
130	53	1.684752	0.492614	2.239775	4.417141
130	54	1.684752	0.472650	2.041685	4.199087
130	55	1.684752	0.470499	2.126270	4.281521
130	56	1.684752	0.459801	1.914189	4.058742
130	57	1.684752	0.471147	2.026772	4.182672
130	58	1.684752	0.454164	2.070112	4.209028
130	59	1.684752	0.484385	2.158127	4.327264
130	60	1.684752	0.409781	1.417865	3.512398
130	61	1.684752	0.481568	2.342031	4.508351
130	62	1.684752	0.451611	1.832919	3.969282
130	63	1.684752	0.427353	1.592220	3.704324
130	64	1.684752	0.450401	1.820917	3.956070
130	65	1.684752	0.450401	1.820917	3.956070
130	66	1.684752	0.479927	2.113889	4.278568
130	67	1.684752	0.385358	1.175533	3.245643
130	68	1.684752	0.455870	1.875188	4.015811
130	69	1.684752	0.411409	1.434022	3.530183
130	70	1.684752	0.503145	2.344273	4.532170
130	71	1.684752	0.433665	1.654858	3.773276
130	72	1.684752	0.419560	1.514902	3.619214
130	73	1.684752	0.443460	1.752045	3.880257
130	74	1.684752	0.482105	2.135504	4.302361
130	75	1.684752	0.433665	1.654858	3.773276
130	76	1.684752	0.464111	1.956957	4.105820
130	77	1.684752	0.411409	1.434022	3.530183
130	78	1.684752	0.464111	1.956957	4.105820
130	79	1.684752	0.463407	1.949967	4.098126
130	80	1.684752	0.483955	2.153860	4.322567
130	81	1.684752	0.454725	1.863819	4.003295
130	82	1.684752	0.508815	2.453493	4.647060
130	83	1.684752	0.428349	1.602105	3.715206
130	84	1.684752	0.493697	2.250519	4.428967
130	85	1.684752	0.465761	2.132215	4.282727
130	86	1.684752	0.466434	1.980002	4.131187
130	87	1.684752	0.492614	2.239775	4.417141
130	88	1.684752	0.464245	1.958284	4.107282
130	89	1.684752	0.500143	2.314479	4.499374
130	90	1.684752	0.425916	1.577967	3.688635
130	91	1.684752	0.454725	1.863819	4.003295
130	92	1.684752	0.433485	1.653067	3.771304
130	93	1.684752	0.472650	2.041685	4.199087
130	94	1.684752	0.409781	1.417865	3.512398
130	95	1.684752	0.466434	1.980002	4.131187
130	96	1.684752	0.506885	2.381377	4.573014
130	97	1.684752	0.479927	2.113889	4.278568
130	98	1.684752	0.405998	1.380334	3.471084
130	99	1.684752	0.427188	1.590590	3.702531
131	0	1.722830	0.388847	1.210149	3.321827
131	1	1.722830	0.455667	2.190957	4.369455
131	2	1.722830	0.435255	1.670632	3.828717
131	3	1.722830	0.535309	2.663419	4.921559
131	4	1.722830	0.448301	1.906010	4.077142
131	5	1.722830	0.490537	2.219162	4.432529
131	6	1.722830	0.472425	2.039447	4.234702
131	7	1.722830	0.410288	1.952529	4.085647
131	8	1.722830	0.436023	1.678249	3.837102
131	9	1.722830	0.507949	2.391941	4.622721
131	10	1.722830	0.463371	1.949610	4.135812
131	11	1.722830	0.376766	1.725840	3.825436
131	12	1.722830	0.449491	1.811893	3.984215
131	13	1.722830	0.410210	1.422124	3.555165
131	14	1.722830	0.485138	2.165594	4.373562
131	15	1.722830	0.519345	2.505014	4.747189
131	16	1.722830	0.452111	2.102701	4.277642
131	17	1.722830	0.410315	1.423169	3.556315
131	18	1.722830	0.502234	2.335235	4.560300
131	19	1.722830	0.436023	1.678249	3.837102
131	20	1.722830	0.399195	1.312828	3.434854
131	21	1.722830	0.471034	2.025644	4.219508
131	22	1.722830	0.473791	2.053004	4.249626
131	23	1.722830	0.492440	2.238049	4.453320
131	24	1.722830	0.451689	1.833693	4.008212
131	25	1.722830	0.467157	1.987183	4.177171
131	26	1.722830	0.485131	2.165530	4.373492
131	27	1.722830	0.385028	1.172251	3.280109
131	28	1.722830	0.416672	1.486243	3.625746
131	29	1.722830	0.484900	2.163233	4.370963
131	30	1.722830	0.416357	1.483112	3.622299
131	31	1.722830	0.410315	1.423169	3.556315
131	32	1.722830	0.388847	1.210149	3.321827
131	33	1.722830	0.479436	2.109021	4.311288
131	34	1.722830	0.437049	1.688435	3.848315
131	35	1.722830	0.437049	1.688435	3.848315
131	36	1.722830	0.447175	1.788905	3.958910
131	37	1.722830	0.459373	1.909940	4.092144
131	38	1.722830	0.435255	1.670632	3.828717
131	39	1.722830	0.473191	2.047056	4.243078
131	40	1.722830	0.410210	1.422124	3.555165
131	41	1.722830	0.467157	1.987183	4.177171
131	42	1.722830	0.410210	1.422124	3.555165
131	43	1.722830	0.466899	1.984615	4.174344
131	44	1.722830	0.477079	2.085629	4.285539
131	45	1.722830	0.432916	1.647426	3.803173
131	46	1.722830	0.485131	2.165530	4.373492
131	47	1.722830	0.440771	1.725362	3.888963
131	48	1.722830	0.439084	1.708620	3.870534
131	49	1.722830	0.502234	2.335235	4.560300
131	50	1.722830	0.449202	1.809021	3.981053
131	51	1.722830	0.497340	2.286672	4.506843
131	52	1.722830	0.399195	1.312828	3.434854
131	53	1.722830	0.481440	2.128905	4.333176
131	54	1.722830	0.414899	1.468650	3.606380
131	55	1.722830	0.466899	1.984615	4.174344
131	56	1.722830	0.416357	1.483112	3.622299
131	57	1.722830	0.464237	1.958202	4.145269
131	58	1.722830	0.479436	2.109021	4.311288
131	59	1.722830	0.499030	2.303434	4.525294
131	60	1.722830	0.490537	2.219162	4.432529
131	61	1.722830	0.464237	1.958202	4.145269
131	62	1.722830	0.424864	1.567529	3.715224
131	63	1.722830	0.432916	1.647426	3.803173
131	64	1.722830	0.453988	2.068369	4.245188
131	65	1.722830	0.535309	2.663419	4.921559
131	66	1.722830	0.497097	2.284262	4.504189
131	67	1.722830	0.494184	2.255357	4.472371
131	68	1.722830	0.481440	2.128905	4.333176
131	69	1.722830	0.414483	1.464520	3.601834
131	70	1.722830	0.490537	2.219162	4.432529
131	71	1.722830	0.376766	1.725840	3.825436
131	72	1.722830	0.471034	2.025644	4.219508
131	73	1.722830	0.421622	1.535361	3.679814
131	74	1.722830	0.472425	2.039447	4.234702
131	75	1.722830	0.492440	2.238049	4.453320
131	76	1.722830	0.510813	2.420354	4.653997
131	77	1.722830	0.463458	1.950474	4.136762
131	78	1.722830	0.464913	2.017878	4.205621
131	79	1.722830	0.414899	1.468650	3.606380
131	80	1.722830	0.519345	2.505014	4.747189
131	81	1.722830	0.413985	1.459575	3.596390
131	82	1.722830	0.464237	1.958202	4.145269
131	83	1.722830	0.486492	2.179027	4.388350
131	84	1.722830	0.413985	1.459575	3.596390
131	85	1.722830	0.480457	2.383970	4.587258
131	86	1.722830	0.449491	1.811893	3.984215
131	87	1.722830	0.443367	1.751124	3.917322
131	88	1.722830	0.476366	2.078559	4.277756
131	89	1.722830	0.465749	1.973209	4.161789
131	90	1.722830	0.409196	1.835773	3.967800
131	91	1.722830	0.466899	1.984615	4.174344
131	92	1.722830	0.467157	1.987183	4.177171
131	93	1.722830	0.473791	2.053004	4.249626
131	94	1.722830	0.467157	1.987183	4.177171
131	95	1.722830	0.500726	2.320270	4.543826
131	96	1.722830	0.416357	1.483112	3.622299
131	97	1.722830	0.410210	1.422124	3.555165
131	98	1.722830	0.467157	1.987183	4.177171
131	99	1.722830	0.414483	1.464520	3.601834
132	0	1.681533	0.410712	1.956737	4.048981
132	1	1.681533	0.427709	1.595759	3.705002
132	2	1.681533	0.445654	1.773817	3.901004
132	3	1.681533	0.410358	1.423587	3.515478
132	4	1.681533	0.467144	1.987052	4.135729
132	5	1.681533	0.426225	1.581035	3.688793
132	6	1.681533	0.467144	1.987052	4.135729
132	7	1.681533	0.403940	1.889542	3.975015
132	8	1.681533	0.464850	1.964292	4.110676
132	9	1.681533	0.390107	1.222649	3.294289
132	10	1.681533	0.431854	1.636883	3.750270
132	11	1.681533	0.416488	1.484416	3.582437
132	12	1.681533	0.453178	1.848471	3.983181
132	13	1.681533	0.452537	1.842111	3.976181
132	14	1.681533	0.427709	1.595759	3.705002
132	15	1.681533	0.476136	2.076277	4.233946
132	16	1.681533	0.502960	2.342435	4.526928
132	17	1.681533	0.410275	1.422768	3.514576
132	18	1.681533	0.433344	1.651667	3.766543
132	19	1.681533	0.419558	1.514874	3.615965
132	20	1.681533	0.401585	1.336540	3.419658
132	21	1.681533	0.459252	1.908742	4.049527
132	22	1.681533	0.415061	1.470258	3.566852
132	23	1.681533	0.464850	1.964292	4.110676
132	24	1.681533	0.464850	1.964292	4.110676
132	25	1.681533	0.488664	2.200585	4.370782
132	26	1.681533	0.499213	2.305251	4.485996
132	27	1.681533	0.499213	2.305251	4.485996
132	28	1.681533	0.422181	1.540906	3.644620
132	29	1.681533	0.447950	1.796599	3.926082
132	30	1.681533	0.447747	1.900511	4.029791
132	31	1.681533	0.424471	1.563625	3.669628
132	32	1.681533	0.460879	1.924882	4.067294
132	33	1.681533	0.366225	0.985680	3.033437
132	34	1.681533	0.418815	1.507508	3.607856
132	35	1.681533	0.427709	1.595759	3.705002
132	36	1.681533	0.467144	1.987052	4.135729
132	37	1.681533	0.415061	1.470258	3.566852
132	38	1.681533	0.466641	1.982060	4.130234
132	39	1.681533	0.479819	2.112815	4.274166
132	40	1.681533	0.477605	2.090845	4.249982
132	41	1.681533	0.410358	1.423587	3.515478
132	42	1.681533	0.426225	1.581035	3.688793
132	43	1.681533	0.466641	1.982060	4.130234
132	44	1.681533	0.426225	1.581035	3.688793
132	45	1.681533	0.466641	1.982060	4.130234
132	46	1.681533	0.477605	2.090845	4.249982
132	47	1.681533	0.450343	1.820347	3.952223
132	48	1.681533	0.424471	1.563625	3.669628
132	49	1.681533	0.408352	1.774428	3.864313
132	50	1.681533	0.414771	1.467376	3.563680
132	51	1.681533	0.471892	2.034160	4.187585
132	52	1.681533	0.303004	1.311718	3.296255
132	53	1.681533	0.459252	1.908742	4.049527
132	54	1.681533	0.489776	2.423475	4.594784
132	55	1.681533	0.375290	1.075629	3.132452
132	56	1.681533	0.479510	2.109754	4.270798
132	57	1.681533	0.433344	1.651667	3.766543
132	58	1.681533	0.518862	2.500226	4.700621
132	59	1.681533	0.496395	2.277290	4.455218
132	60	1.681533	0.426225	1.581035	3.688793
132	61	1.681533	0.518862	2.500226	4.700621
132	62	1.681533	0.466641	1.982060	4.130234
132	63	1.681533	0.422762	1.546669	3.650963
132	64	1.681533	0.500978	2.322769	4.505280
132	65	1.681533	0.477580	2.249488	4.408600
132	66	1.681533	0.418815	1.507508	3.607856
132	67	1.681533	0.460879	1.924882	4.067294
132	68	1.681533	0.496395	2.277290	4.455218
132	69	1.681533	0.375290	1.075629	3.132452
132	70	1.681533	0.418815	1.507508	3.607856
132	71	1.681533	0.452537	1.842111	3.976181
132	72	1.681533	0.450343	1.820347	3.952223
132	73	1.681533	0.467144	1.987052	4.135729
132	74	1.681533	0.410358	1.423587	3.515478
132	75	1.681533	0.492192	2.235586	4.409311
132	76	1.681533	0.410358	1.423587	3.515478
132	77	1.681533	0.456209	2.196328	4.334070
132	78	1.681533	0.419941	1.518681	3.620155
132	79	1.681533	0.502960	2.342435	4.526928
132	80	1.681533	0.498830	2.301456	4.481819
132	81	1.681533	0.471892	2.034160	4.187585
132	82	1.681533	0.497602	2.342232	4.521367
132	83	1.681533	0.440947	2.097859	4.220339
132	84	1.681533	0.424471	1.563625	3.669628
132	85	1.681533	0.416488	1.484416	3.582437
132	86	1.681533	0.410275	1.422768	3.514576
132	87	1.681533	0.457249	1.888864	4.027646
132	88	1.681533	0.449533	1.812310	3.943376
132	89	1.681533	0.452537	1.842111	3.976181
132	90	1.681533	0.460879	1.924882	4.067294
132	91	1.681533	0.469084	2.006303	4.156921
132	92	1.681533	0.450343	1.820347	3.952223
132	93	1.681533	0.366225	0.985680	3.033437
132	94	1.681533	0.410358	1.423587	3.515478
132	95	1.681533	0.422181	1.540906	3.644620
132	96	1.681533	0.499213	2.305251	4.485996
132	97	1.681533	0.426225	1.581035	3.688793
132	98	1.681533	0.489426	2.208143	4.379102
132	99	1.681533	0.450759	1.824472	3.956764
133	0	1.694302	0.385485	1.176791	3.256578
133	1	1.694302	0.505370	2.366348	4.566020
133	2	1.694302	0.423989	1.558845	3.677135
133	3	1.694302	0.465077	1.966536	4.125914
133	4	1.694302	0.447153	1.788690	3.930144
133	5	1.694302	0.456904	1.885447	4.036653
133	6	1.694302	0.505850	2.371109	4.571260
133	7	1.694302	0.400004	1.320856	3.415162
133	8	1.694302	0.478061	2.095371	4.267734
133	9	1.694302	0.445715	1.774420	3.914436
133	10	1.694302	0.505850	2.371109	4.571260
133	11	1.694302	0.447153	1.788690	3.930144
133	12	1.694302	0.385843	1.180341	3.260486
133	13	1.694302	0.420743	1.526635	3.641680
133	14	1.694302	0.463483	1.950727	4.108512
133	15	1.694302	0.457361	1.889976	4.041638
133	16	1.694302	0.456932	1.885725	4.036960
133	17	1.694302	0.480371	2.277188	4.451861
133	18	1.694302	0.497829	2.291523	4.483654
133	19	1.694302	0.470479	2.020137	4.184917
133	20	1.694302	0.370605	1.029145	3.094052
133	21	1.694302	0.424329	1.562220	3.680851
133	22	1.694302	0.428310	1.601716	3.724327
133	23	1.694302	0.435291	1.670993	3.800587
133	24	1.694302	0.471294	2.028230	4.193826
133	25	1.694302	0.419196	1.511290	3.624788
133	26	1.694302	0.447095	1.788114	3.929511
133	27	1.694302	0.423989	1.558845	3.677135
133	28	1.694302	0.491001	2.329697	4.515000
133	29	1.694302	0.456333	1.879783	4.030418
133	30	1.694302	0.432583	1.644123	3.771008
133	31	1.694302	0.468599	2.001491	4.164392
133	32	1.694302	0.476171	2.076617	4.247090
133	33	1.694302	0.485113	2.165348	4.344763
133	34	1.694302	0.397425	1.295266	3.386993
133	35	1.694302	0.483524	2.149581	4.327407
133	36	1.694302	0.414399	1.463689	3.572390
133	37	1.694302	0.468599	2.001491	4.164392
133	38	1.694302	0.445181	1.769118	3.908600
133	39	1.694302	0.422242	1.541514	3.658058
133	40	1.694302	0.457361	1.889976	4.041638
133	41	1.694302	0.385485	1.176791	3.256578
133	42	1.694302	0.413044	1.450244	3.557590
133	43	1.694302	0.488001	2.405863	4.588166
133	44	1.694302	0.456932	1.885725	4.036960
133	45	1.694302	0.491001	2.329697	4.515000
133	46	1.694302	0.435291	1.670993	3.800587
133	47	1.694302	0.369226	1.703989	3.767517
133	48	1.694302	0.495757	2.270966	4.461025
133	49	1.694302	0.463483	1.950727	4.108512
133	50	1.694302	0.410058	1.420611	3.524971
133	51	1.694302	0.403999	1.360495	3.458796
133	52	1.694302	0.370605	1.029145	3.094052
133	53	1.694302	0.454449	1.861085	4.009836
133	54	1.694302	0.475722	2.072161	4.242184
133	55	1.694302	0.488262	2.196596	4.379160
133	56	1.694302	0.465839	1.974102	4.134243
133	57	1.694302	0.465077	1.966536	4.125914
133	58	1.694302	0.422242	1.541514	3.658058
133	59	1.694302	0.418366	1.503054	3.615722
133	60	1.694302	0.428310	1.601716	3.724327
133	61	1.694302	0.454449	1.861085	4.009836
133	62	1.694302	0.463483	1.950727	4.108512
133	63	1.694302	0.495757	2.270966	4.461025
133	64	1.694302	0.442432	1.741848	3.878582
133	65	1.694302	0.507917	2.391623	4.593843
133	66	1.694302	0.432583	1.644123	3.771008
133	67	1.694302	0.456932	1.885725	4.036960
133	68	1.694302	0.504646	2.359161	4.558108
133	69	1.694302	0.468638	2.001875	4.164814
133	70	1.694302	0.466812	1.983751	4.144865
133	71	1.694302	0.475722	2.072161	4.242184
133	72	1.694302	0.478047	2.254122	4.426470
133	73	1.694302	0.505370	2.366348	4.566020
133	74	1.694302	0.447428	1.791423	3.933153
133	75	1.694302	0.413044	1.450244	3.557590
133	76	1.694302	0.452932	1.846028	3.993261
133	77	1.694302	0.385485	1.176791	3.256578
133	78	1.694302	0.432983	1.648083	3.775368
133	79	1.694302	0.422242	1.541514	3.658058
133	80	1.694302	0.420743	1.526635	3.641680
133	81	1.694302	0.499615	2.468134	4.662051
133	82	1.694302	0.385485	1.176791	3.256578
133	83	1.694302	0.410058	1.420611	3.524971
133	84	1.694302	0.501227	2.325240	4.520769
133	85	1.694302	0.471294	2.028230	4.193826
133	86	1.694302	0.425926	1.948809	4.069037
133	87	1.694302	0.403999	1.360495	3.458796
133	88	1.694302	0.432983	1.648083	3.775368
133	89	1.694302	0.437946	1.697337	3.829586
133	90	1.694302	0.385843	1.180341	3.260486
133	91	1.694302	0.466479	1.980453	4.141234
133	92	1.694302	0.447095	1.788114	3.929511
133	93	1.694302	0.456932	1.885725	4.036960
133	94	1.694302	0.447428	1.791423	3.933153
133	95	1.694302	0.464456	2.066309	4.225067
133	96	1.694302	0.423989	1.558845	3.677135
133	97	1.694302	0.447197	1.789125	3.930624
133	98	1.694302	0.356565	1.578357	3.629223
133	99	1.694302	0.463483	1.950727	4.108512
134	0	1.788049	0.428002	1.598664	3.814714
134	1	1.788049	0.415211	1.471741	3.675000
134	2	1.788049	0.451368	1.830510	4.069926
134	3	1.788049	0.417079	1.490280	3.695408
134	4	1.788049	0.458586	1.902130	4.148765
134	5	1.788049	0.379462	1.117022	3.284532
134	6	1.788049	0.441090	1.728529	3.957668
134	7	1.788049	0.458343	1.899718	4.146110
134	8	1.788049	0.407505	1.395282	3.590836
134	9	1.788049	0.421812	1.537244	3.747105
134	10	1.788049	0.425043	1.569306	3.782398
134	11	1.788049	0.473883	2.053920	4.315851
134	12	1.788049	0.408818	1.408306	3.605172
134	13	1.788049	0.458621	1.902477	4.149146
134	14	1.788049	0.439654	1.714277	3.941979
134	15	1.788049	0.490634	2.220131	4.498814
134	16	1.788049	0.413675	1.456506	3.658229
134	17	1.788049	0.441539	1.732987	3.962575
134	18	1.788049	0.502607	2.391895	4.682551
134	19	1.788049	0.487491	2.188941	4.464480
134	20	1.788049	0.473883	2.053920	4.315851
134	21	1.788049	0.467889	1.994441	4.250378
134	22	1.788049	0.441539	1.732987	3.962575
134	23	1.788049	0.441539	1.732987	3.962575
134	24	1.788049	0.469878	2.014176	4.272102
134	25	1.788049	0.458465	1.900928	4.147441
134	26	1.788049	0.417482	1.494280	3.699811
134	27	1.788049	0.434200	1.977949	4.200198
134	28	1.788049	0.421812	1.537244	3.747105
134	29	1.788049	0.463855	1.954417	4.206320
134	30	1.788049	0.450861	1.825485	4.064395
134	31	1.788049	0.469673	2.012144	4.269865
134	32	1.788049	0.412300	1.442857	3.643205
134	33	1.788049	0.379462	1.117022	3.284532
134	34	1.788049	0.425672	1.575542	3.789263
134	35	1.788049	0.457941	1.895735	4.141724
134	36	1.788049	0.484218	2.156464	4.428731
134	37	1.788049	0.508706	2.399452	4.696206
134	38	1.788049	0.483490	2.149238	4.420776
134	39	1.788049	0.522250	2.639763	4.950061
134	40	1.788049	0.473578	2.050895	4.312522
134	41	1.788049	0.368873	1.011954	3.168876
134	42	1.788049	0.408818	1.408306	3.605172
134	43	1.788049	0.424128	1.560227	3.772404
134	44	1.788049	0.404980	1.370230	3.563259
134	45	1.788049	0.441745	1.735031	3.964825
134	46	1.788049	0.407505	1.395282	3.590836
134	47	1.788049	0.417482	1.494280	3.699811
134	48	1.788049	0.458343	1.899718	4.146110
134	49	1.788049	0.538811	2.751127	5.077987
134	50	1.788049	0.489184	2.205745	4.482978
134	51	1.788049	0.464566	1.961467	4.214081
134	52	1.788049	0.446035	1.777599	4.011683
134	53	1.788049	0.437720	1.695089	3.920858
134	54	1.788049	0.421812	1.537244	3.747105
134	55	1.788049	0.451368	1.830510	4.069926
134	56	1.788049	0.424128	1.560227	3.772404
134	57	1.788049	0.404980	1.370230	3.563259
134	58	1.788049	0.532677	2.637306	4.958032
134	59	1.788049	0.481895	2.133421	4.403365
134	60	1.788049	0.454309	2.018590	4.260947
134	61	1.788049	0.458621	1.902477	4.149146
134	62	1.788049	0.419970	1.995643	4.203662
134	63	1.788049	0.450861	1.825485	4.064395
134	64	1.788049	0.441745	1.735031	3.964825
134	65	1.788049	0.424974	1.568618	3.781641
134	66	1.788049	0.444657	1.763919	3.996624
134	67	1.788049	0.444657	1.763919	3.996624
134	68	1.788049	0.419970	1.995643	4.203662
134	69	1.788049	0.457941	1.895735	4.141724
134	70	1.788049	0.473578	2.050895	4.312522
134	71	1.788049	0.425672	1.575542	3.789263
134	72	1.788049	0.458465	1.900928	4.147441
134	73	1.788049	0.368873	1.011954	3.168876
134	74	1.788049	0.428002	1.598664	3.814714
134	75	1.788049	0.511705	2.429204	4.728957
134	76	1.788049	0.418459	1.503970	3.710477
134	77	1.788049	0.417079	1.490280	3.695408
134	78	1.788049	0.489184	2.205745	4.482978
134	79	1.788049	0.490634	2.220131	4.498814
134	80	1.788049	0.413098	1.980416	4.181562
134	81	1.788049	0.457941	1.895735	4.141724
134	82	1.788049	0.507835	2.443772	4.739655
134	83	1.788049	0.410755	1.427528	3.626331
134	84	1.788049	0.457941	1.895735	4.141724
134	85	1.788049	0.472896	2.044127	4.305072
134	86	1.788049	0.434375	1.661899	3.884323
134	87	1.788049	0.463855	1.954417	4.206320
134	88	1.788049	0.417482	1.494280	3.699811
134	89	1.788049	0.458586	1.902130	4.148765
134	90	1.788049	0.425043	1.569306	3.782398
134	91	1.788049	0.437659	1.694488	3.920196
134	92	1.788049	0.410755	1.427528	3.626331
134	93	1.788049	0.467889	1.994441	4.250378
134	94	1.788049	0.412300	1.442857	3.643205
134	95	1.788049	0.437091	1.688851	3.913991
134	96	1.788049	0.379462	1.117022	3.284532
134	97	1.788049	0.463855	1.954417	4.206320
134	98	1.788049	0.434200	1.977949	4.200198
134	99	1.788049	0.489184	2.205745	4.482978
135	0	1.663060	0.430105	1.619532	3.712697
135	1	1.663060	0.355829	1.465129	3.484018
135	2	1.663060	0.409536	1.415433	3.488028
135	3	1.663060	0.364005	0.963649	2.990713
135	4	1.663060	0.482368	2.138108	4.283535
135	5	1.663060	0.414844	1.468101	3.546004
135	6	1.663060	0.446350	1.780720	3.890129
135	7	1.663060	0.419451	1.513813	3.596323
135	8	1.663060	0.384822	1.170214	3.218096
135	9	1.663060	0.419451	1.513813	3.596323
135	10	1.663060	0.481758	2.132059	4.276876
135	11	1.663060	0.496300	2.276354	4.435714
135	12	1.663060	0.449853	1.815478	3.928390
135	13	1.663060	0.483824	2.311447	4.458330
135	14	1.663060	0.444133	1.758723	3.865916
135	15	1.663060	0.397910	1.300076	3.361045
135	16	1.663060	0.484798	2.374082	4.521940
135	17	1.663060	0.483062	2.250921	4.397042
135	18	1.663060	0.483478	2.149125	4.295663
135	19	1.663060	0.448200	1.799076	3.910335
135	20	1.663060	0.488596	2.199909	4.351564
135	21	1.663060	0.458767	1.903934	4.025761
135	22	1.663060	0.463113	1.947056	4.073229
135	23	1.663060	0.444806	1.765404	3.873270
135	24	1.663060	0.428190	1.600533	3.691783
135	25	1.663060	0.440720	1.724853	3.828632
135	26	1.663060	0.425609	1.574920	3.663588
135	27	1.663060	0.424493	1.563846	3.651398
135	28	1.663060	0.369720	1.020360	3.053139
135	29	1.663060	0.432802	1.646294	3.742156
135	30	1.663060	0.335512	1.475384	3.473955
135	31	1.663060	0.420056	1.519821	3.602937
135	32	1.663060	0.516222	2.474025	4.653307
135	33	1.663060	0.444806	1.765404	3.873270
135	34	1.663060	0.505831	2.370923	4.539814
135	35	1.663060	0.408774	1.407875	3.479708
135	36	1.663060	0.405931	1.379665	3.448655
135	37	1.663060	0.408774	1.407875	3.479708
135	38	1.663060	0.445092	1.768240	3.876392
135	39	1.663060	0.416836	1.487871	3.567767
135	40	1.663060	0.484318	2.157458	4.304836
135	41	1.663060	0.462873	1.944674	4.070607
135	42	1.663060	0.505831	2.370923	4.539814
135	43	1.663060	0.430476	1.623216	3.716752
135	44	1.663060	0.416024	1.479810	3.558894
135	45	1.663060	0.442309	1.740625	3.845993
135	46	1.663060	0.486692	2.181014	4.330765
135	47	1.663060	0.472114	2.036360	4.171533
135	48	1.663060	0.482368	2.138108	4.283535
135	49	1.663060	0.495860	2.483836	4.642755
135	50	1.663060	0.505831	2.370923	4.539814
135	51	1.663060	0.430893	1.627348	3.721300
135	52	1.663060	0.428190	1.600533	3.691783
135	53	1.663060	0.458767	1.903934	4.025761
135	54	1.663060	0.510697	2.419209	4.592965
135	55	1.663060	0.463113	1.947056	4.073229
135	56	1.663060	0.414844	1.468101	3.546004
135	57	1.663060	0.432012	1.638457	3.733529
135	58	1.663060	0.385180	1.173764	3.222003
135	59	1.663060	0.464953	1.965313	4.093326
135	60	1.663060	0.432313	1.641443	3.736815
135	61	1.663060	0.483478	2.149125	4.295663
135	62	1.663060	0.405931	1.379665	3.448655
135	63	1.663060	0.440389	1.774539	3.877988
135	64	1.663060	0.430893	1.627348	3.721300
135	65	1.663060	0.508322	2.395638	4.567019
135	66	1.663060	0.446350	1.780720	3.890129
135	67	1.663060	0.344649	1.513082	3.520790
135	68	1.663060	0.417295	1.492428	3.572783
135	69	1.663060	0.397910	1.300076	3.361045
135	70	1.663060	0.430105	1.619532	3.712697
135	71	1.663060	0.451849	1.941210	4.056119
135	72	1.663060	0.414844	1.468101	3.546004
135	73	1.663060	0.424493	1.563846	3.651398
135	74	1.663060	0.465006	1.965838	4.093904
135	75	1.663060	0.382256	1.144750	3.190065
135	76	1.663060	0.409536	1.415433	3.488028
135	77	1.663060	0.384822	1.170214	3.218096
135	78	1.663060	0.471917	2.193301	4.328277
135	79	1.663060	0.463113	1.947056	4.073229
135	80	1.663060	0.414844	1.468101	3.546004
135	81	1.663060	0.382256	1.144750	3.190065
135	82	1.663060	0.488596	2.199909	4.351564
135	83	1.663060	0.462873	1.944674	4.070607
135	84	1.663060	0.419451	1.513813	3.596323
135	85	1.663060	0.432313	1.641443	3.736815
135	86	1.663060	0.464953	1.965313	4.093326
135	87	1.663060	0.482368	2.138108	4.283535
135	88	1.663060	0.465006	1.965838	4.093904
135	89	1.663060	0.444133	1.758723	3.865916
135	90	1.663060	0.446350	1.780720	3.890129
135	91	1.663060	0.444133	1.758723	3.865916
135	92	1.663060	0.432802	1.646294	3.742156
135	93	1.663060	0.510697	2.419209	4.592965
135	94	1.663060	0.444806	1.765404	3.873270
135	95	1.663060	0.424493	1.563846	3.651398
135	96	1.663060	0.468659	2.002084	4.133803
135	97	1.663060	0.510697	2.419209	4.592965
135	98	1.663060	0.425609	1.574920	3.663588
135	99	1.663060	0.420056	1.519821	3.602937
136	0	1.715423	0.479862	2.113249	4.308535
136	1	1.715423	0.454568	1.968196	4.138187
136	2	1.715423	0.495908	2.272459	4.483790
136	3	1.715423	0.427514	1.593817	3.736754
136	4	1.715423	0.367279	0.996139	3.078841
136	5	1.715423	0.452284	1.839603	4.007310
136	6	1.715423	0.426873	1.587457	3.729752
136	7	1.715423	0.444651	1.763859	3.923933
136	8	1.715423	0.509059	2.402956	4.627438
136	9	1.715423	0.392256	1.243978	3.351657
136	10	1.715423	0.408655	1.406690	3.530768
136	11	1.715423	0.459317	1.909389	4.084129
136	12	1.715423	0.444651	1.763859	3.923933
136	13	1.715423	0.458744	1.903702	4.077869
136	14	1.715423	0.472322	2.144357	4.332102
136	15	1.715423	0.442358	1.741108	3.898889
136	16	1.715423	0.488783	2.201760	4.405966
136	17	1.715423	0.467738	1.992944	4.176105
136	18	1.715423	0.416660	1.486124	3.618207
136	19	1.715423	0.406897	1.389251	3.511571
136	20	1.715423	0.440765	1.725300	3.881488
136	21	1.715423	0.465102	1.966784	4.147309
136	22	1.715423	0.496966	2.282959	4.495348
136	23	1.715423	0.367279	0.996139	3.078841
136	24	1.715423	0.465945	1.975150	4.156518
136	25	1.715423	0.459317	1.909389	4.084129
136	26	1.715423	0.406897	1.389251	3.511571
136	27	1.715423	0.473104	2.046189	4.234716
136	28	1.715423	0.475523	2.123152	4.314098
136	29	1.715423	0.392256	1.243978	3.351657
136	30	1.715423	0.416380	1.483340	3.615142
136	31	1.715423	0.444291	1.760294	3.920008
136	32	1.715423	0.498351	2.296704	4.510478
136	33	1.715423	0.368453	1.007792	3.091668
136	34	1.715423	0.514410	2.456049	4.685882
136	35	1.715423	0.385098	1.172944	3.273465
136	36	1.715423	0.458559	1.901864	4.075846
136	37	1.715423	0.444291	1.760294	3.920008
136	38	1.715423	0.474257	2.216522	4.406202
136	39	1.715423	0.411651	1.436420	3.563494
136	40	1.715423	0.406189	1.752967	3.874579
136	41	1.715423	0.368453	1.007792	3.091668
136	42	1.715423	0.426873	1.587457	3.729752
136	43	1.715423	0.456049	2.194745	4.366217
136	44	1.715423	0.440828	1.725927	3.882178
136	45	1.715423	0.425679	1.575615	3.716717
136	46	1.715423	0.452284	1.839603	4.007310
136	47	1.715423	0.420863	1.527822	3.664107
136	48	1.715423	0.408655	1.406690	3.530768
136	49	1.715423	0.515791	2.628644	4.859858
136	50	1.715423	0.514410	2.456049	4.685882
136	51	1.715423	0.505538	2.368016	4.588977
136	52	1.715423	0.383005	1.152181	3.250609
136	53	1.715423	0.457657	1.892912	4.065992
136	54	1.715423	0.485876	2.172914	4.374213
136	55	1.715423	0.435686	2.098616	4.249724
136	56	1.715423	0.412235	1.442220	3.569878
136	57	1.715423	0.487387	2.187907	4.390717
136	58	1.715423	0.495415	2.267571	4.478409
136	59	1.715423	0.496966	2.282959	4.495348
136	60	1.715423	0.392256	1.243978	3.351657
136	61	1.715423	0.410008	1.420122	3.545554
136	62	1.715423	0.403928	1.359794	3.479146
136	63	1.715423	0.439632	1.714065	3.869120
136	64	1.715423	0.442800	1.745495	3.903717
136	65	1.715423	0.420363	1.522865	3.658651
136	66	1.715423	0.481916	2.239557	4.436896
136	67	1.715423	0.446872	1.785902	3.948197
136	68	1.715423	0.410008	1.420122	3.545554
136	69	1.715423	0.427514	1.593817	3.736754
136	70	1.715423	0.446872	1.785902	3.948197
136	71	1.715423	0.367279	0.996139	3.078841
136	72	1.715423	0.392028	1.241715	3.349166
136	73	1.715423	0.443433	1.751781	3.910637
136	74	1.715423	0.414218	1.461892	3.591533
136	75	1.715423	0.392256	1.243978	3.351657
136	76	1.715423	0.426873	1.587457	3.729752
136	77	1.715423	0.442358	1.741108	3.898889
136	78	1.715423	0.361581	0.939598	3.016601
136	79	1.715423	0.444291	1.760294	3.920008
136	80	1.715423	0.463212	1.948037	4.126672
136	81	1.715423	0.403928	1.359794	3.479146
136	82	1.715423	0.425679	1.575615	3.716717
136	83	1.715423	0.481916	2.239557	4.436896
136	84	1.715423	0.443433	1.751781	3.910637
136	85	1.715423	0.442358	1.741108	3.898889
136	86	1.715423	0.409446	1.414546	3.539416
136	87	1.715423	0.416380	1.483340	3.615142
136	88	1.715423	0.467738	1.992944	4.176105
136	89	1.715423	0.467738	1.992944	4.176105
136	90	1.715423	0.458744	1.903702	4.077869
136	91	1.715423	0.440828	1.725927	3.882178
136	92	1.715423	0.457657	1.892912	4.065992
136	93	1.715423	0.465945	1.975150	4.156518
136	94	1.715423	0.458744	1.903702	4.077869
136	95	1.715423	0.420863	1.527822	3.664107
136	96	1.715423	0.501937	2.332288	4.549648
136	97	1.715423	0.361581	0.939598	3.016601
136	98	1.715423	0.472030	2.035534	4.222988
136	99	1.715423	0.465102	1.966784	4.147309
137	0	1.847663	0.491540	2.229116	4.568318
137	1	1.847663	0.431327	1.631660	3.910650
137	2	1.847663	0.442940	1.746885	4.037488
137	3	1.847663	0.442940	1.746885	4.037488
137	4	1.847663	0.477660	2.091393	4.416716
137	5	1.847663	0.462817	1.944115	4.254595
137	6	1.847663	0.456916	1.885566	4.190145
137	7	1.847663	0.402313	1.343763	3.593738
137	8	1.847663	0.417196	1.862185	4.127044
137	9	1.847663	0.474026	2.055332	4.377020
137	10	1.847663	0.477145	2.086286	4.411093
137	11	1.847663	0.474529	2.060324	4.382516
137	12	1.847663	0.496926	2.388492	4.733081
137	13	1.847663	0.447833	1.795439	4.090934
137	14	1.847663	0.451290	1.829742	4.128695
137	15	1.847663	0.414853	1.468193	3.730708
137	16	1.847663	0.442940	1.746885	4.037488
137	17	1.847663	0.430480	1.623254	3.901397
137	18	1.847663	0.442771	1.745211	4.035644
137	19	1.847663	0.474026	2.055332	4.377020
137	20	1.847663	0.416684	1.486363	3.750710
137	21	1.847663	0.451181	1.828659	4.127502
137	22	1.847663	0.483091	2.145284	4.476038
137	23	1.847663	0.406362	1.383939	3.637963
137	24	1.847663	0.491540	2.229116	4.568318
137	25	1.847663	0.471879	2.034030	4.353571
137	26	1.847663	0.465115	1.966913	4.279690
137	27	1.847663	0.430370	1.622162	3.900195
137	28	1.847663	0.442940	1.746885	4.037488
137	29	1.847663	0.477660	2.091393	4.416716
137	30	1.847663	0.416684	1.486363	3.750710
137	31	1.847663	0.406362	1.383939	3.637963
137	32	1.847663	0.498813	2.301282	4.647757
137	33	1.847663	0.477145	2.086286	4.411093
137	34	1.847663	0.446281	1.780038	4.073981
137	35	1.847663	0.414853	1.468193	3.730708
137	36	1.847663	0.451181	1.828659	4.127502
137	37	1.847663	0.402313	1.343763	3.593738
137	38	1.847663	0.456736	2.148592	4.452990
137	39	1.847663	0.402313	1.343763	3.593738
137	40	1.847663	0.496926	2.388492	4.733081
137	41	1.847663	0.442480	1.742324	4.032466
137	42	1.847663	0.477890	2.093678	4.419231
137	43	1.847663	0.487872	2.192721	4.528255
137	44	1.847663	0.481708	2.184527	4.513897
137	45	1.847663	0.435146	1.669549	3.952357
137	46	1.847663	0.483444	2.148783	4.479889
137	47	1.847663	0.477962	2.094388	4.420013
137	48	1.847663	0.474026	2.055332	4.377020
137	49	1.847663	0.409658	1.946281	4.203601
137	50	1.847663	0.462817	1.944115	4.254595
137	51	1.847663	0.495180	2.265240	4.608083
137	52	1.847663	0.406115	1.381492	3.635270
137	53	1.847663	0.426496	1.583717	3.857875
137	54	1.847663	0.471879	2.034030	4.353571
137	55	1.847663	0.437818	1.696060	3.981541
137	56	1.847663	0.462817	1.944115	4.254595
137	57	1.847663	0.414853	1.468193	3.730708
137	58	1.847663	0.406362	1.383939	3.637963
137	59	1.847663	0.453767	1.854313	4.155742
137	60	1.847663	0.442940	1.746885	4.037488
137	61	1.847663	0.477962	2.094388	4.420013
137	62	1.847663	0.479680	2.111441	4.438784
137	63	1.847663	0.488469	2.198650	4.534781
137	64	1.847663	0.430480	1.623254	3.901397
137	65	1.847663	0.516203	2.526807	4.890673
137	66	1.847663	0.516203	2.526807	4.890673
137	67	1.847663	0.408327	1.403441	3.659431
137	68	1.847663	0.427095	1.589662	3.864419
137	69	1.847663	0.409891	1.418957	3.676510
137	70	1.847663	0.465115	1.966913	4.279690
137	71	1.847663	0.446281	1.780038	4.073981
137	72	1.847663	0.431327	1.631660	3.910650
137	73	1.847663	0.409891	1.418957	3.676510
137	74	1.847663	0.406115	1.381492	3.635270
137	75	1.847663	0.477660	2.091393	4.416716
137	76	1.847663	0.414798	1.467642	3.730102
137	77	1.847663	0.446679	1.783989	4.078331
137	78	1.847663	0.408327	1.403441	3.659431
137	79	1.847663	0.460793	1.924031	4.232486
137	80	1.847663	0.473224	2.047379	4.368265
137	81	1.847663	0.363364	0.957292	3.168318
137	82	1.847663	0.456916	1.885566	4.190145
137	83	1.847663	0.463222	1.948138	4.259023
137	84	1.847663	0.461198	1.928052	4.236913
137	85	1.847663	0.479680	2.111441	4.438784
137	86	1.847663	0.477962	2.094388	4.420013
137	87	1.847663	0.410515	1.425147	3.683324
137	88	1.847663	0.427095	1.589662	3.864419
137	89	1.847663	0.444425	1.761622	4.053710
137	90	1.847663	0.515767	2.469508	4.832937
137	91	1.847663	0.446679	1.783989	4.078331
137	92	1.847663	0.417084	1.490328	3.755075
137	93	1.847663	0.426496	1.583717	3.857875
137	94	1.847663	0.459288	1.909097	4.216047
137	95	1.847663	0.470518	2.020526	4.338706
137	96	1.847663	0.457451	2.049767	4.354880
137	97	1.847663	0.411914	1.439034	3.698611
137	98	1.847663	0.474116	2.109192	4.430971
137	99	1.847663	0.435146	1.669549	3.952357
138	0	1.790326	0.402912	1.349710	3.542948
138	1	1.790326	0.410861	1.428585	3.629773
138	2	1.790326	0.434089	1.659059	3.883474
138	3	1.790326	0.506591	2.378461	4.675378
138	4	1.790326	0.460625	1.922363	4.173314
138	5	1.790326	0.429258	1.611131	3.830715
138	6	1.790326	0.448190	1.798980	4.037496
138	7	1.790326	0.477800	2.092783	4.360909
138	8	1.790326	0.394600	1.267230	3.452157
138	9	1.790326	0.490218	2.216005	4.496550
138	10	1.790326	0.434142	1.659589	3.884058
138	11	1.790326	0.442644	1.743946	3.976917
138	12	1.790326	0.470393	2.019291	4.280011
138	13	1.790326	0.428487	1.603481	3.822295
138	14	1.790326	0.384439	1.166408	3.341173
138	15	1.790326	0.460625	1.922363	4.173314
138	16	1.790326	0.405890	1.961854	4.158069
138	17	1.790326	0.429258	1.611131	3.830715
138	18	1.790326	0.503458	2.506269	4.800053
138	19	1.790326	0.463256	1.948475	4.202058
138	20	1.790326	0.410861	1.428585	3.629773
138	21	1.790326	0.479656	2.111197	4.381179
138	22	1.790326	0.450683	1.823720	4.064730
138	23	1.790326	0.492785	2.241469	4.524580
138	24	1.790326	0.478339	2.098128	4.366792
138	25	1.790326	0.419589	1.515189	3.725105
138	26	1.790326	0.428432	1.602929	3.821687
138	27	1.790326	0.520072	2.565188	4.875585
138	28	1.790326	0.384439	1.166408	3.341173
138	29	1.790326	0.434443	1.662579	3.887349
138	30	1.790326	0.482129	2.135740	4.408195
138	31	1.790326	0.418743	1.506794	3.715864
138	32	1.790326	0.452262	1.839381	4.081969
138	33	1.790326	0.410926	1.429225	3.630477
138	34	1.790326	0.410926	1.429225	3.630477
138	35	1.790326	0.479858	2.113204	4.383389
138	36	1.790326	0.503458	2.506269	4.800053
138	37	1.790326	0.482045	2.134908	4.407280
138	38	1.790326	0.501841	2.331333	4.623500
138	39	1.790326	0.434089	1.659059	3.883474
138	40	1.790326	0.428432	1.602929	3.821687
138	41	1.790326	0.436842	1.686383	3.913552
138	42	1.790326	0.503460	2.400358	4.694144
138	43	1.790326	0.450683	1.823720	4.064730
138	44	1.790326	0.452257	1.839332	4.081915
138	45	1.790326	0.436842	1.686383	3.913552
138	46	1.790326	0.450683	1.823720	4.064730
138	47	1.790326	0.428731	1.605899	3.824956
138	48	1.790326	0.425420	1.996750	4.212496
138	49	1.790326	0.451421	1.831036	4.072784
138	50	1.790326	0.436842	1.686383	3.913552
138	51	1.790326	0.422011	1.539216	3.751553
138	52	1.790326	0.479656	2.111197	4.381179
138	53	1.790326	0.451122	1.828072	4.069520
138	54	1.790326	0.473581	2.050918	4.314825
138	55	1.790326	0.473581	2.050918	4.314825
138	56	1.790326	0.492785	2.241469	4.524580
138	57	1.790326	0.434443	1.662579	3.887349
138	58	1.790326	0.384439	1.166408	3.341173
138	59	1.790326	0.424202	1.560958	3.775486
138	60	1.790326	0.556749	2.876156	5.223231
138	61	1.790326	0.450683	1.823720	4.064730
138	62	1.790326	0.479656	2.111197	4.381179
138	63	1.790326	0.468192	1.997452	4.255971
138	64	1.790326	0.428731	1.605899	3.824956
138	65	1.790326	0.427160	1.590307	3.807793
138	66	1.790326	0.456209	1.878544	4.125079
138	67	1.790326	0.424600	1.564911	3.779838
138	68	1.790326	0.436071	1.678730	3.905127
138	69	1.790326	0.475013	2.065134	4.330474
138	70	1.790326	0.410861	1.428585	3.629773
138	71	1.790326	0.463256	1.948475	4.202058
138	72	1.790326	0.434443	1.662579	3.887349
138	73	1.790326	0.394600	1.267230	3.452157
138	74	1.790326	0.389820	1.219806	3.399953
138	75	1.790326	0.451421	1.831036	4.072784
138	76	1.790326	0.434089	1.659059	3.883474
138	77	1.790326	0.479656	2.111197	4.381179
138	78	1.790326	0.465843	1.974142	4.230312
138	79	1.790326	0.436071	1.678730	3.905127
138	80	1.790326	0.442524	2.060546	4.293396
138	81	1.790326	0.472221	2.037423	4.299969
138	82	1.790326	0.434089	1.659059	3.883474
138	83	1.790326	0.471845	2.033694	4.295865
138	84	1.790326	0.428432	1.602929	3.821687
138	85	1.790326	0.537190	2.735049	5.062566
138	86	1.790326	0.367848	1.001789	3.159964
138	87	1.790326	0.428731	1.605899	3.824956
138	88	1.790326	0.482129	2.135740	4.408195
138	89	1.790326	0.480263	2.117219	4.387808
138	90	1.790326	0.484259	2.209838	4.484423
138	91	1.790326	0.472221	2.037423	4.299969
138	92	1.790326	0.428487	1.603481	3.822295
138	93	1.790326	0.459016	1.906396	4.155738
138	94	1.790326	0.489514	2.209012	4.488852
138	95	1.790326	0.475013	2.065134	4.330474
138	96	1.790326	0.470393	2.019291	4.280011
138	97	1.790326	0.389039	1.212054	3.391420
138	98	1.790326	0.489514	2.209012	4.488852
138	99	1.790326	0.498054	2.452651	4.741031
139	0	1.784411	0.491553	2.282215	4.558180
139	1	1.784411	0.426949	1.588216	3.799576
139	2	1.784411	0.466103	1.976718	4.227232
139	3	1.784411	0.461829	1.934311	4.180551
139	4	1.784411	0.487265	2.186697	4.458373
139	5	1.784411	0.478098	2.095739	4.358248
139	6	1.784411	0.446578	1.782987	4.013977
139	7	1.784411	0.447536	1.792491	4.024438
139	8	1.784411	0.429937	1.617865	3.832214
139	9	1.784411	0.480487	2.119451	4.384349
139	10	1.784411	0.444690	1.764252	3.993353
139	11	1.784411	0.467830	1.993860	4.246102
139	12	1.784411	0.462311	1.939098	4.185821
139	13	1.784411	0.446578	1.782987	4.013977
139	14	1.784411	0.462311	1.939098	4.185821
139	15	1.784411	0.446578	1.782987	4.013977
139	16	1.784411	0.428268	1.601308	3.813987
139	17	1.784411	0.480487	2.119451	4.384349
139	18	1.784411	0.487243	2.186480	4.458133
139	19	1.784411	0.463287	1.948782	4.196481
139	20	1.784411	0.462311	1.939098	4.185821
139	21	1.784411	0.376189	1.084549	3.245150
139	22	1.784411	0.450568	1.981468	4.216447
139	23	1.784411	0.407740	1.397610	3.589761
139	24	1.784411	0.497482	2.288079	4.569972
139	25	1.784411	0.383700	1.159078	3.327189
139	26	1.784411	0.473113	2.152209	4.409733
139	27	1.784411	0.423059	1.549615	3.757085
139	28	1.784411	0.412594	1.445777	3.642782
139	29	1.784411	0.458316	1.899450	4.142176
139	30	1.784411	0.457536	2.209497	4.451444
139	31	1.784411	0.398922	1.310115	3.493448
139	32	1.784411	0.448059	1.797681	4.030151
139	33	1.784411	0.460760	1.923704	4.168874
139	34	1.784411	0.492213	2.235801	4.512426
139	35	1.784411	0.458316	1.899450	4.142176
139	36	1.784411	0.447004	1.787208	4.018623
139	37	1.784411	0.481334	2.127854	4.393599
139	38	1.784411	0.383700	1.159078	3.327189
139	39	1.784411	0.446578	1.782987	4.013977
139	40	1.784411	0.403709	1.357611	3.545731
139	41	1.784411	0.517914	2.490818	4.793143
139	42	1.784411	0.448059	1.797681	4.030151
139	43	1.784411	0.466103	1.976718	4.227232
139	44	1.784411	0.364277	0.966352	3.115040
139	45	1.784411	0.432008	1.638414	3.854833
139	46	1.784411	0.499643	2.309519	4.593573
139	47	1.784411	0.452297	1.839731	4.076439
139	48	1.784411	0.517914	2.490818	4.793143
139	49	1.784411	0.448814	1.805167	4.038392
139	50	1.784411	0.523405	2.598261	4.906077
139	51	1.784411	0.450004	2.134759	4.369174
139	52	1.784411	0.428268	1.601308	3.813987
139	53	1.784411	0.430076	1.619245	3.833732
139	54	1.784411	0.462311	1.939098	4.185821
139	55	1.784411	0.489616	2.210033	4.484061
139	56	1.784411	0.444690	1.764252	3.993353
139	57	1.784411	0.443321	1.750670	3.978403
139	58	1.784411	0.411630	1.436216	3.632257
139	59	1.784411	0.447191	1.789065	4.020667
139	60	1.784411	0.411630	1.436216	3.632257
139	61	1.784411	0.435549	1.673545	3.893504
139	62	1.784411	0.483245	2.146807	4.414463
139	63	1.784411	0.432008	1.638414	3.854833
139	64	1.784411	0.448814	1.805167	4.038392
139	65	1.784411	0.458751	1.903773	4.146936
139	66	1.784411	0.462311	1.939098	4.185821
139	67	1.784411	0.389660	1.800820	3.974891
139	68	1.784411	0.432448	1.642781	3.859640
139	69	1.784411	0.430076	1.619245	3.833732
139	70	1.784411	0.446995	1.787124	4.018530
139	71	1.784411	0.481259	2.127108	4.392778
139	72	1.784411	0.478098	2.095739	4.358248
139	73	1.784411	0.458316	1.899450	4.142176
139	74	1.784411	0.407740	1.397610	3.589761
139	75	1.784411	0.491553	2.282215	4.558180
139	76	1.784411	0.415746	1.477054	3.677211
139	77	1.784411	0.526259	2.573624	4.884294
139	78	1.784411	0.387775	1.835078	4.007264
139	79	1.784411	0.434301	1.661164	3.879875
139	80	1.784411	0.448059	1.797681	4.030151
139	81	1.784411	0.364277	0.966352	3.115040
139	82	1.784411	0.461829	1.934311	4.180551
139	83	1.784411	0.386287	1.184748	3.355446
139	84	1.784411	0.449285	1.809845	4.043541
139	85	1.784411	0.481334	2.127854	4.393599
139	86	1.784411	0.364277	0.966352	3.115040
139	87	1.784411	0.450004	2.134759	4.369174
139	88	1.784411	0.447004	1.787208	4.018623
139	89	1.784411	0.466103	1.976718	4.227232
139	90	1.784411	0.425913	1.577934	3.788258
139	91	1.784411	0.487243	2.186480	4.458133
139	92	1.784411	0.464233	1.958166	4.206810
139	93	1.784411	0.545567	2.765199	5.095176
139	94	1.784411	0.455665	1.873153	4.113230
139	95	1.784411	0.432448	1.642781	3.859640
139	96	1.784411	0.483134	2.145715	4.413261
139	97	1.784411	0.410663	1.426620	3.621695
139	98	1.784411	0.376777	1.090387	3.251575
139	99	1.784411	0.460220	1.918345	4.162976
140	0	1.745750	0.470917	2.024488	4.241155
140	1	1.745750	0.451044	1.827294	4.024088
140	2	1.745750	0.510150	2.413775	4.669675
140	3	1.745750	0.448612	1.803165	3.997527
140	4	1.745750	0.405717	1.377538	3.529005
140	5	1.745750	0.472013	2.035366	4.253130
140	6	1.745750	0.501242	2.325389	4.572381
140	7	1.745750	0.479536	2.110012	4.335299
140	8	1.745750	0.408248	1.402655	3.556653
140	9	1.745750	0.442107	1.738619	3.926476
140	10	1.745750	0.425266	1.571513	3.742529
140	11	1.745750	0.473446	2.049577	4.268773
140	12	1.745750	0.435628	1.674333	3.855712
140	13	1.745750	0.444224	1.759627	3.949601
140	14	1.745750	0.508952	2.401885	4.656587
140	15	1.745750	0.517451	2.486219	4.749420
140	16	1.745750	0.451044	1.827294	4.024088
140	17	1.745750	0.461838	1.934397	4.141985
140	18	1.745750	0.438684	1.704656	3.889090
140	19	1.745750	0.463474	1.950631	4.159855
140	20	1.745750	0.541608	2.725916	5.013274
140	21	1.745750	0.505578	2.368415	4.619744
140	22	1.745750	0.466081	1.976505	4.188337
140	23	1.745750	0.444224	1.759627	3.949601
140	24	1.745750	0.414754	1.467206	3.627710
140	25	1.745750	0.415615	1.475754	3.637120
140	26	1.745750	0.463474	1.950631	4.159855
140	27	1.745750	0.457803	2.053257	4.256811
140	28	1.745750	0.426876	1.958235	4.130861
140	29	1.745750	0.445353	1.770832	3.961935
140	30	1.745750	0.410612	1.426109	3.582471
140	31	1.745750	0.460922	1.925308	4.131980
140	32	1.745750	0.415410	1.473717	3.634877
140	33	1.745750	0.428988	1.608445	3.783183
140	34	1.745750	0.449313	1.810121	4.005184
140	35	1.745750	0.405717	1.377538	3.529005
140	36	1.745750	0.498405	2.297235	4.541390
140	37	1.745750	0.435523	1.673294	3.854568
140	38	1.745750	0.448208	1.799157	3.993115
140	39	1.745750	0.473446	2.049577	4.268773
140	40	1.745750	0.479314	2.107811	4.332876
140	41	1.745750	0.497612	2.289366	4.532728
140	42	1.745750	0.433234	1.650581	3.829566
140	43	1.745750	0.455724	1.873735	4.075209
140	44	1.745750	0.417118	1.490669	3.653537
140	45	1.745750	0.390133	1.222904	3.358786
140	46	1.745750	0.431775	1.636104	3.813630
140	47	1.745750	0.480524	2.119811	4.346085
140	48	1.745750	0.460922	1.925308	4.131980
140	49	1.745750	0.466282	1.978498	4.190530
140	50	1.745750	0.462809	2.102923	4.311481
140	51	1.745750	0.445353	1.770832	3.961935
140	52	1.745750	0.406519	1.385502	3.537771
140	53	1.745750	0.487057	2.290567	4.523375
140	54	1.745750	0.408248	1.402655	3.556653
140	55	1.745750	0.425266	1.571513	3.742529
140	56	1.745750	0.406519	1.385502	3.537771
140	57	1.745750	0.448208	1.799157	3.993115
140	58	1.745750	0.401244	1.915758	4.062752
140	59	1.745750	0.398808	1.308982	3.453540
140	60	1.745750	0.459692	1.913103	4.118545
140	61	1.745750	0.487847	2.192471	4.426068
140	62	1.745750	0.458373	1.900023	4.104147
140	63	1.745750	0.477682	2.303472	4.526905
140	64	1.745750	0.451044	1.827294	4.024088
140	65	1.745750	0.438684	1.704656	3.889090
140	66	1.745750	0.475004	2.065042	4.285797
140	67	1.745750	0.444007	2.181186	4.370944
140	68	1.745750	0.390628	1.227817	3.364195
140	69	1.745750	0.461838	1.934397	4.141985
140	70	1.745750	0.425649	1.575318	3.746718
140	71	1.745750	0.438684	1.704656	3.889090
140	72	1.745750	0.466282	1.978498	4.190530
140	73	1.745750	0.425649	1.575318	3.746718
140	74	1.745750	0.417066	1.490147	3.652962
140	75	1.745750	0.435523	1.673294	3.854568
140	76	1.745750	0.455469	2.136027	4.337247
140	77	1.745750	0.470446	2.019818	4.236015
140	78	1.745750	0.466081	1.976505	4.188337
140	79	1.745750	0.405717	1.377538	3.529005
140	80	1.745750	0.433234	1.650581	3.829566
140	81	1.745750	0.505279	2.365445	4.616474
140	82	1.745750	0.425649	1.575318	3.746718
140	83	1.745750	0.517451	2.486219	4.749420
140	84	1.745750	0.450640	1.823292	4.019683
140	85	1.745750	0.455724	1.873735	4.075209
140	86	1.745750	0.444224	1.759627	3.949601
140	87	1.745750	0.408248	1.402655	3.556653
140	88	1.745750	0.390628	1.227817	3.364195
140	89	1.745750	0.440119	1.718896	3.904765
140	90	1.745750	0.504426	2.356982	4.607158
140	91	1.745750	0.417118	1.490669	3.653537
140	92	1.745750	0.405717	1.377538	3.529005
140	93	1.745750	0.406519	1.385502	3.537771
140	94	1.745750	0.490955	2.329239	4.565944
140	95	1.745750	0.488727	2.307138	4.541616
140	96	1.745750	0.387066	1.192479	3.325295
140	97	1.745750	0.388331	1.205027	3.339108
140	98	1.745750	0.475004	2.065042	4.285797
140	99	1.745750	0.368389	1.007155	3.121294
141	0	1.774652	0.494813	2.420487	4.689952
141	1	1.774652	0.405576	1.376142	3.556370
141	2	1.774652	0.471879	2.034038	4.280569
141	3	1.774652	0.463303	1.948940	4.186896
141	4	1.774652	0.411776	1.437661	3.624089
141	5	1.774652	0.465586	1.971587	4.211824
141	6	1.774652	0.486066	2.174806	4.435524
141	7	1.774652	0.483260	2.146963	4.404875
141	8	1.774652	0.405576	1.376142	3.556370
141	9	1.774652	0.473206	2.047196	4.295053
141	10	1.774652	0.444682	1.764170	3.983504
141	11	1.774652	0.371684	1.039849	3.186185
141	12	1.774652	0.405576	1.376142	3.556370
141	13	1.774652	0.452162	1.838388	4.065202
141	14	1.774652	0.484822	2.162457	4.421930
141	15	1.774652	0.483481	2.202120	4.460253
141	16	1.774652	0.477822	2.093001	4.345475
141	17	1.774652	0.406756	1.387849	3.569257
141	18	1.774652	0.481337	2.127879	4.383867
141	19	1.774652	0.415484	1.474456	3.664592
141	20	1.774652	0.427295	1.591651	3.793598
141	21	1.774652	0.470438	2.019739	4.264829
141	22	1.774652	0.487678	2.190795	4.453124
141	23	1.774652	0.470438	2.019739	4.264829
141	24	1.774652	0.470438	2.019739	4.264829
141	25	1.774652	0.420058	1.519844	3.714555
141	26	1.774652	0.482048	2.187897	4.444597
141	27	1.774652	0.424159	1.560535	3.759346
141	28	1.774652	0.486351	2.336518	4.597521
141	29	1.774652	0.471775	2.033002	4.279429
141	30	1.774652	0.444682	1.764170	3.983504
141	31	1.774652	0.422297	1.542051	3.738999
141	32	1.774652	0.424436	1.563275	3.762363
141	33	1.774652	0.395754	1.278685	3.449091
141	34	1.774652	0.448612	1.803170	4.026434
141	35	1.774652	0.416812	1.487635	3.679099
141	36	1.774652	0.443695	1.754377	3.972723
141	37	1.774652	0.427295	1.591651	3.793598
141	38	1.774652	0.497731	2.290551	4.562933
141	39	1.774652	0.421475	1.533899	3.730025
141	40	1.774652	0.421475	1.533899	3.730025
141	41	1.774652	0.461802	1.934049	4.170503
141	42	1.774652	0.448612	1.803170	4.026434
141	43	1.774652	0.499770	2.310783	4.585205
141	44	1.774652	0.426362	1.582394	3.783408
141	45	1.774652	0.445395	1.771249	3.991296
141	46	1.774652	0.395754	1.278685	3.449091
141	47	1.774652	0.369340	1.016591	3.160583
141	48	1.774652	0.406756	1.387849	3.569257
141	49	1.774652	0.451472	1.831549	4.057673
141	50	1.774652	0.420058	1.519844	3.714555
141	51	1.774652	0.432455	1.642848	3.849955
141	52	1.774652	0.526002	2.571070	4.871724
141	53	1.774652	0.427740	1.596063	3.798455
141	54	1.774652	0.422297	1.542051	3.738999
141	55	1.774652	0.415484	1.474456	3.664592
141	56	1.774652	0.465586	1.971587	4.211824
141	57	1.774652	0.422297	1.542051	3.738999
141	58	1.774652	0.484822	2.162457	4.421930
141	59	1.774652	0.509569	2.408016	4.692237
141	60	1.774652	0.422297	1.542051	3.738999
141	61	1.774652	0.426362	1.582394	3.783408
141	62	1.774652	0.424159	1.560535	3.759346
141	63	1.774652	0.477706	2.250746	4.503104
141	64	1.774652	0.466029	2.293767	4.534448
141	65	1.774652	0.384929	1.171270	3.330851
141	66	1.774652	0.446976	1.786936	4.008565
141	67	1.774652	0.406230	1.382632	3.563513
141	68	1.774652	0.384929	1.171270	3.330851
141	69	1.774652	0.483481	2.202120	4.460253
141	70	1.774652	0.428061	1.599249	3.801962
141	71	1.774652	0.402992	1.350506	3.528150
141	72	1.774652	0.467217	1.987775	4.229644
141	73	1.774652	0.446003	1.777277	3.997932
141	74	1.774652	0.402992	1.350506	3.528150
141	75	1.774652	0.491792	2.231615	4.498059
141	76	1.774652	0.415871	1.478292	3.668815
141	77	1.774652	0.424159	1.560535	3.759346
141	78	1.774652	0.511716	2.535243	4.821611
141	79	1.774652	0.477822	2.093001	4.345475
141	80	1.774652	0.452162	1.838388	4.065202
141	81	1.774652	0.406230	1.382632	3.563513
141	82	1.774652	0.416812	1.487635	3.679099
141	83	1.774652	0.502900	2.553698	4.831250
141	84	1.774652	0.481655	2.131035	4.387342
141	85	1.774652	0.489462	2.208502	4.472616
141	86	1.774652	0.376747	1.090084	3.241483
141	87	1.774652	0.424436	1.563275	3.762363
141	88	1.774652	0.427740	1.596063	3.798455
141	89	1.774652	0.401329	1.334005	3.509986
141	90	1.774652	0.482933	2.143716	4.401301
141	91	1.774652	0.461802	1.934049	4.170503
141	92	1.774652	0.511700	2.429153	4.715504
141	93	1.774652	0.465586	1.971587	4.211824
141	94	1.774652	0.445395	1.771249	3.991296
141	95	1.774652	0.445395	1.771249	3.991296
141	96	1.774652	0.497731	2.290551	4.562933
141	97	1.774652	0.471330	2.081553	4.327535
141	98	1.774652	0.385707	1.178996	3.339355
141	99	1.774652	0.426362	1.582394	3.783408
142	0	1.738117	0.422584	1.544903	3.705604
142	1	1.738117	0.496989	2.389118	4.624224
142	2	1.738117	0.386499	1.186853	3.311469
142	3	1.738117	0.436153	1.679540	3.853809
142	4	1.738117	0.411586	1.435774	3.585477
142	5	1.738117	0.457286	1.889237	4.084640
142	6	1.738117	0.408605	1.406193	3.552915
142	7	1.738117	0.387527	1.197052	3.322696
142	8	1.738117	0.414868	1.997980	4.150965
142	9	1.738117	0.428330	1.601919	3.768366
142	10	1.738117	0.412680	1.446635	3.597433
142	11	1.738117	0.497615	2.289394	4.525126
142	12	1.738117	0.456944	1.885844	4.080905
142	13	1.738117	0.411274	1.432677	3.582067
142	14	1.738117	0.480688	2.121439	4.340244
142	15	1.738117	0.489458	2.208460	4.436036
142	16	1.738117	0.435008	1.668180	3.841305
142	17	1.738117	0.404894	1.369370	3.512381
142	18	1.738117	0.458995	1.906192	4.103304
142	19	1.738117	0.447753	2.165387	4.351257
142	20	1.738117	0.434527	1.663406	3.836049
142	21	1.738117	0.490640	2.326118	4.554875
142	22	1.738117	0.420841	1.527612	3.686570
142	23	1.738117	0.450009	1.817025	4.005151
142	24	1.738117	0.498957	2.302718	4.539793
142	25	1.738117	0.486787	2.181957	4.406861
142	26	1.738117	0.438784	1.705651	3.882552
142	27	1.738117	0.478354	2.098280	4.314751
142	28	1.738117	0.486787	2.181957	4.406861
142	29	1.738117	0.470194	2.017314	4.225625
142	30	1.738117	0.431322	1.631603	3.801042
142	31	1.738117	0.484892	2.163154	4.386163
142	32	1.738117	0.448660	1.803638	3.990414
142	33	1.738117	0.370388	1.026993	3.135499
142	34	1.738117	0.449938	1.816322	4.004377
142	35	1.738117	0.420915	1.528339	3.687370
142	36	1.738117	0.370352	1.026630	3.135099
142	37	1.738117	0.413523	1.454995	3.606635
142	38	1.738117	0.420915	1.528339	3.687370
142	39	1.738117	0.518417	2.495811	4.752346
142	40	1.738117	0.466064	1.976330	4.180511
142	41	1.738117	0.408042	1.400613	3.546772
142	42	1.738117	0.422281	1.541900	3.702298
142	43	1.738117	0.466064	1.976330	4.180511
142	44	1.738117	0.413523	1.454995	3.606635
142	45	1.738117	0.470194	2.017314	4.225625
142	46	1.738117	0.434527	1.663406	3.836049
142	47	1.738117	0.474966	2.064662	4.277745
142	48	1.738117	0.413523	1.454995	3.606635
142	49	1.738117	0.518417	2.495811	4.752346
142	50	1.738117	0.458995	1.906192	4.103304
142	51	1.738117	0.468976	2.111158	4.318251
142	52	1.738117	0.408042	1.400613	3.546772
142	53	1.738117	0.444994	1.767267	3.950378
142	54	1.738117	0.422827	1.547314	3.708258
142	55	1.738117	0.528525	2.596105	4.862747
142	56	1.738117	0.413523	1.454995	3.606635
142	57	1.738117	0.480688	2.121439	4.340244
142	58	1.738117	0.472886	2.255881	4.466884
142	59	1.738117	0.431322	1.631603	3.801042
142	60	1.738117	0.483718	2.151508	4.373343
142	61	1.738117	0.474498	2.218916	4.431532
142	62	1.738117	0.448119	1.798275	3.984511
142	63	1.738117	0.481516	2.235582	4.455215
142	64	1.738117	0.422827	1.547314	3.708258
142	65	1.738117	0.370352	1.026630	3.135099
142	66	1.738117	0.420915	1.528339	3.687370
142	67	1.738117	0.412680	1.446635	3.597433
142	68	1.738117	0.528525	2.596105	4.862747
142	69	1.738117	0.444360	1.760971	3.943448
142	70	1.738117	0.465442	1.970158	4.173717
142	71	1.738117	0.420915	1.528339	3.687370
142	72	1.738117	0.370388	1.026993	3.135499
142	73	1.738117	0.411586	1.435774	3.585477
142	74	1.738117	0.476546	2.080344	4.295007
142	75	1.738117	0.476212	2.077032	4.291361
142	76	1.738117	0.448119	1.798275	3.984511
142	77	1.738117	0.480688	2.121439	4.340244
142	78	1.738117	0.422584	1.544903	3.705604
142	79	1.738117	0.413523	1.454995	3.606635
142	80	1.738117	0.408605	1.406193	3.552915
142	81	1.738117	0.431870	1.637044	3.807031
142	82	1.738117	0.465442	1.970158	4.173717
142	83	1.738117	0.487421	2.241208	4.466745
142	84	1.738117	0.428330	1.601919	3.768366
142	85	1.738117	0.481516	2.235582	4.455215
142	86	1.738117	0.370352	1.026630	3.135099
142	87	1.738117	0.436153	1.679540	3.853809
142	88	1.738117	0.480688	2.121439	4.340244
142	89	1.738117	0.486787	2.181957	4.406861
142	90	1.738117	0.518417	2.495811	4.752346
142	91	1.738117	0.422584	1.544903	3.705604
142	92	1.738117	0.370388	1.026993	3.135499
142	93	1.738117	0.484892	2.163154	4.386163
142	94	1.738117	0.422584	1.544903	3.705604
142	95	1.738117	0.413523	1.454995	3.606635
142	96	1.738117	0.426591	1.584666	3.749375
142	97	1.738117	0.484313	2.157415	4.379845
142	98	1.738117	0.525326	2.564366	4.827809
142	99	1.738117	0.450009	1.817025	4.005151
143	0	1.661940	0.427772	1.596382	3.686095
143	1	1.661940	0.422159	1.540683	3.624782
143	2	1.661940	0.407294	1.393189	3.462423
143	3	1.661940	0.415462	1.474237	3.551639
143	4	1.661940	0.465211	2.073798	4.200950
143	5	1.661940	0.427772	1.596382	3.686095
143	6	1.661940	0.457544	1.891794	4.011278
143	7	1.661940	0.456735	1.883771	4.002446
143	8	1.661940	0.426188	1.580661	3.668789
143	9	1.661940	0.431689	1.635244	3.728872
143	10	1.661940	0.466347	2.243956	4.372243
143	11	1.661940	0.462158	1.937575	4.061673
143	12	1.661940	0.464458	1.960403	4.086802
143	13	1.661940	0.428282	1.601443	3.691665
143	14	1.661940	0.456735	1.883771	4.002446
143	15	1.661940	0.430744	1.625872	3.718556
143	16	1.661940	0.454113	2.069601	4.185653
143	17	1.661940	0.502270	2.335590	4.499800
143	18	1.661940	0.422159	1.540683	3.624782
143	19	1.661940	0.468707	2.002557	4.133204
143	20	1.661940	0.512270	2.434811	4.609021
143	21	1.661940	0.411031	1.430268	3.503239
143	22	1.661940	0.430461	1.623065	3.715466
143	23	1.661940	0.514432	2.456269	4.632642
143	24	1.661940	0.481325	2.233690	4.376955
143	25	1.661940	0.502270	2.335590	4.499800
143	26	1.661940	0.488201	2.195988	4.346129
143	27	1.661940	0.468090	2.155332	4.285363
143	28	1.661940	0.462237	1.938364	4.062542
143	29	1.661940	0.428282	1.601443	3.691665
143	30	1.661940	0.424581	1.988428	4.074950
143	31	1.661940	0.435340	1.671473	3.768753
143	32	1.661940	0.443847	1.755884	3.861671
143	33	1.661940	0.433134	1.649590	3.744664
143	34	1.661940	0.497583	2.289085	4.448608
143	35	1.661940	0.487256	2.186613	4.335810
143	36	1.661940	0.471791	2.033161	4.166892
143	37	1.661940	0.400265	1.323441	3.385647
143	38	1.661940	0.422225	1.541338	3.625503
143	39	1.661940	0.466755	1.983191	4.111886
143	40	1.661940	0.462237	1.938364	4.062542
143	41	1.661940	0.376304	1.774223	3.812468
143	42	1.661940	0.464987	1.965651	4.092579
143	43	1.661940	0.426423	1.582999	3.671362
143	44	1.661940	0.479691	2.111546	4.253177
143	45	1.661940	0.427772	1.596382	3.686095
143	46	1.661940	0.435340	1.671473	3.768753
143	47	1.661940	0.416383	1.483375	3.561698
143	48	1.661940	0.506703	2.379572	4.548215
143	49	1.661940	0.368944	1.012664	3.043549
143	50	1.661940	0.481163	2.126153	4.269256
143	51	1.661940	0.468707	2.002557	4.133204
143	52	1.661940	0.506703	2.379572	4.548215
143	53	1.661940	0.466755	1.983191	4.111886
143	54	1.661940	0.480425	2.118829	4.261194
143	55	1.661940	0.485812	2.437100	4.584853
143	56	1.661940	0.464458	1.960403	4.086802
143	57	1.661940	0.429464	1.613174	3.704579
143	58	1.661940	0.427772	1.596382	3.686095
143	59	1.661940	0.488201	2.195988	4.346129
143	60	1.661940	0.485841	2.172572	4.320354
143	61	1.661940	0.463316	1.949064	4.074320
143	62	1.661940	0.506703	2.379572	4.548215
143	63	1.661940	0.502270	2.335590	4.499800
143	64	1.661940	0.481163	2.126153	4.269256
143	65	1.661940	0.411031	1.430268	3.503239
143	66	1.661940	0.488201	2.195988	4.346129
143	67	1.661940	0.487256	2.186613	4.335810
143	68	1.661940	0.472538	2.040574	4.175052
143	69	1.661940	0.503410	2.346904	4.512255
143	70	1.661940	0.416383	1.483375	3.561698
143	71	1.661940	0.408962	1.780483	3.851385
143	72	1.661940	0.488201	2.195988	4.346129
143	73	1.661940	0.506703	2.379572	4.548215
143	74	1.661940	0.472753	2.042703	4.177396
143	75	1.661940	0.465211	2.073798	4.200950
143	76	1.661940	0.407294	1.393189	3.462423
143	77	1.661940	0.430744	1.625872	3.718556
143	78	1.661940	0.506703	2.379572	4.548215
143	79	1.661940	0.390616	1.227703	3.280260
143	80	1.661940	0.423232	1.551338	3.636511
143	81	1.661940	0.428282	1.601443	3.691665
143	82	1.661940	0.487646	2.190483	4.340069
143	83	1.661940	0.407294	1.393189	3.462423
143	84	1.661940	0.464987	1.965651	4.092579
143	85	1.661940	0.498320	2.296399	4.456660
143	86	1.661940	0.411031	1.430268	3.503239
143	87	1.661940	0.479691	2.111546	4.253177
143	88	1.661940	0.443847	1.755884	3.861671
143	89	1.661940	0.407294	1.393189	3.462423
143	90	1.661940	0.378852	1.110972	3.151764
143	91	1.661940	0.433134	1.649590	3.744664
143	92	1.661940	0.427772	1.596382	3.686095
143	93	1.661940	0.400265	1.323441	3.385647
143	94	1.661940	0.516674	2.478510	4.657124
143	95	1.661940	0.495929	2.272674	4.430543
143	96	1.661940	0.506703	2.379572	4.548215
143	97	1.661940	0.480425	2.118829	4.261194
143	98	1.661940	0.453932	1.855954	3.971826
143	99	1.661940	0.419239	1.511709	3.592888
144	0	1.721211	0.432293	1.641240	3.794744
144	1	1.721211	0.530666	2.617343	4.869219
144	2	1.721211	0.481555	2.130041	4.332806
144	3	1.721211	0.400592	1.326690	3.448493
144	4	1.721211	0.483376	2.148114	4.352701
144	5	1.721211	0.457747	1.893804	4.072761
144	6	1.721211	0.454830	1.864860	4.040901
144	7	1.721211	0.462983	1.945765	4.129959
144	8	1.721211	0.461297	1.929032	4.111540
144	9	1.721211	0.505638	2.421974	4.648823
144	10	1.721211	0.445789	1.775151	3.942150
144	11	1.721211	0.497290	2.286178	4.504680
144	12	1.721211	0.436732	2.003073	4.161017
144	13	1.721211	0.448355	1.800614	3.970180
144	14	1.721211	0.426432	1.583083	3.730725
144	15	1.721211	0.417480	1.494256	3.632946
144	16	1.721211	0.383231	1.154426	3.258868
144	17	1.721211	0.425854	1.577350	3.724415
144	18	1.721211	0.420596	1.525182	3.666989
144	19	1.721211	0.438760	1.917268	4.077239
144	20	1.721211	0.451927	1.836060	4.009198
144	21	1.721211	0.425773	1.576545	3.723529
144	22	1.721211	0.380455	1.126880	3.228546
144	23	1.721211	0.481555	2.130041	4.332806
144	24	1.721211	0.404472	1.365185	3.490867
144	25	1.721211	0.475005	2.065056	4.261272
144	26	1.721211	0.480589	2.120458	4.322258
144	27	1.721211	0.430390	1.622360	3.773962
144	28	1.721211	0.488774	2.201671	4.411656
144	29	1.721211	0.488266	2.196636	4.406114
144	30	1.721211	0.499323	2.306343	4.526876
144	31	1.721211	0.463957	1.955423	4.140591
144	32	1.721211	0.476419	2.079082	4.276712
144	33	1.721211	0.404343	1.363906	3.489460
144	34	1.721211	0.430139	1.619865	3.771214
144	35	1.721211	0.425773	1.576545	3.723529
144	36	1.721211	0.437400	1.691916	3.850527
144	37	1.721211	0.483376	2.148114	4.352701
144	38	1.721211	0.417555	1.495007	3.633773
144	39	1.721211	0.462502	1.940985	4.124698
144	40	1.721211	0.461049	2.085464	4.267724
144	41	1.721211	0.461647	1.932501	4.115359
144	42	1.721211	0.510399	2.469209	4.700819
144	43	1.721211	0.505638	2.421974	4.648823
144	44	1.721211	0.425773	1.576545	3.723529
144	45	1.721211	0.459917	1.915340	4.096468
144	46	1.721211	0.387552	1.197298	3.306060
144	47	1.721211	0.414329	1.462993	3.598533
144	48	1.721211	0.457747	1.893804	4.072761
144	49	1.721211	0.448355	1.800614	3.970180
144	50	1.721211	0.406190	1.382238	3.509639
144	51	1.721211	0.461297	1.929032	4.111540
144	52	1.721211	0.432293	1.641240	3.794744
144	53	1.721211	0.510399	2.469209	4.700819
144	54	1.721211	0.468211	1.997641	4.187064
144	55	1.721211	0.499141	2.304541	4.524893
144	56	1.721211	0.444927	1.766598	3.932735
144	57	1.721211	0.463957	1.955423	4.140591
144	58	1.721211	0.406190	1.382238	3.509639
144	59	1.721211	0.445758	1.774844	3.941813
144	60	1.721211	0.404343	1.363906	3.489460
144	61	1.721211	0.383231	1.154426	3.258868
144	62	1.721211	0.426970	1.588422	3.736603
144	63	1.721211	0.518530	2.496929	4.736670
144	64	1.721211	0.434563	2.034511	4.190285
144	65	1.721211	0.420596	1.525182	3.666989
144	66	1.721211	0.400592	1.326690	3.448493
144	67	1.721211	0.426432	1.583083	3.730725
144	68	1.721211	0.291439	1.249929	3.262579
144	69	1.721211	0.404472	1.365185	3.490867
144	70	1.721211	0.445758	1.774844	3.941813
144	71	1.721211	0.457747	1.893804	4.072761
144	72	1.721211	0.417480	1.494256	3.632946
144	73	1.721211	0.478226	2.097007	4.296443
144	74	1.721211	0.499323	2.306343	4.526876
144	75	1.721211	0.461647	1.932501	4.115359
144	76	1.721211	0.454830	1.864860	4.040901
144	77	1.721211	0.417480	1.494256	3.632946
144	78	1.721211	0.426027	1.579064	3.726301
144	79	1.721211	0.450180	1.818729	3.990120
144	80	1.721211	0.410331	1.423321	3.554863
144	81	1.721211	0.429040	1.608965	3.759216
144	82	1.721211	0.499323	2.306343	4.526876
144	83	1.721211	0.512157	2.433694	4.667062
144	84	1.721211	0.387552	1.197298	3.306060
144	85	1.721211	0.413406	1.453833	3.588450
144	86	1.721211	0.410331	1.423321	3.554863
144	87	1.721211	0.429040	1.608965	3.759216
144	88	1.721211	0.454830	1.864860	4.040901
144	89	1.721211	0.411331	1.433247	3.565790
144	90	1.721211	0.414329	1.462993	3.598533
144	91	1.721211	0.494857	2.262035	4.478103
144	92	1.721211	0.527126	2.635188	4.883525
144	93	1.721211	0.400592	1.326690	3.448493
144	94	1.721211	0.462502	1.940985	4.124698
144	95	1.721211	0.420755	1.526756	3.668722
144	96	1.721211	0.444623	1.763589	3.929424
144	97	1.721211	0.425854	1.577350	3.724415
144	98	1.721211	0.475005	2.065056	4.261272
144	99	1.721211	0.425773	1.576545	3.723529
145	0	1.737133	0.435444	1.672507	3.845084
145	1	1.737133	0.460688	1.922995	4.120816
145	2	1.737133	0.426241	1.581191	3.744565
145	3	1.737133	0.377216	1.094740	3.209089
145	4	1.737133	0.469647	2.011882	4.218661
145	5	1.737133	0.423847	1.557438	3.718418
145	6	1.737133	0.413416	1.453931	3.604480
145	7	1.737133	0.432869	1.646957	3.816959
145	8	1.737133	0.395023	1.271432	3.403589
145	9	1.737133	0.424699	1.565893	3.727725
145	10	1.737133	0.404713	1.367578	3.509424
145	11	1.737133	0.423073	1.549757	3.709963
145	12	1.737133	0.453748	1.854129	4.045010
145	13	1.737133	0.425627	1.575098	3.737858
145	14	1.737133	0.451008	2.091760	4.279901
145	15	1.737133	0.502102	2.439852	4.679088
145	16	1.737133	0.444973	1.767058	3.949164
145	17	1.737133	0.468844	2.003918	4.209895
145	18	1.737133	0.414688	1.466554	3.618375
145	19	1.737133	0.487471	2.241713	4.466318
145	20	1.737133	0.509366	2.405999	4.652498
145	21	1.737133	0.469248	2.113856	4.320237
145	22	1.737133	0.395850	1.279638	3.412621
145	23	1.737133	0.404549	1.365950	3.507631
145	24	1.737133	0.413416	1.453931	3.604480
145	25	1.737133	0.448804	1.805076	3.991013
145	26	1.737133	0.395023	1.271432	3.403589
145	27	1.737133	0.465096	1.966731	4.168960
145	28	1.737133	0.438467	1.702504	3.878104
145	29	1.737133	0.495678	2.270176	4.502986
145	30	1.737133	0.407020	1.390470	3.534623
145	31	1.737133	0.434437	1.662518	3.834088
145	32	1.737133	0.469009	2.005559	4.211702
145	33	1.737133	0.454764	2.023097	4.214993
145	34	1.737133	0.409243	1.412527	3.558903
145	35	1.737133	0.464082	1.956663	4.157877
145	36	1.737133	0.403060	1.351172	3.491365
145	37	1.737133	0.455470	1.871213	4.063815
145	38	1.737133	0.419107	1.510404	3.666644
145	39	1.737133	0.377216	1.094740	3.209089
145	40	1.737133	0.374776	1.070526	3.182434
145	41	1.737133	0.418868	1.508033	3.664034
145	42	1.737133	0.438467	1.702504	3.878104
145	43	1.737133	0.525410	2.565197	4.827740
145	44	1.737133	0.411532	1.435245	3.583910
145	45	1.737133	0.435444	1.672507	3.845084
145	46	1.737133	0.525410	2.565197	4.827740
145	47	1.737133	0.409243	1.412527	3.558903
145	48	1.737133	0.404957	1.369998	3.512088
145	49	1.737133	0.455037	1.866920	4.059090
145	50	1.737133	0.404342	1.363893	3.505367
145	51	1.737133	0.404342	1.363893	3.505367
145	52	1.737133	0.432869	1.646957	3.816959
145	53	1.737133	0.447707	1.794188	3.979028
145	54	1.737133	0.356894	0.893090	2.987117
145	55	1.737133	0.426753	1.586275	3.750161
145	56	1.737133	0.461296	1.929022	4.127451
145	57	1.737133	0.395850	1.279638	3.412621
145	58	1.737133	0.515220	2.464080	4.716433
145	59	1.737133	0.426963	1.694285	3.858381
145	60	1.737133	0.455037	1.866920	4.059090
145	61	1.737133	0.479327	2.107932	4.324392
145	62	1.737133	0.366862	0.992006	3.096001
145	63	1.737133	0.527823	2.589140	4.854096
145	64	1.737133	0.404713	1.367578	3.509424
145	65	1.737133	0.478103	2.095788	4.311024
145	66	1.737133	0.487471	2.241713	4.466318
145	67	1.737133	0.395850	1.279638	3.412621
145	68	1.737133	0.421336	1.532522	3.690991
145	69	1.737133	0.374776	1.070526	3.182434
145	70	1.737133	0.469009	2.005559	4.211702
145	71	1.737133	0.404549	1.365950	3.507631
145	72	1.737133	0.408669	1.406836	3.552638
145	73	1.737133	0.487471	2.241713	4.466318
145	74	1.737133	0.408669	1.406836	3.552638
145	75	1.737133	0.414688	1.466554	3.618375
145	76	1.737133	0.419008	1.509423	3.665564
145	77	1.737133	0.418868	1.508033	3.664034
145	78	1.737133	0.417944	1.498864	3.653941
145	79	1.737133	0.444973	1.767058	3.949164
145	80	1.737133	0.448804	1.805076	3.991013
145	81	1.737133	0.448804	1.805076	3.991013
145	82	1.737133	0.365163	0.975140	3.077436
145	83	1.737133	0.478103	2.095788	4.311024
145	84	1.737133	0.425627	1.575098	3.737858
145	85	1.737133	0.413416	1.453931	3.604480
145	86	1.737133	0.466202	1.977703	4.181038
145	87	1.737133	0.419107	1.510404	3.666644
145	88	1.737133	0.404713	1.367578	3.509424
145	89	1.737133	0.421336	1.532522	3.690991
145	90	1.737133	0.395850	1.279638	3.412621
145	91	1.737133	0.477586	2.090657	4.305375
145	92	1.737133	0.447707	1.794188	3.979028
145	93	1.737133	0.483039	2.144769	4.364941
145	94	1.737133	0.502102	2.439852	4.679088
145	95	1.737133	0.502102	2.439852	4.679088
145	96	1.737133	0.457820	1.894533	4.089486
145	97	1.737133	0.356894	0.893090	2.987117
145	98	1.737133	0.356894	0.893090	2.987117
145	99	1.737133	0.419008	1.509423	3.665564
146	0	1.726889	0.459666	1.912847	4.099401
146	1	1.726889	0.477839	2.093174	4.297902
146	2	1.726889	0.419187	1.511200	3.657276
146	3	1.726889	0.414056	1.460282	3.601226
146	4	1.726889	0.465566	2.130287	4.322742
146	5	1.726889	0.435055	1.933466	4.095410
146	6	1.726889	0.378534	1.796341	3.901763
146	7	1.726889	0.434641	1.664544	3.826074
146	8	1.726889	0.481564	2.130129	4.338582
146	9	1.726889	0.450251	1.819427	3.996567
146	10	1.726889	0.481564	2.130129	4.338582
146	11	1.726889	0.475026	2.065259	4.267173
146	12	1.726889	0.442128	1.738828	3.907845
146	13	1.726889	0.434397	1.662122	3.823408
146	14	1.726889	0.369381	1.016994	3.113264
146	15	1.726889	0.358293	1.648467	3.733649
146	16	1.726889	0.474991	2.064912	4.266792
146	17	1.726889	0.384623	1.168231	3.279743
146	18	1.726889	0.384368	1.165707	3.276964
146	19	1.726889	0.507739	2.389853	4.624481
146	20	1.726889	0.450164	1.818568	3.995621
146	21	1.726889	0.506678	2.379323	4.612889
146	22	1.726889	0.444897	1.766306	3.938092
146	23	1.726889	0.442128	1.738828	3.907845
146	24	1.726889	0.481583	2.130326	4.338798
146	25	1.726889	0.473435	2.049470	4.249793
146	26	1.726889	0.478666	2.101378	4.306933
146	27	1.726889	0.485213	2.166344	4.378446
146	28	1.726889	0.408223	1.402409	3.537521
146	29	1.726889	0.473435	2.049470	4.249793
146	30	1.726889	0.510861	2.420828	4.658577
146	31	1.726889	0.450251	1.819427	3.996567
146	32	1.726889	0.450164	1.818568	3.995621
146	33	1.726889	0.430437	1.622823	3.780149
146	34	1.726889	0.467417	1.989762	4.184068
146	35	1.726889	0.416418	1.483720	3.627027
146	36	1.726889	0.414299	1.462697	3.603885
146	37	1.726889	0.384368	1.165707	3.276964
146	38	1.726889	0.422351	1.542590	3.691830
146	39	1.726889	0.503318	2.345986	4.576192
146	40	1.726889	0.421144	1.530617	3.678650
146	41	1.726889	0.492985	2.243456	4.463329
146	42	1.726889	0.481564	2.130129	4.338582
146	43	1.726889	0.456207	1.878533	4.061629
146	44	1.726889	0.422351	1.542590	3.691830
146	45	1.726889	0.384368	1.165707	3.276964
146	46	1.726889	0.416418	1.483720	3.627027
146	47	1.726889	0.492985	2.243456	4.463329
146	48	1.726889	0.419187	1.511200	3.657276
146	49	1.726889	0.456207	1.878533	4.061629
146	50	1.726889	0.522549	2.536801	4.786239
146	51	1.726889	0.368626	1.009504	3.105018
146	52	1.726889	0.422351	1.542590	3.691830
146	53	1.726889	0.444897	1.766306	3.938092
146	54	1.726889	0.408223	1.402409	3.537521
146	55	1.726889	0.474991	2.064912	4.266792
146	56	1.726889	0.430701	1.625441	3.783030
146	57	1.726889	0.450164	1.818568	3.995621
146	58	1.726889	0.422351	1.542590	3.691830
146	59	1.726889	0.419187	1.511200	3.657276
146	60	1.726889	0.430437	1.622823	3.780149
146	61	1.726889	0.456207	1.878533	4.061629
146	62	1.726889	0.421873	2.014519	4.163280
146	63	1.726889	0.477839	2.093174	4.297902
146	64	1.726889	0.498101	2.294221	4.519210
146	65	1.726889	0.494417	2.257664	4.478970
146	66	1.726889	0.368626	1.009504	3.105018
146	67	1.726889	0.368626	1.009504	3.105018
146	68	1.726889	0.477983	2.253489	4.458361
146	69	1.726889	0.384368	1.165707	3.276964
146	70	1.726889	0.536993	2.680127	4.944009
146	71	1.726889	0.383282	1.154933	3.265104
146	72	1.726889	0.461297	1.929029	4.117214
146	73	1.726889	0.475026	2.065259	4.267173
146	74	1.726889	0.368626	1.009504	3.105018
146	75	1.726889	0.482653	2.140941	4.350483
146	76	1.726889	0.479055	2.105236	4.311180
146	77	1.726889	0.430701	1.625441	3.783030
146	78	1.726889	0.421144	1.530617	3.678650
146	79	1.726889	0.444897	1.766306	3.938092
146	80	1.726889	0.422162	1.540716	3.689767
146	81	1.726889	0.368626	1.009504	3.105018
146	82	1.726889	0.451079	1.827649	4.005617
146	83	1.726889	0.492985	2.243456	4.463329
146	84	1.726889	0.467417	1.989762	4.184068
146	85	1.726889	0.384623	1.168231	3.279743
146	86	1.726889	0.414299	1.462697	3.603885
146	87	1.726889	0.429173	1.610280	3.766341
146	88	1.726889	0.463164	1.947561	4.137614
146	89	1.726889	0.435055	1.933466	4.095410
146	90	1.726889	0.401632	1.337007	3.465527
146	91	1.726889	0.423319	1.552199	3.702408
146	92	1.726889	0.422162	1.540716	3.689767
146	93	1.726889	0.479055	2.105236	4.311180
146	94	1.726889	0.481595	2.130438	4.338921
146	95	1.726889	0.421873	2.014519	4.163280
146	96	1.726889	0.422162	1.540716	3.689767
146	97	1.726889	0.481245	2.126966	4.335100
146	98	1.726889	0.517535	2.540022	4.784446
146	99	1.726889	0.445225	1.875489	4.047603
147	0	1.712869	0.444153	1.758923	3.915945
147	1	1.712869	0.458755	1.903811	4.075435
147	2	1.712869	0.408255	1.879394	4.000517
147	3	1.712869	0.465167	1.967435	4.145471
147	4	1.712869	0.464851	1.964302	4.142023
147	5	1.712869	0.462446	1.940434	4.115749
147	6	1.712869	0.506555	2.378105	4.597529
147	7	1.712869	0.452119	1.837961	4.002949
147	8	1.712869	0.462446	1.940434	4.115749
147	9	1.712869	0.474831	2.063327	4.251027
147	10	1.712869	0.364324	0.966819	3.044012
147	11	1.712869	0.456677	1.883191	4.052737
147	12	1.712869	0.416988	1.489377	3.619234
147	13	1.712869	0.445065	1.767973	3.925907
147	14	1.712869	0.465292	2.180525	4.358686
147	15	1.712869	0.510489	2.417143	4.640502
147	16	1.712869	0.462449	1.940466	4.115784
147	17	1.712869	0.460065	1.916812	4.089746
147	18	1.712869	0.474831	2.063327	4.251027
147	19	1.712869	0.447261	1.789760	3.949890
147	20	1.712869	0.426780	1.586535	3.726184
147	21	1.712869	0.492252	2.342115	4.547236
147	22	1.712869	0.479079	2.105475	4.297424
147	23	1.712869	0.419879	1.888807	4.021555
147	24	1.712869	0.422480	1.543871	3.679220
147	25	1.712869	0.386579	1.187641	3.287089
147	26	1.712869	0.444153	1.758923	3.915945
147	27	1.712869	0.475388	2.068852	4.257109
147	28	1.712869	0.460065	1.916812	4.089746
147	29	1.712869	0.488601	2.199957	4.401427
147	30	1.712869	0.437814	1.696023	3.846706
147	31	1.712869	0.470768	2.023012	4.206650
147	32	1.712869	0.385379	1.175736	3.273984
147	33	1.712869	0.467295	1.988547	4.168711
147	34	1.712869	0.502037	2.439201	4.654107
147	35	1.712869	0.429643	1.614951	3.757464
147	36	1.712869	0.469367	2.009108	4.191344
147	37	1.712869	0.452119	1.837961	4.002949
147	38	1.712869	0.364324	0.966819	3.044012
147	39	1.712869	0.444153	1.758923	3.915945
147	40	1.712869	0.473317	2.048302	4.234488
147	41	1.712869	0.502823	2.341072	4.556764
147	42	1.712869	0.385379	1.175736	3.273984
147	43	1.712869	0.468856	2.004033	4.185758
147	44	1.712869	0.465167	1.967435	4.145471
147	45	1.712869	0.410204	1.422062	3.545135
147	46	1.712869	0.486651	2.180612	4.380132
147	47	1.712869	0.442830	1.745793	3.901492
147	48	1.712869	0.416988	1.489377	3.619234
147	49	1.712869	0.467773	1.993295	4.173938
147	50	1.712869	0.451814	1.834938	3.999621
147	51	1.712869	0.458755	1.903811	4.075435
147	52	1.712869	0.471298	2.028272	4.212440
147	53	1.712869	0.467960	1.995147	4.175976
147	54	1.712869	0.404154	1.362035	3.479059
147	55	1.712869	0.408748	1.407615	3.529232
147	56	1.712869	0.498150	2.347671	4.558691
147	57	1.712869	0.426888	2.011322	4.151079
147	58	1.712869	0.524175	2.552942	4.789986
147	59	1.712869	0.515444	2.466304	4.694617
147	60	1.712869	0.464851	1.964302	4.142023
147	61	1.712869	0.474831	2.063327	4.251027
147	62	1.712869	0.460065	1.916812	4.089746
147	63	1.712869	0.416906	1.488567	3.618342
147	64	1.712869	0.486651	2.180612	4.380132
147	65	1.712869	0.444153	1.758923	3.915945
147	66	1.712869	0.524175	2.552942	4.789986
147	67	1.712869	0.416988	1.489377	3.619234
147	68	1.712869	0.462449	1.940466	4.115784
147	69	1.712869	0.506555	2.378105	4.597529
147	70	1.712869	0.408348	1.403650	3.524868
147	71	1.712869	0.462446	1.940434	4.115749
147	72	1.712869	0.439552	2.189947	4.342368
147	73	1.712869	0.380019	1.122552	3.215440
147	74	1.712869	0.424165	1.560596	3.697630
147	75	1.712869	0.416906	1.488567	3.618342
147	76	1.712869	0.448009	1.797182	3.958060
147	77	1.712869	0.452119	1.837961	4.002949
147	78	1.712869	0.422619	1.545247	3.680735
147	79	1.712869	0.410204	1.422062	3.545135
147	80	1.712869	0.416988	1.489377	3.619234
147	81	1.712869	0.467295	1.988547	4.168711
147	82	1.712869	0.467960	1.995147	4.175976
147	83	1.712869	0.385379	1.175736	3.273984
147	84	1.712869	0.404154	1.362035	3.479059
147	85	1.712869	0.408748	1.407615	3.529232
147	86	1.712869	0.404154	1.362035	3.479059
147	87	1.712869	0.502037	2.439201	4.654107
147	88	1.712869	0.420121	1.891215	4.024205
147	89	1.712869	0.416906	1.488567	3.618342
147	90	1.712869	0.469824	2.013640	4.196333
147	91	1.712869	0.486651	2.180612	4.380132
147	92	1.712869	0.462449	1.940466	4.115784
147	93	1.712869	0.448128	1.798368	3.959365
147	94	1.712869	0.496354	2.276883	4.486106
147	95	1.712869	0.408348	1.403650	3.524868
147	96	1.712869	0.496321	2.276560	4.485750
147	97	1.712869	0.488601	2.199957	4.401427
147	98	1.712869	0.488601	2.199957	4.401427
147	99	1.712869	0.467295	1.988547	4.168711
148	0	1.691774	0.507530	2.387778	4.587082
148	1	1.691774	0.390692	1.546236	3.628703
148	2	1.691774	0.478952	2.104216	4.274943
148	3	1.691774	0.448839	1.805414	3.946027
148	4	1.691774	0.469187	2.007321	4.168283
148	5	1.691774	0.529476	2.605541	4.826791
148	6	1.691774	0.420020	1.519459	3.631253
148	7	1.691774	0.432376	1.642067	3.766217
148	8	1.691774	0.501925	2.332168	4.525868
148	9	1.691774	0.403040	1.350980	3.445795
148	10	1.691774	0.469187	2.007321	4.168283
148	11	1.691774	0.450812	1.824996	3.967582
148	12	1.691774	0.420701	1.526218	3.638694
148	13	1.691774	0.434257	1.660730	3.786761
148	14	1.691774	0.442157	1.739115	3.873046
148	15	1.691774	0.450655	1.823437	3.965866
148	16	1.691774	0.393383	1.255155	3.340313
148	17	1.691774	0.434257	1.660730	3.786761
148	18	1.691774	0.380662	1.128935	3.201372
148	19	1.691774	0.405950	1.379857	3.477582
148	20	1.691774	0.403841	1.358929	3.454545
148	21	1.691774	0.450655	1.823437	3.965866
148	22	1.691774	0.467271	2.200161	4.359206
148	23	1.691774	0.457240	1.888777	4.037791
148	24	1.691774	0.503156	2.344378	4.539308
148	25	1.691774	0.436960	1.687547	3.816282
148	26	1.691774	0.450812	1.824996	3.967582
148	27	1.691774	0.452905	1.845766	3.990446
148	28	1.691774	0.410692	1.426908	3.529375
148	29	1.691774	0.420701	1.526218	3.638694
148	30	1.691774	0.472978	2.044942	4.209695
148	31	1.691774	0.334052	1.460898	3.486724
148	32	1.691774	0.434844	1.666553	3.793172
148	33	1.691774	0.405950	1.379857	3.477582
148	34	1.691774	0.455835	1.874834	4.022444
148	35	1.691774	0.501496	2.327905	4.521175
148	36	1.691774	0.472389	2.039094	4.203258
148	37	1.691774	0.452087	1.837644	3.981506
148	38	1.691774	0.432376	1.642067	3.766217
148	39	1.691774	0.403841	1.358929	3.454545
148	40	1.691774	0.451365	1.830482	3.973621
148	41	1.691774	0.431995	1.638283	3.762052
148	42	1.691774	0.438008	1.697947	3.827729
148	43	1.691774	0.503156	2.344378	4.539308
148	44	1.691774	0.414638	1.466058	3.572471
148	45	1.691774	0.400407	1.324857	3.417039
148	46	1.691774	0.480080	2.115410	4.287265
148	47	1.691774	0.492298	2.342564	4.526636
148	48	1.691774	0.437636	1.694253	3.823663
148	49	1.691774	0.340596	1.525838	3.558209
148	50	1.691774	0.464749	1.963287	4.119810
148	51	1.691774	0.418064	1.500058	3.609897
148	52	1.691774	0.445262	1.769926	3.906963
148	53	1.691774	0.485775	2.171921	4.349471
148	54	1.691774	0.450655	1.823437	3.965866
148	55	1.691774	0.401466	1.335362	3.428603
148	56	1.691774	0.380662	1.128935	3.201372
148	57	1.691774	0.400407	1.324857	3.417039
148	58	1.691774	0.416958	1.489080	3.597813
148	59	1.691774	0.507103	2.383547	4.582424
148	60	1.691774	0.415314	1.472772	3.579861
148	61	1.691774	0.405950	1.379857	3.477582
148	62	1.691774	0.415314	1.472772	3.579861
148	63	1.691774	0.365308	0.976580	3.033662
148	64	1.691774	0.489188	2.205783	4.386746
148	65	1.691774	0.403040	1.350980	3.445795
148	66	1.691774	0.415429	1.473911	3.581115
148	67	1.691774	0.474245	2.057514	4.223534
148	68	1.691774	0.446799	1.785177	3.923750
148	69	1.691774	0.415314	1.472772	3.579861
148	70	1.691774	0.445262	1.769926	3.906963
148	71	1.691774	0.474245	2.057514	4.223534
148	72	1.691774	0.415429	1.473911	3.581115
148	73	1.691774	0.436960	1.687547	3.816282
148	74	1.691774	0.436616	1.684140	3.812531
148	75	1.691774	0.450655	1.823437	3.965866
148	76	1.691774	0.401466	1.335362	3.428603
148	77	1.691774	0.449476	1.811742	3.952992
148	78	1.691774	0.469187	2.007321	4.168283
148	79	1.691774	0.414638	1.466058	3.572471
148	80	1.691774	0.434257	1.660730	3.786761
148	81	1.691774	0.434989	1.932815	4.059579
148	82	1.691774	0.382889	1.151032	3.225696
148	83	1.691774	0.418064	1.500058	3.609897
148	84	1.691774	0.467271	2.200161	4.359206
148	85	1.691774	0.510859	2.420808	4.623441
148	86	1.691774	0.410692	1.426908	3.529375
148	87	1.691774	0.451365	1.830482	3.973621
148	88	1.691774	0.442157	1.739115	3.873046
148	89	1.691774	0.367481	0.998146	3.057402
148	90	1.691774	0.446799	1.785177	3.923750
148	91	1.691774	0.365308	0.976580	3.033662
148	92	1.691774	0.490064	2.267436	4.449274
148	93	1.691774	0.434257	1.660730	3.786761
148	94	1.691774	0.511959	2.537657	4.741391
148	95	1.691774	0.420020	1.519459	3.631253
148	96	1.691774	0.447967	1.796768	3.936509
148	97	1.691774	0.455474	1.871252	4.018501
148	98	1.691774	0.507530	2.387778	4.587082
148	99	1.691774	0.447724	2.006213	4.145712
149	0	1.742042	0.434930	1.667408	3.844381
149	1	1.742042	0.389803	1.219634	3.351480
149	2	1.742042	0.516383	2.475622	4.734047
149	3	1.742042	0.468751	2.002999	4.213792
149	4	1.742042	0.472123	2.036451	4.250616
149	5	1.742042	0.448224	1.799317	3.989584
149	6	1.742042	0.414808	1.467750	3.624601
149	7	1.742042	0.428089	1.599523	3.769654
149	8	1.742042	0.456325	1.879694	4.078061
149	9	1.742042	0.471781	2.191950	4.405773
149	10	1.742042	0.471781	2.191950	4.405773
149	11	1.742042	0.435690	1.674943	3.852675
149	12	1.742042	0.453921	1.855842	4.051804
149	13	1.742042	0.410849	1.428460	3.581351
149	14	1.742042	0.375270	1.075434	3.192746
149	15	1.742042	0.447140	1.788565	3.977748
149	16	1.742042	0.465355	1.969302	4.176699
149	17	1.742042	0.514699	2.458912	4.715653
149	18	1.742042	0.430824	1.626665	3.799531
149	19	1.742042	0.475659	2.230430	4.448131
149	20	1.742042	0.428089	1.599523	3.769654
149	21	1.742042	0.467196	1.987562	4.196800
149	22	1.742042	0.421869	1.537813	3.701724
149	23	1.742042	0.506911	2.381639	4.630593
149	24	1.742042	0.487245	2.186500	4.415786
149	25	1.742042	0.432596	1.644244	3.818882
149	26	1.742042	0.428523	1.603835	3.774401
149	27	1.742042	0.474770	2.062717	4.279528
149	28	1.742042	0.371311	1.036144	3.149497
149	29	1.742042	0.430824	1.626665	3.799531
149	30	1.742042	0.526840	2.579380	4.848262
149	31	1.742042	0.422307	1.542155	3.706504
149	32	1.742042	0.383618	1.687897	3.813556
149	33	1.742042	0.389803	1.219634	3.351480
149	34	1.742042	0.434930	1.667408	3.844381
149	35	1.742042	0.494791	2.261373	4.498206
149	36	1.742042	0.460941	1.925497	4.128480
149	37	1.742042	0.457449	1.890856	4.090347
149	38	1.742042	0.469458	2.010008	4.221508
149	39	1.742042	0.514694	2.458865	4.715601
149	40	1.742042	0.437144	1.689371	3.868556
149	41	1.742042	0.462688	1.942831	4.147561
149	42	1.742042	0.488360	2.197569	4.427971
149	43	1.742042	0.435690	1.674943	3.852675
149	44	1.742042	0.462688	1.942831	4.147561
149	45	1.742042	0.450001	1.816944	4.008986
149	46	1.742042	0.488360	2.197569	4.427971
149	47	1.742042	0.480001	2.114626	4.336670
149	48	1.742042	0.425281	1.571669	3.738992
149	49	1.742042	0.472123	2.036451	4.250616
149	50	1.742042	0.456325	1.879694	4.078061
149	51	1.742042	0.443591	1.753344	3.938977
149	52	1.742042	0.414808	1.467750	3.624601
149	53	1.742042	0.475659	2.230430	4.448131
149	54	1.742042	0.416803	1.487539	3.646383
149	55	1.742042	0.439853	1.716259	3.898154
149	56	1.742042	0.432671	1.644992	3.819705
149	57	1.742042	0.470660	2.021937	4.234639
149	58	1.742042	0.470660	2.021937	4.234639
149	59	1.742042	0.371311	1.036144	3.149497
149	60	1.742042	0.468751	2.002999	4.213792
149	61	1.742042	0.425166	1.570525	3.737734
149	62	1.742042	0.441644	1.734024	3.917710
149	63	1.742042	0.420714	1.526352	3.689108
149	64	1.742042	0.482117	2.135618	4.359777
149	65	1.742042	0.384952	1.171505	3.298499
149	66	1.742042	0.469458	2.010008	4.221508
149	67	1.742042	0.389803	1.219634	3.351480
149	68	1.742042	0.448224	1.799317	3.989584
149	69	1.742042	0.493259	2.246173	4.481473
149	70	1.742042	0.470943	2.024750	4.237735
149	71	1.742042	0.454887	1.865429	4.062359
149	72	1.742042	0.470943	2.024750	4.237735
149	73	1.742042	0.371311	1.036144	3.149497
149	74	1.742042	0.387590	1.197674	3.327305
149	75	1.742042	0.439853	1.716259	3.898154
149	76	1.742042	0.422307	1.542155	3.706504
149	77	1.742042	0.438376	1.701598	3.882016
149	78	1.742042	0.458571	1.901981	4.102593
149	79	1.742042	0.475659	2.230430	4.448131
149	80	1.742042	0.432671	1.644992	3.819705
149	81	1.742042	0.456364	1.880087	4.078493
149	82	1.742042	0.465355	1.969302	4.176699
149	83	1.742042	0.526840	2.579380	4.848262
149	84	1.742042	0.450001	1.816944	4.008986
149	85	1.742042	0.431962	1.637955	3.811959
149	86	1.742042	0.425166	1.570525	3.737734
149	87	1.742042	0.447680	1.793920	3.983642
149	88	1.742042	0.460941	1.925497	4.128480
149	89	1.742042	0.494791	2.261373	4.498206
149	90	1.742042	0.387381	1.831166	3.960589
149	91	1.742042	0.384952	1.171505	3.298499
149	92	1.742042	0.422307	1.542155	3.706504
149	93	1.742042	0.479753	2.165124	4.386919
149	94	1.742042	0.464342	2.012207	4.218591
149	95	1.742042	0.450001	1.816944	4.008986
149	96	1.742042	0.477402	2.088830	4.308274
149	97	1.742042	0.464996	2.230554	4.437592
149	98	1.742042	0.424995	1.568823	3.735859
149	99	1.742042	0.500453	2.317557	4.560052
150	0	1.730125	0.473234	2.047482	4.250841
150	1	1.730125	0.418146	1.500864	3.649134
150	2	1.730125	0.504266	2.461321	4.695712
150	3	1.730125	0.447224	1.789396	3.966744
150	4	1.730125	0.462269	1.938681	4.131075
150	5	1.730125	0.432119	1.639513	3.801757
150	6	1.730125	0.413318	1.452960	3.596402
150	7	1.730125	0.437641	2.065049	4.232814
150	8	1.730125	0.449447	1.811449	3.991020
150	9	1.730125	0.417807	1.497505	3.645437
150	10	1.730125	0.478380	2.098541	4.307045
150	11	1.730125	0.477934	2.094110	4.302168
150	12	1.730125	0.445417	1.771465	3.947007
150	13	1.730125	0.478752	2.102233	4.311110
150	14	1.730125	0.432119	1.639513	3.801757
150	15	1.730125	0.423537	1.554360	3.708022
150	16	1.730125	0.421853	1.537654	3.689632
150	17	1.730125	0.417807	1.497505	3.645437
150	18	1.730125	0.447028	1.893373	4.070525
150	19	1.730125	0.464832	1.964107	4.159063
150	20	1.730125	0.452969	1.846401	4.029495
150	21	1.730125	0.362927	1.694447	3.787498
150	22	1.730125	0.425409	1.572935	3.728469
150	23	1.730125	0.440506	1.722733	3.893364
150	24	1.730125	0.479335	2.108017	4.317476
150	25	1.730125	0.438540	1.703224	3.871888
150	26	1.730125	0.432119	1.639513	3.801757
150	27	1.730125	0.389210	1.213749	3.333083
150	28	1.730125	0.402779	1.348389	3.481293
150	29	1.730125	0.435041	1.668507	3.833672
150	30	1.730125	0.477934	2.094110	4.302168
150	31	1.730125	0.478773	2.102443	4.311341
150	32	1.730125	0.425957	1.578369	3.734451
150	33	1.730125	0.473234	2.047482	4.250841
150	34	1.730125	0.483029	2.144667	4.357820
150	35	1.730125	0.425409	1.572935	3.728469
150	36	1.730125	0.492393	2.237585	4.460103
150	37	1.730125	0.489188	2.205780	4.425093
150	38	1.730125	0.417036	1.489854	3.637014
150	39	1.730125	0.454000	1.856625	4.040750
150	40	1.730125	0.492393	2.237585	4.460103
150	41	1.730125	0.524245	2.606603	4.860973
150	42	1.730125	0.435041	1.668507	3.833672
150	43	1.730125	0.468988	2.005349	4.204462
150	44	1.730125	0.498067	2.293879	4.522070
150	45	1.730125	0.478773	2.102443	4.311341
150	46	1.730125	0.403604	1.356573	3.490302
150	47	1.730125	0.478380	2.098541	4.307045
150	48	1.730125	0.438758	1.705395	3.874278
150	49	1.730125	0.488797	2.201901	4.420822
150	50	1.730125	0.504518	2.516780	4.751422
150	51	1.730125	0.418146	1.500864	3.649134
150	52	1.730125	0.463941	2.167122	4.361187
150	53	1.730125	0.421853	1.537654	3.689632
150	54	1.730125	0.468988	2.005349	4.204462
150	55	1.730125	0.564995	2.957972	5.253091
150	56	1.730125	0.389210	1.213749	3.333083
150	57	1.730125	0.463120	1.947119	4.140363
150	58	1.730125	0.505428	2.366920	4.602473
150	59	1.730125	0.472181	2.037030	4.239336
150	60	1.730125	0.427942	1.598066	3.756133
150	61	1.730125	0.510038	2.412665	4.652827
150	62	1.730125	0.488797	2.201901	4.420822
150	63	1.730125	0.478380	2.098541	4.307045
150	64	1.730125	0.468988	2.005349	4.204462
150	65	1.730125	0.389210	1.213749	3.333083
150	66	1.730125	0.473234	2.047482	4.250841
150	67	1.730125	0.413318	1.452960	3.596402
150	68	1.730125	0.417036	1.489854	3.637014
150	69	1.730125	0.484344	2.157717	4.372186
150	70	1.730125	0.516723	2.479002	4.725850
150	71	1.730125	0.447224	1.789396	3.966744
150	72	1.730125	0.464832	1.964107	4.159063
150	73	1.730125	0.387093	1.722384	3.839602
150	74	1.730125	0.430639	1.624832	3.785596
150	75	1.730125	0.435351	1.671585	3.837061
150	76	1.730125	0.421853	1.537654	3.689632
150	77	1.730125	0.522002	2.531383	4.783510
150	78	1.730125	0.488797	2.201901	4.420822
150	79	1.730125	0.524245	2.606603	4.860973
150	80	1.730125	0.446582	1.783021	3.959727
150	81	1.730125	0.430639	1.624832	3.785596
150	82	1.730125	0.504888	2.414529	4.649542
150	83	1.730125	0.430639	1.624832	3.785596
150	84	1.730125	0.454686	1.863432	4.048243
150	85	1.730125	0.498412	2.297309	4.525845
150	86	1.730125	0.429589	1.614408	3.774121
150	87	1.730125	0.403604	1.356573	3.490302
150	88	1.730125	0.389210	1.213749	3.333083
150	89	1.730125	0.463120	1.947119	4.140363
150	90	1.730125	0.447224	1.789396	3.966744
150	91	1.730125	0.485845	2.172613	4.388583
150	92	1.730125	0.425409	1.572935	3.728469
150	93	1.730125	0.445417	1.771465	3.947007
150	94	1.730125	0.440506	1.722733	3.893364
150	95	1.730125	0.499737	2.310456	4.540318
150	96	1.730125	0.472690	2.042084	4.244899
150	97	1.730125	0.465625	1.971977	4.167727
150	98	1.730125	0.429589	1.614408	3.774121
150	99	1.730125	0.435774	1.675779	3.841677
151	0	1.692208	0.472134	2.142487	4.306828
151	1	1.692208	0.385478	1.176718	3.254404
151	2	1.692208	0.466663	1.982281	4.141153
151	3	1.692208	0.474049	2.055566	4.221823
151	4	1.692208	0.476112	2.234929	4.403249
151	5	1.692208	0.458665	1.902920	4.053793
151	6	1.692208	0.474049	2.055566	4.221823
151	7	1.692208	0.472635	2.041539	4.206382
151	8	1.692208	0.499316	2.306273	4.497796
151	9	1.692208	0.472529	2.358265	4.523002
151	10	1.692208	0.426178	1.951310	4.069696
151	11	1.692208	0.472841	2.043578	4.208627
151	12	1.692208	0.414735	1.467027	3.573970
151	13	1.692208	0.439952	1.717235	3.849395
151	14	1.692208	0.408042	1.400608	3.500858
151	15	1.692208	0.478648	2.101202	4.272059
151	16	1.692208	0.509962	2.411915	4.614085
151	17	1.692208	0.495495	2.268362	4.456065
151	18	1.692208	0.415444	1.474059	3.581711
151	19	1.692208	0.489016	2.204080	4.385304
151	20	1.692208	0.461293	1.928998	4.082499
151	21	1.692208	0.478644	2.101155	4.272007
151	22	1.692208	0.463031	1.946243	4.101482
151	23	1.692208	0.472529	2.358265	4.523002
151	24	1.692208	0.464461	1.960427	4.117096
151	25	1.692208	0.446044	1.777689	3.915942
151	26	1.692208	0.415446	1.474080	3.581735
151	27	1.692208	0.484867	2.162906	4.339981
151	28	1.692208	0.435109	1.669181	3.796498
151	29	1.692208	0.415446	1.474080	3.581735
151	30	1.692208	0.464719	1.962984	4.119910
151	31	1.692208	0.498071	2.293921	4.484200
151	32	1.692208	0.409531	1.415387	3.517127
151	33	1.692208	0.414735	1.467027	3.573970
151	34	1.692208	0.437417	1.692081	3.821705
151	35	1.692208	0.429526	1.613785	3.735519
151	36	1.692208	0.478302	2.097768	4.268278
151	37	1.692208	0.463952	2.220199	4.376360
151	38	1.692208	0.450464	1.821539	3.964210
151	39	1.692208	0.489016	2.204080	4.385304
151	40	1.692208	0.476861	2.083470	4.252539
151	41	1.692208	0.436727	1.685237	3.814172
151	42	1.692208	0.508196	2.394392	4.594796
151	43	1.692208	0.477556	2.090368	4.260132
151	44	1.692208	0.507841	2.390865	4.590913
151	45	1.692208	0.472134	2.142487	4.306828
151	46	1.692208	0.499316	2.306273	4.497796
151	47	1.692208	0.499316	2.306273	4.497796
151	48	1.692208	0.472595	2.041134	4.205936
151	49	1.692208	0.437417	1.692081	3.821705
151	50	1.692208	0.472841	2.043578	4.208627
151	51	1.692208	0.484386	2.158129	4.334723
151	52	1.692208	0.415446	1.474080	3.581735
151	53	1.692208	0.481655	2.342895	4.516758
151	54	1.692208	0.501764	2.330572	4.524544
151	55	1.692208	0.436727	1.685237	3.814172
151	56	1.692208	0.385478	1.176718	3.254404
151	57	1.692208	0.492574	2.239380	4.424162
151	58	1.692208	0.435109	1.669181	3.796498
151	59	1.692208	0.472595	2.041134	4.205936
151	60	1.692208	0.516757	2.479335	4.688300
151	61	1.692208	0.448320	1.800271	3.940800
151	62	1.692208	0.425694	1.575759	3.693660
151	63	1.692208	0.433669	1.654894	3.780771
151	64	1.692208	0.463031	1.946243	4.101482
151	65	1.692208	0.438978	1.707576	3.838763
151	66	1.692208	0.372828	1.051198	3.116234
151	67	1.692208	0.400695	1.327708	3.420611
151	68	1.692208	0.373511	1.057976	3.123695
151	69	1.692208	0.432584	1.644126	3.768918
151	70	1.692208	0.453039	1.847089	3.992335
151	71	1.692208	0.469918	2.014571	4.176696
151	72	1.692208	0.415444	1.474059	3.581711
151	73	1.692208	0.401934	1.340005	3.434147
151	74	1.692208	0.466663	1.982281	4.141153
151	75	1.692208	0.373511	1.057976	3.123695
151	76	1.692208	0.431950	1.637838	3.761996
151	77	1.692208	0.438978	1.707576	3.838763
151	78	1.692208	0.415444	1.474059	3.581711
151	79	1.692208	0.372828	1.051198	3.116234
151	80	1.692208	0.390831	1.229838	3.312877
151	81	1.692208	0.481655	2.342895	4.516758
151	82	1.692208	0.463031	1.946243	4.101482
151	83	1.692208	0.429606	1.614575	3.736389
151	84	1.692208	0.478496	2.099690	4.270394
151	85	1.692208	0.502345	2.389297	4.583850
151	86	1.692208	0.413481	1.454582	3.560272
151	87	1.692208	0.425694	1.575759	3.693660
151	88	1.692208	0.465555	1.971285	4.129048
151	89	1.692208	0.409845	1.418504	3.520557
151	90	1.692208	0.434962	1.667729	3.794899
151	91	1.692208	0.433669	1.654894	3.780771
151	92	1.692208	0.478644	2.101155	4.272007
151	93	1.692208	0.413481	1.454582	3.560272
151	94	1.692208	0.408042	1.400608	3.500858
151	95	1.692208	0.446554	1.782750	3.921512
151	96	1.692208	0.409531	1.415387	3.517127
151	97	1.692208	0.501764	2.330572	4.524544
151	98	1.692208	0.489016	2.204080	4.385304
151	99	1.692208	0.409845	1.418504	3.520557
152	0	1.619609	0.435241	1.670493	3.725343
152	1	1.619609	0.459365	1.909864	3.988838
152	2	1.619609	0.424106	1.560004	3.603718
152	3	1.619609	0.462830	2.050172	4.132610
152	4	1.619609	0.511163	2.423826	4.554598
152	5	1.619609	0.375383	1.076547	3.071538
152	6	1.619609	0.435241	1.670493	3.725343
152	7	1.619609	0.474891	2.116886	4.211386
152	8	1.619609	0.428428	1.602894	3.650931
152	9	1.619609	0.428428	1.602894	3.650931
152	10	1.619609	0.481624	2.130726	4.231958
152	11	1.619609	0.487438	2.188416	4.295463
152	12	1.619609	0.466868	1.984312	4.070788
152	13	1.619609	0.440368	1.721363	3.781340
152	14	1.619609	0.468977	2.058202	4.146788
152	15	1.619609	0.445637	1.773643	3.838888
152	16	1.619609	0.483917	2.153480	4.257006
152	17	1.619609	0.418749	1.506849	3.545206
152	18	1.619609	0.494458	2.258074	4.372141
152	19	1.619609	0.486151	2.175650	4.281410
152	20	1.619609	0.410922	1.429184	3.459714
152	21	1.619609	0.446033	2.042397	4.108039
152	22	1.619609	0.430287	1.621333	3.671228
152	23	1.619609	0.474171	2.056773	4.150552
152	24	1.619609	0.523572	2.546961	4.690142
152	25	1.619609	0.545190	2.761461	4.926260
152	26	1.619609	0.472024	2.035474	4.127107
152	27	1.619609	0.497646	2.289703	4.406957
152	28	1.619609	0.388351	1.205223	3.213182
152	29	1.619609	0.463296	1.948868	4.031773
152	30	1.619609	0.522743	2.538732	4.681083
152	31	1.619609	0.430287	1.621333	3.671228
152	32	1.619609	0.466868	1.984312	4.070788
152	33	1.619609	0.497646	2.289703	4.406957
152	34	1.619609	0.446462	1.781832	3.847903
152	35	1.619609	0.431054	1.893766	3.944429
152	36	1.619609	0.481624	2.130726	4.231958
152	37	1.619609	0.435008	1.668185	3.722802
152	38	1.619609	0.491143	2.225184	4.335936
152	39	1.619609	0.493950	2.253037	4.366596
152	40	1.619609	0.428428	1.602894	3.650931
152	41	1.619609	0.460791	1.924014	4.004413
152	42	1.619609	0.487438	2.188416	4.295463
152	43	1.619609	0.435383	2.042651	4.097643
152	44	1.619609	0.455740	1.873892	3.949240
152	45	1.619609	0.452530	1.842047	3.914186
152	46	1.619609	0.474171	2.056773	4.150552
152	47	1.619609	0.425288	1.571733	3.616629
152	48	1.619609	0.545190	2.761461	4.926260
152	49	1.619609	0.430287	1.621333	3.671228
152	50	1.619609	0.393273	1.254062	3.266943
152	51	1.619609	0.436194	1.679952	3.735755
152	52	1.619609	0.470217	2.017537	4.107363
152	53	1.619609	0.491143	2.225184	4.335936
152	54	1.619609	0.482294	2.137375	4.239278
152	55	1.619609	0.393319	1.254523	3.267451
152	56	1.619609	0.480732	2.121881	4.222222
152	57	1.619609	0.472024	2.035474	4.127107
152	58	1.619609	0.445362	1.770919	3.835890
152	59	1.619609	0.483917	2.153480	4.257006
152	60	1.619609	0.447518	1.792313	3.859440
152	61	1.619609	0.388351	1.205223	3.213182
152	62	1.619609	0.445637	1.773643	3.838888
152	63	1.619609	0.496908	2.335344	4.451860
152	64	1.619609	0.469257	2.008019	4.096884
152	65	1.619609	0.494458	2.258074	4.372141
152	66	1.619609	0.418749	1.506849	3.545206
152	67	1.619609	0.388351	1.205223	3.213182
152	68	1.619609	0.447518	1.792313	3.859440
152	69	1.619609	0.545190	2.761461	4.926260
152	70	1.619609	0.523572	2.546961	4.690142
152	71	1.619609	0.460791	1.924014	4.004413
152	72	1.619609	0.425288	1.571733	3.616629
152	73	1.619609	0.428428	1.602894	3.650931
152	74	1.619609	0.493950	2.253037	4.366596
152	75	1.619609	0.410922	1.429184	3.459714
152	76	1.619609	0.486151	2.175650	4.281410
152	77	1.619609	0.425288	1.571733	3.616629
152	78	1.619609	0.493950	2.253037	4.366596
152	79	1.619609	0.467781	1.993375	4.080765
152	80	1.619609	0.435241	1.670493	3.725343
152	81	1.619609	0.493950	2.253037	4.366596
152	82	1.619609	0.460791	1.924014	4.004413
152	83	1.619609	0.474069	2.055767	4.149444
152	84	1.619609	0.469257	2.008019	4.096884
152	85	1.619609	0.451344	1.830270	3.901222
152	86	1.619609	0.431054	1.893766	3.944429
152	87	1.619609	0.463296	1.948868	4.031773
152	88	1.619609	0.502991	2.342739	4.465338
152	89	1.619609	0.513687	2.448875	4.582171
152	90	1.619609	0.468894	2.004410	4.092912
152	91	1.619609	0.445362	1.770919	3.835890
152	92	1.619609	0.440368	1.721363	3.781340
152	93	1.619609	0.487882	2.192822	4.300313
152	94	1.619609	0.522743	2.538732	4.681083
152	95	1.619609	0.412783	1.447651	3.480043
152	96	1.619609	0.478613	2.259739	4.357961
152	97	1.619609	0.470217	2.017537	4.107363
152	98	1.619609	0.442392	1.741451	3.803452
152	99	1.619609	0.438500	1.702826	3.760934
153	0	1.795994	0.502747	2.340321	4.639061
153	1	1.795994	0.539029	2.700332	5.035355
153	2	1.795994	0.410682	1.426807	3.633483
153	3	1.795994	0.401865	1.339318	3.537176
153	4	1.795994	0.408832	1.408451	3.613277
153	5	1.795994	0.401865	1.339318	3.537176
153	6	1.795994	0.410682	1.426807	3.633483
153	7	1.795994	0.474786	2.062875	4.333654
153	8	1.795994	0.417490	1.494361	3.707845
153	9	1.795994	0.441501	1.785569	4.023064
153	10	1.795994	0.381827	1.140494	3.318315
153	11	1.795994	0.439055	1.708338	3.943387
153	12	1.795994	0.415222	1.471849	3.683065
153	13	1.795994	0.425642	1.575249	3.796885
153	14	1.795994	0.416930	1.488803	3.701727
153	15	1.795994	0.465564	2.077301	4.338859
153	16	1.795994	0.477260	2.087427	4.360681
153	17	1.795994	0.410682	1.426807	3.633483
153	18	1.795994	0.421589	1.852813	4.070396
153	19	1.795994	0.425642	1.575249	3.796885
153	20	1.795994	0.449303	1.810026	4.055323
153	21	1.795994	0.410368	1.423686	3.630048
153	22	1.795994	0.366543	0.988833	3.151369
153	23	1.795994	0.464430	1.960120	4.220544
153	24	1.795994	0.439055	1.708338	3.943387
153	25	1.795994	0.433547	1.653680	3.883220
153	26	1.795994	0.422644	1.545502	3.764141
153	27	1.795994	0.415657	1.476171	3.687821
153	28	1.795994	0.466168	2.189218	4.451379
153	29	1.795994	0.492608	2.239721	4.528323
153	30	1.795994	0.458223	1.898527	4.152743
153	31	1.795994	0.410368	1.423686	3.630048
153	32	1.795994	0.437890	1.696780	3.930664
153	33	1.795994	0.481537	2.129862	4.407392
153	34	1.795994	0.477260	2.087427	4.360681
153	35	1.795994	0.441448	1.732079	3.969520
153	36	1.795994	0.445049	1.767812	4.008855
153	37	1.795994	0.398878	1.309681	3.504553
153	38	1.795994	0.360337	0.927257	3.083587
153	39	1.795994	0.398844	1.309338	3.504176
153	40	1.795994	0.458401	2.218076	4.472471
153	41	1.795994	0.472835	2.043519	4.312348
153	42	1.795994	0.398878	1.309681	3.504553
153	43	1.795994	0.433104	1.649290	3.878388
153	44	1.795994	0.378951	1.111959	3.286904
153	45	1.795994	0.415222	1.471849	3.683065
153	46	1.795994	0.415222	1.471849	3.683065
153	47	1.795994	0.416930	1.488803	3.701727
153	48	1.795994	0.404319	1.363666	3.563978
153	49	1.795994	0.415703	1.953300	4.164997
153	50	1.795994	0.360337	0.927257	3.083587
153	51	1.795994	0.422644	1.545502	3.764141
153	52	1.795994	0.474786	2.062875	4.333654
153	53	1.795994	0.474786	2.062875	4.333654
153	54	1.795994	0.486078	2.174922	4.456993
153	55	1.795994	0.487368	2.187725	4.471087
153	56	1.795994	0.342903	1.548720	3.687616
153	57	1.795994	0.515246	2.464345	4.775585
153	58	1.795994	0.366543	0.988833	3.151369
153	59	1.795994	0.472232	2.037535	4.305760
153	60	1.795994	0.405841	1.378773	3.580608
153	61	1.795994	0.425681	1.787486	4.009160
153	62	1.795994	0.441370	1.731305	3.968669
153	63	1.795994	0.539029	2.700332	5.035355
153	64	1.795994	0.501506	2.328011	4.625511
153	65	1.795994	0.491668	2.230392	4.518054
153	66	1.795994	0.429621	1.614731	3.840346
153	67	1.795994	0.441370	1.731305	3.968669
153	68	1.795994	0.425645	1.575273	3.796912
153	69	1.795994	0.405841	1.378773	3.580608
153	70	1.795994	0.410437	1.424375	3.630806
153	71	1.795994	0.522765	2.538948	4.857707
153	72	1.795994	0.412328	1.443143	3.651466
153	73	1.795994	0.477260	2.087427	4.360681
153	74	1.795994	0.458223	1.898527	4.152743
153	75	1.795994	0.449303	1.810026	4.055323
153	76	1.795994	0.425645	1.575273	3.796912
153	77	1.795994	0.439055	1.708338	3.943387
153	78	1.795994	0.360337	0.927257	3.083587
153	79	1.795994	0.429621	1.614731	3.840346
153	80	1.795994	0.454345	2.071904	4.322242
153	81	1.795994	0.428340	1.602014	3.826348
153	82	1.795994	0.464430	1.960120	4.220544
153	83	1.795994	0.378951	1.111959	3.286904
153	84	1.795994	0.472232	2.037535	4.305760
153	85	1.795994	0.416930	1.488803	3.701727
153	86	1.795994	0.413794	1.457688	3.667476
153	87	1.795994	0.464430	1.960120	4.220544
153	88	1.795994	0.472585	2.041042	4.309622
153	89	1.795994	0.404319	1.363666	3.563978
153	90	1.795994	0.463642	1.952299	4.211935
153	91	1.795994	0.522765	2.538948	4.857707
153	92	1.795994	0.439055	1.708338	3.943387
153	93	1.795994	0.417490	1.494361	3.707845
153	94	1.795994	0.449303	1.810026	4.055323
153	95	1.795994	0.401865	1.339318	3.537176
153	96	1.795994	0.539029	2.700332	5.035355
153	97	1.795994	0.398844	1.309338	3.504176
153	98	1.795994	0.410368	1.423686	3.630048
153	99	1.795994	0.439055	1.708338	3.943387
154	0	1.715735	0.430133	2.096477	4.242345
154	1	1.715735	0.468826	2.003738	4.188299
154	2	1.715735	0.446950	1.786676	3.949361
154	3	1.715735	0.479236	2.107035	4.302006
154	4	1.715735	0.471270	2.027987	4.214992
154	5	1.715735	0.466038	1.976076	4.157850
154	6	1.715735	0.397239	1.293415	3.406389
154	7	1.715735	0.443343	1.750887	3.909966
154	8	1.715735	0.476604	2.080916	4.273255
154	9	1.715735	0.513138	2.443427	4.672301
154	10	1.715735	0.454562	1.862205	4.032502
154	11	1.715735	0.425535	1.574180	3.715450
154	12	1.715735	0.448568	1.802734	3.967038
154	13	1.715735	0.480830	2.122850	4.319416
154	14	1.715735	0.490341	2.217227	4.423304
154	15	1.715735	0.378692	1.109381	3.203808
154	16	1.715735	0.443343	1.750887	3.909966
154	17	1.715735	0.405930	1.379652	3.501317
154	18	1.715735	0.468241	2.050901	4.234878
154	19	1.715735	0.484994	2.164163	4.364892
154	20	1.715735	0.476784	2.082706	4.275225
154	21	1.715735	0.443705	1.754478	3.913919
154	22	1.715735	0.479605	2.110696	4.306036
154	23	1.715735	0.464333	1.959159	4.139227
154	24	1.715735	0.468016	1.995704	4.179455
154	25	1.715735	0.436558	1.683557	3.835850
154	26	1.715735	0.484994	2.164163	4.364892
154	27	1.715735	0.512081	2.591829	4.819646
154	28	1.715735	0.456277	1.879224	4.051236
154	29	1.715735	0.448568	1.802734	3.967038
154	30	1.715735	0.439155	1.709331	3.864221
154	31	1.715735	0.480564	2.120209	4.316508
154	32	1.715735	0.476604	2.080916	4.273255
154	33	1.715735	0.488003	2.194024	4.397762
154	34	1.715735	0.481705	2.131531	4.328971
154	35	1.715735	0.492023	2.233910	4.441668
154	36	1.715735	0.425363	1.572482	3.713581
154	37	1.715735	0.456100	1.877461	4.049296
154	38	1.715735	0.376547	1.088098	3.180380
154	39	1.715735	0.376663	1.089256	3.181654
154	40	1.715735	0.481378	2.393105	4.590218
154	41	1.715735	0.443705	1.754478	3.913919
154	42	1.715735	0.456100	1.877461	4.049296
154	43	1.715735	0.464333	1.959159	4.139227
154	44	1.715735	0.468826	2.003738	4.188299
154	45	1.715735	0.493822	2.251763	4.461320
154	46	1.715735	0.425363	1.572482	3.713581
154	47	1.715735	0.439155	1.709331	3.864221
154	48	1.715735	0.496006	2.273434	4.485175
154	49	1.715735	0.389558	1.746844	3.852138
154	50	1.715735	0.441379	1.943248	4.100362
154	51	1.715735	0.428176	1.600390	3.744302
154	52	1.715735	0.465483	1.970573	4.151792
154	53	1.715735	0.498962	2.302760	4.517457
154	54	1.715735	0.480531	2.119878	4.316144
154	55	1.715735	0.486237	2.176496	4.378468
154	56	1.715735	0.476784	2.082706	4.275225
154	57	1.715735	0.489841	2.265225	4.470801
154	58	1.715735	0.425363	1.572482	3.713581
154	59	1.715735	0.533917	2.649608	4.899261
154	60	1.715735	0.534869	2.659054	4.909658
154	61	1.715735	0.486237	2.176496	4.378468
154	62	1.715735	0.489841	2.265225	4.470801
154	63	1.715735	0.468016	1.995704	4.179455
154	64	1.715735	0.448568	1.802734	3.967038
154	65	1.715735	0.435889	1.676918	3.828542
154	66	1.715735	0.395556	1.276716	3.388007
154	67	1.715735	0.464333	1.959159	4.139227
154	68	1.715735	0.502077	2.333673	4.551485
154	69	1.715735	0.515926	2.471094	4.702756
154	70	1.715735	0.488003	2.194024	4.397762
154	71	1.715735	0.435977	1.677793	3.829505
154	72	1.715735	0.405930	1.379652	3.501317
154	73	1.715735	0.481217	2.444467	4.641419
154	74	1.715735	0.481217	2.444467	4.641419
154	75	1.715735	0.446409	1.781307	3.943451
154	76	1.715735	0.424132	1.560260	3.700127
154	77	1.715735	0.480531	2.119878	4.316144
154	78	1.715735	0.480564	2.120209	4.316508
154	79	1.715735	0.378692	1.109381	3.203808
154	80	1.715735	0.435977	1.677793	3.829505
154	81	1.715735	0.479605	2.110696	4.306036
154	82	1.715735	0.421247	1.531632	3.668614
154	83	1.715735	0.395556	1.276716	3.388007
154	84	1.715735	0.448568	1.802734	3.967038
154	85	1.715735	0.452270	1.839463	4.007469
154	86	1.715735	0.456277	1.879224	4.051236
154	87	1.715735	0.490806	2.221839	4.428380
154	88	1.715735	0.481705	2.131531	4.328971
154	89	1.715735	0.496006	2.273434	4.485175
154	90	1.715735	0.457726	1.893596	4.067057
154	91	1.715735	0.435334	1.671414	3.822483
154	92	1.715735	0.466038	1.976076	4.157850
154	93	1.715735	0.533917	2.649608	4.899261
154	94	1.715735	0.427362	1.592310	3.735407
154	95	1.715735	0.395556	1.276716	3.388007
154	96	1.715735	0.436558	1.683557	3.835850
154	97	1.715735	0.446950	1.786676	3.949361
154	98	1.715735	0.465483	1.970573	4.151792
154	99	1.715735	0.442834	1.745836	3.904406
155	0	1.619704	0.465174	1.967499	4.052376
155	1	1.619704	0.400342	1.324207	3.344252
155	2	1.619704	0.446187	2.096889	4.162780
155	3	1.619704	0.489386	2.207744	4.316833
155	4	1.619704	0.496918	2.282485	4.399106
155	5	1.619704	0.393286	1.254190	3.267179
155	6	1.619704	0.389834	1.219941	3.229478
155	7	1.619704	0.507790	2.390360	4.517854
155	8	1.619704	0.432338	1.641686	3.693727
155	9	1.619704	0.412942	1.449227	3.481872
155	10	1.619704	0.478890	2.103598	4.202191
155	11	1.619704	0.496780	2.281109	4.397592
155	12	1.619704	0.468142	1.996950	4.084796
155	13	1.619704	0.503475	2.347542	4.470720
155	14	1.619704	0.539043	2.700472	4.859219
155	15	1.619704	0.502783	2.340676	4.463163
155	16	1.619704	0.445707	1.774338	3.839749
155	17	1.619704	0.475167	2.066658	4.161529
155	18	1.619704	0.437038	1.688324	3.745066
155	19	1.619704	0.420228	1.521530	3.561462
155	20	1.619704	0.483546	2.149802	4.253052
155	21	1.619704	0.474197	2.057037	4.150938
155	22	1.619704	0.480268	2.170235	4.270207
155	23	1.619704	0.489386	2.207744	4.316833
155	24	1.619704	0.473111	2.046258	4.139073
155	25	1.619704	0.432338	1.641686	3.693727
155	26	1.619704	0.468142	1.996950	4.084796
155	27	1.619704	0.484711	2.161359	4.265773
155	28	1.619704	0.489386	2.207744	4.316833
155	29	1.619704	0.412942	1.449227	3.481872
155	30	1.619704	0.507206	2.384560	4.511470
155	31	1.619704	0.496918	2.282485	4.399106
155	32	1.619704	0.473403	2.049156	4.142263
155	33	1.619704	0.474871	2.063722	4.158297
155	34	1.619704	0.434630	1.664427	3.718760
155	35	1.619704	0.475167	2.066658	4.161529
155	36	1.619704	0.416415	1.483692	3.519811
155	37	1.619704	0.414573	1.465413	3.499690
155	38	1.619704	0.356755	1.633207	3.609665
155	39	1.619704	0.468142	1.996950	4.084796
155	40	1.619704	0.446187	2.096889	4.162780
155	41	1.619704	0.433447	1.652688	3.705838
155	42	1.619704	0.437038	1.688324	3.745066
155	43	1.619704	0.432221	1.640530	3.692455
155	44	1.619704	0.489386	2.207744	4.316833
155	45	1.619704	0.453747	1.854119	3.927569
155	46	1.619704	0.442574	1.743255	3.805533
155	47	1.619704	0.484711	2.161359	4.265773
155	48	1.619704	0.483884	2.206113	4.309701
155	49	1.619704	0.443298	2.015254	4.078255
155	50	1.619704	0.423341	1.552412	3.595456
155	51	1.619704	0.500891	2.321902	4.442496
155	52	1.619704	0.539043	2.700472	4.859219
155	53	1.619704	0.474197	2.057037	4.150938
155	54	1.619704	0.434630	1.664427	3.718760
155	55	1.619704	0.489386	2.207744	4.316833
155	56	1.619704	0.467166	1.987270	4.074139
155	57	1.619704	0.389834	1.219941	3.229478
155	58	1.619704	0.442574	1.743255	3.805533
155	59	1.619704	0.445707	1.774338	3.839749
155	60	1.619704	0.455690	1.873402	3.948796
155	61	1.619704	0.496918	2.282485	4.399106
155	62	1.619704	0.485330	2.167500	4.272533
155	63	1.619704	0.387562	1.197398	3.204664
155	64	1.619704	0.518358	2.495221	4.633283
155	65	1.619704	0.485330	2.167500	4.272533
155	66	1.619704	0.518358	2.495221	4.633283
155	67	1.619704	0.462721	1.943163	4.025587
155	68	1.619704	0.440017	1.717883	3.777604
155	69	1.619704	0.374861	1.071368	3.065932
155	70	1.619704	0.483884	2.206113	4.309701
155	71	1.619704	0.447196	1.789115	3.856015
155	72	1.619704	0.427828	1.967683	4.015215
155	73	1.619704	0.404226	1.945343	3.969272
155	74	1.619704	0.416415	1.483692	3.519811
155	75	1.619704	0.389834	1.219941	3.229478
155	76	1.619704	0.506150	2.374086	4.499939
155	77	1.619704	0.462369	1.939671	4.021743
155	78	1.619704	0.420228	1.521530	3.561462
155	79	1.619704	0.390395	1.225506	3.235605
155	80	1.619704	0.390395	1.225506	3.235605
155	81	1.619704	0.474871	2.063722	4.158297
155	82	1.619704	0.468409	1.999605	4.087718
155	83	1.619704	0.527982	2.590711	4.738396
155	84	1.619704	0.428986	1.608427	3.657116
155	85	1.619704	0.447196	1.789115	3.856015
155	86	1.619704	0.475167	2.066658	4.161529
155	87	1.619704	0.404262	1.363105	3.387071
155	88	1.619704	0.474197	2.057037	4.150938
155	89	1.619704	0.432338	1.641686	3.693727
155	90	1.619704	0.435037	1.668466	3.723206
155	91	1.619704	0.404262	1.363105	3.387071
155	92	1.619704	0.374861	1.071368	3.065932
155	93	1.619704	0.414573	1.465413	3.499690
155	94	1.619704	0.498175	2.347914	4.465793
155	95	1.619704	0.503475	2.347542	4.470720
155	96	1.619704	0.400342	1.324207	3.344252
155	97	1.619704	0.428986	1.608427	3.657116
155	98	1.619704	0.471042	2.025729	4.116475
155	99	1.619704	0.539043	2.700472	4.859219
156	0	1.746406	0.403124	1.775520	3.925049
156	1	1.746406	0.476945	2.084300	4.307650
156	2	1.746406	0.470569	2.021038	4.238013
156	3	1.746406	0.477403	2.088848	4.312657
156	4	1.746406	0.447136	1.788518	3.982060
156	5	1.746406	0.373274	1.744156	3.863836
156	6	1.746406	0.421000	1.529188	3.696594
156	7	1.746406	0.467972	1.995269	4.209647
156	8	1.746406	0.438683	2.075391	4.260479
156	9	1.746406	0.444057	1.757973	3.948436
156	10	1.746406	0.415213	1.471762	3.633380
156	11	1.746406	0.514352	2.455468	4.716225
156	12	1.746406	0.391030	1.231809	3.369244
156	13	1.746406	0.434433	1.662474	3.843312
156	14	1.746406	0.450898	1.825848	4.023152
156	15	1.746406	0.389566	1.217281	3.353252
156	16	1.746406	0.408953	1.409653	3.565012
156	17	1.746406	0.427265	1.591351	3.765022
156	18	1.746406	0.485487	2.169060	4.400953
156	19	1.746406	0.437943	1.697303	3.881651
156	20	1.746406	0.462287	2.150712	4.359405
156	21	1.746406	0.427265	1.591351	3.765022
156	22	1.746406	0.448235	1.799421	3.994062
156	23	1.746406	0.437943	1.697303	3.881651
156	24	1.746406	0.433340	1.651627	3.831372
156	25	1.746406	0.418456	1.503941	3.668802
156	26	1.746406	0.433340	1.651627	3.831372
156	27	1.746406	0.368420	1.007461	3.122286
156	28	1.746406	0.515472	2.466590	4.728468
156	29	1.746406	0.464023	1.956083	4.166512
156	30	1.746406	0.477403	2.088848	4.312657
156	31	1.746406	0.408953	1.409653	3.565012
156	32	1.746406	0.504574	2.358454	4.609434
156	33	1.746406	0.450898	1.825848	4.023152
156	34	1.746406	0.472557	2.093729	4.312692
156	35	1.746406	0.436908	1.687029	3.870343
156	36	1.746406	0.483890	2.153217	4.383513
156	37	1.746406	0.421000	1.529188	3.696594
156	38	1.746406	0.447136	1.788518	3.982060
156	39	1.746406	0.438934	1.707139	3.892478
156	40	1.746406	0.434433	1.662474	3.843312
156	41	1.746406	0.448188	1.798959	3.993552
156	42	1.746406	0.408953	1.409653	3.565012
156	43	1.746406	0.447136	1.788518	3.982060
156	44	1.746406	0.434526	1.663396	3.844328
156	45	1.746406	0.434526	1.663396	3.844328
156	46	1.746406	0.493774	2.410178	4.650357
156	47	1.746406	0.515472	2.466590	4.728468
156	48	1.746406	0.416124	1.480806	3.643336
156	49	1.746406	0.427250	1.591204	3.764860
156	50	1.746406	0.373763	1.060472	3.180640
156	51	1.746406	0.425590	1.574733	3.746729
156	52	1.746406	0.428622	1.604814	3.779842
156	53	1.746406	0.373763	1.060472	3.180640
156	54	1.746406	0.465935	1.975055	4.187396
156	55	1.746406	0.436595	1.683932	3.866934
156	56	1.746406	0.395415	1.275321	3.417142
156	57	1.746406	0.416124	1.480806	3.643336
156	58	1.746406	0.478674	2.207388	4.432468
156	59	1.746406	0.391030	1.231809	3.369244
156	60	1.746406	0.423050	1.549524	3.718980
156	61	1.746406	0.391030	1.231809	3.369244
156	62	1.746406	0.427250	1.591204	3.764860
156	63	1.746406	0.504574	2.358454	4.609434
156	64	1.746406	0.450898	1.825848	4.023152
156	65	1.746406	0.454945	1.866006	4.067357
156	66	1.746406	0.436595	1.683932	3.866934
156	67	1.746406	0.442814	1.745636	3.934856
156	68	1.746406	0.427250	1.591204	3.764860
156	69	1.746406	0.438934	1.707139	3.892478
156	70	1.746406	0.473168	2.046819	4.266392
156	71	1.746406	0.412093	1.440806	3.599305
156	72	1.746406	0.452476	1.841505	4.040386
156	73	1.746406	0.504574	2.358454	4.609434
156	74	1.746406	0.476945	2.084300	4.307650
156	75	1.746406	0.450898	1.825848	4.023152
156	76	1.746406	0.442814	1.745636	3.934856
156	77	1.746406	0.452476	1.841505	4.040386
156	78	1.746406	0.471184	2.238988	4.456577
156	79	1.746406	0.515883	2.470661	4.732949
156	80	1.746406	0.483890	2.153217	4.383513
156	81	1.746406	0.496058	2.273949	4.516413
156	82	1.746406	0.427265	1.591351	3.765022
156	83	1.746406	0.462667	2.207446	4.416518
156	84	1.746406	0.470569	2.021038	4.238013
156	85	1.746406	0.418456	1.503941	3.668802
156	86	1.746406	0.436827	1.686228	3.869460
156	87	1.746406	0.523700	2.548224	4.818329
156	88	1.746406	0.450730	1.824180	4.021315
156	89	1.746406	0.452476	1.841505	4.040386
156	90	1.746406	0.485487	2.169060	4.400953
156	91	1.746406	0.416124	1.480806	3.643336
156	92	1.746406	0.463012	1.946052	4.155469
156	93	1.746406	0.430389	1.622344	3.799138
156	94	1.746406	0.436827	1.686228	3.869460
156	95	1.746406	0.448188	1.798959	3.993552
156	96	1.746406	0.428622	1.604814	3.779842
156	97	1.746406	0.469030	2.164656	4.380092
156	98	1.746406	0.489620	2.210070	4.446095
156	99	1.746406	0.408672	1.406858	3.561935
157	0	1.687653	0.480629	2.120858	4.289141
157	1	1.687653	0.374262	1.065429	3.127345
157	2	1.687653	0.444178	1.759172	3.891003
157	3	1.687653	0.532206	2.738560	4.958420
157	4	1.687653	0.402326	1.343892	3.433871
157	5	1.687653	0.429711	1.615620	3.732985
157	6	1.687653	0.473022	2.045371	4.206046
157	7	1.687653	0.433413	1.652358	3.773424
157	8	1.687653	0.429711	1.615620	3.732985
157	9	1.687653	0.542377	2.733549	4.963579
157	10	1.687653	0.480578	2.120346	4.288577
157	11	1.687653	0.476650	2.081370	4.245673
157	12	1.687653	0.391709	1.238549	3.317912
157	13	1.687653	0.435018	1.668277	3.790948
157	14	1.687653	0.402326	1.343892	3.433871
157	15	1.687653	0.472244	2.037658	4.197556
157	16	1.687653	0.470052	2.015903	4.173608
157	17	1.687653	0.443664	1.754072	3.885390
157	18	1.687653	0.413732	1.457073	3.558459
157	19	1.687653	0.481640	2.130890	4.300183
157	20	1.687653	0.480578	2.120346	4.288577
157	21	1.687653	0.493135	2.244946	4.425734
157	22	1.687653	0.480629	2.120858	4.289141
157	23	1.687653	0.429711	1.615620	3.732985
157	24	1.687653	0.456597	2.200178	4.344428
157	25	1.687653	0.433413	1.652358	3.773424
157	26	1.687653	0.429973	1.618216	3.735842
157	27	1.687653	0.480629	2.120858	4.289141
157	28	1.687653	0.437386	1.691779	3.816819
157	29	1.687653	0.483338	2.147732	4.318723
157	30	1.687653	0.429711	1.615620	3.732985
157	31	1.687653	0.377649	1.099040	3.164343
157	32	1.687653	0.490543	2.219224	4.397420
157	33	1.687653	0.460948	1.925570	4.074172
157	34	1.687653	0.463708	1.952957	4.104318
157	35	1.687653	0.495538	2.268787	4.451978
157	36	1.687653	0.483837	2.152683	4.324173
157	37	1.687653	0.483837	2.152683	4.324173
157	38	1.687653	0.441037	1.728004	3.856694
157	39	1.687653	0.387452	1.196307	3.271413
157	40	1.687653	0.480578	2.120346	4.288577
157	41	1.687653	0.354335	1.609197	3.651185
157	42	1.687653	0.413732	1.457073	3.558459
157	43	1.687653	0.484293	2.157207	4.329152
157	44	1.687653	0.514957	2.567406	4.770017
157	45	1.687653	0.497857	2.291804	4.477315
157	46	1.687653	0.493135	2.244946	4.425734
157	47	1.687653	0.493135	2.244946	4.425734
157	48	1.687653	0.456597	2.200178	4.344428
157	49	1.687653	0.456768	1.884090	4.028511
157	50	1.687653	0.508736	2.399742	4.596131
157	51	1.687653	0.480291	2.117498	4.285442
157	52	1.687653	0.435018	1.668277	3.790948
157	53	1.687653	0.485895	2.173110	4.346659
157	54	1.687653	0.466646	1.982106	4.136405
157	55	1.687653	0.429973	1.618216	3.735842
157	56	1.687653	0.472014	2.247230	4.406898
157	57	1.687653	0.429973	1.618216	3.735842
157	58	1.687653	0.440029	1.718001	3.845684
157	59	1.687653	0.481640	2.130890	4.300183
157	60	1.687653	0.440029	1.718001	3.845684
157	61	1.687653	0.476650	2.081370	4.245673
157	62	1.687653	0.474231	2.216265	4.378150
157	63	1.687653	0.468305	1.998573	4.154531
157	64	1.687653	0.480291	2.117498	4.285442
157	65	1.687653	0.470052	2.015903	4.173608
157	66	1.687653	0.445989	1.777138	3.910780
157	67	1.687653	0.424034	1.559287	3.670974
157	68	1.687653	0.542377	2.733549	4.963579
157	69	1.687653	0.463708	1.952957	4.104318
157	70	1.687653	0.527459	2.585523	4.800635
157	71	1.687653	0.430705	1.625488	3.743846
157	72	1.687653	0.413732	1.457073	3.558459
157	73	1.687653	0.430705	1.625488	3.743846
157	74	1.687653	0.470672	2.022054	4.180379
157	75	1.687653	0.402326	1.343892	3.433871
157	76	1.687653	0.443881	1.756222	3.887757
157	77	1.687653	0.473925	2.054333	4.215912
157	78	1.687653	0.427983	1.598476	3.714112
157	79	1.687653	0.391974	1.241177	3.320805
157	80	1.687653	0.429711	1.615620	3.732985
157	81	1.687653	0.445319	1.770489	3.903461
157	82	1.687653	0.508709	2.399476	4.595838
157	83	1.687653	0.472065	2.035880	4.195598
157	84	1.687653	0.483338	2.147732	4.318723
157	85	1.687653	0.542116	2.730958	4.960728
157	86	1.687653	0.482008	2.134537	4.304198
157	87	1.687653	0.500253	2.315579	4.503485
157	88	1.687653	0.476650	2.081370	4.245673
157	89	1.687653	0.472014	2.247230	4.406898
157	90	1.687653	0.454853	1.865091	4.007597
157	91	1.687653	0.515022	2.462124	4.664799
157	92	1.687653	0.480629	2.120858	4.289141
157	93	1.687653	0.508709	2.399476	4.595838
157	94	1.687653	0.497857	2.291804	4.477315
157	95	1.687653	0.458057	2.002815	4.148526
157	96	1.687653	0.441037	1.728004	3.856694
157	97	1.687653	0.424034	1.559287	3.670974
157	98	1.687653	0.387018	1.774603	3.849274
157	99	1.687653	0.407752	1.397737	3.493142
158	0	1.715881	0.396886	1.289911	3.402678
158	1	1.715881	0.494512	2.258614	4.469007
158	2	1.715881	0.439816	1.715891	3.871588
158	3	1.715881	0.384225	1.164290	3.264396
158	4	1.715881	0.421062	1.529803	3.666746
158	5	1.715881	0.476871	2.083568	4.276320
158	6	1.715881	0.421062	1.529803	3.666746
158	7	1.715881	0.496446	2.277803	4.490131
158	8	1.715881	0.370597	1.029060	3.115538
158	9	1.715881	0.475976	2.074687	4.266544
158	10	1.715881	0.460897	1.925062	4.101840
158	11	1.715881	0.443557	1.753011	3.912450
158	12	1.715881	0.468656	2.002049	4.186585
158	13	1.715881	0.484921	2.163441	4.364243
158	14	1.715881	0.494512	2.258614	4.469007
158	15	1.715881	0.517127	2.483010	4.716019
158	16	1.715881	0.431618	1.634540	3.782039
158	17	1.715881	0.471112	2.026426	4.213419
158	18	1.715881	0.475799	2.072933	4.264613
158	19	1.715881	0.488254	2.196512	4.400646
158	20	1.715881	0.486087	2.175017	4.376985
158	21	1.715881	0.475799	2.072933	4.264613
158	22	1.715881	0.454682	1.863399	4.033963
158	23	1.715881	0.454682	1.863399	4.033963
158	24	1.715881	0.473799	2.053083	4.242763
158	25	1.715881	0.440968	1.727321	3.884171
158	26	1.715881	0.494512	2.258614	4.469007
158	27	1.715881	0.467409	2.201536	4.384826
158	28	1.715881	0.467313	1.988723	4.171917
158	29	1.715881	0.517397	2.485681	4.718959
158	30	1.715881	0.390430	1.861423	3.967734
158	31	1.715881	0.396886	1.289911	3.402678
158	32	1.715881	0.417610	1.495553	3.629044
158	33	1.715881	0.417610	1.495553	3.629044
158	34	1.715881	0.426795	1.586683	3.729358
158	35	1.715881	0.407785	1.398058	3.521724
158	36	1.715881	0.446869	1.997724	4.160473
158	37	1.715881	0.473799	2.053083	4.242763
158	38	1.715881	0.425403	1.996586	4.137871
158	39	1.715881	0.436489	1.682878	3.835248
158	40	1.715881	0.481372	2.128226	4.325478
158	41	1.715881	0.440968	1.727321	3.884171
158	42	1.715881	0.451946	1.836244	4.004071
158	43	1.715881	0.431618	1.634540	3.782039
158	44	1.715881	0.467968	1.995222	4.179071
158	45	1.715881	0.459527	1.911467	4.086874
158	46	1.715881	0.476871	2.083568	4.276320
158	47	1.715881	0.425403	1.996586	4.137871
158	48	1.715881	0.489954	2.213380	4.419215
158	49	1.715881	0.475799	2.072933	4.264613
158	50	1.715881	0.498617	2.299336	4.513834
158	51	1.715881	0.396514	1.286224	3.398619
158	52	1.715881	0.394597	1.267201	3.377678
158	53	1.715881	0.456240	1.878853	4.050974
158	54	1.715881	0.464715	2.280733	4.461329
158	55	1.715881	0.456085	1.877316	4.049282
158	56	1.715881	0.488254	2.196512	4.400646
158	57	1.715881	0.396886	1.289911	3.402678
158	58	1.715881	0.495487	2.268287	4.479655
158	59	1.715881	0.439816	1.715891	3.871588
158	60	1.715881	0.467968	1.995222	4.179071
158	61	1.715881	0.545324	2.762787	5.023992
158	62	1.715881	0.370597	1.029060	3.115538
158	63	1.715881	0.535053	2.660873	4.911806
158	64	1.715881	0.381242	1.770253	3.867376
158	65	1.715881	0.420945	1.528636	3.665462
158	66	1.715881	0.486087	2.175017	4.376985
158	67	1.715881	0.442968	2.011979	4.170828
158	68	1.715881	0.436489	1.682878	3.835248
158	69	1.715881	0.483004	2.144420	4.343305
158	70	1.715881	0.456085	1.877316	4.049282
158	71	1.715881	0.436489	1.682878	3.835248
158	72	1.715881	0.534801	2.658382	4.909064
158	73	1.715881	0.420945	1.528636	3.665462
158	74	1.715881	0.444874	1.766078	3.926833
158	75	1.715881	0.435996	1.677982	3.829859
158	76	1.715881	0.381242	1.770253	3.867376
158	77	1.715881	0.494512	2.258614	4.469007
158	78	1.715881	0.467171	1.987316	4.170368
158	79	1.715881	0.467175	1.987361	4.170418
158	80	1.715881	0.496446	2.277803	4.490131
158	81	1.715881	0.467968	1.995222	4.179071
158	82	1.715881	0.454682	1.863399	4.033963
158	83	1.715881	0.459527	1.911467	4.086874
158	84	1.715881	0.513339	2.445417	4.674637
158	85	1.715881	0.497498	2.288236	4.501614
158	86	1.715881	0.498617	2.299336	4.513834
158	87	1.715881	0.488254	2.196512	4.400646
158	88	1.715881	0.439816	1.715891	3.871588
158	89	1.715881	0.473799	2.053083	4.242763
158	90	1.715881	0.429106	1.609614	3.754601
158	91	1.715881	0.443557	1.753011	3.912450
158	92	1.715881	0.534801	2.658382	4.909064
158	93	1.715881	0.436489	1.682878	3.835248
158	94	1.715881	0.394035	1.261628	3.371545
158	95	1.715881	0.456085	1.877316	4.049282
158	96	1.715881	0.428307	1.601694	3.745883
158	97	1.715881	0.407785	1.398058	3.521724
158	98	1.715881	0.437974	1.697613	3.851468
158	99	1.715881	0.431636	1.634723	3.782240
159	0	1.780512	0.501081	2.323791	4.605384
159	1	1.780512	0.460006	1.916225	4.156743
159	2	1.780512	0.410890	1.428870	3.620272
159	3	1.780512	0.456193	1.878392	4.115097
159	4	1.780512	0.472444	2.039643	4.292600
159	5	1.780512	0.485132	2.165537	4.431181
159	6	1.780512	0.410914	1.429110	3.620536
159	7	1.780512	0.469147	2.006922	4.256580
159	8	1.780512	0.424512	1.564032	3.769056
159	9	1.780512	0.458046	1.896775	4.135332
159	10	1.780512	0.366532	0.988731	3.135776
159	11	1.780512	0.429091	1.609472	3.819075
159	12	1.780512	0.410025	1.420287	3.610824
159	13	1.780512	0.409421	1.414298	3.604232
159	14	1.780512	0.472346	2.038668	4.291526
159	15	1.780512	0.425770	1.576514	3.782796
159	16	1.780512	0.431205	1.630445	3.842162
159	17	1.780512	0.456586	1.882293	4.119391
159	18	1.780512	0.410914	1.429110	3.620536
159	19	1.780512	0.455910	1.875585	4.112007
159	20	1.780512	0.489455	2.208434	4.478401
159	21	1.780512	0.434767	1.665785	3.881063
159	22	1.780512	0.478150	2.096261	4.354923
159	23	1.780512	0.410890	1.428870	3.620272
159	24	1.780512	0.479252	2.107188	4.366951
159	25	1.780512	0.497486	2.288115	4.566112
159	26	1.780512	0.444114	1.864463	4.089089
159	27	1.780512	0.456586	1.882293	4.119391
159	28	1.780512	0.425770	1.576514	3.782796
159	29	1.780512	0.456193	1.878392	4.115097
159	30	1.780512	0.483349	2.147843	4.411704
159	31	1.780512	0.494425	2.257745	4.532682
159	32	1.780512	0.468855	2.004026	4.253393
159	33	1.780512	0.457691	1.893254	4.131457
159	34	1.780512	0.506526	2.377813	4.664851
159	35	1.780512	0.477670	2.144456	4.402638
159	36	1.780512	0.406010	1.380451	3.566973
159	37	1.780512	0.495801	2.324358	4.600670
159	38	1.780512	0.440518	1.722858	3.943889
159	39	1.780512	0.444102	2.023233	4.247847
159	40	1.780512	0.483349	2.147843	4.411704
159	41	1.780512	0.419114	1.510476	3.710102
159	42	1.780512	0.456586	1.882293	4.119391
159	43	1.780512	0.489455	2.208434	4.478401
159	44	1.780512	0.450417	1.821074	4.052002
159	45	1.780512	0.464369	1.959512	4.204392
159	46	1.780512	0.443347	1.750926	3.974785
159	47	1.780512	0.469147	2.006922	4.256580
159	48	1.780512	0.465212	2.020842	4.266566
159	49	1.780512	0.486665	2.180749	4.447926
159	50	1.780512	0.487933	2.193326	4.461771
159	51	1.780512	0.463761	1.953485	4.197758
159	52	1.780512	0.469147	2.006922	4.256580
159	53	1.780512	0.490576	2.219555	4.490643
159	54	1.780512	0.464369	1.959512	4.204392
159	55	1.780512	0.456979	1.886190	4.123682
159	56	1.780512	0.496091	2.433165	4.709767
159	57	1.780512	0.472346	2.038668	4.291526
159	58	1.780512	0.372607	1.049002	3.202121
159	59	1.780512	0.458062	1.896931	4.135505
159	60	1.780512	0.489455	2.208434	4.478401
159	61	1.780512	0.442443	2.059737	4.282692
159	62	1.780512	0.434767	1.665785	3.881063
159	63	1.780512	0.389166	1.213311	3.382988
159	64	1.780512	0.538512	2.695204	5.014228
159	65	1.780512	0.494425	2.257745	4.532682
159	66	1.780512	0.458062	1.896931	4.135505
159	67	1.780512	0.409421	1.414298	3.604232
159	68	1.780512	0.514516	2.457103	4.752131
159	69	1.780512	0.437923	2.014885	4.233319
159	70	1.780512	0.479252	2.107188	4.366951
159	71	1.780512	0.456979	1.886190	4.123682
159	72	1.780512	0.517919	2.490864	4.789294
159	73	1.780512	0.372607	1.049002	3.202121
159	74	1.780512	0.372607	1.049002	3.202121
159	75	1.780512	0.410025	1.420287	3.610824
159	76	1.780512	0.409421	1.414298	3.604232
159	77	1.780512	0.470586	2.021206	4.272304
159	78	1.780512	0.366532	0.988731	3.135776
159	79	1.780512	0.425770	1.576514	3.782796
159	80	1.780512	0.410890	1.428870	3.620272
159	81	1.780512	0.484878	2.163011	4.428401
159	82	1.780512	0.487773	2.191737	4.460022
159	83	1.780512	0.456193	1.878392	4.115097
159	84	1.780512	0.494425	2.257745	4.532682
159	85	1.780512	0.423434	2.082974	4.286920
159	86	1.780512	0.441385	1.731456	3.953353
159	87	1.780512	0.424512	1.564032	3.769056
159	88	1.780512	0.410025	1.420287	3.610824
159	89	1.780512	0.445554	1.772827	3.998893
159	90	1.780512	0.486665	2.180749	4.447926
159	91	1.780512	0.457218	2.259309	4.497039
159	92	1.780512	0.410890	1.428870	3.620272
159	93	1.780512	0.424512	1.564032	3.769056
159	94	1.780512	0.498361	2.296804	4.575677
159	95	1.780512	0.478150	2.096261	4.354923
159	96	1.780512	0.424986	1.568737	3.774235
159	97	1.780512	0.464369	1.959512	4.204392
159	98	1.780512	0.425770	1.576514	3.782796
159	99	1.780512	0.410914	1.429110	3.620536
160	0	1.749296	0.488415	2.198113	4.435824
160	1	1.749296	0.565653	2.964502	5.279451
160	2	1.749296	0.431292	2.055017	4.235606
160	3	1.749296	0.474286	2.057917	4.281499
160	4	1.749296	0.440989	1.727525	3.917810
160	5	1.749296	0.369232	1.015518	3.134046
160	6	1.749296	0.481932	2.133781	4.365009
160	7	1.749296	0.418494	1.504323	3.672113
160	8	1.749296	0.474286	2.057917	4.281499
160	9	1.749296	0.431895	1.637295	3.818487
160	10	1.749296	0.432195	1.640270	3.821762
160	11	1.749296	0.499630	2.309392	4.558319
160	12	1.749296	0.431499	1.633360	3.814155
160	13	1.749296	0.488622	2.200161	4.438079
160	14	1.749296	0.442629	1.743795	3.935720
160	15	1.749296	0.442118	1.738730	3.930144
160	16	1.749296	0.418536	2.034378	4.202211
160	17	1.749296	0.466574	1.981393	4.197263
160	18	1.749296	0.473654	2.051643	4.274593
160	19	1.749296	0.476355	2.078451	4.304103
160	20	1.749296	0.538421	2.694295	4.982012
160	21	1.749296	0.473194	2.047084	4.269574
160	22	1.749296	0.442118	1.738730	3.930144
160	23	1.749296	0.415514	1.474747	3.639556
160	24	1.749296	0.463073	1.946656	4.159026
160	25	1.749296	0.492518	2.238826	4.480640
160	26	1.749296	0.404180	1.362288	3.515764
160	27	1.749296	0.404648	1.949539	4.103483
160	28	1.749296	0.492351	2.396060	4.637708
160	29	1.749296	0.431805	1.636402	3.817503
160	30	1.749296	0.418494	1.504323	3.672113
160	31	1.749296	0.438869	2.236125	4.424290
160	32	1.749296	0.481932	2.133781	4.365009
160	33	1.749296	0.510636	2.418599	4.678532
160	34	1.749296	0.415514	1.474747	3.639556
160	35	1.749296	0.408796	1.408093	3.566186
160	36	1.749296	0.461779	1.933820	4.144896
160	37	1.749296	0.469021	2.111607	4.329924
160	38	1.749296	0.493230	2.245891	4.488418
160	39	1.749296	0.389605	1.217671	3.356572
160	40	1.749296	0.495463	2.268042	4.512801
160	41	1.749296	0.421486	1.534012	3.704795
160	42	1.749296	0.389605	1.217671	3.356572
160	43	1.749296	0.461779	1.933820	4.144896
160	44	1.749296	0.382537	1.147537	3.279371
160	45	1.749296	0.495235	2.265782	4.510313
160	46	1.749296	0.485111	2.165325	4.399732
160	47	1.749296	0.452772	1.844444	4.046512
160	48	1.749296	0.474286	2.057917	4.281499
160	49	1.749296	0.473194	2.047084	4.269574
160	50	1.749296	0.485009	2.164319	4.398624
160	51	1.749296	0.424740	1.566292	3.740327
160	52	1.749296	0.424740	1.566292	3.740327
160	53	1.749296	0.431805	1.636402	3.817503
160	54	1.749296	0.432195	1.640270	3.821762
160	55	1.749296	0.510636	2.418599	4.678532
160	56	1.749296	0.484305	2.263257	4.496859
160	57	1.749296	0.506010	2.372701	4.628008
160	58	1.749296	0.442629	1.743795	3.935720
160	59	1.749296	0.484804	2.162278	4.396377
160	60	1.749296	0.420547	1.524690	3.694533
160	61	1.749296	0.488622	2.200161	4.438079
160	62	1.749296	0.453481	1.851474	4.054251
160	63	1.749296	0.503970	2.405422	4.658688
160	64	1.749296	0.488446	2.198417	4.436159
160	65	1.749296	0.510406	2.416322	4.676024
160	66	1.749296	0.431339	1.631775	3.812411
160	67	1.749296	0.369232	1.015518	3.134046
160	68	1.749296	0.431805	1.636402	3.817503
160	69	1.749296	0.391882	1.240263	3.381441
160	70	1.749296	0.378056	1.103071	3.230423
160	71	1.749296	0.424740	1.566292	3.740327
160	72	1.749296	0.495235	2.265782	4.510313
160	73	1.749296	0.506010	2.372701	4.628008
160	74	1.749296	0.444228	1.759665	3.953189
160	75	1.749296	0.444713	1.764474	3.958482
160	76	1.749296	0.464268	1.958517	4.172082
160	77	1.749296	0.440217	1.719870	3.909383
160	78	1.749296	0.485111	2.165325	4.399732
160	79	1.749296	0.473194	2.047084	4.269574
160	80	1.749296	0.458574	1.902016	4.109886
160	81	1.749296	0.439049	1.708273	3.896618
160	82	1.749296	0.495235	2.265782	4.510313
160	83	1.749296	0.464268	1.958517	4.172082
160	84	1.749296	0.442168	1.739225	3.930690
160	85	1.749296	0.488622	2.200161	4.438079
160	86	1.749296	0.440989	1.727525	3.917810
160	87	1.749296	0.445088	1.768196	3.962580
160	88	1.749296	0.445969	1.776940	3.972205
160	89	1.749296	0.487027	2.184339	4.420662
160	90	1.749296	0.488622	2.200161	4.438079
160	91	1.749296	0.477859	2.093365	4.320520
160	92	1.749296	0.391882	1.240263	3.381441
160	93	1.749296	0.484804	2.162278	4.396377
160	94	1.749296	0.444298	2.025176	4.218770
160	95	1.749296	0.466311	1.978788	4.194396
160	96	1.749296	0.444713	1.764474	3.958482
160	97	1.749296	0.442168	1.739225	3.930690
160	98	1.749296	0.464268	1.958517	4.172082
160	99	1.749296	0.479061	2.105297	4.333654
161	0	1.769888	0.363227	0.955936	3.089051
161	1	1.769888	0.405080	1.371222	3.546190
161	2	1.769888	0.426596	1.584711	3.781195
161	3	1.769888	0.402368	1.344312	3.516568
161	4	1.769888	0.402368	1.344312	3.516568
161	5	1.769888	0.518110	2.492763	4.780762
161	6	1.769888	0.443220	1.749659	3.962767
161	7	1.769888	0.482063	2.135084	4.387035
161	8	1.769888	0.381378	1.136032	3.287298
161	9	1.769888	0.385780	1.179717	3.335386
161	10	1.769888	0.446193	1.779168	3.995250
161	11	1.769888	0.472774	2.042909	4.285571
161	12	1.769888	0.443220	1.749659	3.962767
161	13	1.769888	0.385780	1.179717	3.335386
161	14	1.769888	0.446193	1.779168	3.995250
161	15	1.769888	0.410995	1.747693	3.928576
161	16	1.769888	0.421309	1.532248	3.723444
161	17	1.769888	0.416686	1.486376	3.672950
161	18	1.769888	0.443220	1.749659	3.962767
161	19	1.769888	0.367977	1.003070	3.140935
161	20	1.769888	0.416147	1.481035	3.667070
161	21	1.769888	0.420784	1.527043	3.717715
161	22	1.769888	0.385780	1.179717	3.335386
161	23	1.769888	0.446466	1.781872	3.998226
161	24	1.769888	0.382910	1.151239	3.304038
161	25	1.769888	0.446466	1.781872	3.998226
161	26	1.769888	0.481659	2.131072	4.382619
161	27	1.769888	0.457972	1.896038	4.123898
161	28	1.769888	0.410498	1.424985	3.605371
161	29	1.769888	0.452890	1.845616	4.068394
161	30	1.769888	0.488414	2.198101	4.456403
161	31	1.769888	0.367977	1.003070	3.140935
161	32	1.769888	0.504641	2.412076	4.686605
161	33	1.769888	0.480125	2.115849	4.365862
161	34	1.769888	0.410498	1.424985	3.605371
161	35	1.769888	0.494917	2.262627	4.527432
161	36	1.769888	0.441035	1.727980	3.938902
161	37	1.769888	0.462533	1.941297	4.173718
161	38	1.769888	0.363227	0.955936	3.089051
161	39	1.769888	0.381378	1.136032	3.287298
161	40	1.769888	0.418864	1.507996	3.696749
161	41	1.769888	0.462873	1.944674	4.177435
161	42	1.769888	0.382910	1.151239	3.304038
161	43	1.769888	0.512834	2.493372	4.776094
161	44	1.769888	0.418637	2.035374	4.223899
161	45	1.769888	0.431321	1.631598	3.832807
161	46	1.769888	0.462873	1.944674	4.177435
161	47	1.769888	0.421309	1.532248	3.723444
161	48	1.769888	0.419546	1.832539	4.021973
161	49	1.769888	0.477606	2.090863	4.338357
161	50	1.769888	0.442574	1.743253	3.955715
161	51	1.769888	0.495072	2.264168	4.529129
161	52	1.769888	0.450167	1.818596	4.038652
161	53	1.769888	0.500069	2.313744	4.583701
161	54	1.769888	0.412149	1.441362	3.623399
161	55	1.769888	0.421481	1.533964	3.725333
161	56	1.769888	0.440129	1.718990	3.929007
161	57	1.769888	0.382910	1.151239	3.304038
161	58	1.769888	0.418864	1.507996	3.696749
161	59	1.769888	0.421481	1.533964	3.725333
161	60	1.769888	0.405080	1.371222	3.546190
161	61	1.769888	0.400254	1.323330	3.493472
161	62	1.769888	0.367977	1.003070	3.140935
161	63	1.769888	0.449069	1.807701	4.026658
161	64	1.769888	0.431321	1.631598	3.832807
161	65	1.769888	0.519625	2.507789	4.797302
161	66	1.769888	0.332602	1.499478	3.601969
161	67	1.769888	0.508762	2.400006	4.678656
161	68	1.769888	0.411033	1.430293	3.611215
161	69	1.769888	0.466335	1.979021	4.215244
161	70	1.769888	0.489402	2.207903	4.467194
161	71	1.769888	0.421309	1.532248	3.723444
161	72	1.769888	0.454723	1.863802	4.088414
161	73	1.769888	0.429962	1.618108	3.817958
161	74	1.769888	0.418864	1.507996	3.696749
161	75	1.769888	0.426596	1.584711	3.781195
161	76	1.769888	0.458055	1.896865	4.124808
161	77	1.769888	0.458072	1.897030	4.124990
161	78	1.769888	0.420784	1.527043	3.717715
161	79	1.769888	0.424326	1.562187	3.756401
161	80	1.769888	0.418864	1.507996	3.696749
161	81	1.769888	0.425550	1.574332	3.769770
161	82	1.769888	0.465110	1.966864	4.201862
161	83	1.769888	0.458618	1.902447	4.130953
161	84	1.769888	0.425550	1.574332	3.769770
161	85	1.769888	0.449697	1.972827	4.192413
161	86	1.769888	0.442109	1.738640	3.950637
161	87	1.769888	0.388213	1.680534	3.838636
161	88	1.769888	0.408031	1.400498	3.578417
161	89	1.769888	0.500069	2.313744	4.583701
161	90	1.769888	0.421481	1.533964	3.725333
161	91	1.769888	0.431873	1.637072	3.838834
161	92	1.769888	0.408031	1.400498	3.578417
161	93	1.769888	0.466475	1.980414	4.216778
161	94	1.769888	0.442109	1.738640	3.950637
161	95	1.769888	0.504641	2.412076	4.686605
161	96	1.769888	0.421481	1.533964	3.725333
161	97	1.769888	0.457989	2.213989	4.441865
161	98	1.769888	0.428894	1.607513	3.806296
161	99	1.769888	0.429962	1.618108	3.817958
162	0	1.722980	0.475842	2.073358	4.272180
162	1	1.722980	0.500552	2.318541	4.542073
162	2	1.722980	0.430337	1.621833	3.775150
162	3	1.722980	0.460645	1.922562	4.106187
162	4	1.722980	0.422459	1.543659	3.689097
162	5	1.722980	0.459594	1.912133	4.094706
162	6	1.722980	0.456459	1.881032	4.060471
162	7	1.722980	0.431265	1.631042	3.785286
162	8	1.722980	0.448145	2.116319	4.287444
162	9	1.722980	0.452016	1.836947	4.011943
162	10	1.722980	0.508049	2.392928	4.623956
162	11	1.722980	0.460952	1.925611	4.109543
162	12	1.722980	0.456957	1.885970	4.065907
162	13	1.722980	0.419620	1.515495	3.658095
162	14	1.722980	0.379606	1.118458	3.221044
162	15	1.722980	0.369458	1.017762	3.110200
162	16	1.722980	0.476154	2.076448	4.275581
162	17	1.722980	0.516789	2.479649	4.719417
162	18	1.722980	0.461781	1.933834	4.118595
162	19	1.722980	0.437437	1.692281	3.852697
162	20	1.722980	0.432734	1.645621	3.801335
162	21	1.722980	0.497406	2.287325	4.507711
162	22	1.722980	0.454444	1.861031	4.038454
162	23	1.722980	0.470361	2.018971	4.212311
162	24	1.722980	0.414767	1.467339	3.605086
162	25	1.722980	0.461441	1.930458	4.114878
162	26	1.722980	0.470361	2.018971	4.212311
162	27	1.722980	0.422322	1.542304	3.687605
162	28	1.722980	0.414767	1.467339	3.605086
162	29	1.722980	0.424847	1.567354	3.715180
162	30	1.722980	0.470407	2.019430	4.212817
162	31	1.722980	0.401466	1.335362	3.459808
162	32	1.722980	0.430337	1.621833	3.775150
162	33	1.722980	0.423130	1.550325	3.696435
162	34	1.722980	0.455111	1.867649	4.045739
162	35	1.722980	0.454444	1.861031	4.038454
162	36	1.722980	0.459040	1.906636	4.088655
162	37	1.722980	0.495288	2.266311	4.484579
162	38	1.722980	0.420059	1.519853	3.662892
162	39	1.722980	0.440045	1.718158	3.881182
162	40	1.722980	0.518990	2.501488	4.743458
162	41	1.722980	0.470361	2.018971	4.212311
162	42	1.722980	0.375142	1.074158	3.172279
162	43	1.722980	0.470079	2.016174	4.209233
162	44	1.722980	0.460952	1.925611	4.109543
162	45	1.722980	0.460952	1.925611	4.109543
162	46	1.722980	0.493287	2.246452	4.462719
162	47	1.722980	0.480003	2.114644	4.317626
162	48	1.722980	0.455111	1.867649	4.045739
162	49	1.722980	0.470361	2.018971	4.212311
162	50	1.722980	0.440045	1.718158	3.881182
162	51	1.722980	0.450051	1.817442	3.990472
162	52	1.722980	0.469689	2.065263	4.257932
162	53	1.722980	0.476154	2.076448	4.275581
162	54	1.722980	0.459040	1.906636	4.088655
162	55	1.722980	0.437437	1.692281	3.852697
162	56	1.722980	0.456459	1.881032	4.060471
162	57	1.722980	0.519301	2.504578	4.746859
162	58	1.722980	0.454444	1.861031	4.038454
162	59	1.722980	0.428714	1.605728	3.757422
162	60	1.722980	0.419620	1.515495	3.658095
162	61	1.722980	0.414767	1.467339	3.605086
162	62	1.722980	0.375142	1.074158	3.172279
162	63	1.722980	0.481844	2.238837	4.443661
162	64	1.722980	0.452593	1.842670	4.018243
162	65	1.722980	0.496821	2.281525	4.501326
162	66	1.722980	0.483813	2.311335	4.518128
162	67	1.722980	0.424970	1.568583	3.716533
162	68	1.722980	0.437070	1.688642	3.848692
162	69	1.722980	0.448145	2.116319	4.287444
162	70	1.722980	0.454444	1.861031	4.038454
162	71	1.722980	0.415333	1.472951	3.611263
162	72	1.722980	0.461441	1.930458	4.114878
162	73	1.722980	0.475842	2.073358	4.272180
162	74	1.722980	0.461781	1.933834	4.118595
162	75	1.722980	0.437856	1.696441	3.857276
162	76	1.722980	0.454444	1.861031	4.038454
162	77	1.722980	0.437070	1.688642	3.848692
162	78	1.722980	0.452593	1.842670	4.018243
162	79	1.722980	0.437070	1.688642	3.848692
162	80	1.722980	0.420059	1.519853	3.662892
162	81	1.722980	0.551501	2.877051	5.151532
162	82	1.722980	0.480984	2.124375	4.328338
162	83	1.722980	0.490402	2.429683	4.643064
162	84	1.722980	0.460891	1.925007	4.108878
162	85	1.722980	0.480003	2.114644	4.317626
162	86	1.722980	0.433875	1.656940	3.813795
162	87	1.722980	0.431706	2.006159	4.160845
162	88	1.722980	0.391071	1.232218	3.346269
162	89	1.722980	0.417960	1.499019	3.639959
162	90	1.722980	0.480984	2.124375	4.328338
162	91	1.722980	0.456821	1.990544	4.170344
162	92	1.722980	0.466513	1.980784	4.170277
162	93	1.722980	0.470186	2.123160	4.316325
162	94	1.722980	0.500552	2.318541	4.542073
162	95	1.722980	0.430337	1.621833	3.775150
162	96	1.722980	0.391071	1.232218	3.346269
162	97	1.722980	0.500552	2.318541	4.542073
162	98	1.722980	0.470079	2.016174	4.209233
162	99	1.722980	0.437856	1.696441	3.857276
163	0	1.646228	0.441678	1.734367	3.822273
163	1	1.646228	0.474796	2.062982	4.184006
163	2	1.646228	0.490597	2.219758	4.356583
163	3	1.646228	0.434543	1.663572	3.744343
163	4	1.646228	0.461200	1.928069	4.035497
163	5	1.646228	0.416329	1.482840	3.545397
163	6	1.646228	0.411698	1.436890	3.494816
163	7	1.646228	0.436627	1.684244	3.767098
163	8	1.646228	0.416329	1.482840	3.545397
163	9	1.646228	0.476649	2.081362	4.204238
163	10	1.646228	0.461200	1.928069	4.035497
163	11	1.646228	0.494299	2.256492	4.397018
163	12	1.646228	0.476448	2.079372	4.202048
163	13	1.646228	0.484585	2.160107	4.290920
163	14	1.646228	0.487505	2.189078	4.322810
163	15	1.646228	0.455281	1.869339	3.970847
163	16	1.646228	0.463202	1.947931	4.057360
163	17	1.646228	0.460001	1.916171	4.022399
163	18	1.646228	0.451836	1.835156	3.933219
163	19	1.646228	0.415370	1.473326	3.534924
163	20	1.646228	0.484700	2.214211	4.345138
163	21	1.646228	0.540722	2.717128	4.904078
163	22	1.646228	0.468889	2.004363	4.119479
163	23	1.646228	0.506016	2.478683	4.630927
163	24	1.646228	0.484585	2.160107	4.290920
163	25	1.646228	0.463231	1.948223	4.057681
163	26	1.646228	0.441436	1.731962	3.819625
163	27	1.646228	0.474947	2.064478	4.185653
163	28	1.646228	0.502956	2.342392	4.491575
163	29	1.646228	0.426428	1.583048	3.655703
163	30	1.646228	0.415129	1.470931	3.532288
163	31	1.646228	0.426428	1.583048	3.655703
163	32	1.646228	0.418988	1.509227	3.574443
163	33	1.646228	0.490597	2.219758	4.356583
163	34	1.646228	0.440957	1.727207	3.814392
163	35	1.646228	0.502956	2.342392	4.491575
163	36	1.646228	0.493176	2.245351	4.384754
163	37	1.646228	0.455474	2.083106	4.184808
163	38	1.646228	0.540722	2.717128	4.904078
163	39	1.646228	0.415370	1.473326	3.534924
163	40	1.646228	0.470838	2.023706	4.140772
163	41	1.646228	0.452583	1.842565	3.941375
163	42	1.646228	0.520293	2.514417	4.680937
163	43	1.646228	0.421692	1.853836	3.921755
163	44	1.646228	0.415370	1.473326	3.534924
163	45	1.646228	0.434165	1.977602	4.057995
163	46	1.646228	0.436627	1.684244	3.767098
163	47	1.646228	0.393176	1.253099	3.292502
163	48	1.646228	0.420298	1.522220	3.588746
163	49	1.646228	0.480959	2.124133	4.251320
163	50	1.646228	0.468096	1.996498	4.110822
163	51	1.646228	0.411698	1.436890	3.494816
163	52	1.646228	0.424694	1.989547	4.060469
163	53	1.646228	0.506679	2.432301	4.585208
163	54	1.646228	0.416352	1.483066	3.545645
163	55	1.646228	0.416329	1.482840	3.545397
163	56	1.646228	0.420298	1.522220	3.588746
163	57	1.646228	0.474947	2.064478	4.185653
163	58	1.646228	0.477116	2.086002	4.209346
163	59	1.646228	0.431204	1.630438	3.707870
163	60	1.646228	0.440957	1.727207	3.814392
163	61	1.646228	0.418988	1.509227	3.574443
163	62	1.646228	0.414357	1.463269	3.523853
163	63	1.646228	0.482421	2.138633	4.267281
163	64	1.646228	0.415129	1.470931	3.532288
163	65	1.646228	0.487297	2.187018	4.320543
163	66	1.646228	0.417166	1.491144	3.554538
163	67	1.646228	0.507778	2.390240	4.544245
163	68	1.646228	0.481152	2.390860	4.518239
163	69	1.646228	0.476448	2.079372	4.202048
163	70	1.646228	0.466172	1.977407	4.089807
163	71	1.646228	0.396650	1.287574	3.330451
163	72	1.646228	0.477116	2.086002	4.209346
163	73	1.646228	0.482421	2.138633	4.267281
163	74	1.646228	0.515719	2.469039	4.630986
163	75	1.646228	0.487297	2.187018	4.320543
163	76	1.646228	0.441678	1.734367	3.822273
163	77	1.646228	0.466916	1.984788	4.097931
163	78	1.646228	0.502956	2.342392	4.491575
163	79	1.646228	0.470838	2.023706	4.140772
163	80	1.646228	0.486763	2.181720	4.314711
163	81	1.646228	0.485985	2.385851	4.518063
163	82	1.646228	0.487297	2.187018	4.320543
163	83	1.646228	0.547288	2.782283	4.975799
163	84	1.646228	0.490597	2.219758	4.356583
163	85	1.646228	0.411698	1.436890	3.494816
163	86	1.646228	0.485985	2.385851	4.518063
163	87	1.646228	0.460001	1.916171	4.022399
163	88	1.646228	0.490597	2.219758	4.356583
163	89	1.646228	0.476448	2.079372	4.202048
163	90	1.646228	0.441436	1.731962	3.819625
163	91	1.646228	0.470838	2.023706	4.140772
163	92	1.646228	0.474513	2.060167	4.180907
163	93	1.646228	0.434543	1.663572	3.744343
163	94	1.646228	0.441678	1.734367	3.822273
163	95	1.646228	0.463231	1.948223	4.057681
163	96	1.646228	0.502956	2.342392	4.491575
163	97	1.646228	0.493176	2.245351	4.384754
163	98	1.646228	0.417166	1.491144	3.554538
163	99	1.646228	0.494299	2.256492	4.397018
164	0	1.708702	0.529004	2.600855	4.838561
164	1	1.708702	0.426558	1.584337	3.719598
164	2	1.708702	0.451035	1.827206	3.986943
164	3	1.708702	0.469447	2.009899	4.188048
164	4	1.708702	0.422938	1.548417	3.680057
164	5	1.708702	0.385903	1.180934	3.275539
164	6	1.708702	0.385903	1.180934	3.275539
164	7	1.708702	0.502508	2.337948	4.549158
164	8	1.708702	0.421715	1.536281	3.666698
164	9	1.708702	0.414829	1.467956	3.591487
164	10	1.708702	0.448759	1.804624	3.962085
164	11	1.708702	0.414999	1.469639	3.593340
164	12	1.708702	0.404141	1.361907	3.474751
164	13	1.708702	0.413603	1.455794	3.578100
164	14	1.708702	0.465231	2.179920	4.353853
164	15	1.708702	0.414999	1.469639	3.593340
164	16	1.708702	0.426307	1.581843	3.716852
164	17	1.708702	0.446539	1.782593	3.937834
164	18	1.708702	0.488740	2.360229	4.557672
164	19	1.708702	0.408729	1.407431	3.524863
164	20	1.708702	0.419619	1.515486	3.643808
164	21	1.708702	0.448759	1.804624	3.962085
164	22	1.708702	0.488740	2.360229	4.557672
164	23	1.708702	0.419619	1.515486	3.643808
164	24	1.708702	0.515127	2.516122	4.739951
164	25	1.708702	0.379512	1.117517	3.205731
164	26	1.708702	0.403998	1.360485	3.473186
164	27	1.708702	0.414156	1.461281	3.584140
164	28	1.708702	0.426558	1.584337	3.719598
164	29	1.708702	0.476997	2.084815	4.270515
164	30	1.708702	0.476997	2.084815	4.270515
164	31	1.708702	0.417880	1.498231	3.624813
164	32	1.708702	0.409886	1.418904	3.537492
164	33	1.708702	0.519898	2.510504	4.739105
164	34	1.708702	0.490869	2.222463	4.422034
164	35	1.708702	0.413960	1.459330	3.581992
164	36	1.708702	0.460089	1.917044	4.085836
164	37	1.708702	0.508073	2.393168	4.609944
164	38	1.708702	0.367024	0.993605	3.069331
164	39	1.708702	0.367024	0.993605	3.069331
164	40	1.708702	0.413960	1.459330	3.581992
164	41	1.708702	0.447268	1.789833	3.945804
164	42	1.708702	0.489589	2.262721	4.461012
164	43	1.708702	0.404141	1.361907	3.474751
164	44	1.708702	0.381672	1.138958	3.229333
164	45	1.708702	0.460460	1.920724	4.089886
164	46	1.708702	0.460460	1.920724	4.089886
164	47	1.708702	0.421715	1.536281	3.666698
164	48	1.708702	0.426307	1.581843	3.716852
164	49	1.708702	0.458215	2.057341	4.224258
164	50	1.708702	0.421715	1.536281	3.666698
164	51	1.708702	0.452370	1.840453	4.001525
164	52	1.708702	0.446539	1.782593	3.937834
164	53	1.708702	0.511014	2.422348	4.642064
164	54	1.708702	0.441012	1.727759	3.877474
164	55	1.708702	0.488296	2.196928	4.393926
164	56	1.708702	0.443899	1.756401	3.909002
164	57	1.708702	0.476997	2.084815	4.270515
164	58	1.708702	0.528674	2.597584	4.834960
164	59	1.708702	0.413603	1.455794	3.578100
164	60	1.708702	0.414999	1.469639	3.593340
164	61	1.708702	0.454268	1.859289	4.022259
164	62	1.708702	0.464465	1.960473	4.133640
164	63	1.708702	0.443899	1.756401	3.909002
164	64	1.708702	0.474998	2.064985	4.248685
164	65	1.708702	0.441012	1.727759	3.877474
164	66	1.708702	0.444377	1.761143	3.914222
164	67	1.708702	0.408729	1.407431	3.524863
164	68	1.708702	0.449108	1.808086	3.965896
164	69	1.708702	0.432397	1.642276	3.783376
164	70	1.708702	0.403998	1.360485	3.473186
164	71	1.708702	0.467255	1.988148	4.164105
164	72	1.708702	0.485503	2.222184	4.416389
164	73	1.708702	0.450670	1.823585	3.982957
164	74	1.708702	0.421715	1.536281	3.666698
164	75	1.708702	0.444377	1.761143	3.914222
164	76	1.708702	0.381672	1.138958	3.229333
164	77	1.708702	0.409851	1.418561	3.537115
164	78	1.708702	0.448759	1.804624	3.962085
164	79	1.708702	0.451035	1.827206	3.986943
164	80	1.708702	0.479681	2.217380	4.405764
164	81	1.708702	0.381672	1.138958	3.229333
164	82	1.708702	0.451035	1.827206	3.986943
164	83	1.708702	0.488296	2.196928	4.393926
164	84	1.708702	0.482716	2.141566	4.332985
164	85	1.708702	0.502171	2.334608	4.545482
164	86	1.708702	0.480799	2.122546	4.312048
164	87	1.708702	0.469447	2.009899	4.188048
164	88	1.708702	0.446539	1.782593	3.937834
164	89	1.708702	0.367024	0.993605	3.069331
164	90	1.708702	0.442173	1.951131	4.102007
164	91	1.708702	0.442212	1.739663	3.890577
164	92	1.708702	0.451035	1.827206	3.986943
164	93	1.708702	0.424903	1.567912	3.701517
164	94	1.708702	0.424903	1.567912	3.701517
164	95	1.708702	0.460089	1.917044	4.085836
164	96	1.708702	0.435670	1.674748	3.819121
164	97	1.708702	0.414829	1.467956	3.591487
164	98	1.708702	0.333238	1.505786	3.547727
164	99	1.708702	0.410475	1.424754	3.543932
165	0	1.779046	0.434293	1.661088	3.874427
165	1	1.779046	0.445340	1.770703	3.995088
165	2	1.779046	0.485439	2.168587	4.433072
165	3	1.779046	0.509757	2.515807	4.804610
165	4	1.779046	0.428687	1.605457	3.813189
165	5	1.779046	0.486129	2.175426	4.440600
165	6	1.779046	0.406060	1.380943	3.566049
165	7	1.779046	0.486129	2.175426	4.440600
165	8	1.779046	0.459826	1.914440	4.153312
165	9	1.779046	0.469340	2.008836	4.257221
165	10	1.779046	0.451797	1.834774	4.065617
165	11	1.779046	0.454495	1.861544	4.095085
165	12	1.779046	0.406060	1.380943	3.566049
165	13	1.779046	0.462443	1.940403	4.181891
165	14	1.779046	0.417443	1.493891	3.690379
165	15	1.779046	0.440880	1.726443	3.946368
165	16	1.779046	0.424902	1.567906	3.771854
165	17	1.779046	0.459023	1.906474	4.144543
165	18	1.779046	0.428687	1.605457	3.813189
165	19	1.779046	0.489792	2.211774	4.480612
165	20	1.779046	0.432484	1.643134	3.854664
165	21	1.779046	0.432264	1.640957	3.852267
165	22	1.779046	0.385600	1.177929	3.342575
165	23	1.779046	0.461574	1.931779	4.172398
165	24	1.779046	0.385600	1.177929	3.342575
165	25	1.779046	0.432484	1.643134	3.854664
165	26	1.779046	0.495553	2.268935	4.543534
165	27	1.779046	0.502167	2.334566	4.615778
165	28	1.779046	0.472085	2.036078	4.287208
165	29	1.779046	0.445340	1.770703	3.995088
165	30	1.779046	0.448172	1.798805	4.026023
165	31	1.779046	0.463298	1.948888	4.191231
165	32	1.779046	0.363488	0.958528	3.101062
165	33	1.779046	0.388063	1.202366	3.369475
165	34	1.779046	0.406060	1.380943	3.566049
165	35	1.779046	0.461447	2.248309	4.488802
165	36	1.779046	0.509757	2.515807	4.804610
165	37	1.779046	0.486129	2.175426	4.440600
165	38	1.779046	0.463060	1.946524	4.188629
165	39	1.779046	0.472581	2.041003	4.292630
165	40	1.779046	0.481571	2.289092	4.549709
165	41	1.779046	0.467079	1.986402	4.232526
165	42	1.779046	0.423235	1.551367	3.753648
165	43	1.779046	0.445340	1.770703	3.995088
165	44	1.779046	0.509757	2.515807	4.804610
165	45	1.779046	0.476999	2.084837	4.340881
165	46	1.779046	0.463298	1.948888	4.191231
165	47	1.779046	0.424761	1.566508	3.770315
165	48	1.779046	0.469340	2.008836	4.257221
165	49	1.779046	0.446822	1.785404	4.011272
165	50	1.779046	0.460147	1.917619	4.156811
165	51	1.779046	0.426633	1.585081	3.790760
165	52	1.779046	0.450232	1.819242	4.048520
165	53	1.779046	0.475837	2.073305	4.328188
165	54	1.779046	0.463060	1.946524	4.188629
165	55	1.779046	0.448172	1.798805	4.026023
165	56	1.779046	0.447930	1.796397	4.023372
165	57	1.779046	0.410953	1.429499	3.619498
165	58	1.779046	0.427692	1.595589	3.802326
165	59	1.779046	0.433093	1.649175	3.861314
165	60	1.779046	0.415128	1.470925	3.665099
165	61	1.779046	0.495553	2.268935	4.543534
165	62	1.779046	0.450232	1.819242	4.048520
165	63	1.779046	0.463060	1.946524	4.188629
165	64	1.779046	0.487345	2.187499	4.453890
165	65	1.779046	0.476999	2.084837	4.340881
165	66	1.779046	0.410953	1.429499	3.619498
165	67	1.779046	0.469340	2.008836	4.257221
165	68	1.779046	0.506614	2.378696	4.664356
165	69	1.779046	0.462443	1.940403	4.181891
165	70	1.779046	0.459826	1.914440	4.153312
165	71	1.779046	0.462443	1.940403	4.181891
165	72	1.779046	0.426858	1.587309	3.793212
165	73	1.779046	0.416711	1.486626	3.682383
165	74	1.779046	0.481177	2.126290	4.386513
165	75	1.779046	0.448186	1.798944	4.026176
165	76	1.779046	0.423235	1.551367	3.753648
165	77	1.779046	0.419507	1.673262	3.871814
165	78	1.779046	0.442593	1.743447	3.965086
165	79	1.779046	0.411935	1.439242	3.630223
165	80	1.779046	0.463215	2.265849	4.508110
165	81	1.779046	0.424902	1.567906	3.771854
165	82	1.779046	0.414654	1.466215	3.659914
165	83	1.779046	0.448186	1.798944	4.026176
165	84	1.779046	0.509757	2.515807	4.804610
165	85	1.779046	0.432264	1.640957	3.852267
165	86	1.779046	0.495343	2.266856	4.541244
165	87	1.779046	0.406060	1.380943	3.566049
165	88	1.779046	0.327208	1.445953	3.552206
165	89	1.779046	0.457058	1.886971	4.123075
165	90	1.779046	0.416711	1.486626	3.682383
165	91	1.779046	0.423235	1.551367	3.753648
165	92	1.779046	0.426633	1.585081	3.790760
165	93	1.779046	0.487345	2.187499	4.453890
165	94	1.779046	0.459826	1.914440	4.153312
165	95	1.779046	0.368400	1.536899	3.684345
165	96	1.779046	0.456016	1.876636	4.111698
165	97	1.779046	0.363488	0.958528	3.101062
165	98	1.779046	0.467079	1.986402	4.232526
165	99	1.779046	0.495343	2.266856	4.541244
166	0	1.814437	0.490515	2.218948	4.523900
166	1	1.814437	0.484681	2.161062	4.460180
166	2	1.814437	0.482219	2.136634	4.433290
166	3	1.814437	0.426267	1.581448	3.822153
166	4	1.814437	0.449952	1.816466	4.080856
166	5	1.814437	0.474755	2.062573	4.351765
166	6	1.814437	0.474755	2.062573	4.351765
166	7	1.814437	0.467814	1.993700	4.275951
166	8	1.814437	0.393977	1.261048	3.469462
166	9	1.814437	0.417716	1.496597	3.728750
166	10	1.814437	0.507548	2.387955	4.709939
166	11	1.814437	0.411895	1.438839	3.665171
166	12	1.814437	0.362155	0.945301	3.121894
166	13	1.814437	0.467338	1.988979	4.270755
166	14	1.814437	0.472567	2.040856	4.327860
166	15	1.814437	0.404648	1.366937	3.586022
166	16	1.814437	0.482667	2.247009	4.544113
166	17	1.814437	0.426267	1.581448	3.822153
166	18	1.814437	0.443737	1.754792	4.012966
166	19	1.814437	0.439771	1.715438	3.969646
166	20	1.814437	0.424827	1.567161	3.806426
166	21	1.814437	0.471387	2.241007	4.526831
166	22	1.814437	0.430064	1.619120	3.863621
166	23	1.814437	0.469403	2.115388	4.399227
166	24	1.814437	0.404648	1.366937	3.586022
166	25	1.814437	0.415348	1.473108	3.702893
166	26	1.814437	0.424827	1.567161	3.806426
166	27	1.814437	0.507548	2.387955	4.709939
166	28	1.814437	0.451463	1.831455	4.097355
166	29	1.814437	0.484555	2.318705	4.617698
166	30	1.814437	0.418319	1.502589	3.735345
166	31	1.814437	0.406535	1.385658	3.606630
166	32	1.814437	0.466162	1.977311	4.257910
166	33	1.814437	0.426267	1.581448	3.822153
166	34	1.814437	0.404100	1.361497	3.580034
166	35	1.814437	0.471387	2.241007	4.526831
166	36	1.814437	0.477998	2.094748	4.387184
166	37	1.814437	0.449952	1.816466	4.080856
166	38	1.814437	0.466162	1.977311	4.257910
166	39	1.814437	0.362155	0.945301	3.121894
166	40	1.814437	0.445102	1.768341	4.027880
166	41	1.814437	0.415348	1.473108	3.702893
166	42	1.814437	0.490515	2.218948	4.523900
166	43	1.814437	0.457695	1.893290	4.165422
166	44	1.814437	0.457695	1.893290	4.165422
166	45	1.814437	0.455800	1.874487	4.144724
166	46	1.814437	0.386356	1.185435	3.386228
166	47	1.814437	0.471905	2.034289	4.320631
166	48	1.814437	0.449952	1.816466	4.080856
166	49	1.814437	0.417716	1.496597	3.728750
166	50	1.814437	0.482219	2.136634	4.433290
166	51	1.814437	0.404100	1.361497	3.580034
166	52	1.814437	0.383885	1.160917	3.359239
166	53	1.814437	0.480527	2.119847	4.414811
166	54	1.814437	0.490515	2.218948	4.523900
166	55	1.814437	0.443410	1.751549	4.009396
166	56	1.814437	0.473103	2.046182	4.333723
166	57	1.814437	0.508762	2.452971	4.776171
166	58	1.814437	0.438318	1.701027	3.953782
166	59	1.814437	0.535868	2.668962	5.019267
166	60	1.814437	0.490515	2.218948	4.523900
166	61	1.814437	0.419153	1.510862	3.744452
166	62	1.814437	0.441945	1.737014	3.993396
166	63	1.814437	0.439771	1.715438	3.969646
166	64	1.814437	0.484555	2.318705	4.617698
166	65	1.814437	0.463459	1.950490	4.228386
166	66	1.814437	0.404648	1.366937	3.586022
166	67	1.814437	0.409393	1.414011	3.637841
166	68	1.814437	0.469403	2.115388	4.399227
166	69	1.814437	0.443737	1.754792	4.012966
166	70	1.814437	0.417716	1.496597	3.728750
166	71	1.814437	0.400273	1.323518	3.538228
166	72	1.814437	0.418319	1.502589	3.735345
166	73	1.814437	0.413681	1.456565	3.684684
166	74	1.814437	0.443410	1.751549	4.009396
166	75	1.814437	0.468787	2.374098	4.657322
166	76	1.814437	0.469338	2.008824	4.292600
166	77	1.814437	0.425477	1.573611	3.813525
166	78	1.814437	0.460906	1.925149	4.200492
166	79	1.814437	0.404100	1.361497	3.580034
166	80	1.814437	0.371668	1.039691	3.225797
166	81	1.814437	0.409393	1.414011	3.637841
166	82	1.814437	0.436477	2.106464	4.357379
166	83	1.814437	0.368649	1.009734	3.192820
166	84	1.814437	0.477998	2.094748	4.387184
166	85	1.814437	0.466324	1.978917	4.259679
166	86	1.814437	0.425477	1.573611	3.813525
166	87	1.814437	0.418319	1.502589	3.735345
166	88	1.814437	0.471263	2.027921	4.313622
166	89	1.814437	0.368649	1.009734	3.192820
166	90	1.814437	0.439771	1.715438	3.969646
166	91	1.814437	0.437095	1.688894	3.940427
166	92	1.814437	0.381360	1.135858	3.331655
166	93	1.814437	0.426267	1.581448	3.822153
166	94	1.814437	0.437562	1.693525	3.945524
166	95	1.814437	0.479375	2.108409	4.402221
166	96	1.814437	0.490515	2.218948	4.523900
166	97	1.814437	0.467814	1.993700	4.275951
166	98	1.814437	0.479375	2.108409	4.402221
166	99	1.814437	0.406535	1.385658	3.606630
167	0	1.690720	0.472140	2.036623	4.199483
167	1	1.690720	0.440545	1.723123	3.854388
167	2	1.690720	0.461632	1.932362	4.084714
167	3	1.690720	0.417339	1.492857	3.600916
167	4	1.690720	0.446673	2.048747	4.186141
167	5	1.690720	0.387083	1.192650	3.270453
167	6	1.690720	0.486567	2.391633	4.568920
167	7	1.690720	0.460475	1.920874	4.072069
167	8	1.690720	0.496832	2.281634	4.469187
167	9	1.690720	0.437791	1.695798	3.824309
167	10	1.690720	0.472140	2.036623	4.199483
167	11	1.690720	0.453347	1.850148	3.994215
167	12	1.690720	0.471469	2.029967	4.192156
167	13	1.690720	0.430754	1.625971	3.747445
167	14	1.690720	0.439137	1.709155	3.839012
167	15	1.690720	0.460475	1.920874	4.072069
167	16	1.690720	0.455725	1.926705	4.073149
167	17	1.690720	0.466003	1.975731	4.132454
167	18	1.690720	0.469148	2.006932	4.166799
167	19	1.690720	0.419960	1.518864	3.629543
167	20	1.690720	0.502836	2.341202	4.534757
167	21	1.690720	0.456021	2.247430	4.394171
167	22	1.690720	0.441105	1.728682	3.860507
167	23	1.690720	0.392580	1.247189	3.330489
167	24	1.690720	0.376205	1.084708	3.151632
167	25	1.690720	0.413561	1.455376	3.559657
167	26	1.690720	0.408902	1.409143	3.508765
167	27	1.690720	0.500810	2.321104	4.512634
167	28	1.690720	0.466003	1.975731	4.132454
167	29	1.690720	0.453347	1.850148	3.994215
167	30	1.690720	0.426340	1.582176	3.699237
167	31	1.690720	0.384672	1.168724	3.244116
167	32	1.690720	0.477495	2.089762	4.257977
167	33	1.690720	0.415664	1.476240	3.582624
167	34	1.690720	0.475030	2.065295	4.231044
167	35	1.690720	0.475030	2.065295	4.231044
167	36	1.690720	0.411827	1.438172	3.540719
167	37	1.690720	0.500138	2.314430	4.505288
167	38	1.690720	0.446673	2.048747	4.186141
167	39	1.690720	0.469148	2.006932	4.166799
167	40	1.690720	0.496832	2.281634	4.469187
167	41	1.690720	0.530563	2.616330	4.837613
167	42	1.690720	0.414893	1.468592	3.574205
167	43	1.690720	0.466003	1.975731	4.132454
167	44	1.690720	0.414846	1.468120	3.573686
167	45	1.690720	0.411827	1.438172	3.540719
167	46	1.690720	0.426340	1.582176	3.699237
167	47	1.690720	0.454868	1.865237	4.010825
167	48	1.690720	0.474135	2.056417	4.221271
167	49	1.690720	0.486224	2.176369	4.353312
167	50	1.690720	0.509704	2.409352	4.609776
167	51	1.690720	0.431324	1.631623	3.753667
167	52	1.690720	0.469148	2.006932	4.166799
167	53	1.690720	0.387083	1.192650	3.270453
167	54	1.690720	0.477714	2.091934	4.260368
167	55	1.690720	0.414355	1.463256	3.568331
167	56	1.690720	0.455957	1.876045	4.022722
167	57	1.690720	0.408902	1.409143	3.508765
167	58	1.690720	0.413561	1.455376	3.559657
167	59	1.690720	0.453347	1.850148	3.994215
167	60	1.690720	0.425663	1.575450	3.691833
167	61	1.690720	0.373651	1.059368	3.123740
167	62	1.690720	0.477714	2.091934	4.260368
167	63	1.690720	0.469532	2.010747	4.170999
167	64	1.690720	0.425011	1.568982	3.684713
167	65	1.690720	0.431324	1.631623	3.753667
167	66	1.690720	0.474274	2.057800	4.222794
167	67	1.690720	0.516978	2.481529	4.689227
167	68	1.690720	0.512928	2.441341	4.644989
167	69	1.690720	0.485911	2.226230	4.402861
167	70	1.690720	0.425011	1.568982	3.684713
167	71	1.690720	0.486567	2.391633	4.568920
167	72	1.690720	0.460475	1.920874	4.072069
167	73	1.690720	0.502836	2.341202	4.534757
167	74	1.690720	0.500138	2.314430	4.505288
167	75	1.690720	0.454945	1.866005	4.011670
167	76	1.690720	0.466769	1.983328	4.140817
167	77	1.690720	0.456021	2.247430	4.394171
167	78	1.690720	0.460600	1.922113	4.073433
167	79	1.690720	0.426599	1.584739	3.702058
167	80	1.690720	0.458802	1.904273	4.053794
167	81	1.690720	0.400898	1.329721	3.421339
167	82	1.690720	0.458550	1.901779	4.051049
167	83	1.690720	0.414893	1.468592	3.574205
167	84	1.690720	0.530563	2.616330	4.837613
167	85	1.690720	0.400898	1.329721	3.421339
167	86	1.690720	0.496382	2.277160	4.464261
167	87	1.690720	0.370242	1.025537	3.086498
167	88	1.690720	0.484243	2.156713	4.331675
167	89	1.690720	0.523939	2.656524	4.871182
167	90	1.690720	0.417339	1.492857	3.600916
167	91	1.690720	0.447435	1.791488	3.929643
167	92	1.690720	0.457582	1.892172	4.040474
167	93	1.690720	0.469532	2.010747	4.170999
167	94	1.690720	0.469550	2.010924	4.171194
167	95	1.690720	0.460600	1.922113	4.073433
167	96	1.690720	0.417611	1.495557	3.603888
167	97	1.690720	0.415664	1.476240	3.582624
167	98	1.690720	0.455562	1.872128	4.018410
167	99	1.690720	0.509704	2.409352	4.609776
168	0	1.657944	0.464274	1.958571	4.080788
168	1	1.657944	0.406025	1.380600	3.444569
168	2	1.657944	0.455522	1.871728	3.985193
168	3	1.657944	0.433357	1.651797	3.743098
168	4	1.657944	0.384912	1.171099	3.213954
168	5	1.657944	0.441578	1.733371	3.832892
168	6	1.657944	0.431656	1.634916	3.724516
168	7	1.657944	0.428938	1.607953	3.694835
168	8	1.657944	0.464274	1.958571	4.080788
168	9	1.657944	0.406025	1.380600	3.444569
168	10	1.657944	0.425767	1.576488	3.660198
168	11	1.657944	0.406616	1.386457	3.451016
168	12	1.657944	0.429656	1.615077	3.702677
168	13	1.657944	0.446871	1.785890	3.890704
168	14	1.657944	0.488010	2.247052	4.393005
168	15	1.657944	0.451931	1.836104	3.945979
168	16	1.657944	0.503528	2.348071	4.509543
168	17	1.657944	0.503528	2.348071	4.509543
168	18	1.657944	0.479908	2.113698	4.251550
168	19	1.657944	0.413206	1.451851	3.523001
168	20	1.657944	0.505542	2.368051	4.531536
168	21	1.657944	0.427955	1.598201	3.684100
168	22	1.657944	0.476641	2.081282	4.215866
168	23	1.657944	0.479428	2.108942	4.246314
168	24	1.657944	0.426716	1.585899	3.670558
168	25	1.657944	0.406616	1.386457	3.451016
168	26	1.657944	0.479869	2.113314	4.251127
168	27	1.657944	0.461995	1.935954	4.055893
168	28	1.657944	0.458682	1.903090	4.019716
168	29	1.657944	0.465385	1.969598	4.092927
168	30	1.657944	0.427955	1.598201	3.684100
168	31	1.657944	0.429656	1.615077	3.702677
168	32	1.657944	0.455522	1.871728	3.985193
168	33	1.657944	0.458971	1.905953	4.022867
168	34	1.657944	0.515938	2.471208	4.645090
168	35	1.657944	0.384912	1.171099	3.213954
168	36	1.657944	0.505542	2.368051	4.531536
168	37	1.657944	0.466070	2.188251	4.312265
168	38	1.657944	0.483541	2.149748	4.291233
168	39	1.657944	0.446871	1.785890	3.890704
168	40	1.657944	0.473849	2.212468	4.344260
168	41	1.657944	0.466522	1.980883	4.105349
168	42	1.657944	0.370230	1.025419	3.053593
168	43	1.657944	0.406025	1.380600	3.444569
168	44	1.657944	0.482861	2.142999	4.283803
168	45	1.657944	0.449001	1.807027	3.913972
168	46	1.657944	0.464944	1.965217	4.088105
168	47	1.657944	0.487567	2.189694	4.335204
168	48	1.657944	0.486797	2.287985	4.432726
168	49	1.657944	0.486797	2.287985	4.432726
168	50	1.657944	0.505542	2.368051	4.531536
168	51	1.657944	0.486797	2.287985	4.432726
168	52	1.657944	0.479908	2.113698	4.251550
168	53	1.657944	0.450732	1.824197	3.932873
168	54	1.657944	0.469001	2.005473	4.132418
168	55	1.657944	0.497605	2.289297	4.444846
168	56	1.657944	0.370230	1.025419	3.053593
168	57	1.657944	0.444634	1.763690	3.866268
168	58	1.657944	0.447414	1.791275	3.896632
168	59	1.657944	0.485140	2.165614	4.308697
168	60	1.657944	0.483541	2.149748	4.291233
168	61	1.657944	0.435106	1.669151	3.762201
168	62	1.657944	0.465385	1.969598	4.092927
168	63	1.657944	0.483400	2.307243	4.448587
168	64	1.657944	0.449001	1.807027	3.913972
168	65	1.657944	0.391864	1.240088	3.289896
168	66	1.657944	0.482861	2.142999	4.283803
168	67	1.657944	0.497650	2.342706	4.498300
168	68	1.657944	0.408513	1.405287	3.471745
168	69	1.657944	0.429656	1.615077	3.702677
168	70	1.657944	0.435106	1.669151	3.762201
168	71	1.657944	0.446871	1.785890	3.890704
168	72	1.657944	0.483514	2.149477	4.290934
168	73	1.657944	0.466522	1.980883	4.105349
168	74	1.657944	0.480458	2.119162	4.257564
168	75	1.657944	0.403024	1.350817	3.411784
168	76	1.657944	0.435126	1.669352	3.762422
168	77	1.657944	0.483514	2.149477	4.290934
168	78	1.657944	0.462923	1.945172	4.066039
168	79	1.657944	0.408513	1.405287	3.471745
168	80	1.657944	0.526873	2.579708	4.764524
168	81	1.657944	0.431656	1.634916	3.724516
168	82	1.657944	0.475223	2.067213	4.200379
168	83	1.657944	0.487567	2.189694	4.335204
168	84	1.657944	0.466522	1.980883	4.105349
168	85	1.657944	0.477245	2.087281	4.222470
168	86	1.657944	0.426466	1.583427	3.667837
168	87	1.657944	0.467816	2.099646	4.225405
168	88	1.657944	0.478741	2.102118	4.238802
168	89	1.657944	0.505542	2.368051	4.531536
168	90	1.657944	0.445450	1.771790	3.875183
168	91	1.657944	0.473849	2.212468	4.344260
168	92	1.657944	0.418475	1.504127	3.580545
168	93	1.657944	0.503528	2.348071	4.509543
168	94	1.657944	0.479908	2.113698	4.251550
168	95	1.657944	0.477245	2.087281	4.222470
168	96	1.657944	0.437992	1.697794	3.793730
168	97	1.657944	0.479869	2.113314	4.251127
168	98	1.657944	0.434087	1.659042	3.751072
168	99	1.657944	0.476641	2.081282	4.215866
169	0	1.774059	0.431757	1.635922	3.841737
169	1	1.774059	0.435583	1.673885	3.883527
169	2	1.774059	0.414326	1.462963	3.651348
169	3	1.774059	0.419600	1.515294	3.708952
169	4	1.774059	0.386741	1.189254	3.350054
169	5	1.774059	0.415292	1.472547	3.661898
169	6	1.774059	0.414326	1.462963	3.651348
169	7	1.774059	0.481376	2.128262	4.383697
169	8	1.774059	0.419325	1.512566	3.705950
169	9	1.774059	0.482900	2.196358	4.453317
169	10	1.774059	0.480582	2.120393	4.375034
169	11	1.774059	0.410263	1.422653	3.606975
169	12	1.774059	0.458385	1.900135	4.132579
169	13	1.774059	0.454178	1.858397	4.086634
169	14	1.774059	0.456445	1.880892	4.111397
169	15	1.774059	0.454178	1.858397	4.086634
169	16	1.774059	0.461689	1.932926	4.168674
169	17	1.774059	0.541964	2.729447	5.045470
169	18	1.774059	0.384558	1.167594	3.326212
169	19	1.774059	0.453002	1.846724	4.073784
169	20	1.774059	0.447129	1.788447	4.009634
169	21	1.774059	0.482052	2.134973	4.391083
169	22	1.774059	0.429273	1.611277	3.814609
169	23	1.774059	0.482900	2.196358	4.453317
169	24	1.774059	0.380027	1.122634	3.276720
169	25	1.774059	0.482052	2.134973	4.391083
169	26	1.774059	0.386334	1.185214	3.345607
169	27	1.774059	0.541964	2.729447	5.045470
169	28	1.774059	0.393885	1.260142	3.428086
169	29	1.774059	0.386334	1.185214	3.345607
169	30	1.774059	0.414326	1.462963	3.651348
169	31	1.774059	0.474226	2.269181	4.517466
169	32	1.774059	0.442926	1.746743	3.963728
169	33	1.774059	0.407050	1.390767	3.571876
169	34	1.774059	0.447449	1.791626	4.013134
169	35	1.774059	0.433999	1.658166	3.866224
169	36	1.774059	0.498802	2.301179	4.574040
169	37	1.774059	0.438632	1.704140	3.916831
169	38	1.774059	0.427602	1.594693	3.796353
169	39	1.774059	0.414326	1.462963	3.651348
169	40	1.774059	0.419600	1.515294	3.708952
169	41	1.774059	0.468079	1.996330	4.238468
169	42	1.774059	0.402212	1.342758	3.519029
169	43	1.774059	0.475570	2.070661	4.320290
169	44	1.774059	0.407050	1.390767	3.571876
169	45	1.774059	0.477832	2.093105	4.344996
169	46	1.774059	0.420436	1.841375	4.035870
169	47	1.774059	0.415292	1.472547	3.661898
169	48	1.774059	0.411092	1.430870	3.616020
169	49	1.774059	0.414326	1.462963	3.651348
169	50	1.774059	0.476341	2.078310	4.328710
169	51	1.774059	0.393885	1.260142	3.428086
169	52	1.774059	0.541964	2.729447	5.045470
169	53	1.774059	0.534902	2.712340	5.021301
169	54	1.774059	0.463282	1.948733	4.186074
169	55	1.774059	0.463282	1.948733	4.186074
169	56	1.774059	0.490946	2.223228	4.488233
169	57	1.774059	0.463282	1.948733	4.186074
169	58	1.774059	0.464436	1.960184	4.198679
169	59	1.774059	0.433999	1.658166	3.866224
169	60	1.774059	0.484777	2.162012	4.420848
169	61	1.774059	0.460116	1.917312	4.151487
169	62	1.774059	0.446766	1.784849	4.005674
169	63	1.774059	0.427602	1.594693	3.796353
169	64	1.774059	0.424297	1.561897	3.760252
169	65	1.774059	0.368832	1.011545	3.154435
169	66	1.774059	0.498162	2.294825	4.567045
169	67	1.774059	0.402212	1.342758	3.519029
169	68	1.774059	0.386334	1.185214	3.345607
169	69	1.774059	0.451844	1.835239	4.061142
169	70	1.774059	0.476341	2.078310	4.328710
169	71	1.774059	0.468079	1.996330	4.238468
169	72	1.774059	0.419600	1.515294	3.708952
169	73	1.774059	0.429765	1.616154	3.819977
169	74	1.774059	0.456445	1.880892	4.111397
169	75	1.774059	0.461240	1.928466	4.163765
169	76	1.774059	0.461948	1.935496	4.171503
169	77	1.774059	0.447449	1.791626	4.013134
169	78	1.774059	0.380027	1.122634	3.276720
169	79	1.774059	0.411092	1.430870	3.616020
169	80	1.774059	0.497635	2.289601	4.561296
169	81	1.774059	0.475753	2.072472	4.322284
169	82	1.774059	0.482052	2.134973	4.391083
169	83	1.774059	0.456445	1.880892	4.111397
169	84	1.774059	0.492569	2.292290	4.558918
169	85	1.774059	0.476341	2.078310	4.328710
169	86	1.774059	0.429273	1.611277	3.814609
169	87	1.774059	0.446838	2.209272	4.430168
169	88	1.774059	0.460116	1.917312	4.151487
169	89	1.774059	0.454223	1.858839	4.087121
169	90	1.774059	0.393885	1.260142	3.428086
169	91	1.774059	0.510668	2.577813	4.862540
169	92	1.774059	0.384558	1.167594	3.326212
169	93	1.774059	0.461689	1.932926	4.168674
169	94	1.774059	0.446766	1.784849	4.005674
169	95	1.774059	0.513718	2.555104	4.842880
169	96	1.774059	0.380027	1.122634	3.276720
169	97	1.774059	0.418214	1.501542	3.693815
169	98	1.774059	0.431757	1.635922	3.841737
169	99	1.774059	0.386334	1.185214	3.345607
170	0	1.786969	0.430251	1.620980	3.838201
170	1	1.786969	0.461984	1.935854	4.184807
170	2	1.786969	0.460524	1.921360	4.168853
170	3	1.786969	0.412044	1.440324	3.639337
170	4	1.786969	0.461984	1.935854	4.184807
170	5	1.786969	0.459288	1.909095	4.155351
170	6	1.786969	0.445022	1.767544	3.999536
170	7	1.786969	0.484959	2.375677	4.647605
170	8	1.786969	0.488855	2.202476	4.478300
170	9	1.786969	0.482472	2.139146	4.408588
170	10	1.786969	0.422657	1.545629	3.755256
170	11	1.786969	0.418128	1.500690	3.705787
170	12	1.786969	0.381780	1.140023	3.308771
170	13	1.786969	0.433322	1.651453	3.871744
170	14	1.786969	0.523649	2.547720	4.858338
170	15	1.786969	0.440704	1.724695	3.952368
170	16	1.786969	0.477713	2.091924	4.356607
170	17	1.786969	0.421993	1.539040	3.748002
170	18	1.786969	0.434759	1.665708	3.887436
170	19	1.786969	0.412044	1.440324	3.639337
170	20	1.786969	0.494069	2.254209	4.535247
170	21	1.786969	0.420351	1.522742	3.730061
170	22	1.786969	0.471309	2.028374	4.286652
170	23	1.786969	0.427607	1.594742	3.809318
170	24	1.786969	0.469157	2.007027	4.263153
170	25	1.786969	0.471309	2.028374	4.286652
170	26	1.786969	0.418128	1.500690	3.705787
170	27	1.786969	0.440704	1.724695	3.952368
170	28	1.786969	0.421993	1.539040	3.748002
170	29	1.786969	0.428470	1.603309	3.818749
170	30	1.786969	0.429018	1.608747	3.824734
170	31	1.786969	0.479491	2.268455	4.534915
170	32	1.786969	0.419213	1.511459	3.717642
170	33	1.786969	0.459288	1.909095	4.155351
170	34	1.786969	0.453893	2.067425	4.308287
170	35	1.786969	0.422657	1.545629	3.755256
170	36	1.786969	0.453392	1.850596	4.090957
170	37	1.786969	0.410990	1.429857	3.627816
170	38	1.786969	0.459844	1.914617	4.161431
170	39	1.786969	0.461362	1.929683	4.178015
170	40	1.786969	0.446348	1.780705	4.014022
170	41	1.786969	0.410977	1.429731	3.627677
170	42	1.786969	0.465842	1.974127	4.226938
170	43	1.786969	0.428470	1.603309	3.818749
170	44	1.786969	0.445879	1.776049	4.008898
170	45	1.786969	0.430251	1.620980	3.838201
170	46	1.786969	0.488893	2.202854	4.478716
170	47	1.786969	0.421993	1.539040	3.748002
170	48	1.786969	0.484959	2.375677	4.647605
170	49	1.786969	0.488591	2.199860	4.475420
170	50	1.786969	0.492020	2.392769	4.671758
170	51	1.786969	0.469607	2.011491	4.268067
170	52	1.786969	0.446824	1.785428	4.019222
170	53	1.786969	0.480296	2.117554	4.384819
170	54	1.786969	0.434662	1.664744	3.886374
170	55	1.786969	0.414629	1.465965	3.667563
170	56	1.786969	0.455830	1.874789	4.117589
170	57	1.786969	0.408002	1.400211	3.595182
170	58	1.786969	0.444481	1.762177	3.993627
170	59	1.786969	0.503623	2.349011	4.639603
170	60	1.786969	0.389534	1.216961	3.393464
170	61	1.786969	0.454097	1.857589	4.098655
170	62	1.786969	0.459844	1.914617	4.161431
170	63	1.786969	0.410276	1.422782	3.620027
170	64	1.786969	0.446824	1.785428	4.019222
170	65	1.786969	0.459844	1.914617	4.161431
170	66	1.786969	0.499257	2.464580	4.750806
170	67	1.786969	0.507509	2.387571	4.682050
170	68	1.786969	0.499257	2.464580	4.750806
170	69	1.786969	0.465842	1.974127	4.226938
170	70	1.786969	0.459288	1.909095	4.155351
170	71	1.786969	0.465850	1.974209	4.227028
170	72	1.786969	0.469157	2.007027	4.263153
170	73	1.786969	0.427607	1.594742	3.809318
170	74	1.786969	0.420351	1.522742	3.730061
170	75	1.786969	0.440704	1.724695	3.952368
170	76	1.786969	0.488591	2.199860	4.475420
170	77	1.786969	0.413046	1.450258	3.650273
170	78	1.786969	0.386057	1.182461	3.355487
170	79	1.786969	0.476894	2.136763	4.400626
170	80	1.786969	0.429153	1.610089	3.826211
170	81	1.786969	0.423825	1.557221	3.768015
170	82	1.786969	0.408002	1.400211	3.595182
170	83	1.786969	0.456145	1.877917	4.121032
170	84	1.786969	0.480296	2.117554	4.384819
170	85	1.786969	0.410977	1.429731	3.627677
170	86	1.786969	0.429153	1.610089	3.826211
170	87	1.786969	0.389534	1.216961	3.393464
170	88	1.786969	0.473535	2.050461	4.310964
170	89	1.786969	0.417501	1.494472	3.698943
170	90	1.786969	0.421993	1.539040	3.748002
170	91	1.786969	0.446348	1.780705	4.014022
170	92	1.786969	0.439451	1.712262	3.938682
170	93	1.786969	0.415169	1.471325	3.673463
170	94	1.786969	0.484959	2.375677	4.647605
170	95	1.786969	0.454097	1.857589	4.098655
170	96	1.786969	0.455830	1.874789	4.117589
170	97	1.786969	0.506339	2.428924	4.722232
170	98	1.786969	0.480296	2.117554	4.384819
170	99	1.786969	0.459844	1.914617	4.161431
171	0	1.671106	0.474666	2.061683	4.207454
171	1	1.671106	0.488132	2.195304	4.354542
171	2	1.671106	0.464624	2.120940	4.256670
171	3	1.671106	0.459021	1.906448	4.036574
171	4	1.671106	0.432578	1.644070	3.747753
171	5	1.671106	0.419265	1.511972	3.602343
171	6	1.671106	0.423217	1.551186	3.645508
171	7	1.671106	0.460434	1.920473	4.052013
171	8	1.671106	0.463578	1.951665	4.086349
171	9	1.671106	0.515072	2.568539	4.754716
171	10	1.671106	0.457365	1.890015	4.018485
171	11	1.671106	0.363970	0.963310	2.998386
171	12	1.671106	0.407385	1.394087	3.472578
171	13	1.671106	0.460542	1.921539	4.053187
171	14	1.671106	0.430486	1.623310	3.724902
171	15	1.671106	0.441589	1.733479	3.846174
171	16	1.671106	0.459250	1.908717	4.039072
171	17	1.671106	0.463578	1.951665	4.086349
171	18	1.671106	0.428721	1.605799	3.705626
171	19	1.671106	0.385940	1.181304	3.238350
171	20	1.671106	0.428195	1.600579	3.699880
171	21	1.671106	0.443795	1.755365	3.870266
171	22	1.671106	0.427642	1.595093	3.693841
171	23	1.671106	0.421271	2.008551	4.100928
171	24	1.671106	0.432073	1.639063	3.742242
171	25	1.671106	0.501437	2.327322	4.499864
171	26	1.671106	0.499271	2.305826	4.476203
171	27	1.671106	0.383488	1.156975	3.211569
171	28	1.671106	0.484381	2.316977	4.472464
171	29	1.671106	0.444765	1.764996	3.880867
171	30	1.671106	0.443795	1.755365	3.870266
171	31	1.671106	0.495986	2.273238	4.440330
171	32	1.671106	0.463578	1.951665	4.086349
171	33	1.671106	0.472703	2.042208	4.186017
171	34	1.671106	0.441589	1.733479	3.846174
171	35	1.671106	0.371485	1.779362	3.821952
171	36	1.671106	0.408518	1.405330	3.484953
171	37	1.671106	0.500059	2.313646	4.484810
171	38	1.671106	0.468111	1.996648	4.135865
171	39	1.671106	0.507610	2.388574	4.567290
171	40	1.671106	0.430652	1.624957	3.726715
171	41	1.671106	0.500059	2.313646	4.484810
171	42	1.671106	0.406868	1.388963	3.466936
171	43	1.671106	0.434771	1.930652	4.036529
171	44	1.671106	0.482035	2.134810	4.287951
171	45	1.671106	0.409949	1.419531	3.500585
171	46	1.671106	0.517679	2.488488	4.677274
171	47	1.671106	0.443795	1.755365	3.870266
171	48	1.671106	0.400570	1.856105	3.927780
171	49	1.671106	0.491106	2.224809	4.387020
171	50	1.671106	0.472703	2.042208	4.186017
171	51	1.671106	0.469079	2.006248	4.146433
171	52	1.671106	0.407849	1.398696	3.477651
171	53	1.671106	0.443795	1.755365	3.870266
171	54	1.671106	0.486594	2.180044	4.337744
171	55	1.671106	0.407849	1.398696	3.477651
171	56	1.671106	0.460671	1.922818	4.054594
171	57	1.671106	0.460542	1.921539	4.053187
171	58	1.671106	0.444765	1.764996	3.880867
171	59	1.671106	0.427642	1.595093	3.693841
171	60	1.671106	0.370680	1.029888	3.071674
171	61	1.671106	0.447662	1.793744	3.912512
171	62	1.671106	0.477415	2.194891	4.343411
171	63	1.671106	0.413890	1.458635	3.543630
171	64	1.671106	0.444765	1.764996	3.880867
171	65	1.671106	0.452824	1.844964	3.968895
171	66	1.671106	0.491106	2.224809	4.387020
171	67	1.671106	0.406868	1.388963	3.466936
171	68	1.671106	0.536456	2.727760	4.935321
171	69	1.671106	0.407385	1.394087	3.472578
171	70	1.671106	0.432073	1.639063	3.742242
171	71	1.671106	0.409949	1.419531	3.500585
171	72	1.671106	0.430652	1.624957	3.726715
171	73	1.671106	0.461719	1.933217	4.066041
171	74	1.671106	0.474666	2.061683	4.207454
171	75	1.671106	0.370680	1.029888	3.071674
171	76	1.671106	0.468111	1.996648	4.135865
171	77	1.671106	0.414732	1.890706	3.976544
171	78	1.671106	0.500059	2.313646	4.484810
171	79	1.671106	0.419265	1.511972	3.602343
171	80	1.671106	0.483161	2.145980	4.300247
171	81	1.671106	0.408518	1.405330	3.484953
171	82	1.671106	0.363970	0.963310	2.998386
171	83	1.671106	0.430486	1.623310	3.724902
171	84	1.671106	0.483161	2.145980	4.300247
171	85	1.671106	0.452824	1.844964	3.968895
171	86	1.671106	0.432578	1.644070	3.747753
171	87	1.671106	0.489117	2.205079	4.365302
171	88	1.671106	0.478014	2.094906	4.244025
171	89	1.671106	0.491106	2.224809	4.387020
171	90	1.671106	0.483161	2.145980	4.300247
171	91	1.671106	0.511894	2.431086	4.614086
171	92	1.671106	0.447662	1.793744	3.912512
171	93	1.671106	0.423315	1.552161	3.646582
171	94	1.671106	0.517679	2.488488	4.677274
171	95	1.671106	0.460671	1.922818	4.054594
171	96	1.671106	0.460671	1.922818	4.054594
171	97	1.671106	0.406868	1.388963	3.466936
171	98	1.671106	0.499271	2.305826	4.476203
171	99	1.671106	0.447730	1.794418	3.913254
172	0	1.739796	0.481913	2.133591	4.355299
172	1	1.739796	0.521866	2.530030	4.791691
172	2	1.739796	0.484941	2.322534	4.547270
172	3	1.739796	0.382742	1.149567	3.272105
172	4	1.739796	0.466333	1.979000	4.185128
172	5	1.739796	0.360654	0.930401	3.030850
172	6	1.739796	0.419288	1.512197	3.671280
172	7	1.739796	0.438855	1.706357	3.885008
172	8	1.739796	0.475138	2.331188	4.546122
172	9	1.739796	0.442136	1.738911	3.920843
172	10	1.739796	0.466333	1.979000	4.185128
172	11	1.739796	0.422102	1.540119	3.702016
172	12	1.739796	0.522896	2.540247	4.802938
172	13	1.739796	0.478284	2.097583	4.315662
172	14	1.739796	0.466299	1.978669	4.184764
172	15	1.739796	0.415077	1.470419	3.625292
172	16	1.739796	0.488116	2.195149	4.423061
172	17	1.739796	0.488116	2.195149	4.423061
172	18	1.739796	0.382742	1.149567	3.272105
172	19	1.739796	0.480500	2.119578	4.339874
172	20	1.739796	0.417246	1.491940	3.648982
172	21	1.739796	0.472213	2.037352	4.249361
172	22	1.739796	0.417616	1.495608	3.653020
172	23	1.739796	0.416812	1.487630	3.644237
172	24	1.739796	0.436635	1.684322	3.860752
172	25	1.739796	0.484134	2.155629	4.379558
172	26	1.739796	0.468234	1.997863	4.205892
172	27	1.739796	0.503866	2.351424	4.595086
172	28	1.739796	0.447026	1.946316	4.133137
172	29	1.739796	0.406814	1.388424	3.535034
172	30	1.739796	0.481145	2.125978	4.346919
172	31	1.739796	0.423393	1.552929	3.716117
172	32	1.739796	0.442136	1.738911	3.920843
172	33	1.739796	0.434863	1.666738	3.841396
172	34	1.739796	0.411716	1.437068	3.588580
172	35	1.739796	0.522241	2.533755	4.795792
172	36	1.739796	0.444663	1.763987	3.948446
172	37	1.739796	0.418448	1.503865	3.662109
172	38	1.739796	0.468517	2.000670	4.208982
172	39	1.739796	0.406638	1.916321	4.062755
172	40	1.739796	0.444370	1.761077	3.945243
172	41	1.739796	0.423393	1.552929	3.716117
172	42	1.739796	0.425450	1.573338	3.738584
172	43	1.739796	0.417246	1.491940	3.648982
172	44	1.739796	0.386738	1.189217	3.315750
172	45	1.739796	0.371349	1.036524	3.147668
172	46	1.739796	0.413382	1.453597	3.606775
172	47	1.739796	0.484941	2.322534	4.547270
172	48	1.739796	0.467609	1.991668	4.199073
172	49	1.739796	0.407009	1.390364	3.537169
172	50	1.739796	0.411315	1.433083	3.584193
172	51	1.739796	0.521866	2.530030	4.791691
172	52	1.739796	0.407594	1.396161	3.543550
172	53	1.739796	0.458724	1.903499	4.102018
172	54	1.739796	0.422102	1.540119	3.702016
172	55	1.739796	0.437008	1.688030	3.864834
172	56	1.739796	0.406814	1.388424	3.535034
172	57	1.739796	0.424325	1.562174	3.726294
172	58	1.739796	0.425450	1.573338	3.738584
172	59	1.739796	0.475138	2.331188	4.546122
172	60	1.739796	0.366687	0.990270	3.096753
172	61	1.739796	0.417616	1.495608	3.653020
172	62	1.739796	0.436635	1.684322	3.860752
172	63	1.739796	0.488095	2.194936	4.422827
172	64	1.739796	0.485422	2.327308	4.552525
172	65	1.739796	0.466333	1.979000	4.185128
172	66	1.739796	0.390727	1.228803	3.359326
172	67	1.739796	0.407594	1.396161	3.543550
172	68	1.739796	0.466333	1.979000	4.185128
172	69	1.739796	0.419288	1.512197	3.671280
172	70	1.739796	0.444370	1.761077	3.945243
172	71	1.739796	0.466299	1.978669	4.184764
172	72	1.739796	0.411327	1.803948	3.955070
172	73	1.739796	0.438855	1.706357	3.885008
172	74	1.739796	0.467609	1.991668	4.199073
172	75	1.739796	0.366687	0.990270	3.096753
172	76	1.739796	0.445055	1.767874	3.952724
172	77	1.739796	0.360654	0.930401	3.030850
172	78	1.739796	0.423393	1.552929	3.716117
172	79	1.739796	0.419288	1.512197	3.671280
172	80	1.739796	0.480500	2.119578	4.339874
172	81	1.739796	0.485422	2.327308	4.552525
172	82	1.739796	0.473502	2.050133	4.263430
172	83	1.739796	0.478284	2.097583	4.315662
172	84	1.739796	0.390727	1.228803	3.359326
172	85	1.739796	0.442136	1.738911	3.920843
172	86	1.739796	0.442136	1.738911	3.920843
172	87	1.739796	0.456509	1.881526	4.077831
172	88	1.739796	0.415762	1.477210	3.632767
172	89	1.739796	0.445055	1.767874	3.952724
172	90	1.739796	0.407009	1.390364	3.537169
172	91	1.739796	0.405803	1.378395	3.523994
172	92	1.739796	0.437008	1.688030	3.864834
172	93	1.739796	0.496998	2.283275	4.520069
172	94	1.739796	0.445781	1.775073	3.960650
172	95	1.739796	0.381682	1.139057	3.260535
172	96	1.739796	0.468517	2.000670	4.208982
172	97	1.739796	0.423393	1.552929	3.716117
172	98	1.739796	0.382742	1.149567	3.272105
172	99	1.739796	0.438855	1.706357	3.885008
173	0	1.708850	0.388105	1.202787	3.299742
173	1	1.708850	0.415251	1.472147	3.596248
173	2	1.708850	0.467918	1.994730	4.171498
173	3	1.708850	0.372710	1.050029	3.131589
173	4	1.708850	0.492802	2.241640	4.443292
173	5	1.708850	0.473529	2.050405	4.232784
173	6	1.708850	0.480529	2.119859	4.309237
173	7	1.708850	0.427700	1.595671	3.732222
173	8	1.708850	0.388105	1.202787	3.299742
173	9	1.708850	0.518254	2.494187	4.721291
173	10	1.708850	0.473529	2.050405	4.232784
173	11	1.708850	0.477211	2.086943	4.273004
173	12	1.708850	0.452888	2.004490	4.166228
173	13	1.708850	0.488599	2.199938	4.397387
173	14	1.708850	0.433877	1.656959	3.799686
173	15	1.708850	0.484598	2.160237	4.353684
173	16	1.708850	0.502293	2.335815	4.546958
173	17	1.708850	0.430188	1.620352	3.759389
173	18	1.708850	0.478164	2.149358	4.336371
173	19	1.708850	0.488599	2.199938	4.397387
173	20	1.708850	0.421114	1.530321	3.660285
173	21	1.708850	0.399020	1.893688	4.001558
173	22	1.708850	0.453120	1.847899	4.009869
173	23	1.708850	0.450228	1.819202	3.978280
173	24	1.708850	0.466905	1.984682	4.160437
173	25	1.708850	0.433988	1.658062	3.800899
173	26	1.708850	0.434478	1.662927	3.806255
173	27	1.708850	0.421114	1.530321	3.660285
173	28	1.708850	0.413768	1.457424	3.580042
173	29	1.708850	0.372749	1.738941	3.820539
173	30	1.708850	0.484462	2.158884	4.352195
173	31	1.708850	0.450228	1.819202	3.978280
173	32	1.708850	0.446036	2.148349	4.303234
173	33	1.708850	0.480529	2.119859	4.309237
173	34	1.708850	0.433988	1.658062	3.800899
173	35	1.708850	0.488340	2.197369	4.394559
173	36	1.708850	0.466905	1.984682	4.160437
173	37	1.708850	0.467918	1.994730	4.171498
173	38	1.708850	0.477466	2.089474	4.275790
173	39	1.708850	0.458514	1.901416	4.068780
173	40	1.708850	0.430188	1.620352	3.759389
173	41	1.708850	0.465568	2.183268	4.357685
173	42	1.708850	0.509914	2.411432	4.630196
173	43	1.708850	0.395132	1.272515	3.376498
173	44	1.708850	0.499656	2.309649	4.518154
173	45	1.708850	0.450228	1.819202	3.978280
173	46	1.708850	0.440084	1.718542	3.867476
173	47	1.708850	0.501160	2.324572	4.534582
173	48	1.708850	0.426317	1.581940	3.717107
173	49	1.708850	0.472796	2.043127	4.224772
173	50	1.708850	0.385614	1.178069	3.272533
173	51	1.708850	0.471002	2.025331	4.205183
173	52	1.708850	0.506106	2.373648	4.588604
173	53	1.708850	0.445657	2.144591	4.299097
173	54	1.708850	0.436508	1.683061	3.828419
173	55	1.708850	0.506106	2.373648	4.588604
173	56	1.708850	0.464544	2.173104	4.346497
173	57	1.708850	0.484462	2.158884	4.352195
173	58	1.708850	0.430188	1.620352	3.759389
173	59	1.708850	0.499743	2.310512	4.519105
173	60	1.708850	0.415251	1.472147	3.596248
173	61	1.708850	0.409066	1.410768	3.528683
173	62	1.708850	0.422523	1.544301	3.675674
173	63	1.708850	0.480529	2.119859	4.309237
173	64	1.708850	0.484462	2.158884	4.352195
173	65	1.708850	0.484462	2.158884	4.352195
173	66	1.708850	0.372710	1.050029	3.131589
173	67	1.708850	0.385614	1.178069	3.272533
173	68	1.708850	0.480243	2.117030	4.306123
173	69	1.708850	0.427700	1.595671	3.732222
173	70	1.708850	0.409066	1.410768	3.528683
173	71	1.708850	0.390095	1.222527	3.321472
173	72	1.708850	0.426317	1.581940	3.717107
173	73	1.708850	0.466905	1.984682	4.160437
173	74	1.708850	0.395132	1.272515	3.376498
173	75	1.708850	0.430188	1.620352	3.759389
173	76	1.708850	0.413768	1.457424	3.580042
173	77	1.708850	0.431629	1.634650	3.775129
173	78	1.708850	0.470273	2.018096	4.197218
173	79	1.708850	0.466148	1.977169	4.152166
173	80	1.708850	0.506106	2.373648	4.588604
173	81	1.708850	0.445657	2.144591	4.299097
173	82	1.708850	0.467714	1.992706	4.169270
173	83	1.708850	0.476957	2.084415	4.270222
173	84	1.708850	0.471002	2.025331	4.205183
173	85	1.708850	0.492802	2.241640	4.443292
173	86	1.708850	0.488599	2.199938	4.397387
173	87	1.708850	0.488340	2.197369	4.394559
173	88	1.708850	0.448802	1.805049	3.962700
173	89	1.708850	0.409066	1.410768	3.528683
173	90	1.708850	0.536675	2.676974	4.922499
173	91	1.708850	0.434478	1.662927	3.806255
173	92	1.708850	0.492282	2.236482	4.437614
173	93	1.708850	0.446036	2.148349	4.303234
173	94	1.708850	0.467714	1.992706	4.169270
173	95	1.708850	0.422523	1.544301	3.675674
173	96	1.708850	0.433988	1.658062	3.800899
173	97	1.708850	0.451502	1.831845	3.992197
173	98	1.708850	0.427700	1.595671	3.732222
173	99	1.708850	0.509914	2.411432	4.630196
174	0	1.695058	0.438078	1.698641	3.831777
174	1	1.695058	0.422109	1.540195	3.657363
174	2	1.695058	0.503413	2.346930	4.545402
174	3	1.695058	0.418429	1.503673	3.617161
174	4	1.695058	0.545193	2.761490	5.001741
174	5	1.695058	0.455470	1.871212	4.021741
174	6	1.695058	0.468356	2.052043	4.215458
174	7	1.695058	0.475185	2.066839	4.237082
174	8	1.695058	0.434808	1.666199	3.796065
174	9	1.695058	0.458128	1.897588	4.050774
174	10	1.695058	0.445350	1.770800	3.911209
174	11	1.695058	0.457103	1.887423	4.039585
174	12	1.695058	0.434808	1.666199	3.796065
174	13	1.695058	0.462560	2.100458	4.258076
174	14	1.695058	0.505761	2.423191	4.624010
174	15	1.695058	0.458357	1.899860	4.053275
174	16	1.695058	0.441992	1.737480	3.874531
174	17	1.695058	0.483519	2.149532	4.328110
174	18	1.695058	0.475185	2.066839	4.237082
174	19	1.695058	0.424032	1.559267	3.678357
174	20	1.695058	0.451528	1.832100	3.978686
174	21	1.695058	0.511863	2.430774	4.637695
174	22	1.695058	0.475185	2.066839	4.237082
174	23	1.695058	0.455470	1.871212	4.021741
174	24	1.695058	0.483519	2.149532	4.328110
174	25	1.695058	0.387477	1.196559	3.279095
174	26	1.695058	0.483519	2.149532	4.328110
174	27	1.695058	0.425527	1.574109	3.694695
174	28	1.695058	0.423347	1.552474	3.670880
174	29	1.695058	0.445350	1.770800	3.911209
174	30	1.695058	0.472873	2.043899	4.211830
174	31	1.695058	0.455470	1.871212	4.021741
174	32	1.695058	0.424278	1.561708	3.681044
174	33	1.695058	0.486102	2.175157	4.356317
174	34	1.695058	0.486102	2.175157	4.356317
174	35	1.695058	0.497813	2.291363	4.484234
174	36	1.695058	0.458128	1.897588	4.050774
174	37	1.695058	0.480358	2.277058	4.452474
174	38	1.695058	0.433776	1.655958	3.784792
174	39	1.695058	0.423689	1.555866	3.674613
174	40	1.695058	0.376618	1.088802	3.160478
174	41	1.695058	0.419160	2.040565	4.154783
174	42	1.695058	0.475185	2.066839	4.237082
174	43	1.695058	0.451528	1.832100	3.978686
174	44	1.695058	0.505691	2.369535	4.570284
174	45	1.695058	0.453227	1.848963	3.997249
174	46	1.695058	0.503413	2.346930	4.545402
174	47	1.695058	0.455803	1.874516	4.025378
174	48	1.695058	0.422951	1.548549	3.666559
174	49	1.695058	0.418429	1.503673	3.617161
174	50	1.695058	0.485596	2.170136	4.350790
174	51	1.695058	0.475695	2.071895	4.242648
174	52	1.695058	0.471842	2.139591	4.306492
174	53	1.695058	0.425071	1.569578	3.689707
174	54	1.695058	0.503680	2.349581	4.548320
174	55	1.695058	0.425071	1.569578	3.689707
174	56	1.695058	0.445350	1.770800	3.911209
174	57	1.695058	0.459335	1.909560	4.063953
174	58	1.695058	0.342643	1.493185	3.530887
174	59	1.695058	0.423689	1.555866	3.674613
174	60	1.695058	0.479529	2.109943	4.284531
174	61	1.695058	0.433776	1.655958	3.784792
174	62	1.695058	0.518423	2.601790	4.815272
174	63	1.695058	0.503413	2.346930	4.545402
174	64	1.695058	0.450138	1.818307	3.963503
174	65	1.695058	0.501572	2.328665	4.525296
174	66	1.695058	0.418429	1.503673	3.617161
174	67	1.695058	0.426765	1.586387	3.708210
174	68	1.695058	0.505691	2.369535	4.570284
174	69	1.695058	0.421397	1.533124	3.649579
174	70	1.695058	0.487434	2.188379	4.370871
174	71	1.695058	0.423689	1.555866	3.674613
174	72	1.695058	0.479262	2.107296	4.281617
174	73	1.695058	0.512953	2.441593	4.649605
174	74	1.695058	0.472894	2.044101	4.212053
174	75	1.695058	0.457103	1.887423	4.039585
174	76	1.695058	0.403452	1.937667	4.036178
174	77	1.695058	0.487434	2.188379	4.370871
174	78	1.695058	0.475185	2.066839	4.237082
174	79	1.695058	0.422748	1.546528	3.664334
174	80	1.695058	0.401234	1.333055	3.429347
174	81	1.695058	0.373926	1.062097	3.131081
174	82	1.695058	0.471726	2.032511	4.199295
174	83	1.695058	0.454003	1.856659	4.005721
174	84	1.695058	0.511863	2.430774	4.637695
174	85	1.695058	0.430615	1.624589	3.750262
174	86	1.695058	0.424278	1.561708	3.681044
174	87	1.695058	0.438078	1.698641	3.831777
174	88	1.695058	0.436971	1.687661	3.819691
174	89	1.695058	0.495594	2.269346	4.459998
174	90	1.695058	0.466566	2.193169	4.354794
174	91	1.695058	0.451528	1.832100	3.978686
174	92	1.695058	0.410507	1.425066	3.530631
174	93	1.695058	0.458032	1.896634	4.049724
174	94	1.695058	0.511863	2.430774	4.637695
174	95	1.695058	0.410507	1.425066	3.530631
174	96	1.695058	0.503680	2.349581	4.548320
174	97	1.695058	0.454943	1.865983	4.015984
174	98	1.695058	0.401234	1.333055	3.429347
174	99	1.695058	0.430615	1.624589	3.750262
175	0	1.664637	0.452846	1.845179	3.962662
175	1	1.664637	0.435677	1.674822	3.775137
175	2	1.664637	0.443254	1.749999	3.857890
175	3	1.664637	0.471938	2.034623	4.171199
175	4	1.664637	0.527386	2.584799	4.776822
175	5	1.664637	0.432624	1.644521	3.741782
175	6	1.664637	0.442906	1.746548	3.854091
175	7	1.664637	0.486235	2.282412	4.433285
175	8	1.664637	0.463026	1.946188	4.073851
175	9	1.664637	0.494960	2.263058	4.422655
175	10	1.664637	0.432624	1.644521	3.741782
175	11	1.664637	0.439935	1.717068	3.821640
175	12	1.664637	0.483632	2.415467	4.563736
175	13	1.664637	0.465184	1.967607	4.097428
175	14	1.664637	0.532468	2.635231	4.832336
175	15	1.664637	0.501154	2.324510	4.490301
175	16	1.664637	0.459329	1.909507	4.033474
175	17	1.664637	0.452846	1.845179	3.962662
175	18	1.664637	0.461535	1.931391	4.057563
175	19	1.664637	0.393021	1.251560	3.309218
175	20	1.664637	0.431281	2.001944	4.097863
175	21	1.664637	0.482883	2.143223	4.290744
175	22	1.664637	0.420950	1.528688	3.614275
175	23	1.664637	0.436112	1.679134	3.779883
175	24	1.664637	0.479760	2.112236	4.256634
175	25	1.664637	0.494033	2.253855	4.412525
175	26	1.664637	0.437649	2.012173	4.114460
175	27	1.664637	0.415351	1.473138	3.553127
175	28	1.664637	0.488055	2.194539	4.347231
175	29	1.664637	0.505536	2.367996	4.538169
175	30	1.664637	0.459329	1.909507	4.033474
175	31	1.664637	0.464632	1.962121	4.091390
175	32	1.664637	0.429102	1.609574	3.703313
175	33	1.664637	0.377348	1.096045	3.138029
175	34	1.664637	0.469689	2.012303	4.146630
175	35	1.664637	0.489199	2.205895	4.359731
175	36	1.664637	0.462944	1.945371	4.072952
175	37	1.664637	0.393021	1.251560	3.309218
175	38	1.664637	0.454630	1.862876	3.982143
175	39	1.664637	0.452846	1.845179	3.962662
175	40	1.664637	0.436044	1.678463	3.779144
175	41	1.664637	0.499778	2.310866	4.475281
175	42	1.664637	0.311832	1.399313	3.375782
175	43	1.664637	0.454158	1.858193	3.976988
175	44	1.664637	0.432624	1.644521	3.741782
175	45	1.664637	0.462944	1.945371	4.072952
175	46	1.664637	0.429102	1.609574	3.703313
175	47	1.664637	0.588538	3.191578	5.444753
175	48	1.664637	0.435677	1.674822	3.775137
175	49	1.664637	0.450941	1.826271	3.941849
175	50	1.664637	0.464632	1.962121	4.091390
175	51	1.664637	0.512623	2.438319	4.615580
175	52	1.664637	0.401786	1.338535	3.404958
175	53	1.664637	0.429322	1.611765	3.705725
175	54	1.664637	0.435700	1.675047	3.775384
175	55	1.664637	0.469689	2.012303	4.146630
175	56	1.664637	0.462944	1.945371	4.072952
175	57	1.664637	0.480170	2.116304	4.261112
175	58	1.664637	0.401786	1.338535	3.404958
175	59	1.664637	0.377348	1.096045	3.138029
175	60	1.664637	0.494960	2.263058	4.422655
175	61	1.664637	0.482883	2.143223	4.290744
175	62	1.664637	0.486235	2.282412	4.433285
175	63	1.664637	0.461535	1.931391	4.057563
175	64	1.664637	0.435700	1.675047	3.775384
175	65	1.664637	0.432624	1.644521	3.741782
175	66	1.664637	0.435677	1.674822	3.775137
175	67	1.664637	0.459329	1.909507	4.033474
175	68	1.664637	0.431281	2.001944	4.097863
175	69	1.664637	0.436736	1.685332	3.786705
175	70	1.664637	0.400462	1.325398	3.390497
175	71	1.664637	0.442906	1.746548	3.854091
175	72	1.664637	0.484519	2.159453	4.308610
175	73	1.664637	0.494960	2.263058	4.422655
175	74	1.664637	0.494960	2.263058	4.422655
175	75	1.664637	0.420950	1.528688	3.614275
175	76	1.664637	0.429322	1.611765	3.705725
175	77	1.664637	0.512623	2.438319	4.615580
175	78	1.664637	0.426710	1.585839	3.677186
175	79	1.664637	0.428371	1.602327	3.695336
175	80	1.664637	0.462944	1.945371	4.072952
175	81	1.664637	0.480953	2.494813	4.640403
175	82	1.664637	0.436112	1.679134	3.779883
175	83	1.664637	0.480170	2.116304	4.261112
175	84	1.664637	0.421673	1.535864	3.622174
175	85	1.664637	0.421673	1.535864	3.622174
175	86	1.664637	0.414943	1.469089	3.548670
175	87	1.664637	0.414943	1.469089	3.548670
175	88	1.664637	0.492569	2.292292	4.449498
175	89	1.664637	0.527386	2.584799	4.776822
175	90	1.664637	0.439935	1.717068	3.821640
175	91	1.664637	0.433278	1.651013	3.748928
175	92	1.664637	0.457271	1.889084	4.010993
175	93	1.664637	0.434691	1.665034	3.764362
175	94	1.664637	0.435700	1.675047	3.775384
175	95	1.664637	0.489316	2.260014	4.413967
175	96	1.664637	0.432624	1.644521	3.741782
175	97	1.664637	0.493945	2.252984	4.411567
175	98	1.664637	0.437863	1.696506	3.799006
175	99	1.664637	0.465184	1.967607	4.097428
176	0	1.682373	0.468697	2.002457	4.153526
176	1	1.682373	0.431230	1.630692	3.744294
176	2	1.682373	0.414046	1.460184	3.556602
176	3	1.682373	0.473696	2.052064	4.208133
176	4	1.682373	0.490533	2.219128	4.392033
176	5	1.682373	0.450042	1.817351	3.949765
176	6	1.682373	0.415401	1.473627	3.571400
176	7	1.682373	0.501573	2.328675	4.512620
176	8	1.682373	0.486512	2.179228	4.348112
176	9	1.682373	0.472262	2.037833	4.192467
176	10	1.682373	0.469025	2.005716	4.157114
176	11	1.682373	0.429090	1.609456	3.720918
176	12	1.682373	0.447879	2.007747	4.137998
176	13	1.682373	0.464694	1.962738	4.109804
176	14	1.682373	0.470242	2.017790	4.170404
176	15	1.682373	0.465015	1.965930	4.113318
176	16	1.682373	0.409330	1.413389	3.505091
176	17	1.682373	0.446201	1.779241	3.907814
176	18	1.682373	0.423885	1.557815	3.664073
176	19	1.682373	0.438187	1.699726	3.820286
176	20	1.682373	0.405969	1.750789	3.839131
176	21	1.682373	0.409473	1.414811	3.506656
176	22	1.682373	0.427492	1.593600	3.703464
176	23	1.682373	0.512989	2.441942	4.637303
176	24	1.682373	0.479772	2.377166	4.539310
176	25	1.682373	0.428951	1.978828	4.090152
176	26	1.682373	0.431230	1.630692	3.744294
176	27	1.682373	0.435107	1.669166	3.786645
176	28	1.682373	0.452452	1.841271	3.976096
176	29	1.682373	0.437430	1.692214	3.812017
176	30	1.682373	0.455779	1.874285	4.012437
176	31	1.682373	0.512989	2.441942	4.637303
176	32	1.682373	0.414046	1.460184	3.556602
176	33	1.682373	0.475728	2.072220	4.230320
176	34	1.682373	0.403302	1.353579	3.439253
176	35	1.682373	0.409330	1.413389	3.505091
176	36	1.682373	0.479772	2.377166	4.539310
176	37	1.682373	0.469025	2.005716	4.157114
176	38	1.682373	0.470242	2.017790	4.170404
176	39	1.682373	0.467274	2.200192	4.349838
176	40	1.682373	0.420273	1.521971	3.624617
176	41	1.682373	0.418349	1.502878	3.603599
176	42	1.682373	0.377964	1.102164	3.162500
176	43	1.682373	0.451430	1.990020	4.123822
176	44	1.682373	0.512989	2.441942	4.637303
176	45	1.682373	0.464694	1.962738	4.109804
176	46	1.682373	0.409473	1.414811	3.506656
176	47	1.682373	0.507276	2.385259	4.574907
176	48	1.682373	0.420273	1.521971	3.624617
176	49	1.682373	0.479339	2.108052	4.269763
176	50	1.682373	0.547818	2.787536	5.017726
176	51	1.682373	0.411742	1.437324	3.531439
176	52	1.682373	0.454382	1.860423	3.997177
176	53	1.682373	0.515567	2.467526	4.665465
176	54	1.682373	0.409330	1.413389	3.505091
176	55	1.682373	0.370724	1.030324	3.083421
176	56	1.682373	0.405550	1.375879	3.463801
176	57	1.682373	0.475728	2.072220	4.230320
176	58	1.682373	0.455779	1.874285	4.012437
176	59	1.682373	0.473696	2.052064	4.208133
176	60	1.682373	0.452452	1.841271	3.976096
176	61	1.682373	0.442918	1.746669	3.871960
176	62	1.682373	0.455222	1.868758	4.006353
176	63	1.682373	0.472262	2.037833	4.192467
176	64	1.682373	0.436332	1.681313	3.800017
176	65	1.682373	0.464694	1.962738	4.109804
176	66	1.682373	0.423885	1.557815	3.664073
176	67	1.682373	0.423885	1.557815	3.664073
176	68	1.682373	0.427492	1.593600	3.703464
176	69	1.682373	0.415401	1.473627	3.571400
176	70	1.682373	0.499457	2.307677	4.489507
176	71	1.682373	0.440208	1.719779	3.842359
176	72	1.682373	0.455222	1.868758	4.006353
176	73	1.682373	0.501573	2.328675	4.512620
176	74	1.682373	0.411742	1.437324	3.531439
176	75	1.682373	0.423885	1.557815	3.664073
176	76	1.682373	0.432578	1.644066	3.759016
176	77	1.682373	0.479772	2.377166	4.539310
176	78	1.682373	0.436332	1.681313	3.800017
176	79	1.682373	0.499457	2.307677	4.489507
176	80	1.682373	0.450042	1.817351	3.949765
176	81	1.682373	0.516337	2.475166	4.673875
176	82	1.682373	0.446201	1.779241	3.907814
176	83	1.682373	0.432751	1.645782	3.760905
176	84	1.682373	0.468697	2.002457	4.153526
176	85	1.682373	0.452452	1.841271	3.976096
176	86	1.682373	0.467283	1.988434	4.138090
176	87	1.682373	0.432751	1.645782	3.760905
176	88	1.682373	0.379191	1.114339	3.175903
176	89	1.682373	0.490579	2.219586	4.392538
176	90	1.682373	0.509556	2.407887	4.599815
176	91	1.682373	0.450042	1.817351	3.949765
176	92	1.682373	0.464694	1.962738	4.109804
176	93	1.682373	0.473181	2.099918	4.255472
176	94	1.682373	0.416455	1.907795	4.006623
176	95	1.682373	0.456577	1.882203	4.021153
176	96	1.682373	0.490533	2.219128	4.392033
176	97	1.682373	0.387779	1.199549	3.269700
176	98	1.682373	0.385104	1.173006	3.240483
176	99	1.682373	0.490533	2.219128	4.392033
177	0	1.772521	0.439520	1.712956	3.924997
177	1	1.772521	0.415143	1.471072	3.658736
177	2	1.772521	0.424902	1.567900	3.765322
177	3	1.772521	0.448561	1.802663	4.023745
177	4	1.772521	0.488127	2.195251	4.455898
177	5	1.772521	0.417508	1.494534	3.684563
177	6	1.772521	0.445960	1.776849	3.995329
177	7	1.772521	0.439520	1.712956	3.924997
177	8	1.772521	0.448561	1.802663	4.023745
177	9	1.772521	0.438931	1.707105	3.918557
177	10	1.772521	0.429449	1.613023	3.814993
177	11	1.772521	0.398612	1.307037	3.478170
177	12	1.772521	0.468360	1.999116	4.239997
177	13	1.772521	0.458330	1.899592	4.130443
177	14	1.772521	0.445542	1.772700	3.990762
177	15	1.772521	0.465170	1.967466	4.205157
177	16	1.772521	0.430533	1.623782	3.826836
177	17	1.772521	0.494881	2.262268	4.529669
177	18	1.772521	0.411678	1.436692	3.620892
177	19	1.772521	0.472833	2.043502	4.288856
177	20	1.772521	0.473516	2.050279	4.296316
177	21	1.772521	0.415143	1.471072	3.658736
177	22	1.772521	0.513399	2.446016	4.731936
177	23	1.772521	0.415143	1.471072	3.658736
177	24	1.772521	0.463950	1.955360	4.191831
177	25	1.772521	0.463950	1.955360	4.191831
177	26	1.772521	0.410547	1.425467	3.608535
177	27	1.772521	0.437221	1.690140	3.899882
177	28	1.772521	0.463950	1.955360	4.191831
177	29	1.772521	0.438931	1.707105	3.918557
177	30	1.772521	0.350302	1.569182	3.692005
177	31	1.772521	0.472833	2.043502	4.288856
177	32	1.772521	0.441491	1.732506	3.946518
177	33	1.772521	0.458831	1.904561	4.135912
177	34	1.772521	0.443857	1.755985	3.972363
177	35	1.772521	0.463985	1.955708	4.192215
177	36	1.772521	0.434995	1.668050	3.875565
177	37	1.772521	0.492444	2.238091	4.503055
177	38	1.772521	0.448561	1.802663	4.023745
177	39	1.772521	0.529874	2.609484	4.911878
177	40	1.772521	0.474770	2.062723	4.310015
177	41	1.772521	0.418245	1.501854	3.692621
177	42	1.772521	0.465459	1.970329	4.208308
177	43	1.772521	0.488473	2.198684	4.459678
177	44	1.772521	0.389092	1.212578	3.374190
177	45	1.772521	0.454767	1.864240	4.091527
177	46	1.772521	0.448160	1.798680	4.019361
177	47	1.772521	0.437221	1.690140	3.899882
177	48	1.772521	0.445988	1.777129	3.995638
177	49	1.772521	0.414993	1.469585	3.657099
177	50	1.772521	0.435785	1.675894	3.884200
177	51	1.772521	0.477717	2.303811	4.554049
177	52	1.772521	0.492446	2.238108	4.503074
177	53	1.772521	0.449538	1.812353	4.034412
177	54	1.772521	0.508830	2.453639	4.734989
177	55	1.772521	0.410547	1.425467	3.608535
177	56	1.772521	0.419899	1.518266	3.710686
177	57	1.772521	0.483452	2.360720	4.616693
177	58	1.772521	0.409333	1.413419	3.595273
177	59	1.772521	0.435221	1.670299	3.878041
177	60	1.772521	0.468000	1.995541	4.236062
177	61	1.772521	0.479017	2.104864	4.356402
177	62	1.772521	0.429449	1.613023	3.814993
177	63	1.772521	0.479529	2.109943	4.361993
177	64	1.772521	0.424902	1.567900	3.765322
177	65	1.772521	0.423319	1.552192	3.748031
177	66	1.772521	0.513399	2.446016	4.731936
177	67	1.772521	0.487735	2.191368	4.451624
177	68	1.772521	0.465917	2.186726	4.425163
177	69	1.772521	0.414993	1.469585	3.657099
177	70	1.772521	0.494881	2.262268	4.529669
177	71	1.772521	0.430199	1.620467	3.823187
177	72	1.772521	0.482322	2.137649	4.392492
177	73	1.772521	0.430703	1.625460	3.828683
177	74	1.772521	0.478134	2.149066	4.399721
177	75	1.772521	0.479017	2.104864	4.356402
177	76	1.772521	0.382365	1.145829	3.300715
177	77	1.772521	0.437221	1.690140	3.899882
177	78	1.772521	0.417653	1.495977	3.686151
177	79	1.772521	0.463985	1.955708	4.192215
177	80	1.772521	0.478134	2.149066	4.399721
177	81	1.772521	0.465917	2.186726	4.425163
177	82	1.772521	0.465459	1.970329	4.208308
177	83	1.772521	0.454767	1.864240	4.091527
177	84	1.772521	0.465329	1.969045	4.206896
177	85	1.772521	0.382365	1.145829	3.300715
177	86	1.772521	0.463950	1.955360	4.191831
177	87	1.772521	0.430097	1.619448	3.822065
177	88	1.772521	0.468000	1.995541	4.236062
177	89	1.772521	0.508225	2.394673	4.675418
177	90	1.772521	0.375209	1.763356	3.911086
177	91	1.772521	0.483452	2.360720	4.616693
177	92	1.772521	0.422648	1.545538	3.740707
177	93	1.772521	0.411678	1.436692	3.620892
177	94	1.772521	0.504898	2.361666	4.639085
177	95	1.772521	0.456612	1.882551	4.111685
177	96	1.772521	0.508225	2.394673	4.675418
177	97	1.772521	0.438931	1.707105	3.918557
177	98	1.772521	0.423319	1.552192	3.748031
177	99	1.772521	0.468000	1.995541	4.236062
178	0	1.820140	0.416865	1.488156	3.725161
178	1	1.820140	0.448192	1.798995	4.067326
178	2	1.820140	0.465223	1.967988	4.253351
178	3	1.820140	0.465223	1.967988	4.253351
178	4	1.820140	0.412303	1.442894	3.675337
178	5	1.820140	0.416865	1.488156	3.725161
178	6	1.820140	0.465361	1.969361	4.254862
178	7	1.820140	0.449585	1.812820	4.082545
178	8	1.820140	0.405626	1.376638	3.602404
178	9	1.820140	0.466761	1.983245	4.270146
178	10	1.820140	0.445432	1.771613	4.037185
178	11	1.820140	0.488694	2.200881	4.509715
178	12	1.820140	0.370444	1.027540	3.218123
178	13	1.820140	0.382400	1.146173	3.348713
178	14	1.820140	0.437144	1.689373	3.946657
178	15	1.820140	0.449849	1.815439	4.085428
178	16	1.820140	0.467351	1.989100	4.276591
178	17	1.820140	0.424365	1.562580	3.807085
178	18	1.820140	0.492537	2.239007	4.551684
178	19	1.820140	0.462496	1.940933	4.223570
178	20	1.820140	0.406550	1.385809	3.612499
178	21	1.820140	0.495479	2.268202	4.583821
178	22	1.820140	0.473855	2.371424	4.665419
178	23	1.820140	0.406550	1.385809	3.612499
178	24	1.820140	0.431476	1.633139	3.884756
178	25	1.820140	0.445432	1.771613	4.037185
178	26	1.820140	0.512018	2.432311	4.764469
178	27	1.820140	0.411439	1.434319	3.665898
178	28	1.820140	0.415837	1.477956	3.713933
178	29	1.820140	0.488694	2.200881	4.509715
178	30	1.820140	0.384970	1.171675	3.376785
178	31	1.820140	0.412140	1.441274	3.673555
178	32	1.820140	0.467919	1.994737	4.282796
178	33	1.820140	0.399501	1.315864	3.535506
178	34	1.820140	0.456303	1.879478	4.155920
178	35	1.820140	0.468081	1.996348	4.284569
178	36	1.820140	0.455990	2.035269	4.311400
178	37	1.820140	0.485760	2.171768	4.477668
178	38	1.820140	0.449585	1.812820	4.082545
178	39	1.820140	0.405626	1.376638	3.602404
178	40	1.820140	0.467351	1.989100	4.276591
178	41	1.820140	0.468068	1.996217	4.284425
178	42	1.820140	0.411152	1.431474	3.662766
178	43	1.820140	0.404844	1.368878	3.593862
178	44	1.820140	0.473439	2.208408	4.501987
178	45	1.820140	0.485760	2.171768	4.477668
178	46	1.820140	0.404844	1.368878	3.593862
178	47	1.820140	0.412303	1.442894	3.675337
178	48	1.820140	0.446558	1.782784	4.049482
178	49	1.820140	0.468068	1.996217	4.284425
178	50	1.820140	0.424365	1.562580	3.807085
178	51	1.820140	0.427973	2.022081	4.270194
178	52	1.820140	0.420372	1.522952	3.763464
178	53	1.820140	0.490792	2.221697	4.532629
178	54	1.820140	0.446164	1.778880	4.045184
178	55	1.820140	0.373958	1.062410	3.256508
178	56	1.820140	0.468068	1.996217	4.284425
178	57	1.820140	0.405626	1.376638	3.602404
178	58	1.820140	0.462496	1.940933	4.223570
178	59	1.820140	0.406538	1.385684	3.612362
178	60	1.820140	0.496838	2.281690	4.598668
178	61	1.820140	0.449849	1.815439	4.085428
178	62	1.820140	0.467919	1.994737	4.282796
178	63	1.820140	0.411439	1.434319	3.665898
178	64	1.820140	0.427973	2.022081	4.270194
178	65	1.820140	0.485760	2.171768	4.477668
178	66	1.820140	0.475300	2.067980	4.363420
178	67	1.820140	0.476945	2.084302	4.381387
178	68	1.820140	0.406550	1.385809	3.612499
178	69	1.820140	0.433897	1.657153	3.911190
178	70	1.820140	0.390214	1.223711	3.434065
178	71	1.820140	0.474638	2.061411	4.356189
178	72	1.820140	0.404844	1.368878	3.593862
178	73	1.820140	0.454954	1.866090	4.141184
178	74	1.820140	0.515557	2.573358	4.909055
178	75	1.820140	0.465301	1.968760	4.254201
178	76	1.820140	0.465301	1.968760	4.254201
178	77	1.820140	0.420372	1.522952	3.763464
178	78	1.820140	0.412140	1.441274	3.673555
178	79	1.820140	0.420937	1.528563	3.769641
178	80	1.820140	0.472037	2.035602	4.327779
178	81	1.820140	0.439410	1.711858	3.971408
178	82	1.820140	0.472037	2.035602	4.327779
178	83	1.820140	0.432426	1.642557	3.895123
178	84	1.820140	0.474230	2.269220	4.563590
178	85	1.820140	0.411992	1.863511	4.095643
178	86	1.820140	0.406550	1.385809	3.612499
178	87	1.820140	0.406538	1.385684	3.612362
178	88	1.820140	0.449585	1.812820	4.082545
178	89	1.820140	0.515557	2.573358	4.909055
178	90	1.820140	0.465361	1.969361	4.254862
178	91	1.820140	0.384970	1.171675	3.376785
178	92	1.820140	0.382400	1.146173	3.348713
178	93	1.820140	0.473439	2.208408	4.501987
178	94	1.820140	0.436507	1.683057	3.939705
178	95	1.820140	0.406538	1.385684	3.612362
178	96	1.820140	0.445732	1.774594	4.040466
178	97	1.820140	0.493791	2.251457	4.565388
178	98	1.820140	0.420372	1.522952	3.763464
178	99	1.820140	0.445732	1.774594	4.040466
179	0	1.696000	0.505571	2.368343	4.569914
179	1	1.696000	0.507779	2.390255	4.594034
179	2	1.696000	0.451631	1.833125	3.980755
179	3	1.696000	0.425812	1.576938	3.698749
179	4	1.696000	0.482869	2.143079	4.321947
179	5	1.696000	0.411544	1.435362	3.542906
179	6	1.696000	0.416672	1.486241	3.598912
179	7	1.696000	0.463026	1.946194	4.105220
179	8	1.696000	0.482008	2.134538	4.312546
179	9	1.696000	0.447632	1.793440	3.937071
179	10	1.696000	0.501214	2.325114	4.522328
179	11	1.696000	0.437931	1.803113	3.937044
179	12	1.696000	0.399374	1.314598	3.409972
179	13	1.696000	0.545314	2.762695	5.004009
179	14	1.696000	0.545314	2.762695	5.004009
179	15	1.696000	0.500308	2.316118	4.512425
179	16	1.696000	0.463097	1.946893	4.105990
179	17	1.696000	0.479525	2.374717	4.550242
179	18	1.696000	0.420351	1.522745	3.639095
179	19	1.696000	0.392239	1.243802	3.332040
179	20	1.696000	0.446903	1.786205	3.929107
179	21	1.696000	0.447744	1.794552	3.938296
179	22	1.696000	0.545314	2.762695	5.004009
179	23	1.696000	0.376617	1.088798	3.161415
179	24	1.696000	0.478604	2.100766	4.275370
179	25	1.696000	0.444352	2.078680	4.219032
179	26	1.696000	0.447632	1.793440	3.937071
179	27	1.696000	0.482755	2.141948	4.320703
179	28	1.696000	0.370077	1.023905	3.089982
179	29	1.696000	0.444352	2.078680	4.219032
179	30	1.696000	0.482755	2.141948	4.320703
179	31	1.696000	0.432515	1.643448	3.771963
179	32	1.696000	0.491362	2.227352	4.414713
179	33	1.696000	0.471405	2.029334	4.196739
179	34	1.696000	0.464843	1.964221	4.125064
179	35	1.696000	0.458313	1.899421	4.053733
179	36	1.696000	0.419460	1.513909	3.629369
179	37	1.696000	0.428914	1.607712	3.732626
179	38	1.696000	0.505571	2.368343	4.569914
179	39	1.696000	0.465446	1.970202	4.131648
179	40	1.696000	0.447632	1.793440	3.937071
179	41	1.696000	0.439436	1.712122	3.847558
179	42	1.696000	0.469832	2.013726	4.179558
179	43	1.696000	0.500308	2.316118	4.512425
179	44	1.696000	0.453206	1.848750	3.997955
179	45	1.696000	0.439306	1.710829	3.846134
179	46	1.696000	0.459375	2.121813	4.277187
179	47	1.696000	0.458313	1.899421	4.053733
179	48	1.696000	0.488038	2.194372	4.378409
179	49	1.696000	0.364515	0.968719	3.029234
179	50	1.696000	0.411544	1.435362	3.542906
179	51	1.696000	0.491362	2.227352	4.414713
179	52	1.696000	0.446939	2.104351	4.247290
179	53	1.696000	0.447003	1.787204	3.930206
179	54	1.696000	0.446939	2.104351	4.247290
179	55	1.696000	0.439306	1.710829	3.846134
179	56	1.696000	0.408898	1.409104	3.514001
179	57	1.696000	0.416672	1.486241	3.598912
179	58	1.696000	0.447632	1.793440	3.937071
179	59	1.696000	0.370077	1.023905	3.089982
179	60	1.696000	0.526301	2.574031	4.796331
179	61	1.696000	0.465446	1.970202	4.131648
179	62	1.696000	0.416097	1.480534	3.592630
179	63	1.696000	0.516138	2.473191	4.685329
179	64	1.696000	0.439306	1.710829	3.846134
179	65	1.696000	0.370077	1.023905	3.089982
179	66	1.696000	0.497585	2.289103	4.482688
179	67	1.696000	0.482114	2.135592	4.313706
179	68	1.696000	0.447632	1.793440	3.937071
179	69	1.696000	0.370077	1.023905	3.089982
179	70	1.696000	0.451971	1.836501	3.984472
179	71	1.696000	0.485766	2.171826	4.353591
179	72	1.696000	0.408898	1.409104	3.514001
179	73	1.696000	0.416672	1.486241	3.598912
179	74	1.696000	0.484225	2.156538	4.336763
179	75	1.696000	0.487528	2.189311	4.372838
179	76	1.696000	0.482114	2.135592	4.313706
179	77	1.696000	0.487528	2.189311	4.372838
179	78	1.696000	0.424062	1.877354	3.997415
179	79	1.696000	0.428914	1.607712	3.732626
179	80	1.696000	0.487528	2.189311	4.372838
179	81	1.696000	0.419105	1.510380	3.625484
179	82	1.696000	0.445669	1.773964	3.915632
179	83	1.696000	0.491362	2.227352	4.414713
179	84	1.696000	0.499303	2.306152	4.501455
179	85	1.696000	0.419105	1.510380	3.625484
179	86	1.696000	0.482755	2.141948	4.320703
179	87	1.696000	0.418826	1.507614	3.622439
179	88	1.696000	0.471202	2.027312	4.194514
179	89	1.696000	0.471405	2.029334	4.196739
179	90	1.696000	0.471202	2.027312	4.194514
179	91	1.696000	0.501315	2.326112	4.523427
179	92	1.696000	0.408898	1.409104	3.514001
179	93	1.696000	0.448824	1.805270	3.950093
179	94	1.696000	0.469832	2.013726	4.179558
179	95	1.696000	0.491362	2.227352	4.414713
179	96	1.696000	0.453747	2.065977	4.215724
179	97	1.696000	0.472558	2.040771	4.209329
179	98	1.696000	0.446903	1.786205	3.929107
179	99	1.696000	0.488852	2.255407	4.440258
180	0	1.766131	0.425506	1.573899	3.765536
180	1	1.766131	0.422561	1.544680	3.733372
180	2	1.766131	0.408528	1.405430	3.580089
180	3	1.766131	0.479941	2.114026	4.360097
180	4	1.766131	0.465658	1.972306	4.204095
180	5	1.766131	0.437618	1.694083	3.897832
180	6	1.766131	0.487336	2.293331	4.546797
180	7	1.766131	0.449339	1.810380	4.025850
180	8	1.766131	0.442217	2.004531	4.212879
180	9	1.766131	0.480881	2.123360	4.370373
180	10	1.766131	0.425506	1.573899	3.765536
180	11	1.766131	0.488583	2.199783	4.454497
180	12	1.766131	0.539632	2.812240	5.118003
180	13	1.766131	0.443132	1.748790	3.958053
180	14	1.766131	0.458154	1.897850	4.122135
180	15	1.766131	0.517490	2.486604	4.770225
180	16	1.766131	0.417208	1.968239	4.151578
180	17	1.766131	0.490691	2.220691	4.477513
180	18	1.766131	0.461632	1.932355	4.160118
180	19	1.766131	0.508464	2.397051	4.671646
180	20	1.766131	0.465178	2.338292	4.569601
180	21	1.766131	0.484163	2.314814	4.565108
180	22	1.766131	0.405611	1.376490	3.548233
180	23	1.766131	0.383293	1.155036	3.304460
180	24	1.766131	0.438398	1.701815	3.906344
180	25	1.766131	0.460495	1.921072	4.147697
180	26	1.766131	0.418046	1.499873	3.684050
180	27	1.766131	0.372149	1.044463	3.182744
180	28	1.766131	0.405611	1.376490	3.548233
180	29	1.766131	0.458154	1.897850	4.122135
180	30	1.766131	0.456279	1.879247	4.101657
180	31	1.766131	0.412602	1.445859	3.624592
180	32	1.766131	0.463240	1.948314	4.177685
180	33	1.766131	0.364934	0.972870	3.103935
180	34	1.766131	0.410097	1.421005	3.597233
180	35	1.766131	0.456279	1.879247	4.101657
180	36	1.766131	0.488583	2.199783	4.454497
180	37	1.766131	0.456400	1.880441	4.102972
180	38	1.766131	0.460495	1.921072	4.147697
180	39	1.766131	0.460495	1.921072	4.147697
180	40	1.766131	0.482968	2.302950	4.552049
180	41	1.766131	0.465658	1.972306	4.204095
180	42	1.766131	0.369813	1.021282	3.157226
180	43	1.766131	0.486415	2.178264	4.430810
180	44	1.766131	0.397280	1.293823	3.457234
180	45	1.766131	0.383293	1.155036	3.304460
180	46	1.766131	0.497656	2.448694	4.712481
180	47	1.766131	0.369813	1.021282	3.157226
180	48	1.766131	0.429470	1.613226	3.808827
180	49	1.766131	0.422158	1.540672	3.728960
180	50	1.766131	0.429470	1.613226	3.808827
180	51	1.766131	0.422158	1.540672	3.728960
180	52	1.766131	0.385886	1.180771	3.332788
180	53	1.766131	0.369813	1.021282	3.157226
180	54	1.766131	0.394943	1.747310	3.908384
180	55	1.766131	0.408528	1.405430	3.580089
180	56	1.766131	0.449339	1.810380	4.025850
180	57	1.766131	0.418046	1.499873	3.684050
180	58	1.766131	0.458154	1.897850	4.122135
180	59	1.766131	0.462696	1.942911	4.171737
180	60	1.766131	0.508464	2.397051	4.671646
180	61	1.766131	0.490691	2.220691	4.477513
180	62	1.766131	0.425148	1.570347	3.761626
180	63	1.766131	0.397280	1.293823	3.457234
180	64	1.766131	0.473091	2.046059	4.285281
180	65	1.766131	0.457889	1.895214	4.119234
180	66	1.766131	0.490691	2.220691	4.477513
180	67	1.766131	0.462696	1.942911	4.171737
180	68	1.766131	0.407799	1.398203	3.572134
180	69	1.766131	0.387930	1.201046	3.355107
180	70	1.766131	0.425506	1.573899	3.765536
180	71	1.766131	0.465939	1.975089	4.207158
180	72	1.766131	0.490691	2.220691	4.477513
180	73	1.766131	0.459889	1.915060	4.141080
180	74	1.766131	0.458154	1.897850	4.122135
180	75	1.766131	0.499719	2.310280	4.576130
180	76	1.766131	0.480881	2.123360	4.370373
180	77	1.766131	0.465939	1.975089	4.207158
180	78	1.766131	0.461372	1.929780	4.157283
180	79	1.766131	0.465658	1.972306	4.204095
180	80	1.766131	0.410097	1.421005	3.597233
180	81	1.766131	0.488583	2.199783	4.454497
180	82	1.766131	0.487319	2.187232	4.440682
180	83	1.766131	0.457889	1.895214	4.119234
180	84	1.766131	0.387930	1.201046	3.355107
180	85	1.766131	0.499634	2.309433	4.575198
180	86	1.766131	0.457889	1.895214	4.119234
180	87	1.766131	0.412602	1.445859	3.624592
180	88	1.766131	0.415961	1.479190	3.661282
180	89	1.766131	0.416317	1.482720	3.665168
180	90	1.766131	0.479941	2.114026	4.360097
180	91	1.766131	0.407799	1.398203	3.572134
180	92	1.766131	0.458368	1.899971	4.124470
180	93	1.766131	0.408528	1.405430	3.580089
180	94	1.766131	0.462696	1.942911	4.171737
180	95	1.766131	0.414005	1.459783	3.639920
180	96	1.766131	0.387930	1.201046	3.355107
180	97	1.766131	0.419674	1.516032	3.701837
180	98	1.766131	0.483793	2.152252	4.402176
180	99	1.766131	0.359870	1.664119	3.790120
181	0	1.762844	0.468237	1.997892	4.228972
181	1	1.762844	0.485991	2.174057	4.422891
181	2	1.762844	0.482379	2.138221	4.383445
181	3	1.762844	0.382329	1.145473	3.290647
181	4	1.762844	0.455197	1.868504	4.086545
181	5	1.762844	0.478261	2.097359	4.338464
181	6	1.762844	0.423121	1.550236	3.736202
181	7	1.762844	0.448963	1.806644	4.018451
181	8	1.762844	0.384457	1.166589	3.313890
181	9	1.762844	0.497335	2.286624	4.546803
181	10	1.762844	0.411122	1.431172	3.605138
181	11	1.762844	0.411430	1.910906	4.085181
181	12	1.762844	0.411961	1.439495	3.614300
181	13	1.762844	0.402532	1.345935	3.511311
181	14	1.762844	0.394560	1.266832	3.424236
181	15	1.762844	0.476337	2.237156	4.476337
181	16	1.762844	0.462110	1.937095	4.162049
181	17	1.762844	0.452786	1.844585	4.060216
181	18	1.762844	0.478261	2.097359	4.338464
181	19	1.762844	0.476337	2.237156	4.476337
181	20	1.762844	0.411961	1.439495	3.614300
181	21	1.762844	0.405729	1.377658	3.546231
181	22	1.762844	0.405098	1.371395	3.539337
181	23	1.762844	0.405179	1.372205	3.540229
181	24	1.762844	0.402532	1.345935	3.511311
181	25	1.762844	0.547039	2.779805	5.089688
181	26	1.762844	0.470736	2.022691	4.256271
181	27	1.762844	0.477011	2.084957	4.324813
181	28	1.762844	0.384457	1.166589	3.313890
181	29	1.762844	0.411426	1.434186	3.608456
181	30	1.762844	0.417082	1.490306	3.670232
181	31	1.762844	0.442296	1.740495	3.945635
181	32	1.762844	0.483939	2.153703	4.400487
181	33	1.762844	0.405098	1.371395	3.539337
181	34	1.762844	0.405179	1.372205	3.540229
181	35	1.762844	0.456729	2.148524	4.368097
181	36	1.762844	0.364092	0.964514	3.091450
181	37	1.762844	0.411426	1.434186	3.608456
181	38	1.762844	0.514216	2.560045	4.837105
181	39	1.762844	0.471520	2.030471	4.264836
181	40	1.762844	0.405729	1.377658	3.546231
181	41	1.762844	0.416543	1.484962	3.664349
181	42	1.762844	0.505190	2.364564	4.632598
181	43	1.762844	0.511916	2.431300	4.706060
181	44	1.762844	0.438565	1.703472	3.904880
181	45	1.762844	0.456729	2.148524	4.368097
181	46	1.762844	0.446342	1.780643	3.989829
181	47	1.762844	0.454970	1.866252	4.084066
181	48	1.762844	0.405098	1.371395	3.539337
181	49	1.762844	0.432128	1.639602	3.834574
181	50	1.762844	0.406214	1.382477	3.551536
181	51	1.762844	0.406214	1.382477	3.551536
181	52	1.762844	0.449591	1.812881	4.025316
181	53	1.762844	0.416543	1.484962	3.664349
181	54	1.762844	0.446720	1.784394	3.993958
181	55	1.762844	0.517918	2.543816	4.824577
181	56	1.762844	0.478261	2.097359	4.338464
181	57	1.762844	0.462110	1.937095	4.162049
181	58	1.762844	0.461582	2.249641	4.474067
181	59	1.762844	0.455590	1.872408	4.090842
181	60	1.762844	0.437523	1.693137	3.893505
181	61	1.762844	0.467700	1.992566	4.223111
181	62	1.762844	0.411122	1.431172	3.605138
181	63	1.762844	0.394560	1.266832	3.424236
181	64	1.762844	0.405729	1.377658	3.546231
181	65	1.762844	0.435692	1.674966	3.873503
181	66	1.762844	0.432128	1.639602	3.834574
181	67	1.762844	0.467700	1.992566	4.223111
181	68	1.762844	0.405098	1.371395	3.539337
181	69	1.762844	0.446342	1.780643	3.989829
181	70	1.762844	0.465567	1.971400	4.199811
181	71	1.762844	0.384457	1.166589	3.313890
181	72	1.762844	0.407126	1.815236	3.985206
181	73	1.762844	0.370350	1.026612	3.159806
181	74	1.762844	0.511071	2.422912	4.696827
181	75	1.762844	0.448963	1.806644	4.018451
181	76	1.762844	0.509913	2.411425	4.684182
181	77	1.762844	0.472210	2.037321	4.272376
181	78	1.762844	0.470736	2.022691	4.256271
181	79	1.762844	0.463615	1.952033	4.178492
181	80	1.762844	0.470472	2.020071	4.253387
181	81	1.762844	0.414706	1.466735	3.644285
181	82	1.762844	0.405098	1.371395	3.539337
181	83	1.762844	0.441510	2.156402	4.360756
181	84	1.762844	0.414706	1.466735	3.644285
181	85	1.762844	0.478261	2.097359	4.338464
181	86	1.762844	0.466132	1.977010	4.205986
181	87	1.762844	0.470472	2.020071	4.253387
181	88	1.762844	0.406214	1.382477	3.551536
181	89	1.762844	0.370350	1.026612	3.159806
181	90	1.762844	0.464486	1.960680	4.188011
181	91	1.762844	0.431714	1.635491	3.830049
181	92	1.762844	0.478218	2.096937	4.338000
181	93	1.762844	0.455197	1.868504	4.086545
181	94	1.762844	0.505190	2.364564	4.632598
181	95	1.762844	0.488811	2.202036	4.453691
181	96	1.762844	0.448784	1.804872	4.016500
181	97	1.762844	0.488811	2.202036	4.453691
181	98	1.762844	0.431714	1.635491	3.830049
181	99	1.762844	0.411122	1.431172	3.605138
182	0	1.771439	0.495410	2.267518	4.534367
182	1	1.771439	0.507729	2.389752	4.668919
182	2	1.771439	0.408221	1.402391	3.582051
182	3	1.771439	0.455836	1.874849	4.102124
182	4	1.771439	0.373629	1.059145	3.204212
182	5	1.771439	0.417550	1.494951	3.683940
182	6	1.771439	0.415566	1.475270	3.662274
182	7	1.771439	0.431583	1.951980	4.155002
182	8	1.771439	0.447386	1.790998	4.009822
182	9	1.771439	0.408221	1.402391	3.582051
182	10	1.771439	0.439639	1.714134	3.925212
182	11	1.771439	0.389664	1.218252	3.379355
182	12	1.771439	0.448057	1.797662	4.017157
182	13	1.771439	0.320836	1.382730	3.475004
182	14	1.771439	0.449256	1.809559	4.030254
182	15	1.771439	0.410584	1.425833	3.607855
182	16	1.771439	0.435015	1.668253	3.874707
182	17	1.771439	0.410584	1.425833	3.607855
182	18	1.771439	0.514208	2.507007	4.792654
182	19	1.771439	0.506599	2.378538	4.656575
182	20	1.771439	0.441449	1.732088	3.944975
182	21	1.771439	0.442915	1.746637	3.960990
182	22	1.771439	0.459790	1.914079	4.145308
182	23	1.771439	0.439639	1.714134	3.925212
182	24	1.771439	0.449256	1.809559	4.030254
182	25	1.771439	0.428281	1.601430	3.801149
182	26	1.771439	0.459790	1.914079	4.145308
182	27	1.771439	0.478016	2.094923	4.344377
182	28	1.771439	0.423230	2.133915	4.328584
182	29	1.771439	0.373629	1.059145	3.204212
182	30	1.771439	0.484576	2.160019	4.416033
182	31	1.771439	0.403894	1.359450	3.534782
182	32	1.771439	0.452118	1.837952	4.061508
182	33	1.771439	0.478016	2.094923	4.344377
182	34	1.771439	0.485049	2.164710	4.421197
182	35	1.771439	0.368066	1.003944	3.143448
182	36	1.771439	0.430861	1.627032	3.829332
182	37	1.771439	0.447386	1.790998	4.009822
182	38	1.771439	0.463448	1.950377	4.185264
182	39	1.771439	0.460931	1.925404	4.157774
182	40	1.771439	0.493677	2.250326	4.515441
182	41	1.771439	0.410584	1.425833	3.607855
182	42	1.771439	0.373629	1.059145	3.204212
182	43	1.771439	0.423282	1.551834	3.746555
182	44	1.771439	0.412494	1.444787	3.628720
182	45	1.771439	0.453762	1.854264	4.079465
182	46	1.771439	0.438107	1.698927	3.908472
182	47	1.771439	0.508194	2.500294	4.779927
182	48	1.771439	0.519952	2.511041	4.802432
182	49	1.771439	0.453833	1.854969	4.080240
182	50	1.771439	0.457806	1.894397	4.123642
182	51	1.771439	0.477408	2.088897	4.337744
182	52	1.771439	0.412494	1.444787	3.628720
182	53	1.771439	0.468895	2.004421	4.244755
182	54	1.771439	0.494739	2.260859	4.527036
182	55	1.771439	0.451672	1.833531	4.056642
182	56	1.771439	0.484576	2.160019	4.416033
182	57	1.771439	0.430100	1.619477	3.821015
182	58	1.771439	0.468895	2.004421	4.244755
182	59	1.771439	0.410584	1.425833	3.607855
182	60	1.771439	0.471519	2.030464	4.273421
182	61	1.771439	0.492398	2.237637	4.501474
182	62	1.771439	0.470928	2.024595	4.266961
182	63	1.771439	0.477408	2.088897	4.337744
182	64	1.771439	0.535546	2.665771	4.972755
182	65	1.771439	0.453762	1.854264	4.079465
182	66	1.771439	0.408221	1.402391	3.582051
182	67	1.771439	0.472409	2.039295	4.283143
182	68	1.771439	0.435015	1.668253	3.874707
182	69	1.771439	0.476858	2.083440	4.331736
182	70	1.771439	0.502763	2.340485	4.614687
182	71	1.771439	0.492565	2.239294	4.503298
182	72	1.771439	0.415566	1.475270	3.662274
182	73	1.771439	0.493677	2.250326	4.515441
182	74	1.771439	0.406931	1.654402	3.832771
182	75	1.771439	0.425221	1.571069	3.767729
182	76	1.771439	0.460931	1.925404	4.157774
182	77	1.771439	0.457806	1.894397	4.123642
182	78	1.771439	0.425221	1.571069	3.767729
182	79	1.771439	0.454222	1.858830	4.084490
182	80	1.771439	0.514208	2.507007	4.792654
182	81	1.771439	0.451672	1.833531	4.056642
182	82	1.771439	0.441449	1.732088	3.944975
182	83	1.771439	0.430100	1.619477	3.821015
182	84	1.771439	0.453762	1.854264	4.079465
182	85	1.771439	0.476858	2.083440	4.331736
182	86	1.771439	0.492565	2.239294	4.503298
182	87	1.771439	0.471519	2.030464	4.273421
182	88	1.771439	0.423282	1.551834	3.746555
182	89	1.771439	0.462062	2.201444	4.434945
182	90	1.771439	0.446328	2.045322	4.263089
182	91	1.771439	0.428281	1.601430	3.801149
182	92	1.771439	0.442915	1.746637	3.960990
182	93	1.771439	0.430861	1.627032	3.829332
182	94	1.771439	0.502128	2.440110	4.713677
182	95	1.771439	0.389664	1.218252	3.379355
182	96	1.771439	0.447386	1.790998	4.009822
182	97	1.771439	0.457407	1.890430	4.119275
182	98	1.771439	0.417550	1.494951	3.683940
182	99	1.771439	0.377230	1.094882	3.243551
183	0	1.678057	0.420598	1.525193	3.623848
183	1	1.678057	0.467555	1.991128	4.136740
183	2	1.678057	0.437814	1.696024	3.811895
183	3	1.678057	0.393283	1.254165	3.325505
183	4	1.678057	0.395416	1.857931	3.931404
183	5	1.678057	0.467555	1.991128	4.136740
183	6	1.678057	0.456139	1.877851	4.012047
183	7	1.678057	0.426487	1.583630	3.688174
183	8	1.678057	0.479830	2.112923	4.270809
183	9	1.678057	0.469177	2.007227	4.154461
183	10	1.678057	0.432111	1.639440	3.749608
183	11	1.678057	0.410740	1.798129	3.886926
183	12	1.678057	0.427454	1.593225	3.698736
183	13	1.678057	0.453089	1.847585	3.978731
183	14	1.678057	0.459879	2.179778	4.317713
183	15	1.678057	0.474917	2.381959	4.534933
183	16	1.678057	0.427454	1.593225	3.698736
183	17	1.678057	0.426487	1.583630	3.688174
183	18	1.678057	0.449109	1.808098	3.935264
183	19	1.678057	0.400591	1.326675	3.405323
183	20	1.678057	0.434881	1.666916	3.779854
183	21	1.678057	0.414268	1.462383	3.554708
183	22	1.678057	0.504915	2.361831	4.544802
183	23	1.678057	0.470595	2.021294	4.169946
183	24	1.678057	0.493536	2.248926	4.420519
183	25	1.678057	0.469177	2.007227	4.154461
183	26	1.678057	0.476931	2.084160	4.239148
183	27	1.678057	0.432111	1.639440	3.749608
183	28	1.678057	0.460856	1.924656	4.063569
183	29	1.678057	0.466589	1.981541	4.126186
183	30	1.678057	0.460856	1.924656	4.063569
183	31	1.678057	0.468708	2.002571	4.149336
183	32	1.678057	0.427454	1.593225	3.698736
183	33	1.678057	0.492877	2.242382	4.413315
183	34	1.678057	0.489985	2.213689	4.381731
183	35	1.678057	0.414268	1.462383	3.554708
183	36	1.678057	0.448576	1.802804	3.929437
183	37	1.678057	0.391085	1.761988	3.831129
183	38	1.678057	0.489985	2.213689	4.381731
183	39	1.678057	0.464129	1.957135	4.099321
183	40	1.678057	0.504915	2.361831	4.544802
183	41	1.678057	0.400591	1.326675	3.405323
183	42	1.678057	0.467555	1.991128	4.136740
183	43	1.678057	0.492206	2.235732	4.405995
183	44	1.678057	0.530514	2.615839	4.824409
183	45	1.678057	0.464223	1.958071	4.100351
183	46	1.678057	0.468708	2.002571	4.149336
183	47	1.678057	0.427454	1.593225	3.698736
183	48	1.678057	0.437427	1.692187	3.807671
183	49	1.678057	0.420598	1.525193	3.623848
183	50	1.678057	0.464223	1.958071	4.100351
183	51	1.678057	0.492206	2.235732	4.405995
183	52	1.678057	0.444851	1.765845	3.888753
183	53	1.678057	0.477284	2.087660	4.243000
183	54	1.678057	0.464129	1.957135	4.099321
183	55	1.678057	0.492877	2.242382	4.413315
183	56	1.678057	0.426487	1.583630	3.688174
183	57	1.678057	0.403576	1.356300	3.437933
183	58	1.678057	0.400591	1.326675	3.405323
183	59	1.678057	0.466589	1.981541	4.126186
183	60	1.678057	0.464223	1.958071	4.100351
183	61	1.678057	0.469177	2.007227	4.154461
183	62	1.678057	0.448466	1.801718	3.928241
183	63	1.678057	0.395416	1.857931	3.931404
183	64	1.678057	0.464223	1.958071	4.100351
183	65	1.678057	0.479830	2.112923	4.270809
183	66	1.678057	0.453089	1.847585	3.978731
183	67	1.678057	0.493536	2.248926	4.420519
183	68	1.678057	0.463085	1.946775	4.087917
183	69	1.678057	0.415747	1.477067	3.570871
183	70	1.678057	0.415747	1.477067	3.570871
183	71	1.678057	0.534803	2.658401	4.871261
183	72	1.678057	0.466589	1.981541	4.126186
183	73	1.678057	0.428200	1.600628	3.706885
183	74	1.678057	0.504915	2.361831	4.544802
183	75	1.678057	0.501952	2.332435	4.512444
183	76	1.678057	0.415747	1.477067	3.570871
183	77	1.678057	0.444851	1.765845	3.888753
183	78	1.678057	0.488552	2.199473	4.366082
183	79	1.678057	0.464121	1.957052	4.099230
183	80	1.678057	0.453089	1.847585	3.978731
183	81	1.678057	0.478292	2.309521	4.465869
183	82	1.678057	0.471019	2.025496	4.174572
183	83	1.678057	0.442568	1.743196	3.863821
183	84	1.678057	0.454830	1.864866	3.997753
183	85	1.678057	0.426487	1.583630	3.688174
183	86	1.678057	0.494464	2.417024	4.589545
183	87	1.678057	0.453089	1.847585	3.978731
183	88	1.678057	0.492206	2.235732	4.405995
183	89	1.678057	0.489885	2.265659	4.433601
183	90	1.678057	0.504915	2.361831	4.544802
183	91	1.678057	0.428341	1.602028	3.708425
183	92	1.678057	0.428200	1.600628	3.706885
183	93	1.678057	0.464121	1.957052	4.099230
183	94	1.678057	0.434881	1.666916	3.779854
183	95	1.678057	0.457873	1.895055	4.030985
183	96	1.678057	0.504915	2.361831	4.544802
183	97	1.678057	0.488011	2.247066	4.413134
183	98	1.678057	0.444851	1.765845	3.888753
183	99	1.678057	0.437814	1.696024	3.811895
184	0	1.690907	0.405717	1.377545	3.474169
184	1	1.690907	0.461804	1.934065	4.086777
184	2	1.690907	0.404217	1.362655	3.457779
184	3	1.690907	0.494552	2.259004	4.444464
184	4	1.690907	0.552672	2.835702	5.079281
184	5	1.690907	0.412576	1.445602	3.549085
184	6	1.690907	0.398184	1.302794	3.391886
184	7	1.690907	0.499880	2.311876	4.502664
184	8	1.690907	0.516126	2.473076	4.680110
184	9	1.690907	0.398720	1.308112	3.397739
184	10	1.690907	0.417648	1.495926	3.604481
184	11	1.690907	0.423605	1.555032	3.669544
184	12	1.690907	0.508585	2.398251	4.597744
184	13	1.690907	0.385242	1.174379	3.250529
184	14	1.690907	0.433154	1.649784	3.773845
184	15	1.690907	0.429433	1.612863	3.733203
184	16	1.690907	0.525055	2.614637	4.830599
184	17	1.690907	0.430335	1.621809	3.743051
184	18	1.690907	0.429433	1.612863	3.733203
184	19	1.690907	0.385242	1.174379	3.250529
184	20	1.690907	0.419295	1.512266	3.622468
184	21	1.690907	0.398720	1.308112	3.397739
184	22	1.690907	0.461804	1.934065	4.086777
184	23	1.690907	0.433493	1.653148	3.777548
184	24	1.690907	0.429433	1.612863	3.733203
184	25	1.690907	0.382992	1.152050	3.225949
184	26	1.690907	0.479079	2.105476	4.275462
184	27	1.690907	0.453195	1.848643	3.992745
184	28	1.690907	0.406827	1.388551	3.486285
184	29	1.690907	0.405717	1.377545	3.474169
184	30	1.690907	0.492571	2.239350	4.422828
184	31	1.690907	0.423605	1.555032	3.669544
184	32	1.690907	0.448513	1.802183	3.941604
184	33	1.690907	0.471473	2.030001	4.192381
184	34	1.690907	0.453195	1.848643	3.992745
184	35	1.690907	0.454115	2.175548	4.320570
184	36	1.690907	0.494672	2.260196	4.445775
184	37	1.690907	0.456603	1.882458	4.029969
184	38	1.690907	0.479038	2.316919	4.486864
184	39	1.690907	0.419500	1.514302	3.624709
184	40	1.690907	0.370375	1.026859	3.088141
184	41	1.690907	0.473755	2.052645	4.217307
184	42	1.690907	0.473755	2.052645	4.217307
184	43	1.690907	0.363683	0.960457	3.015047
184	44	1.690907	0.429433	1.612863	3.733203
184	45	1.690907	0.500355	2.369550	4.560813
184	46	1.690907	0.423605	1.555032	3.669544
184	47	1.690907	0.461804	1.934065	4.086777
184	48	1.690907	0.457922	1.895544	4.044373
184	49	1.690907	0.419295	1.512266	3.622468
184	50	1.690907	0.496249	2.275844	4.463001
184	51	1.690907	0.412576	1.445602	3.549085
184	52	1.690907	0.465367	1.969414	4.125688
184	53	1.690907	0.420633	1.525546	3.637086
184	54	1.690907	0.442373	1.741255	3.874535
184	55	1.690907	0.423432	1.553321	3.667660
184	56	1.690907	0.433607	1.813166	3.937680
184	57	1.690907	0.352443	1.643389	3.686739
184	58	1.690907	0.489564	2.209515	4.389987
184	59	1.690907	0.404217	1.362655	3.457779
184	60	1.690907	0.433824	1.656436	3.781167
184	61	1.690907	0.506686	2.538301	4.735895
184	62	1.690907	0.417648	1.495926	3.604481
184	63	1.690907	0.457922	1.895544	4.044373
184	64	1.690907	0.405717	1.377545	3.474169
184	65	1.690907	0.386547	1.187324	3.264778
184	66	1.690907	0.382992	1.152050	3.225949
184	67	1.690907	0.442607	1.743582	3.877097
184	68	1.690907	0.456603	1.882458	4.029969
184	69	1.690907	0.492571	2.239350	4.422828
184	70	1.690907	0.419295	1.512266	3.622468
184	71	1.690907	0.489564	2.209515	4.389987
184	72	1.690907	0.423432	1.553321	3.667660
184	73	1.690907	0.385242	1.174379	3.250529
184	74	1.690907	0.471473	2.030001	4.192381
184	75	1.690907	0.471473	2.030001	4.192381
184	76	1.690907	0.423432	1.553321	3.667660
184	77	1.690907	0.505819	2.370799	4.567524
184	78	1.690907	0.477382	2.088636	4.256925
184	79	1.690907	0.433824	1.656436	3.781167
184	80	1.690907	0.406827	1.388551	3.486285
184	81	1.690907	0.370375	1.026859	3.088141
184	82	1.690907	0.479038	2.316919	4.486864
184	83	1.690907	0.447934	1.796437	3.935278
184	84	1.690907	0.455730	1.873795	4.020432
184	85	1.690907	0.430677	1.625208	3.746792
184	86	1.690907	0.447584	1.792961	3.931452
184	87	1.690907	0.420127	1.520526	3.631560
184	88	1.690907	0.478088	2.095639	4.264634
184	89	1.690907	0.363683	0.960457	3.015047
184	90	1.690907	0.430677	1.625208	3.746792
184	91	1.690907	0.538808	2.698136	4.927851
184	92	1.690907	0.424752	1.566420	3.682080
184	93	1.690907	0.423432	1.553321	3.667660
184	94	1.690907	0.434450	1.980424	4.105781
184	95	1.690907	0.406827	1.388551	3.486285
184	96	1.690907	0.488059	2.194579	4.373545
184	97	1.690907	0.430677	1.625208	3.746792
184	98	1.690907	0.458356	1.899846	4.049109
184	99	1.690907	0.391713	1.768226	3.850847
185	0	1.678618	0.390929	1.230806	3.300353
185	1	1.678618	0.431115	1.894373	4.004106
185	2	1.678618	0.372373	1.046685	3.097677
185	3	1.678618	0.514939	2.461296	4.654854
185	4	1.678618	0.505293	2.365580	4.549491
185	5	1.678618	0.463639	1.952269	4.094526
185	6	1.678618	0.456993	1.886322	4.021933
185	7	1.678618	0.434413	1.662274	3.775305
185	8	1.678618	0.459817	1.914347	4.052783
185	9	1.678618	0.511392	2.426102	4.616112
185	10	1.678618	0.503251	2.345323	4.527192
185	11	1.678618	0.424579	2.041373	4.144570
185	12	1.678618	0.506751	2.485977	4.671346
185	13	1.678618	0.414136	1.461081	3.553836
185	14	1.678618	0.458714	1.903404	4.040737
185	15	1.678618	0.418703	1.506390	3.603711
185	16	1.678618	0.423543	1.554420	3.656582
185	17	1.678618	0.468519	2.000697	4.147834
185	18	1.678618	0.490973	2.223497	4.393088
185	19	1.678618	0.444769	1.765036	3.888424
185	20	1.678618	0.506025	2.372846	4.557489
185	21	1.678618	0.415594	1.475541	3.569753
185	22	1.678618	0.422294	1.542021	3.642933
185	23	1.678618	0.463639	1.952269	4.094526
185	24	1.678618	0.444768	1.765027	3.888413
185	25	1.678618	0.490387	2.217677	4.386682
185	26	1.678618	0.424579	2.041373	4.144570
185	27	1.678618	0.464875	1.964538	4.108032
185	28	1.678618	0.455819	1.874678	4.009116
185	29	1.678618	0.401976	1.340418	3.421012
185	30	1.678618	0.427522	1.593902	3.700042
185	31	1.678618	0.444769	1.765036	3.888424
185	32	1.678618	0.427522	1.593902	3.700042
185	33	1.678618	0.427522	1.593902	3.700042
185	34	1.678618	0.490387	2.217677	4.386682
185	35	1.678618	0.427522	1.593902	3.700042
185	36	1.678618	0.434413	1.662274	3.775305
185	37	1.678618	0.521323	2.524638	4.724578
185	38	1.678618	0.495638	2.269780	4.444036
185	39	1.678618	0.372373	1.046685	3.097677
185	40	1.678618	0.390929	1.230806	3.300353
185	41	1.678618	0.460956	1.925651	4.065225
185	42	1.678618	0.479634	2.110987	4.269240
185	43	1.678618	0.484221	2.156496	4.319336
185	44	1.678618	0.422045	1.539554	3.640218
185	45	1.678618	0.484221	2.156496	4.319336
185	46	1.678618	0.423543	1.554420	3.656582
185	47	1.678618	0.444768	1.765027	3.888413
185	48	1.678618	0.478389	2.098630	4.255638
185	49	1.678618	0.479634	2.110987	4.269240
185	50	1.678618	0.444769	1.765036	3.888424
185	51	1.678618	0.484221	2.156496	4.319336
185	52	1.678618	0.439777	1.715503	3.833898
185	53	1.678618	0.458955	1.905796	4.043369
185	54	1.678618	0.464875	1.964538	4.108032
185	55	1.678618	0.455860	1.875084	4.009562
185	56	1.678618	0.448816	1.805189	3.932623
185	57	1.678618	0.421237	1.531542	3.631397
185	58	1.678618	0.460956	1.925651	4.065225
185	59	1.678618	0.443186	1.749331	3.871136
185	60	1.678618	0.410482	1.424817	3.513916
185	61	1.678618	0.490387	2.217677	4.386682
185	62	1.678618	0.490387	2.217677	4.386682
185	63	1.678618	0.414050	1.460229	3.552898
185	64	1.678618	0.427522	1.593902	3.700042
185	65	1.678618	0.493091	2.297468	4.469177
185	66	1.678618	0.320719	1.381570	3.380908
185	67	1.678618	0.441965	1.737215	3.857798
185	68	1.678618	0.386147	1.712999	3.777764
185	69	1.678618	0.451608	1.832891	3.963117
185	70	1.678618	0.441965	1.737215	3.857798
185	71	1.678618	0.464875	1.964538	4.108032
185	72	1.678618	0.514939	2.461296	4.654854
185	73	1.678618	0.463639	1.952269	4.094526
185	74	1.678618	0.414158	1.461293	3.554069
185	75	1.678618	0.414158	1.461293	3.554069
185	76	1.678618	0.524457	2.608701	4.811777
185	77	1.678618	0.410482	1.424817	3.513916
185	78	1.678618	0.423543	1.554420	3.656582
185	79	1.678618	0.461254	1.928608	4.068480
185	80	1.678618	0.372373	1.046685	3.097677
185	81	1.678618	0.427522	1.593902	3.700042
185	82	1.678618	0.439777	1.715503	3.833898
185	83	1.678618	0.390929	1.230806	3.300353
185	84	1.678618	0.455819	1.874678	4.009116
185	85	1.678618	0.414136	1.461081	3.553836
185	86	1.678618	0.410482	1.424817	3.513916
185	87	1.678618	0.481774	2.132214	4.292606
185	88	1.678618	0.371542	1.038443	3.088603
185	89	1.678618	0.458955	1.905796	4.043369
185	90	1.678618	0.401976	1.340418	3.421012
185	91	1.678618	0.515303	2.570840	4.764761
185	92	1.678618	0.443186	1.749331	3.871136
185	93	1.678618	0.422045	1.539554	3.640218
185	94	1.678618	0.438565	1.968298	4.085482
185	95	1.678618	0.447346	1.790605	3.916569
185	96	1.678618	0.418703	1.506390	3.603711
185	97	1.678618	0.419351	1.512826	3.610795
185	98	1.678618	0.460956	1.925651	4.065225
185	99	1.678618	0.441965	1.737215	3.857798
186	0	1.695212	0.459340	1.909612	4.064164
186	1	1.695212	0.455540	2.136725	4.287477
186	2	1.695212	0.476805	2.082916	4.254934
186	3	1.695212	0.412011	1.439993	3.547216
186	4	1.695212	0.413243	1.452219	3.560674
186	5	1.695212	0.463263	1.948538	4.107013
186	6	1.695212	0.508635	2.398748	4.602596
186	7	1.695212	0.486813	2.182217	4.364242
186	8	1.695212	0.494593	2.259411	4.449216
186	9	1.695212	0.487497	2.189002	4.371711
186	10	1.695212	0.436061	1.678627	3.809900
186	11	1.695212	0.524356	2.554735	4.774303
186	12	1.695212	0.514695	2.564805	4.774712
186	13	1.695212	0.425190	1.570760	3.691162
186	14	1.695212	0.433624	1.654445	3.783281
186	15	1.695212	0.433624	1.654445	3.783281
186	16	1.695212	0.471159	2.026891	4.193263
186	17	1.695212	0.481338	2.127891	4.304441
186	18	1.695212	0.473254	2.047675	4.216141
186	19	1.695212	0.429390	1.612437	3.737039
186	20	1.695212	0.488313	2.197104	4.380630
186	21	1.695212	0.495084	2.264283	4.454579
186	22	1.695212	0.413243	1.452219	3.560674
186	23	1.695212	0.473254	2.047675	4.216141
186	24	1.695212	0.467767	2.258046	4.421025
186	25	1.695212	0.427885	1.597506	3.720603
186	26	1.695212	0.469819	2.013590	4.178621
186	27	1.695212	0.446117	1.778413	3.919743
186	28	1.695212	0.436061	1.678627	3.809900
186	29	1.695212	0.389664	1.218257	3.303134
186	30	1.695212	0.521614	2.527524	4.744350
186	31	1.695212	0.425190	1.570760	3.691162
186	32	1.695212	0.480598	2.120549	4.296359
186	33	1.695212	0.436944	1.687392	3.819549
186	34	1.695212	0.425190	1.570760	3.691162
186	35	1.695212	0.478541	2.100134	4.273887
186	36	1.695212	0.430100	1.619483	3.744795
186	37	1.695212	0.480865	2.123197	4.299274
186	38	1.695212	0.489863	2.212480	4.397555
186	39	1.695212	0.413243	1.452219	3.560674
186	40	1.695212	0.431918	1.637518	3.764648
186	41	1.695212	0.434971	1.667817	3.798001
186	42	1.695212	0.494593	2.259411	4.449216
186	43	1.695212	0.496771	2.439916	4.631899
186	44	1.695212	0.434971	1.667817	3.798001
186	45	1.695212	0.424848	1.567369	3.687429
186	46	1.695212	0.445161	2.086708	4.227081
186	47	1.695212	0.481338	2.127891	4.304441
186	48	1.695212	0.471584	2.031110	4.197906
186	49	1.695212	0.501011	2.323099	4.519322
186	50	1.695212	0.458780	1.904059	4.058051
186	51	1.695212	0.412672	1.446547	3.554431
186	52	1.695212	0.427885	1.597506	3.720603
186	53	1.695212	0.470261	2.017975	4.183448
186	54	1.695212	0.412011	1.439993	3.547216
186	55	1.695212	0.435949	1.677514	3.808674
186	56	1.695212	0.396049	1.864208	3.955469
186	57	1.695212	0.435949	1.677514	3.808674
186	58	1.695212	0.413243	1.452219	3.560674
186	59	1.695212	0.470489	2.020238	4.185939
186	60	1.695212	0.368866	1.011882	3.075960
186	61	1.695212	0.470261	2.017975	4.183448
186	62	1.695212	0.501011	2.323099	4.519322
186	63	1.695212	0.521614	2.527524	4.744350
186	64	1.695212	0.376105	1.083713	3.155030
186	65	1.695212	0.450212	1.819043	3.964467
186	66	1.695212	0.504887	2.361556	4.561656
186	67	1.695212	0.429390	1.612437	3.737039
186	68	1.695212	0.471159	2.026891	4.193263
186	69	1.695212	0.455169	1.868230	4.018611
186	70	1.695212	0.502755	2.340404	4.538371
186	71	1.695212	0.461205	1.928122	4.084539
186	72	1.695212	0.470261	2.017975	4.183448
186	73	1.695212	0.450212	1.819043	3.964467
186	74	1.695212	0.470261	2.017975	4.183448
186	75	1.695212	0.455169	1.868230	4.018611
186	76	1.695212	0.466756	1.983198	4.145166
186	77	1.695212	0.402486	1.822159	3.919857
186	78	1.695212	0.482130	2.135751	4.313093
186	79	1.695212	0.402718	1.347782	3.445712
186	80	1.695212	0.470261	2.017975	4.183448
186	81	1.695212	0.425965	1.578454	3.699631
186	82	1.695212	0.463263	1.948538	4.107013
186	83	1.695212	0.427885	1.597506	3.720603
186	84	1.695212	0.429390	1.612437	3.737039
186	85	1.695212	0.412672	1.446547	3.554431
186	86	1.695212	0.528904	2.652825	4.876940
186	87	1.695212	0.503640	2.349184	4.548037
186	88	1.695212	0.430100	1.619483	3.744795
186	89	1.695212	0.487497	2.189002	4.371711
186	90	1.695212	0.443702	1.754448	3.893362
186	91	1.695212	0.431918	1.637518	3.764648
186	92	1.695212	0.396049	1.864208	3.955469
186	93	1.695212	0.450212	1.819043	3.964467
186	94	1.695212	0.460042	1.916576	4.071830
186	95	1.695212	0.455540	2.136725	4.287477
186	96	1.695212	0.425024	1.569117	3.689354
186	97	1.695212	0.476277	2.077672	4.249161
186	98	1.695212	0.486813	2.182217	4.364242
186	99	1.695212	0.521614	2.527524	4.744350
187	0	1.728285	0.481701	2.131495	4.341481
187	1	1.728285	0.474754	2.062559	4.265598
187	2	1.728285	0.512614	2.491189	4.732087
187	3	1.728285	0.406446	1.384772	3.519503
187	4	1.728285	0.463162	1.947538	4.138985
187	5	1.728285	0.467182	1.987425	4.182891
187	6	1.728285	0.428978	1.608347	3.765609
187	7	1.728285	0.487319	2.240205	4.455809
187	8	1.728285	0.497155	2.284833	4.510272
187	9	1.728285	0.495836	2.271751	4.495873
187	10	1.728285	0.424595	1.564855	3.717735
187	11	1.728285	0.482919	2.143574	4.354778
187	12	1.728285	0.439492	1.712676	3.880453
187	13	1.728285	0.416357	1.483114	3.627755
187	14	1.728285	0.315542	1.330198	3.374025
187	15	1.728285	0.444525	1.762615	3.935426
187	16	1.728285	0.443133	1.748797	3.920215
187	17	1.728285	0.427470	1.593387	3.749142
187	18	1.728285	0.416650	1.486026	3.630961
187	19	1.728285	0.454435	1.860950	4.043670
187	20	1.728285	0.460149	1.917638	4.106072
187	21	1.728285	0.492115	2.234824	4.455224
187	22	1.728285	0.460231	1.918460	4.106976
187	23	1.728285	0.445361	1.770908	3.944554
187	24	1.728285	0.487319	2.240205	4.455809
187	25	1.728285	0.426140	1.580189	3.734614
187	26	1.728285	0.430907	1.627489	3.786681
187	27	1.728285	0.421854	1.537661	3.687799
187	28	1.728285	0.427470	1.593387	3.749142
187	29	1.728285	0.501393	2.432809	4.662487
187	30	1.728285	0.456430	1.880736	4.065451
187	31	1.728285	0.406446	1.384772	3.519503
187	32	1.728285	0.462755	1.943496	4.134535
187	33	1.728285	0.445361	1.770908	3.944554
187	34	1.728285	0.427470	1.593387	3.749142
187	35	1.728285	0.469832	2.013717	4.211834
187	36	1.728285	0.456430	1.880736	4.065451
187	37	1.728285	0.438423	1.702064	3.868772
187	38	1.728285	0.427470	1.593387	3.749142
187	39	1.728285	0.500015	2.313215	4.541515
187	40	1.728285	0.492115	2.234824	4.455224
187	41	1.728285	0.481701	2.131495	4.341481
187	42	1.728285	0.475431	2.069275	4.272990
187	43	1.728285	0.462755	1.943496	4.134535
187	44	1.728285	0.497155	2.284833	4.510272
187	45	1.728285	0.431987	1.638201	3.798472
187	46	1.728285	0.469832	2.013717	4.211834
187	47	1.728285	0.483645	2.150780	4.362710
187	48	1.728285	0.461093	1.927005	4.116382
187	49	1.728285	0.447876	1.795863	3.972024
187	50	1.728285	0.406446	1.384772	3.519503
187	51	1.728285	0.443133	1.748797	3.920215
187	52	1.728285	0.483304	2.359252	4.570841
187	53	1.728285	0.460149	1.917638	4.106072
187	54	1.728285	0.403583	1.356366	3.488233
187	55	1.728285	0.432177	1.640087	3.800549
187	56	1.728285	0.368326	1.006531	3.103142
187	57	1.728285	0.475566	2.070621	4.274472
187	58	1.728285	0.447469	1.791825	3.967579
187	59	1.728285	0.512614	2.491189	4.732087
187	60	1.728285	0.444525	1.762615	3.935426
187	61	1.728285	0.460231	1.918460	4.106976
187	62	1.728285	0.475341	2.227277	4.430903
187	63	1.728285	0.407346	1.393701	3.529331
187	64	1.728285	0.426044	1.579236	3.733565
187	65	1.728285	0.403583	1.356366	3.488233
187	66	1.728285	0.424595	1.564855	3.717735
187	67	1.728285	0.495836	2.271751	4.495873
187	68	1.728285	0.462755	1.943496	4.134535
187	69	1.728285	0.484886	2.163091	4.376262
187	70	1.728285	0.368326	1.006531	3.103142
187	71	1.728285	0.384196	1.163997	3.276478
187	72	1.728285	0.368326	1.006531	3.103142
187	73	1.728285	0.423823	1.557194	3.709302
187	74	1.728285	0.424595	1.564855	3.717735
187	75	1.728285	0.429307	1.611615	3.769207
187	76	1.728285	0.407346	1.393701	3.529331
187	77	1.728285	0.400545	1.326225	3.455055
187	78	1.728285	0.368326	1.006531	3.103142
187	79	1.728285	0.416498	1.484520	3.629304
187	80	1.728285	0.497155	2.284833	4.510272
187	81	1.728285	0.514164	2.453605	4.696053
187	82	1.728285	0.456430	1.880736	4.065451
187	83	1.728285	0.445361	1.770908	3.944554
187	84	1.728285	0.421074	1.529924	3.679283
187	85	1.728285	0.493641	2.249969	4.471895
187	86	1.728285	0.460149	1.917638	4.106072
187	87	1.728285	0.441047	1.728101	3.897433
187	88	1.728285	0.483645	2.150780	4.362710
187	89	1.728285	0.475762	2.231454	4.435501
187	90	1.728285	0.432177	1.640087	3.800549
187	91	1.728285	0.426140	1.580189	3.734614
187	92	1.728285	0.447469	1.791825	3.967579
187	93	1.728285	0.384196	1.163997	3.276478
187	94	1.728285	0.428978	1.608347	3.765609
187	95	1.728285	0.475236	2.120303	4.323823
187	96	1.728285	0.472529	2.040486	4.241300
187	97	1.728285	0.446553	1.782736	3.957574
187	98	1.728285	0.498516	2.298338	4.525139
187	99	1.728285	0.460231	1.918460	4.106976
188	0	1.693379	0.427532	1.593997	3.714909
188	1	1.693379	0.472543	2.040619	4.206541
188	2	1.693379	0.462266	1.938651	4.094296
188	3	1.693379	0.481212	2.126638	4.301230
188	4	1.693379	0.408658	1.406724	3.508762
188	5	1.693379	0.405034	1.370760	3.469173
188	6	1.693379	0.472506	2.040259	4.206144
188	7	1.693379	0.439833	1.716054	3.849266
188	8	1.693379	0.469947	2.014864	4.178191
188	9	1.693379	0.434692	1.665048	3.793120
188	10	1.693379	0.405034	1.370760	3.469173
188	11	1.693379	0.430338	1.621842	3.745559
188	12	1.693379	0.386797	1.825367	3.905543
188	13	1.693379	0.471055	2.025854	4.190288
188	14	1.693379	0.417867	1.498096	3.609342
188	15	1.693379	0.444008	1.757485	3.894873
188	16	1.693379	0.467495	1.990529	4.151403
188	17	1.693379	0.493657	2.250126	4.437163
188	18	1.693379	0.445938	1.776633	3.915950
188	19	1.693379	0.444311	1.760493	3.898183
188	20	1.693379	0.432137	1.639692	3.765209
188	21	1.693379	0.373254	1.055426	3.122060
188	22	1.693379	0.404651	1.366961	3.464991
188	23	1.693379	0.412719	1.976652	4.082750
188	24	1.693379	0.455992	1.876397	4.025769
188	25	1.693379	0.417784	1.497276	3.608439
188	26	1.693379	0.383868	1.160745	3.237993
188	27	1.693379	0.413844	1.458179	3.565402
188	28	1.693379	0.512847	2.440534	4.646760
188	29	1.693379	0.415714	1.476735	3.585829
188	30	1.693379	0.384906	1.171048	3.249334
188	31	1.693379	0.440420	1.721876	3.855675
188	32	1.693379	0.413844	1.458179	3.565402
188	33	1.693379	0.469947	2.014864	4.178191
188	34	1.693379	0.427581	1.594489	3.715450
188	35	1.693379	0.467900	2.047513	4.208792
188	36	1.693379	0.413844	1.458179	3.565402
188	37	1.693379	0.454079	1.857413	4.004871
188	38	1.693379	0.413877	1.458509	3.565765
188	39	1.693379	0.363057	0.954249	3.010686
188	40	1.693379	0.471055	2.025854	4.190288
188	41	1.693379	0.451675	1.833558	3.978613
188	42	1.693379	0.427581	1.594489	3.715450
188	43	1.693379	0.508214	2.394564	4.596157
188	44	1.693379	0.439833	1.716054	3.849266
188	45	1.693379	0.383868	1.160745	3.237993
188	46	1.693379	0.369452	1.017697	3.080528
188	47	1.693379	0.485463	2.168823	4.347665
188	48	1.693379	0.415232	1.471952	3.580563
188	49	1.693379	0.430769	1.626122	3.750271
188	50	1.693379	0.533577	2.646237	4.873193
188	51	1.693379	0.444008	1.757485	3.894873
188	52	1.693379	0.515788	2.469718	4.678885
188	53	1.693379	0.417784	1.497276	3.608439
188	54	1.693379	0.423698	1.555959	3.673037
188	55	1.693379	0.380578	1.551808	3.625765
188	56	1.693379	0.467100	1.986616	4.147096
188	57	1.693379	0.477480	2.195538	4.366397
188	58	1.693379	0.419078	1.510116	3.622573
188	59	1.693379	0.533643	2.646886	4.873908
188	60	1.693379	0.408658	1.406724	3.508762
188	61	1.693379	0.440685	1.724507	3.858570
188	62	1.693379	0.397404	1.771725	3.862508
188	63	1.693379	0.417784	1.497276	3.608439
188	64	1.693379	0.419078	1.510116	3.622573
188	65	1.693379	0.533643	2.646886	4.873908
188	66	1.693379	0.415714	1.476735	3.585829
188	67	1.693379	0.444008	1.757485	3.894873
188	68	1.693379	0.423698	1.555959	3.673037
188	69	1.693379	0.453923	1.855868	4.003171
188	70	1.693379	0.430338	1.621842	3.745559
188	71	1.693379	0.381520	1.137444	3.212343
188	72	1.693379	0.432584	2.014878	4.140842
188	73	1.693379	0.383868	1.160745	3.237993
188	74	1.693379	0.419078	1.510116	3.622573
188	75	1.693379	0.457415	1.890512	4.041306
188	76	1.693379	0.464167	1.957512	4.115059
188	77	1.693379	0.432137	1.639692	3.765209
188	78	1.693379	0.467495	1.990529	4.151403
188	79	1.693379	0.481615	2.130635	4.305629
188	80	1.693379	0.524607	2.557229	4.775215
188	81	1.693379	0.419078	1.510116	3.622573
188	82	1.693379	0.464167	1.957512	4.115059
188	83	1.693379	0.383868	1.160745	3.237993
188	84	1.693379	0.369452	1.017697	3.080528
188	85	1.693379	0.473661	2.051719	4.218759
188	86	1.693379	0.461554	1.931581	4.086514
188	87	1.693379	0.485463	2.168823	4.347665
188	88	1.693379	0.531187	2.622513	4.847079
188	89	1.693379	0.531187	2.622513	4.847079
188	90	1.693379	0.468900	2.110406	4.272686
188	91	1.693379	0.556528	2.873961	5.123868
188	92	1.693379	0.404651	1.366961	3.464991
188	93	1.693379	0.474186	2.268782	4.436347
188	94	1.693379	0.436358	1.681578	3.811316
188	95	1.693379	0.493657	2.250126	4.437163
188	96	1.693379	0.383868	1.160745	3.237993
188	97	1.693379	0.453923	1.855868	4.003171
188	98	1.693379	0.462266	1.938651	4.094296
188	99	1.693379	0.461554	1.931581	4.086514
189	0	1.678776	0.508288	2.395306	4.582370
189	1	1.678776	0.478003	2.094800	4.251579
189	2	1.678776	0.456562	1.882046	4.017383
189	3	1.678776	0.482011	2.134564	4.295350
189	4	1.678776	0.462454	1.940511	4.081740
189	5	1.678776	0.442082	1.738371	3.859229
189	6	1.678776	0.477399	2.300661	4.456836
189	7	1.678776	0.474458	2.059625	4.212859
189	8	1.678776	0.496874	2.440940	4.616590
189	9	1.678776	0.467345	1.989044	4.135165
189	10	1.678776	0.490596	2.219758	4.389130
189	11	1.678776	0.389491	1.216538	3.284804
189	12	1.678776	0.514948	2.461389	4.655113
189	13	1.678776	0.430561	1.994803	4.104140
189	14	1.678776	0.432211	1.640431	3.751418
189	15	1.678776	0.457606	1.892408	4.028789
189	16	1.678776	0.457658	1.892921	4.029354
189	17	1.678776	0.418337	1.502761	3.599874
189	18	1.678776	0.490110	2.214930	4.383816
189	19	1.678776	0.429044	1.609000	3.716819
189	20	1.678776	0.387700	1.198762	3.265237
189	21	1.678776	0.478627	2.312848	4.470251
189	22	1.678776	0.483776	2.152083	4.314635
189	23	1.678776	0.492469	2.344266	4.515511
189	24	1.678776	0.435974	2.101474	4.216223
189	25	1.678776	0.473995	2.055030	4.207801
189	26	1.678776	0.545578	2.765316	4.989670
189	27	1.678776	0.457606	1.892408	4.028789
189	28	1.678776	0.522095	2.532299	4.733170
189	29	1.678776	0.480853	2.123076	4.282705
189	30	1.678776	0.479854	2.113163	4.271793
189	31	1.678776	0.496874	2.440940	4.616590
189	32	1.678776	0.501334	2.326298	4.506407
189	33	1.678776	0.389491	1.216538	3.284804
189	34	1.678776	0.412553	1.445371	3.536700
189	35	1.678776	0.429044	1.609000	3.716819
189	36	1.678776	0.423479	1.553789	3.656044
189	37	1.678776	0.438117	1.699031	3.815924
189	38	1.678776	0.451028	1.827139	3.956942
189	39	1.678776	0.380494	1.127270	3.186540
189	40	1.678776	0.429044	1.609000	3.716819
189	41	1.678776	0.501842	2.331337	4.511954
189	42	1.678776	0.489791	2.211764	4.380331
189	43	1.678776	0.469669	2.012103	4.160548
189	44	1.678776	0.404385	1.364322	3.447483
189	45	1.678776	0.389491	1.216538	3.284804
189	46	1.678776	0.442256	1.740100	3.861132
189	47	1.678776	0.467345	1.989044	4.135165
189	48	1.678776	0.497128	2.284568	4.460472
189	49	1.678776	0.432211	1.640431	3.751418
189	50	1.678776	0.436012	1.678145	3.792932
189	51	1.678776	0.426169	1.580476	3.685421
189	52	1.678776	0.389491	1.216538	3.284804
189	53	1.678776	0.463011	1.946043	4.087830
189	54	1.678776	0.467345	1.989044	4.135165
189	55	1.678776	0.434662	1.664743	3.778180
189	56	1.678776	0.408836	1.408487	3.496099
189	57	1.678776	0.482011	2.134564	4.295350
189	58	1.678776	0.461818	1.934204	4.074798
189	59	1.678776	0.412553	1.445371	3.536700
189	60	1.678776	0.434662	1.664743	3.778180
189	61	1.678776	0.490596	2.219758	4.389130
189	62	1.678776	0.467936	1.994904	4.141615
189	63	1.678776	0.413776	1.457510	3.550062
189	64	1.678776	0.473995	2.055030	4.207801
189	65	1.678776	0.483776	2.152083	4.314635
189	66	1.678776	0.426169	1.580476	3.685421
189	67	1.678776	0.462454	1.940511	4.081740
189	68	1.678776	0.432211	1.640431	3.751418
189	69	1.678776	0.387700	1.198762	3.265237
189	70	1.678776	0.471329	2.028575	4.178680
189	71	1.678776	0.463011	1.946043	4.087830
189	72	1.678776	0.522095	2.532299	4.733170
189	73	1.678776	0.408836	1.408487	3.496099
189	74	1.678776	0.426169	1.580476	3.685421
189	75	1.678776	0.457658	1.892921	4.029354
189	76	1.678776	0.463011	1.946043	4.087830
189	77	1.678776	0.442082	1.738371	3.859229
189	78	1.678776	0.464635	1.962151	4.105561
189	79	1.678776	0.412083	1.440704	3.531562
189	80	1.678776	0.449580	1.812776	3.941132
189	81	1.678776	0.418337	1.502761	3.599874
189	82	1.678776	0.413776	1.457510	3.550062
189	83	1.678776	0.480853	2.123076	4.282705
189	84	1.678776	0.430561	1.994803	4.104140
189	85	1.678776	0.479173	2.106411	4.264360
189	86	1.678776	0.491758	2.337209	4.507743
189	87	1.678776	0.479854	2.113163	4.271793
189	88	1.678776	0.412553	1.445371	3.536700
189	89	1.678776	0.408836	1.408487	3.496099
189	90	1.678776	0.412083	1.440704	3.531562
189	91	1.678776	0.464635	1.962151	4.105561
189	92	1.678776	0.426169	1.580476	3.685421
189	93	1.678776	0.412083	1.440704	3.531562
189	94	1.678776	0.479854	2.113163	4.271793
189	95	1.678776	0.467671	1.992277	4.138723
189	96	1.678776	0.522095	2.532299	4.733170
189	97	1.678776	0.492469	2.344266	4.515511
189	98	1.678776	0.471329	2.028575	4.178680
189	99	1.678776	0.446445	1.781665	3.906886
190	0	1.739948	0.433207	1.650309	3.823463
190	1	1.739948	0.459199	1.908216	4.107362
190	2	1.739948	0.416198	1.481536	3.637682
190	3	1.739948	0.453076	1.847465	4.040489
190	4	1.739948	0.507035	2.382865	4.629847
190	5	1.739948	0.468165	1.997183	4.205296
190	6	1.739948	0.493187	2.245464	4.478599
190	7	1.739948	0.384995	1.171930	3.296873
190	8	1.739948	0.481187	2.126390	4.347524
190	9	1.739948	0.397522	1.296230	3.433700
190	10	1.739948	0.423069	1.920460	4.083477
190	11	1.739948	0.506490	2.377464	4.623902
190	12	1.739948	0.365364	0.977134	3.082445
190	13	1.739948	0.429835	1.616852	3.786635
190	14	1.739948	0.472548	2.040675	4.253171
190	15	1.739948	0.422469	1.543763	3.706180
190	16	1.739948	0.387634	1.198110	3.325692
190	17	1.739948	0.437279	2.114421	4.291648
190	18	1.739948	0.456394	1.880379	4.076720
190	19	1.739948	0.365364	0.977134	3.082445
190	20	1.739948	0.466873	1.984364	4.191185
190	21	1.739948	0.422469	1.543763	3.706180
190	22	1.739948	0.405829	1.378653	3.524430
190	23	1.739948	0.478354	2.098277	4.316579
190	24	1.739948	0.450595	1.822846	4.013389
190	25	1.739948	0.450759	1.824469	4.015176
190	26	1.739948	0.387634	1.198110	3.325692
190	27	1.739948	0.440851	1.726154	3.906952
190	28	1.739948	0.454030	1.856926	4.050903
190	29	1.739948	0.432206	1.640377	3.812530
190	30	1.739948	0.422469	1.543763	3.706180
190	31	1.739948	0.514379	2.455738	4.710064
190	32	1.739948	0.428526	1.603859	3.772333
190	33	1.739948	0.423954	1.558501	3.722403
190	34	1.739948	0.428526	1.603859	3.772333
190	35	1.739948	0.405829	1.378653	3.524430
190	36	1.739948	0.450759	1.824469	4.015176
190	37	1.739948	0.431824	1.636583	3.808354
190	38	1.739948	0.486116	2.175299	4.401362
190	39	1.739948	0.405829	1.378653	3.524430
190	40	1.739948	0.431824	1.636583	3.808354
190	41	1.739948	0.412978	1.449584	3.602510
190	42	1.739948	0.504534	2.358050	4.602531
190	43	1.739948	0.481187	2.126390	4.347524
190	44	1.739948	0.480815	2.122702	4.343465
190	45	1.739948	0.472548	2.040675	4.253171
190	46	1.739948	0.469586	2.011285	4.220819
190	47	1.739948	0.463657	2.005415	4.209019
190	48	1.739948	0.478354	2.098277	4.316579
190	49	1.739948	0.460821	1.924311	4.125079
190	50	1.739948	0.405829	1.378653	3.524430
190	51	1.739948	0.427017	1.588892	3.755857
190	52	1.739948	0.450595	1.822846	4.013389
190	53	1.739948	0.454030	1.856926	4.050903
190	54	1.739948	0.517634	2.540998	4.798580
190	55	1.739948	0.433207	1.650309	3.823463
190	56	1.739948	0.422469	1.543763	3.706180
190	57	1.739948	0.472904	2.044207	4.257059
190	58	1.739948	0.387517	1.196955	3.324420
190	59	1.739948	0.520233	2.619752	4.879933
190	60	1.739948	0.496647	2.279790	4.516384
190	61	1.739948	0.387517	1.196955	3.324420
190	62	1.739948	0.503639	2.508062	4.751649
190	63	1.739948	0.458839	1.904647	4.103434
190	64	1.739948	0.493798	2.251528	4.485274
190	65	1.739948	0.466218	1.977858	4.184023
190	66	1.739948	0.475931	2.074235	4.290113
190	67	1.739948	0.466873	1.984364	4.191185
190	68	1.739948	0.440851	1.726154	3.906952
190	69	1.739948	0.417830	1.497727	3.655505
190	70	1.739948	0.445666	1.773931	3.959544
190	71	1.739948	0.472314	2.038353	4.250615
190	72	1.739948	0.460821	1.924311	4.125079
190	73	1.739948	0.450595	1.822846	4.013389
190	74	1.739948	0.418371	1.503095	3.661413
190	75	1.739948	0.502658	2.339437	4.582042
190	76	1.739948	0.419319	1.512503	3.671769
190	77	1.739948	0.412978	1.449584	3.602510
190	78	1.739948	0.460706	1.923166	4.123820
190	79	1.739948	0.466873	1.984364	4.191185
190	80	1.739948	0.472548	2.040675	4.253171
190	81	1.739948	0.427017	1.588892	3.755857
190	82	1.739948	0.498128	2.294493	4.532569
190	83	1.739948	0.517634	2.540998	4.798580
190	84	1.739948	0.469884	2.014234	4.224066
190	85	1.739948	0.397522	1.296230	3.433700
190	86	1.739948	0.425954	1.843161	4.009063
190	87	1.739948	0.466218	1.977858	4.184023
190	88	1.739948	0.466218	1.977858	4.184023
190	89	1.739948	0.397522	1.296230	3.433700
190	90	1.739948	0.456394	1.880379	4.076720
190	91	1.739948	0.427425	1.592939	3.760312
190	92	1.739948	0.475931	2.074235	4.290113
190	93	1.739948	0.426888	1.587610	3.754445
190	94	1.739948	0.414637	1.995688	4.150273
190	95	1.739948	0.419319	1.512503	3.671769
190	96	1.739948	0.426888	1.587610	3.754445
190	97	1.739948	0.416339	1.482937	3.639224
190	98	1.739948	0.480815	2.122702	4.343465
190	99	1.739948	0.400749	1.804919	3.945616
191	0	1.770081	0.410212	1.422144	3.602437
191	1	1.770081	0.443282	1.750278	3.963641
191	2	1.770081	0.459427	1.910483	4.139992
191	3	1.770081	0.402397	1.344603	3.517082
191	4	1.770081	0.437255	1.690478	3.897814
191	5	1.770081	0.449471	1.811692	4.031245
191	6	1.770081	0.482136	2.135810	4.388028
191	7	1.770081	0.422707	1.546121	3.738909
191	8	1.770081	0.446359	1.780814	3.997255
191	9	1.770081	0.409824	1.418295	3.598200
191	10	1.770081	0.418478	1.504165	3.692725
191	11	1.770081	0.454885	1.865415	4.090382
191	12	1.770081	0.452136	1.838135	4.060353
191	13	1.770081	0.449471	1.811692	4.031245
191	14	1.770081	0.486743	2.234484	4.491308
191	15	1.770081	0.439928	1.716998	3.927008
191	16	1.770081	0.439573	1.713474	3.923128
191	17	1.770081	0.457607	1.892422	4.120110
191	18	1.770081	0.449471	1.811692	4.031245
191	19	1.770081	0.443857	2.126727	4.340665
191	20	1.770081	0.449079	1.807800	4.026960
191	21	1.770081	0.481190	2.126422	4.377693
191	22	1.770081	0.472912	2.044282	4.287275
191	23	1.770081	0.370601	1.029099	3.169781
191	24	1.770081	0.480483	2.119403	4.369967
191	25	1.770081	0.393405	1.255378	3.418864
191	26	1.770081	0.480483	2.119403	4.369967
191	27	1.770081	0.406036	1.380704	3.556821
191	28	1.770081	0.362403	0.947762	3.080247
191	29	1.770081	0.416190	1.481457	3.667729
191	30	1.770081	0.448538	2.067255	4.285875
191	31	1.770081	0.455592	1.872430	4.098104
191	32	1.770081	0.475248	2.067460	4.312789
191	33	1.770081	0.438215	1.699998	3.908294
191	34	1.770081	0.412828	1.977736	4.160645
191	35	1.770081	0.439892	1.716644	3.926618
191	36	1.770081	0.393405	1.255378	3.418864
191	37	1.770081	0.457569	1.892042	4.119692
191	38	1.770081	0.481190	2.126422	4.377693
191	39	1.770081	0.402397	1.344603	3.517082
191	40	1.770081	0.405274	1.373146	3.548501
191	41	1.770081	0.508921	2.401587	4.680590
191	42	1.770081	0.381144	1.133719	3.284944
191	43	1.770081	0.446359	1.780814	3.997255
191	44	1.770081	0.508811	2.453456	4.732348
191	45	1.770081	0.424752	1.566420	3.761254
191	46	1.770081	0.454885	1.865415	4.090382
191	47	1.770081	0.427883	1.597483	3.795448
191	48	1.770081	0.421189	1.531061	3.722331
191	49	1.770081	0.524263	2.553817	4.848162
191	50	1.770081	0.409215	1.412245	3.591541
191	51	1.770081	0.417287	1.492344	3.679712
191	52	1.770081	0.417287	1.492344	3.679712
191	53	1.770081	0.437255	1.690478	3.897814
191	54	1.770081	0.423100	1.973730	4.166911
191	55	1.770081	0.475885	2.073784	4.319751
191	56	1.770081	0.443996	1.757365	3.971443
191	57	1.770081	0.537497	2.685130	4.992709
191	58	1.770081	0.472912	2.044282	4.287275
191	59	1.770081	0.508921	2.401587	4.680590
191	60	1.770081	0.452136	1.838135	4.060353
191	61	1.770081	0.439892	1.716644	3.926618
191	62	1.770081	0.481190	2.126422	4.377693
191	63	1.770081	0.402397	1.344603	3.517082
191	64	1.770081	0.492015	2.233833	4.495929
191	65	1.770081	0.421189	1.531061	3.722331
191	66	1.770081	0.486743	2.234484	4.491308
191	67	1.770081	0.425986	1.578659	3.774726
191	68	1.770081	0.406036	1.380704	3.556821
191	69	1.770081	0.446359	1.780814	3.997255
191	70	1.770081	0.460647	1.922580	4.153309
191	71	1.770081	0.405274	1.373146	3.548501
191	72	1.770081	0.362403	0.947762	3.080247
191	73	1.770081	0.458560	2.060767	4.289409
191	74	1.770081	0.440612	1.988610	4.199304
191	75	1.770081	0.418833	1.507689	3.696604
191	76	1.770081	0.492015	2.233833	4.495929
191	77	1.770081	0.449471	1.811692	4.031245
191	78	1.770081	0.481042	2.124957	4.376081
191	79	1.770081	0.446359	1.780814	3.997255
191	80	1.770081	0.510247	2.414735	4.695063
191	81	1.770081	0.425905	1.577852	3.773838
191	82	1.770081	0.427883	1.597483	3.795448
191	83	1.770081	0.480483	2.119403	4.369967
191	84	1.770081	0.450335	1.820263	4.040680
191	85	1.770081	0.418833	1.507689	3.696604
191	86	1.770081	0.426609	1.584841	3.781532
191	87	1.770081	0.514653	2.458453	4.743187
191	88	1.770081	0.426609	1.584841	3.781532
191	89	1.770081	0.425905	1.577852	3.773838
191	90	1.770081	0.450182	1.818743	4.039007
191	91	1.770081	0.529336	2.604149	4.903567
191	92	1.770081	0.455592	1.872430	4.098104
191	93	1.770081	0.455592	1.872430	4.098104
191	94	1.770081	0.449079	1.807800	4.026960
191	95	1.770081	0.424752	1.566420	3.761254
191	96	1.770081	0.409824	1.418295	3.598200
191	97	1.770081	0.453579	1.852448	4.076108
191	98	1.770081	0.385398	1.175921	3.331399
191	99	1.770081	0.423100	1.973730	4.166911
192	0	1.783921	0.427349	1.592184	3.803454
192	1	1.783921	0.421823	1.537348	3.743092
192	2	1.783921	0.468459	2.000097	4.252476
192	3	1.783921	0.433555	1.653768	3.871245
192	4	1.783921	0.531612	2.626739	4.942272
192	5	1.783921	0.471454	2.029814	4.285188
192	6	1.783921	0.452232	1.839087	4.075241
192	7	1.783921	0.409967	1.419711	3.613599
192	8	1.783921	0.409967	1.419711	3.613599
192	9	1.783921	0.514013	2.558034	4.855968
192	10	1.783921	0.484603	2.160285	4.428809
192	11	1.783921	0.452372	1.840473	4.076765
192	12	1.783921	0.424034	1.559291	3.767246
192	13	1.783921	0.514013	2.558034	4.855968
192	14	1.783921	0.429177	1.610324	3.823422
192	15	1.783921	0.384490	1.166918	3.335329
192	16	1.783921	0.479734	2.111979	4.375634
192	17	1.783921	0.364958	0.973114	3.121993
192	18	1.783921	0.471454	2.029814	4.285188
192	19	1.783921	0.414787	1.467533	3.666241
192	20	1.783921	0.456192	1.878376	4.118488
192	21	1.783921	0.453503	1.851694	4.089118
192	22	1.783921	0.490602	2.219816	4.494340
192	23	1.783921	0.429041	1.608974	3.821936
192	24	1.783921	0.464887	1.964654	4.213462
192	25	1.783921	0.405559	1.375978	3.565458
192	26	1.783921	0.512980	2.600747	4.897648
192	27	1.783921	0.449304	1.810030	4.043254
192	28	1.783921	0.469674	2.012149	4.265744
192	29	1.783921	0.387084	1.192650	3.363655
192	30	1.783921	0.424034	1.559291	3.767246
192	31	1.783921	0.469674	2.012149	4.265744
192	32	1.783921	0.446252	1.779749	4.009922
192	33	1.783921	0.429740	1.615905	3.829565
192	34	1.783921	0.433555	1.653768	3.871245
192	35	1.783921	0.448104	1.904051	4.136075
192	36	1.783921	0.507771	2.390169	4.681860
192	37	1.783921	0.389697	1.218584	3.392202
192	38	1.783921	0.526015	2.571199	4.881135
192	39	1.783921	0.438315	1.700999	3.923235
192	40	1.783921	0.427675	1.595416	3.807012
192	41	1.783921	0.456139	1.877851	4.117911
192	42	1.783921	0.458219	1.898488	4.140627
192	43	1.783921	0.487403	2.188067	4.459390
192	44	1.783921	0.389697	1.218584	3.392202
192	45	1.783921	0.452579	1.842527	4.079026
192	46	1.783921	0.421795	1.537070	3.742785
192	47	1.783921	0.424034	1.559291	3.767246
192	48	1.783921	0.416372	1.483262	3.683555
192	49	1.783921	0.464887	1.964654	4.213462
192	50	1.783921	0.427675	1.595416	3.807012
192	51	1.783921	0.489646	2.422185	4.695753
192	52	1.783921	0.423247	1.551487	3.758655
192	53	1.783921	0.405559	1.375978	3.565458
192	54	1.783921	0.421795	1.537070	3.742785
192	55	1.783921	0.384490	1.166918	3.335329
192	56	1.783921	0.469674	2.012149	4.265744
192	57	1.783921	0.406586	1.386160	3.576667
192	58	1.783921	0.465428	1.970023	4.219372
192	59	1.783921	0.449501	1.811986	4.045407
192	60	1.783921	0.369432	1.017500	3.170853
192	61	1.783921	0.453503	1.851694	4.089118
192	62	1.783921	0.423247	1.551487	3.758655
192	63	1.783921	0.456192	1.878376	4.118488
192	64	1.783921	0.431918	1.637525	3.853364
192	65	1.783921	0.464887	1.964654	4.213462
192	66	1.783921	0.455217	2.133522	4.372659
192	67	1.783921	0.492070	2.234383	4.510374
192	68	1.783921	0.406226	1.382593	3.572740
192	69	1.783921	0.446252	1.779749	4.009922
192	70	1.783921	0.428678	1.605374	3.817973
192	71	1.783921	0.421823	1.537348	3.743092
192	72	1.783921	0.406226	1.382593	3.572740
192	73	1.783921	0.429177	1.610324	3.823422
192	74	1.783921	0.526015	2.571199	4.881135
192	75	1.783921	0.455219	1.868725	4.107865
192	76	1.783921	0.416372	1.483262	3.683555
192	77	1.783921	0.429041	1.608974	3.821936
192	78	1.783921	0.456136	1.877822	4.117879
192	79	1.783921	0.461848	1.934501	4.180270
192	80	1.783921	0.469674	2.012149	4.265744
192	81	1.783921	0.375990	1.082578	3.242489
192	82	1.783921	0.413146	1.451256	3.648323
192	83	1.783921	0.449501	1.811986	4.045407
192	84	1.783921	0.475430	2.069270	4.328621
192	85	1.783921	0.424034	1.559291	3.767246
192	86	1.783921	0.512980	2.600747	4.897648
192	87	1.783921	0.428678	1.605374	3.817973
192	88	1.783921	0.413146	1.451256	3.648323
192	89	1.783921	0.438315	1.700999	3.923235
192	90	1.783921	0.410499	1.424995	3.619415
192	91	1.783921	0.464756	1.963351	4.212028
192	92	1.783921	0.449304	1.810030	4.043254
192	93	1.783921	0.406586	1.386160	3.576667
192	94	1.783921	0.421795	1.537070	3.742785
192	95	1.783921	0.424034	1.559291	3.767246
192	96	1.783921	0.514013	2.558034	4.855968
192	97	1.783921	0.414080	1.460522	3.658523
192	98	1.783921	0.423247	1.551487	3.758655
192	99	1.783921	0.396842	1.819119	3.999883
193	0	1.717451	0.458615	1.902417	4.078482
193	1	1.717451	0.455884	1.875327	4.048662
193	2	1.717451	0.519012	2.501706	4.738169
193	3	1.717451	0.459977	2.127792	4.305219
193	4	1.717451	0.420390	1.523133	3.660974
193	5	1.717451	0.455884	1.875327	4.048662
193	6	1.717451	0.428300	1.601620	3.747370
193	7	1.717451	0.470564	2.020981	4.208996
193	8	1.717451	0.398284	1.303787	3.419521
193	9	1.717451	0.432962	1.647883	3.798297
193	10	1.717451	0.387787	1.199627	3.304865
193	11	1.717451	0.444748	1.764821	3.927019
193	12	1.717451	0.449476	1.970629	4.137556
193	13	1.717451	0.533755	2.648000	4.899206
193	14	1.717451	0.500404	2.317071	4.534925
193	15	1.717451	0.445583	1.773112	3.936146
193	16	1.717451	0.455318	1.869702	4.042470
193	17	1.717451	0.540455	2.714479	4.972384
193	18	1.717451	0.445583	1.773112	3.936146
193	19	1.717451	0.440217	1.719868	3.877536
193	20	1.717451	0.420623	1.525441	3.663515
193	21	1.717451	0.402891	1.349498	3.469840
193	22	1.717451	0.463267	1.948576	4.129293
193	23	1.717451	0.429262	1.611168	3.757881
193	24	1.717451	0.406408	1.384400	3.508259
193	25	1.717451	0.475701	2.071953	4.265104
193	26	1.717451	0.411878	1.438674	3.568003
193	27	1.717451	0.406074	1.381082	3.504607
193	28	1.717451	0.406733	1.387623	3.511807
193	29	1.717451	0.364462	0.968190	3.050103
193	30	1.717451	0.419144	1.510770	3.647365
193	31	1.717451	0.427383	1.592517	3.737350
193	32	1.717451	0.459440	1.910608	4.087499
193	33	1.717451	0.501433	2.327285	4.546169
193	34	1.717451	0.456794	2.202138	4.376384
193	35	1.717451	0.359927	0.923193	3.000571
193	36	1.717451	0.446934	1.786514	3.950898
193	37	1.717451	0.437907	1.696949	3.852307
193	38	1.717451	0.483993	2.207195	4.408638
193	39	1.717451	0.446934	1.786514	3.950898
193	40	1.717451	0.428944	1.608013	3.754408
193	41	1.717451	0.499001	2.303155	4.519607
193	42	1.717451	0.409678	1.416844	3.543973
193	43	1.717451	0.423443	1.553424	3.694318
193	44	1.717451	0.455108	1.867625	4.040184
193	45	1.717451	0.460751	1.923620	4.101822
193	46	1.717451	0.401136	1.332090	3.450677
193	47	1.717451	0.485298	2.167184	4.369933
193	48	1.717451	0.445544	1.772727	3.935722
193	49	1.717451	0.432588	1.644172	3.794211
193	50	1.717451	0.387787	1.199627	3.304865
193	51	1.717451	0.364462	0.968190	3.050103
193	52	1.717451	0.464186	2.116594	4.298231
193	53	1.717451	0.431322	1.631611	3.780384
193	54	1.717451	0.380564	1.551674	3.649689
193	55	1.717451	0.444474	1.762106	3.924030
193	56	1.717451	0.378693	1.109390	3.205534
193	57	1.717451	0.463267	1.948576	4.129293
193	58	1.717451	0.419803	1.517313	3.654568
193	59	1.717451	0.445583	1.773112	3.936146
193	60	1.717451	0.419803	1.517313	3.654568
193	61	1.717451	0.538312	2.693211	4.948974
193	62	1.717451	0.462572	1.941689	4.121712
193	63	1.717451	0.427383	1.592517	3.737350
193	64	1.717451	0.465753	2.079177	4.262381
193	65	1.717451	0.420623	1.525441	3.663515
193	66	1.717451	0.405961	1.379962	3.503374
193	67	1.717451	0.458586	1.902135	4.078172
193	68	1.717451	0.412304	1.442902	3.572658
193	69	1.717451	0.455884	1.875327	4.048662
193	70	1.717451	0.398284	1.303787	3.419521
193	71	1.717451	0.420390	1.523133	3.660974
193	72	1.717451	0.440217	1.719868	3.877536
193	73	1.717451	0.456794	2.202138	4.376384
193	74	1.717451	0.415643	1.476029	3.609123
193	75	1.717451	0.437484	1.692751	3.847686
193	76	1.717451	0.378693	1.109390	3.205534
193	77	1.717451	0.417311	1.492586	3.627348
193	78	1.717451	0.463672	1.952601	4.133724
193	79	1.717451	0.437484	1.692751	3.847686
193	80	1.717451	0.488439	2.251316	4.457206
193	81	1.717451	0.445583	1.773112	3.936146
193	82	1.717451	0.412304	1.442902	3.572658
193	83	1.717451	0.401136	1.332090	3.450677
193	84	1.717451	0.474617	2.061197	4.253264
193	85	1.717451	0.412304	1.442902	3.572658
193	86	1.717451	0.533755	2.648000	4.899206
193	87	1.717451	0.478451	2.311098	4.507000
193	88	1.717451	0.440217	1.719868	3.877536
193	89	1.717451	0.437907	1.696949	3.852307
193	90	1.717451	0.402891	1.349498	3.469840
193	91	1.717451	0.509691	2.409222	4.636364
193	92	1.717451	0.423443	1.553424	3.694318
193	93	1.717451	0.417311	1.492586	3.627348
193	94	1.717451	0.427383	1.592517	3.737350
193	95	1.717451	0.481738	2.131856	4.331045
193	96	1.717451	0.367303	0.996373	3.081127
193	97	1.717451	0.444474	1.762106	3.924030
193	98	1.717451	0.412394	1.443795	3.573640
193	99	1.717451	0.458586	1.902135	4.078172
194	0	1.785432	0.474224	2.057302	4.316958
194	1	1.785432	0.501709	2.330022	4.617164
194	2	1.785432	0.455894	1.875426	4.116753
194	3	1.785432	0.450029	2.082046	4.317507
194	4	1.785432	0.360969	1.622054	3.768455
194	5	1.785432	0.474936	2.064371	4.324740
194	6	1.785432	0.472458	2.039776	4.297666
194	7	1.785432	0.462193	1.937926	4.185552
194	8	1.785432	0.459862	1.914790	4.160084
194	9	1.785432	0.429627	1.614787	3.829846
194	10	1.785432	0.452843	1.845147	4.083422
194	11	1.785432	0.459429	1.910502	4.155364
194	12	1.785432	0.419254	1.511859	3.716545
194	13	1.785432	0.448612	1.803162	4.037206
194	14	1.785432	0.465993	2.240451	4.491877
194	15	1.785432	0.420326	1.522502	3.728261
194	16	1.785432	0.471000	2.025314	4.281747
194	17	1.785432	0.420326	1.522502	3.728261
194	18	1.785432	0.429718	1.615693	3.830843
194	19	1.785432	0.418015	1.499564	3.703011
194	20	1.785432	0.484620	2.213419	4.483472
194	21	1.785432	0.448678	1.803820	4.037931
194	22	1.785432	0.452843	1.845147	4.083422
194	23	1.785432	0.482776	2.142163	4.410372
194	24	1.785432	0.386651	1.188354	3.360437
194	25	1.785432	0.466484	1.980497	4.232413
194	26	1.785432	0.459540	1.964566	4.209538
194	27	1.785432	0.384824	1.170234	3.340491
194	28	1.785432	0.427097	1.589685	3.802215
194	29	1.785432	0.451323	1.988960	4.225716
194	30	1.785432	0.382160	1.143794	3.311386
194	31	1.785432	0.418015	1.499564	3.703011
194	32	1.785432	0.386651	1.188354	3.360437
194	33	1.785432	0.429718	1.615693	3.830843
194	34	1.785432	0.398561	1.306535	3.490528
194	35	1.785432	0.471491	2.030183	4.287106
194	36	1.785432	0.517053	2.535234	4.837719
194	37	1.785432	0.345834	1.365956	3.497222
194	38	1.785432	0.420631	1.525522	3.731585
194	39	1.785432	0.471491	2.030183	4.287106
194	40	1.785432	0.402958	1.350167	3.538557
194	41	1.785432	0.458871	1.904966	4.149270
194	42	1.785432	0.500296	2.315998	4.601727
194	43	1.785432	0.453825	1.854893	4.094150
194	44	1.785432	0.424357	1.562495	3.772285
194	45	1.785432	0.458871	1.904966	4.149270
194	46	1.785432	0.491733	2.231030	4.508195
194	47	1.785432	0.459429	1.910502	4.155364
194	48	1.785432	0.424357	1.562495	3.772285
194	49	1.785432	0.486400	2.178113	4.449945
194	50	1.785432	0.480890	2.123446	4.389769
194	51	1.785432	0.386651	1.188354	3.360437
194	52	1.785432	0.424357	1.562495	3.772285
194	53	1.785432	0.408021	1.400400	3.593854
194	54	1.785432	0.417006	1.489560	3.691999
194	55	1.785432	0.462193	1.937926	4.185552
194	56	1.785432	0.412337	1.443232	3.641002
194	57	1.785432	0.446251	1.779738	4.011421
194	58	1.785432	0.488724	2.201181	4.475338
194	59	1.785432	0.384824	1.170234	3.340491
194	60	1.785432	0.423755	1.556522	3.765709
194	61	1.785432	0.371422	1.037252	3.194106
194	62	1.785432	0.429627	1.614787	3.829846
194	63	1.785432	0.448678	1.803820	4.037931
194	64	1.785432	0.468444	1.999949	4.253826
194	65	1.785432	0.495481	2.268225	4.549139
194	66	1.785432	0.498504	2.404143	4.688079
194	67	1.785432	0.446251	1.779738	4.011421
194	68	1.785432	0.418015	1.499564	3.703011
194	69	1.785432	0.467060	1.986221	4.238714
194	70	1.785432	0.455894	1.875426	4.116753
194	71	1.785432	0.475064	2.065641	4.326138
194	72	1.785432	0.448612	1.803162	4.037206
194	73	1.785432	0.402958	1.350167	3.538557
194	74	1.785432	0.471000	2.025314	4.281747
194	75	1.785432	0.420326	1.522502	3.728261
194	76	1.785432	0.517742	2.489105	4.792279
194	77	1.785432	0.488724	2.201181	4.475338
194	78	1.785432	0.430356	1.622017	3.837805
194	79	1.785432	0.424357	1.562495	3.772285
194	80	1.785432	0.456753	1.883944	4.126129
194	81	1.785432	0.453243	2.008011	4.246686
194	82	1.785432	0.467060	1.986221	4.238714
194	83	1.785432	0.456753	1.883944	4.126129
194	84	1.785432	0.501514	2.328083	4.615029
194	85	1.785432	0.517742	2.489105	4.792279
194	86	1.785432	0.462193	1.937926	4.185552
194	87	1.785432	0.500296	2.315998	4.601727
194	88	1.785432	0.488724	2.201181	4.475338
194	89	1.785432	0.458871	1.904966	4.149270
194	90	1.785432	0.430356	1.622017	3.837805
194	91	1.785432	0.468444	1.999949	4.253826
194	92	1.785432	0.474936	2.064371	4.324740
194	93	1.785432	0.479003	2.104721	4.369157
194	94	1.785432	0.468444	1.999949	4.253826
194	95	1.785432	0.420631	1.525522	3.731585
194	96	1.785432	0.458807	1.904321	4.148560
194	97	1.785432	0.427097	1.589685	3.802215
194	98	1.785432	0.477867	2.093449	4.356748
194	99	1.785432	0.408021	1.400400	3.593854
195	0	1.768920	0.428380	1.602418	3.799718
195	1	1.768920	0.429095	1.609506	3.807520
195	2	1.768920	0.426707	1.585819	3.781446
195	3	1.768920	0.426707	1.585819	3.781446
195	4	1.768920	0.428093	1.599565	3.796577
195	5	1.768920	0.489047	2.204380	4.462346
195	6	1.768920	0.402619	1.346805	3.518345
195	7	1.768920	0.405843	1.378787	3.553549
195	8	1.768920	0.497018	2.336435	4.602372
195	9	1.768920	0.485598	2.170163	4.424681
195	10	1.768920	0.419410	1.513406	3.701735
195	11	1.768920	0.424255	1.561485	3.754660
195	12	1.768920	0.454135	1.857964	4.081018
195	13	1.768920	0.474660	2.061629	4.305209
195	14	1.768920	0.371877	1.041768	3.182565
195	15	1.768920	0.428380	1.602418	3.799718
195	16	1.768920	0.480006	2.114673	4.363599
195	17	1.768920	0.427557	1.594253	3.790730
195	18	1.768920	0.463139	1.947310	4.179369
195	19	1.768920	0.425814	1.576950	3.771684
195	20	1.768920	0.416145	1.481010	3.666074
195	21	1.768920	0.463139	1.947310	4.179369
195	22	1.768920	0.405843	1.378787	3.553549
195	23	1.768920	0.419410	1.513406	3.701735
195	24	1.768920	0.428093	1.599565	3.796577
195	25	1.768920	0.468124	2.102703	4.339747
195	26	1.768920	0.449891	1.815859	4.034671
195	27	1.768920	0.450389	1.820799	4.040108
195	28	1.768920	0.388098	1.202713	3.359731
195	29	1.768920	0.418582	1.505189	3.692690
195	30	1.768920	0.461447	1.930522	4.160889
195	31	1.768920	0.474898	2.063991	4.307809
195	32	1.768920	0.471216	2.027457	4.267594
195	33	1.768920	0.402069	1.976906	4.147894
195	34	1.768920	0.415781	1.477402	3.662103
195	35	1.768920	0.555221	2.860998	5.185139
195	36	1.768920	0.411573	1.435650	3.616144
195	37	1.768920	0.410700	1.426981	3.606601
195	38	1.768920	0.428093	1.599565	3.796577
195	39	1.768920	0.450975	1.826610	4.046505
195	40	1.768920	0.449798	1.814934	4.033652
195	41	1.768920	0.485835	2.172511	4.427266
195	42	1.768920	0.410700	1.426981	3.606601
195	43	1.768920	0.472568	2.146798	4.388286
195	44	1.768920	0.491415	2.227882	4.488217
195	45	1.768920	0.449891	1.815859	4.034671
195	46	1.768920	0.449798	1.814934	4.033652
195	47	1.768920	0.398730	1.308210	3.475859
195	48	1.768920	0.452381	1.840565	4.061866
195	49	1.768920	0.453345	2.009022	4.231287
195	50	1.768920	0.411573	1.435650	3.616144
195	51	1.768920	0.510625	2.418491	4.698035
195	52	1.768920	0.471601	2.031270	4.271790
195	53	1.768920	0.478738	2.208022	4.455680
195	54	1.768920	0.493923	2.252768	4.515611
195	55	1.768920	0.495123	2.317635	4.581677
195	56	1.768920	0.491415	2.227882	4.488217
195	57	1.768920	0.385801	1.815485	3.970206
195	58	1.768920	0.463139	1.947310	4.179369
195	59	1.768920	0.456361	1.880056	4.105336
195	60	1.768920	0.436568	1.683660	3.889148
195	61	1.768920	0.419410	1.513406	3.701735
195	62	1.768920	0.471601	2.031270	4.271790
195	63	1.768920	0.510625	2.418491	4.698035
195	64	1.768920	0.528975	2.653534	4.951429
195	65	1.768920	0.463366	1.949560	4.181846
195	66	1.768920	0.501103	2.324009	4.594032
195	67	1.768920	0.415781	1.477402	3.662103
195	68	1.768920	0.485598	2.170163	4.424681
195	69	1.768920	0.402619	1.346805	3.518345
195	70	1.768920	0.430150	1.619974	3.819044
195	71	1.768920	0.450389	1.820799	4.040108
195	72	1.768920	0.452381	1.840565	4.061866
195	73	1.768920	0.439047	1.708253	3.916219
195	74	1.768920	0.430150	1.619974	3.819044
195	75	1.768920	0.456900	1.885408	4.111228
195	76	1.768920	0.456900	1.885408	4.111228
195	77	1.768920	0.482450	2.191891	4.443262
195	78	1.768920	0.470829	2.023618	4.263368
195	79	1.768920	0.426723	1.585976	3.781619
195	80	1.768920	0.446022	1.777472	3.992414
195	81	1.768920	0.456900	1.885408	4.111228
195	82	1.768920	0.451898	1.835776	4.056594
195	83	1.768920	0.419410	1.513406	3.701735
195	84	1.768920	0.492629	2.239926	4.501475
195	85	1.768920	0.449891	1.815859	4.034671
195	86	1.768920	0.456900	1.885408	4.111228
195	87	1.768920	0.405843	1.378787	3.553549
195	88	1.768920	0.413008	1.449885	3.631812
195	89	1.768920	0.399793	1.318760	3.487473
195	90	1.768920	0.463366	1.949560	4.181846
195	91	1.768920	0.433643	1.654635	3.857197
195	92	1.768920	0.460936	1.925451	4.155306
195	93	1.768920	0.429095	1.609506	3.807520
195	94	1.768920	0.428380	1.602418	3.799718
195	95	1.768920	0.402619	1.346805	3.518345
195	96	1.768920	0.492629	2.239926	4.501475
195	97	1.768920	0.432736	1.645637	3.847293
195	98	1.768920	0.460936	1.925451	4.155306
195	99	1.768920	0.463366	1.949560	4.181846
196	0	1.624614	0.464650	1.962306	4.051571
196	1	1.624614	0.419826	1.517539	3.561980
196	2	1.624614	0.435759	1.675631	3.736005
196	3	1.624614	0.416164	1.481199	3.521977
196	4	1.624614	0.481789	2.132365	4.238769
196	5	1.624614	0.491314	2.226875	4.342804
196	6	1.624614	0.453185	1.848543	3.926343
196	7	1.624614	0.500092	2.313974	4.438681
196	8	1.624614	0.471463	2.029901	4.125978
196	9	1.624614	0.385080	1.172766	3.182460
196	10	1.624614	0.423013	1.549157	3.596784
196	11	1.624614	0.529955	2.610291	4.764860
196	12	1.624614	0.427725	1.595918	3.648257
196	13	1.624614	0.446270	1.779925	3.850809
196	14	1.624614	0.484151	2.155804	4.264570
196	15	1.624614	0.419607	1.515366	3.559587
196	16	1.624614	0.469562	2.011046	4.105223
196	17	1.624614	0.415358	1.896916	3.936888
196	18	1.624614	0.435759	1.675631	3.736005
196	19	1.624614	0.417448	1.493937	3.535999
196	20	1.624614	0.511886	2.431001	4.567502
196	21	1.624614	0.294528	1.280583	3.199726
196	22	1.624614	0.427725	1.595918	3.648257
196	23	1.624614	0.464907	2.070785	4.160306
196	24	1.624614	0.435759	1.675631	3.736005
196	25	1.624614	0.441515	1.732749	3.798879
196	26	1.624614	0.412473	1.444575	3.481662
196	27	1.624614	0.503292	2.504618	4.632524
196	28	1.624614	0.419504	1.514342	3.558460
196	29	1.624614	0.434089	1.659062	3.717765
196	30	1.624614	0.429232	1.610873	3.664719
196	31	1.624614	0.464650	1.962306	4.051571
196	32	1.624614	0.450057	1.817502	3.892173
196	33	1.624614	0.464650	1.962306	4.051571
196	34	1.624614	0.487970	2.193699	4.306283
196	35	1.624614	0.482750	2.353752	4.461116
196	36	1.624614	0.514151	2.453480	4.592246
196	37	1.624614	0.412473	1.444575	3.481662
196	38	1.624614	0.419504	1.514342	3.558460
196	39	1.624614	0.503498	2.347778	4.475890
196	40	1.624614	0.457686	1.893201	3.975501
196	41	1.624614	0.467728	2.045805	4.138147
196	42	1.624614	0.433622	1.654432	3.712669
196	43	1.624614	0.467198	1.987583	4.079395
196	44	1.624614	0.462173	1.990690	4.077478
196	45	1.624614	0.467791	1.993475	4.085880
196	46	1.624614	0.429232	1.610873	3.664719
196	47	1.624614	0.441515	1.732749	3.798879
196	48	1.624614	0.487970	2.193699	4.306283
196	49	1.624614	0.419826	1.517539	3.561980
196	50	1.624614	0.537458	2.684742	4.846814
196	51	1.624614	0.490677	2.220558	4.335850
196	52	1.624614	0.547116	2.780571	4.952302
196	53	1.624614	0.484151	2.155804	4.264570
196	54	1.624614	0.461650	1.932537	4.018801
196	55	1.624614	0.451925	1.836036	3.912575
196	56	1.624614	0.457174	1.888128	3.969916
196	57	1.624614	0.434089	1.659062	3.717765
196	58	1.624614	0.503088	2.343706	4.471408
196	59	1.624614	0.470949	2.024802	4.120365
196	60	1.624614	0.373959	1.062418	3.060991
196	61	1.624614	0.470949	2.024802	4.120365
196	62	1.624614	0.446938	1.786560	3.858113
196	63	1.624614	0.417448	1.493937	3.535999
196	64	1.624614	0.511886	2.431001	4.567502
196	65	1.624614	0.506049	2.373089	4.503753
196	66	1.624614	0.466962	1.985242	4.076818
196	67	1.624614	0.416696	1.910193	3.951504
196	68	1.624614	0.457686	1.893201	3.975501
196	69	1.624614	0.471463	2.029901	4.125978
196	70	1.624614	0.493371	2.300250	4.418235
196	71	1.624614	0.385080	1.172766	3.182460
196	72	1.624614	0.423485	1.553846	3.601945
196	73	1.624614	0.456929	1.885689	3.967232
196	74	1.624614	0.467791	1.993475	4.085880
196	75	1.624614	0.422824	1.547288	3.594726
196	76	1.624614	0.427725	1.595918	3.648257
196	77	1.624614	0.422777	1.546819	3.594210
196	78	1.624614	0.502737	2.340217	4.467568
196	79	1.624614	0.512701	2.439091	4.576406
196	80	1.624614	0.429232	1.610873	3.664719
196	81	1.624614	0.464650	1.962306	4.051571
196	82	1.624614	0.420245	1.521696	3.566555
196	83	1.624614	0.498359	2.296778	4.419750
196	84	1.624614	0.431842	1.636764	3.693220
196	85	1.624614	0.464650	1.962306	4.051571
196	86	1.624614	0.503311	2.345919	4.473844
196	87	1.624614	0.466962	1.985242	4.076818
196	88	1.624614	0.373959	1.062418	3.060991
196	89	1.624614	0.385080	1.172766	3.182460
196	90	1.624614	0.416696	1.910193	3.951504
196	91	1.624614	0.431842	1.636764	3.693220
196	92	1.624614	0.453483	1.851497	3.929594
196	93	1.624614	0.385080	1.172766	3.182460
196	94	1.624614	0.457174	1.888128	3.969916
196	95	1.624614	0.431842	1.636764	3.693220
196	96	1.624614	0.506049	2.373089	4.503753
196	97	1.624614	0.468927	2.004743	4.098285
196	98	1.624614	0.457174	1.888128	3.969916
196	99	1.624614	0.375526	1.077975	3.078116
197	0	1.766024	0.470354	2.018898	4.255275
197	1	1.766024	0.430307	1.621538	3.817870
197	2	1.766024	0.446940	1.892504	4.105468
197	3	1.766024	0.447842	1.795529	4.009395
197	4	1.766024	0.477773	2.092520	4.336317
197	5	1.766024	0.489993	2.213773	4.469790
197	6	1.766024	0.468703	2.002519	4.237246
197	7	1.766024	0.432147	1.639796	3.837967
197	8	1.766024	0.431162	1.630020	3.827206
197	9	1.766024	0.403492	1.355464	3.524980
197	10	1.766024	0.490717	2.220951	4.477691
197	11	1.766024	0.446094	1.778183	3.990301
197	12	1.766024	0.438574	1.703562	3.908159
197	13	1.766024	0.436726	1.685228	3.887978
197	14	1.766024	0.455474	1.871259	4.092757
197	15	1.766024	0.496788	2.334157	4.596969
197	16	1.766024	0.430863	1.627048	3.823934
197	17	1.766024	0.411561	1.435531	3.613117
197	18	1.766024	0.439974	1.717458	3.923456
197	19	1.766024	0.396331	1.284405	3.446760
197	20	1.766024	0.432147	1.639796	3.837967
197	21	1.766024	0.490717	2.220951	4.477691
197	22	1.766024	0.470095	2.122262	4.358381
197	23	1.766024	0.452830	1.845019	4.063873
197	24	1.766024	0.502153	2.387386	4.655563
197	25	1.766024	0.471246	2.027752	4.265022
197	26	1.766024	0.503026	2.343091	4.612141
197	27	1.766024	0.444503	1.762395	3.972922
197	28	1.766024	0.396071	1.281826	3.443921
197	29	1.766024	0.445402	1.771315	3.982741
197	30	1.766024	0.403492	1.355464	3.524980
197	31	1.766024	0.523609	2.547327	4.836960
197	32	1.766024	0.428441	1.603016	3.797481
197	33	1.766024	0.425584	1.574668	3.766275
197	34	1.766024	0.428441	1.603016	3.797481
197	35	1.766024	0.453709	1.853739	4.073472
197	36	1.766024	0.356602	0.890197	3.012823
197	37	1.766024	0.426323	1.582003	3.774350
197	38	1.766024	0.444503	1.762395	3.972922
197	39	1.766024	0.385105	1.173019	3.324148
197	40	1.766024	0.396331	1.284405	3.446760
197	41	1.766024	0.478347	2.204135	4.448505
197	42	1.766024	0.428441	1.603016	3.797481
197	43	1.766024	0.463028	1.946209	4.175261
197	44	1.766024	0.526915	2.633092	4.926031
197	45	1.766024	0.426323	1.582003	3.774350
197	46	1.766024	0.463682	1.952700	4.182406
197	47	1.766024	0.436726	1.685228	3.887978
197	48	1.766024	0.444503	1.762395	3.972922
197	49	1.766024	0.466733	1.982971	4.215728
197	50	1.766024	0.417746	1.496902	3.680672
197	51	1.766024	0.396071	1.281826	3.443921
197	52	1.766024	0.490717	2.220951	4.477691
197	53	1.766024	0.411561	1.435531	3.613117
197	54	1.766024	0.461736	1.933392	4.161153
197	55	1.766024	0.418574	1.505116	3.689714
197	56	1.766024	0.455561	1.872117	4.093701
197	57	1.766024	0.417746	1.496902	3.680672
197	58	1.766024	0.408756	1.407699	3.582479
197	59	1.766024	0.412238	1.442241	3.620502
197	60	1.766024	0.403601	1.356549	3.526174
197	61	1.766024	0.477729	2.092078	4.335830
197	62	1.766024	0.465564	2.077302	4.308890
197	63	1.766024	0.403492	1.355464	3.524980
197	64	1.766024	0.446094	1.778183	3.990301
197	65	1.766024	0.411561	1.435531	3.613117
197	66	1.766024	0.425537	1.574202	3.765763
197	67	1.766024	0.380996	1.132246	3.279266
197	68	1.766024	0.416909	1.488597	3.671531
197	69	1.766024	0.449045	1.807464	4.022533
197	70	1.766024	0.478755	2.102256	4.347035
197	71	1.766024	0.523609	2.547327	4.836960
197	72	1.766024	0.463816	1.954028	4.183868
197	73	1.766024	0.411561	1.435531	3.613117
197	74	1.766024	0.486425	2.178361	4.430810
197	75	1.766024	0.425584	1.574668	3.766275
197	76	1.766024	0.479002	2.263605	4.508631
197	77	1.766024	0.444503	1.762395	3.972922
197	78	1.766024	0.418326	1.502649	3.686999
197	79	1.766024	0.385105	1.173019	3.324148
197	80	1.766024	0.403492	1.355464	3.524980
197	81	1.766024	0.447842	1.795529	4.009395
197	82	1.766024	0.418574	1.505116	3.689714
197	83	1.766024	0.436726	1.685228	3.887978
197	84	1.766024	0.486425	2.178361	4.430810
197	85	1.766024	0.477773	2.092520	4.336317
197	86	1.766024	0.439974	1.717458	3.923456
197	87	1.766024	0.356602	0.890197	3.012823
197	88	1.766024	0.408756	1.407699	3.582479
197	89	1.766024	0.449398	1.810963	4.026385
197	90	1.766024	0.430196	1.620429	3.816649
197	91	1.766024	0.463816	1.954028	4.183868
197	92	1.766024	0.362349	0.947220	3.075593
197	93	1.766024	0.447842	1.795529	4.009395
197	94	1.766024	0.416909	1.488597	3.671531
197	95	1.766024	0.514571	2.457640	4.738234
197	96	1.766024	0.445402	1.771315	3.982741
197	97	1.766024	0.523609	2.547327	4.836960
197	98	1.766024	0.419049	1.509827	3.694900
197	99	1.766024	0.471129	2.291408	4.528560
198	0	1.677197	0.406401	1.384331	3.467929
198	1	1.677197	0.469506	2.010491	4.157194
198	2	1.677197	0.461311	1.929170	4.067677
198	3	1.677197	0.428586	1.604461	3.710243
198	4	1.677197	0.502280	2.335683	4.515159
198	5	1.677197	0.415844	1.954696	4.047737
198	6	1.677197	0.443116	1.748632	3.868944
198	7	1.677197	0.428586	1.604461	3.710243
198	8	1.677197	0.497843	2.291659	4.466698
198	9	1.677197	0.420591	1.525133	3.622921
198	10	1.677197	0.428586	1.604461	3.710243
198	11	1.677197	0.433042	1.648669	3.758908
198	12	1.677197	0.522026	2.531615	4.730838
198	13	1.677197	0.415659	1.476191	3.569047
198	14	1.677197	0.473615	2.051254	4.202065
198	15	1.677197	0.434561	1.663745	3.775502
198	16	1.677197	0.497843	2.291659	4.466698
198	17	1.677197	0.499813	2.364169	4.541178
198	18	1.677197	0.458719	1.903454	4.039370
198	19	1.677197	0.465131	1.967078	4.109406
198	20	1.677197	0.461844	1.934457	4.073497
198	21	1.677197	0.470384	2.019194	4.166774
198	22	1.677197	0.475677	2.071715	4.224588
198	23	1.677197	0.445564	1.772925	3.895686
198	24	1.677197	0.461844	1.934457	4.073497
198	25	1.677197	0.425720	1.576025	3.678942
198	26	1.677197	0.522635	2.537661	4.737493
198	27	1.677197	0.488920	2.203123	4.369240
198	28	1.677197	0.417842	1.497848	3.592887
198	29	1.677197	0.488114	2.195121	4.360431
198	30	1.677197	0.473072	2.151801	4.302070
198	31	1.677197	0.425720	1.576025	3.678942
198	32	1.677197	0.442853	1.746022	3.866072
198	33	1.677197	0.469506	2.010491	4.157194
198	34	1.677197	0.519242	2.503997	4.700436
198	35	1.677197	0.504757	2.360263	4.542216
198	36	1.677197	0.421893	1.538050	3.637140
198	37	1.677197	0.440431	1.721991	3.839618
198	38	1.677197	0.406401	1.384331	3.467929
198	39	1.677197	0.488920	2.203123	4.369240
198	40	1.677197	0.470990	2.025212	4.173399
198	41	1.677197	0.404025	1.360749	3.441971
198	42	1.677197	0.406401	1.384331	3.467929
198	43	1.677197	0.475677	2.071715	4.224588
198	44	1.677197	0.449971	1.816651	3.943819
198	45	1.677197	0.461844	1.934457	4.073497
198	46	1.677197	0.474762	2.062635	4.214593
198	47	1.677197	0.480601	2.226503	4.384300
198	48	1.677197	0.406401	1.384331	3.467929
198	49	1.677197	0.475152	2.066511	4.218860
198	50	1.677197	0.522635	2.537661	4.737493
198	51	1.677197	0.396862	1.872281	3.946340
198	52	1.677197	0.481493	2.129425	4.288114
198	53	1.677197	0.411243	1.432374	3.520814
198	54	1.677197	0.438148	1.699336	3.814681
198	55	1.677197	0.477050	2.085344	4.239591
198	56	1.677197	0.434437	1.662518	3.774152
198	57	1.677197	0.451676	2.257281	4.386154
198	58	1.677197	0.415659	1.476191	3.569047
198	59	1.677197	0.481493	2.129425	4.288114
198	60	1.677197	0.445564	1.772925	3.895686
198	61	1.677197	0.417842	1.497848	3.592887
198	62	1.677197	0.486589	2.179998	4.343784
198	63	1.677197	0.469906	2.014453	4.161556
198	64	1.677197	0.467581	1.991383	4.136160
198	65	1.677197	0.426544	1.584194	3.687935
198	66	1.677197	0.469506	2.010491	4.157194
198	67	1.677197	0.491405	2.227785	4.396387
198	68	1.677197	0.469906	2.014453	4.161556
198	69	1.677197	0.414206	1.461769	3.553172
198	70	1.677197	0.461844	1.934457	4.073497
198	71	1.677197	0.488920	2.203123	4.369240
198	72	1.677197	0.488293	2.196898	4.362387
198	73	1.677197	0.484508	2.159344	4.321048
198	74	1.677197	0.465787	2.132478	4.275462
198	75	1.677197	0.470990	2.025212	4.173399
198	76	1.677197	0.491447	2.228201	4.396845
198	77	1.677197	0.525772	2.568789	4.771758
198	78	1.677197	0.474762	2.062635	4.214593
198	79	1.677197	0.470384	2.019194	4.166774
198	80	1.677197	0.421893	1.538050	3.637140
198	81	1.677197	0.459934	1.915511	4.052642
198	82	1.677197	0.482819	2.142590	4.302606
198	83	1.677197	0.480601	2.226503	4.384300
198	84	1.677197	0.411243	1.432374	3.520814
198	85	1.677197	0.438148	1.699336	3.814681
198	86	1.677197	0.470567	2.021018	4.168782
198	87	1.677197	0.463204	1.947953	4.088353
198	88	1.677197	0.482819	2.142590	4.302606
198	89	1.677197	0.389032	1.211984	3.278212
198	90	1.677197	0.429572	1.614241	3.721009
198	91	1.677197	0.536914	2.732306	4.946417
198	92	1.677197	0.466109	2.135667	4.278973
198	93	1.677197	0.528559	2.596439	4.802194
198	94	1.677197	0.407831	1.398518	3.483546
198	95	1.677197	0.431876	1.637102	3.746175
198	96	1.677197	0.523683	2.548061	4.748941
198	97	1.677197	0.481493	2.129425	4.288114
198	98	1.677197	0.431876	1.637102	3.746175
198	99	1.677197	0.470567	2.021018	4.168782
199	0	1.742261	0.440231	1.720009	3.902501
199	1	1.742261	0.446653	1.783730	3.972644
199	2	1.742261	0.465805	1.973767	4.181833
199	3	1.742261	0.460266	1.918803	4.121330
199	4	1.742261	0.470652	2.021855	4.234768
199	5	1.742261	0.470652	2.021855	4.234768
199	6	1.742261	0.496020	2.273576	4.511857
199	7	1.742261	0.458721	1.903478	4.104460
199	8	1.742261	0.417039	1.489888	3.649188
199	9	1.742261	0.452329	1.840046	4.034635
199	10	1.742261	0.462280	2.044711	4.249252
199	11	1.742261	0.443191	1.749375	3.934826
199	12	1.742261	0.451522	1.832039	4.025821
199	13	1.742261	0.431067	1.629073	3.802400
199	14	1.742261	0.362925	0.952933	3.058118
199	15	1.742261	0.411343	1.433367	3.586971
199	16	1.742261	0.452214	1.891871	4.086345
199	17	1.742261	0.417904	1.498463	3.658628
199	18	1.742261	0.456228	1.878737	4.077226
199	19	1.742261	0.426098	1.579767	3.748126
199	20	1.742261	0.417904	1.498463	3.658628
199	21	1.742261	0.423065	1.549677	3.715003
199	22	1.742261	0.493208	2.245675	4.481144
199	23	1.742261	0.470247	2.017845	4.230353
199	24	1.742261	0.459421	1.910423	4.112105
199	25	1.742261	0.466836	1.983996	4.193093
199	26	1.742261	0.515304	2.464913	4.722478
199	27	1.742261	0.389422	1.215852	3.347535
199	28	1.742261	0.498283	2.296030	4.536574
199	29	1.742261	0.464049	1.956344	4.162654
199	30	1.742261	0.410713	1.427109	3.580083
199	31	1.742261	0.423065	1.549677	3.715003
199	32	1.742261	0.417904	1.498463	3.658628
199	33	1.742261	0.443106	1.907426	4.092793
199	34	1.742261	0.401246	1.756885	3.900392
199	35	1.742261	0.451522	1.832039	4.025821
199	36	1.742261	0.442081	1.738358	3.922699
199	37	1.742261	0.473437	2.049491	4.265189
199	38	1.742261	0.389422	1.215852	3.347535
199	39	1.742261	0.447787	1.794984	3.985033
199	40	1.742261	0.423065	1.549677	3.715003
199	41	1.742261	0.421709	1.536217	3.700186
199	42	1.742261	0.466813	1.983768	4.192842
199	43	1.742261	0.501781	2.330735	4.574777
199	44	1.742261	0.464049	1.956344	4.162654
199	45	1.742261	0.446653	1.783730	3.972644
199	46	1.742261	0.372407	1.047018	3.161685
199	47	1.742261	0.470652	2.021855	4.234768
199	48	1.742261	0.422027	1.539377	3.703665
199	49	1.742261	0.362925	0.952933	3.058118
199	50	1.742261	0.429536	1.613884	3.785681
199	51	1.742261	0.501781	2.330735	4.574777
199	52	1.742261	0.426098	1.579767	3.748126
199	53	1.742261	0.436946	1.687413	3.866621
199	54	1.742261	0.384888	1.170864	3.298013
199	55	1.742261	0.441150	1.729126	3.912537
199	56	1.742261	0.464049	1.956344	4.162654
199	57	1.742261	0.423634	1.555321	3.721216
199	58	1.742261	0.465805	1.973767	4.181833
199	59	1.742261	0.447787	1.794984	3.985033
199	60	1.742261	0.540039	2.763312	5.045611
199	61	1.742261	0.457028	1.886679	4.085968
199	62	1.742261	0.414268	1.462384	3.618913
199	63	1.742261	0.473560	2.050712	4.266533
199	64	1.742261	0.422027	1.539377	3.703665
199	65	1.742261	0.447704	1.794154	3.984118
199	66	1.742261	0.422027	1.539377	3.703665
199	67	1.742261	0.452329	1.840046	4.034635
199	68	1.742261	0.434257	1.660725	3.837242
199	69	1.742261	0.457283	1.889200	4.088743
199	70	1.742261	0.501172	2.324689	4.568121
199	71	1.742261	0.450489	2.139570	4.332320
199	72	1.742261	0.464676	1.962560	4.169497
199	73	1.742261	0.436946	1.687413	3.866621
199	74	1.742261	0.470652	2.021855	4.234768
199	75	1.742261	0.411343	1.433367	3.586971
199	76	1.742261	0.464422	2.065968	4.272651
199	77	1.742261	0.487418	2.188214	4.417893
199	78	1.742261	0.507986	2.392306	4.642553
199	79	1.742261	0.476376	2.078654	4.297291
199	80	1.742261	0.464676	1.962560	4.169497
199	81	1.742261	0.457028	1.886679	4.085968
199	82	1.742261	0.362925	0.952933	3.058118
199	83	1.742261	0.432759	2.069576	4.244596
199	84	1.742261	0.475356	2.068532	4.286148
199	85	1.742261	0.387298	1.194781	3.324341
199	86	1.742261	0.443407	1.751525	3.937193
199	87	1.742261	0.530372	2.667397	4.940031
199	88	1.742261	0.531461	2.625236	4.898958
199	89	1.742261	0.473560	2.050712	4.266533
199	90	1.742261	0.501172	2.324689	4.568121
199	91	1.742261	0.470247	2.017845	4.230353
199	92	1.742261	0.467259	1.988193	4.197713
199	93	1.742261	0.426596	2.008426	4.177283
199	94	1.742261	0.496020	2.273576	4.511857
199	95	1.742261	0.438693	1.704748	3.885703
199	96	1.742261	0.466836	1.983996	4.193093
199	97	1.742261	0.421709	1.536217	3.700186
199	98	1.742261	0.501172	2.324689	4.568121
199	99	1.742261	0.442081	1.738358	3.922699
