replicate	universe	detection_yr	orbit_yr	char_yr	total_yr
0	0	2.701403	0.469957	2.014962	5.186322
0	1	2.701403	0.518302	2.494666	5.714371
0	2	2.701403	0.569494	3.002617	6.273514
0	3	2.701403	0.547740	2.945653	6.194796
0	4	2.701403	0.569494	3.002617	6.273514
0	5	2.701403	0.471827	2.033522	5.206753
0	6	2.701403	0.518302	2.494666	5.714371
0	7	2.701403	0.569494	3.002617	6.273514
0	8	2.701403	0.488135	2.195334	5.384872
0	9	2.701403	0.446651	2.260378	5.408432
0	10	2.701403	0.518667	2.498287	5.718357
0	11	2.701403	0.535140	2.661742	5.898285
0	12	2.701403	0.436479	1.682777	4.820659
0	13	2.701403	0.543082	2.740550	5.985035
0	14	2.701403	0.518302	2.494666	5.714371
0	15	2.701403	0.477923	2.094003	5.273328
0	16	2.701403	0.518667	2.498287	5.718357
0	17	2.701403	0.548040	2.789740	6.039183
0	18	2.701403	0.476126	2.076172	5.253701
0	19	2.701403	0.577440	3.081467	6.360311
0	20	2.701403	0.548040	2.789740	6.039183
0	21	2.701403	0.450848	1.825355	4.977606
0	22	2.701403	0.460397	1.920098	5.081898
0	23	2.701403	0.503633	2.349114	5.554150
0	24	2.701403	0.433772	1.655918	4.791094
0	25	2.701403	0.417527	1.494727	4.613657
0	26	2.701403	0.506692	2.379461	5.587555
0	27	2.701403	0.545913	2.768636	6.015952
0	28	2.701403	0.450848	1.825355	4.977606
0	29	2.701403	0.471827	2.033522	5.206753
0	30	2.701403	0.490130	2.215131	5.406664
0	31	2.701403	0.447935	1.796449	4.945787
0	32	2.701403	0.431317	1.631558	4.764278
0	33	2.701403	0.543082	2.740550	5.985035
0	34	2.701403	0.463649	1.952374	5.117427
0	35	2.701403	0.528994	2.600761	5.831158
0	36	2.701403	0.477923	2.094003	5.273328
0	37	2.701403	0.543082	2.740550	5.985035
0	38	2.701403	0.524401	2.820005	6.045809
0	39	2.701403	0.468115	1.996683	5.166201
0	40	2.701403	0.556037	2.869091	6.126531
0	41	2.701403	0.400723	1.910590	5.012717
0	42	2.701403	0.457336	1.889732	5.048471
0	43	2.701403	0.440129	1.718991	4.860522
0	44	2.701403	0.494010	2.253630	5.449043
0	45	2.701403	0.569494	3.002617	6.273514
0	46	2.701403	0.427123	1.589941	4.718466
0	47	2.701403	0.488135	2.195334	5.384872
0	48	2.701403	0.432146	1.639785	4.773334
0	49	2.701403	0.490130	2.215131	5.406664
0	50	2.701403	0.566623	2.974132	6.242158
0	51	2.701403	0.465891	1.974620	5.141914
0	52	2.701403	0.479605	2.110696	5.291705
0	53	2.701403	0.444745	1.764796	4.910944
0	54	2.701403	0.509656	2.567770	5.778830
0	55	2.701403	0.543796	2.747632	5.992831
0	56	2.701403	0.356491	1.630590	4.688484
0	57	2.701403	0.464618	1.961990	5.128011
0	58	2.701403	0.471827	2.033522	5.206753
0	59	2.701403	0.503473	2.718274	5.923150
0	60	2.701403	0.478034	2.095105	5.274542
0	61	2.701403	0.545913	2.768636	6.015952
0	62	2.701403	0.463649	1.952374	5.117427
0	63	2.701403	0.637670	3.679091	7.018163
0	64	2.701403	0.478148	2.096233	5.275783
0	65	2.701403	0.464618	1.961990	5.128011
0	66	2.701403	0.463649	1.952374	5.117427
0	67	2.701403	0.543796	2.747632	5.992831
0	68	2.701403	0.490944	2.540987	5.733334
0	69	2.701403	0.432146	1.639785	4.773334
0	70	2.701403	0.518667	2.498287	5.718357
0	71	2.701403	0.460397	1.920098	5.081898
0	72	2.701403	0.457336	1.889732	5.048471
0	73	2.701403	0.431317	1.631558	4.764278
0	74	2.701403	0.502624	2.445032	5.649059
0	75	2.701403	0.461551	1.931558	5.094512
0	76	2.701403	0.469957	2.014962	5.186322
0	77	2.701403	0.444745	1.764796	4.910944
0	78	2.701403	0.521514	2.526532	5.749449
0	79	2.701403	0.464618	1.961990	5.128011
0	80	2.701403	0.444745	1.764796	4.910944
0	81	2.701403	0.433772	1.655918	4.791094
0	82	2.701403	0.494449	2.257982	5.453834
0	83	2.701403	0.544790	2.757496	6.003689
0	84	2.701403	0.544790	2.757496	6.003689
0	85	2.701403	0.518253	2.494178	5.713834
0	86	2.701403	0.522972	2.541004	5.765379
0	87	2.701403	0.506692	2.379461	5.587555
0	88	2.701403	0.427123	1.589941	4.718466
0	89	2.701403	0.501041	2.535245	5.737689
0	90	2.701403	0.440129	1.718991	4.860522
0	91	2.701403	0.468115	1.996683	5.166201
0	92	2.701403	0.432146	1.639785	4.773334
0	93	2.701403	0.442873	1.746224	4.890500
0	94	2.701403	0.417527	1.494727	4.613657
0	95	2.701403	0.447336	1.790505	4.939244
0	96	2.701403	0.545913	2.768636	6.015952
0	97	2.701403	0.479456	2.109221	5.290080
0	98	2.701403	0.488135	2.195334	5.384872
0	99	2.701403	0.485130	2.165520	5.352054
1	0	2.561669	0.480315	2.435521	5.477505
1	1	2.561669	0.599018	3.295566	6.456252
1	2	2.561669	0.564783	2.955869	6.082321
1	3	2.561669	0.463247	1.948379	4.973295
1	4	2.561669	0.535218	2.662516	5.759403
1	5	2.561669	0.449132	1.808328	4.819129
1	6	2.561669	0.461739	2.463059	5.486467
1	7	2.561669	0.458276	1.899059	4.919004
1	8	2.561669	0.481204	2.126563	5.169436
1	9	2.561669	0.381161	1.133885	4.076715
1	10	2.561669	0.521070	2.522127	5.604866
1	11	2.561669	0.462879	1.944730	4.969278
1	12	2.561669	0.431792	1.636271	4.629732
1	13	2.561669	0.463772	1.953587	4.979027
1	14	2.561669	0.449132	1.808328	4.819129
1	15	2.561669	0.522154	2.850674	5.934497
1	16	2.561669	0.524790	2.559047	5.645506
1	17	2.561669	0.486264	2.176767	5.224699
1	18	2.561669	0.482300	2.137437	5.181406
1	19	2.561669	0.461157	2.404322	5.427148
1	20	2.561669	0.513066	2.442708	5.517442
1	21	2.561669	0.521064	2.627995	5.710727
1	22	2.561669	0.413425	1.454019	4.429113
1	23	2.561669	0.495555	2.268958	5.326182
1	24	2.561669	0.564783	2.955869	6.082321
1	25	2.561669	0.441661	1.734193	4.737522
1	26	2.561669	0.441661	1.734193	4.737522
1	27	2.561669	0.515876	2.470593	5.548138
1	28	2.561669	0.599018	3.295566	6.456252
1	29	2.561669	0.443011	1.747590	4.752270
1	30	2.561669	0.452492	1.841670	4.855831
1	31	2.561669	0.422978	1.548816	4.533464
1	32	2.561669	0.483925	2.153560	5.199154
1	33	2.561669	0.524790	2.559047	5.645506
1	34	2.561669	0.594556	3.251295	6.407520
1	35	2.561669	0.497083	2.284117	5.342869
1	36	2.561669	0.508287	2.395289	5.465245
1	37	2.561669	0.440235	1.720047	4.721951
1	38	2.561669	0.438676	1.704576	4.704921
1	39	2.561669	0.463940	1.955255	4.980863
1	40	2.561669	0.527867	2.589572	5.679108
1	41	2.561669	0.436831	1.686267	4.684766
1	42	2.561669	0.508287	2.395289	5.465245
1	43	2.561669	0.508656	2.398952	5.469276
1	44	2.561669	0.524790	2.559047	5.645506
1	45	2.561669	0.501535	2.328296	5.391500
1	46	2.561669	0.534744	2.657814	5.754228
1	47	2.561669	0.496999	2.283286	5.341953
1	48	2.561669	0.534744	2.657814	5.754228
1	49	2.561669	0.495287	2.266294	5.323250
1	50	2.561669	0.392192	1.243335	4.197196
1	51	2.561669	0.562280	2.931040	6.054989
1	52	2.561669	0.478543	2.100158	5.140370
1	53	2.561669	0.480315	2.435521	5.477505
1	54	2.561669	0.509178	2.404137	5.474984
1	55	2.561669	0.453202	1.848714	4.863585
1	56	2.561669	0.449132	1.808328	4.819129
1	57	2.561669	0.438676	1.704576	4.704921
1	58	2.561669	0.516998	2.481722	5.560389
1	59	2.561669	0.413425	1.454019	4.429113
1	60	2.561669	0.562280	2.931040	6.054989
1	61	2.561669	0.463247	1.948379	4.973295
1	62	2.561669	0.480315	2.435521	5.477505
1	63	2.561669	0.490080	2.214631	5.266379
1	64	2.561669	0.478543	2.100158	5.140370
1	65	2.561669	0.488434	2.198297	5.248400
1	66	2.561669	0.537816	2.688295	5.787780
1	67	2.561669	0.572256	3.030020	6.163944
1	68	2.561669	0.475287	2.067853	5.104809
1	69	2.561669	0.436831	1.686267	4.684766
1	70	2.561669	0.389315	1.850360	4.801345
1	71	2.561669	0.594556	3.251295	6.407520
1	72	2.561669	0.526699	2.577989	5.666358
1	73	2.561669	0.436831	1.686267	4.684766
1	74	2.561669	0.547808	2.999298	6.108776
1	75	2.561669	0.557673	2.885326	6.004668
1	76	2.561669	0.501535	2.328296	5.391500
1	77	2.561669	0.440235	1.720047	4.721951
1	78	2.561669	0.515876	2.470593	5.548138
1	79	2.561669	0.526699	2.577989	5.666358
1	80	2.561669	0.486264	2.176767	5.224699
1	81	2.561669	0.556562	2.874297	5.992527
1	82	2.561669	0.431792	1.636271	4.629732
1	83	2.561669	0.534744	2.657814	5.754228
1	84	2.561669	0.392192	1.243335	4.197196
1	85	2.561669	0.475287	2.067853	5.104809
1	86	2.561669	0.557673	2.885326	6.004668
1	87	2.561669	0.486264	2.176767	5.224699
1	88	2.561669	0.515876	2.470593	5.548138
1	89	2.561669	0.503165	2.344472	5.409306
1	90	2.561669	0.503331	2.346118	5.411119
1	91	2.561669	0.422978	1.548816	4.533464
1	92	2.561669	0.556562	2.874297	5.992527
1	93	2.561669	0.506700	2.379547	5.447916
1	94	2.561669	0.557673	2.885326	6.004668
1	95	2.561669	0.436831	1.686267	4.684766
1	96	2.561669	0.453202	1.848714	4.863585
1	97	2.561669	0.534528	2.655665	5.751861
1	98	2.561669	0.443011	1.747590	4.752270
1	99	2.561669	0.452492	1.841670	4.855831
2	0	2.608625	0.403018	1.827438	4.839081
2	1	2.608625	0.461946	1.935469	5.006040
2	2	2.608625	0.423468	1.553672	4.585764
2	3	2.608625	0.484287	2.157150	5.250061
2	4	2.608625	0.416959	1.489092	4.514676
2	5	2.608625	0.436124	1.679256	4.724005
2	6	2.608625	0.499768	2.310761	5.419154
2	7	2.608625	0.498813	2.301284	5.408721
2	8	2.608625	0.429347	1.612012	4.649984
2	9	2.608625	0.561403	2.975296	6.145324
2	10	2.608625	0.478525	2.099982	5.187132
2	11	2.608625	0.507418	2.386665	5.502708
2	12	2.608625	0.383122	1.153342	4.145089
2	13	2.608625	0.485263	2.166836	5.260724
2	14	2.608625	0.497168	2.284961	5.390754
2	15	2.608625	0.374650	1.069277	4.052551
2	16	2.608625	0.484168	2.155970	5.248762
2	17	2.608625	0.450558	1.822480	4.881663
2	18	2.608625	0.435374	1.671810	4.715809
2	19	2.608625	0.488685	2.200793	5.298103
2	20	2.608625	0.472113	2.036359	5.117097
2	21	2.608625	0.419236	1.511684	4.539545
2	22	2.608625	0.474267	2.057723	5.140615
2	23	2.608625	0.562998	2.938161	6.109783
2	24	2.608625	0.535042	2.660773	5.804440
2	25	2.608625	0.435334	1.671415	4.715374
2	26	2.608625	0.485263	2.166836	5.260724
2	27	2.608625	0.465782	1.973531	5.047938
2	28	2.608625	0.484168	2.155970	5.248762
2	29	2.608625	0.419236	1.511684	4.539545
2	30	2.608625	0.535042	2.660773	5.804440
2	31	2.608625	0.430133	1.619809	4.658567
2	32	2.608625	0.441477	1.732372	4.782474
2	33	2.608625	0.435374	1.671810	4.715809
2	34	2.608625	0.521941	2.636700	5.767265
2	35	2.608625	0.485263	2.166836	5.260724
2	36	2.608625	0.470544	2.020791	5.099960
2	37	2.608625	0.453652	1.853174	4.915451
2	38	2.608625	0.502377	2.336653	5.447655
2	39	2.608625	0.464366	1.959484	5.032474
2	40	2.608625	0.451568	1.832498	4.892691
2	41	2.608625	0.533480	2.645265	5.787369
2	42	2.608625	0.499768	2.310761	5.419154
2	43	2.608625	0.488685	2.200793	5.298103
2	44	2.608625	0.469521	2.010637	5.088782
2	45	2.608625	0.479850	2.113130	5.201605
2	46	2.608625	0.484168	2.155970	5.248762
2	47	2.608625	0.563292	2.941076	6.112992
2	48	2.608625	0.484287	2.157150	5.250061
2	49	2.608625	0.485229	2.166500	5.260354
2	50	2.608625	0.498813	2.301284	5.408721
2	51	2.608625	0.497168	2.284961	5.390754
2	52	2.608625	0.483487	2.149212	5.241323
2	53	2.608625	0.485229	2.166500	5.260354
2	54	2.608625	0.561403	2.975296	6.145324
2	55	2.608625	0.479850	2.113130	5.201605
2	56	2.608625	0.416959	1.489092	4.514676
2	57	2.608625	0.436124	1.679256	4.724005
2	58	2.608625	0.478321	2.097952	5.184898
2	59	2.608625	0.383122	1.153342	4.145089
2	60	2.608625	0.511697	2.429126	5.549448
2	61	2.608625	0.429347	1.612012	4.649984
2	62	2.608625	0.461946	1.935469	5.006040
2	63	2.608625	0.451568	1.832498	4.892691
2	64	2.608625	0.430133	1.619809	4.658567
2	65	2.608625	0.478312	2.097861	5.184797
2	66	2.608625	0.518201	2.493666	5.620492
2	67	2.608625	0.474267	2.057723	5.140615
2	68	2.608625	0.522103	2.691274	5.822002
2	69	2.608625	0.428230	1.600926	4.637781
2	70	2.608625	0.461946	1.935469	5.006040
2	71	2.608625	0.484287	2.157150	5.250061
2	72	2.608625	0.571905	3.026545	6.207075
2	73	2.608625	0.465782	1.973531	5.047938
2	74	2.608625	0.604632	3.351277	6.564534
2	75	2.608625	0.472113	2.036359	5.117097
2	76	2.608625	0.485934	2.385351	5.479910
2	77	2.608625	0.383122	1.153342	4.145089
2	78	2.608625	0.563292	2.941076	6.112992
2	79	2.608625	0.540225	2.871083	6.019932
2	80	2.608625	0.462755	1.943502	5.014882
2	81	2.608625	0.518083	2.492495	5.619203
2	82	2.608625	0.533480	2.645265	5.787369
2	83	2.608625	0.430888	1.627300	4.666812
2	84	2.608625	0.503165	2.344468	5.456257
2	85	2.608625	0.479374	2.108405	5.196404
2	86	2.608625	0.453652	1.853174	4.915451
2	87	2.608625	0.479850	2.113130	5.201605
2	88	2.608625	0.441477	1.732372	4.782474
2	89	2.608625	0.551198	2.874039	6.033862
2	90	2.608625	0.566814	2.976022	6.151460
2	91	2.608625	0.507032	2.647662	5.763319
2	92	2.608625	0.445179	1.769105	4.822909
2	93	2.608625	0.453652	1.853174	4.915451
2	94	2.608625	0.490168	2.215507	5.314299
2	95	2.608625	0.436124	1.679256	4.724005
2	96	2.608625	0.491610	2.229818	5.330053
2	97	2.608625	0.429347	1.612012	4.649984
2	98	2.608625	0.561403	2.975296	6.145324
2	99	2.608625	0.416959	1.489092	4.514676
3	0	2.573343	0.477859	2.093366	5.144568
3	1	2.573343	0.457272	1.889094	4.919709
3	2	2.573343	0.461026	1.926340	4.960709
3	3	2.573343	0.507713	2.389599	5.470655
3	4	2.573343	0.580053	3.107385	6.260781
3	5	2.573343	0.580053	3.107385	6.260781
3	6	2.573343	0.460959	1.925682	4.959985
3	7	2.573343	0.473684	2.051942	5.098969
3	8	2.573343	0.518705	2.710516	5.802564
3	9	2.573343	0.496182	2.275181	5.344706
3	10	2.573343	0.523405	2.545305	5.642053
3	11	2.573343	0.495049	2.263933	5.332324
3	12	2.573343	0.512562	2.437713	5.523618
3	13	2.573343	0.533935	2.755715	5.862994
3	14	2.573343	0.450511	1.822011	4.845865
3	15	2.573343	0.434996	1.668058	4.676396
3	16	2.573343	0.619434	3.498152	6.690930
3	17	2.573343	0.436598	1.683961	4.693903
3	18	2.573343	0.497544	2.288695	5.359582
3	19	2.573343	0.434522	1.663362	4.671228
3	20	2.573343	0.436598	1.683961	4.693903
3	21	2.573343	0.535626	2.878418	5.987387
3	22	2.573343	0.507072	2.383238	5.463654
3	23	2.573343	0.424679	1.565687	4.563708
3	24	2.573343	0.495049	2.263933	5.332324
3	25	2.573343	0.466657	1.982218	5.022218
3	26	2.573343	0.533259	2.643081	5.749683
3	27	2.573343	0.522560	2.536913	5.632816
3	28	2.573343	0.497544	2.288695	5.359582
3	29	2.573343	0.457668	1.893023	4.924034
3	30	2.573343	0.510290	2.415169	5.498802
3	31	2.573343	0.520933	2.626702	5.720978
3	32	2.573343	0.577205	3.079130	6.229678
3	33	2.573343	0.489192	2.258790	5.321325
3	34	2.573343	0.556821	2.876870	6.007034
3	35	2.573343	0.508600	2.398397	5.480340
3	36	2.573343	0.569702	3.004681	6.147726
3	37	2.573343	0.495049	2.263933	5.332324
3	38	2.573343	0.436598	1.683961	4.693903
3	39	2.573343	0.496488	2.278216	5.348047
3	40	2.573343	0.408673	1.406872	4.388888
3	41	2.573343	0.491889	2.603328	5.668560
3	42	2.573343	0.439787	1.715604	4.728734
3	43	2.573343	0.450511	1.822011	4.845865
3	44	2.573343	0.444841	1.765747	4.783931
3	45	2.573343	0.439787	1.715604	4.728734
3	46	2.573343	0.522560	2.536913	5.632816
3	47	2.573343	0.434522	1.663362	4.671228
3	48	2.573343	0.487403	2.452893	5.513640
3	49	2.573343	0.505779	2.370407	5.449529
3	50	2.573343	0.473684	2.051942	5.098969
3	51	2.573343	0.389659	1.218203	4.181204
3	52	2.573343	0.477430	2.089118	5.139891
3	53	2.573343	0.439787	1.715604	4.728734
3	54	2.573343	0.604077	3.345768	6.523188
3	55	2.573343	0.457522	1.891575	4.922440
3	56	2.573343	0.553706	2.845961	5.973010
3	57	2.573343	0.453726	1.853912	4.880981
3	58	2.573343	0.569702	3.004681	6.147726
3	59	2.573343	0.457210	2.365155	5.395709
3	60	2.573343	0.519300	2.504572	5.597216
3	61	2.573343	0.408673	1.406872	4.388888
3	62	2.573343	0.486679	2.180891	5.240913
3	63	2.573343	0.439787	1.715604	4.728734
3	64	2.573343	0.510290	2.415169	5.498802
3	65	2.573343	0.495049	2.263933	5.332324
3	66	2.573343	0.543134	2.741064	5.857541
3	67	2.573343	0.507072	2.383238	5.463654
3	68	2.573343	0.512562	2.437713	5.523618
3	69	2.573343	0.450511	1.822011	4.845865
3	70	2.573343	0.574332	3.050627	6.198303
3	71	2.573343	0.444841	1.765747	4.783931
3	72	2.573343	0.553706	2.845961	5.973010
3	73	2.573343	0.499435	2.466347	5.539125
3	74	2.573343	0.550866	2.817777	5.941986
3	75	2.573343	0.477346	2.088282	5.138971
3	76	2.573343	0.473684	2.051942	5.098969
3	77	2.573343	0.440412	1.721806	4.735561
3	78	2.573343	0.438807	1.705874	4.718024
3	79	2.573343	0.461026	1.926340	4.960709
3	80	2.573343	0.556821	2.876870	6.007034
3	81	2.573343	0.600334	3.308624	6.482301
3	82	2.573343	0.436598	1.683961	4.693903
3	83	2.573343	0.496452	2.277861	5.347657
3	84	2.573343	0.514759	2.459505	5.547607
3	85	2.573343	0.522906	2.540349	5.636599
3	86	2.573343	0.552456	2.833555	5.959353
3	87	2.573343	0.470827	2.023591	5.067761
3	88	2.573343	0.439787	1.715604	4.728734
3	89	2.573343	0.380796	1.130258	4.084397
3	90	2.573343	0.434996	1.668058	4.676396
3	91	2.573343	0.488205	2.196033	5.257581
3	92	2.573343	0.495049	2.263933	5.332324
3	93	2.573343	0.484085	2.155149	5.212578
3	94	2.573343	0.522560	2.536913	5.632816
3	95	2.573343	0.431964	1.637981	4.643289
3	96	2.573343	0.580053	3.107385	6.260781
3	97	2.573343	0.523173	2.543001	5.639517
3	98	2.573343	0.440980	2.204111	5.218434
3	99	2.573343	0.495065	2.264099	5.332507
4	0	2.723970	0.407365	1.393898	4.525233
4	1	2.723970	0.540563	2.715554	5.980088
4	2	2.723970	0.536904	2.679241	5.940115
4	3	2.723970	0.499915	2.312224	5.536110
4	4	2.723970	0.440802	1.725671	4.890443
4	5	2.723970	0.515442	2.466283	5.705695
4	6	2.723970	0.399287	1.313744	4.437002
4	7	2.723970	0.525711	2.621147	5.870828
4	8	2.723970	0.461061	1.926691	5.111722
4	9	2.723970	0.501233	2.325298	5.550502
4	10	2.723970	0.546864	2.778073	6.048908
4	11	2.723970	0.463467	1.950562	5.137999
4	12	2.723970	0.426471	2.113109	5.263551
4	13	2.723970	0.448841	1.805434	4.978245
4	14	2.723970	0.536904	2.679241	5.940115
4	15	2.723970	0.571492	3.181333	6.476795
4	16	2.723970	0.457507	1.891426	5.072903
4	17	2.723970	0.476031	2.075228	5.275229
4	18	2.723970	0.471689	2.032150	5.227809
4	19	2.723970	0.515442	2.466283	5.705695
4	20	2.723970	0.457507	1.891426	5.072903
4	21	2.723970	0.447269	1.789839	4.961078
4	22	2.723970	0.399287	1.313744	4.437002
4	23	2.723970	0.495949	2.272863	5.492782
4	24	2.723970	0.476520	2.080080	5.280570
4	25	2.723970	0.449259	1.809590	4.982819
4	26	2.723970	0.487551	2.189535	5.401056
4	27	2.723970	0.372760	1.050529	4.147260
4	28	2.723970	0.530238	2.613101	5.867309
4	29	2.723970	0.530238	2.613101	5.867309
4	30	2.723970	0.555678	2.865531	6.145180
4	31	2.723970	0.532898	2.639490	5.896357
4	32	2.723970	0.407365	1.393898	4.525233
4	33	2.723970	0.495949	2.272863	5.492782
4	34	2.723970	0.510319	2.415450	5.649739
4	35	2.723970	0.441179	1.729410	4.894560
4	36	2.723970	0.542419	2.786934	6.053324
4	37	2.723970	0.458222	1.898522	5.080715
4	38	2.723970	0.448841	1.805434	4.978245
4	39	2.723970	0.484527	2.159536	5.368034
4	40	2.723970	0.446689	1.784085	4.954744
4	41	2.723970	0.463467	1.950562	5.137999
4	42	2.723970	0.551218	2.874241	6.149429
4	43	2.723970	0.535847	2.668757	5.928574
4	44	2.723970	0.433958	1.657760	4.815689
4	45	2.723970	0.537378	2.895805	6.157154
4	46	2.723970	0.535847	2.668757	5.928574
4	47	2.723970	0.441932	1.736879	4.902781
4	48	2.723970	0.446689	1.784085	4.954744
4	49	2.723970	0.461061	1.926691	5.111722
4	50	2.723970	0.522406	2.800202	6.046578
4	51	2.723970	0.487551	2.189535	5.401056
4	52	2.723970	0.424938	1.568266	4.717175
4	53	2.723970	0.414267	1.462380	4.600618
4	54	2.723970	0.442732	1.744819	4.911521
4	55	2.723970	0.495949	2.272863	5.492782
4	56	2.723970	0.546864	2.778073	6.048908
4	57	2.723970	0.484527	2.159536	5.368034
4	58	2.723970	0.458222	1.898522	5.080715
4	59	2.723970	0.448841	1.805434	4.978245
4	60	2.723970	0.528874	2.599571	5.852416
4	61	2.723970	0.440802	1.725671	4.890443
4	62	2.723970	0.447269	1.789839	4.961078
4	63	2.723970	0.532898	2.639490	5.896357
4	64	2.723970	0.446670	1.783897	4.954537
4	65	2.723970	0.578457	3.091549	6.393976
4	66	2.723970	0.458222	1.898522	5.080715
4	67	2.723970	0.441932	1.736879	4.902781
4	68	2.723970	0.417751	1.814727	4.956448
4	69	2.723970	0.399287	1.313744	4.437002
4	70	2.723970	0.495949	2.272863	5.492782
4	71	2.723970	0.484005	2.154354	5.362329
4	72	2.723970	0.527574	2.586670	5.838214
4	73	2.723970	0.441179	1.729410	4.894560
4	74	2.723970	0.517045	2.588122	5.829138
4	75	2.723970	0.499915	2.312224	5.536110
4	76	2.723970	0.487915	2.193151	5.405037
4	77	2.723970	0.424938	1.568266	4.717175
4	78	2.723970	0.541140	2.721280	5.986391
4	79	2.723970	0.448841	1.805434	4.978245
4	80	2.723970	0.530238	2.613101	5.867309
4	81	2.723970	0.520855	2.519996	5.764821
4	82	2.723970	0.578677	3.093733	6.396380
4	83	2.723970	0.499915	2.312224	5.536110
4	84	2.723970	0.446689	1.784085	4.954744
4	85	2.723970	0.435066	1.668755	4.827792
4	86	2.723970	0.506325	2.375822	5.606118
4	87	2.723970	0.433958	1.657760	4.815689
4	88	2.723970	0.476520	2.080080	5.280570
4	89	2.723970	0.480419	2.118772	5.323161
4	90	2.723970	0.528874	2.599571	5.852416
4	91	2.723970	0.382895	1.151094	4.257960
4	92	2.723970	0.499915	2.312224	5.536110
4	93	2.723970	0.505850	2.371112	5.600932
4	94	2.723970	0.551218	2.874241	6.149429
4	95	2.723970	0.493116	2.244761	5.461847
4	96	2.723970	0.484005	2.154354	5.362329
4	97	2.723970	0.466029	1.975989	5.165989
4	98	2.723970	0.471689	2.032150	5.227809
4	99	2.723970	0.468238	1.997904	5.190112
5	0	2.607919	0.432057	1.638902	4.678878
5	1	2.607919	0.496304	2.276391	5.380614
5	2	2.607919	0.468210	1.997629	5.073758
5	3	2.607919	0.453120	1.847893	4.908931
5	4	2.607919	0.465053	2.337045	5.410017
5	5	2.607919	0.432733	1.645610	4.686263
5	6	2.607919	0.600707	3.312333	6.520960
5	7	2.607919	0.558968	2.898176	6.065064
5	8	2.607919	0.433359	1.651820	4.693099
5	9	2.607919	0.542969	2.845347	5.996235
5	10	2.607919	0.495564	2.269047	5.372530
5	11	2.607919	0.465566	1.971395	5.044880
5	12	2.607919	0.523172	2.542986	5.674077
5	13	2.607919	0.417590	1.495349	4.520858
5	14	2.607919	0.473116	2.046312	5.127347
5	15	2.607919	0.453120	1.847893	4.908931
5	16	2.607919	0.573882	3.046154	6.227954
5	17	2.607919	0.450759	1.824471	4.883150
5	18	2.607919	0.462498	1.940950	5.011367
5	19	2.607919	0.510379	2.416045	5.534343
5	20	2.607919	0.436244	1.680447	4.724611
5	21	2.607919	0.502842	2.341259	5.452020
5	22	2.607919	0.436947	1.687422	4.732288
5	23	2.607919	0.567004	2.977914	6.152837
5	24	2.607919	0.542953	2.739261	5.890133
5	25	2.607919	0.444298	1.760360	4.812577
5	26	2.607919	0.486522	2.179325	5.273765
5	27	2.607919	0.473116	2.046312	5.127347
5	28	2.607919	0.523172	2.542986	5.674077
5	29	2.607919	0.432733	1.645610	4.686263
5	30	2.607919	0.542953	2.739261	5.890133
5	31	2.607919	0.465566	1.971395	5.044880
5	32	2.607919	0.488437	2.198334	5.294691
5	33	2.607919	0.496559	2.278916	5.383394
5	34	2.607919	0.469823	2.437347	5.515090
5	35	2.607919	0.533662	2.647074	5.788655
5	36	2.607919	0.495564	2.269047	5.372530
5	37	2.607919	0.607048	3.375245	6.590212
5	38	2.607919	0.428174	1.600372	4.636465
5	39	2.607919	0.436947	1.687422	4.732288
5	40	2.607919	0.484642	2.160674	5.253235
5	41	2.607919	0.471556	2.030831	5.110307
5	42	2.607919	0.478915	2.103850	5.190684
5	43	2.607919	0.468210	1.997629	5.073758
5	44	2.607919	0.496559	2.278916	5.383394
5	45	2.607919	0.422575	1.544817	4.575311
5	46	2.607919	0.506170	2.374288	5.488377
5	47	2.607919	0.545772	2.767239	5.920930
5	48	2.607919	0.468802	2.003503	5.080224
5	49	2.607919	0.462498	1.940950	5.011367
5	50	2.607919	0.498371	2.561723	5.668013
5	51	2.607919	0.538044	2.690552	5.836515
5	52	2.607919	0.486522	2.179325	5.273765
5	53	2.607919	0.488437	2.198334	5.294691
5	54	2.607919	0.480062	2.115225	5.203206
5	55	2.607919	0.458940	1.905648	4.972507
5	56	2.607919	0.498619	2.511219	5.617757
5	57	2.607919	0.470899	2.024312	5.103130
5	58	2.607919	0.435471	1.672770	4.716160
5	59	2.607919	0.496392	2.489116	5.593427
5	60	2.607919	0.453789	1.854535	4.916244
5	61	2.607919	0.503304	2.345847	5.457070
5	62	2.607919	0.431358	1.631966	4.671244
5	63	2.607919	0.579243	3.099354	6.286517
5	64	2.607919	0.458940	1.905648	4.972507
5	65	2.607919	0.450616	1.823050	4.881585
5	66	2.607919	0.487097	2.185033	5.280049
5	67	2.607919	0.538441	2.747461	5.893822
5	68	2.607919	0.433359	1.651820	4.693099
5	69	2.607919	0.573882	3.046154	6.227954
5	70	2.607919	0.468210	1.997629	5.073758
5	71	2.607919	0.503304	2.345847	5.457070
5	72	2.607919	0.454075	1.857372	4.919366
5	73	2.607919	0.428174	1.600372	4.636465
5	74	2.607919	0.579243	3.099354	6.286517
5	75	2.607919	0.481552	2.130019	5.219490
5	76	2.607919	0.489104	2.204951	5.301974
5	77	2.607919	0.492997	2.455428	5.556343
5	78	2.607919	0.567004	2.977914	6.152837
5	79	2.607919	0.428174	1.600372	4.636465
5	80	2.607919	0.459315	1.909364	4.976598
5	81	2.607919	0.432489	1.643187	4.683595
5	82	2.607919	0.496304	2.276391	5.380614
5	83	2.607919	0.523172	2.542986	5.674077
5	84	2.607919	0.496559	2.278916	5.383394
5	85	2.607919	0.473116	2.046312	5.127347
5	86	2.607919	0.450616	1.823050	4.881585
5	87	2.607919	0.468210	1.997629	5.073758
5	88	2.607919	0.494291	2.256413	5.358623
5	89	2.607919	0.495037	2.528636	5.631593
5	90	2.607919	0.434640	2.141203	5.183762
5	91	2.607919	0.465566	1.971395	5.044880
5	92	2.607919	0.416064	1.480213	4.504196
5	93	2.607919	0.600707	3.312333	6.520960
5	94	2.607919	0.422575	1.544817	4.575311
5	95	2.607919	0.516112	2.472934	5.596965
5	96	2.607919	0.532444	2.634985	5.775348
5	97	2.607919	0.514005	2.452030	5.573955
5	98	2.607919	0.480062	2.115225	5.203206
5	99	2.607919	0.515421	2.466076	5.589416
6	0	2.659523	0.371307	1.036107	4.066937
6	1	2.659523	0.444765	1.764999	4.869288
6	2	2.659523	0.428271	1.601335	4.689130
6	3	2.659523	0.447739	1.794503	4.901765
6	4	2.659523	0.482641	2.140815	5.282978
6	5	2.659523	0.445877	1.776026	4.881427
6	6	2.659523	0.519709	2.508623	5.687855
6	7	2.659523	0.428020	1.598839	4.686382
6	8	2.659523	0.472048	2.035711	5.167282
6	9	2.659523	0.432486	1.643155	4.735164
6	10	2.659523	0.406731	1.387603	4.453857
6	11	2.659523	0.452177	1.838545	4.950246
6	12	2.659523	0.452407	1.840818	4.952748
6	13	2.659523	0.456300	1.879449	4.995272
6	14	2.659523	0.452407	1.840818	4.952748
6	15	2.659523	0.371307	1.036107	4.066937
6	16	2.659523	0.501724	2.330168	5.491415
6	17	2.659523	0.501724	2.330168	5.491415
6	18	2.659523	0.519359	2.505149	5.684031
6	19	2.659523	0.463219	1.948109	5.070851
6	20	2.659523	0.520975	2.627111	5.807609
6	21	2.659523	0.558352	2.892064	6.109940
6	22	2.659523	0.537167	2.681849	5.878539
6	23	2.659523	0.466373	2.350142	5.476038
6	24	2.659523	0.477810	2.092888	5.230221
6	25	2.659523	0.447533	1.792460	4.899517
6	26	2.659523	0.454504	2.285340	5.399367
6	27	2.659523	0.446685	1.784046	4.890255
6	28	2.659523	0.546423	2.773697	5.979643
6	29	2.659523	0.461596	1.931995	5.053114
6	30	2.659523	0.494138	2.254899	5.408560
6	31	2.659523	0.500311	2.316145	5.475979
6	32	2.659523	0.505962	2.584074	5.749560
6	33	2.659523	0.419443	1.513735	4.592701
6	34	2.659523	0.509843	2.410729	5.580095
6	35	2.659523	0.546514	2.774597	5.980635
6	36	2.659523	0.444765	1.764999	4.869288
6	37	2.659523	0.432486	1.643155	4.735164
6	38	2.659523	0.508770	2.400079	5.568372
6	39	2.659523	0.495182	2.636008	5.790713
6	40	2.659523	0.445877	1.776026	4.881427
6	41	2.659523	0.444765	1.764999	4.869288
6	42	2.659523	0.472048	2.035711	5.167282
6	43	2.659523	0.551495	2.824027	6.035046
6	44	2.659523	0.452407	1.840818	4.952748
6	45	2.659523	0.406731	1.387603	4.453857
6	46	2.659523	0.469212	2.166460	5.295195
6	47	2.659523	0.479397	2.108632	5.247553
6	48	2.659523	0.472048	2.035711	5.167282
6	49	2.659523	0.476711	2.081982	5.218217
6	50	2.659523	0.411736	1.437268	4.508528
6	51	2.659523	0.446685	1.784046	4.890255
6	52	2.659523	0.501724	2.330168	5.491415
6	53	2.659523	0.472048	2.035711	5.167282
6	54	2.659523	0.476711	2.081982	5.218217
6	55	2.659523	0.550211	2.811285	6.021020
6	56	2.659523	0.526987	2.792697	5.979207
6	57	2.659523	0.435269	1.670770	4.765563
6	58	2.659523	0.546514	2.774597	5.980635
6	59	2.659523	0.546514	2.774597	5.980635
6	60	2.659523	0.494138	2.254899	5.408560
6	61	2.659523	0.444765	1.764999	4.869288
6	62	2.659523	0.492564	2.239280	5.391367
6	63	2.659523	0.511086	2.423068	5.593678
6	64	2.659523	0.432486	1.643155	4.735164
6	65	2.659523	0.509701	2.409319	5.578543
6	66	2.659523	0.546514	2.774597	5.980635
6	67	2.659523	0.477810	2.092888	5.230221
6	68	2.659523	0.477927	2.094044	5.231495
6	69	2.659523	0.446685	1.784046	4.890255
6	70	2.659523	0.474797	2.062990	5.197311
6	71	2.659523	0.483059	2.144971	5.287554
6	72	2.659523	0.463219	1.948109	5.070851
6	73	2.659523	0.440840	1.726052	4.826415
6	74	2.659523	0.445877	1.776026	4.881427
6	75	2.659523	0.406731	1.387603	4.453857
6	76	2.659523	0.546377	2.773238	5.979138
6	77	2.659523	0.547367	2.836026	6.042916
6	78	2.659523	0.452177	1.838545	4.950246
6	79	2.659523	0.600444	3.309715	6.569682
6	80	2.659523	0.432486	1.643155	4.735164
6	81	2.659523	0.488031	2.194302	5.341857
6	82	2.659523	0.526987	2.792697	5.979207
6	83	2.659523	0.428020	1.598839	4.686382
6	84	2.659523	0.575326	3.060484	6.295333
6	85	2.659523	0.461596	1.931995	5.053114
6	86	2.659523	0.482641	2.140815	5.282978
6	87	2.659523	0.533713	2.859437	6.052673
6	88	2.659523	0.500851	2.321509	5.481884
6	89	2.659523	0.432840	1.646669	4.739032
6	90	2.659523	0.501520	2.328147	5.489191
6	91	2.659523	0.435269	1.670770	4.765563
6	92	2.659523	0.468726	2.002749	5.130999
6	93	2.659523	0.442705	1.744553	4.846781
6	94	2.659523	0.511086	2.423068	5.593678
6	95	2.659523	0.477810	2.092888	5.230221
6	96	2.659523	0.432840	1.646669	4.739032
6	97	2.659523	0.429682	1.615335	4.704540
6	98	2.659523	0.564951	2.957540	6.182014
6	99	2.659523	0.477201	2.086841	5.223565
7	0	2.524857	0.489804	2.211890	5.226551
7	1	2.524857	0.559074	2.899225	5.983156
7	2	2.524857	0.525295	2.564057	5.614209
7	3	2.524857	0.561613	3.083310	6.169780
7	4	2.524857	0.563989	2.947995	6.036841
7	5	2.524857	0.550865	2.870738	5.946460
7	6	2.524857	0.496983	2.283130	5.304970
7	7	2.524857	0.454921	1.865772	4.845550
7	8	2.524857	0.483782	2.363995	5.372635
7	9	2.524857	0.530339	2.772989	5.828185
7	10	2.524857	0.511182	2.424020	5.460060
7	11	2.524857	0.436049	2.155188	5.116095
7	12	2.524857	0.530339	2.772989	5.828185
7	13	2.524857	0.575897	3.066151	6.166905
7	14	2.524857	0.486757	2.181662	5.193277
7	15	2.524857	0.456536	1.881789	4.863182
7	16	2.524857	0.445745	1.774717	4.745319
7	17	2.524857	0.467603	1.991605	4.984065
7	18	2.524857	0.525295	2.564057	5.614209
7	19	2.524857	0.544290	2.752532	5.821679
7	20	2.524857	0.428910	1.607673	4.561440
7	21	2.524857	0.532477	2.635318	5.692653
7	22	2.524857	0.544290	2.752532	5.821679
7	23	2.524857	0.456536	1.881789	4.863182
7	24	2.524857	0.485430	2.168494	5.178781
7	25	2.524857	0.566431	2.972229	6.063518
7	26	2.524857	0.507061	2.383131	5.415049
7	27	2.524857	0.432704	1.645323	4.602884
7	28	2.524857	0.559882	2.907244	5.991983
7	29	2.524857	0.508063	2.393066	5.425986
7	30	2.524857	0.481846	2.132928	5.139631
7	31	2.524857	0.474872	2.063734	5.063464
7	32	2.524857	0.486757	2.181662	5.193277
7	33	2.524857	0.499389	2.307000	5.331246
7	34	2.524857	0.438400	1.701838	4.665095
7	35	2.524857	0.523311	2.544365	5.592533
7	36	2.524857	0.459690	1.913091	4.897639
7	37	2.524857	0.482911	2.143498	5.151266
7	38	2.524857	0.460344	2.396255	5.381456
7	39	2.524857	0.481846	2.132928	5.139631
7	40	2.524857	0.438400	1.701838	4.665095
7	41	2.524857	0.559882	2.907244	5.991983
7	42	2.524857	0.522352	2.534853	5.582062
7	43	2.524857	0.474872	2.063734	5.063464
7	44	2.524857	0.506747	2.380007	5.411611
7	45	2.524857	0.482911	2.143498	5.151266
7	46	2.524857	0.530339	2.772989	5.828185
7	47	2.524857	0.509339	2.405734	5.439931
7	48	2.524857	0.438068	1.698546	4.661472
7	49	2.524857	0.506861	2.381143	5.412861
7	50	2.524857	0.466871	1.984337	4.976065
7	51	2.524857	0.544290	2.752532	5.821679
7	52	2.524857	0.571669	3.130126	6.226652
7	53	2.524857	0.493605	2.249605	5.268067
7	54	2.524857	0.466871	1.984337	4.976065
7	55	2.524857	0.474872	2.063734	5.063464
7	56	2.524857	0.438068	1.698546	4.661472
7	57	2.524857	0.434850	1.666609	4.626315
7	58	2.524857	0.487051	2.184582	5.196490
7	59	2.524857	0.455972	1.876195	4.857024
7	60	2.524857	0.506861	2.381143	5.412861
7	61	2.524857	0.477767	2.092459	5.095084
7	62	2.524857	0.457212	1.888501	4.870570
7	63	2.524857	0.500447	2.317497	5.342801
7	64	2.524857	0.433135	1.649593	4.607585
7	65	2.524857	0.428500	1.603608	4.556966
7	66	2.524857	0.478187	2.202548	5.205592
7	67	2.524857	0.499389	2.307000	5.331246
7	68	2.524857	0.525295	2.564057	5.614209
7	69	2.524857	0.474566	2.060697	5.060120
7	70	2.524857	0.474566	2.060697	5.060120
7	71	2.524857	0.444678	1.764128	4.733663
7	72	2.524857	0.509339	2.405734	5.439931
7	73	2.524857	0.508063	2.393066	5.425986
7	74	2.524857	0.553030	2.839251	5.917138
7	75	2.524857	0.532160	2.632169	5.689186
7	76	2.524857	0.438068	1.698546	4.661472
7	77	2.524857	0.456536	1.881789	4.863182
7	78	2.524857	0.539703	2.707015	5.771576
7	79	2.524857	0.505305	2.365699	5.395861
7	80	2.524857	0.546026	2.769756	5.840639
7	81	2.524857	0.508063	2.393066	5.425986
7	82	2.524857	0.479138	2.106063	5.110059
7	83	2.524857	0.477767	2.092459	5.095084
7	84	2.524857	0.438400	1.701838	4.665095
7	85	2.524857	0.478472	2.099449	5.102778
7	86	2.524857	0.500447	2.317497	5.342801
7	87	2.524857	0.433135	1.649593	4.607585
7	88	2.524857	0.552874	2.837710	5.915442
7	89	2.524857	0.552874	2.837710	5.915442
7	90	2.524857	0.443087	1.748340	4.716283
7	91	2.524857	0.459690	1.913091	4.897639
7	92	2.524857	0.455972	1.876195	4.857024
7	93	2.524857	0.428910	1.607673	4.561440
7	94	2.524857	0.559074	2.899225	5.983156
7	95	2.524857	0.433135	1.649593	4.607585
7	96	2.524857	0.447267	1.789816	4.761940
7	97	2.524857	0.481846	2.132928	5.139631
7	98	2.524857	0.623091	3.534431	6.682379
7	99	2.524857	0.559074	2.899225	5.983156
8	0	2.481857	0.474300	2.058051	5.014207
8	1	2.481857	0.474300	2.058051	5.014207
8	2	2.481857	0.495585	2.269260	5.246701
8	3	2.481857	0.536772	2.677935	5.696563
8	4	2.481857	0.522143	2.532775	5.536774
8	5	2.481857	0.494010	2.253633	5.229500
8	6	2.481857	0.499441	2.307517	5.288815
8	7	2.481857	0.538057	2.690687	5.710601
8	8	2.481857	0.610049	3.405022	6.496928
8	9	2.481857	0.593062	3.289434	6.364352
8	10	2.481857	0.456209	1.878551	4.816617
8	11	2.481857	0.564974	2.957772	6.004602
8	12	2.481857	0.501459	2.327543	5.310859
8	13	2.481857	0.497929	2.292510	5.272295
8	14	2.481857	0.538844	2.698489	5.719190
8	15	2.481857	0.484900	2.163238	5.129995
8	16	2.481857	0.491385	2.227580	5.200821
8	17	2.481857	0.527625	2.587170	5.596652
8	18	2.481857	0.491385	2.227580	5.200821
8	19	2.481857	0.441391	1.731512	4.654759
8	20	2.481857	0.483646	2.150789	5.116291
8	21	2.481857	0.483646	2.150789	5.116291
8	22	2.481857	0.402140	1.342045	4.226041
8	23	2.481857	0.522143	2.532775	5.536774
8	24	2.481857	0.494010	2.253633	5.229500
8	25	2.481857	0.533010	2.640601	5.655467
8	26	2.481857	0.563815	2.999231	6.044902
8	27	2.481857	0.497633	2.289581	5.269071
8	28	2.481857	0.534037	2.650793	5.666687
8	29	2.481857	0.457792	2.370928	5.310576
8	30	2.481857	0.564974	2.957772	6.004602
8	31	2.481857	0.497929	2.292510	5.272295
8	32	2.481857	0.554370	2.852549	5.888775
8	33	2.481857	0.572073	3.028208	6.082138
8	34	2.481857	0.489034	2.204256	5.175147
8	35	2.481857	0.484441	2.158676	5.124973
8	36	2.481857	0.445130	1.768617	4.695604
8	37	2.481857	0.512593	2.490984	5.485434
8	38	2.481857	0.532866	2.639173	5.653895
8	39	2.481857	0.483157	2.145937	5.110951
8	40	2.481857	0.538057	2.690687	5.710601
8	41	2.481857	0.487289	2.186942	5.156088
8	42	2.481857	0.610049	3.405022	6.496928
8	43	2.481857	0.445130	1.768617	4.695604
8	44	2.481857	0.484900	2.163238	5.129995
8	45	2.481857	0.516614	2.477914	5.476385
8	46	2.481857	0.484206	2.156351	5.122414
8	47	2.481857	0.564974	2.957772	6.004602
8	48	2.481857	0.551418	2.823256	5.856530
8	49	2.481857	0.509788	2.410189	5.401834
8	50	2.481857	0.554370	2.852549	5.888775
8	51	2.481857	0.564974	2.957772	6.004602
8	52	2.481857	0.522143	2.532775	5.536774
8	53	2.481857	0.516614	2.477914	5.476385
8	54	2.481857	0.527625	2.587170	5.596652
8	55	2.481857	0.551169	2.820792	5.853818
8	56	2.481857	0.435340	1.671474	4.588670
8	57	2.481857	0.497929	2.292510	5.272295
8	58	2.481857	0.466470	1.980363	4.928690
8	59	2.481857	0.486228	2.176407	5.144491
8	60	2.481857	0.509788	2.410189	5.401834
8	61	2.481857	0.537699	2.687134	5.706690
8	62	2.481857	0.502527	2.602959	5.587343
8	63	2.481857	0.516614	2.477914	5.476385
8	64	2.481857	0.548208	2.791408	5.821473
8	65	2.481857	0.557227	2.880900	5.919984
8	66	2.481857	0.538057	2.690687	5.710601
8	67	2.481857	0.474300	2.058051	5.014207
8	68	2.481857	0.565568	2.963665	6.011090
8	69	2.481857	0.447380	1.790945	4.720182
8	70	2.481857	0.463757	1.953440	4.899053
8	71	2.481857	0.484206	2.156351	5.122414
8	72	2.481857	0.613776	3.494973	6.590606
8	73	2.481857	0.506462	2.747926	5.736245
8	74	2.481857	0.564974	2.957772	6.004602
8	75	2.481857	0.527623	2.746043	5.755523
8	76	2.481857	0.554370	2.852549	5.888775
8	77	2.481857	0.468070	1.996242	4.946169
8	78	2.481857	0.496639	2.279711	5.258206
8	79	2.481857	0.441391	1.731512	4.654759
8	80	2.481857	0.501644	2.329375	5.312876
8	81	2.481857	0.497633	2.289581	5.269071
8	82	2.481857	0.548208	2.791408	5.821473
8	83	2.481857	0.516614	2.477914	5.476385
8	84	2.481857	0.572073	3.028208	6.082138
8	85	2.481857	0.499441	2.307517	5.288815
8	86	2.481857	0.537332	2.683491	5.702679
8	87	2.481857	0.536674	2.676964	5.695495
8	88	2.481857	0.554370	2.852549	5.888775
8	89	2.481857	0.503798	2.615573	5.601228
8	90	2.481857	0.485067	2.164893	5.131817
8	91	2.481857	0.509788	2.410189	5.401834
8	92	2.481857	0.615157	3.455704	6.552717
8	93	2.481857	0.484206	2.156351	5.122414
8	94	2.481857	0.494023	2.465613	5.441493
8	95	2.481857	0.535663	2.666932	5.684452
8	96	2.481857	0.565568	2.963665	6.011090
8	97	2.481857	0.600618	3.311445	6.393920
8	98	2.481857	0.484206	2.156351	5.122414
8	99	2.481857	0.466470	1.980363	4.928690
9	0	2.606348	0.526650	2.577501	5.710499
9	1	2.606348	0.384761	1.169606	4.160715
9	2	2.606348	0.401721	1.337891	4.345960
9	3	2.606348	0.476739	2.082253	5.165340
9	4	2.606348	0.455013	1.866681	4.928042
9	5	2.606348	0.412775	1.447578	4.466701
9	6	2.606348	0.434897	1.667080	4.708325
9	7	2.606348	0.505441	2.367048	5.478836
9	8	2.606348	0.432539	1.643682	4.682568
9	9	2.606348	0.533061	2.641113	5.780522
9	10	2.606348	0.521769	2.687956	5.816073
9	11	2.606348	0.459938	1.915548	4.981834
9	12	2.606348	0.467464	1.990226	5.064038
9	13	2.606348	0.427549	2.070839	5.104735
9	14	2.606348	0.542525	2.735013	5.883886
9	15	2.606348	0.583054	3.137169	6.326571
9	16	2.606348	0.491995	2.233630	5.331972
9	17	2.606348	0.401721	1.337891	4.345960
9	18	2.606348	0.528502	2.595876	5.730726
9	19	2.606348	0.431688	1.635238	4.673274
9	20	2.606348	0.513602	2.606920	5.726870
9	21	2.606348	0.503020	2.343029	5.452396
9	22	2.606348	0.441511	1.732710	4.780569
9	23	2.606348	0.528502	2.595876	5.730726
9	24	2.606348	0.422397	1.543048	4.571793
9	25	2.606348	0.459938	1.915548	4.981834
9	26	2.606348	0.456430	1.880739	4.943517
9	27	2.606348	0.429281	1.611353	4.646982
9	28	2.606348	0.510361	2.627729	5.744438
9	29	2.606348	0.468833	2.003813	5.078994
9	30	2.606348	0.520797	2.519427	5.646572
9	31	2.606348	0.542525	2.735013	5.883886
9	32	2.606348	0.490830	2.275036	5.372214
9	33	2.606348	0.490594	2.219735	5.316677
9	34	2.606348	0.501893	2.384809	5.493050
9	35	2.606348	0.458661	1.902878	4.967886
9	36	2.606348	0.476739	2.082253	5.165340
9	37	2.606348	0.462835	1.944289	5.013472
9	38	2.606348	0.475992	2.074841	5.157181
9	39	2.606348	0.554999	2.911757	6.073104
9	40	2.606348	0.384761	1.169606	4.160715
9	41	2.606348	0.506721	2.538644	5.651713
9	42	2.606348	0.429613	1.614652	4.650613
9	43	2.606348	0.502800	2.340850	5.449998
9	44	2.606348	0.591454	3.273479	6.471281
9	45	2.606348	0.443493	1.752373	4.802213
9	46	2.606348	0.431688	1.635238	4.673274
9	47	2.606348	0.576570	3.072832	6.255751
9	48	2.606348	0.535761	2.667902	5.810010
9	49	2.606348	0.384761	1.169606	4.160715
9	50	2.606348	0.528502	2.595876	5.730726
9	51	2.606348	0.458899	1.905235	4.970482
9	52	2.606348	0.436730	1.685263	4.728341
9	53	2.606348	0.491995	2.233630	5.331972
9	54	2.606348	0.550041	2.862558	6.018947
9	55	2.606348	0.458661	1.902878	4.967886
9	56	2.606348	0.499254	2.305659	5.411261
9	57	2.606348	0.486354	2.177666	5.270368
9	58	2.606348	0.458661	1.902878	4.967886
9	59	2.606348	0.422397	1.543048	4.571793
9	60	2.606348	0.440914	1.726786	4.774048
9	61	2.606348	0.480031	2.114924	5.201304
9	62	2.606348	0.436730	1.685263	4.728341
9	63	2.606348	0.401721	1.337891	4.345960
9	64	2.606348	0.555447	2.863238	6.025033
9	65	2.606348	0.571346	3.020999	6.198693
9	66	2.606348	0.455013	1.866681	4.928042
9	67	2.606348	0.528502	2.595876	5.730726
9	68	2.606348	0.438848	1.706281	4.751477
9	69	2.606348	0.432539	1.643682	4.682568
9	70	2.606348	0.584918	3.155663	6.346929
9	71	2.606348	0.431135	1.629753	4.667236
9	72	2.606348	0.505441	2.367048	5.478836
9	73	2.606348	0.462835	1.944289	5.013472
9	74	2.606348	0.467464	1.990226	5.064038
9	75	2.606348	0.438848	1.706281	4.751477
9	76	2.606348	0.412775	1.447578	4.466701
9	77	2.606348	0.490594	2.219735	5.316677
9	78	2.606348	0.432539	1.643682	4.682568
9	79	2.606348	0.462835	1.944289	5.013472
9	80	2.606348	0.571346	3.020999	6.198693
9	81	2.606348	0.497943	2.292658	5.396950
9	82	2.606348	0.479351	2.108176	5.193875
9	83	2.606348	0.571346	3.020999	6.198693
9	84	2.606348	0.429335	1.611891	4.647574
9	85	2.606348	0.429335	1.611891	4.647574
9	86	2.606348	0.431688	1.635238	4.673274
9	87	2.606348	0.499254	2.305659	5.411261
9	88	2.606348	0.583054	3.137169	6.326571
9	89	2.606348	0.467464	1.990226	5.064038
9	90	2.606348	0.440914	1.726786	4.774048
9	91	2.606348	0.526650	2.577501	5.710499
9	92	2.606348	0.412775	1.447578	4.466701
9	93	2.606348	0.561643	2.924716	6.092707
9	94	2.606348	0.441511	1.732710	4.780569
9	95	2.606348	0.436730	1.685263	4.728341
9	96	2.606348	0.533061	2.641113	5.780522
9	97	2.606348	0.534510	2.655490	5.796348
9	98	2.606348	0.468146	1.996990	5.071483
9	99	2.606348	0.438848	1.706281	4.751477
10	0	2.638775	0.457052	1.886916	4.982744
10	1	2.638775	0.539897	2.708945	5.887618
10	2	2.638775	0.497238	2.391589	5.527603
10	3	2.638775	0.466024	1.975933	5.080732
10	4	2.638775	0.447959	1.796689	4.883424
10	5	2.638775	0.500268	2.315720	5.454764
10	6	2.638775	0.371995	1.042931	4.053701
10	7	2.638775	0.420572	1.524937	4.584284
10	8	2.638775	0.473185	2.417739	5.529700
10	9	2.638775	0.506295	2.375528	5.520599
10	10	2.638775	0.485307	2.167277	5.291360
10	11	2.638775	0.431683	1.635190	4.705648
10	12	2.638775	0.435002	1.668126	4.741904
10	13	2.638775	0.486601	2.180110	5.305486
10	14	2.638775	0.500893	2.321926	5.461594
10	15	2.638775	0.552221	2.884195	6.075192
10	16	2.638775	0.463664	1.952521	5.054960
10	17	2.638775	0.442922	1.746705	4.828402
10	18	2.638775	0.486601	2.180110	5.305486
10	19	2.638775	0.457052	1.886916	4.982744
10	20	2.638775	0.446549	1.782692	4.868016
10	21	2.638775	0.431751	1.635859	4.706385
10	22	2.638775	0.472334	2.038546	5.149655
10	23	2.638775	0.444203	1.759418	4.842397
10	24	2.638775	0.456171	1.878170	4.973116
10	25	2.638775	0.506295	2.375528	5.520599
10	26	2.638775	0.409662	1.416684	4.465122
10	27	2.638775	0.432422	1.642516	4.713713
10	28	2.638775	0.555858	2.867313	6.061946
10	29	2.638775	0.500268	2.315720	5.454764
10	30	2.638775	0.460505	1.921177	5.020458
10	31	2.638775	0.553523	2.844148	6.036447
10	32	2.638775	0.396239	1.283492	4.318506
10	33	2.638775	0.518390	2.495535	5.652700
10	34	2.638775	0.552221	2.884195	6.075192
10	35	2.638775	0.482566	2.140075	5.261417
10	36	2.638775	0.475079	2.065782	5.179637
10	37	2.638775	0.444203	1.759418	4.842397
10	38	2.638775	0.456171	1.878170	4.973116
10	39	2.638775	0.456171	1.878170	4.973116
10	40	2.638775	0.381575	1.137990	4.158340
10	41	2.638775	0.460505	1.921177	5.020458
10	42	2.638775	0.520719	2.518652	5.678147
10	43	2.638775	0.390912	1.813244	4.842932
10	44	2.638775	0.492500	2.238643	5.369919
10	45	2.638775	0.512736	2.439441	5.590953
10	46	2.638775	0.403976	1.360264	4.403015
10	47	2.638775	0.417249	1.491962	4.547986
10	48	2.638775	0.451566	1.832475	4.922817
10	49	2.638775	0.426729	1.586030	4.651534
10	50	2.638775	0.527662	2.587538	5.753975
10	51	2.638775	0.435306	1.671136	4.745217
10	52	2.638775	0.485307	2.167277	5.291360
10	53	2.638775	0.528823	2.599058	5.766657
10	54	2.638775	0.475597	2.070926	5.185299
10	55	2.638775	0.485936	2.173514	5.298226
10	56	2.638775	0.431683	1.635190	4.705648
10	57	2.638775	0.457052	1.886916	4.982744
10	58	2.638775	0.451566	1.832475	4.922817
10	59	2.638775	0.485307	2.167277	5.291360
10	60	2.638775	0.564718	3.008190	6.211683
10	61	2.638775	0.457099	1.887375	4.983249
10	62	2.638775	0.435002	1.668126	4.741904
10	63	2.638775	0.469921	2.014603	5.123299
10	64	2.638775	0.469832	2.013717	5.122324
10	65	2.638775	0.554162	2.850481	6.043418
10	66	2.638775	0.512736	2.439441	5.590953
10	67	2.638775	0.417249	1.491962	4.547986
10	68	2.638775	0.485307	2.167277	5.291360
10	69	2.638775	0.563586	2.943996	6.146357
10	70	2.638775	0.595571	3.261364	6.495711
10	71	2.638775	0.473185	2.417739	5.529700
10	72	2.638775	0.475079	2.065782	5.179637
10	73	2.638775	0.447959	1.796689	4.883424
10	74	2.638775	0.403976	1.360264	4.403015
10	75	2.638775	0.471514	2.030412	5.140701
10	76	2.638775	0.488346	2.197424	5.324545
10	77	2.638775	0.457099	1.887375	4.983249
10	78	2.638775	0.457052	1.886916	4.982744
10	79	2.638775	0.442922	1.746705	4.828402
10	80	2.638775	0.396239	1.283492	4.318506
10	81	2.638775	0.557141	2.985976	6.181892
10	82	2.638775	0.442922	1.746705	4.828402
10	83	2.638775	0.525289	2.669919	5.833983
10	84	2.638775	0.447959	1.796689	4.883424
10	85	2.638775	0.435002	1.668126	4.741904
10	86	2.638775	0.482566	2.140075	5.261417
10	87	2.638775	0.457099	1.887375	4.983249
10	88	2.638775	0.527662	2.587538	5.753975
10	89	2.638775	0.554266	2.904481	6.097522
10	90	2.638775	0.457099	1.887375	4.983249
10	91	2.638775	0.456171	1.878170	4.973116
10	92	2.638775	0.588877	3.194946	6.422599
10	93	2.638775	0.477531	2.090117	5.206424
10	94	2.638775	0.457052	1.886916	4.982744
10	95	2.638775	0.508219	2.394615	5.541609
10	96	2.638775	0.469606	2.011475	5.119856
10	97	2.638775	0.554963	2.858439	6.052178
10	98	2.638775	0.508219	2.394615	5.541609
10	99	2.638775	0.477531	2.090117	5.206424
11	0	2.681856	0.445243	1.769735	4.896833
11	1	2.681856	0.384472	1.166742	4.233070
11	2	2.681856	0.465920	1.974901	5.122676
11	3	2.681856	0.497797	2.291203	5.470855
11	4	2.681856	0.438416	1.701998	4.822270
11	5	2.681856	0.472247	2.037689	5.191792
11	6	2.681856	0.430923	1.627645	4.740423
11	7	2.681856	0.467180	1.987407	5.136443
11	8	2.681856	0.446617	1.783367	4.911839
11	9	2.681856	0.465238	1.968142	5.115237
11	10	2.681856	0.472247	2.037689	5.191792
11	11	2.681856	0.441562	1.733208	4.856626
11	12	2.681856	0.458171	1.898017	5.038044
11	13	2.681856	0.523507	2.546312	5.751675
11	14	2.681856	0.481341	2.127918	5.291114
11	15	2.681856	0.472309	2.038296	5.192460
11	16	2.681856	0.477817	2.092953	5.252625
11	17	2.681856	0.544407	2.753695	5.979958
11	18	2.681856	0.412385	1.443703	4.537943
11	19	2.681856	0.540050	2.710458	5.932364
11	20	2.681856	0.498977	2.302913	5.483745
11	21	2.681856	0.477889	2.093665	5.253409
11	22	2.681856	0.458171	1.898017	5.038044
11	23	2.681856	0.570788	3.068426	6.321070
11	24	2.681856	0.443902	1.756433	4.882191
11	25	2.681856	0.443902	1.756433	4.882191
11	26	2.681856	0.510134	2.413617	5.605606
11	27	2.681856	0.472197	2.037188	5.191240
11	28	2.681856	0.570788	3.068426	6.321070
11	29	2.681856	0.475362	2.068592	5.225810
11	30	2.681856	0.477817	2.092953	5.252625
11	31	2.681856	0.428329	1.601905	4.712089
11	32	2.681856	0.467180	1.987407	5.136443
11	33	2.681856	0.434400	1.662147	4.778402
11	34	2.681856	0.464857	1.964354	5.111067
11	35	2.681856	0.472309	2.038296	5.192460
11	36	2.681856	0.477889	2.093665	5.253409
11	37	2.681856	0.540050	2.710458	5.932364
11	38	2.681856	0.547656	2.785932	6.015444
11	39	2.681856	0.540050	2.710458	5.932364
11	40	2.681856	0.494110	2.254625	5.430591
11	41	2.681856	0.484626	2.160517	5.326999
11	42	2.681856	0.412385	1.443703	4.537943
11	43	2.681856	0.477889	2.093665	5.253409
11	44	2.681856	0.501700	2.329933	5.513488
11	45	2.681856	0.537161	2.681795	5.900812
11	46	2.681856	0.523507	2.546312	5.751675
11	47	2.681856	0.493525	2.248812	5.424192
11	48	2.681856	0.445243	1.769735	4.896833
11	49	2.681856	0.430923	1.627645	4.740423
11	50	2.681856	0.459528	1.911481	5.052864
11	51	2.681856	0.449806	1.815010	4.946672
11	52	2.681856	0.548829	2.903501	6.134186
11	53	2.681856	0.523507	2.546312	5.751675
11	54	2.681856	0.537161	2.681795	5.900812
11	55	2.681856	0.494110	2.254625	5.430591
11	56	2.681856	0.401688	1.337559	4.421103
11	57	2.681856	0.494110	2.254625	5.430591
11	58	2.681856	0.555189	2.860676	6.097720
11	59	2.681856	0.540426	2.714186	5.936468
11	60	2.681856	0.428329	1.601905	4.712089
11	61	2.681856	0.547656	2.785932	6.015444
11	62	2.681856	0.450161	1.818539	4.950556
11	63	2.681856	0.422008	1.539193	4.643057
11	64	2.681856	0.505144	2.628928	5.815928
11	65	2.681856	0.545986	2.769359	5.997200
11	66	2.681856	0.473626	2.051364	5.206845
11	67	2.681856	0.465920	1.974901	5.122676
11	68	2.681856	0.568005	2.987842	6.237703
11	69	2.681856	0.540426	2.714186	5.936468
11	70	2.681856	0.496469	2.278029	5.456354
11	71	2.681856	0.538408	2.694169	5.914433
11	72	2.681856	0.540426	2.714186	5.936468
11	73	2.681856	0.479454	2.321050	5.482359
11	74	2.681856	0.422008	1.539193	4.643057
11	75	2.681856	0.450161	1.818539	4.950556
11	76	2.681856	0.498977	2.302913	5.483745
11	77	2.681856	0.473491	2.050025	5.205371
11	78	2.681856	0.587596	3.182235	6.451686
11	79	2.681856	0.582783	3.187441	6.452080
11	80	2.681856	0.504101	2.353756	5.539713
11	81	2.681856	0.570621	3.066769	6.319246
11	82	2.681856	0.458171	1.898017	5.038044
11	83	2.681856	0.523507	2.546312	5.751675
11	84	2.681856	0.504101	2.353756	5.539713
11	85	2.681856	0.545986	2.769359	5.997200
11	86	2.681856	0.486248	2.388462	5.556565
11	87	2.681856	0.507310	2.385595	5.574760
11	88	2.681856	0.577596	3.188936	6.448387
11	89	2.681856	0.455462	1.871131	5.008448
11	90	2.681856	0.498977	2.302913	5.483745
11	91	2.681856	0.401688	1.337559	4.421103
11	92	2.681856	0.468278	2.210161	5.360295
11	93	2.681856	0.438416	1.701998	4.822270
11	94	2.681856	0.544407	2.753695	5.979958
11	95	2.681856	0.485376	2.167960	5.335191
11	96	2.681856	0.484626	2.160517	5.326999
11	97	2.681856	0.472247	2.037689	5.191792
11	98	2.681856	0.540426	2.714186	5.936468
11	99	2.681856	0.472309	2.038296	5.192460
12	0	2.487184	0.559006	2.898547	5.944736
12	1	2.487184	0.501957	2.332484	5.321625
12	2	2.487184	0.420067	1.519924	4.427175
12	3	2.487184	0.519213	2.503701	5.510097
12	4	2.487184	0.576485	3.071984	6.135653
12	5	2.487184	0.513287	2.444902	5.445373
12	6	2.487184	0.501957	2.332484	5.321625
12	7	2.487184	0.537379	2.683959	5.708522
12	8	2.487184	0.567032	3.190041	6.244257
12	9	2.487184	0.507025	2.382773	5.376982
12	10	2.487184	0.549066	2.799918	5.836168
12	11	2.487184	0.518251	2.494163	5.499598
12	12	2.487184	0.478143	2.519896	5.485223
12	13	2.487184	0.518251	2.494163	5.499598
12	14	2.487184	0.575160	3.058836	6.121179
12	15	2.487184	0.393241	1.253745	4.134169
12	16	2.487184	0.507025	2.382773	5.376982
12	17	2.487184	0.560726	2.915618	5.963528
12	18	2.487184	0.463440	1.950302	4.900926
12	19	2.487184	0.507333	2.385829	5.380346
12	20	2.487184	0.474064	2.055718	5.016967
12	21	2.487184	0.495265	2.266085	5.248534
12	22	2.487184	0.549351	2.961636	5.998170
12	23	2.487184	0.512896	2.441021	5.441100
12	24	2.487184	0.433977	1.657953	4.579114
12	25	2.487184	0.517382	2.485541	5.490107
12	26	2.487184	0.519213	2.503701	5.510097
12	27	2.487184	0.442690	1.744405	4.674278
12	28	2.487184	0.565421	2.962199	6.014804
12	29	2.487184	0.592074	3.226673	6.305931
12	30	2.487184	0.549066	2.799918	5.836168
12	31	2.487184	0.564602	2.954082	6.005868
12	32	2.487184	0.443410	1.751546	4.682140
12	33	2.487184	0.500085	2.313902	5.301171
12	34	2.487184	0.575160	3.058836	6.121179
12	35	2.487184	0.474924	2.064252	5.026360
12	36	2.487184	0.513885	2.662693	5.663762
12	37	2.487184	0.564602	2.954082	6.005868
12	38	2.487184	0.513882	2.450811	5.451878
12	39	2.487184	0.508262	2.395048	5.390494
12	40	2.487184	0.507236	2.384864	5.379284
12	41	2.487184	0.452524	1.841986	4.781694
12	42	2.487184	0.452524	1.841986	4.781694
12	43	2.487184	0.549066	2.799918	5.836168
12	44	2.487184	0.474338	2.058429	5.019950
12	45	2.487184	0.512896	2.441021	5.441100
12	46	2.487184	0.504341	2.356142	5.347668
12	47	2.487184	0.576485	3.071984	6.135653
12	48	2.487184	0.441744	1.735020	4.663947
12	49	2.487184	0.549066	2.799918	5.836168
12	50	2.487184	0.435468	1.672746	4.595398
12	51	2.487184	0.513882	2.450811	5.451878
12	52	2.487184	0.473739	2.052492	5.013415
12	53	2.487184	0.474064	2.055718	5.016967
12	54	2.487184	0.546775	2.777189	5.811148
12	55	2.487184	0.573045	3.143777	6.204006
12	56	2.487184	0.513882	2.450811	5.451878
12	57	2.487184	0.513882	2.450811	5.451878
12	58	2.487184	0.592074	3.226673	6.305931
12	59	2.487184	0.500085	2.313902	5.301171
12	60	2.487184	0.501807	2.489884	5.478875
12	61	2.487184	0.560630	2.914669	5.962483
12	62	2.487184	0.527643	2.799204	5.814031
12	63	2.487184	0.442690	1.744405	4.674278
12	64	2.487184	0.382100	1.778768	4.648052
12	65	2.487184	0.560630	2.914669	5.962483
12	66	2.487184	0.546775	2.777189	5.811148
12	67	2.487184	0.499546	2.308556	5.295286
12	68	2.487184	0.463440	1.950302	4.900926
12	69	2.487184	0.527643	2.799204	5.814031
12	70	2.487184	0.564602	2.954082	6.005868
12	71	2.487184	0.508262	2.395048	5.390494
12	72	2.487184	0.592074	3.226673	6.305931
12	73	2.487184	0.537379	2.683959	5.708522
12	74	2.487184	0.559006	2.898547	5.944736
12	75	2.487184	0.517382	2.485541	5.490107
12	76	2.487184	0.496059	2.273954	5.257197
12	77	2.487184	0.420067	1.519924	4.427175
12	78	2.487184	0.549066	2.799918	5.836168
12	79	2.487184	0.474064	2.055718	5.016967
12	80	2.487184	0.518589	2.497515	5.503288
12	81	2.487184	0.467157	1.987175	4.941515
12	82	2.487184	0.490255	2.216371	5.193810
12	83	2.487184	0.443410	1.751546	4.682140
12	84	2.487184	0.496059	2.273954	5.257197
12	85	2.487184	0.420067	1.519924	4.427175
12	86	2.487184	0.444372	1.761100	4.692656
12	87	2.487184	0.527608	2.587004	5.601796
12	88	2.487184	0.474338	2.058429	5.019950
12	89	2.487184	0.428475	1.603361	4.519021
12	90	2.487184	0.382100	1.778768	4.648052
12	91	2.487184	0.435468	1.672746	4.595398
12	92	2.487184	0.474064	2.055718	5.016967
12	93	2.487184	0.499546	2.308556	5.295286
12	94	2.487184	0.474924	2.064252	5.026360
12	95	2.487184	0.501957	2.332484	5.321625
12	96	2.487184	0.385372	1.175667	4.048223
12	97	2.487184	0.560726	2.915618	5.963528
12	98	2.487184	0.393241	1.253745	4.134169
12	99	2.487184	0.507025	2.382773	5.376982
13	0	2.667760	0.531543	2.626046	5.825349
13	1	2.667760	0.531543	2.626046	5.825349
13	2	2.667760	0.548440	2.793713	6.009913
13	3	2.667760	0.484170	2.155987	5.307917
13	4	2.667760	0.477601	2.090814	5.236176
13	5	2.667760	0.425933	1.578138	4.671832
13	6	2.667760	0.504307	2.355803	5.527871
13	7	2.667760	0.486368	2.177805	5.331934
13	8	2.667760	0.511925	2.431385	5.611070
13	9	2.667760	0.580935	3.116144	6.364839
13	10	2.667760	0.401898	1.922250	4.991908
13	11	2.667760	0.516132	2.473130	5.657022
13	12	2.667760	0.505106	2.363729	5.536596
13	13	2.667760	0.463303	1.948941	5.080005
13	14	2.667760	0.451143	1.828282	4.947185
13	15	2.667760	0.486368	2.177805	5.331934
13	16	2.667760	0.454279	1.859401	4.981441
13	17	2.667760	0.523705	2.548279	5.739744
13	18	2.667760	0.442699	1.744490	4.854949
13	19	2.667760	0.515498	2.466842	5.650100
13	20	2.667760	0.574325	3.209443	6.451529
13	21	2.667760	0.463446	1.950355	5.081561
13	22	2.667760	0.440515	1.722820	4.831095
13	23	2.667760	0.470846	2.023784	5.162390
13	24	2.667760	0.508086	2.393296	5.569142
13	25	2.667760	0.494317	2.256671	5.418748
13	26	2.667760	0.440515	1.722820	4.831095
13	27	2.667760	0.548440	2.793713	6.009913
13	28	2.667760	0.470846	2.023784	5.162390
13	29	2.667760	0.462487	1.940841	5.071089
13	30	2.667760	0.483410	2.148446	5.299616
13	31	2.667760	0.477601	2.090814	5.236176
13	32	2.667760	0.545291	2.921356	6.134408
13	33	2.667760	0.462487	1.940841	5.071089
13	34	2.667760	0.391334	1.234827	4.293921
13	35	2.667760	0.517477	2.486482	5.671719
13	36	2.667760	0.389477	1.216403	4.273641
13	37	2.667760	0.511925	2.431385	5.611070
13	38	2.667760	0.519851	2.510031	5.697642
13	39	2.667760	0.500206	2.315110	5.483077
13	40	2.667760	0.463062	1.946549	5.077372
13	41	2.667760	0.549354	2.802778	6.019893
13	42	2.667760	0.500714	2.320151	5.488626
13	43	2.667760	0.450840	1.825274	4.943875
13	44	2.667760	0.515631	2.468163	5.651555
13	45	2.667760	0.551244	2.821532	6.040536
13	46	2.667760	0.541352	2.723381	5.932494
13	47	2.667760	0.488355	2.197514	5.353630
13	48	2.667760	0.469732	2.012730	5.150222
13	49	2.667760	0.515631	2.468163	5.651555
13	50	2.667760	0.444566	1.763022	4.875348
13	51	2.667760	0.494317	2.256671	5.418748
13	52	2.667760	0.516132	2.473130	5.657022
13	53	2.667760	0.484170	2.155987	5.307917
13	54	2.667760	0.442995	1.747433	4.858189
13	55	2.667760	0.391334	1.234827	4.293921
13	56	2.667760	0.492207	2.235739	5.395706
13	57	2.667760	0.474487	2.059906	5.202153
13	58	2.667760	0.469501	2.434151	5.571413
13	59	2.667760	0.491355	2.227281	5.386396
13	60	2.667760	0.470846	2.023784	5.162390
13	61	2.667760	0.463374	2.373350	5.504484
13	62	2.667760	0.495798	2.642112	5.805670
13	63	2.667760	0.551244	2.821532	6.040536
13	64	2.667760	0.469732	2.012730	5.150222
13	65	2.667760	0.479045	2.105141	5.251947
13	66	2.667760	0.474487	2.059906	5.202153
13	67	2.667760	0.542338	2.733167	5.943266
13	68	2.667760	0.486276	2.494670	5.648707
13	69	2.667760	0.500714	2.320151	5.488626
13	70	2.667760	0.463303	1.948941	5.080005
13	71	2.667760	0.523676	2.547986	5.739422
13	72	2.667760	0.537208	2.682263	5.887232
13	73	2.667760	0.484130	2.155589	5.307479
13	74	2.667760	0.486276	2.494670	5.648707
13	75	2.667760	0.440188	1.719574	4.827522
13	76	2.667760	0.481747	2.131946	5.281453
13	77	2.667760	0.494317	2.256671	5.418748
13	78	2.667760	0.511925	2.431385	5.611070
13	79	2.667760	0.469732	2.012730	5.150222
13	80	2.667760	0.486368	2.177805	5.331934
13	81	2.667760	0.463303	1.948941	5.080005
13	82	2.667760	0.436928	1.687230	4.791919
13	83	2.667760	0.452479	1.841537	4.961777
13	84	2.667760	0.586633	3.225639	6.480032
13	85	2.667760	0.431667	1.635028	4.734455
13	86	2.667760	0.488355	2.197514	5.353630
13	87	2.667760	0.585341	3.159855	6.412956
13	88	2.667760	0.486368	2.177805	5.331934
13	89	2.667760	0.581777	3.124497	6.374034
13	90	2.667760	0.442699	1.744490	4.854949
13	91	2.667760	0.517477	2.486482	5.671719
13	92	2.667760	0.454279	1.859401	4.981441
13	93	2.667760	0.477601	2.090814	5.236176
13	94	2.667760	0.436928	1.687230	4.791919
13	95	2.667760	0.481950	2.133965	5.283675
13	96	2.667760	0.554331	2.958089	6.180181
13	97	2.667760	0.585341	3.159855	6.412956
13	98	2.667760	0.474487	2.059906	5.202153
13	99	2.667760	0.451143	1.828282	4.947185
14	0	2.504388	0.434188	1.660044	4.598620
14	1	2.504388	0.478487	2.099598	5.082472
14	2	2.504388	0.595597	3.261626	6.361611
14	3	2.504388	0.515925	2.471081	5.491394
14	4	2.504388	0.499280	2.305917	5.309584
14	5	2.504388	0.480432	2.118898	5.103717
14	6	2.504388	0.494057	2.254096	5.252540
14	7	2.504388	0.511832	2.430464	5.446683
14	8	2.504388	0.514956	2.461461	5.480804
14	9	2.504388	0.475726	2.072205	5.052318
14	10	2.504388	0.473347	2.048596	5.026330
14	11	2.504388	0.439779	1.715521	4.659687
14	12	2.504388	0.527509	2.586020	5.617917
14	13	2.504388	0.521734	2.528721	5.554842
14	14	2.504388	0.615197	3.456108	6.575692
14	15	2.504388	0.535150	2.661842	5.701380
14	16	2.504388	0.453575	1.852416	4.810379
14	17	2.504388	0.494057	2.254096	5.252540
14	18	2.504388	0.576607	3.073197	6.154191
14	19	2.504388	0.499280	2.305917	5.309584
14	20	2.504388	0.434188	1.660044	4.598620
14	21	2.504388	0.492147	2.235145	5.231680
14	22	2.504388	0.497888	2.292103	5.294379
14	23	2.504388	0.470862	2.023939	4.999188
14	24	2.504388	0.474372	2.058767	5.037527
14	25	2.504388	0.463677	1.952647	4.920711
14	26	2.504388	0.437592	1.693825	4.635805
14	27	2.504388	0.460262	1.918760	4.883410
14	28	2.504388	0.474372	2.058767	5.037527
14	29	2.504388	0.471667	2.031926	5.007981
14	30	2.504388	0.474372	2.058767	5.037527
14	31	2.504388	0.499280	2.305917	5.309584
14	32	2.504388	0.561908	2.927342	5.993637
14	33	2.504388	0.490048	2.214312	5.208747
14	34	2.504388	0.460262	1.918760	4.883410
14	35	2.504388	0.460262	1.918760	4.883410
14	36	2.504388	0.525588	2.566965	5.596940
14	37	2.504388	0.606813	3.372912	6.484112
14	38	2.504388	0.510297	2.733017	5.747701
14	39	2.504388	0.496334	2.594466	5.595187
14	40	2.504388	0.535726	2.826443	5.866556
14	41	2.504388	0.499280	2.305917	5.309584
14	42	2.504388	0.515405	2.465919	5.485711
14	43	2.504388	0.441155	1.729172	4.674715
14	44	2.504388	0.536708	2.677302	5.718397
14	45	2.504388	0.471667	2.031926	5.007981
14	46	2.504388	0.472339	2.038597	5.015324
14	47	2.504388	0.501416	2.327110	5.332913
14	48	2.504388	0.461373	1.929783	4.895543
14	49	2.504388	0.501416	2.327110	5.332913
14	50	2.504388	0.437592	1.693825	4.635805
14	51	2.504388	0.561908	2.927342	5.993637
14	52	2.504388	0.453715	1.853802	4.811904
14	53	2.504388	0.514956	2.461461	5.480804
14	54	2.504388	0.439779	1.715521	4.659687
14	55	2.504388	0.475726	2.072205	5.052318
14	56	2.504388	0.527665	2.640531	5.672584
14	57	2.504388	0.544770	2.757293	5.806450
14	58	2.504388	0.522519	2.695402	5.722309
14	59	2.504388	0.515925	2.471081	5.491394
14	60	2.504388	0.436299	1.680995	4.621681
14	61	2.504388	0.443419	1.751641	4.699448
14	62	2.504388	0.443419	1.751641	4.699448
14	63	2.504388	0.474171	2.056779	5.035338
14	64	2.504388	0.599066	3.296048	6.399502
14	65	2.504388	0.452208	1.838851	4.795447
14	66	2.504388	0.638241	3.684764	6.827393
14	67	2.504388	0.461373	1.929783	4.895543
14	68	2.504388	0.489721	2.211067	5.205175
14	69	2.504388	0.542366	2.733442	5.780196
14	70	2.504388	0.490048	2.214312	5.208747
14	71	2.504388	0.563517	2.943316	6.011221
14	72	2.504388	0.441155	1.729172	4.674715
14	73	2.504388	0.501416	2.327110	5.332913
14	74	2.504388	0.600582	3.311091	6.416061
14	75	2.504388	0.514956	2.461461	5.480804
14	76	2.504388	0.436299	1.680995	4.621681
14	77	2.504388	0.417050	2.072592	4.994029
14	78	2.504388	0.465027	2.230866	5.200281
14	79	2.504388	0.478487	2.099598	5.082472
14	80	2.504388	0.599066	3.296048	6.399502
14	81	2.504388	0.481301	2.127524	5.113212
14	82	2.504388	0.496334	2.594466	5.595187
14	83	2.504388	0.441155	1.729172	4.674715
14	84	2.504388	0.452262	1.839381	4.796030
14	85	2.504388	0.466917	1.984800	4.956104
14	86	2.504388	0.480432	2.118898	5.103717
14	87	2.504388	0.452262	1.839381	4.796030
14	88	2.504388	0.478487	2.099598	5.082472
14	89	2.504388	0.488339	2.197361	5.190088
14	90	2.504388	0.520826	2.519714	5.544928
14	91	2.504388	0.478487	2.099598	5.082472
14	92	2.504388	0.488339	2.197361	5.190088
14	93	2.504388	0.578666	3.146595	6.229649
14	94	2.504388	0.441155	1.729172	4.674715
14	95	2.504388	0.439779	1.715521	4.659687
14	96	2.504388	0.499646	2.627332	5.631365
14	97	2.504388	0.563517	2.943316	6.011221
14	98	2.504388	0.392687	1.248250	4.145324
14	99	2.504388	0.527509	2.586020	5.617917
15	0	2.649906	0.511243	2.424624	5.585773
15	1	2.649906	0.490614	2.219929	5.360449
15	2	2.649906	0.414807	1.467740	4.532454
15	3	2.649906	0.436581	1.683791	4.770278
15	4	2.649906	0.504821	2.360903	5.515630
15	5	2.649906	0.547666	2.997881	6.195453
15	6	2.649906	0.455292	1.869447	4.974645
15	7	2.649906	0.438963	1.707427	4.796296
15	8	2.649906	0.432908	1.647340	4.730154
15	9	2.649906	0.474772	2.062741	5.187419
15	10	2.649906	0.525152	2.562633	5.737691
15	11	2.649906	0.498120	2.294407	5.442433
15	12	2.649906	0.539830	2.708277	5.898013
15	13	2.649906	0.453851	2.014043	5.117800
15	14	2.649906	0.498810	2.301254	5.449970
15	15	2.649906	0.425809	1.576905	4.652620
15	16	2.649906	0.520007	2.511581	5.681495
15	17	2.649906	0.424347	1.562401	4.636654
15	18	2.649906	0.504821	2.360903	5.515630
15	19	2.649906	0.511243	2.424624	5.585773
15	20	2.649906	0.551064	2.819747	6.020718
15	21	2.649906	0.474510	2.060136	5.184552
15	22	2.649906	0.494717	2.260644	5.405267
15	23	2.649906	0.504001	2.352766	5.506674
15	24	2.649906	0.513402	2.446040	5.609348
15	25	2.649906	0.432908	1.647340	4.730154
15	26	2.649906	0.453453	1.851205	4.954565
15	27	2.649906	0.551064	2.819747	6.020718
15	28	2.649906	0.502505	2.337924	5.490336
15	29	2.649906	0.479840	2.430808	5.560554
15	30	2.649906	0.487566	2.295617	5.433089
15	31	2.649906	0.449993	1.816867	4.916766
15	32	2.649906	0.460696	1.923069	5.033671
15	33	2.649906	0.478814	2.102845	5.231565
15	34	2.649906	0.510660	2.577728	5.738295
15	35	2.649906	0.453995	1.856582	4.960484
15	36	2.649906	0.487499	2.189025	5.326431
15	37	2.649906	0.449993	1.816867	4.916766
15	38	2.649906	0.510503	2.417280	5.577690
15	39	2.649906	0.626741	3.570652	6.847300
15	40	2.649906	0.549263	2.801880	6.001050
15	41	2.649906	0.496961	2.282910	5.429777
15	42	2.649906	0.447077	1.787938	4.884922
15	43	2.649906	0.525152	2.562633	5.737691
15	44	2.649906	0.521542	2.526810	5.698257
15	45	2.649906	0.463986	2.379422	5.493314
15	46	2.649906	0.511453	2.426709	5.588069
15	47	2.649906	0.520007	2.511581	5.681495
15	48	2.649906	0.510503	2.417280	5.577690
15	49	2.649906	0.474510	2.060136	5.184552
15	50	2.649906	0.520007	2.511581	5.681495
15	51	2.649906	0.569479	3.161365	6.380751
15	52	2.649906	0.539830	2.708277	5.898013
15	53	2.649906	0.484113	2.155429	5.289448
15	54	2.649906	0.473823	2.053326	5.177056
15	55	2.649906	0.433430	1.652522	4.735858
15	56	2.649906	0.466867	1.984299	5.101073
15	57	2.649906	0.563906	2.947173	6.160986
15	58	2.649906	0.444440	1.761767	4.856113
15	59	2.649906	0.502505	2.337924	5.490336
15	60	2.649906	0.514327	2.455224	5.619457
15	61	2.649906	0.447077	1.787938	4.884922
15	62	2.649906	0.483706	2.151384	5.284996
15	63	2.649906	0.463863	1.954496	5.068266
15	64	2.649906	0.490614	2.219929	5.360449
15	65	2.649906	0.539830	2.708277	5.898013
15	66	2.649906	0.477747	2.092255	5.219908
15	67	2.649906	0.491317	2.385799	5.527022
15	68	2.649906	0.470224	2.017608	5.137738
15	69	2.649906	0.485727	2.171440	5.307073
15	70	2.649906	0.462596	1.941924	5.054426
15	71	2.649906	0.521542	2.526810	5.698257
15	72	2.649906	0.462596	1.941924	5.054426
15	73	2.649906	0.566761	2.975498	6.192165
15	74	2.649906	0.580963	3.116416	6.347285
15	75	2.649906	0.496961	2.282910	5.429777
15	76	2.649906	0.425809	1.576905	4.652620
15	77	2.649906	0.477747	2.092255	5.219908
15	78	2.649906	0.496685	2.280174	5.426766
15	79	2.649906	0.406854	1.388818	4.445578
15	80	2.649906	0.444440	1.761767	4.856113
15	81	2.649906	0.449993	1.816867	4.916766
15	82	2.649906	0.464621	1.962017	5.076544
15	83	2.649906	0.487499	2.189025	5.326431
15	84	2.649906	0.479840	2.430808	5.560554
15	85	2.649906	0.462596	1.941924	5.054426
15	86	2.649906	0.549263	2.801880	6.001050
15	87	2.649906	0.474772	2.062741	5.187419
15	88	2.649906	0.406854	1.388818	4.445578
15	89	2.649906	0.489439	2.208269	5.347614
15	90	2.649906	0.480249	2.117083	5.247239
15	91	2.649906	0.547666	2.997881	6.195453
15	92	2.649906	0.444884	1.766177	4.860968
15	93	2.649906	0.473823	2.053326	5.177056
15	94	2.649906	0.463863	1.954496	5.068266
15	95	2.649906	0.414807	1.467740	4.532454
15	96	2.649906	0.444884	1.766177	4.860968
15	97	2.649906	0.490614	2.219929	5.360449
15	98	2.649906	0.436581	1.683791	4.770278
15	99	2.649906	0.504821	2.360903	5.515630
16	0	2.554524	0.448492	1.801979	4.804995
16	1	2.554524	0.556320	2.871895	5.982739
16	2	2.554524	0.446034	1.777587	4.778145
16	3	2.554524	0.518821	2.499818	5.573163
16	4	2.554524	0.455202	1.868555	4.878281
16	5	2.554524	0.556320	2.871895	5.982739
16	6	2.554524	0.498309	2.296285	5.349119
16	7	2.554524	0.461248	1.928549	4.944322
16	8	2.554524	0.532161	2.791071	5.877756
16	9	2.554524	0.528125	2.592136	5.674786
16	10	2.554524	0.480527	2.119840	5.154891
16	11	2.554524	0.565665	2.964629	6.084819
16	12	2.554524	0.522274	2.534079	5.610878
16	13	2.554524	0.552165	2.830667	5.937356
16	14	2.554524	0.460615	1.922267	4.937407
16	15	2.554524	0.471607	2.031330	5.057461
16	16	2.554524	0.519163	2.503206	5.576893
16	17	2.554524	0.459542	1.911617	4.925683
16	18	2.554524	0.552165	2.830667	5.937356
16	19	2.554524	0.516725	2.531978	5.603227
16	20	2.554524	0.481934	2.133807	5.170266
16	21	2.554524	0.455202	1.868555	4.878281
16	22	2.554524	0.455202	1.868555	4.878281
16	23	2.554524	0.505283	2.365484	5.425291
16	24	2.554524	0.565665	2.964629	6.084819
16	25	2.554524	0.431064	1.629044	4.614632
16	26	2.554524	0.583392	3.140522	6.278438
16	27	2.554524	0.510150	2.413775	5.478449
16	28	2.554524	0.549972	2.808907	5.913403
16	29	2.554524	0.589114	3.250262	6.393900
16	30	2.554524	0.547799	2.787351	5.889675
16	31	2.554524	0.460615	1.922267	4.937407
16	32	2.554524	0.504528	2.357991	5.417044
16	33	2.554524	0.481934	2.133807	5.170266
16	34	2.554524	0.461248	1.928549	4.944322
16	35	2.554524	0.565665	2.964629	6.084819
16	36	2.554524	0.386486	1.186721	4.127731
16	37	2.554524	0.518821	2.499818	5.573163
16	38	2.554524	0.481934	2.133807	5.170266
16	39	2.554524	0.429725	1.615757	4.600006
16	40	2.554524	0.423405	1.553051	4.530981
16	41	2.554524	0.498309	2.296285	5.349119
16	42	2.554524	0.550210	2.811274	5.916009
16	43	2.554524	0.485411	2.168308	5.208244
16	44	2.554524	0.552165	2.830667	5.937356
16	45	2.554524	0.438221	1.700060	4.692805
16	46	2.554524	0.430902	1.627438	4.612864
16	47	2.554524	0.377791	1.100449	4.032765
16	48	2.554524	0.531289	2.729457	5.815270
16	49	2.554524	0.494008	2.253608	5.302140
16	50	2.554524	0.565665	2.964629	6.084819
16	51	2.554524	0.423405	1.553051	4.530981
16	52	2.554524	0.431165	1.630052	4.615742
16	53	2.554524	0.429725	1.615757	4.600006
16	54	2.554524	0.477688	2.091674	5.123886
16	55	2.554524	0.481174	2.126260	5.161957
16	56	2.554524	0.431165	1.630052	4.615742
16	57	2.554524	0.498309	2.296285	5.349119
16	58	2.554524	0.503569	2.348479	5.406572
16	59	2.554524	0.529730	2.713992	5.798246
16	60	2.554524	0.459542	1.911617	4.925683
16	61	2.554524	0.549972	2.808907	5.913403
16	62	2.554524	0.529849	2.609240	5.693613
16	63	2.554524	0.494008	2.253608	5.302140
16	64	2.554524	0.575447	3.061685	6.191656
16	65	2.554524	0.550210	2.811274	5.916009
16	66	2.554524	0.512860	2.440663	5.508047
16	67	2.554524	0.527780	2.747607	5.829911
16	68	2.554524	0.459542	1.911617	4.925683
16	69	2.554524	0.508257	2.394998	5.457779
16	70	2.554524	0.429725	1.615757	4.600006
16	71	2.554524	0.396584	1.869524	4.820633
16	72	2.554524	0.472005	2.035284	5.061813
16	73	2.554524	0.503569	2.348479	5.406572
16	74	2.554524	0.481174	2.126260	5.161957
16	75	2.554524	0.549298	2.802220	5.906042
16	76	2.554524	0.575447	3.061685	6.191656
16	77	2.554524	0.560898	2.970288	6.085710
16	78	2.554524	0.510150	2.413775	5.478449
16	79	2.554524	0.508257	2.394998	5.457779
16	80	2.554524	0.475890	2.073835	5.104249
16	81	2.554524	0.505283	2.365484	5.425291
16	82	2.554524	0.559344	2.901908	6.015777
16	83	2.554524	0.430902	1.627438	4.612864
16	84	2.554524	0.493277	2.246359	5.294160
16	85	2.554524	0.442654	1.744049	4.741227
16	86	2.554524	0.423405	1.553051	4.530981
16	87	2.554524	0.498309	2.296285	5.349119
16	88	2.554524	0.515828	2.470121	5.540473
16	89	2.554524	0.549298	2.802220	5.906042
16	90	2.554524	0.551278	2.821875	5.927677
16	91	2.554524	0.507965	2.392100	5.454589
16	92	2.554524	0.448492	1.801979	4.804995
16	93	2.554524	0.587036	3.282607	6.424167
16	94	2.554524	0.472005	2.035284	5.061813
16	95	2.554524	0.505618	2.368808	5.428950
16	96	2.554524	0.431064	1.629044	4.614632
16	97	2.554524	0.534013	2.703523	5.792061
16	98	2.554524	0.493301	2.246591	5.294416
16	99	2.554524	0.539011	2.700153	5.793689
17	0	2.587221	0.498995	2.303089	5.389305
17	1	2.587221	0.502264	2.335531	5.425016
17	2	2.587221	0.543076	2.740487	5.870784
17	3	2.587221	0.436183	2.209480	5.232884
17	4	2.587221	0.471356	2.028840	5.087417
17	5	2.587221	0.470805	2.023381	5.081408
17	6	2.587221	0.488594	2.199887	5.275702
17	7	2.587221	0.523658	2.547815	5.658695
17	8	2.587221	0.375389	1.076616	4.039227
17	9	2.587221	0.527796	2.588871	5.703888
17	10	2.587221	0.460118	1.917331	4.964670
17	11	2.587221	0.484401	2.476066	5.547689
17	12	2.587221	0.546065	2.770146	5.903432
17	13	2.587221	0.592705	3.232928	6.412854
17	14	2.587221	0.375389	1.076616	4.039227
17	15	2.587221	0.539617	2.706167	5.833005
17	16	2.587221	0.568484	3.151490	6.307196
17	17	2.587221	0.569355	3.107162	6.263738
17	18	2.587221	0.431430	1.632683	4.651335
17	19	2.587221	0.471348	2.028765	5.087334
17	20	2.587221	0.467112	1.986736	5.041070
17	21	2.587221	0.558381	2.892349	6.037951
17	22	2.587221	0.466841	1.984044	5.038107
17	23	2.587221	0.452018	1.836961	4.876200
17	24	2.587221	0.466841	1.984044	5.038107
17	25	2.587221	0.577652	3.083565	6.248438
17	26	2.587221	0.539617	2.706167	5.833005
17	27	2.587221	0.432383	1.642133	4.661737
17	28	2.587221	0.478361	2.098346	5.163928
17	29	2.587221	0.431666	1.635024	4.653912
17	30	2.587221	0.494043	2.253959	5.335223
17	31	2.587221	0.389501	1.216641	4.193364
17	32	2.587221	0.412140	1.441271	4.440632
17	33	2.587221	0.529602	2.606785	5.723608
17	34	2.587221	0.508161	2.394040	5.489422
17	35	2.587221	0.470805	2.023381	5.081408
17	36	2.587221	0.424117	1.560119	4.571458
17	37	2.587221	0.432383	1.642133	4.661737
17	38	2.587221	0.498995	2.303089	5.389305
17	39	2.587221	0.613993	3.444164	6.645378
17	40	2.587221	0.435106	1.669154	4.691481
17	41	2.587221	0.498995	2.303089	5.389305
17	42	2.587221	0.543076	2.740487	5.870784
17	43	2.587221	0.501730	2.330229	5.419180
17	44	2.587221	0.529893	2.609681	5.726795
17	45	2.587221	0.467112	1.986736	5.041070
17	46	2.587221	0.456733	1.883747	4.927701
17	47	2.587221	0.510755	2.419777	5.517753
17	48	2.587221	0.486379	2.177914	5.251515
17	49	2.587221	0.508161	2.394040	5.489422
17	50	2.587221	0.539617	2.706167	5.833005
17	51	2.587221	0.454204	1.858654	4.900080
17	52	2.587221	0.610307	3.407585	6.605114
17	53	2.587221	0.460118	1.917331	4.964670
17	54	2.587221	0.436921	1.687166	4.711309
17	55	2.587221	0.478001	2.094774	5.159996
17	56	2.587221	0.470195	2.017326	5.074742
17	57	2.587221	0.504540	2.358108	5.449869
17	58	2.587221	0.454204	1.858654	4.900080
17	59	2.587221	0.539617	2.706167	5.833005
17	60	2.587221	0.542788	2.737624	5.867633
17	61	2.587221	0.565388	2.961877	6.114486
17	62	2.587221	0.471382	2.029105	5.087709
17	63	2.587221	0.471356	2.028840	5.087417
17	64	2.587221	0.502769	2.499426	5.589417
17	65	2.587221	0.552891	2.996769	6.136882
17	66	2.587221	0.504846	2.361150	5.453218
17	67	2.587221	0.432383	1.642133	4.661737
17	68	2.587221	0.457144	1.887828	4.932194
17	69	2.587221	0.453460	1.851269	4.891951
17	70	2.587221	0.456869	1.885092	4.929182
17	71	2.587221	0.471348	2.028765	5.087334
17	72	2.587221	0.412140	1.441271	4.440632
17	73	2.587221	0.478361	2.098346	5.163928
17	74	2.587221	0.457144	1.887828	4.932194
17	75	2.587221	0.424117	1.560119	4.571458
17	76	2.587221	0.487473	2.188762	5.263456
17	77	2.587221	0.504540	2.358108	5.449869
17	78	2.587221	0.543076	2.740487	5.870784
17	79	2.587221	0.467112	1.986736	5.041070
17	80	2.587221	0.513282	2.656705	5.757208
17	81	2.587221	0.431666	1.635024	4.653912
17	82	2.587221	0.460118	1.917331	4.964670
17	83	2.587221	0.557759	2.886175	6.031155
17	84	2.587221	0.412140	1.441271	4.440632
17	85	2.587221	0.466592	1.981573	5.035386
17	86	2.587221	0.529602	2.606785	5.723608
17	87	2.587221	0.456733	1.883747	4.927701
17	88	2.587221	0.434510	2.192880	5.214611
17	89	2.587221	0.500201	2.315063	5.402485
17	90	2.587221	0.456733	1.883747	4.927701
17	91	2.587221	0.546065	2.770146	5.903432
17	92	2.587221	0.613993	3.444164	6.645378
17	93	2.587221	0.494043	2.253959	5.335223
17	94	2.587221	0.472546	2.305466	5.365233
17	95	2.587221	0.557759	2.886175	6.031155
17	96	2.587221	0.480432	2.383723	5.451377
17	97	2.587221	0.478361	2.098346	5.163928
17	98	2.587221	0.557759	2.886175	6.031155
17	99	2.587221	0.431430	1.632683	4.651335
18	0	2.698704	0.543418	2.796843	6.038965
18	1	2.698704	0.387493	1.196715	4.282913
18	2	2.698704	0.435663	1.674678	4.809045
18	3	2.698704	0.484611	2.160367	5.343682
18	4	2.698704	0.536978	2.679974	5.915655
18	5	2.698704	0.462956	1.945491	5.107151
18	6	2.698704	0.500061	2.313666	5.512431
18	7	2.698704	0.411547	1.435387	4.545639
18	8	2.698704	0.499025	2.303385	5.501114
18	9	2.698704	0.432893	1.964977	5.096574
18	10	2.698704	0.558697	2.895481	6.152882
18	11	2.698704	0.536978	2.679974	5.915655
18	12	2.698704	0.375332	1.076049	4.150086
18	13	2.698704	0.455028	1.866832	5.020564
18	14	2.698704	0.435663	1.674678	4.809045
18	15	2.698704	0.467117	1.986779	5.152600
18	16	2.698704	0.508464	2.397050	5.604219
18	17	2.698704	0.526591	2.576918	5.802214
18	18	2.698704	0.437693	1.694824	4.831221
18	19	2.698704	0.448448	1.801536	4.948688
18	20	2.698704	0.490701	2.220790	5.410195
18	21	2.698704	0.448448	1.801536	4.948688
18	22	2.698704	0.433306	2.180927	5.312937
18	23	2.698704	0.488792	2.201854	5.389350
18	24	2.698704	0.426314	1.581912	4.706930
18	25	2.698704	0.468637	2.001860	5.169201
18	26	2.698704	0.456699	1.883410	5.038813
18	27	2.698704	0.486493	2.179038	5.364235
18	28	2.698704	0.540090	2.710859	5.949654
18	29	2.698704	0.448448	1.801536	4.948688
18	30	2.698704	0.455028	1.866832	5.020564
18	31	2.698704	0.419775	1.517033	4.635512
18	32	2.698704	0.442814	1.745638	4.887157
18	33	2.698704	0.527124	2.582200	5.808028
18	34	2.698704	0.565355	2.961549	6.225609
18	35	2.698704	0.565764	3.071534	6.336003
18	36	2.698704	0.435388	1.671953	4.806045
18	37	2.698704	0.484611	2.160367	5.343682
18	38	2.698704	0.487933	2.193331	5.379969
18	39	2.698704	0.489661	2.316405	5.504771
18	40	2.698704	0.558697	2.895481	6.152882
18	41	2.698704	0.533513	2.645593	5.877810
18	42	2.698704	0.501835	2.331268	5.531807
18	43	2.698704	0.494521	2.258695	5.451920
18	44	2.698704	0.411547	1.435387	4.545639
18	45	2.698704	0.533017	2.640674	5.872395
18	46	2.698704	0.437693	1.694824	4.831221
18	47	2.698704	0.490701	2.220790	5.410195
18	48	2.698704	0.485141	2.430444	5.614289
18	49	2.698704	0.528844	2.705198	5.932746
18	50	2.698704	0.408559	1.405736	4.512999
18	51	2.698704	0.408559	1.405736	4.512999
18	52	2.698704	0.466390	1.979565	5.144659
18	53	2.698704	0.489948	2.213318	5.401970
18	54	2.698704	0.595639	3.262044	6.556387
18	55	2.698704	0.454556	1.862147	5.015407
18	56	2.698704	0.561481	2.923105	6.183290
18	57	2.698704	0.487933	2.193331	5.379969
18	58	2.698704	0.437764	2.119233	5.255701
18	59	2.698704	0.408559	1.405736	4.512999
18	60	2.698704	0.465115	1.966913	5.130732
18	61	2.698704	0.426314	1.581912	4.706930
18	62	2.698704	0.558697	2.895481	6.152882
18	63	2.698704	0.427987	1.598513	4.725204
18	64	2.698704	0.500850	2.321498	5.521052
18	65	2.698704	0.411547	1.435387	4.545639
18	66	2.698704	0.533017	2.640674	5.872395
18	67	2.698704	0.532666	2.637188	5.868558
18	68	2.698704	0.419775	1.517033	4.635512
18	69	2.698704	0.466390	1.979565	5.144659
18	70	2.698704	0.474795	2.062969	5.236469
18	71	2.698704	0.526591	2.576918	5.802214
18	72	2.698704	0.540090	2.710859	5.949654
18	73	2.698704	0.526591	2.576918	5.802214
18	74	2.698704	0.470323	2.018596	5.187623
18	75	2.698704	0.419775	1.517033	4.635512
18	76	2.698704	0.514064	2.452613	5.665381
18	77	2.698704	0.508464	2.397050	5.604219
18	78	2.698704	0.527495	2.585882	5.812081
18	79	2.698704	0.466844	1.984070	5.149618
18	80	2.698704	0.427987	1.598513	4.725204
18	81	2.698704	0.500850	2.321498	5.521052
18	82	2.698704	0.408559	1.405736	4.512999
18	83	2.698704	0.448448	1.801536	4.948688
18	84	2.698704	0.450404	1.820943	4.970051
18	85	2.698704	0.500061	2.313666	5.512431
18	86	2.698704	0.553116	2.840104	6.091924
18	87	2.698704	0.467117	1.986779	5.152600
18	88	2.698704	0.500349	2.528386	5.727440
18	89	2.698704	0.552583	2.887780	6.139067
18	90	2.698704	0.450404	1.820943	4.970051
18	91	2.698704	0.469064	2.006105	5.173874
18	92	2.698704	0.419775	1.517033	4.635512
18	93	2.698704	0.488792	2.201854	5.389350
18	94	2.698704	0.484611	2.160367	5.343682
18	95	2.698704	0.565355	2.961549	6.225609
18	96	2.698704	0.462774	1.943684	5.105162
18	97	2.698704	0.466844	1.984070	5.149618
18	98	2.698704	0.465115	1.966913	5.130732
18	99	2.698704	0.527124	2.582200	5.808028
19	0	2.584038	0.590809	3.214120	6.388967
19	1	2.584038	0.418888	1.508232	4.511159
19	2	2.584038	0.520074	2.618177	5.722289
19	3	2.584038	0.465967	1.975367	5.025372
19	4	2.584038	0.477171	2.086544	5.147753
19	5	2.584038	0.432899	1.647254	4.664191
19	6	2.584038	0.435986	1.677882	4.697906
19	7	2.584038	0.507012	2.382641	5.473691
19	8	2.584038	0.589801	3.204117	6.377956
19	9	2.584038	0.551713	2.826190	5.961941
19	10	2.584038	0.435986	1.677882	4.697906
19	11	2.584038	0.549909	2.808290	5.942238
19	12	2.584038	0.445798	1.775240	4.805075
19	13	2.584038	0.495436	2.267774	5.347247
19	14	2.584038	0.521587	2.580221	5.685845
19	15	2.584038	0.432694	1.645217	4.661948
19	16	2.584038	0.481684	2.396140	5.461861
19	17	2.584038	0.551715	2.826202	5.961954
19	18	2.584038	0.499371	2.306821	5.390230
19	19	2.584038	0.439164	1.709419	4.732621
19	20	2.584038	0.516175	2.473559	5.573771
19	21	2.584038	0.549909	2.808290	5.942238
19	22	2.584038	0.507012	2.382641	5.473691
19	23	2.584038	0.564018	2.948278	6.096333
19	24	2.584038	0.521662	2.528008	5.633708
19	25	2.584038	0.537224	2.682423	5.803685
19	26	2.584038	0.507012	2.382641	5.473691
19	27	2.584038	0.498330	2.296495	5.378863
19	28	2.584038	0.507012	2.382641	5.473691
19	29	2.584038	0.502839	2.341230	5.428106
19	30	2.584038	0.520654	2.518004	5.622696
19	31	2.584038	0.508307	2.395492	5.487837
19	32	2.584038	0.515406	2.465930	5.565374
19	33	2.584038	0.511996	2.696912	5.792946
19	34	2.584038	0.455104	1.867578	4.906720
19	35	2.584038	0.557027	2.878917	6.019982
19	36	2.584038	0.537224	2.682423	5.803685
19	37	2.584038	0.475699	2.071933	5.131669
19	38	2.584038	0.589801	3.204117	6.377956
19	39	2.584038	0.454901	1.865574	4.904513
19	40	2.584038	0.532810	2.638619	5.755466
19	41	2.584038	0.439164	1.709419	4.732621
19	42	2.584038	0.449774	1.814697	4.848509
19	43	2.584038	0.526555	2.576554	5.687147
19	44	2.584038	0.564018	2.948278	6.096333
19	45	2.584038	0.454901	1.865574	4.904513
19	46	2.584038	0.439164	1.709419	4.732621
19	47	2.584038	0.531584	2.626461	5.742083
19	48	2.584038	0.551713	2.826190	5.961941
19	49	2.584038	0.454901	1.865574	4.904513
19	50	2.584038	0.546035	2.769843	5.899915
19	51	2.584038	0.534755	2.657918	5.776710
19	52	2.584038	0.437267	1.690600	4.711906
19	53	2.584038	0.590809	3.214120	6.388967
19	54	2.584038	0.605787	3.362733	6.552558
19	55	2.584038	0.546035	2.769843	5.899915
19	56	2.584038	0.477171	2.086544	5.147753
19	57	2.584038	0.483544	2.149784	5.217366
19	58	2.584038	0.454901	1.865574	4.904513
19	59	2.584038	0.536963	2.838721	5.959722
19	60	2.584038	0.502980	2.342632	5.429650
19	61	2.584038	0.432694	1.645217	4.661948
19	62	2.584038	0.535822	2.668511	5.788371
19	63	2.584038	0.540176	2.711708	5.835922
19	64	2.584038	0.540176	2.711708	5.835922
19	65	2.584038	0.498330	2.296495	5.378863
19	66	2.584038	0.481724	2.131724	5.197487
19	67	2.584038	0.418888	1.508232	4.511159
19	68	2.584038	0.477188	2.086712	5.147938
19	69	2.584038	0.432694	1.645217	4.661948
19	70	2.584038	0.460172	2.341581	5.385791
19	71	2.584038	0.549909	2.808290	5.942238
19	72	2.584038	0.377671	1.099256	4.060965
19	73	2.584038	0.534983	2.660181	5.779202
19	74	2.584038	0.507053	2.383049	5.474140
19	75	2.584038	0.459072	1.906959	4.950070
19	76	2.584038	0.462038	1.936388	4.982464
19	77	2.584038	0.546035	2.769843	5.899915
19	78	2.584038	0.435060	2.198338	5.217436
19	79	2.584038	0.475699	2.071933	5.131669
19	80	2.584038	0.445798	1.775240	4.805075
19	81	2.584038	0.499350	2.306613	5.390001
19	82	2.584038	0.455104	1.867578	4.906720
19	83	2.584038	0.489438	2.208265	5.281742
19	84	2.584038	0.502980	2.342632	5.429650
19	85	2.584038	0.503404	2.346842	5.434285
19	86	2.584038	0.548160	2.896862	6.029060
19	87	2.584038	0.499350	2.306613	5.390001
19	88	2.584038	0.507053	2.383049	5.474140
19	89	2.584038	0.416092	1.480484	4.480613
19	90	2.584038	0.442861	1.746106	4.773005
19	91	2.584038	0.605787	3.362733	6.552558
19	92	2.584038	0.459072	1.906959	4.950070
19	93	2.584038	0.458676	1.903022	4.945735
19	94	2.584038	0.476844	2.401082	5.461965
19	95	2.584038	0.416092	1.480484	4.480613
19	96	2.584038	0.439164	1.709419	4.732621
19	97	2.584038	0.476317	2.078069	5.138424
19	98	2.584038	0.476482	2.079708	5.140228
19	99	2.584038	0.564018	2.948278	6.096333
20	0	2.700780	0.523922	2.550431	5.775133
20	1	2.700780	0.477830	2.093082	5.271692
20	2	2.700780	0.454719	1.863765	5.019264
20	3	2.700780	0.487305	2.187095	5.375180
20	4	2.700780	0.440736	1.725015	4.866531
20	5	2.700780	0.557427	2.882886	6.141094
20	6	2.700780	0.444934	1.766667	4.912380
20	7	2.700780	0.524932	2.560455	5.786167
20	8	2.700780	0.485540	2.169588	5.355908
20	9	2.700780	0.428117	1.599806	4.728703
20	10	2.700780	0.475891	2.073838	5.250509
20	11	2.700780	0.440736	1.725015	4.866531
20	12	2.700780	0.462841	1.944354	5.107975
20	13	2.700780	0.424725	1.566148	4.691654
20	14	2.700780	0.433753	1.655725	4.790257
20	15	2.700780	0.441842	1.735991	4.878613
20	16	2.700780	0.554795	2.856767	6.112342
20	17	2.700780	0.520380	2.515281	5.736441
20	18	2.700780	0.451321	1.830049	4.982150
20	19	2.700780	0.493932	2.252852	5.447563
20	20	2.700780	0.560544	2.913813	6.175137
20	21	2.700780	0.451004	1.826904	4.978688
20	22	2.700780	0.525403	2.565123	5.791306
20	23	2.700780	0.520960	2.732896	5.954637
20	24	2.700780	0.528442	2.595278	5.824500
20	25	2.700780	0.477830	2.093082	5.271692
20	26	2.700780	0.437165	1.689584	4.827529
20	27	2.700780	0.411795	1.437846	4.550421
20	28	2.700780	0.462847	1.944416	5.108043
20	29	2.700780	0.474692	2.061947	5.237420
20	30	2.700780	0.570836	3.068901	6.340518
20	31	2.700780	0.452589	1.842629	4.995998
20	32	2.700780	0.552121	2.830238	6.083139
20	33	2.700780	0.474692	2.061947	5.237420
20	34	2.700780	0.411795	1.437846	4.550421
20	35	2.700780	0.476938	2.084234	5.261952
20	36	2.700780	0.504011	2.352865	5.557656
20	37	2.700780	0.428571	1.604306	4.733657
20	38	2.700780	0.539096	2.753962	5.993839
20	39	2.700780	0.451004	1.826904	4.978688
20	40	2.700780	0.462841	1.944354	5.107975
20	41	2.700780	0.443701	1.754433	4.898914
20	42	2.700780	0.476938	2.084234	5.261952
20	43	2.700780	0.516349	2.475287	5.692416
20	44	2.700780	0.484853	2.162770	5.348404
20	45	2.700780	0.550597	2.815117	6.066495
20	46	2.700780	0.475891	2.073838	5.250509
20	47	2.700780	0.433753	1.655725	4.790257
20	48	2.700780	0.451071	1.827566	4.979417
20	49	2.700780	0.497437	2.340600	5.538817
20	50	2.700780	0.528442	2.595278	5.824500
20	51	2.700780	0.441842	1.735991	4.878613
20	52	2.700780	0.477078	2.085623	5.263482
20	53	2.700780	0.475977	2.127661	5.304418
20	54	2.700780	0.475891	2.073838	5.250509
20	55	2.700780	0.484853	2.162770	5.348404
20	56	2.700780	0.474692	2.061947	5.237420
20	57	2.700780	0.547545	2.784833	6.033158
20	58	2.700780	0.485804	2.172206	5.358790
20	59	2.700780	0.509052	2.508808	5.718640
20	60	2.700780	0.570836	3.068901	6.340518
20	61	2.700780	0.506004	2.372639	5.579424
20	62	2.700780	0.424376	1.562680	4.687835
20	63	2.700780	0.463010	1.946030	5.109821
20	64	2.700780	0.437165	1.689584	4.827529
20	65	2.700780	0.424725	1.566148	4.691654
20	66	2.700780	0.487305	2.187095	5.375180
20	67	2.700780	0.505113	2.363798	5.569691
20	68	2.700780	0.524932	2.560455	5.786167
20	69	2.700780	0.443701	1.754433	4.898914
20	70	2.700780	0.433753	1.655725	4.790257
20	71	2.700780	0.472021	2.035444	5.208246
20	72	2.700780	0.411795	1.437846	4.550421
20	73	2.700780	0.463010	1.946030	5.109821
20	74	2.700780	0.474692	2.061947	5.237420
20	75	2.700780	0.471685	2.032103	5.204568
20	76	2.700780	0.504011	2.352865	5.557656
20	77	2.700780	0.464473	1.960543	5.125796
20	78	2.700780	0.452589	1.842629	4.995998
20	79	2.700780	0.469517	2.010598	5.180896
20	80	2.700780	0.494967	2.527938	5.723685
20	81	2.700780	0.499494	2.361009	5.561283
20	82	2.700780	0.484611	2.160368	5.345760
20	83	2.700780	0.463786	1.953734	5.118300
20	84	2.700780	0.473906	2.054145	5.228832
20	85	2.700780	0.505113	2.363798	5.569691
20	86	2.700780	0.520380	2.515281	5.736441
20	87	2.700780	0.473906	2.054145	5.228832
20	88	2.700780	0.516349	2.475287	5.692416
20	89	2.700780	0.512683	2.703731	5.917195
20	90	2.700780	0.379386	1.116271	4.196437
20	91	2.700780	0.574043	3.047751	6.322573
20	92	2.700780	0.494763	2.261099	5.456642
20	93	2.700780	0.424725	1.566148	4.691654
20	94	2.700780	0.573403	3.041406	6.315589
20	95	2.700780	0.464473	1.960543	5.125796
20	96	2.700780	0.379386	1.116271	4.196437
20	97	2.700780	0.428571	1.604306	4.733657
20	98	2.700780	0.573403	3.041406	6.315589
20	99	2.700780	0.451071	1.827566	4.979417
21	0	2.582548	0.503479	2.347582	5.433608
21	1	2.582548	0.523941	2.550617	5.657106
21	2	2.582548	0.554828	2.857094	5.994470
21	3	2.582548	0.493386	2.565217	5.641150
21	4	2.582548	0.471577	2.031032	5.085156
21	5	2.582548	0.510064	2.412927	5.505539
21	6	2.582548	0.480033	2.114942	5.177523
21	7	2.582548	0.449936	1.816306	4.848790
21	8	2.582548	0.441573	1.733321	4.757441
21	9	2.582548	0.441573	1.733321	4.757441
21	10	2.582548	0.452480	1.841542	4.876569
21	11	2.582548	0.522610	2.537410	5.642568
21	12	2.582548	0.541855	2.728372	5.852775
21	13	2.582548	0.513623	2.448240	5.544410
21	14	2.582548	0.503479	2.347582	5.433608
21	15	2.582548	0.452480	1.841542	4.876569
21	16	2.582548	0.504185	2.354588	5.441320
21	17	2.582548	0.606577	3.370579	6.559704
21	18	2.582548	0.451398	1.830811	4.864757
21	19	2.582548	0.509087	2.403234	5.494869
21	20	2.582548	0.466874	1.984371	5.033793
21	21	2.582548	0.554828	2.857094	5.994470
21	22	2.582548	0.510064	2.412927	5.505539
21	23	2.582548	0.418090	1.500314	4.500952
21	24	2.582548	0.456034	1.876814	4.915396
21	25	2.582548	0.467682	1.992385	5.042615
21	26	2.582548	0.477721	2.091998	5.152267
21	27	2.582548	0.501722	2.330153	5.414424
21	28	2.582548	0.379950	1.121865	4.084362
21	29	2.582548	0.510388	2.416142	5.509078
21	30	2.582548	0.513623	2.448240	5.544410
21	31	2.582548	0.559084	2.899326	6.040958
21	32	2.582548	0.464603	1.961838	5.008988
21	33	2.582548	0.606537	3.370172	6.559257
21	34	2.582548	0.547579	2.785163	5.915290
21	35	2.582548	0.480033	2.114942	5.177523
21	36	2.582548	0.547530	2.784676	5.914754
21	37	2.582548	0.606537	3.370172	6.559257
21	38	2.582548	0.445298	1.770284	4.798130
21	39	2.582548	0.547530	2.784676	5.914754
21	40	2.582548	0.439336	1.711124	4.733008
21	41	2.582548	0.515685	2.468700	5.566933
21	42	2.582548	0.428617	2.134407	5.145572
21	43	2.582548	0.498187	2.295070	5.375804
21	44	2.582548	0.477721	2.091998	5.152267
21	45	2.582548	0.473946	2.054546	5.111040
21	46	2.582548	0.542131	2.731109	5.855788
21	47	2.582548	0.560506	2.913431	6.056484
21	48	2.582548	0.550329	2.918382	6.051259
21	49	2.582548	0.503622	2.348998	5.435168
21	50	2.582548	0.524089	2.605055	5.711692
21	51	2.582548	0.555925	3.026869	6.165342
21	52	2.582548	0.473946	2.054546	5.111040
21	53	2.582548	0.450594	1.822834	4.855976
21	54	2.582548	0.537425	2.684418	5.804391
21	55	2.582548	0.391645	1.237907	4.212100
21	56	2.582548	0.550329	2.918382	6.051259
21	57	2.582548	0.507338	2.385873	5.475758
21	58	2.582548	0.533618	2.646637	5.762803
21	59	2.582548	0.559084	2.899326	6.040958
21	60	2.582548	0.449936	1.816306	4.848790
21	61	2.582548	0.574135	3.207559	6.364242
21	62	2.582548	0.466874	1.984371	5.033793
21	63	2.582548	0.439336	1.711124	4.733008
21	64	2.582548	0.447269	1.789836	4.819652
21	65	2.582548	0.503479	2.347582	5.433608
21	66	2.582548	0.507935	2.391799	5.482282
21	67	2.582548	0.456034	1.876814	4.915396
21	68	2.582548	0.379950	1.121865	4.084362
21	69	2.582548	0.547579	2.785163	5.915290
21	70	2.582548	0.542039	2.730191	5.854778
21	71	2.582548	0.450594	1.822834	4.855976
21	72	2.582548	0.510836	2.420579	5.513963
21	73	2.582548	0.457389	1.890251	4.930188
21	74	2.582548	0.542131	2.731109	5.855788
21	75	2.582548	0.456034	1.876814	4.915396
21	76	2.582548	0.466874	1.984371	5.033793
21	77	2.582548	0.418090	1.500314	4.500952
21	78	2.582548	0.504185	2.354588	5.441320
21	79	2.582548	0.540467	2.714593	5.837607
21	80	2.582548	0.471577	2.031032	5.085156
21	81	2.582548	0.522610	2.537410	5.642568
21	82	2.582548	0.447508	2.162957	5.193013
21	83	2.582548	0.541855	2.728372	5.852775
21	84	2.582548	0.477721	2.091998	5.152267
21	85	2.582548	0.442730	1.744804	4.770081
21	86	2.582548	0.574278	3.050085	6.206911
21	87	2.582548	0.506458	2.747892	5.836898
21	88	2.582548	0.467682	1.992385	5.042615
21	89	2.582548	0.547579	2.785163	5.915290
21	90	2.582548	0.452411	1.840864	4.875823
21	91	2.582548	0.418090	1.500314	4.500952
21	92	2.582548	0.505571	2.368345	5.456464
21	93	2.582548	0.501722	2.330153	5.414424
21	94	2.582548	0.451398	1.830811	4.864757
21	95	2.582548	0.491667	2.230382	5.304598
21	96	2.582548	0.487740	2.191411	5.261699
21	97	2.582548	0.451803	1.834834	4.869185
21	98	2.582548	0.561325	3.080450	6.224322
21	99	2.582548	0.451803	1.834834	4.869185
22	0	2.664784	0.481661	2.131092	5.277537
22	1	2.664784	0.425317	1.572025	4.662127
22	2	2.664784	0.507145	2.648783	5.820712
22	3	2.664784	0.559403	3.061382	6.285569
22	4	2.664784	0.518014	2.491811	5.674610
22	5	2.664784	0.433372	1.651943	4.750099
22	6	2.664784	0.442845	1.745938	4.853567
22	7	2.664784	0.478279	2.097534	5.240597
22	8	2.664784	0.508990	2.667085	5.840860
22	9	2.664784	0.396138	1.282492	4.343414
22	10	2.664784	0.562072	2.928973	6.155829
22	11	2.664784	0.421931	1.538426	4.625142
22	12	2.664784	0.450391	1.820821	4.935996
22	13	2.664784	0.547661	2.785982	5.998428
22	14	2.664784	0.517498	2.486689	5.668971
22	15	2.664784	0.501297	2.325938	5.492020
22	16	2.664784	0.509570	2.408024	5.582379
22	17	2.664784	0.549641	2.858591	6.073016
22	18	2.664784	0.495813	2.589296	5.749893
22	19	2.664784	0.442845	1.745938	4.853567
22	20	2.664784	0.426035	1.579143	4.669962
22	21	2.664784	0.524439	2.555561	5.744785
22	22	2.664784	0.501297	2.325938	5.492020
22	23	2.664784	0.407010	1.390373	4.462167
22	24	2.664784	0.482501	2.139433	5.286719
22	25	2.664784	0.528197	2.592845	5.785826
22	26	2.664784	0.524439	2.555561	5.744785
22	27	2.664784	0.487110	2.185164	5.337058
22	28	2.664784	0.500711	2.320118	5.485613
22	29	2.664784	0.457925	1.895577	5.018287
22	30	2.664784	0.488559	2.199543	5.352887
22	31	2.664784	0.483753	2.151848	5.300385
22	32	2.664784	0.495026	2.263709	5.423519
22	33	2.664784	0.565035	2.958375	6.188194
22	34	2.664784	0.433260	1.650835	4.748879
22	35	2.664784	0.498318	2.296378	5.459481
22	36	2.664784	0.501297	2.325938	5.492020
22	37	2.664784	0.456547	1.881898	5.003228
22	38	2.664784	0.562072	2.928973	6.155829
22	39	2.664784	0.429069	1.609247	4.703099
22	40	2.664784	0.552131	2.830329	6.047244
22	41	2.664784	0.518014	2.491811	5.674610
22	42	2.664784	0.445927	1.776527	4.887238
22	43	2.664784	0.483136	2.357585	5.505505
22	44	2.664784	0.502390	2.336781	5.503956
22	45	2.664784	0.506862	2.381156	5.552803
22	46	2.664784	0.435669	1.674741	4.775195
22	47	2.664784	0.482857	2.142959	5.290600
22	48	2.664784	0.450391	1.820821	4.935996
22	49	2.664784	0.500280	2.315837	5.480901
22	50	2.664784	0.561445	2.922752	6.148982
22	51	2.664784	0.450192	1.818841	4.933817
22	52	2.664784	0.429187	1.610419	4.704390
22	53	2.664784	0.500711	2.320118	5.485613
22	54	2.664784	0.518014	2.491811	5.674610
22	55	2.664784	0.456547	1.881898	5.003228
22	56	2.664784	0.482857	2.142959	5.290600
22	57	2.664784	0.528197	2.592845	5.785826
22	58	2.664784	0.563450	2.942644	6.170878
22	59	2.664784	0.396138	1.282492	4.343414
22	60	2.664784	0.531291	2.623544	5.819619
22	61	2.664784	0.547751	2.786871	5.999406
22	62	2.664784	0.456547	1.881898	5.003228
22	63	2.664784	0.510162	2.413894	5.588841
22	64	2.664784	0.508428	2.396688	5.569900
22	65	2.664784	0.452930	1.846012	4.963726
22	66	2.664784	0.470565	2.021000	5.156350
22	67	2.664784	0.443107	1.748538	4.856429
22	68	2.664784	0.460221	1.918360	5.043366
22	69	2.664784	0.435367	1.671740	4.771891
22	70	2.664784	0.487110	2.185164	5.337058
22	71	2.664784	0.418523	1.504612	4.587920
22	72	2.664784	0.509570	2.408024	5.582379
22	73	2.664784	0.547751	2.786871	5.999406
22	74	2.664784	0.423860	1.557561	4.646205
22	75	2.664784	0.407010	1.390373	4.462167
22	76	2.664784	0.464467	1.960484	5.089735
22	77	2.664784	0.425317	1.572025	4.662127
22	78	2.664784	0.486005	2.174194	5.324983
22	79	2.664784	0.452844	1.845158	4.962786
22	80	2.664784	0.484041	2.154706	5.303531
22	81	2.664784	0.421931	1.538426	4.625142
22	82	2.664784	0.449039	1.807406	4.921229
22	83	2.664784	0.435367	1.671740	4.771891
22	84	2.664784	0.561445	2.922752	6.148982
22	85	2.664784	0.549641	2.858591	6.073016
22	86	2.664784	0.452930	1.846012	4.963726
22	87	2.664784	0.425317	1.572025	4.662127
22	88	2.664784	0.453025	2.217698	5.335507
22	89	2.664784	0.517447	2.592113	5.774345
22	90	2.664784	0.460221	1.918360	5.043366
22	91	2.664784	0.435367	1.671740	4.771891
22	92	2.664784	0.433372	1.651943	4.750099
22	93	2.664784	0.518014	2.491811	5.674610
22	94	2.664784	0.546800	2.777441	5.989025
22	95	2.664784	0.421931	1.538426	4.625142
22	96	2.664784	0.518014	2.491811	5.674610
22	97	2.664784	0.396138	1.282492	4.343414
22	98	2.664784	0.521533	2.526721	5.713038
22	99	2.664784	0.549641	2.858591	6.073016
23	0	2.585285	0.512940	2.441458	5.539682
23	1	2.585285	0.479195	2.106628	5.171108
23	2	2.585285	0.490204	2.215865	5.291353
23	3	2.585285	0.547601	2.785384	5.918270
23	4	2.585285	0.492070	2.234379	5.311734
23	5	2.585285	0.572021	3.027689	6.184995
23	6	2.585285	0.444913	1.766461	4.796658
23	7	2.585285	0.463466	1.950553	4.999303
23	8	2.585285	0.491195	2.225698	5.302178
23	9	2.585285	0.459080	1.907034	4.951398
23	10	2.585285	0.471617	2.031438	5.088340
23	11	2.585285	0.423825	1.557218	4.566327
23	12	2.585285	0.438986	1.707657	4.731928
23	13	2.585285	0.536166	2.671924	5.793375
23	14	2.585285	0.458281	1.899108	4.942674
23	15	2.585285	0.487419	2.188231	5.260935
23	16	2.585285	0.511593	2.428100	5.524978
23	17	2.585285	0.494360	2.257100	5.336745
23	18	2.585285	0.442740	2.062684	5.090708
23	19	2.585285	0.391432	1.235799	4.212516
23	20	2.585285	0.504045	2.459129	5.548459
23	21	2.585285	0.493743	2.250982	5.330010
23	22	2.585285	0.622638	3.529941	6.737864
23	23	2.585285	0.556091	3.028519	6.169895
23	24	2.585285	0.443718	1.754610	4.783614
23	25	2.585285	0.449310	1.810093	4.844687
23	26	2.585285	0.459080	1.907034	4.951398
23	27	2.585285	0.521877	2.530137	5.637298
23	28	2.585285	0.536166	2.671924	5.793375
23	29	2.585285	0.481251	2.127027	5.193563
23	30	2.585285	0.472957	2.044726	5.102967
23	31	2.585285	0.438986	1.707657	4.731928
23	32	2.585285	0.472957	2.044726	5.102967
23	33	2.585285	0.549961	2.808806	5.944052
23	34	2.585285	0.511448	2.426662	5.523395
23	35	2.585285	0.587808	3.184338	6.357431
23	36	2.585285	0.477340	2.088219	5.150844
23	37	2.585285	0.428758	1.606166	4.620208
23	38	2.585285	0.479325	2.107914	5.172524
23	39	2.585285	0.446667	1.783863	4.815815
23	40	2.585285	0.598164	3.287099	6.470548
23	41	2.585285	0.490204	2.215865	5.291353
23	42	2.585285	0.452534	1.842081	4.879900
23	43	2.585285	0.481321	2.127724	5.194331
23	44	2.585285	0.481321	2.127724	5.194331
23	45	2.585285	0.459080	1.907034	4.951398
23	46	2.585285	0.446817	1.785358	4.817460
23	47	2.585285	0.447789	1.795003	4.828078
23	48	2.585285	0.501684	2.329770	5.416738
23	49	2.585285	0.479195	2.106628	5.171108
23	50	2.585285	0.664033	3.940678	7.189996
23	51	2.585285	0.435726	2.204947	5.225958
23	52	2.585285	0.598164	3.287099	6.470548
23	53	2.585285	0.479325	2.107914	5.172524
23	54	2.585285	0.509814	2.410442	5.505541
23	55	2.585285	0.451427	1.831102	4.867814
23	56	2.585285	0.569979	3.060396	6.215660
23	57	2.585285	0.494360	2.257100	5.336745
23	58	2.585285	0.497272	2.285997	5.368554
23	59	2.585285	0.526576	2.788617	5.900478
23	60	2.585285	0.497272	2.285997	5.368554
23	61	2.585285	0.379748	1.119864	4.084896
23	62	2.585285	0.491195	2.225698	5.302178
23	63	2.585285	0.530604	2.616730	5.732619
23	64	2.585285	0.451427	1.831102	4.867814
23	65	2.585285	0.492070	2.234379	5.311734
23	66	2.585285	0.497272	2.285997	5.368554
23	67	2.585285	0.483185	2.146212	5.214682
23	68	2.585285	0.497041	2.283705	5.366031
23	69	2.585285	0.476185	2.235651	5.297121
23	70	2.585285	0.447789	1.795003	4.828078
23	71	2.585285	0.447789	1.795003	4.828078
23	72	2.585285	0.505544	2.368077	5.458906
23	73	2.585285	0.442256	1.740103	4.767644
23	74	2.585285	0.438986	1.707657	4.731928
23	75	2.585285	0.514200	2.453967	5.553453
23	76	2.585285	0.391432	1.235799	4.212516
23	77	2.585285	0.512940	2.441458	5.539682
23	78	2.585285	0.511448	2.426662	5.523395
23	79	2.585285	0.453118	1.847879	4.886282
23	80	2.585285	0.483002	2.144397	5.212683
23	81	2.585285	0.501816	2.331085	5.418187
23	82	2.585285	0.463466	1.950553	4.999303
23	83	2.585285	0.514200	2.453967	5.553453
23	84	2.585285	0.494360	2.257100	5.336745
23	85	2.585285	0.551665	2.825710	5.962660
23	86	2.585285	0.569059	3.051267	6.205611
23	87	2.585285	0.497272	2.285997	5.368554
23	88	2.585285	0.511593	2.428100	5.524978
23	89	2.585285	0.497272	2.285997	5.368554
23	90	2.585285	0.461164	2.351421	5.397870
23	91	2.585285	0.379748	1.119864	4.084896
23	92	2.585285	0.477340	2.088219	5.150844
23	93	2.585285	0.512940	2.441458	5.539682
23	94	2.585285	0.477340	2.088219	5.150844
23	95	2.585285	0.569979	3.060396	6.215660
23	96	2.585285	0.507890	2.391357	5.484532
23	97	2.585285	0.539003	2.700071	5.824359
23	98	2.585285	0.557811	2.886689	6.029784
23	99	2.585285	0.479325	2.107914	5.172524
24	0	2.495892	0.526777	2.578759	5.601427
24	1	2.495892	0.450831	1.825180	4.771902
24	2	2.495892	0.482177	2.136219	5.114288
24	3	2.495892	0.485337	2.167571	5.148799
24	4	2.495892	0.495389	2.267313	5.258594
24	5	2.495892	0.564347	2.951547	6.011785
24	6	2.495892	0.472562	2.040809	5.009262
24	7	2.495892	0.548501	2.794318	5.838711
24	8	2.495892	0.472562	2.040809	5.009262
24	9	2.495892	0.439539	1.713143	4.648574
24	10	2.495892	0.523773	2.548954	5.568619
24	11	2.495892	0.567214	2.979993	6.043099
24	12	2.495892	0.461519	1.931233	4.888643
24	13	2.495892	0.461519	1.931233	4.888643
24	14	2.495892	0.482177	2.136219	5.114288
24	15	2.495892	0.437690	1.694794	4.628375
24	16	2.495892	0.490489	2.218695	5.205076
24	17	2.495892	0.443129	1.748758	4.687778
24	18	2.495892	0.483038	2.621436	5.600366
24	19	2.495892	0.441679	1.734374	4.671945
24	20	2.495892	0.492226	2.235923	5.224040
24	21	2.495892	0.492226	2.235923	5.224040
24	22	2.495892	0.443732	1.913634	4.853258
24	23	2.495892	0.548501	2.794318	5.838711
24	24	2.495892	0.477665	2.091445	5.065001
24	25	2.495892	0.438823	1.706035	4.640749
24	26	2.495892	0.481289	2.127401	5.104581
24	27	2.495892	0.430009	1.618574	4.544474
24	28	2.495892	0.501213	2.431030	5.428135
24	29	2.495892	0.556600	3.086534	6.139026
24	30	2.495892	0.413092	2.192209	5.101192
24	31	2.495892	0.478697	2.101681	5.076269
24	32	2.495892	0.439539	1.713143	4.648574
24	33	2.495892	0.496527	2.278598	5.271016
24	34	2.495892	0.515565	2.732331	5.743788
24	35	2.495892	0.443129	1.748758	4.687778
24	36	2.495892	0.459959	1.915759	4.871610
24	37	2.495892	0.450831	1.825180	4.771902
24	38	2.495892	0.495389	2.267313	5.258594
24	39	2.495892	0.439539	1.713143	4.648574
24	40	2.495892	0.443129	1.748758	4.687778
24	41	2.495892	0.430009	1.618574	4.544474
24	42	2.495892	0.472624	2.041425	5.009941
24	43	2.495892	0.477665	2.091445	5.065001
24	44	2.495892	0.539136	2.701389	5.736416
24	45	2.495892	0.495389	2.267313	5.258594
24	46	2.495892	0.531798	2.628583	5.656273
24	47	2.495892	0.441249	1.730105	4.667246
24	48	2.495892	0.437690	1.694794	4.628375
24	49	2.495892	0.568355	2.991320	6.055567
24	50	2.495892	0.450831	1.825180	4.771902
24	51	2.495892	0.501440	2.327353	5.324685
24	52	2.495892	0.436398	1.681974	4.614264
24	53	2.495892	0.461519	1.931233	4.888643
24	54	2.495892	0.441249	1.730105	4.667246
24	55	2.495892	0.567214	2.979993	6.043099
24	56	2.495892	0.554918	2.857988	5.908797
24	57	2.495892	0.450831	1.825180	4.771902
24	58	2.495892	0.500265	2.315698	5.311855
24	59	2.495892	0.461519	1.931233	4.888643
24	60	2.495892	0.481336	2.127866	5.105094
24	61	2.495892	0.554918	2.857988	5.908797
24	62	2.495892	0.601243	3.370607	6.467741
24	63	2.495892	0.459959	1.915759	4.871610
24	64	2.495892	0.522589	2.537201	5.555681
24	65	2.495892	0.578330	3.249185	6.323406
24	66	2.495892	0.438823	1.706035	4.640749
24	67	2.495892	0.462579	1.941756	4.900227
24	68	2.495892	0.443129	1.748758	4.687778
24	69	2.495892	0.467073	2.357093	5.320058
24	70	2.495892	0.555127	2.860057	5.911075
24	71	2.495892	0.461519	1.931233	4.888643
24	72	2.495892	0.436398	1.681974	4.614264
24	73	2.495892	0.487740	2.191409	5.175041
24	74	2.495892	0.436398	1.681974	4.614264
24	75	2.495892	0.523773	2.548954	5.568619
24	76	2.495892	0.472624	2.041425	5.009941
24	77	2.495892	0.620370	3.507432	6.623693
24	78	2.495892	0.501440	2.327353	5.324685
24	79	2.495892	0.507518	2.546551	5.549960
24	80	2.495892	0.500265	2.315698	5.311855
24	81	2.495892	0.548501	2.794318	5.838711
24	82	2.495892	0.384087	1.162922	4.042901
24	83	2.495892	0.449417	1.811159	4.756468
24	84	2.495892	0.500850	2.321495	5.318237
24	85	2.495892	0.463772	1.953596	4.913260
24	86	2.495892	0.427281	1.591512	4.514685
24	87	2.495892	0.481289	2.127401	5.104581
24	88	2.495892	0.568355	2.991320	6.055567
24	89	2.495892	0.481336	2.127866	5.105094
24	90	2.495892	0.450831	1.825180	4.771902
24	91	2.495892	0.597604	3.281538	6.375034
24	92	2.495892	0.535692	2.667215	5.698798
24	93	2.495892	0.441249	1.730105	4.667246
24	94	2.495892	0.495389	2.267313	5.258594
24	95	2.495892	0.495389	2.267313	5.258594
24	96	2.495892	0.463772	1.953596	4.913260
24	97	2.495892	0.485337	2.167571	5.148799
24	98	2.495892	0.500265	2.315698	5.311855
24	99	2.495892	0.568355	2.991320	6.055567
25	0	2.550574	0.465205	1.967812	4.983590
25	1	2.550574	0.520396	2.515442	5.586411
25	2	2.550574	0.530403	2.614740	5.695717
25	3	2.550574	0.420259	1.521835	4.492668
25	4	2.550574	0.546083	2.982182	6.078839
25	5	2.550574	0.474541	2.060446	5.085561
25	6	2.550574	0.520120	2.512708	5.583402
25	7	2.550574	0.534003	2.650456	5.735033
25	8	2.550574	0.577238	3.079459	6.207270
25	9	2.550574	0.481285	2.127361	5.159219
25	10	2.550574	0.507211	2.384614	5.442398
25	11	2.550574	0.487682	2.190839	5.229095
25	12	2.550574	0.449743	1.814391	4.814707
25	13	2.550574	0.449324	1.810233	4.810131
25	14	2.550574	0.520856	2.520009	5.591439
25	15	2.550574	0.474541	2.060446	5.085561
25	16	2.550574	0.448289	1.799964	4.798827
25	17	2.550574	0.507211	2.384614	5.442398
25	18	2.550574	0.424169	1.560627	4.535369
25	19	2.550574	0.577238	3.079459	6.207270
25	20	2.550574	0.601592	3.321110	6.473275
25	21	2.550574	0.450005	1.816992	4.817571
25	22	2.550574	0.449324	1.810233	4.810131
25	23	2.550574	0.441480	1.732403	4.724457
25	24	2.550574	0.420239	1.521634	4.492447
25	25	2.550574	0.545272	2.868202	5.964048
25	26	2.550574	0.479907	2.113688	5.144168
25	27	2.550574	0.420259	1.521835	4.492668
25	28	2.550574	0.420239	1.521634	4.492447
25	29	2.550574	0.457148	2.099716	5.107437
25	30	2.550574	0.436524	1.683225	4.670323
25	31	2.550574	0.495022	2.263667	5.309262
25	32	2.550574	0.479907	2.113688	5.144168
25	33	2.550574	0.504723	2.359931	5.415228
25	34	2.550574	0.424169	1.560627	4.535369
25	35	2.550574	0.460075	1.916912	4.927561
25	36	2.550574	0.447645	2.164313	5.162531
25	37	2.550574	0.515550	2.467357	5.533480
25	38	2.550574	0.429611	1.614625	4.594809
25	39	2.550574	0.487375	2.187791	5.225740
25	40	2.550574	0.481258	2.127093	5.158924
25	41	2.550574	0.453723	1.853882	4.858179
25	42	2.550574	0.473520	2.050314	5.074407
25	43	2.550574	0.460580	1.921919	4.933072
25	44	2.550574	0.516926	2.481010	5.548509
25	45	2.550574	0.606157	3.366405	6.523135
25	46	2.550574	0.429353	1.929847	4.909773
25	47	2.550574	0.525989	2.570935	5.647497
25	48	2.550574	0.572991	3.037318	6.160883
25	49	2.550574	0.536980	2.679997	5.767550
25	50	2.550574	0.425172	1.570586	4.546332
25	51	2.550574	0.525989	2.570935	5.647497
25	52	2.550574	0.507211	2.384614	5.442398
25	53	2.550574	0.465059	1.966359	4.981992
25	54	2.550574	0.425172	1.570586	4.546332
25	55	2.550574	0.487682	2.190839	5.229095
25	56	2.550574	0.571280	3.020336	6.142189
25	57	2.550574	0.481258	2.127093	5.158924
25	58	2.550574	0.456134	1.877807	4.884515
25	59	2.550574	0.436524	1.683225	4.670323
25	60	2.550574	0.572991	3.037318	6.160883
25	61	2.550574	0.449743	1.814391	4.814707
25	62	2.550574	0.426094	1.579728	4.556395
25	63	2.550574	0.460964	1.925732	4.937269
25	64	2.550574	0.480009	2.485446	5.516028
25	65	2.550574	0.487375	2.187791	5.225740
25	66	2.550574	0.525714	2.568211	5.644499
25	67	2.550574	0.525989	2.570935	5.647497
25	68	2.550574	0.501588	2.328822	5.380984
25	69	2.550574	0.534003	2.650456	5.735033
25	70	2.550574	0.470360	2.018961	5.039894
25	71	2.550574	0.451848	1.835276	4.837697
25	72	2.550574	0.430273	1.621197	4.602043
25	73	2.550574	0.525714	2.568211	5.644499
25	74	2.550574	0.455466	1.871176	4.877216
25	75	2.550574	0.384774	1.169737	4.105085
25	76	2.550574	0.426094	1.579728	4.556395
25	77	2.550574	0.481267	2.127190	5.159031
25	78	2.550574	0.545272	2.868202	5.964048
25	79	2.550574	0.424169	1.560627	4.535369
25	80	2.550574	0.441480	1.732403	4.724457
25	81	2.550574	0.541124	2.721119	5.812817
25	82	2.550574	0.471292	2.028207	5.050073
25	83	2.550574	0.465205	1.967812	4.983590
25	84	2.550574	0.492351	2.237166	5.280091
25	85	2.550574	0.460580	1.921919	4.933072
25	86	2.550574	0.501290	2.325864	5.377727
25	87	2.550574	0.494207	2.255586	5.300367
25	88	2.550574	0.515550	2.467357	5.533480
25	89	2.550574	0.453654	1.853193	4.857420
25	90	2.550574	0.571280	3.020336	6.142189
25	91	2.550574	0.367971	1.691536	4.610080
25	92	2.550574	0.523197	2.543239	5.617010
25	93	2.550574	0.413628	1.456034	4.420235
25	94	2.550574	0.493661	2.462018	5.506253
25	95	2.550574	0.523561	2.758703	5.832838
25	96	2.550574	0.536980	2.679997	5.767550
25	97	2.550574	0.519023	2.501816	5.571413
25	98	2.550574	0.453654	1.853193	4.857420
25	99	2.550574	0.494207	2.255586	5.300367
26	0	2.583102	0.501261	2.325574	5.409937
26	1	2.583102	0.589325	3.199391	6.371819
26	2	2.583102	0.443357	1.751019	4.777478
26	3	2.583102	0.510659	2.418828	5.512589
26	4	2.583102	0.431054	1.628951	4.643107
26	5	2.583102	0.384567	1.167679	4.135348
26	6	2.583102	0.532364	2.634197	5.749663
26	7	2.583102	0.510659	2.418828	5.512589
26	8	2.583102	0.524796	2.559104	5.667002
26	9	2.583102	0.589325	3.199391	6.371819
26	10	2.583102	0.502881	2.447575	5.533558
26	11	2.583102	0.378339	1.105884	4.067325
26	12	2.583102	0.461819	1.934208	4.979129
26	13	2.583102	0.500709	2.320100	5.403911
26	14	2.583102	0.468031	1.995854	5.046988
26	15	2.583102	0.566324	2.971160	6.120585
26	16	2.583102	0.445193	1.769246	4.797542
26	17	2.583102	0.447547	1.792594	4.823243
26	18	2.583102	0.435122	1.669313	4.687538
26	19	2.583102	0.507628	2.600605	5.691335
26	20	2.583102	0.495349	2.266912	5.345363
26	21	2.583102	0.516783	2.479591	5.579476
26	22	2.583102	0.429047	1.609031	4.621180
26	23	2.583102	0.485510	2.169284	5.237896
26	24	2.583102	0.417741	1.496850	4.497693
26	25	2.583102	0.467725	1.992814	5.043641
26	26	2.583102	0.473804	2.053130	5.110036
26	27	2.583102	0.467725	1.992814	5.043641
26	28	2.583102	0.550804	2.817165	5.951071
26	29	2.583102	0.469091	2.324149	5.376342
26	30	2.583102	0.541605	2.725892	5.850600
26	31	2.583102	0.477511	2.089916	5.150529
26	32	2.583102	0.451926	1.836046	4.871074
26	33	2.583102	0.501546	2.328404	5.413052
26	34	2.583102	0.481126	2.125791	5.190019
26	35	2.583102	0.514604	2.563896	5.661601
26	36	2.583102	0.537412	2.684284	5.804798
26	37	2.583102	0.501261	2.325574	5.409937
26	38	2.583102	0.490434	2.218141	5.291677
26	39	2.583102	0.435108	1.669172	4.687383
26	40	2.583102	0.429047	1.609031	4.621180
26	41	2.583102	0.499095	2.357052	5.439249
26	42	2.583102	0.530711	2.670753	5.784566
26	43	2.583102	0.525944	2.729382	5.838428
26	44	2.583102	0.543436	2.744058	5.870597
26	45	2.583102	0.495349	2.266912	5.345363
26	46	2.583102	0.513546	2.447473	5.544122
26	47	2.583102	0.500709	2.320100	5.403911
26	48	2.583102	0.518857	2.500173	5.602133
26	49	2.583102	0.489439	2.208275	5.280817
26	50	2.583102	0.583765	3.144225	6.311093
26	51	2.583102	0.428241	1.601037	4.612381
26	52	2.583102	0.456439	1.880826	4.920367
26	53	2.583102	0.456439	1.880826	4.920367
26	54	2.583102	0.464980	1.965573	5.013655
26	55	2.583102	0.426146	1.580246	4.589494
26	56	2.583102	0.541605	2.725892	5.850600
26	57	2.583102	0.578127	3.088279	6.249508
26	58	2.583102	0.464980	1.965573	5.013655
26	59	2.583102	0.493700	2.250556	5.327359
26	60	2.583102	0.428241	1.601037	4.612381
26	61	2.583102	0.566324	2.971160	6.120585
26	62	2.583102	0.459821	1.914389	4.957313
26	63	2.583102	0.550804	2.817165	5.951071
26	64	2.583102	0.476081	2.393510	5.452694
26	65	2.583102	0.517178	2.483508	5.583788
26	66	2.583102	0.429047	1.609031	4.621180
26	67	2.583102	0.543436	2.744058	5.870597
26	68	2.583102	0.459821	1.914389	4.957313
26	69	2.583102	0.446775	1.784938	4.814815
26	70	2.583102	0.485510	2.169284	5.237896
26	71	2.583102	0.456439	1.880826	4.920367
26	72	2.583102	0.466096	1.976656	5.025855
26	73	2.583102	0.476081	2.393510	5.452694
26	74	2.583102	0.467425	1.989834	5.040361
26	75	2.583102	0.443357	1.751019	4.777478
26	76	2.583102	0.431054	1.628951	4.643107
26	77	2.583102	0.426607	1.584822	4.594531
26	78	2.583102	0.566324	2.971160	6.120585
26	79	2.583102	0.473103	2.046173	5.102378
26	80	2.583102	0.428700	1.605586	4.617388
26	81	2.583102	0.464980	1.965573	5.013655
26	82	2.583102	0.569725	3.004912	6.157739
26	83	2.583102	0.426146	1.580246	4.589494
26	84	2.583102	0.547839	2.787743	5.918684
26	85	2.583102	0.449500	1.811980	4.844583
26	86	2.583102	0.566609	2.973991	6.123702
26	87	2.583102	0.485510	2.169284	5.237896
26	88	2.583102	0.451926	1.836046	4.871074
26	89	2.583102	0.485510	2.169284	5.237896
26	90	2.583102	0.524153	2.552723	5.659978
26	91	2.583102	0.537412	2.684284	5.804798
26	92	2.583102	0.384567	1.167679	4.135348
26	93	2.583102	0.447547	1.792594	4.823243
26	94	2.583102	0.516783	2.479591	5.579476
26	95	2.583102	0.510659	2.418828	5.512589
26	96	2.583102	0.492304	2.236704	5.312111
26	97	2.583102	0.562954	2.937724	6.083780
26	98	2.583102	0.520638	2.570811	5.674551
26	99	2.583102	0.467425	1.989834	5.040361
27	0	2.558241	0.439088	1.708662	4.705990
27	1	2.558241	0.451071	1.827565	4.836876
27	2	2.558241	0.470206	2.017429	5.045875
27	3	2.558241	0.465149	1.967259	4.990649
27	4	2.558241	0.431216	1.630557	4.620014
27	5	2.558241	0.429937	1.617864	4.606042
27	6	2.558241	0.507713	2.389601	5.455555
27	7	2.558241	0.473191	2.047049	5.078480
27	8	2.558241	0.447311	1.790260	4.795812
27	9	2.558241	0.466281	2.296270	5.320792
27	10	2.558241	0.467263	1.988235	5.013739
27	11	2.558241	0.510525	2.417502	5.486269
27	12	2.558241	0.443864	1.756054	4.758159
27	13	2.558241	0.451071	1.827565	4.836876
27	14	2.558241	0.461308	1.929138	4.948687
27	15	2.558241	0.578841	3.095367	6.232449
27	16	2.558241	0.560128	2.909684	6.028053
27	17	2.558241	0.436601	1.683991	4.678833
27	18	2.558241	0.558809	2.896597	6.013647
27	19	2.558241	0.560128	2.909684	6.028053
27	20	2.558241	0.467263	1.988235	5.013739
27	21	2.558241	0.488057	2.194560	5.240858
27	22	2.558241	0.452324	1.839994	4.850559
27	23	2.558241	0.431216	1.630557	4.620014
27	24	2.558241	0.542504	2.734812	5.835557
27	25	2.558241	0.420920	1.528388	4.507549
27	26	2.558241	0.542504	2.734812	5.835557
27	27	2.558241	0.515228	2.464162	5.537631
27	28	2.558241	0.611864	3.423034	6.593139
27	29	2.558241	0.554335	2.852200	5.964776
27	30	2.558241	0.524651	2.557659	5.640551
27	31	2.558241	0.443864	1.756054	4.758159
27	32	2.558241	0.526259	2.573617	5.658116
27	33	2.558241	0.431499	2.163002	5.152742
27	34	2.558241	0.465194	1.967704	4.991139
27	35	2.558241	0.465194	1.967704	4.991139
27	36	2.558241	0.410733	1.427315	4.396289
27	37	2.558241	0.560128	2.909684	6.028053
27	38	2.558241	0.436601	1.683991	4.678833
27	39	2.558241	0.578841	3.095367	6.232449
27	40	2.558241	0.452672	1.843451	4.854364
27	41	2.558241	0.451853	1.835326	4.845420
27	42	2.558241	0.533315	2.643629	5.735184
27	43	2.558241	0.465194	1.967704	4.991139
27	44	2.558241	0.465149	1.967259	4.990649
27	45	2.558241	0.484635	2.160601	5.203476
27	46	2.558241	0.384683	1.168832	4.111755
27	47	2.558241	0.465194	1.967704	4.991139
27	48	2.558241	0.452324	1.839994	4.850559
27	49	2.558241	0.426309	1.581863	4.566413
27	50	2.558241	0.490255	2.216373	5.264869
27	51	2.558241	0.488057	2.194560	5.240858
27	52	2.558241	0.420920	1.528388	4.507549
27	53	2.558241	0.510525	2.417502	5.486269
27	54	2.558241	0.410733	1.427315	4.396289
27	55	2.558241	0.491702	2.230723	5.280666
27	56	2.558241	0.417001	1.489509	4.464751
27	57	2.558241	0.538352	2.693608	5.790201
27	58	2.558241	0.488980	2.203713	5.250934
27	59	2.558241	0.533315	2.643629	5.735184
27	60	2.558241	0.451853	1.835326	4.845420
27	61	2.558241	0.512818	2.440254	5.511313
27	62	2.558241	0.443622	1.753653	4.755516
27	63	2.558241	0.518778	2.499388	5.576407
27	64	2.558241	0.551587	2.930860	6.040688
27	65	2.558241	0.416700	1.486524	4.461465
27	66	2.558241	0.450872	1.825591	4.834703
27	67	2.558241	0.537521	2.685370	5.781132
27	68	2.558241	0.441861	2.212857	5.212960
27	69	2.558241	0.533315	2.643629	5.735184
27	70	2.558241	0.467530	1.990879	5.016650
27	71	2.558241	0.443622	1.753653	4.755516
27	72	2.558241	0.460969	1.925777	4.944987
27	73	2.558241	0.546463	2.880025	5.984730
27	74	2.558241	0.473191	2.047049	5.078480
27	75	2.558241	0.494559	2.312036	5.364836
27	76	2.558241	0.466281	2.296270	5.320792
27	77	2.558241	0.532799	2.638507	5.729547
27	78	2.558241	0.560743	2.915791	6.034775
27	79	2.558241	0.384683	1.168832	4.111755
27	80	2.558241	0.560743	2.915791	6.034775
27	81	2.558241	0.510525	2.417502	5.486269
27	82	2.558241	0.560128	2.909684	6.028053
27	83	2.558241	0.496342	2.276767	5.331349
27	84	2.558241	0.439088	1.708662	4.705990
27	85	2.558241	0.496480	2.278140	5.332861
27	86	2.558241	0.447340	1.790549	4.796130
27	87	2.558241	0.518582	2.656331	5.733153
27	88	2.558241	0.537521	2.685370	5.781132
27	89	2.558241	0.503906	2.351823	5.413970
27	90	2.558241	0.466864	1.984271	5.009375
27	91	2.558241	0.510525	2.417502	5.486269
27	92	2.558241	0.426309	1.581863	4.566413
27	93	2.558241	0.466281	2.296270	5.320792
27	94	2.558241	0.510525	2.417502	5.486269
27	95	2.558241	0.519677	2.508307	5.586225
27	96	2.558241	0.496979	2.283085	5.338304
27	97	2.558241	0.512818	2.440254	5.511313
27	98	2.558241	0.510695	2.419183	5.488118
27	99	2.558241	0.532799	2.638507	5.729547
28	0	2.500370	0.461297	1.929032	4.890699
28	1	2.500370	0.558845	2.896954	5.956168
28	2	2.500370	0.434965	1.667757	4.603092
28	3	2.500370	0.536588	2.676105	5.713063
28	4	2.500370	0.536588	2.676105	5.713063
28	5	2.500370	0.506790	2.380440	5.387601
28	6	2.500370	0.424132	1.560264	4.484766
28	7	2.500370	0.501938	2.332296	5.334604
28	8	2.500370	0.574786	3.055125	6.130280
28	9	2.500370	0.517583	2.487532	5.505485
28	10	2.500370	0.610836	3.412839	6.524045
28	11	2.500370	0.424132	1.560264	4.484766
28	12	2.500370	0.425428	1.573127	4.498925
28	13	2.500370	0.512962	2.441682	5.455014
28	14	2.500370	0.548426	2.899498	5.948294
28	15	2.500370	0.490098	2.214809	5.205277
28	16	2.500370	0.475350	2.068474	5.044193
28	17	2.500370	0.434965	1.667757	4.603092
28	18	2.500370	0.475350	2.068474	5.044193
28	19	2.500370	0.472981	2.044967	5.018318
28	20	2.500370	0.500541	2.318428	5.319338
28	21	2.500370	0.493249	2.246077	5.239696
28	22	2.500370	0.432040	1.638727	4.571137
28	23	2.500370	0.559109	2.952538	6.012017
28	24	2.500370	0.574786	3.055125	6.130280
28	25	2.500370	0.472981	2.044967	5.018318
28	26	2.500370	0.442588	1.743394	4.686352
28	27	2.500370	0.493249	2.246077	5.239696
28	28	2.500370	0.515460	2.731281	5.747111
28	29	2.500370	0.475205	2.067038	5.042613
28	30	2.500370	0.497753	2.290767	5.288890
28	31	2.500370	0.490098	2.214809	5.205277
28	32	2.500370	0.490098	2.214809	5.205277
28	33	2.500370	0.512962	2.441682	5.455014
28	34	2.500370	0.440049	1.718202	4.658622
28	35	2.500370	0.444426	1.761629	4.706425
28	36	2.500370	0.557542	2.884028	5.941940
28	37	2.500370	0.547296	2.782356	5.830022
28	38	2.500370	0.442588	1.743394	4.686352
28	39	2.500370	0.536588	2.676105	5.713063
28	40	2.500370	0.599202	3.297399	6.396971
28	41	2.500370	0.576725	3.074370	6.151465
28	42	2.500370	0.470924	2.024561	4.995856
28	43	2.500370	0.474673	2.273614	5.248657
28	44	2.500370	0.574786	3.055125	6.130280
28	45	2.500370	0.461720	1.933234	4.895325
28	46	2.500370	0.493839	2.251936	5.246146
28	47	2.500370	0.547296	2.782356	5.830022
28	48	2.500370	0.557542	2.884028	5.941940
28	49	2.500370	0.497753	2.290767	5.288890
28	50	2.500370	0.500541	2.318428	5.319338
28	51	2.500370	0.440906	1.726700	4.667976
28	52	2.500370	0.495200	2.265435	5.261005
28	53	2.500370	0.475350	2.068474	5.044193
28	54	2.500370	0.452552	1.948185	4.901107
28	55	2.500370	0.432262	1.640929	4.573561
28	56	2.500370	0.599202	3.297399	6.396971
28	57	2.500370	0.536588	2.676105	5.713063
28	58	2.500370	0.607820	3.382911	6.491101
28	59	2.500370	0.499998	2.313044	5.313412
28	60	2.500370	0.492156	2.235235	5.227761
28	61	2.500370	0.441050	1.728135	4.669555
28	62	2.500370	0.454554	1.862130	4.817054
28	63	2.500370	0.441050	1.728135	4.669555
28	64	2.500370	0.461720	1.933234	4.895325
28	65	2.500370	0.512986	2.441915	5.455271
28	66	2.500370	0.484783	2.162075	5.147228
28	67	2.500370	0.536588	2.676105	5.713063
28	68	2.500370	0.461297	1.929032	4.890699
28	69	2.500370	0.387013	1.191953	4.079336
28	70	2.500370	0.441050	1.728135	4.669555
28	71	2.500370	0.479055	2.105235	5.084660
28	72	2.500370	0.576725	3.074370	6.151465
28	73	2.500370	0.474616	2.061196	5.036182
28	74	2.500370	0.387013	1.191953	4.079336
28	75	2.500370	0.475350	2.068474	5.044193
28	76	2.500370	0.558879	2.897291	5.956540
28	77	2.500370	0.458990	1.906138	4.865497
28	78	2.500370	0.493839	2.251936	5.246146
28	79	2.500370	0.438336	1.701203	4.639908
28	80	2.500370	0.424132	1.560264	4.484766
28	81	2.500370	0.440906	1.726700	4.667976
28	82	2.500370	0.548426	2.899498	5.948294
28	83	2.500370	0.556660	2.875274	5.932304
28	84	2.500370	0.425428	1.573127	4.498925
28	85	2.500370	0.492156	2.235235	5.227761
28	86	2.500370	0.458990	1.906138	4.865497
28	87	2.500370	0.474616	2.061196	5.036182
28	88	2.500370	0.422872	1.547759	4.471001
28	89	2.500370	0.501702	2.488844	5.490916
28	90	2.500370	0.509476	2.460057	5.469903
28	91	2.500370	0.518734	2.498954	5.518058
28	92	2.500370	0.517557	2.487276	5.505203
28	93	2.500370	0.475350	2.068474	5.044193
28	94	2.500370	0.461412	1.930175	4.891957
28	95	2.500370	0.454554	1.862130	4.817054
28	96	2.500370	0.525761	2.621640	5.647771
28	97	2.500370	0.487362	2.399514	5.387245
28	98	2.500370	0.497753	2.290767	5.288890
28	99	2.500370	0.558879	2.897291	5.956540
29	0	2.622242	0.496692	2.280236	5.399169
29	1	2.622242	0.545066	2.760233	5.927541
29	2	2.622242	0.523693	2.548157	5.694093
29	3	2.622242	0.581043	3.117215	6.320500
29	4	2.622242	0.581043	3.117215	6.320500
29	5	2.622242	0.445530	1.772586	4.840359
29	6	2.622242	0.517967	2.491341	5.631550
29	7	2.622242	0.480137	2.115973	5.218352
29	8	2.622242	0.471701	2.032268	5.126211
29	9	2.622242	0.494262	2.256127	5.372631
29	10	2.622242	0.538569	2.695766	5.856577
29	11	2.622242	0.482263	2.137068	5.241574
29	12	2.622242	0.439912	1.716842	4.778996
29	13	2.622242	0.376595	1.088581	4.087419
29	14	2.622242	0.471701	2.032268	5.126211
29	15	2.622242	0.467668	1.992251	5.082162
29	16	2.622242	0.471307	2.028356	5.121905
29	17	2.622242	0.450808	1.824954	4.898004
29	18	2.622242	0.454185	1.858460	4.934887
29	19	2.622242	0.439950	1.717219	4.779411
29	20	2.622242	0.474051	2.055581	5.151873
29	21	2.622242	0.376595	1.088581	4.087419
29	22	2.622242	0.467371	1.989299	5.078912
29	23	2.622242	0.518330	2.494946	5.635518
29	24	2.622242	0.448103	1.798115	4.868460
29	25	2.622242	0.428632	1.922696	4.973571
29	26	2.622242	0.445625	1.773529	4.841397
29	27	2.622242	0.522894	2.540233	5.685370
29	28	2.622242	0.494262	2.256127	5.372631
29	29	2.622242	0.630697	3.609909	6.862848
29	30	2.622242	0.462872	1.944665	5.029779
29	31	2.622242	0.421443	1.533579	4.577263
29	32	2.622242	0.544618	2.755787	5.922648
29	33	2.622242	0.445625	1.773529	4.841397
29	34	2.622242	0.442563	1.743150	4.807956
29	35	2.622242	0.497806	2.291289	5.411337
29	36	2.622242	0.529532	2.659060	5.810834
29	37	2.622242	0.569098	2.998693	6.190034
29	38	2.622242	0.420465	1.523876	4.566583
29	39	2.622242	0.532234	2.632910	5.787387
29	40	2.622242	0.482099	2.135443	5.239785
29	41	2.622242	0.482382	2.138249	5.242873
29	42	2.622242	0.431104	1.629440	4.682786
29	43	2.622242	0.467668	1.992251	5.082162
29	44	2.622242	0.499166	2.304788	5.426196
29	45	2.622242	0.496834	2.281654	5.400731
29	46	2.622242	0.518330	2.494946	5.635518
29	47	2.622242	0.525193	2.563037	5.710472
29	48	2.622242	0.565357	3.067495	6.255094
29	49	2.622242	0.442768	1.745181	4.810192
29	50	2.622242	0.532234	2.632910	5.787387
29	51	2.622242	0.450808	1.824954	4.898004
29	52	2.622242	0.497806	2.291289	5.411337
29	53	2.622242	0.518330	2.494946	5.635518
29	54	2.622242	0.439810	2.192507	5.254560
29	55	2.622242	0.442768	1.745181	4.810192
29	56	2.622242	0.482099	2.135443	5.239785
29	57	2.622242	0.476673	2.505315	5.604231
29	58	2.622242	0.542597	2.735737	5.900577
29	59	2.622242	0.480137	2.115973	5.218352
29	60	2.622242	0.496692	2.280236	5.399169
29	61	2.622242	0.454185	1.858460	4.934887
29	62	2.622242	0.471307	2.028356	5.121905
29	63	2.622242	0.475538	2.070335	5.168115
29	64	2.622242	0.545066	2.760233	5.927541
29	65	2.622242	0.388111	1.202841	4.213194
29	66	2.622242	0.467668	1.992251	5.082162
29	67	2.622242	0.473673	2.051829	5.147744
29	68	2.622242	0.549506	3.016137	6.187885
29	69	2.622242	0.511714	2.429298	5.563255
29	70	2.622242	0.444419	1.761559	4.828220
29	71	2.622242	0.431104	1.629440	4.682786
29	72	2.622242	0.542597	2.735737	5.900577
29	73	2.622242	0.444419	1.761559	4.828220
29	74	2.622242	0.444419	1.761559	4.828220
29	75	2.622242	0.473673	2.051829	5.147744
29	76	2.622242	0.605089	3.355806	6.583137
29	77	2.622242	0.551161	2.820712	5.994116
29	78	2.622242	0.454185	1.858460	4.934887
29	79	2.622242	0.538487	2.747915	5.908644
29	80	2.622242	0.497806	2.291289	5.411337
29	81	2.622242	0.531228	2.622925	5.776395
29	82	2.622242	0.479393	2.108587	5.210222
29	83	2.622242	0.521570	2.527090	5.670902
29	84	2.622242	0.431104	1.629440	4.682786
29	85	2.622242	0.471307	2.028356	5.121905
29	86	2.622242	0.388111	1.202841	4.213194
29	87	2.622242	0.531228	2.622925	5.776395
29	88	2.622242	0.489193	2.205827	5.317262
29	89	2.622242	0.521570	2.527090	5.670902
29	90	2.622242	0.547883	2.947071	6.117196
29	91	2.622242	0.492689	2.240523	5.355454
29	92	2.622242	0.560667	3.020961	6.203870
29	93	2.622242	0.539629	2.706287	5.868159
29	94	2.622242	0.522093	2.532287	5.676622
29	95	2.622242	0.551161	2.820712	5.994116
29	96	2.622242	0.518962	2.501215	5.642419
29	97	2.622242	0.479367	2.108335	5.209945
29	98	2.622242	0.502654	2.392362	5.517258
29	99	2.622242	0.444419	1.761559	4.828220
30	0	2.684285	0.459862	2.285541	5.429688
30	1	2.684285	0.478990	2.104596	5.267871
30	2	2.684285	0.544424	2.753859	5.982567
30	3	2.684285	0.540955	2.719436	5.944675
30	4	2.684285	0.466326	1.978936	5.129547
30	5	2.684285	0.473617	2.051276	5.209178
30	6	2.684285	0.521603	2.527421	5.733309
30	7	2.684285	0.490140	2.215226	5.389650
30	8	2.684285	0.484441	2.158680	5.327406
30	9	2.684285	0.493213	2.245716	5.423213
30	10	2.684285	0.583288	3.298376	6.565948
30	11	2.684285	0.496868	2.281988	5.463141
30	12	2.684285	0.510315	2.415415	5.610015
30	13	2.684285	0.444903	1.766364	4.895552
30	14	2.684285	0.444903	1.766364	4.895552
30	15	2.684285	0.559594	2.904387	6.148265
30	16	2.684285	0.544424	2.753859	5.982567
30	17	2.684285	0.405775	1.378112	4.468171
30	18	2.684285	0.476015	2.445819	5.606119
30	19	2.684285	0.430061	1.619096	4.733442
30	20	2.684285	0.510315	2.415415	5.610015
30	21	2.684285	0.464961	1.965390	5.114635
30	22	2.684285	0.475409	2.069060	5.228753
30	23	2.684285	0.478990	2.104596	5.267871
30	24	2.684285	0.500125	2.314306	5.498716
30	25	2.684285	0.482986	2.356099	5.523370
30	26	2.684285	0.500125	2.314306	5.498716
30	27	2.684285	0.495587	2.269281	5.449153
30	28	2.684285	0.490140	2.215226	5.389650
30	29	2.684285	0.454356	1.860157	4.998797
30	30	2.684285	0.502995	2.342783	5.530063
30	31	2.684285	0.435422	1.672285	4.791992
30	32	2.684285	0.472126	2.036481	5.192892
30	33	2.684285	0.496868	2.281988	5.463141
30	34	2.684285	0.533315	2.908455	6.126054
30	35	2.684285	0.472126	2.036481	5.192892
30	36	2.684285	0.466326	1.978936	5.129547
30	37	2.684285	0.490140	2.215226	5.389650
30	38	2.684285	0.511922	2.431355	5.627561
30	39	2.684285	0.492057	2.446108	5.622450
30	40	2.684285	0.487364	2.187681	5.359329
30	41	2.684285	0.564734	2.955392	6.204411
30	42	2.684285	0.559594	2.904387	6.148265
30	43	2.684285	0.472712	2.042295	5.199291
30	44	2.684285	0.503134	2.344165	5.531584
30	45	2.684285	0.502995	2.342783	5.530063
30	46	2.684285	0.474781	2.062829	5.221894
30	47	2.684285	0.489208	2.205977	5.379470
30	48	2.684285	0.476015	2.445819	5.606119
30	49	2.684285	0.479663	2.111273	5.275221
30	50	2.684285	0.549822	2.807427	6.041534
30	51	2.684285	0.475409	2.069060	5.228753
30	52	2.684285	0.436221	1.680217	4.800723
30	53	2.684285	0.507384	2.386327	5.577995
30	54	2.684285	0.569529	3.002965	6.256778
30	55	2.684285	0.460677	1.922879	5.067841
30	56	2.684285	0.458792	1.904174	5.047250
30	57	2.684285	0.502995	2.342783	5.530063
30	58	2.684285	0.432492	1.643220	4.759997
30	59	2.684285	0.441201	1.729626	4.855111
30	60	2.684285	0.500125	2.314306	5.498716
30	61	2.684285	0.454356	1.860157	4.998797
30	62	2.684285	0.569529	3.002965	6.256778
30	63	2.684285	0.534056	2.756916	5.975257
30	64	2.684285	0.495587	2.269281	5.449153
30	65	2.684285	0.484441	2.158680	5.327406
30	66	2.684285	0.454356	1.860157	4.998797
30	67	2.684285	0.492889	2.242508	5.419682
30	68	2.684285	0.502995	2.342783	5.530063
30	69	2.684285	0.466326	1.978936	5.129547
30	70	2.684285	0.405775	1.378112	4.468171
30	71	2.684285	0.489814	2.211989	5.386087
30	72	2.684285	0.443178	1.749248	4.876711
30	73	2.684285	0.502802	2.340866	5.527952
30	74	2.684285	0.458792	1.904174	5.047250
30	75	2.684285	0.461878	1.934796	5.080958
30	76	2.684285	0.443178	1.749248	4.876711
30	77	2.684285	0.430061	1.619096	4.733442
30	78	2.684285	0.472712	2.042295	5.199291
30	79	2.684285	0.503630	2.560941	5.748856
30	80	2.684285	0.479663	2.111273	5.275221
30	81	2.684285	0.492889	2.242508	5.419682
30	82	2.684285	0.548134	2.790669	6.023087
30	83	2.684285	0.560272	2.911113	6.155669
30	84	2.684285	0.505146	2.364120	5.553550
30	85	2.684285	0.521603	2.527421	5.733309
30	86	2.684285	0.489814	2.211989	5.386087
30	87	2.684285	0.493213	2.245716	5.423213
30	88	2.684285	0.473617	2.051276	5.209178
30	89	2.684285	0.375892	1.081601	4.141777
30	90	2.684285	0.510226	2.679353	5.873863
30	91	2.684285	0.489814	2.211989	5.386087
30	92	2.684285	0.489814	2.211989	5.386087
30	93	2.684285	0.461878	1.934796	5.080958
30	94	2.684285	0.443131	1.748780	4.876196
30	95	2.684285	0.432492	1.643220	4.759997
30	96	2.684285	0.489814	2.211989	5.386087
30	97	2.684285	0.435422	1.672285	4.791992
30	98	2.684285	0.549822	2.807427	6.041534
30	99	2.684285	0.611160	3.416053	6.711498
31	0	2.564710	0.507914	2.391588	5.464212
31	1	2.564710	0.450439	1.821291	4.836440
31	2	2.564710	0.485302	2.167219	5.217231
31	3	2.564710	0.452398	1.840732	4.857840
31	4	2.564710	0.557238	2.881008	6.002957
31	5	2.564710	0.514038	2.452359	5.531108
31	6	2.564710	0.451529	1.832112	4.848352
31	7	2.564710	0.464500	1.960820	4.990031
31	8	2.564710	0.535897	2.669255	5.769863
31	9	2.564710	0.514038	2.452359	5.531108
31	10	2.564710	0.486001	2.174158	5.224870
31	11	2.564710	0.464500	1.960820	4.990031
31	12	2.564710	0.463547	1.951364	4.979622
31	13	2.564710	0.482929	2.143675	5.191314
31	14	2.564710	0.418032	1.499736	4.482479
31	15	2.564710	0.505917	2.371776	5.442404
31	16	2.564710	0.429622	1.614740	4.609073
31	17	2.564710	0.492177	2.235436	5.292323
31	18	2.564710	0.486969	2.289688	5.341367
31	19	2.564710	0.535897	2.669255	5.769863
31	20	2.564710	0.514038	2.452359	5.531108
31	21	2.564710	0.522239	2.533730	5.620679
31	22	2.564710	0.516576	2.477539	5.558825
31	23	2.564710	0.507151	2.384019	5.455881
31	24	2.564710	0.471089	2.026196	5.061995
31	25	2.564710	0.478622	2.100941	5.144273
31	26	2.564710	0.434726	1.665387	4.664824
31	27	2.564710	0.557238	2.881008	6.002957
31	28	2.564710	0.457421	1.890574	4.912705
31	29	2.564710	0.455374	1.870258	4.890342
31	30	2.564710	0.562421	2.932434	6.059565
31	31	2.564710	0.478622	2.100941	5.144273
31	32	2.564710	0.478622	2.100941	5.144273
31	33	2.564710	0.437176	1.689688	4.691574
31	34	2.564710	0.461963	1.935644	4.962317
31	35	2.564710	0.492928	2.242892	5.300530
31	36	2.564710	0.451117	1.828017	4.843844
31	37	2.564710	0.524247	2.553650	5.642607
31	38	2.564710	0.507914	2.391588	5.464212
31	39	2.564710	0.439045	1.708241	4.711996
31	40	2.564710	0.557238	2.881008	6.002957
31	41	2.564710	0.492177	2.235436	5.292323
31	42	2.564710	0.568311	3.043840	6.176862
31	43	2.564710	0.542810	2.737843	5.845363
31	44	2.564710	0.515051	2.462411	5.542172
31	45	2.564710	0.418032	1.499736	4.482479
31	46	2.564710	0.505917	2.371776	5.442404
31	47	2.564710	0.488386	2.197821	5.250917
31	48	2.564710	0.475513	2.070095	5.110319
31	49	2.564710	0.557238	2.881008	6.002957
31	50	2.564710	0.457421	1.890574	4.912705
31	51	2.564710	0.448953	1.806555	4.820219
31	52	2.564710	0.448953	1.806555	4.820219
31	53	2.564710	0.492512	2.238761	5.295983
31	54	2.564710	0.439045	1.708241	4.711996
31	55	2.564710	0.492182	2.235492	5.292384
31	56	2.564710	0.505667	2.369296	5.439674
31	57	2.564710	0.546018	2.875607	5.986336
31	58	2.564710	0.484513	2.159393	5.208617
31	59	2.564710	0.437176	1.689688	4.691574
31	60	2.564710	0.482929	2.143675	5.191314
31	61	2.564710	0.507914	2.391588	5.464212
31	62	2.564710	0.514038	2.452359	5.531108
31	63	2.564710	0.465692	1.972641	5.003043
31	64	2.564710	0.418806	1.507418	4.490935
31	65	2.564710	0.546018	2.875607	5.986336
31	66	2.564710	0.526339	2.574412	5.665462
31	67	2.564710	0.525195	2.563059	5.652965
31	68	2.564710	0.426477	1.901316	4.892504
31	69	2.564710	0.505917	2.371776	5.442404
31	70	2.564710	0.480892	2.123466	5.169069
31	71	2.564710	0.600197	3.307265	6.472172
31	72	2.564710	0.505667	2.369296	5.439674
31	73	2.564710	0.490199	2.215817	5.270727
31	74	2.564710	0.450439	1.821291	4.836440
31	75	2.564710	0.501188	2.324848	5.390746
31	76	2.564710	0.458819	2.063340	5.086870
31	77	2.564710	0.535694	2.773164	5.873568
31	78	2.564710	0.450439	1.821291	4.836440
31	79	2.564710	0.434726	1.665387	4.664824
31	80	2.564710	0.600197	3.307265	6.472172
31	81	2.564710	0.501188	2.324848	5.390746
31	82	2.564710	0.488386	2.197821	5.250917
31	83	2.564710	0.482929	2.143675	5.191314
31	84	2.564710	0.492177	2.235436	5.292323
31	85	2.564710	0.581772	3.230371	6.376853
31	86	2.564710	0.515051	2.462411	5.542172
31	87	2.564710	0.471625	2.402258	5.438594
31	88	2.564710	0.486001	2.174158	5.224870
31	89	2.564710	0.463101	1.946931	4.974743
31	90	2.564710	0.482929	2.143675	5.191314
31	91	2.564710	0.498927	2.567234	5.630871
31	92	2.564710	0.434726	1.665387	4.664824
31	93	2.564710	0.550361	2.812768	5.927839
31	94	2.564710	0.475513	2.070095	5.110319
31	95	2.564710	0.557238	2.881008	6.002957
31	96	2.564710	0.451117	1.828017	4.843844
31	97	2.564710	0.523454	2.545782	5.633946
31	98	2.564710	0.505667	2.369296	5.439674
31	99	2.564710	0.542810	2.737843	5.845363
32	0	2.469692	0.486829	2.182378	5.138899
32	1	2.469692	0.444322	1.760600	4.674614
32	2	2.469692	0.568534	2.993092	6.031318
32	3	2.469692	0.534860	2.658962	5.663514
32	4	2.469692	0.506987	2.382396	5.359075
32	5	2.469692	0.441434	1.731942	4.643068
32	6	2.469692	0.544284	2.752468	5.766443
32	7	2.469692	0.556218	2.870889	5.896799
32	8	2.469692	0.566075	2.968690	6.004456
32	9	2.469692	0.515605	2.467900	5.453196
32	10	2.469692	0.456828	1.884692	4.811212
32	11	2.469692	0.491463	2.228355	5.189510
32	12	2.469692	0.568534	2.993092	6.031318
32	13	2.469692	0.505692	2.475471	5.450855
32	14	2.469692	0.446050	1.777743	4.693484
32	15	2.469692	0.550735	2.816479	5.836905
32	16	2.469692	0.544284	2.752468	5.766443
32	17	2.469692	0.549171	2.800959	5.819822
32	18	2.469692	0.508445	2.396855	5.374992
32	19	2.469692	0.446050	1.777743	4.693484
32	20	2.469692	0.429364	1.929959	4.829015
32	21	2.469692	0.531781	2.628411	5.629884
32	22	2.469692	0.547537	2.784746	5.801974
32	23	2.469692	0.460133	1.917480	4.847305
32	24	2.469692	0.415362	1.473246	4.358300
32	25	2.469692	0.534860	2.658962	5.663514
32	26	2.469692	0.534860	2.658962	5.663514
32	27	2.469692	0.491463	2.228355	5.189510
32	28	2.469692	0.518512	2.496753	5.484957
32	29	2.469692	0.522349	2.746674	5.738714
32	30	2.469692	0.470144	2.016822	4.956658
32	31	2.469692	0.460133	1.917480	4.847305
32	32	2.469692	0.386987	1.191697	4.048377
32	33	2.469692	0.508445	2.396855	5.374992
32	34	2.469692	0.567748	2.985297	6.022738
32	35	2.469692	0.534860	2.658962	5.663514
32	36	2.469692	0.539694	2.706931	5.716317
32	37	2.469692	0.456465	1.881092	4.807249
32	38	2.469692	0.436345	1.681451	4.587488
32	39	2.469692	0.551799	2.827036	5.848527
32	40	2.469692	0.456465	1.881092	4.807249
32	41	2.469692	0.568534	2.993092	6.031318
32	42	2.469692	0.531047	2.780014	5.780753
32	43	2.469692	0.526260	2.573633	5.569586
32	44	2.469692	0.441434	1.731942	4.643068
32	45	2.469692	0.500416	2.317187	5.287295
32	46	2.469692	0.544284	2.752468	5.766443
32	47	2.469692	0.436345	1.681451	4.587488
32	48	2.469692	0.488017	2.194159	5.151868
32	49	2.469692	0.506987	2.382396	5.359075
32	50	2.469692	0.520788	2.678224	5.668704
32	51	2.469692	0.539694	2.706931	5.716317
32	52	2.469692	0.415362	1.473246	4.358300
32	53	2.469692	0.587570	3.287907	6.345169
32	54	2.469692	0.566075	2.968690	6.004456
32	55	2.469692	0.523685	2.548076	5.541453
32	56	2.469692	0.476762	2.506198	5.452653
32	57	2.469692	0.463692	1.952800	4.886184
32	58	2.469692	0.497605	2.289303	5.256601
32	59	2.469692	0.567748	2.985297	6.022738
32	60	2.469692	0.486133	2.175465	5.131290
32	61	2.469692	0.445731	1.774580	4.690003
32	62	2.469692	0.492502	2.238666	5.200860
32	63	2.469692	0.487016	2.184233	5.140941
32	64	2.469692	0.573083	3.038232	6.081007
32	65	2.469692	0.560381	2.912195	5.942268
32	66	2.469692	0.436803	1.685991	4.592486
32	67	2.469692	0.508445	2.396855	5.374992
32	68	2.469692	0.444764	1.764982	4.679438
32	69	2.469692	0.573083	3.038232	6.081007
32	70	2.469692	0.497605	2.289303	5.256601
32	71	2.469692	0.545072	2.760288	5.775052
32	72	2.469692	0.546261	2.983947	5.999900
32	73	2.469692	0.445731	1.774580	4.690003
32	74	2.469692	0.445731	1.774580	4.690003
32	75	2.469692	0.523685	2.548076	5.541453
32	76	2.469692	0.506987	2.382396	5.359075
32	77	2.469692	0.491463	2.228355	5.189510
32	78	2.469692	0.518512	2.496753	5.484957
32	79	2.469692	0.551799	2.827036	5.848527
32	80	2.469692	0.499450	2.307603	5.276744
32	81	2.469692	0.444322	1.760600	4.674614
32	82	2.469692	0.500671	2.319724	5.290087
32	83	2.469692	0.488017	2.194159	5.151868
32	84	2.469692	0.456828	1.884692	4.811212
32	85	2.469692	0.487016	2.184233	5.140941
32	86	2.469692	0.549171	2.800959	5.819822
32	87	2.469692	0.574999	3.057238	6.101929
32	88	2.469692	0.463234	2.054184	4.987110
32	89	2.469692	0.485179	2.166005	5.120876
32	90	2.469692	0.441434	1.731942	4.643068
32	91	2.469692	0.539694	2.706931	5.716317
32	92	2.469692	0.465190	2.126556	5.061438
32	93	2.469692	0.470144	2.016822	4.956658
32	94	2.469692	0.506987	2.382396	5.359075
32	95	2.469692	0.531781	2.628411	5.629884
32	96	2.469692	0.485179	2.166005	5.120876
32	97	2.469692	0.519985	2.511368	5.501045
32	98	2.469692	0.444764	1.764982	4.679438
32	99	2.469692	0.531781	2.628411	5.629884
33	0	2.581917	0.431198	1.630373	4.643489
33	1	2.581917	0.427993	1.598574	4.608484
33	2	2.581917	0.425944	1.578241	4.586103
33	3	2.581917	0.464974	1.965523	5.012415
33	4	2.581917	0.575240	3.059635	6.216792
33	5	2.581917	0.557115	2.879784	6.018816
33	6	2.581917	0.520497	2.516442	5.618856
33	7	2.581917	0.464974	1.965523	5.012415
33	8	2.581917	0.534704	2.657412	5.774033
33	9	2.581917	0.490785	2.221632	5.294335
33	10	2.581917	0.493513	2.248699	5.324130
33	11	2.581917	0.459938	1.915553	4.957408
33	12	2.581917	0.565986	2.967810	6.115713
33	13	2.581917	0.532270	2.633262	5.747449
33	14	2.581917	0.447801	1.795121	4.824840
33	15	2.581917	0.560681	2.915172	6.057770
33	16	2.581917	0.419324	1.512556	4.513798
33	17	2.581917	0.382454	1.146718	4.111090
33	18	2.581917	0.467305	1.988651	5.037874
33	19	2.581917	0.488033	2.459138	5.529088
33	20	2.581917	0.416034	1.479908	4.477859
33	21	2.581917	0.556262	2.871328	6.009508
33	22	2.581917	0.430443	1.622882	4.635242
33	23	2.581917	0.556262	2.871328	6.009508
33	24	2.581917	0.442166	1.739203	4.763286
33	25	2.581917	0.440117	1.718872	4.740906
33	26	2.581917	0.482670	2.141107	5.205694
33	27	2.581917	0.419324	1.512556	4.513798
33	28	2.581917	0.429861	1.617111	4.628889
33	29	2.581917	0.526226	2.573293	5.681436
33	30	2.581917	0.416034	1.479908	4.477859
33	31	2.581917	0.440117	1.718872	4.740906
33	32	2.581917	0.454754	1.864115	4.900787
33	33	2.581917	0.569124	2.998942	6.149983
33	34	2.581917	0.473331	2.419186	5.474434
33	35	2.581917	0.459938	1.915553	4.957408
33	36	2.581917	0.469322	2.008665	5.059904
33	37	2.581917	0.526226	2.573293	5.681436
33	38	2.581917	0.520759	2.519049	5.621726
33	39	2.581917	0.495111	2.264549	5.341577
33	40	2.581917	0.452309	1.839854	4.874081
33	41	2.581917	0.416034	1.479908	4.477859
33	42	2.581917	0.444280	1.760180	4.786378
33	43	2.581917	0.569124	2.998942	6.149983
33	44	2.581917	0.498862	2.354731	5.435510
33	45	2.581917	0.402246	1.713847	4.698010
33	46	2.581917	0.435052	1.668621	4.685591
33	47	2.581917	0.557790	2.939452	6.079160
33	48	2.581917	0.382454	1.146718	4.111090
33	49	2.581917	0.482670	2.141107	5.205694
33	50	2.581917	0.560681	2.915172	6.057770
33	51	2.581917	0.424791	1.937545	4.944253
33	52	2.581917	0.421588	1.535019	4.538524
33	53	2.581917	0.526525	2.576255	5.684697
33	54	2.581917	0.452309	1.839854	4.874081
33	55	2.581917	0.533145	2.641947	5.757010
33	56	2.581917	0.495111	2.264549	5.341577
33	57	2.581917	0.447801	1.795121	4.824840
33	58	2.581917	0.459938	1.915553	4.957408
33	59	2.581917	0.532270	2.633262	5.747449
33	60	2.581917	0.556262	2.871328	6.009508
33	61	2.581917	0.495111	2.264549	5.341577
33	62	2.581917	0.493513	2.248699	5.324130
33	63	2.581917	0.532264	2.633200	5.747381
33	64	2.581917	0.520759	2.519049	5.621726
33	65	2.581917	0.473183	2.046970	5.102070
33	66	2.581917	0.538142	2.691524	5.811583
33	67	2.581917	0.482670	2.141107	5.205694
33	68	2.581917	0.565986	2.967810	6.115713
33	69	2.581917	0.428160	1.600228	4.610305
33	70	2.581917	0.428114	1.599774	4.609805
33	71	2.581917	0.419324	1.512556	4.513798
33	72	2.581917	0.418354	1.502930	4.503201
33	73	2.581917	0.482670	2.141107	5.205694
33	74	2.581917	0.416034	1.479908	4.477859
33	75	2.581917	0.464379	1.959617	5.005914
33	76	2.581917	0.435052	1.668621	4.685591
33	77	2.581917	0.466094	1.976635	5.024647
33	78	2.581917	0.493513	2.248699	5.324130
33	79	2.581917	0.488086	2.406706	5.476710
33	80	2.581917	0.518918	2.659664	5.760499
33	81	2.581917	0.469275	2.008200	5.059393
33	82	2.581917	0.516204	2.473846	5.571967
33	83	2.581917	0.495988	2.273258	5.351163
33	84	2.581917	0.532619	2.636729	5.751266
33	85	2.581917	0.569049	2.998201	6.149168
33	86	2.581917	0.418354	1.502930	4.503201
33	87	2.581917	0.445353	2.247500	5.274770
33	88	2.581917	0.488033	2.459138	5.529088
33	89	2.581917	0.371369	1.036720	3.990007
33	90	2.581917	0.428114	1.599774	4.609805
33	91	2.581917	0.556262	2.871328	6.009508
33	92	2.581917	0.526226	2.573293	5.681436
33	93	2.581917	0.435052	1.668621	4.685591
33	94	2.581917	0.505952	2.372118	5.459987
33	95	2.581917	0.473183	2.046970	5.102070
33	96	2.581917	0.425944	1.578241	4.586103
33	97	2.581917	0.431198	1.630373	4.643489
33	98	2.581917	0.464379	1.959617	5.005914
33	99	2.581917	0.447801	1.795121	4.824840
34	0	2.446099	0.435275	1.670833	4.552208
34	1	2.446099	0.456013	1.876598	4.778710
34	2	2.446099	0.462990	1.945829	4.854918
34	3	2.446099	0.460989	1.925975	4.833063
34	4	2.446099	0.582389	3.130567	6.159055
34	5	2.446099	0.525195	2.563060	5.534354
34	6	2.446099	0.460234	1.918484	4.824818
34	7	2.446099	0.575620	3.063400	6.085120
34	8	2.446099	0.566989	2.977764	5.990852
34	9	2.446099	0.540127	2.711222	5.697449
34	10	2.446099	0.442649	1.743996	4.632745
34	11	2.446099	0.542428	2.734057	5.722585
34	12	2.446099	0.503465	2.347445	5.297009
34	13	2.446099	0.447084	1.788001	4.681184
34	14	2.446099	0.566989	2.977764	5.990852
34	15	2.446099	0.524685	2.716893	5.687678
34	16	2.446099	0.520275	2.514240	5.480614
34	17	2.446099	0.532346	2.739945	5.718391
34	18	2.446099	0.522490	2.536220	5.504809
34	19	2.446099	0.566989	2.977764	5.990852
34	20	2.446099	0.478289	2.097635	5.022024
34	21	2.446099	0.460989	1.925975	4.833063
34	22	2.446099	0.462990	1.945829	4.854918
34	23	2.446099	0.540127	2.711222	5.697449
34	24	2.446099	0.462386	2.204653	5.113138
34	25	2.446099	0.578697	3.093938	6.118734
34	26	2.446099	0.462990	1.945829	4.854918
34	27	2.446099	0.465393	1.969678	4.881171
34	28	2.446099	0.447084	1.788001	4.681184
34	29	2.446099	0.453028	1.846987	4.746115
34	30	2.446099	0.375850	1.081189	3.903139
34	31	2.446099	0.443868	1.756093	4.646060
34	32	2.446099	0.445886	1.776121	4.668106
34	33	2.446099	0.535570	2.666011	5.647681
34	34	2.446099	0.487050	2.184566	5.117716
34	35	2.446099	0.545220	2.761759	5.753079
34	36	2.446099	0.492725	2.240878	5.179703
34	37	2.446099	0.453028	1.846987	4.746115
34	38	2.446099	0.564282	2.950900	5.961282
34	39	2.446099	0.534201	2.652427	5.632728
34	40	2.446099	0.599171	3.297089	6.342360
34	41	2.446099	0.582389	3.130567	6.159055
34	42	2.446099	0.526600	2.576999	5.549698
34	43	2.446099	0.578697	3.093938	6.118734
34	44	2.446099	0.514371	2.455657	5.416127
34	45	2.446099	0.437662	1.959332	4.843094
34	46	2.446099	0.485794	2.330993	5.262887
34	47	2.446099	0.532161	2.632183	5.610443
34	48	2.446099	0.488010	2.194091	5.128200
34	49	2.446099	0.494166	2.255179	5.195445
34	50	2.446099	0.566989	2.977764	5.990852
34	51	2.446099	0.533905	2.649486	5.629490
34	52	2.446099	0.432186	1.640179	4.518464
34	53	2.446099	0.405371	1.374112	4.225583
34	54	2.446099	0.494393	2.257432	5.197925
34	55	2.446099	0.540127	2.711222	5.697449
34	56	2.446099	0.506423	2.376793	5.329315
34	57	2.446099	0.432424	1.642544	4.521068
34	58	2.446099	0.582389	3.130567	6.159055
34	59	2.446099	0.478289	2.097635	5.022024
34	60	2.446099	0.447783	1.794940	4.688822
34	61	2.446099	0.476287	2.077769	5.000155
34	62	2.446099	0.460989	1.925975	4.833063
34	63	2.446099	0.387312	1.194918	4.028329
34	64	2.446099	0.525195	2.563060	5.534354
34	65	2.446099	0.497528	2.288537	5.232164
34	66	2.446099	0.566989	2.977764	5.990852
34	67	2.446099	0.490335	2.217159	5.153593
34	68	2.446099	0.545220	2.761759	5.753079
34	69	2.446099	0.553527	2.844186	5.843812
34	70	2.446099	0.545583	2.765363	5.757046
34	71	2.446099	0.405371	1.374112	4.225583
34	72	2.446099	0.474686	2.061885	4.982671
34	73	2.446099	0.494393	2.257432	5.197925
34	74	2.446099	0.443770	1.755120	4.644990
34	75	2.446099	0.402002	1.923279	4.771380
34	76	2.446099	0.447783	1.794940	4.688822
34	77	2.446099	0.547408	2.942358	5.935865
34	78	2.446099	0.446694	1.784138	4.676932
34	79	2.446099	0.432424	1.642544	4.521068
34	80	2.446099	0.457787	1.894204	4.798090
34	81	2.446099	0.387312	1.194918	4.028329
34	82	2.446099	0.375850	1.081189	3.903139
34	83	2.446099	0.494166	2.255179	5.195445
34	84	2.446099	0.575620	3.063400	6.085120
34	85	2.446099	0.503465	2.347445	5.297009
34	86	2.446099	0.476287	2.077769	5.000155
34	87	2.446099	0.534817	2.976318	5.957235
34	88	2.446099	0.460567	2.292532	5.199199
34	89	2.446099	0.524656	2.557709	5.528465
34	90	2.446099	0.532161	2.632183	5.610443
34	91	2.446099	0.456013	1.876598	4.778710
34	92	2.446099	0.525195	2.563060	5.534354
34	93	2.446099	0.492190	2.447419	5.385708
34	94	2.446099	0.506575	2.378302	5.330976
34	95	2.446099	0.457787	1.894204	4.798090
34	96	2.446099	0.435275	1.670833	4.552208
34	97	2.446099	0.435275	1.670833	4.552208
34	98	2.446099	0.432186	1.640179	4.518464
34	99	2.446099	0.460234	1.918484	4.824818
35	0	2.522226	0.537926	2.689388	5.749541
35	1	2.522226	0.534851	2.870730	5.927808
35	2	2.522226	0.474314	2.058199	5.054740
35	3	2.522226	0.555193	2.860715	5.938134
35	4	2.522226	0.478439	2.099124	5.099789
35	5	2.522226	0.575736	3.064557	6.162520
35	6	2.522226	0.478439	2.099124	5.099789
35	7	2.522226	0.487069	2.184752	5.194047
35	8	2.522226	0.475589	2.070846	5.068661
35	9	2.522226	0.508445	2.396854	5.427525
35	10	2.522226	0.508445	2.396854	5.427525
35	11	2.522226	0.442926	1.746746	4.711898
35	12	2.522226	0.561411	2.922411	6.006048
35	13	2.522226	0.524787	2.770866	5.817880
35	14	2.522226	0.474314	2.058199	5.054740
35	15	2.522226	0.474951	2.064514	5.061692
35	16	2.522226	0.487069	2.184752	5.194047
35	17	2.522226	0.467903	1.994586	4.984715
35	18	2.522226	0.426631	1.585056	4.533913
35	19	2.522226	0.475257	2.067552	5.065036
35	20	2.522226	0.496246	2.275817	5.294290
35	21	2.522226	0.436973	1.687677	4.646876
35	22	2.522226	0.462805	1.943997	4.929029
35	23	2.522226	0.448906	1.806079	4.777212
35	24	2.522226	0.436487	1.682855	4.641568
35	25	2.522226	0.465631	1.972033	4.959890
35	26	2.522226	0.487069	2.184752	5.194047
35	27	2.522226	0.507425	2.386738	5.416389
35	28	2.522226	0.475589	2.070846	5.068661
35	29	2.522226	0.460966	1.925752	4.908945
35	30	2.522226	0.508445	2.396854	5.427525
35	31	2.522226	0.438574	1.703565	4.664365
35	32	2.522226	0.462805	1.943997	4.929029
35	33	2.522226	0.436487	1.682855	4.641568
35	34	2.522226	0.445829	1.775549	4.743604
35	35	2.522226	0.507425	2.386738	5.416389
35	36	2.522226	0.582066	3.127367	6.231660
35	37	2.522226	0.438574	1.703565	4.664365
35	38	2.522226	0.461359	2.300397	5.283982
35	39	2.522226	0.358434	1.649867	4.530527
35	40	2.522226	0.536614	2.676367	5.735207
35	41	2.522226	0.601984	3.325001	6.449212
35	42	2.522226	0.475589	2.070846	5.068661
35	43	2.522226	0.421091	1.530089	4.473407
35	44	2.522226	0.536614	2.676367	5.735207
35	45	2.522226	0.575736	3.064557	6.162520
35	46	2.522226	0.544874	2.758324	5.825424
35	47	2.522226	0.536614	2.676367	5.735207
35	48	2.522226	0.481785	2.132323	5.136334
35	49	2.522226	0.505951	2.372114	5.400292
35	50	2.522226	0.442266	1.740195	4.704687
35	51	2.522226	0.578881	3.254652	6.355759
35	52	2.522226	0.582066	3.127367	6.231660
35	53	2.522226	0.555193	2.860715	5.938134
35	54	2.522226	0.525279	2.563893	5.611399
35	55	2.522226	0.475589	2.070846	5.068661
35	56	2.522226	0.484578	2.160041	5.166845
35	57	2.522226	0.449592	2.130674	5.102492
35	58	2.522226	0.468646	2.001957	4.992830
35	59	2.522226	0.474951	2.064514	5.061692
35	60	2.522226	0.525590	2.566978	5.614794
35	61	2.522226	0.430281	1.621278	4.573786
35	62	2.522226	0.445390	1.771197	4.738814
35	63	2.522226	0.468646	2.001957	4.992830
35	64	2.522226	0.575736	3.064557	6.162520
35	65	2.522226	0.582066	3.127367	6.231660
35	66	2.522226	0.507425	2.386738	5.416389
35	67	2.522226	0.448906	1.806079	4.777212
35	68	2.522226	0.442506	2.272215	5.236947
35	69	2.522226	0.433632	1.654524	4.610382
35	70	2.522226	0.475257	2.067552	5.065036
35	71	2.522226	0.436487	1.682855	4.641568
35	72	2.522226	0.481003	2.124568	5.127798
35	73	2.522226	0.547043	2.779853	5.849123
35	74	2.522226	0.421091	1.530089	4.473407
35	75	2.522226	0.465631	1.972033	4.959890
35	76	2.522226	0.561411	2.922411	6.006048
35	77	2.522226	0.465631	1.972033	4.959890
35	78	2.522226	0.465631	1.972033	4.959890
35	79	2.522226	0.468108	1.996620	4.986954
35	80	2.522226	0.468108	1.996620	4.986954
35	81	2.522226	0.571163	3.019179	6.112569
35	82	2.522226	0.436973	1.687677	4.646876
35	83	2.522226	0.536614	2.676367	5.735207
35	84	2.522226	0.433632	1.654524	4.610382
35	85	2.522226	0.430281	1.621278	4.573786
35	86	2.522226	0.445829	1.775549	4.743604
35	87	2.522226	0.508445	2.396854	5.427525
35	88	2.522226	0.437781	1.695697	4.655704
35	89	2.522226	0.460966	1.925752	4.908945
35	90	2.522226	0.572885	3.036269	6.131381
35	91	2.522226	0.474951	2.064514	5.061692
35	92	2.522226	0.485479	2.221945	5.229651
35	93	2.522226	0.384123	1.163273	4.069622
35	94	2.522226	0.545245	2.762003	5.829474
35	95	2.522226	0.514349	2.720257	5.756832
35	96	2.522226	0.481003	2.124568	5.127798
35	97	2.522226	0.501733	2.330255	5.354214
35	98	2.522226	0.543808	2.853672	5.919706
35	99	2.522226	0.441381	1.731422	4.695030
36	0	2.682688	0.463429	1.950188	5.096304
36	1	2.682688	0.438366	1.701501	4.822555
36	2	2.682688	0.533435	2.962605	6.178728
36	3	2.682688	0.548382	2.793135	6.024205
36	4	2.682688	0.515418	2.466052	5.664158
36	5	2.682688	0.512710	2.439181	5.634578
36	6	2.682688	0.438366	1.701501	4.822555
36	7	2.682688	0.441652	2.263740	5.388080
36	8	2.682688	0.450697	1.823854	4.957239
36	9	2.682688	0.515418	2.466052	5.664158
36	10	2.682688	0.521400	2.737264	5.941352
36	11	2.682688	0.507647	2.388944	5.579279
36	12	2.682688	0.628833	3.591412	6.902933
36	13	2.682688	0.438366	1.701501	4.822555
36	14	2.682688	0.549076	2.800023	6.031787
36	15	2.682688	0.507647	2.388944	5.579279
36	16	2.682688	0.518297	2.494619	5.695604
36	17	2.682688	0.511259	2.424783	5.618729
36	18	2.682688	0.469341	2.008852	5.160881
36	19	2.682688	0.505924	2.371840	5.560452
36	20	2.682688	0.474453	2.059569	5.216710
36	21	2.682688	0.528478	2.595632	5.806797
36	22	2.682688	0.479771	2.112338	5.274796
36	23	2.682688	0.573719	3.097501	6.353907
36	24	2.682688	0.491766	2.231364	5.405818
36	25	2.682688	0.459887	1.915044	5.057619
36	26	2.682688	0.463429	1.950188	5.096304
36	27	2.682688	0.393244	1.253782	4.329714
36	28	2.682688	0.529425	2.816884	6.028996
36	29	2.682688	0.439690	1.714633	4.837011
36	30	2.682688	0.529425	2.816884	6.028996
36	31	2.682688	0.518297	2.494619	5.695604
36	32	2.682688	0.442098	1.738527	4.863313
36	33	2.682688	0.549076	2.800023	6.031787
36	34	2.682688	0.521259	2.524009	5.727956
36	35	2.682688	0.492262	2.236281	5.411231
36	36	2.682688	0.478955	2.104247	5.265890
36	37	2.682688	0.511259	2.424783	5.618729
36	38	2.682688	0.503016	2.607812	5.793515
36	39	2.682688	0.478955	2.104247	5.265890
36	40	2.682688	0.479771	2.112338	5.274796
36	41	2.682688	0.511259	2.424783	5.618729
36	42	2.682688	0.436533	1.683315	4.802536
36	43	2.682688	0.458498	1.901264	5.042450
36	44	2.682688	0.481515	2.129648	5.293850
36	45	2.682688	0.459887	1.915044	5.057619
36	46	2.682688	0.462916	1.945102	5.090706
36	47	2.682688	0.522453	2.747706	5.952846
36	48	2.682688	0.514444	2.456385	5.653517
36	49	2.682688	0.518063	2.492297	5.693047
36	50	2.682688	0.549034	2.799607	6.031329
36	51	2.682688	0.486503	2.179138	5.348329
36	52	2.682688	0.512710	2.439181	5.634578
36	53	2.682688	0.617587	3.479822	6.780097
36	54	2.682688	0.548382	2.793135	6.024205
36	55	2.682688	0.442036	1.737916	4.862640
36	56	2.682688	0.477713	2.091923	5.252324
36	57	2.682688	0.450111	1.818038	4.950836
36	58	2.682688	0.498136	2.294572	5.475397
36	59	2.682688	0.444991	1.767235	4.894914
36	60	2.682688	0.480544	2.120015	5.283246
36	61	2.682688	0.454457	1.861168	4.998313
36	62	2.682688	0.470747	2.022799	5.176233
36	63	2.682688	0.509169	2.404041	5.595897
36	64	2.682688	0.499600	2.309092	5.491380
36	65	2.682688	0.462916	1.945102	5.090706
36	66	2.682688	0.515084	2.462730	5.660501
36	67	2.682688	0.492262	2.236281	5.411231
36	68	2.682688	0.477713	2.091923	5.252324
36	69	2.682688	0.439690	1.714633	4.837011
36	70	2.682688	0.491914	2.232835	5.407437
36	71	2.682688	0.538647	2.696544	5.917879
36	72	2.682688	0.507647	2.388944	5.579279
36	73	2.682688	0.551037	2.978373	6.212098
36	74	2.682688	0.509650	2.408816	5.601153
36	75	2.682688	0.439690	1.714633	4.837011
36	76	2.682688	0.499600	2.309092	5.491380
36	77	2.682688	0.380268	1.125020	4.187975
36	78	2.682688	0.458498	1.901264	5.042450
36	79	2.682688	0.431216	1.630555	4.744458
36	80	2.682688	0.505924	2.371840	5.560452
36	81	2.682688	0.511259	2.424783	5.618729
36	82	2.682688	0.450697	1.823854	4.957239
36	83	2.682688	0.512710	2.439181	5.634578
36	84	2.682688	0.469341	2.008852	5.160881
36	85	2.682688	0.549034	2.799607	6.031329
36	86	2.682688	0.479771	2.112338	5.274796
36	87	2.682688	0.553879	2.847674	6.084241
36	88	2.682688	0.617587	3.479822	6.780097
36	89	2.682688	0.477713	2.091923	5.252324
36	90	2.682688	0.431495	1.633323	4.747505
36	91	2.682688	0.431495	1.633323	4.747505
36	92	2.682688	0.486828	2.447180	5.616695
36	93	2.682688	0.499600	2.309092	5.491380
36	94	2.682688	0.485206	2.166273	5.334167
36	95	2.682688	0.436533	1.683315	4.802536
36	96	2.682688	0.459887	1.915044	5.057619
36	97	2.682688	0.617715	3.481089	6.781491
36	98	2.682688	0.474250	2.057556	5.214494
36	99	2.682688	0.469341	2.008852	5.160881
37	0	2.591022	0.396693	1.288003	4.275719
37	1	2.591022	0.534818	2.658543	5.784383
37	2	2.591022	0.449245	1.809449	4.849716
37	3	2.591022	0.496470	2.278038	5.365530
37	4	2.591022	0.386355	1.185418	4.162795
37	5	2.591022	0.467201	1.987614	5.045837
37	6	2.591022	0.566668	2.974580	6.132270
37	7	2.591022	0.465330	1.969054	5.025407
37	8	2.591022	0.445410	1.771391	4.807823
37	9	2.591022	0.499050	2.303642	5.393714
37	10	2.591022	0.504706	2.359756	5.455484
37	11	2.591022	0.482347	2.137900	5.211269
37	12	2.591022	0.546207	2.771552	5.908781
37	13	2.591022	0.445618	1.773463	4.810103
37	14	2.591022	0.521022	2.521658	5.633703
37	15	2.591022	0.540162	2.764539	5.895724
37	16	2.591022	0.572657	3.033999	6.197678
37	17	2.591022	0.458082	1.897129	4.946233
37	18	2.591022	0.467201	1.987614	5.045837
37	19	2.591022	0.555037	2.859169	6.005228
37	20	2.591022	0.549870	2.807903	5.948796
37	21	2.591022	0.450902	1.825892	4.867816
37	22	2.591022	0.484570	2.159956	5.235548
37	23	2.591022	0.501851	2.331434	5.424307
37	24	2.591022	0.517224	2.483973	5.592220
37	25	2.591022	0.454496	1.861551	4.907069
37	26	2.591022	0.557626	2.884862	6.033510
37	27	2.591022	0.484570	2.159956	5.235548
37	28	2.591022	0.499211	2.411165	5.501398
37	29	2.591022	0.513847	2.662317	5.767186
37	30	2.591022	0.466902	1.984653	5.042578
37	31	2.591022	0.548900	3.010133	6.150056
37	32	2.591022	0.454496	1.861551	4.907069
37	33	2.591022	0.499102	2.304153	5.394277
37	34	2.591022	0.501128	2.324254	5.416404
37	35	2.591022	0.537646	2.686605	5.815273
37	36	2.591022	0.557900	2.887577	6.036499
37	37	2.591022	0.545172	2.761281	5.897475
37	38	2.591022	0.454496	1.861551	4.907069
37	39	2.591022	0.448803	1.805059	4.844884
37	40	2.591022	0.510409	2.416351	5.517782
37	41	2.591022	0.467201	1.987614	5.045837
37	42	2.591022	0.557626	2.884862	6.033510
37	43	2.591022	0.434917	1.667277	4.693216
37	44	2.591022	0.445618	1.773463	4.810103
37	45	2.591022	0.523352	2.544777	5.659151
37	46	2.591022	0.498690	2.300068	5.389780
37	47	2.591022	0.499050	2.303642	5.393714
37	48	2.591022	0.505683	2.369453	5.466158
37	49	2.591022	0.499102	2.304153	5.394277
37	50	2.591022	0.476043	2.075355	5.142421
37	51	2.591022	0.553197	2.840916	5.985135
37	52	2.591022	0.491892	2.232613	5.315527
37	53	2.591022	0.583085	3.137476	6.311583
37	54	2.591022	0.490396	2.217765	5.299183
37	55	2.591022	0.557900	2.887577	6.036499
37	56	2.591022	0.484570	2.159956	5.235548
37	57	2.591022	0.537646	2.686605	5.815273
37	58	2.591022	0.465330	1.969054	5.025407
37	59	2.591022	0.523352	2.544777	5.659151
37	60	2.591022	0.521022	2.521658	5.633703
37	61	2.591022	0.505773	2.370350	5.467146
37	62	2.591022	0.477685	2.091646	5.160354
37	63	2.591022	0.515738	2.469222	5.575982
37	64	2.591022	0.562834	3.095430	6.249287
37	65	2.591022	0.553197	2.840916	5.985135
37	66	2.591022	0.434917	1.667277	4.693216
37	67	2.591022	0.539625	2.706245	5.836892
37	68	2.591022	0.502155	2.334451	5.427629
37	69	2.591022	0.455705	1.873550	4.920277
37	70	2.591022	0.493382	2.247398	5.331802
37	71	2.591022	0.510409	2.416351	5.517782
37	72	2.591022	0.551294	2.822024	5.964339
37	73	2.591022	0.458082	1.897129	4.946233
37	74	2.591022	0.557900	2.887577	6.036499
37	75	2.591022	0.549909	3.126073	6.267004
37	76	2.591022	0.504750	2.677976	5.773748
37	77	2.591022	0.463889	2.378460	5.433371
37	78	2.591022	0.488513	2.199085	5.278620
37	79	2.591022	0.499744	2.310523	5.401289
37	80	2.591022	0.539625	2.706245	5.836892
37	81	2.591022	0.434917	1.667277	4.693216
37	82	2.591022	0.517224	2.483973	5.592220
37	83	2.591022	0.443706	2.231163	5.265892
37	84	2.591022	0.543887	2.748535	5.883444
37	85	2.591022	0.490396	2.217765	5.299183
37	86	2.591022	0.490396	2.217765	5.299183
37	87	2.591022	0.557626	2.884862	6.033510
37	88	2.591022	0.445618	1.773463	4.810103
37	89	2.591022	0.510450	2.416758	5.518230
37	90	2.591022	0.603442	3.339467	6.533932
37	91	2.591022	0.485706	2.171236	5.247964
37	92	2.591022	0.572657	3.033999	6.197678
37	93	2.591022	0.451102	1.827871	4.869995
37	94	2.591022	0.490396	2.217765	5.299183
37	95	2.591022	0.509664	2.408960	5.509646
37	96	2.591022	0.465628	1.972012	5.028662
37	97	2.591022	0.474471	2.324572	5.390065
37	98	2.591022	0.494928	2.262735	5.348685
37	99	2.591022	0.543548	2.745169	5.879739
38	0	2.578302	0.460914	1.925235	4.964451
38	1	2.578302	0.489444	2.208326	5.276072
38	2	2.578302	0.545099	2.866485	5.989886
38	3	2.578302	0.511623	2.428391	5.518316
38	4	2.578302	0.410430	1.424310	4.413042
38	5	2.578302	0.460914	1.925235	4.964451
38	6	2.578302	0.385401	1.175956	4.139659
38	7	2.578302	0.457642	1.892765	4.928709
38	8	2.578302	0.528472	2.595573	5.702347
38	9	2.578302	0.489477	2.208651	5.276430
38	10	2.578302	0.469644	2.011861	5.059807
38	11	2.578302	0.428894	1.607518	4.614715
38	12	2.578302	0.432217	1.640485	4.651004
38	13	2.578302	0.518501	2.655529	5.752332
38	14	2.578302	0.385401	1.175956	4.139659
38	15	2.578302	0.440275	1.720445	4.739023
38	16	2.578302	0.503547	2.613074	5.694923
38	17	2.578302	0.495070	2.264148	5.337520
38	18	2.578302	0.403356	1.354114	4.335772
38	19	2.578302	0.429181	1.610362	4.617845
38	20	2.578302	0.557570	2.884304	6.020176
38	21	2.578302	0.565539	2.963379	6.107220
38	22	2.578302	0.429181	1.610362	4.617845
38	23	2.578302	0.482446	2.138885	5.199633
38	24	2.578302	0.512462	2.436720	5.527485
38	25	2.578302	0.545099	2.866485	5.989886
38	26	2.578302	0.467379	1.989381	5.035062
38	27	2.578302	0.594645	3.252182	6.425130
38	28	2.578302	0.429181	1.610362	4.617845
38	29	2.578302	0.446687	1.784070	4.809059
38	30	2.578302	0.467379	1.989381	5.035062
38	31	2.578302	0.484191	2.156196	5.218688
38	32	2.578302	0.422726	1.546309	4.547337
38	33	2.578302	0.481114	2.125672	5.185089
38	34	2.578302	0.487074	2.184806	5.250183
38	35	2.578302	0.503547	2.613074	5.694923
38	36	2.578302	0.565539	2.963379	6.107220
38	37	2.578302	0.429181	1.610362	4.617845
38	38	2.578302	0.518501	2.655529	5.752332
38	39	2.578302	0.370359	1.715226	4.663887
38	40	2.578302	0.506128	2.373865	5.458295
38	41	2.578302	0.491351	2.227245	5.296898
38	42	2.578302	0.477964	2.094412	5.150678
38	43	2.578302	0.497691	2.502006	5.577999
38	44	2.578302	0.497273	2.286002	5.361576
38	45	2.578302	0.422726	1.546309	4.547337
38	46	2.578302	0.495070	2.264148	5.337520
38	47	2.578302	0.484222	2.156504	5.219027
38	48	2.578302	0.410430	1.424310	4.413042
38	49	2.578302	0.487074	2.184806	5.250183
38	50	2.578302	0.428894	1.607518	4.614715
38	51	2.578302	0.534112	2.651544	5.763958
38	52	2.578302	0.437723	1.695123	4.711148
38	53	2.578302	0.457642	1.892765	4.928709
38	54	2.578302	0.403356	1.354114	4.335772
38	55	2.578302	0.423926	2.140818	5.143045
38	56	2.578302	0.440275	1.720445	4.739023
38	57	2.578302	0.477008	2.084923	5.140232
38	58	2.578302	0.477008	2.084923	5.140232
38	59	2.578302	0.487074	2.184806	5.250183
38	60	2.578302	0.564603	2.954091	6.096996
38	61	2.578302	0.432217	1.640485	4.651004
38	62	2.578302	0.530437	2.615073	5.723812
38	63	2.578302	0.457642	1.892765	4.928709
38	64	2.578302	0.506128	2.373865	5.458295
38	65	2.578302	0.465233	1.968089	5.011624
38	66	2.578302	0.512462	2.436720	5.527485
38	67	2.578302	0.512462	2.436720	5.527485
38	68	2.578302	0.482774	2.142136	5.203212
38	69	2.578302	0.509435	2.512607	5.600344
38	70	2.578302	0.482446	2.138885	5.199633
38	71	2.578302	0.429157	1.610129	4.617589
38	72	2.578302	0.497273	2.286002	5.361576
38	73	2.578302	0.488668	2.200619	5.267588
38	74	2.578302	0.499769	2.310773	5.388844
38	75	2.578302	0.528472	2.595573	5.702347
38	76	2.578302	0.460914	1.925235	4.964451
38	77	2.578302	0.506703	2.379575	5.464581
38	78	2.578302	0.437723	1.695123	4.711148
38	79	2.578302	0.437723	1.695123	4.711148
38	80	2.578302	0.591309	3.219078	6.388689
38	81	2.578302	0.465233	1.968089	5.011624
38	82	2.578302	0.488668	2.200619	5.267588
38	83	2.578302	0.506128	2.373865	5.458295
38	84	2.578302	0.429157	1.610129	4.617589
38	85	2.578302	0.503821	2.350982	5.433105
38	86	2.578302	0.564603	2.954091	6.096996
38	87	2.578302	0.565539	2.963379	6.107220
38	88	2.578302	0.549333	2.802569	5.930204
38	89	2.578302	0.482446	2.138885	5.199633
38	90	2.578302	0.446687	1.784070	4.809059
38	91	2.578302	0.477129	2.086129	5.141560
38	92	2.578302	0.465233	1.968089	5.011624
38	93	2.578302	0.428894	1.607518	4.614715
38	94	2.578302	0.559842	2.906842	6.044986
38	95	2.578302	0.428894	1.607518	4.614715
38	96	2.578302	0.529015	2.600963	5.708280
38	97	2.578302	0.483908	2.153391	5.215601
38	98	2.578302	0.512462	2.436720	5.527485
38	99	2.578302	0.529015	2.600963	5.708280
39	0	2.602091	0.473205	2.047193	5.122489
39	1	2.602091	0.467927	2.312605	5.382623
39	2	2.602091	0.487120	2.185262	5.274473
39	3	2.602091	0.434447	1.662617	4.699155
39	4	2.602091	0.443412	1.751570	4.797073
39	5	2.602091	0.590059	3.206670	6.398820
39	6	2.602091	0.507473	2.440180	5.549744
39	7	2.602091	0.496538	2.278714	5.377344
39	8	2.602091	0.590059	3.206670	6.398820
39	9	2.602091	0.552641	2.835399	5.990132
39	10	2.602091	0.482549	2.139904	5.224544
39	11	2.602091	0.456849	1.884903	4.943843
39	12	2.602091	0.474628	2.061312	5.138032
39	13	2.602091	0.464123	1.957070	5.023284
39	14	2.602091	0.459705	1.913238	4.975034
39	15	2.602091	0.477849	2.093271	5.173211
39	16	2.602091	0.440675	1.724414	4.767181
39	17	2.602091	0.496538	2.278714	5.377344
39	18	2.602091	0.554186	2.850727	6.007005
39	19	2.602091	0.550679	2.815922	5.968692
39	20	2.602091	0.484003	2.154338	5.240432
39	21	2.602091	0.497612	2.289366	5.389069
39	22	2.602091	0.442979	1.747276	4.792346
39	23	2.602091	0.499286	2.411902	5.513279
39	24	2.602091	0.474628	2.061312	5.138032
39	25	2.602091	0.559207	2.900546	6.061844
39	26	2.602091	0.538221	2.692316	5.832628
39	27	2.602091	0.506727	2.379817	5.488635
39	28	2.602091	0.497612	2.289366	5.389069
39	29	2.602091	0.485761	2.171781	5.259633
39	30	2.602091	0.506727	2.379817	5.488635
39	31	2.602091	0.451078	1.827632	4.880800
39	32	2.602091	0.482549	2.139904	5.224544
39	33	2.602091	0.554186	2.850727	6.007005
39	34	2.602091	0.496763	2.280946	5.379800
39	35	2.602091	0.481775	2.132229	5.216095
39	36	2.602091	0.434447	1.662617	4.699155
39	37	2.602091	0.486516	2.179273	5.267880
39	38	2.602091	0.490785	2.221626	5.314502
39	39	2.602091	0.483142	2.145791	5.231024
39	40	2.602091	0.477849	2.093271	5.173211
39	41	2.602091	0.459402	2.122088	5.183582
39	42	2.602091	0.451078	1.827632	4.880800
39	43	2.602091	0.568368	2.991440	6.161899
39	44	2.602091	0.506982	2.382345	5.491418
39	45	2.602091	0.594579	3.251519	6.448189
39	46	2.602091	0.434447	1.662617	4.699155
39	47	2.602091	0.500981	2.322802	5.425874
39	48	2.602091	0.456849	1.884903	4.943843
39	49	2.602091	0.408814	1.408274	4.419179
39	50	2.602091	0.534136	2.810670	5.946898
39	51	2.602091	0.429408	1.612611	4.644110
39	52	2.602091	0.451078	1.827632	4.880800
39	53	2.602091	0.457243	1.888803	4.948137
39	54	2.602091	0.456849	1.884903	4.943843
39	55	2.602091	0.517678	2.488473	5.608242
39	56	2.602091	0.534136	2.810670	5.946898
39	57	2.602091	0.473205	2.047193	5.122489
39	58	2.602091	0.459901	1.915179	4.977171
39	59	2.602091	0.527447	2.585404	5.714942
39	60	2.602091	0.475393	2.492606	5.570090
39	61	2.602091	0.524990	2.561022	5.688103
39	62	2.602091	0.481775	2.132229	5.216095
39	63	2.602091	0.491239	2.226133	5.319463
39	64	2.602091	0.496763	2.280946	5.379800
39	65	2.602091	0.436983	1.687774	4.726847
39	66	2.602091	0.496538	2.278714	5.377344
39	67	2.602091	0.440675	1.724414	4.767181
39	68	2.602091	0.459901	1.915179	4.977171
39	69	2.602091	0.546132	2.770804	5.919027
39	70	2.602091	0.493089	2.509304	5.604484
39	71	2.602091	0.537251	2.682683	5.822025
39	72	2.602091	0.549859	2.966685	6.118635
39	73	2.602091	0.527067	2.581633	5.710791
39	74	2.602091	0.552641	2.835399	5.990132
39	75	2.602091	0.482549	2.139904	5.224544
39	76	2.602091	0.490785	2.221626	5.314502
39	77	2.602091	0.534293	2.812226	5.948610
39	78	2.602091	0.469577	2.011191	5.082860
39	79	2.602091	0.429408	1.612611	4.644110
39	80	2.602091	0.408814	1.408274	4.419179
39	81	2.602091	0.534233	2.652739	5.789063
39	82	2.602091	0.559207	2.900546	6.061844
39	83	2.602091	0.469577	2.011191	5.082860
39	84	2.602091	0.464123	1.957070	5.023284
39	85	2.602091	0.419825	1.517526	4.539442
39	86	2.602091	0.446634	1.783537	4.832261
39	87	2.602091	0.476827	2.083127	5.162045
39	88	2.602091	0.429408	1.612611	4.644110
39	89	2.602091	0.474628	2.061312	5.138032
39	90	2.602091	0.457243	1.888803	4.948137
39	91	2.602091	0.487120	2.185262	5.274473
39	92	2.602091	0.527067	2.581633	5.710791
39	93	2.602091	0.496763	2.280946	5.379800
39	94	2.602091	0.459705	1.913238	4.975034
39	95	2.602091	0.462151	1.937508	5.001750
39	96	2.602091	0.436983	1.687774	4.726847
39	97	2.602091	0.464123	1.957070	5.023284
39	98	2.602091	0.476827	2.083127	5.162045
39	99	2.602091	0.419825	1.517526	4.539442
40	0	2.646000	0.551835	2.827401	6.025236
40	1	2.646000	0.431612	1.634482	4.712093
40	2	2.646000	0.470070	2.016083	5.132153
40	3	2.646000	0.513360	2.445627	5.604987
40	4	2.646000	0.478938	2.104078	5.229016
40	5	2.646000	0.430805	1.626472	4.703276
40	6	2.646000	0.430608	1.624524	4.701132
40	7	2.646000	0.414851	1.468175	4.529026
40	8	2.646000	0.602202	3.327158	6.575359
40	9	2.646000	0.486046	2.174608	5.306654
40	10	2.646000	0.457523	1.891584	4.995107
40	11	2.646000	0.492235	2.236015	5.374250
40	12	2.646000	0.514395	2.455896	5.616290
40	13	2.646000	0.487103	2.555841	5.688943
40	14	2.646000	0.464479	1.960602	5.071080
40	15	2.646000	0.483257	2.146933	5.276190
40	16	2.646000	0.452710	1.843827	4.942536
40	17	2.646000	0.455825	1.874734	4.976558
40	18	2.646000	0.470814	2.023465	5.140279
40	19	2.646000	0.513360	2.445627	5.604987
40	20	2.646000	0.469692	2.012335	5.128027
40	21	2.646000	0.375459	1.712869	4.734328
40	22	2.646000	0.483257	2.146933	5.276190
40	23	2.646000	0.540499	2.714919	5.901418
40	24	2.646000	0.448189	1.798969	4.893158
40	25	2.646000	0.505955	2.372156	5.524111
40	26	2.646000	0.513360	2.445627	5.604987
40	27	2.646000	0.470855	2.023871	5.140726
40	28	2.646000	0.430608	1.624524	4.701132
40	29	2.646000	0.498145	2.294661	5.438805
40	30	2.646000	0.469692	2.012335	5.128027
40	31	2.646000	0.468230	1.997827	5.112057
40	32	2.646000	0.474897	2.063975	5.184872
40	33	2.646000	0.581381	3.120565	6.347946
40	34	2.646000	0.534907	2.659424	5.840331
40	35	2.646000	0.452710	1.843827	4.942536
40	36	2.646000	0.439174	1.709513	4.794686
40	37	2.646000	0.433979	1.657966	4.737944
40	38	2.646000	0.470127	2.016653	5.132780
40	39	2.646000	0.492235	2.236015	5.374250
40	40	2.646000	0.518193	2.705434	5.869626
40	41	2.646000	0.462357	1.939551	5.047908
40	42	2.646000	0.472116	2.036388	5.154504
40	43	2.646000	0.423142	1.550440	4.619582
40	44	2.646000	0.540499	2.714919	5.901418
40	45	2.646000	0.494578	2.259267	5.399845
40	46	2.646000	0.471652	2.031779	5.149431
40	47	2.646000	0.386295	1.184827	4.217122
40	48	2.646000	0.500786	2.426795	5.573581
40	49	2.646000	0.470070	2.016083	5.132153
40	50	2.646000	0.572553	3.032974	6.251527
40	51	2.646000	0.505768	2.529189	5.680957
40	52	2.646000	0.546667	2.776117	5.968784
40	53	2.646000	0.516281	2.474615	5.636895
40	54	2.646000	0.453564	1.852307	4.951871
40	55	2.646000	0.572553	3.032974	6.251527
40	56	2.646000	0.433099	1.649235	4.728333
40	57	2.646000	0.514395	2.455896	5.616290
40	58	2.646000	0.470814	2.023465	5.140279
40	59	2.646000	0.513360	2.445627	5.604987
40	60	2.646000	0.503113	2.343954	5.493067
40	61	2.646000	0.478301	2.097752	5.222052
40	62	2.646000	0.471652	2.031779	5.149431
40	63	2.646000	0.503214	2.344954	5.494167
40	64	2.646000	0.386295	1.184827	4.217122
40	65	2.646000	0.473750	2.423342	5.543091
40	66	2.646000	0.505955	2.372156	5.524111
40	67	2.646000	0.424349	1.562414	4.632763
40	68	2.646000	0.455825	1.874734	4.976558
40	69	2.646000	0.386295	1.184827	4.217122
40	70	2.646000	0.575194	3.059172	6.280366
40	71	2.646000	0.522501	2.536326	5.704826
40	72	2.646000	0.429745	1.615958	4.691703
40	73	2.646000	0.474897	2.063975	5.184872
40	74	2.646000	0.433463	1.652849	4.732312
40	75	2.646000	0.522501	2.536326	5.704826
40	76	2.646000	0.438117	2.122743	5.206860
40	77	2.646000	0.478938	2.104078	5.229016
40	78	2.646000	0.430805	1.626472	4.703276
40	79	2.646000	0.438117	2.122743	5.206860
40	80	2.646000	0.558850	2.897007	6.101857
40	81	2.646000	0.386295	1.184827	4.217122
40	82	2.646000	0.486748	2.181572	5.314320
40	83	2.646000	0.539821	2.814111	5.999931
40	84	2.646000	0.429745	1.615958	4.691703
40	85	2.646000	0.423142	1.550440	4.619582
40	86	2.646000	0.431612	1.634482	4.712093
40	87	2.646000	0.414851	1.468175	4.529026
40	88	2.646000	0.503214	2.344954	5.494167
40	89	2.646000	0.470070	2.016083	5.132153
40	90	2.646000	0.448189	1.798969	4.893158
40	91	2.646000	0.568776	2.995497	6.210273
40	92	2.646000	0.468577	2.001272	5.115849
40	93	2.646000	0.494578	2.259267	5.399845
40	94	2.646000	0.430608	1.624524	4.701132
40	95	2.646000	0.500783	2.320829	5.467611
40	96	2.646000	0.523850	2.761565	5.931415
40	97	2.646000	0.521751	2.528892	5.696643
40	98	2.646000	0.514395	2.455896	5.616290
40	99	2.646000	0.483257	2.146933	5.276190
41	0	2.650605	0.488590	2.199850	5.339045
41	1	2.650605	0.514499	2.456932	5.622036
41	2	2.650605	0.451564	1.832454	4.934623
41	3	2.650605	0.450121	1.818138	4.918864
41	4	2.650605	0.490753	2.221314	5.362672
41	5	2.650605	0.486488	2.178991	5.316084
41	6	2.650605	0.432190	1.640219	4.723014
41	7	2.650605	0.537267	2.682842	5.870714
41	8	2.650605	0.417571	1.495160	4.563336
41	9	2.650605	0.586321	3.169581	6.406507
41	10	2.650605	0.546779	2.777226	5.974610
41	11	2.650605	0.476908	2.083934	5.211447
41	12	2.650605	0.470080	2.016181	5.136866
41	13	2.650605	0.518107	2.492732	5.661444
41	14	2.650605	0.432190	1.640219	4.723014
41	15	2.650605	0.462539	1.941353	5.054497
41	16	2.650605	0.529923	2.609975	5.790503
41	17	2.650605	0.505964	2.372244	5.528814
41	18	2.650605	0.522536	2.695566	5.868707
41	19	2.650605	0.457393	1.890299	4.998297
41	20	2.650605	0.494241	2.255925	5.400772
41	21	2.650605	0.494616	2.259644	5.404865
41	22	2.650605	0.444983	2.296792	5.392380
41	23	2.650605	0.566244	2.970368	6.187217
41	24	2.650605	0.527721	2.588130	5.766457
41	25	2.650605	0.460609	1.922207	5.033421
41	26	2.650605	0.546779	2.777226	5.974610
41	27	2.650605	0.535715	2.667448	5.853769
41	28	2.650605	0.480807	2.493367	5.624779
41	29	2.650605	0.613518	3.439447	6.703570
41	30	2.650605	0.518107	2.492732	5.661444
41	31	2.650605	0.504872	2.361411	5.516888
41	32	2.650605	0.452006	1.836840	4.939451
41	33	2.650605	0.551864	2.827688	6.030157
41	34	2.650605	0.473604	2.051146	5.175354
41	35	2.650605	0.437919	1.697070	4.785594
41	36	2.650605	0.594763	3.253351	6.498719
41	37	2.650605	0.462539	1.941353	5.054497
41	38	2.650605	0.518107	2.492732	5.661444
41	39	2.650605	0.420229	1.521536	4.592370
41	40	2.650605	0.490753	2.221314	5.362672
41	41	2.650605	0.519403	2.558556	5.728564
41	42	2.650605	0.466663	1.982277	5.099545
41	43	2.650605	0.518372	2.495359	5.664336
41	44	2.650605	0.417571	1.495160	4.563336
41	45	2.650605	0.494616	2.259644	5.404865
41	46	2.650605	0.470080	2.016181	5.136866
41	47	2.650605	0.457393	1.890299	4.998297
41	48	2.650605	0.537267	2.682842	5.870714
41	49	2.650605	0.442548	1.742993	4.836146
41	50	2.650605	0.541008	2.719970	5.911584
41	51	2.650605	0.514499	2.456932	5.622036
41	52	2.650605	0.450121	1.818138	4.918864
41	53	2.650605	0.531573	2.626343	5.808520
41	54	2.650605	0.542495	2.999539	6.192639
41	55	2.650605	0.529467	2.605451	5.785523
41	56	2.650605	0.388294	1.204663	4.243562
41	57	2.650605	0.433802	1.656215	4.740623
41	58	2.650605	0.546779	2.777226	5.974610
41	59	2.650605	0.462539	1.941353	5.054497
41	60	2.650605	0.518107	2.492732	5.661444
41	61	2.650605	0.546779	2.777226	5.974610
41	62	2.650605	0.594763	3.253351	6.498719
41	63	2.650605	0.485481	2.169001	5.305088
41	64	2.650605	0.525021	2.561332	5.736958
41	65	2.650605	0.518372	2.495359	5.664336
41	66	2.650605	0.594763	3.253351	6.498719
41	67	2.650605	0.473604	2.051146	5.175354
41	68	2.650605	0.505964	2.372244	5.528814
41	69	2.650605	0.450121	1.818138	4.918864
41	70	2.650605	0.432190	1.640219	4.723014
41	71	2.650605	0.417571	1.495160	4.563336
41	72	2.650605	0.504314	2.355868	5.510787
41	73	2.650605	0.551864	2.827688	6.030157
41	74	2.650605	0.450121	1.818138	4.918864
41	75	2.650605	0.585882	3.218193	6.454680
41	76	2.650605	0.442548	1.742993	4.836146
41	77	2.650605	0.485873	2.172885	5.309363
41	78	2.650605	0.494616	2.259644	5.404865
41	79	2.650605	0.462539	1.941353	5.054497
41	80	2.650605	0.594173	3.247492	6.492270
41	81	2.650605	0.529467	2.605451	5.785523
41	82	2.650605	0.476904	2.083891	5.211399
41	83	2.650605	0.483041	2.144789	5.278435
41	84	2.650605	0.444731	1.764656	4.859992
41	85	2.650605	0.388294	1.204663	4.243562
41	86	2.650605	0.477879	2.093570	5.222054
41	87	2.650605	0.510897	2.421194	5.582697
41	88	2.650605	0.518515	2.496783	5.665903
41	89	2.650605	0.542785	2.737594	5.930984
41	90	2.650605	0.490753	2.221314	5.362672
41	91	2.650605	0.518372	2.495359	5.664336
41	92	2.650605	0.594763	3.253351	6.498719
41	93	2.650605	0.539735	2.707336	5.897676
41	94	2.650605	0.444731	1.764656	4.859992
41	95	2.650605	0.442548	1.742993	4.836146
41	96	2.650605	0.504314	2.355868	5.510787
41	97	2.650605	0.488046	2.353337	5.491988
41	98	2.650605	0.444731	1.764656	4.859992
41	99	2.650605	0.433802	1.656215	4.740623
42	0	2.613037	0.519880	2.510321	5.643237
42	1	2.613037	0.437283	1.690755	4.741075
42	2	2.613037	0.455275	1.869281	4.937593
42	3	2.613037	0.508040	2.392842	5.513919
42	4	2.613037	0.442552	1.743034	4.798622
42	5	2.613037	0.437283	1.690755	4.741075
42	6	2.613037	0.376524	1.829365	4.818926
42	7	2.613037	0.586665	3.172996	6.372698
42	8	2.613037	0.512470	2.436800	5.562307
42	9	2.613037	0.518842	2.500020	5.631899
42	10	2.613037	0.500749	2.532354	5.646140
42	11	2.613037	0.440354	1.721230	4.774622
42	12	2.613037	0.535238	2.821601	5.969876
42	13	2.613037	0.478271	2.097456	5.188763
42	14	2.613037	0.458342	1.899709	4.971088
42	15	2.613037	0.442552	1.743034	4.798622
42	16	2.613037	0.532747	2.796889	5.942673
42	17	2.613037	0.514158	2.453551	5.580746
42	18	2.613037	0.485171	2.165923	5.264131
42	19	2.613037	0.455275	1.869281	4.937593
42	20	2.613037	0.525349	2.564592	5.702978
42	21	2.613037	0.511234	2.424531	5.548802
42	22	2.613037	0.485049	2.164713	5.262799
42	23	2.613037	0.455275	1.869281	4.937593
42	24	2.613037	0.478983	2.528232	5.620252
42	25	2.613037	0.486155	2.175685	5.274877
42	26	2.613037	0.512058	2.432714	5.557810
42	27	2.613037	0.511234	2.424531	5.548802
42	28	2.613037	0.465729	1.973006	5.051772
42	29	2.613037	0.485669	2.170861	5.269567
42	30	2.613037	0.481861	2.133084	5.227982
42	31	2.613037	0.499113	2.304258	5.416407
42	32	2.613037	0.509859	2.410887	5.533783
42	33	2.613037	0.512167	2.433792	5.558996
42	34	2.613037	0.504535	2.358064	5.475636
42	35	2.613037	0.504535	2.358064	5.475636
42	36	2.613037	0.478688	2.101596	5.193321
42	37	2.613037	0.520684	2.836080	5.969801
42	38	2.613037	0.531716	2.627769	5.772522
42	39	2.613037	0.436247	1.680474	4.729758
42	40	2.613037	0.391214	1.233637	4.237888
42	41	2.613037	0.436247	1.680474	4.729758
42	42	2.613037	0.526695	2.577948	5.717680
42	43	2.613037	0.504716	2.359859	5.477612
42	44	2.613037	0.469749	2.012902	5.095689
42	45	2.613037	0.491696	2.230669	5.335402
42	46	2.613037	0.513798	2.449979	5.576815
42	47	2.613037	0.548079	2.790125	5.951240
42	48	2.613037	0.611593	3.420343	6.644973
42	49	2.613037	0.473107	2.046218	5.132362
42	50	2.613037	0.486155	2.175685	5.274877
42	51	2.613037	0.526695	2.577948	5.717680
42	52	2.613037	0.535238	2.821601	5.969876
42	53	2.613037	0.513798	2.449979	5.576815
42	54	2.613037	0.518842	2.500020	5.631899
42	55	2.613037	0.465729	1.973006	5.051772
42	56	2.613037	0.512167	2.433792	5.558996
42	57	2.613037	0.592327	3.229182	6.434547
42	58	2.613037	0.553504	2.843953	6.010494
42	59	2.613037	0.493476	2.619074	5.725587
42	60	2.613037	0.500169	2.314737	5.427943
42	61	2.613037	0.426681	1.585552	4.625270
42	62	2.613037	0.593552	3.241330	6.447918
42	63	2.613037	0.391214	1.233637	4.237888
42	64	2.613037	0.436247	1.680474	4.729758
42	65	2.613037	0.525349	2.564592	5.702978
42	66	2.613037	0.511234	2.424531	5.548802
42	67	2.613037	0.476164	2.076553	5.165754
42	68	2.613037	0.454079	1.857411	4.924526
42	69	2.613037	0.595712	3.262764	6.471512
42	70	2.613037	0.486155	2.175685	5.274877
42	71	2.613037	0.488334	2.197304	5.298675
42	72	2.613037	0.610287	3.407386	6.630710
42	73	2.613037	0.548079	2.790125	5.951240
42	74	2.613037	0.514257	2.454534	5.581828
42	75	2.613037	0.445288	1.770185	4.828510
42	76	2.613037	0.504716	2.359859	5.477612
42	77	2.613037	0.478688	2.101596	5.193321
42	78	2.613037	0.458342	1.899709	4.971088
42	79	2.613037	0.479244	2.107114	5.199395
42	80	2.613037	0.511234	2.424531	5.548802
42	81	2.613037	0.553504	2.843953	6.010494
42	82	2.613037	0.481428	2.128785	5.223250
42	83	2.613037	0.512319	2.541226	5.666582
42	84	2.613037	0.440345	1.721137	4.774519
42	85	2.613037	0.469749	2.012902	5.095689
42	86	2.613037	0.438628	1.704102	4.755768
42	87	2.613037	0.440354	1.721230	4.774622
42	88	2.613037	0.456098	1.877449	4.946585
42	89	2.613037	0.513798	2.449979	5.576815
42	90	2.613037	0.495791	2.271305	5.380133
42	91	2.613037	0.525349	2.564592	5.702978
42	92	2.613037	0.469749	2.012902	5.095689
42	93	2.613037	0.479244	2.107114	5.199395
42	94	2.613037	0.548079	2.790125	5.951240
42	95	2.613037	0.438628	1.704102	4.755768
42	96	2.613037	0.514158	2.453551	5.580746
42	97	2.613037	0.438628	1.704102	4.755768
42	98	2.613037	0.391214	1.233637	4.237888
42	99	2.613037	0.535238	2.821601	5.969876
43	0	2.557319	0.475292	2.067898	5.100509
43	1	2.557319	0.446758	1.784770	4.788847
43	2	2.557319	0.555161	2.860394	5.972873
43	3	2.557319	0.414954	1.469199	4.441472
43	4	2.557319	0.462821	1.944156	4.964296
43	5	2.557319	0.492501	2.238653	5.288472
43	6	2.557319	0.551083	2.819938	5.928340
43	7	2.557319	0.464621	1.962020	4.983961
43	8	2.557319	0.558117	2.889732	6.005167
43	9	2.557319	0.475292	2.067898	5.100509
43	10	2.557319	0.469418	2.009614	5.036351
43	11	2.557319	0.492501	2.238653	5.288472
43	12	2.557319	0.480428	2.118856	5.156602
43	13	2.557319	0.549775	2.806957	5.914050
43	14	2.557319	0.604724	3.405152	6.567195
43	15	2.557319	0.447123	1.788390	4.792831
43	16	2.557319	0.461991	1.935922	4.955232
43	17	2.557319	0.509095	2.668126	5.734540
43	18	2.557319	0.531335	2.623989	5.712643
43	19	2.557319	0.554766	2.856476	5.968560
43	20	2.557319	0.479655	2.111186	5.148159
43	21	2.557319	0.513207	2.444110	5.514635
43	22	2.557319	0.555161	2.860394	5.972873
43	23	2.557319	0.555161	2.860394	5.972873
43	24	2.557319	0.543597	2.745655	5.846571
43	25	2.557319	0.469418	2.009614	5.036351
43	26	2.557319	0.479655	2.111186	5.148159
43	27	2.557319	0.484536	2.159622	5.201476
43	28	2.557319	0.512887	2.440932	5.511137
43	29	2.557319	0.519970	2.511219	5.588507
43	30	2.557319	0.531566	2.626278	5.715163
43	31	2.557319	0.400650	1.909864	4.867832
43	32	2.557319	0.540726	2.717169	5.815213
43	33	2.557319	0.437588	1.693779	4.688686
43	34	2.557319	0.461991	1.935922	4.955232
43	35	2.557319	0.520809	2.519543	5.597671
43	36	2.557319	0.519594	2.507487	5.584400
43	37	2.557319	0.536982	2.680020	5.774321
43	38	2.557319	0.474088	2.532625	5.564032
43	39	2.557319	0.504448	2.357201	5.418968
43	40	2.557319	0.490808	2.221858	5.269985
43	41	2.557319	0.549090	2.800158	5.906566
43	42	2.557319	0.480428	2.118856	5.156602
43	43	2.557319	0.531566	2.626278	5.715163
43	44	2.557319	0.547352	2.782914	5.887585
43	45	2.557319	0.479856	2.113188	5.150363
43	46	2.557319	0.561188	2.920201	6.038708
43	47	2.557319	0.554766	2.856476	5.968560
43	48	2.557319	0.394853	1.269746	4.221918
43	49	2.557319	0.447585	1.792980	4.797884
43	50	2.557319	0.588904	3.195211	6.341434
43	51	2.557319	0.540726	2.717169	5.815213
43	52	2.557319	0.473468	2.049802	5.080589
43	53	2.557319	0.479655	2.111186	5.148159
43	54	2.557319	0.479655	2.111186	5.148159
43	55	2.557319	0.617749	3.481424	6.656491
43	56	2.557319	0.558117	2.889732	6.005167
43	57	2.557319	0.493208	2.245667	5.296194
43	58	2.557319	0.558117	2.889732	6.005167
43	59	2.557319	0.625852	3.561831	6.745002
43	60	2.557319	0.400650	1.909864	4.867832
43	61	2.557319	0.519594	2.507487	5.584400
43	62	2.557319	0.469084	2.006304	5.032707
43	63	2.557319	0.479655	2.111186	5.148159
43	64	2.557319	0.556818	3.141664	6.255801
43	65	2.557319	0.550030	2.809488	5.916836
43	66	2.557319	0.512887	2.440932	5.511137
43	67	2.557319	0.462567	2.365348	5.385234
43	68	2.557319	0.484536	2.159622	5.201476
43	69	2.557319	0.573705	3.044406	6.175430
43	70	2.557319	0.519970	2.511219	5.588507
43	71	2.557319	0.479655	2.111186	5.148159
43	72	2.557319	0.461991	1.935922	4.955232
43	73	2.557319	0.456646	1.882887	4.896852
43	74	2.557319	0.534644	2.709782	5.801745
43	75	2.557319	0.534694	2.657315	5.749328
43	76	2.557319	0.517282	2.484549	5.559150
43	77	2.557319	0.494995	2.263397	5.315710
43	78	2.557319	0.516315	2.527913	5.601546
43	79	2.557319	0.540726	2.717169	5.815213
43	80	2.557319	0.465241	1.968164	4.990723
43	81	2.557319	0.561188	2.920201	6.038708
43	82	2.557319	0.456646	1.882887	4.896852
43	83	2.557319	0.519594	2.507487	5.584400
43	84	2.557319	0.543597	2.745655	5.846571
43	85	2.557319	0.533570	2.646165	5.737054
43	86	2.557319	0.447123	1.788390	4.792831
43	87	2.557319	0.482572	2.140138	5.180029
43	88	2.557319	0.414954	1.469199	4.441472
43	89	2.557319	0.465241	1.968164	4.990723
43	90	2.557319	0.515725	2.469096	5.542139
43	91	2.557319	0.446835	1.785533	4.789687
43	92	2.557319	0.446835	1.785533	4.789687
43	93	2.557319	0.482572	2.140138	5.180029
43	94	2.557319	0.554766	2.856476	5.968560
43	95	2.557319	0.469084	2.006304	5.032707
43	96	2.557319	0.573705	3.044406	6.175430
43	97	2.557319	0.535309	2.875275	5.967902
43	98	2.557319	0.447585	1.792980	4.797884
43	99	2.557319	0.449062	1.807633	4.814013
44	0	2.615314	0.454997	1.866520	4.936831
44	1	2.615314	0.485570	2.169882	5.270766
44	2	2.615314	0.549786	2.807063	5.972163
44	3	2.615314	0.567053	2.978399	6.160766
44	4	2.615314	0.470746	2.022795	5.108856
44	5	2.615314	0.484780	2.162045	5.262139
44	6	2.615314	0.527572	2.586649	5.729535
44	7	2.615314	0.465060	1.966367	5.046741
44	8	2.615314	0.454997	1.866520	4.936831
44	9	2.615314	0.553513	2.844046	6.012873
44	10	2.615314	0.451226	1.829104	4.895644
44	11	2.615314	0.536377	2.674015	5.825706
44	12	2.615314	0.468755	2.003038	5.087108
44	13	2.615314	0.505751	2.370128	5.491193
44	14	2.615314	0.483555	2.149884	5.248752
44	15	2.615314	0.505092	2.628409	5.748815
44	16	2.615314	0.473196	2.047106	5.135616
44	17	2.615314	0.492634	2.239977	5.347925
44	18	2.615314	0.462555	1.941511	5.019380
44	19	2.615314	0.446172	1.778954	4.840439
44	20	2.615314	0.467895	1.994497	5.077706
44	21	2.615314	0.441293	1.730548	4.787155
44	22	2.615314	0.461365	1.929710	5.006389
44	23	2.615314	0.440448	1.722154	4.777916
44	24	2.615314	0.461365	1.929710	5.006389
44	25	2.615314	0.431911	1.637449	4.684674
44	26	2.615314	0.529782	2.608574	5.753669
44	27	2.615314	0.488371	2.197674	5.301359
44	28	2.615314	0.454997	1.866520	4.936831
44	29	2.615314	0.389709	1.218699	4.223722
44	30	2.615314	0.475987	2.392573	5.483874
44	31	2.615314	0.569365	3.001336	6.186015
44	32	2.615314	0.549786	2.807063	5.972163
44	33	2.615314	0.572310	3.030558	6.218182
44	34	2.615314	0.441293	1.730548	4.787155
44	35	2.615314	0.617256	3.476532	6.709102
44	36	2.615314	0.504138	2.354120	5.473572
44	37	2.615314	0.443404	1.751486	4.810204
44	38	2.615314	0.467895	1.994497	5.077706
44	39	2.615314	0.552858	2.837544	6.005716
44	40	2.615314	0.431911	1.637449	4.684674
44	41	2.615314	0.483555	2.149884	5.248752
44	42	2.615314	0.492634	2.239977	5.347925
44	43	2.615314	0.473196	2.047106	5.135616
44	44	2.615314	0.542032	2.730127	5.887473
44	45	2.615314	0.502256	2.547304	5.664874
44	46	2.615314	0.530449	2.774087	5.919850
44	47	2.615314	0.529782	2.608574	5.753669
44	48	2.615314	0.488840	2.202331	5.306486
44	49	2.615314	0.567053	2.978399	6.160766
44	50	2.615314	0.414795	1.997257	5.027367
44	51	2.615314	0.502256	2.547304	5.664874
44	52	2.615314	0.484780	2.162045	5.262139
44	53	2.615314	0.488322	2.197190	5.300827
44	54	2.615314	0.527412	2.585060	5.727786
44	55	2.615314	0.567053	2.978399	6.160766
44	56	2.615314	0.506090	2.373489	5.494893
44	57	2.615314	0.624853	3.551915	6.792082
44	58	2.615314	0.441293	1.730548	4.787155
44	59	2.615314	0.473196	2.047106	5.135616
44	60	2.615314	0.424840	1.567292	4.607447
44	61	2.615314	0.527412	2.585060	5.727786
44	62	2.615314	0.449522	1.812197	4.877033
44	63	2.615314	0.552858	2.837544	6.005716
44	64	2.615314	0.470777	2.023097	5.109187
44	65	2.615314	0.514646	2.458393	5.588353
44	66	2.615314	0.470777	2.023097	5.109187
44	67	2.615314	0.504972	2.362398	5.482684
44	68	2.615314	0.423688	1.555853	4.594855
44	69	2.615314	0.504972	2.362398	5.482684
44	70	2.615314	0.536377	2.674015	5.825706
44	71	2.615314	0.505751	2.370128	5.491193
44	72	2.615314	0.531623	2.626845	5.773782
44	73	2.615314	0.504972	2.362398	5.482684
44	74	2.615314	0.557264	2.934232	6.106810
44	75	2.615314	0.563031	2.938488	6.116833
44	76	2.615314	0.527572	2.586649	5.729535
44	77	2.615314	0.440219	1.719885	4.775418
44	78	2.615314	0.536377	2.674015	5.825706
44	79	2.615314	0.486539	2.179501	5.281354
44	80	2.615314	0.438236	1.700210	4.753760
44	81	2.615314	0.462555	1.941511	5.019380
44	82	2.615314	0.506371	2.694063	5.815748
44	83	2.615314	0.528645	2.650262	5.794221
44	84	2.615314	0.469024	2.005704	5.090043
44	85	2.615314	0.461365	1.929710	5.006389
44	86	2.615314	0.423688	1.555853	4.594855
44	87	2.615314	0.541260	2.722470	5.879044
44	88	2.615314	0.424840	1.567292	4.607447
44	89	2.615314	0.485723	2.171396	5.272433
44	90	2.615314	0.506090	2.373489	5.494893
44	91	2.615314	0.467895	1.994497	5.077706
44	92	2.615314	0.553513	2.844046	6.012873
44	93	2.615314	0.505751	2.370128	5.491193
44	94	2.615314	0.495341	2.266833	5.377488
44	95	2.615314	0.504972	2.362398	5.482684
44	96	2.615314	0.424840	1.567292	4.607447
44	97	2.615314	0.468755	2.003038	5.087108
44	98	2.615314	0.528645	2.650262	5.794221
44	99	2.615314	0.500603	2.319051	5.434968
45	0	2.584218	0.436447	1.682460	4.703124
45	1	2.584218	0.495856	2.324911	5.404985
45	2	2.584218	0.472897	2.044137	5.101252
45	3	2.584218	0.509832	2.410621	5.504671
45	4	2.584218	0.492463	2.238273	5.314954
45	5	2.584218	0.492109	2.234765	5.311091
45	6	2.584218	0.535102	2.661366	5.780686
45	7	2.584218	0.456874	1.885142	4.926233
45	8	2.584218	0.487972	2.193715	5.265904
45	9	2.584218	0.539983	2.709799	5.834000
45	10	2.584218	0.506621	2.378756	5.469594
45	11	2.584218	0.548273	2.792052	5.924543
45	12	2.584218	0.482003	2.134486	5.200706
45	13	2.584218	0.482003	2.134486	5.200706
45	14	2.584218	0.554649	2.855320	5.994186
45	15	2.584218	0.393095	1.252300	4.229613
45	16	2.584218	0.441671	1.734297	4.760186
45	17	2.584218	0.619692	3.500703	6.704613
45	18	2.584218	0.542696	2.736711	5.863624
45	19	2.584218	0.524434	2.555506	5.664157
45	20	2.584218	0.509832	2.410621	5.504671
45	21	2.584218	0.441671	1.734297	4.760186
45	22	2.584218	0.536418	2.674423	5.795058
45	23	2.584218	0.558718	2.948660	6.091596
45	24	2.584218	0.499019	2.303332	5.386569
45	25	2.584218	0.501241	2.325381	5.410840
45	26	2.584218	0.471245	2.027740	5.083203
45	27	2.584218	0.530823	2.883725	5.998766
45	28	2.584218	0.546116	2.770646	5.900980
45	29	2.584218	0.433790	1.656091	4.674098
45	30	2.584218	0.532409	2.634637	5.751264
45	31	2.584218	0.456874	1.885142	4.926233
45	32	2.584218	0.448132	1.798399	4.830748
45	33	2.584218	0.501241	2.325381	5.410840
45	34	2.584218	0.607836	3.383071	6.575125
45	35	2.584218	0.462331	1.939294	4.985843
45	36	2.584218	0.527140	2.582363	5.693721
45	37	2.584218	0.581570	3.122442	6.288230
45	38	2.584218	0.472897	2.044137	5.101252
45	39	2.584218	0.485829	2.172457	5.242504
45	40	2.584218	0.433590	1.654115	4.671924
45	41	2.584218	0.536883	2.679033	5.800133
45	42	2.584218	0.513489	2.658766	5.756473
45	43	2.584218	0.481250	2.127012	5.192479
45	44	2.584218	0.471115	2.450158	5.505490
45	45	2.584218	0.549632	2.805538	5.939387
45	46	2.584218	0.419886	1.518136	4.522240
45	47	2.584218	0.501241	2.325381	5.410840
45	48	2.584218	0.525599	2.672993	5.782809
45	49	2.584218	0.472897	2.044137	5.101252
45	50	2.584218	0.518944	2.501036	5.604197
45	51	2.584218	0.476614	2.081013	5.141845
45	52	2.584218	0.603878	3.343792	6.531887
45	53	2.584218	0.506621	2.378756	5.469594
45	54	2.584218	0.462331	1.939294	4.985843
45	55	2.584218	0.462434	1.940314	4.986965
45	56	2.584218	0.439963	1.717351	4.741532
45	57	2.584218	0.589011	3.196271	6.369500
45	58	2.584218	0.518432	2.495954	5.598604
45	59	2.584218	0.509832	2.410621	5.504671
45	60	2.584218	0.558500	2.893534	6.036252
45	61	2.584218	0.448491	1.801966	4.834675
45	62	2.584218	0.434155	2.030463	5.048835
45	63	2.584218	0.443164	1.749110	4.776492
45	64	2.584218	0.456874	1.885142	4.926233
45	65	2.584218	0.462331	1.939294	4.985843
45	66	2.584218	0.433790	1.656091	4.674098
45	67	2.584218	0.558500	2.893534	6.036252
45	68	2.584218	0.468829	2.003774	5.056821
45	69	2.584218	0.526556	2.629529	5.740303
45	70	2.584218	0.472897	2.044137	5.101252
45	71	2.584218	0.527140	2.582363	5.693721
45	72	2.584218	0.558718	2.948660	6.091596
45	73	2.584218	0.544762	2.757211	5.886190
45	74	2.584218	0.607836	3.383071	6.575125
45	75	2.584218	0.524434	2.555506	5.664157
45	76	2.584218	0.472897	2.044137	5.101252
45	77	2.584218	0.441671	1.734297	4.760186
45	78	2.584218	0.510422	2.416479	5.511119
45	79	2.584218	0.419886	1.518136	4.522240
45	80	2.584218	0.462434	1.940314	4.986965
45	81	2.584218	0.423030	1.549327	4.556574
45	82	2.584218	0.501241	2.325381	5.410840
45	83	2.584218	0.509832	2.410621	5.504671
45	84	2.584218	0.393095	1.252300	4.229613
45	85	2.584218	0.486712	2.181217	5.252147
45	86	2.584218	0.545325	2.762799	5.892341
45	87	2.584218	0.419886	1.518136	4.522240
45	88	2.584218	0.515308	2.464957	5.564483
45	89	2.584218	0.532409	2.634637	5.751264
45	90	2.584218	0.536350	2.779669	5.900237
45	91	2.584218	0.474605	2.061083	5.119906
45	92	2.584218	0.436447	1.682460	4.703124
45	93	2.584218	0.474605	2.061083	5.119906
45	94	2.584218	0.518944	2.501036	5.604197
45	95	2.584218	0.393095	1.252300	4.229613
45	96	2.584218	0.524434	2.555506	5.664157
45	97	2.584218	0.433790	1.656091	4.674098
45	98	2.584218	0.506292	2.375501	5.466011
45	99	2.584218	0.524434	2.555506	5.664157
46	0	2.657132	0.451299	1.829832	4.938263
46	1	2.657132	0.481401	2.128515	5.267047
46	2	2.657132	0.571464	3.022163	6.250758
46	3	2.657132	0.525524	2.566321	5.748977
46	4	2.657132	0.560126	2.962626	6.179883
46	5	2.657132	0.454305	1.859659	4.971096
46	6	2.657132	0.485606	2.170242	5.312980
46	7	2.657132	0.536212	2.672373	5.865717
46	8	2.657132	0.485606	2.170242	5.312980
46	9	2.657132	0.544376	2.753382	5.954889
46	10	2.657132	0.512480	2.436898	5.606510
46	11	2.657132	0.467353	1.989126	5.113611
46	12	2.657132	0.429288	1.611422	4.697842
46	13	2.657132	0.484779	2.162030	5.303941
46	14	2.657132	0.429288	1.611422	4.697842
46	15	2.657132	0.494310	2.256601	5.408042
46	16	2.657132	0.460102	1.917177	5.034410
46	17	2.657132	0.471974	2.034979	5.164085
46	18	2.657132	0.425149	1.570357	4.652637
46	19	2.657132	0.483498	2.149326	5.289956
46	20	2.657132	0.430158	1.620061	4.707351
46	21	2.657132	0.474406	2.059104	5.190641
46	22	2.657132	0.438049	2.175031	5.270212
46	23	2.657132	0.460102	1.917177	5.034410
46	24	2.657132	0.494310	2.256601	5.408042
46	25	2.657132	0.474426	2.218199	5.349756
46	26	2.657132	0.435539	1.673453	4.766124
46	27	2.657132	0.447945	1.796548	4.901625
46	28	2.657132	0.491893	2.232626	5.381651
46	29	2.657132	0.541201	2.721886	5.920219
46	30	2.657132	0.558377	2.892311	6.107820
46	31	2.657132	0.425149	1.570357	4.652637
46	32	2.657132	0.415543	1.475035	4.547709
46	33	2.657132	0.432370	1.642002	4.731503
46	34	2.657132	0.467353	1.989126	5.113611
46	35	2.657132	0.466840	1.984032	5.108004
46	36	2.657132	0.430158	1.620061	4.707351
46	37	2.657132	0.453502	1.851683	4.962317
46	38	2.657132	0.453502	1.851683	4.962317
46	39	2.657132	0.544376	2.753382	5.954889
46	40	2.657132	0.482397	2.138400	5.277929
46	41	2.657132	0.571464	3.022163	6.250758
46	42	2.657132	0.509498	2.407312	5.573942
46	43	2.657132	0.511550	2.427673	5.596356
46	44	2.657132	0.432370	1.642002	4.731503
46	45	2.657132	0.419005	1.509392	4.585529
46	46	2.657132	0.536212	2.672373	5.865717
46	47	2.657132	0.467353	1.989126	5.113611
46	48	2.657132	0.436764	1.685600	4.779495
46	49	2.657132	0.481401	2.128515	5.267047
46	50	2.657132	0.503358	2.346386	5.506876
46	51	2.657132	0.432370	1.642002	4.731503
46	52	2.657132	0.503363	2.346433	5.506928
46	53	2.657132	0.436764	1.685600	4.779495
46	54	2.657132	0.528203	2.592913	5.778248
46	55	2.657132	0.430158	1.620061	4.707351
46	56	2.657132	0.484929	2.163521	5.305581
46	57	2.657132	0.512480	2.436898	5.606510
46	58	2.657132	0.491893	2.232626	5.381651
46	59	2.657132	0.435275	1.670834	4.763241
46	60	2.657132	0.465352	1.969273	5.091757
46	61	2.657132	0.503363	2.346433	5.506928
46	62	2.657132	0.466840	1.984032	5.108004
46	63	2.657132	0.585923	3.165632	6.408687
46	64	2.657132	0.386806	1.189895	4.233832
46	65	2.657132	0.415543	1.475035	4.547709
46	66	2.657132	0.447945	1.796548	4.901625
46	67	2.657132	0.536212	2.672373	5.865717
46	68	2.657132	0.509498	2.407312	5.573942
46	69	2.657132	0.469305	2.061454	5.187891
46	70	2.657132	0.456419	1.880631	4.994182
46	71	2.657132	0.465352	1.969273	5.091757
46	72	2.657132	0.553094	2.839891	6.050117
46	73	2.657132	0.455012	1.866670	4.978814
46	74	2.657132	0.386806	1.189895	4.233832
46	75	2.657132	0.488648	2.200422	5.346201
46	76	2.657132	0.439021	1.708002	4.804155
46	77	2.657132	0.460102	1.917177	5.034410
46	78	2.657132	0.521632	2.527708	5.706471
46	79	2.657132	0.503358	2.346386	5.506876
46	80	2.657132	0.435539	1.673453	4.766124
46	81	2.657132	0.453502	1.851683	4.962317
46	82	2.657132	0.571464	3.022163	6.250758
46	83	2.657132	0.485606	2.170242	5.312980
46	84	2.657132	0.483817	2.152493	5.293442
46	85	2.657132	0.460102	1.917177	5.034410
46	86	2.657132	0.558377	2.892311	6.107820
46	87	2.657132	0.563630	3.103326	6.324088
46	88	2.657132	0.465352	1.969273	5.091757
46	89	2.657132	0.403931	1.889452	4.950514
46	90	2.657132	0.460102	1.917177	5.034410
46	91	2.657132	0.430158	1.620061	4.707351
46	92	2.657132	0.458005	2.161187	5.276323
46	93	2.657132	0.484770	2.161948	5.303850
46	94	2.657132	0.483575	2.150089	5.290795
46	95	2.657132	0.528689	2.597729	5.783550
46	96	2.657132	0.474712	2.326964	5.458808
46	97	2.657132	0.430158	1.620061	4.707351
46	98	2.657132	0.585923	3.165632	6.408687
46	99	2.657132	0.544699	2.809556	6.011387
47	0	2.610616	0.432609	1.644379	4.687604
47	1	2.610616	0.472773	2.042899	5.126288
47	2	2.610616	0.484779	2.162031	5.257425
47	3	2.610616	0.501689	2.382785	5.495090
47	4	2.610616	0.523120	2.542474	5.676210
47	5	2.610616	0.407045	1.390715	4.408376
47	6	2.610616	0.430360	1.622063	4.663039
47	7	2.610616	0.436661	1.684581	4.731858
47	8	2.610616	0.426187	1.580657	4.617460
47	9	2.610616	0.469173	2.007184	5.086973
47	10	2.610616	0.501689	2.382785	5.495090
47	11	2.610616	0.515799	2.469829	5.596243
47	12	2.610616	0.551439	2.823463	5.985518
47	13	2.610616	0.389120	1.742492	4.742228
47	14	2.610616	0.571580	3.023320	6.205516
47	15	2.610616	0.529464	2.605416	5.745496
47	16	2.610616	0.429800	1.616509	4.656925
47	17	2.610616	0.515799	2.469829	5.596243
47	18	2.610616	0.529464	2.605416	5.745496
47	19	2.610616	0.529502	2.605801	5.745919
47	20	2.610616	0.469950	2.014891	5.095456
47	21	2.610616	0.560847	2.916823	6.088286
47	22	2.610616	0.560847	2.916823	6.088286
47	23	2.610616	0.485373	2.273855	5.369844
47	24	2.610616	0.502944	2.342278	5.455838
47	25	2.610616	0.551439	2.823463	5.985518
47	26	2.610616	0.525387	2.564966	5.700969
47	27	2.610616	0.472790	2.043070	5.126476
47	28	2.610616	0.454247	1.859082	4.923945
47	29	2.610616	0.472790	2.043070	5.126476
47	30	2.610616	0.422027	1.539380	4.572023
47	31	2.610616	0.457556	1.891913	4.960085
47	32	2.610616	0.454247	1.859082	4.923945
47	33	2.610616	0.530479	2.827348	5.968443
47	34	2.610616	0.568765	2.995389	6.174771
47	35	2.610616	0.556647	2.875141	6.042403
47	36	2.610616	0.454247	1.859082	4.923945
47	37	2.610616	0.509091	2.403274	5.522981
47	38	2.610616	0.488281	2.196783	5.295680
47	39	2.610616	0.460070	1.916857	4.987542
47	40	2.610616	0.438816	1.705970	4.755402
47	41	2.610616	0.474850	2.381294	5.466760
47	42	2.610616	0.407045	1.390715	4.408376
47	43	2.610616	0.430126	1.619739	4.660480
47	44	2.610616	0.470731	2.022644	5.103991
47	45	2.610616	0.426262	1.581399	4.618276
47	46	2.610616	0.449556	2.236247	5.296420
47	47	2.610616	0.457812	1.894455	4.962883
47	48	2.610616	0.488281	2.196783	5.295680
47	49	2.610616	0.430360	1.622063	4.663039
47	50	2.610616	0.472773	2.042899	5.126288
47	51	2.610616	0.430126	1.619739	4.660480
47	52	2.610616	0.551439	2.823463	5.985518
47	53	2.610616	0.568614	2.993889	6.173120
47	54	2.610616	0.444231	1.759693	4.814539
47	55	2.610616	0.529502	2.605801	5.745919
47	56	2.610616	0.436661	1.684581	4.731858
47	57	2.610616	0.543174	2.741458	5.895248
47	58	2.610616	0.556647	2.875141	6.042403
47	59	2.610616	0.486428	2.178396	5.275440
47	60	2.610616	0.533730	2.647745	5.792090
47	61	2.610616	0.436661	1.684581	4.731858
47	62	2.610616	0.466461	1.980270	5.057346
47	63	2.610616	0.519025	2.501835	5.631476
47	64	2.610616	0.457556	1.891913	4.960085
47	65	2.610616	0.383841	1.160477	4.154934
47	66	2.610616	0.429936	1.617852	4.658404
47	67	2.610616	0.432053	1.638860	4.681529
47	68	2.610616	0.444765	1.764994	4.820375
47	69	2.610616	0.419372	1.513028	4.543016
47	70	2.610616	0.422027	1.539380	4.572023
47	71	2.610616	0.474850	2.381294	5.466760
47	72	2.610616	0.435409	1.672161	4.718186
47	73	2.610616	0.466461	1.980270	5.057346
47	74	2.610616	0.432053	1.638860	4.681529
47	75	2.610616	0.407045	1.390715	4.408376
47	76	2.610616	0.513439	2.446413	5.570468
47	77	2.610616	0.426262	1.581399	4.618276
47	78	2.610616	0.472773	2.042899	5.126288
47	79	2.610616	0.467002	1.985636	5.063254
47	80	2.610616	0.427124	1.589951	4.627691
47	81	2.610616	0.429820	1.616701	4.657137
47	82	2.610616	0.457556	1.891913	4.960085
47	83	2.610616	0.438816	1.705970	4.755402
47	84	2.610616	0.488842	2.202351	5.301809
47	85	2.610616	0.493219	2.245783	5.349618
47	86	2.610616	0.436006	1.678084	4.724706
47	87	2.610616	0.515799	2.469829	5.596243
47	88	2.610616	0.435409	1.672161	4.718186
47	89	2.610616	0.435409	1.672161	4.718186
47	90	2.610616	0.490187	2.215690	5.316493
47	91	2.610616	0.469950	2.014891	5.095456
47	92	2.610616	0.429936	1.617852	4.658404
47	93	2.610616	0.469950	2.014891	5.095456
47	94	2.610616	0.472773	2.042899	5.126288
47	95	2.610616	0.460070	1.916857	4.987542
47	96	2.610616	0.391880	1.610990	4.613486
47	97	2.610616	0.484779	2.162031	5.257425
47	98	2.610616	0.523120	2.542474	5.676210
47	99	2.610616	0.438816	1.705970	4.755402
48	0	2.604042	0.468360	1.999114	5.071516
48	1	2.604042	0.489020	2.204111	5.297173
48	2	2.604042	0.556260	2.871304	6.031607
48	3	2.604042	0.468360	1.999114	5.071516
48	4	2.604042	0.472847	2.043640	5.120530
48	5	2.604042	0.439065	1.708432	4.751539
48	6	2.604042	0.420136	1.520616	4.544794
48	7	2.604042	0.458605	1.902321	4.964968
48	8	2.604042	0.564461	2.952682	6.121186
48	9	2.604042	0.378433	1.106817	4.089292
48	10	2.604042	0.457038	1.886770	4.947850
48	11	2.604042	0.439596	1.713709	4.757348
48	12	2.604042	0.430959	1.628004	4.663005
48	13	2.604042	0.578964	3.202509	6.385515
48	14	2.604042	0.555631	2.865061	6.024734
48	15	2.604042	0.497023	2.283523	5.384588
48	16	2.604042	0.458605	1.902321	4.964968
48	17	2.604042	0.461168	1.927754	4.992964
48	18	2.604042	0.496002	2.273390	5.373434
48	19	2.604042	0.491322	2.226961	5.322326
48	20	2.604042	0.498278	2.295978	5.398298
48	21	2.604042	0.485918	2.173338	5.263298
48	22	2.604042	0.499913	2.312204	5.416160
48	23	2.604042	0.378433	1.106817	4.089292
48	24	2.604042	0.466184	1.977524	5.047750
48	25	2.604042	0.496789	2.281204	5.382036
48	26	2.604042	0.429584	1.614359	4.647985
48	27	2.604042	0.439065	1.708432	4.751539
48	28	2.604042	0.447710	1.794215	4.845967
48	29	2.604042	0.578394	3.090927	6.273363
48	30	2.604042	0.491028	2.224038	5.319109
48	31	2.604042	0.489020	2.204111	5.297173
48	32	2.604042	0.447710	1.794215	4.845967
48	33	2.604042	0.498278	2.295978	5.398298
48	34	2.604042	0.523385	2.545106	5.672533
48	35	2.604042	0.461168	1.927754	4.992964
48	36	2.604042	0.499913	2.312204	5.416160
48	37	2.604042	0.542468	2.787414	5.933924
48	38	2.604042	0.555470	2.863467	6.022979
48	39	2.604042	0.468963	2.005104	5.078109
48	40	2.604042	0.497023	2.283523	5.384588
48	41	2.604042	0.468963	2.005104	5.078109
48	42	2.604042	0.517754	2.489231	5.611027
48	43	2.604042	0.477613	2.090924	5.172579
48	44	2.604042	0.458605	1.902321	4.964968
48	45	2.604042	0.524159	2.552785	5.680987
48	46	2.604042	0.470566	2.021002	5.095610
48	47	2.604042	0.481531	2.129806	5.215380
48	48	2.604042	0.524159	2.552785	5.680987
48	49	2.604042	0.544431	2.753930	5.902403
48	50	2.604042	0.491028	2.224038	5.319109
48	51	2.604042	0.594248	3.248238	6.446528
48	52	2.604042	0.555470	2.863467	6.022979
48	53	2.604042	0.378433	1.106817	4.089292
48	54	2.604042	0.569872	3.006367	6.180281
48	55	2.604042	0.523240	2.808481	5.935764
48	56	2.604042	0.443971	1.757111	4.805124
48	57	2.604042	0.528014	2.802889	5.934945
48	58	2.604042	0.447710	1.794215	4.845967
48	59	2.604042	0.506921	2.593593	5.704556
48	60	2.604042	0.458079	1.897104	4.959226
48	61	2.604042	0.472847	2.043640	5.120530
48	62	2.604042	0.502030	2.333202	5.439274
48	63	2.604042	0.512165	2.539698	5.655905
48	64	2.604042	0.594248	3.248238	6.446528
48	65	2.604042	0.597988	3.338311	6.540341
48	66	2.604042	0.472847	2.043640	5.120530
48	67	2.604042	0.522704	2.538343	5.665089
48	68	2.604042	0.542923	2.738968	5.885933
48	69	2.604042	0.457038	1.886770	4.947850
48	70	2.604042	0.508029	2.392728	5.504799
48	71	2.604042	0.457038	1.886770	4.947850
48	72	2.604042	0.496789	2.281204	5.382036
48	73	2.604042	0.497023	2.283523	5.384588
48	74	2.604042	0.391930	1.929269	4.925241
48	75	2.604042	0.550452	2.813677	5.968172
48	76	2.604042	0.632682	3.629602	6.866326
48	77	2.604042	0.478196	2.096715	5.178954
48	78	2.604042	0.458065	1.896964	4.959071
48	79	2.604042	0.496789	2.281204	5.382036
48	80	2.604042	0.470566	2.021002	5.095610
48	81	2.604042	0.474560	2.060632	5.139234
48	82	2.604042	0.477129	2.086129	5.167300
48	83	2.604042	0.477613	2.090924	5.172579
48	84	2.604042	0.430959	1.628004	4.663005
48	85	2.604042	0.481531	2.129806	5.215380
48	86	2.604042	0.439065	1.708432	4.751539
48	87	2.604042	0.435212	2.199841	5.239095
48	88	2.604042	0.477129	2.086129	5.167300
48	89	2.604042	0.440768	1.725333	4.770143
48	90	2.604042	0.429584	1.614359	4.647985
48	91	2.604042	0.420136	1.520616	4.544794
48	92	2.604042	0.458065	1.896964	4.959071
48	93	2.604042	0.476996	2.084806	5.165844
48	94	2.604042	0.431170	1.630101	4.665314
48	95	2.604042	0.446787	1.785053	4.835882
48	96	2.604042	0.443559	2.229697	5.277298
48	97	2.604042	0.461168	1.927754	4.992964
48	98	2.604042	0.378433	1.106817	4.089292
48	99	2.604042	0.509549	2.407809	5.521400
49	0	2.453430	0.476041	2.075331	5.004802
49	1	2.453430	0.447772	2.324472	5.225674
49	2	2.453430	0.512874	2.440803	5.407107
49	3	2.453430	0.562217	2.930412	5.946059
49	4	2.453430	0.486365	2.177767	5.117562
49	5	2.453430	0.512874	2.440803	5.407107
49	6	2.453430	0.541191	2.721783	5.716404
49	7	2.453430	0.468314	1.998660	4.920404
49	8	2.453430	0.563962	2.947724	5.965116
49	9	2.453430	0.459034	1.906574	4.819037
49	10	2.453430	0.463757	2.059374	4.976561
49	11	2.453430	0.562217	2.930412	5.946059
49	12	2.453430	0.500480	2.317824	5.271734
49	13	2.453430	0.512874	2.440803	5.407107
49	14	2.453430	0.563962	2.947724	5.965116
49	15	2.453430	0.509786	2.410164	5.373380
49	16	2.453430	0.468121	1.996745	4.918296
49	17	2.453430	0.485559	2.169774	5.108763
49	18	2.453430	0.486868	2.182762	5.123060
49	19	2.453430	0.565477	2.962762	5.981669
49	20	2.453430	0.466285	1.978530	4.898246
49	21	2.453430	0.438901	1.706805	4.599136
49	22	2.453430	0.476041	2.075331	5.004802
49	23	2.453430	0.507632	2.388796	5.349858
49	24	2.453430	0.466620	1.981849	4.901899
49	25	2.453430	0.468121	1.996745	4.918296
49	26	2.453430	0.523056	2.594805	5.571292
49	27	2.453430	0.457600	1.892346	4.803376
49	28	2.453430	0.565265	2.960655	5.979349
49	29	2.453430	0.451485	1.831670	4.736584
49	30	2.453430	0.443399	1.751443	4.648272
49	31	2.453430	0.485559	2.169774	5.108763
49	32	2.453430	0.505778	2.370396	5.329603
49	33	2.453430	0.447827	1.954267	4.855523
49	34	2.453430	0.505778	2.370396	5.329603
49	35	2.453430	0.458884	1.905093	4.817407
49	36	2.453430	0.505778	2.370396	5.329603
49	37	2.453430	0.547283	2.782233	5.782946
49	38	2.453430	0.511714	2.429296	5.394440
49	39	2.453430	0.514135	2.453322	5.420887
49	40	2.453430	0.432356	1.641871	4.527657
49	41	2.453430	0.466620	1.981849	4.901899
49	42	2.453430	0.458884	1.905093	4.817407
49	43	2.453430	0.464906	1.964844	4.883180
49	44	2.453430	0.583773	3.144303	6.181505
49	45	2.453430	0.475305	2.068030	4.996765
49	46	2.453430	0.594929	3.254999	6.303358
49	47	2.453430	0.572675	3.034180	6.060285
49	48	2.453430	0.541191	2.721783	5.716404
49	49	2.453430	0.599144	3.402749	6.455323
49	50	2.453430	0.398113	1.302090	4.153632
49	51	2.453430	0.492234	2.236002	5.181665
49	52	2.453430	0.427169	1.590403	4.471002
49	53	2.453430	0.475365	2.068620	4.997415
49	54	2.453430	0.569437	3.002052	6.024919
49	55	2.453430	0.486365	2.177767	5.117562
49	56	2.453430	0.475365	2.068620	4.997415
49	57	2.453430	0.468314	1.998660	4.920404
49	58	2.453430	0.463504	1.950934	4.867868
49	59	2.453430	0.547283	2.782233	5.782946
49	60	2.453430	0.569437	3.002052	6.024919
49	61	2.453430	0.448585	1.802903	4.704918
49	62	2.453430	0.492234	2.236002	5.181665
49	63	2.453430	0.627755	3.633679	6.714865
49	64	2.453430	0.475365	2.068620	4.997415
49	65	2.453430	0.541191	2.721783	5.716404
49	66	2.453430	0.573673	3.044088	6.071191
49	67	2.453430	0.463504	1.950934	4.867868
49	68	2.453430	0.549376	2.802995	5.805801
49	69	2.453430	0.572675	3.034180	6.060285
49	70	2.453430	0.518621	2.868577	5.840628
49	71	2.453430	0.502494	2.337812	5.293736
49	72	2.453430	0.562217	2.930412	5.946059
49	73	2.453430	0.583773	3.144303	6.181505
49	74	2.453430	0.500908	2.639858	5.594197
49	75	2.453430	0.466285	1.978530	4.898246
49	76	2.453430	0.453936	2.332669	5.240035
49	77	2.453430	0.547283	2.782233	5.782946
49	78	2.453430	0.495991	2.273283	5.222703
49	79	2.453430	0.484779	2.162033	5.100242
49	80	2.453430	0.529443	2.605212	5.588085
49	81	2.453430	0.529443	2.605212	5.588085
49	82	2.453430	0.498227	2.295468	5.247125
49	83	2.453430	0.509786	2.410164	5.373380
49	84	2.453430	0.486868	2.182762	5.123060
49	85	2.453430	0.464563	1.961436	4.879429
49	86	2.453430	0.500480	2.317824	5.271734
49	87	2.453430	0.493081	2.244409	5.190919
49	88	2.453430	0.547283	2.782233	5.782946
49	89	2.453430	0.468007	1.995610	4.917047
49	90	2.453430	0.487602	2.295975	5.237007
49	91	2.453430	0.459034	1.906574	4.819037
49	92	2.453430	0.544516	2.754778	5.752724
49	93	2.453430	0.385291	1.174863	4.013584
49	94	2.453430	0.512120	2.433326	5.398876
49	95	2.453430	0.573673	3.044088	6.071191
49	96	2.453430	0.438901	1.706805	4.599136
49	97	2.453430	0.443399	1.751443	4.648272
49	98	2.453430	0.476041	2.075331	5.004802
49	99	2.453430	0.548870	2.797974	5.800274
50	0	2.621485	0.442165	1.739196	4.802846
50	1	2.621485	0.418001	1.499425	4.538911
50	2	2.621485	0.513992	2.504862	5.640339
50	3	2.621485	0.535281	2.822036	5.978802
50	4	2.621485	0.429316	1.611706	4.662508
50	5	2.621485	0.474116	2.056228	5.151829
50	6	2.621485	0.512390	2.436005	5.569881
50	7	2.621485	0.371451	1.037535	4.030471
50	8	2.621485	0.440933	1.726972	4.789390
50	9	2.621485	0.515655	2.468400	5.605540
50	10	2.621485	0.496758	2.280899	5.399143
50	11	2.621485	0.419443	1.513738	4.554666
50	12	2.621485	0.526221	2.573241	5.720947
50	13	2.621485	0.501203	2.324998	5.447686
50	14	2.621485	0.461281	1.928872	5.011638
50	15	2.621485	0.409806	1.418115	4.449406
50	16	2.621485	0.526221	2.573241	5.720947
50	17	2.621485	0.407859	1.398797	4.428142
50	18	2.621485	0.500894	2.480828	5.603208
50	19	2.621485	0.464632	1.962126	5.048243
50	20	2.621485	0.426075	1.579546	4.627107
50	21	2.621485	0.558436	2.892898	6.072820
50	22	2.621485	0.570210	3.009718	6.201413
50	23	2.621485	0.429056	1.609127	4.659668
50	24	2.621485	0.418001	1.499425	4.538911
50	25	2.621485	0.522589	2.537202	5.681276
50	26	2.621485	0.468651	2.001999	5.092135
50	27	2.621485	0.523792	2.549139	5.694417
50	28	2.621485	0.383877	1.160835	4.166198
50	29	2.621485	0.430810	1.626528	4.678823
50	30	2.621485	0.500172	2.314774	5.436432
50	31	2.621485	0.495830	2.271689	5.389005
50	32	2.621485	0.502002	2.332930	5.456418
50	33	2.621485	0.523792	2.549139	5.694417
50	34	2.621485	0.509097	2.403327	5.533909
50	35	2.621485	0.407859	1.398797	4.428142
50	36	2.621485	0.463315	1.949057	5.033858
50	37	2.621485	0.538598	2.801977	5.962060
50	38	2.621485	0.424869	1.567580	4.613934
50	39	2.621485	0.500172	2.314774	5.436432
50	40	2.621485	0.426381	1.582577	4.630443
50	41	2.621485	0.570210	3.009718	6.201413
50	42	2.621485	0.607693	3.381652	6.610831
50	43	2.621485	0.424869	1.567580	4.613934
50	44	2.621485	0.580846	3.115260	6.317592
50	45	2.621485	0.424869	1.567580	4.613934
50	46	2.621485	0.479992	2.114530	5.216007
50	47	2.621485	0.461281	1.928872	5.011638
50	48	2.621485	0.468651	2.001999	5.092135
50	49	2.621485	0.442165	1.739196	4.802846
50	50	2.621485	0.463853	1.954395	5.039734
50	51	2.621485	0.463948	1.955333	5.040766
50	52	2.621485	0.540360	2.713537	5.875382
50	53	2.621485	0.419443	1.513738	4.554666
50	54	2.621485	0.526221	2.573241	5.720947
50	55	2.621485	0.523036	2.541641	5.686163
50	56	2.621485	0.580846	3.115260	6.317592
50	57	2.621485	0.529879	2.768428	5.919793
50	58	2.621485	0.474075	2.055819	5.151379
50	59	2.621485	0.429056	1.609127	4.659668
50	60	2.621485	0.584177	3.148314	6.353976
50	61	2.621485	0.424869	1.567580	4.613934
50	62	2.621485	0.429316	1.611706	4.662508
50	63	2.621485	0.484883	2.163068	5.269437
50	64	2.621485	0.461281	1.928872	5.011638
50	65	2.621485	0.440270	1.720396	4.782152
50	66	2.621485	0.571982	3.027307	6.220775
50	67	2.621485	0.484883	2.163068	5.269437
50	68	2.621485	0.409806	1.418115	4.449406
50	69	2.621485	0.440933	1.726972	4.789390
50	70	2.621485	0.532821	2.691690	5.845996
50	71	2.621485	0.538598	2.801977	5.962060
50	72	2.621485	0.463315	1.949057	5.033858
50	73	2.621485	0.401519	1.918491	4.941496
50	74	2.621485	0.508522	2.397620	5.527627
50	75	2.621485	0.426075	1.579546	4.627107
50	76	2.621485	0.440270	1.720396	4.782152
50	77	2.621485	0.516909	2.533810	5.672204
50	78	2.621485	0.404104	1.626359	4.651949
50	79	2.621485	0.463315	1.949057	5.033858
50	80	2.621485	0.463948	1.955333	5.040766
50	81	2.621485	0.479992	2.114530	5.216007
50	82	2.621485	0.472052	2.035752	5.129289
50	83	2.621485	0.532757	2.638099	5.792342
50	84	2.621485	0.526221	2.573241	5.720947
50	85	2.621485	0.414328	1.462981	4.498794
50	86	2.621485	0.489100	2.204908	5.315493
50	87	2.621485	0.463853	1.954395	5.039734
50	88	2.621485	0.424116	1.560100	4.605701
50	89	2.621485	0.523036	2.541641	5.686163
50	90	2.621485	0.494826	2.261724	5.378035
50	91	2.621485	0.442839	1.745881	4.810205
50	92	2.621485	0.526221	2.573241	5.720947
50	93	2.621485	0.489100	2.204908	5.315493
50	94	2.621485	0.468651	2.001999	5.092135
50	95	2.621485	0.523036	2.541641	5.686163
50	96	2.621485	0.558886	2.897361	6.077733
50	97	2.621485	0.487780	2.191807	5.301072
50	98	2.621485	0.523036	2.541641	5.686163
50	99	2.621485	0.496187	2.275234	5.392907
51	0	2.558133	0.384140	1.904939	4.847212
51	1	2.558133	0.492779	2.241415	5.292327
51	2	2.558133	0.497054	2.654580	5.709767
51	3	2.558133	0.514529	2.457224	5.529886
51	4	2.558133	0.535846	2.668741	5.762720
51	5	2.558133	0.504224	2.354972	5.417329
51	6	2.558133	0.535846	2.668741	5.762720
51	7	2.558133	0.498399	2.297175	5.353707
51	8	2.558133	0.557399	2.882605	5.998137
51	9	2.558133	0.454028	2.121729	5.133891
51	10	2.558133	0.636363	3.666128	6.860625
51	11	2.558133	0.482029	2.134749	5.174911
51	12	2.558133	0.450456	1.821460	4.830049
51	13	2.558133	0.453831	1.854949	4.866913
51	14	2.558133	0.500660	2.319611	5.378404
51	15	2.558133	0.519304	2.504606	5.582042
51	16	2.558133	0.539604	2.706038	5.803776
51	17	2.558133	0.447492	1.792054	4.797680
51	18	2.558133	0.586345	3.169818	6.314296
51	19	2.558133	0.443028	1.747761	4.748923
51	20	2.558133	0.588598	3.192180	6.338912
51	21	2.558133	0.468534	2.000847	5.027515
51	22	2.558133	0.431932	1.637658	4.627723
51	23	2.558133	0.539820	2.973000	6.070953
51	24	2.558133	0.488532	2.199274	5.245939
51	25	2.558133	0.453831	1.854949	4.866913
51	26	2.558133	0.542507	2.734840	5.835481
51	27	2.558133	0.487119	2.185249	5.230500
51	28	2.558133	0.465297	1.968722	4.992152
51	29	2.558133	0.450456	1.821460	4.830049
51	30	2.558133	0.485570	2.169883	5.213586
51	31	2.558133	0.468864	2.268931	5.295928
51	32	2.558133	0.431932	1.637658	4.627723
51	33	2.558133	0.530436	2.879883	5.968453
51	34	2.558133	0.467918	1.994732	5.020783
51	35	2.558133	0.478167	2.096430	5.132731
51	36	2.558133	0.447382	1.790958	4.796473
51	37	2.558133	0.417523	1.494689	4.470346
51	38	2.558133	0.449647	1.813439	4.821219
51	39	2.558133	0.449647	1.813439	4.821219
51	40	2.558133	0.478167	2.096430	5.132731
51	41	2.558133	0.539604	2.706038	5.803776
51	42	2.558133	0.446866	1.785839	4.790838
51	43	2.558133	0.447382	1.790958	4.796473
51	44	2.558133	0.378004	1.738125	4.674262
51	45	2.558133	0.469734	2.012750	5.040617
51	46	2.558133	0.495386	2.267283	5.320802
51	47	2.558133	0.501131	2.324288	5.383552
51	48	2.558133	0.467918	1.994732	5.020783
51	49	2.558133	0.447492	1.792054	4.797680
51	50	2.558133	0.484234	2.421441	5.463808
51	51	2.558133	0.487119	2.185249	5.230500
51	52	2.558133	0.587676	3.183034	6.328843
51	53	2.558133	0.544170	2.751342	5.853646
51	54	2.558133	0.453831	1.854949	4.866913
51	55	2.558133	0.478167	2.096430	5.132731
51	56	2.558133	0.461970	1.935712	4.955815
51	57	2.558133	0.467918	1.994732	5.020783
51	58	2.558133	0.482029	2.134749	5.174911
51	59	2.558133	0.618588	3.489753	6.666475
51	60	2.558133	0.444607	1.763426	4.766166
51	61	2.558133	0.515277	2.464653	5.538063
51	62	2.558133	0.539604	2.706038	5.803776
51	63	2.558133	0.428528	1.603880	4.590541
51	64	2.558133	0.485570	2.169883	5.213586
51	65	2.558133	0.449647	1.813439	4.821219
51	66	2.558133	0.478409	2.098829	5.135372
51	67	2.558133	0.512861	2.440673	5.511667
51	68	2.558133	0.518763	2.499242	5.576138
51	69	2.558133	0.512861	2.440673	5.511667
51	70	2.558133	0.447492	1.792054	4.797680
51	71	2.558133	0.502442	2.337298	5.397873
51	72	2.558133	0.474381	2.164785	5.197299
51	73	2.558133	0.514529	2.457224	5.529886
51	74	2.558133	0.533366	2.644135	5.735633
51	75	2.558133	0.379515	1.117555	4.055203
51	76	2.558133	0.467918	1.994732	5.020783
51	77	2.558133	0.461970	1.935712	4.955815
51	78	2.558133	0.484108	2.155377	5.197618
51	79	2.558133	0.440318	1.720867	4.719318
51	80	2.558133	0.496406	2.277403	5.331943
51	81	2.558133	0.440318	1.720867	4.719318
51	82	2.558133	0.487051	2.184580	5.229765
51	83	2.558133	0.478409	2.098829	5.135372
51	84	2.558133	0.487051	2.184580	5.229765
51	85	2.558133	0.551348	2.822564	5.932046
51	86	2.558133	0.588598	3.192180	6.338912
51	87	2.558133	0.484108	2.155377	5.197618
51	88	2.558133	0.440318	1.720867	4.719318
51	89	2.558133	0.450456	1.821460	4.830049
51	90	2.558133	0.447382	1.790958	4.796473
51	91	2.558133	0.542507	2.734840	5.835481
51	92	2.558133	0.588598	3.192180	6.338912
51	93	2.558133	0.465297	1.968722	4.992152
51	94	2.558133	0.534428	2.919493	6.012054
51	95	2.558133	0.555055	2.859343	5.972531
51	96	2.558133	0.465297	1.968722	4.992152
51	97	2.558133	0.417523	1.494689	4.470346
51	98	2.558133	0.467918	1.994732	5.020783
51	99	2.558133	0.501131	2.324288	5.383552
52	0	2.512668	0.488937	2.203293	5.204899
52	1	2.512668	0.444958	1.766913	4.724539
52	2	2.512668	0.436933	1.687279	4.636879
52	3	2.512668	0.504540	2.358108	5.375315
52	4	2.512668	0.574463	3.157847	6.244978
52	5	2.512668	0.488910	2.203024	5.204602
52	6	2.512668	0.517211	2.483837	5.513716
52	7	2.512668	0.501159	2.324567	5.338394
52	8	2.512668	0.463007	1.946002	4.921677
52	9	2.512668	0.473236	2.047495	5.033399
52	10	2.512668	0.470962	2.024939	5.008569
52	11	2.512668	0.504873	2.361421	5.378962
52	12	2.512668	0.430013	1.618616	4.561296
52	13	2.512668	0.513914	2.451130	5.477712
52	14	2.512668	0.463007	1.946002	4.921677
52	15	2.512668	0.536277	2.673026	5.721971
52	16	2.512668	0.419370	1.513012	4.445050
52	17	2.512668	0.441194	1.729559	4.683421
52	18	2.512668	0.512361	2.435720	5.460749
52	19	2.512668	0.506283	2.534297	5.553247
52	20	2.512668	0.592617	3.285018	6.390303
52	21	2.512668	0.477583	2.090629	5.080879
52	22	2.512668	0.423397	1.552970	4.489035
52	23	2.512668	0.501159	2.324567	5.338394
52	24	2.512668	0.497825	2.291485	5.301978
52	25	2.512668	0.472809	2.043260	5.028737
52	26	2.512668	0.477583	2.090629	5.080879
52	27	2.512668	0.542173	2.731528	5.786369
52	28	2.512668	0.454701	1.863588	4.830958
52	29	2.512668	0.488910	2.203024	5.204602
52	30	2.512668	0.474928	2.064285	5.051880
52	31	2.512668	0.524612	2.557275	5.594554
52	32	2.512668	0.441194	1.729559	4.683421
52	33	2.512668	0.394427	1.901079	4.808174
52	34	2.512668	0.516196	2.473772	5.502637
52	35	2.512668	0.488554	2.411347	5.412569
52	36	2.512668	0.542173	2.731528	5.786369
52	37	2.512668	0.483933	2.365491	5.362091
52	38	2.512668	0.430013	1.618616	4.561296
52	39	2.512668	0.516196	2.473772	5.502637
52	40	2.512668	0.504540	2.358108	5.375315
52	41	2.512668	0.596669	3.272258	6.381595
52	42	2.512668	0.516196	2.473772	5.502637
52	43	2.512668	0.479748	2.112118	5.104534
52	44	2.512668	0.441194	1.729559	4.683421
52	45	2.512668	0.578147	3.088481	6.179296
52	46	2.512668	0.505530	2.367939	5.386137
52	47	2.512668	0.453043	1.847134	4.812845
52	48	2.512668	0.596669	3.272258	6.381595
52	49	2.512668	0.596802	3.273578	6.383047
52	50	2.512668	0.430013	1.618616	4.561296
52	51	2.512668	0.447799	1.795100	4.755567
52	52	2.512668	0.578147	3.088481	6.179296
52	53	2.512668	0.585537	3.161805	6.260010
52	54	2.512668	0.477583	2.090629	5.080879
52	55	2.512668	0.474256	2.057617	5.044541
52	56	2.512668	0.436933	1.687279	4.636879
52	57	2.512668	0.503498	2.347774	5.363940
52	58	2.512668	0.551083	2.925862	5.989613
52	59	2.512668	0.488654	2.200481	5.201803
52	60	2.512668	0.502918	2.342015	5.357600
52	61	2.512668	0.412655	2.028988	4.954312
52	62	2.512668	0.472809	2.043260	5.028737
52	63	2.512668	0.413102	1.450822	4.376592
52	64	2.512668	0.463007	1.946002	4.921677
52	65	2.512668	0.463808	1.953948	4.930424
52	66	2.512668	0.453043	1.847134	4.812845
52	67	2.512668	0.464098	1.956828	4.933594
52	68	2.512668	0.412754	1.447361	4.372782
52	69	2.512668	0.504540	2.358108	5.375315
52	70	2.512668	0.516716	2.478926	5.508310
52	71	2.512668	0.487375	2.187796	5.187839
52	72	2.512668	0.520824	2.519687	5.553179
52	73	2.512668	0.524612	2.557275	5.594554
52	74	2.512668	0.533467	2.645143	5.691278
52	75	2.512668	0.508972	2.402090	5.423730
52	76	2.512668	0.508972	2.402090	5.423730
52	77	2.512668	0.502918	2.342015	5.357600
52	78	2.512668	0.491562	2.229337	5.233567
52	79	2.512668	0.478268	2.097428	5.088364
52	80	2.512668	0.464098	1.956828	4.933594
52	81	2.512668	0.487198	2.186034	5.185900
52	82	2.512668	0.423397	1.552970	4.489035
52	83	2.512668	0.578147	3.088481	6.179296
52	84	2.512668	0.505530	2.367939	5.386137
52	85	2.512668	0.454886	1.865419	4.832973
52	86	2.512668	0.472809	2.043260	5.028737
52	87	2.512668	0.447799	1.795100	4.755567
52	88	2.512668	0.488910	2.203024	5.204602
52	89	2.512668	0.438732	1.705131	4.656531
52	90	2.512668	0.557248	2.987038	6.056954
52	91	2.512668	0.412754	1.447361	4.372782
52	92	2.512668	0.464098	1.956828	4.933594
52	93	2.512668	0.524607	2.716120	5.753395
52	94	2.512668	0.478268	2.097428	5.088364
52	95	2.512668	0.474256	2.057617	5.044541
52	96	2.512668	0.555017	2.858969	5.926654
52	97	2.512668	0.432200	1.640317	4.585185
52	98	2.512668	0.506902	2.381554	5.401124
52	99	2.512668	0.478417	2.098906	5.089990
53	0	2.562271	0.512741	2.439484	5.514496
53	1	2.562271	0.614397	3.448169	6.624837
53	2	2.562271	0.492808	2.241702	5.296781
53	3	2.562271	0.529044	2.866070	5.957385
53	4	2.562271	0.532578	2.636322	5.731171
53	5	2.562271	0.493960	2.253134	5.309365
53	6	2.562271	0.493960	2.253134	5.309365
53	7	2.562271	0.439615	1.713891	4.715776
53	8	2.562271	0.460319	1.919333	4.941923
53	9	2.562271	0.388607	1.207771	4.158649
53	10	2.562271	0.498436	2.297545	5.358251
53	11	2.562271	0.525413	2.671149	5.758832
53	12	2.562271	0.549249	2.801732	5.913251
53	13	2.562271	0.532578	2.636322	5.731171
53	14	2.562271	0.444183	1.759215	4.765668
53	15	2.562271	0.438208	1.699931	4.700410
53	16	2.562271	0.406771	1.388001	4.357043
53	17	2.562271	0.474681	2.061841	5.098793
53	18	2.562271	0.484483	2.159092	5.205845
53	19	2.562271	0.464599	1.961800	4.988670
53	20	2.562271	0.531146	2.622114	5.715531
53	21	2.562271	0.443997	1.757377	4.763645
53	22	2.562271	0.502615	2.656795	5.721680
53	23	2.562271	0.532608	2.795513	5.890392
53	24	2.562271	0.583887	3.145430	6.291588
53	25	2.562271	0.460785	1.923957	4.947013
53	26	2.562271	0.589726	3.203369	6.355366
53	27	2.562271	0.583887	3.145430	6.291588
53	28	2.562271	0.437316	1.691080	4.690667
53	29	2.562271	0.478633	2.101055	5.141959
53	30	2.562271	0.430910	1.627514	4.620694
53	31	2.562271	0.527375	2.584690	5.674336
53	32	2.562271	0.577370	3.080763	6.220404
53	33	2.562271	0.562321	2.931446	6.056038
53	34	2.562271	0.543198	2.794663	5.900132
53	35	2.562271	0.577370	3.080763	6.220404
53	36	2.562271	0.500479	2.317816	5.380566
53	37	2.562271	0.487867	2.192676	5.242814
53	38	2.562271	0.460319	1.919333	4.941923
53	39	2.562271	0.472904	2.044209	5.079384
53	40	2.562271	0.493960	2.253134	5.309365
53	41	2.562271	0.493028	2.243880	5.299178
53	42	2.562271	0.388607	1.207771	4.158649
53	43	2.562271	0.445528	1.772566	4.780365
53	44	2.562271	0.512741	2.439484	5.514496
53	45	2.562271	0.406771	1.388001	4.357043
53	46	2.562271	0.427598	1.594659	4.584528
53	47	2.562271	0.465188	1.967641	4.995099
53	48	2.562271	0.609736	3.401919	6.573926
53	49	2.562271	0.577370	3.080763	6.220404
53	50	2.562271	0.491356	2.227294	5.280920
53	51	2.562271	0.438208	1.699931	4.700410
53	52	2.562271	0.377067	1.093262	4.032599
53	53	2.562271	0.406771	1.388001	4.357043
53	54	2.562271	0.483600	2.150335	5.196206
53	55	2.562271	0.529661	2.607376	5.699308
53	56	2.562271	0.532578	2.636322	5.731171
53	57	2.562271	0.534175	2.652168	5.748614
53	58	2.562271	0.562321	2.931446	6.056038
53	59	2.562271	0.474681	2.061841	5.098793
53	60	2.562271	0.520055	2.512059	5.594384
53	61	2.562271	0.541057	2.720453	5.823781
53	62	2.562271	0.505175	2.364415	5.431860
53	63	2.562271	0.535149	2.820721	5.918141
53	64	2.562271	0.519916	2.510677	5.592863
53	65	2.562271	0.458038	1.896700	4.917009
53	66	2.562271	0.525166	2.562769	5.650205
53	67	2.562271	0.534175	2.652168	5.748614
53	68	2.562271	0.435767	1.675707	4.673745
53	69	2.562271	0.510443	2.416686	5.489400
53	70	2.562271	0.549249	2.801732	5.913251
53	71	2.562271	0.498436	2.297545	5.358251
53	72	2.562271	0.521914	2.530509	5.614695
53	73	2.562271	0.531146	2.622114	5.715531
53	74	2.562271	0.427598	1.594659	4.584528
53	75	2.562271	0.464599	1.961800	4.988670
53	76	2.562271	0.512344	2.435549	5.510163
53	77	2.562271	0.453527	1.851940	4.867739
53	78	2.562271	0.445528	1.772566	4.780365
53	79	2.562271	0.406771	1.388001	4.357043
53	80	2.562271	0.447075	2.211622	5.220968
53	81	2.562271	0.476182	2.076726	5.115178
53	82	2.562271	0.505879	2.371401	5.439551
53	83	2.562271	0.548293	2.792253	5.902817
53	84	2.562271	0.491356	2.227294	5.280920
53	85	2.562271	0.548293	2.792253	5.902817
53	86	2.562271	0.482055	2.135005	5.179331
53	87	2.562271	0.406771	1.388001	4.357043
53	88	2.562271	0.512344	2.435549	5.510163
53	89	2.562271	0.406771	1.388001	4.357043
53	90	2.562271	0.495631	2.269709	5.327611
53	91	2.562271	0.484483	2.159092	5.205845
53	92	2.562271	0.439491	1.712662	4.714423
53	93	2.562271	0.487859	2.510382	5.560512
53	94	2.562271	0.491356	2.227294	5.280920
53	95	2.562271	0.447075	2.211622	5.220968
53	96	2.562271	0.485992	2.174068	5.222330
53	97	2.562271	0.377067	1.093262	4.032599
53	98	2.562271	0.541080	2.720675	5.824025
53	99	2.562271	0.487894	2.245904	5.296069
54	0	2.648546	0.462673	2.366399	5.477618
54	1	2.648546	0.432331	1.641616	4.722492
54	2	2.648546	0.549261	2.801859	5.999666
54	3	2.648546	0.437178	1.689717	4.775441
54	4	2.648546	0.471497	2.030242	5.150285
54	5	2.648546	0.406351	1.383831	4.438727
54	6	2.648546	0.555766	2.866399	6.070710
54	7	2.648546	0.492434	2.237987	5.378966
54	8	2.648546	0.580365	3.110486	6.339397
54	9	2.648546	0.531402	2.624649	5.804596
54	10	2.648546	0.489823	2.212085	5.350453
54	11	2.648546	0.509357	2.405906	5.563808
54	12	2.648546	0.467397	1.989565	5.105508
54	13	2.648546	0.447539	1.792523	4.888608
54	14	2.648546	0.426070	1.579489	4.654105
54	15	2.648546	0.551119	2.820288	6.019952
54	16	2.648546	0.545392	2.816434	6.010372
54	17	2.648546	0.618467	3.488558	6.755571
54	18	2.648546	0.584222	3.148754	6.381521
54	19	2.648546	0.488530	2.199255	5.336330
54	20	2.648546	0.467150	1.987113	5.102809
54	21	2.648546	0.555524	2.864003	6.068073
54	22	2.648546	0.504230	2.407997	5.560772
54	23	2.648546	0.555524	2.864003	6.068073
54	24	2.648546	0.441784	1.735418	4.825747
54	25	2.648546	0.501059	2.323574	5.473179
54	26	2.648546	0.464671	1.962508	5.075724
54	27	2.648546	0.467150	1.987113	5.102809
54	28	2.648546	0.501059	2.323574	5.473179
54	29	2.648546	0.447982	1.796912	4.893439
54	30	2.648546	0.580089	3.107745	6.336379
54	31	2.648546	0.450476	1.821662	4.920684
54	32	2.648546	0.440132	1.719019	4.807697
54	33	2.648546	0.467150	1.987113	5.102809
54	34	2.648546	0.470222	2.017595	5.136363
54	35	2.648546	0.475180	2.066791	5.190517
54	36	2.648546	0.495417	2.267590	5.411553
54	37	2.648546	0.507050	2.383017	5.538613
54	38	2.648546	0.617220	3.529139	6.794904
54	39	2.648546	0.447539	1.792523	4.888608
54	40	2.648546	0.475180	2.066791	5.190517
54	41	2.648546	0.467397	1.989565	5.105508
54	42	2.648546	0.511811	2.430254	5.590610
54	43	2.648546	0.510323	2.733276	5.892145
54	44	2.648546	0.497935	2.292574	5.439055
54	45	2.648546	0.503970	2.352461	5.504977
54	46	2.648546	0.507050	2.383017	5.538613
54	47	2.648546	0.457166	1.888041	4.993752
54	48	2.648546	0.495417	2.267590	5.411553
54	49	2.648546	0.475705	2.072000	5.196251
54	50	2.648546	0.475705	2.072000	5.196251
54	51	2.648546	0.430703	1.625460	4.704708
54	52	2.648546	0.471362	2.028905	5.148813
54	53	2.648546	0.455525	1.871756	4.975826
54	54	2.648546	0.545582	2.765347	5.959474
54	55	2.648546	0.507050	2.383017	5.538613
54	56	2.648546	0.437178	1.689717	4.775441
54	57	2.648546	0.455078	1.867327	4.970950
54	58	2.648546	0.517636	2.488054	5.654235
54	59	2.648546	0.430703	1.625460	4.704708
54	60	2.648546	0.406351	1.383831	4.438727
54	61	2.648546	0.442660	1.744112	4.835318
54	62	2.648546	0.483837	2.152687	5.285069
54	63	2.648546	0.455078	1.867327	4.970950
54	64	2.648546	0.441784	1.735418	4.825747
54	65	2.648546	0.426070	1.579489	4.654105
54	66	2.648546	0.508110	2.393531	5.550186
54	67	2.648546	0.514483	2.456776	5.619805
54	68	2.648546	0.580089	3.107745	6.336379
54	69	2.648546	0.503970	2.352461	5.504977
54	70	2.648546	0.442469	2.112962	5.203977
54	71	2.648546	0.478746	2.472918	5.600210
54	72	2.648546	0.555524	2.864003	6.068073
54	73	2.648546	0.447058	1.787744	4.883348
54	74	2.648546	0.506631	2.378856	5.534032
54	75	2.648546	0.447539	1.792523	4.888608
54	76	2.648546	0.501059	2.323574	5.473179
54	77	2.648546	0.447058	1.787744	4.883348
54	78	2.648546	0.549261	2.801859	5.999666
54	79	2.648546	0.527466	2.585591	5.761602
54	80	2.648546	0.503970	2.352461	5.504977
54	81	2.648546	0.513598	2.553918	5.716062
54	82	2.648546	0.405444	1.957429	5.011419
54	83	2.648546	0.545582	2.765347	5.959474
54	84	2.648546	0.441784	1.735418	4.825747
54	85	2.648546	0.464671	1.962508	5.075724
54	86	2.648546	0.517267	2.484394	5.650207
54	87	2.648546	0.533259	2.643078	5.824883
54	88	2.648546	0.483837	2.152687	5.285069
54	89	2.648546	0.509357	2.405906	5.563808
54	90	2.648546	0.501059	2.323574	5.473179
54	91	2.648546	0.518358	2.654113	5.821016
54	92	2.648546	0.498268	2.295879	5.442692
54	93	2.648546	0.432331	1.641616	4.722492
54	94	2.648546	0.521908	2.530448	5.700901
54	95	2.648546	0.436486	1.682845	4.767877
54	96	2.648546	0.551119	2.820288	6.019952
54	97	2.648546	0.471362	2.028905	5.148813
54	98	2.648546	0.455525	1.871756	4.975826
54	99	2.648546	0.515275	2.464633	5.628454
55	0	2.686929	0.425281	2.101305	5.213514
55	1	2.686929	0.450279	1.819708	4.956915
55	2	2.686929	0.496738	2.280701	5.464368
55	3	2.686929	0.553592	2.950761	6.191282
55	4	2.686929	0.387846	1.200220	4.274995
55	5	2.686929	0.376346	1.086103	4.149378
55	6	2.686929	0.510107	2.519278	5.716313
55	7	2.686929	0.506102	2.373610	5.566641
55	8	2.686929	0.517748	2.489167	5.693843
55	9	2.686929	0.508764	2.400029	5.595722
55	10	2.686929	0.540204	2.711987	5.939120
55	11	2.686929	0.443958	1.756984	4.887871
55	12	2.686929	0.491158	2.225331	5.403418
55	13	2.686929	0.524356	2.713625	5.924910
55	14	2.686929	0.426550	1.584258	4.697737
55	15	2.686929	0.530605	2.616745	5.834279
55	16	2.686929	0.457520	1.891559	5.036008
55	17	2.686929	0.430735	1.625779	4.743442
55	18	2.686929	0.598014	3.285608	6.570551
55	19	2.686929	0.482026	2.134716	5.303670
55	20	2.686929	0.506102	2.373610	5.566641
55	21	2.686929	0.452266	1.839422	4.978617
55	22	2.686929	0.441823	1.735804	4.864555
55	23	2.686929	0.490902	2.540570	5.718401
55	24	2.686929	0.442030	1.737856	4.866814
55	25	2.686929	0.485312	2.167318	5.339559
55	26	2.686929	0.525606	2.567135	5.779669
55	27	2.686929	0.472589	2.252933	5.412450
55	28	2.686929	0.376346	1.086103	4.149378
55	29	2.686929	0.506102	2.373610	5.566641
55	30	2.686929	0.436182	1.679829	4.802939
55	31	2.686929	0.497864	2.291870	5.476662
55	32	2.686929	0.469136	2.006813	5.162877
55	33	2.686929	0.491158	2.225331	5.403418
55	34	2.686929	0.543334	2.743042	5.973304
55	35	2.686929	0.437095	1.688893	4.812917
55	36	2.686929	0.430735	1.625779	4.743442
55	37	2.686929	0.471409	2.029365	5.187703
55	38	2.686929	0.558943	2.897931	6.143803
55	39	2.686929	0.466925	1.984879	5.138732
55	40	2.686929	0.468455	2.000060	5.155444
55	41	2.686929	0.448441	1.801471	4.936840
55	42	2.686929	0.432898	1.647245	4.767072
55	43	2.686929	0.629405	3.597087	6.913421
55	44	2.686929	0.479952	2.114136	5.281016
55	45	2.686929	0.426550	1.584258	4.697737
55	46	2.686929	0.464273	1.958564	5.109765
55	47	2.686929	0.505179	2.364457	5.556565
55	48	2.686929	0.425281	1.571663	4.683872
55	49	2.686929	0.578619	3.199088	6.464636
55	50	2.686929	0.540204	2.711987	5.939120
55	51	2.686929	0.442030	1.737856	4.866814
55	52	2.686929	0.497864	2.291870	5.476662
55	53	2.686929	0.469136	2.006813	5.162877
55	54	2.686929	0.452266	1.839422	4.978617
55	55	2.686929	0.530605	2.616745	5.834279
55	56	2.686929	0.530605	2.616745	5.834279
55	57	2.686929	0.425281	1.571663	4.683872
55	58	2.686929	0.433239	1.650625	4.770792
55	59	2.686929	0.471409	2.029365	5.187703
55	60	2.686929	0.419807	1.517352	4.624088
55	61	2.686929	0.526911	2.844903	6.058742
55	62	2.686929	0.443958	1.756984	4.887871
55	63	2.686929	0.504020	2.352948	5.543896
55	64	2.686929	0.469136	2.006813	5.162877
55	65	2.686929	0.506394	2.376512	5.569835
55	66	2.686929	0.489570	2.209576	5.386075
55	67	2.686929	0.433239	1.650625	4.770792
55	68	2.686929	0.517748	2.489167	5.693843
55	69	2.686929	0.480878	2.123328	5.291135
55	70	2.686929	0.441823	1.735804	4.864555
55	71	2.686929	0.432364	1.641946	4.761239
55	72	2.686929	0.483665	2.150981	5.321575
55	73	2.686929	0.483345	2.147807	5.318081
55	74	2.686929	0.532135	2.631920	5.850984
55	75	2.686929	0.525066	2.561784	5.773779
55	76	2.686929	0.504020	2.352948	5.543896
55	77	2.686929	0.517748	2.489167	5.693843
55	78	2.686929	0.543334	2.743042	5.973304
55	79	2.686929	0.639082	3.693108	7.019119
55	80	2.686929	0.454730	1.863876	5.005535
55	81	2.686929	0.426550	1.584258	4.697737
55	82	2.686929	0.490902	2.540570	5.718401
55	83	2.686929	0.525606	2.567135	5.779669
55	84	2.686929	0.387846	1.200220	4.274995
55	85	2.686929	0.457520	1.891559	5.036008
55	86	2.686929	0.441823	1.735804	4.864555
55	87	2.686929	0.553153	2.999368	6.239450
55	88	2.686929	0.477644	2.091239	5.255812
55	89	2.686929	0.505179	2.364457	5.556565
55	90	2.686929	0.504020	2.352948	5.543896
55	91	2.686929	0.485312	2.167318	5.339559
55	92	2.686929	0.432364	1.641946	4.761239
55	93	2.686929	0.448441	1.801471	4.936840
55	94	2.686929	0.376346	1.086103	4.149378
55	95	2.686929	0.525961	2.570667	5.783557
55	96	2.686929	0.530999	2.620650	5.838577
55	97	2.686929	0.521557	2.526961	5.735446
55	98	2.686929	0.477644	2.091239	5.255812
55	99	2.686929	0.560498	2.913358	6.160785
56	0	2.502462	0.514947	2.461376	5.478785
56	1	2.502462	0.615738	3.461478	6.579679
56	2	2.502462	0.572651	3.033939	6.109052
56	3	2.502462	0.540174	2.711688	5.754324
56	4	2.502462	0.521062	2.522054	5.545578
56	5	2.502462	0.510688	2.419115	5.432265
56	6	2.502462	0.472518	2.040376	5.015356
56	7	2.502462	0.612341	3.427771	6.542575
56	8	2.502462	0.460421	1.920343	4.883227
56	9	2.502462	0.468773	2.003213	4.974448
56	10	2.502462	0.507654	2.389008	5.399124
56	11	2.502462	0.540864	2.718534	5.761860
56	12	2.502462	0.468773	2.003213	4.974448
56	13	2.502462	0.429930	1.617795	4.550188
56	14	2.502462	0.484428	2.158550	5.145440
56	15	2.502462	0.491405	2.227782	5.221649
56	16	2.502462	0.458179	1.898099	4.858741
56	17	2.502462	0.460421	1.920343	4.883227
56	18	2.502462	0.429952	1.618017	4.550432
56	19	2.502462	0.510688	2.419115	5.432265
56	20	2.502462	0.531724	2.627848	5.662034
56	21	2.502462	0.593850	3.244292	6.340605
56	22	2.502462	0.553542	2.844333	5.900337
56	23	2.502462	0.469097	2.006424	4.977983
56	24	2.502462	0.560008	2.908490	5.970960
56	25	2.502462	0.474204	2.427854	5.404521
56	26	2.502462	0.506294	2.375517	5.384273
56	27	2.502462	0.460478	2.397576	5.360516
56	28	2.502462	0.449202	1.809020	4.760685
56	29	2.502462	0.507943	2.391879	5.402284
56	30	2.502462	0.409240	1.995094	4.906796
56	31	2.502462	0.521062	2.522054	5.545578
56	32	2.502462	0.458179	1.898099	4.858741
56	33	2.502462	0.506294	2.375517	5.384273
56	34	2.502462	0.490533	2.219124	5.212120
56	35	2.502462	0.447377	1.790914	4.740754
56	36	2.502462	0.521062	2.522054	5.545578
56	37	2.502462	0.494008	2.253613	5.250084
56	38	2.502462	0.429930	1.617795	4.550188
56	39	2.502462	0.484428	2.158550	5.145440
56	40	2.502462	0.441835	1.735925	4.680223
56	41	2.502462	0.478675	2.101469	5.082606
56	42	2.502462	0.497209	2.285366	5.285038
56	43	2.502462	0.510688	2.419115	5.432265
56	44	2.502462	0.481957	2.134029	5.118448
56	45	2.502462	0.497820	2.291430	5.291712
56	46	2.502462	0.543985	2.749502	5.795949
56	47	2.502462	0.481957	2.134029	5.118448
56	48	2.502462	0.527879	2.589690	5.620031
56	49	2.502462	0.507260	2.385100	5.394822
56	50	2.502462	0.461000	1.926086	4.889549
56	51	2.502462	0.521070	2.522136	5.545669
56	52	2.502462	0.593850	3.244292	6.340605
56	53	2.502462	0.552514	2.834136	5.889113
56	54	2.502462	0.467548	1.991062	4.961073
56	55	2.502462	0.601703	3.322207	6.426372
56	56	2.502462	0.510688	2.419115	5.432265
56	57	2.502462	0.472738	2.042554	5.017754
56	58	2.502462	0.522185	2.533192	5.557839
56	59	2.502462	0.429930	1.617795	4.550188
56	60	2.502462	0.480637	2.120938	5.104038
56	61	2.502462	0.514947	2.461376	5.478785
56	62	2.502462	0.499032	2.303463	5.304958
56	63	2.502462	0.598215	3.446497	6.547175
56	64	2.502462	0.540864	2.718534	5.761860
56	65	2.502462	0.468482	2.000322	4.971266
56	66	2.502462	0.593850	3.244292	6.340605
56	67	2.502462	0.432700	1.645281	4.580443
56	68	2.502462	0.472518	2.040376	5.015356
56	69	2.502462	0.536247	2.884575	5.923284
56	70	2.502462	0.475029	2.065292	5.042784
56	71	2.502462	0.612341	3.427771	6.542575
56	72	2.502462	0.527879	2.589690	5.620031
56	73	2.502462	0.532678	2.637311	5.672452
56	74	2.502462	0.465641	2.289917	5.258020
56	75	2.502462	0.506749	2.432999	5.442211
56	76	2.502462	0.497820	2.291430	5.291712
56	77	2.502462	0.461584	1.931881	4.895928
56	78	2.502462	0.480637	2.120938	5.104038
56	79	2.502462	0.528722	2.651022	5.682206
56	80	2.502462	0.429930	1.617795	4.550188
56	81	2.502462	0.465641	2.289917	5.258020
56	82	2.502462	0.487389	2.187934	5.177786
56	83	2.502462	0.461584	1.931881	4.895928
56	84	2.502462	0.601443	3.319632	6.423537
56	85	2.502462	0.425629	2.104751	5.032842
56	86	2.502462	0.491405	2.227782	5.221649
56	87	2.502462	0.469097	2.006424	4.977983
56	88	2.502462	0.538493	2.695012	5.735967
56	89	2.502462	0.446366	1.780880	4.729709
56	90	2.502462	0.449863	1.815581	4.767906
56	91	2.502462	0.553542	2.844333	5.900337
56	92	2.502462	0.552514	2.834136	5.889113
56	93	2.502462	0.520127	2.512775	5.535365
56	94	2.502462	0.552828	2.837248	5.892539
56	95	2.502462	0.469097	2.006424	4.977983
56	96	2.502462	0.475029	2.065292	5.042784
56	97	2.502462	0.516598	2.477757	5.496818
56	98	2.502462	0.475625	2.071208	5.049296
56	99	2.502462	0.467548	1.991062	4.961073
57	0	2.572633	0.498166	2.294864	5.365664
57	1	2.572633	0.421716	1.536294	4.530644
57	2	2.572633	0.460875	1.924850	4.958358
57	3	2.572633	0.559195	2.900422	6.032250
57	4	2.572633	0.375725	1.079941	4.028299
57	5	2.572633	0.573215	3.145469	6.291317
57	6	2.572633	0.495371	2.267133	5.335137
57	7	2.572633	0.474846	2.063478	5.110958
57	8	2.572633	0.588865	3.194831	6.356330
57	9	2.572633	0.427293	1.591631	4.591557
57	10	2.572633	0.485603	2.170214	5.228450
57	11	2.572633	0.558825	2.949717	6.081176
57	12	2.572633	0.572517	3.032611	6.177761
57	13	2.572633	0.476198	2.076893	5.125725
57	14	2.572633	0.493548	2.249043	5.315225
57	15	2.572633	0.473844	2.053528	5.100005
57	16	2.572633	0.421740	1.536529	4.530903
57	17	2.572633	0.495371	2.267133	5.335137
57	18	2.572633	0.437230	1.690231	4.700094
57	19	2.572633	0.500171	2.314758	5.387562
57	20	2.572633	0.536757	2.677789	5.787180
57	21	2.572633	0.427343	1.592124	4.592100
57	22	2.572633	0.460608	1.922193	4.955434
57	23	2.572633	0.449196	1.808965	4.830794
57	24	2.572633	0.484919	2.163422	5.220974
57	25	2.572633	0.448659	1.803636	4.824929
57	26	2.572633	0.479792	2.112550	5.164975
57	27	2.572633	0.467115	1.986764	5.026512
57	28	2.572633	0.529690	2.660626	5.762949
57	29	2.572633	0.570607	3.013666	6.156907
57	30	2.572633	0.455941	2.299600	5.328174
57	31	2.572633	0.428526	1.603863	4.605022
57	32	2.572633	0.497217	2.285453	5.355304
57	33	2.572633	0.502193	2.334827	5.409654
57	34	2.572633	0.486726	2.181348	5.240707
57	35	2.572633	0.510563	2.417873	5.501069
57	36	2.572633	0.583708	3.143652	6.299992
57	37	2.572633	0.421740	1.536529	4.530903
57	38	2.572633	0.442940	1.746889	4.762463
57	39	2.572633	0.448659	1.803636	4.824929
57	40	2.572633	0.498658	2.299743	5.371034
57	41	2.572633	0.442940	1.746889	4.762463
57	42	2.572633	0.463088	1.946808	4.982530
57	43	2.572633	0.450238	1.819302	4.842174
57	44	2.572633	0.456333	1.879781	4.908748
57	45	2.572633	0.498166	2.294864	5.365664
57	46	2.572633	0.460875	1.924850	4.958358
57	47	2.572633	0.492444	2.238085	5.303162
57	48	2.572633	0.401429	1.334990	4.309052
57	49	2.572633	0.500171	2.314758	5.387562
57	50	2.572633	0.498397	2.297159	5.368190
57	51	2.572633	0.497217	2.285453	5.355304
57	52	2.572633	0.572054	3.028016	6.172703
57	53	2.572633	0.498658	2.299743	5.371034
57	54	2.572633	0.412773	2.030150	5.015556
57	55	2.572633	0.427343	1.592124	4.592100
57	56	2.572633	0.536651	2.676736	5.786020
57	57	2.572633	0.427293	1.591631	4.591557
57	58	2.572633	0.534828	2.658649	5.766111
57	59	2.572633	0.559195	2.900422	6.032250
57	60	2.572633	0.448107	2.168897	5.189637
57	61	2.572633	0.498166	2.294864	5.365664
57	62	2.572633	0.460608	1.922193	4.955434
57	63	2.572633	0.533943	2.702825	5.809401
57	64	2.572633	0.511750	2.429657	5.514041
57	65	2.572633	0.536651	2.676736	5.786020
57	66	2.572633	0.474846	2.063478	5.110958
57	67	2.572633	0.507355	2.544931	5.624918
57	68	2.572633	0.493548	2.249043	5.315225
57	69	2.572633	0.572517	3.032611	6.177761
57	70	2.572633	0.495943	2.272812	5.341389
57	71	2.572633	0.463088	1.946808	4.982530
57	72	2.572633	0.512395	2.436058	5.521086
57	73	2.572633	0.498166	2.294864	5.365664
57	74	2.572633	0.467115	1.986764	5.026512
57	75	2.572633	0.495371	2.267133	5.335137
57	76	2.572633	0.421740	1.536529	4.530903
57	77	2.572633	0.401429	1.334990	4.309052
57	78	2.572633	0.498658	2.299743	5.371034
57	79	2.572633	0.559195	2.900422	6.032250
57	80	2.572633	0.448659	1.803636	4.824929
57	81	2.572633	0.512395	2.436058	5.521086
57	82	2.572633	0.483595	2.150281	5.206509
57	83	2.572633	0.495671	2.270105	5.338409
57	84	2.572633	0.501063	2.323611	5.397307
57	85	2.572633	0.485603	2.170214	5.228450
57	86	2.572633	0.498166	2.294864	5.365664
57	87	2.572633	0.427343	1.592124	4.592100
57	88	2.572633	0.449196	1.808965	4.830794
57	89	2.572633	0.536757	2.677789	5.787180
57	90	2.572633	0.436550	2.001266	5.010450
57	91	2.572633	0.427236	1.591066	4.590936
57	92	2.572633	0.464337	1.959201	4.996172
57	93	2.572633	0.498397	2.297159	5.368190
57	94	2.572633	0.464337	1.959201	4.996172
57	95	2.572633	0.434297	1.661122	4.668052
57	96	2.572633	0.500171	2.314758	5.387562
57	97	2.572633	0.430383	2.045994	5.049010
57	98	2.572633	0.536757	2.677789	5.787180
57	99	2.572633	0.509167	2.404026	5.485827
58	0	2.525832	0.561309	2.921406	6.008547
58	1	2.525832	0.515266	2.464538	5.505635
58	2	2.525832	0.531658	2.627192	5.684682
58	3	2.525832	0.519108	2.608593	5.653533
58	4	2.525832	0.465715	1.972868	4.964415
58	5	2.525832	0.515677	2.574546	5.616055
58	6	2.525832	0.490147	2.215300	5.231279
58	7	2.525832	0.513126	2.443302	5.482260
58	8	2.525832	0.477555	2.090355	5.093742
58	9	2.525832	0.561309	2.921406	6.008547
58	10	2.525832	0.507420	2.545579	5.578831
58	11	2.525832	0.485821	2.172375	5.184028
58	12	2.525832	0.463258	1.948487	4.937576
58	13	2.525832	0.562520	2.933417	6.021768
58	14	2.525832	0.485721	2.171380	5.182933
58	15	2.525832	0.435777	1.675810	4.637419
58	16	2.525832	0.444055	1.757951	4.727838
58	17	2.525832	0.558041	2.888980	5.972854
58	18	2.525832	0.530336	2.614069	5.670236
58	19	2.525832	0.465715	1.972868	4.964415
58	20	2.525832	0.502354	2.336421	5.364607
58	21	2.525832	0.497073	2.284020	5.306925
58	22	2.525832	0.517883	2.490503	5.534217
58	23	2.525832	0.377426	1.679420	4.582677
58	24	2.525832	0.561309	2.921406	6.008547
58	25	2.525832	0.461865	1.934673	4.922370
58	26	2.525832	0.513126	2.443302	5.482260
58	27	2.525832	0.571316	3.020694	6.117842
58	28	2.525832	0.447433	1.791467	4.764732
58	29	2.525832	0.463258	1.948487	4.937576
58	30	2.525832	0.421126	1.530440	4.477398
58	31	2.525832	0.409744	1.417495	4.353070
58	32	2.525832	0.497073	2.284020	5.306925
58	33	2.525832	0.516535	2.477134	5.519501
58	34	2.525832	0.531658	2.627192	5.684682
58	35	2.525832	0.445825	1.775510	4.747167
58	36	2.525832	0.587473	3.181016	6.294321
58	37	2.525832	0.501173	2.589519	5.616524
58	38	2.525832	0.577723	3.084269	6.187824
58	39	2.525832	0.562520	2.933417	6.021768
58	40	2.525832	0.572029	3.027776	6.125637
58	41	2.525832	0.531658	2.627192	5.684682
58	42	2.525832	0.432604	1.644324	4.602759
58	43	2.525832	0.478130	2.096063	5.100025
58	44	2.525832	0.501173	2.589519	5.616524
58	45	2.525832	0.431425	1.632631	4.589888
58	46	2.525832	0.501773	2.436579	5.464184
58	47	2.525832	0.481721	2.131690	5.139243
58	48	2.525832	0.520653	2.517998	5.564483
58	49	2.525832	0.438967	1.707467	4.672266
58	50	2.525832	0.508978	2.402149	5.436959
58	51	2.525832	0.531658	2.627192	5.684682
58	52	2.525832	0.516535	2.477134	5.519501
58	53	2.525832	0.468096	1.996491	4.990419
58	54	2.525832	0.461865	1.934673	4.922370
58	55	2.525832	0.533279	2.643279	5.702391
58	56	2.525832	0.438967	1.707467	4.672266
58	57	2.525832	0.421126	1.530440	4.477398
58	58	2.525832	0.384960	1.171583	4.082376
58	59	2.525832	0.562520	2.933417	6.021768
58	60	2.525832	0.374267	1.065478	3.965577
58	61	2.525832	0.472940	2.044556	5.043328
58	62	2.525832	0.465715	1.972868	4.964415
58	63	2.525832	0.471785	2.033102	5.030718
58	64	2.525832	0.520653	2.517998	5.564483
58	65	2.525832	0.512466	2.436760	5.475058
58	66	2.525832	0.460624	1.922351	4.908806
58	67	2.525832	0.421126	1.530440	4.477398
58	68	2.525832	0.532310	2.633661	5.691802
58	69	2.525832	0.409744	1.417495	4.353070
58	70	2.525832	0.431631	1.634668	4.592130
58	71	2.525832	0.442776	1.745258	4.713866
58	72	2.525832	0.463258	1.948487	4.937576
58	73	2.525832	0.438967	1.707467	4.672266
58	74	2.525832	0.542343	2.733210	5.801384
58	75	2.525832	0.480361	2.118197	5.124390
58	76	2.525832	0.509754	2.515779	5.551365
58	77	2.525832	0.546983	2.779251	5.852065
58	78	2.525832	0.515266	2.464538	5.505635
58	79	2.525832	0.512017	2.432298	5.470146
58	80	2.525832	0.478130	2.096063	5.100025
58	81	2.525832	0.503778	2.350547	5.380157
58	82	2.525832	0.463009	2.051950	5.040791
58	83	2.525832	0.565689	3.070790	6.162311
58	84	2.525832	0.609892	3.403468	6.539192
58	85	2.525832	0.517883	2.490503	5.534217
58	86	2.525832	0.546983	2.779251	5.852065
58	87	2.525832	0.445825	1.775510	4.747167
58	88	2.525832	0.431425	1.632631	4.589888
58	89	2.525832	0.442776	1.745258	4.713866
58	90	2.525832	0.442776	1.745258	4.713866
58	91	2.525832	0.468096	1.996491	4.990419
58	92	2.525832	0.460624	1.922351	4.908806
58	93	2.525832	0.503778	2.350547	5.380157
58	94	2.525832	0.437961	1.697480	4.661272
58	95	2.525832	0.546100	2.770494	5.842426
58	96	2.525832	0.546983	2.779251	5.852065
58	97	2.525832	0.461865	1.934673	4.922370
58	98	2.525832	0.546100	2.770494	5.842426
58	99	2.525832	0.485821	2.172375	5.184028
59	0	2.672751	0.438649	1.704306	4.815706
59	1	2.672751	0.460092	1.917074	5.049917
59	2	2.672751	0.617399	3.477955	6.768104
59	3	2.672751	0.506524	2.377797	5.557072
59	4	2.672751	0.439280	1.710565	4.822596
59	5	2.672751	0.526757	2.737454	5.936962
59	6	2.672751	0.515891	2.470744	5.659386
59	7	2.672751	0.426013	1.578927	4.677691
59	8	2.672751	0.510326	2.415527	5.598604
59	9	2.672751	0.549011	2.799372	6.021134
59	10	2.672751	0.520823	2.519676	5.713250
59	11	2.672751	0.510106	2.413343	5.596200
59	12	2.672751	0.455356	1.870087	4.998194
59	13	2.672751	0.460092	1.917074	5.049917
59	14	2.672751	0.521467	2.579033	5.773250
59	15	2.672751	0.459078	1.907018	5.038847
59	16	2.672751	0.520823	2.519676	5.713250
59	17	2.672751	0.455356	1.870087	4.998194
59	18	2.672751	0.459078	1.907018	5.038847
59	19	2.672751	0.467008	1.985699	5.125458
59	20	2.672751	0.464850	1.964292	5.101893
59	21	2.672751	0.481569	2.130187	5.284507
59	22	2.672751	0.552797	2.942865	6.168413
59	23	2.672751	0.543329	2.742993	5.959072
59	24	2.672751	0.535657	2.666872	5.875280
59	25	2.672751	0.481040	2.124934	5.278725
59	26	2.672751	0.544779	2.757386	5.974916
59	27	2.672751	0.475748	2.072424	5.220923
59	28	2.672751	0.520823	2.519676	5.713250
59	29	2.672751	0.468241	1.997939	5.138931
59	30	2.672751	0.494762	2.261091	5.428604
59	31	2.672751	0.494762	2.261091	5.428604
59	32	2.672751	0.479398	2.108640	5.260789
59	33	2.672751	0.470088	2.281082	5.423921
59	34	2.672751	0.509731	2.409618	5.592100
59	35	2.672751	0.519563	2.507177	5.699491
59	36	2.672751	0.519546	2.665903	5.858201
59	37	2.672751	0.508822	2.400604	5.582177
59	38	2.672751	0.479180	2.106476	5.258407
59	39	2.672751	0.543329	2.742993	5.959072
59	40	2.672751	0.478345	2.098197	5.249293
59	41	2.672751	0.487132	2.185386	5.345269
59	42	2.672751	0.481569	2.130187	5.284507
59	43	2.672751	0.549589	2.805115	6.027455
59	44	2.672751	0.439280	1.710565	4.822596
59	45	2.672751	0.437444	1.692355	4.802550
59	46	2.672751	0.468241	1.997939	5.138931
59	47	2.672751	0.513893	2.450918	5.637562
59	48	2.672751	0.389398	1.215612	4.277761
59	49	2.672751	0.467180	1.987410	5.127341
59	50	2.672751	0.426013	1.578927	4.677691
59	51	2.672751	0.436213	1.680136	4.789100
59	52	2.672751	0.523039	2.541669	5.737459
59	53	2.672751	0.506524	2.377797	5.557072
59	54	2.672751	0.446679	1.783987	4.903417
59	55	2.672751	0.471790	2.033147	5.177687
59	56	2.672751	0.440810	2.149462	5.263023
59	57	2.672751	0.507675	2.389224	5.569650
59	58	2.672751	0.471790	2.033147	5.177687
59	59	2.672751	0.439395	1.711712	4.823858
59	60	2.672751	0.520823	2.519676	5.713250
59	61	2.672751	0.513893	2.450918	5.637562
59	62	2.672751	0.540512	2.715042	5.928304
59	63	2.672751	0.460092	1.917074	5.049917
59	64	2.672751	0.475748	2.072424	5.220923
59	65	2.672751	0.439395	1.711712	4.823858
59	66	2.672751	0.463181	1.947729	5.083661
59	67	2.672751	0.479180	2.106476	5.258407
59	68	2.672751	0.491708	2.230785	5.395244
59	69	2.672751	0.471790	2.033147	5.177687
59	70	2.672751	0.543149	2.741213	5.957113
59	71	2.672751	0.549589	2.805115	6.027455
59	72	2.672751	0.471790	2.033147	5.177687
59	73	2.672751	0.481040	2.124934	5.278725
59	74	2.672751	0.549589	2.805115	6.027455
59	75	2.672751	0.518344	2.495080	5.686174
59	76	2.672751	0.569346	3.107082	6.349179
59	77	2.672751	0.467180	1.987410	5.127341
59	78	2.672751	0.468469	2.000202	5.141422
59	79	2.672751	0.549589	2.805115	6.027455
59	80	2.672751	0.438751	1.705320	4.816822
59	81	2.672751	0.475748	2.072424	5.220923
59	82	2.672751	0.435153	2.146295	5.254199
59	83	2.672751	0.543329	2.742993	5.959072
59	84	2.672751	0.481569	2.130187	5.284507
59	85	2.672751	0.499364	2.306754	5.478869
59	86	2.672751	0.545013	2.759702	5.977465
59	87	2.672751	0.499364	2.306754	5.478869
59	88	2.672751	0.436213	1.680136	4.789100
59	89	2.672751	0.459206	1.908282	5.040238
59	90	2.672751	0.507675	2.389224	5.569650
59	91	2.672751	0.446679	1.783987	4.903417
59	92	2.672751	0.552797	2.942865	6.168413
59	93	2.672751	0.549011	2.799372	6.021134
59	94	2.672751	0.520823	2.519676	5.713250
59	95	2.672751	0.475748	2.072424	5.220923
59	96	2.672751	0.426013	1.578927	4.677691
59	97	2.672751	0.446679	1.783987	4.903417
59	98	2.672751	0.521467	2.579033	5.773250
59	99	2.672751	0.481569	2.130187	5.284507
60	0	2.636013	0.537840	2.794460	5.968313
60	1	2.636013	0.433734	1.655540	4.725288
60	2	2.636013	0.439145	1.709230	4.784388
60	3	2.636013	0.448771	1.804749	4.889534
60	4	2.636013	0.483147	2.145843	5.265004
60	5	2.636013	0.491622	2.600679	5.728315
60	6	2.636013	0.487808	2.192091	5.315913
60	7	2.636013	0.491527	2.228986	5.356526
60	8	2.636013	0.499119	2.304324	5.439457
60	9	2.636013	0.540969	2.719581	5.896563
60	10	2.636013	0.483147	2.145843	5.265004
60	11	2.636013	0.565038	2.958400	6.159450
60	12	2.636013	0.565937	3.020291	6.222242
60	13	2.636013	0.497737	2.290607	5.424358
60	14	2.636013	0.430973	1.628140	4.695126
60	15	2.636013	0.540969	2.719581	5.896563
60	16	2.636013	0.499119	2.304324	5.439457
60	17	2.636013	0.481764	2.132117	5.249894
60	18	2.636013	0.459676	1.912945	5.008634
60	19	2.636013	0.499119	2.304324	5.439457
60	20	2.636013	0.491389	2.227620	5.355022
60	21	2.636013	0.404383	1.364309	4.404705
60	22	2.636013	0.521454	2.525945	5.683413
60	23	2.636013	0.468698	2.002467	5.107178
60	24	2.636013	0.565038	2.958400	6.159450
60	25	2.636013	0.551886	2.827906	6.015806
60	26	2.636013	0.493111	2.244707	5.373831
60	27	2.636013	0.436702	1.684992	4.757707
60	28	2.636013	0.476778	2.082645	5.195437
60	29	2.636013	0.565038	2.958400	6.159450
60	30	2.636013	0.471535	2.030617	5.138165
60	31	2.636013	0.499119	2.304324	5.439457
60	32	2.636013	0.434697	1.665095	4.735806
60	33	2.636013	0.496519	2.278526	5.411059
60	34	2.636013	0.412741	1.447233	4.495987
60	35	2.636013	0.487808	2.192091	5.315913
60	36	2.636013	0.492108	2.234760	5.362881
60	37	2.636013	0.468698	2.002467	5.107178
60	38	2.636013	0.431667	1.635033	4.702713
60	39	2.636013	0.461647	1.932509	5.030170
60	40	2.636013	0.560569	2.967024	6.163606
60	41	2.636013	0.446548	1.782685	4.865247
60	42	2.636013	0.421421	1.533365	4.590800
60	43	2.636013	0.485313	2.432146	5.553472
60	44	2.636013	0.485599	2.170168	5.291781
60	45	2.636013	0.491389	2.227620	5.355022
60	46	2.636013	0.421421	1.533365	4.590800
60	47	2.636013	0.414766	1.467325	4.518103
60	48	2.636013	0.465475	1.970486	5.071974
60	49	2.636013	0.498524	2.298422	5.432960
60	50	2.636013	0.435419	2.201897	5.273330
60	51	2.636013	0.574693	3.054205	6.264911
60	52	2.636013	0.485736	2.171529	5.293279
60	53	2.636013	0.546868	2.778112	5.960993
60	54	2.636013	0.499443	2.360505	5.495962
60	55	2.636013	0.551886	2.827906	6.015806
60	56	2.636013	0.505374	2.366387	5.507775
60	57	2.636013	0.565937	3.020291	6.222242
60	58	2.636013	0.439145	1.709230	4.784388
60	59	2.636013	0.491389	2.227620	5.355022
60	60	2.636013	0.491527	2.228986	5.356526
60	61	2.636013	0.421421	1.533365	4.590800
60	62	2.636013	0.430973	1.628140	4.695126
60	63	2.636013	0.521780	2.529179	5.686973
60	64	2.636013	0.446548	1.782685	4.865247
60	65	2.636013	0.459676	1.912945	5.008634
60	66	2.636013	0.421421	1.533365	4.590800
60	67	2.636013	0.485858	2.172739	5.294610
60	68	2.636013	0.487808	2.192091	5.315913
60	69	2.636013	0.388563	1.207328	4.231904
60	70	2.636013	0.459676	1.912945	5.008634
60	71	2.636013	0.502991	2.342739	5.481743
60	72	2.636013	0.475086	2.065857	5.176957
60	73	2.636013	0.434697	1.665095	4.735806
60	74	2.636013	0.543891	2.748569	5.928472
60	75	2.636013	0.520871	2.520152	5.677036
60	76	2.636013	0.465475	1.970486	5.071974
60	77	2.636013	0.412741	1.447233	4.495987
60	78	2.636013	0.414766	1.467325	4.518103
60	79	2.636013	0.574693	3.054205	6.264911
60	80	2.636013	0.483147	2.145843	5.265004
60	81	2.636013	0.505374	2.366387	5.507775
60	82	2.636013	0.498385	2.508897	5.643295
60	83	2.636013	0.501965	2.332562	5.470540
60	84	2.636013	0.404383	1.364309	4.404705
60	85	2.636013	0.459676	1.912945	5.008634
60	86	2.636013	0.377554	1.098093	4.111661
60	87	2.636013	0.491389	2.227620	5.355022
60	88	2.636013	0.461647	1.932509	5.030170
60	89	2.636013	0.471535	2.030617	5.138165
60	90	2.636013	0.431667	1.635033	4.702713
60	91	2.636013	0.548985	2.799119	5.984118
60	92	2.636013	0.485736	2.171529	5.293279
60	93	2.636013	0.491389	2.227620	5.355022
60	94	2.636013	0.492108	2.234760	5.362881
60	95	2.636013	0.565937	3.020291	6.222242
60	96	2.636013	0.483147	2.145843	5.265004
60	97	2.636013	0.465475	1.970486	5.071974
60	98	2.636013	0.459919	1.915356	5.011287
60	99	2.636013	0.459676	1.912945	5.008634
61	0	2.598302	0.513463	2.446647	5.558412
61	1	2.598302	0.428800	1.606584	4.633686
61	2	2.598302	0.537566	2.685810	5.821677
61	3	2.598302	0.544711	2.756708	5.899721
61	4	2.598302	0.527019	2.845977	5.971298
61	5	2.598302	0.536188	2.672142	5.806632
61	6	2.598302	0.550977	2.818879	5.968157
61	7	2.598302	0.447123	1.788387	4.833812
61	8	2.598302	0.448225	1.799328	4.845855
61	9	2.598302	0.434734	1.665462	4.698498
61	10	2.598302	0.448225	1.799328	4.845855
61	11	2.598302	0.592115	3.333002	6.523419
61	12	2.598302	0.435773	1.675775	4.709850
61	13	2.598302	0.494170	2.255212	5.347683
61	14	2.598302	0.550110	2.810282	5.958695
61	15	2.598302	0.427871	2.074041	5.100214
61	16	2.598302	0.524117	2.552366	5.674785
61	17	2.598302	0.443153	1.748998	4.790453
61	18	2.598302	0.466732	1.982965	5.047999
61	19	2.598302	0.463143	1.947348	5.008793
61	20	2.598302	0.428800	1.606584	4.633686
61	21	2.598302	0.453276	1.849445	4.901023
61	22	2.598302	0.533909	2.649522	5.781733
61	23	2.598302	0.470687	2.392948	5.461937
61	24	2.598302	0.536188	2.672142	5.806632
61	25	2.598302	0.524794	2.559078	5.682174
61	26	2.598302	0.483563	2.149969	5.231834
61	27	2.598302	0.473773	2.052826	5.124901
61	28	2.598302	0.475896	2.073891	5.148089
61	29	2.598302	0.490002	2.213860	5.302164
61	30	2.598302	0.546586	3.040133	6.185021
61	31	2.598302	0.447123	1.788387	4.833812
61	32	2.598302	0.475896	2.073891	5.148089
61	33	2.598302	0.525608	2.831975	5.955884
61	34	2.598302	0.475355	2.068524	5.142181
61	35	2.598302	0.534176	2.705143	5.837621
61	36	2.598302	0.433023	1.648486	4.679811
61	37	2.598302	0.537566	2.685810	5.821677
61	38	2.598302	0.490002	2.213860	5.302164
61	39	2.598302	0.524117	2.552366	5.674785
61	40	2.598302	0.524794	2.559078	5.682174
61	41	2.598302	0.473002	2.045174	5.116478
61	42	2.598302	0.435773	1.675775	4.709850
61	43	2.598302	0.419214	1.511464	4.528980
61	44	2.598302	0.457704	1.893378	4.949383
61	45	2.598302	0.560187	2.910271	6.068760
61	46	2.598302	0.457704	1.893378	4.949383
61	47	2.598302	0.548809	2.797368	5.944478
61	48	2.598302	0.494170	2.255212	5.347683
61	49	2.598302	0.494170	2.255212	5.347683
61	50	2.598302	0.390835	1.229871	4.219008
61	51	2.598302	0.435773	1.675775	4.709850
61	52	2.598302	0.591906	3.224998	6.415206
61	53	2.598302	0.500901	2.322006	5.421209
61	54	2.598302	0.435773	1.675775	4.709850
61	55	2.598302	0.483725	2.151571	5.233597
61	56	2.598302	0.591422	3.220201	6.409926
61	57	2.598302	0.476288	2.077780	5.152370
61	58	2.598302	0.527957	2.855285	5.981544
61	59	2.598302	0.548809	2.797368	5.944478
61	60	2.598302	0.516234	2.474144	5.588680
61	61	2.598302	0.491462	2.228349	5.318114
61	62	2.598302	0.544711	2.756708	5.899721
61	63	2.598302	0.434734	1.665462	4.698498
61	64	2.598302	0.524117	2.552366	5.674785
61	65	2.598302	0.578920	3.096144	6.273366
61	66	2.598302	0.539413	2.704141	5.841856
61	67	2.598302	0.466732	1.982965	5.047999
61	68	2.598302	0.488791	2.201841	5.288934
61	69	2.598302	0.487803	2.192037	5.278142
61	70	2.598302	0.466732	1.982965	5.047999
61	71	2.598302	0.447123	1.788387	4.833812
61	72	2.598302	0.500901	2.322006	5.421209
61	73	2.598302	0.475896	2.073891	5.148089
61	74	2.598302	0.442505	1.742573	4.783380
61	75	2.598302	0.589041	3.196572	6.383915
61	76	2.598302	0.500901	2.322006	5.421209
61	77	2.598302	0.520823	2.519681	5.638806
61	78	2.598302	0.544711	2.756708	5.899721
61	79	2.598302	0.542623	2.735988	5.876913
61	80	2.598302	0.467105	1.986666	5.052073
61	81	2.598302	0.455020	1.866754	4.920076
61	82	2.598302	0.419214	1.511464	4.528980
61	83	2.598302	0.536188	2.672142	5.806632
61	84	2.598302	0.542623	2.735988	5.876913
61	85	2.598302	0.494284	2.256343	5.348928
61	86	2.598302	0.461529	1.931339	4.991170
61	87	2.598302	0.380623	1.128548	4.107473
61	88	2.598302	0.537804	2.688173	5.824279
61	89	2.598302	0.475355	2.068524	5.142181
61	90	2.598302	0.559658	2.905020	6.062980
61	91	2.598302	0.419214	1.511464	4.528980
61	92	2.598302	0.427871	2.074041	5.100214
61	93	2.598302	0.486799	2.446892	5.531992
61	94	2.598302	0.473773	2.052826	5.124901
61	95	2.598302	0.510550	2.417750	5.526602
61	96	2.598302	0.520823	2.519681	5.638806
61	97	2.598302	0.524794	2.559078	5.682174
61	98	2.598302	0.455020	1.866754	4.920076
61	99	2.598302	0.433023	1.648486	4.679811
62	0	2.633281	0.453654	2.223937	5.310871
62	1	2.633281	0.439925	1.716969	4.790175
62	2	2.633281	0.481794	2.132415	5.247490
62	3	2.633281	0.546143	2.770921	5.950345
62	4	2.633281	0.418973	1.509074	4.561328
62	5	2.633281	0.475287	2.067847	5.176415
62	6	2.633281	0.480352	2.118107	5.231740
62	7	2.633281	0.473504	2.050161	5.156947
62	8	2.633281	0.508677	2.399163	5.541121
62	9	2.633281	0.555347	2.862248	6.050876
62	10	2.633281	0.484190	2.156192	5.273663
62	11	2.633281	0.550198	2.811157	5.994636
62	12	2.633281	0.508677	2.399163	5.541121
62	13	2.633281	0.423360	1.552601	4.609241
62	14	2.633281	0.544246	2.858025	6.035553
62	15	2.633281	0.446648	1.783675	4.863603
62	16	2.633281	0.387296	1.194759	4.215336
62	17	2.633281	0.535831	2.668594	5.837705
62	18	2.633281	0.416206	1.481620	4.531107
62	19	2.633281	0.436259	1.680590	4.750129
62	20	2.633281	0.436259	1.680590	4.750129
62	21	2.633281	0.423360	1.552601	4.609241
62	22	2.633281	0.455050	1.867046	4.955376
62	23	2.633281	0.480352	2.118107	5.231740
62	24	2.633281	0.446664	1.783834	4.863778
62	25	2.633281	0.481794	2.132415	5.247490
62	26	2.633281	0.486910	2.183177	5.303368
62	27	2.633281	0.512975	2.706627	5.852883
62	28	2.633281	0.462048	1.936480	5.031809
62	29	2.633281	0.505699	2.369614	5.508594
62	30	2.633281	0.441554	1.733132	4.807966
62	31	2.633281	0.434122	1.659387	4.726790
62	32	2.633281	0.468388	1.999395	5.101063
62	33	2.633281	0.376464	1.722846	4.732591
62	34	2.633281	0.462124	1.937244	5.032649
62	35	2.633281	0.524484	2.556011	5.713776
62	36	2.633281	0.432204	1.640360	4.705845
62	37	2.633281	0.446664	1.783834	4.863778
62	38	2.633281	0.531754	2.628138	5.793172
62	39	2.633281	0.521635	2.527742	5.682658
62	40	2.633281	0.433128	1.649528	4.715937
62	41	2.633281	0.432204	1.640360	4.705845
62	42	2.633281	0.469019	2.005656	5.107956
62	43	2.633281	0.597546	3.280964	6.511790
62	44	2.633281	0.444810	1.765439	4.843529
62	45	2.633281	0.551496	2.824035	6.008812
62	46	2.633281	0.535831	2.668594	5.837705
62	47	2.633281	0.546143	2.770921	5.950345
62	48	2.633281	0.489315	2.418895	5.541491
62	49	2.633281	0.435253	1.670611	4.739145
62	50	2.633281	0.446664	1.783834	4.863778
62	51	2.633281	0.541089	2.720770	5.895140
62	52	2.633281	0.439249	1.710264	4.782794
62	53	2.633281	0.531754	2.628138	5.793172
62	54	2.633281	0.468388	1.999395	5.101063
62	55	2.633281	0.597546	3.280964	6.511790
62	56	2.633281	0.518775	2.499360	5.651416
62	57	2.633281	0.467501	1.990591	5.091373
62	58	2.633281	0.435799	1.676031	4.745111
62	59	2.633281	0.432206	1.640381	4.705868
62	60	2.633281	0.444810	1.765439	4.843529
62	61	2.633281	0.555347	2.862248	6.050876
62	62	2.633281	0.531754	2.628138	5.793172
62	63	2.633281	0.473504	2.050161	5.156947
62	64	2.633281	0.542715	2.789863	5.965859
62	65	2.633281	0.589011	3.196279	6.418571
62	66	2.633281	0.432204	1.640360	4.705845
62	67	2.633281	0.479006	2.210674	5.322960
62	68	2.633281	0.483366	2.148014	5.264661
62	69	2.633281	0.467501	1.990591	5.091373
62	70	2.633281	0.582916	3.135798	6.351995
62	71	2.633281	0.455050	1.867046	4.955376
62	72	2.633281	0.463068	1.946605	5.042954
62	73	2.633281	0.483366	2.148014	5.264661
62	74	2.633281	0.468388	1.999395	5.101063
62	75	2.633281	0.483025	2.144628	5.260934
62	76	2.633281	0.532065	2.631227	5.796572
62	77	2.633281	0.432206	1.640381	4.705868
62	78	2.633281	0.577350	3.080574	6.291205
62	79	2.633281	0.435253	1.670611	4.739145
62	80	2.633281	0.587165	3.177963	6.398409
62	81	2.633281	0.532065	2.631227	5.796572
62	82	2.633281	0.416206	1.481620	4.531107
62	83	2.633281	0.535831	2.668594	5.837705
62	84	2.633281	0.481794	2.132415	5.247490
62	85	2.633281	0.474209	2.057153	5.164643
62	86	2.633281	0.467501	1.990591	5.091373
62	87	2.633281	0.474209	2.057153	5.164643
62	88	2.633281	0.436259	1.680590	4.750129
62	89	2.633281	0.544246	2.858025	6.035553
62	90	2.633281	0.435253	1.670611	4.739145
62	91	2.633281	0.482708	2.141487	5.257476
62	92	2.633281	0.435253	1.670611	4.739145
62	93	2.633281	0.544246	2.858025	6.035553
62	94	2.633281	0.462124	1.937244	5.032649
62	95	2.633281	0.432206	1.640381	4.705868
62	96	2.633281	0.462635	2.366024	5.461940
62	97	2.633281	0.560162	2.910019	6.103461
62	98	2.633281	0.484146	2.155753	5.273179
62	99	2.633281	0.589011	3.196279	6.418571
63	0	2.640547	0.503126	2.344082	5.487755
63	1	2.640547	0.594375	3.249502	6.484424
63	2	2.640547	0.450695	1.823833	4.915075
63	3	2.640547	0.438863	1.706427	4.785837
63	4	2.640547	0.488852	2.202447	5.331846
63	5	2.640547	0.480473	2.119305	5.240325
63	6	2.640547	0.448900	1.806025	4.895472
63	7	2.640547	0.466077	1.976464	5.083088
63	8	2.640547	0.494986	2.263309	5.398841
63	9	2.640547	0.426747	1.586213	4.653507
63	10	2.640547	0.437835	1.696233	4.774615
63	11	2.640547	0.542001	2.835743	6.018291
63	12	2.640547	0.500889	2.321880	5.463316
63	13	2.640547	0.439290	1.710668	4.790505
63	14	2.640547	0.426747	1.586213	4.653507
63	15	2.640547	0.500756	2.320564	5.461867
63	16	2.640547	0.500889	2.321880	5.463316
63	17	2.640547	0.477308	2.087903	5.205758
63	18	2.640547	0.538554	2.695611	5.874712
63	19	2.640547	0.432883	1.647095	4.720525
63	20	2.640547	0.481496	2.341316	5.463359
63	21	2.640547	0.568893	2.996652	6.206092
63	22	2.640547	0.462153	1.937522	5.040222
63	23	2.640547	0.559896	3.013313	6.213756
63	24	2.640547	0.439290	1.710668	4.790505
63	25	2.640547	0.542531	2.841006	6.024084
63	26	2.640547	0.490191	2.215731	5.346469
63	27	2.640547	0.442840	1.745898	4.829286
63	28	2.640547	0.493829	2.251829	5.386204
63	29	2.640547	0.503126	2.344082	5.487755
63	30	2.640547	0.432883	1.647095	4.720525
63	31	2.640547	0.475719	2.072135	5.188400
63	32	2.640547	0.503425	2.611863	5.755834
63	33	2.640547	0.511050	2.422706	5.574303
63	34	2.640547	0.511208	2.424275	5.576030
63	35	2.640547	0.568893	2.996652	6.206092
63	36	2.640547	0.476403	2.078922	5.195872
63	37	2.640547	0.528641	2.597258	5.766447
63	38	2.640547	0.542126	2.731056	5.913729
63	39	2.640547	0.468107	1.996610	5.105264
63	40	2.640547	0.446645	1.783649	4.870841
63	41	2.640547	0.549133	2.959476	6.149156
63	42	2.640547	0.450695	1.823833	4.915075
63	43	2.640547	0.493829	2.251829	5.386204
63	44	2.640547	0.442840	1.745898	4.829286
63	45	2.640547	0.524656	2.557712	5.722915
63	46	2.640547	0.460132	1.917474	5.018153
63	47	2.640547	0.465692	1.972646	5.078885
63	48	2.640547	0.468107	1.996610	5.105264
63	49	2.640547	0.529768	2.608436	5.778751
63	50	2.640547	0.480473	2.119305	5.240325
63	51	2.640547	0.493829	2.251829	5.386204
63	52	2.640547	0.476403	2.078922	5.195872
63	53	2.640547	0.450695	1.823833	4.915075
63	54	2.640547	0.539928	2.921104	6.101578
63	55	2.640547	0.493829	2.251829	5.386204
63	56	2.640547	0.538554	2.695611	5.874712
63	57	2.640547	0.491192	2.225666	5.357405
63	58	2.640547	0.515573	2.467587	5.623707
63	59	2.640547	0.490191	2.215731	5.346469
63	60	2.640547	0.479608	2.110724	5.230879
63	61	2.640547	0.460132	1.917474	5.018153
63	62	2.640547	0.511208	2.424275	5.576030
63	63	2.640547	0.373703	1.059885	4.074135
63	64	2.640547	0.438863	1.706427	4.785837
63	65	2.640547	0.459636	1.912551	5.012734
63	66	2.640547	0.475391	2.068877	5.184815
63	67	2.640547	0.465692	1.972646	5.078885
63	68	2.640547	0.438863	1.706427	4.785837
63	69	2.640547	0.568893	2.996652	6.206092
63	70	2.640547	0.473194	2.047083	5.160824
63	71	2.640547	0.439666	1.714402	4.794615
63	72	2.640547	0.568893	2.996652	6.206092
63	73	2.640547	0.531527	2.784778	5.956851
63	74	2.640547	0.511208	2.424275	5.576030
63	75	2.640547	0.490191	2.215731	5.346469
63	76	2.640547	0.529768	2.608436	5.778751
63	77	2.640547	0.428894	1.607518	4.676959
63	78	2.640547	0.442840	1.745898	4.829286
63	79	2.640547	0.462153	1.937522	5.040222
63	80	2.640547	0.586463	3.223960	6.450970
63	81	2.640547	0.488852	2.202447	5.331846
63	82	2.640547	0.413093	1.450725	4.504364
63	83	2.640547	0.506381	2.376382	5.523310
63	84	2.640547	0.413093	1.450725	4.504364
63	85	2.640547	0.517241	2.484140	5.641928
63	86	2.640547	0.439290	1.710668	4.790505
63	87	2.640547	0.435755	1.675591	4.751893
63	88	2.640547	0.568893	2.996652	6.206092
63	89	2.640547	0.462092	1.936920	5.039559
63	90	2.640547	0.498648	2.299644	5.438839
63	91	2.640547	0.428894	1.607518	4.676959
63	92	2.640547	0.500756	2.320564	5.461867
63	93	2.640547	0.511341	2.425596	5.577484
63	94	2.640547	0.500696	2.319971	5.461214
63	95	2.640547	0.536016	2.776365	5.952928
63	96	2.640547	0.465692	1.972646	5.078885
63	97	2.640547	0.475719	2.072135	5.188400
63	98	2.640547	0.529768	2.608436	5.778751
63	99	2.640547	0.482085	2.135306	5.257938
64	0	2.504811	0.456985	1.886244	4.848040
64	1	2.504811	0.450750	1.824382	4.779943
64	2	2.504811	0.482234	2.136778	5.123823
64	3	2.504811	0.476461	2.079498	5.060769
64	4	2.504811	0.413231	1.452101	4.370143
64	5	2.504811	0.527727	2.905966	5.938504
64	6	2.504811	0.483122	2.145590	5.133523
64	7	2.504811	0.510949	2.421710	5.437470
64	8	2.504811	0.543835	2.748020	5.796666
64	9	2.504811	0.506408	2.641469	5.652688
64	10	2.504811	0.464023	1.956079	4.924912
64	11	2.504811	0.457728	1.893616	4.856155
64	12	2.504811	0.562523	2.933446	6.000779
64	13	2.504811	0.510564	2.417888	5.433263
64	14	2.504811	0.492879	2.242406	5.240095
64	15	2.504811	0.543835	2.748020	5.796666
64	16	2.504811	0.566568	3.132478	6.203856
64	17	2.504811	0.485198	2.166190	5.156199
64	18	2.504811	0.494636	2.259842	5.259288
64	19	2.504811	0.473658	2.051681	5.030149
64	20	2.504811	0.453625	1.852907	4.811343
64	21	2.504811	0.519603	2.507571	5.531985
64	22	2.504811	0.458818	1.904434	4.868063
64	23	2.504811	0.381675	1.138981	4.025466
64	24	2.504811	0.540994	2.719826	5.765630
64	25	2.504811	0.446672	1.783912	4.735394
64	26	2.504811	0.529852	2.609270	5.643933
64	27	2.504811	0.481496	2.129458	5.115765
64	28	2.504811	0.438704	1.704856	4.648370
64	29	2.504811	0.469686	2.012270	4.986766
64	30	2.504811	0.457728	1.893616	4.856155
64	31	2.504811	0.446309	1.780315	4.731435
64	32	2.504811	0.456985	1.886244	4.848040
64	33	2.504811	0.519783	2.509359	5.533953
64	34	2.504811	0.353299	1.598913	4.457023
64	35	2.504811	0.506408	2.641469	5.652688
64	36	2.504811	0.446672	1.783912	4.735394
64	37	2.504811	0.519783	2.509359	5.533953
64	38	2.504811	0.519783	2.509359	5.533953
64	39	2.504811	0.509750	2.409808	5.424369
64	40	2.504811	0.510997	2.422180	5.437987
64	41	2.504811	0.519603	2.507571	5.531985
64	42	2.504811	0.456985	1.886244	4.848040
64	43	2.504811	0.491240	2.226147	5.222198
64	44	2.504811	0.501540	2.328344	5.334694
64	45	2.504811	0.510564	2.417888	5.433263
64	46	2.504811	0.521783	2.529203	5.555796
64	47	2.504811	0.413231	1.452101	4.370143
64	48	2.504811	0.547272	2.782118	5.834200
64	49	2.504811	0.566683	2.974727	6.046221
64	50	2.504811	0.494082	2.254345	5.253238
64	51	2.504811	0.510564	2.417888	5.433263
64	52	2.504811	0.518220	2.493855	5.516886
64	53	2.504811	0.509826	2.516490	5.531127
64	54	2.504811	0.501419	2.327147	5.333377
64	55	2.504811	0.501540	2.328344	5.334694
64	56	2.504811	0.449705	1.814015	4.768531
64	57	2.504811	0.621233	3.515997	6.642041
64	58	2.504811	0.491240	2.226147	5.222198
64	59	2.504811	0.547272	2.782118	5.834200
64	60	2.504811	0.602008	3.325236	6.432055
64	61	2.504811	0.509750	2.409808	5.424369
64	62	2.504811	0.510564	2.417888	5.433263
64	63	2.504811	0.566683	2.974727	6.046221
64	64	2.504811	0.475387	2.068840	5.049037
64	65	2.504811	0.496606	2.279392	5.280809
64	66	2.504811	0.539929	2.709260	5.754000
64	67	2.504811	0.529852	2.609270	5.643933
64	68	2.504811	0.540994	2.719826	5.765630
64	69	2.504811	0.589750	3.309539	6.404100
64	70	2.504811	0.464023	1.956079	4.924912
64	71	2.504811	0.540994	2.719826	5.765630
64	72	2.504811	0.566568	3.132478	6.203856
64	73	2.504811	0.509750	2.409808	5.424369
64	74	2.504811	0.473658	2.051681	5.030149
64	75	2.504811	0.494082	2.254345	5.253238
64	76	2.504811	0.543835	2.748020	5.796666
64	77	2.504811	0.495639	2.269788	5.270237
64	78	2.504811	0.481131	2.125839	5.111781
64	79	2.504811	0.505347	2.736867	5.747025
64	80	2.504811	0.529852	2.609270	5.643933
64	81	2.504811	0.453625	1.852907	4.811343
64	82	2.504811	0.550141	3.022443	6.077394
64	83	2.504811	0.381675	1.138981	4.025466
64	84	2.504811	0.557677	2.885365	5.947853
64	85	2.504811	0.438704	1.704856	4.648370
64	86	2.504811	0.478609	2.100808	5.084228
64	87	2.504811	0.519603	2.507571	5.531985
64	88	2.504811	0.481496	2.129458	5.115765
64	89	2.504811	0.493347	2.247048	5.245206
64	90	2.504811	0.602008	3.325236	6.432055
64	91	2.504811	0.464023	1.956079	4.924912
64	92	2.504811	0.413231	1.452101	4.370143
64	93	2.504811	0.473658	2.051681	5.030149
64	94	2.504811	0.605340	3.358302	6.468452
64	95	2.504811	0.481131	2.125839	5.111781
64	96	2.504811	0.458818	1.904434	4.868063
64	97	2.504811	0.451933	1.836119	4.792863
64	98	2.504811	0.501540	2.328344	5.334694
64	99	2.504811	0.473316	2.048289	5.026415
65	0	2.732720	0.457431	1.890677	5.080828
65	1	2.732720	0.467431	2.307683	5.507834
65	2	2.732720	0.488121	2.195197	5.416037
65	3	2.732720	0.478142	2.096181	5.307043
65	4	2.732720	0.522919	2.540475	5.796113
65	5	2.732720	0.503303	2.345836	5.581858
65	6	2.732720	0.461228	1.928352	5.122299
65	7	2.732720	0.481402	2.128528	5.342650
65	8	2.732720	0.481402	2.128528	5.342650
65	9	2.732720	0.456462	1.881057	5.070238
65	10	2.732720	0.430292	1.621385	4.784396
65	11	2.732720	0.462272	1.938704	5.133695
65	12	2.732720	0.427062	1.589338	4.749119
65	13	2.732720	0.472736	2.042534	5.247990
65	14	2.732720	0.503317	2.345974	5.582010
65	15	2.732720	0.503303	2.345836	5.581858
65	16	2.732720	0.427062	1.589338	4.749119
65	17	2.732720	0.490096	2.214792	5.437607
65	18	2.732720	0.425414	1.572980	4.731113
65	19	2.732720	0.578615	3.146080	6.457414
65	20	2.732720	0.469925	2.014649	5.217294
65	21	2.732720	0.501066	2.323646	5.557432
65	22	2.732720	0.461228	1.928352	5.122299
65	23	2.732720	0.433922	1.657405	4.824047
65	24	2.732720	0.551545	2.824517	6.108781
65	25	2.732720	0.503303	2.345836	5.581858
65	26	2.732720	0.442901	1.746500	4.922121
65	27	2.732720	0.477189	2.086720	5.296628
65	28	2.732720	0.503317	2.345974	5.582010
65	29	2.732720	0.434204	1.660207	4.827132
65	30	2.732720	0.503870	2.351466	5.588056
65	31	2.732720	0.400599	1.326758	4.460077
65	32	2.732720	0.449653	1.813494	4.995866
65	33	2.732720	0.490096	2.214792	5.437607
65	34	2.732720	0.469925	2.014649	5.217294
65	35	2.732720	0.520328	2.514772	5.767819
65	36	2.732720	0.449438	1.811361	4.993518
65	37	2.732720	0.425414	1.572980	4.731113
65	38	2.732720	0.492989	2.243495	5.469204
65	39	2.732720	0.468532	2.000818	5.202069
65	40	2.732720	0.469925	2.014649	5.217294
65	41	2.732720	0.536281	2.673057	5.942057
65	42	2.732720	0.499574	2.308841	5.541136
65	43	2.732720	0.499003	2.356130	5.587852
65	44	2.732720	0.513759	2.714407	5.960885
65	45	2.732720	0.449653	1.813494	4.995866
65	46	2.732720	0.425813	1.576941	4.735474
65	47	2.732720	0.574030	3.100589	6.407338
65	48	2.732720	0.475442	2.069383	5.277544
65	49	2.732720	0.434204	1.660207	4.827132
65	50	2.732720	0.468301	2.316313	5.517334
65	51	2.732720	0.470939	2.024711	5.228370
65	52	2.732720	0.414422	1.463916	4.611058
65	53	2.732720	0.478142	2.096181	5.307043
65	54	2.732720	0.577299	3.080066	6.390085
65	55	2.732720	0.547792	2.787282	6.067793
65	56	2.732720	0.604418	3.349155	6.686293
65	57	2.732720	0.464215	1.957987	5.154921
65	58	2.732720	0.559907	2.907491	6.200118
65	59	2.732720	0.461228	1.928352	5.122299
65	60	2.732720	0.519736	2.508891	5.761347
65	61	2.732720	0.467532	1.990903	5.191154
65	62	2.732720	0.478142	2.096181	5.307043
65	63	2.732720	0.425682	1.575640	4.734041
65	64	2.732720	0.485177	2.165980	5.383876
65	65	2.732720	0.497535	2.606387	5.836642
65	66	2.732720	0.456462	1.881057	5.070238
65	67	2.732720	0.441372	1.731329	4.905421
65	68	2.732720	0.462272	1.938704	5.133695
65	69	2.732720	0.444994	1.767267	4.944981
65	70	2.732720	0.488104	2.195023	5.415846
65	71	2.732720	0.535129	2.714596	5.982444
65	72	2.732720	0.534862	2.658977	5.926558
65	73	2.732720	0.477702	2.091815	5.302237
65	74	2.732720	0.400599	1.326758	4.460077
65	75	2.732720	0.448720	1.804242	4.985682
65	76	2.732720	0.493825	2.251796	5.478341
65	77	2.732720	0.493527	2.248836	5.475082
65	78	2.732720	0.468532	2.000818	5.202069
65	79	2.732720	0.534862	2.658977	5.926558
65	80	2.732720	0.551502	2.824097	6.108319
65	81	2.732720	0.551545	2.824517	6.108781
65	82	2.732720	0.451701	1.833816	5.018236
65	83	2.732720	0.433922	1.657405	4.824047
65	84	2.732720	0.454148	1.858100	5.044968
65	85	2.732720	0.449438	1.811361	4.993518
65	86	2.732720	0.458606	1.902329	5.093654
65	87	2.732720	0.430292	1.621385	4.784396
65	88	2.732720	0.457431	1.890677	5.080828
65	89	2.732720	0.486412	2.178236	5.397367
65	90	2.732720	0.549528	2.804507	6.086755
65	91	2.732720	0.499574	2.308841	5.541136
65	92	2.732720	0.472228	2.037501	5.242449
65	93	2.732720	0.521605	2.580406	5.834731
65	94	2.732720	0.509181	2.404162	5.646062
65	95	2.732720	0.571167	3.019220	6.323107
65	96	2.732720	0.493296	2.511362	5.737377
65	97	2.732720	0.464215	1.957987	5.154921
65	98	2.732720	0.441372	1.731329	4.905421
65	99	2.732720	0.428725	1.605834	4.767278
66	0	2.466627	0.440917	1.726809	4.634353
66	1	2.466627	0.455121	1.867757	4.789505
66	2	2.466627	0.484128	2.155575	5.106330
66	3	2.466627	0.443064	1.748114	4.657804
66	4	2.466627	0.466225	1.977935	4.910787
66	5	2.466627	0.444815	1.765493	4.676936
66	6	2.466627	0.456635	1.882774	4.806036
66	7	2.466627	0.537862	2.688751	5.693240
66	8	2.466627	0.445594	1.773225	4.685446
66	9	2.466627	0.440917	1.726809	4.634353
66	10	2.466627	0.456635	1.882774	4.806036
66	11	2.466627	0.532191	2.685443	5.684261
66	12	2.466627	0.574498	3.052271	6.093396
66	13	2.466627	0.500036	2.313422	5.280085
66	14	2.466627	0.443064	1.748114	4.657804
66	15	2.466627	0.471478	2.030058	4.968163
66	16	2.466627	0.416335	1.482901	4.365863
66	17	2.466627	0.595197	3.257656	6.319480
66	18	2.466627	0.448184	2.222625	5.137436
66	19	2.466627	0.478703	2.101744	5.047074
66	20	2.466627	0.584067	3.147219	6.197914
66	21	2.466627	0.483097	2.145344	5.095068
66	22	2.466627	0.439196	1.709737	4.615560
66	23	2.466627	0.443165	1.749116	4.658908
66	24	2.466627	0.574062	3.047945	6.088634
66	25	2.466627	0.510594	2.418178	5.395399
66	26	2.466627	0.471478	2.030058	4.968163
66	27	2.466627	0.512077	2.432901	5.411606
66	28	2.466627	0.487705	2.191064	5.145396
66	29	2.466627	0.536025	2.670526	5.673178
66	30	2.466627	0.410211	1.951772	4.828610
66	31	2.466627	0.537862	2.688751	5.693240
66	32	2.466627	0.474515	2.219080	5.160222
66	33	2.466627	0.557307	2.881695	5.905630
66	34	2.466627	0.574498	3.052271	6.093396
66	35	2.466627	0.477068	2.085517	5.029212
66	36	2.466627	0.462969	1.945621	4.875217
66	37	2.466627	0.443953	1.756937	4.667517
66	38	2.466627	0.541155	2.774392	5.782174
66	39	2.466627	0.536025	2.670526	5.673178
66	40	2.466627	0.512077	2.432901	5.411606
66	41	2.466627	0.555976	2.921454	5.944058
66	42	2.466627	0.506012	2.372721	5.345361
66	43	2.466627	0.487705	2.191064	5.145396
66	44	2.466627	0.466225	1.977935	4.910787
66	45	2.466627	0.574498	3.052271	6.093396
66	46	2.466627	0.434762	1.665738	4.567127
66	47	2.466627	0.536025	2.670526	5.673178
66	48	2.466627	0.487705	2.191064	5.145396
66	49	2.466627	0.443064	1.748114	4.657804
66	50	2.466627	0.416335	1.482901	4.365863
66	51	2.466627	0.574062	3.047945	6.088634
66	52	2.466627	0.460532	1.921444	4.848603
66	53	2.466627	0.511684	2.428995	5.407306
66	54	2.466627	0.489609	2.209963	5.166200
66	55	2.466627	0.440917	1.726809	4.634353
66	56	2.466627	0.494634	2.259817	5.221078
66	57	2.466627	0.443953	1.756937	4.667517
66	58	2.466627	0.565926	2.967213	5.999766
66	59	2.466627	0.511684	2.428995	5.407306
66	60	2.466627	0.483097	2.145344	5.095068
66	61	2.466627	0.512553	2.437616	5.416796
66	62	2.466627	0.495637	2.269767	5.232031
66	63	2.466627	0.410211	1.951772	4.828610
66	64	2.466627	0.444815	1.765493	4.676936
66	65	2.466627	0.490664	2.220429	5.177720
66	66	2.466627	0.451359	1.830425	4.748412
66	67	2.466627	0.513936	2.451344	5.431907
66	68	2.466627	0.487705	2.191064	5.145396
66	69	2.466627	0.495637	2.269767	5.232031
66	70	2.466627	0.450629	2.299853	5.217109
66	71	2.466627	0.520822	2.678557	5.666006
66	72	2.466627	0.582031	3.127018	6.175677
66	73	2.466627	0.455121	1.867757	4.789505
66	74	2.466627	0.505376	2.366408	5.338411
66	75	2.466627	0.499492	2.308019	5.274138
66	76	2.466627	0.525290	2.564006	5.555924
66	77	2.466627	0.462969	1.945621	4.875217
66	78	2.466627	0.466225	1.977935	4.910787
66	79	2.466627	0.565926	2.967213	5.999766
66	80	2.466627	0.476801	2.082875	5.026303
66	81	2.466627	0.451359	1.830425	4.748412
66	82	2.466627	0.491456	2.228287	5.186370
66	83	2.466627	0.472546	2.464365	5.403539
66	84	2.466627	0.375839	1.081075	3.923542
66	85	2.466627	0.574062	3.047945	6.088634
66	86	2.466627	0.503676	2.349538	5.319841
66	87	2.466627	0.435683	1.674873	4.577183
66	88	2.466627	0.443064	1.748114	4.657804
66	89	2.466627	0.477578	2.090583	5.034789
66	90	2.466627	0.503676	2.349538	5.319841
66	91	2.466627	0.443165	1.749116	4.658908
66	92	2.466627	0.490378	2.217590	5.174595
66	93	2.466627	0.440917	1.726809	4.634353
66	94	2.466627	0.375839	1.081075	3.923542
66	95	2.466627	0.552711	2.836084	5.855422
66	96	2.466627	0.535429	2.664605	5.666661
66	97	2.466627	0.503676	2.349538	5.319841
66	98	2.466627	0.387300	1.194795	4.048722
66	99	2.466627	0.491456	2.228287	5.186370
67	0	2.413990	0.417843	1.497864	4.329698
67	1	2.413990	0.573540	3.042761	6.030291
67	2	2.413990	0.511605	2.428211	5.353806
67	3	2.413990	0.486992	2.183993	5.084975
67	4	2.413990	0.584233	3.201826	6.200049
67	5	2.413990	0.551083	2.819940	5.785013
67	6	2.413990	0.510207	2.414340	5.338537
67	7	2.413990	0.545609	2.765620	5.725219
67	8	2.413990	0.427635	1.595018	4.436642
67	9	2.413990	0.551083	2.819940	5.785013
67	10	2.413990	0.506191	2.374493	5.294675
67	11	2.413990	0.546097	2.770458	5.730545
67	12	2.413990	0.483400	2.148352	5.045742
67	13	2.413990	0.496224	2.328565	5.238779
67	14	2.413990	0.573540	3.042761	6.030291
67	15	2.413990	0.463186	1.947777	4.824954
67	16	2.413990	0.526496	2.575973	5.516460
67	17	2.413990	0.437956	1.697429	4.549375
67	18	2.413990	0.469725	2.012663	4.896379
67	19	2.413990	0.510207	2.414340	5.338537
67	20	2.413990	0.417843	1.497864	4.329698
67	21	2.413990	0.523937	2.550583	5.488511
67	22	2.413990	0.492852	2.242135	5.148977
67	23	2.413990	0.474830	2.063316	4.952137
67	24	2.413990	0.511380	2.584869	5.510239
67	25	2.413990	0.463186	1.947777	4.824954
67	26	2.413990	0.492852	2.242135	5.148977
67	27	2.413990	0.506191	2.374493	5.294675
67	28	2.413990	0.519986	2.511373	5.445349
67	29	2.413990	0.585649	3.162917	6.162556
67	30	2.413990	0.508089	2.393327	5.315406
67	31	2.413990	0.485135	2.165566	5.064691
67	32	2.413990	0.494846	2.261923	5.170759
67	33	2.413990	0.486992	2.183993	5.084975
67	34	2.413990	0.576251	3.069661	6.059902
67	35	2.413990	0.470727	2.022600	4.907316
67	36	2.413990	0.512618	2.438265	5.364873
67	37	2.413990	0.522755	2.538850	5.475595
67	38	2.413990	0.585649	3.162917	6.162556
67	39	2.413990	0.470727	2.022600	4.907316
67	40	2.413990	0.469835	2.013751	4.897576
67	41	2.413990	0.492852	2.242135	5.148977
67	42	2.413990	0.516223	2.474039	5.404253
67	43	2.413990	0.463186	1.947777	4.824954
67	44	2.413990	0.428254	2.077842	4.920087
67	45	2.413990	0.524967	2.560795	5.499752
67	46	2.413990	0.429832	1.616823	4.460645
67	47	2.413990	0.469835	2.013751	4.897576
67	48	2.413990	0.585649	3.162917	6.162556
67	49	2.413990	0.470727	2.022600	4.907316
67	50	2.413990	0.585649	3.162917	6.162556
67	51	2.413990	0.493533	2.248896	5.156419
67	52	2.413990	0.488787	2.201801	5.104578
67	53	2.413990	0.480690	2.121464	5.016145
67	54	2.413990	0.545609	2.765620	5.725219
67	55	2.413990	0.470271	2.018078	4.902340
67	56	2.413990	0.387867	1.888950	4.690807
67	57	2.413990	0.488787	2.201801	5.104578
67	58	2.413990	0.573540	3.042761	6.030291
67	59	2.413990	0.435894	1.676974	4.526859
67	60	2.413990	0.548334	2.898590	5.860915
67	61	2.413990	0.485599	2.170168	5.069757
67	62	2.413990	0.493533	2.248896	5.156419
67	63	2.413990	0.561052	2.971820	5.946862
67	64	2.413990	0.508089	2.393327	5.315406
67	65	2.413990	0.474830	2.063316	4.952137
67	66	2.413990	0.494304	2.256548	5.164842
67	67	2.413990	0.453103	1.847728	4.714821
67	68	2.413990	0.485599	2.170168	5.069757
67	69	2.413990	0.463186	1.947777	4.824954
67	70	2.413990	0.524967	2.560795	5.499752
67	71	2.413990	0.435894	1.676974	4.526859
67	72	2.413990	0.470271	2.018078	4.902340
67	73	2.413990	0.557886	2.887440	5.859316
67	74	2.413990	0.469835	2.013751	4.897576
67	75	2.413990	0.506191	2.374493	5.294675
67	76	2.413990	0.576251	3.069661	6.059902
67	77	2.413990	0.526496	2.575973	5.516460
67	78	2.413990	0.438302	1.700864	4.553156
67	79	2.413990	0.511605	2.428211	5.353806
67	80	2.413990	0.474830	2.063316	4.952137
67	81	2.413990	0.485135	2.165566	5.064691
67	82	2.413990	0.573540	3.042761	6.030291
67	83	2.413990	0.557886	2.887440	5.859316
67	84	2.413990	0.524967	2.560795	5.499752
67	85	2.413990	0.463186	1.947777	4.824954
67	86	2.413990	0.530351	2.614226	5.558568
67	87	2.413990	0.492623	2.239866	5.146479
67	88	2.413990	0.520442	2.515900	5.450332
67	89	2.413990	0.454165	1.858265	4.726420
67	90	2.413990	0.545609	2.765620	5.725219
67	91	2.413990	0.500535	2.318377	5.232903
67	92	2.413990	0.454165	1.858265	4.726420
67	93	2.413990	0.474377	2.058823	4.947190
67	94	2.413990	0.512618	2.438265	5.364873
67	95	2.413990	0.512618	2.438265	5.364873
67	96	2.413990	0.520442	2.515900	5.450332
67	97	2.413990	0.584233	3.201826	6.200049
67	98	2.413990	0.554332	3.064026	6.032348
67	99	2.413990	0.516303	2.792612	5.722905
68	0	2.582540	0.514079	2.452763	5.549382
68	1	2.582540	0.429042	1.608987	4.620569
68	2	2.582540	0.495201	2.265445	5.343185
68	3	2.582540	0.462743	1.943379	4.988662
68	4	2.582540	0.519339	2.663848	5.765727
68	5	2.582540	0.485248	2.166687	5.234474
68	6	2.582540	0.433907	1.657252	4.673698
68	7	2.582540	0.478870	2.103398	5.164807
68	8	2.582540	0.494574	2.259226	5.336340
68	9	2.582540	0.460527	1.921392	4.964459
68	10	2.582540	0.410344	1.423451	4.416335
68	11	2.582540	0.451592	1.832734	4.866865
68	12	2.582540	0.490178	2.215605	5.288323
68	13	2.582540	0.488544	2.305322	5.376406
68	14	2.582540	0.487143	2.503271	5.572954
68	15	2.582540	0.563588	2.944016	6.090143
68	16	2.582540	0.449304	1.810036	4.841880
68	17	2.582540	0.466121	1.976904	5.025565
68	18	2.582540	0.491627	2.229979	5.304145
68	19	2.582540	0.374013	1.062956	4.019509
68	20	2.582540	0.410344	1.423451	4.416335
68	21	2.582540	0.494574	2.259226	5.336340
68	22	2.582540	0.523422	2.545471	5.651433
68	23	2.582540	0.514079	2.452763	5.549382
68	24	2.582540	0.573246	3.092811	6.248597
68	25	2.582540	0.449304	1.810036	4.841880
68	26	2.582540	0.461291	1.928971	4.972802
68	27	2.582540	0.527829	2.589200	5.699569
68	28	2.582540	0.480222	2.116815	5.179577
68	29	2.582540	0.462329	2.257051	5.301919
68	30	2.582540	0.444992	1.767242	4.794773
68	31	2.582540	0.463892	1.954785	5.001216
68	32	2.582540	0.478509	2.099819	5.160867
68	33	2.582540	0.490178	2.215605	5.288323
68	34	2.582540	0.515193	2.463813	5.561546
68	35	2.582540	0.473589	2.051000	5.107129
68	36	2.582540	0.525356	2.564655	5.672550
68	37	2.582540	0.536451	2.674747	5.793738
68	38	2.582540	0.515193	2.463813	5.561546
68	39	2.582540	0.488922	2.203144	5.274606
68	40	2.582540	0.563588	2.944016	6.090143
68	41	2.582540	0.586207	3.168456	6.337203
68	42	2.582540	0.444992	1.767242	4.794773
68	43	2.582540	0.542545	2.735218	5.860303
68	44	2.582540	0.532378	2.634332	5.749249
68	45	2.582540	0.449304	1.810036	4.841880
68	46	2.582540	0.449304	1.810036	4.841880
68	47	2.582540	0.449306	1.810049	4.841894
68	48	2.582540	0.475778	2.072719	5.131036
68	49	2.582540	0.479923	2.113854	5.176317
68	50	2.582540	0.486030	2.174450	5.243020
68	51	2.582540	0.490767	2.221445	5.294751
68	52	2.582540	0.470754	2.022875	5.076169
68	53	2.582540	0.438306	1.700902	4.721747
68	54	2.582540	0.491627	2.229979	5.304145
68	55	2.582540	0.429042	1.608987	4.620569
68	56	2.582540	0.563588	2.944016	6.090143
68	57	2.582540	0.539991	2.709879	5.832410
68	58	2.582540	0.429403	1.612567	4.624509
68	59	2.582540	0.516028	2.683957	5.782524
68	60	2.582540	0.475778	2.072719	5.131036
68	61	2.582540	0.586207	3.168456	6.337203
68	62	2.582540	0.539494	2.704943	5.826977
68	63	2.582540	0.492886	2.242474	5.317900
68	64	2.582540	0.536451	2.674747	5.793738
68	65	2.582540	0.475778	2.072719	5.131036
68	66	2.582540	0.533722	2.647667	5.763929
68	67	2.582540	0.573246	3.092811	6.248597
68	68	2.582540	0.499590	2.308999	5.391129
68	69	2.582540	0.542545	2.735218	5.860303
68	70	2.582540	0.444992	1.767242	4.794773
68	71	2.582540	0.429042	1.608987	4.620569
68	72	2.582540	0.520346	2.567907	5.670793
68	73	2.582540	0.444992	1.767242	4.794773
68	74	2.582540	0.563588	2.944016	6.090143
68	75	2.582540	0.539494	2.704943	5.826977
68	76	2.582540	0.504114	2.353884	5.440538
68	77	2.582540	0.512181	2.433927	5.528648
68	78	2.582540	0.573006	3.037466	6.193012
68	79	2.582540	0.548617	2.795461	5.926618
68	80	2.582540	0.451592	1.832734	4.866865
68	81	2.582540	0.429403	1.612567	4.624509
68	82	2.582540	0.548617	2.795461	5.926618
68	83	2.582540	0.553237	2.841306	5.977082
68	84	2.582540	0.527958	2.590475	5.700973
68	85	2.582540	0.462743	1.943379	4.988662
68	86	2.582540	0.507541	2.387889	5.477969
68	87	2.582540	0.447111	2.264947	5.294598
68	88	2.582540	0.539991	2.709879	5.832410
68	89	2.582540	0.374013	1.062956	4.019509
68	90	2.582540	0.493580	2.249365	5.325485
68	91	2.582540	0.550651	2.815651	5.948842
68	92	2.582540	0.478870	2.103398	5.164807
68	93	2.582540	0.545345	2.762997	5.890881
68	94	2.582540	0.560360	2.911983	6.054882
68	95	2.582540	0.424161	1.931301	4.938002
68	96	2.582540	0.439915	1.716875	4.739330
68	97	2.582540	0.487316	2.187202	5.257057
68	98	2.582540	0.499590	2.308999	5.391129
68	99	2.582540	0.545345	2.762997	5.890881
69	0	2.515208	0.461045	1.926536	4.902790
69	1	2.515208	0.462729	1.943240	4.921177
69	2	2.515208	0.583705	3.143625	6.242539
69	3	2.515208	0.497364	2.286913	5.299486
69	4	2.515208	0.509547	2.407790	5.432545
69	5	2.515208	0.462729	1.943240	4.921177
69	6	2.515208	0.506283	2.375409	5.396900
69	7	2.515208	0.427441	2.122735	5.065385
69	8	2.515208	0.537886	2.688991	5.742086
69	9	2.515208	0.614858	3.452741	6.582807
69	10	2.515208	0.484134	2.155630	5.154971
69	11	2.515208	0.483229	2.146650	5.145087
69	12	2.515208	0.457035	1.886748	4.858991
69	13	2.515208	0.526126	2.572301	5.613636
69	14	2.515208	0.464027	1.956119	4.935354
69	15	2.515208	0.483229	2.146650	5.145087
69	16	2.515208	0.513788	2.449874	5.478870
69	17	2.515208	0.605364	3.358539	6.479111
69	18	2.515208	0.474315	2.058207	5.047731
69	19	2.515208	0.499983	2.312890	5.328081
69	20	2.515208	0.497146	2.284749	5.297104
69	21	2.515208	0.490790	2.221681	5.227679
69	22	2.515208	0.467995	1.995491	4.978694
69	23	2.515208	0.568299	2.990765	6.074273
69	24	2.515208	0.524788	2.559023	5.599020
69	25	2.515208	0.533753	2.647978	5.696939
69	26	2.515208	0.568299	2.990765	6.074273
69	27	2.515208	0.463958	1.955435	4.934601
69	28	2.515208	0.528324	2.752998	5.796530
69	29	2.515208	0.456168	1.878137	4.849513
69	30	2.515208	0.503748	2.350256	5.369212
69	31	2.515208	0.526126	2.572301	5.613636
69	32	2.515208	0.440075	1.718460	4.673744
69	33	2.515208	0.471147	2.026768	5.013123
69	34	2.515208	0.428139	1.600027	4.543374
69	35	2.515208	0.402202	1.342668	4.260078
69	36	2.515208	0.431475	1.633129	4.579813
69	37	2.515208	0.428139	1.600027	4.543374
69	38	2.515208	0.574114	3.101423	6.190745
69	39	2.515208	0.483092	2.145298	5.143598
69	40	2.515208	0.529238	2.603175	5.647621
69	41	2.515208	0.464027	1.956119	4.935354
69	42	2.515208	0.528324	2.752998	5.796530
69	43	2.515208	0.460329	1.919425	4.894962
69	44	2.515208	0.513788	2.449874	5.478870
69	45	2.515208	0.428139	1.600027	4.543374
69	46	2.515208	0.506687	2.379416	5.401311
69	47	2.515208	0.533753	2.647978	5.696939
69	48	2.515208	0.431475	1.633129	4.579813
69	49	2.515208	0.573932	3.046655	6.135796
69	50	2.515208	0.460329	1.919425	4.894962
69	51	2.515208	0.478360	2.098345	5.091913
69	52	2.515208	0.568299	2.990765	6.074273
69	53	2.515208	0.506687	2.379416	5.401311
69	54	2.515208	0.441550	1.733096	4.689854
69	55	2.515208	0.456710	1.883523	4.855441
69	56	2.515208	0.536744	2.677658	5.729610
69	57	2.515208	0.435427	1.672338	4.622973
69	58	2.515208	0.483092	2.145298	5.143598
69	59	2.515208	0.514581	2.457744	5.487533
69	60	2.515208	0.537289	2.683060	5.735557
69	61	2.515208	0.506687	2.379416	5.401311
69	62	2.515208	0.506632	2.378872	5.400712
69	63	2.515208	0.469582	2.011244	4.996035
69	64	2.515208	0.571482	3.075305	6.161995
69	65	2.515208	0.499983	2.312890	5.328081
69	66	2.515208	0.504585	2.464487	5.484281
69	67	2.515208	0.526615	2.577152	5.618975
69	68	2.515208	0.465704	1.972766	4.953679
69	69	2.515208	0.536744	2.677658	5.729610
69	70	2.515208	0.456710	1.883523	4.855441
69	71	2.515208	0.503748	2.350256	5.369212
69	72	2.515208	0.513788	2.449874	5.478870
69	73	2.515208	0.563529	2.943427	6.022164
69	74	2.515208	0.507717	2.389634	5.412559
69	75	2.515208	0.533753	2.647978	5.696939
69	76	2.515208	0.437290	1.690824	4.643322
69	77	2.515208	0.457035	1.886748	4.858991
69	78	2.515208	0.490790	2.221681	5.227679
69	79	2.515208	0.473525	2.050364	5.039097
69	80	2.515208	0.524788	2.559023	5.599020
69	81	2.515208	0.478373	2.098468	5.092049
69	82	2.515208	0.533753	2.647978	5.696939
69	83	2.515208	0.576282	3.069969	6.161459
69	84	2.515208	0.460124	1.917391	4.892722
69	85	2.515208	0.439729	2.191697	5.146634
69	86	2.515208	0.497146	2.284749	5.297104
69	87	2.515208	0.456710	1.883523	4.855441
69	88	2.515208	0.552539	2.940308	6.008055
69	89	2.515208	0.464027	1.956119	4.935354
69	90	2.515208	0.476063	2.075548	5.066819
69	91	2.515208	0.456710	1.883523	4.855441
69	92	2.515208	0.525206	2.722066	5.762481
69	93	2.515208	0.431475	1.633129	4.579813
69	94	2.515208	0.402202	1.342668	4.260078
69	95	2.515208	0.483092	2.145298	5.143598
69	96	2.515208	0.472890	2.255924	5.244023
69	97	2.515208	0.474315	2.058207	5.047731
69	98	2.515208	0.520875	2.520197	5.556281
69	99	2.515208	0.509547	2.407790	5.432545
70	0	2.540462	0.491103	2.224788	5.256354
70	1	2.540462	0.443300	1.750455	4.734217
70	2	2.540462	0.515829	2.470128	5.526419
70	3	2.540462	0.504015	2.352905	5.397382
70	4	2.540462	0.543181	2.741525	5.825167
70	5	2.540462	0.503211	2.344921	5.388594
70	6	2.540462	0.498315	2.296340	5.335116
70	7	2.540462	0.543181	2.741525	5.825167
70	8	2.540462	0.541779	2.727618	5.809859
70	9	2.540462	0.463586	1.951742	4.955789
70	10	2.540462	0.516668	2.743275	5.800406
70	11	2.540462	0.484189	2.156183	5.180835
70	12	2.540462	0.566586	2.973767	6.080815
70	13	2.540462	0.511192	2.424120	5.475774
70	14	2.540462	0.472264	2.037855	5.050581
70	15	2.540462	0.430741	1.625841	4.597043
70	16	2.540462	0.566586	2.973767	6.080815
70	17	2.540462	0.522238	2.586686	5.649386
70	18	2.540462	0.552236	2.831376	5.924073
70	19	2.540462	0.493711	2.409551	5.443724
70	20	2.540462	0.545148	2.761045	5.846655
70	21	2.540462	0.494925	2.262705	5.298092
70	22	2.540462	0.525218	2.563293	5.628973
70	23	2.540462	0.466864	1.984269	4.991594
70	24	2.540462	0.448133	1.798410	4.787004
70	25	2.540462	0.544688	2.809445	5.894595
70	26	2.540462	0.541779	2.727618	5.809859
70	27	2.540462	0.515858	2.470417	5.526737
70	28	2.540462	0.452891	1.845627	4.838980
70	29	2.540462	0.502521	2.338075	5.381058
70	30	2.540462	0.407890	1.981705	4.930057
70	31	2.540462	0.503211	2.344921	5.388594
70	32	2.540462	0.531565	2.626270	5.698297
70	33	2.540462	0.511192	2.424120	5.475774
70	34	2.540462	0.515829	2.470128	5.526419
70	35	2.540462	0.455751	1.874005	4.870218
70	36	2.540462	0.448531	1.802365	4.791358
70	37	2.540462	0.497246	2.656480	5.694187
70	38	2.540462	0.455751	1.874005	4.870218
70	39	2.540462	0.463586	1.951742	4.955789
70	40	2.540462	0.535984	2.670116	5.746562
70	41	2.540462	0.504015	2.352905	5.397382
70	42	2.540462	0.437945	1.697323	4.675730
70	43	2.540462	0.479856	2.113183	5.133500
70	44	2.540462	0.505219	2.364847	5.410528
70	45	2.540462	0.437479	1.692694	4.670634
70	46	2.540462	0.515858	2.470417	5.526737
70	47	2.540462	0.416751	1.487024	4.444236
70	48	2.540462	0.525218	2.563293	5.628973
70	49	2.540462	0.437945	1.697323	4.675730
70	50	2.540462	0.493834	2.251878	5.286173
70	51	2.540462	0.445537	1.772655	4.758654
70	52	2.540462	0.501262	2.325587	5.367311
70	53	2.540462	0.448531	1.802365	4.791358
70	54	2.540462	0.494925	2.262705	5.298092
70	55	2.540462	0.435384	1.671912	4.647758
70	56	2.540462	0.610628	3.410766	6.561856
70	57	2.540462	0.515858	2.470417	5.526737
70	58	2.540462	0.520433	2.515812	5.576707
70	59	2.540462	0.419124	1.510575	4.470162
70	60	2.540462	0.569648	3.110077	6.220187
70	61	2.540462	0.472264	2.037855	5.050581
70	62	2.540462	0.522238	2.586686	5.649386
70	63	2.540462	0.463640	2.270068	5.274170
70	64	2.540462	0.529880	2.609547	5.679889
70	65	2.540462	0.481626	2.130744	5.152832
70	66	2.540462	0.566586	2.973767	6.080815
70	67	2.540462	0.549044	2.799703	5.889208
70	68	2.540462	0.568436	2.992116	6.101014
70	69	2.540462	0.491103	2.224788	5.256354
70	70	2.540462	0.443300	1.750455	4.734217
70	71	2.540462	0.568436	2.992116	6.101014
70	72	2.540462	0.480887	2.123412	5.144761
70	73	2.540462	0.452891	1.845627	4.838980
70	74	2.540462	0.541679	2.726624	5.808765
70	75	2.540462	0.467444	1.990029	4.997935
70	76	2.540462	0.431960	1.637939	4.610361
70	77	2.540462	0.511192	2.424120	5.475774
70	78	2.540462	0.566586	2.973767	6.080815
70	79	2.540462	0.388775	1.209437	4.138674
70	80	2.540462	0.439740	1.715134	4.695336
70	81	2.540462	0.532551	2.636048	5.709060
70	82	2.540462	0.553804	2.846930	5.941196
70	83	2.540462	0.552236	2.831376	5.924073
70	84	2.540462	0.471178	2.027082	5.038722
70	85	2.540462	0.431960	1.637939	4.610361
70	86	2.540462	0.566586	2.973767	6.080815
70	87	2.540462	0.516745	2.479220	5.536427
70	88	2.540462	0.474466	2.059700	5.074628
70	89	2.540462	0.545026	2.759836	5.845324
70	90	2.540462	0.439838	1.716111	4.696411
70	91	2.540462	0.466864	1.984269	4.991594
70	92	2.540462	0.568436	2.992116	6.101014
70	93	2.540462	0.545148	2.761045	5.846655
70	94	2.540462	0.549044	2.799703	5.889208
70	95	2.540462	0.443300	1.750455	4.734217
70	96	2.540462	0.471178	2.027082	5.038722
70	97	2.540462	0.543181	2.741525	5.825167
70	98	2.540462	0.479856	2.113183	5.133500
70	99	2.540462	0.482539	2.139803	5.162803
71	0	2.540000	0.486719	2.181283	5.208002
71	1	2.540000	0.452802	1.844737	4.837538
71	2	2.540000	0.537750	2.687635	5.765385
71	3	2.540000	0.539525	2.758217	5.837741
71	4	2.540000	0.458729	1.903552	4.902281
71	5	2.540000	0.512964	2.441697	5.494660
71	6	2.540000	0.439412	1.711875	4.691286
71	7	2.540000	0.472023	2.035461	5.047483
71	8	2.540000	0.472023	2.035461	5.047483
71	9	2.540000	0.495212	2.265558	5.300770
71	10	2.540000	0.552059	2.829618	5.921677
71	11	2.540000	0.555843	2.867167	5.963010
71	12	2.540000	0.486820	2.182289	5.209109
71	13	2.540000	0.514840	2.460317	5.515157
71	14	2.540000	0.443449	1.751934	4.735383
71	15	2.540000	0.485535	2.169539	5.195074
71	16	2.540000	0.555843	2.867167	5.963010
71	17	2.540000	0.479930	2.537633	5.557563
71	18	2.540000	0.457445	1.890812	4.888257
71	19	2.540000	0.454549	1.862072	4.856621
71	20	2.540000	0.495212	2.265558	5.300770
71	21	2.540000	0.551930	2.828336	5.920265
71	22	2.540000	0.537095	2.681135	5.758229
71	23	2.540000	0.510550	2.417745	5.468294
71	24	2.540000	0.512964	2.441697	5.494660
71	25	2.540000	0.454549	1.862072	4.856621
71	26	2.540000	0.589525	3.201378	6.330903
71	27	2.540000	0.489770	2.211554	5.241324
71	28	2.540000	0.524966	2.719681	5.784647
71	29	2.540000	0.463820	1.954064	4.957883
71	30	2.540000	0.479192	2.106593	5.125784
71	31	2.540000	0.531067	2.621330	5.692397
71	32	2.540000	0.463820	1.954064	4.957883
71	33	2.540000	0.498511	2.616070	5.654581
71	34	2.540000	0.412001	1.439889	4.391889
71	35	2.540000	0.508164	2.394072	5.442236
71	36	2.540000	0.452515	2.159675	5.152190
71	37	2.540000	0.482251	2.136950	5.159201
71	38	2.540000	0.511945	2.431591	5.483536
71	39	2.540000	0.463758	1.953449	4.957206
71	40	2.540000	0.589525	3.201378	6.330903
71	41	2.540000	0.560531	2.913681	6.014212
71	42	2.540000	0.488892	2.520623	5.549514
71	43	2.540000	0.519450	2.506056	5.565505
71	44	2.540000	0.537095	2.681135	5.758229
71	45	2.540000	0.522057	2.531928	5.593985
71	46	2.540000	0.495706	2.270457	5.306162
71	47	2.540000	0.589525	3.201378	6.330903
71	48	2.540000	0.437704	1.694929	4.672632
71	49	2.540000	0.582612	3.132781	6.255392
71	50	2.540000	0.502957	2.342406	5.385363
71	51	2.540000	0.471225	2.027539	5.038763
71	52	2.540000	0.532107	2.631646	5.703753
71	53	2.540000	0.482865	2.143038	5.165902
71	54	2.540000	0.529852	2.609269	5.679120
71	55	2.540000	0.496756	2.492728	5.529484
71	56	2.540000	0.430933	1.627745	4.598677
71	57	2.540000	0.484618	2.160434	5.185052
71	58	2.540000	0.439412	1.711875	4.691286
71	59	2.540000	0.423867	1.557629	4.521495
71	60	2.540000	0.412001	1.439889	4.391889
71	61	2.540000	0.440822	1.725867	4.706688
71	62	2.540000	0.380780	1.130102	4.050881
71	63	2.540000	0.551930	2.828336	5.920265
71	64	2.540000	0.482865	2.143038	5.165902
71	65	2.540000	0.449811	1.815059	4.804869
71	66	2.540000	0.611138	3.415835	6.566973
71	67	2.540000	0.486820	2.182289	5.209109
71	68	2.540000	0.423867	1.557629	4.521495
71	69	2.540000	0.451444	1.831266	4.822710
71	70	2.540000	0.590857	3.214593	6.345450
71	71	2.540000	0.514840	2.460317	5.515157
71	72	2.540000	0.447389	1.791028	4.778416
71	73	2.540000	0.467035	1.985966	4.993000
71	74	2.540000	0.472023	2.035461	5.047483
71	75	2.540000	0.465026	1.966038	4.971063
71	76	2.540000	0.440822	1.725867	4.706688
71	77	2.540000	0.551536	2.824432	5.915968
71	78	2.540000	0.458729	1.903552	4.902281
71	79	2.540000	0.490444	2.218241	5.248684
71	80	2.540000	0.489823	2.212087	5.241910
71	81	2.540000	0.451444	1.831266	4.822710
71	82	2.540000	0.496853	2.281837	5.318690
71	83	2.540000	0.552059	2.829618	5.921677
71	84	2.540000	0.401905	1.922318	4.864223
71	85	2.540000	0.530218	2.612904	5.683122
71	86	2.540000	0.556676	3.034325	6.131001
71	87	2.540000	0.443449	1.751934	4.735383
71	88	2.540000	0.562705	2.935252	6.037957
71	89	2.540000	0.502957	2.342406	5.385363
71	90	2.540000	0.471225	2.027539	5.038763
71	91	2.540000	0.552059	2.829618	5.921677
71	92	2.540000	0.463758	1.953449	4.957206
71	93	2.540000	0.380780	1.130102	4.050881
71	94	2.540000	0.412001	1.439889	4.391889
71	95	2.540000	0.484618	2.160434	5.185052
71	96	2.540000	0.430933	1.627745	4.598677
71	97	2.540000	0.562705	2.935252	6.037957
71	98	2.540000	0.560531	2.913681	6.014212
71	99	2.540000	0.538846	2.698510	5.777355
72	0	2.666925	0.488869	2.202615	5.358409
72	1	2.666925	0.502711	2.339960	5.509596
72	2	2.666925	0.430708	1.625510	4.723143
72	3	2.666925	0.470269	2.018062	5.155256
72	4	2.666925	0.485261	2.166817	5.319003
72	5	2.666925	0.516270	2.474501	5.657696
72	6	2.666925	0.478190	2.096653	5.241768
72	7	2.666925	0.424556	1.564469	4.655950
72	8	2.666925	0.488416	2.198119	5.353459
72	9	2.666925	0.508504	2.662268	5.837698
72	10	2.666925	0.535782	2.721071	5.923777
72	11	2.666925	0.516792	2.479686	5.663404
72	12	2.666925	0.429027	1.608837	4.704789
72	13	2.666925	0.493478	2.248349	5.408752
72	14	2.666925	0.506197	2.374550	5.547672
72	15	2.666925	0.545882	2.768325	5.981132
72	16	2.666925	0.542010	2.729911	5.938846
72	17	2.666925	0.505477	2.473338	5.645740
72	18	2.666925	0.457159	1.887974	5.012058
72	19	2.666925	0.542010	2.729911	5.938846
72	20	2.666925	0.438723	1.705043	4.810691
72	21	2.666925	0.447424	1.791382	4.905731
72	22	2.666925	0.551265	2.821737	6.039927
72	23	2.666925	0.448297	1.800044	4.915266
72	24	2.666925	0.516270	2.474501	5.657696
72	25	2.666925	0.472299	2.038197	5.177421
72	26	2.666925	0.551265	2.821737	6.039927
72	27	2.666925	0.470269	2.018062	5.155256
72	28	2.666925	0.441625	1.733841	4.842391
72	29	2.666925	0.605535	3.360231	6.632690
72	30	2.666925	0.488869	2.202615	5.358409
72	31	2.666925	0.545882	2.768325	5.981132
72	32	2.666925	0.456594	1.882369	5.005888
72	33	2.666925	0.585700	3.163422	6.416047
72	34	2.666925	0.502711	2.339960	5.509596
72	35	2.666925	0.441105	1.728682	4.836713
72	36	2.666925	0.493903	2.252564	5.413391
72	37	2.666925	0.485261	2.166817	5.319003
72	38	2.666925	0.480654	2.121108	5.268687
72	39	2.666925	0.472527	2.040466	5.179918
72	40	2.666925	0.528289	2.593763	5.788977
72	41	2.666925	0.494742	2.260890	5.422557
72	42	2.666925	0.508851	2.400884	5.576660
72	43	2.666925	0.467309	1.988688	5.122922
72	44	2.666925	0.500605	2.319071	5.486601
72	45	2.666925	0.448297	1.800044	4.915266
72	46	2.666925	0.478190	2.096653	5.241768
72	47	2.666925	0.446778	1.784967	4.898670
72	48	2.666925	0.488416	2.198119	5.353459
72	49	2.666925	0.467309	1.988688	5.122922
72	50	2.666925	0.470269	2.018062	5.155256
72	51	2.666925	0.508533	2.503663	5.679121
72	52	2.666925	0.527836	2.589262	5.784023
72	53	2.666925	0.531267	2.623311	5.821503
72	54	2.666925	0.573646	3.043818	6.284389
72	55	2.666925	0.585700	3.163422	6.416047
72	56	2.666925	0.466682	1.982463	5.116069
72	57	2.666925	0.488416	2.198119	5.353459
72	58	2.666925	0.465249	1.968250	5.100424
72	59	2.666925	0.470434	2.019696	5.157055
72	60	2.666925	0.485987	2.174020	5.326932
72	61	2.666925	0.472961	2.044771	5.184658
72	62	2.666925	0.482222	2.136665	5.285812
72	63	2.666925	0.518998	2.501572	5.687495
72	64	2.666925	0.375066	1.073404	4.115395
72	65	2.666925	0.531257	2.676171	5.874353
72	66	2.666925	0.486186	2.493776	5.646887
72	67	2.666925	0.530009	2.610828	5.807762
72	68	2.666925	0.470434	2.019696	5.157055
72	69	2.666925	0.457159	1.887974	5.012058
72	70	2.666925	0.446778	1.784967	4.898670
72	71	2.666925	0.518603	2.497648	5.683175
72	72	2.666925	0.538822	2.751239	5.956986
72	73	2.666925	0.431841	2.060465	5.159231
72	74	2.666925	0.467911	1.994662	5.129498
72	75	2.666925	0.475078	2.065780	5.207783
72	76	2.666925	0.558972	2.898218	6.124115
72	77	2.666925	0.508851	2.400884	5.576660
72	78	2.666925	0.517564	2.752165	5.936654
72	79	2.666925	0.466682	1.982463	5.116069
72	80	2.666925	0.488416	2.198119	5.353459
72	81	2.666925	0.493478	2.248349	5.408752
72	82	2.666925	0.386365	1.185522	4.238812
72	83	2.666925	0.513250	2.444535	5.624710
72	84	2.666925	0.508851	2.400884	5.576660
72	85	2.666925	0.551265	2.821737	6.039927
72	86	2.666925	0.430708	1.625510	4.723143
72	87	2.666925	0.509205	2.404403	5.580534
72	88	2.666925	0.470833	2.023659	5.161418
72	89	2.666925	0.446778	1.784967	4.898670
72	90	2.666925	0.424556	1.564469	4.655950
72	91	2.666925	0.530009	2.610828	5.807762
72	92	2.666925	0.448297	1.800044	4.915266
72	93	2.666925	0.488869	2.202615	5.358409
72	94	2.666925	0.508851	2.400884	5.576660
72	95	2.666925	0.571644	3.023954	6.262524
72	96	2.666925	0.453720	1.853853	4.974499
72	97	2.666925	0.480654	2.121108	5.268687
72	98	2.666925	0.457560	1.891951	5.016435
72	99	2.666925	0.559888	2.907305	6.134118
73	0	2.609985	0.540489	2.714820	5.865295
73	1	2.609985	0.519235	2.503926	5.633146
73	2	2.609985	0.537492	2.685082	5.832559
73	3	2.609985	0.446018	1.777427	4.833430
73	4	2.609985	0.472785	2.043026	5.125797
73	5	2.609985	0.469552	2.010941	5.090478
73	6	2.609985	0.508187	2.394296	5.512467
73	7	2.609985	0.568341	2.991174	6.169499
73	8	2.609985	0.501849	2.490300	5.602133
73	9	2.609985	0.537492	2.685082	5.832559
73	10	2.609985	0.548450	2.793804	5.952239
73	11	2.609985	0.521957	2.530935	5.662878
73	12	2.609985	0.506995	2.382474	5.499455
73	13	2.609985	0.528440	2.595255	5.733680
73	14	2.609985	0.562244	2.983642	6.155871
73	15	2.609985	0.471111	2.026408	5.107504
73	16	2.609985	0.476934	2.084193	5.171113
73	17	2.609985	0.506995	2.382474	5.499455
73	18	2.609985	0.476934	2.084193	5.171113
73	19	2.609985	0.476286	2.077766	5.164037
73	20	2.609985	0.444399	1.761364	4.815748
73	21	2.609985	0.488739	2.307254	5.405978
73	22	2.609985	0.528440	2.595255	5.733680
73	23	2.609985	0.472318	2.038394	5.120697
73	24	2.609985	0.458194	1.898246	4.966425
73	25	2.609985	0.469552	2.010941	5.090478
73	26	2.609985	0.581596	3.122698	6.314278
73	27	2.609985	0.522545	2.536767	5.669296
73	28	2.609985	0.548410	2.793414	5.951809
73	29	2.609985	0.583520	3.141791	6.335296
73	30	2.609985	0.541526	2.725104	5.876615
73	31	2.609985	0.515088	2.462773	5.587846
73	32	2.609985	0.458194	1.898246	4.966425
73	33	2.609985	0.492771	2.241333	5.344088
73	34	2.609985	0.490778	2.327485	5.428248
73	35	2.609985	0.522545	2.536767	5.669296
73	36	2.609985	0.471111	2.026408	5.107504
73	37	2.609985	0.536310	2.673347	5.819641
73	38	2.609985	0.429431	1.612839	4.652255
73	39	2.609985	0.477894	2.093719	5.181598
73	40	2.609985	0.446018	1.777427	4.833430
73	41	2.609985	0.472560	2.040794	5.123339
73	42	2.609985	0.501732	2.330253	5.441970
73	43	2.609985	0.443394	1.751390	4.804769
73	44	2.609985	0.471894	2.034185	5.116064
73	45	2.609985	0.553421	2.843135	6.006541
73	46	2.609985	0.472850	2.043671	5.126506
73	47	2.609985	0.487422	2.188263	5.285670
73	48	2.609985	0.434825	1.666364	4.711174
73	49	2.609985	0.453361	1.850286	4.913632
73	50	2.609985	0.511143	2.423626	5.544754
73	51	2.609985	0.471111	2.026408	5.107504
73	52	2.609985	0.481571	2.130199	5.221755
73	53	2.609985	0.503646	2.349245	5.462876
73	54	2.609985	0.446018	1.777427	4.833430
73	55	2.609985	0.547809	2.787445	5.945239
73	56	2.609985	0.482696	2.406182	5.498863
73	57	2.609985	0.458194	1.898246	4.966425
73	58	2.609985	0.458194	1.898246	4.966425
73	59	2.609985	0.451228	1.829123	4.890336
73	60	2.609985	0.510810	2.420329	5.541124
73	61	2.609985	0.572471	3.032160	6.214616
73	62	2.609985	0.426982	2.118185	5.155152
73	63	2.609985	0.457802	1.894358	4.962145
73	64	2.609985	0.583520	3.141791	6.335296
73	65	2.609985	0.434825	1.666364	4.711174
73	66	2.609985	0.528440	2.595255	5.733680
73	67	2.609985	0.472850	2.043671	5.126506
73	68	2.609985	0.472785	2.043026	5.125797
73	69	2.609985	0.415544	1.951727	4.977256
73	70	2.609985	0.501732	2.330253	5.441970
73	71	2.609985	0.581596	3.122698	6.314278
73	72	2.609985	0.380007	1.122431	4.112423
73	73	2.609985	0.425471	1.573551	4.609007
73	74	2.609985	0.537492	2.685082	5.832559
73	75	2.609985	0.530237	2.613091	5.753313
73	76	2.609985	0.508187	2.394296	5.512467
73	77	2.609985	0.503646	2.349245	5.462876
73	78	2.609985	0.438180	1.699657	4.747822
73	79	2.609985	0.599022	3.348573	6.557580
73	80	2.609985	0.446018	1.777427	4.833430
73	81	2.609985	0.629977	3.602762	6.842725
73	82	2.609985	0.425471	1.573551	4.609007
73	83	2.609985	0.583520	3.141791	6.335296
73	84	2.609985	0.548410	2.793414	5.951809
73	85	2.609985	0.476934	2.084193	5.171113
73	86	2.609985	0.429431	1.612839	4.652255
73	87	2.609985	0.547809	2.787445	5.945239
73	88	2.609985	0.540489	2.714820	5.865295
73	89	2.609985	0.476945	2.084297	5.171227
73	90	2.609985	0.436197	1.679982	4.726164
73	91	2.609985	0.477381	2.088630	5.175996
73	92	2.609985	0.510810	2.420329	5.541124
73	93	2.609985	0.495278	2.583992	5.689255
73	94	2.609985	0.474986	2.064859	5.149829
73	95	2.609985	0.530771	2.618390	5.759146
73	96	2.609985	0.420327	2.052150	5.082462
73	97	2.609985	0.469552	2.010941	5.090478
73	98	2.609985	0.476945	2.084297	5.171227
73	99	2.609985	0.553421	2.843135	6.006541
74	0	2.531246	0.486043	2.227543	5.244832
74	1	2.531246	0.480027	2.114878	5.126151
74	2	2.531246	0.465343	1.969179	4.965767
74	3	2.531246	0.537097	2.681158	5.749501
74	4	2.531246	0.469595	2.011367	5.012208
74	5	2.531246	0.536002	2.670293	5.737541
74	6	2.531246	0.578436	3.091350	6.201032
74	7	2.531246	0.469006	2.005526	5.005777
74	8	2.531246	0.497014	2.283439	5.311699
74	9	2.531246	0.474860	2.063607	5.069713
74	10	2.531246	0.544067	2.750315	5.825628
74	11	2.531246	0.524009	2.710189	5.765444
74	12	2.531246	0.443984	1.757240	4.732470
74	13	2.531246	0.538793	2.697990	5.768030
74	14	2.531246	0.458031	1.896630	4.885908
74	15	2.531246	0.458729	1.903555	4.893530
74	16	2.531246	0.373523	1.058099	3.962868
74	17	2.531246	0.579670	3.103593	6.214509
74	18	2.531246	0.459938	1.915550	4.906734
74	19	2.531246	0.464190	1.957735	4.953171
74	20	2.531246	0.544067	2.750315	5.825628
74	21	2.531246	0.518935	2.500949	5.551130
74	22	2.531246	0.474860	2.063607	5.069713
74	23	2.531246	0.578372	3.090707	6.200325
74	24	2.531246	0.466918	1.984811	4.982975
74	25	2.531246	0.499739	2.310471	5.341455
74	26	2.531246	0.537097	2.681158	5.749501
74	27	2.531246	0.431065	1.629055	4.591366
74	28	2.531246	0.496115	2.592295	5.619656
74	29	2.531246	0.537097	2.681158	5.749501
74	30	2.531246	0.524382	2.554999	5.610627
74	31	2.531246	0.494796	2.261429	5.287472
74	32	2.531246	0.459938	1.915550	4.906734
74	33	2.531246	0.524009	2.710189	5.765444
74	34	2.531246	0.496464	2.277979	5.305689
74	35	2.531246	0.412830	1.448118	4.392194
74	36	2.531246	0.494796	2.261429	5.287472
74	37	2.531246	0.481201	2.126533	5.138980
74	38	2.531246	0.428598	1.604582	4.564426
74	39	2.531246	0.546044	2.769938	5.847228
74	40	2.531246	0.427651	1.595177	4.554073
74	41	2.531246	0.510114	2.519345	5.560705
74	42	2.531246	0.412830	1.448118	4.392194
74	43	2.531246	0.498655	2.299719	5.329620
74	44	2.531246	0.466198	1.977661	4.975105
74	45	2.531246	0.529353	2.604318	5.664916
74	46	2.531246	0.538793	2.697990	5.768030
74	47	2.531246	0.519134	2.502918	5.553298
74	48	2.531246	0.477058	2.085417	5.093721
74	49	2.531246	0.571301	3.020545	6.123092
74	50	2.531246	0.429395	1.612484	4.573124
74	51	2.531246	0.465343	1.969179	4.965767
74	52	2.531246	0.373523	1.058099	3.962868
74	53	2.531246	0.465343	1.969179	4.965767
74	54	2.531246	0.560568	2.914046	6.005860
74	55	2.531246	0.461809	1.934116	4.927172
74	56	2.531246	0.443984	1.757240	4.732470
74	57	2.531246	0.546044	2.769938	5.847228
74	58	2.531246	0.589223	3.198376	6.318844
74	59	2.531246	0.494208	2.255588	5.281042
74	60	2.531246	0.497014	2.283439	5.311699
74	61	2.531246	0.499822	2.311297	5.342365
74	62	2.531246	0.449419	1.811171	4.791835
74	63	2.531246	0.571301	3.020545	6.123092
74	64	2.531246	0.490704	2.220826	5.242776
74	65	2.531246	0.461809	1.934116	4.927172
74	66	2.531246	0.485298	2.167187	5.183731
74	67	2.531246	0.431171	1.630107	4.592523
74	68	2.531246	0.489115	2.205061	5.225423
74	69	2.531246	0.466813	1.983769	4.981828
74	70	2.531246	0.507709	2.495480	5.534434
74	71	2.531246	0.522623	2.537539	5.591408
74	72	2.531246	0.449419	1.811171	4.791835
74	73	2.531246	0.507451	2.386995	5.425692
74	74	2.531246	0.524382	2.554999	5.610627
74	75	2.531246	0.485298	2.167187	5.183731
74	76	2.531246	0.490092	2.214751	5.236089
74	77	2.531246	0.428598	1.604582	4.564426
74	78	2.531246	0.373523	1.058099	3.962868
74	79	2.531246	0.458729	1.903555	4.893530
74	80	2.531246	0.499822	2.311297	5.342365
74	81	2.531246	0.458729	1.903555	4.893530
74	82	2.531246	0.466813	1.983769	4.981828
74	83	2.531246	0.472931	2.044472	5.048649
74	84	2.531246	0.550544	2.920517	6.002307
74	85	2.531246	0.550544	2.920517	6.002307
74	86	2.531246	0.443362	1.751071	4.725678
74	87	2.531246	0.564355	3.004586	6.100187
74	88	2.531246	0.489115	2.205061	5.225423
74	89	2.531246	0.469595	2.011367	5.012208
74	90	2.531246	0.474860	2.063607	5.069713
74	91	2.531246	0.544334	2.911860	5.987440
74	92	2.531246	0.470770	2.023031	5.025047
74	93	2.531246	0.566208	2.970011	6.067465
74	94	2.531246	0.510369	2.415947	5.457561
74	95	2.531246	0.510369	2.415947	5.457561
74	96	2.531246	0.494796	2.261429	5.287472
74	97	2.531246	0.593485	3.240670	6.365401
74	98	2.531246	0.427651	1.595177	4.554073
74	99	2.531246	0.429395	1.612484	4.573124
75	0	2.516771	0.481089	2.125420	5.123280
75	1	2.516771	0.562077	2.929026	6.007874
75	2	2.516771	0.520991	2.521349	5.559111
75	3	2.516771	0.501063	2.323607	5.341440
75	4	2.516771	0.462181	1.937803	4.916754
75	5	2.516771	0.527899	2.695820	5.740490
75	6	2.516771	0.527618	2.587099	5.631487
75	7	2.516771	0.520991	2.521349	5.559111
75	8	2.516771	0.567828	2.986083	6.070681
75	9	2.516771	0.562077	2.929026	6.007874
75	10	2.516771	0.422003	1.539134	4.477907
75	11	2.516771	0.501063	2.323607	5.341440
75	12	2.516771	0.562077	2.929026	6.007874
75	13	2.516771	0.493466	2.248229	5.258465
75	14	2.516771	0.520991	2.521349	5.559111
75	15	2.516771	0.447640	1.793517	4.757928
75	16	2.516771	0.561505	2.923345	6.001620
75	17	2.516771	0.422003	1.539134	4.477907
75	18	2.516771	0.503272	2.345532	5.365575
75	19	2.516771	0.521549	2.526880	5.565200
75	20	2.516771	0.501063	2.323607	5.341440
75	21	2.516771	0.504074	2.724235	5.745079
75	22	2.516771	0.498781	2.300969	5.316521
75	23	2.516771	0.435032	1.668418	4.620221
75	24	2.516771	0.512018	2.432316	5.461105
75	25	2.516771	0.460622	1.922331	4.899724
75	26	2.516771	0.441743	1.735012	4.693526
75	27	2.516771	0.475725	2.072198	5.064694
75	28	2.516771	0.512546	2.437553	5.466870
75	29	2.516771	0.570781	3.015393	6.102945
75	30	2.516771	0.485354	2.167742	5.169867
75	31	2.516771	0.539797	2.707949	5.764517
75	32	2.516771	0.435032	1.668418	4.620221
75	33	2.516771	0.462181	1.937803	4.916754
75	34	2.516771	0.481089	2.125420	5.123280
75	35	2.516771	0.485354	2.167742	5.169867
75	36	2.516771	0.558580	2.894326	5.969677
75	37	2.516771	0.461581	1.931850	4.910202
75	38	2.516771	0.492465	2.503113	5.512348
75	39	2.516771	0.460897	1.925064	4.902732
75	40	2.516771	0.573916	3.046492	6.137179
75	41	2.516771	0.460897	1.925064	4.902732
75	42	2.516771	0.480476	2.119337	5.116583
75	43	2.516771	0.511349	2.425676	5.453796
75	44	2.516771	0.467967	2.418928	5.403666
75	45	2.516771	0.563423	2.942379	6.022572
75	46	2.516771	0.501063	2.323607	5.341440
75	47	2.516771	0.584471	3.151231	6.252473
75	48	2.516771	0.461581	1.931850	4.910202
75	49	2.516771	0.544180	2.804401	5.865352
75	50	2.516771	0.507152	2.384031	5.407954
75	51	2.516771	0.545794	2.767458	5.830023
75	52	2.516771	0.462181	1.937803	4.916754
75	53	2.516771	0.461581	1.931850	4.910202
75	54	2.516771	0.492575	2.239390	5.248736
75	55	2.516771	0.565411	3.068032	6.150214
75	56	2.516771	0.498093	2.294146	5.309011
75	57	2.516771	0.488395	2.197917	5.203084
75	58	2.516771	0.562744	2.988606	6.068121
75	59	2.516771	0.457816	1.894495	4.869082
75	60	2.516771	0.559036	2.898847	5.974654
75	61	2.516771	0.488395	2.197917	5.203084
75	62	2.516771	0.503272	2.345532	5.365575
75	63	2.516771	0.489635	2.210214	5.216620
75	64	2.516771	0.503272	2.345532	5.365575
75	65	2.516771	0.558580	2.894326	5.969677
75	66	2.516771	0.527826	2.589165	5.633762
75	67	2.516771	0.544180	2.804401	5.865352
75	68	2.516771	0.414940	1.469061	4.400772
75	69	2.516771	0.611970	3.424090	6.552831
75	70	2.516771	0.480476	2.119337	5.116583
75	71	2.516771	0.528280	2.593668	5.638719
75	72	2.516771	0.435032	1.668418	4.620221
75	73	2.516771	0.512018	2.432316	5.461105
75	74	2.516771	0.496467	2.436895	5.450132
75	75	2.516771	0.520991	2.521349	5.559111
75	76	2.516771	0.414940	1.469061	4.400772
75	77	2.516771	0.507152	2.384031	5.407954
75	78	2.516771	0.462181	1.937803	4.916754
75	79	2.516771	0.467967	2.418928	5.403666
75	80	2.516771	0.414940	1.469061	4.400772
75	81	2.516771	0.441743	1.735012	4.693526
75	82	2.516771	0.545794	2.767458	5.830023
75	83	2.516771	0.493466	2.248229	5.258465
75	84	2.516771	0.512546	2.437553	5.466870
75	85	2.516771	0.573916	3.046492	6.137179
75	86	2.516771	0.485354	2.167742	5.169867
75	87	2.516771	0.527826	2.589165	5.633762
75	88	2.516771	0.598505	3.290479	6.405755
75	89	2.516771	0.545157	2.761130	5.823057
75	90	2.516771	0.456487	1.881301	4.854559
75	91	2.516771	0.422003	1.539134	4.477907
75	92	2.516771	0.482226	2.136706	5.135703
75	93	2.516771	0.482226	2.136706	5.135703
75	94	2.516771	0.539797	2.707949	5.764517
75	95	2.516771	0.484652	2.160776	5.162199
75	96	2.516771	0.502221	2.335107	5.354099
75	97	2.516771	0.545693	2.766456	5.828920
75	98	2.516771	0.567828	2.986083	6.070681
75	99	2.516771	0.382947	1.151610	4.051328
76	0	2.643856	0.457724	1.893582	4.995162
76	1	2.643856	0.476681	2.081682	5.202219
76	2	2.643856	0.426128	1.580067	4.650050
76	3	2.643856	0.433955	1.657736	4.735547
76	4	2.643856	0.552190	2.830915	6.026961
76	5	2.643856	0.584978	3.156253	6.385087
76	6	2.643856	0.394542	1.266661	4.305059
76	7	2.643856	0.485548	2.169664	5.299068
76	8	2.643856	0.487039	2.184457	5.315352
76	9	2.643856	0.471853	2.245629	5.361338
76	10	2.643856	0.473268	2.047811	5.164934
76	11	2.643856	0.482498	2.139403	5.265757
76	12	2.643856	0.394542	1.266661	4.305059
76	13	2.643856	0.419496	1.514264	4.577616
76	14	2.643856	0.454642	1.863000	4.961498
76	15	2.643856	0.522068	2.532031	5.697955
76	16	2.643856	0.433955	1.657736	4.735547
76	17	2.643856	0.404952	1.369952	4.418761
76	18	2.643856	0.474906	2.064065	5.182827
76	19	2.643856	0.522046	2.531811	5.697713
76	20	2.643856	0.429489	1.613416	4.686761
76	21	2.643856	0.494343	2.521755	5.659954
76	22	2.643856	0.522046	2.531811	5.697713
76	23	2.643856	0.404952	1.369952	4.418761
76	24	2.643856	0.457724	1.893582	4.995162
76	25	2.643856	0.427896	1.597614	4.669366
76	26	2.643856	0.479713	2.111768	5.235338
76	27	2.643856	0.560736	2.968678	6.173270
76	28	2.643856	0.486376	2.177880	5.308112
76	29	2.643856	0.520021	2.511724	5.675602
76	30	2.643856	0.553581	2.844725	6.042163
76	31	2.643856	0.581064	3.117425	6.342345
76	32	2.643856	0.433940	1.657586	4.735382
76	33	2.643856	0.433955	1.657736	4.735547
76	34	2.643856	0.506847	2.433966	5.584669
76	35	2.643856	0.454642	1.863000	4.961498
76	36	2.643856	0.472542	2.040607	5.157004
76	37	2.643856	0.462904	1.944974	5.051733
76	38	2.643856	0.525132	2.562431	5.731419
76	39	2.643856	0.522068	2.532031	5.697955
76	40	2.643856	0.444763	1.764975	4.853593
76	41	2.643856	0.548757	2.796857	5.989470
76	42	2.643856	0.445377	1.771067	4.860300
76	43	2.643856	0.553052	2.839474	6.036382
76	44	2.643856	0.404952	1.369952	4.418761
76	45	2.643856	0.482498	2.139403	5.265757
76	46	2.643856	0.461756	1.933592	5.039204
76	47	2.643856	0.482498	2.139403	5.265757
76	48	2.643856	0.533263	2.643113	5.820231
76	49	2.643856	0.486376	2.177880	5.308112
76	50	2.643856	0.503960	2.352358	5.500174
76	51	2.643856	0.467029	1.985907	5.096792
76	52	2.643856	0.540787	2.717769	5.902411
76	53	2.643856	0.461756	1.933592	5.039204
76	54	2.643856	0.552190	2.830915	6.026961
76	55	2.643856	0.461756	1.933592	5.039204
76	56	2.643856	0.574377	3.051066	6.269299
76	57	2.643856	0.483010	2.144477	5.271342
76	58	2.643856	0.434369	1.661844	4.740070
76	59	2.643856	0.524287	2.554047	5.722189
76	60	2.643856	0.534115	2.651575	5.829546
76	61	2.643856	0.474906	2.064065	5.182827
76	62	2.643856	0.454040	1.857023	4.954919
76	63	2.643856	0.522469	2.536012	5.702337
76	64	2.643856	0.481226	2.179743	5.304825
76	65	2.643856	0.467804	1.993595	5.105254
76	66	2.643856	0.445377	1.771067	4.860300
76	67	2.643856	0.413490	1.454670	4.512016
76	68	2.643856	0.427896	1.597614	4.669366
76	69	2.643856	0.446401	1.781227	4.871484
76	70	2.643856	0.440877	1.726415	4.811147
76	71	2.643856	0.476681	2.081682	5.202219
76	72	2.643856	0.478551	2.100234	5.222641
76	73	2.643856	0.440891	2.150267	5.235014
76	74	2.643856	0.553581	2.844725	6.042163
76	75	2.643856	0.534115	2.651575	5.829546
76	76	2.643856	0.454642	1.863000	4.961498
76	77	2.643856	0.426107	1.579862	4.649825
76	78	2.643856	0.486376	2.177880	5.308112
76	79	2.643856	0.430423	1.622688	4.696967
76	80	2.643856	0.454642	1.863000	4.961498
76	81	2.643856	0.442806	1.745556	4.832217
76	82	2.643856	0.429433	1.612863	4.686152
76	83	2.643856	0.494343	2.521755	5.659954
76	84	2.643856	0.445377	1.771067	4.860300
76	85	2.643856	0.484695	2.161197	5.289748
76	86	2.643856	0.429489	1.613416	4.686761
76	87	2.643856	0.489484	2.208717	5.342057
76	88	2.643856	0.474906	2.064065	5.182827
76	89	2.643856	0.445377	1.771067	4.860300
76	90	2.643856	0.471768	2.032930	5.148554
76	91	2.643856	0.404952	1.369952	4.418761
76	92	2.643856	0.442806	1.745556	4.832217
76	93	2.643856	0.435345	1.671520	4.750721
76	94	2.643856	0.476250	2.183331	5.303436
76	95	2.643856	0.457571	1.892064	4.993492
76	96	2.643856	0.457724	1.893582	4.995162
76	97	2.643856	0.368120	1.004486	4.016463
76	98	2.643856	0.522469	2.536012	5.702337
76	99	2.643856	0.575453	3.061747	6.281056
77	0	2.592336	0.418139	1.500795	4.511270
77	1	2.592336	0.462360	1.939578	4.994274
77	2	2.592336	0.532594	2.795365	5.920294
77	3	2.592336	0.504378	2.356507	5.453221
77	4	2.592336	0.535031	2.660657	5.788024
77	5	2.592336	0.522037	2.531728	5.646101
77	6	2.592336	0.451581	1.832631	4.876548
77	7	2.592336	0.512998	2.442039	5.547373
77	8	2.592336	0.496660	2.279923	5.368920
77	9	2.592336	0.496660	2.279923	5.368920
77	10	2.592336	0.526838	2.579367	5.698541
77	11	2.592336	0.533401	2.644485	5.770222
77	12	2.592336	0.464391	1.959738	5.016465
77	13	2.592336	0.508957	2.401939	5.503232
77	14	2.592336	0.533401	2.644485	5.770222
77	15	2.592336	0.508698	2.399375	5.500409
77	16	2.592336	0.481593	2.130418	5.204347
77	17	2.592336	0.535031	2.660657	5.788024
77	18	2.592336	0.512612	2.438208	5.543156
77	19	2.592336	0.451266	1.829496	4.873098
77	20	2.592336	0.437258	1.690510	4.720104
77	21	2.592336	0.388704	1.208725	4.189765
77	22	2.592336	0.461949	1.935503	4.989789
77	23	2.592336	0.466614	1.981790	5.040740
77	24	2.592336	0.481337	2.286774	5.360447
77	25	2.592336	0.447165	1.788804	4.828305
77	26	2.592336	0.505735	2.369967	5.468038
77	27	2.592336	0.456959	1.885990	4.935285
77	28	2.592336	0.541753	2.727359	5.861448
77	29	2.592336	0.474196	2.057019	5.123550
77	30	2.592336	0.522995	2.700120	5.815451
77	31	2.592336	0.564756	2.955602	6.112693
77	32	2.592336	0.533401	2.644485	5.770222
77	33	2.592336	0.406900	1.389277	4.388513
77	34	2.592336	0.493839	2.251931	5.338106
77	35	2.592336	0.507735	2.389812	5.489882
77	36	2.592336	0.532303	2.633595	5.758235
77	37	2.592336	0.541187	2.721743	5.855267
77	38	2.592336	0.507735	2.389812	5.489882
77	39	2.592336	0.615828	3.462369	6.670533
77	40	2.592336	0.446241	1.779639	4.818216
77	41	2.592336	0.551583	2.824900	5.968819
77	42	2.592336	0.473822	2.053317	5.119476
77	43	2.592336	0.501903	2.331947	5.426186
77	44	2.592336	0.500473	2.317758	5.410567
77	45	2.592336	0.414448	1.464171	4.470955
77	46	2.592336	0.406900	1.389277	4.388513
77	47	2.592336	0.388704	1.208725	4.189765
77	48	2.592336	0.439588	2.190300	5.222224
77	49	2.592336	0.482197	2.136413	5.210946
77	50	2.592336	0.451266	1.829496	4.873098
77	51	2.592336	0.473069	2.045842	5.111247
77	52	2.592336	0.496896	2.282263	5.371495
77	53	2.592336	0.417498	2.024075	5.033909
77	54	2.592336	0.438485	1.702684	4.733506
77	55	2.592336	0.496660	2.279923	5.368920
77	56	2.592336	0.561332	2.974596	6.128264
77	57	2.592336	0.437635	1.694248	4.724219
77	58	2.592336	0.477411	2.088921	5.158667
77	59	2.592336	0.519452	2.506076	5.617864
77	60	2.592336	0.504378	2.356507	5.453221
77	61	2.592336	0.538729	2.697354	5.828419
77	62	2.592336	0.464391	1.959738	5.016465
77	63	2.592336	0.543696	2.799605	5.935638
77	64	2.592336	0.508957	2.401939	5.503232
77	65	2.592336	0.535031	2.660657	5.788024
77	66	2.592336	0.522995	2.700120	5.815451
77	67	2.592336	0.418139	1.500795	4.511270
77	68	2.592336	0.541753	2.727359	5.861448
77	69	2.592336	0.499660	2.309694	5.401690
77	70	2.592336	0.507153	2.384040	5.483529
77	71	2.592336	0.388704	1.208725	4.189765
77	72	2.592336	0.565043	3.117345	6.274724
77	73	2.592336	0.414448	1.464171	4.470955
77	74	2.592336	0.561332	2.974596	6.128264
77	75	2.592336	0.474196	2.057019	5.123550
77	76	2.592336	0.464391	1.959738	5.016465
77	77	2.592336	0.418139	1.500795	4.511270
77	78	2.592336	0.508957	2.401939	5.503232
77	79	2.592336	0.414448	1.464171	4.470955
77	80	2.592336	0.388704	1.208725	4.189765
77	81	2.592336	0.484804	2.162279	5.239419
77	82	2.592336	0.601905	3.324219	6.518460
77	83	2.592336	0.550312	2.812282	5.954930
77	84	2.592336	0.474196	2.057019	5.123550
77	85	2.592336	0.477411	2.088921	5.158667
77	86	2.592336	0.558005	2.888619	6.038960
77	87	2.592336	0.473069	2.045842	5.111247
77	88	2.592336	0.406900	1.389277	4.388513
77	89	2.592336	0.496896	2.282263	5.371495
77	90	2.592336	0.550312	2.812282	5.954930
77	91	2.592336	0.442260	1.740143	4.774739
77	92	2.592336	0.521888	2.530248	5.644472
77	93	2.592336	0.632037	3.623205	6.847578
77	94	2.592336	0.526838	2.579367	5.698541
77	95	2.592336	0.541753	2.727359	5.861448
77	96	2.592336	0.439412	1.711882	4.743631
77	97	2.592336	0.558005	2.888619	6.038960
77	98	2.592336	0.505735	2.369967	5.468038
77	99	2.592336	0.446241	1.779639	4.818216
78	0	2.634979	0.491030	2.224056	5.350064
78	1	2.634979	0.567508	2.982907	6.185393
78	2	2.634979	0.453408	1.850758	4.939145
78	3	2.634979	0.523633	2.547561	5.706173
78	4	2.634979	0.470029	2.015677	5.120685
78	5	2.634979	0.444459	1.761958	4.841395
78	6	2.634979	0.439390	1.711658	4.786027
78	7	2.634979	0.439390	1.711658	4.786027
78	8	2.634979	0.470610	2.021439	5.127028
78	9	2.634979	0.500562	2.318642	5.454183
78	10	2.634979	0.519551	2.507056	5.661586
78	11	2.634979	0.540442	2.714346	5.889766
78	12	2.634979	0.544654	2.756142	5.935774
78	13	2.634979	0.519699	2.508531	5.663209
78	14	2.634979	0.431780	1.636147	4.702905
78	15	2.634979	0.535363	2.663952	5.834294
78	16	2.634979	0.453477	1.851435	4.939890
78	17	2.634979	0.420223	1.521477	4.576679
78	18	2.634979	0.446235	1.779582	4.860796
78	19	2.634979	0.500562	2.318642	5.454183
78	20	2.634979	0.439390	1.711658	4.786027
78	21	2.634979	0.535363	2.663952	5.834294
78	22	2.634979	0.470048	2.015867	5.120894
78	23	2.634979	0.486610	2.180198	5.301786
78	24	2.634979	0.467183	1.987435	5.089597
78	25	2.634979	0.437630	1.694198	4.766807
78	26	2.634979	0.518636	2.497983	5.651598
78	27	2.634979	0.462251	1.938498	5.035728
78	28	2.634979	0.462251	1.938498	5.035728
78	29	2.634979	0.439443	1.712186	4.786607
78	30	2.634979	0.499519	2.308290	5.442787
78	31	2.634979	0.453408	1.850758	4.939145
78	32	2.634979	0.484822	2.162458	5.282258
78	33	2.634979	0.574166	3.048977	6.258121
78	34	2.634979	0.498931	2.567274	5.701184
78	35	2.634979	0.458147	1.897782	4.990908
78	36	2.634979	0.502151	2.652192	5.789321
78	37	2.634979	0.462315	1.939132	5.036426
78	38	2.634979	0.518378	2.495416	5.648772
78	39	2.634979	0.439443	1.712186	4.786607
78	40	2.634979	0.467183	1.987435	5.089597
78	41	2.634979	0.433350	1.651731	4.720060
78	42	2.634979	0.554345	2.852304	6.041628
78	43	2.634979	0.484679	2.161041	5.280699
78	44	2.634979	0.444459	1.761958	4.841395
78	45	2.634979	0.462315	1.939132	5.036426
78	46	2.634979	0.562770	2.935903	6.133652
78	47	2.634979	0.438327	1.701116	4.774422
78	48	2.634979	0.477389	2.088710	5.201078
78	49	2.634979	0.462251	1.938498	5.035728
78	50	2.634979	0.385087	1.172843	4.192909
78	51	2.634979	0.473398	2.049110	5.157487
78	52	2.634979	0.572014	3.027620	6.234613
78	53	2.634979	0.477389	2.088710	5.201078
78	54	2.634979	0.436046	1.678479	4.749504
78	55	2.634979	0.439351	1.711269	4.785599
78	56	2.634979	0.519520	2.506753	5.661252
78	57	2.634979	0.489742	2.211276	5.335997
78	58	2.634979	0.472041	2.459351	5.566370
78	59	2.634979	0.519373	2.505295	5.659647
78	60	2.634979	0.433018	1.648432	4.716428
78	61	2.634979	0.477389	2.088710	5.201078
78	62	2.634979	0.420223	1.521477	4.576679
78	63	2.634979	0.553759	2.846491	6.035229
78	64	2.634979	0.477389	2.088710	5.201078
78	65	2.634979	0.446235	1.779582	4.860796
78	66	2.634979	0.469292	2.326146	5.430417
78	67	2.634979	0.518378	2.495416	5.648772
78	68	2.634979	0.494341	2.256915	5.386235
78	69	2.634979	0.473398	2.049110	5.157487
78	70	2.634979	0.518636	2.497983	5.651598
78	71	2.634979	0.503029	2.343120	5.481127
78	72	2.634979	0.525123	2.562349	5.722451
78	73	2.634979	0.474180	2.056865	5.166023
78	74	2.634979	0.437630	1.694198	4.766807
78	75	2.634979	0.385087	1.172843	4.192909
78	76	2.634979	0.460695	1.923063	5.018737
78	77	2.634979	0.439443	1.712186	4.786607
78	78	2.634979	0.433018	1.648432	4.716428
78	79	2.634979	0.409580	1.415876	4.460435
78	80	2.634979	0.574166	3.048977	6.258121
78	81	2.634979	0.591093	3.269900	6.495972
78	82	2.634979	0.460695	1.923063	5.018737
78	83	2.634979	0.561522	3.082405	6.278906
78	84	2.634979	0.556305	2.871751	6.063035
78	85	2.634979	0.542406	2.945693	6.123078
78	86	2.634979	0.431780	1.636147	4.702905
78	87	2.634979	0.473398	2.049110	5.157487
78	88	2.634979	0.433018	1.648432	4.716428
78	89	2.634979	0.437630	1.694198	4.766807
78	90	2.634979	0.490918	2.328875	5.454771
78	91	2.634979	0.474500	2.165971	5.275450
78	92	2.634979	0.487357	2.187611	5.309947
78	93	2.634979	0.462315	1.939132	5.036426
78	94	2.634979	0.585757	3.269913	6.490649
78	95	2.634979	0.477389	2.088710	5.201078
78	96	2.634979	0.493671	2.250267	5.378917
78	97	2.634979	0.464197	1.957813	5.056990
78	98	2.634979	0.453408	1.850758	4.939145
78	99	2.634979	0.519551	2.507056	5.661586
79	0	2.688103	0.445469	1.771979	4.905550
79	1	2.688103	0.435870	1.676737	4.800710
79	2	2.688103	0.497920	2.292422	5.478444
79	3	2.688103	0.505104	2.363712	5.556920
79	4	2.688103	0.462234	1.938326	5.088662
79	5	2.688103	0.416517	1.484705	4.589325
79	6	2.688103	0.440057	1.718280	4.846440
79	7	2.688103	0.516592	2.636591	5.841286
79	8	2.688103	0.462012	1.936127	5.086242
79	9	2.688103	0.463997	2.326571	5.478671
79	10	2.688103	0.429706	1.986313	5.104122
79	11	2.688103	0.445342	1.770719	4.904164
79	12	2.688103	0.495697	2.270369	5.454169
79	13	2.688103	0.480402	2.118607	5.287112
79	14	2.688103	0.542622	2.735980	5.966704
79	15	2.688103	0.437793	1.695820	4.821716
79	16	2.688103	0.550071	2.809892	6.048066
79	17	2.688103	0.435870	1.676737	4.800710
79	18	2.688103	0.560351	2.911901	6.160356
79	19	2.688103	0.587278	3.179083	6.454464
79	20	2.688103	0.440057	1.718280	4.846440
79	21	2.688103	0.466993	1.985547	5.140643
79	22	2.688103	0.453248	1.849163	4.990513
79	23	2.688103	0.452227	1.839036	4.979366
79	24	2.688103	0.466061	1.976300	5.130463
79	25	2.688103	0.430479	1.623242	4.741824
79	26	2.688103	0.445469	1.771979	4.905550
79	27	2.688103	0.437793	1.695820	4.821716
79	28	2.688103	0.437793	1.695820	4.821716
79	29	2.688103	0.450947	1.826331	4.965381
79	30	2.688103	0.421639	1.535524	4.645265
79	31	2.688103	0.424959	1.568474	4.681536
79	32	2.688103	0.416976	1.489263	4.594342
79	33	2.688103	0.488144	2.195422	5.371669
79	34	2.688103	0.462234	1.938326	5.088662
79	35	2.688103	0.450947	1.826331	4.965381
79	36	2.688103	0.445469	1.771979	4.905550
79	37	2.688103	0.435870	1.676737	4.800710
79	38	2.688103	0.453248	1.849163	4.990513
79	39	2.688103	0.520904	2.520482	5.729489
79	40	2.688103	0.428001	1.598659	4.714763
79	41	2.688103	0.428131	1.599941	4.716175
79	42	2.688103	0.453248	1.849163	4.990513
79	43	2.688103	0.508677	2.399158	5.595937
79	44	2.688103	0.419892	1.518196	4.626191
79	45	2.688103	0.497920	2.292422	5.478444
79	46	2.688103	0.440057	1.718280	4.846440
79	47	2.688103	0.452227	1.839036	4.979366
79	48	2.688103	0.523607	2.653227	5.864936
79	49	2.688103	0.407109	1.868022	4.963234
79	50	2.688103	0.481285	2.127369	5.296757
79	51	2.688103	0.516594	2.477721	5.682418
79	52	2.688103	0.420743	1.526638	4.635484
79	53	2.688103	0.550071	2.809892	6.048066
79	54	2.688103	0.484565	2.159910	5.332578
79	55	2.688103	0.452227	1.839036	4.979366
79	56	2.688103	0.453728	1.853927	4.995758
79	57	2.688103	0.539487	2.810805	6.038396
79	58	2.688103	0.450947	1.826331	4.965381
79	59	2.688103	0.432564	1.643935	4.764602
79	60	2.688103	0.480692	2.121481	5.290276
79	61	2.688103	0.492425	2.237899	5.418427
79	62	2.688103	0.519325	2.504816	5.712244
79	63	2.688103	0.519325	2.504816	5.712244
79	64	2.688103	0.432957	1.647833	4.768893
79	65	2.688103	0.411941	1.439300	4.539344
79	66	2.688103	0.487092	2.184983	5.360177
79	67	2.688103	0.487092	2.184983	5.360177
79	68	2.688103	0.440057	1.718280	4.846440
79	69	2.688103	0.415994	1.479510	4.583607
79	70	2.688103	0.548174	2.844035	6.080312
79	71	2.688103	0.391954	1.240977	4.321033
79	72	2.688103	0.411941	1.439300	4.539344
79	73	2.688103	0.498174	2.294942	5.481219
79	74	2.688103	0.440057	1.718280	4.846440
79	75	2.688103	0.560351	2.911901	6.160356
79	76	2.688103	0.482751	2.141911	5.312765
79	77	2.688103	0.421639	1.535524	4.645265
79	78	2.688103	0.416517	1.484705	4.589325
79	79	2.688103	0.480402	2.118607	5.287112
79	80	2.688103	0.481285	2.127369	5.296757
79	81	2.688103	0.411941	1.439300	4.539344
79	82	2.688103	0.566438	2.972297	6.226838
79	83	2.688103	0.486525	2.285281	5.459908
79	84	2.688103	0.453388	1.850559	4.992050
79	85	2.688103	0.423556	1.554552	4.666211
79	86	2.688103	0.432957	1.647833	4.768893
79	87	2.688103	0.391954	1.240977	4.321033
79	88	2.688103	0.468474	2.000251	5.156828
79	89	2.688103	0.539487	2.810805	6.038396
79	90	2.688103	0.516997	2.587647	5.792747
79	91	2.688103	0.469411	2.009544	5.167058
79	92	2.688103	0.562927	2.937459	6.188489
79	93	2.688103	0.486241	2.176544	5.350888
79	94	2.688103	0.408143	1.401616	4.497863
79	95	2.688103	0.408143	1.401616	4.497863
79	96	2.688103	0.407259	1.392840	4.488202
79	97	2.688103	0.570864	3.016213	6.275180
79	98	2.688103	0.430479	1.623242	4.741824
79	99	2.688103	0.445342	1.770719	4.904164
80	0	2.623266	0.460803	1.924133	5.008202
80	1	2.623266	0.465780	1.973518	5.062564
80	2	2.623266	0.486549	2.179598	5.289413
80	3	2.623266	0.465770	1.973414	5.062450
80	4	2.623266	0.565547	2.963454	6.152267
80	5	2.623266	0.521045	2.521882	5.666193
80	6	2.623266	0.497273	2.286001	5.406540
80	7	2.623266	0.438835	1.706155	4.768256
80	8	2.623266	0.521045	2.521882	5.666193
80	9	2.623266	0.462666	1.942621	5.028553
80	10	2.623266	0.589417	3.200307	6.412990
80	11	2.623266	0.481078	2.125308	5.229651
80	12	2.623266	0.470954	2.024855	5.119075
80	13	2.623266	0.481078	2.125308	5.229651
80	14	2.623266	0.437064	1.688582	4.748912
80	15	2.623266	0.447890	1.796006	4.867163
80	16	2.623266	0.506512	2.377684	5.507463
80	17	2.623266	0.513074	2.442792	5.579133
80	18	2.623266	0.617503	3.478989	6.719758
80	19	2.623266	0.482046	2.134916	5.240228
80	20	2.623266	0.447890	1.796006	4.867163
80	21	2.623266	0.506512	2.377684	5.507463
80	22	2.623266	0.602545	3.383526	6.609337
80	23	2.623266	0.437064	1.688582	4.748912
80	24	2.623266	0.499841	2.311489	5.434597
80	25	2.623266	0.510728	2.419513	5.553507
80	26	2.623266	0.487100	2.185068	5.295434
80	27	2.623266	0.483902	2.153329	5.260496
80	28	2.623266	0.379839	1.120765	4.123870
80	29	2.623266	0.554703	2.855852	6.033821
80	30	2.623266	0.479117	2.105855	5.208239
80	31	2.623266	0.476987	2.084717	5.184971
80	32	2.623266	0.471236	2.027654	5.122157
80	33	2.623266	0.554703	2.855852	6.033821
80	34	2.623266	0.563164	2.939804	6.126234
80	35	2.623266	0.456125	1.877712	4.957103
80	36	2.623266	0.465780	1.973518	5.062564
80	37	2.623266	0.497273	2.286001	5.406540
80	38	2.623266	0.496789	2.281201	5.401256
80	39	2.623266	0.496789	2.281201	5.401256
80	40	2.623266	0.435173	1.669818	4.728257
80	41	2.623266	0.465740	1.973116	5.062122
80	42	2.623266	0.479039	2.422865	5.525170
80	43	2.623266	0.497273	2.286001	5.406540
80	44	2.623266	0.471236	2.027654	5.122157
80	45	2.623266	0.497273	2.286001	5.406540
80	46	2.623266	0.462063	1.936638	5.021968
80	47	2.623266	0.444979	1.767120	4.835366
80	48	2.623266	0.479117	2.105855	5.208239
80	49	2.623266	0.479037	2.105057	5.207359
80	50	2.623266	0.497273	2.286001	5.406540
80	51	2.623266	0.578084	3.140815	6.342165
80	52	2.623266	0.470954	2.024855	5.119075
80	53	2.623266	0.447890	1.796006	4.867163
80	54	2.623266	0.479281	2.107482	5.210029
80	55	2.623266	0.450952	1.826382	4.900600
80	56	2.623266	0.499841	2.311489	5.434597
80	57	2.623266	0.473518	2.050296	5.147080
80	58	2.623266	0.499841	2.311489	5.434597
80	59	2.623266	0.509429	2.406627	5.539322
80	60	2.623266	0.487100	2.185068	5.295434
80	61	2.623266	0.565547	2.963454	6.152267
80	62	2.623266	0.462063	1.936638	5.021968
80	63	2.623266	0.514465	2.562519	5.700250
80	64	2.623266	0.513074	2.442792	5.579133
80	65	2.623266	0.482046	2.134916	5.240228
80	66	2.623266	0.396480	1.921454	4.941201
80	67	2.623266	0.569488	3.055525	6.248279
80	68	2.623266	0.485634	2.329405	5.438305
80	69	2.623266	0.473518	2.050296	5.147080
80	70	2.623266	0.391432	1.235801	4.250499
80	71	2.623266	0.578084	3.140815	6.342165
80	72	2.623266	0.447890	1.796006	4.867163
80	73	2.623266	0.465780	1.973518	5.062564
80	74	2.623266	0.510728	2.419513	5.553507
80	75	2.623266	0.509429	2.406627	5.539322
80	76	2.623266	0.438835	1.706155	4.768256
80	77	2.623266	0.521045	2.521882	5.666193
80	78	2.623266	0.443339	1.750845	4.817450
80	79	2.623266	0.529237	2.603168	5.755671
80	80	2.623266	0.496789	2.281201	5.401256
80	81	2.623266	0.479281	2.107482	5.210029
80	82	2.623266	0.462666	1.942621	5.028553
80	83	2.623266	0.449002	1.807041	4.879310
80	84	2.623266	0.491409	2.492634	5.607309
80	85	2.623266	0.460803	1.924133	5.008202
80	86	2.623266	0.521045	2.521882	5.666193
80	87	2.623266	0.499841	2.311489	5.434597
80	88	2.623266	0.479751	2.112146	5.215163
80	89	2.623266	0.479751	2.112146	5.215163
80	90	2.623266	0.531753	2.681093	5.836112
80	91	2.623266	0.484185	2.156137	5.263588
80	92	2.623266	0.391432	1.235801	4.250499
80	93	2.623266	0.488508	2.199038	5.310813
80	94	2.623266	0.516685	2.478623	5.618574
80	95	2.623266	0.462666	1.942621	5.028553
80	96	2.623266	0.485839	2.172555	5.281661
80	97	2.623266	0.525811	2.569178	5.718256
80	98	2.623266	0.474454	2.059581	5.157301
80	99	2.623266	0.580860	3.115399	6.319525
81	0	2.567806	0.481486	2.129355	5.178647
81	1	2.567806	0.421048	1.529666	4.518520
81	2	2.567806	0.538181	2.691910	5.797897
81	3	2.567806	0.556220	2.870903	5.994929
81	4	2.567806	0.422284	1.859707	4.849797
81	5	2.567806	0.515613	2.467982	5.551401
81	6	2.567806	0.445662	1.773893	4.787361
81	7	2.567806	0.505708	2.369703	5.443218
81	8	2.567806	0.458318	1.899477	4.925602
81	9	2.567806	0.495806	2.271453	5.335065
81	10	2.567806	0.403304	1.353602	4.324712
81	11	2.567806	0.486429	2.178410	5.232646
81	12	2.567806	0.499967	2.312739	5.380512
81	13	2.567806	0.483026	2.144642	5.195475
81	14	2.567806	0.434316	1.661311	4.663433
81	15	2.567806	0.438715	1.704961	4.711482
81	16	2.567806	0.565285	2.960851	6.093942
81	17	2.567806	0.559137	2.899848	6.026790
81	18	2.567806	0.438715	1.704961	4.711482
81	19	2.567806	0.547067	2.780091	5.894965
81	20	2.567806	0.459184	1.908062	4.935052
81	21	2.567806	0.559137	2.899848	6.026790
81	22	2.567806	0.455166	1.868199	4.891172
81	23	2.567806	0.529522	2.606001	5.703329
81	24	2.567806	0.385972	1.181619	4.135397
81	25	2.567806	0.434316	1.661311	4.663433
81	26	2.567806	0.499967	2.312739	5.380512
81	27	2.567806	0.532697	2.637503	5.738007
81	28	2.567806	0.369377	1.705487	4.642671
81	29	2.567806	0.582876	3.188361	6.339043
81	30	2.567806	0.437336	1.691282	4.696425
81	31	2.567806	0.559327	2.901734	6.028867
81	32	2.567806	0.457123	1.887612	4.912541
81	33	2.567806	0.464107	2.380629	5.412542
81	34	2.567806	0.529928	2.610028	5.707763
81	35	2.567806	0.474567	2.060704	5.103077
81	36	2.567806	0.486429	2.178410	5.232646
81	37	2.567806	0.587332	3.179615	6.334753
81	38	2.567806	0.501595	2.328892	5.398294
81	39	2.567806	0.492297	2.236634	5.296737
81	40	2.567806	0.445662	1.773893	4.787361
81	41	2.567806	0.575789	3.065080	6.208675
81	42	2.567806	0.492297	2.236634	5.296737
81	43	2.567806	0.538181	2.691910	5.797897
81	44	2.567806	0.522798	2.539281	5.629886
81	45	2.567806	0.444482	2.079967	5.092255
81	46	2.567806	0.421048	1.529666	4.518520
81	47	2.567806	0.559327	2.901734	6.028867
81	48	2.567806	0.532697	2.637503	5.738007
81	49	2.567806	0.446100	1.778237	4.792143
81	50	2.567806	0.435773	1.675774	4.679353
81	51	2.567806	0.485611	2.170290	5.223708
81	52	2.567806	0.559327	2.901734	6.028867
81	53	2.567806	0.582876	3.188361	6.339043
81	54	2.567806	0.459184	1.908062	4.935052
81	55	2.567806	0.459184	1.908062	4.935052
81	56	2.567806	0.446100	1.778237	4.792143
81	57	2.567806	0.473895	2.054033	5.095734
81	58	2.567806	0.532697	2.637503	5.738007
81	59	2.567806	0.462521	1.941179	4.971506
81	60	2.567806	0.475185	2.066833	5.109823
81	61	2.567806	0.502596	2.338819	5.409221
81	62	2.567806	0.474567	2.060704	5.103077
81	63	2.567806	0.438715	1.704961	4.711482
81	64	2.567806	0.434316	1.661311	4.663433
81	65	2.567806	0.439797	1.715698	4.723301
81	66	2.567806	0.403304	1.353602	4.324712
81	67	2.567806	0.434370	1.979630	4.981806
81	68	2.567806	0.403304	1.353602	4.324712
81	69	2.567806	0.473895	2.054033	5.095734
81	70	2.567806	0.538181	2.691910	5.797897
81	71	2.567806	0.466552	1.981172	5.015530
81	72	2.567806	0.559137	2.899848	6.026790
81	73	2.567806	0.421048	1.529666	4.518520
81	74	2.567806	0.582876	3.188361	6.339043
81	75	2.567806	0.475185	2.066833	5.109823
81	76	2.567806	0.472431	2.039506	5.079743
81	77	2.567806	0.559327	2.901734	6.028867
81	78	2.567806	0.524987	2.560999	5.653792
81	79	2.567806	0.475185	2.066833	5.109823
81	80	2.567806	0.446100	1.778237	4.792143
81	81	2.567806	0.547067	2.780091	5.894965
81	82	2.567806	0.385972	1.181619	4.135397
81	83	2.567806	0.502596	2.338819	5.409221
81	84	2.567806	0.468242	1.997942	5.033990
81	85	2.567806	0.462521	1.941179	4.971506
81	86	2.567806	0.452570	1.842438	4.862814
81	87	2.567806	0.498802	2.301181	5.367790
81	88	2.567806	0.467108	1.986695	5.021610
81	89	2.567806	0.513389	2.604807	5.686002
81	90	2.567806	0.559327	2.901734	6.028867
81	91	2.567806	0.529867	2.609423	5.707097
81	92	2.567806	0.434014	1.658320	4.660141
81	93	2.567806	0.498802	2.301181	5.367790
81	94	2.567806	0.452570	1.842438	4.862814
81	95	2.567806	0.458318	1.899477	4.925602
81	96	2.567806	0.468242	1.997942	5.033990
81	97	2.567806	0.437342	1.691342	4.696491
81	98	2.567806	0.458318	1.899477	4.925602
81	99	2.567806	0.419667	1.886704	4.874177
82	0	2.616622	0.475277	2.067752	5.159652
82	1	2.616622	0.549775	2.806955	5.973352
82	2	2.616622	0.521510	2.526499	5.664631
82	3	2.616622	0.479361	2.108276	5.204259
82	4	2.616622	0.480589	2.120458	5.217669
82	5	2.616622	0.551199	2.821090	5.988911
82	6	2.616622	0.435660	1.674648	4.726930
82	7	2.616622	0.419602	1.515314	4.551538
82	8	2.616622	0.428805	1.606627	4.652053
82	9	2.616622	0.513150	2.443547	5.573319
82	10	2.616622	0.451726	1.834063	4.902411
82	11	2.616622	0.459893	1.915101	4.991616
82	12	2.616622	0.419602	1.515314	4.551538
82	13	2.616622	0.472554	2.040734	5.129910
82	14	2.616622	0.495084	2.264288	5.375994
82	15	2.616622	0.541190	2.721772	5.879584
82	16	2.616622	0.548032	3.001515	6.166169
82	17	2.616622	0.495084	2.264288	5.375994
82	18	2.616622	0.518993	2.713382	5.848997
82	19	2.616622	0.471528	2.030547	5.118696
82	20	2.616622	0.463238	1.948294	5.028154
82	21	2.616622	0.441297	1.730587	4.788506
82	22	2.616622	0.492259	2.448105	5.556986
82	23	2.616622	0.378159	1.104101	4.098883
82	24	2.616622	0.518433	2.495965	5.631020
82	25	2.616622	0.537406	2.684230	5.838258
82	26	2.616622	0.493569	2.249257	5.359449
82	27	2.616622	0.537406	2.684230	5.838258
82	28	2.616622	0.554475	2.853589	6.024686
82	29	2.616622	0.521510	2.526499	5.664631
82	30	2.616622	0.419602	1.515314	4.551538
82	31	2.616622	0.518433	2.495965	5.631020
82	32	2.616622	0.459893	1.915101	4.991616
82	33	2.616622	0.465354	1.969290	5.051266
82	34	2.616622	0.513512	2.447138	5.577272
82	35	2.616622	0.465354	1.969290	5.051266
82	36	2.616622	0.521510	2.526499	5.664631
82	37	2.616622	0.531368	2.624310	5.772300
82	38	2.616622	0.475274	2.067719	5.159615
82	39	2.616622	0.609316	3.397752	6.623690
82	40	2.616622	0.445604	2.302961	5.365187
82	41	2.616622	0.513512	2.447138	5.577272
82	42	2.616622	0.511379	2.690789	5.818790
82	43	2.616622	0.490984	2.223604	5.331210
82	44	2.616622	0.512861	2.440674	5.570157
82	45	2.616622	0.428805	1.606627	4.652053
82	46	2.616622	0.553480	2.843723	6.013826
82	47	2.616622	0.480589	2.120458	5.217669
82	48	2.616622	0.447175	1.788910	4.852707
82	49	2.616622	0.419602	1.515314	4.551538
82	50	2.616622	0.549775	2.806955	5.973352
82	51	2.616622	0.555818	2.866917	6.039357
82	52	2.616622	0.493569	2.249257	5.359449
82	53	2.616622	0.488791	2.201846	5.307259
82	54	2.616622	0.501302	2.325982	5.443905
82	55	2.616622	0.518433	2.495965	5.631020
82	56	2.616622	0.541190	2.721772	5.879584
82	57	2.616622	0.463238	1.948294	5.028154
82	58	2.616622	0.447448	1.791618	4.855688
82	59	2.616622	0.488791	2.201846	5.307259
82	60	2.616622	0.516609	2.477868	5.611099
82	61	2.616622	0.544851	2.758099	5.919572
82	62	2.616622	0.554475	2.853589	6.024686
82	63	2.616622	0.447448	1.791618	4.855688
82	64	2.616622	0.508476	2.397164	5.522262
82	65	2.616622	0.475274	2.067719	5.159615
82	66	2.616622	0.501232	2.325292	5.443147
82	67	2.616622	0.495084	2.264288	5.375994
82	68	2.616622	0.432910	1.647365	4.696897
82	69	2.616622	0.551374	2.875786	6.043782
82	70	2.616622	0.465354	1.969290	5.051266
82	71	2.616622	0.518993	2.713382	5.848997
82	72	2.616622	0.477538	2.090184	5.184344
82	73	2.616622	0.451726	1.834063	4.902411
82	74	2.616622	0.553565	2.844560	6.014746
82	75	2.616622	0.456585	1.882278	4.955485
82	76	2.616622	0.512861	2.440674	5.570157
82	77	2.616622	0.476754	2.082407	5.175783
82	78	2.616622	0.514588	2.457813	5.589023
82	79	2.616622	0.478935	2.104043	5.199599
82	80	2.616622	0.567514	2.982969	6.167105
82	81	2.616622	0.545293	2.815443	5.977358
82	82	2.616622	0.594560	3.251333	6.462515
82	83	2.616622	0.501302	2.325982	5.443905
82	84	2.616622	0.553480	2.843723	6.013826
82	85	2.616622	0.579858	3.317309	6.513789
82	86	2.616622	0.459198	1.908211	4.984031
82	87	2.616622	0.445880	1.776057	4.838559
82	88	2.616622	0.493569	2.249257	5.359449
82	89	2.616622	0.521510	2.526499	5.664631
82	90	2.616622	0.512699	2.439074	5.568395
82	91	2.616622	0.378159	1.104101	4.098883
82	92	2.616622	0.487429	2.188332	5.292383
82	93	2.616622	0.567514	2.982969	6.167105
82	94	2.616622	0.475277	2.067752	5.159652
82	95	2.616622	0.474193	2.056989	5.147804
82	96	2.616622	0.495084	2.264288	5.375994
82	97	2.616622	0.487936	2.511143	5.615701
82	98	2.616622	0.551199	2.821090	5.988911
82	99	2.616622	0.465354	1.969290	5.051266
83	0	2.480226	0.525347	2.564571	5.570145
83	1	2.480226	0.468160	1.997130	4.945516
83	2	2.480226	0.556636	2.875035	5.911897
83	3	2.480226	0.518723	2.498847	5.497797
83	4	2.480226	0.542408	2.839783	5.862417
83	5	2.480226	0.453292	1.849602	4.783120
83	6	2.480226	0.484764	2.161884	5.126874
83	7	2.480226	0.524337	2.607509	5.612072
83	8	2.480226	0.462668	1.942639	4.885534
83	9	2.480226	0.540509	2.715015	5.735751
83	10	2.480226	0.480997	2.124506	5.085729
83	11	2.480226	0.476045	2.075367	5.031638
83	12	2.480226	0.501808	2.331009	5.313043
83	13	2.480226	0.577045	3.077541	6.134812
83	14	2.480226	0.424832	1.567213	4.472272
83	15	2.480226	0.525396	2.565051	5.570673
83	16	2.480226	0.451947	1.836257	4.768430
83	17	2.480226	0.510036	2.412645	5.402907
83	18	2.480226	0.431294	1.631331	4.542851
83	19	2.480226	0.565964	2.967592	6.013783
83	20	2.480226	0.572841	3.035827	6.088894
83	21	2.480226	0.464982	1.965600	4.910808
83	22	2.480226	0.467078	1.986396	4.933701
83	23	2.480226	0.532011	2.630693	5.642931
83	24	2.480226	0.440675	1.724410	4.645312
83	25	2.480226	0.453292	1.849602	4.783120
83	26	2.480226	0.565964	2.967592	6.013783
83	27	2.480226	0.461701	1.933047	4.874975
83	28	2.480226	0.576530	3.072431	6.129187
83	29	2.480226	0.441016	1.727799	4.649041
83	30	2.480226	0.557047	2.879116	5.916390
83	31	2.480226	0.510621	2.630307	5.621154
83	32	2.480226	0.428146	1.600094	4.508466
83	33	2.480226	0.464982	1.965600	4.910808
83	34	2.480226	0.577045	3.077541	6.134812
83	35	2.480226	0.424832	1.567213	4.472272
83	36	2.480226	0.557047	2.879116	5.916390
83	37	2.480226	0.451947	1.836257	4.768430
83	38	2.480226	0.556636	2.875035	5.911897
83	39	2.480226	0.484764	2.161884	5.126874
83	40	2.480226	0.462668	1.942639	4.885534
83	41	2.480226	0.437683	1.694727	4.612636
83	42	2.480226	0.476383	2.078723	5.035332
83	43	2.480226	0.487498	2.189017	5.156742
83	44	2.480226	0.510740	2.419632	5.410599
83	45	2.480226	0.577045	3.077541	6.134812
83	46	2.480226	0.464982	1.965600	4.910808
83	47	2.480226	0.556636	2.875035	5.911897
83	48	2.480226	0.433847	1.656658	4.570731
83	49	2.480226	0.565964	2.967592	6.013783
83	50	2.480226	0.544296	2.752595	5.777117
83	51	2.480226	0.602346	3.328591	6.411163
83	52	2.480226	0.484764	2.161884	5.126874
83	53	2.480226	0.431294	1.631331	4.542851
83	54	2.480226	0.549857	2.807774	5.837858
83	55	2.480226	0.433847	1.656658	4.570731
83	56	2.480226	0.501808	2.331009	5.313043
83	57	2.480226	0.476383	2.078723	5.035332
83	58	2.480226	0.515718	2.469029	5.464974
83	59	2.480226	0.484085	2.155152	5.119463
83	60	2.480226	0.496073	2.432987	5.409286
83	61	2.480226	0.480997	2.124506	5.085729
83	62	2.480226	0.487498	2.189017	5.156742
83	63	2.480226	0.409795	2.000606	4.890628
83	64	2.480226	0.596412	3.269715	6.346354
83	65	2.480226	0.484085	2.155152	5.119463
83	66	2.480226	0.437931	1.697182	4.615339
83	67	2.480226	0.413438	2.036752	4.930416
83	68	2.480226	0.483763	2.151955	5.115944
83	69	2.480226	0.486541	2.179514	5.146281
83	70	2.480226	0.451467	1.831494	4.763188
83	71	2.480226	0.471316	2.028447	4.979990
83	72	2.480226	0.437931	1.697182	4.615339
83	73	2.480226	0.442010	1.737663	4.659899
83	74	2.480226	0.484764	2.161884	5.126874
83	75	2.480226	0.464982	1.965600	4.910808
83	76	2.480226	0.544296	2.752595	5.777117
83	77	2.480226	0.433847	1.656658	4.570731
83	78	2.480226	0.540509	2.715015	5.735751
83	79	2.480226	0.467078	1.986396	4.933701
83	80	2.480226	0.514314	2.455091	5.449631
83	81	2.480226	0.437134	1.689274	4.606634
83	82	2.480226	0.421202	1.531188	4.432616
83	83	2.480226	0.476045	2.075367	5.031638
83	84	2.480226	0.510351	2.415776	5.406354
83	85	2.480226	0.386571	1.187560	4.054356
83	86	2.480226	0.548797	2.956144	5.985168
83	87	2.480226	0.487498	2.189017	5.156742
83	88	2.480226	0.486368	2.495584	5.462178
83	89	2.480226	0.453292	1.849602	4.783120
83	90	2.480226	0.510036	2.412645	5.402907
83	91	2.480226	0.386571	1.187560	4.054356
83	92	2.480226	0.499054	2.303677	5.282958
83	93	2.480226	0.488837	2.202296	5.171359
83	94	2.480226	0.386571	1.187560	4.054356
83	95	2.480226	0.427674	1.860224	4.768124
83	96	2.480226	0.525625	2.726222	5.732074
83	97	2.480226	0.453292	1.849602	4.783120
83	98	2.480226	0.510036	2.412645	5.402907
83	99	2.480226	0.510036	2.412645	5.402907
84	0	2.561700	0.517676	2.488449	5.567825
84	1	2.561700	0.468874	2.004216	5.034790
84	2	2.561700	0.437091	1.688849	4.687640
84	3	2.561700	0.435792	1.675961	4.673453
84	4	2.561700	0.471045	2.025753	5.058498
84	5	2.561700	0.489377	2.207654	5.258731
84	6	2.561700	0.519448	2.506036	5.587184
84	7	2.561700	0.482340	2.137828	5.181868
84	8	2.561700	0.613171	3.436006	6.610877
84	9	2.561700	0.495078	2.264227	5.321006
84	10	2.561700	0.543485	2.744544	5.849729
84	11	2.561700	0.456573	1.882161	4.900434
84	12	2.561700	0.560626	2.914624	6.036950
84	13	2.561700	0.529846	2.715134	5.806679
84	14	2.561700	0.609858	3.403125	6.574683
84	15	2.561700	0.458824	1.904491	4.925015
84	16	2.561700	0.421952	1.538628	4.522280
84	17	2.561700	0.456644	1.882860	4.901204
84	18	2.561700	0.489420	2.208086	5.259206
84	19	2.561700	0.485431	2.168504	5.215636
84	20	2.561700	0.505300	2.365654	5.432655
84	21	2.561700	0.447922	1.796321	4.805944
84	22	2.561700	0.443353	1.750986	4.756039
84	23	2.561700	0.503496	2.347754	5.412951
84	24	2.561700	0.573014	3.090509	6.225223
84	25	2.561700	0.530191	2.612639	5.704530
84	26	2.561700	0.534872	2.659077	5.755649
84	27	2.561700	0.500451	2.317544	5.379695
84	28	2.561700	0.484512	2.159386	5.205598
84	29	2.561700	0.474713	2.485860	5.522273
84	30	2.561700	0.522091	2.532260	5.616051
84	31	2.561700	0.481624	2.130730	5.174055
84	32	2.561700	0.469965	2.015039	5.046703
84	33	2.561700	0.431522	1.633593	4.626815
84	34	2.561700	0.519575	2.507297	5.588572
84	35	2.561700	0.633727	3.639968	6.835395
84	36	2.561700	0.500451	2.317544	5.379695
84	37	2.561700	0.470142	2.016794	5.048635
84	38	2.561700	0.479674	2.111381	5.152756
84	39	2.561700	0.504286	2.355588	5.421574
84	40	2.561700	0.543857	2.748235	5.853793
84	41	2.561700	0.431522	1.633593	4.626815
84	42	2.561700	0.479674	2.111381	5.152756
84	43	2.561700	0.456644	1.882860	4.901204
84	44	2.561700	0.421952	1.538628	4.522280
84	45	2.561700	0.443703	1.754454	4.759857
84	46	2.561700	0.445198	1.769291	4.776189
84	47	2.561700	0.504286	2.355588	5.421574
84	48	2.561700	0.476555	2.080428	5.118683
84	49	2.561700	0.489420	2.208086	5.259206
84	50	2.561700	0.488620	2.200149	5.250470
84	51	2.561700	0.527525	2.586178	5.675403
84	52	2.561700	0.456644	1.882860	4.901204
84	53	2.561700	0.482219	2.136632	5.180551
84	54	2.561700	0.506307	2.534533	5.602540
84	55	2.561700	0.531414	2.624766	5.717880
84	56	2.561700	0.497889	2.292118	5.351707
84	57	2.561700	0.463653	1.952414	4.977768
84	58	2.561700	0.469965	2.015039	5.046703
84	59	2.561700	0.432353	1.641834	4.635887
84	60	2.561700	0.447922	1.796321	4.805944
84	61	2.561700	0.588763	3.193811	6.344273
84	62	2.561700	0.500451	2.317544	5.379695
84	63	2.561700	0.497889	2.292118	5.351707
84	64	2.561700	0.484512	2.159386	5.205598
84	65	2.561700	0.448904	1.806059	4.816663
84	66	2.561700	0.471998	2.035214	5.068912
84	67	2.561700	0.417726	2.079297	5.058723
84	68	2.561700	0.549478	2.804013	5.915192
84	69	2.561700	0.566238	2.970315	6.098254
84	70	2.561700	0.511346	2.425646	5.498692
84	71	2.561700	0.431522	1.633593	4.626815
84	72	2.561700	0.613171	3.436006	6.610877
84	73	2.561700	0.519448	2.506036	5.587184
84	74	2.561700	0.515119	2.463085	5.539904
84	75	2.561700	0.447922	1.796321	4.805944
84	76	2.561700	0.530975	2.620414	5.713090
84	77	2.561700	0.549478	2.804013	5.915192
84	78	2.561700	0.481624	2.130730	5.174055
84	79	2.561700	0.555040	3.018089	6.134829
84	80	2.561700	0.475927	2.074200	5.111827
84	81	2.561700	0.471045	2.025753	5.058498
84	82	2.561700	0.437091	1.688849	4.687640
84	83	2.561700	0.432353	1.641834	4.635887
84	84	2.561700	0.427611	1.594787	4.584098
84	85	2.561700	0.549478	2.804013	5.915192
84	86	2.561700	0.472425	2.039455	5.073581
84	87	2.561700	0.435792	1.675961	4.673453
84	88	2.561700	0.469965	2.015039	5.046703
84	89	2.561700	0.391571	1.237175	4.190446
84	90	2.561700	0.515119	2.463085	5.539904
84	91	2.561700	0.476237	2.289135	5.327072
84	92	2.561700	0.585600	3.162426	6.309726
84	93	2.561700	0.482340	2.137828	5.181868
84	94	2.561700	0.548362	2.898862	6.008924
84	95	2.561700	0.484512	2.159386	5.205598
84	96	2.561700	0.447922	1.796321	4.805944
84	97	2.561700	0.471045	2.025753	5.058498
84	98	2.561700	0.373698	1.695392	4.630790
84	99	2.561700	0.534872	2.659077	5.755649
85	0	2.672008	0.548244	2.791768	6.012020
85	1	2.672008	0.492276	2.236419	5.400703
85	2	2.672008	0.499550	2.308603	5.480161
85	3	2.672008	0.454148	1.858101	4.984258
85	4	2.672008	0.430906	1.627474	4.730388
85	5	2.672008	0.500517	2.318193	5.490718
85	6	2.672008	0.455139	2.185714	5.312861
85	7	2.672008	0.404079	1.361288	4.437375
85	8	2.672008	0.459834	1.914518	5.046360
85	9	2.672008	0.546697	2.776418	5.995123
85	10	2.672008	0.494432	2.257818	5.424258
85	11	2.672008	0.499550	2.308603	5.480161
85	12	2.672008	0.500517	2.318193	5.490718
85	13	2.672008	0.533354	2.644015	5.849376
85	14	2.672008	0.529437	2.605157	5.806602
85	15	2.672008	0.496095	2.539133	5.707236
85	16	2.672008	0.470439	2.019741	5.162188
85	17	2.672008	0.480675	2.121308	5.273991
85	18	2.672008	0.426522	2.113617	5.212148
85	19	2.672008	0.434428	1.662425	4.768862
85	20	2.672008	0.499661	2.415623	5.587292
85	21	2.672008	0.525280	2.563907	5.761196
85	22	2.672008	0.494432	2.257818	5.424258
85	23	2.672008	0.434038	1.658559	4.764605
85	24	2.672008	0.459834	1.914518	5.046360
85	25	2.672008	0.481040	2.124933	5.277982
85	26	2.672008	0.454148	1.858101	4.984258
85	27	2.672008	0.588845	3.194628	6.455482
85	28	2.672008	0.433295	2.180821	5.286124
85	29	2.672008	0.477300	2.087827	5.237135
85	30	2.672008	0.499550	2.308603	5.480161
85	31	2.672008	0.464876	1.964543	5.101426
85	32	2.672008	0.441765	1.735232	4.849005
85	33	2.672008	0.441765	1.735232	4.849005
85	34	2.672008	0.554331	2.852165	6.078505
85	35	2.672008	0.581852	3.125237	6.379096
85	36	2.672008	0.470943	2.024747	5.167699
85	37	2.672008	0.503423	2.347032	5.522464
85	38	2.672008	0.574357	3.050872	6.297237
85	39	2.672008	0.533966	2.650095	5.856070
85	40	2.672008	0.533354	2.644015	5.849376
85	41	2.672008	0.434034	1.658519	4.764561
85	42	2.672008	0.529437	2.605157	5.806602
85	43	2.672008	0.539775	2.707733	5.919517
85	44	2.672008	0.441764	1.735218	4.848990
85	45	2.672008	0.421967	1.538784	4.632759
85	46	2.672008	0.459858	1.914753	5.046619
85	47	2.672008	0.429774	1.616242	4.718023
85	48	2.672008	0.506274	2.375313	5.553595
85	49	2.672008	0.404079	1.361288	4.437375
85	50	2.672008	0.430906	1.627474	4.730388
85	51	2.672008	0.541172	2.721593	5.934773
85	52	2.672008	0.470757	2.022895	5.165660
85	53	2.672008	0.522214	2.533482	5.727704
85	54	2.672008	0.485277	2.166976	5.324262
85	55	2.672008	0.439727	1.715004	4.826740
85	56	2.672008	0.496095	2.539133	5.707236
85	57	2.672008	0.420473	1.523956	4.616437
85	58	2.672008	0.567346	3.034267	6.273621
85	59	2.672008	0.567346	3.034267	6.273621
85	60	2.672008	0.513007	2.442122	5.627137
85	61	2.672008	0.503423	2.347032	5.522464
85	62	2.672008	0.458061	1.896925	5.026994
85	63	2.672008	0.571038	3.017943	6.260989
85	64	2.672008	0.471775	2.033004	5.176787
85	65	2.672008	0.533354	2.644015	5.849376
85	66	2.672008	0.421967	1.538784	4.632759
85	67	2.672008	0.490374	2.217547	5.379929
85	68	2.672008	0.436790	1.685858	4.794656
85	69	2.672008	0.499550	2.308603	5.480161
85	70	2.672008	0.529437	2.605157	5.806602
85	71	2.672008	0.530331	2.614028	5.816367
85	72	2.672008	0.486775	2.181839	5.340622
85	73	2.672008	0.430832	1.626746	4.729587
85	74	2.672008	0.533722	2.647675	5.853406
85	75	2.672008	0.498524	2.298420	5.468953
85	76	2.672008	0.525280	2.563907	5.761196
85	77	2.672008	0.434038	1.658559	4.764605
85	78	2.672008	0.541172	2.721593	5.934773
85	79	2.672008	0.588456	3.190769	6.451234
85	80	2.672008	0.471775	2.033004	5.176787
85	81	2.672008	0.484770	2.161946	5.318724
85	82	2.672008	0.498524	2.298420	5.468953
85	83	2.672008	0.548244	2.791768	6.012020
85	84	2.672008	0.439727	1.715004	4.826740
85	85	2.672008	0.459834	1.914518	5.046360
85	86	2.672008	0.534718	2.816442	6.023168
85	87	2.672008	0.519273	2.504298	5.695579
85	88	2.672008	0.387785	1.199606	4.259399
85	89	2.672008	0.429774	1.616242	4.718023
85	90	2.672008	0.470439	2.019741	5.162188
85	91	2.672008	0.519273	2.504298	5.695579
85	92	2.672008	0.458061	1.896925	5.026994
85	93	2.672008	0.534718	2.816442	6.023168
85	94	2.672008	0.492276	2.236419	5.400703
85	95	2.672008	0.430832	1.626746	4.729587
85	96	2.672008	0.476310	2.077998	5.226316
85	97	2.672008	0.498768	2.300843	5.471619
85	98	2.672008	0.459858	1.914753	5.046619
85	99	2.672008	0.464876	1.964543	5.101426
86	0	2.598977	0.435498	2.202677	5.237152
86	1	2.598977	0.389538	1.217006	4.205521
86	2	2.598977	0.475367	2.068642	5.142986
86	3	2.598977	0.442460	1.742128	4.783565
86	4	2.598977	0.600224	3.307537	6.506738
86	5	2.598977	0.485189	2.166103	5.250269
86	6	2.598977	0.506354	2.376108	5.481438
86	7	2.598977	0.442460	1.742128	4.783565
86	8	2.598977	0.519222	2.503797	5.621997
86	9	2.598977	0.473280	2.047938	5.120196
86	10	2.598977	0.506354	2.376108	5.481438
86	11	2.598977	0.506354	2.376108	5.481438
86	12	2.598977	0.437630	1.694197	4.730804
86	13	2.598977	0.421388	1.533032	4.553396
86	14	2.598977	0.442052	1.738078	4.779107
86	15	2.598977	0.525895	2.570007	5.694879
86	16	2.598977	0.448308	1.800149	4.847434
86	17	2.598977	0.442460	1.742128	4.783565
86	18	2.598977	0.471155	2.026845	5.096977
86	19	2.598977	0.503647	2.349252	5.451876
86	20	2.598977	0.465595	1.971678	5.036250
86	21	2.598977	0.550618	2.815322	5.964917
86	22	2.598977	0.508586	2.610116	5.717680
86	23	2.598977	0.496318	2.276525	5.371820
86	24	2.598977	0.553838	2.953201	6.106016
86	25	2.598977	0.507406	2.386545	5.492928
86	26	2.598977	0.434134	1.659513	4.692624
86	27	2.598977	0.496901	2.282310	5.378188
86	28	2.598977	0.507915	2.391602	5.498495
86	29	2.598977	0.489171	2.205611	5.293759
86	30	2.598977	0.465595	1.971678	5.036250
86	31	2.598977	0.495198	2.265412	5.359586
86	32	2.598977	0.437821	1.696092	4.732889
86	33	2.598977	0.506354	2.376108	5.481438
86	34	2.598977	0.498197	2.665923	5.763097
86	35	2.598977	0.475367	2.068642	5.142986
86	36	2.598977	0.425811	1.576922	4.601710
86	37	2.598977	0.488909	2.203009	5.290894
86	38	2.598977	0.427406	1.910527	4.936910
86	39	2.598977	0.450413	1.821036	4.870426
86	40	2.598977	0.449237	1.809368	4.857582
86	41	2.598977	0.545852	2.768026	5.912855
86	42	2.598977	0.623906	3.542521	6.765404
86	43	2.598977	0.442460	1.742128	4.783565
86	44	2.598977	0.522070	2.532058	5.653105
86	45	2.598977	0.494827	2.261736	5.355540
86	46	2.598977	0.496318	2.276525	5.371820
86	47	2.598977	0.600224	3.307537	6.506738
86	48	2.598977	0.516044	2.684114	5.799135
86	49	2.598977	0.508200	2.394430	5.501607
86	50	2.598977	0.450861	1.825483	4.875321
86	51	2.598977	0.550618	2.815322	5.964917
86	52	2.598977	0.507915	2.391602	5.498495
86	53	2.598977	0.482964	2.144026	5.225967
86	54	2.598977	0.465595	1.971678	5.036250
86	55	2.598977	0.498515	2.298325	5.395816
86	56	2.598977	0.471155	2.026845	5.096977
86	57	2.598977	0.468662	2.002116	5.069755
86	58	2.598977	0.590075	3.206834	6.395886
86	59	2.598977	0.425811	1.576922	4.601710
86	60	2.598977	0.545852	2.768026	5.912855
86	61	2.598977	0.376702	1.089639	4.065318
86	62	2.598977	0.438667	1.704491	4.742136
86	63	2.598977	0.376702	1.089639	4.065318
86	64	2.598977	0.437630	1.694197	4.730804
86	65	2.598977	0.416518	1.484718	4.500213
86	66	2.598977	0.473158	2.046724	5.118859
86	67	2.598977	0.495198	2.265412	5.359586
86	68	2.598977	0.515063	2.462522	5.576562
86	69	2.598977	0.583318	3.139788	6.322083
86	70	2.598977	0.442460	1.742128	4.783565
86	71	2.598977	0.473280	2.047938	5.120196
86	72	2.598977	0.533992	2.650354	5.783323
86	73	2.598977	0.450413	1.821036	4.870426
86	74	2.598977	0.537717	2.846200	5.982893
86	75	2.598977	0.475809	2.073033	5.147819
86	76	2.598977	0.470043	2.386559	5.455579
86	77	2.598977	0.478747	2.102176	5.179899
86	78	2.598977	0.478747	2.102176	5.179899
86	79	2.598977	0.532878	2.639299	5.771155
86	80	2.598977	0.549740	2.806613	5.955330
86	81	2.598977	0.507406	2.386545	5.492928
86	82	2.598977	0.583318	3.139788	6.322083
86	83	2.598977	0.508200	2.394430	5.501607
86	84	2.598977	0.498744	2.300601	5.398322
86	85	2.598977	0.494827	2.261736	5.355540
86	86	2.598977	0.494953	2.262988	5.356919
86	87	2.598977	0.533992	2.650354	5.783323
86	88	2.598977	0.522070	2.532058	5.653105
86	89	2.598977	0.507915	2.391602	5.498495
86	90	2.598977	0.475954	2.074470	5.149401
86	91	2.598977	0.473158	2.046724	5.118859
86	92	2.598977	0.571746	3.024968	6.195691
86	93	2.598977	0.428229	2.024626	5.051832
86	94	2.598977	0.524696	2.558107	5.681779
86	95	2.598977	0.552447	2.833472	5.984896
86	96	2.598977	0.430834	1.626768	4.656580
86	97	2.598977	0.520707	2.518533	5.638217
86	98	2.598977	0.449237	1.809368	4.857582
86	99	2.598977	0.537717	2.846200	5.982893
87	0	2.625362	0.621229	3.515961	6.762552
87	1	2.625362	0.545479	2.764329	5.935170
87	2	2.625362	0.509933	2.411628	5.546924
87	3	2.625362	0.477753	2.092319	5.195435
87	4	2.625362	0.527273	2.583678	5.736313
87	5	2.625362	0.512663	2.438715	5.576740
87	6	2.625362	0.500474	2.476653	5.602489
87	7	2.625362	0.508463	2.397034	5.530859
87	8	2.625362	0.390908	1.230599	4.246869
87	9	2.625362	0.552860	2.837564	6.015786
87	10	2.625362	0.547578	2.785161	5.958101
87	11	2.625362	0.378965	1.112097	4.116424
87	12	2.625362	0.528823	2.652021	5.806206
87	13	2.625362	0.478277	2.097515	5.201154
87	14	2.625362	0.444327	1.760644	4.830333
87	15	2.625362	0.513685	2.448856	5.587903
87	16	2.625362	0.497036	2.283655	5.406053
87	17	2.625362	0.554854	2.857351	6.037567
87	18	2.625362	0.460277	1.918916	5.004556
87	19	2.625362	0.478639	2.101106	5.205107
87	20	2.625362	0.439574	1.713485	4.778421
87	21	2.625362	0.547438	2.783766	5.956566
87	22	2.625362	0.552519	2.834187	6.012069
87	23	2.625362	0.477600	2.514514	5.617477
87	24	2.625362	0.539394	2.703954	5.868711
87	25	2.625362	0.461597	1.932007	5.018966
87	26	2.625362	0.480319	2.117784	5.223466
87	27	2.625362	0.477753	2.092319	5.195435
87	28	2.625362	0.545479	2.764329	5.935170
87	29	2.625362	0.512663	2.438715	5.576740
87	30	2.625362	0.469164	2.007098	5.101624
87	31	2.625362	0.542806	2.790766	5.958934
87	32	2.625362	0.448864	1.805669	4.879896
87	33	2.625362	0.555973	2.868456	6.049791
87	34	2.625362	0.553831	2.847200	6.026393
87	35	2.625362	0.521749	2.528872	5.675984
87	36	2.625362	0.540888	2.718775	5.885025
87	37	2.625362	0.468412	1.999632	5.093406
87	38	2.625362	0.437630	1.694197	4.757189
87	39	2.625362	0.547438	2.783766	5.956566
87	40	2.625362	0.502595	2.391778	5.519735
87	41	2.625362	0.425679	1.575610	4.626651
87	42	2.625362	0.464269	1.958525	5.048156
87	43	2.625362	0.464455	1.960364	5.050181
87	44	2.625362	0.547438	2.783766	5.956566
87	45	2.625362	0.460277	1.918916	5.004556
87	46	2.625362	0.613781	3.495022	6.734165
87	47	2.625362	0.434607	1.664201	4.724170
87	48	2.625362	0.434607	1.664201	4.724170
87	49	2.625362	0.509028	2.402643	5.537033
87	50	2.625362	0.509933	2.411628	5.546924
87	51	2.625362	0.535877	2.669054	5.830293
87	52	2.625362	0.493782	2.251363	5.370507
87	53	2.625362	0.495202	2.265458	5.386022
87	54	2.625362	0.540888	2.718775	5.885025
87	55	2.625362	0.495202	2.265458	5.386022
87	56	2.625362	0.540888	2.718775	5.885025
87	57	2.625362	0.464269	1.958525	5.048156
87	58	2.625362	0.528823	2.652021	5.806206
87	59	2.625362	0.572506	3.032501	6.230369
87	60	2.625362	0.478277	2.097515	5.201154
87	61	2.625362	0.492028	2.233965	5.351356
87	62	2.625362	0.437630	1.694197	4.757189
87	63	2.625362	0.439543	1.713180	4.778086
87	64	2.625362	0.478639	2.101106	5.205107
87	65	2.625362	0.495202	2.265458	5.386022
87	66	2.625362	0.494342	2.256918	5.376622
87	67	2.625362	0.448864	1.805669	4.879896
87	68	2.625362	0.468412	1.999632	5.093406
87	69	2.625362	0.460860	1.924693	5.010915
87	70	2.625362	0.437630	1.694197	4.757189
87	71	2.625362	0.545479	2.764329	5.935170
87	72	2.625362	0.515590	2.467751	5.608702
87	73	2.625362	0.437547	1.693375	4.756284
87	74	2.625362	0.555973	2.868456	6.049791
87	75	2.625362	0.513685	2.448856	5.587903
87	76	2.625362	0.437547	1.693375	4.756284
87	77	2.625362	0.497036	2.283655	5.406053
87	78	2.625362	0.490121	2.215043	5.330527
87	79	2.625362	0.469371	2.009150	5.103884
87	80	2.625362	0.553831	2.847200	6.026393
87	81	2.625362	0.439543	1.713180	4.778086
87	82	2.625362	0.429850	1.617003	4.672215
87	83	2.625362	0.509933	2.411628	5.546924
87	84	2.625362	0.508463	2.397034	5.530859
87	85	2.625362	0.457664	1.892980	4.976006
87	86	2.625362	0.490641	2.220196	5.336199
87	87	2.625362	0.521659	2.792794	5.939815
87	88	2.625362	0.503553	2.348315	5.477230
87	89	2.625362	0.370337	1.715013	4.710713
87	90	2.625362	0.467434	1.989931	5.082727
87	91	2.625362	0.457664	1.892980	4.976006
87	92	2.625362	0.444523	1.762590	4.832475
87	93	2.625362	0.490121	2.215043	5.330527
87	94	2.625362	0.437630	1.694197	4.757189
87	95	2.625362	0.585738	3.163798	6.374898
87	96	2.625362	0.554854	2.857351	6.037567
87	97	2.625362	0.489073	2.204643	5.319078
87	98	2.625362	0.461597	1.932007	5.018966
87	99	2.625362	0.510121	2.678310	5.813794
88	0	2.734313	0.526516	2.788021	6.048849
88	1	2.734313	0.500511	2.318133	5.552957
88	2	2.734313	0.487570	2.189729	5.411612
88	3	2.734313	0.497457	2.287835	5.519605
88	4	2.734313	0.489425	2.208135	5.431873
88	5	2.734313	0.482999	2.144373	5.361685
88	6	2.734313	0.438928	1.707077	4.880318
88	7	2.734313	0.391393	1.235409	4.361115
88	8	2.734313	0.457205	1.888431	5.079949
88	9	2.734313	0.493927	2.252808	5.481048
88	10	2.734313	0.522623	2.537538	5.794473
88	11	2.734313	0.489425	2.208135	5.431873
88	12	2.734313	0.517382	2.485536	5.737231
88	13	2.734313	0.489425	2.208135	5.431873
88	14	2.734313	0.587272	3.179015	6.500600
88	15	2.734313	0.481732	2.131803	5.347848
88	16	2.734313	0.470304	2.018406	5.223023
88	17	2.734313	0.512745	2.439524	5.686582
88	18	2.734313	0.529154	2.602349	5.865816
88	19	2.734313	0.494277	2.256277	5.484867
88	20	2.734313	0.457205	1.888431	5.079949
88	21	2.734313	0.532305	2.633615	5.900233
88	22	2.734313	0.483065	2.145029	5.362407
88	23	2.734313	0.434782	1.665943	4.835038
88	24	2.734313	0.453415	1.850825	5.038554
88	25	2.734313	0.465771	1.973425	5.173509
88	26	2.734313	0.477227	2.087102	5.298643
88	27	2.734313	0.494277	2.256277	5.484867
88	28	2.734313	0.445750	1.774765	4.954828
88	29	2.734313	0.487570	2.189729	5.411612
88	30	2.734313	0.435724	1.675285	4.845322
88	31	2.734313	0.522707	2.538378	5.795399
88	32	2.734313	0.408848	1.408607	4.551768
88	33	2.734313	0.476030	2.075225	5.285568
88	34	2.734313	0.516984	2.746408	5.997705
88	35	2.734313	0.585537	3.161807	6.481657
88	36	2.734313	0.434782	1.665943	4.835038
88	37	2.734313	0.526953	2.580507	5.841774
88	38	2.734313	0.571333	3.020870	6.326516
88	39	2.734313	0.452184	1.838606	5.025103
88	40	2.734313	0.520671	2.518168	5.773152
88	41	2.734313	0.434782	1.665943	4.835038
88	42	2.734313	0.472592	2.041107	5.248012
88	43	2.734313	0.478909	2.103788	5.317010
88	44	2.734313	0.453415	1.850825	5.038554
88	45	2.734313	0.434782	1.665943	4.835038
88	46	2.734313	0.517382	2.485536	5.737231
88	47	2.734313	0.567608	2.983907	6.285829
88	48	2.734313	0.494277	2.256277	5.484867
88	49	2.734313	0.503740	2.350173	5.588226
88	50	2.734313	0.523865	2.761720	6.019898
88	51	2.734313	0.512239	2.434500	5.681052
88	52	2.734313	0.425022	1.569096	4.728431
88	53	2.734313	0.491235	2.226089	5.451637
88	54	2.734313	0.583626	3.248768	6.566707
88	55	2.734313	0.486960	2.501453	5.722725
88	56	2.734313	0.482943	2.143813	5.361069
88	57	2.734313	0.445750	1.774765	4.954828
88	58	2.734313	0.487570	2.189729	5.411612
88	59	2.734313	0.487570	2.189729	5.411612
88	60	2.734313	0.434782	1.665943	4.835038
88	61	2.734313	0.578970	3.149605	6.462888
88	62	2.734313	0.440541	1.723078	4.897932
88	63	2.734313	0.511800	2.430150	5.676263
88	64	2.734313	0.440541	1.723078	4.897932
88	65	2.734313	0.527281	2.795611	6.057205
88	66	2.734313	0.435724	1.675285	4.845322
88	67	2.734313	0.499826	2.311337	5.545476
88	68	2.734313	0.478909	2.103788	5.317010
88	69	2.734313	0.408848	1.408607	4.551768
88	70	2.734313	0.511679	2.428952	5.674945
88	71	2.734313	0.458541	1.901684	5.094538
88	72	2.734313	0.512745	2.439524	5.686582
88	73	2.734313	0.489425	2.208135	5.431873
88	74	2.734313	0.438928	1.707077	4.880318
88	75	2.734313	0.460979	2.190700	5.385993
88	76	2.734313	0.440541	1.723078	4.897932
88	77	2.734313	0.512239	2.434500	5.681052
88	78	2.734313	0.476945	2.084299	5.295556
88	79	2.734313	0.445750	1.774765	4.954828
88	80	2.734313	0.516512	2.476908	5.727734
88	81	2.734313	0.523865	2.761720	6.019898
88	82	2.734313	0.526666	2.577662	5.838641
88	83	2.734313	0.606809	3.425844	6.766967
88	84	2.734313	0.453415	1.850825	5.038554
88	85	2.734313	0.476970	2.084551	5.295834
88	86	2.734313	0.481732	2.131803	5.347848
88	87	2.734313	0.470592	2.021265	5.226171
88	88	2.734313	0.408848	1.408607	4.551768
88	89	2.734313	0.500511	2.318133	5.552957
88	90	2.734313	0.476030	2.075225	5.285568
88	91	2.734313	0.491235	2.226089	5.451637
88	92	2.734313	0.577709	3.084133	6.396156
88	93	2.734313	0.447978	1.796875	4.979166
88	94	2.734313	0.447978	1.796875	4.979166
88	95	2.734313	0.507405	2.386543	5.628262
88	96	2.734313	0.470592	2.021265	5.226171
88	97	2.734313	0.447978	1.796875	4.979166
88	98	2.734313	0.570167	3.009293	6.313773
88	99	2.734313	0.511679	2.428952	5.674945
89	0	2.405980	0.521409	2.525495	5.452884
89	1	2.405980	0.548574	3.006897	5.961451
89	2	2.405980	0.497011	2.283404	5.186395
89	3	2.405980	0.553105	2.839996	5.799081
89	4	2.405980	0.521380	2.525209	5.452570
89	5	2.405980	0.511960	2.431733	5.349673
89	6	2.405980	0.472843	2.043594	4.922417
89	7	2.405980	0.440871	1.726354	4.573205
89	8	2.405980	0.415516	1.474770	4.296266
89	9	2.405980	0.590009	3.206176	6.202165
89	10	2.405980	0.488667	2.200612	5.095259
89	11	2.405980	0.510208	2.414349	5.330537
89	12	2.405980	0.543978	2.802403	5.752362
89	13	2.405980	0.466229	1.977975	4.850185
89	14	2.405980	0.502944	2.342274	5.251198
89	15	2.405980	0.516256	2.474363	5.396600
89	16	2.405980	0.543564	2.745326	5.694870
89	17	2.405980	0.586693	3.173272	6.165945
89	18	2.405980	0.466569	1.981343	4.853892
89	19	2.405980	0.465302	1.968774	4.840057
89	20	2.405980	0.440871	1.726354	4.573205
89	21	2.405980	0.516815	2.479915	5.402711
89	22	2.405980	0.511960	2.431733	5.349673
89	23	2.405980	0.482752	2.194885	5.083617
89	24	2.405980	0.521690	2.528283	5.455953
89	25	2.405980	0.516815	2.479915	5.402711
89	26	2.405980	0.497011	2.283404	5.186395
89	27	2.405980	0.473107	2.046220	4.925307
89	28	2.405980	0.540476	2.714686	5.661142
89	29	2.405980	0.486150	2.281561	5.173691
89	30	2.405980	0.482752	2.194885	5.083617
89	31	2.405980	0.459294	1.909154	4.774428
89	32	2.405980	0.520364	2.515126	5.441470
89	33	2.405980	0.500726	2.320264	5.226970
89	34	2.405980	0.590009	3.206176	6.202165
89	35	2.405980	0.445507	1.772357	4.623845
89	36	2.405980	0.540476	2.714686	5.661142
89	37	2.405980	0.483236	2.146724	5.035940
89	38	2.405980	0.551461	2.823690	5.781132
89	39	2.405980	0.524530	2.556463	5.486973
89	40	2.405980	0.573844	3.045777	6.025600
89	41	2.405980	0.512703	2.492074	5.410758
89	42	2.405980	0.538917	2.699222	5.644120
89	43	2.405980	0.590009	3.206176	6.202165
89	44	2.405980	0.460021	1.916368	4.782369
89	45	2.405980	0.472843	2.043594	4.922417
89	46	2.405980	0.558047	2.889040	5.853068
89	47	2.405980	0.427526	1.593938	4.427444
89	48	2.405980	0.445507	1.772357	4.623845
89	49	2.405980	0.502944	2.342274	5.251198
89	50	2.405980	0.520364	2.515126	5.441470
89	51	2.405980	0.599649	3.301826	6.307455
89	52	2.405980	0.453833	1.854976	4.714790
89	53	2.405980	0.516256	2.474363	5.396600
89	54	2.405980	0.434332	1.661476	4.501789
89	55	2.405980	0.513968	2.451658	5.371606
89	56	2.405980	0.466229	1.977975	4.850185
89	57	2.405980	0.498360	2.296795	5.201136
89	58	2.405980	0.427526	1.593938	4.427444
89	59	2.405980	0.521409	2.525495	5.452884
89	60	2.405980	0.460021	1.916368	4.782369
89	61	2.405980	0.520364	2.515126	5.441470
89	62	2.405980	0.516815	2.479915	5.402711
89	63	2.405980	0.381553	1.879270	4.666803
89	64	2.405980	0.434332	1.661476	4.501789
89	65	2.405980	0.540476	2.714686	5.661142
89	66	2.405980	0.591282	3.218806	6.216068
89	67	2.405980	0.510208	2.414349	5.330537
89	68	2.405980	0.445507	1.772357	4.623845
89	69	2.405980	0.440871	1.726354	4.573205
89	70	2.405980	0.483236	2.146724	5.035940
89	71	2.405980	0.497837	2.291606	5.195423
89	72	2.405980	0.521409	2.525495	5.452884
89	73	2.405980	0.460021	1.916368	4.782369
89	74	2.405980	0.498360	2.296795	5.201136
89	75	2.405980	0.470549	2.020836	4.897365
89	76	2.405980	0.453833	1.854976	4.714790
89	77	2.405980	0.521380	2.525209	5.452570
89	78	2.405980	0.492380	2.555237	5.453598
89	79	2.405980	0.445507	1.772357	4.623845
89	80	2.405980	0.495385	2.267269	5.168634
89	81	2.405980	0.415516	1.474770	4.296266
89	82	2.405980	0.553482	2.843741	5.803204
89	83	2.405980	0.586693	3.173272	6.165945
89	84	2.405980	0.496552	2.278850	5.181382
89	85	2.405980	0.511960	2.431733	5.349673
89	86	2.405980	0.590009	3.206176	6.202165
89	87	2.405980	0.376861	1.779747	4.562588
89	88	2.405980	0.434332	1.661476	4.501789
89	89	2.405980	0.553482	2.843741	5.803204
89	90	2.405980	0.480013	2.114746	5.000740
89	91	2.405980	0.520364	2.515126	5.441470
89	92	2.405980	0.466569	1.981343	4.853892
89	93	2.405980	0.480013	2.114746	5.000740
89	94	2.405980	0.517471	2.486423	5.409875
89	95	2.405980	0.599649	3.301826	6.307455
89	96	2.405980	0.501740	2.330333	5.238054
89	97	2.405980	0.573844	3.045777	6.025600
89	98	2.405980	0.400054	1.321349	4.127383
89	99	2.405980	0.521409	2.525495	5.452884
90	0	2.593237	0.449035	1.807367	4.849639
90	1	2.593237	0.429265	1.611195	4.633697
90	2	2.593237	0.546639	2.775836	5.915711
90	3	2.593237	0.582850	3.135142	6.311228
90	4	2.593237	0.451644	1.833249	4.878129
90	5	2.593237	0.510712	2.472314	5.576262
90	6	2.593237	0.481728	2.131756	5.206720
90	7	2.593237	0.436311	1.681110	4.710658
90	8	2.593237	0.444775	1.976948	5.014960
90	9	2.593237	0.475421	2.069181	5.137839
90	10	2.593237	0.458238	1.898682	4.950157
90	11	2.593237	0.515558	2.467436	5.576230
90	12	2.593237	0.429265	1.611195	4.633697
90	13	2.593237	0.543419	2.743891	5.880547
90	14	2.593237	0.472799	2.043165	5.109200
90	15	2.593237	0.481728	2.131756	5.206720
90	16	2.593237	0.574019	3.100486	6.267742
90	17	2.593237	0.512181	2.433930	5.539348
90	18	2.593237	0.456043	1.876901	4.926180
90	19	2.593237	0.436311	1.681110	4.710658
90	20	2.593237	0.570897	3.016543	6.180677
90	21	2.593237	0.451644	1.833249	4.878129
90	22	2.593237	0.558062	2.889180	6.040478
90	23	2.593237	0.434244	1.660596	4.688076
90	24	2.593237	0.551902	2.828064	5.973203
90	25	2.593237	0.445571	1.772994	4.811802
90	26	2.593237	0.582850	3.135142	6.311228
90	27	2.593237	0.477004	2.084886	5.155127
90	28	2.593237	0.564984	2.957863	6.116083
90	29	2.593237	0.546255	2.824992	5.964483
90	30	2.593237	0.602837	3.386428	6.582502
90	31	2.593237	0.418039	1.499806	4.511081
90	32	2.593237	0.551902	2.828064	5.973203
90	33	2.593237	0.549943	2.808625	5.951805
90	34	2.593237	0.446828	1.785466	4.825531
90	35	2.593237	0.456775	1.884166	4.934178
90	36	2.593237	0.454796	1.864530	4.912563
90	37	2.593237	0.505126	2.363929	5.462292
90	38	2.593237	0.458238	1.898682	4.950157
90	39	2.593237	0.548307	2.792393	5.933937
90	40	2.593237	0.548307	2.792393	5.933937
90	41	2.593237	0.468462	2.000124	5.061822
90	42	2.593237	0.507662	2.653907	5.754805
90	43	2.593237	0.517342	2.538100	5.648679
90	44	2.593237	0.497422	2.287485	5.378144
90	45	2.593237	0.505126	2.363929	5.462292
90	46	2.593237	0.552892	2.837889	5.984018
90	47	2.593237	0.557724	2.885830	6.036791
90	48	2.593237	0.456644	1.882864	4.932745
90	49	2.593237	0.496553	2.278858	5.368648
90	50	2.593237	0.546255	2.824992	5.964483
90	51	2.593237	0.501341	2.326366	5.420943
90	52	2.593237	0.529294	2.603736	5.726267
90	53	2.593237	0.495350	2.266926	5.355513
90	54	2.593237	0.513632	2.448325	5.555193
90	55	2.593237	0.557724	2.885830	6.036791
90	56	2.593237	0.562391	2.932143	6.087771
90	57	2.593237	0.484105	2.155347	5.232689
90	58	2.593237	0.515558	2.467436	5.576230
90	59	2.593237	0.449035	1.807367	4.849639
90	60	2.593237	0.458238	1.898682	4.950157
90	61	2.593237	0.513632	2.448325	5.555193
90	62	2.593237	0.491035	2.224108	5.308379
90	63	2.593237	0.512181	2.433930	5.539348
90	64	2.593237	0.525929	2.570340	5.689505
90	65	2.593237	0.435650	1.674552	4.703439
90	66	2.593237	0.457619	1.892539	4.943395
90	67	2.593237	0.477004	2.084886	5.155127
90	68	2.593237	0.477830	2.093085	5.164152
90	69	2.593237	0.496553	2.278858	5.368648
90	70	2.593237	0.517342	2.538100	5.648679
90	71	2.593237	0.495350	2.266926	5.355513
90	72	2.593237	0.477830	2.093085	5.164152
90	73	2.593237	0.519084	2.502428	5.614749
90	74	2.593237	0.433496	1.653176	4.679908
90	75	2.593237	0.433496	1.653176	4.679908
90	76	2.593237	0.435650	1.674552	4.703439
90	77	2.593237	0.431322	1.631602	4.656160
90	78	2.593237	0.446828	1.785466	4.825531
90	79	2.593237	0.583729	3.143862	6.320827
90	80	2.593237	0.496553	2.278858	5.368648
90	81	2.593237	0.468462	2.000124	5.061822
90	82	2.593237	0.552892	2.837889	5.984018
90	83	2.593237	0.454796	1.864530	4.912563
90	84	2.593237	0.488121	2.195197	5.276554
90	85	2.593237	0.497422	2.287485	5.378144
90	86	2.593237	0.515877	2.470601	5.579714
90	87	2.593237	0.456043	1.876901	4.926180
90	88	2.593237	0.497422	2.287485	5.378144
90	89	2.593237	0.457619	1.892539	4.943395
90	90	2.593237	0.562391	2.932143	6.087771
90	91	2.593237	0.488121	2.195197	5.276554
90	92	2.593237	0.564984	2.957863	6.116083
90	93	2.593237	0.475421	2.069181	5.137839
90	94	2.593237	0.495350	2.266926	5.355513
90	95	2.593237	0.496420	2.277542	5.367199
90	96	2.593237	0.484661	2.160858	5.238755
90	97	2.593237	0.505126	2.363929	5.462292
90	98	2.593237	0.431322	1.631602	4.656160
90	99	2.593237	0.402914	1.985293	4.981444
91	0	2.575268	0.476785	2.082708	5.134761
91	1	2.575268	0.606441	3.369225	6.550933
91	2	2.575268	0.565385	2.961843	6.102496
91	3	2.575268	0.455106	1.867608	4.897982
91	4	2.575268	0.446079	1.778033	4.799380
91	5	2.575268	0.400666	1.751128	4.727062
91	6	2.575268	0.503580	2.348590	5.427438
91	7	2.575268	0.602035	3.325509	6.502812
91	8	2.575268	0.475725	2.072194	5.123186
91	9	2.575268	0.427452	1.593208	4.595928
91	10	2.575268	0.529204	2.602837	5.707308
91	11	2.575268	0.529204	2.602837	5.707308
91	12	2.575268	0.427691	2.072251	5.075210
91	13	2.575268	0.539607	2.864958	5.979833
91	14	2.575268	0.495853	2.271919	5.343040
91	15	2.575268	0.495853	2.271919	5.343040
91	16	2.575268	0.478596	2.100687	5.154551
91	17	2.575268	0.530459	2.615295	5.721022
91	18	2.575268	0.464510	1.960916	5.000694
91	19	2.575268	0.500985	2.322837	5.399089
91	20	2.575268	0.456698	1.883404	4.915370
91	21	2.575268	0.415292	1.472546	4.463105
91	22	2.575268	0.415292	1.472546	4.463105
91	23	2.575268	0.489430	2.208187	5.272886
91	24	2.575268	0.524168	2.552874	5.652311
91	25	2.575268	0.469976	2.015148	5.060391
91	26	2.575268	0.424832	1.567209	4.567309
91	27	2.575268	0.487756	2.191572	5.254596
91	28	2.575268	0.493819	2.251733	5.320820
91	29	2.575268	0.419084	1.510175	4.504527
91	30	2.575268	0.476785	2.082708	5.134761
91	31	2.575268	0.486714	2.551976	5.613957
91	32	2.575268	0.444632	1.763675	4.783575
91	33	2.575268	0.531935	2.682900	5.790103
91	34	2.575268	0.528334	2.594212	5.697814
91	35	2.575268	0.380534	1.127658	4.083460
91	36	2.575268	0.547919	2.894470	6.017657
91	37	2.575268	0.503260	2.345413	5.423941
91	38	2.575268	0.495677	2.270166	5.341111
91	39	2.575268	0.419084	1.510175	4.504527
91	40	2.575268	0.576031	3.067480	6.218778
91	41	2.575268	0.503580	2.348590	5.427438
91	42	2.575268	0.604057	3.345572	6.524897
91	43	2.575268	0.455106	1.867608	4.897982
91	44	2.575268	0.500922	2.322214	5.398404
91	45	2.575268	0.531146	2.675072	5.781486
91	46	2.575268	0.446585	1.783056	4.804909
91	47	2.575268	0.478596	2.100687	5.154551
91	48	2.575268	0.439902	1.716738	4.731907
91	49	2.575268	0.446585	1.783056	4.804909
91	50	2.575268	0.435619	1.674245	4.685132
91	51	2.575268	0.435639	1.674441	4.685348
91	52	2.575268	0.512388	2.435987	5.523643
91	53	2.575268	0.455106	1.867608	4.897982
91	54	2.575268	0.499066	2.303797	5.378131
91	55	2.575268	0.576031	3.067480	6.218778
91	56	2.575268	0.446585	1.783056	4.804909
91	57	2.575268	0.475725	2.072194	5.123186
91	58	2.575268	0.435619	1.674245	4.685132
91	59	2.575268	0.440359	1.721277	4.736904
91	60	2.575268	0.484327	2.157551	5.217147
91	61	2.575268	0.455106	1.867608	4.897982
91	62	2.575268	0.495677	2.270166	5.341111
91	63	2.575268	0.446079	1.778033	4.799380
91	64	2.575268	0.554781	2.856631	5.986680
91	65	2.575268	0.435619	1.674245	4.685132
91	66	2.575268	0.466621	1.981863	5.023752
91	67	2.575268	0.489945	2.213295	5.278508
91	68	2.575268	0.542096	2.730761	5.848124
91	69	2.575268	0.524168	2.552874	5.652311
91	70	2.575268	0.415292	1.472546	4.463105
91	71	2.575268	0.606441	3.369225	6.550933
91	72	2.575268	0.576031	3.067480	6.218778
91	73	2.575268	0.475725	2.072194	5.123186
91	74	2.575268	0.499066	2.303797	5.378131
91	75	2.575268	0.464510	1.960916	5.000694
91	76	2.575268	0.495677	2.270166	5.341111
91	77	2.575268	0.427452	1.593208	4.595928
91	78	2.575268	0.503835	2.351113	5.430216
91	79	2.575268	0.519355	2.505114	5.599737
91	80	2.575268	0.476785	2.082708	5.134761
91	81	2.575268	0.595332	3.364919	6.535518
91	82	2.575268	0.492949	2.243100	5.311317
91	83	2.575268	0.439902	1.716738	4.731907
91	84	2.575268	0.529395	2.604735	5.709398
91	85	2.575268	0.498071	2.293921	5.367260
91	86	2.575268	0.547919	2.894470	6.017657
91	87	2.575268	0.464510	1.960916	5.000694
91	88	2.575268	0.561620	2.924486	6.061373
91	89	2.575268	0.500922	2.322214	5.398404
91	90	2.575268	0.469976	2.015148	5.060391
91	91	2.575268	0.435639	1.674441	4.685348
91	92	2.575268	0.462216	1.938149	4.975632
91	93	2.575268	0.436194	1.679950	4.691412
91	94	2.575268	0.554781	2.856631	5.986680
91	95	2.575268	0.477599	2.090793	5.143660
91	96	2.575268	0.473993	2.055009	5.104269
91	97	2.575268	0.436194	1.679950	4.691412
91	98	2.575268	0.469976	2.015148	5.060391
91	99	2.575268	0.462216	1.938149	4.975632
92	0	2.479079	0.550402	2.813178	5.842658
92	1	2.479079	0.543496	2.744657	5.767232
92	2	2.479079	0.424427	1.563188	4.466693
92	3	2.479079	0.427488	1.593565	4.500132
92	4	2.479079	0.594988	3.255586	6.329653
92	5	2.479079	0.436263	1.680634	4.595975
92	6	2.479079	0.498743	2.300590	5.278411
92	7	2.479079	0.476841	2.083274	5.039194
92	8	2.479079	0.428044	1.599076	4.506198
92	9	2.479079	0.541200	2.774837	5.795116
92	10	2.479079	0.544659	2.756188	5.779925
92	11	2.479079	0.479613	2.110773	5.069464
92	12	2.479079	0.498743	2.300590	5.278411
92	13	2.479079	0.476908	2.083935	5.039922
92	14	2.479079	0.528363	2.594498	5.601940
92	15	2.479079	0.428044	1.599076	4.506198
92	16	2.479079	0.449880	1.815746	4.744705
92	17	2.479079	0.496062	2.273990	5.249131
92	18	2.479079	0.385750	1.814981	4.679809
92	19	2.479079	0.481252	2.127032	5.087363
92	20	2.479079	0.435776	1.675801	4.590656
92	21	2.479079	0.481252	2.127032	5.087363
92	22	2.479079	0.518728	2.498888	5.496695
92	23	2.479079	0.436263	1.680634	4.595975
92	24	2.479079	0.378893	1.111382	3.969354
92	25	2.479079	0.455255	2.345753	5.280086
92	26	2.479079	0.462177	2.202586	5.143842
92	27	2.479079	0.441098	1.728610	4.648787
92	28	2.479079	0.560533	2.913698	5.953309
92	29	2.479079	0.476841	2.083274	5.039194
92	30	2.479079	0.544659	2.756188	5.779925
92	31	2.479079	0.529242	2.603223	5.611544
92	32	2.479079	0.484372	2.157993	5.121443
92	33	2.479079	0.604911	3.354048	6.438038
92	34	2.479079	0.467158	1.987192	4.933429
92	35	2.479079	0.543414	2.743837	5.766329
92	36	2.479079	0.479927	2.113886	5.072891
92	37	2.479079	0.518097	2.492630	5.489805
92	38	2.479079	0.468562	2.001123	4.948764
92	39	2.479079	0.473465	2.049773	5.002317
92	40	2.479079	0.497437	2.287633	5.264149
92	41	2.479079	0.443264	1.750098	4.672440
92	42	2.479079	0.470240	2.017771	4.967090
92	43	2.479079	0.543481	2.744504	5.767064
92	44	2.479079	0.490641	2.220200	5.189919
92	45	2.479079	0.466872	1.984349	4.930299
92	46	2.479079	0.441098	1.728610	4.648787
92	47	2.479079	0.467158	1.987192	4.933429
92	48	2.479079	0.494207	2.255581	5.228866
92	49	2.479079	0.468562	2.001123	4.948764
92	50	2.479079	0.560533	2.913698	5.953309
92	51	2.479079	0.449790	1.814855	4.743724
92	52	2.479079	0.375753	1.821717	4.676549
92	53	2.479079	0.512620	2.650143	5.641842
92	54	2.479079	0.467158	1.987192	4.933429
92	55	2.479079	0.569013	2.997844	6.045936
92	56	2.479079	0.476908	2.083935	5.039922
92	57	2.479079	0.452785	1.844577	4.776441
92	58	2.479079	0.555800	2.919699	5.954577
92	59	2.479079	0.481756	2.132038	5.092873
92	60	2.479079	0.570275	3.116292	6.165645
92	61	2.479079	0.434500	1.663144	4.576723
92	62	2.479079	0.436263	1.680634	4.595975
92	63	2.479079	0.568160	2.989379	6.036618
92	64	2.479079	0.483091	2.145280	5.107449
92	65	2.479079	0.434500	1.663144	4.576723
92	66	2.479079	0.496062	2.273990	5.249131
92	67	2.479079	0.449880	1.815746	4.744705
92	68	2.479079	0.479613	2.110773	5.069464
92	69	2.479079	0.526391	2.574925	5.580394
92	70	2.479079	0.474841	2.063422	5.017342
92	71	2.479079	0.434500	1.663144	4.576723
92	72	2.479079	0.434500	1.663144	4.576723
92	73	2.479079	0.435776	1.675801	4.590656
92	74	2.479079	0.543572	2.745405	5.768055
92	75	2.479079	0.498743	2.300590	5.278411
92	76	2.479079	0.561880	2.927066	5.968025
92	77	2.479079	0.609502	3.399595	6.488175
92	78	2.479079	0.470240	2.017771	4.967090
92	79	2.479079	0.452785	1.844577	4.776441
92	80	2.479079	0.473465	2.049773	5.002317
92	81	2.479079	0.393171	1.253053	4.125303
92	82	2.479079	0.609502	3.399595	6.488175
92	83	2.479079	0.476841	2.083274	5.039194
92	84	2.479079	0.457478	1.891138	4.827694
92	85	2.479079	0.550402	2.813178	5.842658
92	86	2.479079	0.494720	2.419560	5.393358
92	87	2.479079	0.498361	2.296802	5.274242
92	88	2.479079	0.468562	2.001123	4.948764
92	89	2.479079	0.478408	2.098816	5.056303
92	90	2.479079	0.479927	2.113886	5.072891
92	91	2.479079	0.417957	1.498996	4.396032
92	92	2.479079	0.417957	1.498996	4.396032
92	93	2.479079	0.561880	2.927066	5.968025
92	94	2.479079	0.452785	1.844577	4.776441
92	95	2.479079	0.441098	1.728610	4.648787
92	96	2.479079	0.543496	2.744657	5.767232
92	97	2.479079	0.469440	2.433546	5.382064
92	98	2.479079	0.498361	2.296802	5.274242
92	99	2.479079	0.550402	2.813178	5.842658
93	0	2.540832	0.560174	2.910141	6.011147
93	1	2.540832	0.541371	2.723563	5.805765
93	2	2.540832	0.449062	1.807628	4.797522
93	3	2.540832	0.515305	2.464929	5.521066
93	4	2.540832	0.551467	2.823744	5.916043
93	5	2.540832	0.531518	2.625804	5.698155
93	6	2.540832	0.434798	1.666101	4.641731
93	7	2.540832	0.449062	1.807628	4.797522
93	8	2.540832	0.542440	2.734178	5.817450
93	9	2.540832	0.529315	2.603945	5.674092
93	10	2.540832	0.542440	2.734178	5.817450
93	11	2.540832	0.455889	1.875368	4.872088
93	12	2.540832	0.478458	2.099313	5.118602
93	13	2.540832	0.431703	1.635387	4.607922
93	14	2.540832	0.463318	1.949087	4.953237
93	15	2.540832	0.455753	1.874023	4.870608
93	16	2.540832	0.454523	1.861815	4.857169
93	17	2.540832	0.410603	2.008627	4.960063
93	18	2.540832	0.561846	3.085626	6.188304
93	19	2.540832	0.442807	1.745570	4.729209
93	20	2.540832	0.532376	2.687279	5.760487
93	21	2.540832	0.445807	1.775335	4.761974
93	22	2.540832	0.375412	1.076837	3.993080
93	23	2.540832	0.515305	2.464929	5.521066
93	24	2.540832	0.560174	2.910141	6.011147
93	25	2.540832	0.471581	2.031081	5.043494
93	26	2.540832	0.471581	2.031081	5.043494
93	27	2.540832	0.492798	2.241599	5.275229
93	28	2.540832	0.517789	2.489571	5.548192
93	29	2.540832	0.445442	1.771713	4.757987
93	30	2.540832	0.508397	2.396379	5.445607
93	31	2.540832	0.541371	2.723563	5.805765
93	32	2.540832	0.476682	2.081691	5.099205
93	33	2.540832	0.375412	1.076837	3.993080
93	34	2.540832	0.492798	2.241599	5.275229
93	35	2.540832	0.563380	2.941953	6.046166
93	36	2.540832	0.537543	2.685581	5.763956
93	37	2.540832	0.533186	2.642355	5.716373
93	38	2.540832	0.512381	2.435918	5.489131
93	39	2.540832	0.541103	2.720907	5.802842
93	40	2.540832	0.568427	2.992030	6.101289
93	41	2.540832	0.535067	2.661016	5.736915
93	42	2.540832	0.485946	2.332505	5.359283
93	43	2.540832	0.512381	2.435918	5.489131
93	44	2.540832	0.463716	1.953040	4.957589
93	45	2.540832	0.463740	1.953277	4.957849
93	46	2.540832	0.429334	1.611881	4.582047
93	47	2.540832	0.492798	2.241599	5.275229
93	48	2.540832	0.429334	1.611881	4.582047
93	49	2.540832	0.513290	2.444937	5.499060
93	50	2.540832	0.502305	2.653716	5.696853
93	51	2.540832	0.562857	2.989723	6.093411
93	52	2.540832	0.533186	2.642355	5.716373
93	53	2.540832	0.492798	2.241599	5.275229
93	54	2.540832	0.451252	1.829360	4.821444
93	55	2.540832	0.568427	2.992030	6.101289
93	56	2.540832	0.487600	2.190023	5.218455
93	57	2.540832	0.375412	1.076837	3.993080
93	58	2.540832	0.524425	2.767275	5.832532
93	59	2.540832	0.434798	1.666101	4.641731
93	60	2.540832	0.455889	1.875368	4.872088
93	61	2.540832	0.449062	1.807628	4.797522
93	62	2.540832	0.504529	2.358001	5.403361
93	63	2.540832	0.472658	2.041763	5.055253
93	64	2.540832	0.499837	2.311447	5.352116
93	65	2.540832	0.541103	2.720907	5.802842
93	66	2.540832	0.540332	2.713262	5.794427
93	67	2.540832	0.422710	1.546158	4.509700
93	68	2.540832	0.463318	1.949087	4.953237
93	69	2.540832	0.453433	1.851000	4.845265
93	70	2.540832	0.568427	2.992030	6.101289
93	71	2.540832	0.449571	1.812686	4.803090
93	72	2.540832	0.563380	2.941953	6.046166
93	73	2.540832	0.516587	2.477646	5.535064
93	74	2.540832	0.511327	2.425452	5.477611
93	75	2.540832	0.433058	2.125508	5.099398
93	76	2.540832	0.375412	1.076837	3.993080
93	77	2.540832	0.418862	1.507975	4.467669
93	78	2.540832	0.487600	2.190023	5.218455
93	79	2.540832	0.453433	1.851000	4.845265
93	80	2.540832	0.597123	3.276765	6.414720
93	81	2.540832	0.422710	1.546158	4.509700
93	82	2.540832	0.562857	2.989723	6.093411
93	83	2.540832	0.375412	1.076837	3.993080
93	84	2.540832	0.472658	2.041763	5.055253
93	85	2.540832	0.442807	1.745570	4.729209
93	86	2.540832	0.431703	1.635387	4.607922
93	87	2.540832	0.445601	1.773287	4.759720
93	88	2.540832	0.542440	2.734178	5.817450
93	89	2.540832	0.485830	2.172460	5.199121
93	90	2.540832	0.487600	2.190023	5.218455
93	91	2.540832	0.429334	1.611881	4.582047
93	92	2.540832	0.485830	2.172460	5.199121
93	93	2.540832	0.540332	2.713262	5.794427
93	94	2.540832	0.562857	2.989723	6.093411
93	95	2.540832	0.439300	1.710767	4.690898
93	96	2.540832	0.455753	1.874023	4.870608
93	97	2.540832	0.487953	2.193532	5.222318
93	98	2.540832	0.442807	1.745570	4.729209
93	99	2.540832	0.449571	1.812686	4.803090
94	0	2.742921	0.373995	1.062781	4.179697
94	1	2.742921	0.546706	2.776500	6.066126
94	2	2.742921	0.488499	2.198941	5.430360
94	3	2.742921	0.479156	2.106235	5.328311
94	4	2.742921	0.454816	1.864725	5.062461
94	5	2.742921	0.477869	2.093471	5.314261
94	6	2.742921	0.540476	2.714683	5.998079
94	7	2.742921	0.453244	1.849129	5.045294
94	8	2.742921	0.497100	2.284285	5.524306
94	9	2.742921	0.460763	1.923730	5.127413
94	10	2.742921	0.512266	2.434776	5.689963
94	11	2.742921	0.512266	2.434776	5.689963
94	12	2.742921	0.428766	1.606242	4.777928
94	13	2.742921	0.542545	2.735217	6.020682
94	14	2.742921	0.525074	2.561856	5.829851
94	15	2.742921	0.572385	3.031301	6.346606
94	16	2.742921	0.460763	1.923730	5.127413
94	17	2.742921	0.499615	2.309242	5.551778
94	18	2.742921	0.373995	1.062781	4.179697
94	19	2.742921	0.472189	2.037112	5.252222
94	20	2.742921	0.410321	1.423223	4.576464
94	21	2.742921	0.489094	2.204844	5.436858
94	22	2.742921	0.512266	2.434776	5.689963
94	23	2.742921	0.539239	2.702410	5.984570
94	24	2.742921	0.535854	2.880679	6.159453
94	25	2.742921	0.539631	2.706303	5.988855
94	26	2.742921	0.453244	1.849129	5.045294
94	27	2.742921	0.484647	2.160724	5.388292
94	28	2.742921	0.440128	1.718980	4.902028
94	29	2.742921	0.438029	1.698156	4.879105
94	30	2.742921	0.427912	1.597768	4.768601
94	31	2.742921	0.503837	2.351138	5.597896
94	32	2.742921	0.517192	2.483647	5.743759
94	33	2.742921	0.499615	2.309242	5.551778
94	34	2.742921	0.439273	1.710500	4.892693
94	35	2.742921	0.462662	1.942576	5.148158
94	36	2.742921	0.403244	1.353002	4.499166
94	37	2.742921	0.432277	1.641087	4.816285
94	38	2.742921	0.525074	2.561856	5.829851
94	39	2.742921	0.373995	1.062781	4.179697
94	40	2.742921	0.558367	2.998136	6.299424
94	41	2.742921	0.453382	1.850498	5.046800
94	42	2.742921	0.421158	1.530750	4.694829
94	43	2.742921	0.531119	2.621846	5.895886
94	44	2.742921	0.522603	2.537344	5.802867
94	45	2.742921	0.428364	1.602259	4.773544
94	46	2.742921	0.478947	2.104169	5.326037
94	47	2.742921	0.368308	1.694883	4.806112
94	48	2.742921	0.460763	1.923730	5.127413
94	49	2.742921	0.421158	1.530750	4.694829
94	50	2.742921	0.496641	2.385659	5.625220
94	51	2.742921	0.462662	1.942576	5.148158
94	52	2.742921	0.403732	1.940450	5.087103
94	53	2.742921	0.499615	2.309242	5.551778
94	54	2.742921	0.410321	1.423223	4.576464
94	55	2.742921	0.503664	2.349418	5.596002
94	56	2.742921	0.459593	1.912126	5.114640
94	57	2.742921	0.557494	2.989471	6.289885
94	58	2.742921	0.451477	1.831592	5.025990
94	59	2.742921	0.502631	2.339174	5.584726
94	60	2.742921	0.489094	2.204844	5.436858
94	61	2.742921	0.462662	1.942576	5.148158
94	62	2.742921	0.490468	2.218478	5.451866
94	63	2.742921	0.503664	2.349418	5.596002
94	64	2.742921	0.436024	1.678262	4.857206
94	65	2.742921	0.539452	2.810454	6.092827
94	66	2.742921	0.571426	3.021784	6.336130
94	67	2.742921	0.440128	1.718980	4.902028
94	68	2.742921	0.525074	2.561856	5.829851
94	69	2.742921	0.542545	2.735217	6.020682
94	70	2.742921	0.385310	1.175057	4.303288
94	71	2.742921	0.508676	2.399147	5.650743
94	72	2.742921	0.494482	2.258314	5.495717
94	73	2.742921	0.537599	2.897991	6.178510
94	74	2.742921	0.533790	2.648345	5.925056
94	75	2.742921	0.521938	2.530739	5.795597
94	76	2.742921	0.428364	1.602259	4.773544
94	77	2.742921	0.561042	2.918753	6.222715
94	78	2.742921	0.410321	1.423223	4.576464
94	79	2.742921	0.537721	2.687347	5.967988
94	80	2.742921	0.439273	1.710500	4.892693
94	81	2.742921	0.523294	2.544196	5.810411
94	82	2.742921	0.543137	2.741088	6.027145
94	83	2.742921	0.493431	2.247884	5.484236
94	84	2.742921	0.497100	2.284285	5.524306
94	85	2.742921	0.539239	2.702410	5.984570
94	86	2.742921	0.546706	2.776500	6.066126
94	87	2.742921	0.403244	1.353002	4.499166
94	88	2.742921	0.433807	2.132935	5.309662
94	89	2.742921	0.459593	1.912126	5.114640
94	90	2.742921	0.497500	2.500110	5.740531
94	91	2.742921	0.488499	2.198941	5.430360
94	92	2.742921	0.511414	2.426323	5.680658
94	93	2.742921	0.537721	2.687347	5.967988
94	94	2.742921	0.428766	1.606242	4.777928
94	95	2.742921	0.540476	2.714683	5.998079
94	96	2.742921	0.438029	1.698156	4.879105
94	97	2.742921	0.459593	1.912126	5.114640
94	98	2.742921	0.453244	1.849129	5.045294
94	99	2.742921	0.478947	2.104169	5.326037
95	0	2.590056	0.541213	2.722003	5.853272
95	1	2.590056	0.489545	2.209323	5.288923
95	2	2.590056	0.561270	2.921013	6.072338
95	3	2.590056	0.529241	2.603204	5.722501
95	4	2.590056	0.435965	1.677677	4.703698
95	5	2.590056	0.462149	1.937483	4.989687
95	6	2.590056	0.522371	2.588008	5.700436
95	7	2.590056	0.557497	2.883581	6.031134
95	8	2.590056	0.425337	1.572219	4.587612
95	9	2.590056	0.483235	2.358565	5.431856
95	10	2.590056	0.479702	2.111654	5.181412
95	11	2.590056	0.477036	2.085205	5.152296
95	12	2.590056	0.479702	2.111654	5.181412
95	13	2.590056	0.567078	2.978644	6.135778
95	14	2.590056	0.455138	1.867922	4.913116
95	15	2.590056	0.496937	2.282668	5.369660
95	16	2.590056	0.478014	2.094909	5.162979
95	17	2.590056	0.464118	1.957028	5.011202
95	18	2.590056	0.470301	2.018375	5.078731
95	19	2.590056	0.561270	2.921013	6.072338
95	20	2.590056	0.498365	2.296843	5.385264
95	21	2.590056	0.461757	1.933598	4.985410
95	22	2.590056	0.498365	2.296843	5.385264
95	23	2.590056	0.464118	1.957028	5.011202
95	24	2.590056	0.513677	2.448772	5.552504
95	25	2.590056	0.456941	1.885813	4.932810
95	26	2.590056	0.465030	1.966074	5.021159
95	27	2.590056	0.414969	1.469344	4.474368
95	28	2.590056	0.456941	1.885813	4.932810
95	29	2.590056	0.477654	2.091334	5.159043
95	30	2.590056	0.429993	1.618415	4.638463
95	31	2.590056	0.482967	2.144058	5.217081
95	32	2.590056	0.557497	2.883581	6.031134
95	33	2.590056	0.499463	2.307732	5.397251
95	34	2.590056	0.408343	1.403599	4.401998
95	35	2.590056	0.464118	1.957028	5.011202
95	36	2.590056	0.408343	1.403599	4.401998
95	37	2.590056	0.485190	2.166109	5.241355
95	38	2.590056	0.523366	2.544910	5.658332
95	39	2.590056	0.523366	2.544910	5.658332
95	40	2.590056	0.464118	1.957028	5.011202
95	41	2.590056	0.453395	1.850624	4.894074
95	42	2.590056	0.419447	1.513777	4.523280
95	43	2.590056	0.485190	2.166109	5.241355
95	44	2.590056	0.482967	2.144058	5.217081
95	45	2.590056	0.423985	1.558804	4.572844
95	46	2.590056	0.517266	2.696245	5.803567
95	47	2.590056	0.496937	2.282668	5.369660
95	48	2.590056	0.482967	2.144058	5.217081
95	49	2.590056	0.423985	1.558804	4.572844
95	50	2.590056	0.478597	2.100697	5.169350
95	51	2.590056	0.469496	2.010385	5.069937
95	52	2.590056	0.504527	2.357987	5.452570
95	53	2.590056	0.541213	2.722003	5.853272
95	54	2.590056	0.462149	1.937483	4.989687
95	55	2.590056	0.469674	2.012157	5.071887
95	56	2.590056	0.492553	2.239170	5.321779
95	57	2.590056	0.431738	1.635732	4.657526
95	58	2.590056	0.499676	2.574672	5.664404
95	59	2.590056	0.434169	1.659853	4.684077
95	60	2.590056	0.419447	1.513777	4.523280
95	61	2.590056	0.469674	2.012157	5.071887
95	62	2.590056	0.462149	1.937483	4.989687
95	63	2.590056	0.488893	2.202857	5.281806
95	64	2.590056	0.440999	1.727630	4.758685
95	65	2.590056	0.435965	1.677677	4.703698
95	66	2.590056	0.557497	2.883581	6.031134
95	67	2.590056	0.487283	2.239840	5.317178
95	68	2.590056	0.495780	2.271192	5.357027
95	69	2.590056	0.435965	1.677677	4.703698
95	70	2.590056	0.436660	1.684569	4.711285
95	71	2.590056	0.420063	1.519886	4.530004
95	72	2.590056	0.440999	1.727630	4.758685
95	73	2.590056	0.420063	1.519886	4.530004
95	74	2.590056	0.574624	3.053516	6.218195
95	75	2.590056	0.383025	1.152380	4.125461
95	76	2.590056	0.434169	1.659853	4.684077
95	77	2.590056	0.561270	2.921013	6.072338
95	78	2.590056	0.383025	1.152380	4.125461
95	79	2.590056	0.429993	1.618415	4.638463
95	80	2.590056	0.429993	1.618415	4.638463
95	81	2.590056	0.470330	2.018666	5.079052
95	82	2.590056	0.578703	3.093995	6.262753
95	83	2.590056	0.494354	2.257037	5.341446
95	84	2.590056	0.465563	1.971363	5.026982
95	85	2.590056	0.465563	1.971363	5.026982
95	86	2.590056	0.456729	2.254454	5.301239
95	87	2.590056	0.436660	1.684569	4.711285
95	88	2.590056	0.453395	1.850624	4.894074
95	89	2.590056	0.436660	1.684569	4.711285
95	90	2.590056	0.570389	3.011499	6.171943
95	91	2.590056	0.423855	2.087148	5.101058
95	92	2.590056	0.399810	1.318929	4.308795
95	93	2.590056	0.489545	2.209323	5.288923
95	94	2.590056	0.425337	1.572219	4.587612
95	95	2.590056	0.606519	3.422967	6.619542
95	96	2.590056	0.399810	1.318929	4.308795
95	97	2.590056	0.520220	2.513695	5.623971
95	98	2.590056	0.456941	1.885813	4.932810
95	99	2.590056	0.524119	2.764241	5.878416
96	0	2.667557	0.530281	2.772419	5.970258
96	1	2.667557	0.454884	1.865401	4.987842
96	2	2.667557	0.535360	2.663928	5.866845
96	3	2.667557	0.540285	2.712790	5.920632
96	4	2.667557	0.541104	2.720922	5.929584
96	5	2.667557	0.475637	2.071322	5.214516
96	6	2.667557	0.530281	2.772419	5.970258
96	7	2.667557	0.414254	1.462252	4.544063
96	8	2.667557	0.589325	3.199388	6.456269
96	9	2.667557	0.498396	2.297151	5.463105
96	10	2.667557	0.592938	3.235237	6.495732
96	11	2.667557	0.480129	2.115898	5.263584
96	12	2.667557	0.564975	2.957774	6.190305
96	13	2.667557	0.500942	2.322410	5.490909
96	14	2.667557	0.434143	1.659595	4.761295
96	15	2.667557	0.527310	2.584045	5.778911
96	16	2.667557	0.422534	1.544406	4.634497
96	17	2.667557	0.580387	3.110702	6.358646
96	18	2.667557	0.447004	1.787206	4.901767
96	19	2.667557	0.417926	1.975357	5.060840
96	20	2.667557	0.517359	2.485312	5.670228
96	21	2.667557	0.436627	1.684247	4.788431
96	22	2.667557	0.487404	2.188076	5.343037
96	23	2.667557	0.479789	2.112520	5.259866
96	24	2.667557	0.484962	2.163844	5.316363
96	25	2.667557	0.484962	2.163844	5.316363
96	26	2.667557	0.464104	1.956885	5.088546
96	27	2.667557	0.483925	2.153562	5.305045
96	28	2.667557	0.467359	1.989179	5.124095
96	29	2.667557	0.437362	1.691535	4.796453
96	30	2.667557	0.519628	2.772639	5.959824
96	31	2.667557	0.564975	2.957774	6.190305
96	32	2.667557	0.454884	1.865401	4.987842
96	33	2.667557	0.500942	2.322410	5.490909
96	34	2.667557	0.414254	1.462252	4.544063
96	35	2.667557	0.452026	1.837042	4.956625
96	36	2.667557	0.461523	1.931273	5.060353
96	37	2.667557	0.434143	1.659595	4.761295
96	38	2.667557	0.499458	2.307684	5.474699
96	39	2.667557	0.504790	2.360598	5.532945
96	40	2.667557	0.520236	2.513857	5.701650
96	41	2.667557	0.533104	2.641536	5.842197
96	42	2.667557	0.537557	2.844618	6.049733
96	43	2.667557	0.429886	1.617356	4.714799
96	44	2.667557	0.454234	1.858947	4.980738
96	45	2.667557	0.434510	1.663237	4.765304
96	46	2.667557	0.498396	2.297151	5.463105
96	47	2.667557	0.540285	2.712790	5.920632
96	48	2.667557	0.527310	2.584045	5.778911
96	49	2.667557	0.440268	1.720369	4.828194
96	50	2.667557	0.434439	1.662537	4.764533
96	51	2.667557	0.490947	2.223237	5.381741
96	52	2.667557	0.470920	2.024514	5.162991
96	53	2.667557	0.494719	2.260668	5.422945
96	54	2.667557	0.464104	1.956885	5.088546
96	55	2.667557	0.434400	1.662152	4.764110
96	56	2.667557	0.591086	3.322788	6.581430
96	57	2.667557	0.467359	1.989179	5.124095
96	58	2.667557	0.499458	2.307684	5.474699
96	59	2.667557	0.480129	2.115898	5.263584
96	60	2.667557	0.500942	2.322410	5.490909
96	61	2.667557	0.461523	1.931273	5.060353
96	62	2.667557	0.460515	1.921278	5.049351
96	63	2.667557	0.429886	1.617356	4.714799
96	64	2.667557	0.467359	1.989179	5.124095
96	65	2.667557	0.452026	1.837042	4.956625
96	66	2.667557	0.479789	2.112520	5.259866
96	67	2.667557	0.540860	2.877391	6.085808
96	68	2.667557	0.434143	1.659595	4.761295
96	69	2.667557	0.507454	2.387023	5.562034
96	70	2.667557	0.530297	2.613686	5.811540
96	71	2.667557	0.487404	2.188076	5.343037
96	72	2.667557	0.541470	2.724548	5.933575
96	73	2.667557	0.541825	2.886962	6.096344
96	74	2.667557	0.497476	2.288023	5.453056
96	75	2.667557	0.498396	2.297151	5.463105
96	76	2.667557	0.452026	1.837042	4.956625
96	77	2.667557	0.503111	2.343933	5.514602
96	78	2.667557	0.472030	2.035533	5.175120
96	79	2.667557	0.467467	1.990258	5.125283
96	80	2.667557	0.484962	2.163844	5.316363
96	81	2.667557	0.422534	1.544406	4.634497
96	82	2.667557	0.584162	3.201123	6.452841
96	83	2.667557	0.403480	1.355348	4.426386
96	84	2.667557	0.524039	2.551591	5.743187
96	85	2.667557	0.487404	2.188076	5.343037
96	86	2.667557	0.564975	2.957774	6.190305
96	87	2.667557	0.403480	1.355348	4.426386
96	88	2.667557	0.460515	1.921278	5.049351
96	89	2.667557	0.454884	1.865401	4.987842
96	90	2.667557	0.540860	2.877391	6.085808
96	91	2.667557	0.440268	1.720369	4.828194
96	92	2.667557	0.467467	1.990258	5.125283
96	93	2.667557	0.482036	2.134812	5.284405
96	94	2.667557	0.481235	2.126868	5.275660
96	95	2.667557	0.452021	1.836993	4.956571
96	96	2.667557	0.462755	1.943498	5.073810
96	97	2.667557	0.454884	1.865401	4.987842
96	98	2.667557	0.454884	1.865401	4.987842
96	99	2.667557	0.479784	2.112475	5.259816
97	0	2.507880	0.525524	2.778183	5.811588
97	1	2.507880	0.518549	2.497116	5.523545
97	2	2.507880	0.546944	2.778864	5.833688
97	3	2.507880	0.558583	2.894349	5.960811
97	4	2.507880	0.447798	1.795088	4.750766
97	5	2.507880	0.478549	2.100220	5.086649
97	6	2.507880	0.391977	1.241202	4.141059
97	7	2.507880	0.535880	2.722047	5.765807
97	8	2.507880	0.463372	1.949625	4.920877
97	9	2.507880	0.547128	2.780693	5.835701
97	10	2.507880	0.463372	1.949625	4.920877
97	11	2.507880	0.496982	2.283116	5.287978
97	12	2.507880	0.470605	2.021394	4.999879
97	13	2.507880	0.448860	1.805632	4.762372
97	14	2.507880	0.560400	2.912383	5.980663
97	15	2.507880	0.465669	1.972412	4.945961
97	16	2.507880	0.454132	1.857938	4.819949
97	17	2.507880	0.484492	2.159181	5.151553
97	18	2.507880	0.496982	2.283116	5.287978
97	19	2.507880	0.428916	1.607733	4.544529
97	20	2.507880	0.483104	2.145415	5.136399
97	21	2.507880	0.491937	2.233056	5.232873
97	22	2.507880	0.494234	2.255851	5.257965
97	23	2.507880	0.428916	1.607733	4.544529
97	24	2.507880	0.546944	2.778864	5.833688
97	25	2.507880	0.560400	2.912383	5.980663
97	26	2.507880	0.483104	2.145415	5.136399
97	27	2.507880	0.478549	2.100220	5.086649
97	28	2.507880	0.493863	2.252170	5.253913
97	29	2.507880	0.549229	2.801538	5.858647
97	30	2.507880	0.459495	1.911148	4.878523
97	31	2.507880	0.486187	2.281936	5.276003
97	32	2.507880	0.421846	1.537582	4.467308
97	33	2.507880	0.555455	2.863314	5.926649
97	34	2.507880	0.547128	2.780693	5.835701
97	35	2.507880	0.514579	2.457725	5.480184
97	36	2.507880	0.511580	2.427963	5.447423
97	37	2.507880	0.488998	2.203897	5.200775
97	38	2.507880	0.446885	1.786032	4.740797
97	39	2.507880	0.440570	1.723371	4.671822
97	40	2.507880	0.471729	2.032542	5.012151
97	41	2.507880	0.441921	1.736778	4.686579
97	42	2.507880	0.454132	1.857938	4.819949
97	43	2.507880	0.498672	2.299888	5.306440
97	44	2.507880	0.447798	1.795088	4.750766
97	45	2.507880	0.498672	2.299888	5.306440
97	46	2.507880	0.546944	2.778864	5.833688
97	47	2.507880	0.514579	2.457725	5.480184
97	48	2.507880	0.498672	2.299888	5.306440
97	49	2.507880	0.563255	2.940709	6.011844
97	50	2.507880	0.454743	2.181785	5.144408
97	51	2.507880	0.496344	2.276783	5.281006
97	52	2.507880	0.540687	2.716782	5.765349
97	53	2.507880	0.511580	2.427963	5.447423
97	54	2.507880	0.438747	1.705278	4.651905
97	55	2.507880	0.438747	1.705278	4.651905
97	56	2.507880	0.445377	1.771071	4.724328
97	57	2.507880	0.563252	2.940685	6.011817
97	58	2.507880	0.463372	1.949625	4.920877
97	59	2.507880	0.465669	1.972412	4.945961
97	60	2.507880	0.435577	1.673831	4.617288
97	61	2.507880	0.466389	1.979559	4.953828
97	62	2.507880	0.449542	1.812395	4.769817
97	63	2.507880	0.527318	2.584130	5.619328
97	64	2.507880	0.449542	1.812395	4.769817
97	65	2.507880	0.435577	1.673831	4.617288
97	66	2.507880	0.447798	1.795088	4.750766
97	67	2.507880	0.561304	2.921355	5.990539
97	68	2.507880	0.421846	1.537582	4.467308
97	69	2.507880	0.488998	2.203897	5.200775
97	70	2.507880	0.511580	2.427963	5.447423
97	71	2.507880	0.465669	1.972412	4.945961
97	72	2.507880	0.471810	2.404099	5.383790
97	73	2.507880	0.441921	1.736778	4.686579
97	74	2.507880	0.621866	3.734129	6.863875
97	75	2.507880	0.484492	2.159181	5.151553
97	76	2.507880	0.563456	2.942706	6.014041
97	77	2.507880	0.525744	2.568505	5.602129
97	78	2.507880	0.563456	2.942706	6.014041
97	79	2.507880	0.454132	1.857938	4.819949
97	80	2.507880	0.417153	1.861760	4.786793
97	81	2.507880	0.478549	2.100220	5.086649
97	82	2.507880	0.511580	2.427963	5.447423
97	83	2.507880	0.603129	3.336361	6.447370
97	84	2.507880	0.428916	1.607733	4.544529
97	85	2.507880	0.438747	1.705278	4.651905
97	86	2.507880	0.440570	1.723371	4.671822
97	87	2.507880	0.613431	3.438584	6.559895
97	88	2.507880	0.563252	2.940685	6.011817
97	89	2.507880	0.459495	1.911148	4.878523
97	90	2.507880	0.503955	2.670085	5.681919
97	91	2.507880	0.524489	2.979770	6.012140
97	92	2.507880	0.543469	2.744381	5.795729
97	93	2.507880	0.498162	2.294830	5.300872
97	94	2.507880	0.471729	2.032542	5.012151
97	95	2.507880	0.540687	2.716782	5.765349
97	96	2.507880	0.421846	1.537582	4.467308
97	97	2.507880	0.478679	2.101507	5.088067
97	98	2.507880	0.561304	2.921355	5.990539
97	99	2.507880	0.379283	1.750811	4.637974
98	0	2.544493	0.544932	2.758897	5.848322
98	1	2.544493	0.585999	3.166392	6.296885
98	2	2.544493	0.453131	1.848010	4.845635
98	3	2.544493	0.537074	2.680928	5.762496
98	4	2.544493	0.500661	2.319621	5.364776
98	5	2.544493	0.513582	2.447827	5.505902
98	6	2.544493	0.487386	2.187897	5.219776
98	7	2.544493	0.485604	2.170216	5.200313
98	8	2.544493	0.441699	1.734573	4.720765
98	9	2.544493	0.517404	2.485760	5.547658
98	10	2.544493	0.524960	2.560732	5.630186
98	11	2.544493	0.507654	2.389013	5.441161
98	12	2.544493	0.507654	2.389013	5.441161
98	13	2.544493	0.537074	2.680928	5.762496
98	14	2.544493	0.485604	2.170216	5.200313
98	15	2.544493	0.477289	2.087709	5.109491
98	16	2.544493	0.501246	2.325432	5.371172
98	17	2.544493	0.382897	1.151111	4.078501
98	18	2.544493	0.537074	2.680928	5.762496
98	19	2.544493	0.517404	2.485760	5.547658
98	20	2.544493	0.586094	3.167335	6.297922
98	21	2.544493	0.585999	3.166392	6.296885
98	22	2.544493	0.496998	2.283281	5.324772
98	23	2.544493	0.475577	2.070727	5.090797
98	24	2.544493	0.535917	2.881307	5.961718
98	25	2.544493	0.618853	3.492385	6.655731
98	26	2.544493	0.473229	2.047432	5.065154
98	27	2.544493	0.496998	2.283281	5.324772
98	28	2.544493	0.479760	2.112228	5.136481
98	29	2.544493	0.509828	2.410587	5.464909
98	30	2.544493	0.453585	1.852512	4.850590
98	31	2.544493	0.479715	2.429564	5.453772
98	32	2.544493	0.446817	1.785351	4.776661
98	33	2.544493	0.447923	1.796334	4.788751
98	34	2.544493	0.498201	2.295210	5.337905
98	35	2.544493	0.456877	1.885172	4.886542
98	36	2.544493	0.479081	2.105491	5.129065
98	37	2.544493	0.473022	2.045373	5.062888
98	38	2.544493	0.453131	1.848010	4.845635
98	39	2.544493	0.531260	2.888058	5.963811
98	40	2.544493	0.498201	2.295210	5.337905
98	41	2.544493	0.473229	2.047432	5.065154
98	42	2.544493	0.473229	2.047432	5.065154
98	43	2.544493	0.544932	2.758897	5.848322
98	44	2.544493	0.476283	2.077728	5.098504
98	45	2.544493	0.496998	2.283281	5.324772
98	46	2.544493	0.512791	2.439986	5.497270
98	47	2.544493	0.439568	1.713424	4.697485
98	48	2.544493	0.535917	2.881307	5.961718
98	49	2.544493	0.448192	1.799003	4.791689
98	50	2.544493	0.544932	2.758897	5.848322
98	51	2.544493	0.531927	2.788750	5.865170
98	52	2.544493	0.514090	2.452874	5.511457
98	53	2.544493	0.497025	2.601327	5.642845
98	54	2.544493	0.533885	2.914104	5.992482
98	55	2.544493	0.544932	2.758897	5.848322
98	56	2.544493	0.518549	2.497117	5.560159
98	57	2.544493	0.494488	2.258371	5.297352
98	58	2.544493	0.561340	2.974676	6.080510
98	59	2.544493	0.469399	2.009429	5.023322
98	60	2.544493	0.448192	1.799003	4.791689
98	61	2.544493	0.446817	1.785351	4.776661
98	62	2.544493	0.588429	3.190505	6.323428
98	63	2.544493	0.448192	1.799003	4.791689
98	64	2.544493	0.477226	2.087088	5.108807
98	65	2.544493	0.507654	2.389013	5.441161
98	66	2.544493	0.524960	2.560732	5.630186
98	67	2.544493	0.509828	2.410587	5.464909
98	68	2.544493	0.479760	2.112228	5.136481
98	69	2.544493	0.544343	2.753062	5.841898
98	70	2.544493	0.461914	1.935156	4.941563
98	71	2.544493	0.477289	2.087709	5.109491
98	72	2.544493	0.448299	1.800060	4.792852
98	73	2.544493	0.524960	2.560732	5.630186
98	74	2.544493	0.485106	2.165276	5.194875
98	75	2.544493	0.495584	2.269241	5.309318
98	76	2.544493	0.528552	2.649331	5.722376
98	77	2.544493	0.461630	1.932339	4.938462
98	78	2.544493	0.588429	3.190505	6.323428
98	79	2.544493	0.485106	2.165276	5.194875
98	80	2.544493	0.431075	1.629156	4.604725
98	81	2.544493	0.461630	1.932339	4.938462
98	82	2.544493	0.450866	1.825532	4.820891
98	83	2.544493	0.524189	2.817903	5.886585
98	84	2.544493	0.439568	1.713424	4.697485
98	85	2.544493	0.503268	2.345494	5.393256
98	86	2.544493	0.485106	2.165276	5.194875
98	87	2.544493	0.507654	2.389013	5.441161
98	88	2.544493	0.503284	2.345648	5.393426
98	89	2.544493	0.561005	2.918384	6.023882
98	90	2.544493	0.441699	1.734573	4.720765
98	91	2.544493	0.503284	2.345648	5.393426
98	92	2.544493	0.476661	2.081481	5.102635
98	93	2.544493	0.496998	2.283281	5.324772
98	94	2.544493	0.498201	2.295210	5.337905
98	95	2.544493	0.629887	3.601872	6.776253
98	96	2.544493	0.502006	2.332972	5.379472
98	97	2.544493	0.494960	2.263052	5.302505
98	98	2.544493	0.629887	3.601872	6.776253
98	99	2.544493	0.442599	1.743502	4.730595
99	0	2.612561	0.541865	2.728470	5.882896
99	1	2.612561	0.375083	1.073579	4.061223
99	2	2.612561	0.494242	2.255931	5.362734
99	3	2.612561	0.454166	1.858277	4.925004
99	4	2.612561	0.497207	2.285352	5.395120
99	5	2.612561	0.430587	1.624318	4.667467
99	6	2.612561	0.490777	2.221544	5.324881
99	7	2.612561	0.490160	2.215423	5.318144
99	8	2.612561	0.566671	2.974606	6.153838
99	9	2.612561	0.422207	1.541166	4.575934
99	10	2.612561	0.514987	2.461771	5.589318
99	11	2.612561	0.517598	2.487682	5.617841
99	12	2.612561	0.589817	3.204270	6.406647
99	13	2.612561	0.439560	1.713349	4.765470
99	14	2.612561	0.460275	1.918895	4.991731
99	15	2.612561	0.471141	2.026714	5.110416
99	16	2.612561	0.504946	2.362141	5.479648
99	17	2.612561	0.550041	2.809594	5.972196
99	18	2.612561	0.468922	2.004693	5.086176
99	19	2.612561	0.465158	1.967348	5.045068
99	20	2.612561	0.488500	2.198950	5.300011
99	21	2.612561	0.450159	1.818517	4.881237
99	22	2.612561	0.412667	1.446501	4.471729
99	23	2.612561	0.375083	1.073579	4.061223
99	24	2.612561	0.430900	1.627416	4.670876
99	25	2.612561	0.424717	1.566065	4.603342
99	26	2.612561	0.517459	2.539265	5.669285
99	27	2.612561	0.431893	1.637271	4.681725
99	28	2.612561	0.454166	1.858277	4.925004
99	29	2.612561	0.375083	1.073579	4.061223
99	30	2.612561	0.449063	1.807639	4.869262
99	31	2.612561	0.473554	2.050656	5.136772
99	32	2.612561	0.528392	2.594786	5.735739
99	33	2.612561	0.480213	2.116723	5.209496
99	34	2.612561	0.461602	1.932056	5.006218
99	35	2.612561	0.455722	2.085568	5.153851
99	36	2.612561	0.500302	2.421992	5.534856
99	37	2.612561	0.430900	1.627416	4.670876
99	38	2.612561	0.494461	2.258106	5.365128
99	39	2.612561	0.589817	3.204270	6.406647
99	40	2.612561	0.569682	3.004480	6.186723
99	41	2.612561	0.439560	1.713349	4.765470
99	42	2.612561	0.542255	2.732341	5.887157
99	43	2.612561	0.536991	2.680111	5.829663
99	44	2.612561	0.471078	2.026088	5.109727
99	45	2.612561	0.539114	2.807103	5.958778
99	46	2.612561	0.460819	1.924289	4.997668
99	47	2.612561	0.471141	2.026714	5.110416
99	48	2.612561	0.539029	2.700334	5.851924
99	49	2.612561	0.433727	1.655469	4.701757
99	50	2.612561	0.537067	2.680858	5.830485
99	51	2.612561	0.585314	3.159594	6.357469
99	52	2.612561	0.491332	2.227060	5.330954
99	53	2.612561	0.468922	2.004693	5.086176
99	54	2.612561	0.537067	2.680858	5.830485
99	55	2.612561	0.505204	2.364705	5.482470
99	56	2.612561	0.539029	2.700334	5.851924
99	57	2.612561	0.600328	3.308567	6.521455
99	58	2.612561	0.487880	2.192808	5.293249
99	59	2.612561	0.470031	2.015694	5.098286
99	60	2.612561	0.522006	2.531415	5.665982
99	61	2.612561	0.481375	2.128260	5.222196
99	62	2.612561	0.409631	1.416375	4.438567
99	63	2.612561	0.442754	2.221711	5.277026
99	64	2.612561	0.433727	1.655469	4.701757
99	65	2.612561	0.470031	2.015694	5.098286
99	66	2.612561	0.465158	1.967348	5.045068
99	67	2.612561	0.461602	1.932056	5.006218
99	68	2.612561	0.541865	2.728470	5.882896
99	69	2.612561	0.458052	1.896831	4.967443
99	70	2.612561	0.478526	2.099990	5.191077
99	71	2.612561	0.431163	1.630031	4.673755
99	72	2.612561	0.431893	1.637271	4.681725
99	73	2.612561	0.412667	1.446501	4.471729
99	74	2.612561	0.473554	2.050656	5.136772
99	75	2.612561	0.535485	2.665167	5.813213
99	76	2.612561	0.439453	1.712283	4.764297
99	77	2.612561	0.430587	1.624318	4.667467
99	78	2.612561	0.435421	1.672282	4.720265
99	79	2.612561	0.484210	2.474174	5.570945
99	80	2.612561	0.465484	1.970578	5.048623
99	81	2.612561	0.572708	3.034508	6.219777
99	82	2.612561	0.510173	2.414004	5.536738
99	83	2.612561	0.424717	1.566065	4.603342
99	84	2.612561	0.535485	2.665167	5.813213
99	85	2.612561	0.539114	2.807103	5.958778
99	86	2.612561	0.542255	2.732341	5.887157
99	87	2.612561	0.569682	3.004480	6.186723
99	88	2.612561	0.539114	2.807103	5.958778
99	89	2.612561	0.585314	3.159594	6.357469
99	90	2.612561	0.468662	2.002113	5.083336
99	91	2.612561	0.514193	2.453894	5.580647
99	92	2.612561	0.456190	1.878361	4.947112
99	93	2.612561	0.422207	1.541166	4.575934
99	94	2.612561	0.431163	1.630031	4.673755
99	95	2.612561	0.497207	2.285352	5.395120
99	96	2.612561	0.439560	1.713349	4.765470
99	97	2.612561	0.522548	2.536799	5.671908
99	98	2.612561	0.532769	2.744140	5.889470
99	99	2.612561	0.456190	1.878361	4.947112
